src_id,dst_id,edge_kind
358,359,HAS_PARAM
358,360,HAS_PARAM
358,361,HAS_PARAM
358,362,HAS_PARAM
358,296,HAS_BLOCK
296,298,FLOW
358,298,HAS_BLOCK
298,313,FLOW
298,332,FLOW
358,313,HAS_BLOCK
313,345,FLOW
358,332,HAS_BLOCK
332,338,FLOW
358,345,HAS_BLOCK
345,349,FLOW
345,346,FLOW
345,346,UNWIND
358,349,HAS_BLOCK
349,351,FLOW
349,346,FLOW
349,346,UNWIND
358,351,HAS_BLOCK
351,353,FLOW
351,346,FLOW
351,346,UNWIND
358,353,HAS_BLOCK
353,355,FLOW
353,341,FLOW
353,341,UNWIND
358,355,HAS_BLOCK
355,357,FLOW
355,340,FLOW
355,340,UNWIND
358,357,HAS_BLOCK
357,299,FLOW
358,299,HAS_BLOCK
299,301,FLOW
299,340,FLOW
299,340,UNWIND
358,301,HAS_BLOCK
301,305,FLOW
301,303,FLOW
301,302,FLOW
358,302,HAS_BLOCK
358,303,HAS_BLOCK
303,306,FLOW
303,340,FLOW
303,340,UNWIND
358,305,HAS_BLOCK
305,336,FLOW
305,341,FLOW
305,341,UNWIND
358,306,HAS_BLOCK
306,307,FLOW
306,299,FLOW
358,307,HAS_BLOCK
307,309,FLOW
307,340,FLOW
307,340,UNWIND
358,309,HAS_BLOCK
309,310,FLOW
358,310,HAS_BLOCK
310,312,FLOW
310,340,FLOW
310,340,UNWIND
358,312,HAS_BLOCK
312,299,FLOW
312,314,FLOW
312,302,FLOW
358,314,HAS_BLOCK
314,316,FLOW
314,340,FLOW
314,340,UNWIND
314,1140,CALL
358,316,HAS_BLOCK
316,318,FLOW
316,339,FLOW
316,339,UNWIND
358,318,HAS_BLOCK
318,320,FLOW
318,319,FLOW
358,319,HAS_BLOCK
319,310,FLOW
319,340,FLOW
319,340,UNWIND
358,320,HAS_BLOCK
320,322,FLOW
320,339,FLOW
320,339,UNWIND
358,322,HAS_BLOCK
322,324,FLOW
322,339,FLOW
322,339,UNWIND
358,324,HAS_BLOCK
324,326,FLOW
324,339,FLOW
324,339,UNWIND
358,326,HAS_BLOCK
326,328,FLOW
326,339,FLOW
326,339,UNWIND
358,328,HAS_BLOCK
328,330,FLOW
328,339,FLOW
328,339,UNWIND
358,330,HAS_BLOCK
330,333,FLOW
330,335,FLOW
358,333,HAS_BLOCK
333,347,FLOW
333,339,FLOW
333,339,UNWIND
358,335,HAS_BLOCK
335,310,FLOW
335,340,FLOW
335,340,UNWIND
358,336,HAS_BLOCK
336,337,FLOW
336,346,FLOW
336,346,UNWIND
358,337,HAS_BLOCK
337,338,FLOW
358,338,HAS_BLOCK
338,358,RETURN
358,339,HAS_BLOCK
339,340,FLOW
358,340,HAS_BLOCK
340,341,FLOW
358,341,HAS_BLOCK
341,346,FLOW
358,342,HAS_BLOCK
358,343,HAS_BLOCK
343,342,FLOW
358,346,HAS_BLOCK
346,342,FLOW
346,343,FLOW
358,347,HAS_BLOCK
347,335,FLOW
1140,1141,HAS_PARAM
1140,1142,HAS_PARAM
1140,1143,HAS_PARAM
1140,1144,HAS_PARAM
1140,471,HAS_BLOCK
471,593,FLOW
471,572,FLOW
471,534,FLOW
471,513,FLOW
471,493,FLOW
471,473,FLOW
471,1123,FLOW
471,1102,FLOW
471,554,FLOW
471,1082,FLOW
471,1062,FLOW
471,1041,FLOW
471,1004,FLOW
471,864,FLOW
471,670,FLOW
471,472,FLOW
1140,472,HAS_BLOCK
1140,670,HAS_BLOCK
670,918,FLOW
670,439,CALL
1140,864,HAS_BLOCK
864,931,FLOW
1140,1004,HAS_BLOCK
1004,931,FLOW
1140,1041,HAS_BLOCK
1041,931,FLOW
1140,1062,HAS_BLOCK
1062,894,FLOW
1062,896,FLOW
1062,472,FLOW
1140,1082,HAS_BLOCK
1082,776,FLOW
1082,2620,CALL
1140,1102,HAS_BLOCK
1102,774,FLOW
1140,1123,HAS_BLOCK
1123,740,FLOW
1123,439,CALL
1140,473,HAS_BLOCK
473,617,FLOW
473,439,CALL
1140,493,HAS_BLOCK
493,573,FLOW
493,439,CALL
1140,513,HAS_BLOCK
513,510,FLOW
513,293,CALL
1140,534,HAS_BLOCK
534,490,FLOW
534,494,FLOW
534,472,FLOW
1140,554,HAS_BLOCK
554,488,FLOW
1140,572,HAS_BLOCK
572,1128,FLOW
572,439,CALL
1140,593,HAS_BLOCK
593,611,FLOW
593,439,CALL
1140,611,HAS_BLOCK
611,631,FLOW
611,963,FLOW
611,963,UNWIND
1140,631,HAS_BLOCK
631,671,FLOW
631,649,FLOW
1140,649,HAS_BLOCK
649,1006,FLOW
649,963,FLOW
649,963,UNWIND
649,2620,CALL
1140,671,HAS_BLOCK
671,693,FLOW
671,963,FLOW
671,963,UNWIND
671,2620,CALL
1140,693,HAS_BLOCK
693,710,FLOW
693,1002,FLOW
693,1002,UNWIND
1140,710,HAS_BLOCK
710,729,FLOW
710,1002,FLOW
710,1002,UNWIND
1140,729,HAS_BLOCK
729,747,FLOW
729,1002,FLOW
729,1002,UNWIND
1140,747,HAS_BLOCK
747,783,FLOW
747,765,FLOW
1140,765,HAS_BLOCK
765,1007,FLOW
765,1002,FLOW
765,1002,UNWIND
765,2620,CALL
1140,783,HAS_BLOCK
783,804,FLOW
783,1002,FLOW
783,1002,UNWIND
1140,804,HAS_BLOCK
804,824,FLOW
804,1002,FLOW
804,1002,UNWIND
1140,824,HAS_BLOCK
824,844,FLOW
824,1002,FLOW
824,1002,UNWIND
1140,844,HAS_BLOCK
844,992,FLOW
844,865,FLOW
1140,865,HAS_BLOCK
865,884,FLOW
865,1002,FLOW
865,1002,UNWIND
865,2620,CALL
1140,884,HAS_BLOCK
884,902,FLOW
884,962,FLOW
884,962,UNWIND
1140,902,HAS_BLOCK
902,923,FLOW
902,962,FLOW
902,962,UNWIND
1140,923,HAS_BLOCK
923,937,FLOW
923,962,FLOW
923,962,UNWIND
1140,937,HAS_BLOCK
937,959,FLOW
937,948,FLOW
1140,948,HAS_BLOCK
948,970,FLOW
1140,959,HAS_BLOCK
959,970,FLOW
1140,970,HAS_BLOCK
970,981,FLOW
970,965,FLOW
1140,981,HAS_BLOCK
981,1005,FLOW
1140,992,HAS_BLOCK
992,1005,FLOW
1140,1005,HAS_BLOCK
1005,1016,FLOW
1005,966,FLOW
1140,1016,HAS_BLOCK
1016,1027,FLOW
1140,1027,HAS_BLOCK
1027,1028,FLOW
1027,1092,FLOW
1027,472,FLOW
1140,1028,HAS_BLOCK
1028,1030,FLOW
1028,961,FLOW
1028,961,UNWIND
1028,439,CALL
1140,1030,HAS_BLOCK
1030,1032,FLOW
1030,960,FLOW
1030,960,UNWIND
1140,1032,HAS_BLOCK
1032,1037,FLOW
1032,1033,FLOW
1140,1033,HAS_BLOCK
1033,1035,FLOW
1033,960,FLOW
1033,960,UNWIND
1140,1035,HAS_BLOCK
1035,960,FLOW
1035,960,UNWIND
1140,1037,HAS_BLOCK
1037,1039,FLOW
1037,960,FLOW
1037,960,UNWIND
1140,1039,HAS_BLOCK
1039,1046,FLOW
1039,1042,FLOW
1140,1042,HAS_BLOCK
1042,1044,FLOW
1042,960,FLOW
1042,960,UNWIND
1140,1044,HAS_BLOCK
1044,960,FLOW
1044,960,UNWIND
1140,1046,HAS_BLOCK
1046,1048,FLOW
1046,960,FLOW
1046,960,UNWIND
1140,1048,HAS_BLOCK
1048,1059,FLOW
1048,1049,FLOW
1140,1049,HAS_BLOCK
1049,1051,FLOW
1049,960,FLOW
1049,960,UNWIND
1140,1051,HAS_BLOCK
1051,1053,FLOW
1051,960,FLOW
1051,960,UNWIND
1140,1053,HAS_BLOCK
1053,1055,FLOW
1053,960,FLOW
1053,960,UNWIND
1140,1055,HAS_BLOCK
1055,1057,FLOW
1055,960,FLOW
1055,960,UNWIND
1140,1057,HAS_BLOCK
1057,1008,FLOW
1057,960,FLOW
1057,960,UNWIND
1140,1059,HAS_BLOCK
1059,1063,FLOW
1059,960,FLOW
1059,960,UNWIND
1140,1063,HAS_BLOCK
1063,1065,FLOW
1063,960,FLOW
1063,960,UNWIND
1140,1065,HAS_BLOCK
1065,1067,FLOW
1065,960,FLOW
1065,960,UNWIND
1065,1161,CALL
1140,1067,HAS_BLOCK
1067,1080,FLOW
1067,1068,FLOW
1140,1068,HAS_BLOCK
1068,1070,FLOW
1068,960,FLOW
1068,960,UNWIND
1140,1070,HAS_BLOCK
1070,1072,FLOW
1070,960,FLOW
1070,960,UNWIND
1140,1072,HAS_BLOCK
1072,1074,FLOW
1072,960,FLOW
1072,960,UNWIND
1140,1074,HAS_BLOCK
1074,1076,FLOW
1074,960,FLOW
1074,960,UNWIND
1140,1076,HAS_BLOCK
1076,1078,FLOW
1076,960,FLOW
1076,960,UNWIND
1140,1078,HAS_BLOCK
1078,1009,FLOW
1078,960,FLOW
1078,960,UNWIND
1140,1080,HAS_BLOCK
1080,1083,FLOW
1080,960,FLOW
1080,960,UNWIND
1140,1083,HAS_BLOCK
1083,1085,FLOW
1083,960,FLOW
1083,960,UNWIND
1140,1085,HAS_BLOCK
1085,1087,FLOW
1085,960,FLOW
1085,960,UNWIND
1140,1087,HAS_BLOCK
1087,1089,FLOW
1087,960,FLOW
1087,960,UNWIND
1140,1089,HAS_BLOCK
1089,1010,FLOW
1089,960,FLOW
1089,960,UNWIND
1140,1091,HAS_BLOCK
1091,1126,FLOW
1091,961,FLOW
1091,961,UNWIND
1140,1092,HAS_BLOCK
1092,1094,FLOW
1092,961,FLOW
1092,961,UNWIND
1140,1094,HAS_BLOCK
1094,1097,FLOW
1094,1095,FLOW
1140,1095,HAS_BLOCK
1095,1011,FLOW
1095,961,FLOW
1095,961,UNWIND
1140,1097,HAS_BLOCK
1097,1099,FLOW
1097,961,FLOW
1097,961,UNWIND
1140,1099,HAS_BLOCK
1099,1103,FLOW
1099,961,FLOW
1099,961,UNWIND
1140,1103,HAS_BLOCK
1103,1105,FLOW
1103,961,FLOW
1103,961,UNWIND
1103,1161,CALL
1140,1105,HAS_BLOCK
1105,1116,FLOW
1105,1106,FLOW
1140,1106,HAS_BLOCK
1106,1108,FLOW
1106,961,FLOW
1106,961,UNWIND
1140,1108,HAS_BLOCK
1108,1110,FLOW
1108,961,FLOW
1108,961,UNWIND
1140,1110,HAS_BLOCK
1110,1112,FLOW
1110,961,FLOW
1110,961,UNWIND
1140,1112,HAS_BLOCK
1112,1114,FLOW
1112,961,FLOW
1112,961,UNWIND
1140,1114,HAS_BLOCK
1114,1012,FLOW
1114,961,FLOW
1114,961,UNWIND
1140,1116,HAS_BLOCK
1116,1118,FLOW
1116,961,FLOW
1116,961,UNWIND
1140,1118,HAS_BLOCK
1118,1120,FLOW
1118,961,FLOW
1118,961,UNWIND
1140,1120,HAS_BLOCK
1120,1124,FLOW
1120,961,FLOW
1120,961,UNWIND
1140,1124,HAS_BLOCK
1124,1013,FLOW
1124,961,FLOW
1124,961,UNWIND
1140,1126,HAS_BLOCK
1126,1127,FLOW
1126,963,FLOW
1126,963,UNWIND
1140,1127,HAS_BLOCK
1127,931,FLOW
1140,1128,HAS_BLOCK
1128,1130,FLOW
1128,958,FLOW
1128,958,UNWIND
1128,439,CALL
1140,1130,HAS_BLOCK
1130,1132,FLOW
1130,1000,FLOW
1130,1000,UNWIND
1140,1132,HAS_BLOCK
1132,1133,FLOW
1132,477,FLOW
1140,1133,HAS_BLOCK
1133,1135,FLOW
1133,1000,FLOW
1133,1000,UNWIND
1140,1135,HAS_BLOCK
1135,1136,FLOW
1135,477,FLOW
1140,1136,HAS_BLOCK
1136,1138,FLOW
1136,1000,FLOW
1136,1000,UNWIND
1140,1138,HAS_BLOCK
1138,474,FLOW
1138,477,FLOW
1140,474,HAS_BLOCK
474,476,FLOW
474,1000,FLOW
474,1000,UNWIND
1140,476,HAS_BLOCK
476,483,FLOW
476,477,FLOW
1140,477,HAS_BLOCK
477,479,FLOW
477,1000,FLOW
477,1000,UNWIND
1140,479,HAS_BLOCK
479,481,FLOW
479,1000,FLOW
479,1000,UNWIND
1140,481,HAS_BLOCK
481,1000,FLOW
481,1000,UNWIND
1140,483,HAS_BLOCK
483,485,FLOW
483,1000,FLOW
483,1000,UNWIND
1140,485,HAS_BLOCK
485,487,FLOW
485,1000,FLOW
485,1000,UNWIND
485,240,CALL
1140,487,HAS_BLOCK
487,931,FLOW
1140,488,HAS_BLOCK
1140,490,HAS_BLOCK
490,931,FLOW
1140,494,HAS_BLOCK
494,496,FLOW
494,439,CALL
1140,496,HAS_BLOCK
496,498,FLOW
496,957,FLOW
496,957,UNWIND
1140,498,HAS_BLOCK
498,501,FLOW
498,499,FLOW
1140,499,HAS_BLOCK
499,1014,FLOW
499,957,FLOW
499,957,UNWIND
1140,501,HAS_BLOCK
501,503,FLOW
501,957,FLOW
501,957,UNWIND
1140,503,HAS_BLOCK
503,505,FLOW
503,957,FLOW
503,957,UNWIND
1140,505,HAS_BLOCK
505,507,FLOW
505,957,FLOW
505,957,UNWIND
1140,507,HAS_BLOCK
507,1015,FLOW
507,957,FLOW
507,957,UNWIND
1140,509,HAS_BLOCK
509,931,FLOW
1140,510,HAS_BLOCK
510,514,FLOW
510,956,FLOW
510,956,UNWIND
1140,514,HAS_BLOCK
514,516,FLOW
514,956,FLOW
514,956,UNWIND
1140,516,HAS_BLOCK
516,518,FLOW
516,956,FLOW
516,956,UNWIND
1140,518,HAS_BLOCK
518,520,FLOW
518,956,FLOW
518,956,UNWIND
1140,520,HAS_BLOCK
520,522,FLOW
520,955,FLOW
520,955,UNWIND
1140,522,HAS_BLOCK
522,524,FLOW
522,955,FLOW
522,955,UNWIND
1140,524,HAS_BLOCK
524,525,FLOW
524,527,FLOW
524,472,FLOW
1140,525,HAS_BLOCK
525,560,FLOW
525,954,FLOW
525,954,UNWIND
1140,527,HAS_BLOCK
527,529,FLOW
527,954,FLOW
527,954,UNWIND
527,439,CALL
1140,529,HAS_BLOCK
529,531,FLOW
529,953,FLOW
529,953,UNWIND
1140,531,HAS_BLOCK
531,535,FLOW
531,953,FLOW
531,953,UNWIND
1140,535,HAS_BLOCK
535,537,FLOW
535,953,FLOW
535,953,UNWIND
1140,537,HAS_BLOCK
537,544,FLOW
537,538,FLOW
1140,538,HAS_BLOCK
538,540,FLOW
538,953,FLOW
538,953,UNWIND
1140,540,HAS_BLOCK
540,542,FLOW
540,953,FLOW
540,953,UNWIND
1140,542,HAS_BLOCK
542,1017,FLOW
542,953,FLOW
542,953,UNWIND
1140,544,HAS_BLOCK
544,546,FLOW
544,953,FLOW
544,953,UNWIND
1140,546,HAS_BLOCK
546,548,FLOW
546,953,FLOW
546,953,UNWIND
1140,548,HAS_BLOCK
548,550,FLOW
548,953,FLOW
548,953,UNWIND
1140,550,HAS_BLOCK
550,552,FLOW
550,953,FLOW
550,953,UNWIND
1140,552,HAS_BLOCK
552,1018,FLOW
552,953,FLOW
552,953,UNWIND
1140,555,HAS_BLOCK
555,557,FLOW
555,998,FLOW
555,998,UNWIND
1140,557,HAS_BLOCK
557,559,FLOW
557,998,FLOW
557,998,UNWIND
557,240,CALL
1140,559,HAS_BLOCK
559,568,FLOW
559,954,FLOW
559,954,UNWIND
1140,560,HAS_BLOCK
560,562,FLOW
560,954,FLOW
560,954,UNWIND
1140,562,HAS_BLOCK
562,564,FLOW
562,954,FLOW
562,954,UNWIND
1140,564,HAS_BLOCK
564,566,FLOW
564,954,FLOW
564,954,UNWIND
1140,566,HAS_BLOCK
566,1019,FLOW
566,954,FLOW
566,954,UNWIND
1140,568,HAS_BLOCK
568,569,FLOW
568,955,FLOW
568,955,UNWIND
1140,569,HAS_BLOCK
569,570,FLOW
569,956,FLOW
569,956,UNWIND
1140,570,HAS_BLOCK
570,931,FLOW
1140,573,HAS_BLOCK
573,575,FLOW
573,952,FLOW
573,952,UNWIND
1140,575,HAS_BLOCK
575,577,FLOW
575,952,FLOW
575,952,UNWIND
1140,577,HAS_BLOCK
577,579,FLOW
577,952,FLOW
577,952,UNWIND
1140,579,HAS_BLOCK
579,581,FLOW
579,952,FLOW
579,952,UNWIND
1140,581,HAS_BLOCK
581,583,FLOW
581,952,FLOW
581,952,UNWIND
1140,583,HAS_BLOCK
583,585,FLOW
583,952,FLOW
583,952,UNWIND
1140,585,HAS_BLOCK
585,586,FLOW
585,588,FLOW
585,472,FLOW
1140,586,HAS_BLOCK
586,608,FLOW
586,996,FLOW
586,996,UNWIND
1140,588,HAS_BLOCK
588,590,FLOW
588,996,FLOW
588,996,UNWIND
588,439,CALL
1140,590,HAS_BLOCK
590,594,FLOW
590,951,FLOW
590,951,UNWIND
1140,594,HAS_BLOCK
594,602,FLOW
594,595,FLOW
1140,595,HAS_BLOCK
595,597,FLOW
595,951,FLOW
595,951,UNWIND
1140,597,HAS_BLOCK
597,599,FLOW
597,951,FLOW
597,951,UNWIND
1140,599,HAS_BLOCK
599,601,FLOW
599,951,FLOW
599,951,UNWIND
1140,601,HAS_BLOCK
601,603,FLOW
1140,602,HAS_BLOCK
602,603,FLOW
1140,603,HAS_BLOCK
603,605,FLOW
603,994,FLOW
603,994,UNWIND
1140,605,HAS_BLOCK
605,607,FLOW
605,994,FLOW
605,994,UNWIND
605,240,CALL
1140,607,HAS_BLOCK
607,968,FLOW
607,996,FLOW
607,996,UNWIND
1140,608,HAS_BLOCK
608,612,FLOW
608,996,FLOW
608,996,UNWIND
1140,612,HAS_BLOCK
612,614,FLOW
612,996,FLOW
612,996,UNWIND
1140,614,HAS_BLOCK
614,1020,FLOW
614,996,FLOW
614,996,UNWIND
1140,616,HAS_BLOCK
616,931,FLOW
1140,617,HAS_BLOCK
617,619,FLOW
617,950,FLOW
617,950,UNWIND
1140,619,HAS_BLOCK
619,621,FLOW
619,950,FLOW
619,950,UNWIND
1140,621,HAS_BLOCK
621,623,FLOW
621,950,FLOW
621,950,UNWIND
1140,623,HAS_BLOCK
623,625,FLOW
623,950,FLOW
623,950,UNWIND
1140,625,HAS_BLOCK
625,627,FLOW
625,949,FLOW
625,949,UNWIND
1140,627,HAS_BLOCK
627,628,FLOW
627,637,FLOW
1140,628,HAS_BLOCK
628,632,FLOW
628,949,FLOW
628,949,UNWIND
1140,632,HAS_BLOCK
632,634,FLOW
632,949,FLOW
632,949,UNWIND
1140,634,HAS_BLOCK
634,636,FLOW
634,949,FLOW
634,949,UNWIND
1140,636,HAS_BLOCK
636,641,FLOW
636,637,FLOW
1140,637,HAS_BLOCK
637,639,FLOW
637,949,FLOW
637,949,UNWIND
1140,639,HAS_BLOCK
639,949,FLOW
639,949,UNWIND
1140,641,HAS_BLOCK
641,643,FLOW
641,949,FLOW
641,949,UNWIND
1140,643,HAS_BLOCK
643,661,FLOW
643,644,FLOW
1140,644,HAS_BLOCK
644,645,FLOW
644,647,FLOW
644,472,FLOW
1140,645,HAS_BLOCK
645,1021,FLOW
645,949,FLOW
645,949,UNWIND
1140,647,HAS_BLOCK
647,650,FLOW
647,949,FLOW
647,949,UNWIND
647,439,CALL
1140,650,HAS_BLOCK
650,652,FLOW
650,947,FLOW
650,947,UNWIND
1140,652,HAS_BLOCK
652,654,FLOW
652,947,FLOW
652,947,UNWIND
1140,654,HAS_BLOCK
654,656,FLOW
654,947,FLOW
654,947,UNWIND
1140,656,HAS_BLOCK
656,658,FLOW
656,947,FLOW
656,947,UNWIND
1140,658,HAS_BLOCK
658,660,FLOW
658,947,FLOW
658,947,UNWIND
658,240,CALL
1140,660,HAS_BLOCK
660,929,FLOW
660,949,FLOW
660,949,UNWIND
1140,661,HAS_BLOCK
661,663,FLOW
661,949,FLOW
661,949,UNWIND
1140,663,HAS_BLOCK
663,665,FLOW
663,949,FLOW
663,949,UNWIND
1140,665,HAS_BLOCK
665,667,FLOW
665,949,FLOW
665,949,UNWIND
1140,667,HAS_BLOCK
667,672,FLOW
667,949,FLOW
667,949,UNWIND
1140,672,HAS_BLOCK
672,674,FLOW
672,946,FLOW
672,946,UNWIND
1140,674,HAS_BLOCK
674,676,FLOW
674,946,FLOW
674,946,UNWIND
1140,676,HAS_BLOCK
676,678,FLOW
676,945,FLOW
676,945,UNWIND
1140,678,HAS_BLOCK
678,680,FLOW
678,945,FLOW
678,945,UNWIND
1140,680,HAS_BLOCK
680,682,FLOW
680,945,FLOW
680,945,UNWIND
1140,682,HAS_BLOCK
682,684,FLOW
682,945,FLOW
682,945,UNWIND
1140,684,HAS_BLOCK
684,686,FLOW
684,945,FLOW
684,945,UNWIND
1140,686,HAS_BLOCK
686,688,FLOW
686,945,FLOW
686,945,UNWIND
1140,688,HAS_BLOCK
688,690,FLOW
688,945,FLOW
688,945,UNWIND
1140,690,HAS_BLOCK
690,694,FLOW
690,945,FLOW
690,945,UNWIND
1140,694,HAS_BLOCK
694,696,FLOW
694,945,FLOW
694,945,UNWIND
1140,696,HAS_BLOCK
696,697,FLOW
696,700,FLOW
1140,697,HAS_BLOCK
697,698,FLOW
697,700,FLOW
1140,698,HAS_BLOCK
698,699,FLOW
698,700,FLOW
1140,699,HAS_BLOCK
699,703,FLOW
699,700,FLOW
1140,700,HAS_BLOCK
700,702,FLOW
700,945,FLOW
700,945,UNWIND
1140,702,HAS_BLOCK
702,718,FLOW
1140,703,HAS_BLOCK
703,705,FLOW
703,945,FLOW
703,945,UNWIND
1140,705,HAS_BLOCK
705,707,FLOW
705,945,FLOW
705,945,UNWIND
1140,707,HAS_BLOCK
707,711,FLOW
707,945,FLOW
707,945,UNWIND
1140,711,HAS_BLOCK
711,713,FLOW
711,945,FLOW
711,945,UNWIND
1140,713,HAS_BLOCK
713,715,FLOW
713,945,FLOW
713,945,UNWIND
1140,715,HAS_BLOCK
715,717,FLOW
715,945,FLOW
715,945,UNWIND
1140,717,HAS_BLOCK
717,718,FLOW
1140,718,HAS_BLOCK
718,719,FLOW
718,721,FLOW
718,472,FLOW
1140,719,HAS_BLOCK
719,730,FLOW
719,991,FLOW
719,991,UNWIND
1140,721,HAS_BLOCK
721,723,FLOW
721,991,FLOW
721,991,UNWIND
721,439,CALL
1140,723,HAS_BLOCK
723,725,FLOW
723,989,FLOW
723,989,UNWIND
1140,725,HAS_BLOCK
725,727,FLOW
725,989,FLOW
725,989,UNWIND
725,240,CALL
1140,727,HAS_BLOCK
727,971,FLOW
727,991,FLOW
727,991,UNWIND
1140,730,HAS_BLOCK
730,732,FLOW
730,991,FLOW
730,991,UNWIND
1140,732,HAS_BLOCK
732,734,FLOW
732,991,FLOW
732,991,UNWIND
1140,734,HAS_BLOCK
734,1022,FLOW
734,991,FLOW
734,991,UNWIND
1140,736,HAS_BLOCK
736,737,FLOW
736,946,FLOW
736,946,UNWIND
1140,737,HAS_BLOCK
737,738,FLOW
737,949,FLOW
737,949,UNWIND
1140,738,HAS_BLOCK
738,739,FLOW
738,950,FLOW
738,950,UNWIND
1140,739,HAS_BLOCK
739,931,FLOW
1140,740,HAS_BLOCK
740,742,FLOW
740,943,FLOW
740,943,UNWIND
740,439,CALL
1140,742,HAS_BLOCK
742,744,FLOW
742,942,FLOW
742,942,UNWIND
1140,744,HAS_BLOCK
744,748,FLOW
744,942,FLOW
744,942,UNWIND
1140,748,HAS_BLOCK
748,750,FLOW
748,942,FLOW
748,942,UNWIND
1140,750,HAS_BLOCK
750,752,FLOW
750,942,FLOW
750,942,UNWIND
1140,752,HAS_BLOCK
752,753,FLOW
752,943,FLOW
752,943,UNWIND
1140,753,HAS_BLOCK
753,754,FLOW
1140,754,HAS_BLOCK
754,756,FLOW
1140,756,HAS_BLOCK
756,757,FLOW
756,759,FLOW
756,472,FLOW
1140,757,HAS_BLOCK
757,767,FLOW
757,987,FLOW
757,987,UNWIND
1140,759,HAS_BLOCK
759,761,FLOW
759,987,FLOW
759,987,UNWIND
759,439,CALL
1140,761,HAS_BLOCK
761,763,FLOW
761,941,FLOW
761,941,UNWIND
1140,763,HAS_BLOCK
763,766,FLOW
763,941,FLOW
763,941,UNWIND
763,240,CALL
1140,766,HAS_BLOCK
766,973,FLOW
766,987,FLOW
766,987,UNWIND
1140,767,HAS_BLOCK
767,769,FLOW
767,987,FLOW
767,987,UNWIND
1140,769,HAS_BLOCK
769,771,FLOW
769,987,FLOW
769,987,UNWIND
1140,771,HAS_BLOCK
771,1023,FLOW
771,987,FLOW
771,987,UNWIND
1140,773,HAS_BLOCK
773,931,FLOW
1140,774,HAS_BLOCK
1140,776,HAS_BLOCK
776,778,FLOW
776,985,FLOW
776,985,UNWIND
1140,778,HAS_BLOCK
778,780,FLOW
778,779,FLOW
1140,779,HAS_BLOCK
779,854,FLOW
1140,780,HAS_BLOCK
780,784,FLOW
780,985,FLOW
780,985,UNWIND
1140,784,HAS_BLOCK
784,786,FLOW
784,985,FLOW
784,985,UNWIND
1140,786,HAS_BLOCK
786,788,FLOW
786,985,FLOW
786,985,UNWIND
1140,788,HAS_BLOCK
788,828,FLOW
788,789,FLOW
1140,789,HAS_BLOCK
789,791,FLOW
789,985,FLOW
789,985,UNWIND
1140,791,HAS_BLOCK
791,793,FLOW
791,985,FLOW
791,985,UNWIND
1140,793,HAS_BLOCK
793,795,FLOW
793,985,FLOW
793,985,UNWIND
1140,795,HAS_BLOCK
795,797,FLOW
795,985,FLOW
795,985,UNWIND
1140,797,HAS_BLOCK
797,799,FLOW
797,983,FLOW
797,983,UNWIND
1140,799,HAS_BLOCK
799,801,FLOW
799,983,FLOW
799,983,UNWIND
1140,801,HAS_BLOCK
801,805,FLOW
801,983,FLOW
801,983,UNWIND
1140,805,HAS_BLOCK
805,807,FLOW
805,983,FLOW
805,983,UNWIND
1140,807,HAS_BLOCK
807,809,FLOW
807,983,FLOW
807,983,UNWIND
1140,809,HAS_BLOCK
809,811,FLOW
809,940,FLOW
809,940,UNWIND
1140,811,HAS_BLOCK
811,813,FLOW
811,940,FLOW
811,940,UNWIND
1140,813,HAS_BLOCK
813,815,FLOW
813,939,FLOW
813,939,UNWIND
1140,815,HAS_BLOCK
815,817,FLOW
815,939,FLOW
815,939,UNWIND
1140,817,HAS_BLOCK
817,819,FLOW
817,939,FLOW
817,939,UNWIND
1140,819,HAS_BLOCK
819,821,FLOW
819,939,FLOW
819,939,UNWIND
1140,821,HAS_BLOCK
821,822,FLOW
821,940,FLOW
821,940,UNWIND
1140,822,HAS_BLOCK
822,825,FLOW
822,983,FLOW
822,983,UNWIND
1140,825,HAS_BLOCK
825,827,FLOW
825,983,FLOW
825,983,UNWIND
1140,827,HAS_BLOCK
827,854,FLOW
1140,828,HAS_BLOCK
828,830,FLOW
828,985,FLOW
828,985,UNWIND
1140,830,HAS_BLOCK
830,832,FLOW
830,985,FLOW
830,985,UNWIND
1140,832,HAS_BLOCK
832,834,FLOW
832,985,FLOW
832,985,UNWIND
1140,834,HAS_BLOCK
834,836,FLOW
834,985,FLOW
834,985,UNWIND
1140,836,HAS_BLOCK
836,838,FLOW
836,938,FLOW
836,938,UNWIND
1140,838,HAS_BLOCK
838,840,FLOW
838,938,FLOW
838,938,UNWIND
1140,840,HAS_BLOCK
840,841,FLOW
840,935,FLOW
840,935,UNWIND
1140,841,HAS_BLOCK
841,845,FLOW
841,935,FLOW
841,935,UNWIND
1140,845,HAS_BLOCK
845,847,FLOW
845,935,FLOW
845,935,UNWIND
1140,847,HAS_BLOCK
847,849,FLOW
847,935,FLOW
847,935,UNWIND
1140,849,HAS_BLOCK
849,851,FLOW
849,935,FLOW
849,935,UNWIND
1140,851,HAS_BLOCK
851,853,FLOW
851,935,FLOW
851,935,UNWIND
1140,853,HAS_BLOCK
853,854,FLOW
853,985,FLOW
853,985,UNWIND
1140,854,HAS_BLOCK
854,855,FLOW
854,857,FLOW
854,472,FLOW
1140,855,HAS_BLOCK
855,886,FLOW
855,980,FLOW
855,980,UNWIND
1140,857,HAS_BLOCK
857,859,FLOW
857,980,FLOW
857,980,UNWIND
857,439,CALL
1140,859,HAS_BLOCK
859,861,FLOW
859,934,FLOW
859,934,UNWIND
1140,861,HAS_BLOCK
861,866,FLOW
861,934,FLOW
861,934,UNWIND
1140,866,HAS_BLOCK
866,868,FLOW
866,934,FLOW
866,934,UNWIND
1140,868,HAS_BLOCK
868,870,FLOW
868,934,FLOW
868,934,UNWIND
1140,870,HAS_BLOCK
870,878,FLOW
870,871,FLOW
1140,871,HAS_BLOCK
871,873,FLOW
871,934,FLOW
871,934,UNWIND
1140,873,HAS_BLOCK
873,875,FLOW
873,934,FLOW
873,934,UNWIND
1140,875,HAS_BLOCK
875,877,FLOW
875,934,FLOW
875,934,UNWIND
1140,877,HAS_BLOCK
877,879,FLOW
1140,878,HAS_BLOCK
878,879,FLOW
1140,879,HAS_BLOCK
879,881,FLOW
879,978,FLOW
879,978,UNWIND
1140,881,HAS_BLOCK
881,885,FLOW
881,978,FLOW
881,978,UNWIND
881,240,CALL
1140,885,HAS_BLOCK
885,975,FLOW
885,980,FLOW
885,980,UNWIND
1140,886,HAS_BLOCK
886,888,FLOW
886,980,FLOW
886,980,UNWIND
1140,888,HAS_BLOCK
888,890,FLOW
888,980,FLOW
888,980,UNWIND
1140,890,HAS_BLOCK
890,1024,FLOW
890,980,FLOW
890,980,UNWIND
1140,892,HAS_BLOCK
892,893,FLOW
892,976,FLOW
1140,893,HAS_BLOCK
893,931,FLOW
1140,894,HAS_BLOCK
894,931,FLOW
1140,896,HAS_BLOCK
896,898,FLOW
896,439,CALL
1140,898,HAS_BLOCK
898,900,FLOW
898,933,FLOW
898,933,UNWIND
1140,900,HAS_BLOCK
900,905,FLOW
900,903,FLOW
1140,903,HAS_BLOCK
903,1025,FLOW
903,933,FLOW
903,933,UNWIND
1140,905,HAS_BLOCK
905,907,FLOW
905,933,FLOW
905,933,UNWIND
1140,907,HAS_BLOCK
907,909,FLOW
907,933,FLOW
907,933,UNWIND
1140,909,HAS_BLOCK
909,911,FLOW
909,933,FLOW
909,933,UNWIND
1140,911,HAS_BLOCK
911,913,FLOW
911,933,FLOW
911,933,UNWIND
1140,913,HAS_BLOCK
913,915,FLOW
913,933,FLOW
913,933,UNWIND
1140,915,HAS_BLOCK
915,1026,FLOW
915,933,FLOW
915,933,UNWIND
1140,917,HAS_BLOCK
917,931,FLOW
1140,918,HAS_BLOCK
918,920,FLOW
918,932,FLOW
918,932,UNWIND
1140,920,HAS_BLOCK
920,924,FLOW
920,932,FLOW
920,932,UNWIND
1140,924,HAS_BLOCK
924,926,FLOW
924,932,FLOW
924,932,UNWIND
1140,926,HAS_BLOCK
926,927,FLOW
1140,927,HAS_BLOCK
927,931,FLOW
1140,929,HAS_BLOCK
929,930,FLOW
929,950,FLOW
929,950,UNWIND
1140,930,HAS_BLOCK
930,931,FLOW
1140,931,HAS_BLOCK
931,1140,RETURN
1140,932,HAS_BLOCK
932,964,FLOW
1140,933,HAS_BLOCK
933,964,FLOW
1140,934,HAS_BLOCK
934,980,FLOW
1140,935,HAS_BLOCK
935,985,FLOW
1140,938,HAS_BLOCK
938,985,FLOW
1140,939,HAS_BLOCK
939,940,FLOW
1140,940,HAS_BLOCK
940,983,FLOW
1140,941,HAS_BLOCK
941,987,FLOW
1140,942,HAS_BLOCK
942,943,FLOW
1140,943,HAS_BLOCK
943,964,FLOW
1140,944,HAS_BLOCK
944,991,FLOW
1140,945,HAS_BLOCK
945,946,FLOW
1140,946,HAS_BLOCK
946,949,FLOW
1140,947,HAS_BLOCK
947,949,FLOW
1140,949,HAS_BLOCK
949,950,FLOW
1140,950,HAS_BLOCK
950,964,FLOW
1140,951,HAS_BLOCK
951,996,FLOW
1140,952,HAS_BLOCK
952,964,FLOW
1140,953,HAS_BLOCK
953,954,FLOW
1140,954,HAS_BLOCK
954,955,FLOW
1140,955,HAS_BLOCK
955,956,FLOW
1140,956,HAS_BLOCK
956,964,FLOW
1140,957,HAS_BLOCK
957,964,FLOW
1140,958,HAS_BLOCK
958,964,FLOW
1140,960,HAS_BLOCK
960,961,FLOW
1140,961,HAS_BLOCK
961,963,FLOW
1140,962,HAS_BLOCK
962,1002,FLOW
1140,963,HAS_BLOCK
963,964,FLOW
1140,964,HAS_BLOCK
1140,965,HAS_BLOCK
965,981,FLOW
965,1002,FLOW
965,1002,UNWIND
1140,966,HAS_BLOCK
966,1016,FLOW
966,963,FLOW
966,963,UNWIND
1140,967,HAS_BLOCK
967,616,FLOW
967,952,FLOW
967,952,UNWIND
1140,968,HAS_BLOCK
968,616,FLOW
968,967,FLOW
1140,969,HAS_BLOCK
969,736,FLOW
969,945,FLOW
969,945,UNWIND
1140,971,HAS_BLOCK
971,736,FLOW
971,969,FLOW
1140,972,HAS_BLOCK
972,773,FLOW
1140,973,HAS_BLOCK
973,773,FLOW
973,972,FLOW
1140,974,HAS_BLOCK
974,892,FLOW
974,985,FLOW
974,985,UNWIND
1140,975,HAS_BLOCK
975,892,FLOW
975,974,FLOW
1140,976,HAS_BLOCK
976,893,FLOW
1140,977,HAS_BLOCK
977,934,FLOW
1140,978,HAS_BLOCK
978,934,FLOW
978,977,FLOW
1140,979,HAS_BLOCK
979,985,FLOW
1140,980,HAS_BLOCK
980,985,FLOW
980,979,FLOW
1140,982,HAS_BLOCK
982,985,FLOW
1140,983,HAS_BLOCK
983,985,FLOW
983,982,FLOW
1140,984,HAS_BLOCK
984,964,FLOW
1140,985,HAS_BLOCK
985,964,FLOW
985,984,FLOW
1140,986,HAS_BLOCK
986,964,FLOW
1140,987,HAS_BLOCK
987,964,FLOW
987,986,FLOW
1140,988,HAS_BLOCK
988,944,FLOW
1140,989,HAS_BLOCK
989,944,FLOW
989,988,FLOW
1140,990,HAS_BLOCK
990,945,FLOW
1140,991,HAS_BLOCK
991,945,FLOW
991,990,FLOW
1140,993,HAS_BLOCK
993,951,FLOW
1140,994,HAS_BLOCK
994,951,FLOW
994,993,FLOW
1140,995,HAS_BLOCK
995,952,FLOW
1140,996,HAS_BLOCK
996,952,FLOW
996,995,FLOW
1140,997,HAS_BLOCK
997,953,FLOW
1140,998,HAS_BLOCK
998,953,FLOW
998,997,FLOW
1140,999,HAS_BLOCK
999,958,FLOW
1140,1000,HAS_BLOCK
1000,958,FLOW
1000,999,FLOW
1140,1001,HAS_BLOCK
1001,963,FLOW
1140,1002,HAS_BLOCK
1002,963,FLOW
1002,1001,FLOW
1140,1006,HAS_BLOCK
1006,1027,FLOW
1140,1007,HAS_BLOCK
1007,1005,FLOW
1140,1008,HAS_BLOCK
1008,1091,FLOW
1140,1009,HAS_BLOCK
1009,1091,FLOW
1140,1010,HAS_BLOCK
1010,1091,FLOW
1140,1011,HAS_BLOCK
1011,1126,FLOW
1140,1012,HAS_BLOCK
1012,1126,FLOW
1140,1013,HAS_BLOCK
1013,1126,FLOW
1140,1014,HAS_BLOCK
1014,509,FLOW
1140,1015,HAS_BLOCK
1015,509,FLOW
1140,1017,HAS_BLOCK
1017,555,FLOW
1140,1018,HAS_BLOCK
1018,555,FLOW
1140,1019,HAS_BLOCK
1019,568,FLOW
1140,1020,HAS_BLOCK
1020,968,FLOW
1140,1021,HAS_BLOCK
1021,929,FLOW
1140,1022,HAS_BLOCK
1022,971,FLOW
1140,1023,HAS_BLOCK
1023,973,FLOW
1140,1024,HAS_BLOCK
1024,975,FLOW
1140,1025,HAS_BLOCK
1025,917,FLOW
1140,1026,HAS_BLOCK
1026,917,FLOW
293,294,HAS_PARAM
293,295,HAS_PARAM
293,246,HAS_BLOCK
246,248,FLOW
293,248,HAS_BLOCK
248,282,FLOW
248,278,FLOW
248,263,FLOW
293,263,HAS_BLOCK
263,265,FLOW
293,278,HAS_BLOCK
278,252,FLOW
293,282,HAS_BLOCK
282,284,FLOW
293,284,HAS_BLOCK
284,286,FLOW
284,469,CALL
293,286,HAS_BLOCK
286,288,FLOW
286,273,FLOW
286,273,UNWIND
293,288,HAS_BLOCK
288,290,FLOW
288,273,FLOW
288,273,UNWIND
288,390,CALL
293,290,HAS_BLOCK
290,249,FLOW
290,291,FLOW
293,291,HAS_BLOCK
291,279,FLOW
291,273,FLOW
291,273,UNWIND
293,249,HAS_BLOCK
249,250,FLOW
293,250,HAS_BLOCK
250,251,FLOW
250,275,FLOW
293,251,HAS_BLOCK
251,271,FLOW
293,252,HAS_BLOCK
252,254,FLOW
252,469,CALL
293,254,HAS_BLOCK
254,256,FLOW
254,272,FLOW
254,272,UNWIND
293,256,HAS_BLOCK
256,258,FLOW
256,272,FLOW
256,272,UNWIND
256,390,CALL
293,258,HAS_BLOCK
258,261,FLOW
258,259,FLOW
293,259,HAS_BLOCK
259,280,FLOW
259,272,FLOW
259,272,UNWIND
293,261,HAS_BLOCK
261,262,FLOW
293,262,HAS_BLOCK
262,264,FLOW
262,276,FLOW
293,264,HAS_BLOCK
264,271,FLOW
293,265,HAS_BLOCK
265,267,FLOW
293,267,HAS_BLOCK
267,269,FLOW
293,269,HAS_BLOCK
269,271,FLOW
293,271,HAS_BLOCK
271,293,RETURN
293,272,HAS_BLOCK
272,274,FLOW
293,273,HAS_BLOCK
273,274,FLOW
293,274,HAS_BLOCK
293,275,HAS_BLOCK
275,251,FLOW
293,276,HAS_BLOCK
276,264,FLOW
293,279,HAS_BLOCK
279,250,FLOW
293,280,HAS_BLOCK
280,262,FLOW
439,440,HAS_PARAM
439,441,HAS_PARAM
439,392,HAS_BLOCK
392,394,FLOW
439,394,HAS_BLOCK
394,429,FLOW
394,427,FLOW
394,425,FLOW
394,431,FLOW
394,414,FLOW
439,414,HAS_BLOCK
414,397,FLOW
439,425,HAS_BLOCK
425,395,FLOW
439,427,HAS_BLOCK
427,437,FLOW
439,429,HAS_BLOCK
429,435,FLOW
439,431,HAS_BLOCK
431,433,FLOW
439,433,HAS_BLOCK
433,403,FLOW
439,435,HAS_BLOCK
435,403,FLOW
439,437,HAS_BLOCK
437,403,FLOW
439,395,HAS_BLOCK
395,403,FLOW
439,397,HAS_BLOCK
397,399,FLOW
439,399,HAS_BLOCK
399,401,FLOW
439,401,HAS_BLOCK
401,403,FLOW
439,403,HAS_BLOCK
403,405,FLOW
403,420,FLOW
403,420,UNWIND
439,405,HAS_BLOCK
405,407,FLOW
405,420,FLOW
405,420,UNWIND
405,469,CALL
439,407,HAS_BLOCK
407,409,FLOW
407,419,FLOW
407,419,UNWIND
439,409,HAS_BLOCK
409,411,FLOW
409,419,FLOW
409,419,UNWIND
409,390,CALL
439,411,HAS_BLOCK
411,415,FLOW
411,412,FLOW
439,412,HAS_BLOCK
412,423,FLOW
412,419,FLOW
412,419,UNWIND
439,415,HAS_BLOCK
415,416,FLOW
439,416,HAS_BLOCK
416,417,FLOW
416,422,FLOW
439,417,HAS_BLOCK
417,418,FLOW
439,418,HAS_BLOCK
418,439,RETURN
439,419,HAS_BLOCK
419,420,FLOW
439,420,HAS_BLOCK
420,421,FLOW
439,421,HAS_BLOCK
439,422,HAS_BLOCK
422,417,FLOW
422,420,FLOW
422,420,UNWIND
439,423,HAS_BLOCK
423,416,FLOW
469,470,HAS_PARAM
469,442,HAS_BLOCK
442,444,FLOW
469,444,HAS_BLOCK
444,455,FLOW
469,455,HAS_BLOCK
455,456,FLOW
455,460,FLOW
455,453,FLOW
469,456,HAS_BLOCK
456,458,FLOW
469,458,HAS_BLOCK
458,452,FLOW
469,460,HAS_BLOCK
460,462,FLOW
469,462,HAS_BLOCK
462,463,FLOW
462,467,FLOW
462,453,FLOW
469,463,HAS_BLOCK
463,465,FLOW
469,465,HAS_BLOCK
465,452,FLOW
469,467,HAS_BLOCK
467,445,FLOW
469,445,HAS_BLOCK
445,446,FLOW
445,450,FLOW
445,453,FLOW
469,446,HAS_BLOCK
446,448,FLOW
469,448,HAS_BLOCK
448,452,FLOW
469,450,HAS_BLOCK
450,452,FLOW
469,452,HAS_BLOCK
452,469,RETURN
469,453,HAS_BLOCK
390,391,HAS_PARAM
390,363,HAS_BLOCK
363,365,FLOW
390,365,HAS_BLOCK
365,377,FLOW
390,377,HAS_BLOCK
377,379,FLOW
377,378,FLOW
390,378,HAS_BLOCK
378,375,FLOW
390,379,HAS_BLOCK
379,373,FLOW
390,381,HAS_BLOCK
381,375,FLOW
390,382,HAS_BLOCK
382,372,FLOW
390,384,HAS_BLOCK
384,371,FLOW
390,386,HAS_BLOCK
386,370,FLOW
390,388,HAS_BLOCK
388,369,FLOW
390,366,HAS_BLOCK
366,368,FLOW
390,368,HAS_BLOCK
368,381,FLOW
368,374,FLOW
390,369,HAS_BLOCK
369,366,FLOW
369,374,FLOW
390,370,HAS_BLOCK
370,388,FLOW
370,374,FLOW
390,371,HAS_BLOCK
371,386,FLOW
371,374,FLOW
390,372,HAS_BLOCK
372,384,FLOW
372,374,FLOW
390,373,HAS_BLOCK
373,382,FLOW
373,374,FLOW
390,374,HAS_BLOCK
374,375,FLOW
390,375,HAS_BLOCK
375,390,RETURN
240,241,HAS_PARAM
240,242,HAS_PARAM
240,243,HAS_PARAM
240,244,HAS_PARAM
240,245,HAS_PARAM
240,88,HAS_BLOCK
88,90,FLOW
88,227,FLOW
88,227,UNWIND
240,90,HAS_BLOCK
90,207,FLOW
90,105,FLOW
240,105,HAS_BLOCK
105,124,FLOW
105,227,FLOW
105,227,UNWIND
240,124,HAS_BLOCK
124,145,FLOW
124,227,FLOW
124,227,UNWIND
240,145,HAS_BLOCK
145,166,FLOW
145,227,FLOW
145,227,UNWIND
240,166,HAS_BLOCK
166,187,FLOW
166,227,FLOW
166,227,UNWIND
240,187,HAS_BLOCK
187,229,FLOW
187,227,FLOW
187,227,UNWIND
240,207,HAS_BLOCK
207,226,FLOW
207,227,FLOW
207,227,UNWIND
240,226,HAS_BLOCK
226,238,FLOW
226,227,FLOW
226,227,UNWIND
240,238,HAS_BLOCK
238,91,FLOW
238,227,FLOW
238,227,UNWIND
240,91,HAS_BLOCK
91,93,FLOW
91,95,FLOW
91,92,FLOW
240,92,HAS_BLOCK
92,99,FLOW
240,93,HAS_BLOCK
93,98,FLOW
93,227,FLOW
93,227,UNWIND
93,2620,CALL
240,95,HAS_BLOCK
95,97,FLOW
95,227,FLOW
95,227,UNWIND
95,2620,CALL
240,97,HAS_BLOCK
97,99,FLOW
240,98,HAS_BLOCK
98,99,FLOW
240,99,HAS_BLOCK
99,101,FLOW
99,103,FLOW
99,100,FLOW
240,100,HAS_BLOCK
240,101,HAS_BLOCK
101,197,FLOW
101,227,FLOW
101,227,UNWIND
240,103,HAS_BLOCK
103,106,FLOW
103,224,FLOW
103,224,UNWIND
103,1174,CALL
240,106,HAS_BLOCK
106,108,FLOW
106,224,FLOW
106,224,UNWIND
240,108,HAS_BLOCK
108,110,FLOW
108,224,FLOW
108,224,UNWIND
240,110,HAS_BLOCK
110,112,FLOW
110,224,FLOW
110,224,UNWIND
240,112,HAS_BLOCK
112,135,FLOW
112,113,FLOW
240,113,HAS_BLOCK
113,115,FLOW
113,224,FLOW
113,224,UNWIND
240,115,HAS_BLOCK
115,135,FLOW
115,116,FLOW
240,116,HAS_BLOCK
116,118,FLOW
116,224,FLOW
116,224,UNWIND
240,118,HAS_BLOCK
118,120,FLOW
118,224,FLOW
118,224,UNWIND
240,120,HAS_BLOCK
120,122,FLOW
120,224,FLOW
120,224,UNWIND
240,122,HAS_BLOCK
122,135,FLOW
122,125,FLOW
240,125,HAS_BLOCK
125,127,FLOW
125,224,FLOW
125,224,UNWIND
240,127,HAS_BLOCK
127,129,FLOW
127,224,FLOW
127,224,UNWIND
240,129,HAS_BLOCK
129,131,FLOW
129,224,FLOW
129,224,UNWIND
240,131,HAS_BLOCK
131,133,FLOW
131,224,FLOW
131,224,UNWIND
240,133,HAS_BLOCK
133,230,FLOW
133,224,FLOW
133,224,UNWIND
240,135,HAS_BLOCK
135,136,FLOW
135,148,FLOW
240,136,HAS_BLOCK
136,138,FLOW
136,224,FLOW
136,224,UNWIND
240,138,HAS_BLOCK
138,140,FLOW
138,224,FLOW
138,224,UNWIND
240,140,HAS_BLOCK
140,142,FLOW
140,224,FLOW
140,224,UNWIND
240,142,HAS_BLOCK
142,146,FLOW
142,224,FLOW
142,224,UNWIND
240,146,HAS_BLOCK
146,231,FLOW
146,224,FLOW
146,224,UNWIND
240,148,HAS_BLOCK
148,150,FLOW
148,224,FLOW
148,224,UNWIND
240,150,HAS_BLOCK
150,163,FLOW
150,151,FLOW
240,151,HAS_BLOCK
151,153,FLOW
151,224,FLOW
151,224,UNWIND
240,153,HAS_BLOCK
153,155,FLOW
153,224,FLOW
153,224,UNWIND
240,155,HAS_BLOCK
155,157,FLOW
155,224,FLOW
155,224,UNWIND
240,157,HAS_BLOCK
157,159,FLOW
157,224,FLOW
157,224,UNWIND
240,159,HAS_BLOCK
159,161,FLOW
159,224,FLOW
159,224,UNWIND
240,161,HAS_BLOCK
161,232,FLOW
161,224,FLOW
161,224,UNWIND
240,163,HAS_BLOCK
163,167,FLOW
163,224,FLOW
163,224,UNWIND
240,167,HAS_BLOCK
167,169,FLOW
167,224,FLOW
167,224,UNWIND
240,169,HAS_BLOCK
169,171,FLOW
169,224,FLOW
169,224,UNWIND
240,171,HAS_BLOCK
171,182,FLOW
171,172,FLOW
240,172,HAS_BLOCK
172,174,FLOW
172,224,FLOW
172,224,UNWIND
240,174,HAS_BLOCK
174,176,FLOW
174,224,FLOW
174,224,UNWIND
240,176,HAS_BLOCK
176,178,FLOW
176,224,FLOW
176,224,UNWIND
240,178,HAS_BLOCK
178,180,FLOW
178,224,FLOW
178,224,UNWIND
240,180,HAS_BLOCK
180,233,FLOW
180,224,FLOW
180,224,UNWIND
240,182,HAS_BLOCK
182,184,FLOW
182,224,FLOW
182,224,UNWIND
240,184,HAS_BLOCK
184,188,FLOW
184,224,FLOW
184,224,UNWIND
240,188,HAS_BLOCK
188,190,FLOW
188,224,FLOW
188,224,UNWIND
240,190,HAS_BLOCK
190,192,FLOW
190,224,FLOW
190,224,UNWIND
240,192,HAS_BLOCK
192,194,FLOW
192,224,FLOW
192,224,UNWIND
240,194,HAS_BLOCK
194,234,FLOW
194,224,FLOW
194,224,UNWIND
240,196,HAS_BLOCK
196,222,FLOW
196,227,FLOW
196,227,UNWIND
240,197,HAS_BLOCK
197,199,FLOW
197,227,FLOW
197,227,UNWIND
240,199,HAS_BLOCK
199,201,FLOW
199,227,FLOW
199,227,UNWIND
240,201,HAS_BLOCK
201,212,FLOW
201,202,FLOW
240,202,HAS_BLOCK
202,204,FLOW
202,227,FLOW
202,227,UNWIND
240,204,HAS_BLOCK
204,208,FLOW
204,227,FLOW
204,227,UNWIND
240,208,HAS_BLOCK
208,210,FLOW
208,227,FLOW
208,227,UNWIND
240,210,HAS_BLOCK
210,235,FLOW
210,227,FLOW
210,227,UNWIND
240,212,HAS_BLOCK
212,214,FLOW
212,227,FLOW
212,227,UNWIND
240,214,HAS_BLOCK
214,216,FLOW
214,227,FLOW
214,227,UNWIND
240,216,HAS_BLOCK
216,218,FLOW
216,227,FLOW
216,227,UNWIND
240,218,HAS_BLOCK
218,220,FLOW
218,227,FLOW
218,227,UNWIND
240,220,HAS_BLOCK
220,236,FLOW
220,227,FLOW
220,227,UNWIND
240,222,HAS_BLOCK
222,223,FLOW
240,223,HAS_BLOCK
223,240,RETURN
240,224,HAS_BLOCK
224,227,FLOW
240,227,HAS_BLOCK
227,228,FLOW
240,228,HAS_BLOCK
240,229,HAS_BLOCK
229,222,FLOW
240,230,HAS_BLOCK
230,196,FLOW
240,231,HAS_BLOCK
231,196,FLOW
240,232,HAS_BLOCK
232,196,FLOW
240,233,HAS_BLOCK
233,196,FLOW
240,234,HAS_BLOCK
234,196,FLOW
240,235,HAS_BLOCK
235,222,FLOW
240,236,HAS_BLOCK
236,222,FLOW
1148,1149,HAS_PARAM
1148,1150,HAS_PARAM
1148,1145,HAS_BLOCK
1145,1147,FLOW
1148,1147,HAS_BLOCK
1147,1148,RETURN
1161,1162,HAS_PARAM
1161,1163,HAS_PARAM
1161,1164,HAS_PARAM
1161,1151,HAS_BLOCK
1151,1153,FLOW
1161,1153,HAS_BLOCK
1153,1155,FLOW
1153,1156,FLOW
1153,1154,FLOW
1161,1154,HAS_BLOCK
1154,1158,FLOW
1161,1155,HAS_BLOCK
1155,1157,FLOW
1161,1156,HAS_BLOCK
1156,1157,FLOW
1161,1157,HAS_BLOCK
1157,1158,FLOW
1161,1158,HAS_BLOCK
1158,1160,FLOW
1158,1186,CALL
1161,1160,HAS_BLOCK
1160,1161,RETURN
1174,1175,HAS_PARAM
1174,1176,HAS_PARAM
1174,1165,HAS_BLOCK
1165,1167,FLOW
1174,1167,HAS_BLOCK
1167,1169,FLOW
1167,1170,FLOW
1167,1168,FLOW
1174,1168,HAS_BLOCK
1168,1173,FLOW
1174,1169,HAS_BLOCK
1169,1171,FLOW
1174,1170,HAS_BLOCK
1170,1171,FLOW
1174,1171,HAS_BLOCK
1171,1173,FLOW
1171,1186,CALL
1174,1173,HAS_BLOCK
1173,1174,RETURN
1186,1187,HAS_PARAM
1186,1188,HAS_PARAM
1186,1177,HAS_BLOCK
1177,1179,FLOW
1186,1179,HAS_BLOCK
1179,1181,FLOW
1179,1180,FLOW
1186,1180,HAS_BLOCK
1180,1185,FLOW
1186,1181,HAS_BLOCK
1181,1183,FLOW
1181,1182,FLOW
1186,1182,HAS_BLOCK
1182,1184,FLOW
1186,1183,HAS_BLOCK
1183,1184,FLOW
1186,1184,HAS_BLOCK
1184,1185,FLOW
1186,1185,HAS_BLOCK
1185,1186,RETURN
1236,1237,HAS_PARAM
1236,1238,HAS_PARAM
1236,1239,HAS_PARAM
1236,1240,HAS_PARAM
1236,1190,HAS_BLOCK
1190,1192,FLOW
1236,1192,HAS_BLOCK
1192,1210,FLOW
1236,1210,HAS_BLOCK
1210,1223,FLOW
1236,1223,HAS_BLOCK
1223,1225,FLOW
1236,1225,HAS_BLOCK
1225,1227,FLOW
1236,1227,HAS_BLOCK
1227,1198,FLOW
1227,1228,FLOW
1236,1228,HAS_BLOCK
1228,1230,FLOW
1228,1219,FLOW
1228,1219,UNWIND
1236,1230,HAS_BLOCK
1230,1232,FLOW
1230,1219,FLOW
1230,1219,UNWIND
1236,1232,HAS_BLOCK
1232,1234,FLOW
1232,1219,FLOW
1232,1219,UNWIND
1236,1234,HAS_BLOCK
1234,1193,FLOW
1234,1219,FLOW
1234,1219,UNWIND
1236,1193,HAS_BLOCK
1193,1195,FLOW
1193,1218,FLOW
1193,1218,UNWIND
1236,1195,HAS_BLOCK
1195,1197,FLOW
1195,1218,FLOW
1195,1218,UNWIND
1236,1197,HAS_BLOCK
1197,1198,FLOW
1197,1219,FLOW
1197,1219,UNWIND
1236,1198,HAS_BLOCK
1198,1200,FLOW
1198,1219,FLOW
1198,1219,UNWIND
1236,1200,HAS_BLOCK
1200,1202,FLOW
1200,1219,FLOW
1200,1219,UNWIND
1236,1202,HAS_BLOCK
1202,1203,FLOW
1236,1203,HAS_BLOCK
1203,1205,FLOW
1203,1219,FLOW
1203,1219,UNWIND
1236,1205,HAS_BLOCK
1205,1211,FLOW
1205,1207,FLOW
1205,1206,FLOW
1236,1206,HAS_BLOCK
1236,1207,HAS_BLOCK
1207,1213,FLOW
1207,1219,FLOW
1207,1219,UNWIND
1236,1211,HAS_BLOCK
1211,1217,FLOW
1211,1219,FLOW
1211,1219,UNWIND
1236,1213,HAS_BLOCK
1213,1215,FLOW
1213,1219,FLOW
1213,1219,UNWIND
1236,1215,HAS_BLOCK
1215,1221,FLOW
1215,1219,FLOW
1215,1219,UNWIND
1236,1217,HAS_BLOCK
1217,1236,RETURN
1236,1218,HAS_BLOCK
1218,1219,FLOW
1236,1219,HAS_BLOCK
1219,1220,FLOW
1236,1220,HAS_BLOCK
1236,1221,HAS_BLOCK
1221,1203,FLOW
1335,1336,HAS_PARAM
1335,1337,HAS_PARAM
1335,1326,HAS_BLOCK
1326,1328,FLOW
1335,1328,HAS_BLOCK
1328,1330,FLOW
1335,1330,HAS_BLOCK
1330,1332,FLOW
1335,1332,HAS_BLOCK
1332,1334,FLOW
1335,1334,HAS_BLOCK
1334,1335,RETURN
1323,1324,HAS_PARAM
1323,1325,HAS_PARAM
1323,1277,HAS_BLOCK
1277,1279,FLOW
1323,1279,HAS_BLOCK
1279,1299,FLOW
1279,1310,FLOW
1279,1310,UNWIND
1323,1299,HAS_BLOCK
1299,1313,FLOW
1323,1313,HAS_BLOCK
1313,1315,FLOW
1313,1310,FLOW
1313,1310,UNWIND
1323,1315,HAS_BLOCK
1315,1294,FLOW
1315,1317,FLOW
1315,1316,FLOW
1323,1316,HAS_BLOCK
1323,1317,HAS_BLOCK
1317,1319,FLOW
1317,1310,FLOW
1317,1310,UNWIND
1317,1861,CALL
1323,1319,HAS_BLOCK
1319,1321,FLOW
1319,1309,FLOW
1319,1309,UNWIND
1323,1321,HAS_BLOCK
1321,1280,FLOW
1321,1322,FLOW
1323,1322,HAS_BLOCK
1322,1313,FLOW
1322,1310,FLOW
1322,1310,UNWIND
1323,1280,HAS_BLOCK
1280,1282,FLOW
1280,1309,FLOW
1280,1309,UNWIND
1323,1282,HAS_BLOCK
1282,1284,FLOW
1282,1309,FLOW
1282,1309,UNWIND
1323,1284,HAS_BLOCK
1284,1286,FLOW
1284,1309,FLOW
1284,1309,UNWIND
1323,1286,HAS_BLOCK
1286,1288,FLOW
1286,1309,FLOW
1286,1309,UNWIND
1323,1288,HAS_BLOCK
1288,1289,FLOW
1288,1291,FLOW
1323,1289,HAS_BLOCK
1289,1312,FLOW
1289,1309,FLOW
1289,1309,UNWIND
1323,1291,HAS_BLOCK
1291,1293,FLOW
1291,1309,FLOW
1291,1309,UNWIND
1323,1293,HAS_BLOCK
1293,1313,FLOW
1293,1310,FLOW
1293,1310,UNWIND
1323,1294,HAS_BLOCK
1294,1296,FLOW
1294,1310,FLOW
1294,1310,UNWIND
1323,1296,HAS_BLOCK
1296,1300,FLOW
1296,1310,FLOW
1296,1310,UNWIND
1323,1300,HAS_BLOCK
1300,1308,FLOW
1300,1301,FLOW
1323,1301,HAS_BLOCK
1301,1303,FLOW
1301,1310,FLOW
1301,1310,UNWIND
1323,1303,HAS_BLOCK
1303,1305,FLOW
1303,1310,FLOW
1303,1310,UNWIND
1323,1305,HAS_BLOCK
1305,1307,FLOW
1305,1310,FLOW
1305,1310,UNWIND
1323,1307,HAS_BLOCK
1307,1308,FLOW
1307,1294,FLOW
1323,1308,HAS_BLOCK
1308,1323,RETURN
1323,1309,HAS_BLOCK
1309,1310,FLOW
1323,1310,HAS_BLOCK
1310,1311,FLOW
1323,1311,HAS_BLOCK
1323,1312,HAS_BLOCK
1312,1291,FLOW
1274,1275,HAS_PARAM
1274,1276,HAS_PARAM
1274,1242,HAS_BLOCK
1242,1244,FLOW
1274,1244,HAS_BLOCK
1244,1261,FLOW
1244,1259,FLOW
1244,1259,UNWIND
1274,1261,HAS_BLOCK
1261,1264,FLOW
1274,1264,HAS_BLOCK
1264,1266,FLOW
1264,1259,FLOW
1264,1259,UNWIND
1274,1266,HAS_BLOCK
1266,1270,FLOW
1266,1268,FLOW
1266,1267,FLOW
1274,1267,HAS_BLOCK
1274,1268,HAS_BLOCK
1268,1271,FLOW
1268,1259,FLOW
1268,1259,UNWIND
1268,1861,CALL
1274,1270,HAS_BLOCK
1270,1274,RETURN
1274,1271,HAS_BLOCK
1271,1273,FLOW
1271,1258,FLOW
1271,1258,UNWIND
1274,1273,HAS_BLOCK
1273,1246,FLOW
1273,1245,FLOW
1274,1245,HAS_BLOCK
1245,1264,FLOW
1245,1259,FLOW
1245,1259,UNWIND
1274,1246,HAS_BLOCK
1246,1248,FLOW
1246,1258,FLOW
1246,1258,UNWIND
1274,1248,HAS_BLOCK
1248,1250,FLOW
1248,1258,FLOW
1248,1258,UNWIND
1274,1250,HAS_BLOCK
1250,1252,FLOW
1250,1258,FLOW
1250,1258,UNWIND
1274,1252,HAS_BLOCK
1252,1254,FLOW
1252,1258,FLOW
1252,1258,UNWIND
1274,1254,HAS_BLOCK
1254,1255,FLOW
1254,1257,FLOW
1274,1255,HAS_BLOCK
1255,1263,FLOW
1255,1258,FLOW
1255,1258,UNWIND
1274,1257,HAS_BLOCK
1257,1264,FLOW
1257,1259,FLOW
1257,1259,UNWIND
1274,1258,HAS_BLOCK
1258,1259,FLOW
1274,1259,HAS_BLOCK
1259,1262,FLOW
1274,1262,HAS_BLOCK
1274,1263,HAS_BLOCK
1263,1257,FLOW
1347,1348,HAS_PARAM
1347,1339,HAS_BLOCK
1339,1341,FLOW
1339,1340,FLOW
1347,1340,HAS_BLOCK
1340,1346,FLOW
1347,1341,HAS_BLOCK
1341,1343,FLOW
1341,1342,FLOW
1347,1342,HAS_BLOCK
1342,1346,FLOW
1347,1343,HAS_BLOCK
1343,1345,FLOW
1343,1344,FLOW
1347,1344,HAS_BLOCK
1344,1346,FLOW
1347,1345,HAS_BLOCK
1345,1346,FLOW
1347,1346,HAS_BLOCK
1346,1347,RETURN
1595,1596,HAS_PARAM
1595,1597,HAS_PARAM
1595,1598,HAS_PARAM
1595,1599,HAS_PARAM
1595,1600,HAS_PARAM
1595,1503,HAS_BLOCK
1503,1505,FLOW
1503,1347,CALL
1595,1505,HAS_BLOCK
1505,1537,FLOW
1505,1522,FLOW
1595,1522,HAS_BLOCK
1522,1558,FLOW
1595,1537,HAS_BLOCK
1537,1558,FLOW
1595,1558,HAS_BLOCK
1558,1576,FLOW
1595,1576,HAS_BLOCK
1576,1587,FLOW
1595,1587,HAS_BLOCK
1587,1589,FLOW
1595,1589,HAS_BLOCK
1589,1591,FLOW
1595,1591,HAS_BLOCK
1591,1593,FLOW
1595,1593,HAS_BLOCK
1593,1506,FLOW
1595,1506,HAS_BLOCK
1506,1508,FLOW
1595,1508,HAS_BLOCK
1508,1510,FLOW
1595,1510,HAS_BLOCK
1510,1512,FLOW
1510,1584,FLOW
1510,1584,UNWIND
1595,1512,HAS_BLOCK
1512,1513,FLOW
1595,1513,HAS_BLOCK
1513,1515,FLOW
1513,1584,FLOW
1513,1584,UNWIND
1595,1515,HAS_BLOCK
1515,1519,FLOW
1515,1517,FLOW
1515,1516,FLOW
1595,1516,HAS_BLOCK
1595,1517,HAS_BLOCK
1517,1521,FLOW
1517,1584,FLOW
1517,1584,UNWIND
1595,1519,HAS_BLOCK
1519,1565,FLOW
1519,1584,FLOW
1519,1584,UNWIND
1595,1521,HAS_BLOCK
1521,1523,FLOW
1521,1513,FLOW
1595,1523,HAS_BLOCK
1523,1525,FLOW
1523,1524,FLOW
1595,1524,HAS_BLOCK
1524,1526,FLOW
1595,1525,HAS_BLOCK
1525,1526,FLOW
1595,1526,HAS_BLOCK
1526,1528,FLOW
1526,1527,FLOW
1595,1527,HAS_BLOCK
1527,1529,FLOW
1595,1528,HAS_BLOCK
1528,1529,FLOW
1595,1529,HAS_BLOCK
1529,1531,FLOW
1529,1584,FLOW
1529,1584,UNWIND
1529,1733,CALL
1595,1531,HAS_BLOCK
1531,1533,FLOW
1531,1582,FLOW
1531,1582,UNWIND
1531,1699,CALL
1595,1533,HAS_BLOCK
1533,1535,FLOW
1533,1581,FLOW
1533,1581,UNWIND
1595,1535,HAS_BLOCK
1535,1538,FLOW
1535,1581,FLOW
1535,1581,UNWIND
1595,1538,HAS_BLOCK
1538,1540,FLOW
1538,1581,FLOW
1538,1581,UNWIND
1595,1540,HAS_BLOCK
1540,1542,FLOW
1540,1581,FLOW
1540,1581,UNWIND
1595,1542,HAS_BLOCK
1542,1544,FLOW
1542,1581,FLOW
1542,1581,UNWIND
1595,1544,HAS_BLOCK
1544,1546,FLOW
1544,1581,FLOW
1544,1581,UNWIND
1595,1546,HAS_BLOCK
1546,1548,FLOW
1546,1581,FLOW
1546,1581,UNWIND
1595,1548,HAS_BLOCK
1548,1550,FLOW
1548,1581,FLOW
1548,1581,UNWIND
1595,1550,HAS_BLOCK
1550,1552,FLOW
1550,1581,FLOW
1550,1581,UNWIND
1595,1552,HAS_BLOCK
1552,1554,FLOW
1552,1581,FLOW
1552,1581,UNWIND
1595,1554,HAS_BLOCK
1554,1556,FLOW
1554,1581,FLOW
1554,1581,UNWIND
1595,1556,HAS_BLOCK
1556,1559,FLOW
1556,1580,FLOW
1556,1580,UNWIND
1595,1559,HAS_BLOCK
1559,1561,FLOW
1559,1580,FLOW
1559,1580,UNWIND
1595,1561,HAS_BLOCK
1561,1562,FLOW
1561,1581,FLOW
1561,1581,UNWIND
1595,1562,HAS_BLOCK
1562,1563,FLOW
1562,1582,FLOW
1562,1582,UNWIND
1595,1563,HAS_BLOCK
1563,1564,FLOW
1563,1583,FLOW
1563,1583,UNWIND
1595,1564,HAS_BLOCK
1564,1513,FLOW
1564,1584,FLOW
1564,1584,UNWIND
1595,1565,HAS_BLOCK
1565,1567,FLOW
1565,1584,FLOW
1565,1584,UNWIND
1595,1567,HAS_BLOCK
1567,1569,FLOW
1567,1584,FLOW
1567,1584,UNWIND
1595,1569,HAS_BLOCK
1569,1571,FLOW
1569,1584,FLOW
1569,1584,UNWIND
1595,1571,HAS_BLOCK
1571,1573,FLOW
1571,1579,FLOW
1571,1579,UNWIND
1595,1573,HAS_BLOCK
1573,1577,FLOW
1573,1579,FLOW
1573,1579,UNWIND
1595,1577,HAS_BLOCK
1577,1578,FLOW
1577,1584,FLOW
1577,1584,UNWIND
1595,1578,HAS_BLOCK
1578,1595,RETURN
1595,1579,HAS_BLOCK
1579,1584,FLOW
1595,1580,HAS_BLOCK
1580,1581,FLOW
1595,1581,HAS_BLOCK
1581,1582,FLOW
1595,1582,HAS_BLOCK
1582,1583,FLOW
1595,1583,HAS_BLOCK
1583,1584,FLOW
1595,1584,HAS_BLOCK
1584,1585,FLOW
1595,1585,HAS_BLOCK
1496,1497,HAS_PARAM
1496,1498,HAS_PARAM
1496,1499,HAS_PARAM
1496,1500,HAS_PARAM
1496,1501,HAS_PARAM
1496,1502,HAS_PARAM
1496,1368,HAS_BLOCK
1368,1370,FLOW
1368,1347,CALL
1496,1370,HAS_BLOCK
1370,1412,FLOW
1370,1391,FLOW
1496,1391,HAS_BLOCK
1391,1429,FLOW
1496,1412,HAS_BLOCK
1412,1429,FLOW
1496,1429,HAS_BLOCK
1429,1468,FLOW
1429,1448,FLOW
1496,1448,HAS_BLOCK
1448,1482,FLOW
1496,1468,HAS_BLOCK
1468,1482,FLOW
1496,1482,HAS_BLOCK
1482,1493,FLOW
1482,1733,CALL
1496,1493,HAS_BLOCK
1493,1495,FLOW
1493,1485,FLOW
1493,1485,UNWIND
1493,1699,CALL
1496,1495,HAS_BLOCK
1495,1371,FLOW
1495,1450,FLOW
1495,1490,FLOW
1496,1371,HAS_BLOCK
1371,1373,FLOW
1371,1484,FLOW
1371,1484,UNWIND
1496,1373,HAS_BLOCK
1373,1375,FLOW
1373,1484,FLOW
1373,1484,UNWIND
1496,1375,HAS_BLOCK
1375,1377,FLOW
1375,1484,FLOW
1375,1484,UNWIND
1496,1377,HAS_BLOCK
1377,1379,FLOW
1377,1484,FLOW
1377,1484,UNWIND
1496,1379,HAS_BLOCK
1379,1381,FLOW
1379,1484,FLOW
1379,1484,UNWIND
1496,1381,HAS_BLOCK
1381,1383,FLOW
1381,1484,FLOW
1381,1484,UNWIND
1496,1383,HAS_BLOCK
1383,1385,FLOW
1383,1484,FLOW
1383,1484,UNWIND
1496,1385,HAS_BLOCK
1385,1387,FLOW
1385,1484,FLOW
1385,1484,UNWIND
1496,1387,HAS_BLOCK
1387,1389,FLOW
1387,1484,FLOW
1387,1484,UNWIND
1496,1389,HAS_BLOCK
1389,1392,FLOW
1389,1484,FLOW
1389,1484,UNWIND
1496,1392,HAS_BLOCK
1392,1394,FLOW
1392,1484,FLOW
1392,1484,UNWIND
1496,1394,HAS_BLOCK
1394,1396,FLOW
1394,1484,FLOW
1394,1484,UNWIND
1496,1396,HAS_BLOCK
1396,1398,FLOW
1396,1489,FLOW
1396,1489,UNWIND
1396,1365,CALL
1496,1398,HAS_BLOCK
1398,1400,FLOW
1398,1483,FLOW
1398,1483,UNWIND
1496,1400,HAS_BLOCK
1400,1402,FLOW
1400,1483,FLOW
1400,1483,UNWIND
1496,1402,HAS_BLOCK
1402,1404,FLOW
1402,1483,FLOW
1402,1483,UNWIND
1496,1404,HAS_BLOCK
1404,1406,FLOW
1404,1483,FLOW
1404,1483,UNWIND
1496,1406,HAS_BLOCK
1406,1408,FLOW
1406,1483,FLOW
1406,1483,UNWIND
1496,1408,HAS_BLOCK
1408,1410,FLOW
1408,1481,FLOW
1408,1481,UNWIND
1496,1410,HAS_BLOCK
1410,1413,FLOW
1410,1481,FLOW
1410,1481,UNWIND
1410,358,CALL
1496,1413,HAS_BLOCK
1413,1415,FLOW
1413,1480,FLOW
1413,1480,UNWIND
1496,1415,HAS_BLOCK
1415,1417,FLOW
1415,1480,FLOW
1415,1480,UNWIND
1496,1417,HAS_BLOCK
1417,1418,FLOW
1417,1481,FLOW
1417,1481,UNWIND
1496,1418,HAS_BLOCK
1418,1419,FLOW
1418,1483,FLOW
1418,1483,UNWIND
1496,1419,HAS_BLOCK
1419,1421,FLOW
1419,1483,FLOW
1419,1483,UNWIND
1496,1421,HAS_BLOCK
1421,1423,FLOW
1421,1483,FLOW
1421,1483,UNWIND
1496,1423,HAS_BLOCK
1423,1425,FLOW
1423,1483,FLOW
1423,1483,UNWIND
1496,1425,HAS_BLOCK
1425,1434,FLOW
1425,1426,FLOW
1496,1426,HAS_BLOCK
1426,1428,FLOW
1426,1483,FLOW
1426,1483,UNWIND
1426,1641,CALL
1496,1428,HAS_BLOCK
1428,1430,FLOW
1428,1434,FLOW
1496,1430,HAS_BLOCK
1430,1432,FLOW
1430,1483,FLOW
1430,1483,UNWIND
1496,1432,HAS_BLOCK
1432,1483,FLOW
1432,1483,UNWIND
1496,1434,HAS_BLOCK
1434,1436,FLOW
1434,1483,FLOW
1434,1483,UNWIND
1496,1436,HAS_BLOCK
1436,1438,FLOW
1436,1483,FLOW
1436,1483,UNWIND
1496,1438,HAS_BLOCK
1438,1440,FLOW
1438,1483,FLOW
1438,1483,UNWIND
1496,1440,HAS_BLOCK
1440,1442,FLOW
1440,1483,FLOW
1440,1483,UNWIND
1496,1442,HAS_BLOCK
1442,1444,FLOW
1442,1479,FLOW
1442,1479,UNWIND
1496,1444,HAS_BLOCK
1444,1446,FLOW
1444,1479,FLOW
1444,1479,UNWIND
1496,1446,HAS_BLOCK
1446,1447,FLOW
1446,1483,FLOW
1446,1483,UNWIND
1496,1447,HAS_BLOCK
1447,1449,FLOW
1447,1489,FLOW
1447,1489,UNWIND
1496,1449,HAS_BLOCK
1449,1475,FLOW
1496,1450,HAS_BLOCK
1450,1452,FLOW
1450,1484,FLOW
1450,1484,UNWIND
1496,1452,HAS_BLOCK
1452,1454,FLOW
1452,1484,FLOW
1452,1484,UNWIND
1496,1454,HAS_BLOCK
1454,1456,FLOW
1454,1484,FLOW
1454,1484,UNWIND
1496,1456,HAS_BLOCK
1456,1458,FLOW
1456,1484,FLOW
1456,1484,UNWIND
1496,1458,HAS_BLOCK
1458,1460,FLOW
1458,1484,FLOW
1458,1484,UNWIND
1496,1460,HAS_BLOCK
1460,1462,FLOW
1460,1484,FLOW
1460,1484,UNWIND
1496,1462,HAS_BLOCK
1462,1464,FLOW
1462,1484,FLOW
1462,1484,UNWIND
1496,1464,HAS_BLOCK
1464,1466,FLOW
1464,1484,FLOW
1464,1484,UNWIND
1496,1466,HAS_BLOCK
1466,1469,FLOW
1466,1484,FLOW
1466,1484,UNWIND
1496,1469,HAS_BLOCK
1469,1471,FLOW
1469,1484,FLOW
1469,1484,UNWIND
1496,1471,HAS_BLOCK
1471,1473,FLOW
1471,1484,FLOW
1471,1484,UNWIND
1496,1473,HAS_BLOCK
1473,1491,FLOW
1473,1484,FLOW
1473,1484,UNWIND
1496,1475,HAS_BLOCK
1475,1476,FLOW
1475,1485,FLOW
1475,1485,UNWIND
1496,1476,HAS_BLOCK
1476,1477,FLOW
1476,1486,FLOW
1476,1486,UNWIND
1496,1477,HAS_BLOCK
1477,1478,FLOW
1496,1478,HAS_BLOCK
1478,1496,RETURN
1496,1479,HAS_BLOCK
1479,1483,FLOW
1496,1480,HAS_BLOCK
1480,1481,FLOW
1496,1481,HAS_BLOCK
1481,1483,FLOW
1496,1483,HAS_BLOCK
1483,1489,FLOW
1496,1484,HAS_BLOCK
1484,1485,FLOW
1496,1485,HAS_BLOCK
1485,1486,FLOW
1496,1486,HAS_BLOCK
1486,1487,FLOW
1496,1487,HAS_BLOCK
1496,1488,HAS_BLOCK
1488,1484,FLOW
1496,1489,HAS_BLOCK
1489,1484,FLOW
1489,1488,FLOW
1496,1490,HAS_BLOCK
1496,1491,HAS_BLOCK
1491,1475,FLOW
1641,1642,HAS_PARAM
1641,1643,HAS_PARAM
1641,1601,HAS_BLOCK
1601,1603,FLOW
1641,1603,HAS_BLOCK
1603,1616,FLOW
1603,1629,FLOW
1641,1616,HAS_BLOCK
1616,1633,FLOW
1641,1629,HAS_BLOCK
1629,1632,FLOW
1641,1633,HAS_BLOCK
1633,1634,FLOW
1641,1634,HAS_BLOCK
1634,1636,FLOW
1641,1636,HAS_BLOCK
1636,1640,FLOW
1636,1638,FLOW
1636,1637,FLOW
1641,1637,HAS_BLOCK
1641,1638,HAS_BLOCK
1638,1604,FLOW
1641,1640,HAS_BLOCK
1640,1632,FLOW
1641,1604,HAS_BLOCK
1604,1605,FLOW
1604,1634,FLOW
1641,1605,HAS_BLOCK
1605,1607,FLOW
1641,1607,HAS_BLOCK
1607,1608,FLOW
1641,1608,HAS_BLOCK
1608,1610,FLOW
1641,1610,HAS_BLOCK
1610,1634,FLOW
1610,1611,FLOW
1610,1637,FLOW
1641,1611,HAS_BLOCK
1611,1623,FLOW
1611,1612,FLOW
1611,1614,FLOW
1611,1615,FLOW
1611,1617,FLOW
1611,1618,FLOW
1611,1613,FLOW
1611,1608,FLOW
1641,1612,HAS_BLOCK
1612,1625,FLOW
1612,1608,FLOW
1612,1637,FLOW
1641,1613,HAS_BLOCK
1613,1624,FLOW
1613,1608,FLOW
1613,1637,FLOW
1641,1614,HAS_BLOCK
1614,1622,FLOW
1614,1608,FLOW
1614,1637,FLOW
1641,1615,HAS_BLOCK
1615,1621,FLOW
1615,1608,FLOW
1615,1637,FLOW
1641,1617,HAS_BLOCK
1617,1620,FLOW
1617,1608,FLOW
1617,1637,FLOW
1641,1618,HAS_BLOCK
1618,1619,FLOW
1618,1608,FLOW
1618,1637,FLOW
1641,1619,HAS_BLOCK
1619,1626,FLOW
1641,1620,HAS_BLOCK
1620,1626,FLOW
1641,1621,HAS_BLOCK
1621,1626,FLOW
1641,1622,HAS_BLOCK
1622,1626,FLOW
1641,1623,HAS_BLOCK
1623,1626,FLOW
1641,1624,HAS_BLOCK
1624,1632,FLOW
1641,1625,HAS_BLOCK
1625,1632,FLOW
1641,1626,HAS_BLOCK
1626,1630,FLOW
1626,1653,CALL
1641,1630,HAS_BLOCK
1630,1608,FLOW
1630,1631,FLOW
1641,1631,HAS_BLOCK
1631,1632,FLOW
1641,1632,HAS_BLOCK
1632,1641,RETURN
1653,1654,HAS_PARAM
1653,1655,HAS_PARAM
1653,1644,HAS_BLOCK
1644,1646,FLOW
1653,1646,HAS_BLOCK
1646,1648,FLOW
1646,1647,FLOW
1653,1647,HAS_BLOCK
1647,1652,FLOW
1653,1648,HAS_BLOCK
1648,1650,FLOW
1653,1650,HAS_BLOCK
1650,1652,FLOW
1653,1652,HAS_BLOCK
1652,1653,RETURN
1365,1366,HAS_PARAM
1365,1367,HAS_PARAM
1365,1351,HAS_BLOCK
1351,1353,FLOW
1365,1353,HAS_BLOCK
1353,1354,FLOW
1353,1356,FLOW
1365,1354,HAS_BLOCK
1354,1358,FLOW
1365,1356,HAS_BLOCK
1356,1364,FLOW
1365,1358,HAS_BLOCK
1358,1360,FLOW
1365,1360,HAS_BLOCK
1360,1362,FLOW
1365,1362,HAS_BLOCK
1362,1364,FLOW
1365,1364,HAS_BLOCK
1364,1365,RETURN
1733,1734,HAS_PARAM
1733,1735,HAS_PARAM
1733,1702,HAS_BLOCK
1702,1704,FLOW
1733,1704,HAS_BLOCK
1704,1720,FLOW
1704,1717,FLOW
1733,1717,HAS_BLOCK
1717,1708,FLOW
1733,1720,HAS_BLOCK
1720,1722,FLOW
1733,1722,HAS_BLOCK
1722,1724,FLOW
1733,1724,HAS_BLOCK
1724,1726,FLOW
1733,1726,HAS_BLOCK
1726,1728,FLOW
1733,1728,HAS_BLOCK
1728,1730,FLOW
1728,1714,FLOW
1728,1714,UNWIND
1733,1730,HAS_BLOCK
1730,1732,FLOW
1730,1714,FLOW
1730,1714,UNWIND
1733,1732,HAS_BLOCK
1732,1705,FLOW
1732,1718,FLOW
1732,1718,UNWIND
1733,1705,HAS_BLOCK
1705,1707,FLOW
1705,1713,FLOW
1705,1713,UNWIND
1705,2620,CALL
1733,1707,HAS_BLOCK
1707,1711,FLOW
1733,1708,HAS_BLOCK
1708,1710,FLOW
1708,1712,FLOW
1708,1712,UNWIND
1733,1710,HAS_BLOCK
1710,1711,FLOW
1733,1711,HAS_BLOCK
1711,1733,RETURN
1733,1712,HAS_BLOCK
1712,1715,FLOW
1733,1713,HAS_BLOCK
1713,1718,FLOW
1733,1714,HAS_BLOCK
1714,1715,FLOW
1733,1715,HAS_BLOCK
1733,1716,HAS_BLOCK
1716,1715,FLOW
1733,1718,HAS_BLOCK
1718,1715,FLOW
1718,1716,FLOW
1699,1700,HAS_PARAM
1699,1701,HAS_PARAM
1699,1656,HAS_BLOCK
1656,1658,FLOW
1699,1658,HAS_BLOCK
1658,1677,FLOW
1658,1686,FLOW
1699,1677,HAS_BLOCK
1677,1688,FLOW
1699,1686,HAS_BLOCK
1686,1679,FLOW
1699,1688,HAS_BLOCK
1688,1691,FLOW
1688,1689,FLOW
1699,1689,HAS_BLOCK
1689,1679,FLOW
1699,1691,HAS_BLOCK
1691,1693,FLOW
1699,1693,HAS_BLOCK
1693,1695,FLOW
1699,1695,HAS_BLOCK
1695,1697,FLOW
1699,1697,HAS_BLOCK
1697,1659,FLOW
1699,1659,HAS_BLOCK
1659,1661,FLOW
1659,1681,FLOW
1659,1681,UNWIND
1699,1661,HAS_BLOCK
1661,1664,FLOW
1661,1662,FLOW
1699,1662,HAS_BLOCK
1662,1683,FLOW
1662,1681,FLOW
1662,1681,UNWIND
1699,1664,HAS_BLOCK
1664,1666,FLOW
1664,1681,FLOW
1664,1681,UNWIND
1699,1666,HAS_BLOCK
1666,1668,FLOW
1666,1681,FLOW
1666,1681,UNWIND
1699,1668,HAS_BLOCK
1668,1670,FLOW
1668,1680,FLOW
1668,1680,UNWIND
1699,1670,HAS_BLOCK
1670,1672,FLOW
1670,1680,FLOW
1670,1680,UNWIND
1699,1672,HAS_BLOCK
1672,1674,FLOW
1672,1680,FLOW
1672,1680,UNWIND
1699,1674,HAS_BLOCK
1674,1675,FLOW
1674,1681,FLOW
1674,1681,UNWIND
1699,1675,HAS_BLOCK
1675,1684,FLOW
1675,1681,FLOW
1675,1681,UNWIND
1699,1678,HAS_BLOCK
1678,1679,FLOW
1699,1679,HAS_BLOCK
1679,1699,RETURN
1699,1680,HAS_BLOCK
1680,1681,FLOW
1699,1681,HAS_BLOCK
1681,1682,FLOW
1699,1682,HAS_BLOCK
1699,1683,HAS_BLOCK
1683,1678,FLOW
1699,1684,HAS_BLOCK
1684,1678,FLOW
1840,1841,HAS_PARAM
1840,1842,HAS_PARAM
1840,1843,HAS_PARAM
1840,1844,HAS_PARAM
1840,1845,HAS_PARAM
1840,1846,HAS_PARAM
1840,1740,HAS_BLOCK
1740,1760,FLOW
1740,1741,FLOW
1840,1741,HAS_BLOCK
1741,1777,FLOW
1840,1760,HAS_BLOCK
1760,1777,FLOW
1840,1777,HAS_BLOCK
1777,1810,FLOW
1777,1827,FLOW
1777,1791,FLOW
1840,1791,HAS_BLOCK
1840,1810,HAS_BLOCK
1810,1754,FLOW
1810,2620,CALL
1840,1827,HAS_BLOCK
1827,1834,FLOW
1827,2620,CALL
1840,1834,HAS_BLOCK
1834,1836,FLOW
1834,1831,FLOW
1834,1831,UNWIND
1834,2620,CALL
1840,1836,HAS_BLOCK
1836,1838,FLOW
1836,1830,FLOW
1836,1830,UNWIND
1840,1838,HAS_BLOCK
1838,1742,FLOW
1838,1830,FLOW
1838,1830,UNWIND
1840,1742,HAS_BLOCK
1742,1744,FLOW
1742,1830,FLOW
1742,1830,UNWIND
1840,1744,HAS_BLOCK
1744,1746,FLOW
1744,1830,FLOW
1744,1830,UNWIND
1840,1746,HAS_BLOCK
1746,1748,FLOW
1746,1830,FLOW
1746,1830,UNWIND
1840,1748,HAS_BLOCK
1748,1750,FLOW
1748,1830,FLOW
1748,1830,UNWIND
1840,1750,HAS_BLOCK
1750,1751,FLOW
1750,1831,FLOW
1750,1831,UNWIND
1840,1751,HAS_BLOCK
1751,1752,FLOW
1840,1752,HAS_BLOCK
1752,1768,FLOW
1840,1754,HAS_BLOCK
1754,1756,FLOW
1754,1829,FLOW
1754,1829,UNWIND
1840,1756,HAS_BLOCK
1756,1758,FLOW
1756,1829,FLOW
1756,1829,UNWIND
1840,1758,HAS_BLOCK
1758,1761,FLOW
1758,1829,FLOW
1758,1829,UNWIND
1840,1761,HAS_BLOCK
1761,1763,FLOW
1761,1829,FLOW
1761,1829,UNWIND
1840,1763,HAS_BLOCK
1763,1765,FLOW
1763,1829,FLOW
1763,1829,UNWIND
1840,1765,HAS_BLOCK
1765,1766,FLOW
1840,1766,HAS_BLOCK
1766,1768,FLOW
1840,1768,HAS_BLOCK
1768,1770,FLOW
1768,1828,FLOW
1768,1828,UNWIND
1840,1770,HAS_BLOCK
1770,1772,FLOW
1770,1828,FLOW
1770,1828,UNWIND
1840,1772,HAS_BLOCK
1772,1773,FLOW
1840,1773,HAS_BLOCK
1773,1775,FLOW
1773,1828,FLOW
1773,1828,UNWIND
1840,1775,HAS_BLOCK
1775,1778,FLOW
1775,1776,FLOW
1775,1791,FLOW
1840,1776,HAS_BLOCK
1776,1781,FLOW
1776,1780,FLOW
1840,1778,HAS_BLOCK
1778,1811,FLOW
1778,1828,FLOW
1778,1828,UNWIND
1840,1780,HAS_BLOCK
1780,1782,FLOW
1840,1781,HAS_BLOCK
1781,1782,FLOW
1840,1782,HAS_BLOCK
1782,1773,FLOW
1782,1783,FLOW
1840,1783,HAS_BLOCK
1783,1785,FLOW
1783,1828,FLOW
1783,1828,UNWIND
1840,1785,HAS_BLOCK
1785,1786,FLOW
1785,1773,FLOW
1840,1786,HAS_BLOCK
1786,1788,FLOW
1786,1828,FLOW
1786,1828,UNWIND
1840,1788,HAS_BLOCK
1788,1790,FLOW
1788,1789,FLOW
1840,1789,HAS_BLOCK
1789,1792,FLOW
1840,1790,HAS_BLOCK
1790,1792,FLOW
1840,1792,HAS_BLOCK
1792,1794,FLOW
1792,1828,FLOW
1792,1828,UNWIND
1840,1794,HAS_BLOCK
1794,1796,FLOW
1794,1828,FLOW
1794,1828,UNWIND
1840,1796,HAS_BLOCK
1796,1798,FLOW
1796,1828,FLOW
1796,1828,UNWIND
1840,1798,HAS_BLOCK
1798,1800,FLOW
1798,1828,FLOW
1798,1828,UNWIND
1840,1800,HAS_BLOCK
1800,1802,FLOW
1800,1825,FLOW
1800,1825,UNWIND
1840,1802,HAS_BLOCK
1802,1804,FLOW
1802,1825,FLOW
1802,1825,UNWIND
1802,1496,CALL
1840,1804,HAS_BLOCK
1804,1806,FLOW
1804,1824,FLOW
1804,1824,UNWIND
1840,1806,HAS_BLOCK
1806,1808,FLOW
1806,1824,FLOW
1806,1824,UNWIND
1840,1808,HAS_BLOCK
1808,1809,FLOW
1808,1825,FLOW
1808,1825,UNWIND
1840,1809,HAS_BLOCK
1809,1773,FLOW
1809,1828,FLOW
1809,1828,UNWIND
1840,1811,HAS_BLOCK
1811,1813,FLOW
1811,1828,FLOW
1811,1828,UNWIND
1840,1813,HAS_BLOCK
1813,1815,FLOW
1813,1828,FLOW
1813,1828,UNWIND
1840,1815,HAS_BLOCK
1815,1817,FLOW
1815,1828,FLOW
1815,1828,UNWIND
1840,1817,HAS_BLOCK
1817,1819,FLOW
1817,1823,FLOW
1817,1823,UNWIND
1840,1819,HAS_BLOCK
1819,1821,FLOW
1819,1823,FLOW
1819,1823,UNWIND
1840,1821,HAS_BLOCK
1821,1822,FLOW
1821,1828,FLOW
1821,1828,UNWIND
1840,1822,HAS_BLOCK
1822,1840,RETURN
1840,1823,HAS_BLOCK
1823,1828,FLOW
1840,1824,HAS_BLOCK
1824,1825,FLOW
1840,1825,HAS_BLOCK
1825,1828,FLOW
1840,1828,HAS_BLOCK
1828,1832,FLOW
1840,1829,HAS_BLOCK
1829,1832,FLOW
1840,1830,HAS_BLOCK
1830,1831,FLOW
1840,1831,HAS_BLOCK
1831,1832,FLOW
1840,1832,HAS_BLOCK
1861,1862,HAS_PARAM
1861,1863,HAS_PARAM
1861,1864,HAS_PARAM
1861,1848,HAS_BLOCK
1848,1852,FLOW
1848,1850,FLOW
1848,1849,FLOW
1861,1849,HAS_BLOCK
1861,1850,HAS_BLOCK
1850,1860,FLOW
1850,2126,CALL
1861,1852,HAS_BLOCK
1852,1854,FLOW
1861,1854,HAS_BLOCK
1854,1856,FLOW
1861,1856,HAS_BLOCK
1856,1858,FLOW
1861,1858,HAS_BLOCK
1858,1860,FLOW
1858,1236,CALL
1861,1860,HAS_BLOCK
1860,1861,RETURN
2126,2127,HAS_PARAM
2126,2128,HAS_PARAM
2126,2129,HAS_PARAM
2126,1951,HAS_BLOCK
1951,1953,FLOW
2126,1953,HAS_BLOCK
1953,1962,FLOW
1953,1956,FLOW
1953,1954,FLOW
1953,2116,FLOW
1953,2096,FLOW
1953,2075,FLOW
1953,2056,FLOW
1953,2035,FLOW
1953,1960,FLOW
1953,1958,FLOW
1953,2014,FLOW
1953,1992,FLOW
1953,1971,FLOW
2126,1971,HAS_BLOCK
1971,2117,FLOW
2126,1992,HAS_BLOCK
1992,2117,FLOW
1992,2148,CALL
2126,2014,HAS_BLOCK
2014,2087,FLOW
2014,1347,CALL
2126,2035,HAS_BLOCK
2035,2057,FLOW
2035,1347,CALL
2126,2056,HAS_BLOCK
2056,2030,FLOW
2056,1347,CALL
2126,2075,HAS_BLOCK
2075,2117,FLOW
2075,1496,CALL
2126,2096,HAS_BLOCK
2096,2117,FLOW
2096,1840,CALL
2126,2116,HAS_BLOCK
2116,2028,FLOW
2126,1954,HAS_BLOCK
1954,2022,FLOW
2126,1956,HAS_BLOCK
1956,2016,FLOW
2126,1958,HAS_BLOCK
1958,1993,FLOW
1958,1347,CALL
2126,1960,HAS_BLOCK
1960,1964,FLOW
1960,1347,CALL
2126,1962,HAS_BLOCK
1962,2117,FLOW
1962,1945,CALL
2126,1964,HAS_BLOCK
1964,1966,FLOW
1964,1965,FLOW
2126,1965,HAS_BLOCK
1965,1967,FLOW
2126,1966,HAS_BLOCK
1966,1967,FLOW
2126,1967,HAS_BLOCK
1967,1969,FLOW
2126,1969,HAS_BLOCK
1969,1972,FLOW
2126,1972,HAS_BLOCK
1972,1974,FLOW
1972,2123,FLOW
1972,2123,UNWIND
2126,1974,HAS_BLOCK
1974,1976,FLOW
1974,2123,FLOW
1974,2123,UNWIND
2126,1976,HAS_BLOCK
1976,1978,FLOW
1976,2123,FLOW
1976,2123,UNWIND
2126,1978,HAS_BLOCK
1978,1980,FLOW
1978,2123,FLOW
1978,2123,UNWIND
2126,1980,HAS_BLOCK
1980,1982,FLOW
1980,2123,FLOW
1980,2123,UNWIND
2126,1982,HAS_BLOCK
1982,1984,FLOW
1982,2123,FLOW
1982,2123,UNWIND
2126,1984,HAS_BLOCK
1984,1986,FLOW
1984,2123,FLOW
1984,2123,UNWIND
2126,1986,HAS_BLOCK
1986,1988,FLOW
1986,2123,FLOW
1986,2123,UNWIND
2126,1988,HAS_BLOCK
1988,1990,FLOW
1988,2123,FLOW
1988,2123,UNWIND
2126,1990,HAS_BLOCK
1990,2117,FLOW
2126,1993,HAS_BLOCK
1993,1995,FLOW
2126,1995,HAS_BLOCK
1995,1997,FLOW
2126,1997,HAS_BLOCK
1997,1999,FLOW
1997,2122,FLOW
1997,2122,UNWIND
2126,1999,HAS_BLOCK
1999,2001,FLOW
1999,2122,FLOW
1999,2122,UNWIND
2126,2001,HAS_BLOCK
2001,2003,FLOW
2001,2122,FLOW
2001,2122,UNWIND
2126,2003,HAS_BLOCK
2003,2005,FLOW
2003,2122,FLOW
2003,2122,UNWIND
2126,2005,HAS_BLOCK
2005,2007,FLOW
2005,2122,FLOW
2005,2122,UNWIND
2126,2007,HAS_BLOCK
2007,2009,FLOW
2007,2122,FLOW
2007,2122,UNWIND
2126,2009,HAS_BLOCK
2009,2011,FLOW
2009,2122,FLOW
2009,2122,UNWIND
2126,2011,HAS_BLOCK
2011,2015,FLOW
2011,2122,FLOW
2011,2122,UNWIND
2126,2015,HAS_BLOCK
2015,2117,FLOW
2126,2016,HAS_BLOCK
2016,2018,FLOW
2126,2018,HAS_BLOCK
2018,2020,FLOW
2126,2020,HAS_BLOCK
2020,2117,FLOW
2020,2457,CALL
2126,2022,HAS_BLOCK
2022,2024,FLOW
2126,2024,HAS_BLOCK
2024,2026,FLOW
2126,2026,HAS_BLOCK
2026,2117,FLOW
2026,2311,CALL
2126,2028,HAS_BLOCK
2028,2117,FLOW
2028,1595,CALL
2126,2030,HAS_BLOCK
2030,2032,FLOW
2126,2032,HAS_BLOCK
2032,2036,FLOW
2032,2620,CALL
2126,2036,HAS_BLOCK
2036,2038,FLOW
2036,2121,FLOW
2036,2121,UNWIND
2126,2038,HAS_BLOCK
2038,2040,FLOW
2038,2121,FLOW
2038,2121,UNWIND
2126,2040,HAS_BLOCK
2040,2042,FLOW
2040,2121,FLOW
2040,2121,UNWIND
2126,2042,HAS_BLOCK
2042,2044,FLOW
2042,2121,FLOW
2042,2121,UNWIND
2126,2044,HAS_BLOCK
2044,2046,FLOW
2044,2121,FLOW
2044,2121,UNWIND
2126,2046,HAS_BLOCK
2046,2048,FLOW
2046,2121,FLOW
2046,2121,UNWIND
2126,2048,HAS_BLOCK
2048,2050,FLOW
2048,2121,FLOW
2048,2121,UNWIND
2126,2050,HAS_BLOCK
2050,2052,FLOW
2050,2121,FLOW
2050,2121,UNWIND
2126,2052,HAS_BLOCK
2052,2053,FLOW
2126,2053,HAS_BLOCK
2053,2117,FLOW
2126,2057,HAS_BLOCK
2057,2059,FLOW
2057,2058,FLOW
2126,2058,HAS_BLOCK
2058,2060,FLOW
2126,2059,HAS_BLOCK
2059,2060,FLOW
2126,2060,HAS_BLOCK
2060,2062,FLOW
2126,2062,HAS_BLOCK
2062,2064,FLOW
2062,2620,CALL
2126,2064,HAS_BLOCK
2064,2066,FLOW
2064,2120,FLOW
2064,2120,UNWIND
2126,2066,HAS_BLOCK
2066,2068,FLOW
2066,2120,FLOW
2066,2120,UNWIND
2126,2068,HAS_BLOCK
2068,2070,FLOW
2068,2120,FLOW
2068,2120,UNWIND
2126,2070,HAS_BLOCK
2070,2072,FLOW
2070,2120,FLOW
2070,2120,UNWIND
2126,2072,HAS_BLOCK
2072,2076,FLOW
2072,2120,FLOW
2072,2120,UNWIND
2126,2076,HAS_BLOCK
2076,2078,FLOW
2076,2120,FLOW
2076,2120,UNWIND
2126,2078,HAS_BLOCK
2078,2080,FLOW
2078,2120,FLOW
2078,2120,UNWIND
2126,2080,HAS_BLOCK
2080,2082,FLOW
2080,2120,FLOW
2080,2120,UNWIND
2126,2082,HAS_BLOCK
2082,2084,FLOW
2082,2120,FLOW
2082,2120,UNWIND
2126,2084,HAS_BLOCK
2084,2085,FLOW
2126,2085,HAS_BLOCK
2085,2117,FLOW
2126,2087,HAS_BLOCK
2087,2089,FLOW
2126,2089,HAS_BLOCK
2089,2091,FLOW
2089,2547,CALL
2126,2091,HAS_BLOCK
2091,2093,FLOW
2091,2119,FLOW
2091,2119,UNWIND
2126,2093,HAS_BLOCK
2093,2097,FLOW
2093,2119,FLOW
2093,2119,UNWIND
2093,2620,CALL
2126,2097,HAS_BLOCK
2097,2099,FLOW
2097,2118,FLOW
2097,2118,UNWIND
2126,2099,HAS_BLOCK
2099,2101,FLOW
2099,2118,FLOW
2099,2118,UNWIND
2126,2101,HAS_BLOCK
2101,2103,FLOW
2101,2118,FLOW
2101,2118,UNWIND
2126,2103,HAS_BLOCK
2103,2105,FLOW
2103,2118,FLOW
2103,2118,UNWIND
2126,2105,HAS_BLOCK
2105,2107,FLOW
2105,2118,FLOW
2105,2118,UNWIND
2126,2107,HAS_BLOCK
2107,2109,FLOW
2107,2118,FLOW
2107,2118,UNWIND
2126,2109,HAS_BLOCK
2109,2111,FLOW
2109,2118,FLOW
2109,2118,UNWIND
2126,2111,HAS_BLOCK
2111,2112,FLOW
2111,2119,FLOW
2111,2119,UNWIND
2126,2112,HAS_BLOCK
2112,2114,FLOW
2112,2119,FLOW
2112,2119,UNWIND
2126,2114,HAS_BLOCK
2114,2117,FLOW
2126,2117,HAS_BLOCK
2117,2126,RETURN
2126,2118,HAS_BLOCK
2118,2119,FLOW
2126,2119,HAS_BLOCK
2119,2124,FLOW
2126,2120,HAS_BLOCK
2120,2124,FLOW
2126,2121,HAS_BLOCK
2121,2124,FLOW
2126,2122,HAS_BLOCK
2122,2124,FLOW
2126,2123,HAS_BLOCK
2123,2124,FLOW
2126,2124,HAS_BLOCK
1945,1946,HAS_PARAM
1945,1947,HAS_PARAM
1945,1948,HAS_PARAM
1945,1949,HAS_PARAM
1945,1950,HAS_PARAM
1945,1865,HAS_BLOCK
1865,1867,FLOW
1945,1867,HAS_BLOCK
1867,1885,FLOW
1945,1885,HAS_BLOCK
1885,1903,FLOW
1945,1903,HAS_BLOCK
1903,1923,FLOW
1945,1923,HAS_BLOCK
1923,1936,FLOW
1945,1936,HAS_BLOCK
1936,1938,FLOW
1936,1347,CALL
1945,1938,HAS_BLOCK
1938,1916,FLOW
1938,1939,FLOW
1945,1939,HAS_BLOCK
1939,1941,FLOW
1945,1941,HAS_BLOCK
1941,1943,FLOW
1945,1943,HAS_BLOCK
1943,1868,FLOW
1945,1868,HAS_BLOCK
1868,1870,FLOW
1945,1870,HAS_BLOCK
1870,1872,FLOW
1870,1933,FLOW
1870,1933,UNWIND
1945,1872,HAS_BLOCK
1872,1874,FLOW
1872,1932,FLOW
1872,1932,UNWIND
1945,1874,HAS_BLOCK
1874,1876,FLOW
1874,1932,FLOW
1874,1932,UNWIND
1945,1876,HAS_BLOCK
1876,1877,FLOW
1945,1877,HAS_BLOCK
1877,1879,FLOW
1877,1932,FLOW
1877,1932,UNWIND
1945,1879,HAS_BLOCK
1879,1882,FLOW
1879,1881,FLOW
1879,1880,FLOW
1945,1880,HAS_BLOCK
1945,1881,HAS_BLOCK
1881,1887,FLOW
1881,1886,FLOW
1945,1882,HAS_BLOCK
1882,1898,FLOW
1882,1932,FLOW
1882,1932,UNWIND
1945,1886,HAS_BLOCK
1886,1888,FLOW
1945,1887,HAS_BLOCK
1887,1888,FLOW
1945,1888,HAS_BLOCK
1888,1877,FLOW
1888,1889,FLOW
1945,1889,HAS_BLOCK
1889,1891,FLOW
1889,1932,FLOW
1889,1932,UNWIND
1945,1891,HAS_BLOCK
1891,1893,FLOW
1891,1932,FLOW
1891,1932,UNWIND
1891,2126,CALL
1945,1893,HAS_BLOCK
1893,1895,FLOW
1893,1931,FLOW
1893,1931,UNWIND
1945,1895,HAS_BLOCK
1895,1897,FLOW
1895,1931,FLOW
1895,1931,UNWIND
1945,1897,HAS_BLOCK
1897,1877,FLOW
1897,1932,FLOW
1897,1932,UNWIND
1945,1898,HAS_BLOCK
1898,1900,FLOW
1898,1932,FLOW
1898,1932,UNWIND
1945,1900,HAS_BLOCK
1900,1904,FLOW
1900,1932,FLOW
1900,1932,UNWIND
1945,1904,HAS_BLOCK
1904,1906,FLOW
1904,1932,FLOW
1904,1932,UNWIND
1945,1906,HAS_BLOCK
1906,1908,FLOW
1906,1932,FLOW
1906,1932,UNWIND
1945,1908,HAS_BLOCK
1908,1910,FLOW
1908,1932,FLOW
1908,1932,UNWIND
1945,1910,HAS_BLOCK
1910,1912,FLOW
1910,1932,FLOW
1910,1932,UNWIND
1945,1912,HAS_BLOCK
1912,1914,FLOW
1912,1932,FLOW
1912,1932,UNWIND
1945,1914,HAS_BLOCK
1914,1915,FLOW
1914,1933,FLOW
1914,1933,UNWIND
1945,1915,HAS_BLOCK
1915,1930,FLOW
1945,1916,HAS_BLOCK
1916,1918,FLOW
1945,1918,HAS_BLOCK
1918,1920,FLOW
1945,1920,HAS_BLOCK
1920,1924,FLOW
1945,1924,HAS_BLOCK
1924,1926,FLOW
1945,1926,HAS_BLOCK
1926,1928,FLOW
1945,1928,HAS_BLOCK
1928,1930,FLOW
1945,1930,HAS_BLOCK
1930,1945,RETURN
1945,1931,HAS_BLOCK
1931,1932,FLOW
1945,1932,HAS_BLOCK
1932,1933,FLOW
1945,1933,HAS_BLOCK
1933,1934,FLOW
1945,1934,HAS_BLOCK
2148,2149,HAS_PARAM
2148,2150,HAS_PARAM
2148,2151,HAS_PARAM
2148,2152,HAS_PARAM
2148,2131,HAS_BLOCK
2131,2133,FLOW
2148,2133,HAS_BLOCK
2133,2135,FLOW
2148,2135,HAS_BLOCK
2135,2137,FLOW
2148,2137,HAS_BLOCK
2137,2139,FLOW
2148,2139,HAS_BLOCK
2139,2141,FLOW
2148,2141,HAS_BLOCK
2141,2143,FLOW
2148,2143,HAS_BLOCK
2143,2145,FLOW
2148,2145,HAS_BLOCK
2145,2147,FLOW
2148,2147,HAS_BLOCK
2147,2148,RETURN
2457,2458,HAS_PARAM
2457,2459,HAS_PARAM
2457,2460,HAS_PARAM
2457,2461,HAS_PARAM
2457,2462,HAS_PARAM
2457,2463,HAS_PARAM
2457,2464,HAS_PARAM
2457,2465,HAS_PARAM
2457,2319,HAS_BLOCK
2319,2321,FLOW
2319,1347,CALL
2457,2321,HAS_BLOCK
2321,2342,FLOW
2457,2342,HAS_BLOCK
2342,2363,FLOW
2342,2547,CALL
2457,2363,HAS_BLOCK
2363,2384,FLOW
2363,2449,FLOW
2363,2449,UNWIND
2363,2507,CALL
2457,2384,HAS_BLOCK
2384,2439,FLOW
2384,2422,FLOW
2384,2402,FLOW
2457,2402,HAS_BLOCK
2402,2364,FLOW
2402,2448,FLOW
2402,2448,UNWIND
2457,2422,HAS_BLOCK
2422,2332,FLOW
2422,2448,FLOW
2422,2448,UNWIND
2457,2439,HAS_BLOCK
2439,2451,FLOW
2439,2448,FLOW
2439,2448,UNWIND
2457,2451,HAS_BLOCK
2451,2455,FLOW
2451,2448,FLOW
2451,2448,UNWIND
2457,2455,HAS_BLOCK
2455,2322,FLOW
2455,2448,FLOW
2455,2448,UNWIND
2457,2322,HAS_BLOCK
2322,2324,FLOW
2322,2448,FLOW
2322,2448,UNWIND
2457,2324,HAS_BLOCK
2324,2326,FLOW
2324,2448,FLOW
2324,2448,UNWIND
2457,2326,HAS_BLOCK
2326,2328,FLOW
2326,2448,FLOW
2326,2448,UNWIND
2457,2328,HAS_BLOCK
2328,2330,FLOW
2328,2448,FLOW
2328,2448,UNWIND
2457,2330,HAS_BLOCK
2330,2453,FLOW
2330,2448,FLOW
2330,2448,UNWIND
2457,2332,HAS_BLOCK
2332,2334,FLOW
2332,2448,FLOW
2332,2448,UNWIND
2457,2334,HAS_BLOCK
2334,2336,FLOW
2334,2448,FLOW
2334,2448,UNWIND
2457,2336,HAS_BLOCK
2336,2338,FLOW
2336,2447,FLOW
2336,2447,UNWIND
2457,2338,HAS_BLOCK
2338,2340,FLOW
2338,2447,FLOW
2338,2447,UNWIND
2457,2340,HAS_BLOCK
2340,2343,FLOW
2340,2446,FLOW
2340,2446,UNWIND
2457,2343,HAS_BLOCK
2343,2345,FLOW
2343,2446,FLOW
2343,2446,UNWIND
2457,2345,HAS_BLOCK
2345,2347,FLOW
2345,2446,FLOW
2345,2446,UNWIND
2457,2347,HAS_BLOCK
2347,2349,FLOW
2347,2446,FLOW
2347,2446,UNWIND
2457,2349,HAS_BLOCK
2349,2351,FLOW
2349,2446,FLOW
2349,2446,UNWIND
2457,2351,HAS_BLOCK
2351,2353,FLOW
2351,2446,FLOW
2351,2446,UNWIND
2457,2353,HAS_BLOCK
2353,2355,FLOW
2353,2446,FLOW
2353,2446,UNWIND
2457,2355,HAS_BLOCK
2355,2357,FLOW
2355,2446,FLOW
2355,2446,UNWIND
2457,2357,HAS_BLOCK
2357,2359,FLOW
2357,2446,FLOW
2357,2446,UNWIND
2457,2359,HAS_BLOCK
2359,2361,FLOW
2359,2446,FLOW
2359,2446,UNWIND
2457,2361,HAS_BLOCK
2361,2436,FLOW
2361,2448,FLOW
2361,2448,UNWIND
2457,2364,HAS_BLOCK
2364,2366,FLOW
2364,2448,FLOW
2364,2448,UNWIND
2457,2366,HAS_BLOCK
2366,2368,FLOW
2366,2448,FLOW
2366,2448,UNWIND
2457,2368,HAS_BLOCK
2368,2370,FLOW
2368,2448,FLOW
2368,2448,UNWIND
2457,2370,HAS_BLOCK
2370,2372,FLOW
2370,2448,FLOW
2370,2448,UNWIND
2457,2372,HAS_BLOCK
2372,2374,FLOW
2372,2448,FLOW
2372,2448,UNWIND
2457,2374,HAS_BLOCK
2374,2376,FLOW
2374,2448,FLOW
2374,2448,UNWIND
2457,2376,HAS_BLOCK
2376,2378,FLOW
2376,2448,FLOW
2376,2448,UNWIND
2457,2378,HAS_BLOCK
2378,2380,FLOW
2378,2445,FLOW
2378,2445,UNWIND
2457,2380,HAS_BLOCK
2380,2381,FLOW
2457,2381,HAS_BLOCK
2381,2385,FLOW
2381,2445,FLOW
2381,2445,UNWIND
2457,2385,HAS_BLOCK
2385,2389,FLOW
2385,2387,FLOW
2385,2386,FLOW
2457,2386,HAS_BLOCK
2457,2387,HAS_BLOCK
2387,2391,FLOW
2387,2445,FLOW
2387,2445,UNWIND
2457,2389,HAS_BLOCK
2389,2424,FLOW
2389,2445,FLOW
2389,2445,UNWIND
2457,2391,HAS_BLOCK
2391,2392,FLOW
2391,2381,FLOW
2457,2392,HAS_BLOCK
2392,2394,FLOW
2392,2445,FLOW
2392,2445,UNWIND
2457,2394,HAS_BLOCK
2394,2396,FLOW
2394,2445,FLOW
2394,2445,UNWIND
2457,2396,HAS_BLOCK
2396,2398,FLOW
2396,2444,FLOW
2396,2444,UNWIND
2396,1347,CALL
2457,2398,HAS_BLOCK
2398,2400,FLOW
2398,2444,FLOW
2398,2444,UNWIND
2398,2620,CALL
2457,2400,HAS_BLOCK
2400,2403,FLOW
2400,2443,FLOW
2400,2443,UNWIND
2457,2403,HAS_BLOCK
2403,2405,FLOW
2403,2443,FLOW
2403,2443,UNWIND
2457,2405,HAS_BLOCK
2405,2407,FLOW
2405,2443,FLOW
2405,2443,UNWIND
2457,2407,HAS_BLOCK
2407,2409,FLOW
2407,2443,FLOW
2407,2443,UNWIND
2457,2409,HAS_BLOCK
2409,2411,FLOW
2409,2443,FLOW
2409,2443,UNWIND
2457,2411,HAS_BLOCK
2411,2413,FLOW
2411,2443,FLOW
2411,2443,UNWIND
2457,2413,HAS_BLOCK
2413,2414,FLOW
2413,2444,FLOW
2413,2444,UNWIND
2457,2414,HAS_BLOCK
2414,2416,FLOW
2414,2444,FLOW
2414,2444,UNWIND
2457,2416,HAS_BLOCK
2416,2418,FLOW
2416,2442,FLOW
2416,2442,UNWIND
2457,2418,HAS_BLOCK
2418,2420,FLOW
2418,2442,FLOW
2418,2442,UNWIND
2457,2420,HAS_BLOCK
2420,2423,FLOW
2420,2444,FLOW
2420,2444,UNWIND
2457,2423,HAS_BLOCK
2423,2381,FLOW
2423,2445,FLOW
2423,2445,UNWIND
2457,2424,HAS_BLOCK
2424,2426,FLOW
2424,2445,FLOW
2424,2445,UNWIND
2457,2426,HAS_BLOCK
2426,2428,FLOW
2426,2445,FLOW
2426,2445,UNWIND
2457,2428,HAS_BLOCK
2428,2430,FLOW
2428,2445,FLOW
2428,2445,UNWIND
2457,2430,HAS_BLOCK
2430,2432,FLOW
2430,2441,FLOW
2430,2441,UNWIND
2457,2432,HAS_BLOCK
2432,2434,FLOW
2432,2441,FLOW
2432,2441,UNWIND
2457,2434,HAS_BLOCK
2434,2435,FLOW
2434,2445,FLOW
2434,2445,UNWIND
2457,2435,HAS_BLOCK
2435,2436,FLOW
2457,2436,HAS_BLOCK
2436,2437,FLOW
2436,2449,FLOW
2436,2449,UNWIND
2457,2437,HAS_BLOCK
2437,2440,FLOW
2457,2440,HAS_BLOCK
2440,2457,RETURN
2457,2441,HAS_BLOCK
2441,2445,FLOW
2457,2442,HAS_BLOCK
2442,2444,FLOW
2457,2443,HAS_BLOCK
2443,2444,FLOW
2457,2444,HAS_BLOCK
2444,2445,FLOW
2457,2445,HAS_BLOCK
2445,2448,FLOW
2457,2446,HAS_BLOCK
2446,2448,FLOW
2457,2447,HAS_BLOCK
2447,2448,FLOW
2457,2448,HAS_BLOCK
2448,2449,FLOW
2457,2449,HAS_BLOCK
2449,2452,FLOW
2457,2452,HAS_BLOCK
2457,2453,HAS_BLOCK
2453,2436,FLOW
2311,2312,HAS_PARAM
2311,2313,HAS_PARAM
2311,2314,HAS_PARAM
2311,2315,HAS_PARAM
2311,2316,HAS_PARAM
2311,2317,HAS_PARAM
2311,2318,HAS_PARAM
2311,2156,HAS_BLOCK
2156,2158,FLOW
2156,1347,CALL
2311,2158,HAS_BLOCK
2158,2176,FLOW
2158,2547,CALL
2311,2176,HAS_BLOCK
2176,2197,FLOW
2176,2308,FLOW
2176,2308,UNWIND
2176,2507,CALL
2311,2197,HAS_BLOCK
2197,2217,FLOW
2197,2305,FLOW
2197,2305,UNWIND
2311,2217,HAS_BLOCK
2217,2238,FLOW
2217,2305,FLOW
2217,2305,UNWIND
2311,2238,HAS_BLOCK
2238,2257,FLOW
2238,2305,FLOW
2238,2305,UNWIND
2311,2257,HAS_BLOCK
2257,2278,FLOW
2257,2305,FLOW
2257,2305,UNWIND
2311,2278,HAS_BLOCK
2278,2295,FLOW
2278,2305,FLOW
2278,2305,UNWIND
2311,2295,HAS_BLOCK
2295,2307,FLOW
2295,2305,FLOW
2295,2305,UNWIND
2311,2307,HAS_BLOCK
2307,2159,FLOW
2307,2305,FLOW
2307,2305,UNWIND
2311,2159,HAS_BLOCK
2159,2161,FLOW
2159,2305,FLOW
2159,2305,UNWIND
2311,2161,HAS_BLOCK
2161,2163,FLOW
2161,2305,FLOW
2161,2305,UNWIND
2311,2163,HAS_BLOCK
2163,2165,FLOW
2163,2304,FLOW
2163,2304,UNWIND
2311,2165,HAS_BLOCK
2165,2166,FLOW
2311,2166,HAS_BLOCK
2166,2168,FLOW
2166,2304,FLOW
2166,2304,UNWIND
2311,2168,HAS_BLOCK
2168,2172,FLOW
2168,2170,FLOW
2168,2169,FLOW
2311,2169,HAS_BLOCK
2311,2170,HAS_BLOCK
2170,2174,FLOW
2170,2304,FLOW
2170,2304,UNWIND
2311,2172,HAS_BLOCK
2172,2280,FLOW
2172,2304,FLOW
2172,2304,UNWIND
2311,2174,HAS_BLOCK
2174,2177,FLOW
2174,2166,FLOW
2311,2177,HAS_BLOCK
2177,2179,FLOW
2177,2304,FLOW
2177,2304,UNWIND
2311,2179,HAS_BLOCK
2179,2199,FLOW
2179,2180,FLOW
2311,2180,HAS_BLOCK
2180,2182,FLOW
2180,2304,FLOW
2180,2304,UNWIND
2311,2182,HAS_BLOCK
2182,2184,FLOW
2182,2304,FLOW
2182,2304,UNWIND
2311,2184,HAS_BLOCK
2184,2186,FLOW
2184,2304,FLOW
2184,2304,UNWIND
2311,2186,HAS_BLOCK
2186,2188,FLOW
2186,2304,FLOW
2186,2304,UNWIND
2311,2188,HAS_BLOCK
2188,2190,FLOW
2188,2304,FLOW
2188,2304,UNWIND
2311,2190,HAS_BLOCK
2190,2192,FLOW
2190,2304,FLOW
2190,2304,UNWIND
2311,2192,HAS_BLOCK
2192,2194,FLOW
2192,2303,FLOW
2192,2303,UNWIND
2311,2194,HAS_BLOCK
2194,2198,FLOW
2194,2303,FLOW
2194,2303,UNWIND
2311,2198,HAS_BLOCK
2198,2166,FLOW
2198,2304,FLOW
2198,2304,UNWIND
2311,2199,HAS_BLOCK
2199,2201,FLOW
2199,2304,FLOW
2199,2304,UNWIND
2311,2201,HAS_BLOCK
2201,2203,FLOW
2201,2304,FLOW
2201,2304,UNWIND
2311,2203,HAS_BLOCK
2203,2205,FLOW
2203,2304,FLOW
2203,2304,UNWIND
2311,2205,HAS_BLOCK
2205,2243,FLOW
2205,2206,FLOW
2311,2206,HAS_BLOCK
2206,2208,FLOW
2206,2304,FLOW
2206,2304,UNWIND
2311,2208,HAS_BLOCK
2208,2210,FLOW
2208,2304,FLOW
2208,2304,UNWIND
2311,2210,HAS_BLOCK
2210,2212,FLOW
2210,2304,FLOW
2210,2304,UNWIND
2311,2212,HAS_BLOCK
2212,2214,FLOW
2212,2304,FLOW
2212,2304,UNWIND
2311,2214,HAS_BLOCK
2214,2218,FLOW
2214,2302,FLOW
2214,2302,UNWIND
2311,2218,HAS_BLOCK
2218,2220,FLOW
2218,2302,FLOW
2218,2302,UNWIND
2311,2220,HAS_BLOCK
2220,2221,FLOW
2220,2301,FLOW
2220,2301,UNWIND
2311,2221,HAS_BLOCK
2221,2223,FLOW
2221,2301,FLOW
2221,2301,UNWIND
2311,2223,HAS_BLOCK
2223,2225,FLOW
2223,2301,FLOW
2223,2301,UNWIND
2311,2225,HAS_BLOCK
2225,2227,FLOW
2225,2301,FLOW
2225,2301,UNWIND
2311,2227,HAS_BLOCK
2227,2229,FLOW
2227,2301,FLOW
2227,2301,UNWIND
2311,2229,HAS_BLOCK
2229,2231,FLOW
2229,2301,FLOW
2229,2301,UNWIND
2311,2231,HAS_BLOCK
2231,2233,FLOW
2231,2301,FLOW
2231,2301,UNWIND
2311,2233,HAS_BLOCK
2233,2235,FLOW
2233,2301,FLOW
2233,2301,UNWIND
2311,2235,HAS_BLOCK
2235,2239,FLOW
2235,2300,FLOW
2235,2300,UNWIND
2311,2239,HAS_BLOCK
2239,2241,FLOW
2239,2300,FLOW
2239,2300,UNWIND
2311,2241,HAS_BLOCK
2241,2242,FLOW
2241,2301,FLOW
2241,2301,UNWIND
2311,2242,HAS_BLOCK
2242,2166,FLOW
2242,2304,FLOW
2242,2304,UNWIND
2311,2243,HAS_BLOCK
2243,2245,FLOW
2243,2304,FLOW
2243,2304,UNWIND
2311,2245,HAS_BLOCK
2245,2247,FLOW
2245,2304,FLOW
2245,2304,UNWIND
2311,2247,HAS_BLOCK
2247,2249,FLOW
2247,2304,FLOW
2247,2304,UNWIND
2311,2249,HAS_BLOCK
2249,2251,FLOW
2249,2304,FLOW
2249,2304,UNWIND
2311,2251,HAS_BLOCK
2251,2253,FLOW
2251,2299,FLOW
2251,2299,UNWIND
2311,2253,HAS_BLOCK
2253,2255,FLOW
2253,2299,FLOW
2253,2299,UNWIND
2311,2255,HAS_BLOCK
2255,2258,FLOW
2255,2298,FLOW
2255,2298,UNWIND
2311,2258,HAS_BLOCK
2258,2260,FLOW
2258,2298,FLOW
2258,2298,UNWIND
2311,2260,HAS_BLOCK
2260,2262,FLOW
2260,2298,FLOW
2260,2298,UNWIND
2311,2262,HAS_BLOCK
2262,2264,FLOW
2262,2298,FLOW
2262,2298,UNWIND
2311,2264,HAS_BLOCK
2264,2266,FLOW
2264,2298,FLOW
2264,2298,UNWIND
2311,2266,HAS_BLOCK
2266,2268,FLOW
2266,2298,FLOW
2266,2298,UNWIND
2311,2268,HAS_BLOCK
2268,2270,FLOW
2268,2298,FLOW
2268,2298,UNWIND
2311,2270,HAS_BLOCK
2270,2272,FLOW
2270,2298,FLOW
2270,2298,UNWIND
2311,2272,HAS_BLOCK
2272,2274,FLOW
2272,2297,FLOW
2272,2297,UNWIND
2311,2274,HAS_BLOCK
2274,2276,FLOW
2274,2297,FLOW
2274,2297,UNWIND
2311,2276,HAS_BLOCK
2276,2279,FLOW
2276,2298,FLOW
2276,2298,UNWIND
2311,2279,HAS_BLOCK
2279,2166,FLOW
2279,2304,FLOW
2279,2304,UNWIND
2311,2280,HAS_BLOCK
2280,2282,FLOW
2280,2304,FLOW
2280,2304,UNWIND
2311,2282,HAS_BLOCK
2282,2284,FLOW
2282,2304,FLOW
2282,2304,UNWIND
2311,2284,HAS_BLOCK
2284,2286,FLOW
2284,2304,FLOW
2284,2304,UNWIND
2311,2286,HAS_BLOCK
2286,2288,FLOW
2286,2296,FLOW
2286,2296,UNWIND
2311,2288,HAS_BLOCK
2288,2290,FLOW
2288,2296,FLOW
2288,2296,UNWIND
2311,2290,HAS_BLOCK
2290,2291,FLOW
2290,2304,FLOW
2290,2304,UNWIND
2311,2291,HAS_BLOCK
2291,2292,FLOW
2291,2308,FLOW
2291,2308,UNWIND
2311,2292,HAS_BLOCK
2292,2293,FLOW
2311,2293,HAS_BLOCK
2293,2311,RETURN
2311,2296,HAS_BLOCK
2296,2304,FLOW
2311,2297,HAS_BLOCK
2297,2298,FLOW
2311,2298,HAS_BLOCK
2298,2304,FLOW
2311,2299,HAS_BLOCK
2299,2304,FLOW
2311,2300,HAS_BLOCK
2300,2301,FLOW
2311,2301,HAS_BLOCK
2301,2304,FLOW
2311,2302,HAS_BLOCK
2302,2304,FLOW
2311,2303,HAS_BLOCK
2303,2304,FLOW
2311,2304,HAS_BLOCK
2304,2305,FLOW
2311,2305,HAS_BLOCK
2305,2308,FLOW
2311,2308,HAS_BLOCK
2308,2309,FLOW
2311,2309,HAS_BLOCK
2547,2548,HAS_PARAM
2547,2549,HAS_PARAM
2547,2511,HAS_BLOCK
2511,2513,FLOW
2547,2513,HAS_BLOCK
2513,2534,FLOW
2513,2529,FLOW
2547,2529,HAS_BLOCK
2529,2526,FLOW
2547,2534,HAS_BLOCK
2534,2536,FLOW
2547,2536,HAS_BLOCK
2536,2538,FLOW
2547,2538,HAS_BLOCK
2538,2540,FLOW
2547,2540,HAS_BLOCK
2540,2542,FLOW
2540,2528,FLOW
2540,2528,UNWIND
2547,2542,HAS_BLOCK
2542,2545,FLOW
2542,2543,FLOW
2547,2543,HAS_BLOCK
2543,2531,FLOW
2543,2528,FLOW
2543,2528,UNWIND
2547,2545,HAS_BLOCK
2545,2514,FLOW
2545,2528,FLOW
2545,2528,UNWIND
2547,2514,HAS_BLOCK
2514,2516,FLOW
2514,2528,FLOW
2514,2528,UNWIND
2547,2516,HAS_BLOCK
2516,2518,FLOW
2516,2527,FLOW
2516,2527,UNWIND
2547,2518,HAS_BLOCK
2518,2520,FLOW
2518,2527,FLOW
2518,2527,UNWIND
2547,2520,HAS_BLOCK
2520,2522,FLOW
2520,2527,FLOW
2520,2527,UNWIND
2547,2522,HAS_BLOCK
2522,2523,FLOW
2522,2528,FLOW
2522,2528,UNWIND
2547,2523,HAS_BLOCK
2523,2532,FLOW
2523,2528,FLOW
2523,2528,UNWIND
2547,2525,HAS_BLOCK
2525,2526,FLOW
2547,2526,HAS_BLOCK
2526,2547,RETURN
2547,2527,HAS_BLOCK
2527,2528,FLOW
2547,2528,HAS_BLOCK
2528,2530,FLOW
2547,2530,HAS_BLOCK
2547,2531,HAS_BLOCK
2531,2525,FLOW
2547,2532,HAS_BLOCK
2532,2525,FLOW
2507,2508,HAS_PARAM
2507,2509,HAS_PARAM
2507,2510,HAS_PARAM
2507,2474,HAS_BLOCK
2474,2476,FLOW
2507,2476,HAS_BLOCK
2476,2491,FLOW
2507,2491,HAS_BLOCK
2491,2494,FLOW
2507,2494,HAS_BLOCK
2494,2496,FLOW
2494,2487,FLOW
2494,2487,UNWIND
2507,2496,HAS_BLOCK
2496,2499,FLOW
2496,2497,FLOW
2507,2497,HAS_BLOCK
2497,2489,FLOW
2497,2487,FLOW
2497,2487,UNWIND
2507,2499,HAS_BLOCK
2499,2501,FLOW
2499,2487,FLOW
2499,2487,UNWIND
2507,2501,HAS_BLOCK
2501,2503,FLOW
2501,2487,FLOW
2501,2487,UNWIND
2507,2503,HAS_BLOCK
2503,2505,FLOW
2503,2486,FLOW
2503,2486,UNWIND
2507,2505,HAS_BLOCK
2505,2477,FLOW
2505,2486,FLOW
2505,2486,UNWIND
2507,2477,HAS_BLOCK
2477,2479,FLOW
2477,2486,FLOW
2477,2486,UNWIND
2507,2479,HAS_BLOCK
2479,2481,FLOW
2479,2486,FLOW
2479,2486,UNWIND
2507,2481,HAS_BLOCK
2481,2482,FLOW
2481,2487,FLOW
2481,2487,UNWIND
2507,2482,HAS_BLOCK
2482,2492,FLOW
2482,2487,FLOW
2482,2487,UNWIND
2507,2484,HAS_BLOCK
2484,2485,FLOW
2507,2485,HAS_BLOCK
2485,2507,RETURN
2507,2486,HAS_BLOCK
2486,2487,FLOW
2507,2487,HAS_BLOCK
2487,2488,FLOW
2507,2488,HAS_BLOCK
2507,2489,HAS_BLOCK
2489,2484,FLOW
2507,2492,HAS_BLOCK
2492,2484,FLOW
2620,2621,HAS_PARAM
2620,2622,HAS_PARAM
2620,2593,HAS_BLOCK
2593,2595,FLOW
2620,2595,HAS_BLOCK
2595,2615,FLOW
2595,2614,FLOW
2595,2613,FLOW
2595,2611,FLOW
2595,2618,FLOW
2595,2612,FLOW
2595,2616,FLOW
2595,2609,FLOW
2620,2609,HAS_BLOCK
2609,2604,FLOW
2620,2611,HAS_BLOCK
2611,2600,FLOW
2620,2612,HAS_BLOCK
2612,2600,FLOW
2620,2613,HAS_BLOCK
2613,2600,FLOW
2620,2614,HAS_BLOCK
2614,2600,FLOW
2620,2615,HAS_BLOCK
2615,2600,FLOW
2620,2616,HAS_BLOCK
2616,2596,FLOW
2620,2618,HAS_BLOCK
2618,2608,FLOW
2618,2853,CALL
2620,2596,HAS_BLOCK
2596,2598,FLOW
2596,2472,CALL
2620,2598,HAS_BLOCK
2598,2608,FLOW
2620,2600,HAS_BLOCK
2600,2602,FLOW
2620,2602,HAS_BLOCK
2602,2608,FLOW
2620,2604,HAS_BLOCK
2604,2606,FLOW
2620,2606,HAS_BLOCK
2620,2608,HAS_BLOCK
2608,2620,RETURN
2853,2854,HAS_PARAM
2853,2855,HAS_PARAM
2853,2623,HAS_BLOCK
2623,2689,FLOW
2623,2687,FLOW
2623,2685,FLOW
2623,2677,FLOW
2623,2665,FLOW
2623,2646,FLOW
2623,2625,FLOW
2623,2833,FLOW
2623,2813,FLOW
2623,2793,FLOW
2623,2773,FLOW
2623,2753,FLOW
2623,2733,FLOW
2623,2714,FLOW
2623,2695,FLOW
2623,2624,FLOW
2853,2624,HAS_BLOCK
2853,2695,HAS_BLOCK
2695,2659,FLOW
2853,2714,HAS_BLOCK
2714,2653,FLOW
2853,2733,HAS_BLOCK
2733,2651,FLOW
2853,2753,HAS_BLOCK
2753,2850,FLOW
2753,2620,CALL
2853,2773,HAS_BLOCK
2773,2846,FLOW
2853,2793,HAS_BLOCK
2793,2837,FLOW
2793,2620,CALL
2853,2813,HAS_BLOCK
2813,2826,FLOW
2813,2620,CALL
2853,2833,HAS_BLOCK
2833,2794,FLOW
2853,2625,HAS_BLOCK
2625,2754,FLOW
2853,2646,HAS_BLOCK
2646,2743,FLOW
2646,2620,CALL
2853,2665,HAS_BLOCK
2665,2730,FLOW
2665,2620,CALL
2853,2677,HAS_BLOCK
2677,2716,FLOW
2677,2715,FLOW
2853,2685,HAS_BLOCK
2685,2691,FLOW
2853,2687,HAS_BLOCK
2687,2663,FLOW
2687,2620,CALL
2853,2689,HAS_BLOCK
2689,2663,FLOW
2689,2591,CALL
2853,2691,HAS_BLOCK
2691,2693,FLOW
2853,2693,HAS_BLOCK
2693,2696,FLOW
2693,2694,FLOW
2853,2694,HAS_BLOCK
2694,2697,FLOW
2853,2696,HAS_BLOCK
2696,2697,FLOW
2853,2697,HAS_BLOCK
2697,2699,FLOW
2697,2683,FLOW
2697,2683,UNWIND
2697,2620,CALL
2853,2699,HAS_BLOCK
2699,2701,FLOW
2699,2682,FLOW
2699,2682,UNWIND
2853,2701,HAS_BLOCK
2701,2703,FLOW
2701,2682,FLOW
2701,2682,UNWIND
2853,2703,HAS_BLOCK
2703,2705,FLOW
2703,2682,FLOW
2703,2682,UNWIND
2853,2705,HAS_BLOCK
2705,2707,FLOW
2705,2682,FLOW
2705,2682,UNWIND
2853,2707,HAS_BLOCK
2707,2709,FLOW
2707,2682,FLOW
2707,2682,UNWIND
2853,2709,HAS_BLOCK
2709,2710,FLOW
2709,2683,FLOW
2709,2683,UNWIND
2853,2710,HAS_BLOCK
2710,2712,FLOW
2710,2683,FLOW
2710,2683,UNWIND
2853,2712,HAS_BLOCK
2712,2663,FLOW
2853,2715,HAS_BLOCK
2715,2717,FLOW
2853,2716,HAS_BLOCK
2716,2717,FLOW
2853,2717,HAS_BLOCK
2717,2719,FLOW
2717,2620,CALL
2853,2719,HAS_BLOCK
2719,2721,FLOW
2719,2681,FLOW
2719,2681,UNWIND
2853,2721,HAS_BLOCK
2721,2723,FLOW
2721,2681,FLOW
2721,2681,UNWIND
2853,2723,HAS_BLOCK
2723,2725,FLOW
2723,2681,FLOW
2723,2681,UNWIND
2853,2725,HAS_BLOCK
2725,2727,FLOW
2725,2681,FLOW
2725,2681,UNWIND
2853,2727,HAS_BLOCK
2727,2728,FLOW
2853,2728,HAS_BLOCK
2728,2663,FLOW
2853,2730,HAS_BLOCK
2730,2734,FLOW
2730,2680,FLOW
2730,2680,UNWIND
2853,2734,HAS_BLOCK
2734,2736,FLOW
2734,2680,FLOW
2734,2680,UNWIND
2853,2736,HAS_BLOCK
2736,2738,FLOW
2736,2680,FLOW
2736,2680,UNWIND
2853,2738,HAS_BLOCK
2738,2740,FLOW
2738,2680,FLOW
2738,2680,UNWIND
2853,2740,HAS_BLOCK
2740,2741,FLOW
2853,2741,HAS_BLOCK
2741,2663,FLOW
2853,2743,HAS_BLOCK
2743,2745,FLOW
2743,2679,FLOW
2743,2679,UNWIND
2853,2745,HAS_BLOCK
2745,2747,FLOW
2745,2679,FLOW
2745,2679,UNWIND
2853,2747,HAS_BLOCK
2747,2749,FLOW
2747,2679,FLOW
2747,2679,UNWIND
2853,2749,HAS_BLOCK
2749,2750,FLOW
2853,2750,HAS_BLOCK
2750,2663,FLOW
2853,2754,HAS_BLOCK
2754,2768,FLOW
2754,2755,FLOW
2853,2755,HAS_BLOCK
2755,2757,FLOW
2853,2757,HAS_BLOCK
2757,2759,FLOW
2757,2620,CALL
2853,2759,HAS_BLOCK
2759,2761,FLOW
2759,2678,FLOW
2759,2678,UNWIND
2853,2761,HAS_BLOCK
2761,2763,FLOW
2761,2678,FLOW
2761,2678,UNWIND
2853,2763,HAS_BLOCK
2763,2765,FLOW
2763,2678,FLOW
2763,2678,UNWIND
2853,2765,HAS_BLOCK
2765,2766,FLOW
2853,2766,HAS_BLOCK
2766,2663,FLOW
2853,2768,HAS_BLOCK
2768,2770,FLOW
2853,2770,HAS_BLOCK
2770,2774,FLOW
2853,2774,HAS_BLOCK
2774,2776,FLOW
2853,2776,HAS_BLOCK
2776,2778,FLOW
2853,2778,HAS_BLOCK
2778,2780,FLOW
2778,2675,FLOW
2778,2675,UNWIND
2853,2780,HAS_BLOCK
2780,2782,FLOW
2780,2675,FLOW
2780,2675,UNWIND
2853,2782,HAS_BLOCK
2782,2784,FLOW
2782,2674,FLOW
2782,2674,UNWIND
2853,2784,HAS_BLOCK
2784,2786,FLOW
2784,2674,FLOW
2784,2674,UNWIND
2853,2786,HAS_BLOCK
2786,2788,FLOW
2786,2674,FLOW
2786,2674,UNWIND
2853,2788,HAS_BLOCK
2788,2789,FLOW
2788,2675,FLOW
2788,2675,UNWIND
2853,2789,HAS_BLOCK
2789,2790,FLOW
2853,2790,HAS_BLOCK
2790,2663,FLOW
2853,2794,HAS_BLOCK
2794,2797,FLOW
2794,2795,FLOW
2853,2795,HAS_BLOCK
2795,2663,FLOW
2853,2797,HAS_BLOCK
2797,2799,FLOW
2853,2799,HAS_BLOCK
2799,2801,FLOW
2853,2801,HAS_BLOCK
2801,2803,FLOW
2853,2803,HAS_BLOCK
2803,2805,FLOW
2853,2805,HAS_BLOCK
2805,2807,FLOW
2805,2673,FLOW
2805,2673,UNWIND
2853,2807,HAS_BLOCK
2807,2809,FLOW
2807,2673,FLOW
2807,2673,UNWIND
2853,2809,HAS_BLOCK
2809,2810,FLOW
2809,2672,FLOW
2809,2672,UNWIND
2853,2810,HAS_BLOCK
2810,2814,FLOW
2810,2672,FLOW
2810,2672,UNWIND
2810,2620,CALL
2853,2814,HAS_BLOCK
2814,2816,FLOW
2814,2671,FLOW
2814,2671,UNWIND
2853,2816,HAS_BLOCK
2816,2818,FLOW
2816,2671,FLOW
2816,2671,UNWIND
2853,2818,HAS_BLOCK
2818,2820,FLOW
2818,2671,FLOW
2818,2671,UNWIND
2853,2820,HAS_BLOCK
2820,2822,FLOW
2820,2671,FLOW
2820,2671,UNWIND
2853,2822,HAS_BLOCK
2822,2823,FLOW
2822,2672,FLOW
2822,2672,UNWIND
2853,2823,HAS_BLOCK
2823,2825,FLOW
2823,2672,FLOW
2823,2672,UNWIND
2853,2825,HAS_BLOCK
2825,2663,FLOW
2853,2826,HAS_BLOCK
2826,2828,FLOW
2826,2670,FLOW
2826,2670,UNWIND
2853,2828,HAS_BLOCK
2828,2830,FLOW
2828,2670,FLOW
2828,2670,UNWIND
2853,2830,HAS_BLOCK
2830,2834,FLOW
2830,2670,FLOW
2830,2670,UNWIND
2853,2834,HAS_BLOCK
2834,2835,FLOW
2853,2835,HAS_BLOCK
2835,2663,FLOW
2853,2837,HAS_BLOCK
2837,2839,FLOW
2837,2669,FLOW
2837,2669,UNWIND
2853,2839,HAS_BLOCK
2839,2841,FLOW
2839,2669,FLOW
2839,2669,UNWIND
2853,2841,HAS_BLOCK
2841,2843,FLOW
2841,2669,FLOW
2841,2669,UNWIND
2853,2843,HAS_BLOCK
2843,2844,FLOW
2853,2844,HAS_BLOCK
2844,2663,FLOW
2853,2846,HAS_BLOCK
2846,2848,FLOW
2846,2472,CALL
2853,2848,HAS_BLOCK
2848,2663,FLOW
2853,2850,HAS_BLOCK
2850,2626,FLOW
2850,2668,FLOW
2850,2668,UNWIND
2853,2626,HAS_BLOCK
2626,2628,FLOW
2626,2668,FLOW
2626,2668,UNWIND
2853,2628,HAS_BLOCK
2628,2630,FLOW
2628,2668,FLOW
2628,2668,UNWIND
2853,2630,HAS_BLOCK
2630,2632,FLOW
2630,2668,FLOW
2630,2668,UNWIND
2853,2632,HAS_BLOCK
2632,2634,FLOW
2632,2667,FLOW
2632,2667,UNWIND
2853,2634,HAS_BLOCK
2634,2636,FLOW
2634,2667,FLOW
2634,2667,UNWIND
2853,2636,HAS_BLOCK
2636,2637,FLOW
2636,2666,FLOW
2636,2666,UNWIND
2853,2637,HAS_BLOCK
2637,2639,FLOW
2637,2666,FLOW
2637,2666,UNWIND
2853,2639,HAS_BLOCK
2639,2641,FLOW
2639,2666,FLOW
2639,2666,UNWIND
2853,2641,HAS_BLOCK
2641,2643,FLOW
2641,2666,FLOW
2641,2666,UNWIND
2853,2643,HAS_BLOCK
2643,2647,FLOW
2643,2666,FLOW
2643,2666,UNWIND
2853,2647,HAS_BLOCK
2647,2649,FLOW
2647,2666,FLOW
2647,2666,UNWIND
2853,2649,HAS_BLOCK
2649,2650,FLOW
2649,2668,FLOW
2649,2668,UNWIND
2853,2650,HAS_BLOCK
2650,2663,FLOW
2853,2651,HAS_BLOCK
2651,2663,FLOW
2853,2653,HAS_BLOCK
2653,2655,FLOW
2853,2655,HAS_BLOCK
2655,2657,FLOW
2853,2657,HAS_BLOCK
2853,2659,HAS_BLOCK
2659,2661,FLOW
2659,2472,CALL
2853,2661,HAS_BLOCK
2661,2663,FLOW
2853,2663,HAS_BLOCK
2663,2853,RETURN
2853,2666,HAS_BLOCK
2666,2668,FLOW
2853,2667,HAS_BLOCK
2667,2668,FLOW
2853,2668,HAS_BLOCK
2668,2684,FLOW
2853,2669,HAS_BLOCK
2669,2684,FLOW
2853,2670,HAS_BLOCK
2670,2684,FLOW
2853,2671,HAS_BLOCK
2671,2672,FLOW
2853,2672,HAS_BLOCK
2672,2684,FLOW
2853,2673,HAS_BLOCK
2673,2684,FLOW
2853,2674,HAS_BLOCK
2674,2675,FLOW
2853,2675,HAS_BLOCK
2675,2684,FLOW
2853,2678,HAS_BLOCK
2678,2684,FLOW
2853,2679,HAS_BLOCK
2679,2684,FLOW
2853,2680,HAS_BLOCK
2680,2684,FLOW
2853,2681,HAS_BLOCK
2681,2684,FLOW
2853,2682,HAS_BLOCK
2682,2683,FLOW
2853,2683,HAS_BLOCK
2683,2684,FLOW
2853,2684,HAS_BLOCK
2472,2473,HAS_PARAM
2472,2466,HAS_BLOCK
2466,2468,FLOW
2472,2468,HAS_BLOCK
2468,2470,FLOW
2468,2469,FLOW
2472,2469,HAS_BLOCK
2469,2471,FLOW
2472,2470,HAS_BLOCK
2470,2471,FLOW
2472,2471,HAS_BLOCK
2471,2472,RETURN
2591,2592,HAS_PARAM
2591,2550,HAS_BLOCK
2550,2568,FLOW
2550,2566,FLOW
2550,2564,FLOW
2550,2562,FLOW
2550,2560,FLOW
2550,2558,FLOW
2550,2556,FLOW
2550,2554,FLOW
2550,2552,FLOW
2550,2589,FLOW
2550,2587,FLOW
2550,2585,FLOW
2550,2583,FLOW
2550,2581,FLOW
2550,2579,FLOW
2550,2577,FLOW
2550,2572,FLOW
2550,2573,FLOW
2550,2570,FLOW
2550,2551,FLOW
2591,2551,HAS_BLOCK
2591,2572,HAS_BLOCK
2572,2575,FLOW
2591,2577,HAS_BLOCK
2577,2575,FLOW
2591,2579,HAS_BLOCK
2579,2575,FLOW
2591,2581,HAS_BLOCK
2581,2575,FLOW
2591,2583,HAS_BLOCK
2583,2575,FLOW
2591,2585,HAS_BLOCK
2585,2575,FLOW
2591,2587,HAS_BLOCK
2587,2575,FLOW
2591,2589,HAS_BLOCK
2589,2575,FLOW
2591,2552,HAS_BLOCK
2552,2575,FLOW
2591,2554,HAS_BLOCK
2554,2575,FLOW
2591,2556,HAS_BLOCK
2556,2575,FLOW
2591,2558,HAS_BLOCK
2558,2575,FLOW
2591,2560,HAS_BLOCK
2560,2575,FLOW
2591,2562,HAS_BLOCK
2562,2575,FLOW
2591,2564,HAS_BLOCK
2564,2575,FLOW
2591,2566,HAS_BLOCK
2566,2575,FLOW
2591,2568,HAS_BLOCK
2568,2575,FLOW
2591,2570,HAS_BLOCK
2570,2575,FLOW
2591,2573,HAS_BLOCK
2573,2575,FLOW
2591,2575,HAS_BLOCK
2575,2591,RETURN
3068,3069,HAS_PARAM
3068,2975,HAS_BLOCK
2975,2977,FLOW
3068,2977,HAS_BLOCK
2977,2995,FLOW
2977,3054,FLOW
2977,3054,UNWIND
3068,2995,HAS_BLOCK
2995,3015,FLOW
3068,3015,HAS_BLOCK
3015,3031,FLOW
3015,3054,FLOW
3015,3054,UNWIND
3068,3031,HAS_BLOCK
3031,3062,FLOW
3031,3059,FLOW
3031,3047,FLOW
3068,3047,HAS_BLOCK
3068,3059,HAS_BLOCK
3059,3064,FLOW
3059,3054,FLOW
3059,3054,UNWIND
3068,3062,HAS_BLOCK
3062,2992,FLOW
3062,3054,FLOW
3062,3054,UNWIND
3068,3064,HAS_BLOCK
3064,3066,FLOW
3064,3054,FLOW
3064,3054,UNWIND
3068,3066,HAS_BLOCK
3066,2978,FLOW
3066,3054,FLOW
3066,3054,UNWIND
3068,2978,HAS_BLOCK
2978,2980,FLOW
2978,3054,FLOW
2978,3054,UNWIND
3068,2980,HAS_BLOCK
2980,2981,FLOW
3068,2981,HAS_BLOCK
2981,2983,FLOW
2981,3054,FLOW
2981,3054,UNWIND
3068,2983,HAS_BLOCK
2983,3015,FLOW
2983,2984,FLOW
2983,3047,FLOW
3068,2984,HAS_BLOCK
2984,2986,FLOW
2984,3054,FLOW
2984,3054,UNWIND
3068,2986,HAS_BLOCK
2986,2988,FLOW
2986,3054,FLOW
2986,3054,UNWIND
3068,2988,HAS_BLOCK
2988,2990,FLOW
2988,3054,FLOW
2988,3054,UNWIND
3068,2990,HAS_BLOCK
2990,2991,FLOW
2990,3054,FLOW
2990,3054,UNWIND
3068,2991,HAS_BLOCK
2991,2981,FLOW
3068,2992,HAS_BLOCK
2992,2996,FLOW
2992,3054,FLOW
2992,3054,UNWIND
3068,2996,HAS_BLOCK
2996,2998,FLOW
2996,3054,FLOW
2996,3054,UNWIND
3068,2998,HAS_BLOCK
2998,3000,FLOW
2998,3054,FLOW
2998,3054,UNWIND
3068,3000,HAS_BLOCK
3000,3002,FLOW
3000,3053,FLOW
3000,3053,UNWIND
3068,3002,HAS_BLOCK
3002,3004,FLOW
3002,3053,FLOW
3002,3053,UNWIND
3068,3004,HAS_BLOCK
3004,3058,FLOW
3004,3053,FLOW
3004,3053,UNWIND
3068,3006,HAS_BLOCK
3006,3008,FLOW
3006,3052,FLOW
3006,3052,UNWIND
3068,3008,HAS_BLOCK
3008,3009,FLOW
3008,3056,FLOW
3008,3047,FLOW
3068,3009,HAS_BLOCK
3009,3011,FLOW
3009,3051,FLOW
3009,3051,UNWIND
3068,3011,HAS_BLOCK
3011,3013,FLOW
3011,3051,FLOW
3011,3051,UNWIND
3068,3013,HAS_BLOCK
3013,3016,FLOW
3013,3051,FLOW
3013,3051,UNWIND
3068,3016,HAS_BLOCK
3016,3017,FLOW
3016,3038,FLOW
3016,3047,FLOW
3068,3017,HAS_BLOCK
3017,3019,FLOW
3017,3051,FLOW
3017,3051,UNWIND
3068,3019,HAS_BLOCK
3019,3020,FLOW
3068,3020,HAS_BLOCK
3020,3022,FLOW
3020,3051,FLOW
3020,3051,UNWIND
3068,3022,HAS_BLOCK
3022,3038,FLOW
3022,3023,FLOW
3022,3047,FLOW
3068,3023,HAS_BLOCK
3023,3025,FLOW
3023,3051,FLOW
3023,3051,UNWIND
3068,3025,HAS_BLOCK
3025,3026,FLOW
3025,3020,FLOW
3025,3047,FLOW
3068,3026,HAS_BLOCK
3026,3027,FLOW
3026,3051,FLOW
3026,3051,UNWIND
3068,3027,HAS_BLOCK
3027,3020,FLOW
3027,3028,FLOW
3068,3028,HAS_BLOCK
3028,3032,FLOW
3028,3051,FLOW
3028,3051,UNWIND
3068,3032,HAS_BLOCK
3032,3034,FLOW
3032,3051,FLOW
3032,3051,UNWIND
3068,3034,HAS_BLOCK
3034,3036,FLOW
3034,3051,FLOW
3034,3051,UNWIND
3068,3036,HAS_BLOCK
3036,3060,FLOW
3036,3051,FLOW
3036,3051,UNWIND
3068,3038,HAS_BLOCK
3038,3006,FLOW
3038,3052,FLOW
3038,3052,UNWIND
3068,3039,HAS_BLOCK
3039,3041,FLOW
3039,3052,FLOW
3039,3052,UNWIND
3068,3041,HAS_BLOCK
3041,3045,FLOW
3041,3042,FLOW
3068,3042,HAS_BLOCK
3042,3044,FLOW
3042,3052,FLOW
3042,3052,UNWIND
3068,3044,HAS_BLOCK
3044,3048,FLOW
3044,3053,FLOW
3044,3053,UNWIND
3068,3045,HAS_BLOCK
3045,3046,FLOW
3045,3054,FLOW
3045,3054,UNWIND
3068,3046,HAS_BLOCK
3046,3050,FLOW
3068,3048,HAS_BLOCK
3048,3049,FLOW
3048,3054,FLOW
3048,3054,UNWIND
3068,3049,HAS_BLOCK
3049,3050,FLOW
3068,3050,HAS_BLOCK
3050,3068,RETURN
3068,3051,HAS_BLOCK
3051,3052,FLOW
3068,3052,HAS_BLOCK
3052,3053,FLOW
3068,3053,HAS_BLOCK
3053,3054,FLOW
3068,3054,HAS_BLOCK
3054,3055,FLOW
3068,3055,HAS_BLOCK
3068,3056,HAS_BLOCK
3056,3039,FLOW
3056,3052,FLOW
3056,3052,UNWIND
3068,3058,HAS_BLOCK
3058,3006,FLOW
3068,3060,HAS_BLOCK
3060,3020,FLOW
2920,2921,HAS_PARAM
2920,2895,HAS_BLOCK
2895,2897,FLOW
2920,2897,HAS_BLOCK
2897,2909,FLOW
2897,2906,FLOW
2897,2906,UNWIND
2920,2909,HAS_BLOCK
2909,2910,FLOW
2920,2910,HAS_BLOCK
2910,2912,FLOW
2910,2906,FLOW
2910,2906,UNWIND
2920,2912,HAS_BLOCK
2912,2916,FLOW
2912,2914,FLOW
2912,2913,FLOW
2920,2913,HAS_BLOCK
2920,2914,HAS_BLOCK
2914,2917,FLOW
2914,2906,FLOW
2914,2906,UNWIND
2920,2916,HAS_BLOCK
2916,2905,FLOW
2920,2917,HAS_BLOCK
2917,2918,FLOW
2917,2910,FLOW
2920,2918,HAS_BLOCK
2918,2898,FLOW
2918,2906,FLOW
2918,2906,UNWIND
2920,2898,HAS_BLOCK
2898,2900,FLOW
2898,2906,FLOW
2898,2906,UNWIND
2920,2900,HAS_BLOCK
2900,2902,FLOW
2900,2906,FLOW
2900,2906,UNWIND
2920,2902,HAS_BLOCK
2902,2904,FLOW
2902,2906,FLOW
2902,2906,UNWIND
2920,2904,HAS_BLOCK
2904,2905,FLOW
2920,2905,HAS_BLOCK
2905,2920,RETURN
2920,2906,HAS_BLOCK
2906,2907,FLOW
2920,2907,HAS_BLOCK
2893,2894,HAS_PARAM
2893,2857,HAS_BLOCK
2857,2859,FLOW
2893,2859,HAS_BLOCK
2859,2877,FLOW
2859,2875,FLOW
2859,2875,UNWIND
2893,2877,HAS_BLOCK
2877,2881,FLOW
2893,2881,HAS_BLOCK
2881,2883,FLOW
2881,2875,FLOW
2881,2875,UNWIND
2893,2883,HAS_BLOCK
2883,2887,FLOW
2883,2885,FLOW
2883,2884,FLOW
2893,2884,HAS_BLOCK
2893,2885,HAS_BLOCK
2885,2889,FLOW
2885,2875,FLOW
2885,2875,UNWIND
2893,2887,HAS_BLOCK
2887,2864,FLOW
2887,2875,FLOW
2887,2875,UNWIND
2893,2889,HAS_BLOCK
2889,2891,FLOW
2889,2875,FLOW
2889,2875,UNWIND
2893,2891,HAS_BLOCK
2891,2860,FLOW
2891,2875,FLOW
2891,2875,UNWIND
2893,2860,HAS_BLOCK
2860,2862,FLOW
2860,2875,FLOW
2860,2875,UNWIND
2893,2862,HAS_BLOCK
2862,2879,FLOW
2862,2875,FLOW
2862,2875,UNWIND
2893,2864,HAS_BLOCK
2864,2866,FLOW
2864,2875,FLOW
2864,2875,UNWIND
2893,2866,HAS_BLOCK
2866,2867,FLOW
2893,2867,HAS_BLOCK
2867,2869,FLOW
2867,2875,FLOW
2867,2875,UNWIND
2893,2869,HAS_BLOCK
2869,2872,FLOW
2869,2870,FLOW
2869,2884,FLOW
2893,2870,HAS_BLOCK
2870,2873,FLOW
2870,2875,FLOW
2870,2875,UNWIND
2893,2872,HAS_BLOCK
2872,2893,RETURN
2893,2873,HAS_BLOCK
2873,2880,FLOW
2873,2875,FLOW
2873,2875,UNWIND
2893,2875,HAS_BLOCK
2875,2878,FLOW
2893,2878,HAS_BLOCK
2893,2879,HAS_BLOCK
2879,2881,FLOW
2893,2880,HAS_BLOCK
2880,2867,FLOW
2973,2974,HAS_PARAM
2973,2922,HAS_BLOCK
2922,2924,FLOW
2973,2924,HAS_BLOCK
2924,2943,FLOW
2924,2957,FLOW
2924,2957,UNWIND
2973,2943,HAS_BLOCK
2943,2959,FLOW
2973,2959,HAS_BLOCK
2959,2964,FLOW
2959,2957,FLOW
2959,2957,UNWIND
2973,2964,HAS_BLOCK
2964,2968,FLOW
2964,2966,FLOW
2964,2965,FLOW
2973,2965,HAS_BLOCK
2973,2966,HAS_BLOCK
2966,2969,FLOW
2966,2957,FLOW
2966,2957,UNWIND
2973,2968,HAS_BLOCK
2968,2973,RETURN
2973,2969,HAS_BLOCK
2969,2971,FLOW
2969,2957,FLOW
2969,2957,UNWIND
2973,2971,HAS_BLOCK
2971,2925,FLOW
2971,2957,FLOW
2971,2957,UNWIND
2973,2925,HAS_BLOCK
2925,2930,FLOW
2925,2926,FLOW
2973,2926,HAS_BLOCK
2926,2928,FLOW
2926,2957,FLOW
2926,2957,UNWIND
2973,2928,HAS_BLOCK
2928,2960,FLOW
2928,2957,FLOW
2928,2957,UNWIND
2973,2930,HAS_BLOCK
2930,2932,FLOW
2930,2957,FLOW
2930,2957,UNWIND
2973,2932,HAS_BLOCK
2932,2934,FLOW
2932,2956,FLOW
2932,2956,UNWIND
2973,2934,HAS_BLOCK
2934,2936,FLOW
2934,2956,FLOW
2934,2956,UNWIND
2973,2936,HAS_BLOCK
2936,2938,FLOW
2936,2956,FLOW
2936,2956,UNWIND
2973,2938,HAS_BLOCK
2938,2939,FLOW
2973,2939,HAS_BLOCK
2939,2941,FLOW
2939,2956,FLOW
2939,2956,UNWIND
2973,2941,HAS_BLOCK
2941,2946,FLOW
2941,2944,FLOW
2941,2965,FLOW
2973,2944,HAS_BLOCK
2944,2947,FLOW
2944,2956,FLOW
2944,2956,UNWIND
2973,2946,HAS_BLOCK
2946,2959,FLOW
2946,2957,FLOW
2946,2957,UNWIND
2973,2947,HAS_BLOCK
2947,2948,FLOW
2947,2950,FLOW
2973,2948,HAS_BLOCK
2948,2961,FLOW
2948,2956,FLOW
2948,2956,UNWIND
2973,2950,HAS_BLOCK
2950,2952,FLOW
2950,2956,FLOW
2950,2956,UNWIND
2973,2952,HAS_BLOCK
2952,2954,FLOW
2952,2956,FLOW
2952,2956,UNWIND
2973,2954,HAS_BLOCK
2954,2962,FLOW
2954,2956,FLOW
2954,2956,UNWIND
2973,2956,HAS_BLOCK
2956,2957,FLOW
2973,2957,HAS_BLOCK
2957,2958,FLOW
2973,2958,HAS_BLOCK
2973,2960,HAS_BLOCK
2960,2959,FLOW
2973,2961,HAS_BLOCK
2961,2950,FLOW
2973,2962,HAS_BLOCK
2962,2939,FLOW
3152,3153,HAS_PARAM
3152,3123,HAS_BLOCK
3123,3125,FLOW
3152,3125,HAS_BLOCK
3125,3140,FLOW
3125,3136,FLOW
3125,3136,UNWIND
3152,3140,HAS_BLOCK
3140,3141,FLOW
3152,3141,HAS_BLOCK
3141,3143,FLOW
3141,3136,FLOW
3141,3136,UNWIND
3152,3143,HAS_BLOCK
3143,3147,FLOW
3143,3145,FLOW
3143,3144,FLOW
3152,3144,HAS_BLOCK
3152,3145,HAS_BLOCK
3145,3148,FLOW
3145,3136,FLOW
3145,3136,UNWIND
3152,3147,HAS_BLOCK
3147,3152,RETURN
3152,3148,HAS_BLOCK
3148,3150,FLOW
3148,3136,FLOW
3148,3136,UNWIND
3152,3150,HAS_BLOCK
3150,3126,FLOW
3150,3136,FLOW
3150,3136,UNWIND
3152,3126,HAS_BLOCK
3126,3128,FLOW
3126,3136,FLOW
3126,3136,UNWIND
3152,3128,HAS_BLOCK
3128,3129,FLOW
3152,3129,HAS_BLOCK
3129,3131,FLOW
3129,3136,FLOW
3129,3136,UNWIND
3152,3131,HAS_BLOCK
3131,3141,FLOW
3131,3132,FLOW
3131,3144,FLOW
3152,3132,HAS_BLOCK
3132,3134,FLOW
3132,3136,FLOW
3132,3136,UNWIND
3152,3134,HAS_BLOCK
3134,3138,FLOW
3134,3136,FLOW
3134,3136,UNWIND
3152,3136,HAS_BLOCK
3136,3137,FLOW
3152,3137,HAS_BLOCK
3152,3138,HAS_BLOCK
3138,3129,FLOW
3237,3238,HAS_PARAM
3237,3154,HAS_BLOCK
3154,3156,FLOW
3237,3156,HAS_BLOCK
3156,3174,FLOW
3156,3223,FLOW
3156,3223,UNWIND
3237,3174,HAS_BLOCK
3174,3194,FLOW
3237,3194,HAS_BLOCK
3194,3210,FLOW
3194,3223,FLOW
3194,3223,UNWIND
3237,3210,HAS_BLOCK
3210,3231,FLOW
3210,3229,FLOW
3210,3224,FLOW
3237,3224,HAS_BLOCK
3237,3229,HAS_BLOCK
3229,3233,FLOW
3229,3223,FLOW
3229,3223,UNWIND
3237,3231,HAS_BLOCK
3231,3171,FLOW
3231,3223,FLOW
3231,3223,UNWIND
3237,3233,HAS_BLOCK
3233,3235,FLOW
3233,3223,FLOW
3233,3223,UNWIND
3237,3235,HAS_BLOCK
3235,3157,FLOW
3235,3223,FLOW
3235,3223,UNWIND
3237,3157,HAS_BLOCK
3157,3159,FLOW
3157,3223,FLOW
3157,3223,UNWIND
3237,3159,HAS_BLOCK
3159,3160,FLOW
3237,3160,HAS_BLOCK
3160,3162,FLOW
3160,3223,FLOW
3160,3223,UNWIND
3237,3162,HAS_BLOCK
3162,3194,FLOW
3162,3163,FLOW
3162,3224,FLOW
3237,3163,HAS_BLOCK
3163,3165,FLOW
3163,3223,FLOW
3163,3223,UNWIND
3237,3165,HAS_BLOCK
3165,3167,FLOW
3165,3223,FLOW
3165,3223,UNWIND
3237,3167,HAS_BLOCK
3167,3169,FLOW
3167,3223,FLOW
3167,3223,UNWIND
3237,3169,HAS_BLOCK
3169,3170,FLOW
3169,3223,FLOW
3169,3223,UNWIND
3237,3170,HAS_BLOCK
3170,3160,FLOW
3237,3171,HAS_BLOCK
3171,3175,FLOW
3171,3223,FLOW
3171,3223,UNWIND
3237,3175,HAS_BLOCK
3175,3177,FLOW
3175,3223,FLOW
3175,3223,UNWIND
3237,3177,HAS_BLOCK
3177,3179,FLOW
3177,3223,FLOW
3177,3223,UNWIND
3237,3179,HAS_BLOCK
3179,3181,FLOW
3179,3222,FLOW
3179,3222,UNWIND
3237,3181,HAS_BLOCK
3181,3183,FLOW
3181,3222,FLOW
3181,3222,UNWIND
3237,3183,HAS_BLOCK
3183,3227,FLOW
3183,3222,FLOW
3183,3222,UNWIND
3237,3185,HAS_BLOCK
3185,3187,FLOW
3185,3221,FLOW
3185,3221,UNWIND
3237,3187,HAS_BLOCK
3187,3188,FLOW
3187,3226,FLOW
3187,3224,FLOW
3237,3188,HAS_BLOCK
3188,3190,FLOW
3188,3220,FLOW
3188,3220,UNWIND
3237,3190,HAS_BLOCK
3190,3192,FLOW
3190,3220,FLOW
3190,3220,UNWIND
3237,3192,HAS_BLOCK
3192,3195,FLOW
3192,3220,FLOW
3192,3220,UNWIND
3237,3195,HAS_BLOCK
3195,3196,FLOW
3195,3213,FLOW
3195,3224,FLOW
3237,3196,HAS_BLOCK
3196,3198,FLOW
3196,3220,FLOW
3196,3220,UNWIND
3237,3198,HAS_BLOCK
3198,3199,FLOW
3237,3199,HAS_BLOCK
3199,3201,FLOW
3199,3220,FLOW
3199,3220,UNWIND
3237,3201,HAS_BLOCK
3201,3213,FLOW
3201,3202,FLOW
3201,3224,FLOW
3237,3202,HAS_BLOCK
3202,3204,FLOW
3202,3220,FLOW
3202,3220,UNWIND
3237,3204,HAS_BLOCK
3204,3205,FLOW
3204,3199,FLOW
3204,3224,FLOW
3237,3205,HAS_BLOCK
3205,3206,FLOW
3205,3220,FLOW
3205,3220,UNWIND
3237,3206,HAS_BLOCK
3206,3199,FLOW
3206,3207,FLOW
3237,3207,HAS_BLOCK
3207,3211,FLOW
3207,3220,FLOW
3207,3220,UNWIND
3237,3211,HAS_BLOCK
3211,3228,FLOW
3211,3220,FLOW
3211,3220,UNWIND
3237,3213,HAS_BLOCK
3213,3215,FLOW
3213,3220,FLOW
3213,3220,UNWIND
3237,3215,HAS_BLOCK
3215,3217,FLOW
3215,3220,FLOW
3215,3220,UNWIND
3237,3217,HAS_BLOCK
3217,3185,FLOW
3217,3221,FLOW
3217,3221,UNWIND
3237,3218,HAS_BLOCK
3218,3219,FLOW
3237,3219,HAS_BLOCK
3219,3237,RETURN
3237,3220,HAS_BLOCK
3220,3221,FLOW
3237,3221,HAS_BLOCK
3221,3222,FLOW
3237,3222,HAS_BLOCK
3222,3223,FLOW
3237,3223,HAS_BLOCK
3223,3225,FLOW
3237,3225,HAS_BLOCK
3237,3226,HAS_BLOCK
3226,3218,FLOW
3226,3223,FLOW
3226,3223,UNWIND
3237,3227,HAS_BLOCK
3227,3185,FLOW
3237,3228,HAS_BLOCK
3228,3199,FLOW
3240,3241,HAS_FIELD
3240,3242,HAS_FIELD
3240,3243,HAS_FIELD
3268,3269,HAS_PARAM
3268,3270,HAS_PARAM
3268,3244,HAS_BLOCK
3244,3246,FLOW
3268,3246,HAS_BLOCK
3246,3256,FLOW
3246,3251,FLOW
3246,3251,UNWIND
3268,3256,HAS_BLOCK
3256,3257,FLOW
3268,3257,HAS_BLOCK
3257,3259,FLOW
3257,3251,FLOW
3257,3251,UNWIND
3268,3259,HAS_BLOCK
3259,3263,FLOW
3259,3261,FLOW
3259,3260,FLOW
3268,3260,HAS_BLOCK
3268,3261,HAS_BLOCK
3261,3264,FLOW
3261,3251,FLOW
3261,3251,UNWIND
3261,3301,CALL
3268,3263,HAS_BLOCK
3263,3268,RETURN
3268,3264,HAS_BLOCK
3264,3266,FLOW
3264,3254,FLOW
3264,3254,UNWIND
3268,3266,HAS_BLOCK
3266,3247,FLOW
3266,3250,FLOW
3266,3250,UNWIND
3268,3247,HAS_BLOCK
3247,3249,FLOW
3247,3254,FLOW
3247,3254,UNWIND
3268,3249,HAS_BLOCK
3249,3257,FLOW
3268,3250,HAS_BLOCK
3250,3254,FLOW
3268,3251,HAS_BLOCK
3251,3252,FLOW
3268,3252,HAS_BLOCK
3268,3253,HAS_BLOCK
3253,3251,FLOW
3268,3254,HAS_BLOCK
3254,3251,FLOW
3254,3253,FLOW
3315,3316,HAS_PARAM
3315,3304,HAS_BLOCK
3304,3306,FLOW
3315,3306,HAS_BLOCK
3306,3308,FLOW
3306,3313,FLOW
3306,3313,UNWIND
3315,3308,HAS_BLOCK
3308,3310,FLOW
3308,3313,FLOW
3308,3313,UNWIND
3315,3310,HAS_BLOCK
3310,3312,FLOW
3310,3313,FLOW
3310,3313,UNWIND
3315,3312,HAS_BLOCK
3312,3315,RETURN
3315,3313,HAS_BLOCK
3313,3314,FLOW
3315,3314,HAS_BLOCK
3301,3302,HAS_PARAM
3301,3303,HAS_PARAM
3301,3272,HAS_BLOCK
3272,3274,FLOW
3301,3274,HAS_BLOCK
3274,3293,FLOW
3274,3285,FLOW
3301,3285,HAS_BLOCK
3285,3287,FLOW
3301,3287,HAS_BLOCK
3287,3289,FLOW
3301,3289,HAS_BLOCK
3289,3291,FLOW
3301,3291,HAS_BLOCK
3291,3282,FLOW
3301,3293,HAS_BLOCK
3293,3295,FLOW
3301,3295,HAS_BLOCK
3295,3297,FLOW
3301,3297,HAS_BLOCK
3297,3299,FLOW
3297,3283,FLOW
3297,3283,UNWIND
3301,3299,HAS_BLOCK
3299,3275,FLOW
3299,3283,FLOW
3299,3283,UNWIND
3301,3275,HAS_BLOCK
3275,3277,FLOW
3275,3283,FLOW
3275,3283,UNWIND
3301,3277,HAS_BLOCK
3277,3279,FLOW
3277,3283,FLOW
3277,3283,UNWIND
3301,3279,HAS_BLOCK
3279,3281,FLOW
3279,3283,FLOW
3279,3283,UNWIND
3301,3281,HAS_BLOCK
3281,3282,FLOW
3301,3282,HAS_BLOCK
3282,3301,RETURN
3301,3283,HAS_BLOCK
3283,3284,FLOW
3301,3284,HAS_BLOCK
3318,3320,HAS_FIELD
3318,3320,HAS_FIELD
3368,3369,HAS_PARAM
3368,3370,HAS_PARAM
3368,3321,HAS_BLOCK
3321,3323,FLOW
3368,3323,HAS_BLOCK
3323,3340,FLOW
3323,3353,FLOW
3323,3353,UNWIND
3368,3340,HAS_BLOCK
3340,3355,FLOW
3340,3350,FLOW
3340,3350,UNWIND
3368,3355,HAS_BLOCK
3355,3358,FLOW
3368,3358,HAS_BLOCK
3358,3360,FLOW
3358,3350,FLOW
3358,3350,UNWIND
3368,3360,HAS_BLOCK
3360,3364,FLOW
3360,3362,FLOW
3360,3361,FLOW
3368,3361,HAS_BLOCK
3368,3362,HAS_BLOCK
3362,3366,FLOW
3362,3350,FLOW
3362,3350,UNWIND
3368,3364,HAS_BLOCK
3364,3329,FLOW
3364,3350,FLOW
3364,3350,UNWIND
3368,3366,HAS_BLOCK
3366,3324,FLOW
3366,3350,FLOW
3366,3350,UNWIND
3368,3324,HAS_BLOCK
3324,3325,FLOW
3324,3358,FLOW
3368,3325,HAS_BLOCK
3325,3327,FLOW
3325,3350,FLOW
3325,3350,UNWIND
3368,3327,HAS_BLOCK
3327,3356,FLOW
3327,3350,FLOW
3327,3350,UNWIND
3368,3329,HAS_BLOCK
3329,3330,FLOW
3368,3330,HAS_BLOCK
3330,3332,FLOW
3330,3350,FLOW
3330,3350,UNWIND
3368,3332,HAS_BLOCK
3332,3335,FLOW
3332,3333,FLOW
3332,3361,FLOW
3368,3333,HAS_BLOCK
3333,3336,FLOW
3333,3350,FLOW
3333,3350,UNWIND
3368,3335,HAS_BLOCK
3335,3349,FLOW
3335,3353,FLOW
3335,3353,UNWIND
3368,3336,HAS_BLOCK
3336,3337,FLOW
3368,3337,HAS_BLOCK
3337,3341,FLOW
3337,3350,FLOW
3337,3350,UNWIND
3368,3341,HAS_BLOCK
3341,3330,FLOW
3341,3342,FLOW
3341,3361,FLOW
3368,3342,HAS_BLOCK
3342,3344,FLOW
3342,3350,FLOW
3342,3350,UNWIND
3368,3344,HAS_BLOCK
3344,3345,FLOW
3344,3337,FLOW
3368,3345,HAS_BLOCK
3345,3347,FLOW
3345,3350,FLOW
3345,3350,UNWIND
3368,3347,HAS_BLOCK
3347,3357,FLOW
3347,3350,FLOW
3347,3350,UNWIND
3368,3349,HAS_BLOCK
3349,3368,RETURN
3368,3350,HAS_BLOCK
3350,3353,FLOW
3368,3351,HAS_BLOCK
3368,3352,HAS_BLOCK
3352,3351,FLOW
3368,3353,HAS_BLOCK
3353,3351,FLOW
3353,3352,FLOW
3368,3356,HAS_BLOCK
3356,3358,FLOW
3368,3357,HAS_BLOCK
3357,3337,FLOW
3381,3382,HAS_FIELD
3372,3374,HAS_FIELD
3372,3373,HAS_FIELD
3375,3380,HAS_FIELD
3375,3378,HAS_FIELD
3375,3379,HAS_FIELD
3375,3377,HAS_FIELD
3375,3376,HAS_FIELD
3568,3569,HAS_PARAM
3568,3564,HAS_BLOCK
3564,3566,FLOW
3564,3566,FLOW
3564,3566,FLOW
3564,3566,FLOW
3564,3566,FLOW
3564,3566,FLOW
3564,3566,FLOW
3564,3566,FLOW
3564,3566,FLOW
3564,3566,FLOW
3564,3566,FLOW
3564,3566,FLOW
3564,3566,FLOW
3564,3565,FLOW
3568,3565,HAS_BLOCK
3565,3567,FLOW
3568,3566,HAS_BLOCK
3566,3567,FLOW
3568,3567,HAS_BLOCK
3567,3568,RETURN
3461,3462,HAS_PARAM
3461,3383,HAS_BLOCK
3383,3385,FLOW
3461,3385,HAS_BLOCK
3385,3406,FLOW
3385,3434,FLOW
3385,3434,UNWIND
3461,3406,HAS_BLOCK
3406,3425,FLOW
3406,3434,FLOW
3406,3434,UNWIND
3461,3425,HAS_BLOCK
3425,3438,FLOW
3425,3434,FLOW
3425,3434,UNWIND
3461,3438,HAS_BLOCK
3438,3450,FLOW
3438,3393,FLOW
3438,3448,FLOW
3461,3450,HAS_BLOCK
3450,3454,FLOW
3450,3434,FLOW
3450,3434,UNWIND
3450,3657,CALL
3461,3454,HAS_BLOCK
3454,3456,FLOW
3454,3433,FLOW
3454,3433,UNWIND
3461,3456,HAS_BLOCK
3456,3458,FLOW
3456,3433,FLOW
3456,3433,UNWIND
3461,3458,HAS_BLOCK
3458,3460,FLOW
3458,3433,FLOW
3458,3433,UNWIND
3461,3460,HAS_BLOCK
3460,3386,FLOW
3460,3434,FLOW
3460,3434,UNWIND
3461,3386,HAS_BLOCK
3386,3389,FLOW
3386,3387,FLOW
3461,3387,HAS_BLOCK
3387,3449,FLOW
3387,3434,FLOW
3387,3434,UNWIND
3461,3389,HAS_BLOCK
3389,3451,FLOW
3389,3434,FLOW
3389,3434,UNWIND
3461,3391,HAS_BLOCK
3391,3452,FLOW
3391,3434,FLOW
3391,3434,UNWIND
3391,3842,CALL
3461,3393,HAS_BLOCK
3393,3395,FLOW
3393,3434,FLOW
3393,3434,UNWIND
3393,3562,CALL
3461,3395,HAS_BLOCK
3395,3397,FLOW
3395,3444,FLOW
3395,3444,UNWIND
3461,3397,HAS_BLOCK
3397,3399,FLOW
3397,3432,FLOW
3397,3432,UNWIND
3461,3399,HAS_BLOCK
3399,3401,FLOW
3399,3432,FLOW
3399,3432,UNWIND
3461,3401,HAS_BLOCK
3401,3403,FLOW
3401,3432,FLOW
3401,3432,UNWIND
3461,3403,HAS_BLOCK
3403,3407,FLOW
3403,3444,FLOW
3403,3444,UNWIND
3461,3407,HAS_BLOCK
3407,3408,FLOW
3461,3408,HAS_BLOCK
3408,3410,FLOW
3408,3434,FLOW
3408,3434,UNWIND
3408,3470,CALL
3461,3410,HAS_BLOCK
3410,3411,FLOW
3410,3429,FLOW
3410,3448,FLOW
3461,3411,HAS_BLOCK
3411,3413,FLOW
3411,3441,FLOW
3411,3441,UNWIND
3461,3413,HAS_BLOCK
3413,3415,FLOW
3413,3441,FLOW
3413,3441,UNWIND
3461,3415,HAS_BLOCK
3415,3417,FLOW
3415,3441,FLOW
3415,3441,UNWIND
3461,3417,HAS_BLOCK
3417,3419,FLOW
3417,3441,FLOW
3417,3441,UNWIND
3461,3419,HAS_BLOCK
3419,3421,FLOW
3419,3439,FLOW
3419,3439,UNWIND
3461,3421,HAS_BLOCK
3421,3423,FLOW
3421,3430,FLOW
3421,3430,UNWIND
3461,3423,HAS_BLOCK
3423,3445,FLOW
3461,3426,HAS_BLOCK
3426,3428,FLOW
3426,3439,FLOW
3426,3439,UNWIND
3461,3428,HAS_BLOCK
3428,3429,FLOW
3461,3429,HAS_BLOCK
3429,3461,RETURN
3461,3430,HAS_BLOCK
3430,3439,FLOW
3461,3431,HAS_BLOCK
3431,3434,FLOW
3431,3442,FLOW
3461,3432,HAS_BLOCK
3432,3444,FLOW
3461,3433,HAS_BLOCK
3433,3434,FLOW
3461,3434,HAS_BLOCK
3434,3435,FLOW
3461,3435,HAS_BLOCK
3461,3436,HAS_BLOCK
3436,3441,FLOW
3461,3439,HAS_BLOCK
3439,3441,FLOW
3439,3436,FLOW
3461,3440,HAS_BLOCK
3440,3431,FLOW
3461,3441,HAS_BLOCK
3441,3431,FLOW
3441,3440,FLOW
3461,3442,HAS_BLOCK
3442,3434,FLOW
3461,3443,HAS_BLOCK
3443,3434,FLOW
3461,3444,HAS_BLOCK
3444,3434,FLOW
3444,3443,FLOW
3461,3445,HAS_BLOCK
3445,3446,FLOW
3461,3446,HAS_BLOCK
3446,3426,FLOW
3446,3430,FLOW
3446,3430,UNWIND
3461,3448,HAS_BLOCK
3461,3449,HAS_BLOCK
3449,3391,FLOW
3461,3451,HAS_BLOCK
3451,3391,FLOW
3461,3452,HAS_BLOCK
3452,3408,FLOW
3842,3843,HAS_PARAM
3842,3844,HAS_PARAM
3842,3845,HAS_PARAM
3842,3846,HAS_PARAM
3842,3744,HAS_BLOCK
3744,3746,FLOW
3744,3829,FLOW
3744,3829,UNWIND
3842,3746,HAS_BLOCK
3746,3763,FLOW
3746,3781,FLOW
3842,3763,HAS_BLOCK
3763,3801,FLOW
3842,3781,HAS_BLOCK
3781,3801,FLOW
3842,3801,HAS_BLOCK
3801,3819,FLOW
3801,3829,FLOW
3801,3829,UNWIND
3801,3657,CALL
3842,3819,HAS_BLOCK
3819,3831,FLOW
3819,3824,FLOW
3819,3824,UNWIND
3819,3718,CALL
3842,3831,HAS_BLOCK
3831,3837,FLOW
3831,3823,FLOW
3831,3823,UNWIND
3842,3837,HAS_BLOCK
3837,3839,FLOW
3837,3827,FLOW
3837,3827,UNWIND
3842,3839,HAS_BLOCK
3839,3841,FLOW
3839,3822,FLOW
3839,3822,UNWIND
3842,3841,HAS_BLOCK
3841,3747,FLOW
3842,3747,HAS_BLOCK
3747,3749,FLOW
3747,3822,FLOW
3747,3822,UNWIND
3842,3749,HAS_BLOCK
3749,3753,FLOW
3749,3751,FLOW
3749,3750,FLOW
3842,3750,HAS_BLOCK
3842,3751,HAS_BLOCK
3751,3755,FLOW
3751,3822,FLOW
3751,3822,UNWIND
3842,3753,HAS_BLOCK
3753,3815,FLOW
3753,3822,FLOW
3753,3822,UNWIND
3842,3755,HAS_BLOCK
3755,3756,FLOW
3755,3747,FLOW
3842,3756,HAS_BLOCK
3756,3758,FLOW
3756,3822,FLOW
3756,3822,UNWIND
3842,3758,HAS_BLOCK
3758,3759,FLOW
3758,3747,FLOW
3842,3759,HAS_BLOCK
3759,3761,FLOW
3759,3822,FLOW
3759,3822,UNWIND
3842,3761,HAS_BLOCK
3761,3764,FLOW
3761,3822,FLOW
3761,3822,UNWIND
3842,3764,HAS_BLOCK
3764,3766,FLOW
3764,3822,FLOW
3764,3822,UNWIND
3764,3568,CALL
3842,3766,HAS_BLOCK
3766,3767,FLOW
3766,3747,FLOW
3842,3767,HAS_BLOCK
3767,3770,FLOW
3767,3768,FLOW
3842,3768,HAS_BLOCK
3768,3832,FLOW
3768,3822,FLOW
3768,3822,UNWIND
3842,3770,HAS_BLOCK
3770,3773,FLOW
3770,3771,FLOW
3842,3771,HAS_BLOCK
3771,3833,FLOW
3771,3822,FLOW
3771,3822,UNWIND
3842,3773,HAS_BLOCK
3773,3775,FLOW
3773,3822,FLOW
3773,3822,UNWIND
3842,3775,HAS_BLOCK
3775,3777,FLOW
3775,3822,FLOW
3775,3822,UNWIND
3775,3669,CALL
3842,3777,HAS_BLOCK
3777,3779,FLOW
3777,3822,FLOW
3777,3822,UNWIND
3777,3657,CALL
3842,3779,HAS_BLOCK
3779,3782,FLOW
3779,3821,FLOW
3779,3821,UNWIND
3842,3782,HAS_BLOCK
3782,3784,FLOW
3782,3821,FLOW
3782,3821,UNWIND
3842,3784,HAS_BLOCK
3784,3786,FLOW
3784,3821,FLOW
3784,3821,UNWIND
3842,3786,HAS_BLOCK
3786,3799,FLOW
3786,3787,FLOW
3842,3787,HAS_BLOCK
3787,3789,FLOW
3787,3821,FLOW
3787,3821,UNWIND
3842,3789,HAS_BLOCK
3789,3791,FLOW
3789,3821,FLOW
3789,3821,UNWIND
3842,3791,HAS_BLOCK
3791,3793,FLOW
3791,3821,FLOW
3791,3821,UNWIND
3842,3793,HAS_BLOCK
3793,3795,FLOW
3793,3821,FLOW
3793,3821,UNWIND
3842,3795,HAS_BLOCK
3795,3797,FLOW
3795,3821,FLOW
3795,3821,UNWIND
3842,3797,HAS_BLOCK
3797,3834,FLOW
3797,3821,FLOW
3797,3821,UNWIND
3842,3799,HAS_BLOCK
3799,3802,FLOW
3799,3821,FLOW
3799,3821,UNWIND
3842,3802,HAS_BLOCK
3802,3804,FLOW
3802,3821,FLOW
3802,3821,UNWIND
3842,3804,HAS_BLOCK
3804,3806,FLOW
3804,3821,FLOW
3804,3821,UNWIND
3842,3806,HAS_BLOCK
3806,3808,FLOW
3806,3821,FLOW
3806,3821,UNWIND
3842,3808,HAS_BLOCK
3808,3810,FLOW
3808,3821,FLOW
3808,3821,UNWIND
3842,3810,HAS_BLOCK
3810,3835,FLOW
3810,3821,FLOW
3810,3821,UNWIND
3842,3812,HAS_BLOCK
3812,3814,FLOW
3812,3821,FLOW
3812,3821,UNWIND
3812,3842,CALL
3842,3814,HAS_BLOCK
3814,3747,FLOW
3814,3822,FLOW
3814,3822,UNWIND
3842,3815,HAS_BLOCK
3815,3816,FLOW
3815,3827,FLOW
3815,3827,UNWIND
3842,3816,HAS_BLOCK
3816,3817,FLOW
3816,3824,FLOW
3816,3824,UNWIND
3842,3817,HAS_BLOCK
3817,3820,FLOW
3817,3829,FLOW
3817,3829,UNWIND
3842,3820,HAS_BLOCK
3820,3842,RETURN
3842,3821,HAS_BLOCK
3821,3822,FLOW
3842,3822,HAS_BLOCK
3822,3827,FLOW
3842,3823,HAS_BLOCK
3823,3824,FLOW
3842,3824,HAS_BLOCK
3824,3829,FLOW
3842,3825,HAS_BLOCK
3842,3826,HAS_BLOCK
3826,3823,FLOW
3842,3827,HAS_BLOCK
3827,3823,FLOW
3827,3826,FLOW
3842,3828,HAS_BLOCK
3828,3825,FLOW
3842,3829,HAS_BLOCK
3829,3825,FLOW
3829,3828,FLOW
3842,3832,HAS_BLOCK
3832,3747,FLOW
3842,3833,HAS_BLOCK
3833,3747,FLOW
3842,3834,HAS_BLOCK
3834,3812,FLOW
3842,3835,HAS_BLOCK
3835,3812,FLOW
3718,3719,HAS_PARAM
3718,3672,HAS_BLOCK
3672,3674,FLOW
3718,3674,HAS_BLOCK
3674,3696,FLOW
3718,3696,HAS_BLOCK
3696,3707,FLOW
3718,3707,HAS_BLOCK
3707,3709,FLOW
3718,3709,HAS_BLOCK
3709,3711,FLOW
3718,3711,HAS_BLOCK
3711,3712,FLOW
3711,3675,FLOW
3718,3712,HAS_BLOCK
3712,3714,FLOW
3718,3714,HAS_BLOCK
3714,3715,FLOW
3714,3675,FLOW
3718,3715,HAS_BLOCK
3715,3717,FLOW
3718,3717,HAS_BLOCK
3717,3685,FLOW
3717,3675,FLOW
3718,3675,HAS_BLOCK
3675,3677,FLOW
3718,3677,HAS_BLOCK
3677,3679,FLOW
3718,3679,HAS_BLOCK
3679,3681,FLOW
3718,3681,HAS_BLOCK
3681,3683,FLOW
3718,3683,HAS_BLOCK
3683,3705,FLOW
3718,3685,HAS_BLOCK
3685,3687,FLOW
3718,3687,HAS_BLOCK
3687,3689,FLOW
3718,3689,HAS_BLOCK
3689,3691,FLOW
3718,3691,HAS_BLOCK
3691,3693,FLOW
3718,3693,HAS_BLOCK
3693,3697,FLOW
3718,3697,HAS_BLOCK
3697,3699,FLOW
3718,3699,HAS_BLOCK
3699,3701,FLOW
3718,3701,HAS_BLOCK
3701,3703,FLOW
3718,3703,HAS_BLOCK
3703,3705,FLOW
3718,3705,HAS_BLOCK
3705,3718,RETURN
3669,3670,HAS_PARAM
3669,3671,HAS_PARAM
3669,3660,HAS_BLOCK
3660,3662,FLOW
3669,3662,HAS_BLOCK
3662,3664,FLOW
3669,3664,HAS_BLOCK
3664,3666,FLOW
3669,3666,HAS_BLOCK
3666,3668,FLOW
3669,3668,HAS_BLOCK
3668,3669,RETURN
3657,3658,HAS_PARAM
3657,3659,HAS_PARAM
3657,3582,HAS_BLOCK
3582,3584,FLOW
3657,3584,HAS_BLOCK
3584,3602,FLOW
3584,3647,FLOW
3584,3647,UNWIND
3657,3602,HAS_BLOCK
3602,3621,FLOW
3602,3647,FLOW
3602,3647,UNWIND
3657,3621,HAS_BLOCK
3621,3638,FLOW
3657,3638,HAS_BLOCK
3638,3650,FLOW
3638,3647,FLOW
3638,3647,UNWIND
3657,3650,HAS_BLOCK
3650,3654,FLOW
3650,3653,FLOW
3650,3652,FLOW
3657,3652,HAS_BLOCK
3657,3653,HAS_BLOCK
3653,3585,FLOW
3653,3656,FLOW
3657,3654,HAS_BLOCK
3654,3589,FLOW
3654,3647,FLOW
3654,3647,UNWIND
3657,3656,HAS_BLOCK
3656,3586,FLOW
3657,3585,HAS_BLOCK
3585,3586,FLOW
3657,3586,HAS_BLOCK
3586,3638,FLOW
3586,3587,FLOW
3657,3587,HAS_BLOCK
3587,3648,FLOW
3587,3647,FLOW
3587,3647,UNWIND
3657,3589,HAS_BLOCK
3589,3592,FLOW
3589,3590,FLOW
3657,3590,HAS_BLOCK
3590,3639,FLOW
3590,3647,FLOW
3590,3647,UNWIND
3657,3592,HAS_BLOCK
3592,3594,FLOW
3592,3647,FLOW
3592,3647,UNWIND
3657,3594,HAS_BLOCK
3594,3597,FLOW
3594,3595,FLOW
3657,3595,HAS_BLOCK
3595,3627,FLOW
3595,3647,FLOW
3595,3647,UNWIND
3657,3597,HAS_BLOCK
3597,3599,FLOW
3597,3647,FLOW
3597,3647,UNWIND
3657,3599,HAS_BLOCK
3599,3603,FLOW
3599,3647,FLOW
3599,3647,UNWIND
3657,3603,HAS_BLOCK
3603,3605,FLOW
3603,3647,FLOW
3603,3647,UNWIND
3657,3605,HAS_BLOCK
3605,3607,FLOW
3605,3647,FLOW
3605,3647,UNWIND
3657,3607,HAS_BLOCK
3607,3609,FLOW
3607,3647,FLOW
3607,3647,UNWIND
3657,3609,HAS_BLOCK
3609,3611,FLOW
3609,3643,FLOW
3609,3643,UNWIND
3657,3611,HAS_BLOCK
3611,3612,FLOW
3657,3612,HAS_BLOCK
3612,3614,FLOW
3612,3643,FLOW
3612,3643,UNWIND
3657,3614,HAS_BLOCK
3614,3617,FLOW
3614,3615,FLOW
3614,3652,FLOW
3657,3615,HAS_BLOCK
3615,3618,FLOW
3615,3643,FLOW
3615,3643,UNWIND
3657,3617,HAS_BLOCK
3617,3636,FLOW
3657,3618,HAS_BLOCK
3618,3622,FLOW
3618,3643,FLOW
3618,3643,UNWIND
3657,3622,HAS_BLOCK
3622,3624,FLOW
3622,3643,FLOW
3622,3643,UNWIND
3657,3624,HAS_BLOCK
3624,3625,FLOW
3624,3612,FLOW
3657,3625,HAS_BLOCK
3625,3651,FLOW
3625,3643,FLOW
3625,3643,UNWIND
3657,3627,HAS_BLOCK
3627,3629,FLOW
3627,3647,FLOW
3627,3647,UNWIND
3657,3629,HAS_BLOCK
3629,3631,FLOW
3629,3647,FLOW
3629,3647,UNWIND
3657,3631,HAS_BLOCK
3631,3633,FLOW
3631,3642,FLOW
3631,3642,UNWIND
3657,3633,HAS_BLOCK
3633,3635,FLOW
3633,3642,FLOW
3633,3642,UNWIND
3657,3635,HAS_BLOCK
3635,3636,FLOW
3657,3636,HAS_BLOCK
3636,3637,FLOW
3636,3645,FLOW
3657,3637,HAS_BLOCK
3637,3641,FLOW
3657,3639,HAS_BLOCK
3639,3640,FLOW
3657,3640,HAS_BLOCK
3640,3641,FLOW
3657,3641,HAS_BLOCK
3641,3657,RETURN
3657,3642,HAS_BLOCK
3642,3647,FLOW
3657,3643,HAS_BLOCK
3643,3647,FLOW
3657,3644,HAS_BLOCK
3657,3645,HAS_BLOCK
3645,3637,FLOW
3657,3646,HAS_BLOCK
3646,3644,FLOW
3657,3647,HAS_BLOCK
3647,3644,FLOW
3647,3646,FLOW
3657,3648,HAS_BLOCK
3648,3638,FLOW
3657,3651,HAS_BLOCK
3651,3612,FLOW
3579,3580,HAS_PARAM
3579,3581,HAS_PARAM
3579,3570,HAS_BLOCK
3570,3572,FLOW
3579,3572,HAS_BLOCK
3572,3574,FLOW
3572,3573,FLOW
3579,3573,HAS_BLOCK
3573,3578,FLOW
3579,3574,HAS_BLOCK
3574,3576,FLOW
3579,3576,HAS_BLOCK
3576,3578,FLOW
3579,3578,HAS_BLOCK
3578,3579,RETURN
3470,3471,HAS_PARAM
3470,3463,HAS_BLOCK
3463,3465,FLOW
3470,3465,HAS_BLOCK
3465,3467,FLOW
3470,3467,HAS_BLOCK
3467,3469,FLOW
3470,3469,HAS_BLOCK
3469,3470,RETURN
3741,3742,HAS_PARAM
3741,3743,HAS_PARAM
3741,3720,HAS_BLOCK
3720,3721,FLOW
3720,3733,FLOW
3720,3723,FLOW
3741,3721,HAS_BLOCK
3721,3725,FLOW
3741,3725,HAS_BLOCK
3725,3727,FLOW
3741,3727,HAS_BLOCK
3727,3729,FLOW
3741,3729,HAS_BLOCK
3729,3731,FLOW
3741,3731,HAS_BLOCK
3731,3722,FLOW
3741,3733,HAS_BLOCK
3733,3735,FLOW
3741,3735,HAS_BLOCK
3735,3737,FLOW
3741,3737,HAS_BLOCK
3737,3739,FLOW
3741,3739,HAS_BLOCK
3739,3722,FLOW
3741,3722,HAS_BLOCK
3722,3741,RETURN
3741,3723,HAS_BLOCK
3562,3563,HAS_PARAM
3562,3472,HAS_BLOCK
3472,3474,FLOW
3562,3474,HAS_BLOCK
3474,3490,FLOW
3562,3490,HAS_BLOCK
3490,3508,FLOW
3490,3550,FLOW
3490,3550,UNWIND
3562,3508,HAS_BLOCK
3508,3526,FLOW
3508,3550,FLOW
3508,3550,UNWIND
3562,3526,HAS_BLOCK
3526,3543,FLOW
3562,3543,HAS_BLOCK
3543,3555,FLOW
3543,3550,FLOW
3543,3550,UNWIND
3562,3555,HAS_BLOCK
3555,3560,FLOW
3555,3558,FLOW
3555,3557,FLOW
3562,3557,HAS_BLOCK
3562,3558,HAS_BLOCK
3558,3475,FLOW
3558,3550,FLOW
3558,3550,UNWIND
3562,3560,HAS_BLOCK
3560,3497,FLOW
3560,3550,FLOW
3560,3550,UNWIND
3562,3475,HAS_BLOCK
3475,3477,FLOW
3475,3550,FLOW
3475,3550,UNWIND
3562,3477,HAS_BLOCK
3477,3478,FLOW
3562,3478,HAS_BLOCK
3478,3480,FLOW
3478,3550,FLOW
3478,3550,UNWIND
3562,3480,HAS_BLOCK
3480,3543,FLOW
3480,3481,FLOW
3480,3557,FLOW
3562,3481,HAS_BLOCK
3481,3483,FLOW
3481,3482,FLOW
3562,3482,HAS_BLOCK
3482,3484,FLOW
3562,3483,HAS_BLOCK
3483,3484,FLOW
3562,3484,HAS_BLOCK
3484,3478,FLOW
3484,3485,FLOW
3562,3485,HAS_BLOCK
3485,3487,FLOW
3485,3550,FLOW
3485,3550,UNWIND
3562,3487,HAS_BLOCK
3487,3491,FLOW
3487,3550,FLOW
3487,3550,UNWIND
3562,3491,HAS_BLOCK
3491,3478,FLOW
3491,3492,FLOW
3562,3492,HAS_BLOCK
3492,3494,FLOW
3492,3550,FLOW
3492,3550,UNWIND
3562,3494,HAS_BLOCK
3494,3496,FLOW
3494,3550,FLOW
3494,3550,UNWIND
3562,3496,HAS_BLOCK
3496,3478,FLOW
3562,3497,HAS_BLOCK
3497,3509,FLOW
3497,3498,FLOW
3562,3498,HAS_BLOCK
3498,3500,FLOW
3498,3550,FLOW
3498,3550,UNWIND
3562,3500,HAS_BLOCK
3500,3502,FLOW
3500,3550,FLOW
3500,3550,UNWIND
3562,3502,HAS_BLOCK
3502,3504,FLOW
3502,3550,FLOW
3502,3550,UNWIND
3562,3504,HAS_BLOCK
3504,3506,FLOW
3504,3550,FLOW
3504,3550,UNWIND
3562,3506,HAS_BLOCK
3506,3512,FLOW
3562,3509,HAS_BLOCK
3509,3511,FLOW
3509,3550,FLOW
3509,3550,UNWIND
3562,3511,HAS_BLOCK
3511,3512,FLOW
3562,3512,HAS_BLOCK
3512,3514,FLOW
3512,3553,FLOW
3512,3553,UNWIND
3562,3514,HAS_BLOCK
3514,3516,FLOW
3514,3549,FLOW
3514,3549,UNWIND
3562,3516,HAS_BLOCK
3516,3518,FLOW
3516,3548,FLOW
3516,3548,UNWIND
3562,3518,HAS_BLOCK
3518,3519,FLOW
3562,3519,HAS_BLOCK
3519,3521,FLOW
3519,3547,FLOW
3519,3547,UNWIND
3562,3521,HAS_BLOCK
3521,3524,FLOW
3521,3522,FLOW
3521,3557,FLOW
3562,3522,HAS_BLOCK
3522,3527,FLOW
3522,3547,FLOW
3522,3547,UNWIND
3562,3524,HAS_BLOCK
3524,3544,FLOW
3524,3548,FLOW
3524,3548,UNWIND
3562,3527,HAS_BLOCK
3527,3528,FLOW
3527,3519,FLOW
3562,3528,HAS_BLOCK
3528,3530,FLOW
3528,3547,FLOW
3528,3547,UNWIND
3562,3530,HAS_BLOCK
3530,3531,FLOW
3530,3519,FLOW
3562,3531,HAS_BLOCK
3531,3533,FLOW
3531,3547,FLOW
3531,3547,UNWIND
3562,3533,HAS_BLOCK
3533,3534,FLOW
3533,3519,FLOW
3562,3534,HAS_BLOCK
3534,3536,FLOW
3534,3547,FLOW
3534,3547,UNWIND
3562,3536,HAS_BLOCK
3536,3538,FLOW
3536,3547,FLOW
3536,3547,UNWIND
3536,3568,CALL
3562,3538,HAS_BLOCK
3538,3539,FLOW
3538,3519,FLOW
3562,3539,HAS_BLOCK
3539,3541,FLOW
3539,3547,FLOW
3539,3547,UNWIND
3562,3541,HAS_BLOCK
3541,3556,FLOW
3541,3547,FLOW
3541,3547,UNWIND
3562,3544,HAS_BLOCK
3544,3545,FLOW
3544,3553,FLOW
3544,3553,UNWIND
3562,3545,HAS_BLOCK
3545,3546,FLOW
3562,3546,HAS_BLOCK
3546,3562,RETURN
3562,3547,HAS_BLOCK
3547,3548,FLOW
3562,3548,HAS_BLOCK
3548,3549,FLOW
3562,3549,HAS_BLOCK
3549,3553,FLOW
3562,3550,HAS_BLOCK
3550,3551,FLOW
3562,3551,HAS_BLOCK
3562,3552,HAS_BLOCK
3552,3550,FLOW
3562,3553,HAS_BLOCK
3553,3550,FLOW
3553,3552,FLOW
3562,3556,HAS_BLOCK
3556,3519,FLOW
3854,3855,HAS_PARAM
3854,3851,HAS_BLOCK
3851,3853,FLOW
3851,3461,CALL
3854,3853,HAS_BLOCK
3853,3854,RETURN
1349,2153,HAS_PARAM
1349,2154,HAS_PARAM
1349,84,HAS_BLOCK
84,86,FLOW
84,1335,CALL
1349,86,HAS_BLOCK
86,1349,RETURN
3117,3118,HAS_PARAM
3117,3119,HAS_PARAM
3117,3120,HAS_PARAM
3117,3070,HAS_BLOCK
3070,3072,FLOW
3070,1349,CALL
3117,3072,HAS_BLOCK
3072,3090,FLOW
3117,3090,HAS_BLOCK
3090,3101,FLOW
3117,3101,HAS_BLOCK
3101,3108,FLOW
3101,3095,FLOW
3101,3095,UNWIND
3117,3108,HAS_BLOCK
3108,3112,FLOW
3108,3110,FLOW
3108,3109,FLOW
3117,3109,HAS_BLOCK
3117,3110,HAS_BLOCK
3110,3113,FLOW
3110,3104,FLOW
3110,3104,UNWIND
3117,3112,HAS_BLOCK
3112,3091,FLOW
3117,3113,HAS_BLOCK
3113,3115,FLOW
3113,3102,FLOW
3113,3102,UNWIND
3117,3115,HAS_BLOCK
3115,3073,FLOW
3115,3102,FLOW
3115,3102,UNWIND
3117,3073,HAS_BLOCK
3073,3074,FLOW
3073,3081,FLOW
3073,3109,FLOW
3117,3074,HAS_BLOCK
3074,3076,FLOW
3074,3102,FLOW
3074,3102,UNWIND
3117,3076,HAS_BLOCK
3076,3078,FLOW
3076,3102,FLOW
3076,3102,UNWIND
3117,3078,HAS_BLOCK
3078,3081,FLOW
3078,3079,FLOW
3078,3109,FLOW
3117,3079,HAS_BLOCK
3079,3105,FLOW
3079,3102,FLOW
3079,3102,UNWIND
3117,3081,HAS_BLOCK
3081,3083,FLOW
3081,3102,FLOW
3081,3102,UNWIND
3117,3083,HAS_BLOCK
3083,3085,FLOW
3083,3102,FLOW
3083,3102,UNWIND
3117,3085,HAS_BLOCK
3085,3086,FLOW
3085,3087,FLOW
3085,3109,FLOW
3117,3086,HAS_BLOCK
3086,3101,FLOW
3117,3087,HAS_BLOCK
3087,3106,FLOW
3087,3102,FLOW
3087,3102,UNWIND
3117,3091,HAS_BLOCK
3091,3094,FLOW
3117,3092,HAS_BLOCK
3092,3093,FLOW
3092,3099,FLOW
3117,3093,HAS_BLOCK
3093,3094,FLOW
3117,3094,HAS_BLOCK
3094,3117,RETURN
3117,3095,HAS_BLOCK
3095,3096,FLOW
3117,3096,HAS_BLOCK
3117,3097,HAS_BLOCK
3097,3092,FLOW
3097,3104,FLOW
3097,3104,UNWIND
3117,3098,HAS_BLOCK
3098,3092,FLOW
3098,3097,FLOW
3117,3099,HAS_BLOCK
3099,3093,FLOW
3099,3095,FLOW
3099,3095,UNWIND
3117,3100,HAS_BLOCK
3100,3104,FLOW
3117,3102,HAS_BLOCK
3102,3104,FLOW
3102,3100,FLOW
3117,3103,HAS_BLOCK
3103,3095,FLOW
3117,3104,HAS_BLOCK
3104,3095,FLOW
3104,3103,FLOW
3117,3105,HAS_BLOCK
3105,3098,FLOW
3117,3106,HAS_BLOCK
3106,3098,FLOW
3850,3847,HAS_BLOCK
3847,3849,FLOW
3850,3849,HAS_BLOCK
3849,3850,RETURN
16,17,HAS_PARAM
16,18,HAS_PARAM
16,13,HAS_BLOCK
13,15,FLOW
16,15,HAS_BLOCK
15,16,RETURN
11,12,HAS_PARAM
11,1,HAS_BLOCK
1,3,FLOW
11,3,HAS_BLOCK
3,5,FLOW
3,9,FLOW
3,9,UNWIND
11,5,HAS_BLOCK
5,7,FLOW
5,8,FLOW
5,8,UNWIND
11,7,HAS_BLOCK
7,11,RETURN
11,8,HAS_BLOCK
8,9,FLOW
11,9,HAS_BLOCK
9,10,FLOW
11,10,HAS_BLOCK
26,27,HAS_PARAM
26,28,HAS_PARAM
26,19,HAS_BLOCK
19,23,FLOW
19,21,FLOW
19,20,FLOW
26,20,HAS_BLOCK
26,21,HAS_BLOCK
21,25,FLOW
26,23,HAS_BLOCK
23,25,FLOW
26,25,HAS_BLOCK
25,26,RETURN
80,81,HAS_PARAM
80,82,HAS_PARAM
80,77,HAS_BLOCK
77,79,FLOW
80,79,HAS_BLOCK
79,80,RETURN
75,76,HAS_PARAM
75,72,HAS_BLOCK
72,74,FLOW
75,74,HAS_BLOCK
74,75,RETURN
41,42,HAS_PARAM
41,43,HAS_PARAM
41,38,HAS_BLOCK
38,40,FLOW
41,40,HAS_BLOCK
40,41,RETURN
36,37,HAS_PARAM
36,29,HAS_BLOCK
29,31,FLOW
36,31,HAS_BLOCK
31,33,FLOW
31,34,FLOW
31,34,UNWIND
36,33,HAS_BLOCK
33,36,RETURN
36,34,HAS_BLOCK
34,35,FLOW
36,35,HAS_BLOCK
69,70,HAS_PARAM
69,71,HAS_PARAM
69,62,HAS_BLOCK
62,66,FLOW
62,64,FLOW
62,63,FLOW
69,63,HAS_BLOCK
69,64,HAS_BLOCK
64,68,FLOW
69,66,HAS_BLOCK
66,68,FLOW
69,68,HAS_BLOCK
68,69,RETURN
60,61,HAS_PARAM
60,44,HAS_BLOCK
44,50,FLOW
44,48,FLOW
44,45,FLOW
60,45,HAS_BLOCK
60,48,HAS_BLOCK
48,57,FLOW
60,50,HAS_BLOCK
50,52,FLOW
60,52,HAS_BLOCK
52,54,FLOW
52,46,FLOW
52,46,UNWIND
60,54,HAS_BLOCK
54,56,FLOW
54,59,FLOW
54,59,UNWIND
60,56,HAS_BLOCK
56,58,FLOW
60,57,HAS_BLOCK
57,58,FLOW
60,58,HAS_BLOCK
58,60,RETURN
60,59,HAS_BLOCK
59,46,FLOW
60,46,HAS_BLOCK
46,47,FLOW
60,47,HAS_BLOCK
