node_id,node_kind,symbol,file,line,column
0,MODULE,,canon-projection/src/lib.rs,1,1
1,BASIC_BLOCK,<helpers::emit_plan::EmitEntry as std::clone::Clone>::clone::bb0,canon-projection/src/helpers/emit_plan.rs,9,5
2,CALL_SITE,<helpers::emit_plan::EmitEntry as std::clone::Clone>::clone::bb0::call0,canon-projection/src/helpers/emit_plan.rs,9,5
3,BASIC_BLOCK,<helpers::emit_plan::EmitEntry as std::clone::Clone>::clone::bb1,canon-projection/src/helpers/emit_plan.rs,10,5
4,CALL_SITE,<helpers::emit_plan::EmitEntry as std::clone::Clone>::clone::bb1::call1,canon-projection/src/helpers/emit_plan.rs,10,5
5,BASIC_BLOCK,<helpers::emit_plan::EmitEntry as std::clone::Clone>::clone::bb2,canon-projection/src/helpers/emit_plan.rs,11,5
6,CALL_SITE,<helpers::emit_plan::EmitEntry as std::clone::Clone>::clone::bb2::call2,canon-projection/src/helpers/emit_plan.rs,11,5
7,BASIC_BLOCK,<helpers::emit_plan::EmitEntry as std::clone::Clone>::clone::bb3,canon-projection/src/helpers/emit_plan.rs,7,22
8,BASIC_BLOCK,<helpers::emit_plan::EmitEntry as std::clone::Clone>::clone::bb4,canon-projection/src/helpers/emit_plan.rs,7,21
9,BASIC_BLOCK,<helpers::emit_plan::EmitEntry as std::clone::Clone>::clone::bb5,canon-projection/src/helpers/emit_plan.rs,7,21
10,BASIC_BLOCK,<helpers::emit_plan::EmitEntry as std::clone::Clone>::clone::bb6,canon-projection/src/helpers/emit_plan.rs,7,17
11,METHOD,<helpers::emit_plan::EmitEntry as std::clone::Clone>::clone::fn,canon-projection/src/helpers/emit_plan.rs,7,17
12,PARAM,<helpers::emit_plan::EmitEntry as std::clone::Clone>::clone::param0,canon-projection/src/helpers/emit_plan.rs,7,17
13,BASIC_BLOCK,<helpers::emit_plan::EmitEntry as std::fmt::Debug>::fmt::bb0,canon-projection/src/helpers/emit_plan.rs,7,10
14,CALL_SITE,<helpers::emit_plan::EmitEntry as std::fmt::Debug>::fmt::bb0::call0,canon-projection/src/helpers/emit_plan.rs,7,10
15,BASIC_BLOCK,<helpers::emit_plan::EmitEntry as std::fmt::Debug>::fmt::bb1,canon-projection/src/helpers/emit_plan.rs,7,15
16,METHOD,<helpers::emit_plan::EmitEntry as std::fmt::Debug>::fmt::fn,canon-projection/src/helpers/emit_plan.rs,7,10
17,PARAM,<helpers::emit_plan::EmitEntry as std::fmt::Debug>::fmt::param0,canon-projection/src/helpers/emit_plan.rs,7,10
18,PARAM,<helpers::emit_plan::EmitEntry as std::fmt::Debug>::fmt::param1,canon-projection/src/helpers/emit_plan.rs,7,10
19,BASIC_BLOCK,<helpers::structural_validation::StructuralError as std::fmt::Debug>::fmt::bb0,canon-projection/src/helpers/structural_validation.rs,5,10
20,BASIC_BLOCK,<helpers::structural_validation::StructuralError as std::fmt::Debug>::fmt::bb1,canon-projection/src/helpers/structural_validation.rs,5,10
21,BASIC_BLOCK,<helpers::structural_validation::StructuralError as std::fmt::Debug>::fmt::bb2,canon-projection/src/helpers/structural_validation.rs,5,10
22,CALL_SITE,<helpers::structural_validation::StructuralError as std::fmt::Debug>::fmt::bb2::call0,canon-projection/src/helpers/structural_validation.rs,5,10
23,BASIC_BLOCK,<helpers::structural_validation::StructuralError as std::fmt::Debug>::fmt::bb3,canon-projection/src/helpers/structural_validation.rs,5,10
24,CALL_SITE,<helpers::structural_validation::StructuralError as std::fmt::Debug>::fmt::bb3::call1,canon-projection/src/helpers/structural_validation.rs,5,10
25,BASIC_BLOCK,<helpers::structural_validation::StructuralError as std::fmt::Debug>::fmt::bb4,canon-projection/src/helpers/structural_validation.rs,5,15
26,METHOD,<helpers::structural_validation::StructuralError as std::fmt::Debug>::fmt::fn,canon-projection/src/helpers/structural_validation.rs,5,10
27,PARAM,<helpers::structural_validation::StructuralError as std::fmt::Debug>::fmt::param0,canon-projection/src/helpers/structural_validation.rs,5,10
28,PARAM,<helpers::structural_validation::StructuralError as std::fmt::Debug>::fmt::param1,canon-projection/src/helpers/structural_validation.rs,5,10
29,BASIC_BLOCK,<layout::FilePlan as std::clone::Clone>::clone::bb0,canon-projection/src/layout/mod.rs,15,5
30,CALL_SITE,<layout::FilePlan as std::clone::Clone>::clone::bb0::call0,canon-projection/src/layout/mod.rs,15,5
31,BASIC_BLOCK,<layout::FilePlan as std::clone::Clone>::clone::bb1,canon-projection/src/layout/mod.rs,16,5
32,CALL_SITE,<layout::FilePlan as std::clone::Clone>::clone::bb1::call1,canon-projection/src/layout/mod.rs,16,5
33,BASIC_BLOCK,<layout::FilePlan as std::clone::Clone>::clone::bb2,canon-projection/src/layout/mod.rs,13,22
34,BASIC_BLOCK,<layout::FilePlan as std::clone::Clone>::clone::bb3,canon-projection/src/layout/mod.rs,13,21
35,BASIC_BLOCK,<layout::FilePlan as std::clone::Clone>::clone::bb4,canon-projection/src/layout/mod.rs,13,17
36,METHOD,<layout::FilePlan as std::clone::Clone>::clone::fn,canon-projection/src/layout/mod.rs,13,17
37,PARAM,<layout::FilePlan as std::clone::Clone>::clone::param0,canon-projection/src/layout/mod.rs,13,17
38,BASIC_BLOCK,<layout::FilePlan as std::fmt::Debug>::fmt::bb0,canon-projection/src/layout/mod.rs,13,10
39,CALL_SITE,<layout::FilePlan as std::fmt::Debug>::fmt::bb0::call0,canon-projection/src/layout/mod.rs,13,10
40,BASIC_BLOCK,<layout::FilePlan as std::fmt::Debug>::fmt::bb1,canon-projection/src/layout/mod.rs,13,15
41,METHOD,<layout::FilePlan as std::fmt::Debug>::fmt::fn,canon-projection/src/layout/mod.rs,13,10
42,PARAM,<layout::FilePlan as std::fmt::Debug>::fmt::param0,canon-projection/src/layout/mod.rs,13,10
43,PARAM,<layout::FilePlan as std::fmt::Debug>::fmt::param1,canon-projection/src/layout/mod.rs,13,10
44,BASIC_BLOCK,<layout::ItemPlan as std::clone::Clone>::clone::bb0,canon-projection/src/layout/mod.rs,19,17
45,BASIC_BLOCK,<layout::ItemPlan as std::clone::Clone>::clone::bb1,canon-projection/src/layout/mod.rs,19,17
46,BASIC_BLOCK,<layout::ItemPlan as std::clone::Clone>::clone::bb10,canon-projection/src/layout/mod.rs,19,21
47,BASIC_BLOCK,<layout::ItemPlan as std::clone::Clone>::clone::bb11,canon-projection/src/layout/mod.rs,19,17
48,BASIC_BLOCK,<layout::ItemPlan as std::clone::Clone>::clone::bb2,canon-projection/src/layout/mod.rs,22,10
49,CALL_SITE,<layout::ItemPlan as std::clone::Clone>::clone::bb2::call0,canon-projection/src/layout/mod.rs,22,10
50,BASIC_BLOCK,<layout::ItemPlan as std::clone::Clone>::clone::bb3,canon-projection/src/layout/mod.rs,21,17
51,CALL_SITE,<layout::ItemPlan as std::clone::Clone>::clone::bb3::call1,canon-projection/src/layout/mod.rs,21,17
52,BASIC_BLOCK,<layout::ItemPlan as std::clone::Clone>::clone::bb4,canon-projection/src/layout/mod.rs,21,31
53,CALL_SITE,<layout::ItemPlan as std::clone::Clone>::clone::bb4::call2,canon-projection/src/layout/mod.rs,21,31
54,BASIC_BLOCK,<layout::ItemPlan as std::clone::Clone>::clone::bb5,canon-projection/src/layout/mod.rs,21,66
55,CALL_SITE,<layout::ItemPlan as std::clone::Clone>::clone::bb5::call3,canon-projection/src/layout/mod.rs,21,66
56,BASIC_BLOCK,<layout::ItemPlan as std::clone::Clone>::clone::bb6,canon-projection/src/layout/mod.rs,19,21
57,BASIC_BLOCK,<layout::ItemPlan as std::clone::Clone>::clone::bb7,canon-projection/src/layout/mod.rs,19,21
58,BASIC_BLOCK,<layout::ItemPlan as std::clone::Clone>::clone::bb8,canon-projection/src/layout/mod.rs,19,22
59,BASIC_BLOCK,<layout::ItemPlan as std::clone::Clone>::clone::bb9,canon-projection/src/layout/mod.rs,19,21
60,METHOD,<layout::ItemPlan as std::clone::Clone>::clone::fn,canon-projection/src/layout/mod.rs,19,17
61,PARAM,<layout::ItemPlan as std::clone::Clone>::clone::param0,canon-projection/src/layout/mod.rs,19,17
62,BASIC_BLOCK,<layout::ItemPlan as std::fmt::Debug>::fmt::bb0,canon-projection/src/layout/mod.rs,19,10
63,BASIC_BLOCK,<layout::ItemPlan as std::fmt::Debug>::fmt::bb1,canon-projection/src/layout/mod.rs,19,10
64,BASIC_BLOCK,<layout::ItemPlan as std::fmt::Debug>::fmt::bb2,canon-projection/src/layout/mod.rs,19,10
65,CALL_SITE,<layout::ItemPlan as std::fmt::Debug>::fmt::bb2::call0,canon-projection/src/layout/mod.rs,19,10
66,BASIC_BLOCK,<layout::ItemPlan as std::fmt::Debug>::fmt::bb3,canon-projection/src/layout/mod.rs,19,10
67,CALL_SITE,<layout::ItemPlan as std::fmt::Debug>::fmt::bb3::call1,canon-projection/src/layout/mod.rs,19,10
68,BASIC_BLOCK,<layout::ItemPlan as std::fmt::Debug>::fmt::bb4,canon-projection/src/layout/mod.rs,19,15
69,METHOD,<layout::ItemPlan as std::fmt::Debug>::fmt::fn,canon-projection/src/layout/mod.rs,19,10
70,PARAM,<layout::ItemPlan as std::fmt::Debug>::fmt::param0,canon-projection/src/layout/mod.rs,19,10
71,PARAM,<layout::ItemPlan as std::fmt::Debug>::fmt::param1,canon-projection/src/layout/mod.rs,19,10
72,BASIC_BLOCK,<layout::Plan as std::clone::Clone>::clone::bb0,canon-projection/src/layout/mod.rs,10,5
73,CALL_SITE,<layout::Plan as std::clone::Clone>::clone::bb0::call0,canon-projection/src/layout/mod.rs,10,5
74,BASIC_BLOCK,<layout::Plan as std::clone::Clone>::clone::bb1,canon-projection/src/layout/mod.rs,8,22
75,METHOD,<layout::Plan as std::clone::Clone>::clone::fn,canon-projection/src/layout/mod.rs,8,17
76,PARAM,<layout::Plan as std::clone::Clone>::clone::param0,canon-projection/src/layout/mod.rs,8,17
77,BASIC_BLOCK,<layout::Plan as std::fmt::Debug>::fmt::bb0,canon-projection/src/layout/mod.rs,8,10
78,CALL_SITE,<layout::Plan as std::fmt::Debug>::fmt::bb0::call0,canon-projection/src/layout/mod.rs,8,10
79,BASIC_BLOCK,<layout::Plan as std::fmt::Debug>::fmt::bb1,canon-projection/src/layout/mod.rs,8,15
80,METHOD,<layout::Plan as std::fmt::Debug>::fmt::fn,canon-projection/src/layout/mod.rs,8,10
81,PARAM,<layout::Plan as std::fmt::Debug>::fmt::param0,canon-projection/src/layout/mod.rs,8,10
82,PARAM,<layout::Plan as std::fmt::Debug>::fmt::param1,canon-projection/src/layout/mod.rs,8,10
83,MODULE,emit,canon-projection/src/lib.rs,6,1
84,BASIC_BLOCK,emit::bb0,canon-projection/src/lib.rs,18,5
85,CALL_SITE,emit::bb0::call0,canon-projection/src/lib.rs,18,5
86,BASIC_BLOCK,emit::bb1,canon-projection/src/lib.rs,19,2
87,MODULE,emit::body,canon-projection/src/emit/mod.rs,1,1
88,BASIC_BLOCK,emit::body::bind_or_assign_typed::bb0,canon-projection/src/emit/body.rs,373,8
89,CALL_SITE,emit::body::bind_or_assign_typed::bb0::call0,canon-projection/src/emit/body.rs,373,8
90,BASIC_BLOCK,emit::body::bind_or_assign_typed::bb1,canon-projection/src/emit/body.rs,373,8
91,BASIC_BLOCK,emit::body::bind_or_assign_typed::bb10,canon-projection/src/emit/body.rs,383,22
92,BASIC_BLOCK,emit::body::bind_or_assign_typed::bb11,canon-projection/src/emit/body.rs,391,18
93,BASIC_BLOCK,emit::body::bind_or_assign_typed::bb12,canon-projection/src/emit/body.rs,390,53
94,CALL_SITE,emit::body::bind_or_assign_typed::bb12::call9,canon-projection/src/emit/body.rs,390,53
95,BASIC_BLOCK,emit::body::bind_or_assign_typed::bb13,canon-projection/src/emit/body.rs,388,22
96,CALL_SITE,emit::body::bind_or_assign_typed::bb13::call10,canon-projection/src/emit/body.rs,388,22
97,BASIC_BLOCK,emit::body::bind_or_assign_typed::bb14,canon-projection/src/emit/body.rs,389,13
98,BASIC_BLOCK,emit::body::bind_or_assign_typed::bb15,canon-projection/src/emit/body.rs,390,76
99,BASIC_BLOCK,emit::body::bind_or_assign_typed::bb16,canon-projection/src/emit/body.rs,394,9
100,BASIC_BLOCK,emit::body::bind_or_assign_typed::bb17,canon-projection/src/emit/body.rs,394,15
101,BASIC_BLOCK,emit::body::bind_or_assign_typed::bb18,canon-projection/src/emit/body.rs,419,20
102,CALL_SITE,emit::body::bind_or_assign_typed::bb18::call11,canon-projection/src/emit/body.rs,419,20
103,BASIC_BLOCK,emit::body::bind_or_assign_typed::bb19,canon-projection/src/emit/body.rs,396,33
104,CALL_SITE,emit::body::bind_or_assign_typed::bb19::call12,canon-projection/src/emit/body.rs,396,33
105,BASIC_BLOCK,emit::body::bind_or_assign_typed::bb2,canon-projection/src/emit/body.rs,374,18
106,BASIC_BLOCK,emit::body::bind_or_assign_typed::bb20,canon-projection/src/emit/body.rs,401,33
107,CALL_SITE,emit::body::bind_or_assign_typed::bb20::call13,canon-projection/src/emit/body.rs,401,33
108,BASIC_BLOCK,emit::body::bind_or_assign_typed::bb21,canon-projection/src/emit/body.rs,401,33
109,CALL_SITE,emit::body::bind_or_assign_typed::bb21::call14,canon-projection/src/emit/body.rs,401,33
110,BASIC_BLOCK,emit::body::bind_or_assign_typed::bb22,canon-projection/src/emit/body.rs,406,20
111,CALL_SITE,emit::body::bind_or_assign_typed::bb22::call15,canon-projection/src/emit/body.rs,406,20
112,BASIC_BLOCK,emit::body::bind_or_assign_typed::bb23,canon-projection/src/emit/body.rs,406,20
113,BASIC_BLOCK,emit::body::bind_or_assign_typed::bb24,canon-projection/src/emit/body.rs,406,39
114,CALL_SITE,emit::body::bind_or_assign_typed::bb24::call16,canon-projection/src/emit/body.rs,406,39
115,BASIC_BLOCK,emit::body::bind_or_assign_typed::bb25,canon-projection/src/emit/body.rs,406,39
116,BASIC_BLOCK,emit::body::bind_or_assign_typed::bb26,canon-projection/src/emit/body.rs,406,60
117,CALL_SITE,emit::body::bind_or_assign_typed::bb26::call17,canon-projection/src/emit/body.rs,406,60
118,BASIC_BLOCK,emit::body::bind_or_assign_typed::bb27,canon-projection/src/emit/body.rs,406,60
119,CALL_SITE,emit::body::bind_or_assign_typed::bb27::call18,canon-projection/src/emit/body.rs,406,60
120,BASIC_BLOCK,emit::body::bind_or_assign_typed::bb28,canon-projection/src/emit/body.rs,406,60
121,CALL_SITE,emit::body::bind_or_assign_typed::bb28::call19,canon-projection/src/emit/body.rs,406,60
122,BASIC_BLOCK,emit::body::bind_or_assign_typed::bb29,canon-projection/src/emit/body.rs,406,60
123,CALL_SITE,emit::body::bind_or_assign_typed::bb2::call1,canon-projection/src/emit/body.rs,374,18
124,BASIC_BLOCK,emit::body::bind_or_assign_typed::bb3,canon-projection/src/emit/body.rs,374,27
125,BASIC_BLOCK,emit::body::bind_or_assign_typed::bb30,canon-projection/src/emit/body.rs,407,38
126,CALL_SITE,emit::body::bind_or_assign_typed::bb30::call20,canon-projection/src/emit/body.rs,407,38
127,BASIC_BLOCK,emit::body::bind_or_assign_typed::bb31,canon-projection/src/emit/body.rs,407,46
128,CALL_SITE,emit::body::bind_or_assign_typed::bb31::call21,canon-projection/src/emit/body.rs,407,46
129,BASIC_BLOCK,emit::body::bind_or_assign_typed::bb32,/home/cicero-arch-omen/.rustup/toolchains/nightly-x86_64-unknown-linux-gnu/lib/rustlib/src/rust/library/alloc/src/macros.rs,114,33
130,CALL_SITE,emit::body::bind_or_assign_typed::bb32::call22,/home/cicero-arch-omen/.rustup/toolchains/nightly-x86_64-unknown-linux-gnu/lib/rustlib/src/rust/library/alloc/src/macros.rs,114,33
131,BASIC_BLOCK,emit::body::bind_or_assign_typed::bb33,/home/cicero-arch-omen/.rustup/toolchains/nightly-x86_64-unknown-linux-gnu/lib/rustlib/src/rust/library/alloc/src/macros.rs,114,13
132,CALL_SITE,emit::body::bind_or_assign_typed::bb33::call23,/home/cicero-arch-omen/.rustup/toolchains/nightly-x86_64-unknown-linux-gnu/lib/rustlib/src/rust/library/alloc/src/macros.rs,114,13
133,BASIC_BLOCK,emit::body::bind_or_assign_typed::bb34,/home/cicero-arch-omen/.rustup/toolchains/nightly-x86_64-unknown-linux-gnu/lib/rustlib/src/rust/library/alloc/src/macros.rs,113,9
134,CALL_SITE,emit::body::bind_or_assign_typed::bb34::call24,/home/cicero-arch-omen/.rustup/toolchains/nightly-x86_64-unknown-linux-gnu/lib/rustlib/src/rust/library/alloc/src/macros.rs,113,9
135,BASIC_BLOCK,emit::body::bind_or_assign_typed::bb35,canon-projection/src/emit/body.rs,408,28
136,BASIC_BLOCK,emit::body::bind_or_assign_typed::bb36,canon-projection/src/emit/body.rs,409,38
137,CALL_SITE,emit::body::bind_or_assign_typed::bb36::call25,canon-projection/src/emit/body.rs,409,38
138,BASIC_BLOCK,emit::body::bind_or_assign_typed::bb37,canon-projection/src/emit/body.rs,409,47
139,CALL_SITE,emit::body::bind_or_assign_typed::bb37::call26,canon-projection/src/emit/body.rs,409,47
140,BASIC_BLOCK,emit::body::bind_or_assign_typed::bb38,/home/cicero-arch-omen/.rustup/toolchains/nightly-x86_64-unknown-linux-gnu/lib/rustlib/src/rust/library/alloc/src/macros.rs,114,33
141,CALL_SITE,emit::body::bind_or_assign_typed::bb38::call27,/home/cicero-arch-omen/.rustup/toolchains/nightly-x86_64-unknown-linux-gnu/lib/rustlib/src/rust/library/alloc/src/macros.rs,114,33
142,BASIC_BLOCK,emit::body::bind_or_assign_typed::bb39,/home/cicero-arch-omen/.rustup/toolchains/nightly-x86_64-unknown-linux-gnu/lib/rustlib/src/rust/library/alloc/src/macros.rs,114,13
143,CALL_SITE,emit::body::bind_or_assign_typed::bb39::call28,/home/cicero-arch-omen/.rustup/toolchains/nightly-x86_64-unknown-linux-gnu/lib/rustlib/src/rust/library/alloc/src/macros.rs,114,13
144,CALL_SITE,emit::body::bind_or_assign_typed::bb3::call2,canon-projection/src/emit/body.rs,374,27
145,BASIC_BLOCK,emit::body::bind_or_assign_typed::bb4,/home/cicero-arch-omen/.rustup/toolchains/nightly-x86_64-unknown-linux-gnu/lib/rustlib/src/rust/library/alloc/src/macros.rs,114,33
146,BASIC_BLOCK,emit::body::bind_or_assign_typed::bb40,/home/cicero-arch-omen/.rustup/toolchains/nightly-x86_64-unknown-linux-gnu/lib/rustlib/src/rust/library/alloc/src/macros.rs,113,9
147,CALL_SITE,emit::body::bind_or_assign_typed::bb40::call29,/home/cicero-arch-omen/.rustup/toolchains/nightly-x86_64-unknown-linux-gnu/lib/rustlib/src/rust/library/alloc/src/macros.rs,113,9
148,BASIC_BLOCK,emit::body::bind_or_assign_typed::bb41,canon-projection/src/emit/body.rs,410,27
149,CALL_SITE,emit::body::bind_or_assign_typed::bb41::call30,canon-projection/src/emit/body.rs,410,27
150,BASIC_BLOCK,emit::body::bind_or_assign_typed::bb42,canon-projection/src/emit/body.rs,410,27
151,BASIC_BLOCK,emit::body::bind_or_assign_typed::bb43,canon-projection/src/emit/body.rs,411,38
152,CALL_SITE,emit::body::bind_or_assign_typed::bb43::call31,canon-projection/src/emit/body.rs,411,38
153,BASIC_BLOCK,emit::body::bind_or_assign_typed::bb44,canon-projection/src/emit/body.rs,411,46
154,CALL_SITE,emit::body::bind_or_assign_typed::bb44::call32,canon-projection/src/emit/body.rs,411,46
155,BASIC_BLOCK,emit::body::bind_or_assign_typed::bb45,canon-projection/src/emit/body.rs,411,53
156,CALL_SITE,emit::body::bind_or_assign_typed::bb45::call33,canon-projection/src/emit/body.rs,411,53
157,BASIC_BLOCK,emit::body::bind_or_assign_typed::bb46,/home/cicero-arch-omen/.rustup/toolchains/nightly-x86_64-unknown-linux-gnu/lib/rustlib/src/rust/library/alloc/src/macros.rs,114,33
158,CALL_SITE,emit::body::bind_or_assign_typed::bb46::call34,/home/cicero-arch-omen/.rustup/toolchains/nightly-x86_64-unknown-linux-gnu/lib/rustlib/src/rust/library/alloc/src/macros.rs,114,33
159,BASIC_BLOCK,emit::body::bind_or_assign_typed::bb47,/home/cicero-arch-omen/.rustup/toolchains/nightly-x86_64-unknown-linux-gnu/lib/rustlib/src/rust/library/alloc/src/macros.rs,114,13
160,CALL_SITE,emit::body::bind_or_assign_typed::bb47::call35,/home/cicero-arch-omen/.rustup/toolchains/nightly-x86_64-unknown-linux-gnu/lib/rustlib/src/rust/library/alloc/src/macros.rs,114,13
161,BASIC_BLOCK,emit::body::bind_or_assign_typed::bb48,/home/cicero-arch-omen/.rustup/toolchains/nightly-x86_64-unknown-linux-gnu/lib/rustlib/src/rust/library/alloc/src/macros.rs,113,9
162,CALL_SITE,emit::body::bind_or_assign_typed::bb48::call36,/home/cicero-arch-omen/.rustup/toolchains/nightly-x86_64-unknown-linux-gnu/lib/rustlib/src/rust/library/alloc/src/macros.rs,113,9
163,BASIC_BLOCK,emit::body::bind_or_assign_typed::bb49,canon-projection/src/emit/body.rs,412,27
164,CALL_SITE,emit::body::bind_or_assign_typed::bb49::call37,canon-projection/src/emit/body.rs,412,27
165,CALL_SITE,emit::body::bind_or_assign_typed::bb4::call3,/home/cicero-arch-omen/.rustup/toolchains/nightly-x86_64-unknown-linux-gnu/lib/rustlib/src/rust/library/alloc/src/macros.rs,114,33
166,BASIC_BLOCK,emit::body::bind_or_assign_typed::bb5,/home/cicero-arch-omen/.rustup/toolchains/nightly-x86_64-unknown-linux-gnu/lib/rustlib/src/rust/library/alloc/src/macros.rs,114,13
167,BASIC_BLOCK,emit::body::bind_or_assign_typed::bb50,canon-projection/src/emit/body.rs,412,27
168,CALL_SITE,emit::body::bind_or_assign_typed::bb50::call38,canon-projection/src/emit/body.rs,412,27
169,BASIC_BLOCK,emit::body::bind_or_assign_typed::bb51,canon-projection/src/emit/body.rs,412,27
170,CALL_SITE,emit::body::bind_or_assign_typed::bb51::call39,canon-projection/src/emit/body.rs,412,27
171,BASIC_BLOCK,emit::body::bind_or_assign_typed::bb52,canon-projection/src/emit/body.rs,412,27
172,BASIC_BLOCK,emit::body::bind_or_assign_typed::bb53,canon-projection/src/emit/body.rs,413,38
173,CALL_SITE,emit::body::bind_or_assign_typed::bb53::call40,canon-projection/src/emit/body.rs,413,38
174,BASIC_BLOCK,emit::body::bind_or_assign_typed::bb54,canon-projection/src/emit/body.rs,413,47
175,CALL_SITE,emit::body::bind_or_assign_typed::bb54::call41,canon-projection/src/emit/body.rs,413,47
176,BASIC_BLOCK,emit::body::bind_or_assign_typed::bb55,/home/cicero-arch-omen/.rustup/toolchains/nightly-x86_64-unknown-linux-gnu/lib/rustlib/src/rust/library/alloc/src/macros.rs,114,33
177,CALL_SITE,emit::body::bind_or_assign_typed::bb55::call42,/home/cicero-arch-omen/.rustup/toolchains/nightly-x86_64-unknown-linux-gnu/lib/rustlib/src/rust/library/alloc/src/macros.rs,114,33
178,BASIC_BLOCK,emit::body::bind_or_assign_typed::bb56,/home/cicero-arch-omen/.rustup/toolchains/nightly-x86_64-unknown-linux-gnu/lib/rustlib/src/rust/library/alloc/src/macros.rs,114,13
179,CALL_SITE,emit::body::bind_or_assign_typed::bb56::call43,/home/cicero-arch-omen/.rustup/toolchains/nightly-x86_64-unknown-linux-gnu/lib/rustlib/src/rust/library/alloc/src/macros.rs,114,13
180,BASIC_BLOCK,emit::body::bind_or_assign_typed::bb57,/home/cicero-arch-omen/.rustup/toolchains/nightly-x86_64-unknown-linux-gnu/lib/rustlib/src/rust/library/alloc/src/macros.rs,113,9
181,CALL_SITE,emit::body::bind_or_assign_typed::bb57::call44,/home/cicero-arch-omen/.rustup/toolchains/nightly-x86_64-unknown-linux-gnu/lib/rustlib/src/rust/library/alloc/src/macros.rs,113,9
182,BASIC_BLOCK,emit::body::bind_or_assign_typed::bb58,canon-projection/src/emit/body.rs,415,38
183,CALL_SITE,emit::body::bind_or_assign_typed::bb58::call45,canon-projection/src/emit/body.rs,415,38
184,BASIC_BLOCK,emit::body::bind_or_assign_typed::bb59,canon-projection/src/emit/body.rs,415,46
185,CALL_SITE,emit::body::bind_or_assign_typed::bb59::call46,canon-projection/src/emit/body.rs,415,46
186,CALL_SITE,emit::body::bind_or_assign_typed::bb5::call4,/home/cicero-arch-omen/.rustup/toolchains/nightly-x86_64-unknown-linux-gnu/lib/rustlib/src/rust/library/alloc/src/macros.rs,114,13
187,BASIC_BLOCK,emit::body::bind_or_assign_typed::bb6,/home/cicero-arch-omen/.rustup/toolchains/nightly-x86_64-unknown-linux-gnu/lib/rustlib/src/rust/library/alloc/src/macros.rs,113,9
188,BASIC_BLOCK,emit::body::bind_or_assign_typed::bb60,canon-projection/src/emit/body.rs,415,53
189,CALL_SITE,emit::body::bind_or_assign_typed::bb60::call47,canon-projection/src/emit/body.rs,415,53
190,BASIC_BLOCK,emit::body::bind_or_assign_typed::bb61,/home/cicero-arch-omen/.rustup/toolchains/nightly-x86_64-unknown-linux-gnu/lib/rustlib/src/rust/library/alloc/src/macros.rs,114,33
191,CALL_SITE,emit::body::bind_or_assign_typed::bb61::call48,/home/cicero-arch-omen/.rustup/toolchains/nightly-x86_64-unknown-linux-gnu/lib/rustlib/src/rust/library/alloc/src/macros.rs,114,33
192,BASIC_BLOCK,emit::body::bind_or_assign_typed::bb62,/home/cicero-arch-omen/.rustup/toolchains/nightly-x86_64-unknown-linux-gnu/lib/rustlib/src/rust/library/alloc/src/macros.rs,114,13
193,CALL_SITE,emit::body::bind_or_assign_typed::bb62::call49,/home/cicero-arch-omen/.rustup/toolchains/nightly-x86_64-unknown-linux-gnu/lib/rustlib/src/rust/library/alloc/src/macros.rs,114,13
194,BASIC_BLOCK,emit::body::bind_or_assign_typed::bb63,/home/cicero-arch-omen/.rustup/toolchains/nightly-x86_64-unknown-linux-gnu/lib/rustlib/src/rust/library/alloc/src/macros.rs,113,9
195,CALL_SITE,emit::body::bind_or_assign_typed::bb63::call50,/home/cicero-arch-omen/.rustup/toolchains/nightly-x86_64-unknown-linux-gnu/lib/rustlib/src/rust/library/alloc/src/macros.rs,113,9
196,BASIC_BLOCK,emit::body::bind_or_assign_typed::bb64,canon-projection/src/emit/body.rs,417,13
197,BASIC_BLOCK,emit::body::bind_or_assign_typed::bb65,canon-projection/src/emit/body.rs,419,20
198,CALL_SITE,emit::body::bind_or_assign_typed::bb65::call51,canon-projection/src/emit/body.rs,419,20
199,BASIC_BLOCK,emit::body::bind_or_assign_typed::bb66,canon-projection/src/emit/body.rs,419,20
200,CALL_SITE,emit::body::bind_or_assign_typed::bb66::call52,canon-projection/src/emit/body.rs,419,20
201,BASIC_BLOCK,emit::body::bind_or_assign_typed::bb67,canon-projection/src/emit/body.rs,419,20
202,BASIC_BLOCK,emit::body::bind_or_assign_typed::bb68,canon-projection/src/emit/body.rs,420,38
203,CALL_SITE,emit::body::bind_or_assign_typed::bb68::call53,canon-projection/src/emit/body.rs,420,38
204,BASIC_BLOCK,emit::body::bind_or_assign_typed::bb69,/home/cicero-arch-omen/.rustup/toolchains/nightly-x86_64-unknown-linux-gnu/lib/rustlib/src/rust/library/alloc/src/macros.rs,114,33
205,CALL_SITE,emit::body::bind_or_assign_typed::bb69::call54,/home/cicero-arch-omen/.rustup/toolchains/nightly-x86_64-unknown-linux-gnu/lib/rustlib/src/rust/library/alloc/src/macros.rs,114,33
206,CALL_SITE,emit::body::bind_or_assign_typed::bb6::call5,/home/cicero-arch-omen/.rustup/toolchains/nightly-x86_64-unknown-linux-gnu/lib/rustlib/src/rust/library/alloc/src/macros.rs,113,9
207,BASIC_BLOCK,emit::body::bind_or_assign_typed::bb7,canon-projection/src/emit/body.rs,376,25
208,BASIC_BLOCK,emit::body::bind_or_assign_typed::bb70,/home/cicero-arch-omen/.rustup/toolchains/nightly-x86_64-unknown-linux-gnu/lib/rustlib/src/rust/library/alloc/src/macros.rs,114,13
209,CALL_SITE,emit::body::bind_or_assign_typed::bb70::call55,/home/cicero-arch-omen/.rustup/toolchains/nightly-x86_64-unknown-linux-gnu/lib/rustlib/src/rust/library/alloc/src/macros.rs,114,13
210,BASIC_BLOCK,emit::body::bind_or_assign_typed::bb71,/home/cicero-arch-omen/.rustup/toolchains/nightly-x86_64-unknown-linux-gnu/lib/rustlib/src/rust/library/alloc/src/macros.rs,113,9
211,CALL_SITE,emit::body::bind_or_assign_typed::bb71::call56,/home/cicero-arch-omen/.rustup/toolchains/nightly-x86_64-unknown-linux-gnu/lib/rustlib/src/rust/library/alloc/src/macros.rs,113,9
212,BASIC_BLOCK,emit::body::bind_or_assign_typed::bb72,canon-projection/src/emit/body.rs,422,38
213,CALL_SITE,emit::body::bind_or_assign_typed::bb72::call57,canon-projection/src/emit/body.rs,422,38
214,BASIC_BLOCK,emit::body::bind_or_assign_typed::bb73,canon-projection/src/emit/body.rs,422,47
215,CALL_SITE,emit::body::bind_or_assign_typed::bb73::call58,canon-projection/src/emit/body.rs,422,47
216,BASIC_BLOCK,emit::body::bind_or_assign_typed::bb74,/home/cicero-arch-omen/.rustup/toolchains/nightly-x86_64-unknown-linux-gnu/lib/rustlib/src/rust/library/alloc/src/macros.rs,114,33
217,CALL_SITE,emit::body::bind_or_assign_typed::bb74::call59,/home/cicero-arch-omen/.rustup/toolchains/nightly-x86_64-unknown-linux-gnu/lib/rustlib/src/rust/library/alloc/src/macros.rs,114,33
218,BASIC_BLOCK,emit::body::bind_or_assign_typed::bb75,/home/cicero-arch-omen/.rustup/toolchains/nightly-x86_64-unknown-linux-gnu/lib/rustlib/src/rust/library/alloc/src/macros.rs,114,13
219,CALL_SITE,emit::body::bind_or_assign_typed::bb75::call60,/home/cicero-arch-omen/.rustup/toolchains/nightly-x86_64-unknown-linux-gnu/lib/rustlib/src/rust/library/alloc/src/macros.rs,114,13
220,BASIC_BLOCK,emit::body::bind_or_assign_typed::bb76,/home/cicero-arch-omen/.rustup/toolchains/nightly-x86_64-unknown-linux-gnu/lib/rustlib/src/rust/library/alloc/src/macros.rs,113,9
221,CALL_SITE,emit::body::bind_or_assign_typed::bb76::call61,/home/cicero-arch-omen/.rustup/toolchains/nightly-x86_64-unknown-linux-gnu/lib/rustlib/src/rust/library/alloc/src/macros.rs,113,9
222,BASIC_BLOCK,emit::body::bind_or_assign_typed::bb77,canon-projection/src/emit/body.rs,427,1
223,BASIC_BLOCK,emit::body::bind_or_assign_typed::bb78,canon-projection/src/emit/body.rs,427,2
224,BASIC_BLOCK,emit::body::bind_or_assign_typed::bb79,canon-projection/src/emit/body.rs,417,13
225,CALL_SITE,emit::body::bind_or_assign_typed::bb7::call6,canon-projection/src/emit/body.rs,376,25
226,BASIC_BLOCK,emit::body::bind_or_assign_typed::bb8,canon-projection/src/emit/body.rs,376,9
227,BASIC_BLOCK,emit::body::bind_or_assign_typed::bb80,canon-projection/src/emit/body.rs,427,1
228,BASIC_BLOCK,emit::body::bind_or_assign_typed::bb81,canon-projection/src/emit/body.rs,372,1
229,BASIC_BLOCK,emit::body::bind_or_assign_typed::bb82,/home/cicero-arch-omen/.rustup/toolchains/nightly-x86_64-unknown-linux-gnu/lib/rustlib/src/rust/library/alloc/src/macros.rs,113,9
230,BASIC_BLOCK,emit::body::bind_or_assign_typed::bb83,/home/cicero-arch-omen/.rustup/toolchains/nightly-x86_64-unknown-linux-gnu/lib/rustlib/src/rust/library/alloc/src/macros.rs,113,9
231,BASIC_BLOCK,emit::body::bind_or_assign_typed::bb84,/home/cicero-arch-omen/.rustup/toolchains/nightly-x86_64-unknown-linux-gnu/lib/rustlib/src/rust/library/alloc/src/macros.rs,113,9
232,BASIC_BLOCK,emit::body::bind_or_assign_typed::bb85,/home/cicero-arch-omen/.rustup/toolchains/nightly-x86_64-unknown-linux-gnu/lib/rustlib/src/rust/library/alloc/src/macros.rs,113,9
233,BASIC_BLOCK,emit::body::bind_or_assign_typed::bb86,/home/cicero-arch-omen/.rustup/toolchains/nightly-x86_64-unknown-linux-gnu/lib/rustlib/src/rust/library/alloc/src/macros.rs,113,9
234,BASIC_BLOCK,emit::body::bind_or_assign_typed::bb87,/home/cicero-arch-omen/.rustup/toolchains/nightly-x86_64-unknown-linux-gnu/lib/rustlib/src/rust/library/alloc/src/macros.rs,113,9
235,BASIC_BLOCK,emit::body::bind_or_assign_typed::bb88,/home/cicero-arch-omen/.rustup/toolchains/nightly-x86_64-unknown-linux-gnu/lib/rustlib/src/rust/library/alloc/src/macros.rs,113,9
236,BASIC_BLOCK,emit::body::bind_or_assign_typed::bb89,/home/cicero-arch-omen/.rustup/toolchains/nightly-x86_64-unknown-linux-gnu/lib/rustlib/src/rust/library/alloc/src/macros.rs,113,9
237,CALL_SITE,emit::body::bind_or_assign_typed::bb8::call7,canon-projection/src/emit/body.rs,376,9
238,BASIC_BLOCK,emit::body::bind_or_assign_typed::bb9,canon-projection/src/emit/body.rs,383,29
239,CALL_SITE,emit::body::bind_or_assign_typed::bb9::call8,canon-projection/src/emit/body.rs,383,29
240,FUNCTION,emit::body::bind_or_assign_typed::fn,canon-projection/src/emit/body.rs,372,1
241,PARAM,emit::body::bind_or_assign_typed::param0,canon-projection/src/emit/body.rs,372,25
242,PARAM,emit::body::bind_or_assign_typed::param1,canon-projection/src/emit/body.rs,372,39
243,PARAM,emit::body::bind_or_assign_typed::param2,canon-projection/src/emit/body.rs,372,52
244,PARAM,emit::body::bind_or_assign_typed::param3,canon-projection/src/emit/body.rs,372,64
245,PARAM,emit::body::bind_or_assign_typed::param4,canon-projection/src/emit/body.rs,372,78
246,BASIC_BLOCK,emit::body::callable_name::bb0,canon-projection/src/emit/body.rs,315,12
247,CALL_SITE,emit::body::callable_name::bb0::call0,canon-projection/src/emit/body.rs,315,12
248,BASIC_BLOCK,emit::body::callable_name::bb1,canon-projection/src/emit/body.rs,315,5
249,BASIC_BLOCK,emit::body::callable_name::bb10,canon-projection/src/emit/body.rs,318,13
250,BASIC_BLOCK,emit::body::callable_name::bb11,canon-projection/src/emit/body.rs,323,9
251,BASIC_BLOCK,emit::body::callable_name::bb12,canon-projection/src/emit/body.rs,323,9
252,BASIC_BLOCK,emit::body::callable_name::bb13,canon-projection/src/emit/body.rs,325,24
253,CALL_SITE,emit::body::callable_name::bb13::call8,canon-projection/src/emit/body.rs,325,24
254,BASIC_BLOCK,emit::body::callable_name::bb14,canon-projection/src/emit/body.rs,326,43
255,CALL_SITE,emit::body::callable_name::bb14::call9,canon-projection/src/emit/body.rs,326,43
256,BASIC_BLOCK,emit::body::callable_name::bb15,canon-projection/src/emit/body.rs,326,16
257,CALL_SITE,emit::body::callable_name::bb15::call10,canon-projection/src/emit/body.rs,326,16
258,BASIC_BLOCK,emit::body::callable_name::bb16,canon-projection/src/emit/body.rs,326,16
259,BASIC_BLOCK,emit::body::callable_name::bb17,canon-projection/src/emit/body.rs,327,17
260,CALL_SITE,emit::body::callable_name::bb17::call11,canon-projection/src/emit/body.rs,327,17
261,BASIC_BLOCK,emit::body::callable_name::bb18,canon-projection/src/emit/body.rs,326,13
262,BASIC_BLOCK,emit::body::callable_name::bb19,canon-projection/src/emit/body.rs,331,9
263,BASIC_BLOCK,emit::body::callable_name::bb2,canon-projection/src/emit/body.rs,332,28
264,BASIC_BLOCK,emit::body::callable_name::bb20,canon-projection/src/emit/body.rs,331,9
265,BASIC_BLOCK,emit::body::callable_name::bb21,/home/cicero-arch-omen/.rustup/toolchains/nightly-x86_64-unknown-linux-gnu/lib/rustlib/src/rust/library/alloc/src/macros.rs,114,33
266,CALL_SITE,emit::body::callable_name::bb21::call12,/home/cicero-arch-omen/.rustup/toolchains/nightly-x86_64-unknown-linux-gnu/lib/rustlib/src/rust/library/alloc/src/macros.rs,114,33
267,BASIC_BLOCK,emit::body::callable_name::bb22,/home/cicero-arch-omen/.rustup/toolchains/nightly-x86_64-unknown-linux-gnu/lib/rustlib/src/rust/library/alloc/src/macros.rs,114,13
268,CALL_SITE,emit::body::callable_name::bb22::call13,/home/cicero-arch-omen/.rustup/toolchains/nightly-x86_64-unknown-linux-gnu/lib/rustlib/src/rust/library/alloc/src/macros.rs,114,13
269,BASIC_BLOCK,emit::body::callable_name::bb23,/home/cicero-arch-omen/.rustup/toolchains/nightly-x86_64-unknown-linux-gnu/lib/rustlib/src/rust/library/alloc/src/macros.rs,113,9
270,CALL_SITE,emit::body::callable_name::bb23::call14,/home/cicero-arch-omen/.rustup/toolchains/nightly-x86_64-unknown-linux-gnu/lib/rustlib/src/rust/library/alloc/src/macros.rs,113,9
271,BASIC_BLOCK,emit::body::callable_name::bb24,canon-projection/src/emit/body.rs,334,2
272,BASIC_BLOCK,emit::body::callable_name::bb25,canon-projection/src/emit/body.rs,331,9
273,BASIC_BLOCK,emit::body::callable_name::bb26,canon-projection/src/emit/body.rs,323,9
274,BASIC_BLOCK,emit::body::callable_name::bb27,canon-projection/src/emit/body.rs,314,1
275,BASIC_BLOCK,emit::body::callable_name::bb28,canon-projection/src/emit/body.rs,323,9
276,BASIC_BLOCK,emit::body::callable_name::bb29,canon-projection/src/emit/body.rs,331,9
277,CALL_SITE,emit::body::callable_name::bb2::call1,canon-projection/src/emit/body.rs,332,28
278,BASIC_BLOCK,emit::body::callable_name::bb3,canon-projection/src/emit/body.rs,325,49
279,BASIC_BLOCK,emit::body::callable_name::bb30,canon-projection/src/emit/body.rs,319,17
280,BASIC_BLOCK,emit::body::callable_name::bb31,canon-projection/src/emit/body.rs,327,17
281,CALL_SITE,emit::body::callable_name::bb3::call2,canon-projection/src/emit/body.rs,325,49
282,BASIC_BLOCK,emit::body::callable_name::bb4,canon-projection/src/emit/body.rs,317,49
283,CALL_SITE,emit::body::callable_name::bb4::call3,canon-projection/src/emit/body.rs,317,49
284,BASIC_BLOCK,emit::body::callable_name::bb5,canon-projection/src/emit/body.rs,317,24
285,CALL_SITE,emit::body::callable_name::bb5::call4,canon-projection/src/emit/body.rs,317,24
286,BASIC_BLOCK,emit::body::callable_name::bb6,canon-projection/src/emit/body.rs,318,43
287,CALL_SITE,emit::body::callable_name::bb6::call5,canon-projection/src/emit/body.rs,318,43
288,BASIC_BLOCK,emit::body::callable_name::bb7,canon-projection/src/emit/body.rs,318,16
289,CALL_SITE,emit::body::callable_name::bb7::call6,canon-projection/src/emit/body.rs,318,16
290,BASIC_BLOCK,emit::body::callable_name::bb8,canon-projection/src/emit/body.rs,318,16
291,BASIC_BLOCK,emit::body::callable_name::bb9,canon-projection/src/emit/body.rs,319,17
292,CALL_SITE,emit::body::callable_name::bb9::call7,canon-projection/src/emit/body.rs,319,17
293,FUNCTION,emit::body::callable_name::fn,canon-projection/src/emit/body.rs,314,1
294,PARAM,emit::body::callable_name::param0,canon-projection/src/emit/body.rs,314,18
295,PARAM,emit::body::callable_name::param1,canon-projection/src/emit/body.rs,314,32
296,BASIC_BLOCK,emit::body::emit_body::bb0,canon-projection/src/emit/body.rs,8,43
297,CALL_SITE,emit::body::emit_body::bb0::call0,canon-projection/src/emit/body.rs,8,43
298,BASIC_BLOCK,emit::body::emit_body::bb1,canon-projection/src/emit/body.rs,8,9
299,BASIC_BLOCK,emit::body::emit_body::bb10,canon-projection/src/emit/body.rs,14,15
300,CALL_SITE,emit::body::emit_body::bb10::call8,canon-projection/src/emit/body.rs,14,15
301,BASIC_BLOCK,emit::body::emit_body::bb11,canon-projection/src/emit/body.rs,14,15
302,BASIC_BLOCK,emit::body::emit_body::bb12,canon-projection/src/lib.rs,1,1
303,BASIC_BLOCK,emit::body::emit_body::bb13,canon-projection/src/emit/body.rs,15,54
304,CALL_SITE,emit::body::emit_body::bb13::call9,canon-projection/src/emit/body.rs,15,54
305,BASIC_BLOCK,emit::body::emit_body::bb14,canon-projection/src/emit/body.rs,31,1
306,BASIC_BLOCK,emit::body::emit_body::bb15,canon-projection/src/emit/body.rs,15,13
307,BASIC_BLOCK,emit::body::emit_body::bb16,canon-projection/src/emit/body.rs,18,19
308,CALL_SITE,emit::body::emit_body::bb16::call10,canon-projection/src/emit/body.rs,18,19
309,BASIC_BLOCK,emit::body::emit_body::bb17,canon-projection/src/emit/body.rs,18,9
310,BASIC_BLOCK,emit::body::emit_body::bb18,canon-projection/src/emit/body.rs,18,19
311,CALL_SITE,emit::body::emit_body::bb18::call11,canon-projection/src/emit/body.rs,18,19
312,BASIC_BLOCK,emit::body::emit_body::bb19,canon-projection/src/emit/body.rs,18,19
313,BASIC_BLOCK,emit::body::emit_body::bb2,canon-projection/src/emit/body.rs,11,19
314,BASIC_BLOCK,emit::body::emit_body::bb20,canon-projection/src/emit/body.rs,19,28
315,CALL_SITE,emit::body::emit_body::bb20::call12,canon-projection/src/emit/body.rs,19,28
316,BASIC_BLOCK,emit::body::emit_body::bb21,canon-projection/src/emit/body.rs,20,16
317,CALL_SITE,emit::body::emit_body::bb21::call13,canon-projection/src/emit/body.rs,20,16
318,BASIC_BLOCK,emit::body::emit_body::bb22,canon-projection/src/emit/body.rs,20,16
319,BASIC_BLOCK,emit::body::emit_body::bb23,canon-projection/src/emit/body.rs,28,9
320,BASIC_BLOCK,emit::body::emit_body::bb24,canon-projection/src/emit/body.rs,23,13
321,CALL_SITE,emit::body::emit_body::bb24::call14,canon-projection/src/emit/body.rs,23,13
322,BASIC_BLOCK,emit::body::emit_body::bb25,canon-projection/src/emit/body.rs,24,26
323,CALL_SITE,emit::body::emit_body::bb25::call15,canon-projection/src/emit/body.rs,24,26
324,BASIC_BLOCK,emit::body::emit_body::bb26,canon-projection/src/emit/body.rs,24,13
325,CALL_SITE,emit::body::emit_body::bb26::call16,canon-projection/src/emit/body.rs,24,13
326,BASIC_BLOCK,emit::body::emit_body::bb27,canon-projection/src/emit/body.rs,25,17
327,CALL_SITE,emit::body::emit_body::bb27::call17,canon-projection/src/emit/body.rs,25,17
328,BASIC_BLOCK,emit::body::emit_body::bb28,canon-projection/src/emit/body.rs,25,17
329,CALL_SITE,emit::body::emit_body::bb28::call18,canon-projection/src/emit/body.rs,25,17
330,BASIC_BLOCK,emit::body::emit_body::bb29,canon-projection/src/emit/body.rs,25,17
331,CALL_SITE,emit::body::emit_body::bb2::call1,canon-projection/src/emit/body.rs,11,19
332,BASIC_BLOCK,emit::body::emit_body::bb3,canon-projection/src/emit/body.rs,9,16
333,BASIC_BLOCK,emit::body::emit_body::bb30,canon-projection/src/emit/body.rs,26,17
334,CALL_SITE,emit::body::emit_body::bb30::call19,canon-projection/src/emit/body.rs,26,17
335,BASIC_BLOCK,emit::body::emit_body::bb31,canon-projection/src/emit/body.rs,28,9
336,BASIC_BLOCK,emit::body::emit_body::bb32,canon-projection/src/emit/body.rs,31,1
337,BASIC_BLOCK,emit::body::emit_body::bb33,canon-projection/src/emit/body.rs,31,2
338,BASIC_BLOCK,emit::body::emit_body::bb34,canon-projection/src/emit/body.rs,31,2
339,BASIC_BLOCK,emit::body::emit_body::bb35,canon-projection/src/emit/body.rs,28,9
340,BASIC_BLOCK,emit::body::emit_body::bb36,canon-projection/src/emit/body.rs,31,1
341,BASIC_BLOCK,emit::body::emit_body::bb37,canon-projection/src/emit/body.rs,31,1
342,BASIC_BLOCK,emit::body::emit_body::bb38,canon-projection/src/emit/body.rs,7,1
343,BASIC_BLOCK,emit::body::emit_body::bb39,canon-projection/src/emit/body.rs,31,1
344,CALL_SITE,emit::body::emit_body::bb3::call2,canon-projection/src/emit/body.rs,9,16
345,BASIC_BLOCK,emit::body::emit_body::bb4,canon-projection/src/emit/body.rs,12,41
346,BASIC_BLOCK,emit::body::emit_body::bb40,canon-projection/src/emit/body.rs,31,1
347,BASIC_BLOCK,emit::body::emit_body::bb41,canon-projection/src/emit/body.rs,26,17
348,CALL_SITE,emit::body::emit_body::bb4::call3,canon-projection/src/emit/body.rs,12,41
349,BASIC_BLOCK,emit::body::emit_body::bb5,canon-projection/src/emit/body.rs,12,41
350,CALL_SITE,emit::body::emit_body::bb5::call4,canon-projection/src/emit/body.rs,12,41
351,BASIC_BLOCK,emit::body::emit_body::bb6,canon-projection/src/emit/body.rs,12,41
352,CALL_SITE,emit::body::emit_body::bb6::call5,canon-projection/src/emit/body.rs,12,41
353,BASIC_BLOCK,emit::body::emit_body::bb7,canon-projection/src/emit/body.rs,13,43
354,CALL_SITE,emit::body::emit_body::bb7::call6,canon-projection/src/emit/body.rs,13,43
355,BASIC_BLOCK,emit::body::emit_body::bb8,canon-projection/src/emit/body.rs,14,15
356,CALL_SITE,emit::body::emit_body::bb8::call7,canon-projection/src/emit/body.rs,14,15
357,BASIC_BLOCK,emit::body::emit_body::bb9,canon-projection/src/emit/body.rs,14,5
358,FUNCTION,emit::body::emit_body::fn,canon-projection/src/emit/body.rs,7,1
359,PARAM,emit::body::emit_body::param0,canon-projection/src/emit/body.rs,7,18
360,PARAM,emit::body::emit_body::param1,canon-projection/src/emit/body.rs,7,32
361,PARAM,emit::body::emit_body::param2,canon-projection/src/emit/body.rs,7,50
362,PARAM,emit::body::emit_body::param3,canon-projection/src/emit/body.rs,7,74
363,BASIC_BLOCK,emit::body::is_forbidden_expr_fragment::bb0,canon-projection/src/emit/body.rs,368,13
364,CALL_SITE,emit::body::is_forbidden_expr_fragment::bb0::call0,canon-projection/src/emit/body.rs,368,13
365,BASIC_BLOCK,emit::body::is_forbidden_expr_fragment::bb1,canon-projection/src/emit/body.rs,369,5
366,BASIC_BLOCK,emit::body::is_forbidden_expr_fragment::bb10,canon-projection/src/emit/body.rs,369,68
367,CALL_SITE,emit::body::is_forbidden_expr_fragment::bb10::call7,canon-projection/src/emit/body.rs,369,68
368,BASIC_BLOCK,emit::body::is_forbidden_expr_fragment::bb11,canon-projection/src/emit/body.rs,369,68
369,BASIC_BLOCK,emit::body::is_forbidden_expr_fragment::bb12,canon-projection/src/emit/body.rs,369,61
370,BASIC_BLOCK,emit::body::is_forbidden_expr_fragment::bb13,canon-projection/src/emit/body.rs,369,54
371,BASIC_BLOCK,emit::body::is_forbidden_expr_fragment::bb14,canon-projection/src/emit/body.rs,369,48
372,BASIC_BLOCK,emit::body::is_forbidden_expr_fragment::bb15,canon-projection/src/emit/body.rs,369,42
373,BASIC_BLOCK,emit::body::is_forbidden_expr_fragment::bb16,canon-projection/src/emit/body.rs,369,36
374,BASIC_BLOCK,emit::body::is_forbidden_expr_fragment::bb17,/home/cicero-arch-omen/.rustup/toolchains/nightly-x86_64-unknown-linux-gnu/lib/rustlib/src/rust/library/core/src/macros/mod.rs,434,39
375,BASIC_BLOCK,emit::body::is_forbidden_expr_fragment::bb18,canon-projection/src/emit/body.rs,370,2
376,CALL_SITE,emit::body::is_forbidden_expr_fragment::bb1::call1,canon-projection/src/emit/body.rs,369,5
377,BASIC_BLOCK,emit::body::is_forbidden_expr_fragment::bb2,canon-projection/src/emit/body.rs,369,5
378,BASIC_BLOCK,emit::body::is_forbidden_expr_fragment::bb3,canon-projection/src/emit/body.rs,369,5
379,BASIC_BLOCK,emit::body::is_forbidden_expr_fragment::bb4,canon-projection/src/emit/body.rs,369,36
380,CALL_SITE,emit::body::is_forbidden_expr_fragment::bb4::call2,canon-projection/src/emit/body.rs,369,36
381,BASIC_BLOCK,emit::body::is_forbidden_expr_fragment::bb5,/home/cicero-arch-omen/.rustup/toolchains/nightly-x86_64-unknown-linux-gnu/lib/rustlib/src/rust/library/core/src/macros/mod.rs,435,18
382,BASIC_BLOCK,emit::body::is_forbidden_expr_fragment::bb6,canon-projection/src/emit/body.rs,369,42
383,CALL_SITE,emit::body::is_forbidden_expr_fragment::bb6::call3,canon-projection/src/emit/body.rs,369,42
384,BASIC_BLOCK,emit::body::is_forbidden_expr_fragment::bb7,canon-projection/src/emit/body.rs,369,48
385,CALL_SITE,emit::body::is_forbidden_expr_fragment::bb7::call4,canon-projection/src/emit/body.rs,369,48
386,BASIC_BLOCK,emit::body::is_forbidden_expr_fragment::bb8,canon-projection/src/emit/body.rs,369,54
387,CALL_SITE,emit::body::is_forbidden_expr_fragment::bb8::call5,canon-projection/src/emit/body.rs,369,54
388,BASIC_BLOCK,emit::body::is_forbidden_expr_fragment::bb9,canon-projection/src/emit/body.rs,369,61
389,CALL_SITE,emit::body::is_forbidden_expr_fragment::bb9::call6,canon-projection/src/emit/body.rs,369,61
390,FUNCTION,emit::body::is_forbidden_expr_fragment::fn,canon-projection/src/emit/body.rs,367,1
391,PARAM,emit::body::is_forbidden_expr_fragment::param0,canon-projection/src/emit/body.rs,367,31
392,BASIC_BLOCK,emit::body::local_name::bb0,canon-projection/src/emit/body.rs,338,22
393,CALL_SITE,emit::body::local_name::bb0::call0,canon-projection/src/emit/body.rs,338,22
394,BASIC_BLOCK,emit::body::local_name::bb1,canon-projection/src/emit/body.rs,338,15
395,BASIC_BLOCK,emit::body::local_name::bb10,canon-projection/src/emit/body.rs,342,50
396,CALL_SITE,emit::body::local_name::bb10::call9,canon-projection/src/emit/body.rs,342,50
397,BASIC_BLOCK,emit::body::local_name::bb11,/home/cicero-arch-omen/.rustup/toolchains/nightly-x86_64-unknown-linux-gnu/lib/rustlib/src/rust/library/alloc/src/macros.rs,114,33
398,CALL_SITE,emit::body::local_name::bb11::call10,/home/cicero-arch-omen/.rustup/toolchains/nightly-x86_64-unknown-linux-gnu/lib/rustlib/src/rust/library/alloc/src/macros.rs,114,33
399,BASIC_BLOCK,emit::body::local_name::bb12,/home/cicero-arch-omen/.rustup/toolchains/nightly-x86_64-unknown-linux-gnu/lib/rustlib/src/rust/library/alloc/src/macros.rs,114,13
400,CALL_SITE,emit::body::local_name::bb12::call11,/home/cicero-arch-omen/.rustup/toolchains/nightly-x86_64-unknown-linux-gnu/lib/rustlib/src/rust/library/alloc/src/macros.rs,114,13
401,BASIC_BLOCK,emit::body::local_name::bb13,/home/cicero-arch-omen/.rustup/toolchains/nightly-x86_64-unknown-linux-gnu/lib/rustlib/src/rust/library/alloc/src/macros.rs,113,9
402,CALL_SITE,emit::body::local_name::bb13::call12,/home/cicero-arch-omen/.rustup/toolchains/nightly-x86_64-unknown-linux-gnu/lib/rustlib/src/rust/library/alloc/src/macros.rs,113,9
403,BASIC_BLOCK,emit::body::local_name::bb14,canon-projection/src/emit/body.rs,345,40
404,CALL_SITE,emit::body::local_name::bb14::call13,canon-projection/src/emit/body.rs,345,40
405,BASIC_BLOCK,emit::body::local_name::bb15,canon-projection/src/emit/body.rs,345,15
406,CALL_SITE,emit::body::local_name::bb15::call14,canon-projection/src/emit/body.rs,345,15
407,BASIC_BLOCK,emit::body::local_name::bb16,canon-projection/src/emit/body.rs,346,35
408,CALL_SITE,emit::body::local_name::bb16::call15,canon-projection/src/emit/body.rs,346,35
409,BASIC_BLOCK,emit::body::local_name::bb17,canon-projection/src/emit/body.rs,346,8
410,CALL_SITE,emit::body::local_name::bb17::call16,canon-projection/src/emit/body.rs,346,8
411,BASIC_BLOCK,emit::body::local_name::bb18,canon-projection/src/emit/body.rs,346,8
412,BASIC_BLOCK,emit::body::local_name::bb19,canon-projection/src/emit/body.rs,347,9
413,CALL_SITE,emit::body::local_name::bb19::call17,canon-projection/src/emit/body.rs,347,9
414,BASIC_BLOCK,emit::body::local_name::bb2,canon-projection/src/emit/body.rs,343,24
415,BASIC_BLOCK,emit::body::local_name::bb20,canon-projection/src/emit/body.rs,346,5
416,BASIC_BLOCK,emit::body::local_name::bb21,canon-projection/src/emit/body.rs,351,1
417,BASIC_BLOCK,emit::body::local_name::bb22,canon-projection/src/emit/body.rs,351,1
418,BASIC_BLOCK,emit::body::local_name::bb23,canon-projection/src/emit/body.rs,351,2
419,BASIC_BLOCK,emit::body::local_name::bb24,canon-projection/src/emit/body.rs,351,1
420,BASIC_BLOCK,emit::body::local_name::bb25,canon-projection/src/emit/body.rs,351,1
421,BASIC_BLOCK,emit::body::local_name::bb26,canon-projection/src/emit/body.rs,337,1
422,BASIC_BLOCK,emit::body::local_name::bb27,canon-projection/src/emit/body.rs,351,1
423,BASIC_BLOCK,emit::body::local_name::bb28,canon-projection/src/emit/body.rs,347,9
424,CALL_SITE,emit::body::local_name::bb2::call1,canon-projection/src/emit/body.rs,343,24
425,BASIC_BLOCK,emit::body::local_name::bb3,canon-projection/src/emit/body.rs,342,50
426,CALL_SITE,emit::body::local_name::bb3::call2,canon-projection/src/emit/body.rs,342,50
427,BASIC_BLOCK,emit::body::local_name::bb4,canon-projection/src/emit/body.rs,341,49
428,CALL_SITE,emit::body::local_name::bb4::call3,canon-projection/src/emit/body.rs,341,49
429,BASIC_BLOCK,emit::body::local_name::bb5,canon-projection/src/emit/body.rs,340,49
430,CALL_SITE,emit::body::local_name::bb5::call4,canon-projection/src/emit/body.rs,340,49
431,BASIC_BLOCK,emit::body::local_name::bb6,canon-projection/src/emit/body.rs,339,49
432,CALL_SITE,emit::body::local_name::bb6::call5,canon-projection/src/emit/body.rs,339,49
433,BASIC_BLOCK,emit::body::local_name::bb7,canon-projection/src/emit/body.rs,339,49
434,CALL_SITE,emit::body::local_name::bb7::call6,canon-projection/src/emit/body.rs,339,49
435,BASIC_BLOCK,emit::body::local_name::bb8,canon-projection/src/emit/body.rs,340,49
436,CALL_SITE,emit::body::local_name::bb8::call7,canon-projection/src/emit/body.rs,340,49
437,BASIC_BLOCK,emit::body::local_name::bb9,canon-projection/src/emit/body.rs,341,49
438,CALL_SITE,emit::body::local_name::bb9::call8,canon-projection/src/emit/body.rs,341,49
439,FUNCTION,emit::body::local_name::fn,canon-projection/src/emit/body.rs,337,1
440,PARAM,emit::body::local_name::param0,canon-projection/src/emit/body.rs,337,15
441,PARAM,emit::body::local_name::param1,canon-projection/src/emit/body.rs,337,29
442,BASIC_BLOCK,emit::body::normalize_value_fragment::bb0,canon-projection/src/emit/body.rs,354,13
443,CALL_SITE,emit::body::normalize_value_fragment::bb0::call0,canon-projection/src/emit/body.rs,354,13
444,BASIC_BLOCK,emit::body::normalize_value_fragment::bb1,canon-projection/src/emit/body.rs,355,25
445,BASIC_BLOCK,emit::body::normalize_value_fragment::bb10,canon-projection/src/emit/body.rs,361,12
446,BASIC_BLOCK,emit::body::normalize_value_fragment::bb11,canon-projection/src/emit/body.rs,362,16
447,CALL_SITE,emit::body::normalize_value_fragment::bb11::call8,canon-projection/src/emit/body.rs,362,16
448,BASIC_BLOCK,emit::body::normalize_value_fragment::bb12,canon-projection/src/emit/body.rs,362,16
449,CALL_SITE,emit::body::normalize_value_fragment::bb12::call9,canon-projection/src/emit/body.rs,362,16
450,BASIC_BLOCK,emit::body::normalize_value_fragment::bb13,canon-projection/src/emit/body.rs,364,5
451,CALL_SITE,emit::body::normalize_value_fragment::bb13::call10,canon-projection/src/emit/body.rs,364,5
452,BASIC_BLOCK,emit::body::normalize_value_fragment::bb14,canon-projection/src/emit/body.rs,365,2
453,BASIC_BLOCK,emit::body::normalize_value_fragment::bb15,canon-projection/src/emit/body.rs,353,1
454,CALL_SITE,emit::body::normalize_value_fragment::bb1::call1,canon-projection/src/emit/body.rs,355,25
455,BASIC_BLOCK,emit::body::normalize_value_fragment::bb2,canon-projection/src/emit/body.rs,355,12
456,BASIC_BLOCK,emit::body::normalize_value_fragment::bb3,canon-projection/src/emit/body.rs,356,16
457,CALL_SITE,emit::body::normalize_value_fragment::bb3::call2,canon-projection/src/emit/body.rs,356,16
458,BASIC_BLOCK,emit::body::normalize_value_fragment::bb4,canon-projection/src/emit/body.rs,356,16
459,CALL_SITE,emit::body::normalize_value_fragment::bb4::call3,canon-projection/src/emit/body.rs,356,16
460,BASIC_BLOCK,emit::body::normalize_value_fragment::bb5,canon-projection/src/emit/body.rs,358,25
461,CALL_SITE,emit::body::normalize_value_fragment::bb5::call4,canon-projection/src/emit/body.rs,358,25
462,BASIC_BLOCK,emit::body::normalize_value_fragment::bb6,canon-projection/src/emit/body.rs,358,12
463,BASIC_BLOCK,emit::body::normalize_value_fragment::bb7,canon-projection/src/emit/body.rs,359,16
464,CALL_SITE,emit::body::normalize_value_fragment::bb7::call5,canon-projection/src/emit/body.rs,359,16
465,BASIC_BLOCK,emit::body::normalize_value_fragment::bb8,canon-projection/src/emit/body.rs,359,16
466,CALL_SITE,emit::body::normalize_value_fragment::bb8::call6,canon-projection/src/emit/body.rs,359,16
467,BASIC_BLOCK,emit::body::normalize_value_fragment::bb9,canon-projection/src/emit/body.rs,361,25
468,CALL_SITE,emit::body::normalize_value_fragment::bb9::call7,canon-projection/src/emit/body.rs,361,25
469,FUNCTION,emit::body::normalize_value_fragment::fn,canon-projection/src/emit/body.rs,353,1
470,PARAM,emit::body::normalize_value_fragment::param0,canon-projection/src/emit/body.rs,353,29
471,BASIC_BLOCK,emit::body::render_op::bb0,canon-projection/src/emit/body.rs,34,5
472,BASIC_BLOCK,emit::body::render_op::bb1,canon-projection/src/lib.rs,1,1
473,BASIC_BLOCK,emit::body::render_op::bb10,canon-projection/src/emit/body.rs,188,33
474,BASIC_BLOCK,emit::body::render_op::bb100,canon-projection/src/emit/body.rs,108,124
475,CALL_SITE,emit::body::render_op::bb100::call72,canon-projection/src/emit/body.rs,108,124
476,BASIC_BLOCK,emit::body::render_op::bb101,canon-projection/src/emit/body.rs,108,124
477,BASIC_BLOCK,emit::body::render_op::bb102,canon-projection/src/emit/body.rs,109,94
478,CALL_SITE,emit::body::render_op::bb102::call73,canon-projection/src/emit/body.rs,109,94
479,BASIC_BLOCK,emit::body::render_op::bb103,/home/cicero-arch-omen/.rustup/toolchains/nightly-x86_64-unknown-linux-gnu/lib/rustlib/src/rust/library/core/src/panic.rs,62,38
480,CALL_SITE,emit::body::render_op::bb103::call74,/home/cicero-arch-omen/.rustup/toolchains/nightly-x86_64-unknown-linux-gnu/lib/rustlib/src/rust/library/core/src/panic.rs,62,38
481,BASIC_BLOCK,emit::body::render_op::bb104,/home/cicero-arch-omen/.rustup/toolchains/nightly-x86_64-unknown-linux-gnu/lib/rustlib/src/rust/library/core/src/panic.rs,62,9
482,CALL_SITE,emit::body::render_op::bb104::call75,/home/cicero-arch-omen/.rustup/toolchains/nightly-x86_64-unknown-linux-gnu/lib/rustlib/src/rust/library/core/src/panic.rs,62,9
483,BASIC_BLOCK,emit::body::render_op::bb105,canon-projection/src/emit/body.rs,111,48
484,CALL_SITE,emit::body::render_op::bb105::call76,canon-projection/src/emit/body.rs,111,48
485,BASIC_BLOCK,emit::body::render_op::bb106,canon-projection/src/emit/body.rs,111,17
486,CALL_SITE,emit::body::render_op::bb106::call77,canon-projection/src/emit/body.rs,111,17
487,BASIC_BLOCK,emit::body::render_op::bb107,canon-projection/src/emit/body.rs,113,9
488,BASIC_BLOCK,emit::body::render_op::bb108,/home/cicero-arch-omen/.rustup/toolchains/nightly-x86_64-unknown-linux-gnu/lib/rustlib/src/rust/library/core/src/panic.rs,62,9
489,CALL_SITE,emit::body::render_op::bb108::call78,/home/cicero-arch-omen/.rustup/toolchains/nightly-x86_64-unknown-linux-gnu/lib/rustlib/src/rust/library/core/src/panic.rs,62,9
490,BASIC_BLOCK,emit::body::render_op::bb109,canon-projection/src/emit/body.rs,146,17
491,CALL_SITE,emit::body::render_op::bb109::call79,canon-projection/src/emit/body.rs,146,17
492,CALL_SITE,emit::body::render_op::bb10::call7,canon-projection/src/emit/body.rs,188,33
493,BASIC_BLOCK,emit::body::render_op::bb11,canon-projection/src/emit/body.rs,171,29
494,BASIC_BLOCK,emit::body::render_op::bb110,canon-projection/src/emit/body.rs,122,28
495,CALL_SITE,emit::body::render_op::bb110::call80,canon-projection/src/emit/body.rs,122,28
496,BASIC_BLOCK,emit::body::render_op::bb111,canon-projection/src/emit/body.rs,123,20
497,CALL_SITE,emit::body::render_op::bb111::call81,canon-projection/src/emit/body.rs,123,20
498,BASIC_BLOCK,emit::body::render_op::bb112,canon-projection/src/emit/body.rs,123,20
499,BASIC_BLOCK,emit::body::render_op::bb113,canon-projection/src/emit/body.rs,125,21
500,CALL_SITE,emit::body::render_op::bb113::call82,canon-projection/src/emit/body.rs,125,21
501,BASIC_BLOCK,emit::body::render_op::bb114,canon-projection/src/emit/body.rs,140,37
502,CALL_SITE,emit::body::render_op::bb114::call83,canon-projection/src/emit/body.rs,140,37
503,BASIC_BLOCK,emit::body::render_op::bb115,/home/cicero-arch-omen/.rustup/toolchains/nightly-x86_64-unknown-linux-gnu/lib/rustlib/src/rust/library/alloc/src/macros.rs,114,33
504,CALL_SITE,emit::body::render_op::bb115::call84,/home/cicero-arch-omen/.rustup/toolchains/nightly-x86_64-unknown-linux-gnu/lib/rustlib/src/rust/library/alloc/src/macros.rs,114,33
505,BASIC_BLOCK,emit::body::render_op::bb116,/home/cicero-arch-omen/.rustup/toolchains/nightly-x86_64-unknown-linux-gnu/lib/rustlib/src/rust/library/alloc/src/macros.rs,114,13
506,CALL_SITE,emit::body::render_op::bb116::call85,/home/cicero-arch-omen/.rustup/toolchains/nightly-x86_64-unknown-linux-gnu/lib/rustlib/src/rust/library/alloc/src/macros.rs,114,13
507,BASIC_BLOCK,emit::body::render_op::bb117,/home/cicero-arch-omen/.rustup/toolchains/nightly-x86_64-unknown-linux-gnu/lib/rustlib/src/rust/library/alloc/src/macros.rs,113,9
508,CALL_SITE,emit::body::render_op::bb117::call86,/home/cicero-arch-omen/.rustup/toolchains/nightly-x86_64-unknown-linux-gnu/lib/rustlib/src/rust/library/alloc/src/macros.rs,113,9
509,BASIC_BLOCK,emit::body::render_op::bb118,canon-projection/src/emit/body.rs,142,13
510,BASIC_BLOCK,emit::body::render_op::bb119,canon-projection/src/emit/body.rs,153,29
511,CALL_SITE,emit::body::render_op::bb119::call87,canon-projection/src/emit/body.rs,153,29
512,CALL_SITE,emit::body::render_op::bb11::call8,canon-projection/src/emit/body.rs,171,29
513,BASIC_BLOCK,emit::body::render_op::bb12,canon-projection/src/emit/body.rs,150,25
514,BASIC_BLOCK,emit::body::render_op::bb120,canon-projection/src/emit/body.rs,153,29
515,CALL_SITE,emit::body::render_op::bb120::call88,canon-projection/src/emit/body.rs,153,29
516,BASIC_BLOCK,emit::body::render_op::bb121,canon-projection/src/emit/body.rs,153,29
517,CALL_SITE,emit::body::render_op::bb121::call89,canon-projection/src/emit/body.rs,153,29
518,BASIC_BLOCK,emit::body::render_op::bb122,canon-projection/src/emit/body.rs,153,29
519,CALL_SITE,emit::body::render_op::bb122::call90,canon-projection/src/emit/body.rs,153,29
520,BASIC_BLOCK,emit::body::render_op::bb123,canon-projection/src/emit/body.rs,154,24
521,CALL_SITE,emit::body::render_op::bb123::call91,canon-projection/src/emit/body.rs,154,24
522,BASIC_BLOCK,emit::body::render_op::bb124,canon-projection/src/emit/body.rs,154,24
523,CALL_SITE,emit::body::render_op::bb124::call92,canon-projection/src/emit/body.rs,154,24
524,BASIC_BLOCK,emit::body::render_op::bb125,canon-projection/src/emit/body.rs,155,13
525,BASIC_BLOCK,emit::body::render_op::bb126,canon-projection/src/emit/body.rs,167,34
526,CALL_SITE,emit::body::render_op::bb126::call93,canon-projection/src/emit/body.rs,167,34
527,BASIC_BLOCK,emit::body::render_op::bb127,canon-projection/src/emit/body.rs,157,37
528,CALL_SITE,emit::body::render_op::bb127::call94,canon-projection/src/emit/body.rs,157,37
529,BASIC_BLOCK,emit::body::render_op::bb128,canon-projection/src/emit/body.rs,158,35
530,CALL_SITE,emit::body::render_op::bb128::call95,canon-projection/src/emit/body.rs,158,35
531,BASIC_BLOCK,emit::body::render_op::bb129,canon-projection/src/emit/body.rs,158,35
532,CALL_SITE,emit::body::render_op::bb129::call96,canon-projection/src/emit/body.rs,158,35
533,CALL_SITE,emit::body::render_op::bb12::call9,canon-projection/src/emit/body.rs,150,25
534,BASIC_BLOCK,emit::body::render_op::bb13,canon-projection/src/emit/body.rs,120,29
535,BASIC_BLOCK,emit::body::render_op::bb130,canon-projection/src/emit/body.rs,158,35
536,CALL_SITE,emit::body::render_op::bb130::call97,canon-projection/src/emit/body.rs,158,35
537,BASIC_BLOCK,emit::body::render_op::bb131,canon-projection/src/emit/body.rs,158,35
538,BASIC_BLOCK,emit::body::render_op::bb132,canon-projection/src/emit/body.rs,159,43
539,CALL_SITE,emit::body::render_op::bb132::call98,canon-projection/src/emit/body.rs,159,43
540,BASIC_BLOCK,emit::body::render_op::bb133,canon-projection/src/emit/body.rs,159,25
541,CALL_SITE,emit::body::render_op::bb133::call99,canon-projection/src/emit/body.rs,159,25
542,BASIC_BLOCK,emit::body::render_op::bb134,canon-projection/src/emit/body.rs,160,25
543,CALL_SITE,emit::body::render_op::bb134::call100,canon-projection/src/emit/body.rs,160,25
544,BASIC_BLOCK,emit::body::render_op::bb135,canon-projection/src/emit/body.rs,162,34
545,CALL_SITE,emit::body::render_op::bb135::call101,canon-projection/src/emit/body.rs,162,34
546,BASIC_BLOCK,emit::body::render_op::bb136,canon-projection/src/emit/body.rs,162,37
547,CALL_SITE,emit::body::render_op::bb136::call102,canon-projection/src/emit/body.rs,162,37
548,BASIC_BLOCK,emit::body::render_op::bb137,/home/cicero-arch-omen/.rustup/toolchains/nightly-x86_64-unknown-linux-gnu/lib/rustlib/src/rust/library/alloc/src/macros.rs,114,33
549,CALL_SITE,emit::body::render_op::bb137::call103,/home/cicero-arch-omen/.rustup/toolchains/nightly-x86_64-unknown-linux-gnu/lib/rustlib/src/rust/library/alloc/src/macros.rs,114,33
550,BASIC_BLOCK,emit::body::render_op::bb138,/home/cicero-arch-omen/.rustup/toolchains/nightly-x86_64-unknown-linux-gnu/lib/rustlib/src/rust/library/alloc/src/macros.rs,114,13
551,CALL_SITE,emit::body::render_op::bb138::call104,/home/cicero-arch-omen/.rustup/toolchains/nightly-x86_64-unknown-linux-gnu/lib/rustlib/src/rust/library/alloc/src/macros.rs,114,13
552,BASIC_BLOCK,emit::body::render_op::bb139,/home/cicero-arch-omen/.rustup/toolchains/nightly-x86_64-unknown-linux-gnu/lib/rustlib/src/rust/library/alloc/src/macros.rs,113,9
553,CALL_SITE,emit::body::render_op::bb139::call105,/home/cicero-arch-omen/.rustup/toolchains/nightly-x86_64-unknown-linux-gnu/lib/rustlib/src/rust/library/alloc/src/macros.rs,113,9
554,BASIC_BLOCK,emit::body::render_op::bb14,/home/cicero-arch-omen/.rustup/toolchains/nightly-x86_64-unknown-linux-gnu/lib/rustlib/src/rust/library/core/src/panic.rs,62,38
555,BASIC_BLOCK,emit::body::render_op::bb140,canon-projection/src/emit/body.rs,165,50
556,CALL_SITE,emit::body::render_op::bb140::call106,canon-projection/src/emit/body.rs,165,50
557,BASIC_BLOCK,emit::body::render_op::bb141,canon-projection/src/emit/body.rs,165,21
558,CALL_SITE,emit::body::render_op::bb141::call107,canon-projection/src/emit/body.rs,165,21
559,BASIC_BLOCK,emit::body::render_op::bb142,canon-projection/src/emit/body.rs,166,17
560,BASIC_BLOCK,emit::body::render_op::bb143,canon-projection/src/emit/body.rs,167,37
561,CALL_SITE,emit::body::render_op::bb143::call108,canon-projection/src/emit/body.rs,167,37
562,BASIC_BLOCK,emit::body::render_op::bb144,/home/cicero-arch-omen/.rustup/toolchains/nightly-x86_64-unknown-linux-gnu/lib/rustlib/src/rust/library/alloc/src/macros.rs,114,33
563,CALL_SITE,emit::body::render_op::bb144::call109,/home/cicero-arch-omen/.rustup/toolchains/nightly-x86_64-unknown-linux-gnu/lib/rustlib/src/rust/library/alloc/src/macros.rs,114,33
564,BASIC_BLOCK,emit::body::render_op::bb145,/home/cicero-arch-omen/.rustup/toolchains/nightly-x86_64-unknown-linux-gnu/lib/rustlib/src/rust/library/alloc/src/macros.rs,114,13
565,CALL_SITE,emit::body::render_op::bb145::call110,/home/cicero-arch-omen/.rustup/toolchains/nightly-x86_64-unknown-linux-gnu/lib/rustlib/src/rust/library/alloc/src/macros.rs,114,13
566,BASIC_BLOCK,emit::body::render_op::bb146,/home/cicero-arch-omen/.rustup/toolchains/nightly-x86_64-unknown-linux-gnu/lib/rustlib/src/rust/library/alloc/src/macros.rs,113,9
567,CALL_SITE,emit::body::render_op::bb146::call111,/home/cicero-arch-omen/.rustup/toolchains/nightly-x86_64-unknown-linux-gnu/lib/rustlib/src/rust/library/alloc/src/macros.rs,113,9
568,BASIC_BLOCK,emit::body::render_op::bb147,canon-projection/src/emit/body.rs,169,9
569,BASIC_BLOCK,emit::body::render_op::bb148,canon-projection/src/emit/body.rs,169,9
570,BASIC_BLOCK,emit::body::render_op::bb149,canon-projection/src/emit/body.rs,169,9
571,CALL_SITE,emit::body::render_op::bb14::call10,/home/cicero-arch-omen/.rustup/toolchains/nightly-x86_64-unknown-linux-gnu/lib/rustlib/src/rust/library/core/src/panic.rs,62,38
572,BASIC_BLOCK,emit::body::render_op::bb15,canon-projection/src/emit/body.rs,106,28
573,BASIC_BLOCK,emit::body::render_op::bb150,canon-projection/src/emit/body.rs,172,52
574,CALL_SITE,emit::body::render_op::bb150::call112,canon-projection/src/emit/body.rs,172,52
575,BASIC_BLOCK,emit::body::render_op::bb151,canon-projection/src/emit/body.rs,172,33
576,CALL_SITE,emit::body::render_op::bb151::call113,canon-projection/src/emit/body.rs,172,33
577,BASIC_BLOCK,emit::body::render_op::bb152,canon-projection/src/emit/body.rs,172,36
578,CALL_SITE,emit::body::render_op::bb152::call114,canon-projection/src/emit/body.rs,172,36
579,BASIC_BLOCK,emit::body::render_op::bb153,/home/cicero-arch-omen/.rustup/toolchains/nightly-x86_64-unknown-linux-gnu/lib/rustlib/src/rust/library/alloc/src/macros.rs,114,33
580,CALL_SITE,emit::body::render_op::bb153::call115,/home/cicero-arch-omen/.rustup/toolchains/nightly-x86_64-unknown-linux-gnu/lib/rustlib/src/rust/library/alloc/src/macros.rs,114,33
581,BASIC_BLOCK,emit::body::render_op::bb154,/home/cicero-arch-omen/.rustup/toolchains/nightly-x86_64-unknown-linux-gnu/lib/rustlib/src/rust/library/alloc/src/macros.rs,114,13
582,CALL_SITE,emit::body::render_op::bb154::call116,/home/cicero-arch-omen/.rustup/toolchains/nightly-x86_64-unknown-linux-gnu/lib/rustlib/src/rust/library/alloc/src/macros.rs,114,13
583,BASIC_BLOCK,emit::body::render_op::bb155,/home/cicero-arch-omen/.rustup/toolchains/nightly-x86_64-unknown-linux-gnu/lib/rustlib/src/rust/library/alloc/src/macros.rs,113,9
584,CALL_SITE,emit::body::render_op::bb155::call117,/home/cicero-arch-omen/.rustup/toolchains/nightly-x86_64-unknown-linux-gnu/lib/rustlib/src/rust/library/alloc/src/macros.rs,113,9
585,BASIC_BLOCK,emit::body::render_op::bb156,canon-projection/src/emit/body.rs,173,13
586,BASIC_BLOCK,emit::body::render_op::bb157,canon-projection/src/emit/body.rs,184,34
587,CALL_SITE,emit::body::render_op::bb157::call118,canon-projection/src/emit/body.rs,184,34
588,BASIC_BLOCK,emit::body::render_op::bb158,canon-projection/src/emit/body.rs,175,37
589,CALL_SITE,emit::body::render_op::bb158::call119,canon-projection/src/emit/body.rs,175,37
590,BASIC_BLOCK,emit::body::render_op::bb159,canon-projection/src/emit/body.rs,176,36
591,CALL_SITE,emit::body::render_op::bb159::call120,canon-projection/src/emit/body.rs,176,36
592,CALL_SITE,emit::body::render_op::bb15::call11,canon-projection/src/emit/body.rs,106,28
593,BASIC_BLOCK,emit::body::render_op::bb16,canon-projection/src/emit/body.rs,36,28
594,BASIC_BLOCK,emit::body::render_op::bb160,canon-projection/src/emit/body.rs,176,36
595,BASIC_BLOCK,emit::body::render_op::bb161,canon-projection/src/emit/body.rs,177,43
596,CALL_SITE,emit::body::render_op::bb161::call121,canon-projection/src/emit/body.rs,177,43
597,BASIC_BLOCK,emit::body::render_op::bb162,canon-projection/src/emit/body.rs,177,25
598,CALL_SITE,emit::body::render_op::bb162::call122,canon-projection/src/emit/body.rs,177,25
599,BASIC_BLOCK,emit::body::render_op::bb163,canon-projection/src/emit/body.rs,178,25
600,CALL_SITE,emit::body::render_op::bb163::call123,canon-projection/src/emit/body.rs,178,25
601,BASIC_BLOCK,emit::body::render_op::bb164,canon-projection/src/emit/body.rs,176,33
602,BASIC_BLOCK,emit::body::render_op::bb165,canon-projection/src/emit/body.rs,176,33
603,BASIC_BLOCK,emit::body::render_op::bb166,canon-projection/src/emit/body.rs,182,50
604,CALL_SITE,emit::body::render_op::bb166::call124,canon-projection/src/emit/body.rs,182,50
605,BASIC_BLOCK,emit::body::render_op::bb167,canon-projection/src/emit/body.rs,182,21
606,CALL_SITE,emit::body::render_op::bb167::call125,canon-projection/src/emit/body.rs,182,21
607,BASIC_BLOCK,emit::body::render_op::bb168,canon-projection/src/emit/body.rs,183,17
608,BASIC_BLOCK,emit::body::render_op::bb169,/home/cicero-arch-omen/.rustup/toolchains/nightly-x86_64-unknown-linux-gnu/lib/rustlib/src/rust/library/alloc/src/macros.rs,114,33
609,CALL_SITE,emit::body::render_op::bb169::call126,/home/cicero-arch-omen/.rustup/toolchains/nightly-x86_64-unknown-linux-gnu/lib/rustlib/src/rust/library/alloc/src/macros.rs,114,33
610,CALL_SITE,emit::body::render_op::bb16::call12,canon-projection/src/emit/body.rs,36,28
611,BASIC_BLOCK,emit::body::render_op::bb17,canon-projection/src/emit/body.rs,47,33
612,BASIC_BLOCK,emit::body::render_op::bb170,/home/cicero-arch-omen/.rustup/toolchains/nightly-x86_64-unknown-linux-gnu/lib/rustlib/src/rust/library/alloc/src/macros.rs,114,13
613,CALL_SITE,emit::body::render_op::bb170::call127,/home/cicero-arch-omen/.rustup/toolchains/nightly-x86_64-unknown-linux-gnu/lib/rustlib/src/rust/library/alloc/src/macros.rs,114,13
614,BASIC_BLOCK,emit::body::render_op::bb171,/home/cicero-arch-omen/.rustup/toolchains/nightly-x86_64-unknown-linux-gnu/lib/rustlib/src/rust/library/alloc/src/macros.rs,113,9
615,CALL_SITE,emit::body::render_op::bb171::call128,/home/cicero-arch-omen/.rustup/toolchains/nightly-x86_64-unknown-linux-gnu/lib/rustlib/src/rust/library/alloc/src/macros.rs,113,9
616,BASIC_BLOCK,emit::body::render_op::bb172,canon-projection/src/emit/body.rs,186,9
617,BASIC_BLOCK,emit::body::render_op::bb173,canon-projection/src/emit/body.rs,189,29
618,CALL_SITE,emit::body::render_op::bb173::call129,canon-projection/src/emit/body.rs,189,29
619,BASIC_BLOCK,emit::body::render_op::bb174,canon-projection/src/emit/body.rs,189,29
620,CALL_SITE,emit::body::render_op::bb174::call130,canon-projection/src/emit/body.rs,189,29
621,BASIC_BLOCK,emit::body::render_op::bb175,canon-projection/src/emit/body.rs,189,29
622,CALL_SITE,emit::body::render_op::bb175::call131,canon-projection/src/emit/body.rs,189,29
623,BASIC_BLOCK,emit::body::render_op::bb176,canon-projection/src/emit/body.rs,189,29
624,CALL_SITE,emit::body::render_op::bb176::call132,canon-projection/src/emit/body.rs,189,29
625,BASIC_BLOCK,emit::body::render_op::bb177,canon-projection/src/emit/body.rs,195,16
626,CALL_SITE,emit::body::render_op::bb177::call133,canon-projection/src/emit/body.rs,195,16
627,BASIC_BLOCK,emit::body::render_op::bb178,canon-projection/src/emit/body.rs,195,16
628,BASIC_BLOCK,emit::body::render_op::bb179,canon-projection/src/emit/body.rs,195,41
629,CALL_SITE,emit::body::render_op::bb179::call134,canon-projection/src/emit/body.rs,195,41
630,CALL_SITE,emit::body::render_op::bb17::call13,canon-projection/src/emit/body.rs,47,33
631,BASIC_BLOCK,emit::body::render_op::bb18,canon-projection/src/emit/body.rs,47,26
632,BASIC_BLOCK,emit::body::render_op::bb180,canon-projection/src/emit/body.rs,195,41
633,CALL_SITE,emit::body::render_op::bb180::call135,canon-projection/src/emit/body.rs,195,41
634,BASIC_BLOCK,emit::body::render_op::bb181,canon-projection/src/emit/body.rs,195,41
635,CALL_SITE,emit::body::render_op::bb181::call136,canon-projection/src/emit/body.rs,195,41
636,BASIC_BLOCK,emit::body::render_op::bb182,canon-projection/src/emit/body.rs,195,41
637,BASIC_BLOCK,emit::body::render_op::bb183,/home/cicero-arch-omen/.rustup/toolchains/nightly-x86_64-unknown-linux-gnu/lib/rustlib/src/rust/library/core/src/panic.rs,62,38
638,CALL_SITE,emit::body::render_op::bb183::call137,/home/cicero-arch-omen/.rustup/toolchains/nightly-x86_64-unknown-linux-gnu/lib/rustlib/src/rust/library/core/src/panic.rs,62,38
639,BASIC_BLOCK,emit::body::render_op::bb184,/home/cicero-arch-omen/.rustup/toolchains/nightly-x86_64-unknown-linux-gnu/lib/rustlib/src/rust/library/core/src/panic.rs,62,9
640,CALL_SITE,emit::body::render_op::bb184::call138,/home/cicero-arch-omen/.rustup/toolchains/nightly-x86_64-unknown-linux-gnu/lib/rustlib/src/rust/library/core/src/panic.rs,62,9
641,BASIC_BLOCK,emit::body::render_op::bb185,canon-projection/src/emit/body.rs,200,16
642,CALL_SITE,emit::body::render_op::bb185::call139,canon-projection/src/emit/body.rs,200,16
643,BASIC_BLOCK,emit::body::render_op::bb186,canon-projection/src/emit/body.rs,200,16
644,BASIC_BLOCK,emit::body::render_op::bb187,canon-projection/src/emit/body.rs,201,24
645,BASIC_BLOCK,emit::body::render_op::bb188,canon-projection/src/emit/body.rs,207,29
646,CALL_SITE,emit::body::render_op::bb188::call140,canon-projection/src/emit/body.rs,207,29
647,BASIC_BLOCK,emit::body::render_op::bb189,canon-projection/src/emit/body.rs,203,41
648,CALL_SITE,emit::body::render_op::bb189::call141,canon-projection/src/emit/body.rs,203,41
649,BASIC_BLOCK,emit::body::render_op::bb19,canon-projection/src/emit/body.rs,66,22
650,BASIC_BLOCK,emit::body::render_op::bb190,canon-projection/src/emit/body.rs,204,43
651,CALL_SITE,emit::body::render_op::bb190::call142,canon-projection/src/emit/body.rs,204,43
652,BASIC_BLOCK,emit::body::render_op::bb191,canon-projection/src/emit/body.rs,204,25
653,CALL_SITE,emit::body::render_op::bb191::call143,canon-projection/src/emit/body.rs,204,25
654,BASIC_BLOCK,emit::body::render_op::bb192,canon-projection/src/emit/body.rs,205,54
655,CALL_SITE,emit::body::render_op::bb192::call144,canon-projection/src/emit/body.rs,205,54
656,BASIC_BLOCK,emit::body::render_op::bb193,canon-projection/src/emit/body.rs,205,66
657,CALL_SITE,emit::body::render_op::bb193::call145,canon-projection/src/emit/body.rs,205,66
658,BASIC_BLOCK,emit::body::render_op::bb194,canon-projection/src/emit/body.rs,205,25
659,CALL_SITE,emit::body::render_op::bb194::call146,canon-projection/src/emit/body.rs,205,25
660,BASIC_BLOCK,emit::body::render_op::bb195,canon-projection/src/emit/body.rs,206,21
661,BASIC_BLOCK,emit::body::render_op::bb196,canon-projection/src/emit/body.rs,210,29
662,CALL_SITE,emit::body::render_op::bb196::call147,canon-projection/src/emit/body.rs,210,29
663,BASIC_BLOCK,emit::body::render_op::bb197,canon-projection/src/emit/body.rs,210,29
664,CALL_SITE,emit::body::render_op::bb197::call148,canon-projection/src/emit/body.rs,210,29
665,BASIC_BLOCK,emit::body::render_op::bb198,canon-projection/src/emit/body.rs,210,29
666,CALL_SITE,emit::body::render_op::bb198::call149,canon-projection/src/emit/body.rs,210,29
667,BASIC_BLOCK,emit::body::render_op::bb199,canon-projection/src/emit/body.rs,210,29
668,CALL_SITE,emit::body::render_op::bb199::call150,canon-projection/src/emit/body.rs,210,29
669,CALL_SITE,emit::body::render_op::bb19::call14,canon-projection/src/emit/body.rs,66,22
670,BASIC_BLOCK,emit::body::render_op::bb2,canon-projection/src/emit/body.rs,310,42
671,BASIC_BLOCK,emit::body::render_op::bb20,canon-projection/src/emit/body.rs,49,36
672,BASIC_BLOCK,emit::body::render_op::bb200,canon-projection/src/emit/body.rs,211,24
673,CALL_SITE,emit::body::render_op::bb200::call151,canon-projection/src/emit/body.rs,211,24
674,BASIC_BLOCK,emit::body::render_op::bb201,canon-projection/src/emit/body.rs,211,24
675,CALL_SITE,emit::body::render_op::bb201::call152,canon-projection/src/emit/body.rs,211,24
676,BASIC_BLOCK,emit::body::render_op::bb202,canon-projection/src/emit/body.rs,212,31
677,CALL_SITE,emit::body::render_op::bb202::call153,canon-projection/src/emit/body.rs,212,31
678,BASIC_BLOCK,emit::body::render_op::bb203,canon-projection/src/emit/body.rs,216,36
679,CALL_SITE,emit::body::render_op::bb203::call154,canon-projection/src/emit/body.rs,216,36
680,BASIC_BLOCK,emit::body::render_op::bb204,canon-projection/src/emit/body.rs,217,32
681,CALL_SITE,emit::body::render_op::bb204::call155,canon-projection/src/emit/body.rs,217,32
682,BASIC_BLOCK,emit::body::render_op::bb205,canon-projection/src/emit/body.rs,217,32
683,CALL_SITE,emit::body::render_op::bb205::call156,canon-projection/src/emit/body.rs,217,32
684,BASIC_BLOCK,emit::body::render_op::bb206,canon-projection/src/emit/body.rs,217,32
685,CALL_SITE,emit::body::render_op::bb206::call157,canon-projection/src/emit/body.rs,217,32
686,BASIC_BLOCK,emit::body::render_op::bb207,canon-projection/src/emit/body.rs,218,39
687,CALL_SITE,emit::body::render_op::bb207::call158,canon-projection/src/emit/body.rs,218,39
688,BASIC_BLOCK,emit::body::render_op::bb208,canon-projection/src/emit/body.rs,219,38
689,CALL_SITE,emit::body::render_op::bb208::call159,canon-projection/src/emit/body.rs,219,38
690,BASIC_BLOCK,emit::body::render_op::bb209,canon-projection/src/emit/body.rs,219,38
691,CALL_SITE,emit::body::render_op::bb209::call160,canon-projection/src/emit/body.rs,219,38
692,CALL_SITE,emit::body::render_op::bb20::call15,canon-projection/src/emit/body.rs,49,36
693,BASIC_BLOCK,emit::body::render_op::bb21,canon-projection/src/emit/body.rs,51,24
694,BASIC_BLOCK,emit::body::render_op::bb210,canon-projection/src/emit/body.rs,219,38
695,CALL_SITE,emit::body::render_op::bb210::call161,canon-projection/src/emit/body.rs,219,38
696,BASIC_BLOCK,emit::body::render_op::bb211,canon-projection/src/emit/body.rs,224,27
697,BASIC_BLOCK,emit::body::render_op::bb212,canon-projection/src/emit/body.rs,224,47
698,BASIC_BLOCK,emit::body::render_op::bb213,canon-projection/src/emit/body.rs,224,63
699,BASIC_BLOCK,emit::body::render_op::bb214,canon-projection/src/emit/body.rs,224,86
700,BASIC_BLOCK,emit::body::render_op::bb215,canon-projection/src/emit/body.rs,229,17
701,CALL_SITE,emit::body::render_op::bb215::call162,canon-projection/src/emit/body.rs,229,17
702,BASIC_BLOCK,emit::body::render_op::bb216,canon-projection/src/emit/body.rs,224,24
703,BASIC_BLOCK,emit::body::render_op::bb217,canon-projection/src/emit/body.rs,231,26
704,CALL_SITE,emit::body::render_op::bb217::call163,canon-projection/src/emit/body.rs,231,26
705,BASIC_BLOCK,emit::body::render_op::bb218,canon-projection/src/emit/body.rs,231,29
706,CALL_SITE,emit::body::render_op::bb218::call164,canon-projection/src/emit/body.rs,231,29
707,BASIC_BLOCK,emit::body::render_op::bb219,canon-projection/src/emit/body.rs,231,32
708,CALL_SITE,emit::body::render_op::bb219::call165,canon-projection/src/emit/body.rs,231,32
709,CALL_SITE,emit::body::render_op::bb21::call16,canon-projection/src/emit/body.rs,51,24
710,BASIC_BLOCK,emit::body::render_op::bb22,canon-projection/src/emit/body.rs,51,24
711,BASIC_BLOCK,emit::body::render_op::bb220,/home/cicero-arch-omen/.rustup/toolchains/nightly-x86_64-unknown-linux-gnu/lib/rustlib/src/rust/library/alloc/src/macros.rs,114,33
712,CALL_SITE,emit::body::render_op::bb220::call166,/home/cicero-arch-omen/.rustup/toolchains/nightly-x86_64-unknown-linux-gnu/lib/rustlib/src/rust/library/alloc/src/macros.rs,114,33
713,BASIC_BLOCK,emit::body::render_op::bb221,/home/cicero-arch-omen/.rustup/toolchains/nightly-x86_64-unknown-linux-gnu/lib/rustlib/src/rust/library/alloc/src/macros.rs,114,13
714,CALL_SITE,emit::body::render_op::bb221::call167,/home/cicero-arch-omen/.rustup/toolchains/nightly-x86_64-unknown-linux-gnu/lib/rustlib/src/rust/library/alloc/src/macros.rs,114,13
715,BASIC_BLOCK,emit::body::render_op::bb222,/home/cicero-arch-omen/.rustup/toolchains/nightly-x86_64-unknown-linux-gnu/lib/rustlib/src/rust/library/alloc/src/macros.rs,113,9
716,CALL_SITE,emit::body::render_op::bb222::call168,/home/cicero-arch-omen/.rustup/toolchains/nightly-x86_64-unknown-linux-gnu/lib/rustlib/src/rust/library/alloc/src/macros.rs,113,9
717,BASIC_BLOCK,emit::body::render_op::bb223,canon-projection/src/emit/body.rs,224,24
718,BASIC_BLOCK,emit::body::render_op::bb224,canon-projection/src/emit/body.rs,233,13
719,BASIC_BLOCK,emit::body::render_op::bb225,canon-projection/src/emit/body.rs,239,34
720,CALL_SITE,emit::body::render_op::bb225::call169,canon-projection/src/emit/body.rs,239,34
721,BASIC_BLOCK,emit::body::render_op::bb226,canon-projection/src/emit/body.rs,235,37
722,CALL_SITE,emit::body::render_op::bb226::call170,canon-projection/src/emit/body.rs,235,37
723,BASIC_BLOCK,emit::body::render_op::bb227,canon-projection/src/emit/body.rs,237,50
724,CALL_SITE,emit::body::render_op::bb227::call171,canon-projection/src/emit/body.rs,237,50
725,BASIC_BLOCK,emit::body::render_op::bb228,canon-projection/src/emit/body.rs,237,21
726,CALL_SITE,emit::body::render_op::bb228::call172,canon-projection/src/emit/body.rs,237,21
727,BASIC_BLOCK,emit::body::render_op::bb229,canon-projection/src/emit/body.rs,238,17
728,CALL_SITE,emit::body::render_op::bb22::call17,canon-projection/src/emit/body.rs,51,24
729,BASIC_BLOCK,emit::body::render_op::bb23,canon-projection/src/emit/body.rs,51,24
730,BASIC_BLOCK,emit::body::render_op::bb230,/home/cicero-arch-omen/.rustup/toolchains/nightly-x86_64-unknown-linux-gnu/lib/rustlib/src/rust/library/alloc/src/macros.rs,114,33
731,CALL_SITE,emit::body::render_op::bb230::call173,/home/cicero-arch-omen/.rustup/toolchains/nightly-x86_64-unknown-linux-gnu/lib/rustlib/src/rust/library/alloc/src/macros.rs,114,33
732,BASIC_BLOCK,emit::body::render_op::bb231,/home/cicero-arch-omen/.rustup/toolchains/nightly-x86_64-unknown-linux-gnu/lib/rustlib/src/rust/library/alloc/src/macros.rs,114,13
733,CALL_SITE,emit::body::render_op::bb231::call174,/home/cicero-arch-omen/.rustup/toolchains/nightly-x86_64-unknown-linux-gnu/lib/rustlib/src/rust/library/alloc/src/macros.rs,114,13
734,BASIC_BLOCK,emit::body::render_op::bb232,/home/cicero-arch-omen/.rustup/toolchains/nightly-x86_64-unknown-linux-gnu/lib/rustlib/src/rust/library/alloc/src/macros.rs,113,9
735,CALL_SITE,emit::body::render_op::bb232::call175,/home/cicero-arch-omen/.rustup/toolchains/nightly-x86_64-unknown-linux-gnu/lib/rustlib/src/rust/library/alloc/src/macros.rs,113,9
736,BASIC_BLOCK,emit::body::render_op::bb233,canon-projection/src/emit/body.rs,241,9
737,BASIC_BLOCK,emit::body::render_op::bb234,canon-projection/src/emit/body.rs,241,9
738,BASIC_BLOCK,emit::body::render_op::bb235,canon-projection/src/emit/body.rs,241,9
739,BASIC_BLOCK,emit::body::render_op::bb236,canon-projection/src/emit/body.rs,241,9
740,BASIC_BLOCK,emit::body::render_op::bb237,canon-projection/src/emit/body.rs,243,65
741,CALL_SITE,emit::body::render_op::bb237::call176,canon-projection/src/emit/body.rs,243,65
742,BASIC_BLOCK,emit::body::render_op::bb238,canon-projection/src/emit/body.rs,243,33
743,CALL_SITE,emit::body::render_op::bb238::call177,canon-projection/src/emit/body.rs,243,33
744,BASIC_BLOCK,emit::body::render_op::bb239,canon-projection/src/emit/body.rs,243,36
745,CALL_SITE,emit::body::render_op::bb239::call178,canon-projection/src/emit/body.rs,243,36
746,CALL_SITE,emit::body::render_op::bb23::call18,canon-projection/src/emit/body.rs,51,24
747,BASIC_BLOCK,emit::body::render_op::bb24,canon-projection/src/emit/body.rs,51,24
748,BASIC_BLOCK,emit::body::render_op::bb240,/home/cicero-arch-omen/.rustup/toolchains/nightly-x86_64-unknown-linux-gnu/lib/rustlib/src/rust/library/alloc/src/macros.rs,114,33
749,CALL_SITE,emit::body::render_op::bb240::call179,/home/cicero-arch-omen/.rustup/toolchains/nightly-x86_64-unknown-linux-gnu/lib/rustlib/src/rust/library/alloc/src/macros.rs,114,33
750,BASIC_BLOCK,emit::body::render_op::bb241,/home/cicero-arch-omen/.rustup/toolchains/nightly-x86_64-unknown-linux-gnu/lib/rustlib/src/rust/library/alloc/src/macros.rs,114,13
751,CALL_SITE,emit::body::render_op::bb241::call180,/home/cicero-arch-omen/.rustup/toolchains/nightly-x86_64-unknown-linux-gnu/lib/rustlib/src/rust/library/alloc/src/macros.rs,114,13
752,BASIC_BLOCK,emit::body::render_op::bb242,/home/cicero-arch-omen/.rustup/toolchains/nightly-x86_64-unknown-linux-gnu/lib/rustlib/src/rust/library/alloc/src/macros.rs,114,73
753,BASIC_BLOCK,emit::body::render_op::bb243,/home/cicero-arch-omen/.rustup/toolchains/nightly-x86_64-unknown-linux-gnu/lib/rustlib/src/rust/library/alloc/src/macros.rs,114,73
754,BASIC_BLOCK,emit::body::render_op::bb244,/home/cicero-arch-omen/.rustup/toolchains/nightly-x86_64-unknown-linux-gnu/lib/rustlib/src/rust/library/alloc/src/macros.rs,113,9
755,CALL_SITE,emit::body::render_op::bb244::call181,/home/cicero-arch-omen/.rustup/toolchains/nightly-x86_64-unknown-linux-gnu/lib/rustlib/src/rust/library/alloc/src/macros.rs,113,9
756,BASIC_BLOCK,emit::body::render_op::bb245,canon-projection/src/emit/body.rs,244,13
757,BASIC_BLOCK,emit::body::render_op::bb246,canon-projection/src/emit/body.rs,249,34
758,CALL_SITE,emit::body::render_op::bb246::call182,canon-projection/src/emit/body.rs,249,34
759,BASIC_BLOCK,emit::body::render_op::bb247,canon-projection/src/emit/body.rs,246,32
760,CALL_SITE,emit::body::render_op::bb247::call183,canon-projection/src/emit/body.rs,246,32
761,BASIC_BLOCK,emit::body::render_op::bb248,canon-projection/src/emit/body.rs,247,50
762,CALL_SITE,emit::body::render_op::bb248::call184,canon-projection/src/emit/body.rs,247,50
763,BASIC_BLOCK,emit::body::render_op::bb249,canon-projection/src/emit/body.rs,247,21
764,CALL_SITE,emit::body::render_op::bb249::call185,canon-projection/src/emit/body.rs,247,21
765,BASIC_BLOCK,emit::body::render_op::bb25,canon-projection/src/emit/body.rs,52,25
766,BASIC_BLOCK,emit::body::render_op::bb250,canon-projection/src/emit/body.rs,248,17
767,BASIC_BLOCK,emit::body::render_op::bb251,/home/cicero-arch-omen/.rustup/toolchains/nightly-x86_64-unknown-linux-gnu/lib/rustlib/src/rust/library/alloc/src/macros.rs,114,33
768,CALL_SITE,emit::body::render_op::bb251::call186,/home/cicero-arch-omen/.rustup/toolchains/nightly-x86_64-unknown-linux-gnu/lib/rustlib/src/rust/library/alloc/src/macros.rs,114,33
769,BASIC_BLOCK,emit::body::render_op::bb252,/home/cicero-arch-omen/.rustup/toolchains/nightly-x86_64-unknown-linux-gnu/lib/rustlib/src/rust/library/alloc/src/macros.rs,114,13
770,CALL_SITE,emit::body::render_op::bb252::call187,/home/cicero-arch-omen/.rustup/toolchains/nightly-x86_64-unknown-linux-gnu/lib/rustlib/src/rust/library/alloc/src/macros.rs,114,13
771,BASIC_BLOCK,emit::body::render_op::bb253,/home/cicero-arch-omen/.rustup/toolchains/nightly-x86_64-unknown-linux-gnu/lib/rustlib/src/rust/library/alloc/src/macros.rs,113,9
772,CALL_SITE,emit::body::render_op::bb253::call188,/home/cicero-arch-omen/.rustup/toolchains/nightly-x86_64-unknown-linux-gnu/lib/rustlib/src/rust/library/alloc/src/macros.rs,113,9
773,BASIC_BLOCK,emit::body::render_op::bb254,canon-projection/src/emit/body.rs,251,9
774,BASIC_BLOCK,emit::body::render_op::bb255,/home/cicero-arch-omen/.rustup/toolchains/nightly-x86_64-unknown-linux-gnu/lib/rustlib/src/rust/library/core/src/panic.rs,62,9
775,CALL_SITE,emit::body::render_op::bb255::call189,/home/cicero-arch-omen/.rustup/toolchains/nightly-x86_64-unknown-linux-gnu/lib/rustlib/src/rust/library/core/src/panic.rs,62,9
776,BASIC_BLOCK,emit::body::render_op::bb256,canon-projection/src/emit/body.rs,261,27
777,CALL_SITE,emit::body::render_op::bb256::call190,canon-projection/src/emit/body.rs,261,27
778,BASIC_BLOCK,emit::body::render_op::bb257,canon-projection/src/emit/body.rs,261,27
779,BASIC_BLOCK,emit::body::render_op::bb258,canon-projection/src/emit/body.rs,261,24
780,BASIC_BLOCK,emit::body::render_op::bb259,canon-projection/src/emit/body.rs,263,23
781,CALL_SITE,emit::body::render_op::bb259::call191,canon-projection/src/emit/body.rs,263,23
782,CALL_SITE,emit::body::render_op::bb25::call19,canon-projection/src/emit/body.rs,52,25
783,BASIC_BLOCK,emit::body::render_op::bb26,canon-projection/src/emit/body.rs,53,31
784,BASIC_BLOCK,emit::body::render_op::bb260,canon-projection/src/emit/body.rs,263,23
785,CALL_SITE,emit::body::render_op::bb260::call192,canon-projection/src/emit/body.rs,263,23
786,BASIC_BLOCK,emit::body::render_op::bb261,canon-projection/src/emit/body.rs,263,23
787,CALL_SITE,emit::body::render_op::bb261::call193,canon-projection/src/emit/body.rs,263,23
788,BASIC_BLOCK,emit::body::render_op::bb262,canon-projection/src/emit/body.rs,263,23
789,BASIC_BLOCK,emit::body::render_op::bb263,canon-projection/src/emit/body.rs,264,56
790,CALL_SITE,emit::body::render_op::bb263::call194,canon-projection/src/emit/body.rs,264,56
791,BASIC_BLOCK,emit::body::render_op::bb264,canon-projection/src/emit/body.rs,264,56
792,CALL_SITE,emit::body::render_op::bb264::call195,canon-projection/src/emit/body.rs,264,56
793,BASIC_BLOCK,emit::body::render_op::bb265,canon-projection/src/emit/body.rs,264,56
794,CALL_SITE,emit::body::render_op::bb265::call196,canon-projection/src/emit/body.rs,264,56
795,BASIC_BLOCK,emit::body::render_op::bb266,canon-projection/src/emit/body.rs,264,56
796,CALL_SITE,emit::body::render_op::bb266::call197,canon-projection/src/emit/body.rs,264,56
797,BASIC_BLOCK,emit::body::render_op::bb267,canon-projection/src/emit/body.rs,271,17
798,CALL_SITE,emit::body::render_op::bb267::call198,canon-projection/src/emit/body.rs,271,17
799,BASIC_BLOCK,emit::body::render_op::bb268,canon-projection/src/emit/body.rs,271,17
800,CALL_SITE,emit::body::render_op::bb268::call199,canon-projection/src/emit/body.rs,271,17
801,BASIC_BLOCK,emit::body::render_op::bb269,canon-projection/src/emit/body.rs,272,41
802,CALL_SITE,emit::body::render_op::bb269::call200,canon-projection/src/emit/body.rs,272,41
803,CALL_SITE,emit::body::render_op::bb26::call20,canon-projection/src/emit/body.rs,53,31
804,BASIC_BLOCK,emit::body::render_op::bb27,canon-projection/src/emit/body.rs,53,31
805,BASIC_BLOCK,emit::body::render_op::bb270,canon-projection/src/emit/body.rs,272,41
806,CALL_SITE,emit::body::render_op::bb270::call201,canon-projection/src/emit/body.rs,272,41
807,BASIC_BLOCK,emit::body::render_op::bb271,canon-projection/src/emit/body.rs,272,41
808,CALL_SITE,emit::body::render_op::bb271::call202,canon-projection/src/emit/body.rs,272,41
809,BASIC_BLOCK,emit::body::render_op::bb272,canon-projection/src/emit/body.rs,272,41
810,CALL_SITE,emit::body::render_op::bb272::call203,canon-projection/src/emit/body.rs,272,41
811,BASIC_BLOCK,emit::body::render_op::bb273,canon-projection/src/emit/body.rs,272,41
812,CALL_SITE,emit::body::render_op::bb273::call204,canon-projection/src/emit/body.rs,272,41
813,BASIC_BLOCK,emit::body::render_op::bb274,canon-projection/src/emit/body.rs,272,26
814,CALL_SITE,emit::body::render_op::bb274::call205,canon-projection/src/emit/body.rs,272,26
815,BASIC_BLOCK,emit::body::render_op::bb275,canon-projection/src/emit/body.rs,272,29
816,CALL_SITE,emit::body::render_op::bb275::call206,canon-projection/src/emit/body.rs,272,29
817,BASIC_BLOCK,emit::body::render_op::bb276,/home/cicero-arch-omen/.rustup/toolchains/nightly-x86_64-unknown-linux-gnu/lib/rustlib/src/rust/library/alloc/src/macros.rs,114,33
818,CALL_SITE,emit::body::render_op::bb276::call207,/home/cicero-arch-omen/.rustup/toolchains/nightly-x86_64-unknown-linux-gnu/lib/rustlib/src/rust/library/alloc/src/macros.rs,114,33
819,BASIC_BLOCK,emit::body::render_op::bb277,/home/cicero-arch-omen/.rustup/toolchains/nightly-x86_64-unknown-linux-gnu/lib/rustlib/src/rust/library/alloc/src/macros.rs,114,13
820,CALL_SITE,emit::body::render_op::bb277::call208,/home/cicero-arch-omen/.rustup/toolchains/nightly-x86_64-unknown-linux-gnu/lib/rustlib/src/rust/library/alloc/src/macros.rs,114,13
821,BASIC_BLOCK,emit::body::render_op::bb278,/home/cicero-arch-omen/.rustup/toolchains/nightly-x86_64-unknown-linux-gnu/lib/rustlib/src/rust/library/alloc/src/macros.rs,114,73
822,BASIC_BLOCK,emit::body::render_op::bb279,/home/cicero-arch-omen/.rustup/toolchains/nightly-x86_64-unknown-linux-gnu/lib/rustlib/src/rust/library/alloc/src/macros.rs,114,73
823,CALL_SITE,emit::body::render_op::bb27::call21,canon-projection/src/emit/body.rs,53,31
824,BASIC_BLOCK,emit::body::render_op::bb28,canon-projection/src/emit/body.rs,53,31
825,BASIC_BLOCK,emit::body::render_op::bb280,/home/cicero-arch-omen/.rustup/toolchains/nightly-x86_64-unknown-linux-gnu/lib/rustlib/src/rust/library/alloc/src/macros.rs,113,9
826,CALL_SITE,emit::body::render_op::bb280::call209,/home/cicero-arch-omen/.rustup/toolchains/nightly-x86_64-unknown-linux-gnu/lib/rustlib/src/rust/library/alloc/src/macros.rs,113,9
827,BASIC_BLOCK,emit::body::render_op::bb281,canon-projection/src/emit/body.rs,263,20
828,BASIC_BLOCK,emit::body::render_op::bb282,canon-projection/src/emit/body.rs,274,30
829,CALL_SITE,emit::body::render_op::bb282::call210,canon-projection/src/emit/body.rs,274,30
830,BASIC_BLOCK,emit::body::render_op::bb283,canon-projection/src/emit/body.rs,274,30
831,CALL_SITE,emit::body::render_op::bb283::call211,canon-projection/src/emit/body.rs,274,30
832,BASIC_BLOCK,emit::body::render_op::bb284,canon-projection/src/emit/body.rs,274,30
833,CALL_SITE,emit::body::render_op::bb284::call212,canon-projection/src/emit/body.rs,274,30
834,BASIC_BLOCK,emit::body::render_op::bb285,canon-projection/src/emit/body.rs,274,30
835,CALL_SITE,emit::body::render_op::bb285::call213,canon-projection/src/emit/body.rs,274,30
836,BASIC_BLOCK,emit::body::render_op::bb286,canon-projection/src/emit/body.rs,274,30
837,CALL_SITE,emit::body::render_op::bb286::call214,canon-projection/src/emit/body.rs,274,30
838,BASIC_BLOCK,emit::body::render_op::bb287,canon-projection/src/emit/body.rs,274,30
839,CALL_SITE,emit::body::render_op::bb287::call215,canon-projection/src/emit/body.rs,274,30
840,BASIC_BLOCK,emit::body::render_op::bb288,canon-projection/src/emit/body.rs,274,156
841,BASIC_BLOCK,emit::body::render_op::bb289,canon-projection/src/emit/body.rs,275,26
842,CALL_SITE,emit::body::render_op::bb289::call216,canon-projection/src/emit/body.rs,275,26
843,CALL_SITE,emit::body::render_op::bb28::call22,canon-projection/src/emit/body.rs,53,31
844,BASIC_BLOCK,emit::body::render_op::bb29,canon-projection/src/emit/body.rs,53,31
845,BASIC_BLOCK,emit::body::render_op::bb290,canon-projection/src/emit/body.rs,275,32
846,CALL_SITE,emit::body::render_op::bb290::call217,canon-projection/src/emit/body.rs,275,32
847,BASIC_BLOCK,emit::body::render_op::bb291,/home/cicero-arch-omen/.rustup/toolchains/nightly-x86_64-unknown-linux-gnu/lib/rustlib/src/rust/library/alloc/src/macros.rs,114,33
848,CALL_SITE,emit::body::render_op::bb291::call218,/home/cicero-arch-omen/.rustup/toolchains/nightly-x86_64-unknown-linux-gnu/lib/rustlib/src/rust/library/alloc/src/macros.rs,114,33
849,BASIC_BLOCK,emit::body::render_op::bb292,/home/cicero-arch-omen/.rustup/toolchains/nightly-x86_64-unknown-linux-gnu/lib/rustlib/src/rust/library/alloc/src/macros.rs,114,13
850,CALL_SITE,emit::body::render_op::bb292::call219,/home/cicero-arch-omen/.rustup/toolchains/nightly-x86_64-unknown-linux-gnu/lib/rustlib/src/rust/library/alloc/src/macros.rs,114,13
851,BASIC_BLOCK,emit::body::render_op::bb293,/home/cicero-arch-omen/.rustup/toolchains/nightly-x86_64-unknown-linux-gnu/lib/rustlib/src/rust/library/alloc/src/macros.rs,113,9
852,CALL_SITE,emit::body::render_op::bb293::call220,/home/cicero-arch-omen/.rustup/toolchains/nightly-x86_64-unknown-linux-gnu/lib/rustlib/src/rust/library/alloc/src/macros.rs,113,9
853,BASIC_BLOCK,emit::body::render_op::bb294,canon-projection/src/emit/body.rs,276,13
854,BASIC_BLOCK,emit::body::render_op::bb295,canon-projection/src/emit/body.rs,277,13
855,BASIC_BLOCK,emit::body::render_op::bb296,canon-projection/src/emit/body.rs,288,34
856,CALL_SITE,emit::body::render_op::bb296::call221,canon-projection/src/emit/body.rs,288,34
857,BASIC_BLOCK,emit::body::render_op::bb297,canon-projection/src/emit/body.rs,279,37
858,CALL_SITE,emit::body::render_op::bb297::call222,canon-projection/src/emit/body.rs,279,37
859,BASIC_BLOCK,emit::body::render_op::bb298,canon-projection/src/emit/body.rs,280,36
860,CALL_SITE,emit::body::render_op::bb298::call223,canon-projection/src/emit/body.rs,280,36
861,BASIC_BLOCK,emit::body::render_op::bb299,canon-projection/src/emit/body.rs,280,36
862,CALL_SITE,emit::body::render_op::bb299::call224,canon-projection/src/emit/body.rs,280,36
863,CALL_SITE,emit::body::render_op::bb2::call0,canon-projection/src/emit/body.rs,310,42
864,BASIC_BLOCK,emit::body::render_op::bb3,canon-projection/src/emit/body.rs,309,31
865,BASIC_BLOCK,emit::body::render_op::bb30,canon-projection/src/emit/body.rs,56,40
866,BASIC_BLOCK,emit::body::render_op::bb300,canon-projection/src/emit/body.rs,280,36
867,CALL_SITE,emit::body::render_op::bb300::call225,canon-projection/src/emit/body.rs,280,36
868,BASIC_BLOCK,emit::body::render_op::bb301,canon-projection/src/emit/body.rs,280,36
869,CALL_SITE,emit::body::render_op::bb301::call226,canon-projection/src/emit/body.rs,280,36
870,BASIC_BLOCK,emit::body::render_op::bb302,canon-projection/src/emit/body.rs,280,36
871,BASIC_BLOCK,emit::body::render_op::bb303,canon-projection/src/emit/body.rs,281,43
872,CALL_SITE,emit::body::render_op::bb303::call227,canon-projection/src/emit/body.rs,281,43
873,BASIC_BLOCK,emit::body::render_op::bb304,canon-projection/src/emit/body.rs,281,25
874,CALL_SITE,emit::body::render_op::bb304::call228,canon-projection/src/emit/body.rs,281,25
875,BASIC_BLOCK,emit::body::render_op::bb305,canon-projection/src/emit/body.rs,282,25
876,CALL_SITE,emit::body::render_op::bb305::call229,canon-projection/src/emit/body.rs,282,25
877,BASIC_BLOCK,emit::body::render_op::bb306,canon-projection/src/emit/body.rs,280,33
878,BASIC_BLOCK,emit::body::render_op::bb307,canon-projection/src/emit/body.rs,280,33
879,BASIC_BLOCK,emit::body::render_op::bb308,canon-projection/src/emit/body.rs,286,50
880,CALL_SITE,emit::body::render_op::bb308::call230,canon-projection/src/emit/body.rs,286,50
881,BASIC_BLOCK,emit::body::render_op::bb309,canon-projection/src/emit/body.rs,286,21
882,CALL_SITE,emit::body::render_op::bb309::call231,canon-projection/src/emit/body.rs,286,21
883,CALL_SITE,emit::body::render_op::bb30::call23,canon-projection/src/emit/body.rs,56,40
884,BASIC_BLOCK,emit::body::render_op::bb31,canon-projection/src/emit/body.rs,57,28
885,BASIC_BLOCK,emit::body::render_op::bb310,canon-projection/src/emit/body.rs,287,17
886,BASIC_BLOCK,emit::body::render_op::bb311,/home/cicero-arch-omen/.rustup/toolchains/nightly-x86_64-unknown-linux-gnu/lib/rustlib/src/rust/library/alloc/src/macros.rs,114,33
887,CALL_SITE,emit::body::render_op::bb311::call232,/home/cicero-arch-omen/.rustup/toolchains/nightly-x86_64-unknown-linux-gnu/lib/rustlib/src/rust/library/alloc/src/macros.rs,114,33
888,BASIC_BLOCK,emit::body::render_op::bb312,/home/cicero-arch-omen/.rustup/toolchains/nightly-x86_64-unknown-linux-gnu/lib/rustlib/src/rust/library/alloc/src/macros.rs,114,13
889,CALL_SITE,emit::body::render_op::bb312::call233,/home/cicero-arch-omen/.rustup/toolchains/nightly-x86_64-unknown-linux-gnu/lib/rustlib/src/rust/library/alloc/src/macros.rs,114,13
890,BASIC_BLOCK,emit::body::render_op::bb313,/home/cicero-arch-omen/.rustup/toolchains/nightly-x86_64-unknown-linux-gnu/lib/rustlib/src/rust/library/alloc/src/macros.rs,113,9
891,CALL_SITE,emit::body::render_op::bb313::call234,/home/cicero-arch-omen/.rustup/toolchains/nightly-x86_64-unknown-linux-gnu/lib/rustlib/src/rust/library/alloc/src/macros.rs,113,9
892,BASIC_BLOCK,emit::body::render_op::bb314,canon-projection/src/emit/body.rs,290,9
893,BASIC_BLOCK,emit::body::render_op::bb315,canon-projection/src/emit/body.rs,290,9
894,BASIC_BLOCK,emit::body::render_op::bb316,canon-projection/src/emit/body.rs,305,21
895,CALL_SITE,emit::body::render_op::bb316::call235,canon-projection/src/emit/body.rs,305,21
896,BASIC_BLOCK,emit::body::render_op::bb317,canon-projection/src/emit/body.rs,293,28
897,CALL_SITE,emit::body::render_op::bb317::call236,canon-projection/src/emit/body.rs,293,28
898,BASIC_BLOCK,emit::body::render_op::bb318,canon-projection/src/emit/body.rs,298,20
899,CALL_SITE,emit::body::render_op::bb318::call237,canon-projection/src/emit/body.rs,298,20
900,BASIC_BLOCK,emit::body::render_op::bb319,canon-projection/src/emit/body.rs,298,20
901,CALL_SITE,emit::body::render_op::bb31::call24,canon-projection/src/emit/body.rs,57,28
902,BASIC_BLOCK,emit::body::render_op::bb32,canon-projection/src/emit/body.rs,57,28
903,BASIC_BLOCK,emit::body::render_op::bb320,canon-projection/src/emit/body.rs,299,21
904,CALL_SITE,emit::body::render_op::bb320::call238,canon-projection/src/emit/body.rs,299,21
905,BASIC_BLOCK,emit::body::render_op::bb321,canon-projection/src/emit/body.rs,301,37
906,CALL_SITE,emit::body::render_op::bb321::call239,canon-projection/src/emit/body.rs,301,37
907,BASIC_BLOCK,emit::body::render_op::bb322,canon-projection/src/emit/body.rs,301,21
908,CALL_SITE,emit::body::render_op::bb322::call240,canon-projection/src/emit/body.rs,301,21
909,BASIC_BLOCK,emit::body::render_op::bb323,canon-projection/src/emit/body.rs,302,38
910,CALL_SITE,emit::body::render_op::bb323::call241,canon-projection/src/emit/body.rs,302,38
911,BASIC_BLOCK,emit::body::render_op::bb324,/home/cicero-arch-omen/.rustup/toolchains/nightly-x86_64-unknown-linux-gnu/lib/rustlib/src/rust/library/alloc/src/macros.rs,114,33
912,CALL_SITE,emit::body::render_op::bb324::call242,/home/cicero-arch-omen/.rustup/toolchains/nightly-x86_64-unknown-linux-gnu/lib/rustlib/src/rust/library/alloc/src/macros.rs,114,33
913,BASIC_BLOCK,emit::body::render_op::bb325,/home/cicero-arch-omen/.rustup/toolchains/nightly-x86_64-unknown-linux-gnu/lib/rustlib/src/rust/library/alloc/src/macros.rs,114,13
914,CALL_SITE,emit::body::render_op::bb325::call243,/home/cicero-arch-omen/.rustup/toolchains/nightly-x86_64-unknown-linux-gnu/lib/rustlib/src/rust/library/alloc/src/macros.rs,114,13
915,BASIC_BLOCK,emit::body::render_op::bb326,/home/cicero-arch-omen/.rustup/toolchains/nightly-x86_64-unknown-linux-gnu/lib/rustlib/src/rust/library/alloc/src/macros.rs,113,9
916,CALL_SITE,emit::body::render_op::bb326::call244,/home/cicero-arch-omen/.rustup/toolchains/nightly-x86_64-unknown-linux-gnu/lib/rustlib/src/rust/library/alloc/src/macros.rs,113,9
917,BASIC_BLOCK,emit::body::render_op::bb327,canon-projection/src/emit/body.rs,304,13
918,BASIC_BLOCK,emit::body::render_op::bb328,canon-projection/src/emit/body.rs,310,36
919,CALL_SITE,emit::body::render_op::bb328::call245,canon-projection/src/emit/body.rs,310,36
920,BASIC_BLOCK,emit::body::render_op::bb329,/home/cicero-arch-omen/.rustup/toolchains/nightly-x86_64-unknown-linux-gnu/lib/rustlib/src/rust/library/alloc/src/macros.rs,114,33
921,CALL_SITE,emit::body::render_op::bb329::call246,/home/cicero-arch-omen/.rustup/toolchains/nightly-x86_64-unknown-linux-gnu/lib/rustlib/src/rust/library/alloc/src/macros.rs,114,33
922,CALL_SITE,emit::body::render_op::bb32::call25,canon-projection/src/emit/body.rs,57,28
923,BASIC_BLOCK,emit::body::render_op::bb33,canon-projection/src/emit/body.rs,57,28
924,BASIC_BLOCK,emit::body::render_op::bb330,/home/cicero-arch-omen/.rustup/toolchains/nightly-x86_64-unknown-linux-gnu/lib/rustlib/src/rust/library/alloc/src/macros.rs,114,13
925,CALL_SITE,emit::body::render_op::bb330::call247,/home/cicero-arch-omen/.rustup/toolchains/nightly-x86_64-unknown-linux-gnu/lib/rustlib/src/rust/library/alloc/src/macros.rs,114,13
926,BASIC_BLOCK,emit::body::render_op::bb331,/home/cicero-arch-omen/.rustup/toolchains/nightly-x86_64-unknown-linux-gnu/lib/rustlib/src/rust/library/alloc/src/macros.rs,114,73
927,BASIC_BLOCK,emit::body::render_op::bb332,/home/cicero-arch-omen/.rustup/toolchains/nightly-x86_64-unknown-linux-gnu/lib/rustlib/src/rust/library/alloc/src/macros.rs,113,9
928,CALL_SITE,emit::body::render_op::bb332::call248,/home/cicero-arch-omen/.rustup/toolchains/nightly-x86_64-unknown-linux-gnu/lib/rustlib/src/rust/library/alloc/src/macros.rs,113,9
929,BASIC_BLOCK,emit::body::render_op::bb333,canon-projection/src/emit/body.rs,241,9
930,BASIC_BLOCK,emit::body::render_op::bb334,canon-projection/src/emit/body.rs,241,9
931,BASIC_BLOCK,emit::body::render_op::bb335,canon-projection/src/emit/body.rs,312,2
932,BASIC_BLOCK,emit::body::render_op::bb336,/home/cicero-arch-omen/.rustup/toolchains/nightly-x86_64-unknown-linux-gnu/lib/rustlib/src/rust/library/alloc/src/macros.rs,114,73
933,BASIC_BLOCK,emit::body::render_op::bb337,canon-projection/src/emit/body.rs,304,13
934,BASIC_BLOCK,emit::body::render_op::bb338,canon-projection/src/emit/body.rs,287,17
935,BASIC_BLOCK,emit::body::render_op::bb339,canon-projection/src/emit/body.rs,276,13
936,CALL_SITE,emit::body::render_op::bb33::call26,canon-projection/src/emit/body.rs,57,28
937,BASIC_BLOCK,emit::body::render_op::bb34,canon-projection/src/emit/body.rs,57,28
938,BASIC_BLOCK,emit::body::render_op::bb340,canon-projection/src/emit/body.rs,274,156
939,BASIC_BLOCK,emit::body::render_op::bb341,/home/cicero-arch-omen/.rustup/toolchains/nightly-x86_64-unknown-linux-gnu/lib/rustlib/src/rust/library/alloc/src/macros.rs,114,73
940,BASIC_BLOCK,emit::body::render_op::bb342,/home/cicero-arch-omen/.rustup/toolchains/nightly-x86_64-unknown-linux-gnu/lib/rustlib/src/rust/library/alloc/src/macros.rs,114,73
941,BASIC_BLOCK,emit::body::render_op::bb343,canon-projection/src/emit/body.rs,248,17
942,BASIC_BLOCK,emit::body::render_op::bb344,/home/cicero-arch-omen/.rustup/toolchains/nightly-x86_64-unknown-linux-gnu/lib/rustlib/src/rust/library/alloc/src/macros.rs,114,73
943,BASIC_BLOCK,emit::body::render_op::bb345,/home/cicero-arch-omen/.rustup/toolchains/nightly-x86_64-unknown-linux-gnu/lib/rustlib/src/rust/library/alloc/src/macros.rs,114,73
944,BASIC_BLOCK,emit::body::render_op::bb346,canon-projection/src/emit/body.rs,238,17
945,BASIC_BLOCK,emit::body::render_op::bb347,canon-projection/src/emit/body.rs,241,9
946,BASIC_BLOCK,emit::body::render_op::bb348,canon-projection/src/emit/body.rs,241,9
947,BASIC_BLOCK,emit::body::render_op::bb349,canon-projection/src/emit/body.rs,206,21
948,BASIC_BLOCK,emit::body::render_op::bb35,canon-projection/src/emit/body.rs,57,25
949,BASIC_BLOCK,emit::body::render_op::bb350,canon-projection/src/emit/body.rs,241,9
950,BASIC_BLOCK,emit::body::render_op::bb351,canon-projection/src/emit/body.rs,241,9
951,BASIC_BLOCK,emit::body::render_op::bb352,canon-projection/src/emit/body.rs,183,17
952,BASIC_BLOCK,emit::body::render_op::bb353,canon-projection/src/emit/body.rs,186,9
953,BASIC_BLOCK,emit::body::render_op::bb354,canon-projection/src/emit/body.rs,166,17
954,BASIC_BLOCK,emit::body::render_op::bb355,canon-projection/src/emit/body.rs,169,9
955,BASIC_BLOCK,emit::body::render_op::bb356,canon-projection/src/emit/body.rs,169,9
956,BASIC_BLOCK,emit::body::render_op::bb357,canon-projection/src/emit/body.rs,169,9
957,BASIC_BLOCK,emit::body::render_op::bb358,canon-projection/src/emit/body.rs,142,13
958,BASIC_BLOCK,emit::body::render_op::bb359,canon-projection/src/emit/body.rs,113,9
959,BASIC_BLOCK,emit::body::render_op::bb36,canon-projection/src/emit/body.rs,57,25
960,BASIC_BLOCK,emit::body::render_op::bb360,canon-projection/src/emit/body.rs,89,13
961,BASIC_BLOCK,emit::body::render_op::bb361,canon-projection/src/emit/body.rs,104,9
962,BASIC_BLOCK,emit::body::render_op::bb362,canon-projection/src/emit/body.rs,62,21
963,BASIC_BLOCK,emit::body::render_op::bb363,canon-projection/src/emit/body.rs,104,9
964,BASIC_BLOCK,emit::body::render_op::bb364,canon-projection/src/emit/body.rs,33,1
965,BASIC_BLOCK,emit::body::render_op::bb365,canon-projection/src/emit/body.rs,62,21
966,BASIC_BLOCK,emit::body::render_op::bb366,canon-projection/src/emit/body.rs,65,17
967,BASIC_BLOCK,emit::body::render_op::bb367,canon-projection/src/emit/body.rs,186,9
968,BASIC_BLOCK,emit::body::render_op::bb368,canon-projection/src/emit/body.rs,186,9
969,BASIC_BLOCK,emit::body::render_op::bb369,canon-projection/src/emit/body.rs,241,9
970,BASIC_BLOCK,emit::body::render_op::bb37,canon-projection/src/emit/body.rs,62,21
971,BASIC_BLOCK,emit::body::render_op::bb370,canon-projection/src/emit/body.rs,241,9
972,BASIC_BLOCK,emit::body::render_op::bb371,canon-projection/src/emit/body.rs,251,9
973,BASIC_BLOCK,emit::body::render_op::bb372,canon-projection/src/emit/body.rs,251,9
974,BASIC_BLOCK,emit::body::render_op::bb373,canon-projection/src/emit/body.rs,290,9
975,BASIC_BLOCK,emit::body::render_op::bb374,canon-projection/src/emit/body.rs,290,9
976,BASIC_BLOCK,emit::body::render_op::bb375,canon-projection/src/emit/body.rs,290,9
977,BASIC_BLOCK,emit::body::render_op::bb376,canon-projection/src/emit/body.rs,287,17
978,BASIC_BLOCK,emit::body::render_op::bb377,canon-projection/src/emit/body.rs,287,17
979,BASIC_BLOCK,emit::body::render_op::bb378,canon-projection/src/emit/body.rs,290,9
980,BASIC_BLOCK,emit::body::render_op::bb379,canon-projection/src/emit/body.rs,290,9
981,BASIC_BLOCK,emit::body::render_op::bb38,canon-projection/src/emit/body.rs,53,28
982,BASIC_BLOCK,emit::body::render_op::bb380,canon-projection/src/emit/body.rs,273,13
983,BASIC_BLOCK,emit::body::render_op::bb381,canon-projection/src/emit/body.rs,273,13
984,BASIC_BLOCK,emit::body::render_op::bb382,canon-projection/src/emit/body.rs,290,9
985,BASIC_BLOCK,emit::body::render_op::bb383,canon-projection/src/emit/body.rs,290,9
986,BASIC_BLOCK,emit::body::render_op::bb384,canon-projection/src/emit/body.rs,251,9
987,BASIC_BLOCK,emit::body::render_op::bb385,canon-projection/src/emit/body.rs,251,9
988,BASIC_BLOCK,emit::body::render_op::bb386,canon-projection/src/emit/body.rs,238,17
989,BASIC_BLOCK,emit::body::render_op::bb387,canon-projection/src/emit/body.rs,238,17
990,BASIC_BLOCK,emit::body::render_op::bb388,canon-projection/src/emit/body.rs,241,9
991,BASIC_BLOCK,emit::body::render_op::bb389,canon-projection/src/emit/body.rs,241,9
992,BASIC_BLOCK,emit::body::render_op::bb39,canon-projection/src/emit/body.rs,53,28
993,BASIC_BLOCK,emit::body::render_op::bb390,canon-projection/src/emit/body.rs,183,17
994,BASIC_BLOCK,emit::body::render_op::bb391,canon-projection/src/emit/body.rs,183,17
995,BASIC_BLOCK,emit::body::render_op::bb392,canon-projection/src/emit/body.rs,186,9
996,BASIC_BLOCK,emit::body::render_op::bb393,canon-projection/src/emit/body.rs,186,9
997,BASIC_BLOCK,emit::body::render_op::bb394,canon-projection/src/emit/body.rs,166,17
998,BASIC_BLOCK,emit::body::render_op::bb395,canon-projection/src/emit/body.rs,166,17
999,BASIC_BLOCK,emit::body::render_op::bb396,canon-projection/src/emit/body.rs,113,9
1000,BASIC_BLOCK,emit::body::render_op::bb397,canon-projection/src/emit/body.rs,113,9
1001,BASIC_BLOCK,emit::body::render_op::bb398,canon-projection/src/emit/body.rs,65,17
1002,BASIC_BLOCK,emit::body::render_op::bb399,canon-projection/src/emit/body.rs,65,17
1003,CALL_SITE,emit::body::render_op::bb3::call1,canon-projection/src/emit/body.rs,309,31
1004,BASIC_BLOCK,emit::body::render_op::bb4,canon-projection/src/emit/body.rs,308,27
1005,BASIC_BLOCK,emit::body::render_op::bb40,canon-projection/src/emit/body.rs,65,17
1006,BASIC_BLOCK,emit::body::render_op::bb400,canon-projection/src/emit/body.rs,66,22
1007,BASIC_BLOCK,emit::body::render_op::bb401,canon-projection/src/emit/body.rs,52,25
1008,BASIC_BLOCK,emit::body::render_op::bb402,/home/cicero-arch-omen/.rustup/toolchains/nightly-x86_64-unknown-linux-gnu/lib/rustlib/src/rust/library/alloc/src/macros.rs,113,9
1009,BASIC_BLOCK,emit::body::render_op::bb403,/home/cicero-arch-omen/.rustup/toolchains/nightly-x86_64-unknown-linux-gnu/lib/rustlib/src/rust/library/alloc/src/macros.rs,113,9
1010,BASIC_BLOCK,emit::body::render_op::bb404,/home/cicero-arch-omen/.rustup/toolchains/nightly-x86_64-unknown-linux-gnu/lib/rustlib/src/rust/library/alloc/src/macros.rs,113,9
1011,BASIC_BLOCK,emit::body::render_op::bb405,canon-projection/src/emit/body.rs,91,21
1012,BASIC_BLOCK,emit::body::render_op::bb406,/home/cicero-arch-omen/.rustup/toolchains/nightly-x86_64-unknown-linux-gnu/lib/rustlib/src/rust/library/alloc/src/macros.rs,113,9
1013,BASIC_BLOCK,emit::body::render_op::bb407,/home/cicero-arch-omen/.rustup/toolchains/nightly-x86_64-unknown-linux-gnu/lib/rustlib/src/rust/library/alloc/src/macros.rs,113,9
1014,BASIC_BLOCK,emit::body::render_op::bb408,canon-projection/src/emit/body.rs,125,21
1015,BASIC_BLOCK,emit::body::render_op::bb409,/home/cicero-arch-omen/.rustup/toolchains/nightly-x86_64-unknown-linux-gnu/lib/rustlib/src/rust/library/alloc/src/macros.rs,113,9
1016,BASIC_BLOCK,emit::body::render_op::bb41,canon-projection/src/emit/body.rs,65,17
1017,BASIC_BLOCK,emit::body::render_op::bb410,canon-projection/src/emit/body.rs,160,25
1018,BASIC_BLOCK,emit::body::render_op::bb411,/home/cicero-arch-omen/.rustup/toolchains/nightly-x86_64-unknown-linux-gnu/lib/rustlib/src/rust/library/alloc/src/macros.rs,113,9
1019,BASIC_BLOCK,emit::body::render_op::bb412,/home/cicero-arch-omen/.rustup/toolchains/nightly-x86_64-unknown-linux-gnu/lib/rustlib/src/rust/library/alloc/src/macros.rs,113,9
1020,BASIC_BLOCK,emit::body::render_op::bb413,/home/cicero-arch-omen/.rustup/toolchains/nightly-x86_64-unknown-linux-gnu/lib/rustlib/src/rust/library/alloc/src/macros.rs,113,9
1021,BASIC_BLOCK,emit::body::render_op::bb414,canon-projection/src/emit/body.rs,207,29
1022,BASIC_BLOCK,emit::body::render_op::bb415,/home/cicero-arch-omen/.rustup/toolchains/nightly-x86_64-unknown-linux-gnu/lib/rustlib/src/rust/library/alloc/src/macros.rs,113,9
1023,BASIC_BLOCK,emit::body::render_op::bb416,/home/cicero-arch-omen/.rustup/toolchains/nightly-x86_64-unknown-linux-gnu/lib/rustlib/src/rust/library/alloc/src/macros.rs,113,9
1024,BASIC_BLOCK,emit::body::render_op::bb417,/home/cicero-arch-omen/.rustup/toolchains/nightly-x86_64-unknown-linux-gnu/lib/rustlib/src/rust/library/alloc/src/macros.rs,113,9
1025,BASIC_BLOCK,emit::body::render_op::bb418,canon-projection/src/emit/body.rs,299,21
1026,BASIC_BLOCK,emit::body::render_op::bb419,/home/cicero-arch-omen/.rustup/toolchains/nightly-x86_64-unknown-linux-gnu/lib/rustlib/src/rust/library/alloc/src/macros.rs,113,9
1027,BASIC_BLOCK,emit::body::render_op::bb42,canon-projection/src/emit/body.rs,69,20
1028,BASIC_BLOCK,emit::body::render_op::bb43,canon-projection/src/emit/body.rs,70,32
1029,CALL_SITE,emit::body::render_op::bb43::call27,canon-projection/src/emit/body.rs,70,32
1030,BASIC_BLOCK,emit::body::render_op::bb44,canon-projection/src/emit/body.rs,75,20
1031,CALL_SITE,emit::body::render_op::bb44::call28,canon-projection/src/emit/body.rs,75,20
1032,BASIC_BLOCK,emit::body::render_op::bb45,canon-projection/src/emit/body.rs,75,20
1033,BASIC_BLOCK,emit::body::render_op::bb46,/home/cicero-arch-omen/.rustup/toolchains/nightly-x86_64-unknown-linux-gnu/lib/rustlib/src/rust/library/core/src/panic.rs,62,38
1034,CALL_SITE,emit::body::render_op::bb46::call29,/home/cicero-arch-omen/.rustup/toolchains/nightly-x86_64-unknown-linux-gnu/lib/rustlib/src/rust/library/core/src/panic.rs,62,38
1035,BASIC_BLOCK,emit::body::render_op::bb47,/home/cicero-arch-omen/.rustup/toolchains/nightly-x86_64-unknown-linux-gnu/lib/rustlib/src/rust/library/core/src/panic.rs,62,9
1036,CALL_SITE,emit::body::render_op::bb47::call30,/home/cicero-arch-omen/.rustup/toolchains/nightly-x86_64-unknown-linux-gnu/lib/rustlib/src/rust/library/core/src/panic.rs,62,9
1037,BASIC_BLOCK,emit::body::render_op::bb48,canon-projection/src/emit/body.rs,77,27
1038,CALL_SITE,emit::body::render_op::bb48::call31,canon-projection/src/emit/body.rs,77,27
1039,BASIC_BLOCK,emit::body::render_op::bb49,canon-projection/src/emit/body.rs,77,27
1040,CALL_SITE,emit::body::render_op::bb4::call2,canon-projection/src/emit/body.rs,308,27
1041,BASIC_BLOCK,emit::body::render_op::bb5,canon-projection/src/emit/body.rs,307,33
1042,BASIC_BLOCK,emit::body::render_op::bb50,/home/cicero-arch-omen/.rustup/toolchains/nightly-x86_64-unknown-linux-gnu/lib/rustlib/src/rust/library/core/src/panic.rs,62,38
1043,CALL_SITE,emit::body::render_op::bb50::call32,/home/cicero-arch-omen/.rustup/toolchains/nightly-x86_64-unknown-linux-gnu/lib/rustlib/src/rust/library/core/src/panic.rs,62,38
1044,BASIC_BLOCK,emit::body::render_op::bb51,/home/cicero-arch-omen/.rustup/toolchains/nightly-x86_64-unknown-linux-gnu/lib/rustlib/src/rust/library/core/src/panic.rs,62,9
1045,CALL_SITE,emit::body::render_op::bb51::call33,/home/cicero-arch-omen/.rustup/toolchains/nightly-x86_64-unknown-linux-gnu/lib/rustlib/src/rust/library/core/src/panic.rs,62,9
1046,BASIC_BLOCK,emit::body::render_op::bb52,canon-projection/src/emit/body.rs,79,27
1047,CALL_SITE,emit::body::render_op::bb52::call34,canon-projection/src/emit/body.rs,79,27
1048,BASIC_BLOCK,emit::body::render_op::bb53,canon-projection/src/emit/body.rs,79,27
1049,BASIC_BLOCK,emit::body::render_op::bb54,canon-projection/src/emit/body.rs,80,30
1050,CALL_SITE,emit::body::render_op::bb54::call35,canon-projection/src/emit/body.rs,80,30
1051,BASIC_BLOCK,emit::body::render_op::bb55,canon-projection/src/emit/body.rs,80,35
1052,CALL_SITE,emit::body::render_op::bb55::call36,canon-projection/src/emit/body.rs,80,35
1053,BASIC_BLOCK,emit::body::render_op::bb56,/home/cicero-arch-omen/.rustup/toolchains/nightly-x86_64-unknown-linux-gnu/lib/rustlib/src/rust/library/alloc/src/macros.rs,114,33
1054,CALL_SITE,emit::body::render_op::bb56::call37,/home/cicero-arch-omen/.rustup/toolchains/nightly-x86_64-unknown-linux-gnu/lib/rustlib/src/rust/library/alloc/src/macros.rs,114,33
1055,BASIC_BLOCK,emit::body::render_op::bb57,/home/cicero-arch-omen/.rustup/toolchains/nightly-x86_64-unknown-linux-gnu/lib/rustlib/src/rust/library/alloc/src/macros.rs,114,13
1056,CALL_SITE,emit::body::render_op::bb57::call38,/home/cicero-arch-omen/.rustup/toolchains/nightly-x86_64-unknown-linux-gnu/lib/rustlib/src/rust/library/alloc/src/macros.rs,114,13
1057,BASIC_BLOCK,emit::body::render_op::bb58,/home/cicero-arch-omen/.rustup/toolchains/nightly-x86_64-unknown-linux-gnu/lib/rustlib/src/rust/library/alloc/src/macros.rs,113,9
1058,CALL_SITE,emit::body::render_op::bb58::call39,/home/cicero-arch-omen/.rustup/toolchains/nightly-x86_64-unknown-linux-gnu/lib/rustlib/src/rust/library/alloc/src/macros.rs,113,9
1059,BASIC_BLOCK,emit::body::render_op::bb59,canon-projection/src/emit/body.rs,82,37
1060,CALL_SITE,emit::body::render_op::bb59::call40,canon-projection/src/emit/body.rs,82,37
1061,CALL_SITE,emit::body::render_op::bb5::call3,canon-projection/src/emit/body.rs,307,33
1062,BASIC_BLOCK,emit::body::render_op::bb6,canon-projection/src/emit/body.rs,291,34
1063,BASIC_BLOCK,emit::body::render_op::bb60,canon-projection/src/emit/body.rs,82,21
1064,CALL_SITE,emit::body::render_op::bb60::call41,canon-projection/src/emit/body.rs,82,21
1065,BASIC_BLOCK,emit::body::render_op::bb61,canon-projection/src/emit/body.rs,83,24
1066,CALL_SITE,emit::body::render_op::bb61::call42,canon-projection/src/emit/body.rs,83,24
1067,BASIC_BLOCK,emit::body::render_op::bb62,canon-projection/src/emit/body.rs,83,24
1068,BASIC_BLOCK,emit::body::render_op::bb63,canon-projection/src/emit/body.rs,84,42
1069,CALL_SITE,emit::body::render_op::bb63::call43,canon-projection/src/emit/body.rs,84,42
1070,BASIC_BLOCK,emit::body::render_op::bb64,canon-projection/src/emit/body.rs,84,46
1071,CALL_SITE,emit::body::render_op::bb64::call44,canon-projection/src/emit/body.rs,84,46
1072,BASIC_BLOCK,emit::body::render_op::bb65,canon-projection/src/emit/body.rs,84,51
1073,CALL_SITE,emit::body::render_op::bb65::call45,canon-projection/src/emit/body.rs,84,51
1074,BASIC_BLOCK,emit::body::render_op::bb66,/home/cicero-arch-omen/.rustup/toolchains/nightly-x86_64-unknown-linux-gnu/lib/rustlib/src/rust/library/alloc/src/macros.rs,114,33
1075,CALL_SITE,emit::body::render_op::bb66::call46,/home/cicero-arch-omen/.rustup/toolchains/nightly-x86_64-unknown-linux-gnu/lib/rustlib/src/rust/library/alloc/src/macros.rs,114,33
1076,BASIC_BLOCK,emit::body::render_op::bb67,/home/cicero-arch-omen/.rustup/toolchains/nightly-x86_64-unknown-linux-gnu/lib/rustlib/src/rust/library/alloc/src/macros.rs,114,13
1077,CALL_SITE,emit::body::render_op::bb67::call47,/home/cicero-arch-omen/.rustup/toolchains/nightly-x86_64-unknown-linux-gnu/lib/rustlib/src/rust/library/alloc/src/macros.rs,114,13
1078,BASIC_BLOCK,emit::body::render_op::bb68,/home/cicero-arch-omen/.rustup/toolchains/nightly-x86_64-unknown-linux-gnu/lib/rustlib/src/rust/library/alloc/src/macros.rs,113,9
1079,CALL_SITE,emit::body::render_op::bb68::call48,/home/cicero-arch-omen/.rustup/toolchains/nightly-x86_64-unknown-linux-gnu/lib/rustlib/src/rust/library/alloc/src/macros.rs,113,9
1080,BASIC_BLOCK,emit::body::render_op::bb69,canon-projection/src/emit/body.rs,86,42
1081,CALL_SITE,emit::body::render_op::bb69::call49,canon-projection/src/emit/body.rs,86,42
1082,BASIC_BLOCK,emit::body::render_op::bb7,canon-projection/src/emit/body.rs,260,24
1083,BASIC_BLOCK,emit::body::render_op::bb70,canon-projection/src/emit/body.rs,86,47
1084,CALL_SITE,emit::body::render_op::bb70::call50,canon-projection/src/emit/body.rs,86,47
1085,BASIC_BLOCK,emit::body::render_op::bb71,/home/cicero-arch-omen/.rustup/toolchains/nightly-x86_64-unknown-linux-gnu/lib/rustlib/src/rust/library/alloc/src/macros.rs,114,33
1086,CALL_SITE,emit::body::render_op::bb71::call51,/home/cicero-arch-omen/.rustup/toolchains/nightly-x86_64-unknown-linux-gnu/lib/rustlib/src/rust/library/alloc/src/macros.rs,114,33
1087,BASIC_BLOCK,emit::body::render_op::bb72,/home/cicero-arch-omen/.rustup/toolchains/nightly-x86_64-unknown-linux-gnu/lib/rustlib/src/rust/library/alloc/src/macros.rs,114,13
1088,CALL_SITE,emit::body::render_op::bb72::call52,/home/cicero-arch-omen/.rustup/toolchains/nightly-x86_64-unknown-linux-gnu/lib/rustlib/src/rust/library/alloc/src/macros.rs,114,13
1089,BASIC_BLOCK,emit::body::render_op::bb73,/home/cicero-arch-omen/.rustup/toolchains/nightly-x86_64-unknown-linux-gnu/lib/rustlib/src/rust/library/alloc/src/macros.rs,113,9
1090,CALL_SITE,emit::body::render_op::bb73::call53,/home/cicero-arch-omen/.rustup/toolchains/nightly-x86_64-unknown-linux-gnu/lib/rustlib/src/rust/library/alloc/src/macros.rs,113,9
1091,BASIC_BLOCK,emit::body::render_op::bb74,canon-projection/src/emit/body.rs,89,13
1092,BASIC_BLOCK,emit::body::render_op::bb75,canon-projection/src/emit/body.rs,90,20
1093,CALL_SITE,emit::body::render_op::bb75::call54,canon-projection/src/emit/body.rs,90,20
1094,BASIC_BLOCK,emit::body::render_op::bb76,canon-projection/src/emit/body.rs,90,20
1095,BASIC_BLOCK,emit::body::render_op::bb77,canon-projection/src/emit/body.rs,91,21
1096,CALL_SITE,emit::body::render_op::bb77::call55,canon-projection/src/emit/body.rs,91,21
1097,BASIC_BLOCK,emit::body::render_op::bb78,canon-projection/src/emit/body.rs,93,37
1098,CALL_SITE,emit::body::render_op::bb78::call56,canon-projection/src/emit/body.rs,93,37
1099,BASIC_BLOCK,emit::body::render_op::bb79,canon-projection/src/emit/body.rs,93,21
1100,CALL_SITE,emit::body::render_op::bb79::call57,canon-projection/src/emit/body.rs,93,21
1101,CALL_SITE,emit::body::render_op::bb7::call4,canon-projection/src/emit/body.rs,260,24
1102,BASIC_BLOCK,emit::body::render_op::bb8,/home/cicero-arch-omen/.rustup/toolchains/nightly-x86_64-unknown-linux-gnu/lib/rustlib/src/rust/library/core/src/panic.rs,62,38
1103,BASIC_BLOCK,emit::body::render_op::bb80,canon-projection/src/emit/body.rs,97,24
1104,CALL_SITE,emit::body::render_op::bb80::call58,canon-projection/src/emit/body.rs,97,24
1105,BASIC_BLOCK,emit::body::render_op::bb81,canon-projection/src/emit/body.rs,97,24
1106,BASIC_BLOCK,emit::body::render_op::bb82,canon-projection/src/emit/body.rs,98,42
1107,CALL_SITE,emit::body::render_op::bb82::call59,canon-projection/src/emit/body.rs,98,42
1108,BASIC_BLOCK,emit::body::render_op::bb83,canon-projection/src/emit/body.rs,98,46
1109,CALL_SITE,emit::body::render_op::bb83::call60,canon-projection/src/emit/body.rs,98,46
1110,BASIC_BLOCK,emit::body::render_op::bb84,/home/cicero-arch-omen/.rustup/toolchains/nightly-x86_64-unknown-linux-gnu/lib/rustlib/src/rust/library/alloc/src/macros.rs,114,33
1111,CALL_SITE,emit::body::render_op::bb84::call61,/home/cicero-arch-omen/.rustup/toolchains/nightly-x86_64-unknown-linux-gnu/lib/rustlib/src/rust/library/alloc/src/macros.rs,114,33
1112,BASIC_BLOCK,emit::body::render_op::bb85,/home/cicero-arch-omen/.rustup/toolchains/nightly-x86_64-unknown-linux-gnu/lib/rustlib/src/rust/library/alloc/src/macros.rs,114,13
1113,CALL_SITE,emit::body::render_op::bb85::call62,/home/cicero-arch-omen/.rustup/toolchains/nightly-x86_64-unknown-linux-gnu/lib/rustlib/src/rust/library/alloc/src/macros.rs,114,13
1114,BASIC_BLOCK,emit::body::render_op::bb86,/home/cicero-arch-omen/.rustup/toolchains/nightly-x86_64-unknown-linux-gnu/lib/rustlib/src/rust/library/alloc/src/macros.rs,113,9
1115,CALL_SITE,emit::body::render_op::bb86::call63,/home/cicero-arch-omen/.rustup/toolchains/nightly-x86_64-unknown-linux-gnu/lib/rustlib/src/rust/library/alloc/src/macros.rs,113,9
1116,BASIC_BLOCK,emit::body::render_op::bb87,canon-projection/src/emit/body.rs,100,42
1117,CALL_SITE,emit::body::render_op::bb87::call64,canon-projection/src/emit/body.rs,100,42
1118,BASIC_BLOCK,emit::body::render_op::bb88,/home/cicero-arch-omen/.rustup/toolchains/nightly-x86_64-unknown-linux-gnu/lib/rustlib/src/rust/library/alloc/src/macros.rs,114,33
1119,CALL_SITE,emit::body::render_op::bb88::call65,/home/cicero-arch-omen/.rustup/toolchains/nightly-x86_64-unknown-linux-gnu/lib/rustlib/src/rust/library/alloc/src/macros.rs,114,33
1120,BASIC_BLOCK,emit::body::render_op::bb89,/home/cicero-arch-omen/.rustup/toolchains/nightly-x86_64-unknown-linux-gnu/lib/rustlib/src/rust/library/alloc/src/macros.rs,114,13
1121,CALL_SITE,emit::body::render_op::bb89::call66,/home/cicero-arch-omen/.rustup/toolchains/nightly-x86_64-unknown-linux-gnu/lib/rustlib/src/rust/library/alloc/src/macros.rs,114,13
1122,CALL_SITE,emit::body::render_op::bb8::call5,/home/cicero-arch-omen/.rustup/toolchains/nightly-x86_64-unknown-linux-gnu/lib/rustlib/src/rust/library/core/src/panic.rs,62,38
1123,BASIC_BLOCK,emit::body::render_op::bb9,canon-projection/src/emit/body.rs,243,42
1124,BASIC_BLOCK,emit::body::render_op::bb90,/home/cicero-arch-omen/.rustup/toolchains/nightly-x86_64-unknown-linux-gnu/lib/rustlib/src/rust/library/alloc/src/macros.rs,113,9
1125,CALL_SITE,emit::body::render_op::bb90::call67,/home/cicero-arch-omen/.rustup/toolchains/nightly-x86_64-unknown-linux-gnu/lib/rustlib/src/rust/library/alloc/src/macros.rs,113,9
1126,BASIC_BLOCK,emit::body::render_op::bb91,canon-projection/src/emit/body.rs,104,9
1127,BASIC_BLOCK,emit::body::render_op::bb92,canon-projection/src/emit/body.rs,104,9
1128,BASIC_BLOCK,emit::body::render_op::bb93,canon-projection/src/emit/body.rs,107,28
1129,CALL_SITE,emit::body::render_op::bb93::call68,canon-projection/src/emit/body.rs,107,28
1130,BASIC_BLOCK,emit::body::render_op::bb94,canon-projection/src/emit/body.rs,108,16
1131,CALL_SITE,emit::body::render_op::bb94::call69,canon-projection/src/emit/body.rs,108,16
1132,BASIC_BLOCK,emit::body::render_op::bb95,canon-projection/src/emit/body.rs,108,16
1133,BASIC_BLOCK,emit::body::render_op::bb96,canon-projection/src/emit/body.rs,108,54
1134,CALL_SITE,emit::body::render_op::bb96::call70,canon-projection/src/emit/body.rs,108,54
1135,BASIC_BLOCK,emit::body::render_op::bb97,canon-projection/src/emit/body.rs,108,54
1136,BASIC_BLOCK,emit::body::render_op::bb98,canon-projection/src/emit/body.rs,108,88
1137,CALL_SITE,emit::body::render_op::bb98::call71,canon-projection/src/emit/body.rs,108,88
1138,BASIC_BLOCK,emit::body::render_op::bb99,canon-projection/src/emit/body.rs,108,88
1139,CALL_SITE,emit::body::render_op::bb9::call6,canon-projection/src/emit/body.rs,243,42
1140,FUNCTION,emit::body::render_op::fn,canon-projection/src/emit/body.rs,33,1
1141,PARAM,emit::body::render_op::param0,canon-projection/src/emit/body.rs,33,14
1142,PARAM,emit::body::render_op::param1,canon-projection/src/emit/body.rs,33,28
1143,PARAM,emit::body::render_op::param2,canon-projection/src/emit/body.rs,33,40
1144,PARAM,emit::body::render_op::param3,canon-projection/src/emit/body.rs,33,72
1145,BASIC_BLOCK,emit::body::render_suppressed_binding::bb0,canon-projection/src/emit/body.rs,432,5
1146,CALL_SITE,emit::body::render_suppressed_binding::bb0::call0,canon-projection/src/emit/body.rs,432,5
1147,BASIC_BLOCK,emit::body::render_suppressed_binding::bb1,canon-projection/src/emit/body.rs,433,2
1148,FUNCTION,emit::body::render_suppressed_binding::fn,canon-projection/src/emit/body.rs,429,1
1149,PARAM,emit::body::render_suppressed_binding::param0,canon-projection/src/emit/body.rs,429,30
1150,PARAM,emit::body::render_suppressed_binding::param1,canon-projection/src/emit/body.rs,429,43
1151,BASIC_BLOCK,emit::body::should_emit_type_annotation::bb0,canon-projection/src/emit/body.rs,437,24
1152,CALL_SITE,emit::body::should_emit_type_annotation::bb0::call0,canon-projection/src/emit/body.rs,437,24
1153,BASIC_BLOCK,emit::body::should_emit_type_annotation::bb1,canon-projection/src/emit/body.rs,437,17
1154,BASIC_BLOCK,emit::body::should_emit_type_annotation::bb2,canon-projection/src/emit/body.rs,439,14
1155,BASIC_BLOCK,emit::body::should_emit_type_annotation::bb3,canon-projection/src/emit/body.rs,437,17
1156,BASIC_BLOCK,emit::body::should_emit_type_annotation::bb4,canon-projection/src/emit/body.rs,437,17
1157,BASIC_BLOCK,emit::body::should_emit_type_annotation::bb5,canon-projection/src/emit/body.rs,438,80
1158,BASIC_BLOCK,emit::body::should_emit_type_annotation::bb6,canon-projection/src/emit/body.rs,441,5
1159,CALL_SITE,emit::body::should_emit_type_annotation::bb6::call1,canon-projection/src/emit/body.rs,441,5
1160,BASIC_BLOCK,emit::body::should_emit_type_annotation::bb7,canon-projection/src/emit/body.rs,442,2
1161,FUNCTION,emit::body::should_emit_type_annotation::fn,canon-projection/src/emit/body.rs,436,1
1162,PARAM,emit::body::should_emit_type_annotation::param0,canon-projection/src/emit/body.rs,436,32
1163,PARAM,emit::body::should_emit_type_annotation::param1,canon-projection/src/emit/body.rs,436,46
1164,PARAM,emit::body::should_emit_type_annotation::param2,canon-projection/src/emit/body.rs,436,65
1165,BASIC_BLOCK,emit::body::should_emit_type_annotation_for_node::bb0,canon-projection/src/emit/body.rs,445,24
1166,CALL_SITE,emit::body::should_emit_type_annotation_for_node::bb0::call0,canon-projection/src/emit/body.rs,445,24
1167,BASIC_BLOCK,emit::body::should_emit_type_annotation_for_node::bb1,canon-projection/src/emit/body.rs,445,17
1168,BASIC_BLOCK,emit::body::should_emit_type_annotation_for_node::bb2,canon-projection/src/emit/body.rs,450,2
1169,BASIC_BLOCK,emit::body::should_emit_type_annotation_for_node::bb3,canon-projection/src/emit/body.rs,445,17
1170,BASIC_BLOCK,emit::body::should_emit_type_annotation_for_node::bb4,canon-projection/src/emit/body.rs,445,17
1171,BASIC_BLOCK,emit::body::should_emit_type_annotation_for_node::bb5,canon-projection/src/emit/body.rs,449,5
1172,CALL_SITE,emit::body::should_emit_type_annotation_for_node::bb5::call1,canon-projection/src/emit/body.rs,449,5
1173,BASIC_BLOCK,emit::body::should_emit_type_annotation_for_node::bb6,canon-projection/src/emit/body.rs,450,2
1174,FUNCTION,emit::body::should_emit_type_annotation_for_node::fn,canon-projection/src/emit/body.rs,444,1
1175,PARAM,emit::body::should_emit_type_annotation_for_node::param0,canon-projection/src/emit/body.rs,444,41
1176,PARAM,emit::body::should_emit_type_annotation_for_node::param1,canon-projection/src/emit/body.rs,444,55
1177,BASIC_BLOCK,emit::body::should_emit_type_annotation_for_type::bb0,canon-projection/src/emit/body.rs,453,12
1178,CALL_SITE,emit::body::should_emit_type_annotation_for_type::bb0::call0,canon-projection/src/emit/body.rs,453,12
1179,BASIC_BLOCK,emit::body::should_emit_type_annotation_for_type::bb1,canon-projection/src/emit/body.rs,453,5
1180,BASIC_BLOCK,emit::body::should_emit_type_annotation_for_type::bb2,canon-projection/src/emit/body.rs,455,14
1181,BASIC_BLOCK,emit::body::should_emit_type_annotation_for_type::bb3,/home/cicero-arch-omen/.rustup/toolchains/nightly-x86_64-unknown-linux-gnu/lib/rustlib/src/rust/library/core/src/macros/mod.rs,433,9
1182,BASIC_BLOCK,emit::body::should_emit_type_annotation_for_type::bb4,/home/cicero-arch-omen/.rustup/toolchains/nightly-x86_64-unknown-linux-gnu/lib/rustlib/src/rust/library/core/src/macros/mod.rs,435,18
1183,BASIC_BLOCK,emit::body::should_emit_type_annotation_for_type::bb5,/home/cicero-arch-omen/.rustup/toolchains/nightly-x86_64-unknown-linux-gnu/lib/rustlib/src/rust/library/core/src/macros/mod.rs,434,39
1184,BASIC_BLOCK,emit::body::should_emit_type_annotation_for_type::bb6,canon-projection/src/emit/body.rs,454,75
1185,BASIC_BLOCK,emit::body::should_emit_type_annotation_for_type::bb7,canon-projection/src/emit/body.rs,457,2
1186,FUNCTION,emit::body::should_emit_type_annotation_for_type::fn,canon-projection/src/emit/body.rs,452,1
1187,PARAM,emit::body::should_emit_type_annotation_for_type::param0,canon-projection/src/emit/body.rs,452,41
1188,PARAM,emit::body::should_emit_type_annotation_for_type::param1,canon-projection/src/emit/body.rs,452,55
1189,MODULE,emit::cargo,canon-projection/src/emit/mod.rs,2,1
1190,BASIC_BLOCK,emit::cargo::emit_cargo_toml::bb0,canon-projection/src/emit/cargo.rs,2,48
1191,CALL_SITE,emit::cargo::emit_cargo_toml::bb0::call0,canon-projection/src/emit/cargo.rs,2,48
1192,BASIC_BLOCK,emit::cargo::emit_cargo_toml::bb1,canon-projection/src/emit/cargo.rs,2,87
1193,BASIC_BLOCK,emit::cargo::emit_cargo_toml::bb10,canon-projection/src/emit/cargo.rs,4,22
1194,CALL_SITE,emit::cargo::emit_cargo_toml::bb10::call9,canon-projection/src/emit/cargo.rs,4,22
1195,BASIC_BLOCK,emit::cargo::emit_cargo_toml::bb11,canon-projection/src/emit/cargo.rs,4,9
1196,CALL_SITE,emit::cargo::emit_cargo_toml::bb11::call10,canon-projection/src/emit/cargo.rs,4,9
1197,BASIC_BLOCK,emit::cargo::emit_cargo_toml::bb12,canon-projection/src/emit/cargo.rs,4,91
1198,BASIC_BLOCK,emit::cargo::emit_cargo_toml::bb13,canon-projection/src/emit/cargo.rs,6,5
1199,CALL_SITE,emit::cargo::emit_cargo_toml::bb13::call11,canon-projection/src/emit/cargo.rs,6,5
1200,BASIC_BLOCK,emit::cargo::emit_cargo_toml::bb14,canon-projection/src/emit/cargo.rs,7,16
1201,CALL_SITE,emit::cargo::emit_cargo_toml::bb14::call12,canon-projection/src/emit/cargo.rs,7,16
1202,BASIC_BLOCK,emit::cargo::emit_cargo_toml::bb15,canon-projection/src/emit/cargo.rs,7,5
1203,BASIC_BLOCK,emit::cargo::emit_cargo_toml::bb16,canon-projection/src/emit/cargo.rs,7,16
1204,CALL_SITE,emit::cargo::emit_cargo_toml::bb16::call13,canon-projection/src/emit/cargo.rs,7,16
1205,BASIC_BLOCK,emit::cargo::emit_cargo_toml::bb17,canon-projection/src/emit/cargo.rs,7,16
1206,BASIC_BLOCK,emit::cargo::emit_cargo_toml::bb18,canon-projection/src/emit/cargo.rs,7,16
1207,BASIC_BLOCK,emit::cargo::emit_cargo_toml::bb19,canon-projection/src/emit/cargo.rs,8,22
1208,CALL_SITE,emit::cargo::emit_cargo_toml::bb19::call14,canon-projection/src/emit/cargo.rs,8,22
1209,CALL_SITE,emit::cargo::emit_cargo_toml::bb1::call1,canon-projection/src/emit/cargo.rs,2,87
1210,BASIC_BLOCK,emit::cargo::emit_cargo_toml::bb2,/home/cicero-arch-omen/.rustup/toolchains/nightly-x86_64-unknown-linux-gnu/lib/rustlib/src/rust/library/alloc/src/macros.rs,114,33
1211,BASIC_BLOCK,emit::cargo::emit_cargo_toml::bb20,canon-projection/src/emit/cargo.rs,12,5
1212,CALL_SITE,emit::cargo::emit_cargo_toml::bb20::call15,canon-projection/src/emit/cargo.rs,12,5
1213,BASIC_BLOCK,emit::cargo::emit_cargo_toml::bb21,canon-projection/src/emit/cargo.rs,8,9
1214,CALL_SITE,emit::cargo::emit_cargo_toml::bb21::call16,canon-projection/src/emit/cargo.rs,8,9
1215,BASIC_BLOCK,emit::cargo::emit_cargo_toml::bb22,canon-projection/src/emit/cargo.rs,9,9
1216,CALL_SITE,emit::cargo::emit_cargo_toml::bb22::call17,canon-projection/src/emit/cargo.rs,9,9
1217,BASIC_BLOCK,emit::cargo::emit_cargo_toml::bb23,canon-projection/src/emit/cargo.rs,14,2
1218,BASIC_BLOCK,emit::cargo::emit_cargo_toml::bb24,canon-projection/src/emit/cargo.rs,4,91
1219,BASIC_BLOCK,emit::cargo::emit_cargo_toml::bb25,canon-projection/src/emit/cargo.rs,14,1
1220,BASIC_BLOCK,emit::cargo::emit_cargo_toml::bb26,canon-projection/src/emit/cargo.rs,1,1
1221,BASIC_BLOCK,emit::cargo::emit_cargo_toml::bb27,canon-projection/src/emit/cargo.rs,9,9
1222,CALL_SITE,emit::cargo::emit_cargo_toml::bb2::call2,/home/cicero-arch-omen/.rustup/toolchains/nightly-x86_64-unknown-linux-gnu/lib/rustlib/src/rust/library/alloc/src/macros.rs,114,33
1223,BASIC_BLOCK,emit::cargo::emit_cargo_toml::bb3,/home/cicero-arch-omen/.rustup/toolchains/nightly-x86_64-unknown-linux-gnu/lib/rustlib/src/rust/library/alloc/src/macros.rs,114,13
1224,CALL_SITE,emit::cargo::emit_cargo_toml::bb3::call3,/home/cicero-arch-omen/.rustup/toolchains/nightly-x86_64-unknown-linux-gnu/lib/rustlib/src/rust/library/alloc/src/macros.rs,114,13
1225,BASIC_BLOCK,emit::cargo::emit_cargo_toml::bb4,/home/cicero-arch-omen/.rustup/toolchains/nightly-x86_64-unknown-linux-gnu/lib/rustlib/src/rust/library/alloc/src/macros.rs,113,9
1226,CALL_SITE,emit::cargo::emit_cargo_toml::bb4::call4,/home/cicero-arch-omen/.rustup/toolchains/nightly-x86_64-unknown-linux-gnu/lib/rustlib/src/rust/library/alloc/src/macros.rs,113,9
1227,BASIC_BLOCK,emit::cargo::emit_cargo_toml::bb5,canon-projection/src/emit/cargo.rs,3,8
1228,BASIC_BLOCK,emit::cargo::emit_cargo_toml::bb6,canon-projection/src/emit/cargo.rs,4,50
1229,CALL_SITE,emit::cargo::emit_cargo_toml::bb6::call5,canon-projection/src/emit/cargo.rs,4,50
1230,BASIC_BLOCK,emit::cargo::emit_cargo_toml::bb7,/home/cicero-arch-omen/.rustup/toolchains/nightly-x86_64-unknown-linux-gnu/lib/rustlib/src/rust/library/alloc/src/macros.rs,114,33
1231,CALL_SITE,emit::cargo::emit_cargo_toml::bb7::call6,/home/cicero-arch-omen/.rustup/toolchains/nightly-x86_64-unknown-linux-gnu/lib/rustlib/src/rust/library/alloc/src/macros.rs,114,33
1232,BASIC_BLOCK,emit::cargo::emit_cargo_toml::bb8,/home/cicero-arch-omen/.rustup/toolchains/nightly-x86_64-unknown-linux-gnu/lib/rustlib/src/rust/library/alloc/src/macros.rs,114,13
1233,CALL_SITE,emit::cargo::emit_cargo_toml::bb8::call7,/home/cicero-arch-omen/.rustup/toolchains/nightly-x86_64-unknown-linux-gnu/lib/rustlib/src/rust/library/alloc/src/macros.rs,114,13
1234,BASIC_BLOCK,emit::cargo::emit_cargo_toml::bb9,/home/cicero-arch-omen/.rustup/toolchains/nightly-x86_64-unknown-linux-gnu/lib/rustlib/src/rust/library/alloc/src/macros.rs,113,9
1235,CALL_SITE,emit::cargo::emit_cargo_toml::bb9::call8,/home/cicero-arch-omen/.rustup/toolchains/nightly-x86_64-unknown-linux-gnu/lib/rustlib/src/rust/library/alloc/src/macros.rs,113,9
1236,FUNCTION,emit::cargo::emit_cargo_toml::fn,canon-projection/src/emit/cargo.rs,1,1
1237,PARAM,emit::cargo::emit_cargo_toml::param0,canon-projection/src/emit/cargo.rs,1,24
1238,PARAM,emit::cargo::emit_cargo_toml::param1,canon-projection/src/emit/cargo.rs,1,36
1239,PARAM,emit::cargo::emit_cargo_toml::param2,canon-projection/src/emit/cargo.rs,1,51
1240,PARAM,emit::cargo::emit_cargo_toml::param3,canon-projection/src/emit/cargo.rs,1,69
1241,MODULE,emit::file,canon-projection/src/emit/mod.rs,3,1
1242,BASIC_BLOCK,emit::file::emit_cargo_file::bb0,canon-projection/src/emit/file.rs,39,19
1243,CALL_SITE,emit::file::emit_cargo_file::bb0::call0,canon-projection/src/emit/file.rs,39,19
1244,BASIC_BLOCK,emit::file::emit_cargo_file::bb1,canon-projection/src/emit/file.rs,40,17
1245,BASIC_BLOCK,emit::file::emit_cargo_file::bb10,canon-projection/src/emit/file.rs,49,5
1246,BASIC_BLOCK,emit::file::emit_cargo_file::bb11,canon-projection/src/emit/file.rs,45,22
1247,CALL_SITE,emit::file::emit_cargo_file::bb11::call5,canon-projection/src/emit/file.rs,45,22
1248,BASIC_BLOCK,emit::file::emit_cargo_file::bb12,canon-projection/src/emit/file.rs,45,9
1249,CALL_SITE,emit::file::emit_cargo_file::bb12::call6,canon-projection/src/emit/file.rs,45,9
1250,BASIC_BLOCK,emit::file::emit_cargo_file::bb13,canon-projection/src/emit/file.rs,46,13
1251,CALL_SITE,emit::file::emit_cargo_file::bb13::call7,canon-projection/src/emit/file.rs,46,13
1252,BASIC_BLOCK,emit::file::emit_cargo_file::bb14,canon-projection/src/emit/file.rs,46,13
1253,CALL_SITE,emit::file::emit_cargo_file::bb14::call8,canon-projection/src/emit/file.rs,46,13
1254,BASIC_BLOCK,emit::file::emit_cargo_file::bb15,canon-projection/src/emit/file.rs,46,13
1255,BASIC_BLOCK,emit::file::emit_cargo_file::bb16,canon-projection/src/emit/file.rs,47,13
1256,CALL_SITE,emit::file::emit_cargo_file::bb16::call9,canon-projection/src/emit/file.rs,47,13
1257,BASIC_BLOCK,emit::file::emit_cargo_file::bb17,canon-projection/src/emit/file.rs,49,5
1258,BASIC_BLOCK,emit::file::emit_cargo_file::bb18,canon-projection/src/emit/file.rs,49,5
1259,BASIC_BLOCK,emit::file::emit_cargo_file::bb19,canon-projection/src/emit/file.rs,51,1
1260,CALL_SITE,emit::file::emit_cargo_file::bb1::call1,canon-projection/src/emit/file.rs,40,17
1261,BASIC_BLOCK,emit::file::emit_cargo_file::bb2,canon-projection/src/emit/file.rs,40,5
1262,BASIC_BLOCK,emit::file::emit_cargo_file::bb20,canon-projection/src/emit/file.rs,38,1
1263,BASIC_BLOCK,emit::file::emit_cargo_file::bb21,canon-projection/src/emit/file.rs,47,13
1264,BASIC_BLOCK,emit::file::emit_cargo_file::bb3,canon-projection/src/emit/file.rs,40,17
1265,CALL_SITE,emit::file::emit_cargo_file::bb3::call2,canon-projection/src/emit/file.rs,40,17
1266,BASIC_BLOCK,emit::file::emit_cargo_file::bb4,canon-projection/src/emit/file.rs,40,17
1267,BASIC_BLOCK,emit::file::emit_cargo_file::bb5,canon-projection/src/emit/file.rs,40,17
1268,BASIC_BLOCK,emit::file::emit_cargo_file::bb6,canon-projection/src/emit/file.rs,41,21
1269,CALL_SITE,emit::file::emit_cargo_file::bb6::call3,canon-projection/src/emit/file.rs,41,21
1270,BASIC_BLOCK,emit::file::emit_cargo_file::bb7,canon-projection/src/emit/file.rs,51,2
1271,BASIC_BLOCK,emit::file::emit_cargo_file::bb8,canon-projection/src/emit/file.rs,42,12
1272,CALL_SITE,emit::file::emit_cargo_file::bb8::call4,canon-projection/src/emit/file.rs,42,12
1273,BASIC_BLOCK,emit::file::emit_cargo_file::bb9,canon-projection/src/emit/file.rs,42,12
1274,FUNCTION,emit::file::emit_cargo_file::fn,canon-projection/src/emit/file.rs,38,1
1275,PARAM,emit::file::emit_cargo_file::param0,canon-projection/src/emit/file.rs,38,20
1276,PARAM,emit::file::emit_cargo_file::param1,canon-projection/src/emit/file.rs,38,34
1277,BASIC_BLOCK,emit::file::emit_file::bb0,canon-projection/src/emit/file.rs,14,19
1278,CALL_SITE,emit::file::emit_file::bb0::call0,canon-projection/src/emit/file.rs,14,19
1279,BASIC_BLOCK,emit::file::emit_file::bb1,canon-projection/src/emit/file.rs,16,17
1280,BASIC_BLOCK,emit::file::emit_file::bb10,canon-projection/src/emit/file.rs,21,22
1281,CALL_SITE,emit::file::emit_file::bb10::call5,canon-projection/src/emit/file.rs,21,22
1282,BASIC_BLOCK,emit::file::emit_file::bb11,canon-projection/src/emit/file.rs,21,9
1283,CALL_SITE,emit::file::emit_file::bb11::call6,canon-projection/src/emit/file.rs,21,9
1284,BASIC_BLOCK,emit::file::emit_file::bb12,canon-projection/src/emit/file.rs,22,13
1285,CALL_SITE,emit::file::emit_file::bb12::call7,canon-projection/src/emit/file.rs,22,13
1286,BASIC_BLOCK,emit::file::emit_file::bb13,canon-projection/src/emit/file.rs,22,13
1287,CALL_SITE,emit::file::emit_file::bb13::call8,canon-projection/src/emit/file.rs,22,13
1288,BASIC_BLOCK,emit::file::emit_file::bb14,canon-projection/src/emit/file.rs,22,13
1289,BASIC_BLOCK,emit::file::emit_file::bb15,canon-projection/src/emit/file.rs,23,13
1290,CALL_SITE,emit::file::emit_file::bb15::call9,canon-projection/src/emit/file.rs,23,13
1291,BASIC_BLOCK,emit::file::emit_file::bb16,canon-projection/src/emit/file.rs,25,9
1292,CALL_SITE,emit::file::emit_file::bb16::call10,canon-projection/src/emit/file.rs,25,9
1293,BASIC_BLOCK,emit::file::emit_file::bb17,canon-projection/src/emit/file.rs,26,5
1294,BASIC_BLOCK,emit::file::emit_file::bb18,canon-projection/src/emit/file.rs,28,11
1295,CALL_SITE,emit::file::emit_file::bb18::call11,canon-projection/src/emit/file.rs,28,11
1296,BASIC_BLOCK,emit::file::emit_file::bb19,canon-projection/src/emit/file.rs,28,11
1297,CALL_SITE,emit::file::emit_file::bb19::call12,canon-projection/src/emit/file.rs,28,11
1298,CALL_SITE,emit::file::emit_file::bb1::call1,canon-projection/src/emit/file.rs,16,17
1299,BASIC_BLOCK,emit::file::emit_file::bb2,canon-projection/src/emit/file.rs,16,5
1300,BASIC_BLOCK,emit::file::emit_file::bb20,canon-projection/src/emit/file.rs,28,11
1301,BASIC_BLOCK,emit::file::emit_file::bb21,canon-projection/src/emit/file.rs,29,9
1302,CALL_SITE,emit::file::emit_file::bb21::call13,canon-projection/src/emit/file.rs,29,9
1303,BASIC_BLOCK,emit::file::emit_file::bb22,canon-projection/src/emit/file.rs,30,13
1304,CALL_SITE,emit::file::emit_file::bb22::call14,canon-projection/src/emit/file.rs,30,13
1305,BASIC_BLOCK,emit::file::emit_file::bb23,canon-projection/src/emit/file.rs,30,13
1306,CALL_SITE,emit::file::emit_file::bb23::call15,canon-projection/src/emit/file.rs,30,13
1307,BASIC_BLOCK,emit::file::emit_file::bb24,canon-projection/src/emit/file.rs,30,13
1308,BASIC_BLOCK,emit::file::emit_file::bb25,canon-projection/src/emit/file.rs,36,2
1309,BASIC_BLOCK,emit::file::emit_file::bb26,canon-projection/src/emit/file.rs,26,5
1310,BASIC_BLOCK,emit::file::emit_file::bb27,canon-projection/src/emit/file.rs,36,1
1311,BASIC_BLOCK,emit::file::emit_file::bb28,canon-projection/src/emit/file.rs,13,1
1312,BASIC_BLOCK,emit::file::emit_file::bb29,canon-projection/src/emit/file.rs,23,13
1313,BASIC_BLOCK,emit::file::emit_file::bb3,canon-projection/src/emit/file.rs,16,17
1314,CALL_SITE,emit::file::emit_file::bb3::call2,canon-projection/src/emit/file.rs,16,17
1315,BASIC_BLOCK,emit::file::emit_file::bb4,canon-projection/src/emit/file.rs,16,17
1316,BASIC_BLOCK,emit::file::emit_file::bb5,canon-projection/src/emit/file.rs,16,17
1317,BASIC_BLOCK,emit::file::emit_file::bb6,canon-projection/src/emit/file.rs,17,21
1318,CALL_SITE,emit::file::emit_file::bb6::call3,canon-projection/src/emit/file.rs,17,21
1319,BASIC_BLOCK,emit::file::emit_file::bb7,canon-projection/src/emit/file.rs,18,12
1320,CALL_SITE,emit::file::emit_file::bb7::call4,canon-projection/src/emit/file.rs,18,12
1321,BASIC_BLOCK,emit::file::emit_file::bb8,canon-projection/src/emit/file.rs,18,12
1322,BASIC_BLOCK,emit::file::emit_file::bb9,canon-projection/src/emit/file.rs,26,5
1323,FUNCTION,emit::file::emit_file::fn,canon-projection/src/emit/file.rs,13,1
1324,PARAM,emit::file::emit_file::param0,canon-projection/src/emit/file.rs,13,14
1325,PARAM,emit::file::emit_file::param1,canon-projection/src/emit/file.rs,13,28
1326,BASIC_BLOCK,emit::file::emit_plan::bb0,canon-projection/src/emit/file.rs,10,5
1327,CALL_SITE,emit::file::emit_plan::bb0::call0,canon-projection/src/emit/file.rs,10,5
1328,BASIC_BLOCK,emit::file::emit_plan::bb1,canon-projection/src/emit/file.rs,10,5
1329,CALL_SITE,emit::file::emit_plan::bb1::call1,canon-projection/src/emit/file.rs,10,5
1330,BASIC_BLOCK,emit::file::emit_plan::bb2,canon-projection/src/emit/file.rs,10,5
1331,CALL_SITE,emit::file::emit_plan::bb2::call2,canon-projection/src/emit/file.rs,10,5
1332,BASIC_BLOCK,emit::file::emit_plan::bb3,canon-projection/src/emit/file.rs,10,5
1333,CALL_SITE,emit::file::emit_plan::bb3::call3,canon-projection/src/emit/file.rs,10,5
1334,BASIC_BLOCK,emit::file::emit_plan::bb4,canon-projection/src/emit/file.rs,11,2
1335,FUNCTION,emit::file::emit_plan::fn,canon-projection/src/emit/file.rs,9,1
1336,PARAM,emit::file::emit_plan::param0,canon-projection/src/emit/file.rs,9,18
1337,PARAM,emit::file::emit_plan::param1,canon-projection/src/emit/file.rs,9,32
1338,MODULE,emit::fmt,canon-projection/src/emit/mod.rs,4,1
1339,BASIC_BLOCK,emit::fmt::vis_token::bb0,canon-projection/src/emit/fmt.rs,4,8
1340,BASIC_BLOCK,emit::fmt::vis_token::bb1,canon-projection/src/emit/fmt.rs,4,5
1341,BASIC_BLOCK,emit::fmt::vis_token::bb2,canon-projection/src/emit/fmt.rs,6,15
1342,BASIC_BLOCK,emit::fmt::vis_token::bb3,canon-projection/src/emit/fmt.rs,6,12
1343,BASIC_BLOCK,emit::fmt::vis_token::bb4,canon-projection/src/emit/fmt.rs,8,15
1344,BASIC_BLOCK,emit::fmt::vis_token::bb5,canon-projection/src/emit/fmt.rs,8,12
1345,BASIC_BLOCK,emit::fmt::vis_token::bb6,canon-projection/src/emit/fmt.rs,8,12
1346,BASIC_BLOCK,emit::fmt::vis_token::bb7,canon-projection/src/emit/fmt.rs,13,2
1347,FUNCTION,emit::fmt::vis_token::fn,canon-projection/src/emit/fmt.rs,3,1
1348,PARAM,emit::fmt::vis_token::param0,canon-projection/src/emit/fmt.rs,3,18
1349,FUNCTION,emit::fn,canon-projection/src/lib.rs,17,1
1350,MODULE,emit::functions,canon-projection/src/emit/mod.rs,5,1
1351,BASIC_BLOCK,emit::functions::collect_param_names::bb0,canon-projection/src/emit/functions.rs,82,48
1352,CALL_SITE,emit::functions::collect_param_names::bb0::call0,canon-projection/src/emit/functions.rs,82,48
1353,BASIC_BLOCK,emit::functions::collect_param_names::bb1,canon-projection/src/emit/functions.rs,82,9
1354,BASIC_BLOCK,emit::functions::collect_param_names::bb2,canon-projection/src/emit/functions.rs,85,5
1355,CALL_SITE,emit::functions::collect_param_names::bb2::call1,canon-projection/src/emit/functions.rs,85,5
1356,BASIC_BLOCK,emit::functions::collect_param_names::bb3,canon-projection/src/emit/functions.rs,83,16
1357,CALL_SITE,emit::functions::collect_param_names::bb3::call2,canon-projection/src/emit/functions.rs,83,16
1358,BASIC_BLOCK,emit::functions::collect_param_names::bb4,canon-projection/src/emit/functions.rs,85,5
1359,CALL_SITE,emit::functions::collect_param_names::bb4::call3,canon-projection/src/emit/functions.rs,85,5
1360,BASIC_BLOCK,emit::functions::collect_param_names::bb5,canon-projection/src/emit/functions.rs,85,5
1361,CALL_SITE,emit::functions::collect_param_names::bb5::call4,canon-projection/src/emit/functions.rs,85,5
1362,BASIC_BLOCK,emit::functions::collect_param_names::bb6,canon-projection/src/emit/functions.rs,85,5
1363,CALL_SITE,emit::functions::collect_param_names::bb6::call5,canon-projection/src/emit/functions.rs,85,5
1364,BASIC_BLOCK,emit::functions::collect_param_names::bb7,canon-projection/src/emit/functions.rs,92,2
1365,FUNCTION,emit::functions::collect_param_names::fn,canon-projection/src/emit/functions.rs,81,1
1366,PARAM,emit::functions::collect_param_names::param0,canon-projection/src/emit/functions.rs,81,24
1367,PARAM,emit::functions::collect_param_names::param1,canon-projection/src/emit/functions.rs,81,38
1368,BASIC_BLOCK,emit::functions::emit_fn::bb0,canon-projection/src/emit/functions.rs,26,15
1369,CALL_SITE,emit::functions::emit_fn::bb0::call0,canon-projection/src/emit/functions.rs,26,15
1370,BASIC_BLOCK,emit::functions::emit_fn::bb1,canon-projection/src/emit/functions.rs,27,24
1371,BASIC_BLOCK,emit::functions::emit_fn::bb10,canon-projection/src/emit/functions.rs,33,96
1372,CALL_SITE,emit::functions::emit_fn::bb10::call3,canon-projection/src/emit/functions.rs,33,96
1373,BASIC_BLOCK,emit::functions::emit_fn::bb11,canon-projection/src/emit/functions.rs,33,32
1374,CALL_SITE,emit::functions::emit_fn::bb11::call4,canon-projection/src/emit/functions.rs,33,32
1375,BASIC_BLOCK,emit::functions::emit_fn::bb12,canon-projection/src/emit/functions.rs,33,34
1376,CALL_SITE,emit::functions::emit_fn::bb12::call5,canon-projection/src/emit/functions.rs,33,34
1377,BASIC_BLOCK,emit::functions::emit_fn::bb13,canon-projection/src/emit/functions.rs,33,36
1378,CALL_SITE,emit::functions::emit_fn::bb13::call6,canon-projection/src/emit/functions.rs,33,36
1379,BASIC_BLOCK,emit::functions::emit_fn::bb14,canon-projection/src/emit/functions.rs,33,38
1380,CALL_SITE,emit::functions::emit_fn::bb14::call7,canon-projection/src/emit/functions.rs,33,38
1381,BASIC_BLOCK,emit::functions::emit_fn::bb15,canon-projection/src/emit/functions.rs,33,43
1382,CALL_SITE,emit::functions::emit_fn::bb15::call8,canon-projection/src/emit/functions.rs,33,43
1383,BASIC_BLOCK,emit::functions::emit_fn::bb16,canon-projection/src/emit/functions.rs,33,45
1384,CALL_SITE,emit::functions::emit_fn::bb16::call9,canon-projection/src/emit/functions.rs,33,45
1385,BASIC_BLOCK,emit::functions::emit_fn::bb17,canon-projection/src/emit/functions.rs,33,48
1386,CALL_SITE,emit::functions::emit_fn::bb17::call10,canon-projection/src/emit/functions.rs,33,48
1387,BASIC_BLOCK,emit::functions::emit_fn::bb18,canon-projection/src/emit/functions.rs,33,55
1388,CALL_SITE,emit::functions::emit_fn::bb18::call11,canon-projection/src/emit/functions.rs,33,55
1389,BASIC_BLOCK,emit::functions::emit_fn::bb19,/home/cicero-arch-omen/.rustup/toolchains/nightly-x86_64-unknown-linux-gnu/lib/rustlib/src/rust/library/alloc/src/macros.rs,114,33
1390,CALL_SITE,emit::functions::emit_fn::bb19::call12,/home/cicero-arch-omen/.rustup/toolchains/nightly-x86_64-unknown-linux-gnu/lib/rustlib/src/rust/library/alloc/src/macros.rs,114,33
1391,BASIC_BLOCK,emit::functions::emit_fn::bb2,canon-projection/src/emit/functions.rs,27,21
1392,BASIC_BLOCK,emit::functions::emit_fn::bb20,/home/cicero-arch-omen/.rustup/toolchains/nightly-x86_64-unknown-linux-gnu/lib/rustlib/src/rust/library/alloc/src/macros.rs,114,13
1393,CALL_SITE,emit::functions::emit_fn::bb20::call13,/home/cicero-arch-omen/.rustup/toolchains/nightly-x86_64-unknown-linux-gnu/lib/rustlib/src/rust/library/alloc/src/macros.rs,114,13
1394,BASIC_BLOCK,emit::functions::emit_fn::bb21,/home/cicero-arch-omen/.rustup/toolchains/nightly-x86_64-unknown-linux-gnu/lib/rustlib/src/rust/library/alloc/src/macros.rs,113,9
1395,CALL_SITE,emit::functions::emit_fn::bb21::call14,/home/cicero-arch-omen/.rustup/toolchains/nightly-x86_64-unknown-linux-gnu/lib/rustlib/src/rust/library/alloc/src/macros.rs,113,9
1396,BASIC_BLOCK,emit::functions::emit_fn::bb22,canon-projection/src/emit/functions.rs,34,27
1397,CALL_SITE,emit::functions::emit_fn::bb22::call15,canon-projection/src/emit/functions.rs,34,27
1398,BASIC_BLOCK,emit::functions::emit_fn::bb23,canon-projection/src/emit/functions.rs,35,46
1399,CALL_SITE,emit::functions::emit_fn::bb23::call16,canon-projection/src/emit/functions.rs,35,46
1400,BASIC_BLOCK,emit::functions::emit_fn::bb24,canon-projection/src/emit/functions.rs,35,70
1401,CALL_SITE,emit::functions::emit_fn::bb24::call17,canon-projection/src/emit/functions.rs,35,70
1402,BASIC_BLOCK,emit::functions::emit_fn::bb25,/home/cicero-arch-omen/.rustup/toolchains/nightly-x86_64-unknown-linux-gnu/lib/rustlib/src/rust/library/alloc/src/macros.rs,114,33
1403,CALL_SITE,emit::functions::emit_fn::bb25::call18,/home/cicero-arch-omen/.rustup/toolchains/nightly-x86_64-unknown-linux-gnu/lib/rustlib/src/rust/library/alloc/src/macros.rs,114,33
1404,BASIC_BLOCK,emit::functions::emit_fn::bb26,/home/cicero-arch-omen/.rustup/toolchains/nightly-x86_64-unknown-linux-gnu/lib/rustlib/src/rust/library/alloc/src/macros.rs,114,13
1405,CALL_SITE,emit::functions::emit_fn::bb26::call19,/home/cicero-arch-omen/.rustup/toolchains/nightly-x86_64-unknown-linux-gnu/lib/rustlib/src/rust/library/alloc/src/macros.rs,114,13
1406,BASIC_BLOCK,emit::functions::emit_fn::bb27,/home/cicero-arch-omen/.rustup/toolchains/nightly-x86_64-unknown-linux-gnu/lib/rustlib/src/rust/library/alloc/src/macros.rs,113,9
1407,CALL_SITE,emit::functions::emit_fn::bb27::call20,/home/cicero-arch-omen/.rustup/toolchains/nightly-x86_64-unknown-linux-gnu/lib/rustlib/src/rust/library/alloc/src/macros.rs,113,9
1408,BASIC_BLOCK,emit::functions::emit_fn::bb28,canon-projection/src/emit/functions.rs,35,60
1409,CALL_SITE,emit::functions::emit_fn::bb28::call21,canon-projection/src/emit/functions.rs,35,60
1410,BASIC_BLOCK,emit::functions::emit_fn::bb29,canon-projection/src/emit/functions.rs,35,23
1411,CALL_SITE,emit::functions::emit_fn::bb29::call22,canon-projection/src/emit/functions.rs,35,23
1412,BASIC_BLOCK,emit::functions::emit_fn::bb3,canon-projection/src/emit/functions.rs,27,21
1413,BASIC_BLOCK,emit::functions::emit_fn::bb30,canon-projection/src/emit/functions.rs,35,22
1414,CALL_SITE,emit::functions::emit_fn::bb30::call23,canon-projection/src/emit/functions.rs,35,22
1415,BASIC_BLOCK,emit::functions::emit_fn::bb31,canon-projection/src/emit/functions.rs,35,9
1416,CALL_SITE,emit::functions::emit_fn::bb31::call24,canon-projection/src/emit/functions.rs,35,9
1417,BASIC_BLOCK,emit::functions::emit_fn::bb32,canon-projection/src/emit/functions.rs,35,85
1418,BASIC_BLOCK,emit::functions::emit_fn::bb33,canon-projection/src/emit/functions.rs,35,85
1419,BASIC_BLOCK,emit::functions::emit_fn::bb34,canon-projection/src/emit/functions.rs,36,12
1420,CALL_SITE,emit::functions::emit_fn::bb34::call25,canon-projection/src/emit/functions.rs,36,12
1421,BASIC_BLOCK,emit::functions::emit_fn::bb35,canon-projection/src/emit/functions.rs,36,12
1422,CALL_SITE,emit::functions::emit_fn::bb35::call26,canon-projection/src/emit/functions.rs,36,12
1423,BASIC_BLOCK,emit::functions::emit_fn::bb36,canon-projection/src/emit/functions.rs,36,12
1424,CALL_SITE,emit::functions::emit_fn::bb36::call27,canon-projection/src/emit/functions.rs,36,12
1425,BASIC_BLOCK,emit::functions::emit_fn::bb37,canon-projection/src/emit/functions.rs,36,12
1426,BASIC_BLOCK,emit::functions::emit_fn::bb38,canon-projection/src/emit/functions.rs,36,35
1427,CALL_SITE,emit::functions::emit_fn::bb38::call28,canon-projection/src/emit/functions.rs,36,35
1428,BASIC_BLOCK,emit::functions::emit_fn::bb39,canon-projection/src/emit/functions.rs,36,35
1429,BASIC_BLOCK,emit::functions::emit_fn::bb4,canon-projection/src/emit/functions.rs,28,23
1430,BASIC_BLOCK,emit::functions::emit_fn::bb40,/home/cicero-arch-omen/.rustup/toolchains/nightly-x86_64-unknown-linux-gnu/lib/rustlib/src/rust/library/core/src/panic.rs,62,38
1431,CALL_SITE,emit::functions::emit_fn::bb40::call29,/home/cicero-arch-omen/.rustup/toolchains/nightly-x86_64-unknown-linux-gnu/lib/rustlib/src/rust/library/core/src/panic.rs,62,38
1432,BASIC_BLOCK,emit::functions::emit_fn::bb41,/home/cicero-arch-omen/.rustup/toolchains/nightly-x86_64-unknown-linux-gnu/lib/rustlib/src/rust/library/core/src/panic.rs,62,9
1433,CALL_SITE,emit::functions::emit_fn::bb41::call30,/home/cicero-arch-omen/.rustup/toolchains/nightly-x86_64-unknown-linux-gnu/lib/rustlib/src/rust/library/core/src/panic.rs,62,9
1434,BASIC_BLOCK,emit::functions::emit_fn::bb42,canon-projection/src/emit/functions.rs,39,32
1435,CALL_SITE,emit::functions::emit_fn::bb42::call31,canon-projection/src/emit/functions.rs,39,32
1436,BASIC_BLOCK,emit::functions::emit_fn::bb43,/home/cicero-arch-omen/.rustup/toolchains/nightly-x86_64-unknown-linux-gnu/lib/rustlib/src/rust/library/alloc/src/macros.rs,114,33
1437,CALL_SITE,emit::functions::emit_fn::bb43::call32,/home/cicero-arch-omen/.rustup/toolchains/nightly-x86_64-unknown-linux-gnu/lib/rustlib/src/rust/library/alloc/src/macros.rs,114,33
1438,BASIC_BLOCK,emit::functions::emit_fn::bb44,/home/cicero-arch-omen/.rustup/toolchains/nightly-x86_64-unknown-linux-gnu/lib/rustlib/src/rust/library/alloc/src/macros.rs,114,13
1439,CALL_SITE,emit::functions::emit_fn::bb44::call33,/home/cicero-arch-omen/.rustup/toolchains/nightly-x86_64-unknown-linux-gnu/lib/rustlib/src/rust/library/alloc/src/macros.rs,114,13
1440,BASIC_BLOCK,emit::functions::emit_fn::bb45,/home/cicero-arch-omen/.rustup/toolchains/nightly-x86_64-unknown-linux-gnu/lib/rustlib/src/rust/library/alloc/src/macros.rs,113,9
1441,CALL_SITE,emit::functions::emit_fn::bb45::call34,/home/cicero-arch-omen/.rustup/toolchains/nightly-x86_64-unknown-linux-gnu/lib/rustlib/src/rust/library/alloc/src/macros.rs,113,9
1442,BASIC_BLOCK,emit::functions::emit_fn::bb46,canon-projection/src/emit/functions.rs,39,22
1443,CALL_SITE,emit::functions::emit_fn::bb46::call35,canon-projection/src/emit/functions.rs,39,22
1444,BASIC_BLOCK,emit::functions::emit_fn::bb47,canon-projection/src/emit/functions.rs,39,9
1445,CALL_SITE,emit::functions::emit_fn::bb47::call36,canon-projection/src/emit/functions.rs,39,9
1446,BASIC_BLOCK,emit::functions::emit_fn::bb48,canon-projection/src/emit/functions.rs,39,46
1447,BASIC_BLOCK,emit::functions::emit_fn::bb49,canon-projection/src/emit/functions.rs,41,5
1448,BASIC_BLOCK,emit::functions::emit_fn::bb5,canon-projection/src/emit/functions.rs,28,20
1449,BASIC_BLOCK,emit::functions::emit_fn::bb50,canon-projection/src/emit/functions.rs,32,5
1450,BASIC_BLOCK,emit::functions::emit_fn::bb51,canon-projection/src/emit/functions.rs,42,80
1451,CALL_SITE,emit::functions::emit_fn::bb51::call37,canon-projection/src/emit/functions.rs,42,80
1452,BASIC_BLOCK,emit::functions::emit_fn::bb52,canon-projection/src/emit/functions.rs,42,18
1453,CALL_SITE,emit::functions::emit_fn::bb52::call38,canon-projection/src/emit/functions.rs,42,18
1454,BASIC_BLOCK,emit::functions::emit_fn::bb53,canon-projection/src/emit/functions.rs,42,20
1455,CALL_SITE,emit::functions::emit_fn::bb53::call39,canon-projection/src/emit/functions.rs,42,20
1456,BASIC_BLOCK,emit::functions::emit_fn::bb54,canon-projection/src/emit/functions.rs,42,22
1457,CALL_SITE,emit::functions::emit_fn::bb54::call40,canon-projection/src/emit/functions.rs,42,22
1458,BASIC_BLOCK,emit::functions::emit_fn::bb55,canon-projection/src/emit/functions.rs,42,24
1459,CALL_SITE,emit::functions::emit_fn::bb55::call41,canon-projection/src/emit/functions.rs,42,24
1460,BASIC_BLOCK,emit::functions::emit_fn::bb56,canon-projection/src/emit/functions.rs,42,29
1461,CALL_SITE,emit::functions::emit_fn::bb56::call42,canon-projection/src/emit/functions.rs,42,29
1462,BASIC_BLOCK,emit::functions::emit_fn::bb57,canon-projection/src/emit/functions.rs,42,31
1463,CALL_SITE,emit::functions::emit_fn::bb57::call43,canon-projection/src/emit/functions.rs,42,31
1464,BASIC_BLOCK,emit::functions::emit_fn::bb58,canon-projection/src/emit/functions.rs,42,34
1465,CALL_SITE,emit::functions::emit_fn::bb58::call44,canon-projection/src/emit/functions.rs,42,34
1466,BASIC_BLOCK,emit::functions::emit_fn::bb59,canon-projection/src/emit/functions.rs,42,41
1467,CALL_SITE,emit::functions::emit_fn::bb59::call45,canon-projection/src/emit/functions.rs,42,41
1468,BASIC_BLOCK,emit::functions::emit_fn::bb6,canon-projection/src/emit/functions.rs,28,20
1469,BASIC_BLOCK,emit::functions::emit_fn::bb60,/home/cicero-arch-omen/.rustup/toolchains/nightly-x86_64-unknown-linux-gnu/lib/rustlib/src/rust/library/alloc/src/macros.rs,114,33
1470,CALL_SITE,emit::functions::emit_fn::bb60::call46,/home/cicero-arch-omen/.rustup/toolchains/nightly-x86_64-unknown-linux-gnu/lib/rustlib/src/rust/library/alloc/src/macros.rs,114,33
1471,BASIC_BLOCK,emit::functions::emit_fn::bb61,/home/cicero-arch-omen/.rustup/toolchains/nightly-x86_64-unknown-linux-gnu/lib/rustlib/src/rust/library/alloc/src/macros.rs,114,13
1472,CALL_SITE,emit::functions::emit_fn::bb61::call47,/home/cicero-arch-omen/.rustup/toolchains/nightly-x86_64-unknown-linux-gnu/lib/rustlib/src/rust/library/alloc/src/macros.rs,114,13
1473,BASIC_BLOCK,emit::functions::emit_fn::bb62,/home/cicero-arch-omen/.rustup/toolchains/nightly-x86_64-unknown-linux-gnu/lib/rustlib/src/rust/library/alloc/src/macros.rs,113,9
1474,CALL_SITE,emit::functions::emit_fn::bb62::call48,/home/cicero-arch-omen/.rustup/toolchains/nightly-x86_64-unknown-linux-gnu/lib/rustlib/src/rust/library/alloc/src/macros.rs,113,9
1475,BASIC_BLOCK,emit::functions::emit_fn::bb63,canon-projection/src/emit/functions.rs,44,1
1476,BASIC_BLOCK,emit::functions::emit_fn::bb64,canon-projection/src/emit/functions.rs,44,1
1477,BASIC_BLOCK,emit::functions::emit_fn::bb65,canon-projection/src/emit/functions.rs,44,1
1478,BASIC_BLOCK,emit::functions::emit_fn::bb66,canon-projection/src/emit/functions.rs,44,2
1479,BASIC_BLOCK,emit::functions::emit_fn::bb67,canon-projection/src/emit/functions.rs,39,46
1480,BASIC_BLOCK,emit::functions::emit_fn::bb68,canon-projection/src/emit/functions.rs,35,85
1481,BASIC_BLOCK,emit::functions::emit_fn::bb69,canon-projection/src/emit/functions.rs,35,85
1482,BASIC_BLOCK,emit::functions::emit_fn::bb7,canon-projection/src/emit/functions.rs,29,25
1483,BASIC_BLOCK,emit::functions::emit_fn::bb70,canon-projection/src/emit/functions.rs,41,5
1484,BASIC_BLOCK,emit::functions::emit_fn::bb71,canon-projection/src/emit/functions.rs,44,1
1485,BASIC_BLOCK,emit::functions::emit_fn::bb72,canon-projection/src/emit/functions.rs,44,1
1486,BASIC_BLOCK,emit::functions::emit_fn::bb73,canon-projection/src/emit/functions.rs,44,1
1487,BASIC_BLOCK,emit::functions::emit_fn::bb74,canon-projection/src/emit/functions.rs,25,1
1488,BASIC_BLOCK,emit::functions::emit_fn::bb75,canon-projection/src/emit/functions.rs,41,5
1489,BASIC_BLOCK,emit::functions::emit_fn::bb76,canon-projection/src/emit/functions.rs,41,5
1490,BASIC_BLOCK,emit::functions::emit_fn::bb77,canon-projection/src/emit/functions.rs,25,1
1491,BASIC_BLOCK,emit::functions::emit_fn::bb78,/home/cicero-arch-omen/.rustup/toolchains/nightly-x86_64-unknown-linux-gnu/lib/rustlib/src/rust/library/alloc/src/macros.rs,113,9
1492,CALL_SITE,emit::functions::emit_fn::bb7::call1,canon-projection/src/emit/functions.rs,29,25
1493,BASIC_BLOCK,emit::functions::emit_fn::bb8,canon-projection/src/emit/functions.rs,30,16
1494,CALL_SITE,emit::functions::emit_fn::bb8::call2,canon-projection/src/emit/functions.rs,30,16
1495,BASIC_BLOCK,emit::functions::emit_fn::bb9,canon-projection/src/emit/functions.rs,32,12
1496,FUNCTION,emit::functions::emit_fn::fn,canon-projection/src/emit/functions.rs,25,1
1497,PARAM,emit::functions::emit_fn::param0,canon-projection/src/emit/functions.rs,25,16
1498,PARAM,emit::functions::emit_fn::param1,canon-projection/src/emit/functions.rs,25,30
1499,PARAM,emit::functions::emit_fn::param2,canon-projection/src/emit/functions.rs,25,47
1500,PARAM,emit::functions::emit_fn::param3,canon-projection/src/emit/functions.rs,25,64
1501,PARAM,emit::functions::emit_fn::param4,canon-projection/src/emit/functions.rs,25,87
1502,PARAM,emit::functions::emit_fn::param5,canon-projection/src/emit/functions.rs,25,101
1503,BASIC_BLOCK,emit::functions::emit_trait::bb0,canon-projection/src/emit/functions.rs,9,15
1504,CALL_SITE,emit::functions::emit_trait::bb0::call0,canon-projection/src/emit/functions.rs,9,15
1505,BASIC_BLOCK,emit::functions::emit_trait::bb1,canon-projection/src/emit/functions.rs,10,24
1506,BASIC_BLOCK,emit::functions::emit_trait::bb10,/home/cicero-arch-omen/.rustup/toolchains/nightly-x86_64-unknown-linux-gnu/lib/rustlib/src/rust/library/alloc/src/macros.rs,114,13
1507,CALL_SITE,emit::functions::emit_trait::bb10::call7,/home/cicero-arch-omen/.rustup/toolchains/nightly-x86_64-unknown-linux-gnu/lib/rustlib/src/rust/library/alloc/src/macros.rs,114,13
1508,BASIC_BLOCK,emit::functions::emit_trait::bb11,/home/cicero-arch-omen/.rustup/toolchains/nightly-x86_64-unknown-linux-gnu/lib/rustlib/src/rust/library/alloc/src/macros.rs,113,9
1509,CALL_SITE,emit::functions::emit_trait::bb11::call8,/home/cicero-arch-omen/.rustup/toolchains/nightly-x86_64-unknown-linux-gnu/lib/rustlib/src/rust/library/alloc/src/macros.rs,113,9
1510,BASIC_BLOCK,emit::functions::emit_trait::bb12,canon-projection/src/emit/functions.rs,12,14
1511,CALL_SITE,emit::functions::emit_trait::bb12::call9,canon-projection/src/emit/functions.rs,12,14
1512,BASIC_BLOCK,emit::functions::emit_trait::bb13,canon-projection/src/emit/functions.rs,12,5
1513,BASIC_BLOCK,emit::functions::emit_trait::bb14,canon-projection/src/emit/functions.rs,12,14
1514,CALL_SITE,emit::functions::emit_trait::bb14::call10,canon-projection/src/emit/functions.rs,12,14
1515,BASIC_BLOCK,emit::functions::emit_trait::bb15,canon-projection/src/emit/functions.rs,12,14
1516,BASIC_BLOCK,emit::functions::emit_trait::bb16,canon-projection/src/emit/functions.rs,12,14
1517,BASIC_BLOCK,emit::functions::emit_trait::bb17,canon-projection/src/emit/functions.rs,13,68
1518,CALL_SITE,emit::functions::emit_trait::bb17::call11,canon-projection/src/emit/functions.rs,13,68
1519,BASIC_BLOCK,emit::functions::emit_trait::bb18,canon-projection/src/emit/functions.rs,21,28
1520,CALL_SITE,emit::functions::emit_trait::bb18::call12,canon-projection/src/emit/functions.rs,21,28
1521,BASIC_BLOCK,emit::functions::emit_trait::bb19,canon-projection/src/emit/functions.rs,13,16
1522,BASIC_BLOCK,emit::functions::emit_trait::bb2,canon-projection/src/emit/functions.rs,10,21
1523,BASIC_BLOCK,emit::functions::emit_trait::bb20,canon-projection/src/emit/functions.rs,14,31
1524,BASIC_BLOCK,emit::functions::emit_trait::bb21,canon-projection/src/emit/functions.rs,14,28
1525,BASIC_BLOCK,emit::functions::emit_trait::bb22,canon-projection/src/emit/functions.rs,14,28
1526,BASIC_BLOCK,emit::functions::emit_trait::bb23,canon-projection/src/emit/functions.rs,15,32
1527,BASIC_BLOCK,emit::functions::emit_trait::bb24,canon-projection/src/emit/functions.rs,15,29
1528,BASIC_BLOCK,emit::functions::emit_trait::bb25,canon-projection/src/emit/functions.rs,15,29
1529,BASIC_BLOCK,emit::functions::emit_trait::bb26,canon-projection/src/emit/functions.rs,16,33
1530,CALL_SITE,emit::functions::emit_trait::bb26::call13,canon-projection/src/emit/functions.rs,16,33
1531,BASIC_BLOCK,emit::functions::emit_trait::bb27,canon-projection/src/emit/functions.rs,17,24
1532,CALL_SITE,emit::functions::emit_trait::bb27::call14,canon-projection/src/emit/functions.rs,17,24
1533,BASIC_BLOCK,emit::functions::emit_trait::bb28,canon-projection/src/emit/functions.rs,18,95
1534,CALL_SITE,emit::functions::emit_trait::bb28::call15,canon-projection/src/emit/functions.rs,18,95
1535,BASIC_BLOCK,emit::functions::emit_trait::bb29,canon-projection/src/emit/functions.rs,18,36
1536,CALL_SITE,emit::functions::emit_trait::bb29::call16,canon-projection/src/emit/functions.rs,18,36
1537,BASIC_BLOCK,emit::functions::emit_trait::bb3,canon-projection/src/emit/functions.rs,10,21
1538,BASIC_BLOCK,emit::functions::emit_trait::bb30,canon-projection/src/emit/functions.rs,18,42
1539,CALL_SITE,emit::functions::emit_trait::bb30::call17,canon-projection/src/emit/functions.rs,18,42
1540,BASIC_BLOCK,emit::functions::emit_trait::bb31,canon-projection/src/emit/functions.rs,18,44
1541,CALL_SITE,emit::functions::emit_trait::bb31::call18,canon-projection/src/emit/functions.rs,18,44
1542,BASIC_BLOCK,emit::functions::emit_trait::bb32,canon-projection/src/emit/functions.rs,18,49
1543,CALL_SITE,emit::functions::emit_trait::bb32::call19,canon-projection/src/emit/functions.rs,18,49
1544,BASIC_BLOCK,emit::functions::emit_trait::bb33,canon-projection/src/emit/functions.rs,18,51
1545,CALL_SITE,emit::functions::emit_trait::bb33::call20,canon-projection/src/emit/functions.rs,18,51
1546,BASIC_BLOCK,emit::functions::emit_trait::bb34,canon-projection/src/emit/functions.rs,18,54
1547,CALL_SITE,emit::functions::emit_trait::bb34::call21,canon-projection/src/emit/functions.rs,18,54
1548,BASIC_BLOCK,emit::functions::emit_trait::bb35,canon-projection/src/emit/functions.rs,18,61
1549,CALL_SITE,emit::functions::emit_trait::bb35::call22,canon-projection/src/emit/functions.rs,18,61
1550,BASIC_BLOCK,emit::functions::emit_trait::bb36,/home/cicero-arch-omen/.rustup/toolchains/nightly-x86_64-unknown-linux-gnu/lib/rustlib/src/rust/library/alloc/src/macros.rs,114,33
1551,CALL_SITE,emit::functions::emit_trait::bb36::call23,/home/cicero-arch-omen/.rustup/toolchains/nightly-x86_64-unknown-linux-gnu/lib/rustlib/src/rust/library/alloc/src/macros.rs,114,33
1552,BASIC_BLOCK,emit::functions::emit_trait::bb37,/home/cicero-arch-omen/.rustup/toolchains/nightly-x86_64-unknown-linux-gnu/lib/rustlib/src/rust/library/alloc/src/macros.rs,114,13
1553,CALL_SITE,emit::functions::emit_trait::bb37::call24,/home/cicero-arch-omen/.rustup/toolchains/nightly-x86_64-unknown-linux-gnu/lib/rustlib/src/rust/library/alloc/src/macros.rs,114,13
1554,BASIC_BLOCK,emit::functions::emit_trait::bb38,/home/cicero-arch-omen/.rustup/toolchains/nightly-x86_64-unknown-linux-gnu/lib/rustlib/src/rust/library/alloc/src/macros.rs,113,9
1555,CALL_SITE,emit::functions::emit_trait::bb38::call25,/home/cicero-arch-omen/.rustup/toolchains/nightly-x86_64-unknown-linux-gnu/lib/rustlib/src/rust/library/alloc/src/macros.rs,113,9
1556,BASIC_BLOCK,emit::functions::emit_trait::bb39,canon-projection/src/emit/functions.rs,18,26
1557,CALL_SITE,emit::functions::emit_trait::bb39::call26,canon-projection/src/emit/functions.rs,18,26
1558,BASIC_BLOCK,emit::functions::emit_trait::bb4,canon-projection/src/emit/functions.rs,11,71
1559,BASIC_BLOCK,emit::functions::emit_trait::bb40,canon-projection/src/emit/functions.rs,18,13
1560,CALL_SITE,emit::functions::emit_trait::bb40::call27,canon-projection/src/emit/functions.rs,18,13
1561,BASIC_BLOCK,emit::functions::emit_trait::bb41,canon-projection/src/emit/functions.rs,18,140
1562,BASIC_BLOCK,emit::functions::emit_trait::bb42,canon-projection/src/emit/functions.rs,19,9
1563,BASIC_BLOCK,emit::functions::emit_trait::bb43,canon-projection/src/emit/functions.rs,19,9
1564,BASIC_BLOCK,emit::functions::emit_trait::bb44,canon-projection/src/emit/functions.rs,19,9
1565,BASIC_BLOCK,emit::functions::emit_trait::bb45,/home/cicero-arch-omen/.rustup/toolchains/nightly-x86_64-unknown-linux-gnu/lib/rustlib/src/rust/library/alloc/src/macros.rs,114,33
1566,CALL_SITE,emit::functions::emit_trait::bb45::call28,/home/cicero-arch-omen/.rustup/toolchains/nightly-x86_64-unknown-linux-gnu/lib/rustlib/src/rust/library/alloc/src/macros.rs,114,33
1567,BASIC_BLOCK,emit::functions::emit_trait::bb46,/home/cicero-arch-omen/.rustup/toolchains/nightly-x86_64-unknown-linux-gnu/lib/rustlib/src/rust/library/alloc/src/macros.rs,114,13
1568,CALL_SITE,emit::functions::emit_trait::bb46::call29,/home/cicero-arch-omen/.rustup/toolchains/nightly-x86_64-unknown-linux-gnu/lib/rustlib/src/rust/library/alloc/src/macros.rs,114,13
1569,BASIC_BLOCK,emit::functions::emit_trait::bb47,/home/cicero-arch-omen/.rustup/toolchains/nightly-x86_64-unknown-linux-gnu/lib/rustlib/src/rust/library/alloc/src/macros.rs,113,9
1570,CALL_SITE,emit::functions::emit_trait::bb47::call30,/home/cicero-arch-omen/.rustup/toolchains/nightly-x86_64-unknown-linux-gnu/lib/rustlib/src/rust/library/alloc/src/macros.rs,113,9
1571,BASIC_BLOCK,emit::functions::emit_trait::bb48,canon-projection/src/emit/functions.rs,21,18
1572,CALL_SITE,emit::functions::emit_trait::bb48::call31,canon-projection/src/emit/functions.rs,21,18
1573,BASIC_BLOCK,emit::functions::emit_trait::bb49,canon-projection/src/emit/functions.rs,21,5
1574,CALL_SITE,emit::functions::emit_trait::bb49::call32,canon-projection/src/emit/functions.rs,21,5
1575,CALL_SITE,emit::functions::emit_trait::bb4::call1,canon-projection/src/emit/functions.rs,11,71
1576,BASIC_BLOCK,emit::functions::emit_trait::bb5,canon-projection/src/emit/functions.rs,11,28
1577,BASIC_BLOCK,emit::functions::emit_trait::bb50,canon-projection/src/emit/functions.rs,21,42
1578,BASIC_BLOCK,emit::functions::emit_trait::bb51,canon-projection/src/emit/functions.rs,23,2
1579,BASIC_BLOCK,emit::functions::emit_trait::bb52,canon-projection/src/emit/functions.rs,21,42
1580,BASIC_BLOCK,emit::functions::emit_trait::bb53,canon-projection/src/emit/functions.rs,18,140
1581,BASIC_BLOCK,emit::functions::emit_trait::bb54,canon-projection/src/emit/functions.rs,19,9
1582,BASIC_BLOCK,emit::functions::emit_trait::bb55,canon-projection/src/emit/functions.rs,19,9
1583,BASIC_BLOCK,emit::functions::emit_trait::bb56,canon-projection/src/emit/functions.rs,19,9
1584,BASIC_BLOCK,emit::functions::emit_trait::bb57,canon-projection/src/emit/functions.rs,23,1
1585,BASIC_BLOCK,emit::functions::emit_trait::bb58,canon-projection/src/emit/functions.rs,8,1
1586,CALL_SITE,emit::functions::emit_trait::bb5::call2,canon-projection/src/emit/functions.rs,11,28
1587,BASIC_BLOCK,emit::functions::emit_trait::bb6,canon-projection/src/emit/functions.rs,11,30
1588,CALL_SITE,emit::functions::emit_trait::bb6::call3,canon-projection/src/emit/functions.rs,11,30
1589,BASIC_BLOCK,emit::functions::emit_trait::bb7,canon-projection/src/emit/functions.rs,11,32
1590,CALL_SITE,emit::functions::emit_trait::bb7::call4,canon-projection/src/emit/functions.rs,11,32
1591,BASIC_BLOCK,emit::functions::emit_trait::bb8,canon-projection/src/emit/functions.rs,11,40
1592,CALL_SITE,emit::functions::emit_trait::bb8::call5,canon-projection/src/emit/functions.rs,11,40
1593,BASIC_BLOCK,emit::functions::emit_trait::bb9,/home/cicero-arch-omen/.rustup/toolchains/nightly-x86_64-unknown-linux-gnu/lib/rustlib/src/rust/library/alloc/src/macros.rs,114,33
1594,CALL_SITE,emit::functions::emit_trait::bb9::call6,/home/cicero-arch-omen/.rustup/toolchains/nightly-x86_64-unknown-linux-gnu/lib/rustlib/src/rust/library/alloc/src/macros.rs,114,33
1595,FUNCTION,emit::functions::emit_trait::fn,canon-projection/src/emit/functions.rs,8,1
1596,PARAM,emit::functions::emit_trait::param0,canon-projection/src/emit/functions.rs,8,19
1597,PARAM,emit::functions::emit_trait::param1,canon-projection/src/emit/functions.rs,8,33
1598,PARAM,emit::functions::emit_trait::param2,canon-projection/src/emit/functions.rs,8,50
1599,PARAM,emit::functions::emit_trait::param3,canon-projection/src/emit/functions.rs,8,71
1600,PARAM,emit::functions::emit_trait::param4,canon-projection/src/emit/functions.rs,8,85
1601,BASIC_BLOCK,emit::functions::has_structural_return_op::bb0,canon-projection/src/emit/functions.rs,47,43
1602,CALL_SITE,emit::functions::has_structural_return_op::bb0::call0,canon-projection/src/emit/functions.rs,47,43
1603,BASIC_BLOCK,emit::functions::has_structural_return_op::bb1,canon-projection/src/emit/functions.rs,47,9
1604,BASIC_BLOCK,emit::functions::has_structural_return_op::bb10,canon-projection/src/emit/functions.rs,51,13
1605,BASIC_BLOCK,emit::functions::has_structural_return_op::bb11,canon-projection/src/emit/functions.rs,54,19
1606,CALL_SITE,emit::functions::has_structural_return_op::bb11::call4,canon-projection/src/emit/functions.rs,54,19
1607,BASIC_BLOCK,emit::functions::has_structural_return_op::bb12,canon-projection/src/emit/functions.rs,54,9
1608,BASIC_BLOCK,emit::functions::has_structural_return_op::bb13,canon-projection/src/emit/functions.rs,54,19
1609,CALL_SITE,emit::functions::has_structural_return_op::bb13::call5,canon-projection/src/emit/functions.rs,54,19
1610,BASIC_BLOCK,emit::functions::has_structural_return_op::bb14,canon-projection/src/emit/functions.rs,54,19
1611,BASIC_BLOCK,emit::functions::has_structural_return_op::bb15,canon-projection/src/emit/functions.rs,55,13
1612,BASIC_BLOCK,emit::functions::has_structural_return_op::bb16,canon-projection/src/emit/functions.rs,55,13
1613,BASIC_BLOCK,emit::functions::has_structural_return_op::bb17,canon-projection/src/emit/functions.rs,55,13
1614,BASIC_BLOCK,emit::functions::has_structural_return_op::bb18,canon-projection/src/emit/functions.rs,55,13
1615,BASIC_BLOCK,emit::functions::has_structural_return_op::bb19,canon-projection/src/emit/functions.rs,55,13
1616,BASIC_BLOCK,emit::functions::has_structural_return_op::bb2,canon-projection/src/emit/functions.rs,50,15
1617,BASIC_BLOCK,emit::functions::has_structural_return_op::bb20,canon-projection/src/emit/functions.rs,55,13
1618,BASIC_BLOCK,emit::functions::has_structural_return_op::bb21,canon-projection/src/emit/functions.rs,55,13
1619,BASIC_BLOCK,emit::functions::has_structural_return_op::bb22,canon-projection/src/emit/functions.rs,55,13
1620,BASIC_BLOCK,emit::functions::has_structural_return_op::bb23,canon-projection/src/emit/functions.rs,55,13
1621,BASIC_BLOCK,emit::functions::has_structural_return_op::bb24,canon-projection/src/emit/functions.rs,55,13
1622,BASIC_BLOCK,emit::functions::has_structural_return_op::bb25,canon-projection/src/emit/functions.rs,55,13
1623,BASIC_BLOCK,emit::functions::has_structural_return_op::bb26,canon-projection/src/emit/functions.rs,55,13
1624,BASIC_BLOCK,emit::functions::has_structural_return_op::bb27,canon-projection/src/emit/functions.rs,57,51
1625,BASIC_BLOCK,emit::functions::has_structural_return_op::bb28,canon-projection/src/emit/functions.rs,56,43
1626,BASIC_BLOCK,emit::functions::has_structural_return_op::bb29,canon-projection/src/emit/functions.rs,63,24
1627,CALL_SITE,emit::functions::has_structural_return_op::bb29::call6,canon-projection/src/emit/functions.rs,63,24
1628,CALL_SITE,emit::functions::has_structural_return_op::bb2::call1,canon-projection/src/emit/functions.rs,50,15
1629,BASIC_BLOCK,emit::functions::has_structural_return_op::bb3,canon-projection/src/emit/functions.rs,48,9
1630,BASIC_BLOCK,emit::functions::has_structural_return_op::bb30,canon-projection/src/emit/functions.rs,63,24
1631,BASIC_BLOCK,emit::functions::has_structural_return_op::bb31,canon-projection/src/lib.rs,1,1
1632,BASIC_BLOCK,emit::functions::has_structural_return_op::bb32,canon-projection/src/emit/functions.rs,72,2
1633,BASIC_BLOCK,emit::functions::has_structural_return_op::bb4,canon-projection/src/emit/functions.rs,50,5
1634,BASIC_BLOCK,emit::functions::has_structural_return_op::bb5,canon-projection/src/emit/functions.rs,50,15
1635,CALL_SITE,emit::functions::has_structural_return_op::bb5::call2,canon-projection/src/emit/functions.rs,50,15
1636,BASIC_BLOCK,emit::functions::has_structural_return_op::bb6,canon-projection/src/emit/functions.rs,50,15
1637,BASIC_BLOCK,emit::functions::has_structural_return_op::bb7,canon-projection/src/lib.rs,1,1
1638,BASIC_BLOCK,emit::functions::has_structural_return_op::bb8,canon-projection/src/emit/functions.rs,51,54
1639,CALL_SITE,emit::functions::has_structural_return_op::bb8::call3,canon-projection/src/emit/functions.rs,51,54
1640,BASIC_BLOCK,emit::functions::has_structural_return_op::bb9,canon-projection/src/emit/functions.rs,72,2
1641,FUNCTION,emit::functions::has_structural_return_op::fn,canon-projection/src/emit/functions.rs,46,1
1642,PARAM,emit::functions::has_structural_return_op::param0,canon-projection/src/emit/functions.rs,46,29
1643,PARAM,emit::functions::has_structural_return_op::param1,canon-projection/src/emit/functions.rs,46,43
1644,BASIC_BLOCK,emit::functions::local_is_ret::bb0,canon-projection/src/emit/functions.rs,75,12
1645,CALL_SITE,emit::functions::local_is_ret::bb0::call0,canon-projection/src/emit/functions.rs,75,12
1646,BASIC_BLOCK,emit::functions::local_is_ret::bb1,canon-projection/src/emit/functions.rs,75,5
1647,BASIC_BLOCK,emit::functions::local_is_ret::bb2,canon-projection/src/emit/functions.rs,77,14
1648,BASIC_BLOCK,emit::functions::local_is_ret::bb3,canon-projection/src/emit/functions.rs,76,49
1649,CALL_SITE,emit::functions::local_is_ret::bb3::call1,canon-projection/src/emit/functions.rs,76,49
1650,BASIC_BLOCK,emit::functions::local_is_ret::bb4,canon-projection/src/emit/functions.rs,76,49
1651,CALL_SITE,emit::functions::local_is_ret::bb4::call2,canon-projection/src/emit/functions.rs,76,49
1652,BASIC_BLOCK,emit::functions::local_is_ret::bb5,canon-projection/src/emit/functions.rs,79,2
1653,FUNCTION,emit::functions::local_is_ret::fn,canon-projection/src/emit/functions.rs,74,1
1654,PARAM,emit::functions::local_is_ret::param0,canon-projection/src/emit/functions.rs,74,17
1655,PARAM,emit::functions::local_is_ret::param1,canon-projection/src/emit/functions.rs,74,31
1656,BASIC_BLOCK,emit::functions::sig_generics::bb0,canon-projection/src/emit/functions.rs,128,50
1657,CALL_SITE,emit::functions::sig_generics::bb0::call0,canon-projection/src/emit/functions.rs,128,50
1658,BASIC_BLOCK,emit::functions::sig_generics::bb1,canon-projection/src/emit/functions.rs,128,9
1659,BASIC_BLOCK,emit::functions::sig_generics::bb10,canon-projection/src/emit/functions.rs,162,8
1660,CALL_SITE,emit::functions::sig_generics::bb10::call8,canon-projection/src/emit/functions.rs,162,8
1661,BASIC_BLOCK,emit::functions::sig_generics::bb11,canon-projection/src/emit/functions.rs,162,8
1662,BASIC_BLOCK,emit::functions::sig_generics::bb12,canon-projection/src/emit/functions.rs,163,9
1663,CALL_SITE,emit::functions::sig_generics::bb12::call9,canon-projection/src/emit/functions.rs,163,9
1664,BASIC_BLOCK,emit::functions::sig_generics::bb13,canon-projection/src/emit/functions.rs,165,25
1665,CALL_SITE,emit::functions::sig_generics::bb13::call10,canon-projection/src/emit/functions.rs,165,25
1666,BASIC_BLOCK,emit::functions::sig_generics::bb14,canon-projection/src/emit/functions.rs,165,25
1667,CALL_SITE,emit::functions::sig_generics::bb14::call11,canon-projection/src/emit/functions.rs,165,25
1668,BASIC_BLOCK,emit::functions::sig_generics::bb15,canon-projection/src/emit/functions.rs,165,19
1669,CALL_SITE,emit::functions::sig_generics::bb15::call12,canon-projection/src/emit/functions.rs,165,19
1670,BASIC_BLOCK,emit::functions::sig_generics::bb16,/home/cicero-arch-omen/.rustup/toolchains/nightly-x86_64-unknown-linux-gnu/lib/rustlib/src/rust/library/alloc/src/macros.rs,114,33
1671,CALL_SITE,emit::functions::sig_generics::bb16::call13,/home/cicero-arch-omen/.rustup/toolchains/nightly-x86_64-unknown-linux-gnu/lib/rustlib/src/rust/library/alloc/src/macros.rs,114,33
1672,BASIC_BLOCK,emit::functions::sig_generics::bb17,/home/cicero-arch-omen/.rustup/toolchains/nightly-x86_64-unknown-linux-gnu/lib/rustlib/src/rust/library/alloc/src/macros.rs,114,13
1673,CALL_SITE,emit::functions::sig_generics::bb17::call14,/home/cicero-arch-omen/.rustup/toolchains/nightly-x86_64-unknown-linux-gnu/lib/rustlib/src/rust/library/alloc/src/macros.rs,114,13
1674,BASIC_BLOCK,emit::functions::sig_generics::bb18,/home/cicero-arch-omen/.rustup/toolchains/nightly-x86_64-unknown-linux-gnu/lib/rustlib/src/rust/library/alloc/src/macros.rs,114,73
1675,BASIC_BLOCK,emit::functions::sig_generics::bb19,/home/cicero-arch-omen/.rustup/toolchains/nightly-x86_64-unknown-linux-gnu/lib/rustlib/src/rust/library/alloc/src/macros.rs,113,9
1676,CALL_SITE,emit::functions::sig_generics::bb19::call15,/home/cicero-arch-omen/.rustup/toolchains/nightly-x86_64-unknown-linux-gnu/lib/rustlib/src/rust/library/alloc/src/macros.rs,113,9
1677,BASIC_BLOCK,emit::functions::sig_generics::bb2,canon-projection/src/emit/functions.rs,131,8
1678,BASIC_BLOCK,emit::functions::sig_generics::bb20,canon-projection/src/emit/functions.rs,167,1
1679,BASIC_BLOCK,emit::functions::sig_generics::bb21,canon-projection/src/emit/functions.rs,167,2
1680,BASIC_BLOCK,emit::functions::sig_generics::bb22,/home/cicero-arch-omen/.rustup/toolchains/nightly-x86_64-unknown-linux-gnu/lib/rustlib/src/rust/library/alloc/src/macros.rs,114,73
1681,BASIC_BLOCK,emit::functions::sig_generics::bb23,canon-projection/src/emit/functions.rs,167,1
1682,BASIC_BLOCK,emit::functions::sig_generics::bb24,canon-projection/src/emit/functions.rs,127,1
1683,BASIC_BLOCK,emit::functions::sig_generics::bb25,canon-projection/src/emit/functions.rs,163,9
1684,BASIC_BLOCK,emit::functions::sig_generics::bb26,/home/cicero-arch-omen/.rustup/toolchains/nightly-x86_64-unknown-linux-gnu/lib/rustlib/src/rust/library/alloc/src/macros.rs,113,9
1685,CALL_SITE,emit::functions::sig_generics::bb2::call1,canon-projection/src/emit/functions.rs,131,8
1686,BASIC_BLOCK,emit::functions::sig_generics::bb3,canon-projection/src/emit/functions.rs,129,16
1687,CALL_SITE,emit::functions::sig_generics::bb3::call2,canon-projection/src/emit/functions.rs,129,16
1688,BASIC_BLOCK,emit::functions::sig_generics::bb4,canon-projection/src/emit/functions.rs,131,8
1689,BASIC_BLOCK,emit::functions::sig_generics::bb5,canon-projection/src/emit/functions.rs,132,16
1690,CALL_SITE,emit::functions::sig_generics::bb5::call3,canon-projection/src/emit/functions.rs,132,16
1691,BASIC_BLOCK,emit::functions::sig_generics::bb6,canon-projection/src/emit/functions.rs,134,30
1692,CALL_SITE,emit::functions::sig_generics::bb6::call4,canon-projection/src/emit/functions.rs,134,30
1693,BASIC_BLOCK,emit::functions::sig_generics::bb7,canon-projection/src/emit/functions.rs,134,30
1694,CALL_SITE,emit::functions::sig_generics::bb7::call5,canon-projection/src/emit/functions.rs,134,30
1695,BASIC_BLOCK,emit::functions::sig_generics::bb8,canon-projection/src/emit/functions.rs,134,30
1696,CALL_SITE,emit::functions::sig_generics::bb8::call6,canon-projection/src/emit/functions.rs,134,30
1697,BASIC_BLOCK,emit::functions::sig_generics::bb9,canon-projection/src/emit/functions.rs,134,30
1698,CALL_SITE,emit::functions::sig_generics::bb9::call7,canon-projection/src/emit/functions.rs,134,30
1699,FUNCTION,emit::functions::sig_generics::fn,canon-projection/src/emit/functions.rs,127,1
1700,PARAM,emit::functions::sig_generics::param0,canon-projection/src/emit/functions.rs,127,17
1701,PARAM,emit::functions::sig_generics::param1,canon-projection/src/emit/functions.rs,127,31
1702,BASIC_BLOCK,emit::functions::sig_parts::bb0,canon-projection/src/emit/functions.rs,95,12
1703,CALL_SITE,emit::functions::sig_parts::bb0::call0,canon-projection/src/emit/functions.rs,95,12
1704,BASIC_BLOCK,emit::functions::sig_parts::bb1,canon-projection/src/emit/functions.rs,95,5
1705,BASIC_BLOCK,emit::functions::sig_parts::bb10,canon-projection/src/emit/functions.rs,121,22
1706,CALL_SITE,emit::functions::sig_parts::bb10::call8,canon-projection/src/emit/functions.rs,121,22
1707,BASIC_BLOCK,emit::functions::sig_parts::bb11,canon-projection/src/emit/functions.rs,122,9
1708,BASIC_BLOCK,emit::functions::sig_parts::bb12,canon-projection/src/emit/functions.rs,123,30
1709,CALL_SITE,emit::functions::sig_parts::bb12::call9,canon-projection/src/emit/functions.rs,123,30
1710,BASIC_BLOCK,emit::functions::sig_parts::bb13,canon-projection/src/emit/functions.rs,123,41
1711,BASIC_BLOCK,emit::functions::sig_parts::bb14,canon-projection/src/emit/functions.rs,125,2
1712,BASIC_BLOCK,emit::functions::sig_parts::bb15,canon-projection/src/emit/functions.rs,123,41
1713,BASIC_BLOCK,emit::functions::sig_parts::bb16,canon-projection/src/emit/functions.rs,121,46
1714,BASIC_BLOCK,emit::functions::sig_parts::bb17,canon-projection/src/emit/functions.rs,120,28
1715,BASIC_BLOCK,emit::functions::sig_parts::bb18,canon-projection/src/emit/functions.rs,94,1
1716,BASIC_BLOCK,emit::functions::sig_parts::bb19,canon-projection/src/emit/functions.rs,122,9
1717,BASIC_BLOCK,emit::functions::sig_parts::bb2,canon-projection/src/emit/functions.rs,123,15
1718,BASIC_BLOCK,emit::functions::sig_parts::bb20,canon-projection/src/emit/functions.rs,122,9
1719,CALL_SITE,emit::functions::sig_parts::bb2::call1,canon-projection/src/emit/functions.rs,123,15
1720,BASIC_BLOCK,emit::functions::sig_parts::bb3,canon-projection/src/emit/functions.rs,97,26
1721,CALL_SITE,emit::functions::sig_parts::bb3::call2,canon-projection/src/emit/functions.rs,97,26
1722,BASIC_BLOCK,emit::functions::sig_parts::bb4,canon-projection/src/emit/functions.rs,97,26
1723,CALL_SITE,emit::functions::sig_parts::bb4::call3,canon-projection/src/emit/functions.rs,97,26
1724,BASIC_BLOCK,emit::functions::sig_parts::bb5,canon-projection/src/emit/functions.rs,97,26
1725,CALL_SITE,emit::functions::sig_parts::bb5::call4,canon-projection/src/emit/functions.rs,97,26
1726,BASIC_BLOCK,emit::functions::sig_parts::bb6,canon-projection/src/emit/functions.rs,97,26
1727,CALL_SITE,emit::functions::sig_parts::bb6::call5,canon-projection/src/emit/functions.rs,97,26
1728,BASIC_BLOCK,emit::functions::sig_parts::bb7,canon-projection/src/emit/functions.rs,97,26
1729,CALL_SITE,emit::functions::sig_parts::bb7::call6,canon-projection/src/emit/functions.rs,97,26
1730,BASIC_BLOCK,emit::functions::sig_parts::bb8,canon-projection/src/emit/functions.rs,97,26
1731,CALL_SITE,emit::functions::sig_parts::bb8::call7,canon-projection/src/emit/functions.rs,97,26
1732,BASIC_BLOCK,emit::functions::sig_parts::bb9,canon-projection/src/emit/functions.rs,120,28
1733,FUNCTION,emit::functions::sig_parts::fn,canon-projection/src/emit/functions.rs,94,1
1734,PARAM,emit::functions::sig_parts::param0,canon-projection/src/emit/functions.rs,94,18
1735,PARAM,emit::functions::sig_parts::param1,canon-projection/src/emit/functions.rs,94,32
1736,MODULE,emit::helpers,canon-projection/src/emit/mod.rs,6,1
1737,TRAIT,emit::helpers::Emit,canon-projection/src/emit/helpers.rs,1,1
1738,METHOD,emit::helpers::Emit::emit::fn,canon-projection/src/emit/helpers.rs,2,5
1739,MODULE,emit::impls,canon-projection/src/emit/mod.rs,7,1
1740,BASIC_BLOCK,emit::impls::emit_impl::bb0,canon-projection/src/emit/impls.rs,8,24
1741,BASIC_BLOCK,emit::impls::emit_impl::bb1,canon-projection/src/emit/impls.rs,8,21
1742,BASIC_BLOCK,emit::impls::emit_impl::bb10,canon-projection/src/emit/impls.rs,10,38
1743,CALL_SITE,emit::impls::emit_impl::bb10::call5,canon-projection/src/emit/impls.rs,10,38
1744,BASIC_BLOCK,emit::impls::emit_impl::bb11,canon-projection/src/emit/impls.rs,10,45
1745,CALL_SITE,emit::impls::emit_impl::bb11::call6,canon-projection/src/emit/impls.rs,10,45
1746,BASIC_BLOCK,emit::impls::emit_impl::bb12,/home/cicero-arch-omen/.rustup/toolchains/nightly-x86_64-unknown-linux-gnu/lib/rustlib/src/rust/library/alloc/src/macros.rs,114,33
1747,CALL_SITE,emit::impls::emit_impl::bb12::call7,/home/cicero-arch-omen/.rustup/toolchains/nightly-x86_64-unknown-linux-gnu/lib/rustlib/src/rust/library/alloc/src/macros.rs,114,33
1748,BASIC_BLOCK,emit::impls::emit_impl::bb13,/home/cicero-arch-omen/.rustup/toolchains/nightly-x86_64-unknown-linux-gnu/lib/rustlib/src/rust/library/alloc/src/macros.rs,114,13
1749,CALL_SITE,emit::impls::emit_impl::bb13::call8,/home/cicero-arch-omen/.rustup/toolchains/nightly-x86_64-unknown-linux-gnu/lib/rustlib/src/rust/library/alloc/src/macros.rs,114,13
1750,BASIC_BLOCK,emit::impls::emit_impl::bb14,/home/cicero-arch-omen/.rustup/toolchains/nightly-x86_64-unknown-linux-gnu/lib/rustlib/src/rust/library/alloc/src/macros.rs,114,73
1751,BASIC_BLOCK,emit::impls::emit_impl::bb15,/home/cicero-arch-omen/.rustup/toolchains/nightly-x86_64-unknown-linux-gnu/lib/rustlib/src/rust/library/alloc/src/macros.rs,114,73
1752,BASIC_BLOCK,emit::impls::emit_impl::bb16,/home/cicero-arch-omen/.rustup/toolchains/nightly-x86_64-unknown-linux-gnu/lib/rustlib/src/rust/library/alloc/src/macros.rs,113,9
1753,CALL_SITE,emit::impls::emit_impl::bb16::call9,/home/cicero-arch-omen/.rustup/toolchains/nightly-x86_64-unknown-linux-gnu/lib/rustlib/src/rust/library/alloc/src/macros.rs,113,9
1754,BASIC_BLOCK,emit::impls::emit_impl::bb17,canon-projection/src/emit/impls.rs,11,26
1755,CALL_SITE,emit::impls::emit_impl::bb17::call10,canon-projection/src/emit/impls.rs,11,26
1756,BASIC_BLOCK,emit::impls::emit_impl::bb18,canon-projection/src/emit/impls.rs,11,28
1757,CALL_SITE,emit::impls::emit_impl::bb18::call11,canon-projection/src/emit/impls.rs,11,28
1758,BASIC_BLOCK,emit::impls::emit_impl::bb19,canon-projection/src/emit/impls.rs,11,35
1759,CALL_SITE,emit::impls::emit_impl::bb19::call12,canon-projection/src/emit/impls.rs,11,35
1760,BASIC_BLOCK,emit::impls::emit_impl::bb2,canon-projection/src/emit/impls.rs,8,21
1761,BASIC_BLOCK,emit::impls::emit_impl::bb20,/home/cicero-arch-omen/.rustup/toolchains/nightly-x86_64-unknown-linux-gnu/lib/rustlib/src/rust/library/alloc/src/macros.rs,114,33
1762,CALL_SITE,emit::impls::emit_impl::bb20::call13,/home/cicero-arch-omen/.rustup/toolchains/nightly-x86_64-unknown-linux-gnu/lib/rustlib/src/rust/library/alloc/src/macros.rs,114,33
1763,BASIC_BLOCK,emit::impls::emit_impl::bb21,/home/cicero-arch-omen/.rustup/toolchains/nightly-x86_64-unknown-linux-gnu/lib/rustlib/src/rust/library/alloc/src/macros.rs,114,13
1764,CALL_SITE,emit::impls::emit_impl::bb21::call14,/home/cicero-arch-omen/.rustup/toolchains/nightly-x86_64-unknown-linux-gnu/lib/rustlib/src/rust/library/alloc/src/macros.rs,114,13
1765,BASIC_BLOCK,emit::impls::emit_impl::bb22,/home/cicero-arch-omen/.rustup/toolchains/nightly-x86_64-unknown-linux-gnu/lib/rustlib/src/rust/library/alloc/src/macros.rs,114,73
1766,BASIC_BLOCK,emit::impls::emit_impl::bb23,/home/cicero-arch-omen/.rustup/toolchains/nightly-x86_64-unknown-linux-gnu/lib/rustlib/src/rust/library/alloc/src/macros.rs,113,9
1767,CALL_SITE,emit::impls::emit_impl::bb23::call15,/home/cicero-arch-omen/.rustup/toolchains/nightly-x86_64-unknown-linux-gnu/lib/rustlib/src/rust/library/alloc/src/macros.rs,113,9
1768,BASIC_BLOCK,emit::impls::emit_impl::bb24,canon-projection/src/emit/impls.rs,15,24
1769,CALL_SITE,emit::impls::emit_impl::bb24::call16,canon-projection/src/emit/impls.rs,15,24
1770,BASIC_BLOCK,emit::impls::emit_impl::bb25,canon-projection/src/emit/impls.rs,15,24
1771,CALL_SITE,emit::impls::emit_impl::bb25::call17,canon-projection/src/emit/impls.rs,15,24
1772,BASIC_BLOCK,emit::impls::emit_impl::bb26,canon-projection/src/emit/impls.rs,15,5
1773,BASIC_BLOCK,emit::impls::emit_impl::bb27,canon-projection/src/emit/impls.rs,15,24
1774,CALL_SITE,emit::impls::emit_impl::bb27::call18,canon-projection/src/emit/impls.rs,15,24
1775,BASIC_BLOCK,emit::impls::emit_impl::bb28,canon-projection/src/emit/impls.rs,15,24
1776,BASIC_BLOCK,emit::impls::emit_impl::bb29,/home/cicero-arch-omen/.rustup/toolchains/nightly-x86_64-unknown-linux-gnu/lib/rustlib/src/rust/library/core/src/macros/mod.rs,433,9
1777,BASIC_BLOCK,emit::impls::emit_impl::bb3,canon-projection/src/emit/impls.rs,9,16
1778,BASIC_BLOCK,emit::impls::emit_impl::bb30,canon-projection/src/emit/impls.rs,24,28
1779,CALL_SITE,emit::impls::emit_impl::bb30::call19,canon-projection/src/emit/impls.rs,24,28
1780,BASIC_BLOCK,emit::impls::emit_impl::bb31,/home/cicero-arch-omen/.rustup/toolchains/nightly-x86_64-unknown-linux-gnu/lib/rustlib/src/rust/library/core/src/macros/mod.rs,435,18
1781,BASIC_BLOCK,emit::impls::emit_impl::bb32,/home/cicero-arch-omen/.rustup/toolchains/nightly-x86_64-unknown-linux-gnu/lib/rustlib/src/rust/library/core/src/macros/mod.rs,434,39
1782,BASIC_BLOCK,emit::impls::emit_impl::bb33,/home/cicero-arch-omen/.rustup/toolchains/nightly-x86_64-unknown-linux-gnu/lib/rustlib/src/rust/library/core/src/macros/mod.rs,433,9
1783,BASIC_BLOCK,emit::impls::emit_impl::bb34,canon-projection/src/emit/impls.rs,19,74
1784,CALL_SITE,emit::impls::emit_impl::bb34::call20,canon-projection/src/emit/impls.rs,19,74
1785,BASIC_BLOCK,emit::impls::emit_impl::bb35,canon-projection/src/emit/impls.rs,19,16
1786,BASIC_BLOCK,emit::impls::emit_impl::bb36,canon-projection/src/emit/impls.rs,20,35
1787,CALL_SITE,emit::impls::emit_impl::bb36::call21,canon-projection/src/emit/impls.rs,20,35
1788,BASIC_BLOCK,emit::impls::emit_impl::bb37,canon-projection/src/emit/impls.rs,20,35
1789,BASIC_BLOCK,emit::impls::emit_impl::bb38,canon-projection/src/emit/impls.rs,20,32
1790,BASIC_BLOCK,emit::impls::emit_impl::bb39,canon-projection/src/emit/impls.rs,20,32
1791,BASIC_BLOCK,emit::impls::emit_impl::bb4,canon-projection/src/lib.rs,1,1
1792,BASIC_BLOCK,emit::impls::emit_impl::bb40,canon-projection/src/emit/impls.rs,21,89
1793,CALL_SITE,emit::impls::emit_impl::bb40::call22,canon-projection/src/emit/impls.rs,21,89
1794,BASIC_BLOCK,emit::impls::emit_impl::bb41,/home/cicero-arch-omen/.rustup/toolchains/nightly-x86_64-unknown-linux-gnu/lib/rustlib/src/rust/library/alloc/src/macros.rs,114,33
1795,CALL_SITE,emit::impls::emit_impl::bb41::call23,/home/cicero-arch-omen/.rustup/toolchains/nightly-x86_64-unknown-linux-gnu/lib/rustlib/src/rust/library/alloc/src/macros.rs,114,33
1796,BASIC_BLOCK,emit::impls::emit_impl::bb42,/home/cicero-arch-omen/.rustup/toolchains/nightly-x86_64-unknown-linux-gnu/lib/rustlib/src/rust/library/alloc/src/macros.rs,114,13
1797,CALL_SITE,emit::impls::emit_impl::bb42::call24,/home/cicero-arch-omen/.rustup/toolchains/nightly-x86_64-unknown-linux-gnu/lib/rustlib/src/rust/library/alloc/src/macros.rs,114,13
1798,BASIC_BLOCK,emit::impls::emit_impl::bb43,/home/cicero-arch-omen/.rustup/toolchains/nightly-x86_64-unknown-linux-gnu/lib/rustlib/src/rust/library/alloc/src/macros.rs,113,9
1799,CALL_SITE,emit::impls::emit_impl::bb43::call25,/home/cicero-arch-omen/.rustup/toolchains/nightly-x86_64-unknown-linux-gnu/lib/rustlib/src/rust/library/alloc/src/macros.rs,113,9
1800,BASIC_BLOCK,emit::impls::emit_impl::bb44,canon-projection/src/emit/impls.rs,21,79
1801,CALL_SITE,emit::impls::emit_impl::bb44::call26,canon-projection/src/emit/impls.rs,21,79
1802,BASIC_BLOCK,emit::impls::emit_impl::bb45,canon-projection/src/emit/impls.rs,21,27
1803,CALL_SITE,emit::impls::emit_impl::bb45::call27,canon-projection/src/emit/impls.rs,21,27
1804,BASIC_BLOCK,emit::impls::emit_impl::bb46,canon-projection/src/emit/impls.rs,21,26
1805,CALL_SITE,emit::impls::emit_impl::bb46::call28,canon-projection/src/emit/impls.rs,21,26
1806,BASIC_BLOCK,emit::impls::emit_impl::bb47,canon-projection/src/emit/impls.rs,21,13
1807,CALL_SITE,emit::impls::emit_impl::bb47::call29,canon-projection/src/emit/impls.rs,21,13
1808,BASIC_BLOCK,emit::impls::emit_impl::bb48,canon-projection/src/emit/impls.rs,21,104
1809,BASIC_BLOCK,emit::impls::emit_impl::bb49,canon-projection/src/emit/impls.rs,21,104
1810,BASIC_BLOCK,emit::impls::emit_impl::bb5,canon-projection/src/emit/impls.rs,11,61
1811,BASIC_BLOCK,emit::impls::emit_impl::bb50,/home/cicero-arch-omen/.rustup/toolchains/nightly-x86_64-unknown-linux-gnu/lib/rustlib/src/rust/library/alloc/src/macros.rs,114,33
1812,CALL_SITE,emit::impls::emit_impl::bb50::call30,/home/cicero-arch-omen/.rustup/toolchains/nightly-x86_64-unknown-linux-gnu/lib/rustlib/src/rust/library/alloc/src/macros.rs,114,33
1813,BASIC_BLOCK,emit::impls::emit_impl::bb51,/home/cicero-arch-omen/.rustup/toolchains/nightly-x86_64-unknown-linux-gnu/lib/rustlib/src/rust/library/alloc/src/macros.rs,114,13
1814,CALL_SITE,emit::impls::emit_impl::bb51::call31,/home/cicero-arch-omen/.rustup/toolchains/nightly-x86_64-unknown-linux-gnu/lib/rustlib/src/rust/library/alloc/src/macros.rs,114,13
1815,BASIC_BLOCK,emit::impls::emit_impl::bb52,/home/cicero-arch-omen/.rustup/toolchains/nightly-x86_64-unknown-linux-gnu/lib/rustlib/src/rust/library/alloc/src/macros.rs,113,9
1816,CALL_SITE,emit::impls::emit_impl::bb52::call32,/home/cicero-arch-omen/.rustup/toolchains/nightly-x86_64-unknown-linux-gnu/lib/rustlib/src/rust/library/alloc/src/macros.rs,113,9
1817,BASIC_BLOCK,emit::impls::emit_impl::bb53,canon-projection/src/emit/impls.rs,24,18
1818,CALL_SITE,emit::impls::emit_impl::bb53::call33,canon-projection/src/emit/impls.rs,24,18
1819,BASIC_BLOCK,emit::impls::emit_impl::bb54,canon-projection/src/emit/impls.rs,24,5
1820,CALL_SITE,emit::impls::emit_impl::bb54::call34,canon-projection/src/emit/impls.rs,24,5
1821,BASIC_BLOCK,emit::impls::emit_impl::bb55,canon-projection/src/emit/impls.rs,24,42
1822,BASIC_BLOCK,emit::impls::emit_impl::bb56,canon-projection/src/emit/impls.rs,26,2
1823,BASIC_BLOCK,emit::impls::emit_impl::bb57,canon-projection/src/emit/impls.rs,24,42
1824,BASIC_BLOCK,emit::impls::emit_impl::bb58,canon-projection/src/emit/impls.rs,21,104
1825,BASIC_BLOCK,emit::impls::emit_impl::bb59,canon-projection/src/emit/impls.rs,21,104
1826,CALL_SITE,emit::impls::emit_impl::bb5::call0,canon-projection/src/emit/impls.rs,11,61
1827,BASIC_BLOCK,emit::impls::emit_impl::bb6,canon-projection/src/emit/impls.rs,10,71
1828,BASIC_BLOCK,emit::impls::emit_impl::bb60,canon-projection/src/emit/impls.rs,26,1
1829,BASIC_BLOCK,emit::impls::emit_impl::bb61,/home/cicero-arch-omen/.rustup/toolchains/nightly-x86_64-unknown-linux-gnu/lib/rustlib/src/rust/library/alloc/src/macros.rs,114,73
1830,BASIC_BLOCK,emit::impls::emit_impl::bb62,/home/cicero-arch-omen/.rustup/toolchains/nightly-x86_64-unknown-linux-gnu/lib/rustlib/src/rust/library/alloc/src/macros.rs,114,73
1831,BASIC_BLOCK,emit::impls::emit_impl::bb63,/home/cicero-arch-omen/.rustup/toolchains/nightly-x86_64-unknown-linux-gnu/lib/rustlib/src/rust/library/alloc/src/macros.rs,114,73
1832,BASIC_BLOCK,emit::impls::emit_impl::bb64,canon-projection/src/emit/impls.rs,7,1
1833,CALL_SITE,emit::impls::emit_impl::bb6::call1,canon-projection/src/emit/impls.rs,10,71
1834,BASIC_BLOCK,emit::impls::emit_impl::bb7,canon-projection/src/emit/impls.rs,10,94
1835,CALL_SITE,emit::impls::emit_impl::bb7::call2,canon-projection/src/emit/impls.rs,10,94
1836,BASIC_BLOCK,emit::impls::emit_impl::bb8,canon-projection/src/emit/impls.rs,10,29
1837,CALL_SITE,emit::impls::emit_impl::bb8::call3,canon-projection/src/emit/impls.rs,10,29
1838,BASIC_BLOCK,emit::impls::emit_impl::bb9,canon-projection/src/emit/impls.rs,10,31
1839,CALL_SITE,emit::impls::emit_impl::bb9::call4,canon-projection/src/emit/impls.rs,10,31
1840,FUNCTION,emit::impls::emit_impl::fn,canon-projection/src/emit/impls.rs,7,1
1841,PARAM,emit::impls::emit_impl::param0,canon-projection/src/emit/impls.rs,7,18
1842,PARAM,emit::impls::emit_impl::param1,canon-projection/src/emit/impls.rs,7,32
1843,PARAM,emit::impls::emit_impl::param2,canon-projection/src/emit/impls.rs,7,50
1844,PARAM,emit::impls::emit_impl::param3,canon-projection/src/emit/impls.rs,7,67
1845,PARAM,emit::impls::emit_impl::param4,canon-projection/src/emit/impls.rs,7,95
1846,PARAM,emit::impls::emit_impl::param5,canon-projection/src/emit/impls.rs,7,109
1847,MODULE,emit::items,canon-projection/src/emit/mod.rs,8,1
1848,BASIC_BLOCK,emit::items::dispatch_item::bb0,canon-projection/src/emit/items.rs,13,5
1849,BASIC_BLOCK,emit::items::dispatch_item::bb1,canon-projection/src/emit/items.rs,13,11
1850,BASIC_BLOCK,emit::items::dispatch_item::bb2,canon-projection/src/emit/items.rs,15,31
1851,CALL_SITE,emit::items::dispatch_item::bb2::call0,canon-projection/src/emit/items.rs,15,31
1852,BASIC_BLOCK,emit::items::dispatch_item::bb3,canon-projection/src/emit/items.rs,14,92
1853,CALL_SITE,emit::items::dispatch_item::bb3::call1,canon-projection/src/emit/items.rs,14,92
1854,BASIC_BLOCK,emit::items::dispatch_item::bb4,canon-projection/src/emit/items.rs,14,98
1855,CALL_SITE,emit::items::dispatch_item::bb4::call2,canon-projection/src/emit/items.rs,14,98
1856,BASIC_BLOCK,emit::items::dispatch_item::bb5,canon-projection/src/emit/items.rs,14,120
1857,CALL_SITE,emit::items::dispatch_item::bb5::call3,canon-projection/src/emit/items.rs,14,120
1858,BASIC_BLOCK,emit::items::dispatch_item::bb6,canon-projection/src/emit/items.rs,14,76
1859,CALL_SITE,emit::items::dispatch_item::bb6::call4,canon-projection/src/emit/items.rs,14,76
1860,BASIC_BLOCK,emit::items::dispatch_item::bb7,canon-projection/src/emit/items.rs,17,2
1861,FUNCTION,emit::items::dispatch_item::fn,canon-projection/src/emit/items.rs,12,1
1862,PARAM,emit::items::dispatch_item::param0,canon-projection/src/emit/items.rs,12,22
1863,PARAM,emit::items::dispatch_item::param1,canon-projection/src/emit/items.rs,12,36
1864,PARAM,emit::items::dispatch_item::param2,canon-projection/src/emit/items.rs,12,53
1865,BASIC_BLOCK,emit::items::emit_module::bb0,canon-projection/src/emit/items.rs,59,16
1866,CALL_SITE,emit::items::emit_module::bb0::call0,canon-projection/src/emit/items.rs,59,16
1867,BASIC_BLOCK,emit::items::emit_module::bb1,canon-projection/src/emit/items.rs,59,16
1868,BASIC_BLOCK,emit::items::emit_module::bb10,/home/cicero-arch-omen/.rustup/toolchains/nightly-x86_64-unknown-linux-gnu/lib/rustlib/src/rust/library/alloc/src/macros.rs,113,9
1869,CALL_SITE,emit::items::emit_module::bb10::call9,/home/cicero-arch-omen/.rustup/toolchains/nightly-x86_64-unknown-linux-gnu/lib/rustlib/src/rust/library/alloc/src/macros.rs,113,9
1870,BASIC_BLOCK,emit::items::emit_module::bb11,canon-projection/src/emit/items.rs,64,25
1871,CALL_SITE,emit::items::emit_module::bb11::call10,canon-projection/src/emit/items.rs,64,25
1872,BASIC_BLOCK,emit::items::emit_module::bb12,canon-projection/src/emit/items.rs,65,28
1873,CALL_SITE,emit::items::emit_module::bb12::call11,canon-projection/src/emit/items.rs,65,28
1874,BASIC_BLOCK,emit::items::emit_module::bb13,canon-projection/src/emit/items.rs,65,28
1875,CALL_SITE,emit::items::emit_module::bb13::call12,canon-projection/src/emit/items.rs,65,28
1876,BASIC_BLOCK,emit::items::emit_module::bb14,canon-projection/src/emit/items.rs,65,9
1877,BASIC_BLOCK,emit::items::emit_module::bb15,canon-projection/src/emit/items.rs,65,28
1878,CALL_SITE,emit::items::emit_module::bb15::call13,canon-projection/src/emit/items.rs,65,28
1879,BASIC_BLOCK,emit::items::emit_module::bb16,canon-projection/src/emit/items.rs,65,28
1880,BASIC_BLOCK,emit::items::emit_module::bb17,canon-projection/src/emit/items.rs,65,28
1881,BASIC_BLOCK,emit::items::emit_module::bb18,/home/cicero-arch-omen/.rustup/toolchains/nightly-x86_64-unknown-linux-gnu/lib/rustlib/src/rust/library/core/src/macros/mod.rs,433,9
1882,BASIC_BLOCK,emit::items::emit_module::bb19,canon-projection/src/emit/items.rs,70,18
1883,CALL_SITE,emit::items::emit_module::bb19::call14,canon-projection/src/emit/items.rs,70,18
1884,CALL_SITE,emit::items::emit_module::bb1::call1,canon-projection/src/emit/items.rs,59,16
1885,BASIC_BLOCK,emit::items::emit_module::bb2,canon-projection/src/emit/items.rs,59,16
1886,BASIC_BLOCK,emit::items::emit_module::bb20,/home/cicero-arch-omen/.rustup/toolchains/nightly-x86_64-unknown-linux-gnu/lib/rustlib/src/rust/library/core/src/macros/mod.rs,435,18
1887,BASIC_BLOCK,emit::items::emit_module::bb21,/home/cicero-arch-omen/.rustup/toolchains/nightly-x86_64-unknown-linux-gnu/lib/rustlib/src/rust/library/core/src/macros/mod.rs,434,39
1888,BASIC_BLOCK,emit::items::emit_module::bb22,/home/cicero-arch-omen/.rustup/toolchains/nightly-x86_64-unknown-linux-gnu/lib/rustlib/src/rust/library/core/src/macros/mod.rs,433,9
1889,BASIC_BLOCK,emit::items::emit_module::bb23,canon-projection/src/emit/items.rs,67,63
1890,CALL_SITE,emit::items::emit_module::bb23::call15,canon-projection/src/emit/items.rs,67,63
1891,BASIC_BLOCK,emit::items::emit_module::bb24,canon-projection/src/emit/items.rs,67,33
1892,CALL_SITE,emit::items::emit_module::bb24::call16,canon-projection/src/emit/items.rs,67,33
1893,BASIC_BLOCK,emit::items::emit_module::bb25,canon-projection/src/emit/items.rs,67,32
1894,CALL_SITE,emit::items::emit_module::bb25::call17,canon-projection/src/emit/items.rs,67,32
1895,BASIC_BLOCK,emit::items::emit_module::bb26,canon-projection/src/emit/items.rs,67,17
1896,CALL_SITE,emit::items::emit_module::bb26::call18,canon-projection/src/emit/items.rs,67,17
1897,BASIC_BLOCK,emit::items::emit_module::bb27,canon-projection/src/emit/items.rs,67,75
1898,BASIC_BLOCK,emit::items::emit_module::bb28,canon-projection/src/emit/items.rs,70,20
1899,CALL_SITE,emit::items::emit_module::bb28::call19,canon-projection/src/emit/items.rs,70,20
1900,BASIC_BLOCK,emit::items::emit_module::bb29,canon-projection/src/emit/items.rs,70,26
1901,CALL_SITE,emit::items::emit_module::bb29::call20,canon-projection/src/emit/items.rs,70,26
1902,CALL_SITE,emit::items::emit_module::bb2::call2,canon-projection/src/emit/items.rs,59,16
1903,BASIC_BLOCK,emit::items::emit_module::bb3,canon-projection/src/emit/items.rs,59,70
1904,BASIC_BLOCK,emit::items::emit_module::bb30,canon-projection/src/emit/items.rs,70,33
1905,CALL_SITE,emit::items::emit_module::bb30::call21,canon-projection/src/emit/items.rs,70,33
1906,BASIC_BLOCK,emit::items::emit_module::bb31,canon-projection/src/emit/items.rs,70,35
1907,CALL_SITE,emit::items::emit_module::bb31::call22,canon-projection/src/emit/items.rs,70,35
1908,BASIC_BLOCK,emit::items::emit_module::bb32,/home/cicero-arch-omen/.rustup/toolchains/nightly-x86_64-unknown-linux-gnu/lib/rustlib/src/rust/library/alloc/src/macros.rs,114,33
1909,CALL_SITE,emit::items::emit_module::bb32::call23,/home/cicero-arch-omen/.rustup/toolchains/nightly-x86_64-unknown-linux-gnu/lib/rustlib/src/rust/library/alloc/src/macros.rs,114,33
1910,BASIC_BLOCK,emit::items::emit_module::bb33,/home/cicero-arch-omen/.rustup/toolchains/nightly-x86_64-unknown-linux-gnu/lib/rustlib/src/rust/library/alloc/src/macros.rs,114,13
1911,CALL_SITE,emit::items::emit_module::bb33::call24,/home/cicero-arch-omen/.rustup/toolchains/nightly-x86_64-unknown-linux-gnu/lib/rustlib/src/rust/library/alloc/src/macros.rs,114,13
1912,BASIC_BLOCK,emit::items::emit_module::bb34,/home/cicero-arch-omen/.rustup/toolchains/nightly-x86_64-unknown-linux-gnu/lib/rustlib/src/rust/library/alloc/src/macros.rs,113,9
1913,CALL_SITE,emit::items::emit_module::bb34::call25,/home/cicero-arch-omen/.rustup/toolchains/nightly-x86_64-unknown-linux-gnu/lib/rustlib/src/rust/library/alloc/src/macros.rs,113,9
1914,BASIC_BLOCK,emit::items::emit_module::bb35,canon-projection/src/emit/items.rs,71,5
1915,BASIC_BLOCK,emit::items::emit_module::bb36,canon-projection/src/emit/items.rs,71,5
1916,BASIC_BLOCK,emit::items::emit_module::bb37,canon-projection/src/emit/items.rs,72,18
1917,CALL_SITE,emit::items::emit_module::bb37::call26,canon-projection/src/emit/items.rs,72,18
1918,BASIC_BLOCK,emit::items::emit_module::bb38,canon-projection/src/emit/items.rs,72,20
1919,CALL_SITE,emit::items::emit_module::bb38::call27,canon-projection/src/emit/items.rs,72,20
1920,BASIC_BLOCK,emit::items::emit_module::bb39,canon-projection/src/emit/items.rs,72,26
1921,CALL_SITE,emit::items::emit_module::bb39::call28,canon-projection/src/emit/items.rs,72,26
1922,CALL_SITE,emit::items::emit_module::bb3::call3,canon-projection/src/emit/items.rs,59,70
1923,BASIC_BLOCK,emit::items::emit_module::bb4,canon-projection/src/emit/items.rs,59,16
1924,BASIC_BLOCK,emit::items::emit_module::bb40,/home/cicero-arch-omen/.rustup/toolchains/nightly-x86_64-unknown-linux-gnu/lib/rustlib/src/rust/library/alloc/src/macros.rs,114,33
1925,CALL_SITE,emit::items::emit_module::bb40::call29,/home/cicero-arch-omen/.rustup/toolchains/nightly-x86_64-unknown-linux-gnu/lib/rustlib/src/rust/library/alloc/src/macros.rs,114,33
1926,BASIC_BLOCK,emit::items::emit_module::bb41,/home/cicero-arch-omen/.rustup/toolchains/nightly-x86_64-unknown-linux-gnu/lib/rustlib/src/rust/library/alloc/src/macros.rs,114,13
1927,CALL_SITE,emit::items::emit_module::bb41::call30,/home/cicero-arch-omen/.rustup/toolchains/nightly-x86_64-unknown-linux-gnu/lib/rustlib/src/rust/library/alloc/src/macros.rs,114,13
1928,BASIC_BLOCK,emit::items::emit_module::bb42,/home/cicero-arch-omen/.rustup/toolchains/nightly-x86_64-unknown-linux-gnu/lib/rustlib/src/rust/library/alloc/src/macros.rs,113,9
1929,CALL_SITE,emit::items::emit_module::bb42::call31,/home/cicero-arch-omen/.rustup/toolchains/nightly-x86_64-unknown-linux-gnu/lib/rustlib/src/rust/library/alloc/src/macros.rs,113,9
1930,BASIC_BLOCK,emit::items::emit_module::bb43,canon-projection/src/emit/items.rs,74,2
1931,BASIC_BLOCK,emit::items::emit_module::bb44,canon-projection/src/emit/items.rs,67,75
1932,BASIC_BLOCK,emit::items::emit_module::bb45,canon-projection/src/emit/items.rs,71,5
1933,BASIC_BLOCK,emit::items::emit_module::bb46,canon-projection/src/emit/items.rs,71,5
1934,BASIC_BLOCK,emit::items::emit_module::bb47,canon-projection/src/emit/items.rs,58,1
1935,CALL_SITE,emit::items::emit_module::bb4::call4,canon-projection/src/emit/items.rs,59,16
1936,BASIC_BLOCK,emit::items::emit_module::bb5,canon-projection/src/emit/items.rs,60,15
1937,CALL_SITE,emit::items::emit_module::bb5::call5,canon-projection/src/emit/items.rs,60,15
1938,BASIC_BLOCK,emit::items::emit_module::bb6,canon-projection/src/emit/items.rs,62,8
1939,BASIC_BLOCK,emit::items::emit_module::bb7,canon-projection/src/emit/items.rs,63,34
1940,CALL_SITE,emit::items::emit_module::bb7::call6,canon-projection/src/emit/items.rs,63,34
1941,BASIC_BLOCK,emit::items::emit_module::bb8,/home/cicero-arch-omen/.rustup/toolchains/nightly-x86_64-unknown-linux-gnu/lib/rustlib/src/rust/library/alloc/src/macros.rs,114,33
1942,CALL_SITE,emit::items::emit_module::bb8::call7,/home/cicero-arch-omen/.rustup/toolchains/nightly-x86_64-unknown-linux-gnu/lib/rustlib/src/rust/library/alloc/src/macros.rs,114,33
1943,BASIC_BLOCK,emit::items::emit_module::bb9,/home/cicero-arch-omen/.rustup/toolchains/nightly-x86_64-unknown-linux-gnu/lib/rustlib/src/rust/library/alloc/src/macros.rs,114,13
1944,CALL_SITE,emit::items::emit_module::bb9::call8,/home/cicero-arch-omen/.rustup/toolchains/nightly-x86_64-unknown-linux-gnu/lib/rustlib/src/rust/library/alloc/src/macros.rs,114,13
1945,FUNCTION,emit::items::emit_module::fn,canon-projection/src/emit/items.rs,58,1
1946,PARAM,emit::items::emit_module::param0,canon-projection/src/emit/items.rs,58,16
1947,PARAM,emit::items::emit_module::param1,canon-projection/src/emit/items.rs,58,30
1948,PARAM,emit::items::emit_module::param2,canon-projection/src/emit/items.rs,58,50
1949,PARAM,emit::items::emit_module::param3,canon-projection/src/emit/items.rs,58,80
1950,PARAM,emit::items::emit_module::param4,canon-projection/src/emit/items.rs,58,88
1951,BASIC_BLOCK,emit::items::emit_node::bb0,canon-projection/src/emit/items.rs,20,12
1952,CALL_SITE,emit::items::emit_node::bb0::call0,canon-projection/src/emit/items.rs,20,12
1953,BASIC_BLOCK,emit::items::emit_node::bb1,canon-projection/src/emit/items.rs,20,5
1954,BASIC_BLOCK,emit::items::emit_node::bb10,canon-projection/src/emit/items.rs,35,108
1955,CALL_SITE,emit::items::emit_node::bb10::call9,canon-projection/src/emit/items.rs,35,108
1956,BASIC_BLOCK,emit::items::emit_node::bb11,canon-projection/src/emit/items.rs,34,123
1957,CALL_SITE,emit::items::emit_node::bb11::call10,canon-projection/src/emit/items.rs,34,123
1958,BASIC_BLOCK,emit::items::emit_node::bb12,canon-projection/src/emit/items.rs,30,23
1959,CALL_SITE,emit::items::emit_node::bb12::call11,canon-projection/src/emit/items.rs,30,23
1960,BASIC_BLOCK,emit::items::emit_node::bb13,canon-projection/src/emit/items.rs,23,23
1961,CALL_SITE,emit::items::emit_node::bb13::call12,canon-projection/src/emit/items.rs,23,23
1962,BASIC_BLOCK,emit::items::emit_node::bb14,canon-projection/src/emit/items.rs,21,56
1963,CALL_SITE,emit::items::emit_node::bb14::call13,canon-projection/src/emit/items.rs,21,56
1964,BASIC_BLOCK,emit::items::emit_node::bb15,canon-projection/src/emit/items.rs,24,27
1965,BASIC_BLOCK,emit::items::emit_node::bb16,canon-projection/src/emit/items.rs,24,24
1966,BASIC_BLOCK,emit::items::emit_node::bb17,canon-projection/src/emit/items.rs,24,24
1967,BASIC_BLOCK,emit::items::emit_node::bb18,canon-projection/src/emit/items.rs,25,25
1968,CALL_SITE,emit::items::emit_node::bb18::call14,canon-projection/src/emit/items.rs,25,25
1969,BASIC_BLOCK,emit::items::emit_node::bb19,canon-projection/src/emit/items.rs,25,25
1970,CALL_SITE,emit::items::emit_node::bb19::call15,canon-projection/src/emit/items.rs,25,25
1971,BASIC_BLOCK,emit::items::emit_node::bb2,canon-projection/src/emit/items.rs,54,14
1972,BASIC_BLOCK,emit::items::emit_node::bb20,canon-projection/src/emit/items.rs,26,24
1973,CALL_SITE,emit::items::emit_node::bb20::call16,canon-projection/src/emit/items.rs,26,24
1974,BASIC_BLOCK,emit::items::emit_node::bb21,canon-projection/src/emit/items.rs,27,22
1975,CALL_SITE,emit::items::emit_node::bb21::call17,canon-projection/src/emit/items.rs,27,22
1976,BASIC_BLOCK,emit::items::emit_node::bb22,canon-projection/src/emit/items.rs,27,24
1977,CALL_SITE,emit::items::emit_node::bb22::call18,canon-projection/src/emit/items.rs,27,24
1978,BASIC_BLOCK,emit::items::emit_node::bb23,canon-projection/src/emit/items.rs,27,30
1979,CALL_SITE,emit::items::emit_node::bb23::call19,canon-projection/src/emit/items.rs,27,30
1980,BASIC_BLOCK,emit::items::emit_node::bb24,canon-projection/src/emit/items.rs,27,32
1981,CALL_SITE,emit::items::emit_node::bb24::call20,canon-projection/src/emit/items.rs,27,32
1982,BASIC_BLOCK,emit::items::emit_node::bb25,canon-projection/src/emit/items.rs,27,34
1983,CALL_SITE,emit::items::emit_node::bb25::call21,canon-projection/src/emit/items.rs,27,34
1984,BASIC_BLOCK,emit::items::emit_node::bb26,/home/cicero-arch-omen/.rustup/toolchains/nightly-x86_64-unknown-linux-gnu/lib/rustlib/src/rust/library/alloc/src/macros.rs,114,33
1985,CALL_SITE,emit::items::emit_node::bb26::call22,/home/cicero-arch-omen/.rustup/toolchains/nightly-x86_64-unknown-linux-gnu/lib/rustlib/src/rust/library/alloc/src/macros.rs,114,33
1986,BASIC_BLOCK,emit::items::emit_node::bb27,/home/cicero-arch-omen/.rustup/toolchains/nightly-x86_64-unknown-linux-gnu/lib/rustlib/src/rust/library/alloc/src/macros.rs,114,13
1987,CALL_SITE,emit::items::emit_node::bb27::call23,/home/cicero-arch-omen/.rustup/toolchains/nightly-x86_64-unknown-linux-gnu/lib/rustlib/src/rust/library/alloc/src/macros.rs,114,13
1988,BASIC_BLOCK,emit::items::emit_node::bb28,/home/cicero-arch-omen/.rustup/toolchains/nightly-x86_64-unknown-linux-gnu/lib/rustlib/src/rust/library/alloc/src/macros.rs,113,9
1989,CALL_SITE,emit::items::emit_node::bb28::call24,/home/cicero-arch-omen/.rustup/toolchains/nightly-x86_64-unknown-linux-gnu/lib/rustlib/src/rust/library/alloc/src/macros.rs,113,9
1990,BASIC_BLOCK,emit::items::emit_node::bb29,canon-projection/src/emit/items.rs,28,9
1991,CALL_SITE,emit::items::emit_node::bb2::call1,canon-projection/src/emit/items.rs,54,14
1992,BASIC_BLOCK,emit::items::emit_node::bb3,canon-projection/src/emit/items.rs,53,60
1993,BASIC_BLOCK,emit::items::emit_node::bb30,canon-projection/src/emit/items.rs,31,25
1994,CALL_SITE,emit::items::emit_node::bb30::call25,canon-projection/src/emit/items.rs,31,25
1995,BASIC_BLOCK,emit::items::emit_node::bb31,canon-projection/src/emit/items.rs,31,25
1996,CALL_SITE,emit::items::emit_node::bb31::call26,canon-projection/src/emit/items.rs,31,25
1997,BASIC_BLOCK,emit::items::emit_node::bb32,canon-projection/src/emit/items.rs,32,59
1998,CALL_SITE,emit::items::emit_node::bb32::call27,canon-projection/src/emit/items.rs,32,59
1999,BASIC_BLOCK,emit::items::emit_node::bb33,canon-projection/src/emit/items.rs,32,22
2000,CALL_SITE,emit::items::emit_node::bb33::call28,canon-projection/src/emit/items.rs,32,22
2001,BASIC_BLOCK,emit::items::emit_node::bb34,canon-projection/src/emit/items.rs,32,24
2002,CALL_SITE,emit::items::emit_node::bb34::call29,canon-projection/src/emit/items.rs,32,24
2003,BASIC_BLOCK,emit::items::emit_node::bb35,canon-projection/src/emit/items.rs,32,39
2004,CALL_SITE,emit::items::emit_node::bb35::call30,canon-projection/src/emit/items.rs,32,39
2005,BASIC_BLOCK,emit::items::emit_node::bb36,canon-projection/src/emit/items.rs,32,41
2006,CALL_SITE,emit::items::emit_node::bb36::call31,canon-projection/src/emit/items.rs,32,41
2007,BASIC_BLOCK,emit::items::emit_node::bb37,/home/cicero-arch-omen/.rustup/toolchains/nightly-x86_64-unknown-linux-gnu/lib/rustlib/src/rust/library/alloc/src/macros.rs,114,33
2008,CALL_SITE,emit::items::emit_node::bb37::call32,/home/cicero-arch-omen/.rustup/toolchains/nightly-x86_64-unknown-linux-gnu/lib/rustlib/src/rust/library/alloc/src/macros.rs,114,33
2009,BASIC_BLOCK,emit::items::emit_node::bb38,/home/cicero-arch-omen/.rustup/toolchains/nightly-x86_64-unknown-linux-gnu/lib/rustlib/src/rust/library/alloc/src/macros.rs,114,13
2010,CALL_SITE,emit::items::emit_node::bb38::call33,/home/cicero-arch-omen/.rustup/toolchains/nightly-x86_64-unknown-linux-gnu/lib/rustlib/src/rust/library/alloc/src/macros.rs,114,13
2011,BASIC_BLOCK,emit::items::emit_node::bb39,/home/cicero-arch-omen/.rustup/toolchains/nightly-x86_64-unknown-linux-gnu/lib/rustlib/src/rust/library/alloc/src/macros.rs,113,9
2012,CALL_SITE,emit::items::emit_node::bb39::call34,/home/cicero-arch-omen/.rustup/toolchains/nightly-x86_64-unknown-linux-gnu/lib/rustlib/src/rust/library/alloc/src/macros.rs,113,9
2013,CALL_SITE,emit::items::emit_node::bb3::call2,canon-projection/src/emit/items.rs,53,60
2014,BASIC_BLOCK,emit::items::emit_node::bb4,canon-projection/src/emit/items.rs,49,23
2015,BASIC_BLOCK,emit::items::emit_node::bb40,canon-projection/src/emit/items.rs,33,9
2016,BASIC_BLOCK,emit::items::emit_node::bb41,canon-projection/src/emit/items.rs,34,133
2017,CALL_SITE,emit::items::emit_node::bb41::call35,canon-projection/src/emit/items.rs,34,133
2018,BASIC_BLOCK,emit::items::emit_node::bb42,canon-projection/src/emit/items.rs,34,141
2019,CALL_SITE,emit::items::emit_node::bb42::call36,canon-projection/src/emit/items.rs,34,141
2020,BASIC_BLOCK,emit::items::emit_node::bb43,canon-projection/src/emit/items.rs,34,97
2021,CALL_SITE,emit::items::emit_node::bb43::call37,canon-projection/src/emit/items.rs,34,97
2022,BASIC_BLOCK,emit::items::emit_node::bb44,canon-projection/src/emit/items.rs,35,118
2023,CALL_SITE,emit::items::emit_node::bb44::call38,canon-projection/src/emit/items.rs,35,118
2024,BASIC_BLOCK,emit::items::emit_node::bb45,canon-projection/src/emit/items.rs,35,128
2025,CALL_SITE,emit::items::emit_node::bb45::call39,canon-projection/src/emit/items.rs,35,128
2026,BASIC_BLOCK,emit::items::emit_node::bb46,canon-projection/src/emit/items.rs,35,84
2027,CALL_SITE,emit::items::emit_node::bb46::call40,canon-projection/src/emit/items.rs,35,84
2028,BASIC_BLOCK,emit::items::emit_node::bb47,canon-projection/src/emit/items.rs,36,65
2029,CALL_SITE,emit::items::emit_node::bb47::call41,canon-projection/src/emit/items.rs,36,65
2030,BASIC_BLOCK,emit::items::emit_node::bb48,canon-projection/src/emit/items.rs,41,59
2031,CALL_SITE,emit::items::emit_node::bb48::call42,canon-projection/src/emit/items.rs,41,59
2032,BASIC_BLOCK,emit::items::emit_node::bb49,canon-projection/src/emit/items.rs,41,85
2033,CALL_SITE,emit::items::emit_node::bb49::call43,canon-projection/src/emit/items.rs,41,85
2034,CALL_SITE,emit::items::emit_node::bb4::call3,canon-projection/src/emit/items.rs,49,23
2035,BASIC_BLOCK,emit::items::emit_node::bb5,canon-projection/src/emit/items.rs,44,23
2036,BASIC_BLOCK,emit::items::emit_node::bb50,canon-projection/src/emit/items.rs,41,110
2037,CALL_SITE,emit::items::emit_node::bb50::call44,canon-projection/src/emit/items.rs,41,110
2038,BASIC_BLOCK,emit::items::emit_node::bb51,canon-projection/src/emit/items.rs,41,22
2039,CALL_SITE,emit::items::emit_node::bb51::call45,canon-projection/src/emit/items.rs,41,22
2040,BASIC_BLOCK,emit::items::emit_node::bb52,canon-projection/src/emit/items.rs,41,24
2041,CALL_SITE,emit::items::emit_node::bb52::call46,canon-projection/src/emit/items.rs,41,24
2042,BASIC_BLOCK,emit::items::emit_node::bb53,canon-projection/src/emit/items.rs,41,32
2043,CALL_SITE,emit::items::emit_node::bb53::call47,canon-projection/src/emit/items.rs,41,32
2044,BASIC_BLOCK,emit::items::emit_node::bb54,canon-projection/src/emit/items.rs,41,36
2045,CALL_SITE,emit::items::emit_node::bb54::call48,canon-projection/src/emit/items.rs,41,36
2046,BASIC_BLOCK,emit::items::emit_node::bb55,canon-projection/src/emit/items.rs,41,41
2047,CALL_SITE,emit::items::emit_node::bb55::call49,canon-projection/src/emit/items.rs,41,41
2048,BASIC_BLOCK,emit::items::emit_node::bb56,/home/cicero-arch-omen/.rustup/toolchains/nightly-x86_64-unknown-linux-gnu/lib/rustlib/src/rust/library/alloc/src/macros.rs,114,33
2049,CALL_SITE,emit::items::emit_node::bb56::call50,/home/cicero-arch-omen/.rustup/toolchains/nightly-x86_64-unknown-linux-gnu/lib/rustlib/src/rust/library/alloc/src/macros.rs,114,33
2050,BASIC_BLOCK,emit::items::emit_node::bb57,/home/cicero-arch-omen/.rustup/toolchains/nightly-x86_64-unknown-linux-gnu/lib/rustlib/src/rust/library/alloc/src/macros.rs,114,13
2051,CALL_SITE,emit::items::emit_node::bb57::call51,/home/cicero-arch-omen/.rustup/toolchains/nightly-x86_64-unknown-linux-gnu/lib/rustlib/src/rust/library/alloc/src/macros.rs,114,13
2052,BASIC_BLOCK,emit::items::emit_node::bb58,/home/cicero-arch-omen/.rustup/toolchains/nightly-x86_64-unknown-linux-gnu/lib/rustlib/src/rust/library/alloc/src/macros.rs,114,73
2053,BASIC_BLOCK,emit::items::emit_node::bb59,/home/cicero-arch-omen/.rustup/toolchains/nightly-x86_64-unknown-linux-gnu/lib/rustlib/src/rust/library/alloc/src/macros.rs,113,9
2054,CALL_SITE,emit::items::emit_node::bb59::call52,/home/cicero-arch-omen/.rustup/toolchains/nightly-x86_64-unknown-linux-gnu/lib/rustlib/src/rust/library/alloc/src/macros.rs,113,9
2055,CALL_SITE,emit::items::emit_node::bb5::call4,canon-projection/src/emit/items.rs,44,23
2056,BASIC_BLOCK,emit::items::emit_node::bb6,canon-projection/src/emit/items.rs,40,23
2057,BASIC_BLOCK,emit::items::emit_node::bb60,canon-projection/src/emit/items.rs,45,29
2058,BASIC_BLOCK,emit::items::emit_node::bb61,canon-projection/src/emit/items.rs,45,26
2059,BASIC_BLOCK,emit::items::emit_node::bb62,canon-projection/src/emit/items.rs,45,26
2060,BASIC_BLOCK,emit::items::emit_node::bb63,canon-projection/src/emit/items.rs,46,70
2061,CALL_SITE,emit::items::emit_node::bb63::call53,canon-projection/src/emit/items.rs,46,70
2062,BASIC_BLOCK,emit::items::emit_node::bb64,canon-projection/src/emit/items.rs,46,96
2063,CALL_SITE,emit::items::emit_node::bb64::call54,canon-projection/src/emit/items.rs,46,96
2064,BASIC_BLOCK,emit::items::emit_node::bb65,canon-projection/src/emit/items.rs,46,121
2065,CALL_SITE,emit::items::emit_node::bb65::call55,canon-projection/src/emit/items.rs,46,121
2066,BASIC_BLOCK,emit::items::emit_node::bb66,canon-projection/src/emit/items.rs,46,22
2067,CALL_SITE,emit::items::emit_node::bb66::call56,canon-projection/src/emit/items.rs,46,22
2068,BASIC_BLOCK,emit::items::emit_node::bb67,canon-projection/src/emit/items.rs,46,24
2069,CALL_SITE,emit::items::emit_node::bb67::call57,canon-projection/src/emit/items.rs,46,24
2070,BASIC_BLOCK,emit::items::emit_node::bb68,canon-projection/src/emit/items.rs,46,33
2071,CALL_SITE,emit::items::emit_node::bb68::call58,canon-projection/src/emit/items.rs,46,33
2072,BASIC_BLOCK,emit::items::emit_node::bb69,canon-projection/src/emit/items.rs,46,35
2073,CALL_SITE,emit::items::emit_node::bb69::call59,canon-projection/src/emit/items.rs,46,35
2074,CALL_SITE,emit::items::emit_node::bb6::call5,canon-projection/src/emit/items.rs,40,23
2075,BASIC_BLOCK,emit::items::emit_node::bb7,canon-projection/src/emit/items.rs,38,67
2076,BASIC_BLOCK,emit::items::emit_node::bb70,canon-projection/src/emit/items.rs,46,39
2077,CALL_SITE,emit::items::emit_node::bb70::call60,canon-projection/src/emit/items.rs,46,39
2078,BASIC_BLOCK,emit::items::emit_node::bb71,canon-projection/src/emit/items.rs,46,44
2079,CALL_SITE,emit::items::emit_node::bb71::call61,canon-projection/src/emit/items.rs,46,44
2080,BASIC_BLOCK,emit::items::emit_node::bb72,/home/cicero-arch-omen/.rustup/toolchains/nightly-x86_64-unknown-linux-gnu/lib/rustlib/src/rust/library/alloc/src/macros.rs,114,33
2081,CALL_SITE,emit::items::emit_node::bb72::call62,/home/cicero-arch-omen/.rustup/toolchains/nightly-x86_64-unknown-linux-gnu/lib/rustlib/src/rust/library/alloc/src/macros.rs,114,33
2082,BASIC_BLOCK,emit::items::emit_node::bb73,/home/cicero-arch-omen/.rustup/toolchains/nightly-x86_64-unknown-linux-gnu/lib/rustlib/src/rust/library/alloc/src/macros.rs,114,13
2083,CALL_SITE,emit::items::emit_node::bb73::call63,/home/cicero-arch-omen/.rustup/toolchains/nightly-x86_64-unknown-linux-gnu/lib/rustlib/src/rust/library/alloc/src/macros.rs,114,13
2084,BASIC_BLOCK,emit::items::emit_node::bb74,/home/cicero-arch-omen/.rustup/toolchains/nightly-x86_64-unknown-linux-gnu/lib/rustlib/src/rust/library/alloc/src/macros.rs,114,73
2085,BASIC_BLOCK,emit::items::emit_node::bb75,/home/cicero-arch-omen/.rustup/toolchains/nightly-x86_64-unknown-linux-gnu/lib/rustlib/src/rust/library/alloc/src/macros.rs,113,9
2086,CALL_SITE,emit::items::emit_node::bb75::call64,/home/cicero-arch-omen/.rustup/toolchains/nightly-x86_64-unknown-linux-gnu/lib/rustlib/src/rust/library/alloc/src/macros.rs,113,9
2087,BASIC_BLOCK,emit::items::emit_node::bb76,canon-projection/src/emit/items.rs,50,46
2088,CALL_SITE,emit::items::emit_node::bb76::call65,canon-projection/src/emit/items.rs,50,46
2089,BASIC_BLOCK,emit::items::emit_node::bb77,canon-projection/src/emit/items.rs,50,22
2090,CALL_SITE,emit::items::emit_node::bb77::call66,canon-projection/src/emit/items.rs,50,22
2091,BASIC_BLOCK,emit::items::emit_node::bb78,canon-projection/src/emit/items.rs,51,56
2092,CALL_SITE,emit::items::emit_node::bb78::call67,canon-projection/src/emit/items.rs,51,56
2093,BASIC_BLOCK,emit::items::emit_node::bb79,canon-projection/src/emit/items.rs,51,86
2094,CALL_SITE,emit::items::emit_node::bb79::call68,canon-projection/src/emit/items.rs,51,86
2095,CALL_SITE,emit::items::emit_node::bb7::call6,canon-projection/src/emit/items.rs,38,67
2096,BASIC_BLOCK,emit::items::emit_node::bb8,canon-projection/src/emit/items.rs,37,65
2097,BASIC_BLOCK,emit::items::emit_node::bb80,canon-projection/src/emit/items.rs,51,22
2098,CALL_SITE,emit::items::emit_node::bb80::call69,canon-projection/src/emit/items.rs,51,22
2099,BASIC_BLOCK,emit::items::emit_node::bb81,canon-projection/src/emit/items.rs,51,24
2100,CALL_SITE,emit::items::emit_node::bb81::call70,canon-projection/src/emit/items.rs,51,24
2101,BASIC_BLOCK,emit::items::emit_node::bb82,canon-projection/src/emit/items.rs,51,31
2102,CALL_SITE,emit::items::emit_node::bb82::call71,canon-projection/src/emit/items.rs,51,31
2103,BASIC_BLOCK,emit::items::emit_node::bb83,canon-projection/src/emit/items.rs,51,33
2104,CALL_SITE,emit::items::emit_node::bb83::call72,canon-projection/src/emit/items.rs,51,33
2105,BASIC_BLOCK,emit::items::emit_node::bb84,canon-projection/src/emit/items.rs,51,38
2106,CALL_SITE,emit::items::emit_node::bb84::call73,canon-projection/src/emit/items.rs,51,38
2107,BASIC_BLOCK,emit::items::emit_node::bb85,/home/cicero-arch-omen/.rustup/toolchains/nightly-x86_64-unknown-linux-gnu/lib/rustlib/src/rust/library/alloc/src/macros.rs,114,33
2108,CALL_SITE,emit::items::emit_node::bb85::call74,/home/cicero-arch-omen/.rustup/toolchains/nightly-x86_64-unknown-linux-gnu/lib/rustlib/src/rust/library/alloc/src/macros.rs,114,33
2109,BASIC_BLOCK,emit::items::emit_node::bb86,/home/cicero-arch-omen/.rustup/toolchains/nightly-x86_64-unknown-linux-gnu/lib/rustlib/src/rust/library/alloc/src/macros.rs,114,13
2110,CALL_SITE,emit::items::emit_node::bb86::call75,/home/cicero-arch-omen/.rustup/toolchains/nightly-x86_64-unknown-linux-gnu/lib/rustlib/src/rust/library/alloc/src/macros.rs,114,13
2111,BASIC_BLOCK,emit::items::emit_node::bb87,/home/cicero-arch-omen/.rustup/toolchains/nightly-x86_64-unknown-linux-gnu/lib/rustlib/src/rust/library/alloc/src/macros.rs,114,73
2112,BASIC_BLOCK,emit::items::emit_node::bb88,/home/cicero-arch-omen/.rustup/toolchains/nightly-x86_64-unknown-linux-gnu/lib/rustlib/src/rust/library/alloc/src/macros.rs,113,9
2113,CALL_SITE,emit::items::emit_node::bb88::call76,/home/cicero-arch-omen/.rustup/toolchains/nightly-x86_64-unknown-linux-gnu/lib/rustlib/src/rust/library/alloc/src/macros.rs,113,9
2114,BASIC_BLOCK,emit::items::emit_node::bb89,canon-projection/src/emit/items.rs,52,9
2115,CALL_SITE,emit::items::emit_node::bb8::call7,canon-projection/src/emit/items.rs,37,65
2116,BASIC_BLOCK,emit::items::emit_node::bb9,canon-projection/src/emit/items.rs,36,90
2117,BASIC_BLOCK,emit::items::emit_node::bb90,canon-projection/src/emit/items.rs,56,2
2118,BASIC_BLOCK,emit::items::emit_node::bb91,/home/cicero-arch-omen/.rustup/toolchains/nightly-x86_64-unknown-linux-gnu/lib/rustlib/src/rust/library/alloc/src/macros.rs,114,73
2119,BASIC_BLOCK,emit::items::emit_node::bb92,canon-projection/src/emit/items.rs,52,9
2120,BASIC_BLOCK,emit::items::emit_node::bb93,/home/cicero-arch-omen/.rustup/toolchains/nightly-x86_64-unknown-linux-gnu/lib/rustlib/src/rust/library/alloc/src/macros.rs,114,73
2121,BASIC_BLOCK,emit::items::emit_node::bb94,/home/cicero-arch-omen/.rustup/toolchains/nightly-x86_64-unknown-linux-gnu/lib/rustlib/src/rust/library/alloc/src/macros.rs,114,73
2122,BASIC_BLOCK,emit::items::emit_node::bb95,canon-projection/src/emit/items.rs,33,9
2123,BASIC_BLOCK,emit::items::emit_node::bb96,canon-projection/src/emit/items.rs,28,9
2124,BASIC_BLOCK,emit::items::emit_node::bb97,canon-projection/src/emit/items.rs,19,1
2125,CALL_SITE,emit::items::emit_node::bb9::call8,canon-projection/src/emit/items.rs,36,90
2126,FUNCTION,emit::items::emit_node::fn,canon-projection/src/emit/items.rs,19,1
2127,PARAM,emit::items::emit_node::param0,canon-projection/src/emit/items.rs,19,18
2128,PARAM,emit::items::emit_node::param1,canon-projection/src/emit/items.rs,19,32
2129,PARAM,emit::items::emit_node::param2,canon-projection/src/emit/items.rs,19,45
2130,MODULE,emit::macros,canon-projection/src/emit/mod.rs,9,1
2131,BASIC_BLOCK,emit::macros::emit_macro_call::bb0,canon-projection/src/emit/macros.rs,5,34
2132,CALL_SITE,emit::macros::emit_macro_call::bb0::call0,canon-projection/src/emit/macros.rs,5,34
2133,BASIC_BLOCK,emit::macros::emit_macro_call::bb1,canon-projection/src/emit/macros.rs,5,59
2134,CALL_SITE,emit::macros::emit_macro_call::bb1::call1,canon-projection/src/emit/macros.rs,5,59
2135,BASIC_BLOCK,emit::macros::emit_macro_call::bb2,canon-projection/src/emit/macros.rs,5,14
2136,CALL_SITE,emit::macros::emit_macro_call::bb2::call2,canon-projection/src/emit/macros.rs,5,14
2137,BASIC_BLOCK,emit::macros::emit_macro_call::bb3,canon-projection/src/emit/macros.rs,5,16
2138,CALL_SITE,emit::macros::emit_macro_call::bb3::call3,canon-projection/src/emit/macros.rs,5,16
2139,BASIC_BLOCK,emit::macros::emit_macro_call::bb4,canon-projection/src/emit/macros.rs,5,20
2140,CALL_SITE,emit::macros::emit_macro_call::bb4::call4,canon-projection/src/emit/macros.rs,5,20
2141,BASIC_BLOCK,emit::macros::emit_macro_call::bb5,/home/cicero-arch-omen/.rustup/toolchains/nightly-x86_64-unknown-linux-gnu/lib/rustlib/src/rust/library/alloc/src/macros.rs,114,33
2142,CALL_SITE,emit::macros::emit_macro_call::bb5::call5,/home/cicero-arch-omen/.rustup/toolchains/nightly-x86_64-unknown-linux-gnu/lib/rustlib/src/rust/library/alloc/src/macros.rs,114,33
2143,BASIC_BLOCK,emit::macros::emit_macro_call::bb6,/home/cicero-arch-omen/.rustup/toolchains/nightly-x86_64-unknown-linux-gnu/lib/rustlib/src/rust/library/alloc/src/macros.rs,114,13
2144,CALL_SITE,emit::macros::emit_macro_call::bb6::call6,/home/cicero-arch-omen/.rustup/toolchains/nightly-x86_64-unknown-linux-gnu/lib/rustlib/src/rust/library/alloc/src/macros.rs,114,13
2145,BASIC_BLOCK,emit::macros::emit_macro_call::bb7,/home/cicero-arch-omen/.rustup/toolchains/nightly-x86_64-unknown-linux-gnu/lib/rustlib/src/rust/library/alloc/src/macros.rs,113,9
2146,CALL_SITE,emit::macros::emit_macro_call::bb7::call7,/home/cicero-arch-omen/.rustup/toolchains/nightly-x86_64-unknown-linux-gnu/lib/rustlib/src/rust/library/alloc/src/macros.rs,113,9
2147,BASIC_BLOCK,emit::macros::emit_macro_call::bb8,canon-projection/src/emit/macros.rs,6,2
2148,FUNCTION,emit::macros::emit_macro_call::fn,canon-projection/src/emit/macros.rs,4,1
2149,PARAM,emit::macros::emit_macro_call::param0,canon-projection/src/emit/macros.rs,4,24
2150,PARAM,emit::macros::emit_macro_call::param1,canon-projection/src/emit/macros.rs,4,38
2151,PARAM,emit::macros::emit_macro_call::param2,canon-projection/src/emit/macros.rs,4,55
2152,PARAM,emit::macros::emit_macro_call::param3,canon-projection/src/emit/macros.rs,4,74
2153,PARAM,emit::param0,canon-projection/src/lib.rs,17,13
2154,PARAM,emit::param1,canon-projection/src/lib.rs,17,27
2155,MODULE,emit::types,canon-projection/src/emit/mod.rs,10,1
2156,BASIC_BLOCK,emit::types::emit_enum::bb0,canon-projection/src/emit/types.rs,39,15
2157,CALL_SITE,emit::types::emit_enum::bb0::call0,canon-projection/src/emit/types.rs,39,15
2158,BASIC_BLOCK,emit::types::emit_enum::bb1,canon-projection/src/emit/types.rs,40,14
2159,BASIC_BLOCK,emit::types::emit_enum::bb10,/home/cicero-arch-omen/.rustup/toolchains/nightly-x86_64-unknown-linux-gnu/lib/rustlib/src/rust/library/alloc/src/macros.rs,114,13
2160,CALL_SITE,emit::types::emit_enum::bb10::call10,/home/cicero-arch-omen/.rustup/toolchains/nightly-x86_64-unknown-linux-gnu/lib/rustlib/src/rust/library/alloc/src/macros.rs,114,13
2161,BASIC_BLOCK,emit::types::emit_enum::bb11,/home/cicero-arch-omen/.rustup/toolchains/nightly-x86_64-unknown-linux-gnu/lib/rustlib/src/rust/library/alloc/src/macros.rs,113,9
2162,CALL_SITE,emit::types::emit_enum::bb11::call11,/home/cicero-arch-omen/.rustup/toolchains/nightly-x86_64-unknown-linux-gnu/lib/rustlib/src/rust/library/alloc/src/macros.rs,113,9
2163,BASIC_BLOCK,emit::types::emit_enum::bb12,canon-projection/src/emit/types.rs,43,14
2164,CALL_SITE,emit::types::emit_enum::bb12::call12,canon-projection/src/emit/types.rs,43,14
2165,BASIC_BLOCK,emit::types::emit_enum::bb13,canon-projection/src/emit/types.rs,43,5
2166,BASIC_BLOCK,emit::types::emit_enum::bb14,canon-projection/src/emit/types.rs,43,14
2167,CALL_SITE,emit::types::emit_enum::bb14::call13,canon-projection/src/emit/types.rs,43,14
2168,BASIC_BLOCK,emit::types::emit_enum::bb15,canon-projection/src/emit/types.rs,43,14
2169,BASIC_BLOCK,emit::types::emit_enum::bb16,canon-projection/src/emit/types.rs,43,14
2170,BASIC_BLOCK,emit::types::emit_enum::bb17,canon-projection/src/emit/types.rs,44,62
2171,CALL_SITE,emit::types::emit_enum::bb17::call14,canon-projection/src/emit/types.rs,44,62
2172,BASIC_BLOCK,emit::types::emit_enum::bb18,canon-projection/src/emit/types.rs,73,28
2173,CALL_SITE,emit::types::emit_enum::bb18::call15,canon-projection/src/emit/types.rs,73,28
2174,BASIC_BLOCK,emit::types::emit_enum::bb19,canon-projection/src/emit/types.rs,44,16
2175,CALL_SITE,emit::types::emit_enum::bb1::call1,canon-projection/src/emit/types.rs,40,14
2176,BASIC_BLOCK,emit::types::emit_enum::bb2,canon-projection/src/emit/types.rs,41,24
2177,BASIC_BLOCK,emit::types::emit_enum::bb20,canon-projection/src/emit/types.rs,45,16
2178,CALL_SITE,emit::types::emit_enum::bb20::call16,canon-projection/src/emit/types.rs,45,16
2179,BASIC_BLOCK,emit::types::emit_enum::bb21,canon-projection/src/emit/types.rs,45,16
2180,BASIC_BLOCK,emit::types::emit_enum::bb22,canon-projection/src/emit/types.rs,46,59
2181,CALL_SITE,emit::types::emit_enum::bb22::call17,canon-projection/src/emit/types.rs,46,59
2182,BASIC_BLOCK,emit::types::emit_enum::bb23,canon-projection/src/emit/types.rs,46,40
2183,CALL_SITE,emit::types::emit_enum::bb23::call18,canon-projection/src/emit/types.rs,46,40
2184,BASIC_BLOCK,emit::types::emit_enum::bb24,canon-projection/src/emit/types.rs,46,46
2185,CALL_SITE,emit::types::emit_enum::bb24::call19,canon-projection/src/emit/types.rs,46,46
2186,BASIC_BLOCK,emit::types::emit_enum::bb25,/home/cicero-arch-omen/.rustup/toolchains/nightly-x86_64-unknown-linux-gnu/lib/rustlib/src/rust/library/alloc/src/macros.rs,114,33
2187,CALL_SITE,emit::types::emit_enum::bb25::call20,/home/cicero-arch-omen/.rustup/toolchains/nightly-x86_64-unknown-linux-gnu/lib/rustlib/src/rust/library/alloc/src/macros.rs,114,33
2188,BASIC_BLOCK,emit::types::emit_enum::bb26,/home/cicero-arch-omen/.rustup/toolchains/nightly-x86_64-unknown-linux-gnu/lib/rustlib/src/rust/library/alloc/src/macros.rs,114,13
2189,CALL_SITE,emit::types::emit_enum::bb26::call21,/home/cicero-arch-omen/.rustup/toolchains/nightly-x86_64-unknown-linux-gnu/lib/rustlib/src/rust/library/alloc/src/macros.rs,114,13
2190,BASIC_BLOCK,emit::types::emit_enum::bb27,/home/cicero-arch-omen/.rustup/toolchains/nightly-x86_64-unknown-linux-gnu/lib/rustlib/src/rust/library/alloc/src/macros.rs,113,9
2191,CALL_SITE,emit::types::emit_enum::bb27::call22,/home/cicero-arch-omen/.rustup/toolchains/nightly-x86_64-unknown-linux-gnu/lib/rustlib/src/rust/library/alloc/src/macros.rs,113,9
2192,BASIC_BLOCK,emit::types::emit_enum::bb28,canon-projection/src/emit/types.rs,46,30
2193,CALL_SITE,emit::types::emit_enum::bb28::call23,canon-projection/src/emit/types.rs,46,30
2194,BASIC_BLOCK,emit::types::emit_enum::bb29,canon-projection/src/emit/types.rs,46,17
2195,CALL_SITE,emit::types::emit_enum::bb29::call24,canon-projection/src/emit/types.rs,46,17
2196,CALL_SITE,emit::types::emit_enum::bb2::call2,canon-projection/src/emit/types.rs,41,24
2197,BASIC_BLOCK,emit::types::emit_enum::bb3,canon-projection/src/emit/types.rs,42,75
2198,BASIC_BLOCK,emit::types::emit_enum::bb30,canon-projection/src/emit/types.rs,46,85
2199,BASIC_BLOCK,emit::types::emit_enum::bb31,canon-projection/src/emit/types.rs,48,33
2200,CALL_SITE,emit::types::emit_enum::bb31::call25,canon-projection/src/emit/types.rs,48,33
2201,BASIC_BLOCK,emit::types::emit_enum::bb32,canon-projection/src/emit/types.rs,48,33
2202,CALL_SITE,emit::types::emit_enum::bb32::call26,canon-projection/src/emit/types.rs,48,33
2203,BASIC_BLOCK,emit::types::emit_enum::bb33,canon-projection/src/emit/types.rs,48,33
2204,CALL_SITE,emit::types::emit_enum::bb33::call27,canon-projection/src/emit/types.rs,48,33
2205,BASIC_BLOCK,emit::types::emit_enum::bb34,canon-projection/src/emit/types.rs,49,20
2206,BASIC_BLOCK,emit::types::emit_enum::bb35,canon-projection/src/emit/types.rs,50,35
2207,CALL_SITE,emit::types::emit_enum::bb35::call28,canon-projection/src/emit/types.rs,50,35
2208,BASIC_BLOCK,emit::types::emit_enum::bb36,canon-projection/src/emit/types.rs,50,35
2209,CALL_SITE,emit::types::emit_enum::bb36::call29,canon-projection/src/emit/types.rs,50,35
2210,BASIC_BLOCK,emit::types::emit_enum::bb37,canon-projection/src/emit/types.rs,50,35
2211,CALL_SITE,emit::types::emit_enum::bb37::call30,canon-projection/src/emit/types.rs,50,35
2212,BASIC_BLOCK,emit::types::emit_enum::bb38,canon-projection/src/emit/types.rs,50,35
2213,CALL_SITE,emit::types::emit_enum::bb38::call31,canon-projection/src/emit/types.rs,50,35
2214,BASIC_BLOCK,emit::types::emit_enum::bb39,canon-projection/src/emit/types.rs,50,35
2215,CALL_SITE,emit::types::emit_enum::bb39::call32,canon-projection/src/emit/types.rs,50,35
2216,CALL_SITE,emit::types::emit_enum::bb3::call3,canon-projection/src/emit/types.rs,42,75
2217,BASIC_BLOCK,emit::types::emit_enum::bb4,canon-projection/src/emit/types.rs,42,28
2218,BASIC_BLOCK,emit::types::emit_enum::bb40,canon-projection/src/emit/types.rs,50,35
2219,CALL_SITE,emit::types::emit_enum::bb40::call33,canon-projection/src/emit/types.rs,50,35
2220,BASIC_BLOCK,emit::types::emit_enum::bb41,canon-projection/src/emit/types.rs,57,36
2221,BASIC_BLOCK,emit::types::emit_enum::bb42,canon-projection/src/emit/types.rs,58,72
2222,CALL_SITE,emit::types::emit_enum::bb42::call34,canon-projection/src/emit/types.rs,58,72
2223,BASIC_BLOCK,emit::types::emit_enum::bb43,canon-projection/src/emit/types.rs,58,44
2224,CALL_SITE,emit::types::emit_enum::bb43::call35,canon-projection/src/emit/types.rs,58,44
2225,BASIC_BLOCK,emit::types::emit_enum::bb44,canon-projection/src/emit/types.rs,58,50
2226,CALL_SITE,emit::types::emit_enum::bb44::call36,canon-projection/src/emit/types.rs,58,50
2227,BASIC_BLOCK,emit::types::emit_enum::bb45,canon-projection/src/emit/types.rs,58,56
2228,CALL_SITE,emit::types::emit_enum::bb45::call37,canon-projection/src/emit/types.rs,58,56
2229,BASIC_BLOCK,emit::types::emit_enum::bb46,/home/cicero-arch-omen/.rustup/toolchains/nightly-x86_64-unknown-linux-gnu/lib/rustlib/src/rust/library/alloc/src/macros.rs,114,33
2230,CALL_SITE,emit::types::emit_enum::bb46::call38,/home/cicero-arch-omen/.rustup/toolchains/nightly-x86_64-unknown-linux-gnu/lib/rustlib/src/rust/library/alloc/src/macros.rs,114,33
2231,BASIC_BLOCK,emit::types::emit_enum::bb47,/home/cicero-arch-omen/.rustup/toolchains/nightly-x86_64-unknown-linux-gnu/lib/rustlib/src/rust/library/alloc/src/macros.rs,114,13
2232,CALL_SITE,emit::types::emit_enum::bb47::call39,/home/cicero-arch-omen/.rustup/toolchains/nightly-x86_64-unknown-linux-gnu/lib/rustlib/src/rust/library/alloc/src/macros.rs,114,13
2233,BASIC_BLOCK,emit::types::emit_enum::bb48,/home/cicero-arch-omen/.rustup/toolchains/nightly-x86_64-unknown-linux-gnu/lib/rustlib/src/rust/library/alloc/src/macros.rs,113,9
2234,CALL_SITE,emit::types::emit_enum::bb48::call40,/home/cicero-arch-omen/.rustup/toolchains/nightly-x86_64-unknown-linux-gnu/lib/rustlib/src/rust/library/alloc/src/macros.rs,113,9
2235,BASIC_BLOCK,emit::types::emit_enum::bb49,canon-projection/src/emit/types.rs,58,34
2236,CALL_SITE,emit::types::emit_enum::bb49::call41,canon-projection/src/emit/types.rs,58,34
2237,CALL_SITE,emit::types::emit_enum::bb4::call4,canon-projection/src/emit/types.rs,42,28
2238,BASIC_BLOCK,emit::types::emit_enum::bb5,canon-projection/src/emit/types.rs,42,30
2239,BASIC_BLOCK,emit::types::emit_enum::bb50,canon-projection/src/emit/types.rs,58,21
2240,CALL_SITE,emit::types::emit_enum::bb50::call42,canon-projection/src/emit/types.rs,58,21
2241,BASIC_BLOCK,emit::types::emit_enum::bb51,canon-projection/src/emit/types.rs,58,107
2242,BASIC_BLOCK,emit::types::emit_enum::bb52,canon-projection/src/emit/types.rs,59,17
2243,BASIC_BLOCK,emit::types::emit_enum::bb53,canon-projection/src/emit/types.rs,60,31
2244,CALL_SITE,emit::types::emit_enum::bb53::call43,canon-projection/src/emit/types.rs,60,31
2245,BASIC_BLOCK,emit::types::emit_enum::bb54,canon-projection/src/emit/types.rs,60,31
2246,CALL_SITE,emit::types::emit_enum::bb54::call44,canon-projection/src/emit/types.rs,60,31
2247,BASIC_BLOCK,emit::types::emit_enum::bb55,canon-projection/src/emit/types.rs,60,31
2248,CALL_SITE,emit::types::emit_enum::bb55::call45,canon-projection/src/emit/types.rs,60,31
2249,BASIC_BLOCK,emit::types::emit_enum::bb56,canon-projection/src/emit/types.rs,60,31
2250,CALL_SITE,emit::types::emit_enum::bb56::call46,canon-projection/src/emit/types.rs,60,31
2251,BASIC_BLOCK,emit::types::emit_enum::bb57,canon-projection/src/emit/types.rs,60,31
2252,CALL_SITE,emit::types::emit_enum::bb57::call47,canon-projection/src/emit/types.rs,60,31
2253,BASIC_BLOCK,emit::types::emit_enum::bb58,canon-projection/src/emit/types.rs,60,31
2254,CALL_SITE,emit::types::emit_enum::bb58::call48,canon-projection/src/emit/types.rs,60,31
2255,BASIC_BLOCK,emit::types::emit_enum::bb59,canon-projection/src/emit/types.rs,67,36
2256,CALL_SITE,emit::types::emit_enum::bb5::call5,canon-projection/src/emit/types.rs,42,30
2257,BASIC_BLOCK,emit::types::emit_enum::bb6,canon-projection/src/emit/types.rs,42,32
2258,BASIC_BLOCK,emit::types::emit_enum::bb60,canon-projection/src/emit/types.rs,68,67
2259,CALL_SITE,emit::types::emit_enum::bb60::call49,canon-projection/src/emit/types.rs,68,67
2260,BASIC_BLOCK,emit::types::emit_enum::bb61,canon-projection/src/emit/types.rs,68,44
2261,CALL_SITE,emit::types::emit_enum::bb61::call50,canon-projection/src/emit/types.rs,68,44
2262,BASIC_BLOCK,emit::types::emit_enum::bb62,canon-projection/src/emit/types.rs,68,50
2263,CALL_SITE,emit::types::emit_enum::bb62::call51,canon-projection/src/emit/types.rs,68,50
2264,BASIC_BLOCK,emit::types::emit_enum::bb63,canon-projection/src/emit/types.rs,68,53
2265,CALL_SITE,emit::types::emit_enum::bb63::call52,canon-projection/src/emit/types.rs,68,53
2266,BASIC_BLOCK,emit::types::emit_enum::bb64,/home/cicero-arch-omen/.rustup/toolchains/nightly-x86_64-unknown-linux-gnu/lib/rustlib/src/rust/library/alloc/src/macros.rs,114,33
2267,CALL_SITE,emit::types::emit_enum::bb64::call53,/home/cicero-arch-omen/.rustup/toolchains/nightly-x86_64-unknown-linux-gnu/lib/rustlib/src/rust/library/alloc/src/macros.rs,114,33
2268,BASIC_BLOCK,emit::types::emit_enum::bb65,/home/cicero-arch-omen/.rustup/toolchains/nightly-x86_64-unknown-linux-gnu/lib/rustlib/src/rust/library/alloc/src/macros.rs,114,13
2269,CALL_SITE,emit::types::emit_enum::bb65::call54,/home/cicero-arch-omen/.rustup/toolchains/nightly-x86_64-unknown-linux-gnu/lib/rustlib/src/rust/library/alloc/src/macros.rs,114,13
2270,BASIC_BLOCK,emit::types::emit_enum::bb66,/home/cicero-arch-omen/.rustup/toolchains/nightly-x86_64-unknown-linux-gnu/lib/rustlib/src/rust/library/alloc/src/macros.rs,113,9
2271,CALL_SITE,emit::types::emit_enum::bb66::call55,/home/cicero-arch-omen/.rustup/toolchains/nightly-x86_64-unknown-linux-gnu/lib/rustlib/src/rust/library/alloc/src/macros.rs,113,9
2272,BASIC_BLOCK,emit::types::emit_enum::bb67,canon-projection/src/emit/types.rs,68,34
2273,CALL_SITE,emit::types::emit_enum::bb67::call56,canon-projection/src/emit/types.rs,68,34
2274,BASIC_BLOCK,emit::types::emit_enum::bb68,canon-projection/src/emit/types.rs,68,21
2275,CALL_SITE,emit::types::emit_enum::bb68::call57,canon-projection/src/emit/types.rs,68,21
2276,BASIC_BLOCK,emit::types::emit_enum::bb69,canon-projection/src/emit/types.rs,68,98
2277,CALL_SITE,emit::types::emit_enum::bb6::call6,canon-projection/src/emit/types.rs,42,32
2278,BASIC_BLOCK,emit::types::emit_enum::bb7,canon-projection/src/emit/types.rs,42,39
2279,BASIC_BLOCK,emit::types::emit_enum::bb70,canon-projection/src/emit/types.rs,69,17
2280,BASIC_BLOCK,emit::types::emit_enum::bb71,/home/cicero-arch-omen/.rustup/toolchains/nightly-x86_64-unknown-linux-gnu/lib/rustlib/src/rust/library/alloc/src/macros.rs,114,33
2281,CALL_SITE,emit::types::emit_enum::bb71::call58,/home/cicero-arch-omen/.rustup/toolchains/nightly-x86_64-unknown-linux-gnu/lib/rustlib/src/rust/library/alloc/src/macros.rs,114,33
2282,BASIC_BLOCK,emit::types::emit_enum::bb72,/home/cicero-arch-omen/.rustup/toolchains/nightly-x86_64-unknown-linux-gnu/lib/rustlib/src/rust/library/alloc/src/macros.rs,114,13
2283,CALL_SITE,emit::types::emit_enum::bb72::call59,/home/cicero-arch-omen/.rustup/toolchains/nightly-x86_64-unknown-linux-gnu/lib/rustlib/src/rust/library/alloc/src/macros.rs,114,13
2284,BASIC_BLOCK,emit::types::emit_enum::bb73,/home/cicero-arch-omen/.rustup/toolchains/nightly-x86_64-unknown-linux-gnu/lib/rustlib/src/rust/library/alloc/src/macros.rs,113,9
2285,CALL_SITE,emit::types::emit_enum::bb73::call60,/home/cicero-arch-omen/.rustup/toolchains/nightly-x86_64-unknown-linux-gnu/lib/rustlib/src/rust/library/alloc/src/macros.rs,113,9
2286,BASIC_BLOCK,emit::types::emit_enum::bb74,canon-projection/src/emit/types.rs,73,18
2287,CALL_SITE,emit::types::emit_enum::bb74::call61,canon-projection/src/emit/types.rs,73,18
2288,BASIC_BLOCK,emit::types::emit_enum::bb75,canon-projection/src/emit/types.rs,73,5
2289,CALL_SITE,emit::types::emit_enum::bb75::call62,canon-projection/src/emit/types.rs,73,5
2290,BASIC_BLOCK,emit::types::emit_enum::bb76,canon-projection/src/emit/types.rs,73,42
2291,BASIC_BLOCK,emit::types::emit_enum::bb77,canon-projection/src/emit/types.rs,75,1
2292,BASIC_BLOCK,emit::types::emit_enum::bb78,canon-projection/src/emit/types.rs,75,1
2293,BASIC_BLOCK,emit::types::emit_enum::bb79,canon-projection/src/emit/types.rs,75,2
2294,CALL_SITE,emit::types::emit_enum::bb7::call7,canon-projection/src/emit/types.rs,42,39
2295,BASIC_BLOCK,emit::types::emit_enum::bb8,canon-projection/src/emit/types.rs,42,41
2296,BASIC_BLOCK,emit::types::emit_enum::bb80,canon-projection/src/emit/types.rs,73,42
2297,BASIC_BLOCK,emit::types::emit_enum::bb81,canon-projection/src/emit/types.rs,68,98
2298,BASIC_BLOCK,emit::types::emit_enum::bb82,canon-projection/src/emit/types.rs,69,17
2299,BASIC_BLOCK,emit::types::emit_enum::bb83,canon-projection/src/emit/types.rs,67,36
2300,BASIC_BLOCK,emit::types::emit_enum::bb84,canon-projection/src/emit/types.rs,58,107
2301,BASIC_BLOCK,emit::types::emit_enum::bb85,canon-projection/src/emit/types.rs,59,17
2302,BASIC_BLOCK,emit::types::emit_enum::bb86,canon-projection/src/emit/types.rs,57,36
2303,BASIC_BLOCK,emit::types::emit_enum::bb87,canon-projection/src/emit/types.rs,46,85
2304,BASIC_BLOCK,emit::types::emit_enum::bb88,canon-projection/src/emit/types.rs,75,1
2305,BASIC_BLOCK,emit::types::emit_enum::bb89,canon-projection/src/emit/types.rs,75,1
2306,CALL_SITE,emit::types::emit_enum::bb8::call8,canon-projection/src/emit/types.rs,42,41
2307,BASIC_BLOCK,emit::types::emit_enum::bb9,/home/cicero-arch-omen/.rustup/toolchains/nightly-x86_64-unknown-linux-gnu/lib/rustlib/src/rust/library/alloc/src/macros.rs,114,33
2308,BASIC_BLOCK,emit::types::emit_enum::bb90,canon-projection/src/emit/types.rs,75,1
2309,BASIC_BLOCK,emit::types::emit_enum::bb91,canon-projection/src/emit/types.rs,38,1
2310,CALL_SITE,emit::types::emit_enum::bb9::call9,/home/cicero-arch-omen/.rustup/toolchains/nightly-x86_64-unknown-linux-gnu/lib/rustlib/src/rust/library/alloc/src/macros.rs,114,33
2311,FUNCTION,emit::types::emit_enum::fn,canon-projection/src/emit/types.rs,38,1
2312,PARAM,emit::types::emit_enum::param0,canon-projection/src/emit/types.rs,38,18
2313,PARAM,emit::types::emit_enum::param1,canon-projection/src/emit/types.rs,38,32
2314,PARAM,emit::types::emit_enum::param2,canon-projection/src/emit/types.rs,38,49
2315,PARAM,emit::types::emit_enum::param3,canon-projection/src/emit/types.rs,38,71
2316,PARAM,emit::types::emit_enum::param4,canon-projection/src/emit/types.rs,38,93
2317,PARAM,emit::types::emit_enum::param5,canon-projection/src/emit/types.rs,38,114
2318,PARAM,emit::types::emit_enum::param6,canon-projection/src/emit/types.rs,38,126
2319,BASIC_BLOCK,emit::types::emit_struct::bb0,canon-projection/src/emit/types.rs,7,15
2320,CALL_SITE,emit::types::emit_struct::bb0::call0,canon-projection/src/emit/types.rs,7,15
2321,BASIC_BLOCK,emit::types::emit_struct::bb1,canon-projection/src/emit/types.rs,8,16
2322,BASIC_BLOCK,emit::types::emit_struct::bb10,canon-projection/src/emit/types.rs,12,36
2323,CALL_SITE,emit::types::emit_struct::bb10::call9,canon-projection/src/emit/types.rs,12,36
2324,BASIC_BLOCK,emit::types::emit_struct::bb11,canon-projection/src/emit/types.rs,12,38
2325,CALL_SITE,emit::types::emit_struct::bb11::call10,canon-projection/src/emit/types.rs,12,38
2326,BASIC_BLOCK,emit::types::emit_struct::bb12,/home/cicero-arch-omen/.rustup/toolchains/nightly-x86_64-unknown-linux-gnu/lib/rustlib/src/rust/library/alloc/src/macros.rs,114,33
2327,CALL_SITE,emit::types::emit_struct::bb12::call11,/home/cicero-arch-omen/.rustup/toolchains/nightly-x86_64-unknown-linux-gnu/lib/rustlib/src/rust/library/alloc/src/macros.rs,114,33
2328,BASIC_BLOCK,emit::types::emit_struct::bb13,/home/cicero-arch-omen/.rustup/toolchains/nightly-x86_64-unknown-linux-gnu/lib/rustlib/src/rust/library/alloc/src/macros.rs,114,13
2329,CALL_SITE,emit::types::emit_struct::bb13::call12,/home/cicero-arch-omen/.rustup/toolchains/nightly-x86_64-unknown-linux-gnu/lib/rustlib/src/rust/library/alloc/src/macros.rs,114,13
2330,BASIC_BLOCK,emit::types::emit_struct::bb14,/home/cicero-arch-omen/.rustup/toolchains/nightly-x86_64-unknown-linux-gnu/lib/rustlib/src/rust/library/alloc/src/macros.rs,113,9
2331,CALL_SITE,emit::types::emit_struct::bb14::call13,/home/cicero-arch-omen/.rustup/toolchains/nightly-x86_64-unknown-linux-gnu/lib/rustlib/src/rust/library/alloc/src/macros.rs,113,9
2332,BASIC_BLOCK,emit::types::emit_struct::bb15,canon-projection/src/emit/types.rs,14,23
2333,CALL_SITE,emit::types::emit_struct::bb15::call14,canon-projection/src/emit/types.rs,14,23
2334,BASIC_BLOCK,emit::types::emit_struct::bb16,canon-projection/src/emit/types.rs,14,23
2335,CALL_SITE,emit::types::emit_struct::bb16::call15,canon-projection/src/emit/types.rs,14,23
2336,BASIC_BLOCK,emit::types::emit_struct::bb17,canon-projection/src/emit/types.rs,14,23
2337,CALL_SITE,emit::types::emit_struct::bb17::call16,canon-projection/src/emit/types.rs,14,23
2338,BASIC_BLOCK,emit::types::emit_struct::bb18,canon-projection/src/emit/types.rs,14,23
2339,CALL_SITE,emit::types::emit_struct::bb18::call17,canon-projection/src/emit/types.rs,14,23
2340,BASIC_BLOCK,emit::types::emit_struct::bb19,canon-projection/src/emit/types.rs,21,28
2341,CALL_SITE,emit::types::emit_struct::bb1::call1,canon-projection/src/emit/types.rs,8,16
2342,BASIC_BLOCK,emit::types::emit_struct::bb2,canon-projection/src/emit/types.rs,9,14
2343,BASIC_BLOCK,emit::types::emit_struct::bb20,canon-projection/src/emit/types.rs,22,22
2344,CALL_SITE,emit::types::emit_struct::bb20::call18,canon-projection/src/emit/types.rs,22,22
2345,BASIC_BLOCK,emit::types::emit_struct::bb21,canon-projection/src/emit/types.rs,22,24
2346,CALL_SITE,emit::types::emit_struct::bb21::call19,canon-projection/src/emit/types.rs,22,24
2347,BASIC_BLOCK,emit::types::emit_struct::bb22,canon-projection/src/emit/types.rs,22,26
2348,CALL_SITE,emit::types::emit_struct::bb22::call20,canon-projection/src/emit/types.rs,22,26
2349,BASIC_BLOCK,emit::types::emit_struct::bb23,canon-projection/src/emit/types.rs,22,35
2350,CALL_SITE,emit::types::emit_struct::bb23::call21,canon-projection/src/emit/types.rs,22,35
2351,BASIC_BLOCK,emit::types::emit_struct::bb24,canon-projection/src/emit/types.rs,22,37
2352,CALL_SITE,emit::types::emit_struct::bb24::call22,canon-projection/src/emit/types.rs,22,37
2353,BASIC_BLOCK,emit::types::emit_struct::bb25,canon-projection/src/emit/types.rs,22,40
2354,CALL_SITE,emit::types::emit_struct::bb25::call23,canon-projection/src/emit/types.rs,22,40
2355,BASIC_BLOCK,emit::types::emit_struct::bb26,/home/cicero-arch-omen/.rustup/toolchains/nightly-x86_64-unknown-linux-gnu/lib/rustlib/src/rust/library/alloc/src/macros.rs,114,33
2356,CALL_SITE,emit::types::emit_struct::bb26::call24,/home/cicero-arch-omen/.rustup/toolchains/nightly-x86_64-unknown-linux-gnu/lib/rustlib/src/rust/library/alloc/src/macros.rs,114,33
2357,BASIC_BLOCK,emit::types::emit_struct::bb27,/home/cicero-arch-omen/.rustup/toolchains/nightly-x86_64-unknown-linux-gnu/lib/rustlib/src/rust/library/alloc/src/macros.rs,114,13
2358,CALL_SITE,emit::types::emit_struct::bb27::call25,/home/cicero-arch-omen/.rustup/toolchains/nightly-x86_64-unknown-linux-gnu/lib/rustlib/src/rust/library/alloc/src/macros.rs,114,13
2359,BASIC_BLOCK,emit::types::emit_struct::bb28,/home/cicero-arch-omen/.rustup/toolchains/nightly-x86_64-unknown-linux-gnu/lib/rustlib/src/rust/library/alloc/src/macros.rs,113,9
2360,CALL_SITE,emit::types::emit_struct::bb28::call26,/home/cicero-arch-omen/.rustup/toolchains/nightly-x86_64-unknown-linux-gnu/lib/rustlib/src/rust/library/alloc/src/macros.rs,113,9
2361,BASIC_BLOCK,emit::types::emit_struct::bb29,canon-projection/src/emit/types.rs,23,9
2362,CALL_SITE,emit::types::emit_struct::bb2::call2,canon-projection/src/emit/types.rs,9,14
2363,BASIC_BLOCK,emit::types::emit_struct::bb3,canon-projection/src/emit/types.rs,10,24
2364,BASIC_BLOCK,emit::types::emit_struct::bb30,canon-projection/src/emit/types.rs,25,38
2365,CALL_SITE,emit::types::emit_struct::bb30::call27,canon-projection/src/emit/types.rs,25,38
2366,BASIC_BLOCK,emit::types::emit_struct::bb31,canon-projection/src/emit/types.rs,25,40
2367,CALL_SITE,emit::types::emit_struct::bb31::call28,canon-projection/src/emit/types.rs,25,40
2368,BASIC_BLOCK,emit::types::emit_struct::bb32,canon-projection/src/emit/types.rs,25,49
2369,CALL_SITE,emit::types::emit_struct::bb32::call29,canon-projection/src/emit/types.rs,25,49
2370,BASIC_BLOCK,emit::types::emit_struct::bb33,canon-projection/src/emit/types.rs,25,51
2371,CALL_SITE,emit::types::emit_struct::bb33::call30,canon-projection/src/emit/types.rs,25,51
2372,BASIC_BLOCK,emit::types::emit_struct::bb34,/home/cicero-arch-omen/.rustup/toolchains/nightly-x86_64-unknown-linux-gnu/lib/rustlib/src/rust/library/alloc/src/macros.rs,114,33
2373,CALL_SITE,emit::types::emit_struct::bb34::call31,/home/cicero-arch-omen/.rustup/toolchains/nightly-x86_64-unknown-linux-gnu/lib/rustlib/src/rust/library/alloc/src/macros.rs,114,33
2374,BASIC_BLOCK,emit::types::emit_struct::bb35,/home/cicero-arch-omen/.rustup/toolchains/nightly-x86_64-unknown-linux-gnu/lib/rustlib/src/rust/library/alloc/src/macros.rs,114,13
2375,CALL_SITE,emit::types::emit_struct::bb35::call32,/home/cicero-arch-omen/.rustup/toolchains/nightly-x86_64-unknown-linux-gnu/lib/rustlib/src/rust/library/alloc/src/macros.rs,114,13
2376,BASIC_BLOCK,emit::types::emit_struct::bb36,/home/cicero-arch-omen/.rustup/toolchains/nightly-x86_64-unknown-linux-gnu/lib/rustlib/src/rust/library/alloc/src/macros.rs,113,9
2377,CALL_SITE,emit::types::emit_struct::bb36::call33,/home/cicero-arch-omen/.rustup/toolchains/nightly-x86_64-unknown-linux-gnu/lib/rustlib/src/rust/library/alloc/src/macros.rs,113,9
2378,BASIC_BLOCK,emit::types::emit_struct::bb37,canon-projection/src/emit/types.rs,26,22
2379,CALL_SITE,emit::types::emit_struct::bb37::call34,canon-projection/src/emit/types.rs,26,22
2380,BASIC_BLOCK,emit::types::emit_struct::bb38,canon-projection/src/emit/types.rs,26,13
2381,BASIC_BLOCK,emit::types::emit_struct::bb39,canon-projection/src/emit/types.rs,26,22
2382,CALL_SITE,emit::types::emit_struct::bb39::call35,canon-projection/src/emit/types.rs,26,22
2383,CALL_SITE,emit::types::emit_struct::bb3::call3,canon-projection/src/emit/types.rs,10,24
2384,BASIC_BLOCK,emit::types::emit_struct::bb4,canon-projection/src/emit/types.rs,11,5
2385,BASIC_BLOCK,emit::types::emit_struct::bb40,canon-projection/src/emit/types.rs,26,22
2386,BASIC_BLOCK,emit::types::emit_struct::bb41,canon-projection/src/emit/types.rs,26,22
2387,BASIC_BLOCK,emit::types::emit_struct::bb42,canon-projection/src/emit/types.rs,27,71
2388,CALL_SITE,emit::types::emit_struct::bb42::call36,canon-projection/src/emit/types.rs,27,71
2389,BASIC_BLOCK,emit::types::emit_struct::bb43,canon-projection/src/emit/types.rs,32,36
2390,CALL_SITE,emit::types::emit_struct::bb43::call37,canon-projection/src/emit/types.rs,32,36
2391,BASIC_BLOCK,emit::types::emit_struct::bb44,canon-projection/src/emit/types.rs,27,24
2392,BASIC_BLOCK,emit::types::emit_struct::bb45,canon-projection/src/emit/types.rs,28,33
2393,CALL_SITE,emit::types::emit_struct::bb45::call38,canon-projection/src/emit/types.rs,28,33
2394,BASIC_BLOCK,emit::types::emit_struct::bb46,canon-projection/src/emit/types.rs,28,33
2395,CALL_SITE,emit::types::emit_struct::bb46::call39,canon-projection/src/emit/types.rs,28,33
2396,BASIC_BLOCK,emit::types::emit_struct::bb47,canon-projection/src/emit/types.rs,29,69
2397,CALL_SITE,emit::types::emit_struct::bb47::call40,canon-projection/src/emit/types.rs,29,69
2398,BASIC_BLOCK,emit::types::emit_struct::bb48,canon-projection/src/emit/types.rs,29,95
2399,CALL_SITE,emit::types::emit_struct::bb48::call41,canon-projection/src/emit/types.rs,29,95
2400,BASIC_BLOCK,emit::types::emit_struct::bb49,canon-projection/src/emit/types.rs,29,44
2401,CALL_SITE,emit::types::emit_struct::bb49::call42,canon-projection/src/emit/types.rs,29,44
2402,BASIC_BLOCK,emit::types::emit_struct::bb5,canon-projection/src/emit/types.rs,25,36
2403,BASIC_BLOCK,emit::types::emit_struct::bb50,canon-projection/src/emit/types.rs,29,50
2404,CALL_SITE,emit::types::emit_struct::bb50::call43,canon-projection/src/emit/types.rs,29,50
2405,BASIC_BLOCK,emit::types::emit_struct::bb51,canon-projection/src/emit/types.rs,29,52
2406,CALL_SITE,emit::types::emit_struct::bb51::call44,canon-projection/src/emit/types.rs,29,52
2407,BASIC_BLOCK,emit::types::emit_struct::bb52,canon-projection/src/emit/types.rs,29,56
2408,CALL_SITE,emit::types::emit_struct::bb52::call45,canon-projection/src/emit/types.rs,29,56
2409,BASIC_BLOCK,emit::types::emit_struct::bb53,/home/cicero-arch-omen/.rustup/toolchains/nightly-x86_64-unknown-linux-gnu/lib/rustlib/src/rust/library/alloc/src/macros.rs,114,33
2410,CALL_SITE,emit::types::emit_struct::bb53::call46,/home/cicero-arch-omen/.rustup/toolchains/nightly-x86_64-unknown-linux-gnu/lib/rustlib/src/rust/library/alloc/src/macros.rs,114,33
2411,BASIC_BLOCK,emit::types::emit_struct::bb54,/home/cicero-arch-omen/.rustup/toolchains/nightly-x86_64-unknown-linux-gnu/lib/rustlib/src/rust/library/alloc/src/macros.rs,114,13
2412,CALL_SITE,emit::types::emit_struct::bb54::call47,/home/cicero-arch-omen/.rustup/toolchains/nightly-x86_64-unknown-linux-gnu/lib/rustlib/src/rust/library/alloc/src/macros.rs,114,13
2413,BASIC_BLOCK,emit::types::emit_struct::bb55,/home/cicero-arch-omen/.rustup/toolchains/nightly-x86_64-unknown-linux-gnu/lib/rustlib/src/rust/library/alloc/src/macros.rs,114,73
2414,BASIC_BLOCK,emit::types::emit_struct::bb56,/home/cicero-arch-omen/.rustup/toolchains/nightly-x86_64-unknown-linux-gnu/lib/rustlib/src/rust/library/alloc/src/macros.rs,113,9
2415,CALL_SITE,emit::types::emit_struct::bb56::call48,/home/cicero-arch-omen/.rustup/toolchains/nightly-x86_64-unknown-linux-gnu/lib/rustlib/src/rust/library/alloc/src/macros.rs,113,9
2416,BASIC_BLOCK,emit::types::emit_struct::bb57,canon-projection/src/emit/types.rs,29,34
2417,CALL_SITE,emit::types::emit_struct::bb57::call49,canon-projection/src/emit/types.rs,29,34
2418,BASIC_BLOCK,emit::types::emit_struct::bb58,canon-projection/src/emit/types.rs,29,21
2419,CALL_SITE,emit::types::emit_struct::bb58::call50,canon-projection/src/emit/types.rs,29,21
2420,BASIC_BLOCK,emit::types::emit_struct::bb59,canon-projection/src/emit/types.rs,29,120
2421,CALL_SITE,emit::types::emit_struct::bb5::call4,canon-projection/src/emit/types.rs,25,36
2422,BASIC_BLOCK,emit::types::emit_struct::bb6,canon-projection/src/emit/types.rs,14,23
2423,BASIC_BLOCK,emit::types::emit_struct::bb60,canon-projection/src/emit/types.rs,30,17
2424,BASIC_BLOCK,emit::types::emit_struct::bb61,/home/cicero-arch-omen/.rustup/toolchains/nightly-x86_64-unknown-linux-gnu/lib/rustlib/src/rust/library/alloc/src/macros.rs,114,33
2425,CALL_SITE,emit::types::emit_struct::bb61::call51,/home/cicero-arch-omen/.rustup/toolchains/nightly-x86_64-unknown-linux-gnu/lib/rustlib/src/rust/library/alloc/src/macros.rs,114,33
2426,BASIC_BLOCK,emit::types::emit_struct::bb62,/home/cicero-arch-omen/.rustup/toolchains/nightly-x86_64-unknown-linux-gnu/lib/rustlib/src/rust/library/alloc/src/macros.rs,114,13
2427,CALL_SITE,emit::types::emit_struct::bb62::call52,/home/cicero-arch-omen/.rustup/toolchains/nightly-x86_64-unknown-linux-gnu/lib/rustlib/src/rust/library/alloc/src/macros.rs,114,13
2428,BASIC_BLOCK,emit::types::emit_struct::bb63,/home/cicero-arch-omen/.rustup/toolchains/nightly-x86_64-unknown-linux-gnu/lib/rustlib/src/rust/library/alloc/src/macros.rs,113,9
2429,CALL_SITE,emit::types::emit_struct::bb63::call53,/home/cicero-arch-omen/.rustup/toolchains/nightly-x86_64-unknown-linux-gnu/lib/rustlib/src/rust/library/alloc/src/macros.rs,113,9
2430,BASIC_BLOCK,emit::types::emit_struct::bb64,canon-projection/src/emit/types.rs,32,26
2431,CALL_SITE,emit::types::emit_struct::bb64::call54,canon-projection/src/emit/types.rs,32,26
2432,BASIC_BLOCK,emit::types::emit_struct::bb65,canon-projection/src/emit/types.rs,32,13
2433,CALL_SITE,emit::types::emit_struct::bb65::call55,canon-projection/src/emit/types.rs,32,13
2434,BASIC_BLOCK,emit::types::emit_struct::bb66,canon-projection/src/emit/types.rs,32,50
2435,BASIC_BLOCK,emit::types::emit_struct::bb67,canon-projection/src/emit/types.rs,34,9
2436,BASIC_BLOCK,emit::types::emit_struct::bb68,canon-projection/src/emit/types.rs,36,1
2437,BASIC_BLOCK,emit::types::emit_struct::bb69,canon-projection/src/emit/types.rs,36,1
2438,CALL_SITE,emit::types::emit_struct::bb6::call5,canon-projection/src/emit/types.rs,14,23
2439,BASIC_BLOCK,emit::types::emit_struct::bb7,canon-projection/src/emit/types.rs,12,23
2440,BASIC_BLOCK,emit::types::emit_struct::bb70,canon-projection/src/emit/types.rs,36,2
2441,BASIC_BLOCK,emit::types::emit_struct::bb71,canon-projection/src/emit/types.rs,32,50
2442,BASIC_BLOCK,emit::types::emit_struct::bb72,canon-projection/src/emit/types.rs,29,120
2443,BASIC_BLOCK,emit::types::emit_struct::bb73,/home/cicero-arch-omen/.rustup/toolchains/nightly-x86_64-unknown-linux-gnu/lib/rustlib/src/rust/library/alloc/src/macros.rs,114,73
2444,BASIC_BLOCK,emit::types::emit_struct::bb74,canon-projection/src/emit/types.rs,30,17
2445,BASIC_BLOCK,emit::types::emit_struct::bb75,canon-projection/src/emit/types.rs,34,9
2446,BASIC_BLOCK,emit::types::emit_struct::bb76,canon-projection/src/emit/types.rs,23,9
2447,BASIC_BLOCK,emit::types::emit_struct::bb77,canon-projection/src/emit/types.rs,21,28
2448,BASIC_BLOCK,emit::types::emit_struct::bb78,canon-projection/src/emit/types.rs,36,1
2449,BASIC_BLOCK,emit::types::emit_struct::bb79,canon-projection/src/emit/types.rs,36,1
2450,CALL_SITE,emit::types::emit_struct::bb7::call6,canon-projection/src/emit/types.rs,12,23
2451,BASIC_BLOCK,emit::types::emit_struct::bb8,canon-projection/src/emit/types.rs,12,25
2452,BASIC_BLOCK,emit::types::emit_struct::bb80,canon-projection/src/emit/types.rs,6,1
2453,BASIC_BLOCK,emit::types::emit_struct::bb81,/home/cicero-arch-omen/.rustup/toolchains/nightly-x86_64-unknown-linux-gnu/lib/rustlib/src/rust/library/alloc/src/macros.rs,113,9
2454,CALL_SITE,emit::types::emit_struct::bb8::call7,canon-projection/src/emit/types.rs,12,25
2455,BASIC_BLOCK,emit::types::emit_struct::bb9,canon-projection/src/emit/types.rs,12,27
2456,CALL_SITE,emit::types::emit_struct::bb9::call8,canon-projection/src/emit/types.rs,12,27
2457,FUNCTION,emit::types::emit_struct::fn,canon-projection/src/emit/types.rs,6,1
2458,PARAM,emit::types::emit_struct::param0,canon-projection/src/emit/types.rs,6,20
2459,PARAM,emit::types::emit_struct::param1,canon-projection/src/emit/types.rs,6,34
2460,PARAM,emit::types::emit_struct::param2,canon-projection/src/emit/types.rs,6,51
2461,PARAM,emit::types::emit_struct::param3,canon-projection/src/emit/types.rs,6,73
2462,PARAM,emit::types::emit_struct::param4,canon-projection/src/emit/types.rs,6,93
2463,PARAM,emit::types::emit_struct::param5,canon-projection/src/emit/types.rs,6,114
2464,PARAM,emit::types::emit_struct::param6,canon-projection/src/emit/types.rs,6,126
2465,PARAM,emit::types::emit_struct::param7,canon-projection/src/emit/types.rs,6,143
2466,BASIC_BLOCK,emit::types::normalize_lifetime_name::bb0,canon-projection/src/emit/types.rs,211,8
2467,CALL_SITE,emit::types::normalize_lifetime_name::bb0::call0,canon-projection/src/emit/types.rs,211,8
2468,BASIC_BLOCK,emit::types::normalize_lifetime_name::bb1,canon-projection/src/emit/types.rs,211,8
2469,BASIC_BLOCK,emit::types::normalize_lifetime_name::bb2,canon-projection/src/emit/types.rs,211,5
2470,BASIC_BLOCK,emit::types::normalize_lifetime_name::bb3,canon-projection/src/emit/types.rs,211,5
2471,BASIC_BLOCK,emit::types::normalize_lifetime_name::bb4,canon-projection/src/emit/types.rs,212,2
2472,FUNCTION,emit::types::normalize_lifetime_name::fn,canon-projection/src/emit/types.rs,210,1
2473,PARAM,emit::types::normalize_lifetime_name::param0,canon-projection/src/emit/types.rs,210,28
2474,BASIC_BLOCK,emit::types::render_derives_attr::bb0,canon-projection/src/emit/types.rs,119,30
2475,CALL_SITE,emit::types::render_derives_attr::bb0::call0,canon-projection/src/emit/types.rs,119,30
2476,BASIC_BLOCK,emit::types::render_derives_attr::bb1,canon-projection/src/emit/types.rs,119,30
2477,BASIC_BLOCK,emit::types::render_derives_attr::bb10,/home/cicero-arch-omen/.rustup/toolchains/nightly-x86_64-unknown-linux-gnu/lib/rustlib/src/rust/library/alloc/src/macros.rs,114,33
2478,CALL_SITE,emit::types::render_derives_attr::bb10::call9,/home/cicero-arch-omen/.rustup/toolchains/nightly-x86_64-unknown-linux-gnu/lib/rustlib/src/rust/library/alloc/src/macros.rs,114,33
2479,BASIC_BLOCK,emit::types::render_derives_attr::bb11,/home/cicero-arch-omen/.rustup/toolchains/nightly-x86_64-unknown-linux-gnu/lib/rustlib/src/rust/library/alloc/src/macros.rs,114,13
2480,CALL_SITE,emit::types::render_derives_attr::bb11::call10,/home/cicero-arch-omen/.rustup/toolchains/nightly-x86_64-unknown-linux-gnu/lib/rustlib/src/rust/library/alloc/src/macros.rs,114,13
2481,BASIC_BLOCK,emit::types::render_derives_attr::bb12,/home/cicero-arch-omen/.rustup/toolchains/nightly-x86_64-unknown-linux-gnu/lib/rustlib/src/rust/library/alloc/src/macros.rs,114,73
2482,BASIC_BLOCK,emit::types::render_derives_attr::bb13,/home/cicero-arch-omen/.rustup/toolchains/nightly-x86_64-unknown-linux-gnu/lib/rustlib/src/rust/library/alloc/src/macros.rs,113,9
2483,CALL_SITE,emit::types::render_derives_attr::bb13::call11,/home/cicero-arch-omen/.rustup/toolchains/nightly-x86_64-unknown-linux-gnu/lib/rustlib/src/rust/library/alloc/src/macros.rs,113,9
2484,BASIC_BLOCK,emit::types::render_derives_attr::bb14,canon-projection/src/emit/types.rs,132,1
2485,BASIC_BLOCK,emit::types::render_derives_attr::bb15,canon-projection/src/emit/types.rs,132,2
2486,BASIC_BLOCK,emit::types::render_derives_attr::bb16,/home/cicero-arch-omen/.rustup/toolchains/nightly-x86_64-unknown-linux-gnu/lib/rustlib/src/rust/library/alloc/src/macros.rs,114,73
2487,BASIC_BLOCK,emit::types::render_derives_attr::bb17,canon-projection/src/emit/types.rs,132,1
2488,BASIC_BLOCK,emit::types::render_derives_attr::bb18,canon-projection/src/emit/types.rs,118,1
2489,BASIC_BLOCK,emit::types::render_derives_attr::bb19,canon-projection/src/emit/types.rs,128,9
2490,CALL_SITE,emit::types::render_derives_attr::bb1::call1,canon-projection/src/emit/types.rs,119,30
2491,BASIC_BLOCK,emit::types::render_derives_attr::bb2,canon-projection/src/emit/types.rs,119,30
2492,BASIC_BLOCK,emit::types::render_derives_attr::bb20,/home/cicero-arch-omen/.rustup/toolchains/nightly-x86_64-unknown-linux-gnu/lib/rustlib/src/rust/library/alloc/src/macros.rs,113,9
2493,CALL_SITE,emit::types::render_derives_attr::bb2::call2,canon-projection/src/emit/types.rs,119,30
2494,BASIC_BLOCK,emit::types::render_derives_attr::bb3,canon-projection/src/emit/types.rs,127,8
2495,CALL_SITE,emit::types::render_derives_attr::bb3::call3,canon-projection/src/emit/types.rs,127,8
2496,BASIC_BLOCK,emit::types::render_derives_attr::bb4,canon-projection/src/emit/types.rs,127,8
2497,BASIC_BLOCK,emit::types::render_derives_attr::bb5,canon-projection/src/emit/types.rs,128,9
2498,CALL_SITE,emit::types::render_derives_attr::bb5::call4,canon-projection/src/emit/types.rs,128,9
2499,BASIC_BLOCK,emit::types::render_derives_attr::bb6,canon-projection/src/emit/types.rs,130,43
2500,CALL_SITE,emit::types::render_derives_attr::bb6::call5,canon-projection/src/emit/types.rs,130,43
2501,BASIC_BLOCK,emit::types::render_derives_attr::bb7,canon-projection/src/emit/types.rs,130,43
2502,CALL_SITE,emit::types::render_derives_attr::bb7::call6,canon-projection/src/emit/types.rs,130,43
2503,BASIC_BLOCK,emit::types::render_derives_attr::bb8,canon-projection/src/emit/types.rs,130,18
2504,CALL_SITE,emit::types::render_derives_attr::bb8::call7,canon-projection/src/emit/types.rs,130,18
2505,BASIC_BLOCK,emit::types::render_derives_attr::bb9,canon-projection/src/emit/types.rs,130,29
2506,CALL_SITE,emit::types::render_derives_attr::bb9::call8,canon-projection/src/emit/types.rs,130,29
2507,FUNCTION,emit::types::render_derives_attr::fn,canon-projection/src/emit/types.rs,118,1
2508,PARAM,emit::types::render_derives_attr::param0,canon-projection/src/emit/types.rs,118,24
2509,PARAM,emit::types::render_derives_attr::param1,canon-projection/src/emit/types.rs,118,38
2510,PARAM,emit::types::render_derives_attr::param2,canon-projection/src/emit/types.rs,118,59
2511,BASIC_BLOCK,emit::types::render_generic_decl::bb0,canon-projection/src/emit/types.rs,78,8
2512,CALL_SITE,emit::types::render_generic_decl::bb0::call0,canon-projection/src/emit/types.rs,78,8
2513,BASIC_BLOCK,emit::types::render_generic_decl::bb1,canon-projection/src/emit/types.rs,78,8
2514,BASIC_BLOCK,emit::types::render_generic_decl::bb10,canon-projection/src/emit/types.rs,114,25
2515,CALL_SITE,emit::types::render_generic_decl::bb10::call8,canon-projection/src/emit/types.rs,114,25
2516,BASIC_BLOCK,emit::types::render_generic_decl::bb11,canon-projection/src/emit/types.rs,114,19
2517,CALL_SITE,emit::types::render_generic_decl::bb11::call9,canon-projection/src/emit/types.rs,114,19
2518,BASIC_BLOCK,emit::types::render_generic_decl::bb12,/home/cicero-arch-omen/.rustup/toolchains/nightly-x86_64-unknown-linux-gnu/lib/rustlib/src/rust/library/alloc/src/macros.rs,114,33
2519,CALL_SITE,emit::types::render_generic_decl::bb12::call10,/home/cicero-arch-omen/.rustup/toolchains/nightly-x86_64-unknown-linux-gnu/lib/rustlib/src/rust/library/alloc/src/macros.rs,114,33
2520,BASIC_BLOCK,emit::types::render_generic_decl::bb13,/home/cicero-arch-omen/.rustup/toolchains/nightly-x86_64-unknown-linux-gnu/lib/rustlib/src/rust/library/alloc/src/macros.rs,114,13
2521,CALL_SITE,emit::types::render_generic_decl::bb13::call11,/home/cicero-arch-omen/.rustup/toolchains/nightly-x86_64-unknown-linux-gnu/lib/rustlib/src/rust/library/alloc/src/macros.rs,114,13
2522,BASIC_BLOCK,emit::types::render_generic_decl::bb14,/home/cicero-arch-omen/.rustup/toolchains/nightly-x86_64-unknown-linux-gnu/lib/rustlib/src/rust/library/alloc/src/macros.rs,114,73
2523,BASIC_BLOCK,emit::types::render_generic_decl::bb15,/home/cicero-arch-omen/.rustup/toolchains/nightly-x86_64-unknown-linux-gnu/lib/rustlib/src/rust/library/alloc/src/macros.rs,113,9
2524,CALL_SITE,emit::types::render_generic_decl::bb15::call12,/home/cicero-arch-omen/.rustup/toolchains/nightly-x86_64-unknown-linux-gnu/lib/rustlib/src/rust/library/alloc/src/macros.rs,113,9
2525,BASIC_BLOCK,emit::types::render_generic_decl::bb16,canon-projection/src/emit/types.rs,116,1
2526,BASIC_BLOCK,emit::types::render_generic_decl::bb17,canon-projection/src/emit/types.rs,116,2
2527,BASIC_BLOCK,emit::types::render_generic_decl::bb18,/home/cicero-arch-omen/.rustup/toolchains/nightly-x86_64-unknown-linux-gnu/lib/rustlib/src/rust/library/alloc/src/macros.rs,114,73
2528,BASIC_BLOCK,emit::types::render_generic_decl::bb19,canon-projection/src/emit/types.rs,116,1
2529,BASIC_BLOCK,emit::types::render_generic_decl::bb2,canon-projection/src/emit/types.rs,79,16
2530,BASIC_BLOCK,emit::types::render_generic_decl::bb20,canon-projection/src/emit/types.rs,77,1
2531,BASIC_BLOCK,emit::types::render_generic_decl::bb21,canon-projection/src/emit/types.rs,112,9
2532,BASIC_BLOCK,emit::types::render_generic_decl::bb22,/home/cicero-arch-omen/.rustup/toolchains/nightly-x86_64-unknown-linux-gnu/lib/rustlib/src/rust/library/alloc/src/macros.rs,113,9
2533,CALL_SITE,emit::types::render_generic_decl::bb2::call1,canon-projection/src/emit/types.rs,79,16
2534,BASIC_BLOCK,emit::types::render_generic_decl::bb3,canon-projection/src/emit/types.rs,81,30
2535,CALL_SITE,emit::types::render_generic_decl::bb3::call2,canon-projection/src/emit/types.rs,81,30
2536,BASIC_BLOCK,emit::types::render_generic_decl::bb4,canon-projection/src/emit/types.rs,81,30
2537,CALL_SITE,emit::types::render_generic_decl::bb4::call3,canon-projection/src/emit/types.rs,81,30
2538,BASIC_BLOCK,emit::types::render_generic_decl::bb5,canon-projection/src/emit/types.rs,81,30
2539,CALL_SITE,emit::types::render_generic_decl::bb5::call4,canon-projection/src/emit/types.rs,81,30
2540,BASIC_BLOCK,emit::types::render_generic_decl::bb6,canon-projection/src/emit/types.rs,111,8
2541,CALL_SITE,emit::types::render_generic_decl::bb6::call5,canon-projection/src/emit/types.rs,111,8
2542,BASIC_BLOCK,emit::types::render_generic_decl::bb7,canon-projection/src/emit/types.rs,111,8
2543,BASIC_BLOCK,emit::types::render_generic_decl::bb8,canon-projection/src/emit/types.rs,112,9
2544,CALL_SITE,emit::types::render_generic_decl::bb8::call6,canon-projection/src/emit/types.rs,112,9
2545,BASIC_BLOCK,emit::types::render_generic_decl::bb9,canon-projection/src/emit/types.rs,114,25
2546,CALL_SITE,emit::types::render_generic_decl::bb9::call7,canon-projection/src/emit/types.rs,114,25
2547,FUNCTION,emit::types::render_generic_decl::fn,canon-projection/src/emit/types.rs,77,1
2548,PARAM,emit::types::render_generic_decl::param0,canon-projection/src/emit/types.rs,77,28
2549,PARAM,emit::types::render_generic_decl::param1,canon-projection/src/emit/types.rs,77,42
2550,BASIC_BLOCK,emit::types::render_prim::bb0,canon-projection/src/emit/types.rs,215,5
2551,BASIC_BLOCK,emit::types::render_prim::bb1,canon-projection/src/emit/types.rs,215,11
2552,BASIC_BLOCK,emit::types::render_prim::bb10,canon-projection/src/emit/types.rs,226,26
2553,CALL_SITE,emit::types::render_prim::bb10::call8,canon-projection/src/emit/types.rs,226,26
2554,BASIC_BLOCK,emit::types::render_prim::bb11,canon-projection/src/emit/types.rs,225,25
2555,CALL_SITE,emit::types::render_prim::bb11::call9,canon-projection/src/emit/types.rs,225,25
2556,BASIC_BLOCK,emit::types::render_prim::bb12,canon-projection/src/emit/types.rs,224,24
2557,CALL_SITE,emit::types::render_prim::bb12::call10,canon-projection/src/emit/types.rs,224,24
2558,BASIC_BLOCK,emit::types::render_prim::bb13,canon-projection/src/emit/types.rs,223,24
2559,CALL_SITE,emit::types::render_prim::bb13::call11,canon-projection/src/emit/types.rs,223,24
2560,BASIC_BLOCK,emit::types::render_prim::bb14,canon-projection/src/emit/types.rs,222,24
2561,CALL_SITE,emit::types::render_prim::bb14::call12,canon-projection/src/emit/types.rs,222,24
2562,BASIC_BLOCK,emit::types::render_prim::bb15,canon-projection/src/emit/types.rs,221,23
2563,CALL_SITE,emit::types::render_prim::bb15::call13,canon-projection/src/emit/types.rs,221,23
2564,BASIC_BLOCK,emit::types::render_prim::bb16,canon-projection/src/emit/types.rs,220,24
2565,CALL_SITE,emit::types::render_prim::bb16::call14,canon-projection/src/emit/types.rs,220,24
2566,BASIC_BLOCK,emit::types::render_prim::bb17,canon-projection/src/emit/types.rs,219,25
2567,CALL_SITE,emit::types::render_prim::bb17::call15,canon-projection/src/emit/types.rs,219,25
2568,BASIC_BLOCK,emit::types::render_prim::bb18,canon-projection/src/emit/types.rs,218,25
2569,CALL_SITE,emit::types::render_prim::bb18::call16,canon-projection/src/emit/types.rs,218,25
2570,BASIC_BLOCK,emit::types::render_prim::bb19,canon-projection/src/emit/types.rs,217,26
2571,CALL_SITE,emit::types::render_prim::bb19::call17,canon-projection/src/emit/types.rs,217,26
2572,BASIC_BLOCK,emit::types::render_prim::bb2,canon-projection/src/emit/types.rs,234,24
2573,BASIC_BLOCK,emit::types::render_prim::bb20,canon-projection/src/emit/types.rs,216,25
2574,CALL_SITE,emit::types::render_prim::bb20::call18,canon-projection/src/emit/types.rs,216,25
2575,BASIC_BLOCK,emit::types::render_prim::bb21,canon-projection/src/emit/types.rs,236,2
2576,CALL_SITE,emit::types::render_prim::bb2::call0,canon-projection/src/emit/types.rs,234,24
2577,BASIC_BLOCK,emit::types::render_prim::bb3,canon-projection/src/emit/types.rs,233,24
2578,CALL_SITE,emit::types::render_prim::bb3::call1,canon-projection/src/emit/types.rs,233,24
2579,BASIC_BLOCK,emit::types::render_prim::bb4,canon-projection/src/emit/types.rs,232,26
2580,CALL_SITE,emit::types::render_prim::bb4::call2,canon-projection/src/emit/types.rs,232,26
2581,BASIC_BLOCK,emit::types::render_prim::bb5,canon-projection/src/emit/types.rs,231,25
2582,CALL_SITE,emit::types::render_prim::bb5::call3,canon-projection/src/emit/types.rs,231,25
2583,BASIC_BLOCK,emit::types::render_prim::bb6,canon-projection/src/emit/types.rs,230,24
2584,CALL_SITE,emit::types::render_prim::bb6::call4,canon-projection/src/emit/types.rs,230,24
2585,BASIC_BLOCK,emit::types::render_prim::bb7,canon-projection/src/emit/types.rs,229,24
2586,CALL_SITE,emit::types::render_prim::bb7::call5,canon-projection/src/emit/types.rs,229,24
2587,BASIC_BLOCK,emit::types::render_prim::bb8,canon-projection/src/emit/types.rs,228,24
2588,CALL_SITE,emit::types::render_prim::bb8::call6,canon-projection/src/emit/types.rs,228,24
2589,BASIC_BLOCK,emit::types::render_prim::bb9,canon-projection/src/emit/types.rs,227,23
2590,CALL_SITE,emit::types::render_prim::bb9::call7,canon-projection/src/emit/types.rs,227,23
2591,FUNCTION,emit::types::render_prim::fn,canon-projection/src/emit/types.rs,214,1
2592,PARAM,emit::types::render_prim::param0,canon-projection/src/emit/types.rs,214,16
2593,BASIC_BLOCK,emit::types::render_type_id::bb0,canon-projection/src/emit/types.rs,135,12
2594,CALL_SITE,emit::types::render_type_id::bb0::call0,canon-projection/src/emit/types.rs,135,12
2595,BASIC_BLOCK,emit::types::render_type_id::bb1,canon-projection/src/emit/types.rs,135,5
2596,BASIC_BLOCK,emit::types::render_type_id::bb10,canon-projection/src/emit/types.rs,137,47
2597,CALL_SITE,emit::types::render_type_id::bb10::call4,canon-projection/src/emit/types.rs,137,47
2598,BASIC_BLOCK,emit::types::render_type_id::bb11,canon-projection/src/emit/types.rs,137,47
2599,CALL_SITE,emit::types::render_type_id::bb11::call5,canon-projection/src/emit/types.rs,137,47
2600,BASIC_BLOCK,emit::types::render_type_id::bb12,canon-projection/src/emit/types.rs,142,48
2601,CALL_SITE,emit::types::render_type_id::bb12::call6,canon-projection/src/emit/types.rs,142,48
2602,BASIC_BLOCK,emit::types::render_type_id::bb13,canon-projection/src/emit/types.rs,142,48
2603,CALL_SITE,emit::types::render_type_id::bb13::call7,canon-projection/src/emit/types.rs,142,48
2604,BASIC_BLOCK,emit::types::render_type_id::bb14,/home/cicero-arch-omen/.rustup/toolchains/nightly-x86_64-unknown-linux-gnu/lib/rustlib/src/rust/library/core/src/panic.rs,62,38
2605,CALL_SITE,emit::types::render_type_id::bb14::call8,/home/cicero-arch-omen/.rustup/toolchains/nightly-x86_64-unknown-linux-gnu/lib/rustlib/src/rust/library/core/src/panic.rs,62,38
2606,BASIC_BLOCK,emit::types::render_type_id::bb15,/home/cicero-arch-omen/.rustup/toolchains/nightly-x86_64-unknown-linux-gnu/lib/rustlib/src/rust/library/core/src/panic.rs,62,9
2607,CALL_SITE,emit::types::render_type_id::bb15::call9,/home/cicero-arch-omen/.rustup/toolchains/nightly-x86_64-unknown-linux-gnu/lib/rustlib/src/rust/library/core/src/panic.rs,62,9
2608,BASIC_BLOCK,emit::types::render_type_id::bb16,canon-projection/src/emit/types.rs,147,2
2609,BASIC_BLOCK,emit::types::render_type_id::bb2,canon-projection/src/emit/types.rs,144,80
2610,CALL_SITE,emit::types::render_type_id::bb2::call1,canon-projection/src/emit/types.rs,144,80
2611,BASIC_BLOCK,emit::types::render_type_id::bb3,canon-projection/src/emit/types.rs,135,5
2612,BASIC_BLOCK,emit::types::render_type_id::bb4,canon-projection/src/emit/types.rs,135,5
2613,BASIC_BLOCK,emit::types::render_type_id::bb5,canon-projection/src/emit/types.rs,135,5
2614,BASIC_BLOCK,emit::types::render_type_id::bb6,canon-projection/src/emit/types.rs,135,5
2615,BASIC_BLOCK,emit::types::render_type_id::bb7,canon-projection/src/emit/types.rs,135,5
2616,BASIC_BLOCK,emit::types::render_type_id::bb8,canon-projection/src/emit/types.rs,137,71
2617,CALL_SITE,emit::types::render_type_id::bb8::call2,canon-projection/src/emit/types.rs,137,71
2618,BASIC_BLOCK,emit::types::render_type_id::bb9,canon-projection/src/emit/types.rs,136,41
2619,CALL_SITE,emit::types::render_type_id::bb9::call3,canon-projection/src/emit/types.rs,136,41
2620,FUNCTION,emit::types::render_type_id::fn,canon-projection/src/emit/types.rs,134,1
2621,PARAM,emit::types::render_type_id::param0,canon-projection/src/emit/types.rs,134,23
2622,PARAM,emit::types::render_type_id::param1,canon-projection/src/emit/types.rs,134,37
2623,BASIC_BLOCK,emit::types::render_type_kind::bb0,canon-projection/src/emit/types.rs,150,5
2624,BASIC_BLOCK,emit::types::render_type_kind::bb1,canon-projection/src/emit/types.rs,150,11
2625,BASIC_BLOCK,emit::types::render_type_kind::bb10,canon-projection/src/emit/types.rs,174,16
2626,BASIC_BLOCK,emit::types::render_type_kind::bb100,canon-projection/src/emit/types.rs,199,24
2627,CALL_SITE,emit::types::render_type_kind::bb100::call77,canon-projection/src/emit/types.rs,199,24
2628,BASIC_BLOCK,emit::types::render_type_kind::bb101,canon-projection/src/emit/types.rs,199,24
2629,CALL_SITE,emit::types::render_type_kind::bb101::call78,canon-projection/src/emit/types.rs,199,24
2630,BASIC_BLOCK,emit::types::render_type_kind::bb102,canon-projection/src/emit/types.rs,199,24
2631,CALL_SITE,emit::types::render_type_kind::bb102::call79,canon-projection/src/emit/types.rs,199,24
2632,BASIC_BLOCK,emit::types::render_type_kind::bb103,canon-projection/src/emit/types.rs,199,24
2633,CALL_SITE,emit::types::render_type_kind::bb103::call80,canon-projection/src/emit/types.rs,199,24
2634,BASIC_BLOCK,emit::types::render_type_kind::bb104,canon-projection/src/emit/types.rs,199,24
2635,CALL_SITE,emit::types::render_type_kind::bb104::call81,canon-projection/src/emit/types.rs,199,24
2636,BASIC_BLOCK,emit::types::render_type_kind::bb105,canon-projection/src/emit/types.rs,199,100
2637,BASIC_BLOCK,emit::types::render_type_kind::bb106,canon-projection/src/emit/types.rs,200,22
2638,CALL_SITE,emit::types::render_type_kind::bb106::call82,canon-projection/src/emit/types.rs,200,22
2639,BASIC_BLOCK,emit::types::render_type_kind::bb107,canon-projection/src/emit/types.rs,200,29
2640,CALL_SITE,emit::types::render_type_kind::bb107::call83,canon-projection/src/emit/types.rs,200,29
2641,BASIC_BLOCK,emit::types::render_type_kind::bb108,/home/cicero-arch-omen/.rustup/toolchains/nightly-x86_64-unknown-linux-gnu/lib/rustlib/src/rust/library/alloc/src/macros.rs,114,33
2642,CALL_SITE,emit::types::render_type_kind::bb108::call84,/home/cicero-arch-omen/.rustup/toolchains/nightly-x86_64-unknown-linux-gnu/lib/rustlib/src/rust/library/alloc/src/macros.rs,114,33
2643,BASIC_BLOCK,emit::types::render_type_kind::bb109,/home/cicero-arch-omen/.rustup/toolchains/nightly-x86_64-unknown-linux-gnu/lib/rustlib/src/rust/library/alloc/src/macros.rs,114,13
2644,CALL_SITE,emit::types::render_type_kind::bb109::call85,/home/cicero-arch-omen/.rustup/toolchains/nightly-x86_64-unknown-linux-gnu/lib/rustlib/src/rust/library/alloc/src/macros.rs,114,13
2645,CALL_SITE,emit::types::render_type_kind::bb10::call8,canon-projection/src/emit/types.rs,174,16
2646,BASIC_BLOCK,emit::types::render_type_kind::bb11,canon-projection/src/emit/types.rs,172,51
2647,BASIC_BLOCK,emit::types::render_type_kind::bb110,/home/cicero-arch-omen/.rustup/toolchains/nightly-x86_64-unknown-linux-gnu/lib/rustlib/src/rust/library/alloc/src/macros.rs,113,9
2648,CALL_SITE,emit::types::render_type_kind::bb110::call86,/home/cicero-arch-omen/.rustup/toolchains/nightly-x86_64-unknown-linux-gnu/lib/rustlib/src/rust/library/alloc/src/macros.rs,113,9
2649,BASIC_BLOCK,emit::types::render_type_kind::bb111,canon-projection/src/emit/types.rs,201,9
2650,BASIC_BLOCK,emit::types::render_type_kind::bb112,canon-projection/src/emit/types.rs,201,9
2651,BASIC_BLOCK,emit::types::render_type_kind::bb113,canon-projection/src/emit/types.rs,202,38
2652,CALL_SITE,emit::types::render_type_kind::bb113::call87,canon-projection/src/emit/types.rs,202,38
2653,BASIC_BLOCK,emit::types::render_type_kind::bb114,canon-projection/src/emit/types.rs,204,69
2654,CALL_SITE,emit::types::render_type_kind::bb114::call88,canon-projection/src/emit/types.rs,204,69
2655,BASIC_BLOCK,emit::types::render_type_kind::bb115,/home/cicero-arch-omen/.rustup/toolchains/nightly-x86_64-unknown-linux-gnu/lib/rustlib/src/rust/library/core/src/panic.rs,62,38
2656,CALL_SITE,emit::types::render_type_kind::bb115::call89,/home/cicero-arch-omen/.rustup/toolchains/nightly-x86_64-unknown-linux-gnu/lib/rustlib/src/rust/library/core/src/panic.rs,62,38
2657,BASIC_BLOCK,emit::types::render_type_kind::bb116,/home/cicero-arch-omen/.rustup/toolchains/nightly-x86_64-unknown-linux-gnu/lib/rustlib/src/rust/library/core/src/panic.rs,62,9
2658,CALL_SITE,emit::types::render_type_kind::bb116::call90,/home/cicero-arch-omen/.rustup/toolchains/nightly-x86_64-unknown-linux-gnu/lib/rustlib/src/rust/library/core/src/panic.rs,62,9
2659,BASIC_BLOCK,emit::types::render_type_kind::bb117,canon-projection/src/emit/types.rs,206,42
2660,CALL_SITE,emit::types::render_type_kind::bb117::call91,canon-projection/src/emit/types.rs,206,42
2661,BASIC_BLOCK,emit::types::render_type_kind::bb118,canon-projection/src/emit/types.rs,206,42
2662,CALL_SITE,emit::types::render_type_kind::bb118::call92,canon-projection/src/emit/types.rs,206,42
2663,BASIC_BLOCK,emit::types::render_type_kind::bb119,canon-projection/src/emit/types.rs,208,2
2664,CALL_SITE,emit::types::render_type_kind::bb11::call9,canon-projection/src/emit/types.rs,172,51
2665,BASIC_BLOCK,emit::types::render_type_kind::bb12,canon-projection/src/emit/types.rs,171,63
2666,BASIC_BLOCK,emit::types::render_type_kind::bb120,canon-projection/src/emit/types.rs,201,9
2667,BASIC_BLOCK,emit::types::render_type_kind::bb121,canon-projection/src/emit/types.rs,199,100
2668,BASIC_BLOCK,emit::types::render_type_kind::bb122,canon-projection/src/emit/types.rs,201,9
2669,BASIC_BLOCK,emit::types::render_type_kind::bb123,/home/cicero-arch-omen/.rustup/toolchains/nightly-x86_64-unknown-linux-gnu/lib/rustlib/src/rust/library/alloc/src/macros.rs,114,73
2670,BASIC_BLOCK,emit::types::render_type_kind::bb124,/home/cicero-arch-omen/.rustup/toolchains/nightly-x86_64-unknown-linux-gnu/lib/rustlib/src/rust/library/alloc/src/macros.rs,114,73
2671,BASIC_BLOCK,emit::types::render_type_kind::bb125,/home/cicero-arch-omen/.rustup/toolchains/nightly-x86_64-unknown-linux-gnu/lib/rustlib/src/rust/library/alloc/src/macros.rs,114,73
2672,BASIC_BLOCK,emit::types::render_type_kind::bb126,canon-projection/src/emit/types.rs,191,13
2673,BASIC_BLOCK,emit::types::render_type_kind::bb127,canon-projection/src/emit/types.rs,189,32
2674,BASIC_BLOCK,emit::types::render_type_kind::bb128,/home/cicero-arch-omen/.rustup/toolchains/nightly-x86_64-unknown-linux-gnu/lib/rustlib/src/rust/library/alloc/src/macros.rs,114,73
2675,BASIC_BLOCK,emit::types::render_type_kind::bb129,/home/cicero-arch-omen/.rustup/toolchains/nightly-x86_64-unknown-linux-gnu/lib/rustlib/src/rust/library/alloc/src/macros.rs,114,73
2676,CALL_SITE,emit::types::render_type_kind::bb12::call10,canon-projection/src/emit/types.rs,171,63
2677,BASIC_BLOCK,emit::types::render_type_kind::bb13,canon-projection/src/emit/types.rs,168,24
2678,BASIC_BLOCK,emit::types::render_type_kind::bb130,/home/cicero-arch-omen/.rustup/toolchains/nightly-x86_64-unknown-linux-gnu/lib/rustlib/src/rust/library/alloc/src/macros.rs,114,73
2679,BASIC_BLOCK,emit::types::render_type_kind::bb131,/home/cicero-arch-omen/.rustup/toolchains/nightly-x86_64-unknown-linux-gnu/lib/rustlib/src/rust/library/alloc/src/macros.rs,114,73
2680,BASIC_BLOCK,emit::types::render_type_kind::bb132,/home/cicero-arch-omen/.rustup/toolchains/nightly-x86_64-unknown-linux-gnu/lib/rustlib/src/rust/library/alloc/src/macros.rs,114,73
2681,BASIC_BLOCK,emit::types::render_type_kind::bb133,/home/cicero-arch-omen/.rustup/toolchains/nightly-x86_64-unknown-linux-gnu/lib/rustlib/src/rust/library/alloc/src/macros.rs,114,73
2682,BASIC_BLOCK,emit::types::render_type_kind::bb134,/home/cicero-arch-omen/.rustup/toolchains/nightly-x86_64-unknown-linux-gnu/lib/rustlib/src/rust/library/alloc/src/macros.rs,114,73
2683,BASIC_BLOCK,emit::types::render_type_kind::bb135,canon-projection/src/emit/types.rs,166,9
2684,BASIC_BLOCK,emit::types::render_type_kind::bb136,canon-projection/src/emit/types.rs,149,1
2685,BASIC_BLOCK,emit::types::render_type_kind::bb14,canon-projection/src/emit/types.rs,154,22
2686,CALL_SITE,emit::types::render_type_kind::bb14::call11,canon-projection/src/emit/types.rs,154,22
2687,BASIC_BLOCK,emit::types::render_type_kind::bb15,canon-projection/src/emit/types.rs,152,30
2688,CALL_SITE,emit::types::render_type_kind::bb15::call12,canon-projection/src/emit/types.rs,152,30
2689,BASIC_BLOCK,emit::types::render_type_kind::bb16,canon-projection/src/emit/types.rs,151,35
2690,CALL_SITE,emit::types::render_type_kind::bb16::call13,canon-projection/src/emit/types.rs,151,35
2691,BASIC_BLOCK,emit::types::render_type_kind::bb17,canon-projection/src/emit/types.rs,154,22
2692,CALL_SITE,emit::types::render_type_kind::bb17::call14,canon-projection/src/emit/types.rs,154,22
2693,BASIC_BLOCK,emit::types::render_type_kind::bb18,canon-projection/src/emit/types.rs,164,24
2694,BASIC_BLOCK,emit::types::render_type_kind::bb19,canon-projection/src/emit/types.rs,164,21
2695,BASIC_BLOCK,emit::types::render_type_kind::bb2,canon-projection/src/emit/types.rs,206,66
2696,BASIC_BLOCK,emit::types::render_type_kind::bb20,canon-projection/src/emit/types.rs,164,21
2697,BASIC_BLOCK,emit::types::render_type_kind::bb21,canon-projection/src/emit/types.rs,165,39
2698,CALL_SITE,emit::types::render_type_kind::bb21::call15,canon-projection/src/emit/types.rs,165,39
2699,BASIC_BLOCK,emit::types::render_type_kind::bb22,canon-projection/src/emit/types.rs,165,23
2700,CALL_SITE,emit::types::render_type_kind::bb22::call16,canon-projection/src/emit/types.rs,165,23
2701,BASIC_BLOCK,emit::types::render_type_kind::bb23,canon-projection/src/emit/types.rs,165,25
2702,CALL_SITE,emit::types::render_type_kind::bb23::call17,canon-projection/src/emit/types.rs,165,25
2703,BASIC_BLOCK,emit::types::render_type_kind::bb24,canon-projection/src/emit/types.rs,165,27
2704,CALL_SITE,emit::types::render_type_kind::bb24::call18,canon-projection/src/emit/types.rs,165,27
2705,BASIC_BLOCK,emit::types::render_type_kind::bb25,/home/cicero-arch-omen/.rustup/toolchains/nightly-x86_64-unknown-linux-gnu/lib/rustlib/src/rust/library/alloc/src/macros.rs,114,33
2706,CALL_SITE,emit::types::render_type_kind::bb25::call19,/home/cicero-arch-omen/.rustup/toolchains/nightly-x86_64-unknown-linux-gnu/lib/rustlib/src/rust/library/alloc/src/macros.rs,114,33
2707,BASIC_BLOCK,emit::types::render_type_kind::bb26,/home/cicero-arch-omen/.rustup/toolchains/nightly-x86_64-unknown-linux-gnu/lib/rustlib/src/rust/library/alloc/src/macros.rs,114,13
2708,CALL_SITE,emit::types::render_type_kind::bb26::call20,/home/cicero-arch-omen/.rustup/toolchains/nightly-x86_64-unknown-linux-gnu/lib/rustlib/src/rust/library/alloc/src/macros.rs,114,13
2709,BASIC_BLOCK,emit::types::render_type_kind::bb27,/home/cicero-arch-omen/.rustup/toolchains/nightly-x86_64-unknown-linux-gnu/lib/rustlib/src/rust/library/alloc/src/macros.rs,114,73
2710,BASIC_BLOCK,emit::types::render_type_kind::bb28,/home/cicero-arch-omen/.rustup/toolchains/nightly-x86_64-unknown-linux-gnu/lib/rustlib/src/rust/library/alloc/src/macros.rs,113,9
2711,CALL_SITE,emit::types::render_type_kind::bb28::call21,/home/cicero-arch-omen/.rustup/toolchains/nightly-x86_64-unknown-linux-gnu/lib/rustlib/src/rust/library/alloc/src/macros.rs,113,9
2712,BASIC_BLOCK,emit::types::render_type_kind::bb29,canon-projection/src/emit/types.rs,166,9
2713,CALL_SITE,emit::types::render_type_kind::bb2::call0,canon-projection/src/emit/types.rs,206,66
2714,BASIC_BLOCK,emit::types::render_type_kind::bb3,canon-projection/src/emit/types.rs,204,107
2715,BASIC_BLOCK,emit::types::render_type_kind::bb30,canon-projection/src/emit/types.rs,168,21
2716,BASIC_BLOCK,emit::types::render_type_kind::bb31,canon-projection/src/emit/types.rs,168,21
2717,BASIC_BLOCK,emit::types::render_type_kind::bb32,canon-projection/src/emit/types.rs,169,34
2718,CALL_SITE,emit::types::render_type_kind::bb32::call22,canon-projection/src/emit/types.rs,169,34
2719,BASIC_BLOCK,emit::types::render_type_kind::bb33,canon-projection/src/emit/types.rs,169,23
2720,CALL_SITE,emit::types::render_type_kind::bb33::call23,canon-projection/src/emit/types.rs,169,23
2721,BASIC_BLOCK,emit::types::render_type_kind::bb34,canon-projection/src/emit/types.rs,169,26
2722,CALL_SITE,emit::types::render_type_kind::bb34::call24,canon-projection/src/emit/types.rs,169,26
2723,BASIC_BLOCK,emit::types::render_type_kind::bb35,/home/cicero-arch-omen/.rustup/toolchains/nightly-x86_64-unknown-linux-gnu/lib/rustlib/src/rust/library/alloc/src/macros.rs,114,33
2724,CALL_SITE,emit::types::render_type_kind::bb35::call25,/home/cicero-arch-omen/.rustup/toolchains/nightly-x86_64-unknown-linux-gnu/lib/rustlib/src/rust/library/alloc/src/macros.rs,114,33
2725,BASIC_BLOCK,emit::types::render_type_kind::bb36,/home/cicero-arch-omen/.rustup/toolchains/nightly-x86_64-unknown-linux-gnu/lib/rustlib/src/rust/library/alloc/src/macros.rs,114,13
2726,CALL_SITE,emit::types::render_type_kind::bb36::call26,/home/cicero-arch-omen/.rustup/toolchains/nightly-x86_64-unknown-linux-gnu/lib/rustlib/src/rust/library/alloc/src/macros.rs,114,13
2727,BASIC_BLOCK,emit::types::render_type_kind::bb37,/home/cicero-arch-omen/.rustup/toolchains/nightly-x86_64-unknown-linux-gnu/lib/rustlib/src/rust/library/alloc/src/macros.rs,114,73
2728,BASIC_BLOCK,emit::types::render_type_kind::bb38,/home/cicero-arch-omen/.rustup/toolchains/nightly-x86_64-unknown-linux-gnu/lib/rustlib/src/rust/library/alloc/src/macros.rs,113,9
2729,CALL_SITE,emit::types::render_type_kind::bb38::call27,/home/cicero-arch-omen/.rustup/toolchains/nightly-x86_64-unknown-linux-gnu/lib/rustlib/src/rust/library/alloc/src/macros.rs,113,9
2730,BASIC_BLOCK,emit::types::render_type_kind::bb39,canon-projection/src/emit/types.rs,171,53
2731,CALL_SITE,emit::types::render_type_kind::bb39::call28,canon-projection/src/emit/types.rs,171,53
2732,CALL_SITE,emit::types::render_type_kind::bb3::call1,canon-projection/src/emit/types.rs,204,107
2733,BASIC_BLOCK,emit::types::render_type_kind::bb4,canon-projection/src/emit/types.rs,202,38
2734,BASIC_BLOCK,emit::types::render_type_kind::bb40,canon-projection/src/emit/types.rs,171,57
2735,CALL_SITE,emit::types::render_type_kind::bb40::call29,canon-projection/src/emit/types.rs,171,57
2736,BASIC_BLOCK,emit::types::render_type_kind::bb41,/home/cicero-arch-omen/.rustup/toolchains/nightly-x86_64-unknown-linux-gnu/lib/rustlib/src/rust/library/alloc/src/macros.rs,114,33
2737,CALL_SITE,emit::types::render_type_kind::bb41::call30,/home/cicero-arch-omen/.rustup/toolchains/nightly-x86_64-unknown-linux-gnu/lib/rustlib/src/rust/library/alloc/src/macros.rs,114,33
2738,BASIC_BLOCK,emit::types::render_type_kind::bb42,/home/cicero-arch-omen/.rustup/toolchains/nightly-x86_64-unknown-linux-gnu/lib/rustlib/src/rust/library/alloc/src/macros.rs,114,13
2739,CALL_SITE,emit::types::render_type_kind::bb42::call31,/home/cicero-arch-omen/.rustup/toolchains/nightly-x86_64-unknown-linux-gnu/lib/rustlib/src/rust/library/alloc/src/macros.rs,114,13
2740,BASIC_BLOCK,emit::types::render_type_kind::bb43,/home/cicero-arch-omen/.rustup/toolchains/nightly-x86_64-unknown-linux-gnu/lib/rustlib/src/rust/library/alloc/src/macros.rs,114,73
2741,BASIC_BLOCK,emit::types::render_type_kind::bb44,/home/cicero-arch-omen/.rustup/toolchains/nightly-x86_64-unknown-linux-gnu/lib/rustlib/src/rust/library/alloc/src/macros.rs,113,9
2742,CALL_SITE,emit::types::render_type_kind::bb44::call32,/home/cicero-arch-omen/.rustup/toolchains/nightly-x86_64-unknown-linux-gnu/lib/rustlib/src/rust/library/alloc/src/macros.rs,113,9
2743,BASIC_BLOCK,emit::types::render_type_kind::bb45,canon-projection/src/emit/types.rs,172,45
2744,CALL_SITE,emit::types::render_type_kind::bb45::call33,canon-projection/src/emit/types.rs,172,45
2745,BASIC_BLOCK,emit::types::render_type_kind::bb46,/home/cicero-arch-omen/.rustup/toolchains/nightly-x86_64-unknown-linux-gnu/lib/rustlib/src/rust/library/alloc/src/macros.rs,114,33
2746,CALL_SITE,emit::types::render_type_kind::bb46::call34,/home/cicero-arch-omen/.rustup/toolchains/nightly-x86_64-unknown-linux-gnu/lib/rustlib/src/rust/library/alloc/src/macros.rs,114,33
2747,BASIC_BLOCK,emit::types::render_type_kind::bb47,/home/cicero-arch-omen/.rustup/toolchains/nightly-x86_64-unknown-linux-gnu/lib/rustlib/src/rust/library/alloc/src/macros.rs,114,13
2748,CALL_SITE,emit::types::render_type_kind::bb47::call35,/home/cicero-arch-omen/.rustup/toolchains/nightly-x86_64-unknown-linux-gnu/lib/rustlib/src/rust/library/alloc/src/macros.rs,114,13
2749,BASIC_BLOCK,emit::types::render_type_kind::bb48,/home/cicero-arch-omen/.rustup/toolchains/nightly-x86_64-unknown-linux-gnu/lib/rustlib/src/rust/library/alloc/src/macros.rs,114,73
2750,BASIC_BLOCK,emit::types::render_type_kind::bb49,/home/cicero-arch-omen/.rustup/toolchains/nightly-x86_64-unknown-linux-gnu/lib/rustlib/src/rust/library/alloc/src/macros.rs,113,9
2751,CALL_SITE,emit::types::render_type_kind::bb49::call36,/home/cicero-arch-omen/.rustup/toolchains/nightly-x86_64-unknown-linux-gnu/lib/rustlib/src/rust/library/alloc/src/macros.rs,113,9
2752,CALL_SITE,emit::types::render_type_kind::bb4::call2,canon-projection/src/emit/types.rs,202,38
2753,BASIC_BLOCK,emit::types::render_type_kind::bb5,canon-projection/src/emit/types.rs,198,24
2754,BASIC_BLOCK,emit::types::render_type_kind::bb50,canon-projection/src/emit/types.rs,174,16
2755,BASIC_BLOCK,emit::types::render_type_kind::bb51,canon-projection/src/emit/types.rs,175,58
2756,CALL_SITE,emit::types::render_type_kind::bb51::call37,canon-projection/src/emit/types.rs,175,58
2757,BASIC_BLOCK,emit::types::render_type_kind::bb52,canon-projection/src/emit/types.rs,175,34
2758,CALL_SITE,emit::types::render_type_kind::bb52::call38,canon-projection/src/emit/types.rs,175,34
2759,BASIC_BLOCK,emit::types::render_type_kind::bb53,canon-projection/src/emit/types.rs,175,27
2760,CALL_SITE,emit::types::render_type_kind::bb53::call39,canon-projection/src/emit/types.rs,175,27
2761,BASIC_BLOCK,emit::types::render_type_kind::bb54,/home/cicero-arch-omen/.rustup/toolchains/nightly-x86_64-unknown-linux-gnu/lib/rustlib/src/rust/library/alloc/src/macros.rs,114,33
2762,CALL_SITE,emit::types::render_type_kind::bb54::call40,/home/cicero-arch-omen/.rustup/toolchains/nightly-x86_64-unknown-linux-gnu/lib/rustlib/src/rust/library/alloc/src/macros.rs,114,33
2763,BASIC_BLOCK,emit::types::render_type_kind::bb55,/home/cicero-arch-omen/.rustup/toolchains/nightly-x86_64-unknown-linux-gnu/lib/rustlib/src/rust/library/alloc/src/macros.rs,114,13
2764,CALL_SITE,emit::types::render_type_kind::bb55::call41,/home/cicero-arch-omen/.rustup/toolchains/nightly-x86_64-unknown-linux-gnu/lib/rustlib/src/rust/library/alloc/src/macros.rs,114,13
2765,BASIC_BLOCK,emit::types::render_type_kind::bb56,/home/cicero-arch-omen/.rustup/toolchains/nightly-x86_64-unknown-linux-gnu/lib/rustlib/src/rust/library/alloc/src/macros.rs,114,73
2766,BASIC_BLOCK,emit::types::render_type_kind::bb57,/home/cicero-arch-omen/.rustup/toolchains/nightly-x86_64-unknown-linux-gnu/lib/rustlib/src/rust/library/alloc/src/macros.rs,113,9
2767,CALL_SITE,emit::types::render_type_kind::bb57::call42,/home/cicero-arch-omen/.rustup/toolchains/nightly-x86_64-unknown-linux-gnu/lib/rustlib/src/rust/library/alloc/src/macros.rs,113,9
2768,BASIC_BLOCK,emit::types::render_type_kind::bb58,canon-projection/src/emit/types.rs,177,33
2769,CALL_SITE,emit::types::render_type_kind::bb58::call43,canon-projection/src/emit/types.rs,177,33
2770,BASIC_BLOCK,emit::types::render_type_kind::bb59,canon-projection/src/emit/types.rs,177,33
2771,CALL_SITE,emit::types::render_type_kind::bb59::call44,canon-projection/src/emit/types.rs,177,33
2772,CALL_SITE,emit::types::render_type_kind::bb5::call3,canon-projection/src/emit/types.rs,198,24
2773,BASIC_BLOCK,emit::types::render_type_kind::bb6,canon-projection/src/emit/types.rs,196,61
2774,BASIC_BLOCK,emit::types::render_type_kind::bb60,canon-projection/src/emit/types.rs,177,33
2775,CALL_SITE,emit::types::render_type_kind::bb60::call45,canon-projection/src/emit/types.rs,177,33
2776,BASIC_BLOCK,emit::types::render_type_kind::bb61,canon-projection/src/emit/types.rs,177,33
2777,CALL_SITE,emit::types::render_type_kind::bb61::call46,canon-projection/src/emit/types.rs,177,33
2778,BASIC_BLOCK,emit::types::render_type_kind::bb62,canon-projection/src/emit/types.rs,177,33
2779,CALL_SITE,emit::types::render_type_kind::bb62::call47,canon-projection/src/emit/types.rs,177,33
2780,BASIC_BLOCK,emit::types::render_type_kind::bb63,canon-projection/src/emit/types.rs,177,33
2781,CALL_SITE,emit::types::render_type_kind::bb63::call48,canon-projection/src/emit/types.rs,177,33
2782,BASIC_BLOCK,emit::types::render_type_kind::bb64,canon-projection/src/emit/types.rs,177,27
2783,CALL_SITE,emit::types::render_type_kind::bb64::call49,canon-projection/src/emit/types.rs,177,27
2784,BASIC_BLOCK,emit::types::render_type_kind::bb65,/home/cicero-arch-omen/.rustup/toolchains/nightly-x86_64-unknown-linux-gnu/lib/rustlib/src/rust/library/alloc/src/macros.rs,114,33
2785,CALL_SITE,emit::types::render_type_kind::bb65::call50,/home/cicero-arch-omen/.rustup/toolchains/nightly-x86_64-unknown-linux-gnu/lib/rustlib/src/rust/library/alloc/src/macros.rs,114,33
2786,BASIC_BLOCK,emit::types::render_type_kind::bb66,/home/cicero-arch-omen/.rustup/toolchains/nightly-x86_64-unknown-linux-gnu/lib/rustlib/src/rust/library/alloc/src/macros.rs,114,13
2787,CALL_SITE,emit::types::render_type_kind::bb66::call51,/home/cicero-arch-omen/.rustup/toolchains/nightly-x86_64-unknown-linux-gnu/lib/rustlib/src/rust/library/alloc/src/macros.rs,114,13
2788,BASIC_BLOCK,emit::types::render_type_kind::bb67,/home/cicero-arch-omen/.rustup/toolchains/nightly-x86_64-unknown-linux-gnu/lib/rustlib/src/rust/library/alloc/src/macros.rs,114,73
2789,BASIC_BLOCK,emit::types::render_type_kind::bb68,/home/cicero-arch-omen/.rustup/toolchains/nightly-x86_64-unknown-linux-gnu/lib/rustlib/src/rust/library/alloc/src/macros.rs,114,73
2790,BASIC_BLOCK,emit::types::render_type_kind::bb69,/home/cicero-arch-omen/.rustup/toolchains/nightly-x86_64-unknown-linux-gnu/lib/rustlib/src/rust/library/alloc/src/macros.rs,113,9
2791,CALL_SITE,emit::types::render_type_kind::bb69::call52,/home/cicero-arch-omen/.rustup/toolchains/nightly-x86_64-unknown-linux-gnu/lib/rustlib/src/rust/library/alloc/src/macros.rs,113,9
2792,CALL_SITE,emit::types::render_type_kind::bb6::call4,canon-projection/src/emit/types.rs,196,61
2793,BASIC_BLOCK,emit::types::render_type_kind::bb7,canon-projection/src/emit/types.rs,195,53
2794,BASIC_BLOCK,emit::types::render_type_kind::bb70,canon-projection/src/emit/types.rs,180,36
2795,BASIC_BLOCK,emit::types::render_type_kind::bb71,canon-projection/src/emit/types.rs,192,18
2796,CALL_SITE,emit::types::render_type_kind::bb71::call53,canon-projection/src/emit/types.rs,192,18
2797,BASIC_BLOCK,emit::types::render_type_kind::bb72,canon-projection/src/emit/types.rs,182,30
2798,CALL_SITE,emit::types::render_type_kind::bb72::call54,canon-projection/src/emit/types.rs,182,30
2799,BASIC_BLOCK,emit::types::render_type_kind::bb73,canon-projection/src/emit/types.rs,182,30
2800,CALL_SITE,emit::types::render_type_kind::bb73::call55,canon-projection/src/emit/types.rs,182,30
2801,BASIC_BLOCK,emit::types::render_type_kind::bb74,canon-projection/src/emit/types.rs,182,30
2802,CALL_SITE,emit::types::render_type_kind::bb74::call56,canon-projection/src/emit/types.rs,182,30
2803,BASIC_BLOCK,emit::types::render_type_kind::bb75,canon-projection/src/emit/types.rs,182,30
2804,CALL_SITE,emit::types::render_type_kind::bb75::call57,canon-projection/src/emit/types.rs,182,30
2805,BASIC_BLOCK,emit::types::render_type_kind::bb76,canon-projection/src/emit/types.rs,182,30
2806,CALL_SITE,emit::types::render_type_kind::bb76::call58,canon-projection/src/emit/types.rs,182,30
2807,BASIC_BLOCK,emit::types::render_type_kind::bb77,canon-projection/src/emit/types.rs,182,30
2808,CALL_SITE,emit::types::render_type_kind::bb77::call59,canon-projection/src/emit/types.rs,182,30
2809,BASIC_BLOCK,emit::types::render_type_kind::bb78,canon-projection/src/emit/types.rs,189,32
2810,BASIC_BLOCK,emit::types::render_type_kind::bb79,canon-projection/src/emit/types.rs,190,49
2811,CALL_SITE,emit::types::render_type_kind::bb79::call60,canon-projection/src/emit/types.rs,190,49
2812,CALL_SITE,emit::types::render_type_kind::bb7::call5,canon-projection/src/emit/types.rs,195,53
2813,BASIC_BLOCK,emit::types::render_type_kind::bb8,canon-projection/src/emit/types.rs,194,55
2814,BASIC_BLOCK,emit::types::render_type_kind::bb80,canon-projection/src/emit/types.rs,190,29
2815,CALL_SITE,emit::types::render_type_kind::bb80::call61,canon-projection/src/emit/types.rs,190,29
2816,BASIC_BLOCK,emit::types::render_type_kind::bb81,canon-projection/src/emit/types.rs,190,36
2817,CALL_SITE,emit::types::render_type_kind::bb81::call62,canon-projection/src/emit/types.rs,190,36
2818,BASIC_BLOCK,emit::types::render_type_kind::bb82,/home/cicero-arch-omen/.rustup/toolchains/nightly-x86_64-unknown-linux-gnu/lib/rustlib/src/rust/library/alloc/src/macros.rs,114,33
2819,CALL_SITE,emit::types::render_type_kind::bb82::call63,/home/cicero-arch-omen/.rustup/toolchains/nightly-x86_64-unknown-linux-gnu/lib/rustlib/src/rust/library/alloc/src/macros.rs,114,33
2820,BASIC_BLOCK,emit::types::render_type_kind::bb83,/home/cicero-arch-omen/.rustup/toolchains/nightly-x86_64-unknown-linux-gnu/lib/rustlib/src/rust/library/alloc/src/macros.rs,114,13
2821,CALL_SITE,emit::types::render_type_kind::bb83::call64,/home/cicero-arch-omen/.rustup/toolchains/nightly-x86_64-unknown-linux-gnu/lib/rustlib/src/rust/library/alloc/src/macros.rs,114,13
2822,BASIC_BLOCK,emit::types::render_type_kind::bb84,/home/cicero-arch-omen/.rustup/toolchains/nightly-x86_64-unknown-linux-gnu/lib/rustlib/src/rust/library/alloc/src/macros.rs,114,73
2823,BASIC_BLOCK,emit::types::render_type_kind::bb85,/home/cicero-arch-omen/.rustup/toolchains/nightly-x86_64-unknown-linux-gnu/lib/rustlib/src/rust/library/alloc/src/macros.rs,113,9
2824,CALL_SITE,emit::types::render_type_kind::bb85::call65,/home/cicero-arch-omen/.rustup/toolchains/nightly-x86_64-unknown-linux-gnu/lib/rustlib/src/rust/library/alloc/src/macros.rs,113,9
2825,BASIC_BLOCK,emit::types::render_type_kind::bb86,canon-projection/src/emit/types.rs,191,13
2826,BASIC_BLOCK,emit::types::render_type_kind::bb87,canon-projection/src/emit/types.rs,194,50
2827,CALL_SITE,emit::types::render_type_kind::bb87::call66,canon-projection/src/emit/types.rs,194,50
2828,BASIC_BLOCK,emit::types::render_type_kind::bb88,/home/cicero-arch-omen/.rustup/toolchains/nightly-x86_64-unknown-linux-gnu/lib/rustlib/src/rust/library/alloc/src/macros.rs,114,33
2829,CALL_SITE,emit::types::render_type_kind::bb88::call67,/home/cicero-arch-omen/.rustup/toolchains/nightly-x86_64-unknown-linux-gnu/lib/rustlib/src/rust/library/alloc/src/macros.rs,114,33
2830,BASIC_BLOCK,emit::types::render_type_kind::bb89,/home/cicero-arch-omen/.rustup/toolchains/nightly-x86_64-unknown-linux-gnu/lib/rustlib/src/rust/library/alloc/src/macros.rs,114,13
2831,CALL_SITE,emit::types::render_type_kind::bb89::call68,/home/cicero-arch-omen/.rustup/toolchains/nightly-x86_64-unknown-linux-gnu/lib/rustlib/src/rust/library/alloc/src/macros.rs,114,13
2832,CALL_SITE,emit::types::render_type_kind::bb8::call6,canon-projection/src/emit/types.rs,194,55
2833,BASIC_BLOCK,emit::types::render_type_kind::bb9,canon-projection/src/emit/types.rs,180,43
2834,BASIC_BLOCK,emit::types::render_type_kind::bb90,/home/cicero-arch-omen/.rustup/toolchains/nightly-x86_64-unknown-linux-gnu/lib/rustlib/src/rust/library/alloc/src/macros.rs,114,73
2835,BASIC_BLOCK,emit::types::render_type_kind::bb91,/home/cicero-arch-omen/.rustup/toolchains/nightly-x86_64-unknown-linux-gnu/lib/rustlib/src/rust/library/alloc/src/macros.rs,113,9
2836,CALL_SITE,emit::types::render_type_kind::bb91::call69,/home/cicero-arch-omen/.rustup/toolchains/nightly-x86_64-unknown-linux-gnu/lib/rustlib/src/rust/library/alloc/src/macros.rs,113,9
2837,BASIC_BLOCK,emit::types::render_type_kind::bb92,canon-projection/src/emit/types.rs,195,48
2838,CALL_SITE,emit::types::render_type_kind::bb92::call70,canon-projection/src/emit/types.rs,195,48
2839,BASIC_BLOCK,emit::types::render_type_kind::bb93,/home/cicero-arch-omen/.rustup/toolchains/nightly-x86_64-unknown-linux-gnu/lib/rustlib/src/rust/library/alloc/src/macros.rs,114,33
2840,CALL_SITE,emit::types::render_type_kind::bb93::call71,/home/cicero-arch-omen/.rustup/toolchains/nightly-x86_64-unknown-linux-gnu/lib/rustlib/src/rust/library/alloc/src/macros.rs,114,33
2841,BASIC_BLOCK,emit::types::render_type_kind::bb94,/home/cicero-arch-omen/.rustup/toolchains/nightly-x86_64-unknown-linux-gnu/lib/rustlib/src/rust/library/alloc/src/macros.rs,114,13
2842,CALL_SITE,emit::types::render_type_kind::bb94::call72,/home/cicero-arch-omen/.rustup/toolchains/nightly-x86_64-unknown-linux-gnu/lib/rustlib/src/rust/library/alloc/src/macros.rs,114,13
2843,BASIC_BLOCK,emit::types::render_type_kind::bb95,/home/cicero-arch-omen/.rustup/toolchains/nightly-x86_64-unknown-linux-gnu/lib/rustlib/src/rust/library/alloc/src/macros.rs,114,73
2844,BASIC_BLOCK,emit::types::render_type_kind::bb96,/home/cicero-arch-omen/.rustup/toolchains/nightly-x86_64-unknown-linux-gnu/lib/rustlib/src/rust/library/alloc/src/macros.rs,113,9
2845,CALL_SITE,emit::types::render_type_kind::bb96::call73,/home/cicero-arch-omen/.rustup/toolchains/nightly-x86_64-unknown-linux-gnu/lib/rustlib/src/rust/library/alloc/src/macros.rs,113,9
2846,BASIC_BLOCK,emit::types::render_type_kind::bb97,canon-projection/src/emit/types.rs,196,37
2847,CALL_SITE,emit::types::render_type_kind::bb97::call74,canon-projection/src/emit/types.rs,196,37
2848,BASIC_BLOCK,emit::types::render_type_kind::bb98,canon-projection/src/emit/types.rs,196,37
2849,CALL_SITE,emit::types::render_type_kind::bb98::call75,canon-projection/src/emit/types.rs,196,37
2850,BASIC_BLOCK,emit::types::render_type_kind::bb99,canon-projection/src/emit/types.rs,199,24
2851,CALL_SITE,emit::types::render_type_kind::bb99::call76,canon-projection/src/emit/types.rs,199,24
2852,CALL_SITE,emit::types::render_type_kind::bb9::call7,canon-projection/src/emit/types.rs,180,43
2853,FUNCTION,emit::types::render_type_kind::fn,canon-projection/src/emit/types.rs,149,1
2854,PARAM,emit::types::render_type_kind::param0,canon-projection/src/emit/types.rs,149,21
2855,PARAM,emit::types::render_type_kind::param1,canon-projection/src/emit/types.rs,149,35
2856,MODULE,emit_helpers,canon-projection/src/lib.rs,7,1
2857,BASIC_BLOCK,emit_helpers::build_emit_plan::bb0,canon-projection/src/emit_helpers.rs,58,51
2858,CALL_SITE,emit_helpers::build_emit_plan::bb0::call0,canon-projection/src/emit_helpers.rs,58,51
2859,BASIC_BLOCK,emit_helpers::build_emit_plan::bb1,canon-projection/src/emit_helpers.rs,60,27
2860,BASIC_BLOCK,emit_helpers::build_emit_plan::bb10,canon-projection/src/emit_helpers.rs,61,54
2861,CALL_SITE,emit_helpers::build_emit_plan::bb10::call7,canon-projection/src/emit_helpers.rs,61,54
2862,BASIC_BLOCK,emit_helpers::build_emit_plan::bb11,canon-projection/src/emit_helpers.rs,61,9
2863,CALL_SITE,emit_helpers::build_emit_plan::bb11::call8,canon-projection/src/emit_helpers.rs,61,9
2864,BASIC_BLOCK,emit_helpers::build_emit_plan::bb12,canon-projection/src/emit_helpers.rs,64,19
2865,CALL_SITE,emit_helpers::build_emit_plan::bb12::call9,canon-projection/src/emit_helpers.rs,64,19
2866,BASIC_BLOCK,emit_helpers::build_emit_plan::bb13,canon-projection/src/emit_helpers.rs,64,5
2867,BASIC_BLOCK,emit_helpers::build_emit_plan::bb14,canon-projection/src/emit_helpers.rs,64,19
2868,CALL_SITE,emit_helpers::build_emit_plan::bb14::call10,canon-projection/src/emit_helpers.rs,64,19
2869,BASIC_BLOCK,emit_helpers::build_emit_plan::bb15,canon-projection/src/emit_helpers.rs,64,19
2870,BASIC_BLOCK,emit_helpers::build_emit_plan::bb16,canon-projection/src/emit_helpers.rs,65,9
2871,CALL_SITE,emit_helpers::build_emit_plan::bb16::call11,canon-projection/src/emit_helpers.rs,65,9
2872,BASIC_BLOCK,emit_helpers::build_emit_plan::bb17,canon-projection/src/emit_helpers.rs,69,2
2873,BASIC_BLOCK,emit_helpers::build_emit_plan::bb18,canon-projection/src/emit_helpers.rs,65,9
2874,CALL_SITE,emit_helpers::build_emit_plan::bb18::call12,canon-projection/src/emit_helpers.rs,65,9
2875,BASIC_BLOCK,emit_helpers::build_emit_plan::bb19,canon-projection/src/emit_helpers.rs,69,1
2876,CALL_SITE,emit_helpers::build_emit_plan::bb1::call1,canon-projection/src/emit_helpers.rs,60,27
2877,BASIC_BLOCK,emit_helpers::build_emit_plan::bb2,canon-projection/src/emit_helpers.rs,60,5
2878,BASIC_BLOCK,emit_helpers::build_emit_plan::bb20,canon-projection/src/emit_helpers.rs,57,1
2879,BASIC_BLOCK,emit_helpers::build_emit_plan::bb21,canon-projection/src/emit_helpers.rs,61,9
2880,BASIC_BLOCK,emit_helpers::build_emit_plan::bb22,canon-projection/src/emit_helpers.rs,65,9
2881,BASIC_BLOCK,emit_helpers::build_emit_plan::bb3,canon-projection/src/emit_helpers.rs,60,27
2882,CALL_SITE,emit_helpers::build_emit_plan::bb3::call2,canon-projection/src/emit_helpers.rs,60,27
2883,BASIC_BLOCK,emit_helpers::build_emit_plan::bb4,canon-projection/src/emit_helpers.rs,60,27
2884,BASIC_BLOCK,emit_helpers::build_emit_plan::bb5,canon-projection/src/lib.rs,1,1
2885,BASIC_BLOCK,emit_helpers::build_emit_plan::bb6,canon-projection/src/emit_helpers.rs,61,20
2886,CALL_SITE,emit_helpers::build_emit_plan::bb6::call3,canon-projection/src/emit_helpers.rs,61,20
2887,BASIC_BLOCK,emit_helpers::build_emit_plan::bb7,canon-projection/src/emit_helpers.rs,64,19
2888,CALL_SITE,emit_helpers::build_emit_plan::bb7::call4,canon-projection/src/emit_helpers.rs,64,19
2889,BASIC_BLOCK,emit_helpers::build_emit_plan::bb8,canon-projection/src/emit_helpers.rs,61,9
2890,CALL_SITE,emit_helpers::build_emit_plan::bb8::call5,canon-projection/src/emit_helpers.rs,61,9
2891,BASIC_BLOCK,emit_helpers::build_emit_plan::bb9,canon-projection/src/emit_helpers.rs,61,9
2892,CALL_SITE,emit_helpers::build_emit_plan::bb9::call6,canon-projection/src/emit_helpers.rs,61,9
2893,FUNCTION,emit_helpers::build_emit_plan::fn,canon-projection/src/emit_helpers.rs,57,1
2894,PARAM,emit_helpers::build_emit_plan::param0,canon-projection/src/emit_helpers.rs,57,24
2895,BASIC_BLOCK,emit_helpers::detect_duplicates::bb0,canon-projection/src/emit_helpers.rs,45,20
2896,CALL_SITE,emit_helpers::detect_duplicates::bb0::call0,canon-projection/src/emit_helpers.rs,45,20
2897,BASIC_BLOCK,emit_helpers::detect_duplicates::bb1,canon-projection/src/emit_helpers.rs,47,17
2898,BASIC_BLOCK,emit_helpers::detect_duplicates::bb10,/home/cicero-arch-omen/.rustup/toolchains/nightly-x86_64-unknown-linux-gnu/lib/rustlib/src/rust/library/alloc/src/macros.rs,114,33
2899,CALL_SITE,emit_helpers::detect_duplicates::bb10::call5,/home/cicero-arch-omen/.rustup/toolchains/nightly-x86_64-unknown-linux-gnu/lib/rustlib/src/rust/library/alloc/src/macros.rs,114,33
2900,BASIC_BLOCK,emit_helpers::detect_duplicates::bb11,/home/cicero-arch-omen/.rustup/toolchains/nightly-x86_64-unknown-linux-gnu/lib/rustlib/src/rust/library/alloc/src/macros.rs,114,13
2901,CALL_SITE,emit_helpers::detect_duplicates::bb11::call6,/home/cicero-arch-omen/.rustup/toolchains/nightly-x86_64-unknown-linux-gnu/lib/rustlib/src/rust/library/alloc/src/macros.rs,114,13
2902,BASIC_BLOCK,emit_helpers::detect_duplicates::bb12,/home/cicero-arch-omen/.rustup/toolchains/nightly-x86_64-unknown-linux-gnu/lib/rustlib/src/rust/library/alloc/src/macros.rs,113,9
2903,CALL_SITE,emit_helpers::detect_duplicates::bb12::call7,/home/cicero-arch-omen/.rustup/toolchains/nightly-x86_64-unknown-linux-gnu/lib/rustlib/src/rust/library/alloc/src/macros.rs,113,9
2904,BASIC_BLOCK,emit_helpers::detect_duplicates::bb13,canon-projection/src/emit_helpers.rs,54,1
2905,BASIC_BLOCK,emit_helpers::detect_duplicates::bb14,canon-projection/src/emit_helpers.rs,54,2
2906,BASIC_BLOCK,emit_helpers::detect_duplicates::bb15,canon-projection/src/emit_helpers.rs,54,1
2907,BASIC_BLOCK,emit_helpers::detect_duplicates::bb16,canon-projection/src/emit_helpers.rs,44,1
2908,CALL_SITE,emit_helpers::detect_duplicates::bb1::call1,canon-projection/src/emit_helpers.rs,47,17
2909,BASIC_BLOCK,emit_helpers::detect_duplicates::bb2,canon-projection/src/emit_helpers.rs,47,5
2910,BASIC_BLOCK,emit_helpers::detect_duplicates::bb3,canon-projection/src/emit_helpers.rs,47,17
2911,CALL_SITE,emit_helpers::detect_duplicates::bb3::call2,canon-projection/src/emit_helpers.rs,47,17
2912,BASIC_BLOCK,emit_helpers::detect_duplicates::bb4,canon-projection/src/emit_helpers.rs,47,17
2913,BASIC_BLOCK,emit_helpers::detect_duplicates::bb5,canon-projection/src/emit_helpers.rs,47,17
2914,BASIC_BLOCK,emit_helpers::detect_duplicates::bb6,canon-projection/src/emit_helpers.rs,48,13
2915,CALL_SITE,emit_helpers::detect_duplicates::bb6::call3,canon-projection/src/emit_helpers.rs,48,13
2916,BASIC_BLOCK,emit_helpers::detect_duplicates::bb7,canon-projection/src/emit_helpers.rs,54,1
2917,BASIC_BLOCK,emit_helpers::detect_duplicates::bb8,canon-projection/src/emit_helpers.rs,48,13
2918,BASIC_BLOCK,emit_helpers::detect_duplicates::bb9,canon-projection/src/emit_helpers.rs,49,59
2919,CALL_SITE,emit_helpers::detect_duplicates::bb9::call4,canon-projection/src/emit_helpers.rs,49,59
2920,FUNCTION,emit_helpers::detect_duplicates::fn,canon-projection/src/emit_helpers.rs,44,1
2921,PARAM,emit_helpers::detect_duplicates::param0,canon-projection/src/emit_helpers.rs,44,26
2922,BASIC_BLOCK,emit_helpers::normalize_modules::bb0,canon-projection/src/emit_helpers.rs,73,23
2923,CALL_SITE,emit_helpers::normalize_modules::bb0::call0,canon-projection/src/emit_helpers.rs,73,23
2924,BASIC_BLOCK,emit_helpers::normalize_modules::bb1,canon-projection/src/emit_helpers.rs,75,24
2925,BASIC_BLOCK,emit_helpers::normalize_modules::bb10,canon-projection/src/emit_helpers.rs,76,12
2926,BASIC_BLOCK,emit_helpers::normalize_modules::bb11,canon-projection/src/emit_helpers.rs,77,28
2927,CALL_SITE,emit_helpers::normalize_modules::bb11::call6,canon-projection/src/emit_helpers.rs,77,28
2928,BASIC_BLOCK,emit_helpers::normalize_modules::bb12,canon-projection/src/emit_helpers.rs,77,13
2929,CALL_SITE,emit_helpers::normalize_modules::bb12::call7,canon-projection/src/emit_helpers.rs,77,13
2930,BASIC_BLOCK,emit_helpers::normalize_modules::bb13,canon-projection/src/emit_helpers.rs,81,24
2931,CALL_SITE,emit_helpers::normalize_modules::bb13::call8,canon-projection/src/emit_helpers.rs,81,24
2932,BASIC_BLOCK,emit_helpers::normalize_modules::bb14,canon-projection/src/emit_helpers.rs,82,21
2933,CALL_SITE,emit_helpers::normalize_modules::bb14::call9,canon-projection/src/emit_helpers.rs,82,21
2934,BASIC_BLOCK,emit_helpers::normalize_modules::bb15,canon-projection/src/emit_helpers.rs,82,21
2935,CALL_SITE,emit_helpers::normalize_modules::bb15::call10,canon-projection/src/emit_helpers.rs,82,21
2936,BASIC_BLOCK,emit_helpers::normalize_modules::bb16,canon-projection/src/emit_helpers.rs,82,21
2937,CALL_SITE,emit_helpers::normalize_modules::bb16::call11,canon-projection/src/emit_helpers.rs,82,21
2938,BASIC_BLOCK,emit_helpers::normalize_modules::bb17,canon-projection/src/emit_helpers.rs,82,9
2939,BASIC_BLOCK,emit_helpers::normalize_modules::bb18,canon-projection/src/emit_helpers.rs,82,21
2940,CALL_SITE,emit_helpers::normalize_modules::bb18::call12,canon-projection/src/emit_helpers.rs,82,21
2941,BASIC_BLOCK,emit_helpers::normalize_modules::bb19,canon-projection/src/emit_helpers.rs,82,21
2942,CALL_SITE,emit_helpers::normalize_modules::bb1::call1,canon-projection/src/emit_helpers.rs,75,24
2943,BASIC_BLOCK,emit_helpers::normalize_modules::bb2,canon-projection/src/emit_helpers.rs,75,5
2944,BASIC_BLOCK,emit_helpers::normalize_modules::bb20,canon-projection/src/emit_helpers.rs,83,17
2945,CALL_SITE,emit_helpers::normalize_modules::bb20::call13,canon-projection/src/emit_helpers.rs,83,17
2946,BASIC_BLOCK,emit_helpers::normalize_modules::bb21,canon-projection/src/emit_helpers.rs,89,5
2947,BASIC_BLOCK,emit_helpers::normalize_modules::bb22,canon-projection/src/emit_helpers.rs,83,17
2948,BASIC_BLOCK,emit_helpers::normalize_modules::bb23,canon-projection/src/emit_helpers.rs,84,17
2949,CALL_SITE,emit_helpers::normalize_modules::bb23::call14,canon-projection/src/emit_helpers.rs,84,17
2950,BASIC_BLOCK,emit_helpers::normalize_modules::bb24,canon-projection/src/emit_helpers.rs,86,13
2951,CALL_SITE,emit_helpers::normalize_modules::bb24::call15,canon-projection/src/emit_helpers.rs,86,13
2952,BASIC_BLOCK,emit_helpers::normalize_modules::bb25,canon-projection/src/emit_helpers.rs,87,28
2953,CALL_SITE,emit_helpers::normalize_modules::bb25::call16,canon-projection/src/emit_helpers.rs,87,28
2954,BASIC_BLOCK,emit_helpers::normalize_modules::bb26,canon-projection/src/emit_helpers.rs,87,13
2955,CALL_SITE,emit_helpers::normalize_modules::bb26::call17,canon-projection/src/emit_helpers.rs,87,13
2956,BASIC_BLOCK,emit_helpers::normalize_modules::bb27,canon-projection/src/emit_helpers.rs,89,5
2957,BASIC_BLOCK,emit_helpers::normalize_modules::bb28,canon-projection/src/emit_helpers.rs,92,1
2958,BASIC_BLOCK,emit_helpers::normalize_modules::bb29,canon-projection/src/emit_helpers.rs,72,1
2959,BASIC_BLOCK,emit_helpers::normalize_modules::bb3,canon-projection/src/emit_helpers.rs,75,24
2960,BASIC_BLOCK,emit_helpers::normalize_modules::bb30,canon-projection/src/emit_helpers.rs,77,13
2961,BASIC_BLOCK,emit_helpers::normalize_modules::bb31,canon-projection/src/emit_helpers.rs,84,17
2962,BASIC_BLOCK,emit_helpers::normalize_modules::bb32,canon-projection/src/emit_helpers.rs,87,13
2963,CALL_SITE,emit_helpers::normalize_modules::bb3::call2,canon-projection/src/emit_helpers.rs,75,24
2964,BASIC_BLOCK,emit_helpers::normalize_modules::bb4,canon-projection/src/emit_helpers.rs,75,24
2965,BASIC_BLOCK,emit_helpers::normalize_modules::bb5,canon-projection/src/lib.rs,1,1
2966,BASIC_BLOCK,emit_helpers::normalize_modules::bb6,canon-projection/src/emit_helpers.rs,76,12
2967,CALL_SITE,emit_helpers::normalize_modules::bb6::call3,canon-projection/src/emit_helpers.rs,76,12
2968,BASIC_BLOCK,emit_helpers::normalize_modules::bb7,canon-projection/src/emit_helpers.rs,92,2
2969,BASIC_BLOCK,emit_helpers::normalize_modules::bb8,canon-projection/src/emit_helpers.rs,76,12
2970,CALL_SITE,emit_helpers::normalize_modules::bb8::call4,canon-projection/src/emit_helpers.rs,76,12
2971,BASIC_BLOCK,emit_helpers::normalize_modules::bb9,canon-projection/src/emit_helpers.rs,76,12
2972,CALL_SITE,emit_helpers::normalize_modules::bb9::call5,canon-projection/src/emit_helpers.rs,76,12
2973,FUNCTION,emit_helpers::normalize_modules::fn,canon-projection/src/emit_helpers.rs,72,1
2974,PARAM,emit_helpers::normalize_modules::param0,canon-projection/src/emit_helpers.rs,72,26
2975,BASIC_BLOCK,emit_helpers::topo_sort::bb0,canon-projection/src/emit_helpers.rs,5,48
2976,CALL_SITE,emit_helpers::topo_sort::bb0::call0,canon-projection/src/emit_helpers.rs,5,48
2977,BASIC_BLOCK,emit_helpers::topo_sort::bb1,canon-projection/src/emit_helpers.rs,7,25
2978,BASIC_BLOCK,emit_helpers::topo_sort::bb10,canon-projection/src/emit_helpers.rs,9,20
2979,CALL_SITE,emit_helpers::topo_sort::bb10::call7,canon-projection/src/emit_helpers.rs,9,20
2980,BASIC_BLOCK,emit_helpers::topo_sort::bb11,canon-projection/src/emit_helpers.rs,9,9
2981,BASIC_BLOCK,emit_helpers::topo_sort::bb12,canon-projection/src/emit_helpers.rs,9,20
2982,CALL_SITE,emit_helpers::topo_sort::bb12::call8,canon-projection/src/emit_helpers.rs,9,20
2983,BASIC_BLOCK,emit_helpers::topo_sort::bb13,canon-projection/src/emit_helpers.rs,9,20
2984,BASIC_BLOCK,emit_helpers::topo_sort::bb14,canon-projection/src/emit_helpers.rs,10,29
2985,CALL_SITE,emit_helpers::topo_sort::bb14::call9,canon-projection/src/emit_helpers.rs,10,29
2986,BASIC_BLOCK,emit_helpers::topo_sort::bb15,canon-projection/src/emit_helpers.rs,10,14
2987,CALL_SITE,emit_helpers::topo_sort::bb15::call10,canon-projection/src/emit_helpers.rs,10,14
2988,BASIC_BLOCK,emit_helpers::topo_sort::bb16,canon-projection/src/emit_helpers.rs,10,14
2989,CALL_SITE,emit_helpers::topo_sort::bb16::call11,canon-projection/src/emit_helpers.rs,10,14
2990,BASIC_BLOCK,emit_helpers::topo_sort::bb17,canon-projection/src/emit_helpers.rs,10,13
2991,BASIC_BLOCK,emit_helpers::topo_sort::bb18,canon-projection/src/emit_helpers.rs,9,9
2992,BASIC_BLOCK,emit_helpers::topo_sort::bb19,canon-projection/src/emit_helpers.rs,14,34
2993,CALL_SITE,emit_helpers::topo_sort::bb19::call12,canon-projection/src/emit_helpers.rs,14,34
2994,CALL_SITE,emit_helpers::topo_sort::bb1::call1,canon-projection/src/emit_helpers.rs,7,25
2995,BASIC_BLOCK,emit_helpers::topo_sort::bb2,canon-projection/src/emit_helpers.rs,7,5
2996,BASIC_BLOCK,emit_helpers::topo_sort::bb20,canon-projection/src/emit_helpers.rs,14,34
2997,CALL_SITE,emit_helpers::topo_sort::bb20::call13,canon-projection/src/emit_helpers.rs,14,34
2998,BASIC_BLOCK,emit_helpers::topo_sort::bb21,canon-projection/src/emit_helpers.rs,14,34
2999,CALL_SITE,emit_helpers::topo_sort::bb21::call14,canon-projection/src/emit_helpers.rs,14,34
3000,BASIC_BLOCK,emit_helpers::topo_sort::bb22,canon-projection/src/emit_helpers.rs,16,5
3001,CALL_SITE,emit_helpers::topo_sort::bb22::call15,canon-projection/src/emit_helpers.rs,16,5
3002,BASIC_BLOCK,emit_helpers::topo_sort::bb23,canon-projection/src/emit_helpers.rs,16,5
3003,CALL_SITE,emit_helpers::topo_sort::bb23::call16,canon-projection/src/emit_helpers.rs,16,5
3004,BASIC_BLOCK,emit_helpers::topo_sort::bb24,canon-projection/src/emit_helpers.rs,18,19
3005,CALL_SITE,emit_helpers::topo_sort::bb24::call17,canon-projection/src/emit_helpers.rs,18,19
3006,BASIC_BLOCK,emit_helpers::topo_sort::bb25,canon-projection/src/emit_helpers.rs,20,28
3007,CALL_SITE,emit_helpers::topo_sort::bb25::call18,canon-projection/src/emit_helpers.rs,20,28
3008,BASIC_BLOCK,emit_helpers::topo_sort::bb26,canon-projection/src/emit_helpers.rs,20,15
3009,BASIC_BLOCK,emit_helpers::topo_sort::bb27,canon-projection/src/emit_helpers.rs,21,18
3010,CALL_SITE,emit_helpers::topo_sort::bb27::call19,canon-projection/src/emit_helpers.rs,21,18
3011,BASIC_BLOCK,emit_helpers::topo_sort::bb28,canon-projection/src/emit_helpers.rs,21,9
3012,CALL_SITE,emit_helpers::topo_sort::bb28::call20,canon-projection/src/emit_helpers.rs,21,9
3013,BASIC_BLOCK,emit_helpers::topo_sort::bb29,canon-projection/src/emit_helpers.rs,23,30
3014,CALL_SITE,emit_helpers::topo_sort::bb29::call21,canon-projection/src/emit_helpers.rs,23,30
3015,BASIC_BLOCK,emit_helpers::topo_sort::bb3,canon-projection/src/emit_helpers.rs,7,25
3016,BASIC_BLOCK,emit_helpers::topo_sort::bb30,canon-projection/src/emit_helpers.rs,23,16
3017,BASIC_BLOCK,emit_helpers::topo_sort::bb31,canon-projection/src/emit_helpers.rs,24,24
3018,CALL_SITE,emit_helpers::topo_sort::bb31::call22,canon-projection/src/emit_helpers.rs,24,24
3019,BASIC_BLOCK,emit_helpers::topo_sort::bb32,canon-projection/src/emit_helpers.rs,24,13
3020,BASIC_BLOCK,emit_helpers::topo_sort::bb33,canon-projection/src/emit_helpers.rs,24,24
3021,CALL_SITE,emit_helpers::topo_sort::bb33::call23,canon-projection/src/emit_helpers.rs,24,24
3022,BASIC_BLOCK,emit_helpers::topo_sort::bb34,canon-projection/src/emit_helpers.rs,24,24
3023,BASIC_BLOCK,emit_helpers::topo_sort::bb35,canon-projection/src/emit_helpers.rs,25,34
3024,CALL_SITE,emit_helpers::topo_sort::bb35::call24,canon-projection/src/emit_helpers.rs,25,34
3025,BASIC_BLOCK,emit_helpers::topo_sort::bb36,canon-projection/src/emit_helpers.rs,25,24
3026,BASIC_BLOCK,emit_helpers::topo_sort::bb37,canon-projection/src/emit_helpers.rs,26,21
3027,BASIC_BLOCK,emit_helpers::topo_sort::bb38,canon-projection/src/emit_helpers.rs,27,24
3028,BASIC_BLOCK,emit_helpers::topo_sort::bb39,canon-projection/src/emit_helpers.rs,28,36
3029,CALL_SITE,emit_helpers::topo_sort::bb39::call25,canon-projection/src/emit_helpers.rs,28,36
3030,CALL_SITE,emit_helpers::topo_sort::bb3::call2,canon-projection/src/emit_helpers.rs,7,25
3031,BASIC_BLOCK,emit_helpers::topo_sort::bb4,canon-projection/src/emit_helpers.rs,7,25
3032,BASIC_BLOCK,emit_helpers::topo_sort::bb40,canon-projection/src/emit_helpers.rs,28,25
3033,CALL_SITE,emit_helpers::topo_sort::bb40::call26,canon-projection/src/emit_helpers.rs,28,25
3034,BASIC_BLOCK,emit_helpers::topo_sort::bb41,canon-projection/src/emit_helpers.rs,29,25
3035,CALL_SITE,emit_helpers::topo_sort::bb41::call27,canon-projection/src/emit_helpers.rs,29,25
3036,BASIC_BLOCK,emit_helpers::topo_sort::bb42,canon-projection/src/emit_helpers.rs,29,25
3037,CALL_SITE,emit_helpers::topo_sort::bb42::call28,canon-projection/src/emit_helpers.rs,29,25
3038,BASIC_BLOCK,emit_helpers::topo_sort::bb43,canon-projection/src/emit_helpers.rs,34,5
3039,BASIC_BLOCK,emit_helpers::topo_sort::bb44,canon-projection/src/emit_helpers.rs,36,21
3040,CALL_SITE,emit_helpers::topo_sort::bb44::call29,canon-projection/src/emit_helpers.rs,36,21
3041,BASIC_BLOCK,emit_helpers::topo_sort::bb45,canon-projection/src/emit_helpers.rs,36,8
3042,BASIC_BLOCK,emit_helpers::topo_sort::bb46,canon-projection/src/emit_helpers.rs,37,20
3043,CALL_SITE,emit_helpers::topo_sort::bb46::call30,canon-projection/src/emit_helpers.rs,37,20
3044,BASIC_BLOCK,emit_helpers::topo_sort::bb47,canon-projection/src/emit_helpers.rs,41,1
3045,BASIC_BLOCK,emit_helpers::topo_sort::bb48,canon-projection/src/emit_helpers.rs,41,1
3046,BASIC_BLOCK,emit_helpers::topo_sort::bb49,canon-projection/src/emit_helpers.rs,41,1
3047,BASIC_BLOCK,emit_helpers::topo_sort::bb5,canon-projection/src/lib.rs,1,1
3048,BASIC_BLOCK,emit_helpers::topo_sort::bb50,canon-projection/src/emit_helpers.rs,41,1
3049,BASIC_BLOCK,emit_helpers::topo_sort::bb51,canon-projection/src/emit_helpers.rs,41,1
3050,BASIC_BLOCK,emit_helpers::topo_sort::bb52,canon-projection/src/emit_helpers.rs,41,2
3051,BASIC_BLOCK,emit_helpers::topo_sort::bb53,canon-projection/src/emit_helpers.rs,34,5
3052,BASIC_BLOCK,emit_helpers::topo_sort::bb54,canon-projection/src/emit_helpers.rs,41,1
3053,BASIC_BLOCK,emit_helpers::topo_sort::bb55,canon-projection/src/emit_helpers.rs,41,1
3054,BASIC_BLOCK,emit_helpers::topo_sort::bb56,canon-projection/src/emit_helpers.rs,41,1
3055,BASIC_BLOCK,emit_helpers::topo_sort::bb57,canon-projection/src/emit_helpers.rs,4,1
3056,BASIC_BLOCK,emit_helpers::topo_sort::bb58,canon-projection/src/emit_helpers.rs,36,8
3057,CALL_SITE,emit_helpers::topo_sort::bb58::call31,canon-projection/src/emit_helpers.rs,36,8
3058,BASIC_BLOCK,emit_helpers::topo_sort::bb59,canon-projection/src/emit_helpers.rs,18,19
3059,BASIC_BLOCK,emit_helpers::topo_sort::bb6,canon-projection/src/emit_helpers.rs,8,24
3060,BASIC_BLOCK,emit_helpers::topo_sort::bb60,canon-projection/src/emit_helpers.rs,29,25
3061,CALL_SITE,emit_helpers::topo_sort::bb6::call3,canon-projection/src/emit_helpers.rs,8,24
3062,BASIC_BLOCK,emit_helpers::topo_sort::bb7,canon-projection/src/emit_helpers.rs,14,34
3063,CALL_SITE,emit_helpers::topo_sort::bb7::call4,canon-projection/src/emit_helpers.rs,14,34
3064,BASIC_BLOCK,emit_helpers::topo_sort::bb8,canon-projection/src/emit_helpers.rs,8,9
3065,CALL_SITE,emit_helpers::topo_sort::bb8::call5,canon-projection/src/emit_helpers.rs,8,9
3066,BASIC_BLOCK,emit_helpers::topo_sort::bb9,canon-projection/src/emit_helpers.rs,8,9
3067,CALL_SITE,emit_helpers::topo_sort::bb9::call6,canon-projection/src/emit_helpers.rs,8,9
3068,FUNCTION,emit_helpers::topo_sort::fn,canon-projection/src/emit_helpers.rs,4,1
3069,PARAM,emit_helpers::topo_sort::param0,canon-projection/src/emit_helpers.rs,4,18
3070,BASIC_BLOCK,emit_to_disk::bb0,canon-projection/src/lib.rs,22,28
3071,CALL_SITE,emit_to_disk::bb0::call0,canon-projection/src/lib.rs,22,28
3072,BASIC_BLOCK,emit_to_disk::bb1,canon-projection/src/lib.rs,22,28
3073,BASIC_BLOCK,emit_to_disk::bb10,canon-projection/src/lib.rs,24,16
3074,BASIC_BLOCK,emit_to_disk::bb11,canon-projection/src/lib.rs,25,13
3075,CALL_SITE,emit_to_disk::bb11::call6,canon-projection/src/lib.rs,25,13
3076,BASIC_BLOCK,emit_to_disk::bb12,canon-projection/src/lib.rs,25,13
3077,CALL_SITE,emit_to_disk::bb12::call7,canon-projection/src/lib.rs,25,13
3078,BASIC_BLOCK,emit_to_disk::bb13,canon-projection/src/lib.rs,25,13
3079,BASIC_BLOCK,emit_to_disk::bb14,canon-projection/src/lib.rs,25,13
3080,CALL_SITE,emit_to_disk::bb14::call8,canon-projection/src/lib.rs,25,13
3081,BASIC_BLOCK,emit_to_disk::bb15,canon-projection/src/lib.rs,27,9
3082,CALL_SITE,emit_to_disk::bb15::call9,canon-projection/src/lib.rs,27,9
3083,BASIC_BLOCK,emit_to_disk::bb16,canon-projection/src/lib.rs,27,9
3084,CALL_SITE,emit_to_disk::bb16::call10,canon-projection/src/lib.rs,27,9
3085,BASIC_BLOCK,emit_to_disk::bb17,canon-projection/src/lib.rs,27,9
3086,BASIC_BLOCK,emit_to_disk::bb18,canon-projection/src/lib.rs,22,5
3087,BASIC_BLOCK,emit_to_disk::bb19,canon-projection/src/lib.rs,27,9
3088,CALL_SITE,emit_to_disk::bb19::call11,canon-projection/src/lib.rs,27,9
3089,CALL_SITE,emit_to_disk::bb1::call1,canon-projection/src/lib.rs,22,28
3090,BASIC_BLOCK,emit_to_disk::bb2,canon-projection/src/lib.rs,22,5
3091,BASIC_BLOCK,emit_to_disk::bb20,canon-projection/src/lib.rs,30,2
3092,BASIC_BLOCK,emit_to_disk::bb21,canon-projection/src/lib.rs,28,5
3093,BASIC_BLOCK,emit_to_disk::bb22,canon-projection/src/lib.rs,28,5
3094,BASIC_BLOCK,emit_to_disk::bb23,canon-projection/src/lib.rs,30,2
3095,BASIC_BLOCK,emit_to_disk::bb24,canon-projection/src/lib.rs,28,5
3096,BASIC_BLOCK,emit_to_disk::bb25,canon-projection/src/lib.rs,21,1
3097,BASIC_BLOCK,emit_to_disk::bb26,canon-projection/src/lib.rs,28,5
3098,BASIC_BLOCK,emit_to_disk::bb27,canon-projection/src/lib.rs,28,5
3099,BASIC_BLOCK,emit_to_disk::bb28,canon-projection/src/lib.rs,28,5
3100,BASIC_BLOCK,emit_to_disk::bb29,canon-projection/src/lib.rs,28,5
3101,BASIC_BLOCK,emit_to_disk::bb3,canon-projection/src/lib.rs,22,28
3102,BASIC_BLOCK,emit_to_disk::bb30,canon-projection/src/lib.rs,28,5
3103,BASIC_BLOCK,emit_to_disk::bb31,canon-projection/src/lib.rs,28,5
3104,BASIC_BLOCK,emit_to_disk::bb32,canon-projection/src/lib.rs,28,5
3105,BASIC_BLOCK,emit_to_disk::bb33,canon-projection/src/lib.rs,25,13
3106,BASIC_BLOCK,emit_to_disk::bb34,canon-projection/src/lib.rs,27,9
3107,CALL_SITE,emit_to_disk::bb3::call2,canon-projection/src/lib.rs,22,28
3108,BASIC_BLOCK,emit_to_disk::bb4,canon-projection/src/lib.rs,22,28
3109,BASIC_BLOCK,emit_to_disk::bb5,canon-projection/src/lib.rs,1,1
3110,BASIC_BLOCK,emit_to_disk::bb6,canon-projection/src/lib.rs,23,20
3111,CALL_SITE,emit_to_disk::bb6::call3,canon-projection/src/lib.rs,23,20
3112,BASIC_BLOCK,emit_to_disk::bb7,canon-projection/src/lib.rs,28,5
3113,BASIC_BLOCK,emit_to_disk::bb8,canon-projection/src/lib.rs,24,31
3114,CALL_SITE,emit_to_disk::bb8::call4,canon-projection/src/lib.rs,24,31
3115,BASIC_BLOCK,emit_to_disk::bb9,canon-projection/src/lib.rs,24,31
3116,CALL_SITE,emit_to_disk::bb9::call5,canon-projection/src/lib.rs,24,31
3117,FUNCTION,emit_to_disk::fn,canon-projection/src/lib.rs,21,1
3118,PARAM,emit_to_disk::param0,canon-projection/src/lib.rs,21,21
3119,PARAM,emit_to_disk::param1,canon-projection/src/lib.rs,21,35
3120,PARAM,emit_to_disk::param2,canon-projection/src/lib.rs,21,48
3121,MODULE,helpers,canon-projection/src/lib.rs,8,1
3122,MODULE,helpers::dependency_graph,canon-projection/src/helpers/mod.rs,1,1
3123,BASIC_BLOCK,helpers::dependency_graph::compute_dependency_graph::bb0,canon-projection/src/helpers/dependency_graph.rs,10,38
3124,CALL_SITE,helpers::dependency_graph::compute_dependency_graph::bb0::call0,canon-projection/src/helpers/dependency_graph.rs,10,38
3125,BASIC_BLOCK,helpers::dependency_graph::compute_dependency_graph::bb1,canon-projection/src/helpers/dependency_graph.rs,12,25
3126,BASIC_BLOCK,helpers::dependency_graph::compute_dependency_graph::bb10,canon-projection/src/helpers/dependency_graph.rs,14,18
3127,CALL_SITE,helpers::dependency_graph::compute_dependency_graph::bb10::call6,canon-projection/src/helpers/dependency_graph.rs,14,18
3128,BASIC_BLOCK,helpers::dependency_graph::compute_dependency_graph::bb11,canon-projection/src/helpers/dependency_graph.rs,14,9
3129,BASIC_BLOCK,helpers::dependency_graph::compute_dependency_graph::bb12,canon-projection/src/helpers/dependency_graph.rs,14,18
3130,CALL_SITE,helpers::dependency_graph::compute_dependency_graph::bb12::call7,canon-projection/src/helpers/dependency_graph.rs,14,18
3131,BASIC_BLOCK,helpers::dependency_graph::compute_dependency_graph::bb13,canon-projection/src/helpers/dependency_graph.rs,14,18
3132,BASIC_BLOCK,helpers::dependency_graph::compute_dependency_graph::bb14,canon-projection/src/helpers/dependency_graph.rs,15,26
3133,CALL_SITE,helpers::dependency_graph::compute_dependency_graph::bb14::call8,canon-projection/src/helpers/dependency_graph.rs,15,26
3134,BASIC_BLOCK,helpers::dependency_graph::compute_dependency_graph::bb15,canon-projection/src/helpers/dependency_graph.rs,15,13
3135,CALL_SITE,helpers::dependency_graph::compute_dependency_graph::bb15::call9,canon-projection/src/helpers/dependency_graph.rs,15,13
3136,BASIC_BLOCK,helpers::dependency_graph::compute_dependency_graph::bb16,canon-projection/src/helpers/dependency_graph.rs,20,1
3137,BASIC_BLOCK,helpers::dependency_graph::compute_dependency_graph::bb17,canon-projection/src/helpers/dependency_graph.rs,9,1
3138,BASIC_BLOCK,helpers::dependency_graph::compute_dependency_graph::bb18,canon-projection/src/helpers/dependency_graph.rs,15,13
3139,CALL_SITE,helpers::dependency_graph::compute_dependency_graph::bb1::call1,canon-projection/src/helpers/dependency_graph.rs,12,25
3140,BASIC_BLOCK,helpers::dependency_graph::compute_dependency_graph::bb2,canon-projection/src/helpers/dependency_graph.rs,12,5
3141,BASIC_BLOCK,helpers::dependency_graph::compute_dependency_graph::bb3,canon-projection/src/helpers/dependency_graph.rs,12,25
3142,CALL_SITE,helpers::dependency_graph::compute_dependency_graph::bb3::call2,canon-projection/src/helpers/dependency_graph.rs,12,25
3143,BASIC_BLOCK,helpers::dependency_graph::compute_dependency_graph::bb4,canon-projection/src/helpers/dependency_graph.rs,12,25
3144,BASIC_BLOCK,helpers::dependency_graph::compute_dependency_graph::bb5,canon-projection/src/lib.rs,1,1
3145,BASIC_BLOCK,helpers::dependency_graph::compute_dependency_graph::bb6,canon-projection/src/helpers/dependency_graph.rs,13,33
3146,CALL_SITE,helpers::dependency_graph::compute_dependency_graph::bb6::call3,canon-projection/src/helpers/dependency_graph.rs,13,33
3147,BASIC_BLOCK,helpers::dependency_graph::compute_dependency_graph::bb7,canon-projection/src/helpers/dependency_graph.rs,20,2
3148,BASIC_BLOCK,helpers::dependency_graph::compute_dependency_graph::bb8,canon-projection/src/helpers/dependency_graph.rs,13,21
3149,CALL_SITE,helpers::dependency_graph::compute_dependency_graph::bb8::call4,canon-projection/src/helpers/dependency_graph.rs,13,21
3150,BASIC_BLOCK,helpers::dependency_graph::compute_dependency_graph::bb9,canon-projection/src/helpers/dependency_graph.rs,13,21
3151,CALL_SITE,helpers::dependency_graph::compute_dependency_graph::bb9::call5,canon-projection/src/helpers/dependency_graph.rs,13,21
3152,FUNCTION,helpers::dependency_graph::compute_dependency_graph::fn,canon-projection/src/helpers/dependency_graph.rs,9,1
3153,PARAM,helpers::dependency_graph::compute_dependency_graph::param0,canon-projection/src/helpers/dependency_graph.rs,9,33
3154,BASIC_BLOCK,helpers::dependency_graph::compute_emit_order::bb0,canon-projection/src/helpers/dependency_graph.rs,24,48
3155,CALL_SITE,helpers::dependency_graph::compute_emit_order::bb0::call0,canon-projection/src/helpers/dependency_graph.rs,24,48
3156,BASIC_BLOCK,helpers::dependency_graph::compute_emit_order::bb1,canon-projection/src/helpers/dependency_graph.rs,26,25
3157,BASIC_BLOCK,helpers::dependency_graph::compute_emit_order::bb10,canon-projection/src/helpers/dependency_graph.rs,28,20
3158,CALL_SITE,helpers::dependency_graph::compute_emit_order::bb10::call7,canon-projection/src/helpers/dependency_graph.rs,28,20
3159,BASIC_BLOCK,helpers::dependency_graph::compute_emit_order::bb11,canon-projection/src/helpers/dependency_graph.rs,28,9
3160,BASIC_BLOCK,helpers::dependency_graph::compute_emit_order::bb12,canon-projection/src/helpers/dependency_graph.rs,28,20
3161,CALL_SITE,helpers::dependency_graph::compute_emit_order::bb12::call8,canon-projection/src/helpers/dependency_graph.rs,28,20
3162,BASIC_BLOCK,helpers::dependency_graph::compute_emit_order::bb13,canon-projection/src/helpers/dependency_graph.rs,28,20
3163,BASIC_BLOCK,helpers::dependency_graph::compute_emit_order::bb14,canon-projection/src/helpers/dependency_graph.rs,29,29
3164,CALL_SITE,helpers::dependency_graph::compute_emit_order::bb14::call9,canon-projection/src/helpers/dependency_graph.rs,29,29
3165,BASIC_BLOCK,helpers::dependency_graph::compute_emit_order::bb15,canon-projection/src/helpers/dependency_graph.rs,29,14
3166,CALL_SITE,helpers::dependency_graph::compute_emit_order::bb15::call10,canon-projection/src/helpers/dependency_graph.rs,29,14
3167,BASIC_BLOCK,helpers::dependency_graph::compute_emit_order::bb16,canon-projection/src/helpers/dependency_graph.rs,29,14
3168,CALL_SITE,helpers::dependency_graph::compute_emit_order::bb16::call11,canon-projection/src/helpers/dependency_graph.rs,29,14
3169,BASIC_BLOCK,helpers::dependency_graph::compute_emit_order::bb17,canon-projection/src/helpers/dependency_graph.rs,29,13
3170,BASIC_BLOCK,helpers::dependency_graph::compute_emit_order::bb18,canon-projection/src/helpers/dependency_graph.rs,28,9
3171,BASIC_BLOCK,helpers::dependency_graph::compute_emit_order::bb19,canon-projection/src/helpers/dependency_graph.rs,33,34
3172,CALL_SITE,helpers::dependency_graph::compute_emit_order::bb19::call12,canon-projection/src/helpers/dependency_graph.rs,33,34
3173,CALL_SITE,helpers::dependency_graph::compute_emit_order::bb1::call1,canon-projection/src/helpers/dependency_graph.rs,26,25
3174,BASIC_BLOCK,helpers::dependency_graph::compute_emit_order::bb2,canon-projection/src/helpers/dependency_graph.rs,26,5
3175,BASIC_BLOCK,helpers::dependency_graph::compute_emit_order::bb20,canon-projection/src/helpers/dependency_graph.rs,33,34
3176,CALL_SITE,helpers::dependency_graph::compute_emit_order::bb20::call13,canon-projection/src/helpers/dependency_graph.rs,33,34
3177,BASIC_BLOCK,helpers::dependency_graph::compute_emit_order::bb21,canon-projection/src/helpers/dependency_graph.rs,33,34
3178,CALL_SITE,helpers::dependency_graph::compute_emit_order::bb21::call14,canon-projection/src/helpers/dependency_graph.rs,33,34
3179,BASIC_BLOCK,helpers::dependency_graph::compute_emit_order::bb22,canon-projection/src/helpers/dependency_graph.rs,35,5
3180,CALL_SITE,helpers::dependency_graph::compute_emit_order::bb22::call15,canon-projection/src/helpers/dependency_graph.rs,35,5
3181,BASIC_BLOCK,helpers::dependency_graph::compute_emit_order::bb23,canon-projection/src/helpers/dependency_graph.rs,35,5
3182,CALL_SITE,helpers::dependency_graph::compute_emit_order::bb23::call16,canon-projection/src/helpers/dependency_graph.rs,35,5
3183,BASIC_BLOCK,helpers::dependency_graph::compute_emit_order::bb24,canon-projection/src/helpers/dependency_graph.rs,37,21
3184,CALL_SITE,helpers::dependency_graph::compute_emit_order::bb24::call17,canon-projection/src/helpers/dependency_graph.rs,37,21
3185,BASIC_BLOCK,helpers::dependency_graph::compute_emit_order::bb25,canon-projection/src/helpers/dependency_graph.rs,39,28
3186,CALL_SITE,helpers::dependency_graph::compute_emit_order::bb25::call18,canon-projection/src/helpers/dependency_graph.rs,39,28
3187,BASIC_BLOCK,helpers::dependency_graph::compute_emit_order::bb26,canon-projection/src/helpers/dependency_graph.rs,39,15
3188,BASIC_BLOCK,helpers::dependency_graph::compute_emit_order::bb27,canon-projection/src/helpers/dependency_graph.rs,40,20
3189,CALL_SITE,helpers::dependency_graph::compute_emit_order::bb27::call19,canon-projection/src/helpers/dependency_graph.rs,40,20
3190,BASIC_BLOCK,helpers::dependency_graph::compute_emit_order::bb28,canon-projection/src/helpers/dependency_graph.rs,40,9
3191,CALL_SITE,helpers::dependency_graph::compute_emit_order::bb28::call20,canon-projection/src/helpers/dependency_graph.rs,40,9
3192,BASIC_BLOCK,helpers::dependency_graph::compute_emit_order::bb29,canon-projection/src/helpers/dependency_graph.rs,42,33
3193,CALL_SITE,helpers::dependency_graph::compute_emit_order::bb29::call21,canon-projection/src/helpers/dependency_graph.rs,42,33
3194,BASIC_BLOCK,helpers::dependency_graph::compute_emit_order::bb3,canon-projection/src/helpers/dependency_graph.rs,26,25
3195,BASIC_BLOCK,helpers::dependency_graph::compute_emit_order::bb30,canon-projection/src/helpers/dependency_graph.rs,42,16
3196,BASIC_BLOCK,helpers::dependency_graph::compute_emit_order::bb31,canon-projection/src/helpers/dependency_graph.rs,43,22
3197,CALL_SITE,helpers::dependency_graph::compute_emit_order::bb31::call22,canon-projection/src/helpers/dependency_graph.rs,43,22
3198,BASIC_BLOCK,helpers::dependency_graph::compute_emit_order::bb32,canon-projection/src/helpers/dependency_graph.rs,43,13
3199,BASIC_BLOCK,helpers::dependency_graph::compute_emit_order::bb33,canon-projection/src/helpers/dependency_graph.rs,43,22
3200,CALL_SITE,helpers::dependency_graph::compute_emit_order::bb33::call23,canon-projection/src/helpers/dependency_graph.rs,43,22
3201,BASIC_BLOCK,helpers::dependency_graph::compute_emit_order::bb34,canon-projection/src/helpers/dependency_graph.rs,43,22
3202,BASIC_BLOCK,helpers::dependency_graph::compute_emit_order::bb35,canon-projection/src/helpers/dependency_graph.rs,44,34
3203,CALL_SITE,helpers::dependency_graph::compute_emit_order::bb35::call24,canon-projection/src/helpers/dependency_graph.rs,44,34
3204,BASIC_BLOCK,helpers::dependency_graph::compute_emit_order::bb36,canon-projection/src/helpers/dependency_graph.rs,44,24
3205,BASIC_BLOCK,helpers::dependency_graph::compute_emit_order::bb37,canon-projection/src/helpers/dependency_graph.rs,45,21
3206,BASIC_BLOCK,helpers::dependency_graph::compute_emit_order::bb38,canon-projection/src/helpers/dependency_graph.rs,46,24
3207,BASIC_BLOCK,helpers::dependency_graph::compute_emit_order::bb39,canon-projection/src/helpers/dependency_graph.rs,47,36
3208,CALL_SITE,helpers::dependency_graph::compute_emit_order::bb39::call25,canon-projection/src/helpers/dependency_graph.rs,47,36
3209,CALL_SITE,helpers::dependency_graph::compute_emit_order::bb3::call2,canon-projection/src/helpers/dependency_graph.rs,26,25
3210,BASIC_BLOCK,helpers::dependency_graph::compute_emit_order::bb4,canon-projection/src/helpers/dependency_graph.rs,26,25
3211,BASIC_BLOCK,helpers::dependency_graph::compute_emit_order::bb40,canon-projection/src/helpers/dependency_graph.rs,47,25
3212,CALL_SITE,helpers::dependency_graph::compute_emit_order::bb40::call26,canon-projection/src/helpers/dependency_graph.rs,47,25
3213,BASIC_BLOCK,helpers::dependency_graph::compute_emit_order::bb41,canon-projection/src/helpers/dependency_graph.rs,53,9
3214,CALL_SITE,helpers::dependency_graph::compute_emit_order::bb41::call27,canon-projection/src/helpers/dependency_graph.rs,53,9
3215,BASIC_BLOCK,helpers::dependency_graph::compute_emit_order::bb42,canon-projection/src/helpers/dependency_graph.rs,53,9
3216,CALL_SITE,helpers::dependency_graph::compute_emit_order::bb42::call28,canon-projection/src/helpers/dependency_graph.rs,53,9
3217,BASIC_BLOCK,helpers::dependency_graph::compute_emit_order::bb43,canon-projection/src/helpers/dependency_graph.rs,54,5
3218,BASIC_BLOCK,helpers::dependency_graph::compute_emit_order::bb44,canon-projection/src/helpers/dependency_graph.rs,57,1
3219,BASIC_BLOCK,helpers::dependency_graph::compute_emit_order::bb45,canon-projection/src/helpers/dependency_graph.rs,57,2
3220,BASIC_BLOCK,helpers::dependency_graph::compute_emit_order::bb46,canon-projection/src/helpers/dependency_graph.rs,54,5
3221,BASIC_BLOCK,helpers::dependency_graph::compute_emit_order::bb47,canon-projection/src/helpers/dependency_graph.rs,57,1
3222,BASIC_BLOCK,helpers::dependency_graph::compute_emit_order::bb48,canon-projection/src/helpers/dependency_graph.rs,57,1
3223,BASIC_BLOCK,helpers::dependency_graph::compute_emit_order::bb49,canon-projection/src/helpers/dependency_graph.rs,57,1
3224,BASIC_BLOCK,helpers::dependency_graph::compute_emit_order::bb5,canon-projection/src/lib.rs,1,1
3225,BASIC_BLOCK,helpers::dependency_graph::compute_emit_order::bb50,canon-projection/src/helpers/dependency_graph.rs,23,1
3226,BASIC_BLOCK,helpers::dependency_graph::compute_emit_order::bb51,canon-projection/src/helpers/dependency_graph.rs,57,1
3227,BASIC_BLOCK,helpers::dependency_graph::compute_emit_order::bb52,canon-projection/src/helpers/dependency_graph.rs,37,21
3228,BASIC_BLOCK,helpers::dependency_graph::compute_emit_order::bb53,canon-projection/src/helpers/dependency_graph.rs,47,25
3229,BASIC_BLOCK,helpers::dependency_graph::compute_emit_order::bb6,canon-projection/src/helpers/dependency_graph.rs,27,24
3230,CALL_SITE,helpers::dependency_graph::compute_emit_order::bb6::call3,canon-projection/src/helpers/dependency_graph.rs,27,24
3231,BASIC_BLOCK,helpers::dependency_graph::compute_emit_order::bb7,canon-projection/src/helpers/dependency_graph.rs,33,34
3232,CALL_SITE,helpers::dependency_graph::compute_emit_order::bb7::call4,canon-projection/src/helpers/dependency_graph.rs,33,34
3233,BASIC_BLOCK,helpers::dependency_graph::compute_emit_order::bb8,canon-projection/src/helpers/dependency_graph.rs,27,9
3234,CALL_SITE,helpers::dependency_graph::compute_emit_order::bb8::call5,canon-projection/src/helpers/dependency_graph.rs,27,9
3235,BASIC_BLOCK,helpers::dependency_graph::compute_emit_order::bb9,canon-projection/src/helpers/dependency_graph.rs,27,9
3236,CALL_SITE,helpers::dependency_graph::compute_emit_order::bb9::call6,canon-projection/src/helpers/dependency_graph.rs,27,9
3237,FUNCTION,helpers::dependency_graph::compute_emit_order::fn,canon-projection/src/helpers/dependency_graph.rs,23,1
3238,PARAM,helpers::dependency_graph::compute_emit_order::param0,canon-projection/src/helpers/dependency_graph.rs,23,27
3239,MODULE,helpers::emit_plan,canon-projection/src/helpers/mod.rs,2,1
3240,STRUCT,helpers::emit_plan::EmitEntry,canon-projection/src/helpers/emit_plan.rs,8,1
3241,FIELD,helpers::emit_plan::EmitEntry::item,canon-projection/src/helpers/emit_plan.rs,8,1
3242,FIELD,helpers::emit_plan::EmitEntry::module,canon-projection/src/helpers/emit_plan.rs,8,1
3243,FIELD,helpers::emit_plan::EmitEntry::path,canon-projection/src/helpers/emit_plan.rs,8,1
3244,BASIC_BLOCK,helpers::emit_plan::compute_emit_plan::bb0,canon-projection/src/helpers/emit_plan.rs,15,20
3245,CALL_SITE,helpers::emit_plan::compute_emit_plan::bb0::call0,canon-projection/src/helpers/emit_plan.rs,15,20
3246,BASIC_BLOCK,helpers::emit_plan::compute_emit_plan::bb1,canon-projection/src/helpers/emit_plan.rs,17,27
3247,BASIC_BLOCK,helpers::emit_plan::compute_emit_plan::bb10,canon-projection/src/helpers/emit_plan.rs,20,9
3248,CALL_SITE,helpers::emit_plan::compute_emit_plan::bb10::call6,canon-projection/src/helpers/emit_plan.rs,20,9
3249,BASIC_BLOCK,helpers::emit_plan::compute_emit_plan::bb11,canon-projection/src/helpers/emit_plan.rs,17,5
3250,BASIC_BLOCK,helpers::emit_plan::compute_emit_plan::bb12,canon-projection/src/helpers/emit_plan.rs,20,80
3251,BASIC_BLOCK,helpers::emit_plan::compute_emit_plan::bb13,canon-projection/src/helpers/emit_plan.rs,24,1
3252,BASIC_BLOCK,helpers::emit_plan::compute_emit_plan::bb14,canon-projection/src/helpers/emit_plan.rs,14,1
3253,BASIC_BLOCK,helpers::emit_plan::compute_emit_plan::bb15,canon-projection/src/helpers/emit_plan.rs,21,5
3254,BASIC_BLOCK,helpers::emit_plan::compute_emit_plan::bb16,canon-projection/src/helpers/emit_plan.rs,21,5
3255,CALL_SITE,helpers::emit_plan::compute_emit_plan::bb1::call1,canon-projection/src/helpers/emit_plan.rs,17,27
3256,BASIC_BLOCK,helpers::emit_plan::compute_emit_plan::bb2,canon-projection/src/helpers/emit_plan.rs,17,5
3257,BASIC_BLOCK,helpers::emit_plan::compute_emit_plan::bb3,canon-projection/src/helpers/emit_plan.rs,17,27
3258,CALL_SITE,helpers::emit_plan::compute_emit_plan::bb3::call2,canon-projection/src/helpers/emit_plan.rs,17,27
3259,BASIC_BLOCK,helpers::emit_plan::compute_emit_plan::bb4,canon-projection/src/helpers/emit_plan.rs,17,27
3260,BASIC_BLOCK,helpers::emit_plan::compute_emit_plan::bb5,canon-projection/src/helpers/emit_plan.rs,17,27
3261,BASIC_BLOCK,helpers::emit_plan::compute_emit_plan::bb6,canon-projection/src/helpers/emit_plan.rs,18,20
3262,CALL_SITE,helpers::emit_plan::compute_emit_plan::bb6::call3,canon-projection/src/helpers/emit_plan.rs,18,20
3263,BASIC_BLOCK,helpers::emit_plan::compute_emit_plan::bb7,canon-projection/src/helpers/emit_plan.rs,24,2
3264,BASIC_BLOCK,helpers::emit_plan::compute_emit_plan::bb8,canon-projection/src/helpers/emit_plan.rs,20,37
3265,CALL_SITE,helpers::emit_plan::compute_emit_plan::bb8::call4,canon-projection/src/helpers/emit_plan.rs,20,37
3266,BASIC_BLOCK,helpers::emit_plan::compute_emit_plan::bb9,canon-projection/src/helpers/emit_plan.rs,20,59
3267,CALL_SITE,helpers::emit_plan::compute_emit_plan::bb9::call5,canon-projection/src/helpers/emit_plan.rs,20,59
3268,FUNCTION,helpers::emit_plan::compute_emit_plan::fn,canon-projection/src/helpers/emit_plan.rs,14,1
3269,PARAM,helpers::emit_plan::compute_emit_plan::param0,canon-projection/src/helpers/emit_plan.rs,14,26
3270,PARAM,helpers::emit_plan::compute_emit_plan::param1,canon-projection/src/helpers/emit_plan.rs,14,44
3271,MODULE,helpers::module_normalization,canon-projection/src/helpers/mod.rs,3,1
3272,BASIC_BLOCK,helpers::module_normalization::module_to_fs_path::bb0,canon-projection/src/helpers/module_normalization.rs,17,8
3273,CALL_SITE,helpers::module_normalization::module_to_fs_path::bb0::call0,canon-projection/src/helpers/module_normalization.rs,17,8
3274,BASIC_BLOCK,helpers::module_normalization::module_to_fs_path::bb1,canon-projection/src/helpers/module_normalization.rs,17,8
3275,BASIC_BLOCK,helpers::module_normalization::module_to_fs_path::bb10,/home/cicero-arch-omen/.rustup/toolchains/nightly-x86_64-unknown-linux-gnu/lib/rustlib/src/rust/library/alloc/src/macros.rs,114,33
3276,CALL_SITE,helpers::module_normalization::module_to_fs_path::bb10::call9,/home/cicero-arch-omen/.rustup/toolchains/nightly-x86_64-unknown-linux-gnu/lib/rustlib/src/rust/library/alloc/src/macros.rs,114,33
3277,BASIC_BLOCK,helpers::module_normalization::module_to_fs_path::bb11,/home/cicero-arch-omen/.rustup/toolchains/nightly-x86_64-unknown-linux-gnu/lib/rustlib/src/rust/library/alloc/src/macros.rs,114,13
3278,CALL_SITE,helpers::module_normalization::module_to_fs_path::bb11::call10,/home/cicero-arch-omen/.rustup/toolchains/nightly-x86_64-unknown-linux-gnu/lib/rustlib/src/rust/library/alloc/src/macros.rs,114,13
3279,BASIC_BLOCK,helpers::module_normalization::module_to_fs_path::bb12,/home/cicero-arch-omen/.rustup/toolchains/nightly-x86_64-unknown-linux-gnu/lib/rustlib/src/rust/library/alloc/src/macros.rs,113,9
3280,CALL_SITE,helpers::module_normalization::module_to_fs_path::bb12::call11,/home/cicero-arch-omen/.rustup/toolchains/nightly-x86_64-unknown-linux-gnu/lib/rustlib/src/rust/library/alloc/src/macros.rs,113,9
3281,BASIC_BLOCK,helpers::module_normalization::module_to_fs_path::bb13,canon-projection/src/helpers/module_normalization.rs,22,5
3282,BASIC_BLOCK,helpers::module_normalization::module_to_fs_path::bb14,canon-projection/src/helpers/module_normalization.rs,23,2
3283,BASIC_BLOCK,helpers::module_normalization::module_to_fs_path::bb15,canon-projection/src/helpers/module_normalization.rs,22,5
3284,BASIC_BLOCK,helpers::module_normalization::module_to_fs_path::bb16,canon-projection/src/helpers/module_normalization.rs,16,1
3285,BASIC_BLOCK,helpers::module_normalization::module_to_fs_path::bb2,canon-projection/src/helpers/module_normalization.rs,18,23
3286,CALL_SITE,helpers::module_normalization::module_to_fs_path::bb2::call1,canon-projection/src/helpers/module_normalization.rs,18,23
3287,BASIC_BLOCK,helpers::module_normalization::module_to_fs_path::bb3,/home/cicero-arch-omen/.rustup/toolchains/nightly-x86_64-unknown-linux-gnu/lib/rustlib/src/rust/library/alloc/src/macros.rs,114,33
3288,CALL_SITE,helpers::module_normalization::module_to_fs_path::bb3::call2,/home/cicero-arch-omen/.rustup/toolchains/nightly-x86_64-unknown-linux-gnu/lib/rustlib/src/rust/library/alloc/src/macros.rs,114,33
3289,BASIC_BLOCK,helpers::module_normalization::module_to_fs_path::bb4,/home/cicero-arch-omen/.rustup/toolchains/nightly-x86_64-unknown-linux-gnu/lib/rustlib/src/rust/library/alloc/src/macros.rs,114,13
3290,CALL_SITE,helpers::module_normalization::module_to_fs_path::bb4::call3,/home/cicero-arch-omen/.rustup/toolchains/nightly-x86_64-unknown-linux-gnu/lib/rustlib/src/rust/library/alloc/src/macros.rs,114,13
3291,BASIC_BLOCK,helpers::module_normalization::module_to_fs_path::bb5,/home/cicero-arch-omen/.rustup/toolchains/nightly-x86_64-unknown-linux-gnu/lib/rustlib/src/rust/library/alloc/src/macros.rs,113,9
3292,CALL_SITE,helpers::module_normalization::module_to_fs_path::bb5::call4,/home/cicero-arch-omen/.rustup/toolchains/nightly-x86_64-unknown-linux-gnu/lib/rustlib/src/rust/library/alloc/src/macros.rs,113,9
3293,BASIC_BLOCK,helpers::module_normalization::module_to_fs_path::bb6,canon-projection/src/helpers/module_normalization.rs,20,20
3294,CALL_SITE,helpers::module_normalization::module_to_fs_path::bb6::call5,canon-projection/src/helpers/module_normalization.rs,20,20
3295,BASIC_BLOCK,helpers::module_normalization::module_to_fs_path::bb7,canon-projection/src/helpers/module_normalization.rs,20,20
3296,CALL_SITE,helpers::module_normalization::module_to_fs_path::bb7::call6,canon-projection/src/helpers/module_normalization.rs,20,20
3297,BASIC_BLOCK,helpers::module_normalization::module_to_fs_path::bb8,canon-projection/src/helpers/module_normalization.rs,21,23
3298,CALL_SITE,helpers::module_normalization::module_to_fs_path::bb8::call7,canon-projection/src/helpers/module_normalization.rs,21,23
3299,BASIC_BLOCK,helpers::module_normalization::module_to_fs_path::bb9,canon-projection/src/helpers/module_normalization.rs,21,30
3300,CALL_SITE,helpers::module_normalization::module_to_fs_path::bb9::call8,canon-projection/src/helpers/module_normalization.rs,21,30
3301,FUNCTION,helpers::module_normalization::module_to_fs_path::fn,canon-projection/src/helpers/module_normalization.rs,16,1
3302,PARAM,helpers::module_normalization::module_to_fs_path::param0,canon-projection/src/helpers/module_normalization.rs,16,26
3303,PARAM,helpers::module_normalization::module_to_fs_path::param1,canon-projection/src/helpers/module_normalization.rs,16,44
3304,BASIC_BLOCK,helpers::module_normalization::normalize_module_tree::bb0,canon-projection/src/helpers/module_normalization.rs,7,26
3305,CALL_SITE,helpers::module_normalization::normalize_module_tree::bb0::call0,canon-projection/src/helpers/module_normalization.rs,7,26
3306,BASIC_BLOCK,helpers::module_normalization::normalize_module_tree::bb1,canon-projection/src/helpers/module_normalization.rs,9,5
3307,CALL_SITE,helpers::module_normalization::normalize_module_tree::bb1::call1,canon-projection/src/helpers/module_normalization.rs,9,5
3308,BASIC_BLOCK,helpers::module_normalization::normalize_module_tree::bb2,canon-projection/src/helpers/module_normalization.rs,9,5
3309,CALL_SITE,helpers::module_normalization::normalize_module_tree::bb2::call2,canon-projection/src/helpers/module_normalization.rs,9,5
3310,BASIC_BLOCK,helpers::module_normalization::normalize_module_tree::bb3,canon-projection/src/helpers/module_normalization.rs,10,5
3311,CALL_SITE,helpers::module_normalization::normalize_module_tree::bb3::call3,canon-projection/src/helpers/module_normalization.rs,10,5
3312,BASIC_BLOCK,helpers::module_normalization::normalize_module_tree::bb4,canon-projection/src/helpers/module_normalization.rs,13,2
3313,BASIC_BLOCK,helpers::module_normalization::normalize_module_tree::bb5,canon-projection/src/helpers/module_normalization.rs,13,1
3314,BASIC_BLOCK,helpers::module_normalization::normalize_module_tree::bb6,canon-projection/src/helpers/module_normalization.rs,6,1
3315,FUNCTION,helpers::module_normalization::normalize_module_tree::fn,canon-projection/src/helpers/module_normalization.rs,6,1
3316,PARAM,helpers::module_normalization::normalize_module_tree::param0,canon-projection/src/helpers/module_normalization.rs,6,30
3317,MODULE,helpers::structural_validation,canon-projection/src/helpers/mod.rs,4,1
3318,ENUM,helpers::structural_validation::StructuralError,canon-projection/src/helpers/structural_validation.rs,6,1
3319,FIELD,helpers::structural_validation::StructuralError::0,canon-projection/src/helpers/structural_validation.rs,6,1
3320,FIELD,helpers::structural_validation::StructuralError::0,canon-projection/src/helpers/structural_validation.rs,6,1
3321,BASIC_BLOCK,helpers::structural_validation::validate_emitted_rust_structure::bb0,canon-projection/src/helpers/structural_validation.rs,13,22
3322,CALL_SITE,helpers::structural_validation::validate_emitted_rust_structure::bb0::call0,canon-projection/src/helpers/structural_validation.rs,13,22
3323,BASIC_BLOCK,helpers::structural_validation::validate_emitted_rust_structure::bb1,canon-projection/src/helpers/structural_validation.rs,15,20
3324,BASIC_BLOCK,helpers::structural_validation::validate_emitted_rust_structure::bb10,canon-projection/src/helpers/structural_validation.rs,18,13
3325,BASIC_BLOCK,helpers::structural_validation::validate_emitted_rust_structure::bb11,canon-projection/src/helpers/structural_validation.rs,19,62
3326,CALL_SITE,helpers::structural_validation::validate_emitted_rust_structure::bb11::call7,canon-projection/src/helpers/structural_validation.rs,19,62
3327,BASIC_BLOCK,helpers::structural_validation::validate_emitted_rust_structure::bb12,canon-projection/src/helpers/structural_validation.rs,19,13
3328,CALL_SITE,helpers::structural_validation::validate_emitted_rust_structure::bb12::call8,canon-projection/src/helpers/structural_validation.rs,19,13
3329,BASIC_BLOCK,helpers::structural_validation::validate_emitted_rust_structure::bb13,canon-projection/src/helpers/structural_validation.rs,23,5
3330,BASIC_BLOCK,helpers::structural_validation::validate_emitted_rust_structure::bb14,canon-projection/src/helpers/structural_validation.rs,23,25
3331,CALL_SITE,helpers::structural_validation::validate_emitted_rust_structure::bb14::call9,canon-projection/src/helpers/structural_validation.rs,23,25
3332,BASIC_BLOCK,helpers::structural_validation::validate_emitted_rust_structure::bb15,canon-projection/src/helpers/structural_validation.rs,23,25
3333,BASIC_BLOCK,helpers::structural_validation::validate_emitted_rust_structure::bb16,canon-projection/src/helpers/structural_validation.rs,24,20
3334,CALL_SITE,helpers::structural_validation::validate_emitted_rust_structure::bb16::call10,canon-projection/src/helpers/structural_validation.rs,24,20
3335,BASIC_BLOCK,helpers::structural_validation::validate_emitted_rust_structure::bb17,canon-projection/src/helpers/structural_validation.rs,32,1
3336,BASIC_BLOCK,helpers::structural_validation::validate_emitted_rust_structure::bb18,canon-projection/src/helpers/structural_validation.rs,24,9
3337,BASIC_BLOCK,helpers::structural_validation::validate_emitted_rust_structure::bb19,canon-projection/src/helpers/structural_validation.rs,24,20
3338,CALL_SITE,helpers::structural_validation::validate_emitted_rust_structure::bb19::call11,canon-projection/src/helpers/structural_validation.rs,24,20
3339,CALL_SITE,helpers::structural_validation::validate_emitted_rust_structure::bb1::call1,canon-projection/src/helpers/structural_validation.rs,15,20
3340,BASIC_BLOCK,helpers::structural_validation::validate_emitted_rust_structure::bb2,canon-projection/src/helpers/structural_validation.rs,17,17
3341,BASIC_BLOCK,helpers::structural_validation::validate_emitted_rust_structure::bb20,canon-projection/src/helpers/structural_validation.rs,24,20
3342,BASIC_BLOCK,helpers::structural_validation::validate_emitted_rust_structure::bb21,canon-projection/src/helpers/structural_validation.rs,25,17
3343,CALL_SITE,helpers::structural_validation::validate_emitted_rust_structure::bb21::call12,canon-projection/src/helpers/structural_validation.rs,25,17
3344,BASIC_BLOCK,helpers::structural_validation::validate_emitted_rust_structure::bb22,canon-projection/src/helpers/structural_validation.rs,25,17
3345,BASIC_BLOCK,helpers::structural_validation::validate_emitted_rust_structure::bb23,canon-projection/src/helpers/structural_validation.rs,26,67
3346,CALL_SITE,helpers::structural_validation::validate_emitted_rust_structure::bb23::call13,canon-projection/src/helpers/structural_validation.rs,26,67
3347,BASIC_BLOCK,helpers::structural_validation::validate_emitted_rust_structure::bb24,canon-projection/src/helpers/structural_validation.rs,26,17
3348,CALL_SITE,helpers::structural_validation::validate_emitted_rust_structure::bb24::call14,canon-projection/src/helpers/structural_validation.rs,26,17
3349,BASIC_BLOCK,helpers::structural_validation::validate_emitted_rust_structure::bb25,canon-projection/src/helpers/structural_validation.rs,32,2
3350,BASIC_BLOCK,helpers::structural_validation::validate_emitted_rust_structure::bb26,canon-projection/src/helpers/structural_validation.rs,32,1
3351,BASIC_BLOCK,helpers::structural_validation::validate_emitted_rust_structure::bb27,canon-projection/src/helpers/structural_validation.rs,12,1
3352,BASIC_BLOCK,helpers::structural_validation::validate_emitted_rust_structure::bb28,canon-projection/src/helpers/structural_validation.rs,32,1
3353,BASIC_BLOCK,helpers::structural_validation::validate_emitted_rust_structure::bb29,canon-projection/src/helpers/structural_validation.rs,32,1
3354,CALL_SITE,helpers::structural_validation::validate_emitted_rust_structure::bb2::call2,canon-projection/src/helpers/structural_validation.rs,17,17
3355,BASIC_BLOCK,helpers::structural_validation::validate_emitted_rust_structure::bb3,canon-projection/src/helpers/structural_validation.rs,17,5
3356,BASIC_BLOCK,helpers::structural_validation::validate_emitted_rust_structure::bb30,canon-projection/src/helpers/structural_validation.rs,19,13
3357,BASIC_BLOCK,helpers::structural_validation::validate_emitted_rust_structure::bb31,canon-projection/src/helpers/structural_validation.rs,26,17
3358,BASIC_BLOCK,helpers::structural_validation::validate_emitted_rust_structure::bb4,canon-projection/src/helpers/structural_validation.rs,17,17
3359,CALL_SITE,helpers::structural_validation::validate_emitted_rust_structure::bb4::call3,canon-projection/src/helpers/structural_validation.rs,17,17
3360,BASIC_BLOCK,helpers::structural_validation::validate_emitted_rust_structure::bb5,canon-projection/src/helpers/structural_validation.rs,17,17
3361,BASIC_BLOCK,helpers::structural_validation::validate_emitted_rust_structure::bb6,canon-projection/src/lib.rs,1,1
3362,BASIC_BLOCK,helpers::structural_validation::validate_emitted_rust_structure::bb7,canon-projection/src/helpers/structural_validation.rs,18,25
3363,CALL_SITE,helpers::structural_validation::validate_emitted_rust_structure::bb7::call4,canon-projection/src/helpers/structural_validation.rs,18,25
3364,BASIC_BLOCK,helpers::structural_validation::validate_emitted_rust_structure::bb8,canon-projection/src/helpers/structural_validation.rs,23,25
3365,CALL_SITE,helpers::structural_validation::validate_emitted_rust_structure::bb8::call5,canon-projection/src/helpers/structural_validation.rs,23,25
3366,BASIC_BLOCK,helpers::structural_validation::validate_emitted_rust_structure::bb9,canon-projection/src/helpers/structural_validation.rs,18,13
3367,CALL_SITE,helpers::structural_validation::validate_emitted_rust_structure::bb9::call6,canon-projection/src/helpers/structural_validation.rs,18,13
3368,FUNCTION,helpers::structural_validation::validate_emitted_rust_structure::fn,canon-projection/src/helpers/structural_validation.rs,12,1
3369,PARAM,helpers::structural_validation::validate_emitted_rust_structure::param0,canon-projection/src/helpers/structural_validation.rs,12,40
3370,PARAM,helpers::structural_validation::validate_emitted_rust_structure::param1,canon-projection/src/helpers/structural_validation.rs,12,58
3371,MODULE,layout,canon-projection/src/lib.rs,9,1
3372,STRUCT,layout::FilePlan,canon-projection/src/layout/mod.rs,14,1
3373,FIELD,layout::FilePlan::items,canon-projection/src/layout/mod.rs,14,1
3374,FIELD,layout::FilePlan::path,canon-projection/src/layout/mod.rs,14,1
3375,ENUM,layout::ItemPlan,canon-projection/src/layout/mod.rs,20,1
3376,FIELD,layout::ItemPlan::0,canon-projection/src/layout/mod.rs,20,1
3377,FIELD,layout::ItemPlan::dependencies,canon-projection/src/layout/mod.rs,20,1
3378,FIELD,layout::ItemPlan::edition,canon-projection/src/layout/mod.rs,20,1
3379,FIELD,layout::ItemPlan::has_binary,canon-projection/src/layout/mod.rs,20,1
3380,FIELD,layout::ItemPlan::name,canon-projection/src/layout/mod.rs,20,1
3381,STRUCT,layout::Plan,canon-projection/src/layout/mod.rs,9,1
3382,FIELD,layout::Plan::files,canon-projection/src/layout/mod.rs,9,1
3383,BASIC_BLOCK,layout::build_plan::bb0,canon-projection/src/layout/mod.rs,46,21
3384,CALL_SITE,layout::build_plan::bb0::call0,canon-projection/src/layout/mod.rs,46,21
3385,BASIC_BLOCK,layout::build_plan::bb1,canon-projection/src/layout/mod.rs,49,20
3386,BASIC_BLOCK,layout::build_plan::bb10,canon-projection/src/layout/mod.rs,53,28
3387,BASIC_BLOCK,layout::build_plan::bb11,canon-projection/src/layout/mod.rs,53,44
3388,CALL_SITE,layout::build_plan::bb11::call8,canon-projection/src/layout/mod.rs,53,44
3389,BASIC_BLOCK,layout::build_plan::bb12,canon-projection/src/layout/mod.rs,53,82
3390,CALL_SITE,layout::build_plan::bb12::call9,canon-projection/src/layout/mod.rs,53,82
3391,BASIC_BLOCK,layout::build_plan::bb13,canon-projection/src/layout/mod.rs,54,9
3392,CALL_SITE,layout::build_plan::bb13::call10,canon-projection/src/layout/mod.rs,54,9
3393,BASIC_BLOCK,layout::build_plan::bb14,canon-projection/src/layout/mod.rs,57,21
3394,CALL_SITE,layout::build_plan::bb14::call11,canon-projection/src/layout/mod.rs,57,21
3395,BASIC_BLOCK,layout::build_plan::bb15,canon-projection/src/layout/mod.rs,58,37
3396,CALL_SITE,layout::build_plan::bb15::call12,canon-projection/src/layout/mod.rs,58,37
3397,BASIC_BLOCK,layout::build_plan::bb16,canon-projection/src/layout/mod.rs,58,73
3398,CALL_SITE,layout::build_plan::bb16::call13,canon-projection/src/layout/mod.rs,58,73
3399,BASIC_BLOCK,layout::build_plan::bb17,canon-projection/src/layout/mod.rs,58,73
3400,CALL_SITE,layout::build_plan::bb17::call14,canon-projection/src/layout/mod.rs,58,73
3401,BASIC_BLOCK,layout::build_plan::bb18,canon-projection/src/layout/mod.rs,58,73
3402,CALL_SITE,layout::build_plan::bb18::call15,canon-projection/src/layout/mod.rs,58,73
3403,BASIC_BLOCK,layout::build_plan::bb19,canon-projection/src/layout/mod.rs,58,9
3404,CALL_SITE,layout::build_plan::bb19::call16,canon-projection/src/layout/mod.rs,58,9
3405,CALL_SITE,layout::build_plan::bb1::call1,canon-projection/src/layout/mod.rs,49,20
3406,BASIC_BLOCK,layout::build_plan::bb2,canon-projection/src/layout/mod.rs,49,20
3407,BASIC_BLOCK,layout::build_plan::bb20,canon-projection/src/layout/mod.rs,51,5
3408,BASIC_BLOCK,layout::build_plan::bb21,canon-projection/src/layout/mod.rs,61,36
3409,CALL_SITE,layout::build_plan::bb21::call17,canon-projection/src/layout/mod.rs,61,36
3410,BASIC_BLOCK,layout::build_plan::bb22,canon-projection/src/layout/mod.rs,61,12
3411,BASIC_BLOCK,layout::build_plan::bb23,canon-projection/src/layout/mod.rs,62,20
3412,CALL_SITE,layout::build_plan::bb23::call18,canon-projection/src/layout/mod.rs,62,20
3413,BASIC_BLOCK,layout::build_plan::bb24,canon-projection/src/layout/mod.rs,62,20
3414,CALL_SITE,layout::build_plan::bb24::call19,canon-projection/src/layout/mod.rs,62,20
3415,BASIC_BLOCK,layout::build_plan::bb25,canon-projection/src/layout/mod.rs,62,20
3416,CALL_SITE,layout::build_plan::bb25::call20,canon-projection/src/layout/mod.rs,62,20
3417,BASIC_BLOCK,layout::build_plan::bb26,canon-projection/src/layout/mod.rs,62,20
3418,CALL_SITE,layout::build_plan::bb26::call21,canon-projection/src/layout/mod.rs,62,20
3419,BASIC_BLOCK,layout::build_plan::bb27,canon-projection/src/layout/mod.rs,82,37
3420,CALL_SITE,layout::build_plan::bb27::call22,canon-projection/src/layout/mod.rs,82,37
3421,BASIC_BLOCK,layout::build_plan::bb28,/home/cicero-arch-omen/.rustup/toolchains/nightly-x86_64-unknown-linux-gnu/lib/rustlib/src/rust/library/alloc/src/macros.rs,59,52
3422,CALL_SITE,layout::build_plan::bb28::call23,/home/cicero-arch-omen/.rustup/toolchains/nightly-x86_64-unknown-linux-gnu/lib/rustlib/src/rust/library/alloc/src/macros.rs,59,52
3423,BASIC_BLOCK,layout::build_plan::bb29,/home/cicero-arch-omen/.rustup/toolchains/nightly-x86_64-unknown-linux-gnu/lib/rustlib/src/rust/library/alloc/src/macros.rs,59,86
3424,CALL_SITE,layout::build_plan::bb2::call2,canon-projection/src/layout/mod.rs,49,20
3425,BASIC_BLOCK,layout::build_plan::bb3,canon-projection/src/layout/mod.rs,49,20
3426,BASIC_BLOCK,layout::build_plan::bb30,canon-projection/src/layout/mod.rs,82,9
3427,CALL_SITE,layout::build_plan::bb30::call24,canon-projection/src/layout/mod.rs,82,9
3428,BASIC_BLOCK,layout::build_plan::bb31,canon-projection/src/layout/mod.rs,61,5
3429,BASIC_BLOCK,layout::build_plan::bb32,canon-projection/src/layout/mod.rs,86,2
3430,BASIC_BLOCK,layout::build_plan::bb33,canon-projection/src/layout/mod.rs,82,156
3431,BASIC_BLOCK,layout::build_plan::bb34,canon-projection/src/layout/mod.rs,83,5
3432,BASIC_BLOCK,layout::build_plan::bb35,canon-projection/src/layout/mod.rs,58,121
3433,BASIC_BLOCK,layout::build_plan::bb36,canon-projection/src/layout/mod.rs,52,99
3434,BASIC_BLOCK,layout::build_plan::bb37,canon-projection/src/layout/mod.rs,86,1
3435,BASIC_BLOCK,layout::build_plan::bb38,canon-projection/src/layout/mod.rs,45,1
3436,BASIC_BLOCK,layout::build_plan::bb39,canon-projection/src/layout/mod.rs,83,5
3437,CALL_SITE,layout::build_plan::bb3::call3,canon-projection/src/layout/mod.rs,49,20
3438,BASIC_BLOCK,layout::build_plan::bb4,canon-projection/src/layout/mod.rs,51,12
3439,BASIC_BLOCK,layout::build_plan::bb40,canon-projection/src/layout/mod.rs,83,5
3440,BASIC_BLOCK,layout::build_plan::bb41,canon-projection/src/layout/mod.rs,83,5
3441,BASIC_BLOCK,layout::build_plan::bb42,canon-projection/src/layout/mod.rs,83,5
3442,BASIC_BLOCK,layout::build_plan::bb43,canon-projection/src/layout/mod.rs,83,5
3443,BASIC_BLOCK,layout::build_plan::bb44,canon-projection/src/layout/mod.rs,59,5
3444,BASIC_BLOCK,layout::build_plan::bb45,canon-projection/src/layout/mod.rs,59,5
3445,BASIC_BLOCK,layout::build_plan::bb46,/home/cicero-arch-omen/.rustup/toolchains/nightly-x86_64-unknown-linux-gnu/lib/rustlib/src/rust/library/alloc/src/macros.rs,59,86
3446,BASIC_BLOCK,layout::build_plan::bb47,/home/cicero-arch-omen/.rustup/toolchains/nightly-x86_64-unknown-linux-gnu/lib/rustlib/src/rust/library/alloc/src/macros.rs,58,9
3447,CALL_SITE,layout::build_plan::bb47::call25,/home/cicero-arch-omen/.rustup/toolchains/nightly-x86_64-unknown-linux-gnu/lib/rustlib/src/rust/library/alloc/src/macros.rs,58,9
3448,BASIC_BLOCK,layout::build_plan::bb48,canon-projection/src/layout/mod.rs,45,1
3449,BASIC_BLOCK,layout::build_plan::bb49,canon-projection/src/layout/mod.rs,53,44
3450,BASIC_BLOCK,layout::build_plan::bb5,canon-projection/src/layout/mod.rs,52,29
3451,BASIC_BLOCK,layout::build_plan::bb50,canon-projection/src/layout/mod.rs,53,82
3452,BASIC_BLOCK,layout::build_plan::bb51,canon-projection/src/layout/mod.rs,54,9
3453,CALL_SITE,layout::build_plan::bb5::call4,canon-projection/src/layout/mod.rs,52,29
3454,BASIC_BLOCK,layout::build_plan::bb6,canon-projection/src/layout/mod.rs,52,29
3455,CALL_SITE,layout::build_plan::bb6::call5,canon-projection/src/layout/mod.rs,52,29
3456,BASIC_BLOCK,layout::build_plan::bb7,canon-projection/src/layout/mod.rs,52,29
3457,CALL_SITE,layout::build_plan::bb7::call6,canon-projection/src/layout/mod.rs,52,29
3458,BASIC_BLOCK,layout::build_plan::bb8,canon-projection/src/layout/mod.rs,52,29
3459,CALL_SITE,layout::build_plan::bb8::call7,canon-projection/src/layout/mod.rs,52,29
3460,BASIC_BLOCK,layout::build_plan::bb9,canon-projection/src/layout/mod.rs,52,99
3461,FUNCTION,layout::build_plan::fn,canon-projection/src/layout/mod.rs,45,1
3462,PARAM,layout::build_plan::param0,canon-projection/src/layout/mod.rs,45,19
3463,BASIC_BLOCK,layout::crate_meta::bb0,canon-projection/src/layout/mod.rs,217,5
3464,CALL_SITE,layout::crate_meta::bb0::call0,canon-projection/src/layout/mod.rs,217,5
3465,BASIC_BLOCK,layout::crate_meta::bb1,canon-projection/src/layout/mod.rs,217,5
3466,CALL_SITE,layout::crate_meta::bb1::call1,canon-projection/src/layout/mod.rs,217,5
3467,BASIC_BLOCK,layout::crate_meta::bb2,canon-projection/src/layout/mod.rs,217,5
3468,CALL_SITE,layout::crate_meta::bb2::call2,canon-projection/src/layout/mod.rs,217,5
3469,BASIC_BLOCK,layout::crate_meta::bb3,canon-projection/src/layout/mod.rs,225,2
3470,FUNCTION,layout::crate_meta::fn,canon-projection/src/layout/mod.rs,216,1
3471,PARAM,layout::crate_meta::param0,canon-projection/src/layout/mod.rs,216,15
3472,BASIC_BLOCK,layout::flat_root_items::bb0,canon-projection/src/layout/mod.rs,237,38
3473,CALL_SITE,layout::flat_root_items::bb0::call0,canon-projection/src/layout/mod.rs,237,38
3474,BASIC_BLOCK,layout::flat_root_items::bb1,/home/cicero-arch-omen/.rustup/toolchains/nightly-x86_64-unknown-linux-gnu/lib/rustlib/src/rust/library/alloc/src/macros.rs,47,9
3475,BASIC_BLOCK,layout::flat_root_items::bb10,canon-projection/src/layout/mod.rs,240,28
3476,CALL_SITE,layout::flat_root_items::bb10::call7,canon-projection/src/layout/mod.rs,240,28
3477,BASIC_BLOCK,layout::flat_root_items::bb11,canon-projection/src/layout/mod.rs,240,9
3478,BASIC_BLOCK,layout::flat_root_items::bb12,canon-projection/src/layout/mod.rs,240,28
3479,CALL_SITE,layout::flat_root_items::bb12::call8,canon-projection/src/layout/mod.rs,240,28
3480,BASIC_BLOCK,layout::flat_root_items::bb13,canon-projection/src/layout/mod.rs,240,28
3481,BASIC_BLOCK,layout::flat_root_items::bb14,/home/cicero-arch-omen/.rustup/toolchains/nightly-x86_64-unknown-linux-gnu/lib/rustlib/src/rust/library/core/src/macros/mod.rs,433,9
3482,BASIC_BLOCK,layout::flat_root_items::bb15,/home/cicero-arch-omen/.rustup/toolchains/nightly-x86_64-unknown-linux-gnu/lib/rustlib/src/rust/library/core/src/macros/mod.rs,435,18
3483,BASIC_BLOCK,layout::flat_root_items::bb16,/home/cicero-arch-omen/.rustup/toolchains/nightly-x86_64-unknown-linux-gnu/lib/rustlib/src/rust/library/core/src/macros/mod.rs,434,39
3484,BASIC_BLOCK,layout::flat_root_items::bb17,/home/cicero-arch-omen/.rustup/toolchains/nightly-x86_64-unknown-linux-gnu/lib/rustlib/src/rust/library/core/src/macros/mod.rs,433,9
3485,BASIC_BLOCK,layout::flat_root_items::bb18,canon-projection/src/layout/mod.rs,241,67
3486,CALL_SITE,layout::flat_root_items::bb18::call9,canon-projection/src/layout/mod.rs,241,67
3487,BASIC_BLOCK,layout::flat_root_items::bb19,canon-projection/src/layout/mod.rs,241,81
3488,CALL_SITE,layout::flat_root_items::bb19::call10,canon-projection/src/layout/mod.rs,241,81
3489,CALL_SITE,layout::flat_root_items::bb1::call1,/home/cicero-arch-omen/.rustup/toolchains/nightly-x86_64-unknown-linux-gnu/lib/rustlib/src/rust/library/alloc/src/macros.rs,47,9
3490,BASIC_BLOCK,layout::flat_root_items::bb2,canon-projection/src/layout/mod.rs,238,19
3491,BASIC_BLOCK,layout::flat_root_items::bb20,canon-projection/src/layout/mod.rs,241,67
3492,BASIC_BLOCK,layout::flat_root_items::bb21,canon-projection/src/layout/mod.rs,242,28
3493,CALL_SITE,layout::flat_root_items::bb21::call11,canon-projection/src/layout/mod.rs,242,28
3494,BASIC_BLOCK,layout::flat_root_items::bb22,canon-projection/src/layout/mod.rs,242,27
3495,CALL_SITE,layout::flat_root_items::bb22::call12,canon-projection/src/layout/mod.rs,242,27
3496,BASIC_BLOCK,layout::flat_root_items::bb23,canon-projection/src/layout/mod.rs,241,13
3497,BASIC_BLOCK,layout::flat_root_items::bb24,canon-projection/src/layout/mod.rs,246,33
3498,BASIC_BLOCK,layout::flat_root_items::bb25,canon-projection/src/layout/mod.rs,246,60
3499,CALL_SITE,layout::flat_root_items::bb25::call13,canon-projection/src/layout/mod.rs,246,60
3500,BASIC_BLOCK,layout::flat_root_items::bb26,canon-projection/src/layout/mod.rs,246,60
3501,CALL_SITE,layout::flat_root_items::bb26::call14,canon-projection/src/layout/mod.rs,246,60
3502,BASIC_BLOCK,layout::flat_root_items::bb27,canon-projection/src/layout/mod.rs,246,60
3503,CALL_SITE,layout::flat_root_items::bb27::call15,canon-projection/src/layout/mod.rs,246,60
3504,BASIC_BLOCK,layout::flat_root_items::bb28,canon-projection/src/layout/mod.rs,246,60
3505,CALL_SITE,layout::flat_root_items::bb28::call16,canon-projection/src/layout/mod.rs,246,60
3506,BASIC_BLOCK,layout::flat_root_items::bb29,canon-projection/src/layout/mod.rs,246,30
3507,CALL_SITE,layout::flat_root_items::bb2::call2,canon-projection/src/layout/mod.rs,238,19
3508,BASIC_BLOCK,layout::flat_root_items::bb3,canon-projection/src/layout/mod.rs,238,16
3509,BASIC_BLOCK,layout::flat_root_items::bb30,canon-projection/src/layout/mod.rs,246,109
3510,CALL_SITE,layout::flat_root_items::bb30::call17,canon-projection/src/layout/mod.rs,246,109
3511,BASIC_BLOCK,layout::flat_root_items::bb31,canon-projection/src/layout/mod.rs,246,30
3512,BASIC_BLOCK,layout::flat_root_items::bb32,canon-projection/src/layout/mod.rs,247,34
3513,CALL_SITE,layout::flat_root_items::bb32::call18,canon-projection/src/layout/mod.rs,247,34
3514,BASIC_BLOCK,layout::flat_root_items::bb33,canon-projection/src/layout/mod.rs,248,21
3515,CALL_SITE,layout::flat_root_items::bb33::call19,canon-projection/src/layout/mod.rs,248,21
3516,BASIC_BLOCK,layout::flat_root_items::bb34,canon-projection/src/layout/mod.rs,249,15
3517,CALL_SITE,layout::flat_root_items::bb34::call20,canon-projection/src/layout/mod.rs,249,15
3518,BASIC_BLOCK,layout::flat_root_items::bb35,canon-projection/src/layout/mod.rs,249,5
3519,BASIC_BLOCK,layout::flat_root_items::bb36,canon-projection/src/layout/mod.rs,249,15
3520,CALL_SITE,layout::flat_root_items::bb36::call21,canon-projection/src/layout/mod.rs,249,15
3521,BASIC_BLOCK,layout::flat_root_items::bb37,canon-projection/src/layout/mod.rs,249,15
3522,BASIC_BLOCK,layout::flat_root_items::bb38,canon-projection/src/layout/mod.rs,251,19
3523,CALL_SITE,layout::flat_root_items::bb38::call22,canon-projection/src/layout/mod.rs,251,19
3524,BASIC_BLOCK,layout::flat_root_items::bb39,canon-projection/src/layout/mod.rs,259,5
3525,CALL_SITE,layout::flat_root_items::bb3::call3,canon-projection/src/layout/mod.rs,238,16
3526,BASIC_BLOCK,layout::flat_root_items::bb4,canon-projection/src/layout/mod.rs,238,5
3527,BASIC_BLOCK,layout::flat_root_items::bb40,canon-projection/src/layout/mod.rs,251,12
3528,BASIC_BLOCK,layout::flat_root_items::bb41,canon-projection/src/layout/mod.rs,251,37
3529,CALL_SITE,layout::flat_root_items::bb41::call23,canon-projection/src/layout/mod.rs,251,37
3530,BASIC_BLOCK,layout::flat_root_items::bb42,canon-projection/src/layout/mod.rs,251,37
3531,BASIC_BLOCK,layout::flat_root_items::bb43,canon-projection/src/layout/mod.rs,251,71
3532,CALL_SITE,layout::flat_root_items::bb43::call24,canon-projection/src/layout/mod.rs,251,71
3533,BASIC_BLOCK,layout::flat_root_items::bb44,canon-projection/src/layout/mod.rs,251,61
3534,BASIC_BLOCK,layout::flat_root_items::bb45,canon-projection/src/layout/mod.rs,254,33
3535,CALL_SITE,layout::flat_root_items::bb45::call25,canon-projection/src/layout/mod.rs,254,33
3536,BASIC_BLOCK,layout::flat_root_items::bb46,canon-projection/src/layout/mod.rs,254,12
3537,CALL_SITE,layout::flat_root_items::bb46::call26,canon-projection/src/layout/mod.rs,254,12
3538,BASIC_BLOCK,layout::flat_root_items::bb47,canon-projection/src/layout/mod.rs,254,12
3539,BASIC_BLOCK,layout::flat_root_items::bb48,canon-projection/src/layout/mod.rs,257,9
3540,CALL_SITE,layout::flat_root_items::bb48::call27,canon-projection/src/layout/mod.rs,257,9
3541,BASIC_BLOCK,layout::flat_root_items::bb49,canon-projection/src/layout/mod.rs,258,9
3542,CALL_SITE,layout::flat_root_items::bb49::call28,canon-projection/src/layout/mod.rs,258,9
3543,BASIC_BLOCK,layout::flat_root_items::bb5,canon-projection/src/layout/mod.rs,238,16
3544,BASIC_BLOCK,layout::flat_root_items::bb50,canon-projection/src/layout/mod.rs,261,1
3545,BASIC_BLOCK,layout::flat_root_items::bb51,canon-projection/src/layout/mod.rs,261,1
3546,BASIC_BLOCK,layout::flat_root_items::bb52,canon-projection/src/layout/mod.rs,261,2
3547,BASIC_BLOCK,layout::flat_root_items::bb53,canon-projection/src/layout/mod.rs,259,5
3548,BASIC_BLOCK,layout::flat_root_items::bb54,canon-projection/src/layout/mod.rs,261,1
3549,BASIC_BLOCK,layout::flat_root_items::bb55,canon-projection/src/layout/mod.rs,261,1
3550,BASIC_BLOCK,layout::flat_root_items::bb56,canon-projection/src/layout/mod.rs,261,1
3551,BASIC_BLOCK,layout::flat_root_items::bb57,canon-projection/src/layout/mod.rs,236,1
3552,BASIC_BLOCK,layout::flat_root_items::bb58,canon-projection/src/layout/mod.rs,261,1
3553,BASIC_BLOCK,layout::flat_root_items::bb59,canon-projection/src/layout/mod.rs,261,1
3554,CALL_SITE,layout::flat_root_items::bb5::call4,canon-projection/src/layout/mod.rs,238,16
3555,BASIC_BLOCK,layout::flat_root_items::bb6,canon-projection/src/layout/mod.rs,238,16
3556,BASIC_BLOCK,layout::flat_root_items::bb60,canon-projection/src/layout/mod.rs,258,9
3557,BASIC_BLOCK,layout::flat_root_items::bb7,canon-projection/src/lib.rs,1,1
3558,BASIC_BLOCK,layout::flat_root_items::bb8,canon-projection/src/layout/mod.rs,240,28
3559,CALL_SITE,layout::flat_root_items::bb8::call5,canon-projection/src/layout/mod.rs,240,28
3560,BASIC_BLOCK,layout::flat_root_items::bb9,canon-projection/src/layout/mod.rs,246,33
3561,CALL_SITE,layout::flat_root_items::bb9::call6,canon-projection/src/layout/mod.rs,246,33
3562,FUNCTION,layout::flat_root_items::fn,canon-projection/src/layout/mod.rs,236,1
3563,PARAM,layout::flat_root_items::param0,canon-projection/src/layout/mod.rs,236,20
3564,BASIC_BLOCK,layout::is_internal::bb0,/home/cicero-arch-omen/.rustup/toolchains/nightly-x86_64-unknown-linux-gnu/lib/rustlib/src/rust/library/core/src/macros/mod.rs,433,9
3565,BASIC_BLOCK,layout::is_internal::bb1,/home/cicero-arch-omen/.rustup/toolchains/nightly-x86_64-unknown-linux-gnu/lib/rustlib/src/rust/library/core/src/macros/mod.rs,435,18
3566,BASIC_BLOCK,layout::is_internal::bb2,/home/cicero-arch-omen/.rustup/toolchains/nightly-x86_64-unknown-linux-gnu/lib/rustlib/src/rust/library/core/src/macros/mod.rs,434,39
3567,BASIC_BLOCK,layout::is_internal::bb3,canon-projection/src/layout/mod.rs,43,2
3568,FUNCTION,layout::is_internal::fn,canon-projection/src/layout/mod.rs,26,1
3569,PARAM,layout::is_internal::param0,canon-projection/src/layout/mod.rs,26,16
3570,BASIC_BLOCK,layout::is_root_main_fn::bb0,canon-projection/src/layout/mod.rs,210,12
3571,CALL_SITE,layout::is_root_main_fn::bb0::call0,canon-projection/src/layout/mod.rs,210,12
3572,BASIC_BLOCK,layout::is_root_main_fn::bb1,canon-projection/src/layout/mod.rs,210,5
3573,BASIC_BLOCK,layout::is_root_main_fn::bb2,canon-projection/src/layout/mod.rs,212,14
3574,BASIC_BLOCK,layout::is_root_main_fn::bb3,canon-projection/src/layout/mod.rs,211,46
3575,CALL_SITE,layout::is_root_main_fn::bb3::call1,canon-projection/src/layout/mod.rs,211,46
3576,BASIC_BLOCK,layout::is_root_main_fn::bb4,canon-projection/src/layout/mod.rs,211,46
3577,CALL_SITE,layout::is_root_main_fn::bb4::call2,canon-projection/src/layout/mod.rs,211,46
3578,BASIC_BLOCK,layout::is_root_main_fn::bb5,canon-projection/src/layout/mod.rs,214,2
3579,FUNCTION,layout::is_root_main_fn::fn,canon-projection/src/layout/mod.rs,209,1
3580,PARAM,layout::is_root_main_fn::param0,canon-projection/src/layout/mod.rs,209,20
3581,PARAM,layout::is_root_main_fn::param1,canon-projection/src/layout/mod.rs,209,34
3582,BASIC_BLOCK,layout::module_children::bb0,canon-projection/src/layout/mod.rs,181,39
3583,CALL_SITE,layout::module_children::bb0::call0,canon-projection/src/layout/mod.rs,181,39
3584,BASIC_BLOCK,layout::module_children::bb1,canon-projection/src/layout/mod.rs,182,24
3585,BASIC_BLOCK,layout::module_children::bb10,/home/cicero-arch-omen/.rustup/toolchains/nightly-x86_64-unknown-linux-gnu/lib/rustlib/src/rust/library/core/src/macros/mod.rs,434,39
3586,BASIC_BLOCK,layout::module_children::bb11,/home/cicero-arch-omen/.rustup/toolchains/nightly-x86_64-unknown-linux-gnu/lib/rustlib/src/rust/library/core/src/macros/mod.rs,433,9
3587,BASIC_BLOCK,layout::module_children::bb12,canon-projection/src/layout/mod.rs,184,13
3588,CALL_SITE,layout::module_children::bb12::call5,canon-projection/src/layout/mod.rs,184,13
3589,BASIC_BLOCK,layout::module_children::bb13,canon-projection/src/layout/mod.rs,188,8
3590,BASIC_BLOCK,layout::module_children::bb14,canon-projection/src/layout/mod.rs,189,16
3591,CALL_SITE,layout::module_children::bb14::call6,canon-projection/src/layout/mod.rs,189,16
3592,BASIC_BLOCK,layout::module_children::bb15,canon-projection/src/layout/mod.rs,193,9
3593,CALL_SITE,layout::module_children::bb15::call7,canon-projection/src/layout/mod.rs,193,9
3594,BASIC_BLOCK,layout::module_children::bb16,canon-projection/src/layout/mod.rs,193,9
3595,BASIC_BLOCK,layout::module_children::bb17,canon-projection/src/layout/mod.rs,203,35
3596,CALL_SITE,layout::module_children::bb17::call8,canon-projection/src/layout/mod.rs,203,35
3597,BASIC_BLOCK,layout::module_children::bb18,canon-projection/src/layout/mod.rs,194,40
3598,CALL_SITE,layout::module_children::bb18::call9,canon-projection/src/layout/mod.rs,194,40
3599,BASIC_BLOCK,layout::module_children::bb19,canon-projection/src/layout/mod.rs,194,40
3600,CALL_SITE,layout::module_children::bb19::call10,canon-projection/src/layout/mod.rs,194,40
3601,CALL_SITE,layout::module_children::bb1::call1,canon-projection/src/layout/mod.rs,182,24
3602,BASIC_BLOCK,layout::module_children::bb2,canon-projection/src/layout/mod.rs,182,24
3603,BASIC_BLOCK,layout::module_children::bb20,canon-projection/src/layout/mod.rs,194,40
3604,CALL_SITE,layout::module_children::bb20::call11,canon-projection/src/layout/mod.rs,194,40
3605,BASIC_BLOCK,layout::module_children::bb21,canon-projection/src/layout/mod.rs,194,40
3606,CALL_SITE,layout::module_children::bb21::call12,canon-projection/src/layout/mod.rs,194,40
3607,BASIC_BLOCK,layout::module_children::bb22,canon-projection/src/layout/mod.rs,194,40
3608,CALL_SITE,layout::module_children::bb22::call13,canon-projection/src/layout/mod.rs,194,40
3609,BASIC_BLOCK,layout::module_children::bb23,canon-projection/src/layout/mod.rs,196,19
3610,CALL_SITE,layout::module_children::bb23::call14,canon-projection/src/layout/mod.rs,196,19
3611,BASIC_BLOCK,layout::module_children::bb24,canon-projection/src/layout/mod.rs,196,9
3612,BASIC_BLOCK,layout::module_children::bb25,canon-projection/src/layout/mod.rs,196,19
3613,CALL_SITE,layout::module_children::bb25::call15,canon-projection/src/layout/mod.rs,196,19
3614,BASIC_BLOCK,layout::module_children::bb26,canon-projection/src/layout/mod.rs,196,19
3615,BASIC_BLOCK,layout::module_children::bb27,canon-projection/src/layout/mod.rs,197,17
3616,CALL_SITE,layout::module_children::bb27::call16,canon-projection/src/layout/mod.rs,197,17
3617,BASIC_BLOCK,layout::module_children::bb28,canon-projection/src/layout/mod.rs,193,5
3618,BASIC_BLOCK,layout::module_children::bb29,canon-projection/src/layout/mod.rs,197,17
3619,CALL_SITE,layout::module_children::bb29::call17,canon-projection/src/layout/mod.rs,197,17
3620,CALL_SITE,layout::module_children::bb2::call2,canon-projection/src/layout/mod.rs,182,24
3621,BASIC_BLOCK,layout::module_children::bb3,canon-projection/src/layout/mod.rs,182,5
3622,BASIC_BLOCK,layout::module_children::bb30,canon-projection/src/layout/mod.rs,197,17
3623,CALL_SITE,layout::module_children::bb30::call18,canon-projection/src/layout/mod.rs,197,17
3624,BASIC_BLOCK,layout::module_children::bb31,canon-projection/src/layout/mod.rs,197,17
3625,BASIC_BLOCK,layout::module_children::bb32,canon-projection/src/layout/mod.rs,198,17
3626,CALL_SITE,layout::module_children::bb32::call19,canon-projection/src/layout/mod.rs,198,17
3627,BASIC_BLOCK,layout::module_children::bb33,canon-projection/src/layout/mod.rs,203,35
3628,CALL_SITE,layout::module_children::bb33::call20,canon-projection/src/layout/mod.rs,203,35
3629,BASIC_BLOCK,layout::module_children::bb34,canon-projection/src/layout/mod.rs,203,35
3630,CALL_SITE,layout::module_children::bb34::call21,canon-projection/src/layout/mod.rs,203,35
3631,BASIC_BLOCK,layout::module_children::bb35,canon-projection/src/layout/mod.rs,204,9
3632,CALL_SITE,layout::module_children::bb35::call22,canon-projection/src/layout/mod.rs,204,9
3633,BASIC_BLOCK,layout::module_children::bb36,canon-projection/src/layout/mod.rs,204,9
3634,CALL_SITE,layout::module_children::bb36::call23,canon-projection/src/layout/mod.rs,204,9
3635,BASIC_BLOCK,layout::module_children::bb37,canon-projection/src/layout/mod.rs,193,5
3636,BASIC_BLOCK,layout::module_children::bb38,canon-projection/src/layout/mod.rs,207,1
3637,BASIC_BLOCK,layout::module_children::bb39,canon-projection/src/layout/mod.rs,207,2
3638,BASIC_BLOCK,layout::module_children::bb4,canon-projection/src/layout/mod.rs,182,24
3639,BASIC_BLOCK,layout::module_children::bb40,canon-projection/src/layout/mod.rs,207,1
3640,BASIC_BLOCK,layout::module_children::bb41,canon-projection/src/layout/mod.rs,207,2
3641,BASIC_BLOCK,layout::module_children::bb42,canon-projection/src/layout/mod.rs,207,2
3642,BASIC_BLOCK,layout::module_children::bb43,canon-projection/src/layout/mod.rs,206,5
3643,BASIC_BLOCK,layout::module_children::bb44,canon-projection/src/layout/mod.rs,202,5
3644,BASIC_BLOCK,layout::module_children::bb45,canon-projection/src/layout/mod.rs,178,1
3645,BASIC_BLOCK,layout::module_children::bb46,canon-projection/src/layout/mod.rs,207,1
3646,BASIC_BLOCK,layout::module_children::bb47,canon-projection/src/layout/mod.rs,207,1
3647,BASIC_BLOCK,layout::module_children::bb48,canon-projection/src/layout/mod.rs,207,1
3648,BASIC_BLOCK,layout::module_children::bb49,canon-projection/src/layout/mod.rs,184,13
3649,CALL_SITE,layout::module_children::bb4::call3,canon-projection/src/layout/mod.rs,182,24
3650,BASIC_BLOCK,layout::module_children::bb5,canon-projection/src/layout/mod.rs,182,24
3651,BASIC_BLOCK,layout::module_children::bb50,canon-projection/src/layout/mod.rs,198,17
3652,BASIC_BLOCK,layout::module_children::bb6,canon-projection/src/lib.rs,1,1
3653,BASIC_BLOCK,layout::module_children::bb7,/home/cicero-arch-omen/.rustup/toolchains/nightly-x86_64-unknown-linux-gnu/lib/rustlib/src/rust/library/core/src/macros/mod.rs,433,9
3654,BASIC_BLOCK,layout::module_children::bb8,canon-projection/src/layout/mod.rs,188,8
3655,CALL_SITE,layout::module_children::bb8::call4,canon-projection/src/layout/mod.rs,188,8
3656,BASIC_BLOCK,layout::module_children::bb9,/home/cicero-arch-omen/.rustup/toolchains/nightly-x86_64-unknown-linux-gnu/lib/rustlib/src/rust/library/core/src/macros/mod.rs,435,18
3657,FUNCTION,layout::module_children::fn,canon-projection/src/layout/mod.rs,178,1
3658,PARAM,layout::module_children::param0,canon-projection/src/layout/mod.rs,178,20
3659,PARAM,layout::module_children::param1,canon-projection/src/layout/mod.rs,178,34
3660,BASIC_BLOCK,layout::module_name::bb0,canon-projection/src/layout/mod.rs,172,16
3661,CALL_SITE,layout::module_name::bb0::call0,canon-projection/src/layout/mod.rs,172,16
3662,BASIC_BLOCK,layout::module_name::bb1,canon-projection/src/layout/mod.rs,173,5
3663,CALL_SITE,layout::module_name::bb1::call1,canon-projection/src/layout/mod.rs,173,5
3664,BASIC_BLOCK,layout::module_name::bb2,canon-projection/src/layout/mod.rs,173,5
3665,CALL_SITE,layout::module_name::bb2::call2,canon-projection/src/layout/mod.rs,173,5
3666,BASIC_BLOCK,layout::module_name::bb3,canon-projection/src/layout/mod.rs,173,5
3667,CALL_SITE,layout::module_name::bb3::call3,canon-projection/src/layout/mod.rs,173,5
3668,BASIC_BLOCK,layout::module_name::bb4,canon-projection/src/layout/mod.rs,174,2
3669,FUNCTION,layout::module_name::fn,canon-projection/src/layout/mod.rs,171,1
3670,PARAM,layout::module_name::param0,canon-projection/src/layout/mod.rs,171,20
3671,PARAM,layout::module_name::param1,canon-projection/src/layout/mod.rs,171,37
3672,BASIC_BLOCK,layout::module_stem_dir::bb0,canon-projection/src/layout/mod.rs,160,21
3673,CALL_SITE,layout::module_stem_dir::bb0::call0,canon-projection/src/layout/mod.rs,160,21
3674,BASIC_BLOCK,layout::module_stem_dir::bb1,canon-projection/src/layout/mod.rs,160,21
3675,BASIC_BLOCK,layout::module_stem_dir::bb10,canon-projection/src/layout/mod.rs,162,9
3676,CALL_SITE,layout::module_stem_dir::bb10::call7,canon-projection/src/layout/mod.rs,162,9
3677,BASIC_BLOCK,layout::module_stem_dir::bb11,canon-projection/src/layout/mod.rs,162,9
3678,CALL_SITE,layout::module_stem_dir::bb11::call8,canon-projection/src/layout/mod.rs,162,9
3679,BASIC_BLOCK,layout::module_stem_dir::bb12,canon-projection/src/layout/mod.rs,162,38
3680,CALL_SITE,layout::module_stem_dir::bb12::call9,canon-projection/src/layout/mod.rs,162,38
3681,BASIC_BLOCK,layout::module_stem_dir::bb13,canon-projection/src/layout/mod.rs,162,9
3682,CALL_SITE,layout::module_stem_dir::bb13::call10,canon-projection/src/layout/mod.rs,162,9
3683,BASIC_BLOCK,layout::module_stem_dir::bb14,canon-projection/src/layout/mod.rs,162,9
3684,CALL_SITE,layout::module_stem_dir::bb14::call11,canon-projection/src/layout/mod.rs,162,9
3685,BASIC_BLOCK,layout::module_stem_dir::bb15,canon-projection/src/layout/mod.rs,165,20
3686,CALL_SITE,layout::module_stem_dir::bb15::call12,canon-projection/src/layout/mod.rs,165,20
3687,BASIC_BLOCK,layout::module_stem_dir::bb16,canon-projection/src/layout/mod.rs,165,20
3688,CALL_SITE,layout::module_stem_dir::bb16::call13,canon-projection/src/layout/mod.rs,165,20
3689,BASIC_BLOCK,layout::module_stem_dir::bb17,canon-projection/src/layout/mod.rs,165,20
3690,CALL_SITE,layout::module_stem_dir::bb17::call14,canon-projection/src/layout/mod.rs,165,20
3691,BASIC_BLOCK,layout::module_stem_dir::bb18,canon-projection/src/layout/mod.rs,165,20
3692,CALL_SITE,layout::module_stem_dir::bb18::call15,canon-projection/src/layout/mod.rs,165,20
3693,BASIC_BLOCK,layout::module_stem_dir::bb19,canon-projection/src/layout/mod.rs,166,9
3694,CALL_SITE,layout::module_stem_dir::bb19::call16,canon-projection/src/layout/mod.rs,166,9
3695,CALL_SITE,layout::module_stem_dir::bb1::call1,canon-projection/src/layout/mod.rs,160,21
3696,BASIC_BLOCK,layout::module_stem_dir::bb2,canon-projection/src/layout/mod.rs,160,21
3697,BASIC_BLOCK,layout::module_stem_dir::bb20,canon-projection/src/layout/mod.rs,166,9
3698,CALL_SITE,layout::module_stem_dir::bb20::call17,canon-projection/src/layout/mod.rs,166,9
3699,BASIC_BLOCK,layout::module_stem_dir::bb21,canon-projection/src/layout/mod.rs,166,38
3700,CALL_SITE,layout::module_stem_dir::bb21::call18,canon-projection/src/layout/mod.rs,166,38
3701,BASIC_BLOCK,layout::module_stem_dir::bb22,canon-projection/src/layout/mod.rs,166,9
3702,CALL_SITE,layout::module_stem_dir::bb22::call19,canon-projection/src/layout/mod.rs,166,9
3703,BASIC_BLOCK,layout::module_stem_dir::bb23,canon-projection/src/layout/mod.rs,166,9
3704,CALL_SITE,layout::module_stem_dir::bb23::call20,canon-projection/src/layout/mod.rs,166,9
3705,BASIC_BLOCK,layout::module_stem_dir::bb24,canon-projection/src/layout/mod.rs,168,2
3706,CALL_SITE,layout::module_stem_dir::bb2::call2,canon-projection/src/layout/mod.rs,160,21
3707,BASIC_BLOCK,layout::module_stem_dir::bb3,canon-projection/src/layout/mod.rs,160,21
3708,CALL_SITE,layout::module_stem_dir::bb3::call3,canon-projection/src/layout/mod.rs,160,21
3709,BASIC_BLOCK,layout::module_stem_dir::bb4,canon-projection/src/layout/mod.rs,161,8
3710,CALL_SITE,layout::module_stem_dir::bb4::call4,canon-projection/src/layout/mod.rs,161,8
3711,BASIC_BLOCK,layout::module_stem_dir::bb5,canon-projection/src/layout/mod.rs,161,8
3712,BASIC_BLOCK,layout::module_stem_dir::bb6,canon-projection/src/layout/mod.rs,161,33
3713,CALL_SITE,layout::module_stem_dir::bb6::call5,canon-projection/src/layout/mod.rs,161,33
3714,BASIC_BLOCK,layout::module_stem_dir::bb7,canon-projection/src/layout/mod.rs,161,33
3715,BASIC_BLOCK,layout::module_stem_dir::bb8,canon-projection/src/layout/mod.rs,161,59
3716,CALL_SITE,layout::module_stem_dir::bb8::call6,canon-projection/src/layout/mod.rs,161,59
3717,BASIC_BLOCK,layout::module_stem_dir::bb9,canon-projection/src/layout/mod.rs,161,59
3718,FUNCTION,layout::module_stem_dir::fn,canon-projection/src/layout/mod.rs,159,1
3719,PARAM,layout::module_stem_dir::param0,canon-projection/src/layout/mod.rs,159,20
3720,BASIC_BLOCK,layout::render_dependency_entry::bb0,canon-projection/src/layout/mod.rs,228,12
3721,BASIC_BLOCK,layout::render_dependency_entry::bb1,canon-projection/src/layout/mod.rs,229,18
3722,BASIC_BLOCK,layout::render_dependency_entry::bb10,canon-projection/src/layout/mod.rs,233,2
3723,BASIC_BLOCK,layout::render_dependency_entry::bb11,canon-projection/src/layout/mod.rs,227,1
3724,CALL_SITE,layout::render_dependency_entry::bb1::call0,canon-projection/src/layout/mod.rs,229,18
3725,BASIC_BLOCK,layout::render_dependency_entry::bb2,canon-projection/src/layout/mod.rs,229,41
3726,CALL_SITE,layout::render_dependency_entry::bb2::call1,canon-projection/src/layout/mod.rs,229,41
3727,BASIC_BLOCK,layout::render_dependency_entry::bb3,/home/cicero-arch-omen/.rustup/toolchains/nightly-x86_64-unknown-linux-gnu/lib/rustlib/src/rust/library/alloc/src/macros.rs,114,33
3728,CALL_SITE,layout::render_dependency_entry::bb3::call2,/home/cicero-arch-omen/.rustup/toolchains/nightly-x86_64-unknown-linux-gnu/lib/rustlib/src/rust/library/alloc/src/macros.rs,114,33
3729,BASIC_BLOCK,layout::render_dependency_entry::bb4,/home/cicero-arch-omen/.rustup/toolchains/nightly-x86_64-unknown-linux-gnu/lib/rustlib/src/rust/library/alloc/src/macros.rs,114,13
3730,CALL_SITE,layout::render_dependency_entry::bb4::call3,/home/cicero-arch-omen/.rustup/toolchains/nightly-x86_64-unknown-linux-gnu/lib/rustlib/src/rust/library/alloc/src/macros.rs,114,13
3731,BASIC_BLOCK,layout::render_dependency_entry::bb5,/home/cicero-arch-omen/.rustup/toolchains/nightly-x86_64-unknown-linux-gnu/lib/rustlib/src/rust/library/alloc/src/macros.rs,113,9
3732,CALL_SITE,layout::render_dependency_entry::bb5::call4,/home/cicero-arch-omen/.rustup/toolchains/nightly-x86_64-unknown-linux-gnu/lib/rustlib/src/rust/library/alloc/src/macros.rs,113,9
3733,BASIC_BLOCK,layout::render_dependency_entry::bb6,canon-projection/src/layout/mod.rs,231,18
3734,CALL_SITE,layout::render_dependency_entry::bb6::call5,canon-projection/src/layout/mod.rs,231,18
3735,BASIC_BLOCK,layout::render_dependency_entry::bb7,/home/cicero-arch-omen/.rustup/toolchains/nightly-x86_64-unknown-linux-gnu/lib/rustlib/src/rust/library/alloc/src/macros.rs,114,33
3736,CALL_SITE,layout::render_dependency_entry::bb7::call6,/home/cicero-arch-omen/.rustup/toolchains/nightly-x86_64-unknown-linux-gnu/lib/rustlib/src/rust/library/alloc/src/macros.rs,114,33
3737,BASIC_BLOCK,layout::render_dependency_entry::bb8,/home/cicero-arch-omen/.rustup/toolchains/nightly-x86_64-unknown-linux-gnu/lib/rustlib/src/rust/library/alloc/src/macros.rs,114,13
3738,CALL_SITE,layout::render_dependency_entry::bb8::call7,/home/cicero-arch-omen/.rustup/toolchains/nightly-x86_64-unknown-linux-gnu/lib/rustlib/src/rust/library/alloc/src/macros.rs,114,13
3739,BASIC_BLOCK,layout::render_dependency_entry::bb9,/home/cicero-arch-omen/.rustup/toolchains/nightly-x86_64-unknown-linux-gnu/lib/rustlib/src/rust/library/alloc/src/macros.rs,113,9
3740,CALL_SITE,layout::render_dependency_entry::bb9::call8,/home/cicero-arch-omen/.rustup/toolchains/nightly-x86_64-unknown-linux-gnu/lib/rustlib/src/rust/library/alloc/src/macros.rs,113,9
3741,FUNCTION,layout::render_dependency_entry::fn,canon-projection/src/layout/mod.rs,227,1
3742,PARAM,layout::render_dependency_entry::param0,canon-projection/src/layout/mod.rs,227,28
3743,PARAM,layout::render_dependency_entry::param1,canon-projection/src/layout/mod.rs,227,39
3744,BASIC_BLOCK,layout::walk_module::bb0,canon-projection/src/layout/mod.rs,95,58
3745,CALL_SITE,layout::walk_module::bb0::call0,canon-projection/src/layout/mod.rs,95,58
3746,BASIC_BLOCK,layout::walk_module::bb1,canon-projection/src/layout/mod.rs,95,16
3747,BASIC_BLOCK,layout::walk_module::bb10,canon-projection/src/layout/mod.rs,116,21
3748,CALL_SITE,layout::walk_module::bb10::call6,canon-projection/src/layout/mod.rs,116,21
3749,BASIC_BLOCK,layout::walk_module::bb11,canon-projection/src/layout/mod.rs,116,21
3750,BASIC_BLOCK,layout::walk_module::bb12,canon-projection/src/layout/mod.rs,116,21
3751,BASIC_BLOCK,layout::walk_module::bb13,canon-projection/src/layout/mod.rs,118,19
3752,CALL_SITE,layout::walk_module::bb13::call7,canon-projection/src/layout/mod.rs,118,19
3753,BASIC_BLOCK,layout::walk_module::bb14,canon-projection/src/layout/mod.rs,150,5
3754,CALL_SITE,layout::walk_module::bb14::call8,canon-projection/src/layout/mod.rs,150,5
3755,BASIC_BLOCK,layout::walk_module::bb15,canon-projection/src/layout/mod.rs,118,12
3756,BASIC_BLOCK,layout::walk_module::bb16,canon-projection/src/layout/mod.rs,118,37
3757,CALL_SITE,layout::walk_module::bb16::call9,canon-projection/src/layout/mod.rs,118,37
3758,BASIC_BLOCK,layout::walk_module::bb17,canon-projection/src/layout/mod.rs,118,37
3759,BASIC_BLOCK,layout::walk_module::bb18,canon-projection/src/layout/mod.rs,121,9
3760,CALL_SITE,layout::walk_module::bb18::call10,canon-projection/src/layout/mod.rs,121,9
3761,BASIC_BLOCK,layout::walk_module::bb19,canon-projection/src/layout/mod.rs,123,29
3762,CALL_SITE,layout::walk_module::bb19::call11,canon-projection/src/layout/mod.rs,123,29
3763,BASIC_BLOCK,layout::walk_module::bb2,canon-projection/src/layout/mod.rs,95,9
3764,BASIC_BLOCK,layout::walk_module::bb20,canon-projection/src/layout/mod.rs,124,12
3765,CALL_SITE,layout::walk_module::bb20::call12,canon-projection/src/layout/mod.rs,124,12
3766,BASIC_BLOCK,layout::walk_module::bb21,canon-projection/src/layout/mod.rs,124,12
3767,BASIC_BLOCK,layout::walk_module::bb22,canon-projection/src/layout/mod.rs,128,16
3768,BASIC_BLOCK,layout::walk_module::bb23,canon-projection/src/layout/mod.rs,146,13
3769,CALL_SITE,layout::walk_module::bb23::call13,canon-projection/src/layout/mod.rs,146,13
3770,BASIC_BLOCK,layout::walk_module::bb24,canon-projection/src/layout/mod.rs,130,16
3771,BASIC_BLOCK,layout::walk_module::bb25,canon-projection/src/layout/mod.rs,132,17
3772,CALL_SITE,layout::walk_module::bb25::call14,canon-projection/src/layout/mod.rs,132,17
3773,BASIC_BLOCK,layout::walk_module::bb26,canon-projection/src/layout/mod.rs,136,17
3774,CALL_SITE,layout::walk_module::bb26::call15,canon-projection/src/layout/mod.rs,136,17
3775,BASIC_BLOCK,layout::walk_module::bb27,canon-projection/src/layout/mod.rs,137,32
3776,CALL_SITE,layout::walk_module::bb27::call16,canon-projection/src/layout/mod.rs,137,32
3777,BASIC_BLOCK,layout::walk_module::bb28,canon-projection/src/layout/mod.rs,140,37
3778,CALL_SITE,layout::walk_module::bb28::call17,canon-projection/src/layout/mod.rs,140,37
3779,BASIC_BLOCK,layout::walk_module::bb29,canon-projection/src/layout/mod.rs,141,39
3780,CALL_SITE,layout::walk_module::bb29::call18,canon-projection/src/layout/mod.rs,141,39
3781,BASIC_BLOCK,layout::walk_module::bb3,canon-projection/src/layout/mod.rs,95,9
3782,BASIC_BLOCK,layout::walk_module::bb30,canon-projection/src/layout/mod.rs,141,39
3783,CALL_SITE,layout::walk_module::bb30::call19,canon-projection/src/layout/mod.rs,141,39
3784,BASIC_BLOCK,layout::walk_module::bb31,canon-projection/src/layout/mod.rs,141,39
3785,CALL_SITE,layout::walk_module::bb31::call20,canon-projection/src/layout/mod.rs,141,39
3786,BASIC_BLOCK,layout::walk_module::bb32,canon-projection/src/layout/mod.rs,142,37
3787,BASIC_BLOCK,layout::walk_module::bb33,canon-projection/src/layout/mod.rs,142,55
3788,CALL_SITE,layout::walk_module::bb33::call21,canon-projection/src/layout/mod.rs,142,55
3789,BASIC_BLOCK,layout::walk_module::bb34,canon-projection/src/layout/mod.rs,142,78
3790,CALL_SITE,layout::walk_module::bb34::call22,canon-projection/src/layout/mod.rs,142,78
3791,BASIC_BLOCK,layout::walk_module::bb35,/home/cicero-arch-omen/.rustup/toolchains/nightly-x86_64-unknown-linux-gnu/lib/rustlib/src/rust/library/alloc/src/macros.rs,114,33
3792,CALL_SITE,layout::walk_module::bb35::call23,/home/cicero-arch-omen/.rustup/toolchains/nightly-x86_64-unknown-linux-gnu/lib/rustlib/src/rust/library/alloc/src/macros.rs,114,33
3793,BASIC_BLOCK,layout::walk_module::bb36,/home/cicero-arch-omen/.rustup/toolchains/nightly-x86_64-unknown-linux-gnu/lib/rustlib/src/rust/library/alloc/src/macros.rs,114,13
3794,CALL_SITE,layout::walk_module::bb36::call24,/home/cicero-arch-omen/.rustup/toolchains/nightly-x86_64-unknown-linux-gnu/lib/rustlib/src/rust/library/alloc/src/macros.rs,114,13
3795,BASIC_BLOCK,layout::walk_module::bb37,/home/cicero-arch-omen/.rustup/toolchains/nightly-x86_64-unknown-linux-gnu/lib/rustlib/src/rust/library/alloc/src/macros.rs,113,9
3796,CALL_SITE,layout::walk_module::bb37::call25,/home/cicero-arch-omen/.rustup/toolchains/nightly-x86_64-unknown-linux-gnu/lib/rustlib/src/rust/library/alloc/src/macros.rs,113,9
3797,BASIC_BLOCK,layout::walk_module::bb38,canon-projection/src/layout/mod.rs,142,55
3798,CALL_SITE,layout::walk_module::bb38::call26,canon-projection/src/layout/mod.rs,142,55
3799,BASIC_BLOCK,layout::walk_module::bb39,canon-projection/src/layout/mod.rs,142,110
3800,CALL_SITE,layout::walk_module::bb39::call27,canon-projection/src/layout/mod.rs,142,110
3801,BASIC_BLOCK,layout::walk_module::bb4,canon-projection/src/layout/mod.rs,105,20
3802,BASIC_BLOCK,layout::walk_module::bb40,canon-projection/src/layout/mod.rs,142,133
3803,CALL_SITE,layout::walk_module::bb40::call28,canon-projection/src/layout/mod.rs,142,133
3804,BASIC_BLOCK,layout::walk_module::bb41,/home/cicero-arch-omen/.rustup/toolchains/nightly-x86_64-unknown-linux-gnu/lib/rustlib/src/rust/library/alloc/src/macros.rs,114,33
3805,CALL_SITE,layout::walk_module::bb41::call29,/home/cicero-arch-omen/.rustup/toolchains/nightly-x86_64-unknown-linux-gnu/lib/rustlib/src/rust/library/alloc/src/macros.rs,114,33
3806,BASIC_BLOCK,layout::walk_module::bb42,/home/cicero-arch-omen/.rustup/toolchains/nightly-x86_64-unknown-linux-gnu/lib/rustlib/src/rust/library/alloc/src/macros.rs,114,13
3807,CALL_SITE,layout::walk_module::bb42::call30,/home/cicero-arch-omen/.rustup/toolchains/nightly-x86_64-unknown-linux-gnu/lib/rustlib/src/rust/library/alloc/src/macros.rs,114,13
3808,BASIC_BLOCK,layout::walk_module::bb43,/home/cicero-arch-omen/.rustup/toolchains/nightly-x86_64-unknown-linux-gnu/lib/rustlib/src/rust/library/alloc/src/macros.rs,113,9
3809,CALL_SITE,layout::walk_module::bb43::call31,/home/cicero-arch-omen/.rustup/toolchains/nightly-x86_64-unknown-linux-gnu/lib/rustlib/src/rust/library/alloc/src/macros.rs,113,9
3810,BASIC_BLOCK,layout::walk_module::bb44,canon-projection/src/layout/mod.rs,142,110
3811,CALL_SITE,layout::walk_module::bb44::call32,canon-projection/src/layout/mod.rs,142,110
3812,BASIC_BLOCK,layout::walk_module::bb45,canon-projection/src/layout/mod.rs,143,17
3813,CALL_SITE,layout::walk_module::bb45::call33,canon-projection/src/layout/mod.rs,143,17
3814,BASIC_BLOCK,layout::walk_module::bb46,canon-projection/src/layout/mod.rs,144,13
3815,BASIC_BLOCK,layout::walk_module::bb47,canon-projection/src/layout/mod.rs,151,1
3816,BASIC_BLOCK,layout::walk_module::bb48,canon-projection/src/layout/mod.rs,151,1
3817,BASIC_BLOCK,layout::walk_module::bb49,canon-projection/src/layout/mod.rs,151,1
3818,CALL_SITE,layout::walk_module::bb4::call1,canon-projection/src/layout/mod.rs,105,20
3819,BASIC_BLOCK,layout::walk_module::bb5,canon-projection/src/layout/mod.rs,111,20
3820,BASIC_BLOCK,layout::walk_module::bb50,canon-projection/src/layout/mod.rs,151,2
3821,BASIC_BLOCK,layout::walk_module::bb51,canon-projection/src/layout/mod.rs,144,13
3822,BASIC_BLOCK,layout::walk_module::bb52,canon-projection/src/layout/mod.rs,151,1
3823,BASIC_BLOCK,layout::walk_module::bb53,canon-projection/src/layout/mod.rs,151,1
3824,BASIC_BLOCK,layout::walk_module::bb54,canon-projection/src/layout/mod.rs,151,1
3825,BASIC_BLOCK,layout::walk_module::bb55,canon-projection/src/layout/mod.rs,93,1
3826,BASIC_BLOCK,layout::walk_module::bb56,canon-projection/src/layout/mod.rs,151,1
3827,BASIC_BLOCK,layout::walk_module::bb57,canon-projection/src/layout/mod.rs,151,1
3828,BASIC_BLOCK,layout::walk_module::bb58,canon-projection/src/layout/mod.rs,151,1
3829,BASIC_BLOCK,layout::walk_module::bb59,canon-projection/src/layout/mod.rs,151,1
3830,CALL_SITE,layout::walk_module::bb5::call2,canon-projection/src/layout/mod.rs,111,20
3831,BASIC_BLOCK,layout::walk_module::bb6,canon-projection/src/layout/mod.rs,113,36
3832,BASIC_BLOCK,layout::walk_module::bb60,canon-projection/src/layout/mod.rs,146,13
3833,BASIC_BLOCK,layout::walk_module::bb61,canon-projection/src/layout/mod.rs,132,17
3834,BASIC_BLOCK,layout::walk_module::bb62,canon-projection/src/layout/mod.rs,142,55
3835,BASIC_BLOCK,layout::walk_module::bb63,canon-projection/src/layout/mod.rs,142,110
3836,CALL_SITE,layout::walk_module::bb6::call3,canon-projection/src/layout/mod.rs,113,36
3837,BASIC_BLOCK,layout::walk_module::bb7,canon-projection/src/layout/mod.rs,114,34
3838,CALL_SITE,layout::walk_module::bb7::call4,canon-projection/src/layout/mod.rs,114,34
3839,BASIC_BLOCK,layout::walk_module::bb8,canon-projection/src/layout/mod.rs,116,21
3840,CALL_SITE,layout::walk_module::bb8::call5,canon-projection/src/layout/mod.rs,116,21
3841,BASIC_BLOCK,layout::walk_module::bb9,canon-projection/src/layout/mod.rs,116,5
3842,FUNCTION,layout::walk_module::fn,canon-projection/src/layout/mod.rs,93,1
3843,PARAM,layout::walk_module::param0,canon-projection/src/layout/mod.rs,93,16
3844,PARAM,layout::walk_module::param1,canon-projection/src/layout/mod.rs,93,30
3845,PARAM,layout::walk_module::param2,canon-projection/src/layout/mod.rs,93,50
3846,PARAM,layout::walk_module::param3,canon-projection/src/layout/mod.rs,93,70
3847,BASIC_BLOCK,main::bb0,canon-projection/src/lib.rs,1,1
3848,CALL_SITE,main::bb0::call0,canon-projection/src/lib.rs,1,1
3849,BASIC_BLOCK,main::bb1,canon-projection/src/lib.rs,1,1
3850,FUNCTION,main::fn,canon-projection/src/lib.rs,1,1
3851,BASIC_BLOCK,project::bb0,canon-projection/src/lib.rs,14,5
3852,CALL_SITE,project::bb0::call0,canon-projection/src/lib.rs,14,5
3853,BASIC_BLOCK,project::bb1,canon-projection/src/lib.rs,15,2
3854,FUNCTION,project::fn,canon-projection/src/lib.rs,13,1
3855,PARAM,project::param0,canon-projection/src/lib.rs,13,16
