src_id,dst_id,edge_kind
168,169,HAS_PARAM
168,68,HAS_BLOCK
68,70,FLOW
168,70,HAS_BLOCK
70,91,FLOW
70,662,CALL
168,91,HAS_BLOCK
91,108,FLOW
91,159,FLOW
91,159,UNWIND
91,280,CALL
168,108,HAS_BLOCK
108,125,FLOW
108,158,FLOW
108,158,UNWIND
108,742,CALL
168,125,HAS_BLOCK
125,141,FLOW
125,157,FLOW
125,157,UNWIND
125,1361,CALL
168,141,HAS_BLOCK
141,153,FLOW
141,156,FLOW
141,156,UNWIND
141,401,CALL
168,153,HAS_BLOCK
153,162,FLOW
153,155,FLOW
153,155,UNWIND
153,1269,CALL
168,162,HAS_BLOCK
162,164,FLOW
162,154,FLOW
162,154,UNWIND
162,1439,CALL
168,164,HAS_BLOCK
164,166,FLOW
164,151,FLOW
164,151,UNWIND
164,528,CALL
168,166,HAS_BLOCK
166,71,FLOW
166,150,FLOW
166,150,UNWIND
166,650,CALL
168,71,HAS_BLOCK
71,73,FLOW
71,150,FLOW
71,150,UNWIND
71,268,CALL
168,73,HAS_BLOCK
73,75,FLOW
73,150,FLOW
73,150,UNWIND
73,730,CALL
168,75,HAS_BLOCK
75,77,FLOW
75,150,FLOW
75,150,UNWIND
75,1349,CALL
168,77,HAS_BLOCK
77,79,FLOW
77,150,FLOW
77,150,UNWIND
77,389,CALL
168,79,HAS_BLOCK
79,81,FLOW
79,150,FLOW
79,150,UNWIND
79,1257,CALL
168,81,HAS_BLOCK
81,83,FLOW
81,150,FLOW
81,150,UNWIND
81,1427,CALL
168,83,HAS_BLOCK
83,85,FLOW
83,150,FLOW
83,150,UNWIND
83,516,CALL
168,85,HAS_BLOCK
85,87,FLOW
85,150,FLOW
85,150,UNWIND
85,657,CALL
168,87,HAS_BLOCK
87,89,FLOW
87,150,FLOW
87,150,UNWIND
87,210,CALL
168,89,HAS_BLOCK
89,92,FLOW
89,94,FLOW
89,94,UNWIND
168,92,HAS_BLOCK
92,95,FLOW
92,150,FLOW
92,150,UNWIND
92,275,CALL
168,94,HAS_BLOCK
94,150,FLOW
168,95,HAS_BLOCK
95,97,FLOW
95,150,FLOW
95,150,UNWIND
95,210,CALL
168,97,HAS_BLOCK
97,98,FLOW
97,100,FLOW
97,100,UNWIND
168,98,HAS_BLOCK
98,101,FLOW
98,150,FLOW
98,150,UNWIND
98,737,CALL
168,100,HAS_BLOCK
100,150,FLOW
168,101,HAS_BLOCK
101,103,FLOW
101,150,FLOW
101,150,UNWIND
101,210,CALL
168,103,HAS_BLOCK
103,104,FLOW
103,106,FLOW
103,106,UNWIND
168,104,HAS_BLOCK
104,109,FLOW
104,150,FLOW
104,150,UNWIND
104,1356,CALL
168,106,HAS_BLOCK
106,150,FLOW
168,109,HAS_BLOCK
109,111,FLOW
109,150,FLOW
109,150,UNWIND
109,210,CALL
168,111,HAS_BLOCK
111,112,FLOW
111,114,FLOW
111,114,UNWIND
168,112,HAS_BLOCK
112,115,FLOW
112,150,FLOW
112,150,UNWIND
112,396,CALL
168,114,HAS_BLOCK
114,150,FLOW
168,115,HAS_BLOCK
115,117,FLOW
115,150,FLOW
115,150,UNWIND
115,210,CALL
168,117,HAS_BLOCK
117,118,FLOW
117,120,FLOW
117,120,UNWIND
168,118,HAS_BLOCK
118,121,FLOW
118,150,FLOW
118,150,UNWIND
118,1264,CALL
168,120,HAS_BLOCK
120,150,FLOW
168,121,HAS_BLOCK
121,123,FLOW
121,150,FLOW
121,150,UNWIND
121,210,CALL
168,123,HAS_BLOCK
123,126,FLOW
123,128,FLOW
123,128,UNWIND
168,126,HAS_BLOCK
126,129,FLOW
126,150,FLOW
126,150,UNWIND
126,1434,CALL
168,128,HAS_BLOCK
128,150,FLOW
168,129,HAS_BLOCK
129,131,FLOW
129,150,FLOW
129,150,UNWIND
129,210,CALL
168,131,HAS_BLOCK
131,132,FLOW
131,134,FLOW
131,134,UNWIND
168,132,HAS_BLOCK
132,135,FLOW
132,150,FLOW
132,150,UNWIND
132,523,CALL
168,134,HAS_BLOCK
134,150,FLOW
168,135,HAS_BLOCK
135,137,FLOW
135,150,FLOW
135,150,UNWIND
135,210,CALL
168,137,HAS_BLOCK
137,138,FLOW
137,139,FLOW
137,139,UNWIND
168,138,HAS_BLOCK
138,142,FLOW
138,151,FLOW
138,151,UNWIND
168,139,HAS_BLOCK
139,150,FLOW
168,142,HAS_BLOCK
142,143,FLOW
142,154,FLOW
142,154,UNWIND
168,143,HAS_BLOCK
143,144,FLOW
143,155,FLOW
143,155,UNWIND
168,144,HAS_BLOCK
144,145,FLOW
144,156,FLOW
144,156,UNWIND
168,145,HAS_BLOCK
145,146,FLOW
145,157,FLOW
145,157,UNWIND
168,146,HAS_BLOCK
146,147,FLOW
146,158,FLOW
146,158,UNWIND
168,147,HAS_BLOCK
147,148,FLOW
147,159,FLOW
147,159,UNWIND
168,148,HAS_BLOCK
148,149,FLOW
168,149,HAS_BLOCK
149,168,RETURN
168,150,HAS_BLOCK
150,151,FLOW
168,151,HAS_BLOCK
151,154,FLOW
168,154,HAS_BLOCK
154,155,FLOW
168,155,HAS_BLOCK
155,156,FLOW
168,156,HAS_BLOCK
156,157,FLOW
168,157,HAS_BLOCK
157,158,FLOW
168,158,HAS_BLOCK
158,159,FLOW
168,159,HAS_BLOCK
159,160,FLOW
168,160,HAS_BLOCK
210,211,HAS_PARAM
210,212,HAS_PARAM
210,213,HAS_PARAM
210,170,HAS_BLOCK
170,172,FLOW
210,172,HAS_BLOCK
172,192,FLOW
172,196,FLOW
172,196,UNWIND
210,192,HAS_BLOCK
192,199,FLOW
192,196,FLOW
192,196,UNWIND
210,199,HAS_BLOCK
199,200,FLOW
210,200,HAS_BLOCK
200,202,FLOW
200,196,FLOW
200,196,UNWIND
210,202,HAS_BLOCK
202,206,FLOW
202,204,FLOW
202,203,FLOW
210,203,HAS_BLOCK
210,204,HAS_BLOCK
204,208,FLOW
204,196,FLOW
204,196,UNWIND
210,206,HAS_BLOCK
206,181,FLOW
206,196,FLOW
206,196,UNWIND
210,208,HAS_BLOCK
208,173,FLOW
208,196,FLOW
208,196,UNWIND
210,173,HAS_BLOCK
173,174,FLOW
210,174,HAS_BLOCK
174,176,FLOW
174,196,FLOW
174,196,UNWIND
210,176,HAS_BLOCK
176,200,FLOW
176,177,FLOW
176,203,FLOW
210,177,HAS_BLOCK
177,179,FLOW
177,196,FLOW
177,196,UNWIND
210,179,HAS_BLOCK
179,197,FLOW
179,196,FLOW
179,196,UNWIND
210,181,HAS_BLOCK
181,183,FLOW
181,196,FLOW
181,196,UNWIND
210,183,HAS_BLOCK
183,185,FLOW
183,196,FLOW
183,196,UNWIND
210,185,HAS_BLOCK
185,187,FLOW
185,196,FLOW
185,196,UNWIND
210,187,HAS_BLOCK
187,189,FLOW
187,196,FLOW
187,196,UNWIND
210,189,HAS_BLOCK
189,193,FLOW
189,196,FLOW
189,196,UNWIND
210,193,HAS_BLOCK
193,210,RETURN
210,194,HAS_BLOCK
210,195,HAS_BLOCK
195,194,FLOW
210,196,HAS_BLOCK
196,194,FLOW
196,195,FLOW
210,197,HAS_BLOCK
197,174,FLOW
217,282,HAS_FIELD
217,271,HAS_FIELD
285,403,HAS_FIELD
285,392,HAS_FIELD
406,530,HAS_FIELD
406,519,HAS_FIELD
533,664,HAS_FIELD
533,653,HAS_FIELD
667,744,HAS_FIELD
667,733,HAS_FIELD
746,747,HAS_FIELD
746,748,HAS_FIELD
746,839,HAS_FIELD
746,969,HAS_FIELD
1206,1207,HAS_PARAM
1206,1208,HAS_PARAM
1206,1179,HAS_BLOCK
1179,1187,FLOW
1179,1186,FLOW
1179,1185,FLOW
1179,1188,FLOW
1179,1202,FLOW
1179,1203,FLOW
1179,1201,FLOW
1179,1204,FLOW
1179,1182,FLOW
1179,1181,FLOW
1179,1192,FLOW
1179,1205,FLOW
1179,1184,FLOW
1179,1183,FLOW
1179,1180,FLOW
1206,1180,HAS_BLOCK
1180,1195,FLOW
1206,1192,HAS_BLOCK
1192,1197,FLOW
1192,1199,FLOW
1192,1196,FLOW
1206,1197,HAS_BLOCK
1197,1194,FLOW
1206,1199,HAS_BLOCK
1199,1193,FLOW
1206,1201,HAS_BLOCK
1201,1189,FLOW
1206,1202,HAS_BLOCK
1202,1189,FLOW
1206,1203,HAS_BLOCK
1203,1189,FLOW
1206,1204,HAS_BLOCK
1204,1189,FLOW
1206,1205,HAS_BLOCK
1205,1189,FLOW
1206,1181,HAS_BLOCK
1181,1189,FLOW
1206,1182,HAS_BLOCK
1182,1189,FLOW
1206,1183,HAS_BLOCK
1183,1189,FLOW
1206,1184,HAS_BLOCK
1184,1189,FLOW
1206,1185,HAS_BLOCK
1185,1189,FLOW
1206,1186,HAS_BLOCK
1186,1189,FLOW
1206,1187,HAS_BLOCK
1187,1189,FLOW
1206,1188,HAS_BLOCK
1188,1189,FLOW
1206,1189,HAS_BLOCK
1189,1191,FLOW
1206,1191,HAS_BLOCK
1191,1195,FLOW
1206,1193,HAS_BLOCK
1193,1195,FLOW
1206,1194,HAS_BLOCK
1194,1195,FLOW
1206,1195,HAS_BLOCK
1195,1206,RETURN
1206,1196,HAS_BLOCK
1177,1178,HAS_PARAM
1177,1170,HAS_BLOCK
1170,1172,FLOW
1177,1172,HAS_BLOCK
1172,1174,FLOW
1177,1174,HAS_BLOCK
1174,1176,FLOW
1177,1176,HAS_BLOCK
1176,1177,RETURN
1211,1271,HAS_FIELD
1211,1260,HAS_FIELD
1274,1363,HAS_FIELD
1274,1352,HAS_FIELD
1366,1441,HAS_FIELD
1366,1430,HAS_FIELD
1447,1448,HAS_PARAM
1447,1449,HAS_PARAM
1447,1442,HAS_BLOCK
1442,1444,FLOW
1447,1444,HAS_BLOCK
1444,1446,FLOW
1447,1446,HAS_BLOCK
1446,1447,RETURN
1463,1464,HAS_PARAM
1463,1456,HAS_BLOCK
1456,1458,FLOW
1463,1458,HAS_BLOCK
1458,1460,FLOW
1458,1459,FLOW
1463,1459,HAS_BLOCK
1459,1462,FLOW
1463,1460,HAS_BLOCK
1460,1462,FLOW
1460,1559,CALL
1463,1462,HAS_BLOCK
1462,1463,RETURN
1559,1560,HAS_PARAM
1559,1561,HAS_PARAM
1559,1465,HAS_BLOCK
1465,1467,FLOW
1559,1467,HAS_BLOCK
1467,1482,FLOW
1559,1482,HAS_BLOCK
1482,1502,FLOW
1482,1549,FLOW
1482,1549,UNWIND
1559,1502,HAS_BLOCK
1502,1522,FLOW
1502,1549,FLOW
1502,1549,UNWIND
1559,1522,HAS_BLOCK
1522,1542,FLOW
1522,1549,FLOW
1522,1549,UNWIND
1559,1542,HAS_BLOCK
1542,1554,FLOW
1542,1549,FLOW
1542,1549,UNWIND
1559,1554,HAS_BLOCK
1554,1555,FLOW
1559,1555,HAS_BLOCK
1555,1557,FLOW
1555,1549,FLOW
1555,1549,UNWIND
1559,1557,HAS_BLOCK
1557,1489,FLOW
1557,1468,FLOW
1557,1558,FLOW
1559,1558,HAS_BLOCK
1559,1468,HAS_BLOCK
1468,1469,FLOW
1468,1489,FLOW
1559,1469,HAS_BLOCK
1469,1471,FLOW
1469,1470,FLOW
1559,1470,HAS_BLOCK
1470,1472,FLOW
1559,1471,HAS_BLOCK
1471,1472,FLOW
1559,1472,HAS_BLOCK
1472,1555,FLOW
1472,1473,FLOW
1559,1473,HAS_BLOCK
1473,1475,FLOW
1473,1549,FLOW
1473,1549,UNWIND
1559,1475,HAS_BLOCK
1475,1477,FLOW
1475,1549,FLOW
1475,1549,UNWIND
1559,1477,HAS_BLOCK
1477,1478,FLOW
1559,1478,HAS_BLOCK
1478,1480,FLOW
1478,1549,FLOW
1478,1549,UNWIND
1559,1480,HAS_BLOCK
1480,1555,FLOW
1480,1483,FLOW
1480,1558,FLOW
1559,1483,HAS_BLOCK
1483,1485,FLOW
1483,1549,FLOW
1483,1549,UNWIND
1559,1485,HAS_BLOCK
1485,1487,FLOW
1485,1549,FLOW
1485,1549,UNWIND
1559,1487,HAS_BLOCK
1487,1551,FLOW
1487,1549,FLOW
1487,1549,UNWIND
1559,1489,HAS_BLOCK
1489,1491,FLOW
1489,1549,FLOW
1489,1549,UNWIND
1559,1491,HAS_BLOCK
1491,1493,FLOW
1491,1549,FLOW
1491,1549,UNWIND
1559,1493,HAS_BLOCK
1493,1495,FLOW
1493,1548,FLOW
1493,1548,UNWIND
1559,1495,HAS_BLOCK
1495,1515,FLOW
1495,1496,FLOW
1559,1496,HAS_BLOCK
1496,1498,FLOW
1496,1548,FLOW
1496,1548,UNWIND
1559,1498,HAS_BLOCK
1498,1514,FLOW
1498,1499,FLOW
1559,1499,HAS_BLOCK
1499,1503,FLOW
1499,1548,FLOW
1499,1548,UNWIND
1559,1503,HAS_BLOCK
1503,1505,FLOW
1503,1548,FLOW
1503,1548,UNWIND
1559,1505,HAS_BLOCK
1505,1514,FLOW
1505,1506,FLOW
1559,1506,HAS_BLOCK
1506,1508,FLOW
1506,1548,FLOW
1506,1548,UNWIND
1559,1508,HAS_BLOCK
1508,1510,FLOW
1508,1548,FLOW
1508,1548,UNWIND
1559,1510,HAS_BLOCK
1510,1512,FLOW
1510,1548,FLOW
1510,1548,UNWIND
1559,1512,HAS_BLOCK
1512,1552,FLOW
1512,1548,FLOW
1512,1548,UNWIND
1559,1514,HAS_BLOCK
1514,1543,FLOW
1559,1515,HAS_BLOCK
1515,1517,FLOW
1515,1548,FLOW
1515,1548,UNWIND
1559,1517,HAS_BLOCK
1517,1519,FLOW
1517,1548,FLOW
1517,1548,UNWIND
1559,1519,HAS_BLOCK
1519,1523,FLOW
1519,1548,FLOW
1519,1548,UNWIND
1559,1523,HAS_BLOCK
1523,1525,FLOW
1523,1548,FLOW
1523,1548,UNWIND
1559,1525,HAS_BLOCK
1525,1527,FLOW
1525,1547,FLOW
1525,1547,UNWIND
1559,1527,HAS_BLOCK
1527,1529,FLOW
1527,1547,FLOW
1527,1547,UNWIND
1559,1529,HAS_BLOCK
1529,1531,FLOW
1529,1546,FLOW
1529,1546,UNWIND
1559,1531,HAS_BLOCK
1531,1533,FLOW
1531,1546,FLOW
1531,1546,UNWIND
1559,1533,HAS_BLOCK
1533,1535,FLOW
1533,1546,FLOW
1533,1546,UNWIND
1559,1535,HAS_BLOCK
1535,1536,FLOW
1535,1547,FLOW
1535,1547,UNWIND
1559,1536,HAS_BLOCK
1536,1538,FLOW
1536,1547,FLOW
1536,1547,UNWIND
1559,1538,HAS_BLOCK
1538,1540,FLOW
1538,1547,FLOW
1538,1547,UNWIND
1559,1540,HAS_BLOCK
1540,1543,FLOW
1540,1548,FLOW
1540,1548,UNWIND
1559,1543,HAS_BLOCK
1543,1544,FLOW
1543,1549,FLOW
1543,1549,UNWIND
1559,1544,HAS_BLOCK
1544,1545,FLOW
1559,1545,HAS_BLOCK
1545,1559,RETURN
1559,1546,HAS_BLOCK
1546,1547,FLOW
1559,1547,HAS_BLOCK
1547,1548,FLOW
1559,1548,HAS_BLOCK
1548,1549,FLOW
1559,1549,HAS_BLOCK
1549,1550,FLOW
1559,1550,HAS_BLOCK
1559,1551,HAS_BLOCK
1551,1478,FLOW
1559,1552,HAS_BLOCK
1552,1514,FLOW
1627,1628,HAS_PARAM
1627,1563,HAS_BLOCK
1563,1565,FLOW
1627,1565,HAS_BLOCK
1565,1599,FLOW
1565,1581,FLOW
1627,1581,HAS_BLOCK
1581,1611,FLOW
1627,1599,HAS_BLOCK
1599,1613,FLOW
1599,2206,CALL
1627,1613,HAS_BLOCK
1613,1620,FLOW
1613,1617,FLOW
1613,1617,UNWIND
1627,1620,HAS_BLOCK
1620,1622,FLOW
1620,1616,FLOW
1620,1616,UNWIND
1627,1622,HAS_BLOCK
1622,1623,FLOW
1627,1623,HAS_BLOCK
1623,1625,FLOW
1623,1616,FLOW
1623,1616,UNWIND
1627,1625,HAS_BLOCK
1625,1568,FLOW
1625,1566,FLOW
1625,1626,FLOW
1627,1626,HAS_BLOCK
1627,1566,HAS_BLOCK
1566,1570,FLOW
1566,1616,FLOW
1566,1616,UNWIND
1627,1568,HAS_BLOCK
1568,1578,FLOW
1568,1616,FLOW
1568,1616,UNWIND
1627,1570,HAS_BLOCK
1570,1571,FLOW
1627,1571,HAS_BLOCK
1571,1573,FLOW
1571,1616,FLOW
1571,1616,UNWIND
1627,1573,HAS_BLOCK
1573,1623,FLOW
1573,1574,FLOW
1573,1626,FLOW
1627,1574,HAS_BLOCK
1574,1576,FLOW
1574,1616,FLOW
1574,1616,UNWIND
1627,1576,HAS_BLOCK
1576,1577,FLOW
1576,1616,FLOW
1576,1616,UNWIND
1627,1577,HAS_BLOCK
1577,1571,FLOW
1627,1578,HAS_BLOCK
1578,1580,FLOW
1578,1615,FLOW
1578,1615,UNWIND
1627,1580,HAS_BLOCK
1580,1582,FLOW
1627,1582,HAS_BLOCK
1582,1584,FLOW
1582,1615,FLOW
1582,1615,UNWIND
1627,1584,HAS_BLOCK
1584,1587,FLOW
1584,1585,FLOW
1584,1626,FLOW
1627,1585,HAS_BLOCK
1585,1589,FLOW
1585,1615,FLOW
1585,1615,UNWIND
1627,1587,HAS_BLOCK
1587,1605,FLOW
1587,1615,FLOW
1587,1615,UNWIND
1627,1589,HAS_BLOCK
1589,1582,FLOW
1589,1590,FLOW
1627,1590,HAS_BLOCK
1590,1592,FLOW
1590,1615,FLOW
1590,1615,UNWIND
1627,1592,HAS_BLOCK
1592,1594,FLOW
1592,1615,FLOW
1592,1615,UNWIND
1627,1594,HAS_BLOCK
1594,1596,FLOW
1594,1615,FLOW
1594,1615,UNWIND
1627,1596,HAS_BLOCK
1596,1597,FLOW
1627,1597,HAS_BLOCK
1597,1600,FLOW
1597,1614,FLOW
1597,1614,UNWIND
1627,1600,HAS_BLOCK
1600,1603,FLOW
1600,1601,FLOW
1600,1626,FLOW
1627,1601,HAS_BLOCK
1601,1604,FLOW
1601,1614,FLOW
1601,1614,UNWIND
1627,1603,HAS_BLOCK
1603,1582,FLOW
1603,1615,FLOW
1603,1615,UNWIND
1627,1604,HAS_BLOCK
1604,1597,FLOW
1627,1605,HAS_BLOCK
1605,1607,FLOW
1605,1615,FLOW
1605,1615,UNWIND
1627,1607,HAS_BLOCK
1607,1608,FLOW
1607,1615,FLOW
1607,1615,UNWIND
1627,1608,HAS_BLOCK
1608,1609,FLOW
1608,1616,FLOW
1608,1616,UNWIND
1627,1609,HAS_BLOCK
1609,1610,FLOW
1609,1617,FLOW
1609,1617,UNWIND
1627,1610,HAS_BLOCK
1610,1611,FLOW
1627,1611,HAS_BLOCK
1611,1627,RETURN
1627,1614,HAS_BLOCK
1614,1615,FLOW
1627,1615,HAS_BLOCK
1615,1616,FLOW
1627,1616,HAS_BLOCK
1616,1617,FLOW
1627,1617,HAS_BLOCK
1617,1618,FLOW
1627,1618,HAS_BLOCK
1708,1709,HAS_PARAM
1708,1630,HAS_BLOCK
1630,1632,FLOW
1708,1632,HAS_BLOCK
1632,1667,FLOW
1632,1648,FLOW
1708,1648,HAS_BLOCK
1648,1687,FLOW
1708,1667,HAS_BLOCK
1667,1684,FLOW
1667,2206,CALL
1708,1684,HAS_BLOCK
1684,1696,FLOW
1684,1693,FLOW
1684,1693,UNWIND
1708,1696,HAS_BLOCK
1696,1701,FLOW
1696,1693,FLOW
1696,1693,UNWIND
1708,1701,HAS_BLOCK
1701,1703,FLOW
1701,1698,FLOW
1701,1698,UNWIND
1708,1703,HAS_BLOCK
1703,1705,FLOW
1703,1692,FLOW
1703,1692,UNWIND
1708,1705,HAS_BLOCK
1705,1706,FLOW
1708,1706,HAS_BLOCK
1706,1633,FLOW
1706,1691,FLOW
1706,1691,UNWIND
1708,1633,HAS_BLOCK
1633,1636,FLOW
1633,1635,FLOW
1633,1634,FLOW
1708,1634,HAS_BLOCK
1708,1635,HAS_BLOCK
1635,1706,FLOW
1635,1637,FLOW
1708,1636,HAS_BLOCK
1636,1640,FLOW
1636,1692,FLOW
1636,1692,UNWIND
1708,1637,HAS_BLOCK
1637,1639,FLOW
1637,1691,FLOW
1637,1691,UNWIND
1708,1639,HAS_BLOCK
1639,1706,FLOW
1708,1640,HAS_BLOCK
1640,1642,FLOW
1640,1690,FLOW
1640,1690,UNWIND
1708,1642,HAS_BLOCK
1642,1644,FLOW
1642,1690,FLOW
1642,1690,UNWIND
1708,1644,HAS_BLOCK
1644,1646,FLOW
1644,1690,FLOW
1644,1690,UNWIND
1708,1646,HAS_BLOCK
1646,1649,FLOW
1646,1690,FLOW
1646,1690,UNWIND
1708,1649,HAS_BLOCK
1649,1651,FLOW
1649,1690,FLOW
1649,1690,UNWIND
1708,1651,HAS_BLOCK
1651,1653,FLOW
1651,1689,FLOW
1651,1689,UNWIND
1708,1653,HAS_BLOCK
1653,1655,FLOW
1653,1688,FLOW
1653,1688,UNWIND
1708,1655,HAS_BLOCK
1655,1657,FLOW
1655,1688,FLOW
1655,1688,UNWIND
1708,1657,HAS_BLOCK
1657,1659,FLOW
1657,1688,FLOW
1657,1688,UNWIND
1708,1659,HAS_BLOCK
1659,1661,FLOW
1659,1688,FLOW
1659,1688,UNWIND
1708,1661,HAS_BLOCK
1661,1662,FLOW
1708,1662,HAS_BLOCK
1662,1664,FLOW
1662,1688,FLOW
1662,1688,UNWIND
1708,1664,HAS_BLOCK
1664,1668,FLOW
1664,1665,FLOW
1664,1634,FLOW
1708,1665,HAS_BLOCK
1665,1670,FLOW
1665,1688,FLOW
1665,1688,UNWIND
1708,1668,HAS_BLOCK
1668,1680,FLOW
1668,1688,FLOW
1668,1688,UNWIND
1708,1670,HAS_BLOCK
1670,1671,FLOW
1708,1671,HAS_BLOCK
1671,1673,FLOW
1671,1688,FLOW
1671,1688,UNWIND
1708,1673,HAS_BLOCK
1673,1662,FLOW
1673,1674,FLOW
1673,1634,FLOW
1708,1674,HAS_BLOCK
1674,1676,FLOW
1674,1688,FLOW
1674,1688,UNWIND
1708,1676,HAS_BLOCK
1676,1678,FLOW
1676,1688,FLOW
1676,1688,UNWIND
1708,1678,HAS_BLOCK
1678,1699,FLOW
1678,1688,FLOW
1678,1688,UNWIND
1708,1680,HAS_BLOCK
1680,1681,FLOW
1680,1688,FLOW
1680,1688,UNWIND
1708,1681,HAS_BLOCK
1681,1682,FLOW
1681,1689,FLOW
1681,1689,UNWIND
1708,1682,HAS_BLOCK
1682,1685,FLOW
1682,1690,FLOW
1682,1690,UNWIND
1708,1685,HAS_BLOCK
1685,1686,FLOW
1685,1693,FLOW
1685,1693,UNWIND
1708,1686,HAS_BLOCK
1686,1687,FLOW
1708,1687,HAS_BLOCK
1687,1708,RETURN
1708,1688,HAS_BLOCK
1688,1689,FLOW
1708,1689,HAS_BLOCK
1689,1690,FLOW
1708,1690,HAS_BLOCK
1690,1693,FLOW
1708,1691,HAS_BLOCK
1691,1692,FLOW
1708,1692,HAS_BLOCK
1692,1698,FLOW
1708,1693,HAS_BLOCK
1693,1694,FLOW
1708,1694,HAS_BLOCK
1708,1697,HAS_BLOCK
1697,1693,FLOW
1708,1698,HAS_BLOCK
1698,1693,FLOW
1698,1697,FLOW
1708,1699,HAS_BLOCK
1699,1671,FLOW
1782,1787,HAS_FIELD
1782,1786,HAS_FIELD
1782,1783,HAS_FIELD
1782,1785,HAS_FIELD
1782,1784,HAS_FIELD
1775,1781,HAS_FIELD
1775,1778,HAS_FIELD
1775,1777,HAS_FIELD
1775,1776,HAS_FIELD
1775,1780,HAS_FIELD
1775,1779,HAS_FIELD
2197,2198,HAS_PARAM
2197,2126,HAS_BLOCK
2126,2128,FLOW
2126,1961,CALL
2197,2128,HAS_BLOCK
2128,2135,FLOW
2128,2179,FLOW
2128,2179,UNWIND
2197,2147,HAS_BLOCK
2147,2169,FLOW
2147,2179,FLOW
2147,2179,UNWIND
2197,2169,HAS_BLOCK
2169,2182,FLOW
2169,2179,FLOW
2169,2179,UNWIND
2197,2182,HAS_BLOCK
2182,2187,FLOW
2182,2179,FLOW
2182,2179,UNWIND
2197,2187,HAS_BLOCK
2187,2189,FLOW
2187,2179,FLOW
2187,2179,UNWIND
2197,2189,HAS_BLOCK
2189,2191,FLOW
2189,2179,FLOW
2189,2179,UNWIND
2197,2191,HAS_BLOCK
2191,2193,FLOW
2191,2179,FLOW
2191,2179,UNWIND
2197,2193,HAS_BLOCK
2193,2195,FLOW
2193,2179,FLOW
2193,2179,UNWIND
2197,2195,HAS_BLOCK
2195,2129,FLOW
2195,2179,FLOW
2195,2179,UNWIND
2197,2129,HAS_BLOCK
2129,2131,FLOW
2129,2178,FLOW
2129,2178,UNWIND
2197,2131,HAS_BLOCK
2131,2133,FLOW
2131,2178,FLOW
2131,2178,UNWIND
2131,2017,CALL
2197,2133,HAS_BLOCK
2133,2134,FLOW
2133,2179,FLOW
2133,2179,UNWIND
2197,2134,HAS_BLOCK
2134,2175,FLOW
2197,2135,HAS_BLOCK
2135,2136,FLOW
2135,2183,FLOW
2135,2185,FLOW
2197,2136,HAS_BLOCK
2136,2138,FLOW
2136,2177,FLOW
2136,2177,UNWIND
2197,2138,HAS_BLOCK
2138,2140,FLOW
2138,2177,FLOW
2138,2177,UNWIND
2197,2140,HAS_BLOCK
2140,2142,FLOW
2140,2177,FLOW
2140,2177,UNWIND
2197,2142,HAS_BLOCK
2142,2144,FLOW
2142,2177,FLOW
2142,2177,UNWIND
2197,2144,HAS_BLOCK
2144,2148,FLOW
2144,2177,FLOW
2144,2177,UNWIND
2197,2148,HAS_BLOCK
2148,2150,FLOW
2148,2177,FLOW
2148,2177,UNWIND
2197,2150,HAS_BLOCK
2150,2152,FLOW
2150,2177,FLOW
2150,2177,UNWIND
2197,2152,HAS_BLOCK
2152,2154,FLOW
2152,2177,FLOW
2152,2177,UNWIND
2197,2154,HAS_BLOCK
2154,2156,FLOW
2154,2177,FLOW
2154,2177,UNWIND
2197,2156,HAS_BLOCK
2156,2158,FLOW
2156,2177,FLOW
2156,2177,UNWIND
2197,2158,HAS_BLOCK
2158,2160,FLOW
2158,2177,FLOW
2158,2177,UNWIND
2197,2160,HAS_BLOCK
2160,2162,FLOW
2160,2177,FLOW
2160,2177,UNWIND
2197,2162,HAS_BLOCK
2162,2164,FLOW
2162,2177,FLOW
2162,2177,UNWIND
2197,2164,HAS_BLOCK
2164,2166,FLOW
2164,2177,FLOW
2164,2177,UNWIND
2197,2166,HAS_BLOCK
2166,2170,FLOW
2166,2176,FLOW
2166,2176,UNWIND
2197,2170,HAS_BLOCK
2170,2172,FLOW
2170,2176,FLOW
2170,2176,UNWIND
2170,2017,CALL
2197,2172,HAS_BLOCK
2172,2173,FLOW
2172,2177,FLOW
2172,2177,UNWIND
2197,2173,HAS_BLOCK
2173,2174,FLOW
2173,2179,FLOW
2173,2179,UNWIND
2197,2174,HAS_BLOCK
2174,2175,FLOW
2197,2175,HAS_BLOCK
2175,2197,RETURN
2197,2176,HAS_BLOCK
2176,2177,FLOW
2197,2177,HAS_BLOCK
2177,2179,FLOW
2197,2178,HAS_BLOCK
2178,2179,FLOW
2197,2179,HAS_BLOCK
2179,2180,FLOW
2197,2180,HAS_BLOCK
2197,2183,HAS_BLOCK
2183,2147,FLOW
2183,2179,FLOW
2183,2179,UNWIND
2197,2185,HAS_BLOCK
1961,1962,HAS_PARAM
1961,1902,HAS_BLOCK
1902,1904,FLOW
1902,2008,CALL
1961,1904,HAS_BLOCK
1904,1923,FLOW
1904,1946,FLOW
1904,1946,UNWIND
1961,1923,HAS_BLOCK
1923,1938,FLOW
1923,1946,FLOW
1923,1946,UNWIND
1923,1900,CALL
1961,1938,HAS_BLOCK
1938,1949,FLOW
1938,1944,FLOW
1938,1944,UNWIND
1961,1949,HAS_BLOCK
1949,1951,FLOW
1949,1944,FLOW
1949,1944,UNWIND
1949,1869,CALL
1961,1951,HAS_BLOCK
1951,1953,FLOW
1951,1942,FLOW
1951,1942,UNWIND
1961,1953,HAS_BLOCK
1953,1955,FLOW
1953,1942,FLOW
1953,1942,UNWIND
1961,1955,HAS_BLOCK
1955,1957,FLOW
1955,1942,FLOW
1955,1942,UNWIND
1961,1957,HAS_BLOCK
1957,1959,FLOW
1957,1942,FLOW
1957,1942,UNWIND
1957,1834,CALL
1961,1959,HAS_BLOCK
1959,1905,FLOW
1959,1940,FLOW
1959,1940,UNWIND
1961,1905,HAS_BLOCK
1905,1907,FLOW
1905,1936,FLOW
1905,1936,UNWIND
1961,1907,HAS_BLOCK
1907,1909,FLOW
1907,1936,FLOW
1907,1936,UNWIND
1961,1909,HAS_BLOCK
1909,1911,FLOW
1909,1933,FLOW
1909,1933,UNWIND
1961,1911,HAS_BLOCK
1911,1912,FLOW
1961,1912,HAS_BLOCK
1912,1914,FLOW
1912,1933,FLOW
1912,1933,UNWIND
1961,1914,HAS_BLOCK
1914,1918,FLOW
1914,1916,FLOW
1914,1915,FLOW
1961,1915,HAS_BLOCK
1961,1916,HAS_BLOCK
1916,1920,FLOW
1916,1933,FLOW
1916,1933,UNWIND
1961,1918,HAS_BLOCK
1918,1924,FLOW
1918,1933,FLOW
1918,1933,UNWIND
1961,1920,HAS_BLOCK
1920,1947,FLOW
1920,1933,FLOW
1920,1933,UNWIND
1961,1924,HAS_BLOCK
1924,1926,FLOW
1924,1933,FLOW
1924,1933,UNWIND
1961,1926,HAS_BLOCK
1926,1928,FLOW
1926,1932,FLOW
1926,1932,UNWIND
1961,1928,HAS_BLOCK
1928,1930,FLOW
1928,1932,FLOW
1928,1932,UNWIND
1961,1930,HAS_BLOCK
1930,1931,FLOW
1930,1940,FLOW
1930,1940,UNWIND
1961,1931,HAS_BLOCK
1931,1961,RETURN
1961,1932,HAS_BLOCK
1932,1933,FLOW
1961,1933,HAS_BLOCK
1933,1940,FLOW
1961,1934,HAS_BLOCK
1961,1935,HAS_BLOCK
1935,1940,FLOW
1961,1936,HAS_BLOCK
1936,1940,FLOW
1936,1935,FLOW
1961,1939,HAS_BLOCK
1939,1942,FLOW
1961,1940,HAS_BLOCK
1940,1942,FLOW
1940,1939,FLOW
1961,1941,HAS_BLOCK
1941,1944,FLOW
1961,1942,HAS_BLOCK
1942,1944,FLOW
1942,1941,FLOW
1961,1943,HAS_BLOCK
1943,1946,FLOW
1961,1944,HAS_BLOCK
1944,1946,FLOW
1944,1943,FLOW
1961,1945,HAS_BLOCK
1945,1934,FLOW
1961,1946,HAS_BLOCK
1946,1934,FLOW
1946,1945,FLOW
1961,1947,HAS_BLOCK
1947,1912,FLOW
2078,2079,HAS_PARAM
2078,2080,HAS_PARAM
2078,2052,HAS_BLOCK
2052,2054,FLOW
2078,2054,HAS_BLOCK
2054,2066,FLOW
2078,2066,HAS_BLOCK
2066,2068,FLOW
2066,2063,FLOW
2066,2063,UNWIND
2078,2068,HAS_BLOCK
2068,2069,FLOW
2078,2069,HAS_BLOCK
2069,2071,FLOW
2069,2063,FLOW
2069,2063,UNWIND
2078,2071,HAS_BLOCK
2071,2075,FLOW
2071,2073,FLOW
2071,2072,FLOW
2078,2072,HAS_BLOCK
2078,2073,HAS_BLOCK
2073,2077,FLOW
2073,2063,FLOW
2073,2063,UNWIND
2078,2075,HAS_BLOCK
2075,2059,FLOW
2075,2063,FLOW
2075,2063,UNWIND
2078,2077,HAS_BLOCK
2077,2056,FLOW
2077,2055,FLOW
2078,2055,HAS_BLOCK
2055,2062,FLOW
2078,2056,HAS_BLOCK
2056,2058,FLOW
2056,2063,FLOW
2056,2063,UNWIND
2078,2058,HAS_BLOCK
2058,2069,FLOW
2078,2059,HAS_BLOCK
2059,2061,FLOW
2059,2063,FLOW
2059,2063,UNWIND
2059,2049,CALL
2078,2061,HAS_BLOCK
2061,2062,FLOW
2078,2062,HAS_BLOCK
2062,2078,RETURN
2078,2063,HAS_BLOCK
2063,2064,FLOW
2078,2064,HAS_BLOCK
2049,2050,HAS_PARAM
2049,2051,HAS_PARAM
2049,2020,HAS_BLOCK
2020,2022,FLOW
2049,2022,HAS_BLOCK
2022,2039,FLOW
2022,2034,FLOW
2049,2034,HAS_BLOCK
2034,2038,FLOW
2049,2039,HAS_BLOCK
2039,2041,FLOW
2049,2041,HAS_BLOCK
2041,2042,FLOW
2049,2042,HAS_BLOCK
2042,2044,FLOW
2049,2044,HAS_BLOCK
2044,2047,FLOW
2044,2046,FLOW
2044,2045,FLOW
2049,2045,HAS_BLOCK
2049,2046,HAS_BLOCK
2046,2023,FLOW
2049,2047,HAS_BLOCK
2047,2027,FLOW
2049,2023,HAS_BLOCK
2023,2042,FLOW
2023,2024,FLOW
2049,2024,HAS_BLOCK
2024,2025,FLOW
2049,2025,HAS_BLOCK
2025,2026,FLOW
2025,2042,FLOW
2049,2026,HAS_BLOCK
2026,2038,FLOW
2049,2027,HAS_BLOCK
2027,2028,FLOW
2049,2028,HAS_BLOCK
2028,2030,FLOW
2049,2030,HAS_BLOCK
2030,2032,FLOW
2030,2031,FLOW
2030,2045,FLOW
2049,2031,HAS_BLOCK
2031,2033,FLOW
2049,2032,HAS_BLOCK
2032,2038,FLOW
2049,2033,HAS_BLOCK
2033,2028,FLOW
2033,2035,FLOW
2049,2035,HAS_BLOCK
2035,2036,FLOW
2049,2036,HAS_BLOCK
2036,2028,FLOW
2036,2037,FLOW
2049,2037,HAS_BLOCK
2037,2038,FLOW
2049,2038,HAS_BLOCK
2038,2049,RETURN
2008,2009,HAS_PARAM
2008,1963,HAS_BLOCK
1963,1965,FLOW
2008,1965,HAS_BLOCK
1965,1983,FLOW
1965,1994,FLOW
1965,1994,UNWIND
2008,1983,HAS_BLOCK
1983,1998,FLOW
1983,1994,FLOW
1983,1994,UNWIND
2008,1998,HAS_BLOCK
1998,2000,FLOW
2008,2000,HAS_BLOCK
2000,2002,FLOW
2000,1994,FLOW
2000,1994,UNWIND
2008,2002,HAS_BLOCK
2002,2006,FLOW
2002,2004,FLOW
2002,2003,FLOW
2008,2003,HAS_BLOCK
2008,2004,HAS_BLOCK
2004,2007,FLOW
2004,1994,FLOW
2004,1994,UNWIND
2004,2123,CALL
2008,2006,HAS_BLOCK
2006,2008,RETURN
2008,2007,HAS_BLOCK
2007,1966,FLOW
2007,2000,FLOW
2007,2003,FLOW
2008,1966,HAS_BLOCK
1966,1968,FLOW
1966,1993,FLOW
1966,1993,UNWIND
2008,1968,HAS_BLOCK
1968,1970,FLOW
1968,1993,FLOW
1968,1993,UNWIND
2008,1970,HAS_BLOCK
1970,1971,FLOW
2008,1971,HAS_BLOCK
1971,1973,FLOW
1971,1993,FLOW
1971,1993,UNWIND
2008,1973,HAS_BLOCK
1973,1976,FLOW
1973,1974,FLOW
1973,2003,FLOW
2008,1974,HAS_BLOCK
1974,1977,FLOW
1974,1993,FLOW
1974,1993,UNWIND
2008,1976,HAS_BLOCK
1976,2000,FLOW
1976,1994,FLOW
1976,1994,UNWIND
2008,1977,HAS_BLOCK
1977,1978,FLOW
1977,1971,FLOW
2008,1978,HAS_BLOCK
1978,1980,FLOW
1978,1993,FLOW
1978,1993,UNWIND
2008,1980,HAS_BLOCK
1980,1984,FLOW
1980,1993,FLOW
1980,1993,UNWIND
1980,2123,CALL
2008,1984,HAS_BLOCK
1984,1985,FLOW
1984,1971,FLOW
1984,2003,FLOW
2008,1985,HAS_BLOCK
1985,1987,FLOW
1985,1999,FLOW
1985,1999,UNWIND
2008,1987,HAS_BLOCK
1987,1989,FLOW
1987,1992,FLOW
1987,1992,UNWIND
2008,1989,HAS_BLOCK
1989,1991,FLOW
1989,1999,FLOW
1989,1999,UNWIND
2008,1991,HAS_BLOCK
1991,1971,FLOW
2008,1992,HAS_BLOCK
1992,1999,FLOW
2008,1993,HAS_BLOCK
1993,1994,FLOW
2008,1994,HAS_BLOCK
1994,1995,FLOW
2008,1995,HAS_BLOCK
2008,1996,HAS_BLOCK
1996,1993,FLOW
2008,1999,HAS_BLOCK
1999,1993,FLOW
1999,1996,FLOW
1900,1901,HAS_PARAM
1900,1871,HAS_BLOCK
1871,1873,FLOW
1900,1873,HAS_BLOCK
1873,1888,FLOW
1873,1884,FLOW
1873,1884,UNWIND
1900,1888,HAS_BLOCK
1888,1889,FLOW
1900,1889,HAS_BLOCK
1889,1891,FLOW
1889,1884,FLOW
1889,1884,UNWIND
1900,1891,HAS_BLOCK
1891,1895,FLOW
1891,1893,FLOW
1891,1892,FLOW
1900,1892,HAS_BLOCK
1900,1893,HAS_BLOCK
1893,1897,FLOW
1893,1884,FLOW
1893,1884,UNWIND
1900,1895,HAS_BLOCK
1895,1879,FLOW
1895,1884,FLOW
1895,1884,UNWIND
1900,1897,HAS_BLOCK
1897,1898,FLOW
1900,1898,HAS_BLOCK
1898,1874,FLOW
1898,1884,FLOW
1898,1884,UNWIND
1900,1874,HAS_BLOCK
1874,1889,FLOW
1874,1875,FLOW
1874,1892,FLOW
1900,1875,HAS_BLOCK
1875,1876,FLOW
1875,1898,FLOW
1900,1876,HAS_BLOCK
1876,1898,FLOW
1876,1877,FLOW
1900,1877,HAS_BLOCK
1877,1886,FLOW
1877,1884,FLOW
1877,1884,UNWIND
1900,1879,HAS_BLOCK
1879,1881,FLOW
1879,1884,FLOW
1879,1884,UNWIND
1900,1881,HAS_BLOCK
1881,1883,FLOW
1881,1884,FLOW
1881,1884,UNWIND
1900,1883,HAS_BLOCK
1883,1900,RETURN
1900,1884,HAS_BLOCK
1884,1885,FLOW
1900,1885,HAS_BLOCK
1900,1886,HAS_BLOCK
1886,1898,FLOW
1869,1870,HAS_PARAM
1869,1838,HAS_BLOCK
1838,1840,FLOW
1869,1840,HAS_BLOCK
1840,1854,FLOW
1840,1857,FLOW
1840,1857,UNWIND
1869,1854,HAS_BLOCK
1854,1860,FLOW
1869,1860,HAS_BLOCK
1860,1862,FLOW
1860,1857,FLOW
1860,1857,UNWIND
1869,1862,HAS_BLOCK
1862,1865,FLOW
1862,1864,FLOW
1862,1863,FLOW
1869,1863,HAS_BLOCK
1869,1864,HAS_BLOCK
1864,1866,FLOW
1864,1857,FLOW
1864,1857,UNWIND
1869,1865,HAS_BLOCK
1865,1869,RETURN
1869,1866,HAS_BLOCK
1866,1868,FLOW
1866,1857,FLOW
1866,1857,UNWIND
1869,1868,HAS_BLOCK
1868,1841,FLOW
1869,1841,HAS_BLOCK
1841,1843,FLOW
1841,1857,FLOW
1841,1857,UNWIND
1869,1843,HAS_BLOCK
1843,1860,FLOW
1843,1844,FLOW
1843,1863,FLOW
1869,1844,HAS_BLOCK
1844,1845,FLOW
1844,1857,FLOW
1844,1857,UNWIND
1869,1845,HAS_BLOCK
1845,1846,FLOW
1845,1857,FLOW
1845,1857,UNWIND
1869,1846,HAS_BLOCK
1846,1848,FLOW
1846,1857,FLOW
1846,1857,UNWIND
1869,1848,HAS_BLOCK
1848,1850,FLOW
1848,1849,FLOW
1869,1849,HAS_BLOCK
1849,1851,FLOW
1869,1850,HAS_BLOCK
1850,1851,FLOW
1869,1851,HAS_BLOCK
1851,1852,FLOW
1851,1855,FLOW
1869,1852,HAS_BLOCK
1852,1841,FLOW
1852,1855,FLOW
1869,1855,HAS_BLOCK
1855,1859,FLOW
1855,1857,FLOW
1855,1857,UNWIND
1869,1857,HAS_BLOCK
1857,1858,FLOW
1869,1858,HAS_BLOCK
1869,1859,HAS_BLOCK
1859,1841,FLOW
1834,1835,HAS_PARAM
1834,1836,HAS_PARAM
1834,1837,HAS_PARAM
1834,1788,HAS_BLOCK
1788,1790,FLOW
1834,1790,HAS_BLOCK
1790,1807,FLOW
1790,1812,FLOW
1790,1812,UNWIND
1834,1807,HAS_BLOCK
1807,1821,FLOW
1834,1821,HAS_BLOCK
1821,1824,FLOW
1821,1812,FLOW
1821,1812,UNWIND
1834,1824,HAS_BLOCK
1824,1828,FLOW
1824,1826,FLOW
1824,1825,FLOW
1834,1825,HAS_BLOCK
1834,1826,HAS_BLOCK
1826,1830,FLOW
1826,1812,FLOW
1826,1812,UNWIND
1834,1828,HAS_BLOCK
1828,1794,FLOW
1828,1812,FLOW
1828,1812,UNWIND
1834,1830,HAS_BLOCK
1830,1832,FLOW
1830,1811,FLOW
1830,1811,UNWIND
1834,1832,HAS_BLOCK
1832,1791,FLOW
1832,1811,FLOW
1832,1811,UNWIND
1834,1791,HAS_BLOCK
1791,1815,FLOW
1834,1792,HAS_BLOCK
1792,1820,FLOW
1792,1812,FLOW
1792,1812,UNWIND
1834,1794,HAS_BLOCK
1794,1795,FLOW
1834,1795,HAS_BLOCK
1795,1797,FLOW
1795,1812,FLOW
1795,1812,UNWIND
1834,1797,HAS_BLOCK
1797,1800,FLOW
1797,1798,FLOW
1797,1825,FLOW
1834,1798,HAS_BLOCK
1798,1801,FLOW
1798,1812,FLOW
1798,1812,UNWIND
1834,1800,HAS_BLOCK
1800,1834,RETURN
1834,1801,HAS_BLOCK
1801,1803,FLOW
1801,1810,FLOW
1801,1810,UNWIND
1834,1803,HAS_BLOCK
1803,1805,FLOW
1803,1810,FLOW
1803,1810,UNWIND
1834,1805,HAS_BLOCK
1805,1814,FLOW
1834,1808,HAS_BLOCK
1808,1822,FLOW
1808,1812,FLOW
1808,1812,UNWIND
1834,1810,HAS_BLOCK
1810,1812,FLOW
1834,1811,HAS_BLOCK
1811,1812,FLOW
1834,1812,HAS_BLOCK
1812,1813,FLOW
1834,1813,HAS_BLOCK
1834,1814,HAS_BLOCK
1814,1818,FLOW
1834,1815,HAS_BLOCK
1815,1816,FLOW
1834,1816,HAS_BLOCK
1816,1792,FLOW
1816,1812,FLOW
1816,1812,UNWIND
1834,1818,HAS_BLOCK
1818,1808,FLOW
1818,1812,FLOW
1818,1812,UNWIND
1834,1820,HAS_BLOCK
1820,1821,FLOW
1834,1822,HAS_BLOCK
1822,1795,FLOW
2123,2124,HAS_PARAM
2123,2125,HAS_PARAM
2123,2081,HAS_BLOCK
2081,2083,FLOW
2123,2083,HAS_BLOCK
2083,2095,FLOW
2123,2095,HAS_BLOCK
2095,2113,FLOW
2123,2113,HAS_BLOCK
2113,2117,FLOW
2113,2118,FLOW
2113,2116,FLOW
2123,2116,HAS_BLOCK
2123,2117,HAS_BLOCK
2117,2097,FLOW
2117,2096,FLOW
2117,2093,FLOW
2117,2092,FLOW
2117,2084,FLOW
2117,2085,FLOW
2117,2122,FLOW
2117,2086,FLOW
2117,2089,FLOW
2117,2088,FLOW
2117,2121,FLOW
2117,2087,FLOW
2117,2090,FLOW
2117,2091,FLOW
2117,2120,FLOW
2123,2118,HAS_BLOCK
2118,2115,FLOW
2123,2120,HAS_BLOCK
2120,2115,FLOW
2123,2121,HAS_BLOCK
2121,2103,FLOW
2121,2108,FLOW
2121,2116,FLOW
2123,2122,HAS_BLOCK
2122,2098,FLOW
2123,2084,HAS_BLOCK
2084,2098,FLOW
2123,2085,HAS_BLOCK
2085,2098,FLOW
2123,2086,HAS_BLOCK
2086,2098,FLOW
2123,2087,HAS_BLOCK
2087,2098,FLOW
2123,2088,HAS_BLOCK
2088,2098,FLOW
2123,2089,HAS_BLOCK
2089,2098,FLOW
2123,2090,HAS_BLOCK
2090,2098,FLOW
2123,2091,HAS_BLOCK
2091,2098,FLOW
2123,2092,HAS_BLOCK
2092,2098,FLOW
2123,2093,HAS_BLOCK
2093,2098,FLOW
2123,2096,HAS_BLOCK
2096,2098,FLOW
2123,2097,HAS_BLOCK
2097,2098,FLOW
2123,2098,HAS_BLOCK
2098,2100,FLOW
2123,2100,HAS_BLOCK
2100,2102,FLOW
2123,2102,HAS_BLOCK
2102,2115,FLOW
2123,2103,HAS_BLOCK
2103,2105,FLOW
2123,2105,HAS_BLOCK
2105,2107,FLOW
2123,2107,HAS_BLOCK
2107,2115,FLOW
2123,2108,HAS_BLOCK
2108,2110,FLOW
2123,2110,HAS_BLOCK
2110,2114,FLOW
2123,2114,HAS_BLOCK
2114,2115,FLOW
2123,2115,HAS_BLOCK
2115,2123,RETURN
2017,2018,HAS_PARAM
2017,2019,HAS_PARAM
2017,2010,HAS_BLOCK
2010,2012,FLOW
2017,2012,HAS_BLOCK
2012,2014,FLOW
2017,2014,HAS_BLOCK
2014,2016,FLOW
2017,2016,HAS_BLOCK
2016,2017,RETURN
1772,1773,HAS_PARAM
1772,1711,HAS_BLOCK
1711,1713,FLOW
1772,1713,HAS_BLOCK
1713,1732,FLOW
1772,1732,HAS_BLOCK
1732,1751,FLOW
1772,1751,HAS_BLOCK
1751,1763,FLOW
1772,1763,HAS_BLOCK
1763,1765,FLOW
1772,1765,HAS_BLOCK
1765,1767,FLOW
1765,1759,FLOW
1765,1759,UNWIND
1772,1767,HAS_BLOCK
1767,1769,FLOW
1767,1768,FLOW
1772,1768,HAS_BLOCK
1768,1755,FLOW
1772,1769,HAS_BLOCK
1769,1771,FLOW
1769,1759,FLOW
1769,1759,UNWIND
1772,1771,HAS_BLOCK
1771,1715,FLOW
1771,1714,FLOW
1772,1714,HAS_BLOCK
1714,1755,FLOW
1772,1715,HAS_BLOCK
1715,1717,FLOW
1715,1759,FLOW
1715,1759,UNWIND
1715,2206,CALL
1772,1717,HAS_BLOCK
1717,1719,FLOW
1717,1758,FLOW
1717,1758,UNWIND
1772,1719,HAS_BLOCK
1719,1721,FLOW
1719,1758,FLOW
1719,1758,UNWIND
1772,1721,HAS_BLOCK
1721,1723,FLOW
1721,1757,FLOW
1721,1757,UNWIND
1772,1723,HAS_BLOCK
1723,1729,FLOW
1723,1724,FLOW
1772,1724,HAS_BLOCK
1724,1726,FLOW
1724,1757,FLOW
1724,1757,UNWIND
1772,1726,HAS_BLOCK
1726,1728,FLOW
1726,1757,FLOW
1726,1757,UNWIND
1772,1728,HAS_BLOCK
1728,1754,FLOW
1728,1758,FLOW
1728,1758,UNWIND
1772,1729,HAS_BLOCK
1729,1733,FLOW
1729,1757,FLOW
1729,1757,UNWIND
1772,1733,HAS_BLOCK
1733,1749,FLOW
1733,1734,FLOW
1772,1734,HAS_BLOCK
1734,1736,FLOW
1734,1757,FLOW
1734,1757,UNWIND
1772,1736,HAS_BLOCK
1736,1738,FLOW
1736,1757,FLOW
1736,1757,UNWIND
1772,1738,HAS_BLOCK
1738,1749,FLOW
1738,1739,FLOW
1772,1739,HAS_BLOCK
1739,1741,FLOW
1739,1757,FLOW
1739,1757,UNWIND
1772,1741,HAS_BLOCK
1741,1743,FLOW
1741,1757,FLOW
1741,1757,UNWIND
1772,1743,HAS_BLOCK
1743,1745,FLOW
1743,1757,FLOW
1743,1757,UNWIND
1772,1745,HAS_BLOCK
1745,1747,FLOW
1745,1757,FLOW
1745,1757,UNWIND
1772,1747,HAS_BLOCK
1747,1761,FLOW
1747,1757,FLOW
1747,1757,UNWIND
1772,1749,HAS_BLOCK
1749,1752,FLOW
1749,1758,FLOW
1749,1758,UNWIND
1772,1752,HAS_BLOCK
1752,1753,FLOW
1752,1759,FLOW
1752,1759,UNWIND
1772,1753,HAS_BLOCK
1753,1756,FLOW
1772,1754,HAS_BLOCK
1754,1755,FLOW
1754,1759,FLOW
1754,1759,UNWIND
1772,1755,HAS_BLOCK
1755,1756,FLOW
1772,1756,HAS_BLOCK
1756,1772,RETURN
1772,1757,HAS_BLOCK
1757,1758,FLOW
1772,1758,HAS_BLOCK
1758,1759,FLOW
1772,1759,HAS_BLOCK
1759,1760,FLOW
1772,1760,HAS_BLOCK
1772,1761,HAS_BLOCK
1761,1749,FLOW
2263,2264,HAS_PARAM
2263,2265,HAS_PARAM
2263,2209,HAS_BLOCK
2209,2255,FLOW
2209,2253,FLOW
2209,2251,FLOW
2209,2249,FLOW
2209,2232,FLOW
2209,2210,FLOW
2263,2210,HAS_BLOCK
2210,2247,FLOW
2263,2232,HAS_BLOCK
2232,2239,FLOW
2263,2249,HAS_BLOCK
2249,2229,FLOW
2263,2251,HAS_BLOCK
2251,2221,FLOW
2263,2253,HAS_BLOCK
2253,2213,FLOW
2263,2255,HAS_BLOCK
2255,2257,FLOW
2263,2257,HAS_BLOCK
2257,2259,FLOW
2263,2259,HAS_BLOCK
2259,2261,FLOW
2263,2261,HAS_BLOCK
2261,2211,FLOW
2263,2211,HAS_BLOCK
2211,2247,FLOW
2263,2213,HAS_BLOCK
2213,2215,FLOW
2263,2215,HAS_BLOCK
2215,2217,FLOW
2263,2217,HAS_BLOCK
2217,2219,FLOW
2263,2219,HAS_BLOCK
2219,2247,FLOW
2263,2221,HAS_BLOCK
2221,2223,FLOW
2263,2223,HAS_BLOCK
2223,2225,FLOW
2263,2225,HAS_BLOCK
2225,2227,FLOW
2263,2227,HAS_BLOCK
2227,2247,FLOW
2263,2229,HAS_BLOCK
2229,2233,FLOW
2263,2233,HAS_BLOCK
2233,2235,FLOW
2263,2235,HAS_BLOCK
2235,2237,FLOW
2263,2237,HAS_BLOCK
2237,2247,FLOW
2263,2239,HAS_BLOCK
2239,2241,FLOW
2263,2241,HAS_BLOCK
2241,2243,FLOW
2263,2243,HAS_BLOCK
2243,2245,FLOW
2263,2245,HAS_BLOCK
2245,2247,FLOW
2263,2247,HAS_BLOCK
2247,2263,RETURN
2352,2353,HAS_PARAM
2352,2266,HAS_BLOCK
2266,2268,FLOW
2352,2268,HAS_BLOCK
2268,2304,FLOW
2268,2285,FLOW
2352,2285,HAS_BLOCK
2285,2333,FLOW
2352,2304,HAS_BLOCK
2304,2325,FLOW
2304,2206,CALL
2352,2325,HAS_BLOCK
2325,2339,FLOW
2325,2340,FLOW
2325,2340,UNWIND
2352,2339,HAS_BLOCK
2339,2344,FLOW
2339,2340,FLOW
2339,2340,UNWIND
2352,2344,HAS_BLOCK
2344,2346,FLOW
2344,2337,FLOW
2344,2337,UNWIND
2352,2346,HAS_BLOCK
2346,2348,FLOW
2346,2337,FLOW
2346,2337,UNWIND
2352,2348,HAS_BLOCK
2348,2350,FLOW
2348,2337,FLOW
2348,2337,UNWIND
2352,2350,HAS_BLOCK
2350,2269,FLOW
2350,2337,FLOW
2350,2337,UNWIND
2352,2269,HAS_BLOCK
2269,2270,FLOW
2352,2270,HAS_BLOCK
2270,2272,FLOW
2270,2337,FLOW
2270,2337,UNWIND
2352,2272,HAS_BLOCK
2272,2276,FLOW
2272,2274,FLOW
2272,2273,FLOW
2352,2273,HAS_BLOCK
2352,2274,HAS_BLOCK
2274,2277,FLOW
2274,2337,FLOW
2274,2337,UNWIND
2352,2276,HAS_BLOCK
2276,2332,FLOW
2276,2340,FLOW
2276,2340,UNWIND
2352,2277,HAS_BLOCK
2277,2279,FLOW
2277,2337,FLOW
2277,2337,UNWIND
2352,2279,HAS_BLOCK
2279,2281,FLOW
2279,2337,FLOW
2279,2337,UNWIND
2352,2281,HAS_BLOCK
2281,2283,FLOW
2281,2337,FLOW
2281,2337,UNWIND
2352,2283,HAS_BLOCK
2283,2286,FLOW
2283,2336,FLOW
2283,2336,UNWIND
2352,2286,HAS_BLOCK
2286,2288,FLOW
2286,2336,FLOW
2286,2336,UNWIND
2352,2288,HAS_BLOCK
2288,2290,FLOW
2288,2335,FLOW
2288,2335,UNWIND
2352,2290,HAS_BLOCK
2290,2292,FLOW
2290,2335,FLOW
2290,2335,UNWIND
2352,2292,HAS_BLOCK
2292,2294,FLOW
2292,2335,FLOW
2292,2335,UNWIND
2352,2294,HAS_BLOCK
2294,2295,FLOW
2294,2336,FLOW
2294,2336,UNWIND
2352,2295,HAS_BLOCK
2295,2297,FLOW
2295,2336,FLOW
2295,2336,UNWIND
2352,2297,HAS_BLOCK
2297,2299,FLOW
2297,2334,FLOW
2297,2334,UNWIND
2352,2299,HAS_BLOCK
2299,2320,FLOW
2299,2300,FLOW
2352,2300,HAS_BLOCK
2300,2302,FLOW
2300,2334,FLOW
2300,2334,UNWIND
2352,2302,HAS_BLOCK
2302,2305,FLOW
2302,2334,FLOW
2302,2334,UNWIND
2352,2305,HAS_BLOCK
2305,2320,FLOW
2305,2306,FLOW
2352,2306,HAS_BLOCK
2306,2308,FLOW
2306,2334,FLOW
2306,2334,UNWIND
2352,2308,HAS_BLOCK
2308,2310,FLOW
2308,2334,FLOW
2308,2334,UNWIND
2352,2310,HAS_BLOCK
2310,2312,FLOW
2310,2334,FLOW
2310,2334,UNWIND
2352,2312,HAS_BLOCK
2312,2314,FLOW
2312,2334,FLOW
2312,2334,UNWIND
2352,2314,HAS_BLOCK
2314,2316,FLOW
2314,2334,FLOW
2314,2334,UNWIND
2352,2316,HAS_BLOCK
2316,2318,FLOW
2316,2334,FLOW
2316,2334,UNWIND
2352,2318,HAS_BLOCK
2318,2342,FLOW
2318,2334,FLOW
2318,2334,UNWIND
2352,2320,HAS_BLOCK
2320,2322,FLOW
2320,2334,FLOW
2320,2334,UNWIND
2352,2322,HAS_BLOCK
2322,2326,FLOW
2322,2334,FLOW
2322,2334,UNWIND
2352,2326,HAS_BLOCK
2326,2328,FLOW
2326,2334,FLOW
2326,2334,UNWIND
2352,2328,HAS_BLOCK
2328,2330,FLOW
2328,2334,FLOW
2328,2334,UNWIND
2352,2330,HAS_BLOCK
2330,2331,FLOW
2330,2336,FLOW
2330,2336,UNWIND
2352,2331,HAS_BLOCK
2331,2270,FLOW
2331,2337,FLOW
2331,2337,UNWIND
2352,2332,HAS_BLOCK
2332,2333,FLOW
2352,2333,HAS_BLOCK
2333,2352,RETURN
2352,2334,HAS_BLOCK
2334,2336,FLOW
2352,2335,HAS_BLOCK
2335,2336,FLOW
2352,2336,HAS_BLOCK
2336,2337,FLOW
2352,2337,HAS_BLOCK
2337,2340,FLOW
2352,2340,HAS_BLOCK
2340,2341,FLOW
2352,2341,HAS_BLOCK
2352,2342,HAS_BLOCK
2342,2320,FLOW
2491,2492,HAS_PARAM
2491,2356,HAS_BLOCK
2356,2358,FLOW
2491,2358,HAS_BLOCK
2358,2376,FLOW
2358,2481,FLOW
2358,2481,UNWIND
2491,2376,HAS_BLOCK
2376,2393,FLOW
2376,2480,FLOW
2376,2480,UNWIND
2491,2393,HAS_BLOCK
2393,2413,FLOW
2491,2413,HAS_BLOCK
2413,2431,FLOW
2413,2480,FLOW
2413,2480,UNWIND
2491,2431,HAS_BLOCK
2431,2379,FLOW
2431,2466,FLOW
2431,2452,FLOW
2491,2452,HAS_BLOCK
2491,2466,HAS_BLOCK
2466,2477,FLOW
2466,2413,FLOW
2491,2477,HAS_BLOCK
2477,2489,FLOW
2477,2480,FLOW
2477,2480,UNWIND
2491,2489,HAS_BLOCK
2489,2359,FLOW
2489,2480,FLOW
2489,2480,UNWIND
2491,2359,HAS_BLOCK
2359,2360,FLOW
2359,2362,FLOW
2359,2362,UNWIND
2491,2360,HAS_BLOCK
2360,2363,FLOW
2360,2480,FLOW
2360,2480,UNWIND
2491,2362,HAS_BLOCK
2362,2480,FLOW
2491,2363,HAS_BLOCK
2363,2364,FLOW
2491,2364,HAS_BLOCK
2364,2366,FLOW
2364,2480,FLOW
2364,2480,UNWIND
2491,2366,HAS_BLOCK
2366,2379,FLOW
2366,2367,FLOW
2366,2452,FLOW
2491,2367,HAS_BLOCK
2367,2369,FLOW
2367,2480,FLOW
2367,2480,UNWIND
2491,2369,HAS_BLOCK
2369,2371,FLOW
2369,2480,FLOW
2369,2480,UNWIND
2491,2371,HAS_BLOCK
2371,2373,FLOW
2371,2484,FLOW
2371,2484,UNWIND
2491,2373,HAS_BLOCK
2373,2377,FLOW
2373,2484,FLOW
2373,2484,UNWIND
2491,2377,HAS_BLOCK
2377,2378,FLOW
2377,2484,FLOW
2377,2484,UNWIND
2491,2378,HAS_BLOCK
2378,2364,FLOW
2491,2379,HAS_BLOCK
2379,2381,FLOW
2379,2480,FLOW
2379,2480,UNWIND
2491,2381,HAS_BLOCK
2381,2383,FLOW
2381,2479,FLOW
2381,2479,UNWIND
2491,2383,HAS_BLOCK
2383,2384,FLOW
2491,2384,HAS_BLOCK
2384,2386,FLOW
2384,2479,FLOW
2384,2479,UNWIND
2491,2386,HAS_BLOCK
2386,2388,FLOW
2386,2387,FLOW
2386,2452,FLOW
2491,2387,HAS_BLOCK
2387,2390,FLOW
2387,2404,FLOW
2491,2388,HAS_BLOCK
2388,2418,FLOW
2388,2479,FLOW
2388,2479,UNWIND
2491,2390,HAS_BLOCK
2390,2394,FLOW
2390,2479,FLOW
2390,2479,UNWIND
2491,2394,HAS_BLOCK
2394,2396,FLOW
2394,2479,FLOW
2394,2479,UNWIND
2491,2396,HAS_BLOCK
2396,2398,FLOW
2396,2479,FLOW
2396,2479,UNWIND
2491,2398,HAS_BLOCK
2398,2400,FLOW
2398,2479,FLOW
2398,2479,UNWIND
2491,2400,HAS_BLOCK
2400,2402,FLOW
2400,2479,FLOW
2400,2479,UNWIND
2491,2402,HAS_BLOCK
2402,2485,FLOW
2402,2479,FLOW
2402,2479,UNWIND
2491,2404,HAS_BLOCK
2404,2405,FLOW
2404,2384,FLOW
2491,2405,HAS_BLOCK
2405,2407,FLOW
2405,2479,FLOW
2405,2479,UNWIND
2491,2407,HAS_BLOCK
2407,2409,FLOW
2407,2479,FLOW
2407,2479,UNWIND
2491,2409,HAS_BLOCK
2409,2411,FLOW
2409,2479,FLOW
2409,2479,UNWIND
2491,2411,HAS_BLOCK
2411,2414,FLOW
2411,2479,FLOW
2411,2479,UNWIND
2491,2414,HAS_BLOCK
2414,2416,FLOW
2414,2479,FLOW
2414,2479,UNWIND
2491,2416,HAS_BLOCK
2416,2486,FLOW
2416,2479,FLOW
2416,2479,UNWIND
2491,2418,HAS_BLOCK
2418,2420,FLOW
2418,2419,FLOW
2491,2419,HAS_BLOCK
2419,2473,FLOW
2419,2480,FLOW
2419,2480,UNWIND
2491,2420,HAS_BLOCK
2420,2422,FLOW
2420,2479,FLOW
2420,2479,UNWIND
2491,2422,HAS_BLOCK
2422,2424,FLOW
2422,2478,FLOW
2422,2478,UNWIND
2491,2424,HAS_BLOCK
2424,2426,FLOW
2424,2476,FLOW
2424,2476,UNWIND
2491,2426,HAS_BLOCK
2426,2427,FLOW
2491,2427,HAS_BLOCK
2427,2429,FLOW
2427,2476,FLOW
2427,2476,UNWIND
2491,2429,HAS_BLOCK
2429,2434,FLOW
2429,2432,FLOW
2429,2452,FLOW
2491,2432,HAS_BLOCK
2432,2436,FLOW
2432,2476,FLOW
2432,2476,UNWIND
2491,2434,HAS_BLOCK
2434,2448,FLOW
2434,2476,FLOW
2434,2476,UNWIND
2491,2436,HAS_BLOCK
2436,2438,FLOW
2436,2476,FLOW
2436,2476,UNWIND
2491,2438,HAS_BLOCK
2438,2440,FLOW
2438,2476,FLOW
2438,2476,UNWIND
2491,2440,HAS_BLOCK
2440,2442,FLOW
2440,2476,FLOW
2440,2476,UNWIND
2491,2442,HAS_BLOCK
2442,2444,FLOW
2442,2476,FLOW
2442,2476,UNWIND
2491,2444,HAS_BLOCK
2444,2446,FLOW
2444,2476,FLOW
2444,2476,UNWIND
2491,2446,HAS_BLOCK
2446,2487,FLOW
2446,2476,FLOW
2446,2476,UNWIND
2491,2448,HAS_BLOCK
2448,2450,FLOW
2448,2476,FLOW
2448,2476,UNWIND
2491,2450,HAS_BLOCK
2450,2453,FLOW
2450,2476,FLOW
2450,2476,UNWIND
2491,2453,HAS_BLOCK
2453,2454,FLOW
2491,2454,HAS_BLOCK
2454,2456,FLOW
2454,2476,FLOW
2454,2476,UNWIND
2491,2456,HAS_BLOCK
2456,2468,FLOW
2456,2457,FLOW
2456,2452,FLOW
2491,2457,HAS_BLOCK
2457,2458,FLOW
2457,2454,FLOW
2491,2458,HAS_BLOCK
2458,2460,FLOW
2458,2476,FLOW
2458,2476,UNWIND
2491,2460,HAS_BLOCK
2460,2461,FLOW
2460,2463,FLOW
2460,2463,UNWIND
2491,2461,HAS_BLOCK
2461,2464,FLOW
2461,2476,FLOW
2461,2476,UNWIND
2491,2463,HAS_BLOCK
2463,2476,FLOW
2491,2464,HAS_BLOCK
2464,2465,FLOW
2464,2467,FLOW
2464,2467,UNWIND
2491,2465,HAS_BLOCK
2465,2468,FLOW
2491,2467,HAS_BLOCK
2467,2476,FLOW
2491,2468,HAS_BLOCK
2468,2469,FLOW
2468,2478,FLOW
2468,2478,UNWIND
2491,2469,HAS_BLOCK
2469,2470,FLOW
2469,2479,FLOW
2469,2479,UNWIND
2491,2470,HAS_BLOCK
2470,2471,FLOW
2470,2480,FLOW
2470,2480,UNWIND
2491,2471,HAS_BLOCK
2471,2472,FLOW
2471,2481,FLOW
2471,2481,UNWIND
2491,2472,HAS_BLOCK
2472,2475,FLOW
2491,2473,HAS_BLOCK
2473,2474,FLOW
2473,2481,FLOW
2473,2481,UNWIND
2491,2474,HAS_BLOCK
2474,2475,FLOW
2491,2475,HAS_BLOCK
2475,2491,RETURN
2491,2476,HAS_BLOCK
2476,2478,FLOW
2491,2478,HAS_BLOCK
2478,2479,FLOW
2491,2479,HAS_BLOCK
2479,2480,FLOW
2491,2480,HAS_BLOCK
2480,2481,FLOW
2491,2481,HAS_BLOCK
2481,2482,FLOW
2491,2482,HAS_BLOCK
2491,2483,HAS_BLOCK
2483,2480,FLOW
2491,2484,HAS_BLOCK
2484,2480,FLOW
2484,2483,FLOW
2491,2485,HAS_BLOCK
2485,2404,FLOW
2491,2486,HAS_BLOCK
2486,2384,FLOW
2491,2487,HAS_BLOCK
2487,2427,FLOW
2798,2799,HAS_PARAM
2798,2544,HAS_BLOCK
2544,2546,FLOW
2798,2546,HAS_BLOCK
2546,2652,FLOW
2798,2652,HAS_BLOCK
2652,2671,FLOW
2798,2671,HAS_BLOCK
2671,2723,FLOW
2671,2704,FLOW
2671,2687,FLOW
2798,2687,HAS_BLOCK
2798,2704,HAS_BLOCK
2704,2740,FLOW
2704,2652,FLOW
2798,2723,HAS_BLOCK
2723,2622,FLOW
2798,2740,HAS_BLOCK
2740,2758,FLOW
2740,2652,FLOW
2740,2687,FLOW
2798,2758,HAS_BLOCK
2758,2777,FLOW
2798,2777,HAS_BLOCK
2777,2547,FLOW
2798,2547,HAS_BLOCK
2547,2567,FLOW
2547,2634,FLOW
2547,2634,UNWIND
2798,2567,HAS_BLOCK
2567,2584,FLOW
2567,2613,FLOW
2798,2584,HAS_BLOCK
2584,2604,FLOW
2584,2634,FLOW
2584,2634,UNWIND
2798,2604,HAS_BLOCK
2604,2615,FLOW
2604,2613,FLOW
2798,2615,HAS_BLOCK
2615,2627,FLOW
2615,2634,FLOW
2615,2634,UNWIND
2798,2627,HAS_BLOCK
2627,2639,FLOW
2627,2634,FLOW
2627,2634,UNWIND
2798,2639,HAS_BLOCK
2639,2646,FLOW
2639,2634,FLOW
2639,2634,UNWIND
2798,2646,HAS_BLOCK
2646,2648,FLOW
2646,2633,FLOW
2646,2633,UNWIND
2798,2648,HAS_BLOCK
2648,2650,FLOW
2648,2632,FLOW
2648,2632,UNWIND
2798,2650,HAS_BLOCK
2650,2653,FLOW
2650,2632,FLOW
2650,2632,UNWIND
2798,2653,HAS_BLOCK
2653,2655,FLOW
2653,2632,FLOW
2653,2632,UNWIND
2798,2655,HAS_BLOCK
2655,2657,FLOW
2655,2632,FLOW
2655,2632,UNWIND
2798,2657,HAS_BLOCK
2657,2658,FLOW
2798,2658,HAS_BLOCK
2658,2660,FLOW
2658,2632,FLOW
2658,2632,UNWIND
2798,2660,HAS_BLOCK
2660,2663,FLOW
2660,2661,FLOW
2660,2687,FLOW
2798,2661,HAS_BLOCK
2661,2665,FLOW
2661,2632,FLOW
2661,2632,UNWIND
2798,2663,HAS_BLOCK
2663,2698,FLOW
2663,2632,FLOW
2663,2632,UNWIND
2798,2665,HAS_BLOCK
2665,2666,FLOW
2665,2658,FLOW
2798,2666,HAS_BLOCK
2666,2668,FLOW
2666,2632,FLOW
2666,2632,UNWIND
2798,2668,HAS_BLOCK
2668,2672,FLOW
2668,2632,FLOW
2668,2632,UNWIND
2798,2672,HAS_BLOCK
2672,2673,FLOW
2672,2658,FLOW
2672,2687,FLOW
2798,2673,HAS_BLOCK
2673,2675,FLOW
2673,2677,FLOW
2673,2678,FLOW
2673,2658,FLOW
2673,2674,FLOW
2798,2674,HAS_BLOCK
2674,2693,FLOW
2674,2658,FLOW
2674,2687,FLOW
2798,2675,HAS_BLOCK
2675,2636,FLOW
2675,2632,FLOW
2675,2632,UNWIND
2798,2677,HAS_BLOCK
2677,2688,FLOW
2677,2683,FLOW
2798,2678,HAS_BLOCK
2678,2658,FLOW
2678,2679,FLOW
2798,2679,HAS_BLOCK
2679,2681,FLOW
2679,2632,FLOW
2679,2632,UNWIND
2798,2681,HAS_BLOCK
2681,2637,FLOW
2681,2632,FLOW
2681,2632,UNWIND
2798,2683,HAS_BLOCK
2683,2685,FLOW
2683,2632,FLOW
2683,2632,UNWIND
2798,2685,HAS_BLOCK
2685,2640,FLOW
2685,2632,FLOW
2685,2632,UNWIND
2798,2688,HAS_BLOCK
2688,2658,FLOW
2688,2689,FLOW
2798,2689,HAS_BLOCK
2689,2691,FLOW
2689,2632,FLOW
2689,2632,UNWIND
2798,2691,HAS_BLOCK
2691,2641,FLOW
2691,2632,FLOW
2691,2632,UNWIND
2798,2693,HAS_BLOCK
2693,2658,FLOW
2693,2694,FLOW
2798,2694,HAS_BLOCK
2694,2696,FLOW
2694,2632,FLOW
2694,2632,UNWIND
2798,2696,HAS_BLOCK
2696,2642,FLOW
2696,2632,FLOW
2696,2632,UNWIND
2798,2698,HAS_BLOCK
2698,2702,FLOW
2698,2699,FLOW
2798,2699,HAS_BLOCK
2699,2700,FLOW
2699,2632,FLOW
2699,2632,UNWIND
2798,2700,HAS_BLOCK
2700,2643,FLOW
2700,2632,FLOW
2700,2632,UNWIND
2798,2702,HAS_BLOCK
2702,2705,FLOW
2702,2632,FLOW
2702,2632,UNWIND
2798,2705,HAS_BLOCK
2705,2707,FLOW
2705,2632,FLOW
2705,2632,UNWIND
2798,2707,HAS_BLOCK
2707,2709,FLOW
2707,2632,FLOW
2707,2632,UNWIND
2798,2709,HAS_BLOCK
2709,2711,FLOW
2709,2631,FLOW
2709,2631,UNWIND
2798,2711,HAS_BLOCK
2711,2712,FLOW
2798,2712,HAS_BLOCK
2712,2714,FLOW
2712,2631,FLOW
2712,2631,UNWIND
2798,2714,HAS_BLOCK
2714,2717,FLOW
2714,2715,FLOW
2714,2687,FLOW
2798,2715,HAS_BLOCK
2715,2719,FLOW
2715,2631,FLOW
2715,2631,UNWIND
2798,2717,HAS_BLOCK
2717,2748,FLOW
2717,2631,FLOW
2717,2631,UNWIND
2798,2719,HAS_BLOCK
2719,2721,FLOW
2719,2631,FLOW
2719,2631,UNWIND
2719,2523,CALL
2798,2721,HAS_BLOCK
2721,2724,FLOW
2721,2630,FLOW
2721,2630,UNWIND
2798,2724,HAS_BLOCK
2724,2726,FLOW
2724,2629,FLOW
2724,2629,UNWIND
2798,2726,HAS_BLOCK
2726,2727,FLOW
2726,2630,FLOW
2726,2630,UNWIND
2798,2727,HAS_BLOCK
2727,2728,FLOW
2727,2631,FLOW
2727,2631,UNWIND
2798,2728,HAS_BLOCK
2728,2712,FLOW
2728,2729,FLOW
2798,2729,HAS_BLOCK
2729,2731,FLOW
2729,2631,FLOW
2729,2631,UNWIND
2798,2731,HAS_BLOCK
2731,2733,FLOW
2731,2631,FLOW
2731,2631,UNWIND
2798,2733,HAS_BLOCK
2733,2734,FLOW
2733,2712,FLOW
2798,2734,HAS_BLOCK
2734,2736,FLOW
2734,2631,FLOW
2734,2631,UNWIND
2798,2736,HAS_BLOCK
2736,2738,FLOW
2736,2631,FLOW
2736,2631,UNWIND
2798,2738,HAS_BLOCK
2738,2741,FLOW
2738,2631,FLOW
2738,2631,UNWIND
2798,2741,HAS_BLOCK
2741,2743,FLOW
2741,2631,FLOW
2741,2631,UNWIND
2798,2743,HAS_BLOCK
2743,2745,FLOW
2743,2631,FLOW
2743,2631,UNWIND
2798,2745,HAS_BLOCK
2745,2747,FLOW
2745,2631,FLOW
2745,2631,UNWIND
2798,2747,HAS_BLOCK
2747,2618,FLOW
2798,2748,HAS_BLOCK
2748,2750,FLOW
2748,2631,FLOW
2748,2631,UNWIND
2798,2750,HAS_BLOCK
2750,2752,FLOW
2750,2631,FLOW
2750,2631,UNWIND
2798,2752,HAS_BLOCK
2752,2754,FLOW
2752,2631,FLOW
2752,2631,UNWIND
2798,2754,HAS_BLOCK
2754,2756,FLOW
2754,2628,FLOW
2754,2628,UNWIND
2798,2756,HAS_BLOCK
2756,2759,FLOW
2756,2757,FLOW
2798,2757,HAS_BLOCK
2757,2610,FLOW
2757,2631,FLOW
2757,2631,UNWIND
2798,2759,HAS_BLOCK
2759,2761,FLOW
2759,2628,FLOW
2759,2628,UNWIND
2798,2761,HAS_BLOCK
2761,2763,FLOW
2761,2625,FLOW
2761,2625,UNWIND
2798,2763,HAS_BLOCK
2763,2765,FLOW
2763,2625,FLOW
2763,2625,UNWIND
2798,2765,HAS_BLOCK
2765,2767,FLOW
2765,2625,FLOW
2765,2625,UNWIND
2798,2767,HAS_BLOCK
2767,2579,FLOW
2767,2768,FLOW
2798,2768,HAS_BLOCK
2768,2770,FLOW
2768,2625,FLOW
2768,2625,UNWIND
2798,2770,HAS_BLOCK
2770,2771,FLOW
2798,2771,HAS_BLOCK
2771,2773,FLOW
2771,2625,FLOW
2771,2625,UNWIND
2798,2773,HAS_BLOCK
2773,2579,FLOW
2773,2774,FLOW
2773,2687,FLOW
2798,2774,HAS_BLOCK
2774,2778,FLOW
2774,2625,FLOW
2774,2625,UNWIND
2798,2778,HAS_BLOCK
2778,2780,FLOW
2778,2625,FLOW
2778,2625,UNWIND
2798,2780,HAS_BLOCK
2780,2782,FLOW
2780,2625,FLOW
2780,2625,UNWIND
2798,2782,HAS_BLOCK
2782,2784,FLOW
2782,2625,FLOW
2782,2625,UNWIND
2798,2784,HAS_BLOCK
2784,2786,FLOW
2784,2625,FLOW
2784,2625,UNWIND
2798,2786,HAS_BLOCK
2786,2788,FLOW
2786,2625,FLOW
2786,2625,UNWIND
2798,2788,HAS_BLOCK
2788,2790,FLOW
2788,2624,FLOW
2788,2624,UNWIND
2798,2790,HAS_BLOCK
2790,2792,FLOW
2790,2623,FLOW
2790,2623,UNWIND
2798,2792,HAS_BLOCK
2792,2794,FLOW
2792,2623,FLOW
2792,2623,UNWIND
2798,2794,HAS_BLOCK
2794,2796,FLOW
2794,2623,FLOW
2794,2623,UNWIND
2798,2796,HAS_BLOCK
2796,2548,FLOW
2796,2577,FLOW
2798,2548,HAS_BLOCK
2548,2550,FLOW
2548,2623,FLOW
2548,2623,UNWIND
2798,2550,HAS_BLOCK
2550,2551,FLOW
2550,2577,FLOW
2798,2551,HAS_BLOCK
2551,2553,FLOW
2551,2623,FLOW
2551,2623,UNWIND
2798,2553,HAS_BLOCK
2553,2555,FLOW
2553,2623,FLOW
2553,2623,UNWIND
2798,2555,HAS_BLOCK
2555,2557,FLOW
2555,2623,FLOW
2555,2623,UNWIND
2555,2541,CALL
2798,2557,HAS_BLOCK
2557,2558,FLOW
2557,2577,FLOW
2798,2558,HAS_BLOCK
2558,2560,FLOW
2558,2623,FLOW
2558,2623,UNWIND
2798,2560,HAS_BLOCK
2560,2562,FLOW
2560,2623,FLOW
2560,2623,UNWIND
2798,2562,HAS_BLOCK
2562,2564,FLOW
2562,2623,FLOW
2562,2623,UNWIND
2798,2564,HAS_BLOCK
2564,2568,FLOW
2564,2623,FLOW
2564,2623,UNWIND
2798,2568,HAS_BLOCK
2568,2570,FLOW
2568,2623,FLOW
2568,2623,UNWIND
2798,2570,HAS_BLOCK
2570,2572,FLOW
2570,2623,FLOW
2570,2623,UNWIND
2798,2572,HAS_BLOCK
2572,2574,FLOW
2572,2623,FLOW
2572,2623,UNWIND
2798,2574,HAS_BLOCK
2574,2576,FLOW
2574,2623,FLOW
2574,2623,UNWIND
2798,2576,HAS_BLOCK
2576,2614,FLOW
2576,2624,FLOW
2576,2624,UNWIND
2798,2577,HAS_BLOCK
2577,2578,FLOW
2577,2624,FLOW
2577,2624,UNWIND
2798,2578,HAS_BLOCK
2578,2771,FLOW
2578,2625,FLOW
2578,2625,UNWIND
2798,2579,HAS_BLOCK
2579,2581,FLOW
2579,2625,FLOW
2579,2625,UNWIND
2798,2581,HAS_BLOCK
2581,2602,FLOW
2581,2582,FLOW
2798,2582,HAS_BLOCK
2582,2585,FLOW
2582,2625,FLOW
2582,2625,UNWIND
2798,2585,HAS_BLOCK
2585,2587,FLOW
2585,2625,FLOW
2585,2625,UNWIND
2798,2587,HAS_BLOCK
2587,2602,FLOW
2587,2588,FLOW
2798,2588,HAS_BLOCK
2588,2590,FLOW
2588,2625,FLOW
2588,2625,UNWIND
2798,2590,HAS_BLOCK
2590,2592,FLOW
2590,2625,FLOW
2590,2625,UNWIND
2798,2592,HAS_BLOCK
2592,2594,FLOW
2592,2625,FLOW
2592,2625,UNWIND
2798,2594,HAS_BLOCK
2594,2596,FLOW
2594,2625,FLOW
2594,2625,UNWIND
2798,2596,HAS_BLOCK
2596,2598,FLOW
2596,2625,FLOW
2596,2625,UNWIND
2798,2598,HAS_BLOCK
2598,2600,FLOW
2598,2625,FLOW
2598,2625,UNWIND
2798,2600,HAS_BLOCK
2600,2644,FLOW
2600,2625,FLOW
2600,2625,UNWIND
2798,2602,HAS_BLOCK
2602,2605,FLOW
2602,2628,FLOW
2602,2628,UNWIND
2798,2605,HAS_BLOCK
2605,2606,FLOW
2605,2631,FLOW
2605,2631,UNWIND
2798,2606,HAS_BLOCK
2606,2607,FLOW
2606,2632,FLOW
2606,2632,UNWIND
2798,2607,HAS_BLOCK
2607,2608,FLOW
2607,2633,FLOW
2607,2633,UNWIND
2798,2608,HAS_BLOCK
2608,2609,FLOW
2608,2634,FLOW
2608,2634,UNWIND
2798,2609,HAS_BLOCK
2609,2652,FLOW
2798,2610,HAS_BLOCK
2610,2611,FLOW
2610,2632,FLOW
2610,2632,UNWIND
2798,2611,HAS_BLOCK
2611,2612,FLOW
2611,2633,FLOW
2611,2633,UNWIND
2798,2612,HAS_BLOCK
2612,2613,FLOW
2612,2634,FLOW
2612,2634,UNWIND
2798,2613,HAS_BLOCK
2613,2652,FLOW
2798,2614,HAS_BLOCK
2614,2616,FLOW
2614,2625,FLOW
2614,2625,UNWIND
2798,2616,HAS_BLOCK
2616,2617,FLOW
2616,2628,FLOW
2616,2628,UNWIND
2798,2617,HAS_BLOCK
2617,2618,FLOW
2617,2631,FLOW
2617,2631,UNWIND
2798,2618,HAS_BLOCK
2618,2619,FLOW
2618,2632,FLOW
2618,2632,UNWIND
2798,2619,HAS_BLOCK
2619,2620,FLOW
2619,2633,FLOW
2619,2633,UNWIND
2798,2620,HAS_BLOCK
2620,2621,FLOW
2620,2634,FLOW
2620,2634,UNWIND
2798,2621,HAS_BLOCK
2621,2622,FLOW
2798,2622,HAS_BLOCK
2622,2798,RETURN
2798,2623,HAS_BLOCK
2623,2624,FLOW
2798,2624,HAS_BLOCK
2624,2625,FLOW
2798,2625,HAS_BLOCK
2625,2628,FLOW
2798,2628,HAS_BLOCK
2628,2631,FLOW
2798,2629,HAS_BLOCK
2629,2630,FLOW
2798,2630,HAS_BLOCK
2630,2631,FLOW
2798,2631,HAS_BLOCK
2631,2632,FLOW
2798,2632,HAS_BLOCK
2632,2633,FLOW
2798,2633,HAS_BLOCK
2633,2634,FLOW
2798,2634,HAS_BLOCK
2634,2635,FLOW
2798,2635,HAS_BLOCK
2798,2636,HAS_BLOCK
2636,2658,FLOW
2798,2637,HAS_BLOCK
2637,2658,FLOW
2798,2640,HAS_BLOCK
2640,2688,FLOW
2798,2641,HAS_BLOCK
2641,2658,FLOW
2798,2642,HAS_BLOCK
2642,2658,FLOW
2798,2643,HAS_BLOCK
2643,2702,FLOW
2798,2644,HAS_BLOCK
2644,2602,FLOW
2523,2524,HAS_PARAM
2523,2525,HAS_PARAM
2523,2494,HAS_BLOCK
2494,2496,FLOW
2523,2496,HAS_BLOCK
2496,2512,FLOW
2496,2509,FLOW
2496,2509,UNWIND
2523,2512,HAS_BLOCK
2512,2513,FLOW
2512,2504,FLOW
2523,2513,HAS_BLOCK
2513,2515,FLOW
2513,2509,FLOW
2513,2509,UNWIND
2523,2515,HAS_BLOCK
2515,2516,FLOW
2523,2516,HAS_BLOCK
2516,2518,FLOW
2516,2509,FLOW
2516,2509,UNWIND
2523,2518,HAS_BLOCK
2518,2504,FLOW
2518,2520,FLOW
2518,2519,FLOW
2523,2519,HAS_BLOCK
2523,2520,HAS_BLOCK
2520,2521,FLOW
2520,2516,FLOW
2523,2521,HAS_BLOCK
2521,2497,FLOW
2521,2509,FLOW
2521,2509,UNWIND
2523,2497,HAS_BLOCK
2497,2498,FLOW
2497,2516,FLOW
2523,2498,HAS_BLOCK
2498,2500,FLOW
2498,2509,FLOW
2498,2509,UNWIND
2523,2500,HAS_BLOCK
2500,2502,FLOW
2500,2509,FLOW
2500,2509,UNWIND
2523,2502,HAS_BLOCK
2502,2510,FLOW
2502,2509,FLOW
2502,2509,UNWIND
2523,2504,HAS_BLOCK
2504,2506,FLOW
2504,2509,FLOW
2504,2509,UNWIND
2523,2506,HAS_BLOCK
2506,2523,RETURN
2523,2507,HAS_BLOCK
2523,2508,HAS_BLOCK
2508,2507,FLOW
2523,2509,HAS_BLOCK
2509,2507,FLOW
2509,2508,FLOW
2523,2510,HAS_BLOCK
2510,2516,FLOW
2541,2542,HAS_PARAM
2541,2543,HAS_PARAM
2541,2526,HAS_BLOCK
2526,2528,FLOW
2541,2528,HAS_BLOCK
2528,2531,FLOW
2541,2531,HAS_BLOCK
2531,2533,FLOW
2541,2533,HAS_BLOCK
2533,2530,FLOW
2533,2535,FLOW
2533,2534,FLOW
2541,2534,HAS_BLOCK
2541,2535,HAS_BLOCK
2535,2536,FLOW
2535,2530,FLOW
2541,2536,HAS_BLOCK
2536,2537,FLOW
2541,2537,HAS_BLOCK
2537,2539,FLOW
2541,2539,HAS_BLOCK
2539,2531,FLOW
2539,2540,FLOW
2541,2540,HAS_BLOCK
2540,2529,FLOW
2541,2529,HAS_BLOCK
2529,2531,FLOW
2541,2530,HAS_BLOCK
2530,2541,RETURN
2946,2947,HAS_PARAM
2946,2812,HAS_BLOCK
2812,2814,FLOW
2812,1961,CALL
2946,2814,HAS_BLOCK
2814,2833,FLOW
2814,2939,FLOW
2814,2939,UNWIND
2946,2833,HAS_BLOCK
2833,2867,FLOW
2833,2849,FLOW
2946,2849,HAS_BLOCK
2849,2927,FLOW
2946,2867,HAS_BLOCK
2867,2888,FLOW
2867,2939,FLOW
2867,2939,UNWIND
2867,4824,CALL
2946,2888,HAS_BLOCK
2888,2906,FLOW
2888,2938,FLOW
2888,2938,UNWIND
2946,2906,HAS_BLOCK
2906,2924,FLOW
2906,2938,FLOW
2906,2938,UNWIND
2946,2924,HAS_BLOCK
2924,2936,FLOW
2924,2938,FLOW
2924,2938,UNWIND
2946,2936,HAS_BLOCK
2936,2944,FLOW
2936,2938,FLOW
2936,2938,UNWIND
2946,2944,HAS_BLOCK
2944,2815,FLOW
2944,2937,FLOW
2944,2937,UNWIND
2946,2815,HAS_BLOCK
2815,2817,FLOW
2815,2937,FLOW
2815,2937,UNWIND
2946,2817,HAS_BLOCK
2817,2819,FLOW
2817,2937,FLOW
2817,2937,UNWIND
2946,2819,HAS_BLOCK
2819,2821,FLOW
2819,2937,FLOW
2819,2937,UNWIND
2946,2821,HAS_BLOCK
2821,2823,FLOW
2821,2937,FLOW
2821,2937,UNWIND
2946,2823,HAS_BLOCK
2823,2825,FLOW
2823,2937,FLOW
2823,2937,UNWIND
2946,2825,HAS_BLOCK
2825,2826,FLOW
2946,2826,HAS_BLOCK
2826,2828,FLOW
2826,2934,FLOW
2826,2934,UNWIND
2946,2828,HAS_BLOCK
2828,2834,FLOW
2828,2830,FLOW
2828,2829,FLOW
2946,2829,HAS_BLOCK
2946,2830,HAS_BLOCK
2830,2835,FLOW
2830,2934,FLOW
2830,2934,UNWIND
2946,2834,HAS_BLOCK
2834,2909,FLOW
2834,2937,FLOW
2834,2937,UNWIND
2946,2835,HAS_BLOCK
2835,2837,FLOW
2835,2934,FLOW
2835,2934,UNWIND
2835,2078,CALL
2946,2837,HAS_BLOCK
2837,2840,FLOW
2837,2838,FLOW
2946,2838,HAS_BLOCK
2838,2941,FLOW
2838,2934,FLOW
2838,2934,UNWIND
2946,2840,HAS_BLOCK
2840,2842,FLOW
2840,2934,FLOW
2840,2934,UNWIND
2946,2842,HAS_BLOCK
2842,2942,FLOW
2842,2934,FLOW
2842,2934,UNWIND
2946,2844,HAS_BLOCK
2844,2846,FLOW
2844,2845,FLOW
2946,2845,HAS_BLOCK
2845,2853,FLOW
2946,2846,HAS_BLOCK
2846,2848,FLOW
2846,2933,FLOW
2846,2933,UNWIND
2946,2848,HAS_BLOCK
2848,2851,FLOW
2848,2850,FLOW
2946,2850,HAS_BLOCK
2850,2852,FLOW
2946,2851,HAS_BLOCK
2851,2852,FLOW
2946,2852,HAS_BLOCK
2852,2853,FLOW
2946,2853,HAS_BLOCK
2853,2855,FLOW
2853,2933,FLOW
2853,2933,UNWIND
2946,2855,HAS_BLOCK
2855,2857,FLOW
2855,2933,FLOW
2855,2933,UNWIND
2946,2857,HAS_BLOCK
2857,2859,FLOW
2857,2933,FLOW
2857,2933,UNWIND
2946,2859,HAS_BLOCK
2859,2861,FLOW
2859,2933,FLOW
2859,2933,UNWIND
2946,2861,HAS_BLOCK
2861,2863,FLOW
2861,2933,FLOW
2861,2933,UNWIND
2946,2863,HAS_BLOCK
2863,2865,FLOW
2863,2933,FLOW
2863,2933,UNWIND
2946,2865,HAS_BLOCK
2865,2868,FLOW
2865,2932,FLOW
2865,2932,UNWIND
2946,2868,HAS_BLOCK
2868,2869,FLOW
2868,2900,FLOW
2946,2869,HAS_BLOCK
2869,2871,FLOW
2869,2932,FLOW
2869,2932,UNWIND
2946,2871,HAS_BLOCK
2871,2873,FLOW
2871,2932,FLOW
2871,2932,UNWIND
2946,2873,HAS_BLOCK
2873,2875,FLOW
2873,2932,FLOW
2873,2932,UNWIND
2946,2875,HAS_BLOCK
2875,2877,FLOW
2875,2932,FLOW
2875,2932,UNWIND
2946,2877,HAS_BLOCK
2877,2879,FLOW
2877,2932,FLOW
2877,2932,UNWIND
2946,2879,HAS_BLOCK
2879,2881,FLOW
2879,2931,FLOW
2879,2931,UNWIND
2946,2881,HAS_BLOCK
2881,2883,FLOW
2881,2931,FLOW
2881,2931,UNWIND
2946,2883,HAS_BLOCK
2883,2885,FLOW
2883,2930,FLOW
2883,2930,UNWIND
2946,2885,HAS_BLOCK
2885,2889,FLOW
2885,2930,FLOW
2885,2930,UNWIND
2946,2889,HAS_BLOCK
2889,2891,FLOW
2889,2930,FLOW
2889,2930,UNWIND
2946,2891,HAS_BLOCK
2891,2892,FLOW
2891,2931,FLOW
2891,2931,UNWIND
2946,2892,HAS_BLOCK
2892,2894,FLOW
2892,2931,FLOW
2892,2931,UNWIND
2946,2894,HAS_BLOCK
2894,2896,FLOW
2894,2929,FLOW
2894,2929,UNWIND
2946,2896,HAS_BLOCK
2896,2898,FLOW
2896,2929,FLOW
2896,2929,UNWIND
2946,2898,HAS_BLOCK
2898,2899,FLOW
2898,2931,FLOW
2898,2931,UNWIND
2946,2899,HAS_BLOCK
2899,2900,FLOW
2899,2932,FLOW
2899,2932,UNWIND
2946,2900,HAS_BLOCK
2900,2902,FLOW
2900,2932,FLOW
2900,2932,UNWIND
2946,2902,HAS_BLOCK
2902,2904,FLOW
2902,2932,FLOW
2902,2932,UNWIND
2902,2809,CALL
2946,2904,HAS_BLOCK
2904,2907,FLOW
2904,2932,FLOW
2904,2932,UNWIND
2946,2907,HAS_BLOCK
2907,2908,FLOW
2907,2933,FLOW
2907,2933,UNWIND
2946,2908,HAS_BLOCK
2908,2826,FLOW
2908,2934,FLOW
2908,2934,UNWIND
2946,2909,HAS_BLOCK
2909,2911,FLOW
2909,2937,FLOW
2909,2937,UNWIND
2946,2911,HAS_BLOCK
2911,2913,FLOW
2911,2937,FLOW
2911,2937,UNWIND
2946,2913,HAS_BLOCK
2913,2915,FLOW
2913,2937,FLOW
2913,2937,UNWIND
2946,2915,HAS_BLOCK
2915,2917,FLOW
2915,2937,FLOW
2915,2937,UNWIND
2946,2917,HAS_BLOCK
2917,2919,FLOW
2917,2928,FLOW
2917,2928,UNWIND
2946,2919,HAS_BLOCK
2919,2921,FLOW
2919,2928,FLOW
2919,2928,UNWIND
2919,2809,CALL
2946,2921,HAS_BLOCK
2921,2922,FLOW
2921,2937,FLOW
2921,2937,UNWIND
2946,2922,HAS_BLOCK
2922,2925,FLOW
2922,2938,FLOW
2922,2938,UNWIND
2946,2925,HAS_BLOCK
2925,2926,FLOW
2925,2939,FLOW
2925,2939,UNWIND
2946,2926,HAS_BLOCK
2926,2927,FLOW
2946,2927,HAS_BLOCK
2927,2946,RETURN
2946,2928,HAS_BLOCK
2928,2937,FLOW
2946,2929,HAS_BLOCK
2929,2931,FLOW
2946,2930,HAS_BLOCK
2930,2931,FLOW
2946,2931,HAS_BLOCK
2931,2932,FLOW
2946,2932,HAS_BLOCK
2932,2933,FLOW
2946,2933,HAS_BLOCK
2933,2934,FLOW
2946,2934,HAS_BLOCK
2934,2937,FLOW
2946,2937,HAS_BLOCK
2937,2938,FLOW
2946,2938,HAS_BLOCK
2938,2939,FLOW
2946,2939,HAS_BLOCK
2939,2940,FLOW
2946,2940,HAS_BLOCK
2946,2941,HAS_BLOCK
2941,2844,FLOW
2946,2942,HAS_BLOCK
2942,2844,FLOW
2809,2810,HAS_PARAM
2809,2811,HAS_PARAM
2809,2802,HAS_BLOCK
2802,2804,FLOW
2809,2804,HAS_BLOCK
2804,2806,FLOW
2809,2806,HAS_BLOCK
2806,2808,FLOW
2809,2808,HAS_BLOCK
2808,2809,RETURN
3106,3107,HAS_PARAM
3106,2983,HAS_BLOCK
2983,2985,FLOW
3106,2985,HAS_BLOCK
2985,3001,FLOW
3106,3001,HAS_BLOCK
3001,3019,FLOW
3106,3019,HAS_BLOCK
3019,3039,FLOW
3106,3039,HAS_BLOCK
3039,3059,FLOW
3039,3096,FLOW
3039,3096,UNWIND
3106,3059,HAS_BLOCK
3059,3094,FLOW
3059,3077,FLOW
3106,3077,HAS_BLOCK
3077,3092,FLOW
3106,3094,HAS_BLOCK
3094,3103,FLOW
3094,3096,FLOW
3094,3096,UNWIND
3106,3103,HAS_BLOCK
3103,3105,FLOW
3103,3095,FLOW
3103,3095,UNWIND
3106,3105,HAS_BLOCK
3105,2986,FLOW
3106,2986,HAS_BLOCK
2986,2988,FLOW
2986,3095,FLOW
2986,3095,UNWIND
3106,2988,HAS_BLOCK
2988,2991,FLOW
2988,2990,FLOW
2988,2989,FLOW
3106,2989,HAS_BLOCK
3106,2990,HAS_BLOCK
2990,2993,FLOW
2990,2986,FLOW
3106,2991,HAS_BLOCK
2991,2996,FLOW
2991,3095,FLOW
2991,3095,UNWIND
3106,2993,HAS_BLOCK
2993,2994,FLOW
2993,2986,FLOW
2993,2989,FLOW
3106,2994,HAS_BLOCK
2994,3098,FLOW
2994,3095,FLOW
2994,3095,UNWIND
2994,2979,CALL
3106,2996,HAS_BLOCK
2996,2997,FLOW
3106,2997,HAS_BLOCK
2997,2999,FLOW
2997,3095,FLOW
2997,3095,UNWIND
3106,2999,HAS_BLOCK
2999,3004,FLOW
2999,3002,FLOW
2999,2989,FLOW
3106,3002,HAS_BLOCK
3002,3005,FLOW
3002,3095,FLOW
3002,3095,UNWIND
3106,3004,HAS_BLOCK
3004,3091,FLOW
3004,3096,FLOW
3004,3096,UNWIND
3106,3005,HAS_BLOCK
3005,3006,FLOW
3005,2997,FLOW
3106,3006,HAS_BLOCK
3006,3008,FLOW
3006,3095,FLOW
3006,3095,UNWIND
3106,3008,HAS_BLOCK
3008,3010,FLOW
3008,3095,FLOW
3008,3095,UNWIND
3106,3010,HAS_BLOCK
3010,3011,FLOW
3010,3016,FLOW
3106,3011,HAS_BLOCK
3011,3013,FLOW
3011,3095,FLOW
3011,3095,UNWIND
3106,3013,HAS_BLOCK
3013,3015,FLOW
3013,3095,FLOW
3013,3095,UNWIND
3106,3015,HAS_BLOCK
3015,3034,FLOW
3015,3016,FLOW
3106,3016,HAS_BLOCK
3016,3020,FLOW
3016,3095,FLOW
3016,3095,UNWIND
3106,3020,HAS_BLOCK
3020,2997,FLOW
3020,3021,FLOW
3106,3021,HAS_BLOCK
3021,3023,FLOW
3021,3095,FLOW
3021,3095,UNWIND
3106,3023,HAS_BLOCK
3023,3025,FLOW
3023,3095,FLOW
3023,3095,UNWIND
3106,3025,HAS_BLOCK
3025,2997,FLOW
3025,3026,FLOW
3106,3026,HAS_BLOCK
3026,3028,FLOW
3026,3095,FLOW
3026,3095,UNWIND
3106,3028,HAS_BLOCK
3028,3030,FLOW
3028,3095,FLOW
3028,3095,UNWIND
3106,3030,HAS_BLOCK
3030,3032,FLOW
3030,3095,FLOW
3030,3095,UNWIND
3106,3032,HAS_BLOCK
3032,3099,FLOW
3032,3095,FLOW
3032,3095,UNWIND
3106,3034,HAS_BLOCK
3034,3036,FLOW
3034,3095,FLOW
3034,3095,UNWIND
3106,3036,HAS_BLOCK
3036,3040,FLOW
3036,3095,FLOW
3036,3095,UNWIND
3106,3040,HAS_BLOCK
3040,3042,FLOW
3040,3095,FLOW
3040,3095,UNWIND
3106,3042,HAS_BLOCK
3042,3044,FLOW
3042,3095,FLOW
3042,3095,UNWIND
3106,3044,HAS_BLOCK
3044,3046,FLOW
3044,3095,FLOW
3044,3095,UNWIND
3106,3046,HAS_BLOCK
3046,3048,FLOW
3046,3093,FLOW
3046,3093,UNWIND
3106,3048,HAS_BLOCK
3048,3051,FLOW
3048,3049,FLOW
3106,3049,HAS_BLOCK
3049,3071,FLOW
3049,3093,FLOW
3049,3093,UNWIND
3106,3051,HAS_BLOCK
3051,3053,FLOW
3051,3093,FLOW
3051,3093,UNWIND
3106,3053,HAS_BLOCK
3053,3090,FLOW
3053,3054,FLOW
3106,3054,HAS_BLOCK
3054,3056,FLOW
3054,3093,FLOW
3054,3093,UNWIND
3106,3056,HAS_BLOCK
3056,3060,FLOW
3056,3093,FLOW
3056,3093,UNWIND
3106,3060,HAS_BLOCK
3060,3090,FLOW
3060,3061,FLOW
3106,3061,HAS_BLOCK
3061,3063,FLOW
3061,3093,FLOW
3061,3093,UNWIND
3106,3063,HAS_BLOCK
3063,3065,FLOW
3063,3093,FLOW
3063,3093,UNWIND
3106,3065,HAS_BLOCK
3065,3067,FLOW
3065,3093,FLOW
3065,3093,UNWIND
3106,3067,HAS_BLOCK
3067,3069,FLOW
3067,3093,FLOW
3067,3093,UNWIND
3106,3069,HAS_BLOCK
3069,3100,FLOW
3069,3093,FLOW
3069,3093,UNWIND
3106,3071,HAS_BLOCK
3071,3090,FLOW
3071,3072,FLOW
3106,3072,HAS_BLOCK
3072,3074,FLOW
3072,3093,FLOW
3072,3093,UNWIND
3106,3074,HAS_BLOCK
3074,3076,FLOW
3074,3093,FLOW
3074,3093,UNWIND
3106,3076,HAS_BLOCK
3076,3090,FLOW
3076,3078,FLOW
3106,3078,HAS_BLOCK
3078,3080,FLOW
3078,3093,FLOW
3078,3093,UNWIND
3106,3080,HAS_BLOCK
3080,3082,FLOW
3080,3093,FLOW
3080,3093,UNWIND
3106,3082,HAS_BLOCK
3082,3084,FLOW
3082,3093,FLOW
3082,3093,UNWIND
3106,3084,HAS_BLOCK
3084,3086,FLOW
3084,3093,FLOW
3084,3093,UNWIND
3106,3086,HAS_BLOCK
3086,3088,FLOW
3086,3093,FLOW
3086,3093,UNWIND
3106,3088,HAS_BLOCK
3088,3101,FLOW
3088,3093,FLOW
3088,3093,UNWIND
3106,3090,HAS_BLOCK
3090,2997,FLOW
3090,3095,FLOW
3090,3095,UNWIND
3106,3091,HAS_BLOCK
3091,3092,FLOW
3106,3092,HAS_BLOCK
3092,3106,RETURN
3106,3093,HAS_BLOCK
3093,3095,FLOW
3106,3095,HAS_BLOCK
3095,3096,FLOW
3106,3096,HAS_BLOCK
3096,3097,FLOW
3106,3097,HAS_BLOCK
3106,3098,HAS_BLOCK
3098,2986,FLOW
3106,3099,HAS_BLOCK
3099,2997,FLOW
3106,3100,HAS_BLOCK
3100,3090,FLOW
3106,3101,HAS_BLOCK
3101,3090,FLOW
2979,2980,HAS_PARAM
2979,2981,HAS_PARAM
2979,2982,HAS_PARAM
2979,2949,HAS_BLOCK
2949,2951,FLOW
2979,2951,HAS_BLOCK
2951,2967,FLOW
2951,2966,FLOW
2979,2967,HAS_BLOCK
2967,2969,FLOW
2979,2969,HAS_BLOCK
2969,2970,FLOW
2979,2970,HAS_BLOCK
2970,2972,FLOW
2979,2972,HAS_BLOCK
2972,2966,FLOW
2972,2974,FLOW
2972,2973,FLOW
2979,2973,HAS_BLOCK
2979,2974,HAS_BLOCK
2974,2976,FLOW
2979,2976,HAS_BLOCK
2976,2977,FLOW
2976,2970,FLOW
2979,2977,HAS_BLOCK
2977,2952,FLOW
2979,2952,HAS_BLOCK
2952,2953,FLOW
2979,2953,HAS_BLOCK
2953,2955,FLOW
2979,2955,HAS_BLOCK
2955,2970,FLOW
2955,2956,FLOW
2955,2973,FLOW
2979,2956,HAS_BLOCK
2956,2957,FLOW
2956,2953,FLOW
2979,2957,HAS_BLOCK
2957,2959,FLOW
2979,2959,HAS_BLOCK
2959,2960,FLOW
2959,2953,FLOW
2979,2960,HAS_BLOCK
2960,2962,FLOW
2979,2962,HAS_BLOCK
2962,2964,FLOW
2979,2964,HAS_BLOCK
2964,2953,FLOW
2979,2966,HAS_BLOCK
2966,2979,RETURN
3152,3153,HAS_PARAM
3152,3154,HAS_PARAM
3152,3132,HAS_BLOCK
3132,3134,FLOW
3152,3134,HAS_BLOCK
3134,3142,FLOW
3152,3142,HAS_BLOCK
3142,3144,FLOW
3152,3144,HAS_BLOCK
3144,3146,FLOW
3144,3147,FLOW
3144,3145,FLOW
3152,3145,HAS_BLOCK
3152,3146,HAS_BLOCK
3146,3135,FLOW
3146,3151,FLOW
3146,3150,FLOW
3146,3149,FLOW
3152,3147,HAS_BLOCK
3147,3140,FLOW
3152,3149,HAS_BLOCK
3149,3140,FLOW
3152,3150,HAS_BLOCK
3150,3140,FLOW
3152,3151,HAS_BLOCK
3151,3140,FLOW
3152,3135,HAS_BLOCK
3135,3137,FLOW
3152,3137,HAS_BLOCK
3137,3139,FLOW
3137,3138,FLOW
3152,3138,HAS_BLOCK
3138,3140,FLOW
3152,3139,HAS_BLOCK
3139,3140,FLOW
3152,3140,HAS_BLOCK
3140,3152,RETURN
3129,3130,HAS_PARAM
3129,3131,HAS_PARAM
3129,3109,HAS_BLOCK
3109,3111,FLOW
3129,3111,HAS_BLOCK
3111,3119,FLOW
3111,3120,FLOW
3111,3118,FLOW
3129,3118,HAS_BLOCK
3118,3117,FLOW
3129,3119,HAS_BLOCK
3119,3122,FLOW
3119,3118,FLOW
3129,3120,HAS_BLOCK
3120,3123,FLOW
3129,3122,HAS_BLOCK
3122,3117,FLOW
3129,3123,HAS_BLOCK
3123,3125,FLOW
3129,3125,HAS_BLOCK
3125,3128,FLOW
3125,3126,FLOW
3129,3126,HAS_BLOCK
3126,3112,FLOW
3129,3128,HAS_BLOCK
3128,3116,FLOW
3129,3112,HAS_BLOCK
3112,3114,FLOW
3129,3114,HAS_BLOCK
3114,3116,FLOW
3129,3116,HAS_BLOCK
3116,3117,FLOW
3129,3117,HAS_BLOCK
3117,3129,RETURN
3233,3234,HAS_PARAM
3233,3155,HAS_BLOCK
3155,3157,FLOW
3233,3157,HAS_BLOCK
3157,3193,FLOW
3157,3174,FLOW
3233,3174,HAS_BLOCK
3174,3215,FLOW
3233,3193,HAS_BLOCK
3193,3212,FLOW
3193,2206,CALL
3233,3212,HAS_BLOCK
3212,3223,FLOW
3212,3219,FLOW
3212,3219,UNWIND
3233,3223,HAS_BLOCK
3223,3225,FLOW
3223,3219,FLOW
3223,3219,UNWIND
3233,3225,HAS_BLOCK
3225,3227,FLOW
3225,3218,FLOW
3225,3218,UNWIND
3233,3227,HAS_BLOCK
3227,3229,FLOW
3227,3218,FLOW
3227,3218,UNWIND
3233,3229,HAS_BLOCK
3229,3231,FLOW
3229,3218,FLOW
3229,3218,UNWIND
3233,3231,HAS_BLOCK
3231,3158,FLOW
3231,3218,FLOW
3231,3218,UNWIND
3233,3158,HAS_BLOCK
3158,3159,FLOW
3233,3159,HAS_BLOCK
3159,3161,FLOW
3159,3218,FLOW
3159,3218,UNWIND
3233,3161,HAS_BLOCK
3161,3165,FLOW
3161,3163,FLOW
3161,3162,FLOW
3233,3162,HAS_BLOCK
3233,3163,HAS_BLOCK
3163,3166,FLOW
3163,3218,FLOW
3163,3218,UNWIND
3233,3165,HAS_BLOCK
3165,3214,FLOW
3165,3219,FLOW
3165,3219,UNWIND
3233,3166,HAS_BLOCK
3166,3168,FLOW
3166,3218,FLOW
3166,3218,UNWIND
3233,3168,HAS_BLOCK
3168,3170,FLOW
3168,3218,FLOW
3168,3218,UNWIND
3233,3170,HAS_BLOCK
3170,3172,FLOW
3170,3218,FLOW
3170,3218,UNWIND
3233,3172,HAS_BLOCK
3172,3175,FLOW
3172,3217,FLOW
3172,3217,UNWIND
3233,3175,HAS_BLOCK
3175,3177,FLOW
3175,3217,FLOW
3175,3217,UNWIND
3233,3177,HAS_BLOCK
3177,3179,FLOW
3177,3217,FLOW
3177,3217,UNWIND
3233,3179,HAS_BLOCK
3179,3181,FLOW
3179,3217,FLOW
3179,3217,UNWIND
3233,3181,HAS_BLOCK
3181,3183,FLOW
3181,3217,FLOW
3181,3217,UNWIND
3233,3183,HAS_BLOCK
3183,3185,FLOW
3183,3216,FLOW
3183,3216,UNWIND
3233,3185,HAS_BLOCK
3185,3210,FLOW
3185,3186,FLOW
3233,3186,HAS_BLOCK
3186,3188,FLOW
3186,3216,FLOW
3186,3216,UNWIND
3233,3188,HAS_BLOCK
3188,3190,FLOW
3188,3216,FLOW
3188,3216,UNWIND
3233,3190,HAS_BLOCK
3190,3192,FLOW
3190,3216,FLOW
3190,3216,UNWIND
3233,3192,HAS_BLOCK
3192,3194,FLOW
3233,3194,HAS_BLOCK
3194,3196,FLOW
3194,3216,FLOW
3194,3216,UNWIND
3233,3196,HAS_BLOCK
3196,3210,FLOW
3196,3197,FLOW
3196,3162,FLOW
3233,3197,HAS_BLOCK
3197,3199,FLOW
3197,3216,FLOW
3197,3216,UNWIND
3233,3199,HAS_BLOCK
3199,3194,FLOW
3199,3200,FLOW
3233,3200,HAS_BLOCK
3200,3202,FLOW
3200,3216,FLOW
3200,3216,UNWIND
3233,3202,HAS_BLOCK
3202,3204,FLOW
3202,3216,FLOW
3202,3216,UNWIND
3233,3204,HAS_BLOCK
3204,3206,FLOW
3204,3216,FLOW
3204,3216,UNWIND
3233,3206,HAS_BLOCK
3206,3208,FLOW
3206,3216,FLOW
3206,3216,UNWIND
3233,3208,HAS_BLOCK
3208,3221,FLOW
3208,3216,FLOW
3208,3216,UNWIND
3233,3210,HAS_BLOCK
3210,3213,FLOW
3210,3217,FLOW
3210,3217,UNWIND
3233,3213,HAS_BLOCK
3213,3159,FLOW
3213,3218,FLOW
3213,3218,UNWIND
3233,3214,HAS_BLOCK
3214,3215,FLOW
3233,3215,HAS_BLOCK
3215,3233,RETURN
3233,3216,HAS_BLOCK
3216,3217,FLOW
3233,3217,HAS_BLOCK
3217,3218,FLOW
3233,3218,HAS_BLOCK
3218,3219,FLOW
3233,3219,HAS_BLOCK
3219,3220,FLOW
3233,3220,HAS_BLOCK
3233,3221,HAS_BLOCK
3221,3194,FLOW
3373,3374,HAS_PARAM
3373,3287,HAS_BLOCK
3287,3289,FLOW
3287,1961,CALL
3373,3289,HAS_BLOCK
3289,3307,FLOW
3289,3360,FLOW
3289,3360,UNWIND
3373,3307,HAS_BLOCK
3307,3346,FLOW
3307,3327,FLOW
3373,3327,HAS_BLOCK
3327,3352,FLOW
3373,3346,HAS_BLOCK
3346,3359,FLOW
3346,3360,FLOW
3346,3360,UNWIND
3373,3359,HAS_BLOCK
3359,3366,FLOW
3359,3360,FLOW
3359,3360,UNWIND
3373,3366,HAS_BLOCK
3366,3368,FLOW
3366,3360,FLOW
3366,3360,UNWIND
3373,3368,HAS_BLOCK
3368,3370,FLOW
3368,3360,FLOW
3368,3360,UNWIND
3373,3370,HAS_BLOCK
3370,3372,FLOW
3370,3364,FLOW
3370,3364,UNWIND
3373,3372,HAS_BLOCK
3372,3292,FLOW
3372,3290,FLOW
3373,3290,HAS_BLOCK
3290,3332,FLOW
3290,3364,FLOW
3290,3364,UNWIND
3373,3292,HAS_BLOCK
3292,3294,FLOW
3292,3364,FLOW
3292,3364,UNWIND
3373,3294,HAS_BLOCK
3294,3295,FLOW
3373,3295,HAS_BLOCK
3295,3297,FLOW
3295,3357,FLOW
3295,3357,UNWIND
3373,3297,HAS_BLOCK
3297,3301,FLOW
3297,3299,FLOW
3297,3298,FLOW
3373,3298,HAS_BLOCK
3373,3299,HAS_BLOCK
3299,3302,FLOW
3299,3357,FLOW
3299,3357,UNWIND
3373,3301,HAS_BLOCK
3301,3350,FLOW
3301,3364,FLOW
3301,3364,UNWIND
3373,3302,HAS_BLOCK
3302,3304,FLOW
3302,3357,FLOW
3302,3357,UNWIND
3373,3304,HAS_BLOCK
3304,3308,FLOW
3304,3357,FLOW
3304,3357,UNWIND
3373,3308,HAS_BLOCK
3308,3310,FLOW
3308,3357,FLOW
3308,3357,UNWIND
3373,3310,HAS_BLOCK
3310,3312,FLOW
3310,3357,FLOW
3310,3357,UNWIND
3373,3312,HAS_BLOCK
3312,3314,FLOW
3312,3356,FLOW
3312,3356,UNWIND
3373,3314,HAS_BLOCK
3314,3316,FLOW
3314,3356,FLOW
3314,3356,UNWIND
3373,3316,HAS_BLOCK
3316,3318,FLOW
3316,3355,FLOW
3316,3355,UNWIND
3373,3318,HAS_BLOCK
3318,3320,FLOW
3318,3355,FLOW
3318,3355,UNWIND
3373,3320,HAS_BLOCK
3320,3322,FLOW
3320,3355,FLOW
3320,3355,UNWIND
3373,3322,HAS_BLOCK
3322,3323,FLOW
3322,3356,FLOW
3322,3356,UNWIND
3373,3323,HAS_BLOCK
3323,3325,FLOW
3323,3356,FLOW
3323,3356,UNWIND
3373,3325,HAS_BLOCK
3325,3328,FLOW
3325,3354,FLOW
3325,3354,UNWIND
3373,3328,HAS_BLOCK
3328,3330,FLOW
3328,3354,FLOW
3328,3354,UNWIND
3328,3284,CALL
3373,3330,HAS_BLOCK
3330,3331,FLOW
3330,3356,FLOW
3330,3356,UNWIND
3373,3331,HAS_BLOCK
3331,3295,FLOW
3331,3357,FLOW
3331,3357,UNWIND
3373,3332,HAS_BLOCK
3332,3334,FLOW
3332,3364,FLOW
3332,3364,UNWIND
3373,3334,HAS_BLOCK
3334,3336,FLOW
3334,3364,FLOW
3334,3364,UNWIND
3373,3336,HAS_BLOCK
3336,3338,FLOW
3336,3364,FLOW
3336,3364,UNWIND
3373,3338,HAS_BLOCK
3338,3340,FLOW
3338,3364,FLOW
3338,3364,UNWIND
3373,3340,HAS_BLOCK
3340,3342,FLOW
3340,3364,FLOW
3340,3364,UNWIND
3373,3342,HAS_BLOCK
3342,3344,FLOW
3342,3364,FLOW
3342,3364,UNWIND
3373,3344,HAS_BLOCK
3344,3347,FLOW
3344,3353,FLOW
3344,3353,UNWIND
3373,3347,HAS_BLOCK
3347,3349,FLOW
3347,3353,FLOW
3347,3353,UNWIND
3347,3284,CALL
3373,3349,HAS_BLOCK
3349,3350,FLOW
3349,3364,FLOW
3349,3364,UNWIND
3373,3350,HAS_BLOCK
3350,3351,FLOW
3350,3362,FLOW
3373,3351,HAS_BLOCK
3351,3352,FLOW
3373,3352,HAS_BLOCK
3352,3373,RETURN
3373,3353,HAS_BLOCK
3353,3364,FLOW
3373,3354,HAS_BLOCK
3354,3356,FLOW
3373,3355,HAS_BLOCK
3355,3356,FLOW
3373,3356,HAS_BLOCK
3356,3357,FLOW
3373,3357,HAS_BLOCK
3357,3364,FLOW
3373,3360,HAS_BLOCK
3360,3361,FLOW
3373,3361,HAS_BLOCK
3373,3362,HAS_BLOCK
3362,3351,FLOW
3362,3360,FLOW
3362,3360,UNWIND
3373,3363,HAS_BLOCK
3363,3360,FLOW
3373,3364,HAS_BLOCK
3364,3360,FLOW
3364,3363,FLOW
3284,3285,HAS_PARAM
3284,3286,HAS_PARAM
3284,3277,HAS_BLOCK
3277,3279,FLOW
3284,3279,HAS_BLOCK
3279,3281,FLOW
3284,3281,HAS_BLOCK
3281,3283,FLOW
3284,3283,HAS_BLOCK
3283,3284,RETURN
3552,3553,HAS_PARAM
3552,3397,HAS_BLOCK
3397,3399,FLOW
3552,3399,HAS_BLOCK
3399,3417,FLOW
3552,3417,HAS_BLOCK
3417,3437,FLOW
3552,3437,HAS_BLOCK
3437,3458,FLOW
3552,3458,HAS_BLOCK
3458,3474,FLOW
3458,3540,FLOW
3458,3540,UNWIND
3552,3474,HAS_BLOCK
3474,3493,FLOW
3474,3539,FLOW
3474,3539,UNWIND
3552,3493,HAS_BLOCK
3493,3510,FLOW
3493,3539,FLOW
3493,3539,UNWIND
3552,3510,HAS_BLOCK
3510,3532,FLOW
3510,3539,FLOW
3510,3539,UNWIND
3552,3532,HAS_BLOCK
3532,3545,FLOW
3532,3539,FLOW
3532,3539,UNWIND
3552,3545,HAS_BLOCK
3545,3400,FLOW
3552,3400,HAS_BLOCK
3400,3402,FLOW
3400,3539,FLOW
3400,3539,UNWIND
3552,3402,HAS_BLOCK
3402,3405,FLOW
3402,3404,FLOW
3402,3403,FLOW
3552,3403,HAS_BLOCK
3552,3404,HAS_BLOCK
3404,3407,FLOW
3404,3400,FLOW
3552,3405,HAS_BLOCK
3405,3428,FLOW
3405,3539,FLOW
3405,3539,UNWIND
3552,3407,HAS_BLOCK
3407,3409,FLOW
3407,3539,FLOW
3407,3539,UNWIND
3552,3409,HAS_BLOCK
3409,3410,FLOW
3409,3420,FLOW
3552,3410,HAS_BLOCK
3410,3412,FLOW
3410,3539,FLOW
3410,3539,UNWIND
3552,3412,HAS_BLOCK
3412,3414,FLOW
3412,3539,FLOW
3412,3539,UNWIND
3552,3414,HAS_BLOCK
3414,3418,FLOW
3414,3539,FLOW
3414,3539,UNWIND
3552,3418,HAS_BLOCK
3418,3542,FLOW
3418,3539,FLOW
3418,3539,UNWIND
3552,3420,HAS_BLOCK
3420,3422,FLOW
3420,3539,FLOW
3420,3539,UNWIND
3552,3422,HAS_BLOCK
3422,3424,FLOW
3422,3539,FLOW
3422,3539,UNWIND
3552,3424,HAS_BLOCK
3424,3426,FLOW
3424,3539,FLOW
3424,3539,UNWIND
3552,3426,HAS_BLOCK
3426,3543,FLOW
3426,3539,FLOW
3426,3539,UNWIND
3552,3428,HAS_BLOCK
3428,3429,FLOW
3552,3429,HAS_BLOCK
3429,3431,FLOW
3429,3539,FLOW
3429,3539,UNWIND
3552,3431,HAS_BLOCK
3431,3434,FLOW
3431,3432,FLOW
3431,3403,FLOW
3552,3432,HAS_BLOCK
3432,3438,FLOW
3432,3539,FLOW
3432,3539,UNWIND
3552,3434,HAS_BLOCK
3434,3449,FLOW
3434,3539,FLOW
3434,3539,UNWIND
3552,3438,HAS_BLOCK
3438,3429,FLOW
3438,3439,FLOW
3552,3439,HAS_BLOCK
3439,3441,FLOW
3439,3539,FLOW
3439,3539,UNWIND
3552,3441,HAS_BLOCK
3441,3443,FLOW
3441,3539,FLOW
3441,3539,UNWIND
3552,3443,HAS_BLOCK
3443,3445,FLOW
3443,3539,FLOW
3443,3539,UNWIND
3552,3445,HAS_BLOCK
3445,3447,FLOW
3445,3539,FLOW
3445,3539,UNWIND
3552,3447,HAS_BLOCK
3447,3546,FLOW
3447,3539,FLOW
3447,3539,UNWIND
3552,3449,HAS_BLOCK
3449,3451,FLOW
3449,3539,FLOW
3449,3539,UNWIND
3552,3451,HAS_BLOCK
3451,3453,FLOW
3451,3539,FLOW
3451,3539,UNWIND
3552,3453,HAS_BLOCK
3453,3455,FLOW
3453,3539,FLOW
3453,3539,UNWIND
3552,3455,HAS_BLOCK
3455,3459,FLOW
3455,3539,FLOW
3455,3539,UNWIND
3552,3459,HAS_BLOCK
3459,3460,FLOW
3552,3460,HAS_BLOCK
3460,3462,FLOW
3460,3539,FLOW
3460,3539,UNWIND
3552,3462,HAS_BLOCK
3462,3464,FLOW
3462,3463,FLOW
3462,3403,FLOW
3552,3463,HAS_BLOCK
3463,3465,FLOW
3463,3460,FLOW
3552,3464,HAS_BLOCK
3464,3536,FLOW
3464,3540,FLOW
3464,3540,UNWIND
3552,3465,HAS_BLOCK
3465,3467,FLOW
3465,3539,FLOW
3465,3539,UNWIND
3552,3467,HAS_BLOCK
3467,3483,FLOW
3467,3468,FLOW
3552,3468,HAS_BLOCK
3468,3470,FLOW
3468,3538,FLOW
3468,3538,UNWIND
3552,3470,HAS_BLOCK
3470,3472,FLOW
3470,3538,FLOW
3470,3538,UNWIND
3552,3472,HAS_BLOCK
3472,3475,FLOW
3552,3475,HAS_BLOCK
3475,3477,FLOW
3475,3538,FLOW
3475,3538,UNWIND
3552,3477,HAS_BLOCK
3477,3483,FLOW
3477,3478,FLOW
3477,3403,FLOW
3552,3478,HAS_BLOCK
3478,3480,FLOW
3478,3538,FLOW
3478,3538,UNWIND
3552,3480,HAS_BLOCK
3480,3475,FLOW
3480,3481,FLOW
3552,3481,HAS_BLOCK
3481,3547,FLOW
3481,3538,FLOW
3481,3538,UNWIND
3552,3483,HAS_BLOCK
3483,3485,FLOW
3483,3538,FLOW
3483,3538,UNWIND
3552,3485,HAS_BLOCK
3485,3487,FLOW
3485,3538,FLOW
3485,3538,UNWIND
3552,3487,HAS_BLOCK
3487,3489,FLOW
3487,3538,FLOW
3487,3538,UNWIND
3552,3489,HAS_BLOCK
3489,3491,FLOW
3489,3538,FLOW
3489,3538,UNWIND
3552,3491,HAS_BLOCK
3491,3497,FLOW
3491,3495,FLOW
3491,3403,FLOW
3552,3494,HAS_BLOCK
3494,3535,FLOW
3494,3498,FLOW
3552,3495,HAS_BLOCK
3495,3496,FLOW
3495,3504,FLOW
3552,3496,HAS_BLOCK
3496,3494,FLOW
3496,3502,FLOW
3552,3497,HAS_BLOCK
3497,3494,FLOW
3497,3500,FLOW
3552,3498,HAS_BLOCK
3498,3527,FLOW
3498,3538,FLOW
3498,3538,UNWIND
3552,3500,HAS_BLOCK
3500,3521,FLOW
3500,3538,FLOW
3500,3538,UNWIND
3552,3502,HAS_BLOCK
3502,3517,FLOW
3502,3538,FLOW
3502,3538,UNWIND
3552,3504,HAS_BLOCK
3504,3494,FLOW
3504,3505,FLOW
3552,3505,HAS_BLOCK
3505,3507,FLOW
3505,3538,FLOW
3505,3538,UNWIND
3552,3507,HAS_BLOCK
3507,3511,FLOW
3507,3538,FLOW
3507,3538,UNWIND
3552,3511,HAS_BLOCK
3511,3513,FLOW
3511,3538,FLOW
3511,3538,UNWIND
3552,3513,HAS_BLOCK
3513,3515,FLOW
3513,3538,FLOW
3513,3538,UNWIND
3552,3515,HAS_BLOCK
3515,3548,FLOW
3515,3538,FLOW
3515,3538,UNWIND
3552,3517,HAS_BLOCK
3517,3519,FLOW
3517,3538,FLOW
3517,3538,UNWIND
3552,3519,HAS_BLOCK
3519,3549,FLOW
3519,3538,FLOW
3519,3538,UNWIND
3552,3521,HAS_BLOCK
3521,3523,FLOW
3521,3538,FLOW
3521,3538,UNWIND
3552,3523,HAS_BLOCK
3523,3525,FLOW
3523,3538,FLOW
3523,3538,UNWIND
3552,3525,HAS_BLOCK
3525,3550,FLOW
3525,3538,FLOW
3525,3538,UNWIND
3552,3527,HAS_BLOCK
3527,3529,FLOW
3527,3538,FLOW
3527,3538,UNWIND
3552,3529,HAS_BLOCK
3529,3533,FLOW
3529,3538,FLOW
3529,3538,UNWIND
3552,3533,HAS_BLOCK
3533,3551,FLOW
3533,3538,FLOW
3533,3538,UNWIND
3552,3535,HAS_BLOCK
3535,3460,FLOW
3535,3539,FLOW
3535,3539,UNWIND
3552,3536,HAS_BLOCK
3536,3537,FLOW
3552,3537,HAS_BLOCK
3537,3552,RETURN
3552,3538,HAS_BLOCK
3538,3539,FLOW
3552,3539,HAS_BLOCK
3539,3540,FLOW
3552,3540,HAS_BLOCK
3540,3541,FLOW
3552,3541,HAS_BLOCK
3552,3542,HAS_BLOCK
3542,3420,FLOW
3552,3543,HAS_BLOCK
3543,3400,FLOW
3552,3546,HAS_BLOCK
3546,3429,FLOW
3552,3547,HAS_BLOCK
3547,3475,FLOW
3552,3548,HAS_BLOCK
3548,3535,FLOW
3552,3549,HAS_BLOCK
3549,3535,FLOW
3552,3550,HAS_BLOCK
3550,3535,FLOW
3552,3551,HAS_BLOCK
3551,3535,FLOW
3888,3889,HAS_PARAM
3888,3598,HAS_BLOCK
3598,3600,FLOW
3888,3600,HAS_BLOCK
3600,3743,FLOW
3888,3743,HAS_BLOCK
3743,3762,FLOW
3888,3762,HAS_BLOCK
3762,3781,FLOW
3888,3781,HAS_BLOCK
3781,3834,FLOW
3781,3816,FLOW
3781,3798,FLOW
3888,3798,HAS_BLOCK
3888,3816,HAS_BLOCK
3816,3853,FLOW
3888,3834,HAS_BLOCK
3834,3764,FLOW
3834,3243,CALL
3888,3853,HAS_BLOCK
3853,3870,FLOW
3853,3737,FLOW
3853,3737,UNWIND
3888,3870,HAS_BLOCK
3870,3601,FLOW
3870,3737,FLOW
3870,3737,UNWIND
3888,3601,HAS_BLOCK
3601,3619,FLOW
3601,3737,FLOW
3601,3737,UNWIND
3888,3619,HAS_BLOCK
3619,3639,FLOW
3619,3737,FLOW
3619,3737,UNWIND
3888,3639,HAS_BLOCK
3639,3657,FLOW
3888,3657,HAS_BLOCK
3657,3676,FLOW
3657,3737,FLOW
3657,3737,UNWIND
3888,3676,HAS_BLOCK
3676,3711,FLOW
3676,3691,FLOW
3676,3798,FLOW
3888,3691,HAS_BLOCK
3691,3727,FLOW
3691,3737,FLOW
3691,3737,UNWIND
3888,3711,HAS_BLOCK
3711,3762,FLOW
3888,3727,HAS_BLOCK
3727,3738,FLOW
3888,3738,HAS_BLOCK
3738,3741,FLOW
3738,3737,FLOW
3738,3737,UNWIND
3888,3741,HAS_BLOCK
3741,3657,FLOW
3741,3744,FLOW
3741,3798,FLOW
3888,3744,HAS_BLOCK
3744,3745,FLOW
3744,3746,FLOW
3888,3745,HAS_BLOCK
3745,3738,FLOW
3745,3746,FLOW
3888,3746,HAS_BLOCK
3746,3748,FLOW
3746,3737,FLOW
3746,3737,UNWIND
3888,3748,HAS_BLOCK
3748,3750,FLOW
3748,3737,FLOW
3748,3737,UNWIND
3888,3750,HAS_BLOCK
3750,3752,FLOW
3750,3737,FLOW
3750,3737,UNWIND
3888,3752,HAS_BLOCK
3752,3754,FLOW
3752,3737,FLOW
3752,3737,UNWIND
3888,3754,HAS_BLOCK
3754,3756,FLOW
3754,3737,FLOW
3754,3737,UNWIND
3888,3756,HAS_BLOCK
3756,3758,FLOW
3756,3737,FLOW
3756,3737,UNWIND
3888,3758,HAS_BLOCK
3758,3760,FLOW
3758,3737,FLOW
3758,3737,UNWIND
3888,3760,HAS_BLOCK
3760,3763,FLOW
3760,3737,FLOW
3760,3737,UNWIND
3888,3763,HAS_BLOCK
3763,3732,FLOW
3888,3764,HAS_BLOCK
3764,3766,FLOW
3764,3736,FLOW
3764,3736,UNWIND
3888,3766,HAS_BLOCK
3766,3768,FLOW
3766,3736,FLOW
3766,3736,UNWIND
3888,3768,HAS_BLOCK
3768,3770,FLOW
3768,3736,FLOW
3768,3736,UNWIND
3888,3770,HAS_BLOCK
3770,3772,FLOW
3770,3736,FLOW
3770,3736,UNWIND
3888,3772,HAS_BLOCK
3772,3773,FLOW
3888,3773,HAS_BLOCK
3773,3775,FLOW
3773,3736,FLOW
3773,3736,UNWIND
3888,3775,HAS_BLOCK
3775,3778,FLOW
3775,3776,FLOW
3775,3798,FLOW
3888,3776,HAS_BLOCK
3776,3782,FLOW
3776,3736,FLOW
3776,3736,UNWIND
3888,3778,HAS_BLOCK
3778,3804,FLOW
3778,3736,FLOW
3778,3736,UNWIND
3778,3238,CALL
3888,3782,HAS_BLOCK
3782,3783,FLOW
3888,3783,HAS_BLOCK
3783,3785,FLOW
3783,3736,FLOW
3783,3736,UNWIND
3888,3785,HAS_BLOCK
3785,3773,FLOW
3785,3786,FLOW
3785,3798,FLOW
3888,3786,HAS_BLOCK
3786,3787,FLOW
3786,3788,FLOW
3888,3787,HAS_BLOCK
3787,3783,FLOW
3787,3788,FLOW
3888,3788,HAS_BLOCK
3788,3790,FLOW
3788,3736,FLOW
3788,3736,UNWIND
3888,3790,HAS_BLOCK
3790,3792,FLOW
3790,3736,FLOW
3790,3736,UNWIND
3888,3792,HAS_BLOCK
3792,3794,FLOW
3792,3736,FLOW
3792,3736,UNWIND
3888,3794,HAS_BLOCK
3794,3796,FLOW
3794,3736,FLOW
3794,3736,UNWIND
3888,3796,HAS_BLOCK
3796,3799,FLOW
3796,3736,FLOW
3796,3736,UNWIND
3888,3799,HAS_BLOCK
3799,3801,FLOW
3799,3736,FLOW
3799,3736,UNWIND
3888,3801,HAS_BLOCK
3801,3803,FLOW
3801,3736,FLOW
3801,3736,UNWIND
3888,3803,HAS_BLOCK
3803,3731,FLOW
3888,3804,HAS_BLOCK
3804,3806,FLOW
3804,3735,FLOW
3804,3735,UNWIND
3888,3806,HAS_BLOCK
3806,3808,FLOW
3806,3735,FLOW
3806,3735,UNWIND
3888,3808,HAS_BLOCK
3808,3810,FLOW
3808,3735,FLOW
3808,3735,UNWIND
3888,3810,HAS_BLOCK
3810,3812,FLOW
3810,3735,FLOW
3810,3735,UNWIND
3888,3812,HAS_BLOCK
3812,3813,FLOW
3888,3813,HAS_BLOCK
3813,3815,FLOW
3813,3735,FLOW
3813,3735,UNWIND
3888,3815,HAS_BLOCK
3815,3819,FLOW
3815,3817,FLOW
3815,3798,FLOW
3888,3817,HAS_BLOCK
3817,3821,FLOW
3817,3735,FLOW
3817,3735,UNWIND
3888,3819,HAS_BLOCK
3819,3844,FLOW
3819,3735,FLOW
3819,3735,UNWIND
3888,3821,HAS_BLOCK
3821,3822,FLOW
3888,3822,HAS_BLOCK
3822,3824,FLOW
3822,3735,FLOW
3822,3735,UNWIND
3888,3824,HAS_BLOCK
3824,3813,FLOW
3824,3825,FLOW
3824,3798,FLOW
3888,3825,HAS_BLOCK
3825,3826,FLOW
3825,3827,FLOW
3888,3826,HAS_BLOCK
3826,3822,FLOW
3826,3827,FLOW
3888,3827,HAS_BLOCK
3827,3829,FLOW
3827,3735,FLOW
3827,3735,UNWIND
3888,3829,HAS_BLOCK
3829,3831,FLOW
3829,3735,FLOW
3829,3735,UNWIND
3888,3831,HAS_BLOCK
3831,3835,FLOW
3831,3735,FLOW
3831,3735,UNWIND
3888,3835,HAS_BLOCK
3835,3837,FLOW
3835,3735,FLOW
3835,3735,UNWIND
3888,3837,HAS_BLOCK
3837,3839,FLOW
3837,3735,FLOW
3837,3735,UNWIND
3888,3839,HAS_BLOCK
3839,3841,FLOW
3839,3735,FLOW
3839,3735,UNWIND
3888,3841,HAS_BLOCK
3841,3843,FLOW
3841,3735,FLOW
3841,3735,UNWIND
3888,3843,HAS_BLOCK
3843,3730,FLOW
3888,3844,HAS_BLOCK
3844,3846,FLOW
3844,3735,FLOW
3844,3735,UNWIND
3888,3846,HAS_BLOCK
3846,3847,FLOW
3888,3847,HAS_BLOCK
3847,3849,FLOW
3847,3735,FLOW
3847,3735,UNWIND
3888,3849,HAS_BLOCK
3849,3854,FLOW
3849,3850,FLOW
3849,3798,FLOW
3888,3850,HAS_BLOCK
3850,3856,FLOW
3850,3735,FLOW
3850,3735,UNWIND
3888,3854,HAS_BLOCK
3854,3665,FLOW
3854,3735,FLOW
3854,3735,UNWIND
3888,3856,HAS_BLOCK
3856,3858,FLOW
3856,3735,FLOW
3856,3735,UNWIND
3888,3858,HAS_BLOCK
3858,3859,FLOW
3888,3859,HAS_BLOCK
3859,3861,FLOW
3859,3735,FLOW
3859,3735,UNWIND
3888,3861,HAS_BLOCK
3861,3847,FLOW
3861,3862,FLOW
3861,3798,FLOW
3888,3862,HAS_BLOCK
3862,3864,FLOW
3862,3735,FLOW
3862,3735,UNWIND
3888,3864,HAS_BLOCK
3864,3865,FLOW
3864,3859,FLOW
3888,3865,HAS_BLOCK
3865,3867,FLOW
3865,3735,FLOW
3865,3735,UNWIND
3888,3867,HAS_BLOCK
3867,3868,FLOW
3867,3859,FLOW
3888,3868,HAS_BLOCK
3868,3871,FLOW
3868,3859,FLOW
3888,3871,HAS_BLOCK
3871,3873,FLOW
3871,3735,FLOW
3871,3735,UNWIND
3888,3873,HAS_BLOCK
3873,3875,FLOW
3873,3735,FLOW
3873,3735,UNWIND
3888,3875,HAS_BLOCK
3875,3877,FLOW
3875,3735,FLOW
3875,3735,UNWIND
3875,3596,CALL
3888,3877,HAS_BLOCK
3877,3879,FLOW
3877,3735,FLOW
3877,3735,UNWIND
3877,3596,CALL
3888,3879,HAS_BLOCK
3879,3881,FLOW
3879,3881,FLOW
3879,3880,FLOW
3888,3880,HAS_BLOCK
3880,3882,FLOW
3888,3881,HAS_BLOCK
3881,3882,FLOW
3888,3882,HAS_BLOCK
3882,3883,FLOW
3882,3615,FLOW
3888,3883,HAS_BLOCK
3883,3885,FLOW
3883,3735,FLOW
3883,3735,UNWIND
3888,3885,HAS_BLOCK
3885,3602,FLOW
3885,3735,FLOW
3885,3735,UNWIND
3888,3602,HAS_BLOCK
3602,3604,FLOW
3602,3735,FLOW
3602,3735,UNWIND
3888,3604,HAS_BLOCK
3604,3606,FLOW
3604,3735,FLOW
3604,3735,UNWIND
3888,3606,HAS_BLOCK
3606,3608,FLOW
3606,3735,FLOW
3606,3735,UNWIND
3888,3608,HAS_BLOCK
3608,3610,FLOW
3608,3735,FLOW
3608,3735,UNWIND
3888,3610,HAS_BLOCK
3610,3612,FLOW
3610,3735,FLOW
3610,3735,UNWIND
3888,3612,HAS_BLOCK
3612,3614,FLOW
3612,3735,FLOW
3612,3735,UNWIND
3888,3614,HAS_BLOCK
3614,3730,FLOW
3888,3615,HAS_BLOCK
3615,3617,FLOW
3615,3617,FLOW
3615,3616,FLOW
3888,3616,HAS_BLOCK
3616,3620,FLOW
3888,3617,HAS_BLOCK
3617,3620,FLOW
3888,3620,HAS_BLOCK
3620,3622,FLOW
3620,3735,FLOW
3620,3735,UNWIND
3888,3622,HAS_BLOCK
3622,3643,FLOW
3622,3623,FLOW
3888,3623,HAS_BLOCK
3623,3624,FLOW
3623,3643,FLOW
3888,3624,HAS_BLOCK
3624,3626,FLOW
3624,3735,FLOW
3624,3735,UNWIND
3888,3626,HAS_BLOCK
3626,3628,FLOW
3626,3735,FLOW
3626,3735,UNWIND
3888,3628,HAS_BLOCK
3628,3630,FLOW
3628,3735,FLOW
3628,3735,UNWIND
3888,3630,HAS_BLOCK
3630,3632,FLOW
3630,3735,FLOW
3630,3735,UNWIND
3888,3632,HAS_BLOCK
3632,3634,FLOW
3632,3735,FLOW
3632,3735,UNWIND
3888,3634,HAS_BLOCK
3634,3636,FLOW
3634,3735,FLOW
3634,3735,UNWIND
3888,3636,HAS_BLOCK
3636,3640,FLOW
3636,3735,FLOW
3636,3735,UNWIND
3888,3640,HAS_BLOCK
3640,3642,FLOW
3640,3735,FLOW
3640,3735,UNWIND
3888,3642,HAS_BLOCK
3642,3730,FLOW
3888,3643,HAS_BLOCK
3643,3859,FLOW
3643,3644,FLOW
3888,3644,HAS_BLOCK
3644,3646,FLOW
3644,3735,FLOW
3644,3735,UNWIND
3644,3559,CALL
3888,3646,HAS_BLOCK
3646,3647,FLOW
3646,3859,FLOW
3888,3647,HAS_BLOCK
3647,3649,FLOW
3647,3735,FLOW
3647,3735,UNWIND
3888,3649,HAS_BLOCK
3649,3651,FLOW
3649,3735,FLOW
3649,3735,UNWIND
3888,3651,HAS_BLOCK
3651,3653,FLOW
3651,3735,FLOW
3651,3735,UNWIND
3888,3653,HAS_BLOCK
3653,3655,FLOW
3653,3735,FLOW
3653,3735,UNWIND
3888,3655,HAS_BLOCK
3655,3658,FLOW
3655,3735,FLOW
3655,3735,UNWIND
3888,3658,HAS_BLOCK
3658,3660,FLOW
3658,3735,FLOW
3658,3735,UNWIND
3888,3660,HAS_BLOCK
3660,3662,FLOW
3660,3735,FLOW
3660,3735,UNWIND
3888,3662,HAS_BLOCK
3662,3664,FLOW
3662,3735,FLOW
3662,3735,UNWIND
3888,3664,HAS_BLOCK
3664,3730,FLOW
3888,3665,HAS_BLOCK
3665,3667,FLOW
3665,3735,FLOW
3665,3735,UNWIND
3888,3667,HAS_BLOCK
3667,3669,FLOW
3667,3735,FLOW
3667,3735,UNWIND
3888,3669,HAS_BLOCK
3669,3671,FLOW
3669,3735,FLOW
3669,3735,UNWIND
3888,3671,HAS_BLOCK
3671,3672,FLOW
3888,3672,HAS_BLOCK
3672,3674,FLOW
3672,3735,FLOW
3672,3735,UNWIND
3888,3674,HAS_BLOCK
3674,3678,FLOW
3674,3677,FLOW
3674,3798,FLOW
3888,3677,HAS_BLOCK
3677,3680,FLOW
3677,3672,FLOW
3888,3678,HAS_BLOCK
3678,3705,FLOW
3678,3735,FLOW
3678,3735,UNWIND
3888,3680,HAS_BLOCK
3680,3682,FLOW
3680,3735,FLOW
3680,3735,UNWIND
3888,3682,HAS_BLOCK
3682,3684,FLOW
3682,3735,FLOW
3682,3735,UNWIND
3888,3684,HAS_BLOCK
3684,3686,FLOW
3684,3735,FLOW
3684,3735,UNWIND
3888,3686,HAS_BLOCK
3686,3688,FLOW
3686,3687,FLOW
3686,3798,FLOW
3888,3687,HAS_BLOCK
3687,3690,FLOW
3888,3688,HAS_BLOCK
3688,3689,FLOW
3688,3689,FLOW
3688,3689,FLOW
3688,3689,FLOW
3688,3689,FLOW
3688,3687,FLOW
3888,3689,HAS_BLOCK
3689,3690,FLOW
3888,3690,HAS_BLOCK
3690,3692,FLOW
3690,3672,FLOW
3888,3692,HAS_BLOCK
3692,3694,FLOW
3692,3735,FLOW
3692,3735,UNWIND
3888,3694,HAS_BLOCK
3694,3696,FLOW
3694,3735,FLOW
3694,3735,UNWIND
3888,3696,HAS_BLOCK
3696,3698,FLOW
3696,3735,FLOW
3696,3735,UNWIND
3888,3698,HAS_BLOCK
3698,3700,FLOW
3698,3735,FLOW
3698,3735,UNWIND
3888,3700,HAS_BLOCK
3700,3702,FLOW
3700,3735,FLOW
3700,3735,UNWIND
3888,3702,HAS_BLOCK
3702,3704,FLOW
3702,3735,FLOW
3702,3735,UNWIND
3888,3704,HAS_BLOCK
3704,3730,FLOW
3888,3705,HAS_BLOCK
3705,3728,FLOW
3705,3706,FLOW
3888,3706,HAS_BLOCK
3706,3708,FLOW
3706,3735,FLOW
3706,3735,UNWIND
3706,2206,CALL
3888,3708,HAS_BLOCK
3708,3712,FLOW
3708,3734,FLOW
3708,3734,UNWIND
3888,3712,HAS_BLOCK
3712,3714,FLOW
3712,3734,FLOW
3712,3734,UNWIND
3888,3714,HAS_BLOCK
3714,3716,FLOW
3714,3733,FLOW
3714,3733,UNWIND
3888,3716,HAS_BLOCK
3716,3718,FLOW
3716,3733,FLOW
3716,3733,UNWIND
3888,3718,HAS_BLOCK
3718,3725,FLOW
3718,3719,FLOW
3888,3719,HAS_BLOCK
3719,3720,FLOW
3719,3734,FLOW
3719,3734,UNWIND
3888,3720,HAS_BLOCK
3720,3722,FLOW
3720,3734,FLOW
3720,3734,UNWIND
3888,3722,HAS_BLOCK
3722,3724,FLOW
3722,3734,FLOW
3722,3734,UNWIND
3888,3724,HAS_BLOCK
3724,3730,FLOW
3724,3735,FLOW
3724,3735,UNWIND
3888,3725,HAS_BLOCK
3725,3726,FLOW
3725,3734,FLOW
3725,3734,UNWIND
3888,3726,HAS_BLOCK
3726,3728,FLOW
3726,3735,FLOW
3726,3735,UNWIND
3888,3728,HAS_BLOCK
3728,3729,FLOW
3728,3736,FLOW
3728,3736,UNWIND
3888,3729,HAS_BLOCK
3729,3732,FLOW
3888,3730,HAS_BLOCK
3730,3731,FLOW
3730,3736,FLOW
3730,3736,UNWIND
3888,3731,HAS_BLOCK
3731,3732,FLOW
3888,3732,HAS_BLOCK
3732,3888,RETURN
3888,3733,HAS_BLOCK
3733,3734,FLOW
3888,3734,HAS_BLOCK
3734,3735,FLOW
3888,3735,HAS_BLOCK
3735,3736,FLOW
3888,3736,HAS_BLOCK
3736,3739,FLOW
3888,3737,HAS_BLOCK
3737,3739,FLOW
3888,3739,HAS_BLOCK
3596,3597,HAS_PARAM
3596,3561,HAS_BLOCK
3561,3588,FLOW
3561,3587,FLOW
3561,3586,FLOW
3561,3585,FLOW
3561,3583,FLOW
3561,3582,FLOW
3561,3581,FLOW
3561,3580,FLOW
3561,3579,FLOW
3561,3578,FLOW
3561,3577,FLOW
3561,3576,FLOW
3561,3575,FLOW
3561,3574,FLOW
3561,3572,FLOW
3561,3571,FLOW
3561,3570,FLOW
3561,3569,FLOW
3561,3568,FLOW
3561,3567,FLOW
3561,3566,FLOW
3561,3565,FLOW
3561,3564,FLOW
3561,3563,FLOW
3561,3595,FLOW
3561,3594,FLOW
3561,3593,FLOW
3561,3592,FLOW
3561,3591,FLOW
3561,3590,FLOW
3561,3584,FLOW
3561,3573,FLOW
3561,3562,FLOW
3596,3562,HAS_BLOCK
3596,3573,HAS_BLOCK
3573,3589,FLOW
3596,3584,HAS_BLOCK
3584,3589,FLOW
3596,3590,HAS_BLOCK
3590,3589,FLOW
3596,3591,HAS_BLOCK
3591,3589,FLOW
3596,3592,HAS_BLOCK
3592,3589,FLOW
3596,3593,HAS_BLOCK
3593,3589,FLOW
3596,3594,HAS_BLOCK
3594,3589,FLOW
3596,3595,HAS_BLOCK
3595,3589,FLOW
3596,3563,HAS_BLOCK
3563,3589,FLOW
3596,3564,HAS_BLOCK
3564,3589,FLOW
3596,3565,HAS_BLOCK
3565,3589,FLOW
3596,3566,HAS_BLOCK
3566,3589,FLOW
3596,3567,HAS_BLOCK
3567,3589,FLOW
3596,3568,HAS_BLOCK
3568,3589,FLOW
3596,3569,HAS_BLOCK
3569,3589,FLOW
3596,3570,HAS_BLOCK
3570,3589,FLOW
3596,3571,HAS_BLOCK
3571,3589,FLOW
3596,3572,HAS_BLOCK
3572,3589,FLOW
3596,3574,HAS_BLOCK
3574,3589,FLOW
3596,3575,HAS_BLOCK
3575,3589,FLOW
3596,3576,HAS_BLOCK
3576,3589,FLOW
3596,3577,HAS_BLOCK
3577,3589,FLOW
3596,3578,HAS_BLOCK
3578,3589,FLOW
3596,3579,HAS_BLOCK
3579,3589,FLOW
3596,3580,HAS_BLOCK
3580,3589,FLOW
3596,3581,HAS_BLOCK
3581,3589,FLOW
3596,3582,HAS_BLOCK
3582,3589,FLOW
3596,3583,HAS_BLOCK
3583,3589,FLOW
3596,3585,HAS_BLOCK
3585,3589,FLOW
3596,3586,HAS_BLOCK
3586,3589,FLOW
3596,3587,HAS_BLOCK
3587,3589,FLOW
3596,3588,HAS_BLOCK
3588,3589,FLOW
3596,3589,HAS_BLOCK
3589,3596,RETURN
3559,3560,HAS_PARAM
3559,3555,HAS_BLOCK
3555,3557,FLOW
3555,3557,FLOW
3555,3557,FLOW
3555,3557,FLOW
3555,3557,FLOW
3555,3557,FLOW
3555,3557,FLOW
3555,3557,FLOW
3555,3557,FLOW
3555,3557,FLOW
3555,3557,FLOW
3555,3557,FLOW
3555,3557,FLOW
3555,3557,FLOW
3555,3557,FLOW
3555,3557,FLOW
3555,3557,FLOW
3555,3556,FLOW
3559,3556,HAS_BLOCK
3556,3558,FLOW
3559,3557,HAS_BLOCK
3557,3558,FLOW
3559,3558,HAS_BLOCK
3558,3559,RETURN
3990,3991,HAS_PARAM
3990,3939,HAS_BLOCK
3939,3941,FLOW
3990,3941,HAS_BLOCK
3941,3973,FLOW
3941,3959,FLOW
3990,3959,HAS_BLOCK
3959,3970,FLOW
3990,3973,HAS_BLOCK
3973,3978,FLOW
3990,3978,HAS_BLOCK
3978,3980,FLOW
3990,3980,HAS_BLOCK
3980,3982,FLOW
3990,3982,HAS_BLOCK
3982,3984,FLOW
3990,3984,HAS_BLOCK
3984,3986,FLOW
3990,3986,HAS_BLOCK
3986,3988,FLOW
3990,3988,HAS_BLOCK
3988,3942,FLOW
3988,3974,FLOW
3988,3974,UNWIND
3990,3942,HAS_BLOCK
3942,3944,FLOW
3942,3943,FLOW
3990,3943,HAS_BLOCK
3943,3970,FLOW
3990,3944,HAS_BLOCK
3944,3946,FLOW
3944,3974,FLOW
3944,3974,UNWIND
3944,2206,CALL
3990,3946,HAS_BLOCK
3946,3948,FLOW
3946,3972,FLOW
3946,3972,UNWIND
3990,3948,HAS_BLOCK
3948,3950,FLOW
3948,3972,FLOW
3948,3972,UNWIND
3990,3950,HAS_BLOCK
3950,3952,FLOW
3950,3972,FLOW
3950,3972,UNWIND
3950,3936,CALL
3990,3952,HAS_BLOCK
3952,3953,FLOW
3952,3974,FLOW
3952,3974,UNWIND
3990,3953,HAS_BLOCK
3953,3955,FLOW
3953,3971,FLOW
3953,3971,UNWIND
3990,3955,HAS_BLOCK
3955,3957,FLOW
3955,3971,FLOW
3955,3971,UNWIND
3990,3957,HAS_BLOCK
3957,3960,FLOW
3957,3971,FLOW
3957,3971,UNWIND
3990,3960,HAS_BLOCK
3960,3961,FLOW
3960,3971,FLOW
3960,3971,UNWIND
3990,3961,HAS_BLOCK
3961,3968,FLOW
3961,3962,FLOW
3990,3962,HAS_BLOCK
3962,3964,FLOW
3962,3971,FLOW
3962,3971,UNWIND
3990,3964,HAS_BLOCK
3964,3966,FLOW
3964,3971,FLOW
3964,3971,UNWIND
3990,3966,HAS_BLOCK
3966,3976,FLOW
3966,3971,FLOW
3966,3971,UNWIND
3990,3968,HAS_BLOCK
3968,3969,FLOW
3968,3974,FLOW
3968,3974,UNWIND
3990,3969,HAS_BLOCK
3969,3970,FLOW
3990,3970,HAS_BLOCK
3970,3990,RETURN
3990,3971,HAS_BLOCK
3971,3974,FLOW
3990,3972,HAS_BLOCK
3972,3974,FLOW
3990,3974,HAS_BLOCK
3974,3975,FLOW
3990,3975,HAS_BLOCK
3990,3976,HAS_BLOCK
3976,3968,FLOW
3936,3937,HAS_PARAM
3936,3938,HAS_PARAM
3936,3891,HAS_BLOCK
3891,3893,FLOW
3936,3893,HAS_BLOCK
3893,3910,FLOW
3893,3923,FLOW
3893,3923,UNWIND
3936,3910,HAS_BLOCK
3910,3925,FLOW
3910,3920,FLOW
3910,3920,UNWIND
3936,3925,HAS_BLOCK
3925,3928,FLOW
3936,3928,HAS_BLOCK
3928,3930,FLOW
3928,3920,FLOW
3928,3920,UNWIND
3936,3930,HAS_BLOCK
3930,3898,FLOW
3930,3932,FLOW
3930,3931,FLOW
3936,3931,HAS_BLOCK
3936,3932,HAS_BLOCK
3932,3928,FLOW
3932,3933,FLOW
3936,3933,HAS_BLOCK
3933,3935,FLOW
3933,3920,FLOW
3933,3920,UNWIND
3936,3935,HAS_BLOCK
3935,3894,FLOW
3935,3928,FLOW
3936,3894,HAS_BLOCK
3894,3896,FLOW
3894,3920,FLOW
3894,3920,UNWIND
3936,3896,HAS_BLOCK
3896,3926,FLOW
3896,3920,FLOW
3896,3920,UNWIND
3936,3898,HAS_BLOCK
3898,3900,FLOW
3898,3920,FLOW
3898,3920,UNWIND
3936,3900,HAS_BLOCK
3900,3901,FLOW
3900,3918,FLOW
3900,3931,FLOW
3936,3901,HAS_BLOCK
3901,3902,FLOW
3901,3920,FLOW
3901,3920,UNWIND
3936,3902,HAS_BLOCK
3902,3904,FLOW
3902,3920,FLOW
3902,3920,UNWIND
3936,3904,HAS_BLOCK
3904,3905,FLOW
3936,3905,HAS_BLOCK
3905,3907,FLOW
3905,3920,FLOW
3905,3920,UNWIND
3936,3907,HAS_BLOCK
3907,3898,FLOW
3907,3908,FLOW
3907,3931,FLOW
3936,3908,HAS_BLOCK
3908,3905,FLOW
3908,3911,FLOW
3936,3911,HAS_BLOCK
3911,3913,FLOW
3911,3920,FLOW
3911,3920,UNWIND
3936,3913,HAS_BLOCK
3913,3914,FLOW
3913,3905,FLOW
3936,3914,HAS_BLOCK
3914,3916,FLOW
3914,3920,FLOW
3914,3920,UNWIND
3936,3916,HAS_BLOCK
3916,3927,FLOW
3916,3920,FLOW
3916,3920,UNWIND
3936,3918,HAS_BLOCK
3918,3919,FLOW
3918,3923,FLOW
3918,3923,UNWIND
3936,3919,HAS_BLOCK
3919,3936,RETURN
3936,3920,HAS_BLOCK
3920,3923,FLOW
3936,3921,HAS_BLOCK
3936,3922,HAS_BLOCK
3922,3921,FLOW
3936,3923,HAS_BLOCK
3923,3921,FLOW
3923,3922,FLOW
3936,3926,HAS_BLOCK
3926,3928,FLOW
3936,3927,HAS_BLOCK
3927,3905,FLOW
4054,4055,HAS_PARAM
4054,3993,HAS_BLOCK
3993,3995,FLOW
4054,3995,HAS_BLOCK
3995,4014,FLOW
4054,4014,HAS_BLOCK
4014,4033,FLOW
4054,4033,HAS_BLOCK
4033,4045,FLOW
4054,4045,HAS_BLOCK
4045,4047,FLOW
4054,4047,HAS_BLOCK
4047,4049,FLOW
4047,4041,FLOW
4047,4041,UNWIND
4054,4049,HAS_BLOCK
4049,4051,FLOW
4049,4050,FLOW
4054,4050,HAS_BLOCK
4050,4037,FLOW
4054,4051,HAS_BLOCK
4051,4053,FLOW
4051,4041,FLOW
4051,4041,UNWIND
4054,4053,HAS_BLOCK
4053,3997,FLOW
4053,3996,FLOW
4054,3996,HAS_BLOCK
3996,4037,FLOW
4054,3997,HAS_BLOCK
3997,3999,FLOW
3997,4041,FLOW
3997,4041,UNWIND
3997,2206,CALL
4054,3999,HAS_BLOCK
3999,4001,FLOW
3999,4040,FLOW
3999,4040,UNWIND
4054,4001,HAS_BLOCK
4001,4003,FLOW
4001,4040,FLOW
4001,4040,UNWIND
4054,4003,HAS_BLOCK
4003,4005,FLOW
4003,4039,FLOW
4003,4039,UNWIND
4054,4005,HAS_BLOCK
4005,4011,FLOW
4005,4006,FLOW
4054,4006,HAS_BLOCK
4006,4008,FLOW
4006,4039,FLOW
4006,4039,UNWIND
4054,4008,HAS_BLOCK
4008,4010,FLOW
4008,4039,FLOW
4008,4039,UNWIND
4054,4010,HAS_BLOCK
4010,4036,FLOW
4010,4040,FLOW
4010,4040,UNWIND
4054,4011,HAS_BLOCK
4011,4015,FLOW
4011,4039,FLOW
4011,4039,UNWIND
4054,4015,HAS_BLOCK
4015,4031,FLOW
4015,4016,FLOW
4054,4016,HAS_BLOCK
4016,4018,FLOW
4016,4039,FLOW
4016,4039,UNWIND
4054,4018,HAS_BLOCK
4018,4020,FLOW
4018,4039,FLOW
4018,4039,UNWIND
4054,4020,HAS_BLOCK
4020,4031,FLOW
4020,4021,FLOW
4054,4021,HAS_BLOCK
4021,4023,FLOW
4021,4039,FLOW
4021,4039,UNWIND
4054,4023,HAS_BLOCK
4023,4025,FLOW
4023,4039,FLOW
4023,4039,UNWIND
4054,4025,HAS_BLOCK
4025,4027,FLOW
4025,4039,FLOW
4025,4039,UNWIND
4054,4027,HAS_BLOCK
4027,4029,FLOW
4027,4039,FLOW
4027,4039,UNWIND
4054,4029,HAS_BLOCK
4029,4043,FLOW
4029,4039,FLOW
4029,4039,UNWIND
4054,4031,HAS_BLOCK
4031,4034,FLOW
4031,4040,FLOW
4031,4040,UNWIND
4054,4034,HAS_BLOCK
4034,4035,FLOW
4034,4041,FLOW
4034,4041,UNWIND
4054,4035,HAS_BLOCK
4035,4038,FLOW
4054,4036,HAS_BLOCK
4036,4037,FLOW
4036,4041,FLOW
4036,4041,UNWIND
4054,4037,HAS_BLOCK
4037,4038,FLOW
4054,4038,HAS_BLOCK
4038,4054,RETURN
4054,4039,HAS_BLOCK
4039,4040,FLOW
4054,4040,HAS_BLOCK
4040,4041,FLOW
4054,4041,HAS_BLOCK
4041,4042,FLOW
4054,4042,HAS_BLOCK
4054,4043,HAS_BLOCK
4043,4031,FLOW
4079,4080,HAS_PARAM
4079,4057,HAS_BLOCK
4057,4059,FLOW
4079,4059,HAS_BLOCK
4059,4066,FLOW
4059,4065,FLOW
4079,4065,HAS_BLOCK
4065,4062,FLOW
4079,4066,HAS_BLOCK
4066,4068,FLOW
4066,2206,CALL
4079,4068,HAS_BLOCK
4068,4070,FLOW
4068,4063,FLOW
4068,4063,UNWIND
4079,4070,HAS_BLOCK
4070,4072,FLOW
4070,4063,FLOW
4070,4063,UNWIND
4079,4072,HAS_BLOCK
4072,4074,FLOW
4072,4063,FLOW
4072,4063,UNWIND
4079,4074,HAS_BLOCK
4074,4076,FLOW
4074,4063,FLOW
4074,4063,UNWIND
4079,4076,HAS_BLOCK
4076,4078,FLOW
4076,4063,FLOW
4076,4063,UNWIND
4079,4078,HAS_BLOCK
4078,4060,FLOW
4078,4061,FLOW
4078,4061,UNWIND
4079,4060,HAS_BLOCK
4060,4062,FLOW
4079,4061,HAS_BLOCK
4061,4063,FLOW
4079,4062,HAS_BLOCK
4062,4079,RETURN
4079,4063,HAS_BLOCK
4063,4064,FLOW
4079,4064,HAS_BLOCK
4212,4213,HAS_PARAM
4212,4148,HAS_BLOCK
4148,4150,FLOW
4212,4150,HAS_BLOCK
4150,4183,FLOW
4150,4167,FLOW
4212,4167,HAS_BLOCK
4167,4190,FLOW
4212,4183,HAS_BLOCK
4183,4196,FLOW
4183,2206,CALL
4212,4196,HAS_BLOCK
4196,4203,FLOW
4196,4197,FLOW
4196,4197,UNWIND
4212,4203,HAS_BLOCK
4203,4205,FLOW
4203,4197,FLOW
4203,4197,UNWIND
4212,4205,HAS_BLOCK
4205,4207,FLOW
4205,4194,FLOW
4205,4194,UNWIND
4212,4207,HAS_BLOCK
4207,4209,FLOW
4207,4200,FLOW
4207,4200,UNWIND
4212,4209,HAS_BLOCK
4209,4210,FLOW
4212,4210,HAS_BLOCK
4210,4151,FLOW
4210,4200,FLOW
4210,4200,UNWIND
4212,4151,HAS_BLOCK
4151,4155,FLOW
4151,4153,FLOW
4151,4152,FLOW
4212,4152,HAS_BLOCK
4212,4153,HAS_BLOCK
4153,4157,FLOW
4153,4200,FLOW
4153,4200,UNWIND
4153,5208,CALL
4212,4155,HAS_BLOCK
4155,4177,FLOW
4155,4200,FLOW
4155,4200,UNWIND
4212,4157,HAS_BLOCK
4157,4159,FLOW
4157,4200,FLOW
4157,4200,UNWIND
4157,4145,CALL
4212,4159,HAS_BLOCK
4159,4160,FLOW
4159,4210,FLOW
4159,4152,FLOW
4212,4160,HAS_BLOCK
4160,4162,FLOW
4160,4193,FLOW
4160,4193,UNWIND
4212,4162,HAS_BLOCK
4162,4164,FLOW
4162,4193,FLOW
4162,4193,UNWIND
4212,4164,HAS_BLOCK
4164,4165,FLOW
4212,4165,HAS_BLOCK
4165,4168,FLOW
4165,4193,FLOW
4165,4193,UNWIND
4212,4168,HAS_BLOCK
4168,4171,FLOW
4168,4169,FLOW
4168,4152,FLOW
4212,4169,HAS_BLOCK
4169,4172,FLOW
4169,4193,FLOW
4169,4193,UNWIND
4212,4171,HAS_BLOCK
4171,4210,FLOW
4171,4200,FLOW
4171,4200,UNWIND
4212,4172,HAS_BLOCK
4172,4165,FLOW
4172,4173,FLOW
4212,4173,HAS_BLOCK
4173,4175,FLOW
4173,4193,FLOW
4173,4193,UNWIND
4212,4175,HAS_BLOCK
4175,4201,FLOW
4175,4193,FLOW
4175,4193,UNWIND
4212,4177,HAS_BLOCK
4177,4178,FLOW
4212,4178,HAS_BLOCK
4178,4180,FLOW
4178,4192,FLOW
4178,4192,UNWIND
4212,4180,HAS_BLOCK
4180,4184,FLOW
4180,4181,FLOW
4180,4152,FLOW
4212,4181,HAS_BLOCK
4181,4185,FLOW
4181,4191,FLOW
4181,4191,UNWIND
4212,4184,HAS_BLOCK
4184,4188,FLOW
4184,4200,FLOW
4184,4200,UNWIND
4212,4185,HAS_BLOCK
4185,4187,FLOW
4185,4191,FLOW
4185,4191,UNWIND
4185,4099,CALL
4212,4187,HAS_BLOCK
4187,4178,FLOW
4187,4192,FLOW
4187,4192,UNWIND
4212,4188,HAS_BLOCK
4188,4189,FLOW
4188,4197,FLOW
4188,4197,UNWIND
4212,4189,HAS_BLOCK
4189,4190,FLOW
4212,4190,HAS_BLOCK
4190,4212,RETURN
4212,4191,HAS_BLOCK
4191,4192,FLOW
4212,4192,HAS_BLOCK
4192,4200,FLOW
4212,4193,HAS_BLOCK
4193,4200,FLOW
4212,4194,HAS_BLOCK
4194,4197,FLOW
4212,4197,HAS_BLOCK
4197,4198,FLOW
4212,4198,HAS_BLOCK
4212,4199,HAS_BLOCK
4199,4194,FLOW
4212,4200,HAS_BLOCK
4200,4194,FLOW
4200,4199,FLOW
4212,4201,HAS_BLOCK
4201,4165,FLOW
4145,4146,HAS_PARAM
4145,4147,HAS_PARAM
4145,4103,HAS_BLOCK
4103,4105,FLOW
4145,4105,HAS_BLOCK
4105,4117,FLOW
4145,4117,HAS_BLOCK
4117,4135,FLOW
4145,4135,HAS_BLOCK
4135,4139,FLOW
4135,4140,FLOW
4135,4138,FLOW
4145,4138,HAS_BLOCK
4145,4139,HAS_BLOCK
4139,4119,FLOW
4139,4118,FLOW
4139,4115,FLOW
4139,4114,FLOW
4139,4106,FLOW
4139,4107,FLOW
4139,4144,FLOW
4139,4108,FLOW
4139,4111,FLOW
4139,4110,FLOW
4139,4143,FLOW
4139,4109,FLOW
4139,4112,FLOW
4139,4113,FLOW
4139,4142,FLOW
4145,4140,HAS_BLOCK
4140,4137,FLOW
4145,4142,HAS_BLOCK
4142,4137,FLOW
4145,4143,HAS_BLOCK
4143,4125,FLOW
4143,4130,FLOW
4143,4138,FLOW
4145,4144,HAS_BLOCK
4144,4120,FLOW
4145,4106,HAS_BLOCK
4106,4120,FLOW
4145,4107,HAS_BLOCK
4107,4120,FLOW
4145,4108,HAS_BLOCK
4108,4120,FLOW
4145,4109,HAS_BLOCK
4109,4120,FLOW
4145,4110,HAS_BLOCK
4110,4120,FLOW
4145,4111,HAS_BLOCK
4111,4120,FLOW
4145,4112,HAS_BLOCK
4112,4120,FLOW
4145,4113,HAS_BLOCK
4113,4120,FLOW
4145,4114,HAS_BLOCK
4114,4120,FLOW
4145,4115,HAS_BLOCK
4115,4120,FLOW
4145,4118,HAS_BLOCK
4118,4120,FLOW
4145,4119,HAS_BLOCK
4119,4120,FLOW
4145,4120,HAS_BLOCK
4120,4122,FLOW
4145,4122,HAS_BLOCK
4122,4124,FLOW
4145,4124,HAS_BLOCK
4124,4137,FLOW
4145,4125,HAS_BLOCK
4125,4127,FLOW
4145,4127,HAS_BLOCK
4127,4129,FLOW
4145,4129,HAS_BLOCK
4129,4137,FLOW
4145,4130,HAS_BLOCK
4130,4132,FLOW
4145,4132,HAS_BLOCK
4132,4136,FLOW
4145,4136,HAS_BLOCK
4136,4137,FLOW
4145,4137,HAS_BLOCK
4137,4145,RETURN
4099,4100,HAS_PARAM
4099,4101,HAS_PARAM
4099,4102,HAS_PARAM
4099,4082,HAS_BLOCK
4082,4084,FLOW
4099,4084,HAS_BLOCK
4084,4087,FLOW
4099,4087,HAS_BLOCK
4087,4089,FLOW
4099,4089,HAS_BLOCK
4089,4090,FLOW
4089,4098,FLOW
4089,4085,FLOW
4099,4090,HAS_BLOCK
4090,4093,FLOW
4090,4091,FLOW
4099,4091,HAS_BLOCK
4091,4094,FLOW
4099,4093,HAS_BLOCK
4093,4098,FLOW
4099,4094,HAS_BLOCK
4094,4096,FLOW
4099,4096,HAS_BLOCK
4096,4098,FLOW
4099,4098,HAS_BLOCK
4098,4099,RETURN
4099,4085,HAS_BLOCK
4242,4243,HAS_PARAM
4242,4244,HAS_PARAM
4242,4215,HAS_BLOCK
4215,4223,FLOW
4215,4222,FLOW
4215,4221,FLOW
4215,4224,FLOW
4215,4238,FLOW
4215,4239,FLOW
4215,4237,FLOW
4215,4240,FLOW
4215,4218,FLOW
4215,4217,FLOW
4215,4228,FLOW
4215,4241,FLOW
4215,4220,FLOW
4215,4219,FLOW
4215,4216,FLOW
4242,4216,HAS_BLOCK
4216,4231,FLOW
4242,4228,HAS_BLOCK
4228,4233,FLOW
4228,4235,FLOW
4228,4232,FLOW
4242,4233,HAS_BLOCK
4233,4230,FLOW
4242,4235,HAS_BLOCK
4235,4229,FLOW
4242,4237,HAS_BLOCK
4237,4225,FLOW
4242,4238,HAS_BLOCK
4238,4225,FLOW
4242,4239,HAS_BLOCK
4239,4225,FLOW
4242,4240,HAS_BLOCK
4240,4225,FLOW
4242,4241,HAS_BLOCK
4241,4225,FLOW
4242,4217,HAS_BLOCK
4217,4225,FLOW
4242,4218,HAS_BLOCK
4218,4225,FLOW
4242,4219,HAS_BLOCK
4219,4225,FLOW
4242,4220,HAS_BLOCK
4220,4225,FLOW
4242,4221,HAS_BLOCK
4221,4225,FLOW
4242,4222,HAS_BLOCK
4222,4225,FLOW
4242,4223,HAS_BLOCK
4223,4225,FLOW
4242,4224,HAS_BLOCK
4224,4225,FLOW
4242,4225,HAS_BLOCK
4225,4227,FLOW
4242,4227,HAS_BLOCK
4227,4231,FLOW
4242,4229,HAS_BLOCK
4229,4231,FLOW
4242,4230,HAS_BLOCK
4230,4231,FLOW
4242,4231,HAS_BLOCK
4231,4242,RETURN
4242,4232,HAS_BLOCK
4439,4440,HAS_PARAM
4439,4245,HAS_BLOCK
4245,4247,FLOW
4439,4247,HAS_BLOCK
4247,4288,FLOW
4439,4288,HAS_BLOCK
4288,4306,FLOW
4288,4323,FLOW
4439,4306,HAS_BLOCK
4306,4344,FLOW
4306,4323,FLOW
4439,4323,HAS_BLOCK
4323,4254,FLOW
4439,4344,HAS_BLOCK
4344,4363,FLOW
4439,4363,HAS_BLOCK
4363,4382,FLOW
4439,4382,HAS_BLOCK
4382,4401,FLOW
4382,4263,FLOW
4382,4263,UNWIND
4439,4401,HAS_BLOCK
4401,4419,FLOW
4401,4263,FLOW
4401,4263,UNWIND
4439,4419,HAS_BLOCK
4419,4248,FLOW
4419,4263,FLOW
4419,4263,UNWIND
4439,4248,HAS_BLOCK
4248,4260,FLOW
4248,4263,FLOW
4248,4263,UNWIND
4439,4260,HAS_BLOCK
4260,4271,FLOW
4439,4271,HAS_BLOCK
4271,4276,FLOW
4271,4263,FLOW
4271,4263,UNWIND
4439,4276,HAS_BLOCK
4276,4280,FLOW
4276,4278,FLOW
4276,4277,FLOW
4439,4277,HAS_BLOCK
4439,4278,HAS_BLOCK
4278,4282,FLOW
4278,4263,FLOW
4278,4263,UNWIND
4439,4280,HAS_BLOCK
4280,4297,FLOW
4280,4263,FLOW
4280,4263,UNWIND
4439,4282,HAS_BLOCK
4282,4284,FLOW
4282,4263,FLOW
4282,4263,UNWIND
4439,4284,HAS_BLOCK
4284,4285,FLOW
4439,4285,HAS_BLOCK
4285,4289,FLOW
4285,4263,FLOW
4285,4263,UNWIND
4439,4289,HAS_BLOCK
4289,4271,FLOW
4289,4290,FLOW
4289,4277,FLOW
4439,4290,HAS_BLOCK
4290,4292,FLOW
4290,4263,FLOW
4290,4263,UNWIND
4439,4292,HAS_BLOCK
4292,4285,FLOW
4292,4293,FLOW
4439,4293,HAS_BLOCK
4293,4295,FLOW
4293,4263,FLOW
4293,4263,UNWIND
4439,4295,HAS_BLOCK
4295,4269,FLOW
4295,4263,FLOW
4295,4263,UNWIND
4439,4297,HAS_BLOCK
4297,4299,FLOW
4297,4262,FLOW
4297,4262,UNWIND
4439,4299,HAS_BLOCK
4299,4301,FLOW
4299,4262,FLOW
4299,4262,UNWIND
4439,4301,HAS_BLOCK
4301,4303,FLOW
4301,4262,FLOW
4301,4262,UNWIND
4439,4303,HAS_BLOCK
4303,4305,FLOW
4303,4262,FLOW
4303,4262,UNWIND
4439,4305,HAS_BLOCK
4305,4307,FLOW
4439,4307,HAS_BLOCK
4307,4309,FLOW
4307,4262,FLOW
4307,4262,UNWIND
4439,4309,HAS_BLOCK
4309,4312,FLOW
4309,4310,FLOW
4309,4277,FLOW
4439,4310,HAS_BLOCK
4310,4314,FLOW
4310,4262,FLOW
4310,4262,UNWIND
4439,4312,HAS_BLOCK
4312,4324,FLOW
4312,4262,FLOW
4312,4262,UNWIND
4312,2206,CALL
4439,4314,HAS_BLOCK
4314,4316,FLOW
4314,4262,FLOW
4314,4262,UNWIND
4439,4316,HAS_BLOCK
4316,4318,FLOW
4316,4261,FLOW
4316,4261,UNWIND
4439,4318,HAS_BLOCK
4318,4320,FLOW
4318,4261,FLOW
4318,4261,UNWIND
4439,4320,HAS_BLOCK
4320,4321,FLOW
4320,4322,FLOW
4320,4277,FLOW
4439,4321,HAS_BLOCK
4321,4322,FLOW
4439,4322,HAS_BLOCK
4322,4307,FLOW
4322,4262,FLOW
4322,4262,UNWIND
4439,4324,HAS_BLOCK
4324,4326,FLOW
4324,4258,FLOW
4324,4258,UNWIND
4439,4326,HAS_BLOCK
4326,4328,FLOW
4326,4268,FLOW
4326,4268,UNWIND
4439,4328,HAS_BLOCK
4328,4330,FLOW
4328,4268,FLOW
4328,4268,UNWIND
4439,4330,HAS_BLOCK
4330,4332,FLOW
4330,4268,FLOW
4330,4268,UNWIND
4439,4332,HAS_BLOCK
4332,4334,FLOW
4332,4268,FLOW
4332,4268,UNWIND
4439,4334,HAS_BLOCK
4334,4336,FLOW
4334,4257,FLOW
4334,4257,UNWIND
4439,4336,HAS_BLOCK
4336,4338,FLOW
4336,4266,FLOW
4336,4266,UNWIND
4439,4338,HAS_BLOCK
4338,4340,FLOW
4338,4266,FLOW
4338,4266,UNWIND
4439,4340,HAS_BLOCK
4340,4342,FLOW
4340,4266,FLOW
4340,4266,UNWIND
4439,4342,HAS_BLOCK
4342,4345,FLOW
4342,4266,FLOW
4342,4266,UNWIND
4439,4345,HAS_BLOCK
4345,4347,FLOW
4345,4256,FLOW
4345,4256,UNWIND
4439,4347,HAS_BLOCK
4347,4349,FLOW
4347,4256,FLOW
4347,4256,UNWIND
4439,4349,HAS_BLOCK
4349,4351,FLOW
4349,4256,FLOW
4349,4256,UNWIND
4439,4351,HAS_BLOCK
4351,4353,FLOW
4351,4256,FLOW
4351,4256,UNWIND
4439,4353,HAS_BLOCK
4353,4354,FLOW
4439,4354,HAS_BLOCK
4354,4356,FLOW
4354,4256,FLOW
4354,4256,UNWIND
4439,4356,HAS_BLOCK
4356,4359,FLOW
4356,4357,FLOW
4356,4277,FLOW
4439,4357,HAS_BLOCK
4357,4361,FLOW
4357,4256,FLOW
4357,4256,UNWIND
4439,4359,HAS_BLOCK
4359,4383,FLOW
4359,4256,FLOW
4359,4256,UNWIND
4439,4361,HAS_BLOCK
4361,4364,FLOW
4439,4364,HAS_BLOCK
4364,4366,FLOW
4364,4256,FLOW
4364,4256,UNWIND
4439,4366,HAS_BLOCK
4366,4354,FLOW
4366,4367,FLOW
4366,4277,FLOW
4439,4367,HAS_BLOCK
4367,4369,FLOW
4367,4256,FLOW
4367,4256,UNWIND
4439,4369,HAS_BLOCK
4369,4374,FLOW
4369,4370,FLOW
4439,4370,HAS_BLOCK
4370,4372,FLOW
4370,4256,FLOW
4370,4256,UNWIND
4439,4372,HAS_BLOCK
4372,4270,FLOW
4372,4256,FLOW
4372,4256,UNWIND
4439,4374,HAS_BLOCK
4374,4376,FLOW
4374,4256,FLOW
4374,4256,UNWIND
4439,4376,HAS_BLOCK
4376,4364,FLOW
4376,4377,FLOW
4439,4377,HAS_BLOCK
4377,4379,FLOW
4377,4256,FLOW
4377,4256,UNWIND
4439,4379,HAS_BLOCK
4379,4272,FLOW
4379,4256,FLOW
4379,4256,UNWIND
4439,4383,HAS_BLOCK
4383,4385,FLOW
4383,4255,FLOW
4383,4255,UNWIND
4439,4385,HAS_BLOCK
4385,4387,FLOW
4385,4255,FLOW
4385,4255,UNWIND
4439,4387,HAS_BLOCK
4387,4388,FLOW
4439,4388,HAS_BLOCK
4388,4390,FLOW
4388,4255,FLOW
4388,4255,UNWIND
4439,4390,HAS_BLOCK
4390,4393,FLOW
4390,4391,FLOW
4390,4277,FLOW
4439,4391,HAS_BLOCK
4391,4395,FLOW
4391,4255,FLOW
4391,4255,UNWIND
4439,4393,HAS_BLOCK
4393,4411,FLOW
4393,4255,FLOW
4393,4255,UNWIND
4439,4395,HAS_BLOCK
4395,4397,FLOW
4395,4255,FLOW
4395,4255,UNWIND
4395,4242,CALL
4439,4397,HAS_BLOCK
4397,4398,FLOW
4397,4388,FLOW
4397,4277,FLOW
4439,4398,HAS_BLOCK
4398,4402,FLOW
4398,4255,FLOW
4398,4255,UNWIND
4439,4402,HAS_BLOCK
4402,4403,FLOW
4402,4388,FLOW
4402,4277,FLOW
4439,4403,HAS_BLOCK
4403,4405,FLOW
4403,4255,FLOW
4403,4255,UNWIND
4439,4405,HAS_BLOCK
4405,4407,FLOW
4405,4255,FLOW
4405,4255,UNWIND
4439,4407,HAS_BLOCK
4407,4409,FLOW
4407,4255,FLOW
4407,4255,UNWIND
4439,4409,HAS_BLOCK
4409,4273,FLOW
4409,4255,FLOW
4409,4255,UNWIND
4439,4411,HAS_BLOCK
4411,4412,FLOW
4439,4412,HAS_BLOCK
4412,4414,FLOW
4412,4255,FLOW
4412,4255,UNWIND
4439,4414,HAS_BLOCK
4414,4417,FLOW
4414,4415,FLOW
4414,4277,FLOW
4439,4415,HAS_BLOCK
4415,4420,FLOW
4415,4255,FLOW
4415,4255,UNWIND
4439,4417,HAS_BLOCK
4417,4249,FLOW
4417,4256,FLOW
4417,4256,UNWIND
4439,4420,HAS_BLOCK
4420,4412,FLOW
4420,4421,FLOW
4439,4421,HAS_BLOCK
4421,4423,FLOW
4421,4255,FLOW
4421,4255,UNWIND
4439,4423,HAS_BLOCK
4423,4425,FLOW
4423,4255,FLOW
4423,4255,UNWIND
4439,4425,HAS_BLOCK
4425,4427,FLOW
4425,4255,FLOW
4425,4255,UNWIND
4439,4427,HAS_BLOCK
4427,4428,FLOW
4427,4412,FLOW
4439,4428,HAS_BLOCK
4428,4430,FLOW
4428,4255,FLOW
4428,4255,UNWIND
4439,4430,HAS_BLOCK
4430,4432,FLOW
4430,4255,FLOW
4430,4255,UNWIND
4439,4432,HAS_BLOCK
4432,4434,FLOW
4432,4255,FLOW
4432,4255,UNWIND
4439,4434,HAS_BLOCK
4434,4436,FLOW
4434,4255,FLOW
4434,4255,UNWIND
4439,4436,HAS_BLOCK
4436,4274,FLOW
4436,4255,FLOW
4436,4255,UNWIND
4439,4249,HAS_BLOCK
4249,4250,FLOW
4249,4257,FLOW
4249,4257,UNWIND
4439,4250,HAS_BLOCK
4250,4251,FLOW
4250,4258,FLOW
4250,4258,UNWIND
4439,4251,HAS_BLOCK
4251,4252,FLOW
4251,4262,FLOW
4251,4262,UNWIND
4439,4252,HAS_BLOCK
4252,4253,FLOW
4252,4263,FLOW
4252,4263,UNWIND
4439,4253,HAS_BLOCK
4253,4254,FLOW
4439,4254,HAS_BLOCK
4254,4439,RETURN
4439,4255,HAS_BLOCK
4255,4256,FLOW
4439,4256,HAS_BLOCK
4256,4257,FLOW
4439,4257,HAS_BLOCK
4257,4258,FLOW
4439,4258,HAS_BLOCK
4258,4262,FLOW
4439,4261,HAS_BLOCK
4261,4262,FLOW
4439,4262,HAS_BLOCK
4262,4263,FLOW
4439,4263,HAS_BLOCK
4263,4264,FLOW
4439,4264,HAS_BLOCK
4439,4265,HAS_BLOCK
4265,4257,FLOW
4439,4266,HAS_BLOCK
4266,4257,FLOW
4266,4265,FLOW
4439,4267,HAS_BLOCK
4267,4258,FLOW
4439,4268,HAS_BLOCK
4268,4258,FLOW
4268,4267,FLOW
4439,4269,HAS_BLOCK
4269,4285,FLOW
4439,4270,HAS_BLOCK
4270,4374,FLOW
4439,4272,HAS_BLOCK
4272,4364,FLOW
4439,4273,HAS_BLOCK
4273,4388,FLOW
4439,4274,HAS_BLOCK
4274,4412,FLOW
4725,4726,HAS_PARAM
4725,4521,HAS_BLOCK
4521,4523,FLOW
4725,4523,HAS_BLOCK
4523,4586,FLOW
4725,4586,HAS_BLOCK
4586,4606,FLOW
4725,4606,HAS_BLOCK
4606,4626,FLOW
4725,4626,HAS_BLOCK
4626,4640,FLOW
4725,4640,HAS_BLOCK
4640,4656,FLOW
4725,4656,HAS_BLOCK
4656,4671,FLOW
4656,4567,FLOW
4656,4567,UNWIND
4725,4671,HAS_BLOCK
4671,4524,FLOW
4671,4705,FLOW
4671,4686,FLOW
4725,4686,HAS_BLOCK
4725,4705,HAS_BLOCK
4705,4541,FLOW
4705,4567,FLOW
4705,4567,UNWIND
4725,4524,HAS_BLOCK
4524,4557,FLOW
4725,4541,HAS_BLOCK
4541,4559,FLOW
4541,4567,FLOW
4541,4567,UNWIND
4725,4559,HAS_BLOCK
4559,4570,FLOW
4559,4656,FLOW
4559,4686,FLOW
4725,4570,HAS_BLOCK
4570,4575,FLOW
4570,4656,FLOW
4725,4575,HAS_BLOCK
4575,4577,FLOW
4575,4567,FLOW
4575,4567,UNWIND
4575,4454,CALL
4725,4577,HAS_BLOCK
4577,4578,FLOW
4577,4656,FLOW
4725,4578,HAS_BLOCK
4578,4579,FLOW
4578,4656,FLOW
4578,4686,FLOW
4725,4579,HAS_BLOCK
4579,4596,FLOW
4579,4567,FLOW
4579,4567,UNWIND
4725,4581,HAS_BLOCK
4581,4583,FLOW
4581,4567,FLOW
4581,4567,UNWIND
4725,4583,HAS_BLOCK
4583,4587,FLOW
4583,4567,FLOW
4583,4567,UNWIND
4725,4587,HAS_BLOCK
4587,4589,FLOW
4587,4567,FLOW
4587,4567,UNWIND
4725,4589,HAS_BLOCK
4589,4591,FLOW
4589,4567,FLOW
4589,4567,UNWIND
4725,4591,HAS_BLOCK
4591,4593,FLOW
4591,4567,FLOW
4591,4567,UNWIND
4725,4593,HAS_BLOCK
4593,4595,FLOW
4593,4567,FLOW
4593,4567,UNWIND
4725,4595,HAS_BLOCK
4595,4562,FLOW
4725,4596,HAS_BLOCK
4596,4597,FLOW
4596,4599,FLOW
4725,4597,HAS_BLOCK
4597,4601,FLOW
4597,4567,FLOW
4597,4567,UNWIND
4725,4599,HAS_BLOCK
4599,4581,FLOW
4599,4567,FLOW
4599,4567,UNWIND
4725,4601,HAS_BLOCK
4601,4603,FLOW
4601,4571,FLOW
4601,4571,UNWIND
4725,4603,HAS_BLOCK
4603,4607,FLOW
4603,4571,FLOW
4603,4571,UNWIND
4725,4607,HAS_BLOCK
4607,4609,FLOW
4607,4566,FLOW
4607,4566,UNWIND
4725,4609,HAS_BLOCK
4609,4611,FLOW
4609,4566,FLOW
4609,4566,UNWIND
4725,4611,HAS_BLOCK
4611,4613,FLOW
4611,4565,FLOW
4611,4565,UNWIND
4725,4613,HAS_BLOCK
4613,4615,FLOW
4613,4565,FLOW
4613,4565,UNWIND
4725,4615,HAS_BLOCK
4615,4617,FLOW
4615,4565,FLOW
4615,4565,UNWIND
4725,4617,HAS_BLOCK
4617,4619,FLOW
4617,4565,FLOW
4617,4565,UNWIND
4725,4619,HAS_BLOCK
4619,4620,FLOW
4725,4620,HAS_BLOCK
4620,4622,FLOW
4620,4565,FLOW
4620,4565,UNWIND
4725,4622,HAS_BLOCK
4622,4627,FLOW
4622,4623,FLOW
4622,4686,FLOW
4725,4623,HAS_BLOCK
4623,4628,FLOW
4623,4565,FLOW
4623,4565,UNWIND
4725,4627,HAS_BLOCK
4627,4696,FLOW
4627,4717,FLOW
4725,4628,HAS_BLOCK
4628,4629,FLOW
4628,4620,FLOW
4725,4629,HAS_BLOCK
4629,4631,FLOW
4629,4565,FLOW
4629,4565,UNWIND
4725,4631,HAS_BLOCK
4631,4632,FLOW
4725,4632,HAS_BLOCK
4632,4634,FLOW
4632,4565,FLOW
4632,4565,UNWIND
4725,4634,HAS_BLOCK
4634,4620,FLOW
4634,4635,FLOW
4634,4686,FLOW
4725,4635,HAS_BLOCK
4635,4659,FLOW
4635,4642,FLOW
4635,4636,FLOW
4635,4637,FLOW
4635,4638,FLOW
4635,4641,FLOW
4635,4643,FLOW
4635,4644,FLOW
4635,4646,FLOW
4635,4648,FLOW
4635,4632,FLOW
4725,4636,HAS_BLOCK
4636,4658,FLOW
4636,4632,FLOW
4636,4686,FLOW
4725,4637,HAS_BLOCK
4637,4657,FLOW
4637,4632,FLOW
4637,4686,FLOW
4725,4638,HAS_BLOCK
4638,4655,FLOW
4638,4632,FLOW
4638,4686,FLOW
4725,4641,HAS_BLOCK
4641,4654,FLOW
4641,4632,FLOW
4641,4686,FLOW
4725,4642,HAS_BLOCK
4642,4652,FLOW
4642,4632,FLOW
4642,4686,FLOW
4725,4643,HAS_BLOCK
4643,4650,FLOW
4643,4632,FLOW
4643,4686,FLOW
4725,4644,HAS_BLOCK
4644,4683,FLOW
4644,4565,FLOW
4644,4565,UNWIND
4725,4646,HAS_BLOCK
4646,4678,FLOW
4646,4565,FLOW
4646,4565,UNWIND
4725,4648,HAS_BLOCK
4648,4677,FLOW
4648,4565,FLOW
4648,4565,UNWIND
4725,4650,HAS_BLOCK
4650,4676,FLOW
4650,4565,FLOW
4650,4565,UNWIND
4725,4652,HAS_BLOCK
4652,4675,FLOW
4652,4565,FLOW
4652,4565,UNWIND
4725,4654,HAS_BLOCK
4654,4666,FLOW
4725,4655,HAS_BLOCK
4655,4666,FLOW
4725,4657,HAS_BLOCK
4657,4666,FLOW
4725,4658,HAS_BLOCK
4658,4666,FLOW
4725,4659,HAS_BLOCK
4659,4661,FLOW
4659,4565,FLOW
4659,4565,UNWIND
4659,4466,CALL
4725,4661,HAS_BLOCK
4661,4632,FLOW
4661,4662,FLOW
4725,4662,HAS_BLOCK
4662,4663,FLOW
4662,4565,FLOW
4662,4565,UNWIND
4725,4663,HAS_BLOCK
4663,4665,FLOW
4663,4565,FLOW
4663,4565,UNWIND
4725,4665,HAS_BLOCK
4665,4632,FLOW
4725,4666,HAS_BLOCK
4666,4668,FLOW
4666,4565,FLOW
4666,4565,UNWIND
4666,4466,CALL
4725,4668,HAS_BLOCK
4668,4632,FLOW
4668,4669,FLOW
4725,4669,HAS_BLOCK
4669,4672,FLOW
4669,4565,FLOW
4669,4565,UNWIND
4725,4672,HAS_BLOCK
4672,4674,FLOW
4672,4565,FLOW
4672,4565,UNWIND
4725,4674,HAS_BLOCK
4674,4632,FLOW
4725,4675,HAS_BLOCK
4675,4632,FLOW
4725,4676,HAS_BLOCK
4676,4632,FLOW
4725,4677,HAS_BLOCK
4677,4632,FLOW
4725,4678,HAS_BLOCK
4678,4632,FLOW
4678,4679,FLOW
4725,4679,HAS_BLOCK
4679,4681,FLOW
4679,4565,FLOW
4679,4565,UNWIND
4725,4681,HAS_BLOCK
4681,4572,FLOW
4681,4565,FLOW
4681,4565,UNWIND
4725,4683,HAS_BLOCK
4683,4689,FLOW
4683,4684,FLOW
4725,4684,HAS_BLOCK
4684,4687,FLOW
4684,4565,FLOW
4684,4565,UNWIND
4725,4687,HAS_BLOCK
4687,4573,FLOW
4687,4565,FLOW
4687,4565,UNWIND
4725,4689,HAS_BLOCK
4689,4691,FLOW
4689,4565,FLOW
4689,4565,UNWIND
4725,4691,HAS_BLOCK
4691,4632,FLOW
4691,4692,FLOW
4725,4692,HAS_BLOCK
4692,4694,FLOW
4692,4565,FLOW
4692,4565,UNWIND
4725,4694,HAS_BLOCK
4694,4574,FLOW
4694,4565,FLOW
4694,4565,UNWIND
4725,4696,HAS_BLOCK
4696,4697,FLOW
4696,4717,FLOW
4725,4697,HAS_BLOCK
4697,4699,FLOW
4697,4565,FLOW
4697,4565,UNWIND
4725,4699,HAS_BLOCK
4699,4701,FLOW
4699,4565,FLOW
4699,4565,UNWIND
4725,4701,HAS_BLOCK
4701,4703,FLOW
4701,4565,FLOW
4701,4565,UNWIND
4725,4703,HAS_BLOCK
4703,4706,FLOW
4703,4565,FLOW
4703,4565,UNWIND
4725,4706,HAS_BLOCK
4706,4708,FLOW
4706,4565,FLOW
4706,4565,UNWIND
4725,4708,HAS_BLOCK
4708,4710,FLOW
4708,4565,FLOW
4708,4565,UNWIND
4725,4710,HAS_BLOCK
4710,4712,FLOW
4710,4565,FLOW
4710,4565,UNWIND
4725,4712,HAS_BLOCK
4712,4714,FLOW
4712,4565,FLOW
4712,4565,UNWIND
4725,4714,HAS_BLOCK
4714,4716,FLOW
4714,4565,FLOW
4714,4565,UNWIND
4725,4716,HAS_BLOCK
4716,4560,FLOW
4725,4717,HAS_BLOCK
4717,4719,FLOW
4717,4565,FLOW
4717,4565,UNWIND
4725,4719,HAS_BLOCK
4719,4721,FLOW
4719,4565,FLOW
4719,4565,UNWIND
4719,4519,CALL
4725,4721,HAS_BLOCK
4721,4723,FLOW
4721,4565,FLOW
4721,4565,UNWIND
4725,4723,HAS_BLOCK
4723,4525,FLOW
4725,4525,HAS_BLOCK
4525,4527,FLOW
4525,4564,FLOW
4525,4564,UNWIND
4725,4527,HAS_BLOCK
4527,4530,FLOW
4527,4528,FLOW
4527,4686,FLOW
4725,4528,HAS_BLOCK
4528,4531,FLOW
4528,4564,FLOW
4528,4564,UNWIND
4725,4530,HAS_BLOCK
4530,4555,FLOW
4530,4565,FLOW
4530,4565,UNWIND
4725,4531,HAS_BLOCK
4531,4533,FLOW
4531,4564,FLOW
4531,4564,UNWIND
4725,4533,HAS_BLOCK
4533,4525,FLOW
4533,4534,FLOW
4725,4534,HAS_BLOCK
4534,4536,FLOW
4534,4564,FLOW
4534,4564,UNWIND
4725,4536,HAS_BLOCK
4536,4537,FLOW
4536,4525,FLOW
4725,4537,HAS_BLOCK
4537,4539,FLOW
4537,4564,FLOW
4537,4564,UNWIND
4725,4539,HAS_BLOCK
4539,4542,FLOW
4539,4564,FLOW
4539,4564,UNWIND
4725,4542,HAS_BLOCK
4542,4544,FLOW
4542,4564,FLOW
4542,4564,UNWIND
4725,4544,HAS_BLOCK
4544,4546,FLOW
4544,4564,FLOW
4544,4564,UNWIND
4725,4546,HAS_BLOCK
4546,4548,FLOW
4546,4564,FLOW
4546,4564,UNWIND
4725,4548,HAS_BLOCK
4548,4550,FLOW
4548,4564,FLOW
4548,4564,UNWIND
4725,4550,HAS_BLOCK
4550,4552,FLOW
4550,4564,FLOW
4550,4564,UNWIND
4725,4552,HAS_BLOCK
4552,4554,FLOW
4552,4564,FLOW
4552,4564,UNWIND
4725,4554,HAS_BLOCK
4554,4560,FLOW
4554,4565,FLOW
4554,4565,UNWIND
4725,4555,HAS_BLOCK
4555,4556,FLOW
4555,4566,FLOW
4555,4566,UNWIND
4725,4556,HAS_BLOCK
4556,4656,FLOW
4556,4567,FLOW
4556,4567,UNWIND
4725,4557,HAS_BLOCK
4557,4563,FLOW
4725,4560,HAS_BLOCK
4560,4561,FLOW
4560,4566,FLOW
4560,4566,UNWIND
4725,4561,HAS_BLOCK
4561,4562,FLOW
4561,4567,FLOW
4561,4567,UNWIND
4725,4562,HAS_BLOCK
4562,4563,FLOW
4725,4563,HAS_BLOCK
4563,4725,RETURN
4725,4564,HAS_BLOCK
4564,4565,FLOW
4725,4565,HAS_BLOCK
4565,4566,FLOW
4725,4566,HAS_BLOCK
4566,4567,FLOW
4725,4567,HAS_BLOCK
4567,4568,FLOW
4725,4568,HAS_BLOCK
4725,4569,HAS_BLOCK
4569,4567,FLOW
4725,4571,HAS_BLOCK
4571,4567,FLOW
4571,4569,FLOW
4725,4572,HAS_BLOCK
4572,4632,FLOW
4725,4573,HAS_BLOCK
4573,4689,FLOW
4725,4574,HAS_BLOCK
4574,4632,FLOW
4454,4455,HAS_PARAM
4454,4456,HAS_PARAM
4454,4442,HAS_BLOCK
4442,4444,FLOW
4454,4444,HAS_BLOCK
4444,4445,FLOW
4444,4447,FLOW
4454,4445,HAS_BLOCK
4445,4448,FLOW
4454,4447,HAS_BLOCK
4447,4453,FLOW
4454,4448,HAS_BLOCK
4448,4450,FLOW
4448,4449,FLOW
4454,4449,HAS_BLOCK
4449,4453,FLOW
4454,4450,HAS_BLOCK
4450,4451,FLOW
4450,4449,FLOW
4454,4451,HAS_BLOCK
4451,4452,FLOW
4451,4449,FLOW
4454,4452,HAS_BLOCK
4452,4453,FLOW
4454,4453,HAS_BLOCK
4453,4454,RETURN
4466,4467,HAS_PARAM
4466,4468,HAS_PARAM
4466,4457,HAS_BLOCK
4457,4459,FLOW
4466,4459,HAS_BLOCK
4459,4461,FLOW
4459,4460,FLOW
4466,4460,HAS_BLOCK
4460,4465,FLOW
4466,4461,HAS_BLOCK
4461,4463,FLOW
4466,4463,HAS_BLOCK
4463,4465,FLOW
4466,4465,HAS_BLOCK
4465,4466,RETURN
4519,4520,HAS_PARAM
4519,4469,HAS_BLOCK
4469,4471,FLOW
4519,4471,HAS_BLOCK
4471,4503,FLOW
4471,4487,FLOW
4519,4487,HAS_BLOCK
4487,4498,FLOW
4519,4503,HAS_BLOCK
4503,4510,FLOW
4519,4510,HAS_BLOCK
4510,4512,FLOW
4510,4504,FLOW
4510,4504,UNWIND
4519,4512,HAS_BLOCK
4512,4505,FLOW
4519,4513,HAS_BLOCK
4513,4515,FLOW
4513,4499,FLOW
4513,4499,UNWIND
4519,4515,HAS_BLOCK
4515,4516,FLOW
4519,4516,HAS_BLOCK
4516,4518,FLOW
4516,4499,FLOW
4516,4499,UNWIND
4519,4518,HAS_BLOCK
4518,4472,FLOW
4518,4488,FLOW
4518,4479,FLOW
4519,4472,HAS_BLOCK
4472,4473,FLOW
4472,4499,FLOW
4472,4499,UNWIND
4519,4473,HAS_BLOCK
4473,4475,FLOW
4473,4499,FLOW
4473,4499,UNWIND
4519,4475,HAS_BLOCK
4475,4476,FLOW
4519,4476,HAS_BLOCK
4476,4478,FLOW
4476,4499,FLOW
4476,4499,UNWIND
4519,4478,HAS_BLOCK
4478,4516,FLOW
4478,4480,FLOW
4478,4479,FLOW
4519,4479,HAS_BLOCK
4519,4480,HAS_BLOCK
4480,4482,FLOW
4480,4499,FLOW
4480,4499,UNWIND
4519,4482,HAS_BLOCK
4482,4483,FLOW
4482,4476,FLOW
4519,4483,HAS_BLOCK
4483,4485,FLOW
4483,4499,FLOW
4483,4499,UNWIND
4519,4485,HAS_BLOCK
4485,4508,FLOW
4485,4499,FLOW
4485,4499,UNWIND
4519,4488,HAS_BLOCK
4488,4490,FLOW
4488,4499,FLOW
4488,4499,UNWIND
4519,4490,HAS_BLOCK
4490,4492,FLOW
4490,4499,FLOW
4490,4499,UNWIND
4519,4492,HAS_BLOCK
4492,4494,FLOW
4492,4499,FLOW
4492,4499,UNWIND
4519,4494,HAS_BLOCK
4494,4496,FLOW
4494,4499,FLOW
4494,4499,UNWIND
4519,4496,HAS_BLOCK
4496,4497,FLOW
4496,4504,FLOW
4496,4504,UNWIND
4519,4497,HAS_BLOCK
4497,4498,FLOW
4519,4498,HAS_BLOCK
4498,4519,RETURN
4519,4499,HAS_BLOCK
4499,4504,FLOW
4519,4500,HAS_BLOCK
4519,4501,HAS_BLOCK
4501,4500,FLOW
4519,4504,HAS_BLOCK
4504,4500,FLOW
4504,4501,FLOW
4519,4505,HAS_BLOCK
4505,4506,FLOW
4519,4506,HAS_BLOCK
4506,4513,FLOW
4506,4504,FLOW
4506,4504,UNWIND
4519,4508,HAS_BLOCK
4508,4476,FLOW
4729,4730,HAS_FIELD
4729,4732,HAS_FIELD
4729,4731,HAS_FIELD
4879,4880,HAS_PARAM
4879,4843,HAS_BLOCK
4843,4845,FLOW
4843,1961,CALL
4879,4845,HAS_BLOCK
4845,4862,FLOW
4845,4864,FLOW
4845,4864,UNWIND
4879,4862,HAS_BLOCK
4862,4867,FLOW
4862,4866,FLOW
4879,4866,HAS_BLOCK
4866,4859,FLOW
4879,4867,HAS_BLOCK
4867,4869,FLOW
4867,4864,FLOW
4867,4864,UNWIND
4867,4824,CALL
4879,4869,HAS_BLOCK
4869,4871,FLOW
4869,4863,FLOW
4869,4863,UNWIND
4879,4871,HAS_BLOCK
4871,4873,FLOW
4871,4863,FLOW
4871,4863,UNWIND
4879,4873,HAS_BLOCK
4873,4875,FLOW
4873,4863,FLOW
4873,4863,UNWIND
4879,4875,HAS_BLOCK
4875,4877,FLOW
4875,4863,FLOW
4875,4863,UNWIND
4879,4877,HAS_BLOCK
4877,4846,FLOW
4877,4863,FLOW
4877,4863,UNWIND
4879,4846,HAS_BLOCK
4846,4848,FLOW
4846,4863,FLOW
4846,4863,UNWIND
4879,4848,HAS_BLOCK
4848,4850,FLOW
4848,4863,FLOW
4848,4863,UNWIND
4879,4850,HAS_BLOCK
4850,4852,FLOW
4850,4863,FLOW
4850,4863,UNWIND
4879,4852,HAS_BLOCK
4852,4854,FLOW
4852,4860,FLOW
4852,4860,UNWIND
4879,4854,HAS_BLOCK
4854,4856,FLOW
4854,4860,FLOW
4854,4860,UNWIND
4854,4781,CALL
4879,4856,HAS_BLOCK
4856,4857,FLOW
4856,4863,FLOW
4856,4863,UNWIND
4879,4857,HAS_BLOCK
4857,4858,FLOW
4857,4864,FLOW
4857,4864,UNWIND
4879,4858,HAS_BLOCK
4858,4859,FLOW
4879,4859,HAS_BLOCK
4859,4879,RETURN
4879,4860,HAS_BLOCK
4860,4863,FLOW
4879,4863,HAS_BLOCK
4863,4864,FLOW
4879,4864,HAS_BLOCK
4864,4865,FLOW
4879,4865,HAS_BLOCK
4824,4825,HAS_PARAM
4824,4826,HAS_PARAM
4824,4784,HAS_BLOCK
4784,4786,FLOW
4824,4786,HAS_BLOCK
4786,4811,FLOW
4786,4801,FLOW
4824,4801,HAS_BLOCK
4801,4799,FLOW
4824,4811,HAS_BLOCK
4811,4813,FLOW
4824,4813,HAS_BLOCK
4813,4816,FLOW
4813,4814,FLOW
4824,4814,HAS_BLOCK
4814,4818,FLOW
4824,4816,HAS_BLOCK
4816,4818,FLOW
4824,4818,HAS_BLOCK
4818,4820,FLOW
4818,4803,FLOW
4818,4803,UNWIND
4818,4752,CALL
4824,4820,HAS_BLOCK
4820,4822,FLOW
4820,4802,FLOW
4820,4802,UNWIND
4820,4771,CALL
4824,4822,HAS_BLOCK
4822,4787,FLOW
4822,4800,FLOW
4822,4800,UNWIND
4824,4787,HAS_BLOCK
4787,4789,FLOW
4787,4806,FLOW
4787,4806,UNWIND
4824,4789,HAS_BLOCK
4789,4807,FLOW
4824,4790,HAS_BLOCK
4790,4792,FLOW
4790,4806,FLOW
4790,4806,UNWIND
4824,4792,HAS_BLOCK
4792,4794,FLOW
4792,4806,FLOW
4792,4806,UNWIND
4824,4794,HAS_BLOCK
4794,4796,FLOW
4794,4806,FLOW
4794,4806,UNWIND
4824,4796,HAS_BLOCK
4796,4797,FLOW
4796,4802,FLOW
4796,4802,UNWIND
4824,4797,HAS_BLOCK
4797,4798,FLOW
4797,4803,FLOW
4797,4803,UNWIND
4824,4798,HAS_BLOCK
4798,4799,FLOW
4824,4799,HAS_BLOCK
4799,4824,RETURN
4824,4800,HAS_BLOCK
4800,4802,FLOW
4824,4802,HAS_BLOCK
4802,4803,FLOW
4824,4803,HAS_BLOCK
4803,4804,FLOW
4824,4804,HAS_BLOCK
4824,4805,HAS_BLOCK
4805,4800,FLOW
4824,4806,HAS_BLOCK
4806,4800,FLOW
4806,4805,FLOW
4824,4807,HAS_BLOCK
4807,4808,FLOW
4824,4808,HAS_BLOCK
4808,4790,FLOW
4808,4806,FLOW
4808,4806,UNWIND
4841,4842,HAS_PARAM
4841,4827,HAS_BLOCK
4827,4829,FLOW
4827,4839,FLOW
4827,4839,UNWIND
4841,4829,HAS_BLOCK
4829,4831,FLOW
4829,4839,FLOW
4829,4839,UNWIND
4841,4831,HAS_BLOCK
4831,4833,FLOW
4831,4839,FLOW
4831,4839,UNWIND
4841,4833,HAS_BLOCK
4833,4835,FLOW
4833,4839,FLOW
4833,4839,UNWIND
4841,4835,HAS_BLOCK
4835,4837,FLOW
4835,4839,FLOW
4835,4839,UNWIND
4841,4837,HAS_BLOCK
4837,4838,FLOW
4841,4838,HAS_BLOCK
4838,4841,RETURN
4841,4839,HAS_BLOCK
4839,4840,FLOW
4841,4840,HAS_BLOCK
4752,4753,HAS_PARAM
4752,4754,HAS_PARAM
4752,4733,HAS_BLOCK
4733,4735,FLOW
4752,4735,HAS_BLOCK
4735,4741,FLOW
4735,4738,FLOW
4735,4738,UNWIND
4752,4741,HAS_BLOCK
4741,4742,FLOW
4752,4742,HAS_BLOCK
4742,4744,FLOW
4742,4738,FLOW
4742,4738,UNWIND
4752,4744,HAS_BLOCK
4744,4748,FLOW
4744,4746,FLOW
4744,4745,FLOW
4752,4745,HAS_BLOCK
4752,4746,HAS_BLOCK
4746,4749,FLOW
4746,4738,FLOW
4746,4738,UNWIND
4752,4748,HAS_BLOCK
4748,4752,RETURN
4752,4749,HAS_BLOCK
4749,4750,FLOW
4749,4738,FLOW
4749,4738,UNWIND
4752,4750,HAS_BLOCK
4750,4736,FLOW
4750,4738,FLOW
4750,4738,UNWIND
4752,4736,HAS_BLOCK
4736,4737,FLOW
4736,4738,FLOW
4736,4738,UNWIND
4752,4737,HAS_BLOCK
4737,4742,FLOW
4752,4738,HAS_BLOCK
4738,4739,FLOW
4752,4739,HAS_BLOCK
4771,4772,HAS_PARAM
4771,4773,HAS_PARAM
4771,4755,HAS_BLOCK
4755,4757,FLOW
4771,4757,HAS_BLOCK
4757,4761,FLOW
4757,4758,FLOW
4757,4758,UNWIND
4771,4761,HAS_BLOCK
4761,4762,FLOW
4771,4762,HAS_BLOCK
4762,4764,FLOW
4762,4758,FLOW
4762,4758,UNWIND
4771,4764,HAS_BLOCK
4764,4768,FLOW
4764,4766,FLOW
4764,4765,FLOW
4771,4765,HAS_BLOCK
4771,4766,HAS_BLOCK
4766,4769,FLOW
4766,4758,FLOW
4766,4758,UNWIND
4771,4768,HAS_BLOCK
4768,4771,RETURN
4771,4769,HAS_BLOCK
4769,4770,FLOW
4769,4758,FLOW
4769,4758,UNWIND
4771,4770,HAS_BLOCK
4770,4762,FLOW
4771,4758,HAS_BLOCK
4758,4759,FLOW
4771,4759,HAS_BLOCK
4781,4782,HAS_PARAM
4781,4783,HAS_PARAM
4781,4774,HAS_BLOCK
4774,4776,FLOW
4781,4776,HAS_BLOCK
4776,4778,FLOW
4781,4778,HAS_BLOCK
4778,4780,FLOW
4781,4780,HAS_BLOCK
4780,4781,RETURN
5179,5180,HAS_PARAM
5179,5181,HAS_PARAM
5179,5083,HAS_BLOCK
5083,5097,FLOW
5083,5095,FLOW
5083,5091,FLOW
5083,5175,FLOW
5083,5089,FLOW
5083,5085,FLOW
5083,5177,FLOW
5083,5105,FLOW
5083,5173,FLOW
5083,5171,FLOW
5083,5093,FLOW
5083,5122,FLOW
5083,5087,FLOW
5083,5141,FLOW
5083,5158,FLOW
5083,5084,FLOW
5179,5084,HAS_BLOCK
5084,5162,FLOW
5179,5105,HAS_BLOCK
5105,5159,FLOW
5179,5122,HAS_BLOCK
5122,5154,FLOW
5179,5141,HAS_BLOCK
5141,5151,FLOW
5179,5158,HAS_BLOCK
5158,5148,FLOW
5179,5171,HAS_BLOCK
5171,5145,FLOW
5179,5173,HAS_BLOCK
5173,5142,FLOW
5179,5175,HAS_BLOCK
5175,5137,FLOW
5179,5177,HAS_BLOCK
5177,5134,FLOW
5179,5085,HAS_BLOCK
5085,5119,FLOW
5179,5087,HAS_BLOCK
5087,5116,FLOW
5179,5089,HAS_BLOCK
5089,5113,FLOW
5179,5091,HAS_BLOCK
5091,5110,FLOW
5179,5093,HAS_BLOCK
5093,5107,FLOW
5179,5095,HAS_BLOCK
5095,5102,FLOW
5179,5097,HAS_BLOCK
5097,5099,FLOW
5179,5099,HAS_BLOCK
5099,5101,FLOW
5179,5101,HAS_BLOCK
5101,5169,FLOW
5179,5102,HAS_BLOCK
5102,5106,FLOW
5179,5106,HAS_BLOCK
5106,5169,FLOW
5179,5107,HAS_BLOCK
5107,5109,FLOW
5179,5109,HAS_BLOCK
5109,5169,FLOW
5179,5110,HAS_BLOCK
5110,5112,FLOW
5179,5112,HAS_BLOCK
5112,5169,FLOW
5179,5113,HAS_BLOCK
5113,5115,FLOW
5179,5115,HAS_BLOCK
5115,5169,FLOW
5179,5116,HAS_BLOCK
5116,5118,FLOW
5179,5118,HAS_BLOCK
5118,5169,FLOW
5179,5119,HAS_BLOCK
5119,5123,FLOW
5179,5123,HAS_BLOCK
5123,5125,FLOW
5179,5125,HAS_BLOCK
5125,5127,FLOW
5179,5127,HAS_BLOCK
5127,5129,FLOW
5179,5129,HAS_BLOCK
5129,5131,FLOW
5179,5131,HAS_BLOCK
5131,5133,FLOW
5179,5133,HAS_BLOCK
5133,5169,FLOW
5179,5134,HAS_BLOCK
5134,5136,FLOW
5179,5136,HAS_BLOCK
5136,5169,FLOW
5179,5137,HAS_BLOCK
5137,5139,FLOW
5179,5139,HAS_BLOCK
5139,5169,FLOW
5179,5142,HAS_BLOCK
5142,5144,FLOW
5179,5144,HAS_BLOCK
5144,5169,FLOW
5179,5145,HAS_BLOCK
5145,5147,FLOW
5179,5147,HAS_BLOCK
5147,5169,FLOW
5179,5148,HAS_BLOCK
5148,5150,FLOW
5179,5150,HAS_BLOCK
5150,5169,FLOW
5179,5151,HAS_BLOCK
5151,5153,FLOW
5179,5153,HAS_BLOCK
5153,5169,FLOW
5179,5154,HAS_BLOCK
5154,5156,FLOW
5179,5156,HAS_BLOCK
5156,5169,FLOW
5179,5159,HAS_BLOCK
5159,5161,FLOW
5179,5161,HAS_BLOCK
5161,5169,FLOW
5179,5162,HAS_BLOCK
5162,5164,FLOW
5179,5164,HAS_BLOCK
5164,5166,FLOW
5179,5166,HAS_BLOCK
5166,5168,FLOW
5179,5168,HAS_BLOCK
5168,5169,FLOW
5179,5169,HAS_BLOCK
5169,5179,RETURN
5202,5203,HAS_PARAM
5202,5182,HAS_BLOCK
5182,5184,FLOW
5202,5184,HAS_BLOCK
5184,5189,FLOW
5184,5188,FLOW
5202,5188,HAS_BLOCK
5188,5185,FLOW
5202,5189,HAS_BLOCK
5189,5191,FLOW
5202,5191,HAS_BLOCK
5191,5193,FLOW
5202,5193,HAS_BLOCK
5193,5195,FLOW
5202,5195,HAS_BLOCK
5195,5197,FLOW
5202,5197,HAS_BLOCK
5197,5199,FLOW
5197,5186,FLOW
5197,5186,UNWIND
5202,5199,HAS_BLOCK
5199,5201,FLOW
5199,5186,FLOW
5199,5186,UNWIND
5202,5201,HAS_BLOCK
5201,5185,FLOW
5202,5185,HAS_BLOCK
5185,5202,RETURN
5202,5186,HAS_BLOCK
5186,5187,FLOW
5202,5187,HAS_BLOCK
5388,5389,HAS_PARAM
5388,5211,HAS_BLOCK
5211,5213,FLOW
5388,5213,HAS_BLOCK
5213,5258,FLOW
5213,5241,FLOW
5388,5241,HAS_BLOCK
5241,5384,FLOW
5388,5258,HAS_BLOCK
5258,5278,FLOW
5388,5278,HAS_BLOCK
5278,5294,FLOW
5388,5294,HAS_BLOCK
5294,5313,FLOW
5388,5313,HAS_BLOCK
5313,5332,FLOW
5388,5332,HAS_BLOCK
5332,5353,FLOW
5332,5218,FLOW
5332,5218,UNWIND
5332,2206,CALL
5388,5353,HAS_BLOCK
5353,5373,FLOW
5353,5217,FLOW
5353,5217,UNWIND
5388,5373,HAS_BLOCK
5373,5214,FLOW
5373,5217,FLOW
5373,5217,UNWIND
5388,5214,HAS_BLOCK
5214,5226,FLOW
5214,5216,FLOW
5214,5216,UNWIND
5388,5226,HAS_BLOCK
5226,5228,FLOW
5388,5228,HAS_BLOCK
5228,5230,FLOW
5228,5216,FLOW
5228,5216,UNWIND
5388,5230,HAS_BLOCK
5230,5234,FLOW
5230,5232,FLOW
5230,5231,FLOW
5388,5231,HAS_BLOCK
5388,5232,HAS_BLOCK
5232,5236,FLOW
5232,5216,FLOW
5232,5216,UNWIND
5388,5234,HAS_BLOCK
5234,5252,FLOW
5234,5216,FLOW
5234,5216,UNWIND
5388,5236,HAS_BLOCK
5236,5238,FLOW
5236,5216,FLOW
5236,5216,UNWIND
5388,5238,HAS_BLOCK
5238,5239,FLOW
5388,5239,HAS_BLOCK
5239,5242,FLOW
5239,5216,FLOW
5239,5216,UNWIND
5388,5242,HAS_BLOCK
5242,5228,FLOW
5242,5243,FLOW
5242,5231,FLOW
5388,5243,HAS_BLOCK
5243,5245,FLOW
5243,5216,FLOW
5243,5216,UNWIND
5388,5245,HAS_BLOCK
5245,5239,FLOW
5245,5246,FLOW
5388,5246,HAS_BLOCK
5246,5248,FLOW
5246,5216,FLOW
5246,5216,UNWIND
5388,5248,HAS_BLOCK
5248,5250,FLOW
5248,5216,FLOW
5248,5216,UNWIND
5388,5250,HAS_BLOCK
5250,5220,FLOW
5250,5216,FLOW
5250,5216,UNWIND
5388,5252,HAS_BLOCK
5252,5254,FLOW
5252,5216,FLOW
5252,5216,UNWIND
5388,5254,HAS_BLOCK
5254,5255,FLOW
5388,5255,HAS_BLOCK
5255,5257,FLOW
5255,5216,FLOW
5255,5216,UNWIND
5388,5257,HAS_BLOCK
5257,5261,FLOW
5257,5259,FLOW
5257,5231,FLOW
5388,5259,HAS_BLOCK
5259,5263,FLOW
5259,5216,FLOW
5259,5216,UNWIND
5388,5261,HAS_BLOCK
5261,5267,FLOW
5261,5216,FLOW
5261,5216,UNWIND
5388,5263,HAS_BLOCK
5263,5265,FLOW
5263,5216,FLOW
5263,5216,UNWIND
5388,5265,HAS_BLOCK
5265,5221,FLOW
5265,5216,FLOW
5265,5216,UNWIND
5388,5267,HAS_BLOCK
5267,5269,FLOW
5267,5216,FLOW
5267,5216,UNWIND
5388,5269,HAS_BLOCK
5269,5271,FLOW
5269,5216,FLOW
5269,5216,UNWIND
5388,5271,HAS_BLOCK
5271,5273,FLOW
5271,5216,FLOW
5271,5216,UNWIND
5388,5273,HAS_BLOCK
5273,5274,FLOW
5388,5274,HAS_BLOCK
5274,5276,FLOW
5274,5216,FLOW
5274,5216,UNWIND
5388,5276,HAS_BLOCK
5276,5280,FLOW
5276,5279,FLOW
5276,5231,FLOW
5388,5279,HAS_BLOCK
5279,5281,FLOW
5279,5274,FLOW
5388,5280,HAS_BLOCK
5280,5382,FLOW
5280,5217,FLOW
5280,5217,UNWIND
5388,5281,HAS_BLOCK
5281,5283,FLOW
5281,5216,FLOW
5281,5216,UNWIND
5388,5283,HAS_BLOCK
5283,5285,FLOW
5283,5216,FLOW
5283,5216,UNWIND
5388,5285,HAS_BLOCK
5285,5287,FLOW
5285,5216,FLOW
5285,5216,UNWIND
5388,5287,HAS_BLOCK
5287,5288,FLOW
5287,5289,FLOW
5287,5231,FLOW
5388,5288,HAS_BLOCK
5288,5274,FLOW
5288,5290,FLOW
5288,5231,FLOW
5388,5289,HAS_BLOCK
5289,5291,FLOW
5388,5290,HAS_BLOCK
5290,5291,FLOW
5388,5291,HAS_BLOCK
5291,5295,FLOW
5291,5216,FLOW
5291,5216,UNWIND
5388,5295,HAS_BLOCK
5295,5297,FLOW
5295,5216,FLOW
5295,5216,UNWIND
5388,5297,HAS_BLOCK
5297,5307,FLOW
5297,5298,FLOW
5388,5298,HAS_BLOCK
5298,5300,FLOW
5298,5216,FLOW
5298,5216,UNWIND
5388,5300,HAS_BLOCK
5300,5307,FLOW
5300,5301,FLOW
5388,5301,HAS_BLOCK
5301,5303,FLOW
5301,5216,FLOW
5301,5216,UNWIND
5388,5303,HAS_BLOCK
5303,5305,FLOW
5303,5216,FLOW
5303,5216,UNWIND
5388,5305,HAS_BLOCK
5305,5222,FLOW
5305,5216,FLOW
5305,5216,UNWIND
5388,5307,HAS_BLOCK
5307,5309,FLOW
5307,5216,FLOW
5307,5216,UNWIND
5388,5309,HAS_BLOCK
5309,5310,FLOW
5309,5341,FLOW
5309,5231,FLOW
5388,5310,HAS_BLOCK
5310,5314,FLOW
5310,5216,FLOW
5310,5216,UNWIND
5388,5314,HAS_BLOCK
5314,5323,FLOW
5314,5315,FLOW
5388,5315,HAS_BLOCK
5315,5317,FLOW
5315,5216,FLOW
5315,5216,UNWIND
5388,5317,HAS_BLOCK
5317,5319,FLOW
5317,5216,FLOW
5317,5216,UNWIND
5388,5319,HAS_BLOCK
5319,5321,FLOW
5319,5216,FLOW
5319,5216,UNWIND
5388,5321,HAS_BLOCK
5321,5223,FLOW
5321,5216,FLOW
5321,5216,UNWIND
5388,5323,HAS_BLOCK
5323,5324,FLOW
5323,5341,FLOW
5323,5231,FLOW
5388,5324,HAS_BLOCK
5324,5326,FLOW
5324,5216,FLOW
5324,5216,UNWIND
5388,5326,HAS_BLOCK
5326,5328,FLOW
5326,5216,FLOW
5326,5216,UNWIND
5388,5328,HAS_BLOCK
5328,5329,FLOW
5328,5341,FLOW
5388,5329,HAS_BLOCK
5329,5333,FLOW
5329,5216,FLOW
5329,5216,UNWIND
5388,5333,HAS_BLOCK
5333,5335,FLOW
5333,5216,FLOW
5333,5216,UNWIND
5388,5335,HAS_BLOCK
5335,5337,FLOW
5335,5216,FLOW
5335,5216,UNWIND
5388,5337,HAS_BLOCK
5337,5339,FLOW
5337,5216,FLOW
5337,5216,UNWIND
5388,5339,HAS_BLOCK
5339,5224,FLOW
5339,5216,FLOW
5339,5216,UNWIND
5388,5341,HAS_BLOCK
5341,5343,FLOW
5341,5216,FLOW
5341,5216,UNWIND
5388,5343,HAS_BLOCK
5343,5274,FLOW
5343,5344,FLOW
5343,5231,FLOW
5388,5344,HAS_BLOCK
5344,5346,FLOW
5344,5216,FLOW
5344,5216,UNWIND
5388,5346,HAS_BLOCK
5346,5348,FLOW
5346,5215,FLOW
5346,5215,UNWIND
5388,5348,HAS_BLOCK
5348,5350,FLOW
5348,5215,FLOW
5348,5215,UNWIND
5388,5350,HAS_BLOCK
5350,5354,FLOW
5350,5215,FLOW
5350,5215,UNWIND
5388,5354,HAS_BLOCK
5354,5356,FLOW
5354,5215,FLOW
5354,5215,UNWIND
5388,5356,HAS_BLOCK
5356,5357,FLOW
5356,5386,FLOW
5356,5386,UNWIND
5388,5357,HAS_BLOCK
5357,5359,FLOW
5357,5386,FLOW
5357,5386,UNWIND
5388,5359,HAS_BLOCK
5359,5361,FLOW
5359,5386,FLOW
5359,5386,UNWIND
5388,5361,HAS_BLOCK
5361,5363,FLOW
5361,5386,FLOW
5361,5386,UNWIND
5388,5363,HAS_BLOCK
5363,5365,FLOW
5363,5386,FLOW
5363,5386,UNWIND
5388,5365,HAS_BLOCK
5365,5367,FLOW
5365,5385,FLOW
5365,5385,UNWIND
5388,5367,HAS_BLOCK
5367,5368,FLOW
5367,5380,FLOW
5388,5368,HAS_BLOCK
5368,5370,FLOW
5368,5385,FLOW
5368,5385,UNWIND
5388,5370,HAS_BLOCK
5370,5374,FLOW
5370,5385,FLOW
5370,5385,UNWIND
5388,5374,HAS_BLOCK
5374,5376,FLOW
5374,5385,FLOW
5374,5385,UNWIND
5388,5376,HAS_BLOCK
5376,5378,FLOW
5376,5385,FLOW
5376,5385,UNWIND
5388,5378,HAS_BLOCK
5378,5227,FLOW
5378,5385,FLOW
5378,5385,UNWIND
5388,5380,HAS_BLOCK
5380,5381,FLOW
5380,5386,FLOW
5380,5386,UNWIND
5388,5381,HAS_BLOCK
5381,5274,FLOW
5381,5216,FLOW
5381,5216,UNWIND
5388,5382,HAS_BLOCK
5382,5383,FLOW
5382,5218,FLOW
5382,5218,UNWIND
5388,5383,HAS_BLOCK
5383,5384,FLOW
5388,5384,HAS_BLOCK
5384,5388,RETURN
5388,5385,HAS_BLOCK
5385,5386,FLOW
5388,5386,HAS_BLOCK
5386,5216,FLOW
5388,5215,HAS_BLOCK
5215,5216,FLOW
5388,5216,HAS_BLOCK
5216,5217,FLOW
5388,5217,HAS_BLOCK
5217,5218,FLOW
5388,5218,HAS_BLOCK
5218,5219,FLOW
5388,5219,HAS_BLOCK
5388,5220,HAS_BLOCK
5220,5239,FLOW
5388,5221,HAS_BLOCK
5221,5255,FLOW
5388,5222,HAS_BLOCK
5222,5307,FLOW
5388,5223,HAS_BLOCK
5223,5323,FLOW
5388,5224,HAS_BLOCK
5224,5341,FLOW
5388,5227,HAS_BLOCK
5227,5380,FLOW
5629,5630,HAS_PARAM
5629,5597,HAS_BLOCK
5597,5599,FLOW
5629,5599,HAS_BLOCK
5599,5615,FLOW
5599,5612,FLOW
5629,5612,HAS_BLOCK
5612,5610,FLOW
5629,5615,HAS_BLOCK
5615,5617,FLOW
5615,2206,CALL
5629,5617,HAS_BLOCK
5617,5619,FLOW
5617,5613,FLOW
5617,5613,UNWIND
5629,5619,HAS_BLOCK
5619,5621,FLOW
5619,5613,FLOW
5619,5613,UNWIND
5629,5621,HAS_BLOCK
5621,5623,FLOW
5621,5611,FLOW
5621,5611,UNWIND
5629,5623,HAS_BLOCK
5623,5625,FLOW
5623,5611,FLOW
5623,5611,UNWIND
5629,5625,HAS_BLOCK
5625,5627,FLOW
5625,5611,FLOW
5625,5611,UNWIND
5629,5627,HAS_BLOCK
5627,5600,FLOW
5627,5611,FLOW
5627,5611,UNWIND
5629,5600,HAS_BLOCK
5600,5601,FLOW
5629,5601,HAS_BLOCK
5601,5603,FLOW
5601,5611,FLOW
5601,5611,UNWIND
5629,5603,HAS_BLOCK
5603,5606,FLOW
5603,5605,FLOW
5603,5604,FLOW
5629,5604,HAS_BLOCK
5629,5605,HAS_BLOCK
5605,5601,FLOW
5629,5606,HAS_BLOCK
5606,5608,FLOW
5606,5611,FLOW
5606,5611,UNWIND
5606,5575,CALL
5629,5608,HAS_BLOCK
5608,5609,FLOW
5608,5613,FLOW
5608,5613,UNWIND
5629,5609,HAS_BLOCK
5609,5610,FLOW
5629,5610,HAS_BLOCK
5610,5629,RETURN
5629,5611,HAS_BLOCK
5611,5613,FLOW
5629,5613,HAS_BLOCK
5613,5614,FLOW
5629,5614,HAS_BLOCK
5575,5576,HAS_PARAM
5575,5466,HAS_BLOCK
5466,5468,FLOW
5466,5464,CALL
5575,5468,HAS_BLOCK
5468,5486,FLOW
5468,5560,FLOW
5468,5560,UNWIND
5575,5486,HAS_BLOCK
5486,5503,FLOW
5486,5559,FLOW
5486,5559,UNWIND
5575,5503,HAS_BLOCK
5503,5520,FLOW
5503,5559,FLOW
5503,5559,UNWIND
5575,5520,HAS_BLOCK
5520,5537,FLOW
5575,5537,HAS_BLOCK
5537,5555,FLOW
5537,5559,FLOW
5537,5559,UNWIND
5575,5555,HAS_BLOCK
5555,5573,FLOW
5555,5571,FLOW
5555,5566,FLOW
5575,5566,HAS_BLOCK
5575,5571,HAS_BLOCK
5571,5469,FLOW
5571,5559,FLOW
5571,5559,UNWIND
5575,5573,HAS_BLOCK
5573,5480,FLOW
5573,5559,FLOW
5573,5559,UNWIND
5575,5469,HAS_BLOCK
5469,5471,FLOW
5469,5559,FLOW
5469,5559,UNWIND
5575,5471,HAS_BLOCK
5471,5472,FLOW
5575,5472,HAS_BLOCK
5472,5474,FLOW
5472,5559,FLOW
5472,5559,UNWIND
5575,5474,HAS_BLOCK
5474,5537,FLOW
5474,5475,FLOW
5474,5566,FLOW
5575,5475,HAS_BLOCK
5475,5477,FLOW
5475,5559,FLOW
5475,5559,UNWIND
5575,5477,HAS_BLOCK
5477,5472,FLOW
5477,5478,FLOW
5575,5478,HAS_BLOCK
5478,5567,FLOW
5478,5559,FLOW
5478,5559,UNWIND
5575,5480,HAS_BLOCK
5480,5482,FLOW
5480,5565,FLOW
5480,5565,UNWIND
5575,5482,HAS_BLOCK
5482,5483,FLOW
5575,5483,HAS_BLOCK
5483,5487,FLOW
5483,5565,FLOW
5483,5565,UNWIND
5575,5487,HAS_BLOCK
5487,5489,FLOW
5487,5488,FLOW
5487,5566,FLOW
5575,5488,HAS_BLOCK
5488,5491,FLOW
5488,5483,FLOW
5575,5489,HAS_BLOCK
5489,5513,FLOW
5489,5565,FLOW
5489,5565,UNWIND
5575,5491,HAS_BLOCK
5491,5492,FLOW
5491,5483,FLOW
5575,5492,HAS_BLOCK
5492,5494,FLOW
5492,5565,FLOW
5492,5565,UNWIND
5492,5593,CALL
5575,5494,HAS_BLOCK
5494,5495,FLOW
5494,5500,FLOW
5494,5566,FLOW
5575,5495,HAS_BLOCK
5495,5497,FLOW
5495,5565,FLOW
5495,5565,UNWIND
5575,5497,HAS_BLOCK
5497,5500,FLOW
5497,5498,FLOW
5575,5498,HAS_BLOCK
5498,5568,FLOW
5498,5565,FLOW
5498,5565,UNWIND
5575,5500,HAS_BLOCK
5500,5504,FLOW
5500,5565,FLOW
5500,5565,UNWIND
5575,5504,HAS_BLOCK
5504,5505,FLOW
5575,5505,HAS_BLOCK
5505,5507,FLOW
5505,5565,FLOW
5505,5565,UNWIND
5575,5507,HAS_BLOCK
5507,5483,FLOW
5507,5508,FLOW
5507,5566,FLOW
5575,5508,HAS_BLOCK
5508,5510,FLOW
5508,5565,FLOW
5508,5565,UNWIND
5575,5510,HAS_BLOCK
5510,5505,FLOW
5510,5511,FLOW
5575,5511,HAS_BLOCK
5511,5569,FLOW
5511,5565,FLOW
5511,5565,UNWIND
5575,5513,HAS_BLOCK
5513,5515,FLOW
5513,5514,FLOW
5575,5514,HAS_BLOCK
5514,5556,FLOW
5514,5559,FLOW
5514,5559,UNWIND
5575,5515,HAS_BLOCK
5515,5517,FLOW
5515,5565,FLOW
5515,5565,UNWIND
5575,5517,HAS_BLOCK
5517,5521,FLOW
5517,5563,FLOW
5517,5563,UNWIND
5575,5521,HAS_BLOCK
5521,5523,FLOW
5521,5563,FLOW
5521,5563,UNWIND
5575,5523,HAS_BLOCK
5523,5524,FLOW
5575,5524,HAS_BLOCK
5524,5526,FLOW
5524,5563,FLOW
5524,5563,UNWIND
5575,5526,HAS_BLOCK
5526,5529,FLOW
5526,5527,FLOW
5526,5566,FLOW
5575,5527,HAS_BLOCK
5527,5531,FLOW
5527,5563,FLOW
5527,5563,UNWIND
5575,5529,HAS_BLOCK
5529,5542,FLOW
5529,5563,FLOW
5529,5563,UNWIND
5575,5531,HAS_BLOCK
5531,5533,FLOW
5531,5563,FLOW
5531,5563,UNWIND
5575,5533,HAS_BLOCK
5533,5534,FLOW
5575,5534,HAS_BLOCK
5534,5536,FLOW
5534,5563,FLOW
5534,5563,UNWIND
5575,5536,HAS_BLOCK
5536,5524,FLOW
5536,5538,FLOW
5536,5566,FLOW
5575,5538,HAS_BLOCK
5538,5540,FLOW
5538,5563,FLOW
5538,5563,UNWIND
5575,5540,HAS_BLOCK
5540,5570,FLOW
5540,5563,FLOW
5540,5563,UNWIND
5575,5542,HAS_BLOCK
5542,5544,FLOW
5542,5563,FLOW
5542,5563,UNWIND
5575,5544,HAS_BLOCK
5544,5546,FLOW
5544,5563,FLOW
5544,5563,UNWIND
5575,5546,HAS_BLOCK
5546,5548,FLOW
5546,5563,FLOW
5546,5563,UNWIND
5575,5548,HAS_BLOCK
5548,5550,FLOW
5548,5563,FLOW
5548,5563,UNWIND
5575,5550,HAS_BLOCK
5550,5551,FLOW
5550,5552,FLOW
5550,5552,UNWIND
5575,5551,HAS_BLOCK
5551,5553,FLOW
5551,5560,FLOW
5551,5560,UNWIND
5575,5552,HAS_BLOCK
5552,5563,FLOW
5575,5553,HAS_BLOCK
5553,5558,FLOW
5575,5556,HAS_BLOCK
5556,5557,FLOW
5556,5560,FLOW
5556,5560,UNWIND
5575,5557,HAS_BLOCK
5557,5558,FLOW
5575,5558,HAS_BLOCK
5558,5575,RETURN
5575,5559,HAS_BLOCK
5559,5560,FLOW
5575,5560,HAS_BLOCK
5560,5561,FLOW
5575,5561,HAS_BLOCK
5575,5562,HAS_BLOCK
5562,5565,FLOW
5575,5563,HAS_BLOCK
5563,5565,FLOW
5563,5562,FLOW
5575,5564,HAS_BLOCK
5564,5559,FLOW
5575,5565,HAS_BLOCK
5565,5559,FLOW
5565,5564,FLOW
5575,5567,HAS_BLOCK
5567,5472,FLOW
5575,5568,HAS_BLOCK
5568,5500,FLOW
5575,5569,HAS_BLOCK
5569,5505,FLOW
5575,5570,HAS_BLOCK
5570,5534,FLOW
5464,5465,HAS_PARAM
5464,5391,HAS_BLOCK
5391,5393,FLOW
5464,5393,HAS_BLOCK
5393,5411,FLOW
5393,5453,FLOW
5393,5453,UNWIND
5464,5411,HAS_BLOCK
5411,5428,FLOW
5411,5453,FLOW
5411,5453,UNWIND
5464,5428,HAS_BLOCK
5428,5443,FLOW
5464,5443,HAS_BLOCK
5443,5457,FLOW
5443,5453,FLOW
5443,5453,UNWIND
5464,5457,HAS_BLOCK
5457,5461,FLOW
5457,5459,FLOW
5457,5458,FLOW
5464,5458,HAS_BLOCK
5464,5459,HAS_BLOCK
5459,5462,FLOW
5459,5453,FLOW
5459,5453,UNWIND
5464,5461,HAS_BLOCK
5461,5464,RETURN
5464,5462,HAS_BLOCK
5462,5394,FLOW
5462,5453,FLOW
5462,5453,UNWIND
5464,5394,HAS_BLOCK
5394,5396,FLOW
5394,5453,FLOW
5394,5453,UNWIND
5464,5396,HAS_BLOCK
5396,5397,FLOW
5396,5443,FLOW
5396,5458,FLOW
5464,5397,HAS_BLOCK
5397,5398,FLOW
5397,5443,FLOW
5464,5398,HAS_BLOCK
5398,5400,FLOW
5398,5453,FLOW
5398,5453,UNWIND
5464,5400,HAS_BLOCK
5400,5402,FLOW
5400,5453,FLOW
5400,5453,UNWIND
5464,5402,HAS_BLOCK
5402,5404,FLOW
5402,5452,FLOW
5402,5452,UNWIND
5464,5404,HAS_BLOCK
5404,5406,FLOW
5404,5452,FLOW
5404,5452,UNWIND
5464,5406,HAS_BLOCK
5406,5407,FLOW
5464,5407,HAS_BLOCK
5407,5409,FLOW
5407,5452,FLOW
5407,5452,UNWIND
5464,5409,HAS_BLOCK
5409,5414,FLOW
5409,5412,FLOW
5409,5458,FLOW
5464,5412,HAS_BLOCK
5412,5415,FLOW
5412,5452,FLOW
5412,5452,UNWIND
5464,5414,HAS_BLOCK
5414,5443,FLOW
5414,5453,FLOW
5414,5453,UNWIND
5464,5415,HAS_BLOCK
5415,5416,FLOW
5415,5407,FLOW
5464,5416,HAS_BLOCK
5416,5418,FLOW
5416,5452,FLOW
5416,5452,UNWIND
5464,5418,HAS_BLOCK
5418,5420,FLOW
5418,5452,FLOW
5418,5452,UNWIND
5464,5420,HAS_BLOCK
5420,5422,FLOW
5420,5452,FLOW
5420,5452,UNWIND
5464,5422,HAS_BLOCK
5422,5424,FLOW
5422,5452,FLOW
5422,5452,UNWIND
5464,5424,HAS_BLOCK
5424,5425,FLOW
5424,5407,FLOW
5424,5458,FLOW
5464,5425,HAS_BLOCK
5425,5432,FLOW
5425,5431,FLOW
5425,5430,FLOW
5425,5429,FLOW
5425,5426,FLOW
5464,5426,HAS_BLOCK
5426,5434,FLOW
5464,5429,HAS_BLOCK
5429,5433,FLOW
5464,5430,HAS_BLOCK
5430,5433,FLOW
5464,5431,HAS_BLOCK
5431,5433,FLOW
5464,5432,HAS_BLOCK
5432,5433,FLOW
5464,5433,HAS_BLOCK
5433,5434,FLOW
5464,5434,HAS_BLOCK
5434,5435,FLOW
5434,5407,FLOW
5434,5458,FLOW
5464,5435,HAS_BLOCK
5435,5437,FLOW
5435,5452,FLOW
5435,5452,UNWIND
5464,5437,HAS_BLOCK
5437,5439,FLOW
5437,5452,FLOW
5437,5452,UNWIND
5464,5439,HAS_BLOCK
5439,5441,FLOW
5439,5452,FLOW
5439,5452,UNWIND
5464,5441,HAS_BLOCK
5441,5444,FLOW
5441,5452,FLOW
5441,5452,UNWIND
5464,5444,HAS_BLOCK
5444,5446,FLOW
5444,5452,FLOW
5444,5452,UNWIND
5464,5446,HAS_BLOCK
5446,5448,FLOW
5446,5452,FLOW
5446,5452,UNWIND
5464,5448,HAS_BLOCK
5448,5450,FLOW
5448,5452,FLOW
5448,5452,UNWIND
5464,5450,HAS_BLOCK
5450,5455,FLOW
5450,5452,FLOW
5450,5452,UNWIND
5464,5452,HAS_BLOCK
5452,5453,FLOW
5464,5453,HAS_BLOCK
5453,5454,FLOW
5464,5454,HAS_BLOCK
5464,5455,HAS_BLOCK
5455,5407,FLOW
5593,5594,HAS_PARAM
5593,5595,HAS_PARAM
5593,5596,HAS_PARAM
5593,5577,HAS_BLOCK
5577,5579,FLOW
5593,5579,HAS_BLOCK
5579,5583,FLOW
5579,5584,FLOW
5593,5583,HAS_BLOCK
5583,5588,FLOW
5583,5587,FLOW
5583,5586,FLOW
5583,5585,FLOW
5593,5584,HAS_BLOCK
5584,5582,FLOW
5593,5585,HAS_BLOCK
5585,5582,FLOW
5593,5586,HAS_BLOCK
5586,5589,FLOW
5593,5587,HAS_BLOCK
5587,5589,FLOW
5593,5588,HAS_BLOCK
5588,5582,FLOW
5593,5589,HAS_BLOCK
5589,5591,FLOW
5593,5591,HAS_BLOCK
5591,5580,FLOW
5593,5580,HAS_BLOCK
5580,5582,FLOW
5593,5582,HAS_BLOCK
5582,5593,RETURN
6097,6098,HAS_PARAM
6097,6053,HAS_BLOCK
6053,6055,FLOW
6097,6055,HAS_BLOCK
6055,6084,FLOW
6055,6073,FLOW
6097,6073,HAS_BLOCK
6073,6079,FLOW
6097,6084,HAS_BLOCK
6084,6087,FLOW
6084,6025,CALL
6097,6087,HAS_BLOCK
6087,6089,FLOW
6087,5839,CALL
6097,6089,HAS_BLOCK
6089,6091,FLOW
6097,6091,HAS_BLOCK
6091,6093,FLOW
6091,6095,FLOW
6091,6092,FLOW
6097,6092,HAS_BLOCK
6097,6093,HAS_BLOCK
6093,6056,FLOW
6093,6081,FLOW
6093,6081,UNWIND
6097,6095,HAS_BLOCK
6095,6079,FLOW
6097,6056,HAS_BLOCK
6056,6058,FLOW
6056,6057,FLOW
6097,6057,HAS_BLOCK
6057,6077,FLOW
6097,6058,HAS_BLOCK
6058,6060,FLOW
6058,6081,FLOW
6058,6081,UNWIND
6097,6060,HAS_BLOCK
6060,6062,FLOW
6060,6081,FLOW
6060,6081,UNWIND
6097,6062,HAS_BLOCK
6062,6064,FLOW
6062,6081,FLOW
6062,6081,UNWIND
6097,6064,HAS_BLOCK
6064,6065,FLOW
6064,6067,FLOW
6064,6092,FLOW
6097,6065,HAS_BLOCK
6065,6069,FLOW
6065,6080,FLOW
6065,6080,UNWIND
6097,6067,HAS_BLOCK
6067,6085,FLOW
6067,6081,FLOW
6067,6081,UNWIND
6097,6069,HAS_BLOCK
6069,6071,FLOW
6069,6080,FLOW
6069,6080,UNWIND
6097,6071,HAS_BLOCK
6071,6074,FLOW
6071,6080,FLOW
6071,6080,UNWIND
6071,5722,CALL
6097,6074,HAS_BLOCK
6074,6075,FLOW
6074,6081,FLOW
6074,6081,UNWIND
6097,6075,HAS_BLOCK
6075,6076,FLOW
6075,6082,FLOW
6075,6082,UNWIND
6097,6076,HAS_BLOCK
6076,6079,FLOW
6097,6077,HAS_BLOCK
6077,6078,FLOW
6077,6082,FLOW
6077,6082,UNWIND
6097,6078,HAS_BLOCK
6078,6079,FLOW
6097,6079,HAS_BLOCK
6079,6097,RETURN
6097,6080,HAS_BLOCK
6080,6081,FLOW
6097,6081,HAS_BLOCK
6081,6082,FLOW
6097,6082,HAS_BLOCK
6082,6083,FLOW
6097,6083,HAS_BLOCK
6097,6085,HAS_BLOCK
6085,6077,FLOW
5839,5840,HAS_PARAM
5839,5726,HAS_BLOCK
5726,5728,FLOW
5839,5728,HAS_BLOCK
5728,5745,FLOW
5839,5745,HAS_BLOCK
5745,5764,FLOW
5745,5831,FLOW
5745,5831,UNWIND
5839,5764,HAS_BLOCK
5764,5779,FLOW
5764,5825,FLOW
5764,5825,UNWIND
5839,5779,HAS_BLOCK
5779,5798,FLOW
5839,5798,HAS_BLOCK
5798,5816,FLOW
5798,5825,FLOW
5798,5825,UNWIND
5839,5816,HAS_BLOCK
5816,5837,FLOW
5816,5835,FLOW
5816,5827,FLOW
5839,5827,HAS_BLOCK
5839,5835,HAS_BLOCK
5835,5729,FLOW
5835,5825,FLOW
5835,5825,UNWIND
5839,5837,HAS_BLOCK
5837,5746,FLOW
5837,5825,FLOW
5837,5825,UNWIND
5839,5729,HAS_BLOCK
5729,5731,FLOW
5729,5825,FLOW
5729,5825,UNWIND
5839,5731,HAS_BLOCK
5731,5733,FLOW
5731,5825,FLOW
5731,5825,UNWIND
5839,5733,HAS_BLOCK
5733,5735,FLOW
5733,5734,FLOW
5733,5827,FLOW
5839,5734,HAS_BLOCK
5734,5737,FLOW
5839,5735,HAS_BLOCK
5735,5736,FLOW
5735,5734,FLOW
5839,5736,HAS_BLOCK
5736,5737,FLOW
5839,5737,HAS_BLOCK
5737,5798,FLOW
5737,5738,FLOW
5839,5738,HAS_BLOCK
5738,5740,FLOW
5738,5825,FLOW
5738,5825,UNWIND
5839,5740,HAS_BLOCK
5740,5742,FLOW
5740,5825,FLOW
5740,5825,UNWIND
5839,5742,HAS_BLOCK
5742,5832,FLOW
5742,5825,FLOW
5742,5825,UNWIND
5839,5746,HAS_BLOCK
5746,5748,FLOW
5746,5825,FLOW
5746,5825,UNWIND
5839,5748,HAS_BLOCK
5748,5750,FLOW
5748,5829,FLOW
5748,5829,UNWIND
5839,5750,HAS_BLOCK
5750,5752,FLOW
5750,5824,FLOW
5750,5824,UNWIND
5839,5752,HAS_BLOCK
5752,5753,FLOW
5839,5753,HAS_BLOCK
5753,5755,FLOW
5753,5824,FLOW
5753,5824,UNWIND
5839,5755,HAS_BLOCK
5755,5758,FLOW
5755,5756,FLOW
5755,5827,FLOW
5839,5756,HAS_BLOCK
5756,5759,FLOW
5756,5824,FLOW
5756,5824,UNWIND
5839,5758,HAS_BLOCK
5758,5814,FLOW
5758,5829,FLOW
5758,5829,UNWIND
5839,5759,HAS_BLOCK
5759,5761,FLOW
5759,5824,FLOW
5759,5824,UNWIND
5839,5761,HAS_BLOCK
5761,5765,FLOW
5761,5824,FLOW
5761,5824,UNWIND
5839,5765,HAS_BLOCK
5765,5766,FLOW
5765,5753,FLOW
5765,5827,FLOW
5839,5766,HAS_BLOCK
5766,5768,FLOW
5766,5824,FLOW
5766,5824,UNWIND
5839,5768,HAS_BLOCK
5768,5770,FLOW
5768,5824,FLOW
5768,5824,UNWIND
5839,5770,HAS_BLOCK
5770,5771,FLOW
5839,5771,HAS_BLOCK
5771,5773,FLOW
5771,5824,FLOW
5771,5824,UNWIND
5839,5773,HAS_BLOCK
5773,5753,FLOW
5773,5774,FLOW
5773,5827,FLOW
5839,5774,HAS_BLOCK
5774,5776,FLOW
5774,5776,FLOW
5774,5775,FLOW
5839,5775,HAS_BLOCK
5775,5777,FLOW
5839,5776,HAS_BLOCK
5776,5777,FLOW
5839,5777,HAS_BLOCK
5777,5771,FLOW
5777,5780,FLOW
5839,5780,HAS_BLOCK
5780,5782,FLOW
5780,5824,FLOW
5780,5824,UNWIND
5839,5782,HAS_BLOCK
5782,5784,FLOW
5782,5824,FLOW
5782,5824,UNWIND
5839,5784,HAS_BLOCK
5784,5786,FLOW
5784,5824,FLOW
5784,5824,UNWIND
5839,5786,HAS_BLOCK
5786,5788,FLOW
5786,5824,FLOW
5786,5824,UNWIND
5839,5788,HAS_BLOCK
5788,5789,FLOW
5788,5771,FLOW
5788,5827,FLOW
5839,5789,HAS_BLOCK
5789,5791,FLOW
5789,5824,FLOW
5789,5824,UNWIND
5839,5791,HAS_BLOCK
5791,5802,FLOW
5791,5792,FLOW
5839,5792,HAS_BLOCK
5792,5794,FLOW
5792,5824,FLOW
5792,5824,UNWIND
5839,5794,HAS_BLOCK
5794,5796,FLOW
5794,5824,FLOW
5794,5824,UNWIND
5839,5796,HAS_BLOCK
5796,5799,FLOW
5796,5824,FLOW
5796,5824,UNWIND
5839,5799,HAS_BLOCK
5799,5802,FLOW
5799,5800,FLOW
5799,5827,FLOW
5839,5800,HAS_BLOCK
5800,5833,FLOW
5800,5824,FLOW
5800,5824,UNWIND
5839,5802,HAS_BLOCK
5802,5804,FLOW
5802,5824,FLOW
5802,5824,UNWIND
5839,5804,HAS_BLOCK
5804,5771,FLOW
5804,5805,FLOW
5839,5805,HAS_BLOCK
5805,5807,FLOW
5805,5824,FLOW
5805,5824,UNWIND
5839,5807,HAS_BLOCK
5807,5809,FLOW
5807,5824,FLOW
5807,5824,UNWIND
5839,5809,HAS_BLOCK
5809,5811,FLOW
5809,5824,FLOW
5809,5824,UNWIND
5839,5811,HAS_BLOCK
5811,5771,FLOW
5811,5812,FLOW
5811,5827,FLOW
5839,5812,HAS_BLOCK
5812,5834,FLOW
5812,5824,FLOW
5812,5824,UNWIND
5839,5814,HAS_BLOCK
5814,5817,FLOW
5814,5831,FLOW
5814,5831,UNWIND
5839,5817,HAS_BLOCK
5817,5823,FLOW
5839,5818,HAS_BLOCK
5818,5819,FLOW
5818,5829,FLOW
5818,5829,UNWIND
5839,5819,HAS_BLOCK
5819,5820,FLOW
5819,5825,FLOW
5819,5825,UNWIND
5839,5820,HAS_BLOCK
5820,5821,FLOW
5820,5831,FLOW
5820,5831,UNWIND
5839,5821,HAS_BLOCK
5821,5822,FLOW
5839,5822,HAS_BLOCK
5822,5823,FLOW
5839,5823,HAS_BLOCK
5823,5839,RETURN
5839,5824,HAS_BLOCK
5824,5829,FLOW
5839,5825,HAS_BLOCK
5825,5831,FLOW
5839,5826,HAS_BLOCK
5839,5828,HAS_BLOCK
5828,5825,FLOW
5839,5829,HAS_BLOCK
5829,5825,FLOW
5829,5828,FLOW
5839,5830,HAS_BLOCK
5830,5826,FLOW
5839,5831,HAS_BLOCK
5831,5826,FLOW
5831,5830,FLOW
5839,5832,HAS_BLOCK
5832,5798,FLOW
5839,5833,HAS_BLOCK
5833,5818,FLOW
5839,5834,HAS_BLOCK
5834,5818,FLOW
5722,5723,HAS_PARAM
5722,5724,HAS_PARAM
5722,5725,HAS_PARAM
5722,5632,HAS_BLOCK
5632,5634,FLOW
5722,5634,HAS_BLOCK
5634,5652,FLOW
5634,5709,FLOW
5634,5709,UNWIND
5722,5652,HAS_BLOCK
5652,5669,FLOW
5652,5709,FLOW
5652,5709,UNWIND
5722,5669,HAS_BLOCK
5669,5684,FLOW
5669,5709,FLOW
5669,5709,UNWIND
5722,5684,HAS_BLOCK
5684,5699,FLOW
5722,5699,HAS_BLOCK
5699,5713,FLOW
5699,5709,FLOW
5699,5709,UNWIND
5722,5713,HAS_BLOCK
5713,5720,FLOW
5713,5718,FLOW
5713,5717,FLOW
5722,5717,HAS_BLOCK
5722,5718,HAS_BLOCK
5718,5635,FLOW
5718,5709,FLOW
5718,5709,UNWIND
5722,5720,HAS_BLOCK
5720,5653,FLOW
5720,5709,FLOW
5720,5709,UNWIND
5722,5635,HAS_BLOCK
5635,5636,FLOW
5635,5699,FLOW
5635,5717,FLOW
5722,5636,HAS_BLOCK
5636,5638,FLOW
5636,5709,FLOW
5636,5709,UNWIND
5722,5638,HAS_BLOCK
5638,5640,FLOW
5638,5709,FLOW
5638,5709,UNWIND
5722,5640,HAS_BLOCK
5640,5642,FLOW
5640,5709,FLOW
5640,5709,UNWIND
5722,5642,HAS_BLOCK
5642,5643,FLOW
5642,5699,FLOW
5642,5717,FLOW
5722,5643,HAS_BLOCK
5643,5644,FLOW
5643,5699,FLOW
5722,5644,HAS_BLOCK
5644,5646,FLOW
5644,5709,FLOW
5644,5709,UNWIND
5644,6031,CALL
5722,5646,HAS_BLOCK
5646,5699,FLOW
5646,5647,FLOW
5722,5647,HAS_BLOCK
5647,5649,FLOW
5647,5709,FLOW
5647,5709,UNWIND
5722,5649,HAS_BLOCK
5649,5716,FLOW
5649,5709,FLOW
5649,5709,UNWIND
5722,5653,HAS_BLOCK
5653,5655,FLOW
5653,5709,FLOW
5653,5709,UNWIND
5722,5655,HAS_BLOCK
5655,5657,FLOW
5655,5709,FLOW
5655,5709,UNWIND
5722,5657,HAS_BLOCK
5657,5658,FLOW
5722,5658,HAS_BLOCK
5658,5660,FLOW
5658,5709,FLOW
5658,5709,UNWIND
5722,5660,HAS_BLOCK
5660,5663,FLOW
5660,5661,FLOW
5660,5717,FLOW
5722,5661,HAS_BLOCK
5661,5664,FLOW
5661,5709,FLOW
5661,5709,UNWIND
5722,5663,HAS_BLOCK
5663,5706,FLOW
5722,5664,HAS_BLOCK
5664,5665,FLOW
5664,5658,FLOW
5664,5717,FLOW
5722,5665,HAS_BLOCK
5665,5667,FLOW
5665,5709,FLOW
5665,5709,UNWIND
5722,5667,HAS_BLOCK
5667,5670,FLOW
5667,5658,FLOW
5667,5717,FLOW
5722,5670,HAS_BLOCK
5670,5672,FLOW
5670,5709,FLOW
5670,5709,UNWIND
5722,5672,HAS_BLOCK
5672,5674,FLOW
5672,5709,FLOW
5672,5709,UNWIND
5722,5674,HAS_BLOCK
5674,5675,FLOW
5674,5658,FLOW
5674,5717,FLOW
5722,5675,HAS_BLOCK
5675,5676,FLOW
5675,5658,FLOW
5722,5676,HAS_BLOCK
5676,5678,FLOW
5676,5678,FLOW
5676,5678,FLOW
5676,5677,FLOW
5722,5677,HAS_BLOCK
5677,5679,FLOW
5722,5678,HAS_BLOCK
5678,5679,FLOW
5722,5679,HAS_BLOCK
5679,5658,FLOW
5679,5680,FLOW
5722,5680,HAS_BLOCK
5680,5682,FLOW
5680,5709,FLOW
5680,5709,UNWIND
5722,5682,HAS_BLOCK
5682,5685,FLOW
5682,5687,FLOW
5682,5687,UNWIND
5722,5685,HAS_BLOCK
5685,5688,FLOW
5685,5715,FLOW
5685,5715,UNWIND
5722,5687,HAS_BLOCK
5687,5715,FLOW
5722,5688,HAS_BLOCK
5688,5690,FLOW
5688,5708,FLOW
5688,5708,UNWIND
5722,5690,HAS_BLOCK
5690,5691,FLOW
5690,5698,FLOW
5690,5717,FLOW
5722,5691,HAS_BLOCK
5691,5693,FLOW
5691,5708,FLOW
5691,5708,UNWIND
5722,5693,HAS_BLOCK
5693,5697,FLOW
5693,5694,FLOW
5722,5694,HAS_BLOCK
5694,5696,FLOW
5694,5707,FLOW
5694,5707,UNWIND
5722,5696,HAS_BLOCK
5696,5697,FLOW
5696,5708,FLOW
5696,5708,UNWIND
5722,5697,HAS_BLOCK
5697,5700,FLOW
5697,5715,FLOW
5697,5715,UNWIND
5722,5698,HAS_BLOCK
5698,5700,FLOW
5698,5715,FLOW
5698,5715,UNWIND
5722,5700,HAS_BLOCK
5700,5702,FLOW
5700,5715,FLOW
5700,5715,UNWIND
5722,5702,HAS_BLOCK
5702,5704,FLOW
5702,5715,FLOW
5702,5715,UNWIND
5722,5704,HAS_BLOCK
5704,5705,FLOW
5704,5711,FLOW
5722,5705,HAS_BLOCK
5705,5658,FLOW
5722,5706,HAS_BLOCK
5706,5722,RETURN
5722,5707,HAS_BLOCK
5707,5708,FLOW
5722,5708,HAS_BLOCK
5708,5715,FLOW
5722,5709,HAS_BLOCK
5709,5710,FLOW
5722,5710,HAS_BLOCK
5722,5711,HAS_BLOCK
5711,5705,FLOW
5711,5709,FLOW
5711,5709,UNWIND
5722,5714,HAS_BLOCK
5714,5709,FLOW
5722,5715,HAS_BLOCK
5715,5709,FLOW
5715,5714,FLOW
5722,5716,HAS_BLOCK
5716,5699,FLOW
6031,6032,HAS_PARAM
6031,6027,HAS_BLOCK
6027,6029,FLOW
6027,6029,FLOW
6027,6029,FLOW
6027,6029,FLOW
6027,6028,FLOW
6031,6028,HAS_BLOCK
6028,6030,FLOW
6031,6029,HAS_BLOCK
6029,6030,FLOW
6031,6030,HAS_BLOCK
6030,6031,RETURN
6025,6026,HAS_PARAM
6025,5916,HAS_BLOCK
5916,5918,FLOW
5916,5914,CALL
6025,5918,HAS_BLOCK
5918,5936,FLOW
5918,6010,FLOW
5918,6010,UNWIND
6025,5936,HAS_BLOCK
5936,5953,FLOW
5936,6009,FLOW
5936,6009,UNWIND
6025,5953,HAS_BLOCK
5953,5970,FLOW
5953,6009,FLOW
5953,6009,UNWIND
6025,5970,HAS_BLOCK
5970,5987,FLOW
6025,5987,HAS_BLOCK
5987,6005,FLOW
5987,6009,FLOW
5987,6009,UNWIND
6025,6005,HAS_BLOCK
6005,6023,FLOW
6005,6021,FLOW
6005,6016,FLOW
6025,6016,HAS_BLOCK
6025,6021,HAS_BLOCK
6021,5919,FLOW
6021,6009,FLOW
6021,6009,UNWIND
6025,6023,HAS_BLOCK
6023,5930,FLOW
6023,6009,FLOW
6023,6009,UNWIND
6025,5919,HAS_BLOCK
5919,5921,FLOW
5919,6009,FLOW
5919,6009,UNWIND
6025,5921,HAS_BLOCK
5921,5922,FLOW
6025,5922,HAS_BLOCK
5922,5924,FLOW
5922,6009,FLOW
5922,6009,UNWIND
6025,5924,HAS_BLOCK
5924,5987,FLOW
5924,5925,FLOW
5924,6016,FLOW
6025,5925,HAS_BLOCK
5925,5927,FLOW
5925,6009,FLOW
5925,6009,UNWIND
6025,5927,HAS_BLOCK
5927,5922,FLOW
5927,5928,FLOW
6025,5928,HAS_BLOCK
5928,6017,FLOW
5928,6009,FLOW
5928,6009,UNWIND
6025,5930,HAS_BLOCK
5930,5932,FLOW
5930,6015,FLOW
5930,6015,UNWIND
6025,5932,HAS_BLOCK
5932,5933,FLOW
6025,5933,HAS_BLOCK
5933,5937,FLOW
5933,6015,FLOW
5933,6015,UNWIND
6025,5937,HAS_BLOCK
5937,5939,FLOW
5937,5938,FLOW
5937,6016,FLOW
6025,5938,HAS_BLOCK
5938,5941,FLOW
5938,5933,FLOW
6025,5939,HAS_BLOCK
5939,5963,FLOW
5939,6015,FLOW
5939,6015,UNWIND
6025,5941,HAS_BLOCK
5941,5942,FLOW
5941,5933,FLOW
6025,5942,HAS_BLOCK
5942,5944,FLOW
5942,6015,FLOW
5942,6015,UNWIND
5942,6049,CALL
6025,5944,HAS_BLOCK
5944,5945,FLOW
5944,5950,FLOW
5944,6016,FLOW
6025,5945,HAS_BLOCK
5945,5947,FLOW
5945,6015,FLOW
5945,6015,UNWIND
6025,5947,HAS_BLOCK
5947,5950,FLOW
5947,5948,FLOW
6025,5948,HAS_BLOCK
5948,6018,FLOW
5948,6015,FLOW
5948,6015,UNWIND
6025,5950,HAS_BLOCK
5950,5954,FLOW
5950,6015,FLOW
5950,6015,UNWIND
6025,5954,HAS_BLOCK
5954,5955,FLOW
6025,5955,HAS_BLOCK
5955,5957,FLOW
5955,6015,FLOW
5955,6015,UNWIND
6025,5957,HAS_BLOCK
5957,5933,FLOW
5957,5958,FLOW
5957,6016,FLOW
6025,5958,HAS_BLOCK
5958,5960,FLOW
5958,6015,FLOW
5958,6015,UNWIND
6025,5960,HAS_BLOCK
5960,5955,FLOW
5960,5961,FLOW
6025,5961,HAS_BLOCK
5961,6019,FLOW
5961,6015,FLOW
5961,6015,UNWIND
6025,5963,HAS_BLOCK
5963,5965,FLOW
5963,5964,FLOW
6025,5964,HAS_BLOCK
5964,6006,FLOW
5964,6009,FLOW
5964,6009,UNWIND
6025,5965,HAS_BLOCK
5965,5967,FLOW
5965,6015,FLOW
5965,6015,UNWIND
6025,5967,HAS_BLOCK
5967,5971,FLOW
5967,6013,FLOW
5967,6013,UNWIND
6025,5971,HAS_BLOCK
5971,5973,FLOW
5971,6013,FLOW
5971,6013,UNWIND
6025,5973,HAS_BLOCK
5973,5974,FLOW
6025,5974,HAS_BLOCK
5974,5976,FLOW
5974,6013,FLOW
5974,6013,UNWIND
6025,5976,HAS_BLOCK
5976,5979,FLOW
5976,5977,FLOW
5976,6016,FLOW
6025,5977,HAS_BLOCK
5977,5981,FLOW
5977,6013,FLOW
5977,6013,UNWIND
6025,5979,HAS_BLOCK
5979,5992,FLOW
5979,6013,FLOW
5979,6013,UNWIND
6025,5981,HAS_BLOCK
5981,5983,FLOW
5981,6013,FLOW
5981,6013,UNWIND
6025,5983,HAS_BLOCK
5983,5984,FLOW
6025,5984,HAS_BLOCK
5984,5986,FLOW
5984,6013,FLOW
5984,6013,UNWIND
6025,5986,HAS_BLOCK
5986,5974,FLOW
5986,5988,FLOW
5986,6016,FLOW
6025,5988,HAS_BLOCK
5988,5990,FLOW
5988,6013,FLOW
5988,6013,UNWIND
6025,5990,HAS_BLOCK
5990,6020,FLOW
5990,6013,FLOW
5990,6013,UNWIND
6025,5992,HAS_BLOCK
5992,5994,FLOW
5992,6013,FLOW
5992,6013,UNWIND
6025,5994,HAS_BLOCK
5994,5996,FLOW
5994,6013,FLOW
5994,6013,UNWIND
6025,5996,HAS_BLOCK
5996,5998,FLOW
5996,6013,FLOW
5996,6013,UNWIND
6025,5998,HAS_BLOCK
5998,6000,FLOW
5998,6013,FLOW
5998,6013,UNWIND
6025,6000,HAS_BLOCK
6000,6001,FLOW
6000,6002,FLOW
6000,6002,UNWIND
6025,6001,HAS_BLOCK
6001,6003,FLOW
6001,6010,FLOW
6001,6010,UNWIND
6025,6002,HAS_BLOCK
6002,6013,FLOW
6025,6003,HAS_BLOCK
6003,6008,FLOW
6025,6006,HAS_BLOCK
6006,6007,FLOW
6006,6010,FLOW
6006,6010,UNWIND
6025,6007,HAS_BLOCK
6007,6008,FLOW
6025,6008,HAS_BLOCK
6008,6025,RETURN
6025,6009,HAS_BLOCK
6009,6010,FLOW
6025,6010,HAS_BLOCK
6010,6011,FLOW
6025,6011,HAS_BLOCK
6025,6012,HAS_BLOCK
6012,6015,FLOW
6025,6013,HAS_BLOCK
6013,6015,FLOW
6013,6012,FLOW
6025,6014,HAS_BLOCK
6014,6009,FLOW
6025,6015,HAS_BLOCK
6015,6009,FLOW
6015,6014,FLOW
6025,6017,HAS_BLOCK
6017,5922,FLOW
6025,6018,HAS_BLOCK
6018,5950,FLOW
6025,6019,HAS_BLOCK
6019,5955,FLOW
6025,6020,HAS_BLOCK
6020,5984,FLOW
5914,5915,HAS_PARAM
5914,5841,HAS_BLOCK
5841,5843,FLOW
5914,5843,HAS_BLOCK
5843,5861,FLOW
5843,5903,FLOW
5843,5903,UNWIND
5914,5861,HAS_BLOCK
5861,5878,FLOW
5861,5903,FLOW
5861,5903,UNWIND
5914,5878,HAS_BLOCK
5878,5893,FLOW
5914,5893,HAS_BLOCK
5893,5907,FLOW
5893,5903,FLOW
5893,5903,UNWIND
5914,5907,HAS_BLOCK
5907,5911,FLOW
5907,5909,FLOW
5907,5908,FLOW
5914,5908,HAS_BLOCK
5914,5909,HAS_BLOCK
5909,5912,FLOW
5909,5903,FLOW
5909,5903,UNWIND
5914,5911,HAS_BLOCK
5911,5914,RETURN
5914,5912,HAS_BLOCK
5912,5844,FLOW
5912,5903,FLOW
5912,5903,UNWIND
5914,5844,HAS_BLOCK
5844,5846,FLOW
5844,5903,FLOW
5844,5903,UNWIND
5914,5846,HAS_BLOCK
5846,5847,FLOW
5846,5893,FLOW
5846,5908,FLOW
5914,5847,HAS_BLOCK
5847,5848,FLOW
5847,5893,FLOW
5914,5848,HAS_BLOCK
5848,5850,FLOW
5848,5903,FLOW
5848,5903,UNWIND
5914,5850,HAS_BLOCK
5850,5852,FLOW
5850,5903,FLOW
5850,5903,UNWIND
5914,5852,HAS_BLOCK
5852,5854,FLOW
5852,5902,FLOW
5852,5902,UNWIND
5914,5854,HAS_BLOCK
5854,5856,FLOW
5854,5902,FLOW
5854,5902,UNWIND
5914,5856,HAS_BLOCK
5856,5857,FLOW
5914,5857,HAS_BLOCK
5857,5859,FLOW
5857,5902,FLOW
5857,5902,UNWIND
5914,5859,HAS_BLOCK
5859,5864,FLOW
5859,5862,FLOW
5859,5908,FLOW
5914,5862,HAS_BLOCK
5862,5865,FLOW
5862,5902,FLOW
5862,5902,UNWIND
5914,5864,HAS_BLOCK
5864,5893,FLOW
5864,5903,FLOW
5864,5903,UNWIND
5914,5865,HAS_BLOCK
5865,5866,FLOW
5865,5857,FLOW
5914,5866,HAS_BLOCK
5866,5868,FLOW
5866,5902,FLOW
5866,5902,UNWIND
5914,5868,HAS_BLOCK
5868,5870,FLOW
5868,5902,FLOW
5868,5902,UNWIND
5914,5870,HAS_BLOCK
5870,5872,FLOW
5870,5902,FLOW
5870,5902,UNWIND
5914,5872,HAS_BLOCK
5872,5874,FLOW
5872,5902,FLOW
5872,5902,UNWIND
5914,5874,HAS_BLOCK
5874,5875,FLOW
5874,5857,FLOW
5874,5908,FLOW
5914,5875,HAS_BLOCK
5875,5882,FLOW
5875,5881,FLOW
5875,5880,FLOW
5875,5879,FLOW
5875,5876,FLOW
5914,5876,HAS_BLOCK
5876,5884,FLOW
5914,5879,HAS_BLOCK
5879,5883,FLOW
5914,5880,HAS_BLOCK
5880,5883,FLOW
5914,5881,HAS_BLOCK
5881,5883,FLOW
5914,5882,HAS_BLOCK
5882,5883,FLOW
5914,5883,HAS_BLOCK
5883,5884,FLOW
5914,5884,HAS_BLOCK
5884,5885,FLOW
5884,5857,FLOW
5884,5908,FLOW
5914,5885,HAS_BLOCK
5885,5887,FLOW
5885,5902,FLOW
5885,5902,UNWIND
5914,5887,HAS_BLOCK
5887,5889,FLOW
5887,5902,FLOW
5887,5902,UNWIND
5914,5889,HAS_BLOCK
5889,5891,FLOW
5889,5902,FLOW
5889,5902,UNWIND
5914,5891,HAS_BLOCK
5891,5894,FLOW
5891,5902,FLOW
5891,5902,UNWIND
5914,5894,HAS_BLOCK
5894,5896,FLOW
5894,5902,FLOW
5894,5902,UNWIND
5914,5896,HAS_BLOCK
5896,5898,FLOW
5896,5902,FLOW
5896,5902,UNWIND
5914,5898,HAS_BLOCK
5898,5900,FLOW
5898,5902,FLOW
5898,5902,UNWIND
5914,5900,HAS_BLOCK
5900,5905,FLOW
5900,5902,FLOW
5900,5902,UNWIND
5914,5902,HAS_BLOCK
5902,5903,FLOW
5914,5903,HAS_BLOCK
5903,5904,FLOW
5914,5904,HAS_BLOCK
5914,5905,HAS_BLOCK
5905,5857,FLOW
6049,6050,HAS_PARAM
6049,6051,HAS_PARAM
6049,6052,HAS_PARAM
6049,6033,HAS_BLOCK
6033,6035,FLOW
6049,6035,HAS_BLOCK
6035,6039,FLOW
6035,6040,FLOW
6049,6039,HAS_BLOCK
6039,6044,FLOW
6039,6043,FLOW
6039,6042,FLOW
6039,6041,FLOW
6049,6040,HAS_BLOCK
6040,6038,FLOW
6049,6041,HAS_BLOCK
6041,6038,FLOW
6049,6042,HAS_BLOCK
6042,6045,FLOW
6049,6043,HAS_BLOCK
6043,6045,FLOW
6049,6044,HAS_BLOCK
6044,6038,FLOW
6049,6045,HAS_BLOCK
6045,6047,FLOW
6049,6047,HAS_BLOCK
6047,6036,FLOW
6049,6036,HAS_BLOCK
6036,6038,FLOW
6049,6038,HAS_BLOCK
6038,6049,RETURN
6198,6199,HAS_PARAM
6198,6112,HAS_BLOCK
6112,6114,FLOW
6198,6114,HAS_BLOCK
6114,6150,FLOW
6114,6131,FLOW
6198,6131,HAS_BLOCK
6131,6181,FLOW
6198,6150,HAS_BLOCK
6150,6168,FLOW
6198,6168,HAS_BLOCK
6168,6185,FLOW
6198,6185,HAS_BLOCK
6185,6190,FLOW
6198,6190,HAS_BLOCK
6190,6192,FLOW
6198,6192,HAS_BLOCK
6192,6194,FLOW
6192,6186,FLOW
6192,6186,UNWIND
6198,6194,HAS_BLOCK
6194,6196,FLOW
6194,6186,FLOW
6194,6186,UNWIND
6198,6196,HAS_BLOCK
6196,6115,FLOW
6196,6186,FLOW
6196,6186,UNWIND
6198,6115,HAS_BLOCK
6115,6117,FLOW
6115,6186,FLOW
6115,6186,UNWIND
6198,6117,HAS_BLOCK
6117,6118,FLOW
6198,6118,HAS_BLOCK
6118,6120,FLOW
6118,6186,FLOW
6118,6186,UNWIND
6198,6120,HAS_BLOCK
6120,6124,FLOW
6120,6122,FLOW
6120,6121,FLOW
6198,6121,HAS_BLOCK
6198,6122,HAS_BLOCK
6122,6125,FLOW
6122,6186,FLOW
6122,6186,UNWIND
6198,6124,HAS_BLOCK
6124,6181,FLOW
6198,6125,HAS_BLOCK
6125,6127,FLOW
6125,6186,FLOW
6125,6186,UNWIND
6198,6127,HAS_BLOCK
6127,6129,FLOW
6127,6186,FLOW
6127,6186,UNWIND
6198,6129,HAS_BLOCK
6129,6132,FLOW
6129,6186,FLOW
6129,6186,UNWIND
6198,6132,HAS_BLOCK
6132,6134,FLOW
6132,6186,FLOW
6132,6186,UNWIND
6198,6134,HAS_BLOCK
6134,6136,FLOW
6134,6186,FLOW
6134,6186,UNWIND
6198,6136,HAS_BLOCK
6136,6137,FLOW
6198,6137,HAS_BLOCK
6137,6139,FLOW
6137,6186,FLOW
6137,6186,UNWIND
6198,6139,HAS_BLOCK
6139,6118,FLOW
6139,6140,FLOW
6139,6121,FLOW
6198,6140,HAS_BLOCK
6140,6142,FLOW
6140,6186,FLOW
6140,6186,UNWIND
6198,6142,HAS_BLOCK
6142,6144,FLOW
6142,6186,FLOW
6142,6186,UNWIND
6198,6144,HAS_BLOCK
6144,6146,FLOW
6144,6186,FLOW
6144,6186,UNWIND
6198,6146,HAS_BLOCK
6146,6148,FLOW
6146,6186,FLOW
6146,6186,UNWIND
6198,6148,HAS_BLOCK
6148,6151,FLOW
6148,6186,FLOW
6148,6186,UNWIND
6198,6151,HAS_BLOCK
6151,6137,FLOW
6151,6152,FLOW
6198,6152,HAS_BLOCK
6152,6153,FLOW
6152,6137,FLOW
6198,6153,HAS_BLOCK
6153,6155,FLOW
6153,6186,FLOW
6153,6186,UNWIND
6153,6109,CALL
6198,6155,HAS_BLOCK
6155,6157,FLOW
6155,6183,FLOW
6155,6183,UNWIND
6198,6157,HAS_BLOCK
6157,6159,FLOW
6157,6183,FLOW
6157,6183,UNWIND
6157,6109,CALL
6198,6159,HAS_BLOCK
6159,6161,FLOW
6159,6182,FLOW
6159,6182,UNWIND
6198,6161,HAS_BLOCK
6161,6179,FLOW
6161,6162,FLOW
6198,6162,HAS_BLOCK
6162,6164,FLOW
6162,6182,FLOW
6162,6182,UNWIND
6198,6164,HAS_BLOCK
6164,6166,FLOW
6164,6182,FLOW
6164,6182,UNWIND
6198,6166,HAS_BLOCK
6166,6179,FLOW
6166,6169,FLOW
6198,6169,HAS_BLOCK
6169,6171,FLOW
6169,6182,FLOW
6169,6182,UNWIND
6198,6171,HAS_BLOCK
6171,6173,FLOW
6171,6182,FLOW
6171,6182,UNWIND
6198,6173,HAS_BLOCK
6173,6175,FLOW
6173,6182,FLOW
6173,6182,UNWIND
6198,6175,HAS_BLOCK
6175,6177,FLOW
6175,6182,FLOW
6175,6182,UNWIND
6198,6177,HAS_BLOCK
6177,6188,FLOW
6177,6182,FLOW
6177,6182,UNWIND
6198,6179,HAS_BLOCK
6179,6180,FLOW
6179,6183,FLOW
6179,6183,UNWIND
6198,6180,HAS_BLOCK
6180,6137,FLOW
6180,6186,FLOW
6180,6186,UNWIND
6198,6181,HAS_BLOCK
6181,6198,RETURN
6198,6182,HAS_BLOCK
6182,6183,FLOW
6198,6183,HAS_BLOCK
6183,6186,FLOW
6198,6186,HAS_BLOCK
6186,6187,FLOW
6198,6187,HAS_BLOCK
6198,6188,HAS_BLOCK
6188,6179,FLOW
6109,6110,HAS_PARAM
6109,6111,HAS_PARAM
6109,6100,HAS_BLOCK
6100,6102,FLOW
6109,6102,HAS_BLOCK
6102,6104,FLOW
6109,6104,HAS_BLOCK
6104,6106,FLOW
6109,6106,HAS_BLOCK
6106,6108,FLOW
6109,6108,HAS_BLOCK
6108,6109,RETURN
6373,6374,HAS_PARAM
6373,6201,HAS_BLOCK
6201,6203,FLOW
6373,6203,HAS_BLOCK
6203,6248,FLOW
6203,6231,FLOW
6373,6231,HAS_BLOCK
6231,6370,FLOW
6373,6248,HAS_BLOCK
6248,6267,FLOW
6373,6267,HAS_BLOCK
6267,6304,FLOW
6267,6285,FLOW
6373,6285,HAS_BLOCK
6285,6370,FLOW
6373,6304,HAS_BLOCK
6304,6319,FLOW
6304,2206,CALL
6373,6319,HAS_BLOCK
6319,6336,FLOW
6319,6207,FLOW
6319,6207,UNWIND
6373,6336,HAS_BLOCK
6336,6356,FLOW
6336,6207,FLOW
6336,6207,UNWIND
6373,6356,HAS_BLOCK
6356,6204,FLOW
6356,6207,FLOW
6356,6207,UNWIND
6373,6204,HAS_BLOCK
6204,6216,FLOW
6204,6207,FLOW
6204,6207,UNWIND
6373,6216,HAS_BLOCK
6216,6218,FLOW
6216,6206,FLOW
6216,6206,UNWIND
6373,6218,HAS_BLOCK
6218,6220,FLOW
6218,6210,FLOW
6218,6210,UNWIND
6373,6220,HAS_BLOCK
6220,6222,FLOW
6220,6210,FLOW
6220,6210,UNWIND
6373,6222,HAS_BLOCK
6222,6224,FLOW
6222,6210,FLOW
6222,6210,UNWIND
6373,6224,HAS_BLOCK
6224,6226,FLOW
6224,6210,FLOW
6224,6210,UNWIND
6373,6226,HAS_BLOCK
6226,6227,FLOW
6373,6227,HAS_BLOCK
6227,6229,FLOW
6227,6210,FLOW
6227,6210,UNWIND
6373,6229,HAS_BLOCK
6229,6234,FLOW
6229,6232,FLOW
6229,6230,FLOW
6373,6230,HAS_BLOCK
6373,6232,HAS_BLOCK
6232,6236,FLOW
6232,6210,FLOW
6232,6210,UNWIND
6373,6234,HAS_BLOCK
6234,6253,FLOW
6234,6210,FLOW
6234,6210,UNWIND
6373,6236,HAS_BLOCK
6236,6237,FLOW
6373,6237,HAS_BLOCK
6237,6239,FLOW
6237,6210,FLOW
6237,6210,UNWIND
6373,6239,HAS_BLOCK
6239,6227,FLOW
6239,6240,FLOW
6239,6230,FLOW
6373,6240,HAS_BLOCK
6240,6242,FLOW
6240,6210,FLOW
6240,6210,UNWIND
6373,6242,HAS_BLOCK
6242,6244,FLOW
6242,6210,FLOW
6242,6210,UNWIND
6373,6244,HAS_BLOCK
6244,6246,FLOW
6244,6210,FLOW
6244,6210,UNWIND
6373,6246,HAS_BLOCK
6246,6247,FLOW
6246,6237,FLOW
6246,6230,FLOW
6373,6247,HAS_BLOCK
6247,6249,FLOW
6247,6237,FLOW
6373,6249,HAS_BLOCK
6249,6251,FLOW
6249,6210,FLOW
6249,6210,UNWIND
6373,6251,HAS_BLOCK
6251,6211,FLOW
6251,6210,FLOW
6251,6210,UNWIND
6373,6253,HAS_BLOCK
6253,6255,FLOW
6253,6205,FLOW
6253,6205,UNWIND
6373,6255,HAS_BLOCK
6255,6256,FLOW
6373,6256,HAS_BLOCK
6256,6258,FLOW
6256,6205,FLOW
6256,6205,UNWIND
6373,6258,HAS_BLOCK
6258,6261,FLOW
6258,6259,FLOW
6258,6230,FLOW
6373,6259,HAS_BLOCK
6259,6263,FLOW
6259,6205,FLOW
6259,6205,UNWIND
6373,6261,HAS_BLOCK
6261,6286,FLOW
6261,6205,FLOW
6261,6205,UNWIND
6373,6263,HAS_BLOCK
6263,6265,FLOW
6263,6205,FLOW
6263,6205,UNWIND
6373,6265,HAS_BLOCK
6265,6268,FLOW
6373,6268,HAS_BLOCK
6268,6270,FLOW
6268,6205,FLOW
6268,6205,UNWIND
6373,6270,HAS_BLOCK
6270,6256,FLOW
6270,6271,FLOW
6270,6230,FLOW
6373,6271,HAS_BLOCK
6271,6273,FLOW
6271,6205,FLOW
6271,6205,UNWIND
6373,6273,HAS_BLOCK
6273,6274,FLOW
6273,6277,FLOW
6373,6274,HAS_BLOCK
6274,6276,FLOW
6274,6205,FLOW
6274,6205,UNWIND
6373,6276,HAS_BLOCK
6276,6268,FLOW
6276,6277,FLOW
6373,6277,HAS_BLOCK
6277,6279,FLOW
6277,6205,FLOW
6277,6205,UNWIND
6373,6279,HAS_BLOCK
6279,6281,FLOW
6279,6205,FLOW
6279,6205,UNWIND
6373,6281,HAS_BLOCK
6281,6283,FLOW
6281,6205,FLOW
6281,6205,UNWIND
6373,6283,HAS_BLOCK
6283,6212,FLOW
6283,6205,FLOW
6283,6205,UNWIND
6373,6286,HAS_BLOCK
6286,6287,FLOW
6373,6287,HAS_BLOCK
6287,6289,FLOW
6287,6205,FLOW
6287,6205,UNWIND
6373,6289,HAS_BLOCK
6289,6292,FLOW
6289,6290,FLOW
6289,6230,FLOW
6373,6290,HAS_BLOCK
6290,6294,FLOW
6290,6205,FLOW
6290,6205,UNWIND
6373,6292,HAS_BLOCK
6292,6315,FLOW
6292,6205,FLOW
6292,6205,UNWIND
6373,6294,HAS_BLOCK
6294,6296,FLOW
6294,6205,FLOW
6294,6205,UNWIND
6373,6296,HAS_BLOCK
6296,6298,FLOW
6296,6205,FLOW
6296,6205,UNWIND
6373,6298,HAS_BLOCK
6298,6300,FLOW
6298,6205,FLOW
6298,6205,UNWIND
6373,6300,HAS_BLOCK
6300,6302,FLOW
6300,6205,FLOW
6300,6205,UNWIND
6373,6302,HAS_BLOCK
6302,6305,FLOW
6302,6205,FLOW
6302,6205,UNWIND
6373,6305,HAS_BLOCK
6305,6306,FLOW
6305,6287,FLOW
6305,6230,FLOW
6373,6306,HAS_BLOCK
6306,6307,FLOW
6306,6287,FLOW
6373,6307,HAS_BLOCK
6307,6309,FLOW
6307,6205,FLOW
6307,6205,UNWIND
6373,6309,HAS_BLOCK
6309,6313,FLOW
6309,6310,FLOW
6373,6310,HAS_BLOCK
6310,6312,FLOW
6310,6205,FLOW
6310,6205,UNWIND
6373,6312,HAS_BLOCK
6312,6314,FLOW
6373,6313,HAS_BLOCK
6313,6314,FLOW
6373,6314,HAS_BLOCK
6314,6287,FLOW
6373,6315,HAS_BLOCK
6315,6316,FLOW
6373,6316,HAS_BLOCK
6316,6320,FLOW
6316,6371,FLOW
6316,6371,UNWIND
6373,6320,HAS_BLOCK
6320,6323,FLOW
6320,6321,FLOW
6320,6230,FLOW
6373,6321,HAS_BLOCK
6321,6324,FLOW
6321,6371,FLOW
6321,6371,UNWIND
6373,6323,HAS_BLOCK
6323,6367,FLOW
6323,6205,FLOW
6323,6205,UNWIND
6373,6324,HAS_BLOCK
6324,6325,FLOW
6324,6316,FLOW
6373,6325,HAS_BLOCK
6325,6327,FLOW
6325,6371,FLOW
6325,6371,UNWIND
6373,6327,HAS_BLOCK
6327,6329,FLOW
6327,6371,FLOW
6327,6371,UNWIND
6373,6329,HAS_BLOCK
6329,6331,FLOW
6329,6371,FLOW
6329,6371,UNWIND
6373,6331,HAS_BLOCK
6331,6332,FLOW
6331,6361,FLOW
6331,6230,FLOW
6373,6332,HAS_BLOCK
6332,6333,FLOW
6332,6361,FLOW
6373,6333,HAS_BLOCK
6333,6337,FLOW
6333,6371,FLOW
6333,6371,UNWIND
6373,6337,HAS_BLOCK
6337,6339,FLOW
6337,6371,FLOW
6337,6371,UNWIND
6373,6339,HAS_BLOCK
6339,6341,FLOW
6339,6371,FLOW
6339,6371,UNWIND
6373,6341,HAS_BLOCK
6341,6343,FLOW
6341,6371,FLOW
6341,6371,UNWIND
6373,6343,HAS_BLOCK
6343,6345,FLOW
6343,6371,FLOW
6343,6371,UNWIND
6373,6345,HAS_BLOCK
6345,6349,FLOW
6345,6346,FLOW
6373,6346,HAS_BLOCK
6346,6348,FLOW
6346,6371,FLOW
6346,6371,UNWIND
6373,6348,HAS_BLOCK
6348,6316,FLOW
6348,6349,FLOW
6373,6349,HAS_BLOCK
6349,6351,FLOW
6349,6371,FLOW
6349,6371,UNWIND
6373,6351,HAS_BLOCK
6351,6353,FLOW
6351,6371,FLOW
6351,6371,UNWIND
6373,6353,HAS_BLOCK
6353,6357,FLOW
6353,6371,FLOW
6353,6371,UNWIND
6373,6357,HAS_BLOCK
6357,6359,FLOW
6357,6371,FLOW
6357,6371,UNWIND
6373,6359,HAS_BLOCK
6359,6213,FLOW
6359,6371,FLOW
6359,6371,UNWIND
6373,6361,HAS_BLOCK
6361,6363,FLOW
6361,6371,FLOW
6361,6371,UNWIND
6373,6363,HAS_BLOCK
6363,6365,FLOW
6363,6371,FLOW
6363,6371,UNWIND
6373,6365,HAS_BLOCK
6365,6214,FLOW
6365,6371,FLOW
6365,6371,UNWIND
6373,6367,HAS_BLOCK
6367,6368,FLOW
6367,6210,FLOW
6367,6210,UNWIND
6373,6368,HAS_BLOCK
6368,6369,FLOW
6368,6207,FLOW
6368,6207,UNWIND
6373,6369,HAS_BLOCK
6369,6370,FLOW
6373,6370,HAS_BLOCK
6370,6373,RETURN
6373,6371,HAS_BLOCK
6371,6205,FLOW
6373,6205,HAS_BLOCK
6205,6210,FLOW
6373,6206,HAS_BLOCK
6206,6207,FLOW
6373,6207,HAS_BLOCK
6207,6208,FLOW
6373,6208,HAS_BLOCK
6373,6209,HAS_BLOCK
6209,6206,FLOW
6373,6210,HAS_BLOCK
6210,6206,FLOW
6210,6209,FLOW
6373,6211,HAS_BLOCK
6211,6237,FLOW
6373,6212,HAS_BLOCK
6212,6268,FLOW
6373,6213,HAS_BLOCK
6213,6316,FLOW
6373,6214,HAS_BLOCK
6214,6316,FLOW
6559,6560,HAS_PARAM
6559,6424,HAS_BLOCK
6424,6426,FLOW
6559,6426,HAS_BLOCK
6426,6445,FLOW
6559,6445,HAS_BLOCK
6445,6463,FLOW
6559,6463,HAS_BLOCK
6463,6480,FLOW
6463,6497,FLOW
6559,6480,HAS_BLOCK
6480,6514,FLOW
6480,6497,FLOW
6559,6497,HAS_BLOCK
6497,6542,FLOW
6559,6514,HAS_BLOCK
6514,6534,FLOW
6514,2206,CALL
6559,6534,HAS_BLOCK
6534,6548,FLOW
6534,6545,FLOW
6534,6545,UNWIND
6559,6548,HAS_BLOCK
6548,6557,FLOW
6548,6550,FLOW
6548,6550,UNWIND
6559,6557,HAS_BLOCK
6557,6427,FLOW
6557,6550,FLOW
6557,6550,UNWIND
6559,6427,HAS_BLOCK
6427,6429,FLOW
6427,6544,FLOW
6427,6544,UNWIND
6559,6429,HAS_BLOCK
6429,6431,FLOW
6429,6544,FLOW
6429,6544,UNWIND
6559,6431,HAS_BLOCK
6431,6433,FLOW
6431,6544,FLOW
6431,6544,UNWIND
6559,6433,HAS_BLOCK
6433,6435,FLOW
6433,6544,FLOW
6433,6544,UNWIND
6559,6435,HAS_BLOCK
6435,6436,FLOW
6559,6436,HAS_BLOCK
6436,6438,FLOW
6436,6544,FLOW
6436,6544,UNWIND
6559,6438,HAS_BLOCK
6438,6442,FLOW
6438,6440,FLOW
6438,6439,FLOW
6559,6439,HAS_BLOCK
6559,6440,HAS_BLOCK
6440,6446,FLOW
6440,6544,FLOW
6440,6544,UNWIND
6559,6442,HAS_BLOCK
6442,6457,FLOW
6442,6544,FLOW
6442,6544,UNWIND
6559,6446,HAS_BLOCK
6446,6447,FLOW
6559,6447,HAS_BLOCK
6447,6449,FLOW
6447,6544,FLOW
6447,6544,UNWIND
6559,6449,HAS_BLOCK
6449,6436,FLOW
6449,6450,FLOW
6449,6439,FLOW
6559,6450,HAS_BLOCK
6450,6452,FLOW
6450,6544,FLOW
6450,6544,UNWIND
6559,6452,HAS_BLOCK
6452,6447,FLOW
6452,6453,FLOW
6559,6453,HAS_BLOCK
6453,6455,FLOW
6453,6544,FLOW
6453,6544,UNWIND
6559,6455,HAS_BLOCK
6455,6551,FLOW
6455,6544,FLOW
6455,6544,UNWIND
6559,6457,HAS_BLOCK
6457,6459,FLOW
6457,6543,FLOW
6457,6543,UNWIND
6559,6459,HAS_BLOCK
6459,6460,FLOW
6559,6460,HAS_BLOCK
6460,6464,FLOW
6460,6543,FLOW
6460,6543,UNWIND
6559,6464,HAS_BLOCK
6464,6467,FLOW
6464,6465,FLOW
6464,6439,FLOW
6559,6465,HAS_BLOCK
6465,6469,FLOW
6465,6543,FLOW
6465,6543,UNWIND
6559,6467,HAS_BLOCK
6467,6527,FLOW
6467,6543,FLOW
6467,6543,UNWIND
6559,6469,HAS_BLOCK
6469,6471,FLOW
6469,6543,FLOW
6469,6543,UNWIND
6559,6471,HAS_BLOCK
6471,6472,FLOW
6559,6472,HAS_BLOCK
6472,6474,FLOW
6472,6543,FLOW
6472,6543,UNWIND
6559,6474,HAS_BLOCK
6474,6460,FLOW
6474,6475,FLOW
6474,6439,FLOW
6559,6475,HAS_BLOCK
6475,6477,FLOW
6475,6543,FLOW
6475,6543,UNWIND
6559,6477,HAS_BLOCK
6477,6478,FLOW
6477,6472,FLOW
6559,6478,HAS_BLOCK
6478,6481,FLOW
6478,6543,FLOW
6478,6543,UNWIND
6559,6481,HAS_BLOCK
6481,6483,FLOW
6481,6543,FLOW
6481,6543,UNWIND
6559,6483,HAS_BLOCK
6483,6485,FLOW
6483,6543,FLOW
6483,6543,UNWIND
6559,6485,HAS_BLOCK
6485,6487,FLOW
6485,6543,FLOW
6485,6543,UNWIND
6559,6487,HAS_BLOCK
6487,6489,FLOW
6487,6543,FLOW
6487,6543,UNWIND
6487,6579,CALL
6559,6489,HAS_BLOCK
6489,6490,FLOW
6489,6491,FLOW
6559,6490,HAS_BLOCK
6490,6492,FLOW
6490,6491,FLOW
6559,6491,HAS_BLOCK
6491,6513,FLOW
6559,6492,HAS_BLOCK
6492,6507,FLOW
6492,6493,FLOW
6559,6493,HAS_BLOCK
6493,6495,FLOW
6493,6543,FLOW
6493,6543,UNWIND
6559,6495,HAS_BLOCK
6495,6498,FLOW
6495,6543,FLOW
6495,6543,UNWIND
6559,6498,HAS_BLOCK
6498,6499,FLOW
6498,6506,FLOW
6498,6439,FLOW
6559,6499,HAS_BLOCK
6499,6500,FLOW
6499,6506,FLOW
6499,6439,FLOW
6559,6500,HAS_BLOCK
6500,6502,FLOW
6500,6543,FLOW
6500,6543,UNWIND
6559,6502,HAS_BLOCK
6502,6504,FLOW
6502,6543,FLOW
6502,6543,UNWIND
6559,6504,HAS_BLOCK
6504,6552,FLOW
6504,6543,FLOW
6504,6543,UNWIND
6559,6506,HAS_BLOCK
6506,6513,FLOW
6559,6507,HAS_BLOCK
6507,6509,FLOW
6507,6543,FLOW
6507,6543,UNWIND
6559,6509,HAS_BLOCK
6509,6511,FLOW
6509,6543,FLOW
6509,6543,UNWIND
6559,6511,HAS_BLOCK
6511,6553,FLOW
6511,6543,FLOW
6511,6543,UNWIND
6559,6513,HAS_BLOCK
6513,6515,FLOW
6513,6472,FLOW
6559,6515,HAS_BLOCK
6515,6517,FLOW
6515,6543,FLOW
6515,6543,UNWIND
6559,6517,HAS_BLOCK
6517,6519,FLOW
6517,6543,FLOW
6517,6543,UNWIND
6559,6519,HAS_BLOCK
6519,6521,FLOW
6519,6543,FLOW
6519,6543,UNWIND
6559,6521,HAS_BLOCK
6521,6523,FLOW
6521,6543,FLOW
6521,6543,UNWIND
6559,6523,HAS_BLOCK
6523,6525,FLOW
6523,6543,FLOW
6523,6543,UNWIND
6559,6525,HAS_BLOCK
6525,6554,FLOW
6525,6543,FLOW
6525,6543,UNWIND
6559,6527,HAS_BLOCK
6527,6528,FLOW
6559,6528,HAS_BLOCK
6528,6530,FLOW
6528,6543,FLOW
6528,6543,UNWIND
6559,6530,HAS_BLOCK
6530,6535,FLOW
6530,6531,FLOW
6530,6439,FLOW
6559,6531,HAS_BLOCK
6531,6536,FLOW
6531,6543,FLOW
6531,6543,UNWIND
6559,6535,HAS_BLOCK
6535,6540,FLOW
6535,6544,FLOW
6535,6544,UNWIND
6559,6536,HAS_BLOCK
6536,6538,FLOW
6536,6543,FLOW
6536,6543,UNWIND
6559,6538,HAS_BLOCK
6538,6555,FLOW
6538,6543,FLOW
6538,6543,UNWIND
6559,6540,HAS_BLOCK
6540,6541,FLOW
6540,6545,FLOW
6540,6545,UNWIND
6559,6541,HAS_BLOCK
6541,6542,FLOW
6559,6542,HAS_BLOCK
6542,6559,RETURN
6559,6543,HAS_BLOCK
6543,6544,FLOW
6559,6544,HAS_BLOCK
6544,6545,FLOW
6559,6545,HAS_BLOCK
6545,6546,FLOW
6559,6546,HAS_BLOCK
6559,6549,HAS_BLOCK
6549,6545,FLOW
6559,6550,HAS_BLOCK
6550,6545,FLOW
6550,6549,FLOW
6559,6551,HAS_BLOCK
6551,6447,FLOW
6559,6552,HAS_BLOCK
6552,6513,FLOW
6559,6553,HAS_BLOCK
6553,6513,FLOW
6559,6554,HAS_BLOCK
6554,6472,FLOW
6559,6555,HAS_BLOCK
6555,6528,FLOW
6421,6422,HAS_PARAM
6421,6423,HAS_PARAM
6421,6376,HAS_BLOCK
6376,6378,FLOW
6421,6378,HAS_BLOCK
6378,6395,FLOW
6378,6408,FLOW
6378,6408,UNWIND
6421,6395,HAS_BLOCK
6395,6410,FLOW
6395,6405,FLOW
6395,6405,UNWIND
6421,6410,HAS_BLOCK
6410,6413,FLOW
6421,6413,HAS_BLOCK
6413,6415,FLOW
6413,6405,FLOW
6413,6405,UNWIND
6421,6415,HAS_BLOCK
6415,6383,FLOW
6415,6417,FLOW
6415,6416,FLOW
6421,6416,HAS_BLOCK
6421,6417,HAS_BLOCK
6417,6413,FLOW
6417,6418,FLOW
6421,6418,HAS_BLOCK
6418,6420,FLOW
6418,6405,FLOW
6418,6405,UNWIND
6421,6420,HAS_BLOCK
6420,6379,FLOW
6420,6413,FLOW
6421,6379,HAS_BLOCK
6379,6381,FLOW
6379,6405,FLOW
6379,6405,UNWIND
6421,6381,HAS_BLOCK
6381,6411,FLOW
6381,6405,FLOW
6381,6405,UNWIND
6421,6383,HAS_BLOCK
6383,6385,FLOW
6383,6405,FLOW
6383,6405,UNWIND
6421,6385,HAS_BLOCK
6385,6386,FLOW
6385,6403,FLOW
6385,6416,FLOW
6421,6386,HAS_BLOCK
6386,6387,FLOW
6386,6405,FLOW
6386,6405,UNWIND
6421,6387,HAS_BLOCK
6387,6389,FLOW
6387,6405,FLOW
6387,6405,UNWIND
6421,6389,HAS_BLOCK
6389,6390,FLOW
6421,6390,HAS_BLOCK
6390,6392,FLOW
6390,6405,FLOW
6390,6405,UNWIND
6421,6392,HAS_BLOCK
6392,6383,FLOW
6392,6393,FLOW
6392,6416,FLOW
6421,6393,HAS_BLOCK
6393,6390,FLOW
6393,6396,FLOW
6421,6396,HAS_BLOCK
6396,6398,FLOW
6396,6405,FLOW
6396,6405,UNWIND
6421,6398,HAS_BLOCK
6398,6399,FLOW
6398,6390,FLOW
6421,6399,HAS_BLOCK
6399,6401,FLOW
6399,6405,FLOW
6399,6405,UNWIND
6421,6401,HAS_BLOCK
6401,6412,FLOW
6401,6405,FLOW
6401,6405,UNWIND
6421,6403,HAS_BLOCK
6403,6404,FLOW
6403,6408,FLOW
6403,6408,UNWIND
6421,6404,HAS_BLOCK
6404,6421,RETURN
6421,6405,HAS_BLOCK
6405,6408,FLOW
6421,6406,HAS_BLOCK
6421,6407,HAS_BLOCK
6407,6406,FLOW
6421,6408,HAS_BLOCK
6408,6406,FLOW
6408,6407,FLOW
6421,6411,HAS_BLOCK
6411,6413,FLOW
6421,6412,HAS_BLOCK
6412,6390,FLOW
6579,6580,HAS_PARAM
6579,6561,HAS_BLOCK
6561,6571,FLOW
6561,6562,FLOW
6561,6570,FLOW
6579,6562,HAS_BLOCK
6562,6569,FLOW
6579,6571,HAS_BLOCK
6571,6568,FLOW
6571,6567,FLOW
6571,6566,FLOW
6571,6565,FLOW
6571,6572,FLOW
6571,6564,FLOW
6571,6563,FLOW
6571,6578,FLOW
6571,6577,FLOW
6571,6576,FLOW
6571,6575,FLOW
6571,6574,FLOW
6571,6573,FLOW
6571,6562,FLOW
6579,6572,HAS_BLOCK
6572,6569,FLOW
6579,6573,HAS_BLOCK
6573,6569,FLOW
6579,6574,HAS_BLOCK
6574,6569,FLOW
6579,6575,HAS_BLOCK
6575,6569,FLOW
6579,6576,HAS_BLOCK
6576,6569,FLOW
6579,6577,HAS_BLOCK
6577,6569,FLOW
6579,6578,HAS_BLOCK
6578,6569,FLOW
6579,6563,HAS_BLOCK
6563,6569,FLOW
6579,6564,HAS_BLOCK
6564,6569,FLOW
6579,6565,HAS_BLOCK
6565,6569,FLOW
6579,6566,HAS_BLOCK
6566,6569,FLOW
6579,6567,HAS_BLOCK
6567,6569,FLOW
6579,6568,HAS_BLOCK
6568,6569,FLOW
6579,6569,HAS_BLOCK
6569,6579,RETURN
6579,6570,HAS_BLOCK
5080,5081,HAS_PARAM
5080,4881,HAS_BLOCK
4881,4883,FLOW
4881,3888,CALL
5080,4883,HAS_BLOCK
4883,4927,FLOW
5080,4927,HAS_BLOCK
4927,4964,FLOW
4927,4984,FLOW
4927,4946,FLOW
5080,4946,HAS_BLOCK
5080,4964,HAS_BLOCK
4964,5003,FLOW
4964,4212,CALL
5080,4984,HAS_BLOCK
4984,4911,FLOW
5080,5003,HAS_BLOCK
5003,5023,FLOW
5080,5023,HAS_BLOCK
5023,5041,FLOW
5023,5061,FLOW
5023,4946,FLOW
5080,5041,HAS_BLOCK
5041,4884,FLOW
5041,4079,CALL
5080,5061,HAS_BLOCK
5061,4911,FLOW
5080,4884,HAS_BLOCK
4884,4904,FLOW
5080,4904,HAS_BLOCK
4904,4912,FLOW
4904,4914,FLOW
4904,4946,FLOW
5080,4912,HAS_BLOCK
4912,4916,FLOW
4912,6373,CALL
5080,4914,HAS_BLOCK
4914,4911,FLOW
5080,4916,HAS_BLOCK
4916,4918,FLOW
5080,4918,HAS_BLOCK
4918,4919,FLOW
4918,4921,FLOW
4918,4946,FLOW
5080,4919,HAS_BLOCK
4919,4923,FLOW
4919,6559,CALL
5080,4921,HAS_BLOCK
4921,4911,FLOW
5080,4923,HAS_BLOCK
4923,4925,FLOW
5080,4925,HAS_BLOCK
4925,4928,FLOW
4925,4930,FLOW
4925,4946,FLOW
5080,4928,HAS_BLOCK
4928,4932,FLOW
4928,5202,CALL
5080,4930,HAS_BLOCK
4930,4911,FLOW
5080,4932,HAS_BLOCK
4932,4934,FLOW
5080,4934,HAS_BLOCK
4934,4935,FLOW
4934,4937,FLOW
4934,4946,FLOW
5080,4935,HAS_BLOCK
4935,4939,FLOW
4935,2491,CALL
5080,4937,HAS_BLOCK
4937,4911,FLOW
5080,4939,HAS_BLOCK
4939,4941,FLOW
5080,4941,HAS_BLOCK
4941,4942,FLOW
4941,4944,FLOW
4941,4946,FLOW
5080,4942,HAS_BLOCK
4942,4947,FLOW
4942,3373,CALL
5080,4944,HAS_BLOCK
4944,4911,FLOW
5080,4947,HAS_BLOCK
4947,4949,FLOW
5080,4949,HAS_BLOCK
4949,4950,FLOW
4949,4952,FLOW
4949,4946,FLOW
5080,4950,HAS_BLOCK
4950,4954,FLOW
4950,2197,CALL
5080,4952,HAS_BLOCK
4952,4911,FLOW
5080,4954,HAS_BLOCK
4954,4956,FLOW
5080,4956,HAS_BLOCK
4956,4957,FLOW
4956,4959,FLOW
4956,4946,FLOW
5080,4957,HAS_BLOCK
4957,4961,FLOW
4957,4879,CALL
5080,4959,HAS_BLOCK
4959,4911,FLOW
5080,4961,HAS_BLOCK
4961,4963,FLOW
5080,4963,HAS_BLOCK
4963,4965,FLOW
4963,4967,FLOW
4963,4946,FLOW
5080,4965,HAS_BLOCK
4965,4969,FLOW
4965,2946,CALL
5080,4967,HAS_BLOCK
4967,4911,FLOW
5080,4969,HAS_BLOCK
4969,4971,FLOW
5080,4971,HAS_BLOCK
4971,4972,FLOW
4971,4974,FLOW
4971,4946,FLOW
5080,4972,HAS_BLOCK
4972,4976,FLOW
4972,6097,CALL
5080,4974,HAS_BLOCK
4974,4911,FLOW
5080,4976,HAS_BLOCK
4976,4978,FLOW
5080,4978,HAS_BLOCK
4978,4979,FLOW
4978,4981,FLOW
4978,4946,FLOW
5080,4979,HAS_BLOCK
4979,4985,FLOW
4979,5629,CALL
5080,4981,HAS_BLOCK
4981,4911,FLOW
5080,4985,HAS_BLOCK
4985,4987,FLOW
5080,4987,HAS_BLOCK
4987,4988,FLOW
4987,4990,FLOW
4987,4946,FLOW
5080,4988,HAS_BLOCK
4988,4992,FLOW
4988,1627,CALL
5080,4990,HAS_BLOCK
4990,4911,FLOW
5080,4992,HAS_BLOCK
4992,4994,FLOW
5080,4994,HAS_BLOCK
4994,4995,FLOW
4994,4997,FLOW
4994,4946,FLOW
5080,4995,HAS_BLOCK
4995,4999,FLOW
4995,1708,CALL
5080,4997,HAS_BLOCK
4997,4911,FLOW
5080,4999,HAS_BLOCK
4999,5001,FLOW
5080,5001,HAS_BLOCK
5001,5004,FLOW
5001,5006,FLOW
5001,4946,FLOW
5080,5004,HAS_BLOCK
5004,5008,FLOW
5004,3552,CALL
5080,5006,HAS_BLOCK
5006,4911,FLOW
5080,5008,HAS_BLOCK
5008,5010,FLOW
5080,5010,HAS_BLOCK
5010,5011,FLOW
5010,5013,FLOW
5010,4946,FLOW
5080,5011,HAS_BLOCK
5011,5015,FLOW
5011,5388,CALL
5080,5013,HAS_BLOCK
5013,4911,FLOW
5080,5015,HAS_BLOCK
5015,5017,FLOW
5080,5017,HAS_BLOCK
5017,5018,FLOW
5017,5020,FLOW
5017,4946,FLOW
5080,5018,HAS_BLOCK
5018,5024,FLOW
5018,3233,CALL
5080,5020,HAS_BLOCK
5020,4911,FLOW
5080,5024,HAS_BLOCK
5024,5026,FLOW
5080,5026,HAS_BLOCK
5026,5027,FLOW
5026,5029,FLOW
5026,4946,FLOW
5080,5027,HAS_BLOCK
5027,5031,FLOW
5027,4439,CALL
5080,5029,HAS_BLOCK
5029,4911,FLOW
5080,5031,HAS_BLOCK
5031,5033,FLOW
5080,5033,HAS_BLOCK
5033,5034,FLOW
5033,5036,FLOW
5033,4946,FLOW
5080,5034,HAS_BLOCK
5034,5038,FLOW
5034,2352,CALL
5080,5036,HAS_BLOCK
5036,4911,FLOW
5080,5038,HAS_BLOCK
5038,5040,FLOW
5080,5040,HAS_BLOCK
5040,5042,FLOW
5040,5044,FLOW
5040,4946,FLOW
5080,5042,HAS_BLOCK
5042,5046,FLOW
5042,3990,CALL
5080,5044,HAS_BLOCK
5044,4911,FLOW
5080,5046,HAS_BLOCK
5046,5048,FLOW
5080,5048,HAS_BLOCK
5048,5049,FLOW
5048,5051,FLOW
5048,4946,FLOW
5080,5049,HAS_BLOCK
5049,5053,FLOW
5049,4725,CALL
5080,5051,HAS_BLOCK
5051,4911,FLOW
5080,5053,HAS_BLOCK
5053,5055,FLOW
5080,5055,HAS_BLOCK
5055,5056,FLOW
5055,5058,FLOW
5055,4946,FLOW
5080,5056,HAS_BLOCK
5056,5062,FLOW
5056,1463,CALL
5080,5058,HAS_BLOCK
5058,4911,FLOW
5080,5062,HAS_BLOCK
5062,5064,FLOW
5080,5064,HAS_BLOCK
5064,5065,FLOW
5064,5067,FLOW
5064,4946,FLOW
5080,5065,HAS_BLOCK
5065,5069,FLOW
5065,1772,CALL
5080,5067,HAS_BLOCK
5067,4911,FLOW
5080,5069,HAS_BLOCK
5069,5071,FLOW
5080,5071,HAS_BLOCK
5071,5072,FLOW
5071,5074,FLOW
5071,4946,FLOW
5080,5072,HAS_BLOCK
5072,5076,FLOW
5072,4054,CALL
5080,5074,HAS_BLOCK
5074,4911,FLOW
5080,5076,HAS_BLOCK
5076,5078,FLOW
5080,5078,HAS_BLOCK
5078,4885,FLOW
5078,4887,FLOW
5078,4946,FLOW
5080,4885,HAS_BLOCK
4885,4889,FLOW
4885,3106,CALL
5080,4887,HAS_BLOCK
4887,4911,FLOW
5080,4889,HAS_BLOCK
4889,4891,FLOW
5080,4891,HAS_BLOCK
4891,4892,FLOW
4891,4894,FLOW
4891,4946,FLOW
5080,4892,HAS_BLOCK
4892,4896,FLOW
4892,2798,CALL
5080,4894,HAS_BLOCK
4894,4911,FLOW
5080,4896,HAS_BLOCK
4896,4898,FLOW
5080,4898,HAS_BLOCK
4898,4899,FLOW
4898,4901,FLOW
4898,4946,FLOW
5080,4899,HAS_BLOCK
4899,4905,FLOW
4899,6198,CALL
5080,4901,HAS_BLOCK
4901,4911,FLOW
5080,4905,HAS_BLOCK
4905,4907,FLOW
5080,4907,HAS_BLOCK
4907,4908,FLOW
4907,4909,FLOW
4907,4946,FLOW
5080,4908,HAS_BLOCK
4908,4911,FLOW
5080,4909,HAS_BLOCK
4909,4911,FLOW
5080,4911,HAS_BLOCK
4911,5080,RETURN
5208,5209,HAS_PARAM
5208,5207,HAS_BLOCK
5207,5208,RETURN
5205,5206,HAS_PARAM
5205,5204,HAS_BLOCK
5204,5205,RETURN
2206,2207,HAS_PARAM
2206,2199,HAS_BLOCK
2199,2201,FLOW
2206,2201,HAS_BLOCK
2201,2203,FLOW
2206,2203,HAS_BLOCK
2203,2205,FLOW
2206,2205,HAS_BLOCK
2205,2206,RETURN
3394,3395,HAS_PARAM
3394,3375,HAS_BLOCK
3375,3377,FLOW
3394,3377,HAS_BLOCK
3377,3380,FLOW
3394,3380,HAS_BLOCK
3380,3382,FLOW
3394,3382,HAS_BLOCK
3382,3384,FLOW
3394,3384,HAS_BLOCK
3384,3386,FLOW
3384,3393,FLOW
3384,3393,UNWIND
3394,3386,HAS_BLOCK
3386,3388,FLOW
3386,3393,FLOW
3386,3393,UNWIND
3394,3388,HAS_BLOCK
3388,3390,FLOW
3388,3393,FLOW
3388,3393,UNWIND
3394,3390,HAS_BLOCK
3390,3392,FLOW
3390,3393,FLOW
3390,3393,UNWIND
3394,3392,HAS_BLOCK
3392,3394,RETURN
3394,3393,HAS_BLOCK
3393,3378,FLOW
3394,3378,HAS_BLOCK
3243,3244,HAS_PARAM
3243,3240,HAS_BLOCK
3240,3242,FLOW
3240,3274,CALL
3243,3242,HAS_BLOCK
3242,3243,RETURN
3238,3239,HAS_PARAM
3238,3235,HAS_BLOCK
3235,3237,FLOW
3235,3274,CALL
3238,3237,HAS_BLOCK
3237,3238,RETURN
3274,3275,HAS_PARAM
3274,3246,HAS_BLOCK
3246,3248,FLOW
3274,3248,HAS_BLOCK
3248,3258,FLOW
3274,3258,HAS_BLOCK
3258,3260,FLOW
3274,3260,HAS_BLOCK
3260,3262,FLOW
3274,3262,HAS_BLOCK
3262,3264,FLOW
3262,3256,FLOW
3262,3256,UNWIND
3274,3264,HAS_BLOCK
3264,3266,FLOW
3264,3256,FLOW
3264,3256,UNWIND
3274,3266,HAS_BLOCK
3266,3268,FLOW
3266,3256,FLOW
3266,3256,UNWIND
3274,3268,HAS_BLOCK
3268,3270,FLOW
3268,3256,FLOW
3268,3256,UNWIND
3274,3270,HAS_BLOCK
3270,3272,FLOW
3270,3253,FLOW
3270,3253,UNWIND
3274,3272,HAS_BLOCK
3272,3249,FLOW
3272,3253,FLOW
3272,3253,UNWIND
3274,3249,HAS_BLOCK
3249,3251,FLOW
3249,3253,FLOW
3249,3253,UNWIND
3274,3251,HAS_BLOCK
3251,3252,FLOW
3251,3256,FLOW
3251,3256,UNWIND
3274,3252,HAS_BLOCK
3252,3274,RETURN
3274,3253,HAS_BLOCK
3253,3256,FLOW
3274,3254,HAS_BLOCK
3274,3255,HAS_BLOCK
3255,3254,FLOW
3274,3256,HAS_BLOCK
3256,3254,FLOW
3256,3255,FLOW
65,66,HAS_PARAM
65,48,HAS_BLOCK
48,50,FLOW
48,168,CALL
65,50,HAS_BLOCK
50,53,FLOW
65,53,HAS_BLOCK
53,55,FLOW
53,57,FLOW
53,54,FLOW
65,54,HAS_BLOCK
65,55,HAS_BLOCK
55,59,FLOW
55,5080,CALL
65,57,HAS_BLOCK
57,51,FLOW
65,59,HAS_BLOCK
59,61,FLOW
65,61,HAS_BLOCK
61,62,FLOW
61,63,FLOW
61,54,FLOW
65,62,HAS_BLOCK
62,51,FLOW
65,63,HAS_BLOCK
63,51,FLOW
65,51,HAS_BLOCK
51,65,RETURN
1453,1450,HAS_BLOCK
1450,1452,FLOW
1453,1452,HAS_BLOCK
1452,1453,RETURN
280,281,HAS_PARAM
280,277,HAS_BLOCK
277,279,FLOW
280,279,HAS_BLOCK
279,280,RETURN
221,222,HAS_PARAM
221,223,HAS_PARAM
221,224,HAS_PARAM
221,218,HAS_BLOCK
218,220,FLOW
221,220,HAS_BLOCK
220,221,RETURN
268,269,HAS_PARAM
268,270,HAS_PARAM
268,237,HAS_BLOCK
237,239,FLOW
268,239,HAS_BLOCK
239,255,FLOW
268,255,HAS_BLOCK
255,260,FLOW
268,260,HAS_BLOCK
260,263,FLOW
260,262,FLOW
260,261,FLOW
268,261,HAS_BLOCK
268,262,HAS_BLOCK
262,264,FLOW
262,255,FLOW
268,263,HAS_BLOCK
263,268,RETURN
268,264,HAS_BLOCK
264,265,FLOW
264,255,FLOW
264,261,FLOW
268,265,HAS_BLOCK
265,267,FLOW
268,267,HAS_BLOCK
267,240,FLOW
267,255,FLOW
268,240,HAS_BLOCK
240,242,FLOW
268,242,HAS_BLOCK
242,243,FLOW
268,243,HAS_BLOCK
243,245,FLOW
268,245,HAS_BLOCK
245,255,FLOW
245,246,FLOW
245,261,FLOW
268,246,HAS_BLOCK
246,248,FLOW
268,248,HAS_BLOCK
248,249,FLOW
248,243,FLOW
268,249,HAS_BLOCK
249,251,FLOW
268,251,HAS_BLOCK
251,252,FLOW
268,252,HAS_BLOCK
252,254,FLOW
268,254,HAS_BLOCK
254,243,FLOW
254,256,FLOW
254,261,FLOW
268,256,HAS_BLOCK
256,257,FLOW
256,252,FLOW
268,257,HAS_BLOCK
257,252,FLOW
257,221,CALL
275,276,HAS_PARAM
275,272,HAS_BLOCK
272,274,FLOW
275,274,HAS_BLOCK
274,275,RETURN
235,236,HAS_PARAM
235,225,HAS_BLOCK
225,227,FLOW
225,234,FLOW
225,234,UNWIND
235,227,HAS_BLOCK
227,229,FLOW
227,234,FLOW
227,234,UNWIND
235,229,HAS_BLOCK
229,231,FLOW
229,234,FLOW
229,234,UNWIND
235,231,HAS_BLOCK
231,235,RETURN
235,232,HAS_BLOCK
235,233,HAS_BLOCK
233,232,FLOW
235,234,HAS_BLOCK
234,232,FLOW
234,233,FLOW
401,402,HAS_PARAM
401,398,HAS_BLOCK
398,400,FLOW
401,400,HAS_BLOCK
400,401,RETURN
297,298,HAS_PARAM
297,299,HAS_PARAM
297,300,HAS_PARAM
297,294,HAS_BLOCK
294,296,FLOW
297,296,HAS_BLOCK
296,297,RETURN
289,290,HAS_PARAM
289,291,HAS_PARAM
289,292,HAS_PARAM
289,293,HAS_PARAM
289,286,HAS_BLOCK
286,288,FLOW
289,288,HAS_BLOCK
288,289,RETURN
389,390,HAS_PARAM
389,391,HAS_PARAM
389,313,HAS_BLOCK
313,315,FLOW
389,315,HAS_BLOCK
315,331,FLOW
389,331,HAS_BLOCK
331,351,FLOW
389,351,HAS_BLOCK
351,382,FLOW
351,381,FLOW
351,370,FLOW
389,370,HAS_BLOCK
389,381,HAS_BLOCK
381,383,FLOW
381,331,FLOW
389,382,HAS_BLOCK
382,389,RETURN
389,383,HAS_BLOCK
383,385,FLOW
389,385,HAS_BLOCK
385,387,FLOW
389,387,HAS_BLOCK
387,316,FLOW
389,316,HAS_BLOCK
316,318,FLOW
389,318,HAS_BLOCK
318,319,FLOW
389,319,HAS_BLOCK
319,321,FLOW
389,321,HAS_BLOCK
321,331,FLOW
321,322,FLOW
321,370,FLOW
389,322,HAS_BLOCK
322,324,FLOW
389,324,HAS_BLOCK
324,325,FLOW
324,319,FLOW
389,325,HAS_BLOCK
325,327,FLOW
389,327,HAS_BLOCK
327,329,FLOW
389,329,HAS_BLOCK
329,330,FLOW
329,319,FLOW
329,370,FLOW
389,330,HAS_BLOCK
330,334,FLOW
330,336,FLOW
330,332,FLOW
389,332,HAS_BLOCK
332,367,FLOW
389,334,HAS_BLOCK
334,345,FLOW
389,336,HAS_BLOCK
336,338,FLOW
389,338,HAS_BLOCK
338,340,FLOW
389,340,HAS_BLOCK
340,342,FLOW
389,342,HAS_BLOCK
342,343,FLOW
342,319,FLOW
342,370,FLOW
389,343,HAS_BLOCK
343,319,FLOW
343,297,CALL
389,345,HAS_BLOCK
345,347,FLOW
389,347,HAS_BLOCK
347,349,FLOW
389,349,HAS_BLOCK
349,352,FLOW
349,356,FLOW
349,370,FLOW
389,352,HAS_BLOCK
352,354,FLOW
389,354,HAS_BLOCK
354,356,FLOW
354,289,CALL
389,356,HAS_BLOCK
356,358,FLOW
389,358,HAS_BLOCK
358,360,FLOW
389,360,HAS_BLOCK
360,362,FLOW
389,362,HAS_BLOCK
362,363,FLOW
362,319,FLOW
362,370,FLOW
389,363,HAS_BLOCK
363,365,FLOW
389,365,HAS_BLOCK
365,319,FLOW
365,289,CALL
389,367,HAS_BLOCK
367,368,FLOW
367,371,FLOW
367,370,FLOW
389,368,HAS_BLOCK
368,319,FLOW
368,297,CALL
389,371,HAS_BLOCK
371,373,FLOW
389,373,HAS_BLOCK
373,374,FLOW
389,374,HAS_BLOCK
374,376,FLOW
389,376,HAS_BLOCK
376,378,FLOW
389,378,HAS_BLOCK
378,379,FLOW
378,319,FLOW
378,370,FLOW
389,379,HAS_BLOCK
379,319,FLOW
379,297,CALL
396,397,HAS_PARAM
396,393,HAS_BLOCK
393,395,FLOW
396,395,HAS_BLOCK
395,396,RETURN
311,312,HAS_PARAM
311,301,HAS_BLOCK
301,303,FLOW
301,310,FLOW
301,310,UNWIND
311,303,HAS_BLOCK
303,305,FLOW
303,310,FLOW
303,310,UNWIND
311,305,HAS_BLOCK
305,307,FLOW
305,310,FLOW
305,310,UNWIND
311,307,HAS_BLOCK
307,311,RETURN
311,308,HAS_BLOCK
311,309,HAS_BLOCK
309,308,FLOW
311,310,HAS_BLOCK
310,308,FLOW
310,309,FLOW
528,529,HAS_PARAM
528,525,HAS_BLOCK
525,527,FLOW
528,527,HAS_BLOCK
527,528,RETURN
410,411,HAS_PARAM
410,412,HAS_PARAM
410,413,HAS_PARAM
410,407,HAS_BLOCK
407,409,FLOW
410,409,HAS_BLOCK
409,410,RETURN
516,517,HAS_PARAM
516,518,HAS_PARAM
516,426,HAS_BLOCK
426,428,FLOW
516,428,HAS_BLOCK
428,447,FLOW
428,507,FLOW
428,507,UNWIND
516,447,HAS_BLOCK
447,466,FLOW
447,507,FLOW
447,507,UNWIND
516,466,HAS_BLOCK
466,485,FLOW
466,504,FLOW
466,504,UNWIND
516,485,HAS_BLOCK
485,501,FLOW
485,504,FLOW
485,504,UNWIND
516,501,HAS_BLOCK
501,510,FLOW
516,510,HAS_BLOCK
510,512,FLOW
510,504,FLOW
510,504,UNWIND
516,512,HAS_BLOCK
512,429,FLOW
512,514,FLOW
512,513,FLOW
516,513,HAS_BLOCK
516,514,HAS_BLOCK
514,431,FLOW
514,504,FLOW
514,504,UNWIND
516,429,HAS_BLOCK
429,448,FLOW
429,504,FLOW
429,504,UNWIND
516,431,HAS_BLOCK
431,433,FLOW
431,504,FLOW
431,504,UNWIND
516,433,HAS_BLOCK
433,434,FLOW
516,434,HAS_BLOCK
434,436,FLOW
434,504,FLOW
434,504,UNWIND
516,436,HAS_BLOCK
436,510,FLOW
436,437,FLOW
436,513,FLOW
516,437,HAS_BLOCK
437,439,FLOW
437,504,FLOW
437,504,UNWIND
516,439,HAS_BLOCK
439,434,FLOW
439,440,FLOW
516,440,HAS_BLOCK
440,442,FLOW
440,504,FLOW
440,504,UNWIND
516,442,HAS_BLOCK
442,444,FLOW
442,504,FLOW
442,504,UNWIND
516,444,HAS_BLOCK
444,508,FLOW
444,504,FLOW
444,504,UNWIND
516,448,HAS_BLOCK
448,450,FLOW
448,504,FLOW
448,504,UNWIND
516,450,HAS_BLOCK
450,452,FLOW
450,504,FLOW
450,504,UNWIND
516,452,HAS_BLOCK
452,454,FLOW
452,504,FLOW
452,504,UNWIND
516,454,HAS_BLOCK
454,455,FLOW
516,455,HAS_BLOCK
455,457,FLOW
455,504,FLOW
455,504,UNWIND
516,457,HAS_BLOCK
457,460,FLOW
457,458,FLOW
457,513,FLOW
516,458,HAS_BLOCK
458,461,FLOW
458,504,FLOW
458,504,UNWIND
516,460,HAS_BLOCK
460,499,FLOW
516,461,HAS_BLOCK
461,463,FLOW
461,504,FLOW
461,504,UNWIND
516,463,HAS_BLOCK
463,467,FLOW
463,504,FLOW
463,504,UNWIND
516,467,HAS_BLOCK
467,469,FLOW
467,504,FLOW
467,504,UNWIND
516,469,HAS_BLOCK
469,471,FLOW
469,503,FLOW
469,503,UNWIND
516,471,HAS_BLOCK
471,473,FLOW
471,472,FLOW
516,472,HAS_BLOCK
472,455,FLOW
472,504,FLOW
472,504,UNWIND
516,473,HAS_BLOCK
473,475,FLOW
473,503,FLOW
473,503,UNWIND
516,475,HAS_BLOCK
475,477,FLOW
475,503,FLOW
475,503,UNWIND
516,477,HAS_BLOCK
477,479,FLOW
477,503,FLOW
477,503,UNWIND
516,479,HAS_BLOCK
479,481,FLOW
479,503,FLOW
479,503,UNWIND
516,481,HAS_BLOCK
481,483,FLOW
481,502,FLOW
481,502,UNWIND
516,483,HAS_BLOCK
483,486,FLOW
516,486,HAS_BLOCK
486,488,FLOW
486,502,FLOW
486,502,UNWIND
516,488,HAS_BLOCK
488,491,FLOW
488,489,FLOW
488,513,FLOW
516,489,HAS_BLOCK
489,492,FLOW
489,502,FLOW
489,502,UNWIND
516,491,HAS_BLOCK
491,498,FLOW
491,503,FLOW
491,503,UNWIND
516,492,HAS_BLOCK
492,493,FLOW
516,493,HAS_BLOCK
493,495,FLOW
493,502,FLOW
493,502,UNWIND
516,495,HAS_BLOCK
495,486,FLOW
495,496,FLOW
495,513,FLOW
516,496,HAS_BLOCK
496,509,FLOW
496,502,FLOW
496,502,UNWIND
496,410,CALL
516,498,HAS_BLOCK
498,455,FLOW
498,504,FLOW
498,504,UNWIND
516,499,HAS_BLOCK
499,516,RETURN
516,502,HAS_BLOCK
502,503,FLOW
516,503,HAS_BLOCK
503,504,FLOW
516,504,HAS_BLOCK
504,505,FLOW
516,505,HAS_BLOCK
516,506,HAS_BLOCK
506,505,FLOW
516,507,HAS_BLOCK
507,505,FLOW
507,506,FLOW
516,508,HAS_BLOCK
508,434,FLOW
516,509,HAS_BLOCK
509,493,FLOW
523,524,HAS_PARAM
523,520,HAS_BLOCK
520,522,FLOW
523,522,HAS_BLOCK
522,523,RETURN
424,425,HAS_PARAM
424,414,HAS_BLOCK
414,416,FLOW
414,423,FLOW
414,423,UNWIND
424,416,HAS_BLOCK
416,418,FLOW
416,423,FLOW
416,423,UNWIND
424,418,HAS_BLOCK
418,420,FLOW
418,423,FLOW
418,423,UNWIND
424,420,HAS_BLOCK
420,424,RETURN
424,421,HAS_BLOCK
424,422,HAS_BLOCK
422,421,FLOW
424,423,HAS_BLOCK
423,421,FLOW
423,422,FLOW
662,663,HAS_PARAM
662,659,HAS_BLOCK
659,661,FLOW
662,661,HAS_BLOCK
661,662,RETURN
537,538,HAS_PARAM
537,539,HAS_PARAM
537,540,HAS_PARAM
537,534,HAS_BLOCK
534,536,FLOW
537,536,HAS_BLOCK
536,537,RETURN
544,545,HAS_PARAM
544,546,HAS_PARAM
544,547,HAS_PARAM
544,541,HAS_BLOCK
541,543,FLOW
544,543,HAS_BLOCK
543,544,RETURN
650,651,HAS_PARAM
650,652,HAS_PARAM
650,560,HAS_BLOCK
560,562,FLOW
650,562,HAS_BLOCK
562,580,FLOW
650,580,HAS_BLOCK
580,599,FLOW
650,599,HAS_BLOCK
599,617,FLOW
650,617,HAS_BLOCK
617,634,FLOW
617,635,FLOW
617,635,UNWIND
650,634,HAS_BLOCK
634,645,FLOW
650,645,HAS_BLOCK
645,647,FLOW
645,635,FLOW
645,635,UNWIND
650,647,HAS_BLOCK
647,563,FLOW
647,649,FLOW
647,648,FLOW
650,648,HAS_BLOCK
650,649,HAS_BLOCK
649,565,FLOW
649,645,FLOW
650,563,HAS_BLOCK
563,571,FLOW
563,635,FLOW
563,635,UNWIND
650,565,HAS_BLOCK
565,567,FLOW
565,635,FLOW
565,635,UNWIND
650,567,HAS_BLOCK
567,569,FLOW
567,635,FLOW
567,635,UNWIND
650,569,HAS_BLOCK
569,637,FLOW
569,635,FLOW
569,635,UNWIND
650,571,HAS_BLOCK
571,572,FLOW
650,572,HAS_BLOCK
572,574,FLOW
572,635,FLOW
572,635,UNWIND
650,574,HAS_BLOCK
574,576,FLOW
574,575,FLOW
574,648,FLOW
650,575,HAS_BLOCK
575,577,FLOW
575,593,FLOW
650,576,HAS_BLOCK
576,632,FLOW
650,577,HAS_BLOCK
577,581,FLOW
577,635,FLOW
577,635,UNWIND
650,581,HAS_BLOCK
581,583,FLOW
581,635,FLOW
581,635,UNWIND
650,583,HAS_BLOCK
583,585,FLOW
583,635,FLOW
583,635,UNWIND
650,585,HAS_BLOCK
585,587,FLOW
585,635,FLOW
585,635,UNWIND
650,587,HAS_BLOCK
587,588,FLOW
587,590,FLOW
587,648,FLOW
650,588,HAS_BLOCK
588,638,FLOW
588,635,FLOW
588,635,UNWIND
588,537,CALL
650,590,HAS_BLOCK
590,591,FLOW
590,593,FLOW
590,648,FLOW
650,591,HAS_BLOCK
591,639,FLOW
591,635,FLOW
591,635,UNWIND
591,537,CALL
650,593,HAS_BLOCK
593,602,FLOW
593,600,FLOW
593,604,FLOW
593,594,FLOW
593,596,FLOW
593,572,FLOW
650,594,HAS_BLOCK
594,640,FLOW
594,635,FLOW
594,635,UNWIND
594,544,CALL
650,596,HAS_BLOCK
596,626,FLOW
596,635,FLOW
596,635,UNWIND
650,600,HAS_BLOCK
600,620,FLOW
600,635,FLOW
600,635,UNWIND
650,602,HAS_BLOCK
602,612,FLOW
602,635,FLOW
602,635,UNWIND
650,604,HAS_BLOCK
604,606,FLOW
604,635,FLOW
604,635,UNWIND
650,606,HAS_BLOCK
606,607,FLOW
650,607,HAS_BLOCK
607,609,FLOW
607,635,FLOW
607,635,UNWIND
650,609,HAS_BLOCK
609,572,FLOW
609,610,FLOW
609,648,FLOW
650,610,HAS_BLOCK
610,641,FLOW
610,635,FLOW
610,635,UNWIND
610,537,CALL
650,612,HAS_BLOCK
612,613,FLOW
650,613,HAS_BLOCK
613,615,FLOW
613,635,FLOW
613,635,UNWIND
650,615,HAS_BLOCK
615,572,FLOW
615,618,FLOW
615,648,FLOW
650,618,HAS_BLOCK
618,642,FLOW
618,635,FLOW
618,635,UNWIND
618,537,CALL
650,620,HAS_BLOCK
620,621,FLOW
650,621,HAS_BLOCK
621,623,FLOW
621,635,FLOW
621,635,UNWIND
650,623,HAS_BLOCK
623,572,FLOW
623,624,FLOW
623,648,FLOW
650,624,HAS_BLOCK
624,643,FLOW
624,635,FLOW
624,635,UNWIND
624,537,CALL
650,626,HAS_BLOCK
626,627,FLOW
650,627,HAS_BLOCK
627,629,FLOW
627,635,FLOW
627,635,UNWIND
650,629,HAS_BLOCK
629,572,FLOW
629,630,FLOW
629,648,FLOW
650,630,HAS_BLOCK
630,644,FLOW
630,635,FLOW
630,635,UNWIND
630,537,CALL
650,632,HAS_BLOCK
632,650,RETURN
650,635,HAS_BLOCK
635,636,FLOW
650,636,HAS_BLOCK
650,637,HAS_BLOCK
637,645,FLOW
650,638,HAS_BLOCK
638,593,FLOW
650,639,HAS_BLOCK
639,593,FLOW
650,640,HAS_BLOCK
640,572,FLOW
650,641,HAS_BLOCK
641,607,FLOW
650,642,HAS_BLOCK
642,613,FLOW
650,643,HAS_BLOCK
643,621,FLOW
650,644,HAS_BLOCK
644,627,FLOW
657,658,HAS_PARAM
657,654,HAS_BLOCK
654,656,FLOW
657,656,HAS_BLOCK
656,657,RETURN
558,559,HAS_PARAM
558,548,HAS_BLOCK
548,550,FLOW
548,557,FLOW
548,557,UNWIND
558,550,HAS_BLOCK
550,552,FLOW
550,557,FLOW
550,557,UNWIND
558,552,HAS_BLOCK
552,554,FLOW
552,557,FLOW
552,557,UNWIND
558,554,HAS_BLOCK
554,558,RETURN
558,555,HAS_BLOCK
558,556,HAS_BLOCK
556,555,FLOW
558,557,HAS_BLOCK
557,555,FLOW
557,556,FLOW
742,743,HAS_PARAM
742,739,HAS_BLOCK
739,741,FLOW
742,741,HAS_BLOCK
741,742,RETURN
671,672,HAS_PARAM
671,673,HAS_PARAM
671,674,HAS_PARAM
671,668,HAS_BLOCK
668,670,FLOW
671,670,HAS_BLOCK
670,671,RETURN
678,679,HAS_PARAM
678,680,HAS_PARAM
678,681,HAS_PARAM
678,675,HAS_BLOCK
675,677,FLOW
678,677,HAS_BLOCK
677,678,RETURN
730,731,HAS_PARAM
730,732,HAS_PARAM
730,694,HAS_BLOCK
694,696,FLOW
694,946,CALL
730,696,HAS_BLOCK
696,715,FLOW
696,717,FLOW
696,717,UNWIND
730,715,HAS_BLOCK
715,721,FLOW
730,721,HAS_BLOCK
721,723,FLOW
721,717,FLOW
721,717,UNWIND
730,723,HAS_BLOCK
723,726,FLOW
723,725,FLOW
723,724,FLOW
730,724,HAS_BLOCK
730,725,HAS_BLOCK
725,697,FLOW
725,727,FLOW
725,721,FLOW
730,726,HAS_BLOCK
726,716,FLOW
730,727,HAS_BLOCK
727,728,FLOW
727,721,FLOW
727,724,FLOW
730,728,HAS_BLOCK
728,709,FLOW
728,717,FLOW
728,717,UNWIND
730,697,HAS_BLOCK
697,699,FLOW
697,717,FLOW
697,717,UNWIND
730,699,HAS_BLOCK
699,701,FLOW
699,717,FLOW
699,717,UNWIND
699,1166,CALL
730,701,HAS_BLOCK
701,702,FLOW
701,721,FLOW
701,724,FLOW
730,702,HAS_BLOCK
702,704,FLOW
702,717,FLOW
702,717,UNWIND
702,678,CALL
730,704,HAS_BLOCK
704,706,FLOW
704,717,FLOW
704,717,UNWIND
730,706,HAS_BLOCK
706,721,FLOW
706,707,FLOW
730,707,HAS_BLOCK
707,719,FLOW
707,717,FLOW
707,717,UNWIND
707,671,CALL
730,709,HAS_BLOCK
709,711,FLOW
709,717,FLOW
709,717,UNWIND
709,999,CALL
730,711,HAS_BLOCK
711,712,FLOW
711,721,FLOW
711,724,FLOW
730,712,HAS_BLOCK
712,720,FLOW
712,717,FLOW
712,717,UNWIND
712,671,CALL
730,716,HAS_BLOCK
716,730,RETURN
730,717,HAS_BLOCK
717,718,FLOW
730,718,HAS_BLOCK
730,719,HAS_BLOCK
719,721,FLOW
730,720,HAS_BLOCK
720,721,FLOW
737,738,HAS_PARAM
737,734,HAS_BLOCK
734,736,FLOW
737,736,HAS_BLOCK
736,737,RETURN
692,693,HAS_PARAM
692,682,HAS_BLOCK
682,684,FLOW
682,691,FLOW
682,691,UNWIND
692,684,HAS_BLOCK
684,686,FLOW
684,691,FLOW
684,691,UNWIND
692,686,HAS_BLOCK
686,688,FLOW
686,691,FLOW
686,691,UNWIND
692,688,HAS_BLOCK
688,692,RETURN
692,689,HAS_BLOCK
692,690,HAS_BLOCK
690,689,FLOW
692,691,HAS_BLOCK
691,689,FLOW
691,690,FLOW
946,947,HAS_PARAM
946,840,HAS_BLOCK
840,842,FLOW
840,939,FLOW
840,939,UNWIND
946,842,HAS_BLOCK
842,860,FLOW
842,939,FLOW
842,939,UNWIND
946,860,HAS_BLOCK
860,878,FLOW
860,934,FLOW
860,934,UNWIND
946,878,HAS_BLOCK
878,895,FLOW
946,895,HAS_BLOCK
895,914,FLOW
895,934,FLOW
895,934,UNWIND
946,914,HAS_BLOCK
914,942,FLOW
914,941,FLOW
914,931,FLOW
946,931,HAS_BLOCK
946,941,HAS_BLOCK
941,944,FLOW
941,895,FLOW
946,942,HAS_BLOCK
942,850,FLOW
942,934,FLOW
942,934,UNWIND
946,944,HAS_BLOCK
944,843,FLOW
944,934,FLOW
944,934,UNWIND
946,843,HAS_BLOCK
843,845,FLOW
843,934,FLOW
843,934,UNWIND
946,845,HAS_BLOCK
845,847,FLOW
845,937,FLOW
845,937,UNWIND
946,847,HAS_BLOCK
847,848,FLOW
847,849,FLOW
847,849,UNWIND
946,848,HAS_BLOCK
848,895,FLOW
946,849,HAS_BLOCK
849,937,FLOW
946,850,HAS_BLOCK
850,852,FLOW
850,934,FLOW
850,934,UNWIND
946,852,HAS_BLOCK
852,854,FLOW
852,933,FLOW
852,933,UNWIND
946,854,HAS_BLOCK
854,856,FLOW
854,933,FLOW
854,933,UNWIND
946,856,HAS_BLOCK
856,857,FLOW
946,857,HAS_BLOCK
857,861,FLOW
857,933,FLOW
857,933,UNWIND
946,861,HAS_BLOCK
861,864,FLOW
861,862,FLOW
861,931,FLOW
946,862,HAS_BLOCK
862,866,FLOW
862,933,FLOW
862,933,UNWIND
946,864,HAS_BLOCK
864,887,FLOW
864,933,FLOW
864,933,UNWIND
946,866,HAS_BLOCK
866,868,FLOW
866,933,FLOW
866,933,UNWIND
946,868,HAS_BLOCK
868,869,FLOW
946,869,HAS_BLOCK
869,871,FLOW
869,933,FLOW
869,933,UNWIND
946,871,HAS_BLOCK
871,857,FLOW
871,872,FLOW
871,931,FLOW
946,872,HAS_BLOCK
872,874,FLOW
872,933,FLOW
872,933,UNWIND
946,874,HAS_BLOCK
874,869,FLOW
874,875,FLOW
946,875,HAS_BLOCK
875,879,FLOW
875,933,FLOW
875,933,UNWIND
946,879,HAS_BLOCK
879,881,FLOW
879,933,FLOW
879,933,UNWIND
946,881,HAS_BLOCK
881,869,FLOW
881,882,FLOW
946,882,HAS_BLOCK
882,884,FLOW
882,933,FLOW
882,933,UNWIND
946,884,HAS_BLOCK
884,886,FLOW
884,933,FLOW
884,933,UNWIND
946,886,HAS_BLOCK
886,869,FLOW
946,887,HAS_BLOCK
887,889,FLOW
887,932,FLOW
887,932,UNWIND
946,889,HAS_BLOCK
889,891,FLOW
889,930,FLOW
889,930,UNWIND
946,891,HAS_BLOCK
891,892,FLOW
946,892,HAS_BLOCK
892,894,FLOW
892,930,FLOW
892,930,UNWIND
946,894,HAS_BLOCK
894,898,FLOW
894,896,FLOW
894,931,FLOW
946,896,HAS_BLOCK
896,899,FLOW
896,930,FLOW
896,930,UNWIND
896,1206,CALL
946,898,HAS_BLOCK
898,946,RETURN
946,899,HAS_BLOCK
899,900,FLOW
899,892,FLOW
899,931,FLOW
946,900,HAS_BLOCK
900,902,FLOW
900,930,FLOW
900,930,UNWIND
946,902,HAS_BLOCK
902,904,FLOW
902,930,FLOW
902,930,UNWIND
946,904,HAS_BLOCK
904,906,FLOW
904,930,FLOW
904,930,UNWIND
946,906,HAS_BLOCK
906,908,FLOW
906,930,FLOW
906,930,UNWIND
946,908,HAS_BLOCK
908,910,FLOW
908,930,FLOW
908,930,UNWIND
946,910,HAS_BLOCK
910,911,FLOW
910,892,FLOW
910,931,FLOW
946,911,HAS_BLOCK
911,915,FLOW
911,930,FLOW
911,930,UNWIND
946,915,HAS_BLOCK
915,917,FLOW
915,930,FLOW
915,930,UNWIND
946,917,HAS_BLOCK
917,918,FLOW
917,892,FLOW
917,931,FLOW
946,918,HAS_BLOCK
918,919,FLOW
918,892,FLOW
918,931,FLOW
946,919,HAS_BLOCK
919,921,FLOW
919,930,FLOW
919,930,UNWIND
946,921,HAS_BLOCK
921,923,FLOW
921,929,FLOW
921,929,UNWIND
946,923,HAS_BLOCK
923,925,FLOW
923,930,FLOW
923,930,UNWIND
946,925,HAS_BLOCK
925,927,FLOW
925,930,FLOW
925,930,UNWIND
946,927,HAS_BLOCK
927,940,FLOW
927,930,FLOW
927,930,UNWIND
946,929,HAS_BLOCK
929,930,FLOW
946,930,HAS_BLOCK
930,932,FLOW
946,932,HAS_BLOCK
932,933,FLOW
946,933,HAS_BLOCK
933,934,FLOW
946,934,HAS_BLOCK
934,935,FLOW
946,935,HAS_BLOCK
946,936,HAS_BLOCK
936,934,FLOW
946,937,HAS_BLOCK
937,934,FLOW
937,936,FLOW
946,938,HAS_BLOCK
938,935,FLOW
946,939,HAS_BLOCK
939,935,FLOW
939,938,FLOW
946,940,HAS_BLOCK
940,892,FLOW
999,1000,HAS_PARAM
999,1001,HAS_PARAM
999,1002,HAS_PARAM
999,970,HAS_BLOCK
970,972,FLOW
999,972,HAS_BLOCK
972,985,FLOW
999,985,HAS_BLOCK
985,987,FLOW
985,989,FLOW
985,986,FLOW
999,986,HAS_BLOCK
999,987,HAS_BLOCK
987,991,FLOW
999,989,HAS_BLOCK
989,981,FLOW
999,991,HAS_BLOCK
991,993,FLOW
999,993,HAS_BLOCK
993,995,FLOW
999,995,HAS_BLOCK
995,997,FLOW
999,997,HAS_BLOCK
997,973,FLOW
999,973,HAS_BLOCK
973,975,FLOW
973,982,FLOW
973,982,UNWIND
999,975,HAS_BLOCK
975,979,FLOW
975,976,FLOW
999,976,HAS_BLOCK
976,978,FLOW
976,982,FLOW
976,982,UNWIND
999,978,HAS_BLOCK
978,980,FLOW
999,979,HAS_BLOCK
979,980,FLOW
999,980,HAS_BLOCK
980,981,FLOW
999,981,HAS_BLOCK
981,999,RETURN
999,982,HAS_BLOCK
982,983,FLOW
999,983,HAS_BLOCK
1166,1167,HAS_PARAM
1166,1168,HAS_PARAM
1166,1169,HAS_PARAM
1166,1003,HAS_BLOCK
1003,1005,FLOW
1166,1005,HAS_BLOCK
1005,1048,FLOW
1005,1035,FLOW
1166,1035,HAS_BLOCK
1035,1162,FLOW
1166,1048,HAS_BLOCK
1048,1065,FLOW
1166,1065,HAS_BLOCK
1065,1082,FLOW
1166,1082,HAS_BLOCK
1082,1100,FLOW
1166,1100,HAS_BLOCK
1100,1119,FLOW
1100,1015,FLOW
1100,1015,UNWIND
1166,1119,HAS_BLOCK
1119,1153,FLOW
1119,1137,FLOW
1166,1137,HAS_BLOCK
1137,1161,FLOW
1166,1153,HAS_BLOCK
1153,1006,FLOW
1153,1015,FLOW
1153,1015,UNWIND
1166,1006,HAS_BLOCK
1006,1018,FLOW
1006,1015,FLOW
1006,1015,UNWIND
1166,1018,HAS_BLOCK
1018,1020,FLOW
1018,1015,FLOW
1018,1015,UNWIND
1166,1020,HAS_BLOCK
1020,1023,FLOW
1020,1021,FLOW
1020,1074,FLOW
1166,1021,HAS_BLOCK
1021,1042,FLOW
1021,1015,FLOW
1021,1015,UNWIND
1021,836,CALL
1166,1023,HAS_BLOCK
1023,1038,FLOW
1023,1015,FLOW
1023,1015,UNWIND
1166,1025,HAS_BLOCK
1025,1039,FLOW
1025,1015,FLOW
1025,1015,UNWIND
1166,1027,HAS_BLOCK
1027,1037,FLOW
1027,1015,FLOW
1027,1015,UNWIND
1166,1029,HAS_BLOCK
1029,1040,FLOW
1029,1015,FLOW
1029,1015,UNWIND
1029,836,CALL
1166,1031,HAS_BLOCK
1031,1036,FLOW
1031,1015,FLOW
1031,1015,UNWIND
1166,1033,HAS_BLOCK
1033,1041,FLOW
1033,1015,FLOW
1033,1015,UNWIND
1033,966,CALL
1166,1036,HAS_BLOCK
1036,1021,FLOW
1036,1033,FLOW
1166,1037,HAS_BLOCK
1037,1031,FLOW
1037,1029,FLOW
1166,1038,HAS_BLOCK
1038,1027,FLOW
1038,1025,FLOW
1166,1039,HAS_BLOCK
1039,1043,FLOW
1166,1040,HAS_BLOCK
1040,1043,FLOW
1166,1041,HAS_BLOCK
1041,1043,FLOW
1166,1042,HAS_BLOCK
1042,1043,FLOW
1166,1043,HAS_BLOCK
1043,1045,FLOW
1043,1014,FLOW
1043,1014,UNWIND
1166,1045,HAS_BLOCK
1045,1047,FLOW
1045,1014,FLOW
1045,1014,UNWIND
1166,1047,HAS_BLOCK
1047,1050,FLOW
1047,1049,FLOW
1166,1049,HAS_BLOCK
1049,1160,FLOW
1166,1050,HAS_BLOCK
1050,1052,FLOW
1050,1014,FLOW
1050,1014,UNWIND
1166,1052,HAS_BLOCK
1052,1096,FLOW
1052,1053,FLOW
1166,1053,HAS_BLOCK
1053,1054,FLOW
1053,1013,FLOW
1053,1013,UNWIND
1166,1054,HAS_BLOCK
1054,1055,FLOW
1054,1013,FLOW
1054,1013,UNWIND
1166,1055,HAS_BLOCK
1055,1056,FLOW
1055,1013,FLOW
1055,1013,UNWIND
1166,1056,HAS_BLOCK
1056,1058,FLOW
1056,1013,FLOW
1056,1013,UNWIND
1166,1058,HAS_BLOCK
1058,1060,FLOW
1058,1013,FLOW
1058,1013,UNWIND
1166,1060,HAS_BLOCK
1060,1062,FLOW
1060,1012,FLOW
1060,1012,UNWIND
1166,1062,HAS_BLOCK
1062,1066,FLOW
1062,1012,FLOW
1062,1012,UNWIND
1166,1066,HAS_BLOCK
1066,1068,FLOW
1066,1012,FLOW
1066,1012,UNWIND
1066,811,CALL
1166,1068,HAS_BLOCK
1068,1070,FLOW
1068,1012,FLOW
1068,1012,UNWIND
1166,1070,HAS_BLOCK
1070,1071,FLOW
1166,1071,HAS_BLOCK
1071,1073,FLOW
1071,1011,FLOW
1071,1011,UNWIND
1166,1073,HAS_BLOCK
1073,1077,FLOW
1073,1075,FLOW
1073,1074,FLOW
1166,1074,HAS_BLOCK
1166,1075,HAS_BLOCK
1075,1078,FLOW
1075,1010,FLOW
1075,1010,UNWIND
1166,1077,HAS_BLOCK
1077,1095,FLOW
1077,1012,FLOW
1077,1012,UNWIND
1166,1078,HAS_BLOCK
1078,1080,FLOW
1078,1009,FLOW
1078,1009,UNWIND
1166,1080,HAS_BLOCK
1080,1083,FLOW
1080,1094,FLOW
1080,1074,FLOW
1166,1083,HAS_BLOCK
1083,1085,FLOW
1083,1009,FLOW
1083,1009,UNWIND
1166,1085,HAS_BLOCK
1085,1087,FLOW
1085,1009,FLOW
1085,1009,UNWIND
1166,1087,HAS_BLOCK
1087,1089,FLOW
1087,1009,FLOW
1087,1009,UNWIND
1166,1089,HAS_BLOCK
1089,1091,FLOW
1089,1009,FLOW
1089,1009,UNWIND
1166,1091,HAS_BLOCK
1091,1093,FLOW
1091,1009,FLOW
1091,1009,UNWIND
1166,1093,HAS_BLOCK
1093,1071,FLOW
1093,1011,FLOW
1093,1011,UNWIND
1166,1094,HAS_BLOCK
1094,1071,FLOW
1094,1011,FLOW
1094,1011,UNWIND
1166,1095,HAS_BLOCK
1095,1144,FLOW
1095,1013,FLOW
1095,1013,UNWIND
1166,1096,HAS_BLOCK
1096,1097,FLOW
1096,1013,FLOW
1096,1013,UNWIND
1166,1097,HAS_BLOCK
1097,1101,FLOW
1097,1013,FLOW
1097,1013,UNWIND
1097,836,CALL
1166,1101,HAS_BLOCK
1101,1102,FLOW
1101,1121,FLOW
1101,1074,FLOW
1166,1102,HAS_BLOCK
1102,1104,FLOW
1102,1008,FLOW
1102,1008,UNWIND
1166,1104,HAS_BLOCK
1104,1106,FLOW
1104,1007,FLOW
1104,1007,UNWIND
1166,1106,HAS_BLOCK
1106,1107,FLOW
1106,1120,FLOW
1106,1074,FLOW
1166,1107,HAS_BLOCK
1107,1109,FLOW
1107,1007,FLOW
1107,1007,UNWIND
1166,1109,HAS_BLOCK
1109,1111,FLOW
1109,1007,FLOW
1109,1007,UNWIND
1166,1111,HAS_BLOCK
1111,1113,FLOW
1111,1007,FLOW
1111,1007,UNWIND
1166,1113,HAS_BLOCK
1113,1115,FLOW
1113,1007,FLOW
1113,1007,UNWIND
1166,1115,HAS_BLOCK
1115,1117,FLOW
1115,1007,FLOW
1115,1007,UNWIND
1166,1117,HAS_BLOCK
1117,1121,FLOW
1117,1013,FLOW
1117,1013,UNWIND
1166,1120,HAS_BLOCK
1120,1121,FLOW
1120,1013,FLOW
1120,1013,UNWIND
1166,1121,HAS_BLOCK
1121,1123,FLOW
1121,1013,FLOW
1121,1013,UNWIND
1166,1123,HAS_BLOCK
1123,1144,FLOW
1123,1124,FLOW
1166,1124,HAS_BLOCK
1124,1126,FLOW
1124,1013,FLOW
1124,1013,UNWIND
1166,1126,HAS_BLOCK
1126,1128,FLOW
1126,1164,FLOW
1126,1164,UNWIND
1166,1128,HAS_BLOCK
1128,1130,FLOW
1128,1163,FLOW
1128,1163,UNWIND
1166,1130,HAS_BLOCK
1130,1131,FLOW
1130,1143,FLOW
1130,1074,FLOW
1166,1131,HAS_BLOCK
1131,1133,FLOW
1131,1163,FLOW
1131,1163,UNWIND
1166,1133,HAS_BLOCK
1133,1135,FLOW
1133,1163,FLOW
1133,1163,UNWIND
1166,1135,HAS_BLOCK
1135,1138,FLOW
1135,1163,FLOW
1135,1163,UNWIND
1166,1138,HAS_BLOCK
1138,1140,FLOW
1138,1163,FLOW
1138,1163,UNWIND
1166,1140,HAS_BLOCK
1140,1142,FLOW
1140,1163,FLOW
1140,1163,UNWIND
1166,1142,HAS_BLOCK
1142,1144,FLOW
1142,1013,FLOW
1142,1013,UNWIND
1166,1143,HAS_BLOCK
1143,1144,FLOW
1143,1013,FLOW
1143,1013,UNWIND
1166,1144,HAS_BLOCK
1144,1146,FLOW
1144,1013,FLOW
1144,1013,UNWIND
1144,1177,CALL
1166,1146,HAS_BLOCK
1146,1148,FLOW
1146,1013,FLOW
1146,1013,UNWIND
1166,1148,HAS_BLOCK
1148,1152,FLOW
1148,1149,FLOW
1166,1149,HAS_BLOCK
1149,1151,FLOW
1149,1013,FLOW
1149,1013,UNWIND
1166,1151,HAS_BLOCK
1151,1160,FLOW
1151,1014,FLOW
1151,1014,UNWIND
1166,1152,HAS_BLOCK
1152,1154,FLOW
1152,1013,FLOW
1152,1013,UNWIND
1166,1154,HAS_BLOCK
1154,1155,FLOW
1154,1013,FLOW
1154,1013,UNWIND
1166,1155,HAS_BLOCK
1155,1157,FLOW
1155,1013,FLOW
1155,1013,UNWIND
1155,999,CALL
1166,1157,HAS_BLOCK
1157,1158,FLOW
1157,1014,FLOW
1157,1014,UNWIND
1166,1158,HAS_BLOCK
1158,1159,FLOW
1158,1015,FLOW
1158,1015,UNWIND
1166,1159,HAS_BLOCK
1159,1162,FLOW
1166,1160,HAS_BLOCK
1160,1161,FLOW
1160,1015,FLOW
1160,1015,UNWIND
1166,1161,HAS_BLOCK
1161,1162,FLOW
1166,1162,HAS_BLOCK
1162,1166,RETURN
1166,1163,HAS_BLOCK
1163,1013,FLOW
1166,1164,HAS_BLOCK
1164,1013,FLOW
1166,1007,HAS_BLOCK
1007,1013,FLOW
1166,1008,HAS_BLOCK
1008,1013,FLOW
1166,1009,HAS_BLOCK
1009,1011,FLOW
1166,1010,HAS_BLOCK
1010,1011,FLOW
1166,1011,HAS_BLOCK
1011,1012,FLOW
1166,1012,HAS_BLOCK
1012,1013,FLOW
1166,1013,HAS_BLOCK
1013,1014,FLOW
1166,1014,HAS_BLOCK
1014,1015,FLOW
1166,1015,HAS_BLOCK
1015,1016,FLOW
1166,1016,HAS_BLOCK
836,837,HAS_PARAM
836,838,HAS_PARAM
836,815,HAS_BLOCK
815,816,FLOW
836,816,HAS_BLOCK
816,823,FLOW
816,820,FLOW
816,822,FLOW
836,823,HAS_BLOCK
823,825,FLOW
836,825,HAS_BLOCK
825,827,FLOW
836,827,HAS_BLOCK
827,828,FLOW
827,832,FLOW
827,822,FLOW
836,828,HAS_BLOCK
828,829,FLOW
828,832,FLOW
828,822,FLOW
836,829,HAS_BLOCK
829,831,FLOW
836,831,HAS_BLOCK
831,821,FLOW
836,832,HAS_BLOCK
832,834,FLOW
836,834,HAS_BLOCK
834,817,FLOW
836,817,HAS_BLOCK
817,819,FLOW
836,819,HAS_BLOCK
819,816,FLOW
836,820,HAS_BLOCK
820,821,FLOW
836,821,HAS_BLOCK
821,836,RETURN
836,822,HAS_BLOCK
966,967,HAS_PARAM
966,968,HAS_PARAM
966,948,HAS_BLOCK
948,950,FLOW
948,836,CALL
966,950,HAS_BLOCK
950,954,FLOW
966,954,HAS_BLOCK
954,956,FLOW
954,958,FLOW
954,955,FLOW
966,955,HAS_BLOCK
966,956,HAS_BLOCK
956,960,FLOW
956,951,FLOW
956,951,UNWIND
966,958,HAS_BLOCK
958,965,FLOW
966,960,HAS_BLOCK
960,962,FLOW
960,951,FLOW
960,951,UNWIND
966,962,HAS_BLOCK
962,964,FLOW
962,951,FLOW
962,951,UNWIND
966,964,HAS_BLOCK
964,965,FLOW
966,965,HAS_BLOCK
965,966,RETURN
966,951,HAS_BLOCK
951,952,FLOW
966,952,HAS_BLOCK
811,812,HAS_PARAM
811,813,HAS_PARAM
811,814,HAS_PARAM
811,749,HAS_BLOCK
749,771,FLOW
749,750,FLOW
749,800,FLOW
811,750,HAS_BLOCK
750,783,FLOW
811,771,HAS_BLOCK
771,788,FLOW
811,788,HAS_BLOCK
788,806,FLOW
788,801,FLOW
811,801,HAS_BLOCK
801,803,FLOW
811,803,HAS_BLOCK
803,805,FLOW
803,789,FLOW
803,789,UNWIND
811,805,HAS_BLOCK
805,793,FLOW
811,806,HAS_BLOCK
806,808,FLOW
811,808,HAS_BLOCK
808,760,FLOW
808,809,FLOW
811,809,HAS_BLOCK
809,751,FLOW
811,751,HAS_BLOCK
751,753,FLOW
751,786,FLOW
751,786,UNWIND
811,753,HAS_BLOCK
753,755,FLOW
753,786,FLOW
753,786,UNWIND
811,755,HAS_BLOCK
755,757,FLOW
755,786,FLOW
755,786,UNWIND
811,757,HAS_BLOCK
757,759,FLOW
757,786,FLOW
757,786,UNWIND
811,759,HAS_BLOCK
759,792,FLOW
811,760,HAS_BLOCK
760,762,FLOW
811,762,HAS_BLOCK
762,764,FLOW
762,785,FLOW
762,785,UNWIND
811,764,HAS_BLOCK
764,766,FLOW
764,785,FLOW
764,785,UNWIND
811,766,HAS_BLOCK
766,768,FLOW
766,785,FLOW
766,785,UNWIND
811,768,HAS_BLOCK
768,772,FLOW
768,785,FLOW
768,785,UNWIND
811,772,HAS_BLOCK
772,774,FLOW
772,785,FLOW
772,785,UNWIND
811,774,HAS_BLOCK
774,776,FLOW
774,784,FLOW
774,784,UNWIND
811,776,HAS_BLOCK
776,778,FLOW
776,784,FLOW
776,784,UNWIND
811,778,HAS_BLOCK
778,780,FLOW
778,784,FLOW
778,784,UNWIND
811,780,HAS_BLOCK
780,782,FLOW
780,784,FLOW
780,784,UNWIND
811,782,HAS_BLOCK
782,791,FLOW
811,783,HAS_BLOCK
783,811,RETURN
811,784,HAS_BLOCK
784,785,FLOW
811,785,HAS_BLOCK
785,790,FLOW
811,786,HAS_BLOCK
786,790,FLOW
811,789,HAS_BLOCK
789,790,FLOW
811,790,HAS_BLOCK
811,791,HAS_BLOCK
791,798,FLOW
811,792,HAS_BLOCK
792,796,FLOW
811,793,HAS_BLOCK
793,794,FLOW
811,794,HAS_BLOCK
794,783,FLOW
811,796,HAS_BLOCK
796,783,FLOW
811,798,HAS_BLOCK
798,783,FLOW
811,800,HAS_BLOCK
1269,1270,HAS_PARAM
1269,1266,HAS_BLOCK
1266,1268,FLOW
1269,1268,HAS_BLOCK
1268,1269,RETURN
1215,1216,HAS_PARAM
1215,1217,HAS_PARAM
1215,1218,HAS_PARAM
1215,1212,HAS_BLOCK
1212,1214,FLOW
1215,1214,HAS_BLOCK
1214,1215,RETURN
1257,1258,HAS_PARAM
1257,1259,HAS_PARAM
1257,1231,HAS_BLOCK
1231,1233,FLOW
1257,1233,HAS_BLOCK
1233,1246,FLOW
1257,1246,HAS_BLOCK
1246,1248,FLOW
1257,1248,HAS_BLOCK
1248,1251,FLOW
1248,1250,FLOW
1248,1249,FLOW
1257,1249,HAS_BLOCK
1257,1250,HAS_BLOCK
1250,1252,FLOW
1250,1246,FLOW
1257,1251,HAS_BLOCK
1251,1257,RETURN
1257,1252,HAS_BLOCK
1252,1254,FLOW
1257,1254,HAS_BLOCK
1254,1255,FLOW
1254,1246,FLOW
1257,1255,HAS_BLOCK
1255,1234,FLOW
1257,1234,HAS_BLOCK
1234,1235,FLOW
1257,1235,HAS_BLOCK
1235,1237,FLOW
1257,1237,HAS_BLOCK
1237,1246,FLOW
1237,1238,FLOW
1237,1249,FLOW
1257,1238,HAS_BLOCK
1238,1240,FLOW
1257,1240,HAS_BLOCK
1240,1242,FLOW
1240,1241,FLOW
1257,1241,HAS_BLOCK
1241,1243,FLOW
1257,1242,HAS_BLOCK
1242,1243,FLOW
1257,1243,HAS_BLOCK
1243,1235,FLOW
1243,1244,FLOW
1257,1244,HAS_BLOCK
1244,1235,FLOW
1244,1215,CALL
1264,1265,HAS_PARAM
1264,1261,HAS_BLOCK
1261,1263,FLOW
1264,1263,HAS_BLOCK
1263,1264,RETURN
1229,1230,HAS_PARAM
1229,1219,HAS_BLOCK
1219,1221,FLOW
1219,1228,FLOW
1219,1228,UNWIND
1229,1221,HAS_BLOCK
1221,1223,FLOW
1221,1228,FLOW
1221,1228,UNWIND
1229,1223,HAS_BLOCK
1223,1225,FLOW
1223,1228,FLOW
1223,1228,UNWIND
1229,1225,HAS_BLOCK
1225,1229,RETURN
1229,1226,HAS_BLOCK
1229,1227,HAS_BLOCK
1227,1226,FLOW
1229,1228,HAS_BLOCK
1228,1226,FLOW
1228,1227,FLOW
1361,1362,HAS_PARAM
1361,1358,HAS_BLOCK
1358,1360,FLOW
1361,1360,HAS_BLOCK
1360,1361,RETURN
1278,1279,HAS_PARAM
1278,1280,HAS_PARAM
1278,1281,HAS_PARAM
1278,1275,HAS_BLOCK
1275,1277,FLOW
1278,1277,HAS_BLOCK
1277,1278,RETURN
1285,1286,HAS_PARAM
1285,1287,HAS_PARAM
1285,1288,HAS_PARAM
1285,1282,HAS_BLOCK
1282,1284,FLOW
1285,1284,HAS_BLOCK
1284,1285,RETURN
1349,1350,HAS_PARAM
1349,1351,HAS_PARAM
1349,1301,HAS_BLOCK
1301,1303,FLOW
1349,1303,HAS_BLOCK
1303,1318,FLOW
1349,1318,HAS_BLOCK
1318,1336,FLOW
1349,1336,HAS_BLOCK
1336,1344,FLOW
1336,1343,FLOW
1336,1342,FLOW
1349,1342,HAS_BLOCK
1349,1343,HAS_BLOCK
1343,1307,FLOW
1343,1345,FLOW
1343,1309,FLOW
1343,1306,FLOW
1343,1305,FLOW
1343,1304,FLOW
1343,1348,FLOW
1343,1347,FLOW
1343,1318,FLOW
1349,1344,HAS_BLOCK
1344,1349,RETURN
1349,1345,HAS_BLOCK
1345,1339,FLOW
1345,1278,CALL
1349,1347,HAS_BLOCK
1347,1337,FLOW
1349,1348,HAS_BLOCK
1348,1337,FLOW
1349,1304,HAS_BLOCK
1304,1337,FLOW
1349,1305,HAS_BLOCK
1305,1337,FLOW
1349,1306,HAS_BLOCK
1306,1337,FLOW
1349,1307,HAS_BLOCK
1307,1326,FLOW
1349,1309,HAS_BLOCK
1309,1311,FLOW
1349,1311,HAS_BLOCK
1311,1312,FLOW
1311,1318,FLOW
1349,1312,HAS_BLOCK
1312,1314,FLOW
1349,1314,HAS_BLOCK
1314,1315,FLOW
1349,1315,HAS_BLOCK
1315,1317,FLOW
1349,1317,HAS_BLOCK
1317,1321,FLOW
1317,1319,FLOW
1317,1342,FLOW
1349,1319,HAS_BLOCK
1319,1323,FLOW
1349,1321,HAS_BLOCK
1321,1318,FLOW
1321,1278,CALL
1349,1323,HAS_BLOCK
1323,1324,FLOW
1323,1315,FLOW
1349,1324,HAS_BLOCK
1324,1315,FLOW
1324,1278,CALL
1349,1326,HAS_BLOCK
1326,1327,FLOW
1349,1327,HAS_BLOCK
1327,1329,FLOW
1349,1329,HAS_BLOCK
1329,1318,FLOW
1329,1330,FLOW
1329,1342,FLOW
1349,1330,HAS_BLOCK
1330,1332,FLOW
1349,1332,HAS_BLOCK
1332,1333,FLOW
1332,1327,FLOW
1349,1333,HAS_BLOCK
1333,1327,FLOW
1333,1278,CALL
1349,1337,HAS_BLOCK
1337,1318,FLOW
1337,1278,CALL
1349,1339,HAS_BLOCK
1339,1340,FLOW
1339,1318,FLOW
1339,1342,FLOW
1349,1340,HAS_BLOCK
1340,1318,FLOW
1356,1357,HAS_PARAM
1356,1353,HAS_BLOCK
1353,1355,FLOW
1356,1355,HAS_BLOCK
1355,1356,RETURN
1299,1300,HAS_PARAM
1299,1289,HAS_BLOCK
1289,1291,FLOW
1289,1298,FLOW
1289,1298,UNWIND
1299,1291,HAS_BLOCK
1291,1293,FLOW
1291,1298,FLOW
1291,1298,UNWIND
1299,1293,HAS_BLOCK
1293,1295,FLOW
1293,1298,FLOW
1293,1298,UNWIND
1299,1295,HAS_BLOCK
1295,1299,RETURN
1299,1296,HAS_BLOCK
1299,1297,HAS_BLOCK
1297,1296,FLOW
1299,1298,HAS_BLOCK
1298,1296,FLOW
1298,1297,FLOW
1439,1440,HAS_PARAM
1439,1436,HAS_BLOCK
1436,1438,FLOW
1439,1438,HAS_BLOCK
1438,1439,RETURN
1370,1371,HAS_PARAM
1370,1372,HAS_PARAM
1370,1373,HAS_PARAM
1370,1367,HAS_BLOCK
1367,1369,FLOW
1370,1369,HAS_BLOCK
1369,1370,RETURN
1427,1428,HAS_PARAM
1427,1429,HAS_PARAM
1427,1386,HAS_BLOCK
1386,1388,FLOW
1427,1388,HAS_BLOCK
1388,1404,FLOW
1427,1404,HAS_BLOCK
1404,1417,FLOW
1427,1417,HAS_BLOCK
1417,1419,FLOW
1427,1419,HAS_BLOCK
1419,1421,FLOW
1419,1413,FLOW
1419,1413,UNWIND
1427,1421,HAS_BLOCK
1421,1422,FLOW
1427,1422,HAS_BLOCK
1422,1424,FLOW
1422,1413,FLOW
1422,1413,UNWIND
1427,1424,HAS_BLOCK
1424,1389,FLOW
1424,1426,FLOW
1424,1425,FLOW
1427,1425,HAS_BLOCK
1427,1426,HAS_BLOCK
1426,1391,FLOW
1426,1390,FLOW
1426,1422,FLOW
1427,1389,HAS_BLOCK
1389,1412,FLOW
1427,1390,HAS_BLOCK
1390,1392,FLOW
1427,1391,HAS_BLOCK
1391,1392,FLOW
1427,1392,HAS_BLOCK
1392,1394,FLOW
1392,1413,FLOW
1392,1413,UNWIND
1427,1394,HAS_BLOCK
1394,1396,FLOW
1394,1413,FLOW
1394,1413,UNWIND
1427,1396,HAS_BLOCK
1396,1397,FLOW
1427,1397,HAS_BLOCK
1397,1399,FLOW
1397,1413,FLOW
1397,1413,UNWIND
1427,1399,HAS_BLOCK
1399,1422,FLOW
1399,1400,FLOW
1399,1425,FLOW
1427,1400,HAS_BLOCK
1400,1402,FLOW
1400,1413,FLOW
1400,1413,UNWIND
1427,1402,HAS_BLOCK
1402,1405,FLOW
1402,1397,FLOW
1427,1405,HAS_BLOCK
1405,1407,FLOW
1405,1413,FLOW
1405,1413,UNWIND
1427,1407,HAS_BLOCK
1407,1409,FLOW
1407,1413,FLOW
1407,1413,UNWIND
1407,1447,CALL
1427,1409,HAS_BLOCK
1409,1397,FLOW
1409,1410,FLOW
1427,1410,HAS_BLOCK
1410,1415,FLOW
1410,1413,FLOW
1410,1413,UNWIND
1410,1370,CALL
1427,1412,HAS_BLOCK
1412,1427,RETURN
1427,1413,HAS_BLOCK
1413,1414,FLOW
1427,1414,HAS_BLOCK
1427,1415,HAS_BLOCK
1415,1397,FLOW
1434,1435,HAS_PARAM
1434,1431,HAS_BLOCK
1431,1433,FLOW
1434,1433,HAS_BLOCK
1433,1434,RETURN
1384,1385,HAS_PARAM
1384,1374,HAS_BLOCK
1374,1376,FLOW
1374,1383,FLOW
1374,1383,UNWIND
1384,1376,HAS_BLOCK
1376,1378,FLOW
1376,1383,FLOW
1376,1383,UNWIND
1384,1378,HAS_BLOCK
1378,1380,FLOW
1378,1383,FLOW
1378,1383,UNWIND
1384,1380,HAS_BLOCK
1380,1384,RETURN
1384,1381,HAS_BLOCK
1384,1382,HAS_BLOCK
1382,1381,FLOW
1384,1383,HAS_BLOCK
1383,1381,FLOW
1383,1382,FLOW
40,41,HAS_PARAM
40,42,HAS_PARAM
40,37,HAS_BLOCK
37,39,FLOW
40,39,HAS_BLOCK
39,40,RETURN
35,36,HAS_PARAM
35,28,HAS_BLOCK
28,30,FLOW
35,30,HAS_BLOCK
30,32,FLOW
30,33,FLOW
30,33,UNWIND
35,32,HAS_BLOCK
32,35,RETURN
35,33,HAS_BLOCK
33,34,FLOW
35,34,HAS_BLOCK
25,26,HAS_PARAM
25,27,HAS_PARAM
25,22,HAS_BLOCK
22,24,FLOW
25,24,HAS_BLOCK
24,25,RETURN
20,21,HAS_PARAM
20,1,HAS_BLOCK
1,3,FLOW
20,3,HAS_BLOCK
3,8,FLOW
3,5,FLOW
3,5,UNWIND
20,8,HAS_BLOCK
8,10,FLOW
8,4,FLOW
8,4,UNWIND
20,10,HAS_BLOCK
10,12,FLOW
10,19,FLOW
10,19,UNWIND
20,12,HAS_BLOCK
12,14,FLOW
12,18,FLOW
12,18,UNWIND
20,14,HAS_BLOCK
14,16,FLOW
14,17,FLOW
14,17,UNWIND
20,16,HAS_BLOCK
16,20,RETURN
20,17,HAS_BLOCK
17,18,FLOW
20,18,HAS_BLOCK
18,19,FLOW
20,19,HAS_BLOCK
19,4,FLOW
20,4,HAS_BLOCK
4,5,FLOW
20,5,HAS_BLOCK
5,6,FLOW
20,6,HAS_BLOCK
46,47,HAS_PARAM
46,43,HAS_BLOCK
43,45,FLOW
46,45,HAS_BLOCK
45,46,RETURN
