node_id,node_kind,symbol,file,line,column
0,MODULE,,orchestration/src/main.rs,1,1
1,BASIC_BLOCK,<FixtureSummary as std::clone::Clone>::clone::bb0,orchestration/src/main.rs,70,5
2,CALL_SITE,<FixtureSummary as std::clone::Clone>::clone::bb0::call0,orchestration/src/main.rs,70,5
3,BASIC_BLOCK,<FixtureSummary as std::clone::Clone>::clone::bb1,orchestration/src/main.rs,84,5
4,BASIC_BLOCK,<FixtureSummary as std::clone::Clone>::clone::bb10,orchestration/src/main.rs,66,17
5,CALL_SITE,<FixtureSummary as std::clone::Clone>::clone::bb1::call1,orchestration/src/main.rs,84,5
6,BASIC_BLOCK,<FixtureSummary as std::clone::Clone>::clone::bb2,orchestration/src/main.rs,86,5
7,CALL_SITE,<FixtureSummary as std::clone::Clone>::clone::bb2::call2,orchestration/src/main.rs,86,5
8,BASIC_BLOCK,<FixtureSummary as std::clone::Clone>::clone::bb3,orchestration/src/main.rs,88,5
9,CALL_SITE,<FixtureSummary as std::clone::Clone>::clone::bb3::call3,orchestration/src/main.rs,88,5
10,BASIC_BLOCK,<FixtureSummary as std::clone::Clone>::clone::bb4,orchestration/src/main.rs,95,5
11,CALL_SITE,<FixtureSummary as std::clone::Clone>::clone::bb4::call4,orchestration/src/main.rs,95,5
12,BASIC_BLOCK,<FixtureSummary as std::clone::Clone>::clone::bb5,orchestration/src/main.rs,66,22
13,BASIC_BLOCK,<FixtureSummary as std::clone::Clone>::clone::bb6,orchestration/src/main.rs,66,21
14,BASIC_BLOCK,<FixtureSummary as std::clone::Clone>::clone::bb7,orchestration/src/main.rs,66,21
15,BASIC_BLOCK,<FixtureSummary as std::clone::Clone>::clone::bb8,orchestration/src/main.rs,66,21
16,BASIC_BLOCK,<FixtureSummary as std::clone::Clone>::clone::bb9,orchestration/src/main.rs,66,21
17,METHOD,<FixtureSummary as std::clone::Clone>::clone::fn,orchestration/src/main.rs,66,17
18,PARAM,<FixtureSummary as std::clone::Clone>::clone::param0,orchestration/src/main.rs,66,17
19,BASIC_BLOCK,<FixtureSummary as std::fmt::Debug>::fmt::bb0,orchestration/src/main.rs,66,10
20,CALL_SITE,<FixtureSummary as std::fmt::Debug>::fmt::bb0::call0,orchestration/src/main.rs,66,10
21,BASIC_BLOCK,<FixtureSummary as std::fmt::Debug>::fmt::bb1,orchestration/src/main.rs,66,15
22,METHOD,<FixtureSummary as std::fmt::Debug>::fmt::fn,orchestration/src/main.rs,66,10
23,PARAM,<FixtureSummary as std::fmt::Debug>::fmt::param0,orchestration/src/main.rs,66,10
24,PARAM,<FixtureSummary as std::fmt::Debug>::fmt::param1,orchestration/src/main.rs,66,10
25,BASIC_BLOCK,<OrchestrationReport as std::fmt::Debug>::fmt::bb0,orchestration/src/main.rs,98,10
26,CALL_SITE,<OrchestrationReport as std::fmt::Debug>::fmt::bb0::call0,orchestration/src/main.rs,98,10
27,BASIC_BLOCK,<OrchestrationReport as std::fmt::Debug>::fmt::bb1,orchestration/src/main.rs,98,15
28,METHOD,<OrchestrationReport as std::fmt::Debug>::fmt::fn,orchestration/src/main.rs,98,10
29,PARAM,<OrchestrationReport as std::fmt::Debug>::fmt::param0,orchestration/src/main.rs,98,10
30,PARAM,<OrchestrationReport as std::fmt::Debug>::fmt::param1,orchestration/src/main.rs,98,10
31,BASIC_BLOCK,CANON_ROOT::bb0,orchestration/src/main.rs,23,1
32,BASIC_BLOCK,FIXTURES::bb0,orchestration/src/main.rs,21,1
33,STRUCT,FixtureResult,orchestration/src/main.rs,104,1
34,FIELD,FixtureResult::build,orchestration/src/main.rs,104,1
35,FIELD,FixtureResult::error,orchestration/src/main.rs,104,1
36,FIELD,FixtureResult::fixture,orchestration/src/main.rs,104,1
37,FIELD,FixtureResult::surface,orchestration/src/main.rs,104,1
38,FIELD,FixtureResult::type_authority,orchestration/src/main.rs,104,1
39,STRUCT,FixtureSummary,orchestration/src/main.rs,67,1
40,FIELD,FixtureSummary::build_error_categories,orchestration/src/main.rs,67,1
41,FIELD,FixtureSummary::build_error_count,orchestration/src/main.rs,67,1
42,FIELD,FixtureSummary::build_error_samples,orchestration/src/main.rs,67,1
43,FIELD,FixtureSummary::build_success,orchestration/src/main.rs,67,1
44,FIELD,FixtureSummary::build_warning_count,orchestration/src/main.rs,67,1
45,FIELD,FixtureSummary::call_gap_count,orchestration/src/main.rs,67,1
46,FIELD,FixtureSummary::errors_by_file,orchestration/src/main.rs,67,1
47,FIELD,FixtureSummary::fixture,orchestration/src/main.rs,67,1
48,FIELD,FixtureSummary::match_gap_count,orchestration/src/main.rs,67,1
49,FIELD,FixtureSummary::pipeline_error,orchestration/src/main.rs,67,1
50,FIELD,FixtureSummary::pipeline_ok,orchestration/src/main.rs,67,1
51,FIELD,FixtureSummary::suppressed_count,orchestration/src/main.rs,67,1
52,FIELD,FixtureSummary::suppressed_nonret_count,orchestration/src/main.rs,67,1
53,FIELD,FixtureSummary::suppressed_ret_count,orchestration/src/main.rs,67,1
54,FIELD,FixtureSummary::switch_gap_count,orchestration/src/main.rs,67,1
55,FIELD,FixtureSummary::type_authority_mismatch_count,orchestration/src/main.rs,67,1
56,FIELD,FixtureSummary::type_authority_missing_ret_count,orchestration/src/main.rs,67,1
57,FIELD,FixtureSummary::type_authority_violations,orchestration/src/main.rs,67,1
58,FIELD,FixtureSummary::unreachable_count,orchestration/src/main.rs,67,1
59,FIELD,FixtureSummary::unresolved_gap_total,orchestration/src/main.rs,67,1
60,FIELD,FixtureSummary::unresolved_ret_gap_count,orchestration/src/main.rs,67,1
61,BASIC_BLOCK,JSON_REPORT_PATH::bb0,orchestration/src/main.rs,25,1
62,STRUCT,OrchestrationReport,orchestration/src/main.rs,99,1
63,FIELD,OrchestrationReport::fixtures,orchestration/src/main.rs,99,1
64,FIELD,OrchestrationReport::overall_ok,orchestration/src/main.rs,99,1
65,BASIC_BLOCK,REPORT_PATH::bb0,orchestration/src/main.rs,24,1
66,BASIC_BLOCK,TEST_ROOT::bb0,orchestration/src/main.rs,22,1
67,BASIC_BLOCK,_::<impl _::_serde::Serialize for FixtureSummary>::serialize::bb0,orchestration/src/main.rs,66,24
68,BASIC_BLOCK,_::<impl _::_serde::Serialize for FixtureSummary>::serialize::bb1,orchestration/src/main.rs,66,24
69,BASIC_BLOCK,_::<impl _::_serde::Serialize for FixtureSummary>::serialize::bb10,orchestration/src/main.rs,66,24
70,BASIC_BLOCK,_::<impl _::_serde::Serialize for FixtureSummary>::serialize::bb100,orchestration/src/main.rs,66,24
71,BASIC_BLOCK,_::<impl _::_serde::Serialize for FixtureSummary>::serialize::bb101,orchestration/src/main.rs,66,24
72,CALL_SITE,_::<impl _::_serde::Serialize for FixtureSummary>::serialize::bb101::call59,orchestration/src/main.rs,66,24
73,BASIC_BLOCK,_::<impl _::_serde::Serialize for FixtureSummary>::serialize::bb102,orchestration/src/main.rs,66,24
74,CALL_SITE,_::<impl _::_serde::Serialize for FixtureSummary>::serialize::bb102::call60,orchestration/src/main.rs,66,24
75,BASIC_BLOCK,_::<impl _::_serde::Serialize for FixtureSummary>::serialize::bb103,orchestration/src/main.rs,66,24
76,CALL_SITE,_::<impl _::_serde::Serialize for FixtureSummary>::serialize::bb103::call61,orchestration/src/main.rs,66,24
77,BASIC_BLOCK,_::<impl _::_serde::Serialize for FixtureSummary>::serialize::bb104,orchestration/src/main.rs,66,24
78,BASIC_BLOCK,_::<impl _::_serde::Serialize for FixtureSummary>::serialize::bb105,orchestration/src/main.rs,66,24
79,CALL_SITE,_::<impl _::_serde::Serialize for FixtureSummary>::serialize::bb105::call62,orchestration/src/main.rs,66,24
80,BASIC_BLOCK,_::<impl _::_serde::Serialize for FixtureSummary>::serialize::bb106,orchestration/src/main.rs,66,24
81,CALL_SITE,_::<impl _::_serde::Serialize for FixtureSummary>::serialize::bb106::call63,orchestration/src/main.rs,66,24
82,BASIC_BLOCK,_::<impl _::_serde::Serialize for FixtureSummary>::serialize::bb107,orchestration/src/main.rs,66,24
83,CALL_SITE,_::<impl _::_serde::Serialize for FixtureSummary>::serialize::bb107::call64,orchestration/src/main.rs,66,24
84,BASIC_BLOCK,_::<impl _::_serde::Serialize for FixtureSummary>::serialize::bb108,orchestration/src/main.rs,66,24
85,BASIC_BLOCK,_::<impl _::_serde::Serialize for FixtureSummary>::serialize::bb109,orchestration/src/main.rs,66,24
86,CALL_SITE,_::<impl _::_serde::Serialize for FixtureSummary>::serialize::bb109::call65,orchestration/src/main.rs,66,24
87,BASIC_BLOCK,_::<impl _::_serde::Serialize for FixtureSummary>::serialize::bb11,orchestration/src/main.rs,66,24
88,BASIC_BLOCK,_::<impl _::_serde::Serialize for FixtureSummary>::serialize::bb110,orchestration/src/main.rs,66,24
89,CALL_SITE,_::<impl _::_serde::Serialize for FixtureSummary>::serialize::bb110::call66,orchestration/src/main.rs,66,24
90,BASIC_BLOCK,_::<impl _::_serde::Serialize for FixtureSummary>::serialize::bb111,orchestration/src/main.rs,66,39
91,BASIC_BLOCK,_::<impl _::_serde::Serialize for FixtureSummary>::serialize::bb112,orchestration/src/main.rs,66,39
92,BASIC_BLOCK,_::<impl _::_serde::Serialize for FixtureSummary>::serialize::bb113,orchestration/src/main.rs,66,39
93,BASIC_BLOCK,_::<impl _::_serde::Serialize for FixtureSummary>::serialize::bb114,orchestration/src/main.rs,66,40
94,BASIC_BLOCK,_::<impl _::_serde::Serialize for FixtureSummary>::serialize::bb115,orchestration/src/main.rs,66,24
95,BASIC_BLOCK,_::<impl _::_serde::Serialize for FixtureSummary>::serialize::bb116,orchestration/src/main.rs,66,39
96,BASIC_BLOCK,_::<impl _::_serde::Serialize for FixtureSummary>::serialize::bb117,orchestration/src/main.rs,66,39
97,BASIC_BLOCK,_::<impl _::_serde::Serialize for FixtureSummary>::serialize::bb118,orchestration/src/main.rs,66,39
98,BASIC_BLOCK,_::<impl _::_serde::Serialize for FixtureSummary>::serialize::bb119,orchestration/src/main.rs,66,39
99,BASIC_BLOCK,_::<impl _::_serde::Serialize for FixtureSummary>::serialize::bb12,orchestration/src/main.rs,66,24
100,BASIC_BLOCK,_::<impl _::_serde::Serialize for FixtureSummary>::serialize::bb120,orchestration/src/main.rs,66,24
101,BASIC_BLOCK,_::<impl _::_serde::Serialize for FixtureSummary>::serialize::bb121,orchestration/src/main.rs,66,24
102,BASIC_BLOCK,_::<impl _::_serde::Serialize for FixtureSummary>::serialize::bb122,orchestration/src/main.rs,66,24
103,BASIC_BLOCK,_::<impl _::_serde::Serialize for FixtureSummary>::serialize::bb123,orchestration/src/main.rs,66,24
104,BASIC_BLOCK,_::<impl _::_serde::Serialize for FixtureSummary>::serialize::bb124,orchestration/src/main.rs,66,24
105,BASIC_BLOCK,_::<impl _::_serde::Serialize for FixtureSummary>::serialize::bb125,orchestration/src/main.rs,66,24
106,BASIC_BLOCK,_::<impl _::_serde::Serialize for FixtureSummary>::serialize::bb126,orchestration/src/main.rs,66,24
107,BASIC_BLOCK,_::<impl _::_serde::Serialize for FixtureSummary>::serialize::bb127,orchestration/src/main.rs,66,24
108,BASIC_BLOCK,_::<impl _::_serde::Serialize for FixtureSummary>::serialize::bb128,orchestration/src/main.rs,66,24
109,BASIC_BLOCK,_::<impl _::_serde::Serialize for FixtureSummary>::serialize::bb129,orchestration/src/main.rs,66,24
110,BASIC_BLOCK,_::<impl _::_serde::Serialize for FixtureSummary>::serialize::bb13,orchestration/src/main.rs,66,24
111,BASIC_BLOCK,_::<impl _::_serde::Serialize for FixtureSummary>::serialize::bb130,orchestration/src/main.rs,66,24
112,BASIC_BLOCK,_::<impl _::_serde::Serialize for FixtureSummary>::serialize::bb131,orchestration/src/main.rs,66,24
113,BASIC_BLOCK,_::<impl _::_serde::Serialize for FixtureSummary>::serialize::bb132,orchestration/src/main.rs,66,24
114,BASIC_BLOCK,_::<impl _::_serde::Serialize for FixtureSummary>::serialize::bb133,orchestration/src/main.rs,66,24
115,BASIC_BLOCK,_::<impl _::_serde::Serialize for FixtureSummary>::serialize::bb134,orchestration/src/main.rs,66,24
116,BASIC_BLOCK,_::<impl _::_serde::Serialize for FixtureSummary>::serialize::bb135,orchestration/src/main.rs,66,24
117,BASIC_BLOCK,_::<impl _::_serde::Serialize for FixtureSummary>::serialize::bb136,orchestration/src/main.rs,66,24
118,BASIC_BLOCK,_::<impl _::_serde::Serialize for FixtureSummary>::serialize::bb137,orchestration/src/main.rs,66,24
119,BASIC_BLOCK,_::<impl _::_serde::Serialize for FixtureSummary>::serialize::bb138,orchestration/src/main.rs,66,24
120,BASIC_BLOCK,_::<impl _::_serde::Serialize for FixtureSummary>::serialize::bb139,orchestration/src/main.rs,66,24
121,BASIC_BLOCK,_::<impl _::_serde::Serialize for FixtureSummary>::serialize::bb14,orchestration/src/main.rs,66,24
122,BASIC_BLOCK,_::<impl _::_serde::Serialize for FixtureSummary>::serialize::bb140,orchestration/src/main.rs,66,24
123,BASIC_BLOCK,_::<impl _::_serde::Serialize for FixtureSummary>::serialize::bb15,orchestration/src/main.rs,66,24
124,BASIC_BLOCK,_::<impl _::_serde::Serialize for FixtureSummary>::serialize::bb16,orchestration/src/main.rs,66,24
125,BASIC_BLOCK,_::<impl _::_serde::Serialize for FixtureSummary>::serialize::bb17,orchestration/src/main.rs,66,24
126,BASIC_BLOCK,_::<impl _::_serde::Serialize for FixtureSummary>::serialize::bb18,orchestration/src/main.rs,66,24
127,BASIC_BLOCK,_::<impl _::_serde::Serialize for FixtureSummary>::serialize::bb19,orchestration/src/main.rs,66,24
128,BASIC_BLOCK,_::<impl _::_serde::Serialize for FixtureSummary>::serialize::bb2,orchestration/src/main.rs,66,24
129,BASIC_BLOCK,_::<impl _::_serde::Serialize for FixtureSummary>::serialize::bb20,orchestration/src/main.rs,66,24
130,BASIC_BLOCK,_::<impl _::_serde::Serialize for FixtureSummary>::serialize::bb21,orchestration/src/main.rs,66,24
131,CALL_SITE,_::<impl _::_serde::Serialize for FixtureSummary>::serialize::bb21::call0,orchestration/src/main.rs,66,24
132,BASIC_BLOCK,_::<impl _::_serde::Serialize for FixtureSummary>::serialize::bb22,orchestration/src/main.rs,66,24
133,CALL_SITE,_::<impl _::_serde::Serialize for FixtureSummary>::serialize::bb22::call1,orchestration/src/main.rs,66,24
134,BASIC_BLOCK,_::<impl _::_serde::Serialize for FixtureSummary>::serialize::bb23,orchestration/src/main.rs,66,24
135,BASIC_BLOCK,_::<impl _::_serde::Serialize for FixtureSummary>::serialize::bb24,orchestration/src/main.rs,1,1
136,BASIC_BLOCK,_::<impl _::_serde::Serialize for FixtureSummary>::serialize::bb25,orchestration/src/main.rs,66,24
137,CALL_SITE,_::<impl _::_serde::Serialize for FixtureSummary>::serialize::bb25::call2,orchestration/src/main.rs,66,24
138,BASIC_BLOCK,_::<impl _::_serde::Serialize for FixtureSummary>::serialize::bb26,orchestration/src/main.rs,66,24
139,CALL_SITE,_::<impl _::_serde::Serialize for FixtureSummary>::serialize::bb26::call3,orchestration/src/main.rs,66,24
140,BASIC_BLOCK,_::<impl _::_serde::Serialize for FixtureSummary>::serialize::bb27,orchestration/src/main.rs,66,24
141,CALL_SITE,_::<impl _::_serde::Serialize for FixtureSummary>::serialize::bb27::call4,orchestration/src/main.rs,66,24
142,BASIC_BLOCK,_::<impl _::_serde::Serialize for FixtureSummary>::serialize::bb28,orchestration/src/main.rs,66,24
143,BASIC_BLOCK,_::<impl _::_serde::Serialize for FixtureSummary>::serialize::bb29,orchestration/src/main.rs,66,24
144,CALL_SITE,_::<impl _::_serde::Serialize for FixtureSummary>::serialize::bb29::call5,orchestration/src/main.rs,66,24
145,BASIC_BLOCK,_::<impl _::_serde::Serialize for FixtureSummary>::serialize::bb3,orchestration/src/main.rs,66,24
146,BASIC_BLOCK,_::<impl _::_serde::Serialize for FixtureSummary>::serialize::bb30,orchestration/src/main.rs,66,24
147,CALL_SITE,_::<impl _::_serde::Serialize for FixtureSummary>::serialize::bb30::call6,orchestration/src/main.rs,66,24
148,BASIC_BLOCK,_::<impl _::_serde::Serialize for FixtureSummary>::serialize::bb31,orchestration/src/main.rs,66,24
149,CALL_SITE,_::<impl _::_serde::Serialize for FixtureSummary>::serialize::bb31::call7,orchestration/src/main.rs,66,24
150,BASIC_BLOCK,_::<impl _::_serde::Serialize for FixtureSummary>::serialize::bb32,orchestration/src/main.rs,66,24
151,BASIC_BLOCK,_::<impl _::_serde::Serialize for FixtureSummary>::serialize::bb33,orchestration/src/main.rs,66,24
152,CALL_SITE,_::<impl _::_serde::Serialize for FixtureSummary>::serialize::bb33::call8,orchestration/src/main.rs,66,24
153,BASIC_BLOCK,_::<impl _::_serde::Serialize for FixtureSummary>::serialize::bb34,orchestration/src/main.rs,66,24
154,CALL_SITE,_::<impl _::_serde::Serialize for FixtureSummary>::serialize::bb34::call9,orchestration/src/main.rs,66,24
155,BASIC_BLOCK,_::<impl _::_serde::Serialize for FixtureSummary>::serialize::bb35,orchestration/src/main.rs,66,24
156,CALL_SITE,_::<impl _::_serde::Serialize for FixtureSummary>::serialize::bb35::call10,orchestration/src/main.rs,66,24
157,BASIC_BLOCK,_::<impl _::_serde::Serialize for FixtureSummary>::serialize::bb36,orchestration/src/main.rs,66,24
158,BASIC_BLOCK,_::<impl _::_serde::Serialize for FixtureSummary>::serialize::bb37,orchestration/src/main.rs,66,24
159,CALL_SITE,_::<impl _::_serde::Serialize for FixtureSummary>::serialize::bb37::call11,orchestration/src/main.rs,66,24
160,BASIC_BLOCK,_::<impl _::_serde::Serialize for FixtureSummary>::serialize::bb38,orchestration/src/main.rs,66,24
161,CALL_SITE,_::<impl _::_serde::Serialize for FixtureSummary>::serialize::bb38::call12,orchestration/src/main.rs,66,24
162,BASIC_BLOCK,_::<impl _::_serde::Serialize for FixtureSummary>::serialize::bb39,orchestration/src/main.rs,66,24
163,CALL_SITE,_::<impl _::_serde::Serialize for FixtureSummary>::serialize::bb39::call13,orchestration/src/main.rs,66,24
164,BASIC_BLOCK,_::<impl _::_serde::Serialize for FixtureSummary>::serialize::bb4,orchestration/src/main.rs,66,24
165,BASIC_BLOCK,_::<impl _::_serde::Serialize for FixtureSummary>::serialize::bb40,orchestration/src/main.rs,66,24
166,BASIC_BLOCK,_::<impl _::_serde::Serialize for FixtureSummary>::serialize::bb41,orchestration/src/main.rs,66,24
167,CALL_SITE,_::<impl _::_serde::Serialize for FixtureSummary>::serialize::bb41::call14,orchestration/src/main.rs,66,24
168,BASIC_BLOCK,_::<impl _::_serde::Serialize for FixtureSummary>::serialize::bb42,orchestration/src/main.rs,66,24
169,CALL_SITE,_::<impl _::_serde::Serialize for FixtureSummary>::serialize::bb42::call15,orchestration/src/main.rs,66,24
170,BASIC_BLOCK,_::<impl _::_serde::Serialize for FixtureSummary>::serialize::bb43,orchestration/src/main.rs,66,24
171,CALL_SITE,_::<impl _::_serde::Serialize for FixtureSummary>::serialize::bb43::call16,orchestration/src/main.rs,66,24
172,BASIC_BLOCK,_::<impl _::_serde::Serialize for FixtureSummary>::serialize::bb44,orchestration/src/main.rs,66,24
173,BASIC_BLOCK,_::<impl _::_serde::Serialize for FixtureSummary>::serialize::bb45,orchestration/src/main.rs,66,24
174,CALL_SITE,_::<impl _::_serde::Serialize for FixtureSummary>::serialize::bb45::call17,orchestration/src/main.rs,66,24
175,BASIC_BLOCK,_::<impl _::_serde::Serialize for FixtureSummary>::serialize::bb46,orchestration/src/main.rs,66,24
176,CALL_SITE,_::<impl _::_serde::Serialize for FixtureSummary>::serialize::bb46::call18,orchestration/src/main.rs,66,24
177,BASIC_BLOCK,_::<impl _::_serde::Serialize for FixtureSummary>::serialize::bb47,orchestration/src/main.rs,66,24
178,CALL_SITE,_::<impl _::_serde::Serialize for FixtureSummary>::serialize::bb47::call19,orchestration/src/main.rs,66,24
179,BASIC_BLOCK,_::<impl _::_serde::Serialize for FixtureSummary>::serialize::bb48,orchestration/src/main.rs,66,24
180,BASIC_BLOCK,_::<impl _::_serde::Serialize for FixtureSummary>::serialize::bb49,orchestration/src/main.rs,66,24
181,CALL_SITE,_::<impl _::_serde::Serialize for FixtureSummary>::serialize::bb49::call20,orchestration/src/main.rs,66,24
182,BASIC_BLOCK,_::<impl _::_serde::Serialize for FixtureSummary>::serialize::bb5,orchestration/src/main.rs,66,24
183,BASIC_BLOCK,_::<impl _::_serde::Serialize for FixtureSummary>::serialize::bb50,orchestration/src/main.rs,66,24
184,CALL_SITE,_::<impl _::_serde::Serialize for FixtureSummary>::serialize::bb50::call21,orchestration/src/main.rs,66,24
185,BASIC_BLOCK,_::<impl _::_serde::Serialize for FixtureSummary>::serialize::bb51,orchestration/src/main.rs,66,24
186,CALL_SITE,_::<impl _::_serde::Serialize for FixtureSummary>::serialize::bb51::call22,orchestration/src/main.rs,66,24
187,BASIC_BLOCK,_::<impl _::_serde::Serialize for FixtureSummary>::serialize::bb52,orchestration/src/main.rs,66,24
188,BASIC_BLOCK,_::<impl _::_serde::Serialize for FixtureSummary>::serialize::bb53,orchestration/src/main.rs,66,24
189,CALL_SITE,_::<impl _::_serde::Serialize for FixtureSummary>::serialize::bb53::call23,orchestration/src/main.rs,66,24
190,BASIC_BLOCK,_::<impl _::_serde::Serialize for FixtureSummary>::serialize::bb54,orchestration/src/main.rs,66,24
191,CALL_SITE,_::<impl _::_serde::Serialize for FixtureSummary>::serialize::bb54::call24,orchestration/src/main.rs,66,24
192,BASIC_BLOCK,_::<impl _::_serde::Serialize for FixtureSummary>::serialize::bb55,orchestration/src/main.rs,66,24
193,CALL_SITE,_::<impl _::_serde::Serialize for FixtureSummary>::serialize::bb55::call25,orchestration/src/main.rs,66,24
194,BASIC_BLOCK,_::<impl _::_serde::Serialize for FixtureSummary>::serialize::bb56,orchestration/src/main.rs,66,24
195,BASIC_BLOCK,_::<impl _::_serde::Serialize for FixtureSummary>::serialize::bb57,orchestration/src/main.rs,66,24
196,CALL_SITE,_::<impl _::_serde::Serialize for FixtureSummary>::serialize::bb57::call26,orchestration/src/main.rs,66,24
197,BASIC_BLOCK,_::<impl _::_serde::Serialize for FixtureSummary>::serialize::bb58,orchestration/src/main.rs,66,24
198,CALL_SITE,_::<impl _::_serde::Serialize for FixtureSummary>::serialize::bb58::call27,orchestration/src/main.rs,66,24
199,BASIC_BLOCK,_::<impl _::_serde::Serialize for FixtureSummary>::serialize::bb59,orchestration/src/main.rs,66,24
200,CALL_SITE,_::<impl _::_serde::Serialize for FixtureSummary>::serialize::bb59::call28,orchestration/src/main.rs,66,24
201,BASIC_BLOCK,_::<impl _::_serde::Serialize for FixtureSummary>::serialize::bb6,orchestration/src/main.rs,66,24
202,BASIC_BLOCK,_::<impl _::_serde::Serialize for FixtureSummary>::serialize::bb60,orchestration/src/main.rs,66,24
203,BASIC_BLOCK,_::<impl _::_serde::Serialize for FixtureSummary>::serialize::bb61,orchestration/src/main.rs,66,24
204,CALL_SITE,_::<impl _::_serde::Serialize for FixtureSummary>::serialize::bb61::call29,orchestration/src/main.rs,66,24
205,BASIC_BLOCK,_::<impl _::_serde::Serialize for FixtureSummary>::serialize::bb62,orchestration/src/main.rs,66,24
206,CALL_SITE,_::<impl _::_serde::Serialize for FixtureSummary>::serialize::bb62::call30,orchestration/src/main.rs,66,24
207,BASIC_BLOCK,_::<impl _::_serde::Serialize for FixtureSummary>::serialize::bb63,orchestration/src/main.rs,66,24
208,CALL_SITE,_::<impl _::_serde::Serialize for FixtureSummary>::serialize::bb63::call31,orchestration/src/main.rs,66,24
209,BASIC_BLOCK,_::<impl _::_serde::Serialize for FixtureSummary>::serialize::bb64,orchestration/src/main.rs,66,24
210,BASIC_BLOCK,_::<impl _::_serde::Serialize for FixtureSummary>::serialize::bb65,orchestration/src/main.rs,66,24
211,CALL_SITE,_::<impl _::_serde::Serialize for FixtureSummary>::serialize::bb65::call32,orchestration/src/main.rs,66,24
212,BASIC_BLOCK,_::<impl _::_serde::Serialize for FixtureSummary>::serialize::bb66,orchestration/src/main.rs,66,24
213,CALL_SITE,_::<impl _::_serde::Serialize for FixtureSummary>::serialize::bb66::call33,orchestration/src/main.rs,66,24
214,BASIC_BLOCK,_::<impl _::_serde::Serialize for FixtureSummary>::serialize::bb67,orchestration/src/main.rs,66,24
215,CALL_SITE,_::<impl _::_serde::Serialize for FixtureSummary>::serialize::bb67::call34,orchestration/src/main.rs,66,24
216,BASIC_BLOCK,_::<impl _::_serde::Serialize for FixtureSummary>::serialize::bb68,orchestration/src/main.rs,66,24
217,BASIC_BLOCK,_::<impl _::_serde::Serialize for FixtureSummary>::serialize::bb69,orchestration/src/main.rs,66,24
218,CALL_SITE,_::<impl _::_serde::Serialize for FixtureSummary>::serialize::bb69::call35,orchestration/src/main.rs,66,24
219,BASIC_BLOCK,_::<impl _::_serde::Serialize for FixtureSummary>::serialize::bb7,orchestration/src/main.rs,66,24
220,BASIC_BLOCK,_::<impl _::_serde::Serialize for FixtureSummary>::serialize::bb70,orchestration/src/main.rs,66,24
221,CALL_SITE,_::<impl _::_serde::Serialize for FixtureSummary>::serialize::bb70::call36,orchestration/src/main.rs,66,24
222,BASIC_BLOCK,_::<impl _::_serde::Serialize for FixtureSummary>::serialize::bb71,orchestration/src/main.rs,66,24
223,CALL_SITE,_::<impl _::_serde::Serialize for FixtureSummary>::serialize::bb71::call37,orchestration/src/main.rs,66,24
224,BASIC_BLOCK,_::<impl _::_serde::Serialize for FixtureSummary>::serialize::bb72,orchestration/src/main.rs,66,24
225,BASIC_BLOCK,_::<impl _::_serde::Serialize for FixtureSummary>::serialize::bb73,orchestration/src/main.rs,66,24
226,CALL_SITE,_::<impl _::_serde::Serialize for FixtureSummary>::serialize::bb73::call38,orchestration/src/main.rs,66,24
227,BASIC_BLOCK,_::<impl _::_serde::Serialize for FixtureSummary>::serialize::bb74,orchestration/src/main.rs,66,24
228,CALL_SITE,_::<impl _::_serde::Serialize for FixtureSummary>::serialize::bb74::call39,orchestration/src/main.rs,66,24
229,BASIC_BLOCK,_::<impl _::_serde::Serialize for FixtureSummary>::serialize::bb75,orchestration/src/main.rs,66,24
230,CALL_SITE,_::<impl _::_serde::Serialize for FixtureSummary>::serialize::bb75::call40,orchestration/src/main.rs,66,24
231,BASIC_BLOCK,_::<impl _::_serde::Serialize for FixtureSummary>::serialize::bb76,orchestration/src/main.rs,66,24
232,BASIC_BLOCK,_::<impl _::_serde::Serialize for FixtureSummary>::serialize::bb77,orchestration/src/main.rs,66,24
233,CALL_SITE,_::<impl _::_serde::Serialize for FixtureSummary>::serialize::bb77::call41,orchestration/src/main.rs,66,24
234,BASIC_BLOCK,_::<impl _::_serde::Serialize for FixtureSummary>::serialize::bb78,orchestration/src/main.rs,66,24
235,CALL_SITE,_::<impl _::_serde::Serialize for FixtureSummary>::serialize::bb78::call42,orchestration/src/main.rs,66,24
236,BASIC_BLOCK,_::<impl _::_serde::Serialize for FixtureSummary>::serialize::bb79,orchestration/src/main.rs,66,24
237,CALL_SITE,_::<impl _::_serde::Serialize for FixtureSummary>::serialize::bb79::call43,orchestration/src/main.rs,66,24
238,BASIC_BLOCK,_::<impl _::_serde::Serialize for FixtureSummary>::serialize::bb8,orchestration/src/main.rs,66,24
239,BASIC_BLOCK,_::<impl _::_serde::Serialize for FixtureSummary>::serialize::bb80,orchestration/src/main.rs,66,24
240,BASIC_BLOCK,_::<impl _::_serde::Serialize for FixtureSummary>::serialize::bb81,orchestration/src/main.rs,66,24
241,CALL_SITE,_::<impl _::_serde::Serialize for FixtureSummary>::serialize::bb81::call44,orchestration/src/main.rs,66,24
242,BASIC_BLOCK,_::<impl _::_serde::Serialize for FixtureSummary>::serialize::bb82,orchestration/src/main.rs,66,24
243,CALL_SITE,_::<impl _::_serde::Serialize for FixtureSummary>::serialize::bb82::call45,orchestration/src/main.rs,66,24
244,BASIC_BLOCK,_::<impl _::_serde::Serialize for FixtureSummary>::serialize::bb83,orchestration/src/main.rs,66,24
245,CALL_SITE,_::<impl _::_serde::Serialize for FixtureSummary>::serialize::bb83::call46,orchestration/src/main.rs,66,24
246,BASIC_BLOCK,_::<impl _::_serde::Serialize for FixtureSummary>::serialize::bb84,orchestration/src/main.rs,66,24
247,BASIC_BLOCK,_::<impl _::_serde::Serialize for FixtureSummary>::serialize::bb85,orchestration/src/main.rs,66,24
248,CALL_SITE,_::<impl _::_serde::Serialize for FixtureSummary>::serialize::bb85::call47,orchestration/src/main.rs,66,24
249,BASIC_BLOCK,_::<impl _::_serde::Serialize for FixtureSummary>::serialize::bb86,orchestration/src/main.rs,66,24
250,CALL_SITE,_::<impl _::_serde::Serialize for FixtureSummary>::serialize::bb86::call48,orchestration/src/main.rs,66,24
251,BASIC_BLOCK,_::<impl _::_serde::Serialize for FixtureSummary>::serialize::bb87,orchestration/src/main.rs,66,24
252,CALL_SITE,_::<impl _::_serde::Serialize for FixtureSummary>::serialize::bb87::call49,orchestration/src/main.rs,66,24
253,BASIC_BLOCK,_::<impl _::_serde::Serialize for FixtureSummary>::serialize::bb88,orchestration/src/main.rs,66,24
254,BASIC_BLOCK,_::<impl _::_serde::Serialize for FixtureSummary>::serialize::bb89,orchestration/src/main.rs,66,24
255,CALL_SITE,_::<impl _::_serde::Serialize for FixtureSummary>::serialize::bb89::call50,orchestration/src/main.rs,66,24
256,BASIC_BLOCK,_::<impl _::_serde::Serialize for FixtureSummary>::serialize::bb9,orchestration/src/main.rs,66,24
257,BASIC_BLOCK,_::<impl _::_serde::Serialize for FixtureSummary>::serialize::bb90,orchestration/src/main.rs,66,24
258,CALL_SITE,_::<impl _::_serde::Serialize for FixtureSummary>::serialize::bb90::call51,orchestration/src/main.rs,66,24
259,BASIC_BLOCK,_::<impl _::_serde::Serialize for FixtureSummary>::serialize::bb91,orchestration/src/main.rs,66,24
260,CALL_SITE,_::<impl _::_serde::Serialize for FixtureSummary>::serialize::bb91::call52,orchestration/src/main.rs,66,24
261,BASIC_BLOCK,_::<impl _::_serde::Serialize for FixtureSummary>::serialize::bb92,orchestration/src/main.rs,66,24
262,BASIC_BLOCK,_::<impl _::_serde::Serialize for FixtureSummary>::serialize::bb93,orchestration/src/main.rs,66,24
263,CALL_SITE,_::<impl _::_serde::Serialize for FixtureSummary>::serialize::bb93::call53,orchestration/src/main.rs,66,24
264,BASIC_BLOCK,_::<impl _::_serde::Serialize for FixtureSummary>::serialize::bb94,orchestration/src/main.rs,66,24
265,CALL_SITE,_::<impl _::_serde::Serialize for FixtureSummary>::serialize::bb94::call54,orchestration/src/main.rs,66,24
266,BASIC_BLOCK,_::<impl _::_serde::Serialize for FixtureSummary>::serialize::bb95,orchestration/src/main.rs,66,24
267,CALL_SITE,_::<impl _::_serde::Serialize for FixtureSummary>::serialize::bb95::call55,orchestration/src/main.rs,66,24
268,BASIC_BLOCK,_::<impl _::_serde::Serialize for FixtureSummary>::serialize::bb96,orchestration/src/main.rs,66,24
269,BASIC_BLOCK,_::<impl _::_serde::Serialize for FixtureSummary>::serialize::bb97,orchestration/src/main.rs,66,24
270,CALL_SITE,_::<impl _::_serde::Serialize for FixtureSummary>::serialize::bb97::call56,orchestration/src/main.rs,66,24
271,BASIC_BLOCK,_::<impl _::_serde::Serialize for FixtureSummary>::serialize::bb98,orchestration/src/main.rs,66,24
272,CALL_SITE,_::<impl _::_serde::Serialize for FixtureSummary>::serialize::bb98::call57,orchestration/src/main.rs,66,24
273,BASIC_BLOCK,_::<impl _::_serde::Serialize for FixtureSummary>::serialize::bb99,orchestration/src/main.rs,66,24
274,CALL_SITE,_::<impl _::_serde::Serialize for FixtureSummary>::serialize::bb99::call58,orchestration/src/main.rs,66,24
275,METHOD,_::<impl _::_serde::Serialize for FixtureSummary>::serialize::fn,orchestration/src/main.rs,66,24
276,PARAM,_::<impl _::_serde::Serialize for FixtureSummary>::serialize::param0,orchestration/src/main.rs,66,24
277,PARAM,_::<impl _::_serde::Serialize for FixtureSummary>::serialize::param1,orchestration/src/main.rs,66,24
278,BASIC_BLOCK,_::<impl _::_serde::Serialize for OrchestrationReport>::serialize::bb0,orchestration/src/main.rs,98,17
279,BASIC_BLOCK,_::<impl _::_serde::Serialize for OrchestrationReport>::serialize::bb1,orchestration/src/main.rs,98,17
280,BASIC_BLOCK,_::<impl _::_serde::Serialize for OrchestrationReport>::serialize::bb10,orchestration/src/main.rs,98,17
281,CALL_SITE,_::<impl _::_serde::Serialize for OrchestrationReport>::serialize::bb10::call5,orchestration/src/main.rs,98,17
282,BASIC_BLOCK,_::<impl _::_serde::Serialize for OrchestrationReport>::serialize::bb11,orchestration/src/main.rs,98,17
283,CALL_SITE,_::<impl _::_serde::Serialize for OrchestrationReport>::serialize::bb11::call6,orchestration/src/main.rs,98,17
284,BASIC_BLOCK,_::<impl _::_serde::Serialize for OrchestrationReport>::serialize::bb12,orchestration/src/main.rs,98,17
285,CALL_SITE,_::<impl _::_serde::Serialize for OrchestrationReport>::serialize::bb12::call7,orchestration/src/main.rs,98,17
286,BASIC_BLOCK,_::<impl _::_serde::Serialize for OrchestrationReport>::serialize::bb13,orchestration/src/main.rs,98,17
287,BASIC_BLOCK,_::<impl _::_serde::Serialize for OrchestrationReport>::serialize::bb14,orchestration/src/main.rs,98,17
288,CALL_SITE,_::<impl _::_serde::Serialize for OrchestrationReport>::serialize::bb14::call8,orchestration/src/main.rs,98,17
289,BASIC_BLOCK,_::<impl _::_serde::Serialize for OrchestrationReport>::serialize::bb15,orchestration/src/main.rs,98,17
290,CALL_SITE,_::<impl _::_serde::Serialize for OrchestrationReport>::serialize::bb15::call9,orchestration/src/main.rs,98,17
291,BASIC_BLOCK,_::<impl _::_serde::Serialize for OrchestrationReport>::serialize::bb16,orchestration/src/main.rs,98,32
292,BASIC_BLOCK,_::<impl _::_serde::Serialize for OrchestrationReport>::serialize::bb17,orchestration/src/main.rs,98,32
293,BASIC_BLOCK,_::<impl _::_serde::Serialize for OrchestrationReport>::serialize::bb18,orchestration/src/main.rs,98,32
294,BASIC_BLOCK,_::<impl _::_serde::Serialize for OrchestrationReport>::serialize::bb19,orchestration/src/main.rs,98,33
295,BASIC_BLOCK,_::<impl _::_serde::Serialize for OrchestrationReport>::serialize::bb2,orchestration/src/main.rs,98,17
296,BASIC_BLOCK,_::<impl _::_serde::Serialize for OrchestrationReport>::serialize::bb20,orchestration/src/main.rs,98,17
297,BASIC_BLOCK,_::<impl _::_serde::Serialize for OrchestrationReport>::serialize::bb21,orchestration/src/main.rs,98,32
298,BASIC_BLOCK,_::<impl _::_serde::Serialize for OrchestrationReport>::serialize::bb22,orchestration/src/main.rs,98,32
299,BASIC_BLOCK,_::<impl _::_serde::Serialize for OrchestrationReport>::serialize::bb23,orchestration/src/main.rs,98,32
300,BASIC_BLOCK,_::<impl _::_serde::Serialize for OrchestrationReport>::serialize::bb24,orchestration/src/main.rs,98,32
301,BASIC_BLOCK,_::<impl _::_serde::Serialize for OrchestrationReport>::serialize::bb25,orchestration/src/main.rs,98,17
302,BASIC_BLOCK,_::<impl _::_serde::Serialize for OrchestrationReport>::serialize::bb26,orchestration/src/main.rs,98,17
303,CALL_SITE,_::<impl _::_serde::Serialize for OrchestrationReport>::serialize::bb2::call0,orchestration/src/main.rs,98,17
304,BASIC_BLOCK,_::<impl _::_serde::Serialize for OrchestrationReport>::serialize::bb3,orchestration/src/main.rs,98,17
305,CALL_SITE,_::<impl _::_serde::Serialize for OrchestrationReport>::serialize::bb3::call1,orchestration/src/main.rs,98,17
306,BASIC_BLOCK,_::<impl _::_serde::Serialize for OrchestrationReport>::serialize::bb4,orchestration/src/main.rs,98,17
307,BASIC_BLOCK,_::<impl _::_serde::Serialize for OrchestrationReport>::serialize::bb5,orchestration/src/main.rs,1,1
308,BASIC_BLOCK,_::<impl _::_serde::Serialize for OrchestrationReport>::serialize::bb6,orchestration/src/main.rs,98,17
309,CALL_SITE,_::<impl _::_serde::Serialize for OrchestrationReport>::serialize::bb6::call2,orchestration/src/main.rs,98,17
310,BASIC_BLOCK,_::<impl _::_serde::Serialize for OrchestrationReport>::serialize::bb7,orchestration/src/main.rs,98,17
311,CALL_SITE,_::<impl _::_serde::Serialize for OrchestrationReport>::serialize::bb7::call3,orchestration/src/main.rs,98,17
312,BASIC_BLOCK,_::<impl _::_serde::Serialize for OrchestrationReport>::serialize::bb8,orchestration/src/main.rs,98,17
313,CALL_SITE,_::<impl _::_serde::Serialize for OrchestrationReport>::serialize::bb8::call4,orchestration/src/main.rs,98,17
314,BASIC_BLOCK,_::<impl _::_serde::Serialize for OrchestrationReport>::serialize::bb9,orchestration/src/main.rs,98,17
315,METHOD,_::<impl _::_serde::Serialize for OrchestrationReport>::serialize::fn,orchestration/src/main.rs,98,17
316,PARAM,_::<impl _::_serde::Serialize for OrchestrationReport>::serialize::param0,orchestration/src/main.rs,98,17
317,PARAM,_::<impl _::_serde::Serialize for OrchestrationReport>::serialize::param1,orchestration/src/main.rs,98,17
318,BASIC_BLOCK,_::bb0,orchestration/src/main.rs,66,24
319,BASIC_BLOCK,_::bb0,orchestration/src/main.rs,98,17
320,BASIC_BLOCK,main::bb0,orchestration/src/main.rs,30,29
321,BASIC_BLOCK,main::bb0,orchestration/src/main.rs,1,1
322,CALL_SITE,main::bb0::call0,orchestration/src/main.rs,30,29
323,CALL_SITE,main::bb0::call0,orchestration/src/main.rs,1,1
324,BASIC_BLOCK,main::bb1,orchestration/src/main.rs,30,29
325,BASIC_BLOCK,main::bb1,orchestration/src/main.rs,1,1
326,BASIC_BLOCK,main::bb10,orchestration/src/main.rs,38,8
327,CALL_SITE,main::bb10::call9,orchestration/src/main.rs,38,8
328,BASIC_BLOCK,main::bb11,orchestration/src/main.rs,38,8
329,CALL_SITE,main::bb11::call10,orchestration/src/main.rs,38,8
330,BASIC_BLOCK,main::bb12,orchestration/src/main.rs,38,8
331,CALL_SITE,main::bb12::call11,orchestration/src/main.rs,38,8
332,BASIC_BLOCK,main::bb13,orchestration/src/main.rs,38,8
333,BASIC_BLOCK,main::bb14,orchestration/src/main.rs,39,16
334,CALL_SITE,main::bb14::call12,orchestration/src/main.rs,39,16
335,BASIC_BLOCK,main::bb15,orchestration/src/main.rs,43,20
336,CALL_SITE,main::bb15::call13,orchestration/src/main.rs,43,20
337,BASIC_BLOCK,main::bb16,orchestration/src/main.rs,45,21
338,CALL_SITE,main::bb16::call14,orchestration/src/main.rs,45,21
339,BASIC_BLOCK,main::bb17,orchestration/src/main.rs,45,21
340,CALL_SITE,main::bb17::call15,orchestration/src/main.rs,45,21
341,BASIC_BLOCK,main::bb18,orchestration/src/main.rs,45,21
342,CALL_SITE,main::bb18::call16,orchestration/src/main.rs,45,21
343,BASIC_BLOCK,main::bb19,orchestration/src/main.rs,45,21
344,CALL_SITE,main::bb19::call17,orchestration/src/main.rs,45,21
345,CALL_SITE,main::bb1::call1,orchestration/src/main.rs,30,29
346,BASIC_BLOCK,main::bb2,orchestration/src/main.rs,30,29
347,BASIC_BLOCK,main::bb20,orchestration/src/main.rs,45,21
348,BASIC_BLOCK,main::bb21,orchestration/src/main.rs,1,1
349,BASIC_BLOCK,main::bb22,orchestration/src/main.rs,46,19
350,CALL_SITE,main::bb22::call18,orchestration/src/main.rs,46,19
351,BASIC_BLOCK,main::bb23,orchestration/src/main.rs,45,21
352,CALL_SITE,main::bb23::call19,orchestration/src/main.rs,45,21
353,BASIC_BLOCK,main::bb24,orchestration/src/main.rs,46,19
354,CALL_SITE,main::bb24::call20,orchestration/src/main.rs,46,19
355,BASIC_BLOCK,main::bb25,orchestration/src/main.rs,46,19
356,CALL_SITE,main::bb25::call21,orchestration/src/main.rs,46,19
357,BASIC_BLOCK,main::bb26,orchestration/src/main.rs,46,19
358,CALL_SITE,main::bb26::call22,orchestration/src/main.rs,46,19
359,BASIC_BLOCK,main::bb27,orchestration/src/main.rs,46,19
360,BASIC_BLOCK,main::bb28,orchestration/src/main.rs,49,5
361,BASIC_BLOCK,main::bb29,orchestration/src/main.rs,46,19
362,CALL_SITE,main::bb29::call23,orchestration/src/main.rs,46,19
363,CALL_SITE,main::bb2::call2,orchestration/src/main.rs,30,29
364,BASIC_BLOCK,main::bb3,orchestration/src/main.rs,33,8
365,BASIC_BLOCK,main::bb30,orchestration/src/main.rs,49,28
366,CALL_SITE,main::bb30::call24,orchestration/src/main.rs,49,28
367,BASIC_BLOCK,main::bb31,orchestration/src/main.rs,49,15
368,BASIC_BLOCK,main::bb32,orchestration/src/main.rs,50,15
369,CALL_SITE,main::bb32::call25,orchestration/src/main.rs,50,15
370,BASIC_BLOCK,main::bb33,orchestration/src/main.rs,51,13
371,CALL_SITE,main::bb33::call26,orchestration/src/main.rs,51,13
372,BASIC_BLOCK,main::bb34,orchestration/src/main.rs,54,43
373,CALL_SITE,main::bb34::call27,orchestration/src/main.rs,54,43
374,BASIC_BLOCK,main::bb35,orchestration/src/main.rs,52,36
375,CALL_SITE,main::bb35::call28,orchestration/src/main.rs,52,36
376,BASIC_BLOCK,main::bb36,orchestration/src/main.rs,51,13
377,BASIC_BLOCK,main::bb37,orchestration/src/main.rs,52,36
378,CALL_SITE,main::bb37::call29,orchestration/src/main.rs,52,36
379,BASIC_BLOCK,main::bb38,orchestration/src/main.rs,52,36
380,CALL_SITE,main::bb38::call30,orchestration/src/main.rs,52,36
381,BASIC_BLOCK,main::bb39,orchestration/src/main.rs,52,36
382,CALL_SITE,main::bb39::call31,orchestration/src/main.rs,52,36
383,CALL_SITE,main::bb3::call3,orchestration/src/main.rs,33,8
384,BASIC_BLOCK,main::bb4,orchestration/src/main.rs,33,8
385,BASIC_BLOCK,main::bb40,orchestration/src/main.rs,52,36
386,BASIC_BLOCK,main::bb41,orchestration/src/main.rs,52,17
387,BASIC_BLOCK,main::bb42,orchestration/src/main.rs,52,36
388,CALL_SITE,main::bb42::call32,orchestration/src/main.rs,52,36
389,BASIC_BLOCK,main::bb43,orchestration/src/main.rs,56,5
390,BASIC_BLOCK,main::bb44,orchestration/src/main.rs,52,17
391,BASIC_BLOCK,main::bb45,/home/cicero-arch-omen/.cargo/registry/src/index.crates.io-1949cf8c6b5b557f/anyhow-1.0.102/src/macros.rs,232,51
392,CALL_SITE,main::bb45::call33,/home/cicero-arch-omen/.cargo/registry/src/index.crates.io-1949cf8c6b5b557f/anyhow-1.0.102/src/macros.rs,232,51
393,BASIC_BLOCK,main::bb46,/home/cicero-arch-omen/.cargo/registry/src/index.crates.io-1949cf8c6b5b557f/anyhow-1.0.102/src/macros.rs,232,21
394,CALL_SITE,main::bb46::call34,/home/cicero-arch-omen/.cargo/registry/src/index.crates.io-1949cf8c6b5b557f/anyhow-1.0.102/src/macros.rs,232,21
395,BASIC_BLOCK,main::bb47,orchestration/src/main.rs,1,1
396,BASIC_BLOCK,main::bb48,orchestration/src/main.rs,59,1
397,BASIC_BLOCK,main::bb49,orchestration/src/main.rs,59,2
398,CALL_SITE,main::bb4::call4,orchestration/src/main.rs,33,8
399,BASIC_BLOCK,main::bb5,orchestration/src/main.rs,33,8
400,BASIC_BLOCK,main::bb50,orchestration/src/main.rs,56,5
401,BASIC_BLOCK,main::bb51,orchestration/src/main.rs,59,1
402,BASIC_BLOCK,main::bb52,orchestration/src/main.rs,59,1
403,BASIC_BLOCK,main::bb53,orchestration/src/main.rs,59,1
404,BASIC_BLOCK,main::bb54,orchestration/src/main.rs,59,1
405,BASIC_BLOCK,main::bb55,orchestration/src/main.rs,59,2
406,BASIC_BLOCK,main::bb56,orchestration/src/main.rs,59,2
407,BASIC_BLOCK,main::bb57,orchestration/src/main.rs,56,5
408,BASIC_BLOCK,main::bb58,orchestration/src/main.rs,59,1
409,BASIC_BLOCK,main::bb59,orchestration/src/main.rs,27,1
410,CALL_SITE,main::bb5::call5,orchestration/src/main.rs,33,8
411,BASIC_BLOCK,main::bb6,orchestration/src/main.rs,33,8
412,BASIC_BLOCK,main::bb60,orchestration/src/main.rs,58,5
413,CALL_SITE,main::bb60::call35,orchestration/src/main.rs,58,5
414,BASIC_BLOCK,main::bb61,orchestration/src/main.rs,59,1
415,BASIC_BLOCK,main::bb62,orchestration/src/main.rs,59,1
416,BASIC_BLOCK,main::bb63,orchestration/src/main.rs,59,1
417,BASIC_BLOCK,main::bb64,orchestration/src/main.rs,59,1
418,BASIC_BLOCK,main::bb65,orchestration/src/main.rs,59,1
419,BASIC_BLOCK,main::bb66,orchestration/src/main.rs,59,1
420,BASIC_BLOCK,main::bb67,orchestration/src/main.rs,59,1
421,BASIC_BLOCK,main::bb68,orchestration/src/main.rs,59,1
422,BASIC_BLOCK,main::bb69,orchestration/src/main.rs,59,1
423,CALL_SITE,main::bb6::call6,orchestration/src/main.rs,33,8
424,BASIC_BLOCK,main::bb7,orchestration/src/main.rs,33,8
425,BASIC_BLOCK,main::bb70,orchestration/src/main.rs,59,1
426,BASIC_BLOCK,main::bb71,orchestration/src/main.rs,34,16
427,BASIC_BLOCK,main::bb72,orchestration/src/main.rs,39,16
428,BASIC_BLOCK,main::bb73,orchestration/src/main.rs,45,21
429,BASIC_BLOCK,main::bb74,orchestration/src/main.rs,46,19
430,BASIC_BLOCK,main::bb75,orchestration/src/main.rs,52,36
431,BASIC_BLOCK,main::bb8,orchestration/src/main.rs,34,16
432,CALL_SITE,main::bb8::call7,orchestration/src/main.rs,34,16
433,BASIC_BLOCK,main::bb9,orchestration/src/main.rs,38,8
434,CALL_SITE,main::bb9::call8,orchestration/src/main.rs,38,8
435,FUNCTION,main::fn,orchestration/src/main.rs,27,1
436,FUNCTION,main::fn,orchestration/src/main.rs,1,1
437,BASIC_BLOCK,run_all_fixtures_loop::bb0,orchestration/src/main.rs,114,5
438,BASIC_BLOCK,run_all_fixtures_loop::bb1,orchestration/src/main.rs,115,16
439,BASIC_BLOCK,run_all_fixtures_loop::bb10,orchestration/src/main.rs,117,26
440,CALL_SITE,run_all_fixtures_loop::bb10::call6,orchestration/src/main.rs,117,26
441,BASIC_BLOCK,run_all_fixtures_loop::bb11,orchestration/src/main.rs,125,2
442,BASIC_BLOCK,run_all_fixtures_loop::bb12,/home/cicero-arch-omen/.rustup/toolchains/nightly-x86_64-unknown-linux-gnu/lib/rustlib/src/rust/library/std/src/macros.rs,143,28
443,CALL_SITE,run_all_fixtures_loop::bb12::call7,/home/cicero-arch-omen/.rustup/toolchains/nightly-x86_64-unknown-linux-gnu/lib/rustlib/src/rust/library/std/src/macros.rs,143,28
444,BASIC_BLOCK,run_all_fixtures_loop::bb13,/home/cicero-arch-omen/.rustup/toolchains/nightly-x86_64-unknown-linux-gnu/lib/rustlib/src/rust/library/std/src/macros.rs,143,9
445,CALL_SITE,run_all_fixtures_loop::bb13::call8,/home/cicero-arch-omen/.rustup/toolchains/nightly-x86_64-unknown-linux-gnu/lib/rustlib/src/rust/library/std/src/macros.rs,143,9
446,BASIC_BLOCK,run_all_fixtures_loop::bb14,/home/cicero-arch-omen/.rustup/toolchains/nightly-x86_64-unknown-linux-gnu/lib/rustlib/src/rust/library/std/src/macros.rs,143,28
447,CALL_SITE,run_all_fixtures_loop::bb14::call9,/home/cicero-arch-omen/.rustup/toolchains/nightly-x86_64-unknown-linux-gnu/lib/rustlib/src/rust/library/std/src/macros.rs,143,28
448,BASIC_BLOCK,run_all_fixtures_loop::bb15,/home/cicero-arch-omen/.rustup/toolchains/nightly-x86_64-unknown-linux-gnu/lib/rustlib/src/rust/library/std/src/macros.rs,143,9
449,CALL_SITE,run_all_fixtures_loop::bb15::call10,/home/cicero-arch-omen/.rustup/toolchains/nightly-x86_64-unknown-linux-gnu/lib/rustlib/src/rust/library/std/src/macros.rs,143,9
450,BASIC_BLOCK,run_all_fixtures_loop::bb16,orchestration/src/main.rs,123,28
451,CALL_SITE,run_all_fixtures_loop::bb16::call11,orchestration/src/main.rs,123,28
452,BASIC_BLOCK,run_all_fixtures_loop::bb17,orchestration/src/main.rs,123,9
453,CALL_SITE,run_all_fixtures_loop::bb17::call12,orchestration/src/main.rs,123,9
454,CALL_SITE,run_all_fixtures_loop::bb1::call0,orchestration/src/main.rs,115,16
455,BASIC_BLOCK,run_all_fixtures_loop::bb2,orchestration/src/main.rs,116,53
456,CALL_SITE,run_all_fixtures_loop::bb2::call1,orchestration/src/main.rs,116,53
457,BASIC_BLOCK,run_all_fixtures_loop::bb3,/home/cicero-arch-omen/.rustup/toolchains/nightly-x86_64-unknown-linux-gnu/lib/rustlib/src/rust/library/std/src/macros.rs,143,28
458,CALL_SITE,run_all_fixtures_loop::bb3::call2,/home/cicero-arch-omen/.rustup/toolchains/nightly-x86_64-unknown-linux-gnu/lib/rustlib/src/rust/library/std/src/macros.rs,143,28
459,BASIC_BLOCK,run_all_fixtures_loop::bb4,/home/cicero-arch-omen/.rustup/toolchains/nightly-x86_64-unknown-linux-gnu/lib/rustlib/src/rust/library/std/src/macros.rs,143,9
460,CALL_SITE,run_all_fixtures_loop::bb4::call3,/home/cicero-arch-omen/.rustup/toolchains/nightly-x86_64-unknown-linux-gnu/lib/rustlib/src/rust/library/std/src/macros.rs,143,9
461,BASIC_BLOCK,run_all_fixtures_loop::bb5,orchestration/src/main.rs,117,26
462,CALL_SITE,run_all_fixtures_loop::bb5::call4,orchestration/src/main.rs,117,26
463,BASIC_BLOCK,run_all_fixtures_loop::bb6,orchestration/src/main.rs,117,26
464,CALL_SITE,run_all_fixtures_loop::bb6::call5,orchestration/src/main.rs,117,26
465,BASIC_BLOCK,run_all_fixtures_loop::bb7,orchestration/src/main.rs,117,26
466,BASIC_BLOCK,run_all_fixtures_loop::bb8,orchestration/src/main.rs,117,26
467,BASIC_BLOCK,run_all_fixtures_loop::bb9,orchestration/src/main.rs,118,12
468,FUNCTION,run_all_fixtures_loop::fn,orchestration/src/main.rs,112,1
469,BASIC_BLOCK,run_all_fixtures_once::bb0,orchestration/src/main.rs,128,43
470,CALL_SITE,run_all_fixtures_once::bb0::call0,orchestration/src/main.rs,128,43
471,BASIC_BLOCK,run_all_fixtures_once::bb1,orchestration/src/main.rs,131,21
472,BASIC_BLOCK,run_all_fixtures_once::bb10,/home/cicero-arch-omen/.rustup/toolchains/nightly-x86_64-unknown-linux-gnu/lib/rustlib/src/rust/library/alloc/src/macros.rs,114,13
473,BASIC_BLOCK,run_all_fixtures_once::bb100,orchestration/src/main.rs,179,5
474,BASIC_BLOCK,run_all_fixtures_once::bb101,orchestration/src/main.rs,179,5
475,BASIC_BLOCK,run_all_fixtures_once::bb102,orchestration/src/main.rs,187,1
476,BASIC_BLOCK,run_all_fixtures_once::bb103,orchestration/src/main.rs,187,2
477,BASIC_BLOCK,run_all_fixtures_once::bb104,orchestration/src/main.rs,174,118
478,BASIC_BLOCK,run_all_fixtures_once::bb105,orchestration/src/main.rs,174,118
479,BASIC_BLOCK,run_all_fixtures_once::bb106,orchestration/src/main.rs,174,118
480,BASIC_BLOCK,run_all_fixtures_once::bb107,orchestration/src/main.rs,175,13
481,BASIC_BLOCK,run_all_fixtures_once::bb108,orchestration/src/main.rs,170,13
482,BASIC_BLOCK,run_all_fixtures_once::bb109,orchestration/src/main.rs,170,13
483,CALL_SITE,run_all_fixtures_once::bb10::call7,/home/cicero-arch-omen/.rustup/toolchains/nightly-x86_64-unknown-linux-gnu/lib/rustlib/src/rust/library/alloc/src/macros.rs,114,13
484,BASIC_BLOCK,run_all_fixtures_once::bb11,/home/cicero-arch-omen/.rustup/toolchains/nightly-x86_64-unknown-linux-gnu/lib/rustlib/src/rust/library/alloc/src/macros.rs,113,9
485,BASIC_BLOCK,run_all_fixtures_once::bb110,orchestration/src/main.rs,162,102
486,BASIC_BLOCK,run_all_fixtures_once::bb111,orchestration/src/main.rs,154,13
487,BASIC_BLOCK,run_all_fixtures_once::bb112,orchestration/src/main.rs,150,13
488,BASIC_BLOCK,run_all_fixtures_once::bb113,orchestration/src/main.rs,141,142
489,BASIC_BLOCK,run_all_fixtures_once::bb114,orchestration/src/main.rs,141,142
490,BASIC_BLOCK,run_all_fixtures_once::bb115,orchestration/src/main.rs,141,142
491,BASIC_BLOCK,run_all_fixtures_once::bb116,orchestration/src/main.rs,143,9
492,BASIC_BLOCK,run_all_fixtures_once::bb117,orchestration/src/main.rs,179,5
493,BASIC_BLOCK,run_all_fixtures_once::bb118,orchestration/src/main.rs,179,5
494,BASIC_BLOCK,run_all_fixtures_once::bb119,orchestration/src/main.rs,187,1
495,CALL_SITE,run_all_fixtures_once::bb11::call8,/home/cicero-arch-omen/.rustup/toolchains/nightly-x86_64-unknown-linux-gnu/lib/rustlib/src/rust/library/alloc/src/macros.rs,113,9
496,BASIC_BLOCK,run_all_fixtures_once::bb12,orchestration/src/main.rs,133,27
497,BASIC_BLOCK,run_all_fixtures_once::bb120,orchestration/src/main.rs,127,1
498,BASIC_BLOCK,run_all_fixtures_once::bb121,orchestration/src/main.rs,146,69
499,CALL_SITE,run_all_fixtures_once::bb121::call76,orchestration/src/main.rs,146,69
500,BASIC_BLOCK,run_all_fixtures_once::bb122,orchestration/src/main.rs,159,9
501,CALL_SITE,run_all_fixtures_once::bb122::call77,orchestration/src/main.rs,159,9
502,BASIC_BLOCK,run_all_fixtures_once::bb123,orchestration/src/main.rs,178,9
503,CALL_SITE,run_all_fixtures_once::bb123::call78,orchestration/src/main.rs,178,9
504,BASIC_BLOCK,run_all_fixtures_once::bb124,orchestration/src/main.rs,179,5
505,BASIC_BLOCK,run_all_fixtures_once::bb125,orchestration/src/main.rs,179,5
506,BASIC_BLOCK,run_all_fixtures_once::bb126,orchestration/src/main.rs,162,102
507,BASIC_BLOCK,run_all_fixtures_once::bb127,orchestration/src/main.rs,162,102
508,BASIC_BLOCK,run_all_fixtures_once::bb128,orchestration/src/main.rs,162,102
509,BASIC_BLOCK,run_all_fixtures_once::bb129,orchestration/src/main.rs,162,102
510,CALL_SITE,run_all_fixtures_once::bb12::call9,orchestration/src/main.rs,133,27
511,BASIC_BLOCK,run_all_fixtures_once::bb13,orchestration/src/main.rs,134,51
512,BASIC_BLOCK,run_all_fixtures_once::bb130,orchestration/src/main.rs,162,102
513,BASIC_BLOCK,run_all_fixtures_once::bb131,orchestration/src/main.rs,179,5
514,BASIC_BLOCK,run_all_fixtures_once::bb132,orchestration/src/main.rs,179,5
515,BASIC_BLOCK,run_all_fixtures_once::bb133,orchestration/src/main.rs,179,5
516,BASIC_BLOCK,run_all_fixtures_once::bb134,orchestration/src/main.rs,179,5
517,BASIC_BLOCK,run_all_fixtures_once::bb135,orchestration/src/main.rs,181,5
518,BASIC_BLOCK,run_all_fixtures_once::bb136,orchestration/src/main.rs,182,5
519,CALL_SITE,run_all_fixtures_once::bb13::call10,orchestration/src/main.rs,134,51
520,BASIC_BLOCK,run_all_fixtures_once::bb14,orchestration/src/main.rs,134,62
521,CALL_SITE,run_all_fixtures_once::bb14::call11,orchestration/src/main.rs,134,62
522,BASIC_BLOCK,run_all_fixtures_once::bb15,/home/cicero-arch-omen/.rustup/toolchains/nightly-x86_64-unknown-linux-gnu/lib/rustlib/src/rust/library/alloc/src/macros.rs,114,33
523,CALL_SITE,run_all_fixtures_once::bb15::call12,/home/cicero-arch-omen/.rustup/toolchains/nightly-x86_64-unknown-linux-gnu/lib/rustlib/src/rust/library/alloc/src/macros.rs,114,33
524,BASIC_BLOCK,run_all_fixtures_once::bb16,/home/cicero-arch-omen/.rustup/toolchains/nightly-x86_64-unknown-linux-gnu/lib/rustlib/src/rust/library/alloc/src/macros.rs,114,13
525,CALL_SITE,run_all_fixtures_once::bb16::call13,/home/cicero-arch-omen/.rustup/toolchains/nightly-x86_64-unknown-linux-gnu/lib/rustlib/src/rust/library/alloc/src/macros.rs,114,13
526,BASIC_BLOCK,run_all_fixtures_once::bb17,/home/cicero-arch-omen/.rustup/toolchains/nightly-x86_64-unknown-linux-gnu/lib/rustlib/src/rust/library/alloc/src/macros.rs,113,9
527,CALL_SITE,run_all_fixtures_once::bb17::call14,/home/cicero-arch-omen/.rustup/toolchains/nightly-x86_64-unknown-linux-gnu/lib/rustlib/src/rust/library/alloc/src/macros.rs,113,9
528,BASIC_BLOCK,run_all_fixtures_once::bb18,orchestration/src/main.rs,134,28
529,CALL_SITE,run_all_fixtures_once::bb18::call15,orchestration/src/main.rs,134,28
530,BASIC_BLOCK,run_all_fixtures_once::bb19,orchestration/src/main.rs,135,47
531,CALL_SITE,run_all_fixtures_once::bb19::call16,orchestration/src/main.rs,135,47
532,CALL_SITE,run_all_fixtures_once::bb1::call1,orchestration/src/main.rs,131,21
533,BASIC_BLOCK,run_all_fixtures_once::bb2,orchestration/src/main.rs,131,5
534,BASIC_BLOCK,run_all_fixtures_once::bb20,orchestration/src/main.rs,135,55
535,CALL_SITE,run_all_fixtures_once::bb20::call17,orchestration/src/main.rs,135,55
536,BASIC_BLOCK,run_all_fixtures_once::bb21,/home/cicero-arch-omen/.rustup/toolchains/nightly-x86_64-unknown-linux-gnu/lib/rustlib/src/rust/library/alloc/src/macros.rs,114,33
537,CALL_SITE,run_all_fixtures_once::bb21::call18,/home/cicero-arch-omen/.rustup/toolchains/nightly-x86_64-unknown-linux-gnu/lib/rustlib/src/rust/library/alloc/src/macros.rs,114,33
538,BASIC_BLOCK,run_all_fixtures_once::bb22,/home/cicero-arch-omen/.rustup/toolchains/nightly-x86_64-unknown-linux-gnu/lib/rustlib/src/rust/library/alloc/src/macros.rs,114,13
539,CALL_SITE,run_all_fixtures_once::bb22::call19,/home/cicero-arch-omen/.rustup/toolchains/nightly-x86_64-unknown-linux-gnu/lib/rustlib/src/rust/library/alloc/src/macros.rs,114,13
540,BASIC_BLOCK,run_all_fixtures_once::bb23,/home/cicero-arch-omen/.rustup/toolchains/nightly-x86_64-unknown-linux-gnu/lib/rustlib/src/rust/library/alloc/src/macros.rs,113,9
541,CALL_SITE,run_all_fixtures_once::bb23::call20,/home/cicero-arch-omen/.rustup/toolchains/nightly-x86_64-unknown-linux-gnu/lib/rustlib/src/rust/library/alloc/src/macros.rs,113,9
542,BASIC_BLOCK,run_all_fixtures_once::bb24,orchestration/src/main.rs,135,24
543,CALL_SITE,run_all_fixtures_once::bb24::call21,orchestration/src/main.rs,135,24
544,BASIC_BLOCK,run_all_fixtures_once::bb25,orchestration/src/main.rs,138,37
545,CALL_SITE,run_all_fixtures_once::bb25::call22,orchestration/src/main.rs,138,37
546,BASIC_BLOCK,run_all_fixtures_once::bb26,orchestration/src/main.rs,138,51
547,CALL_SITE,run_all_fixtures_once::bb26::call23,orchestration/src/main.rs,138,51
548,BASIC_BLOCK,run_all_fixtures_once::bb27,orchestration/src/main.rs,138,25
549,CALL_SITE,run_all_fixtures_once::bb27::call24,orchestration/src/main.rs,138,25
550,BASIC_BLOCK,run_all_fixtures_once::bb28,orchestration/src/main.rs,138,16
551,BASIC_BLOCK,run_all_fixtures_once::bb29,orchestration/src/main.rs,140,25
552,CALL_SITE,run_all_fixtures_once::bb29::call25,orchestration/src/main.rs,140,25
553,BASIC_BLOCK,run_all_fixtures_once::bb3,orchestration/src/main.rs,131,21
554,BASIC_BLOCK,run_all_fixtures_once::bb30,orchestration/src/main.rs,140,44
555,CALL_SITE,run_all_fixtures_once::bb30::call26,orchestration/src/main.rs,140,44
556,BASIC_BLOCK,run_all_fixtures_once::bb31,/home/cicero-arch-omen/.rustup/toolchains/nightly-x86_64-unknown-linux-gnu/lib/rustlib/src/rust/library/std/src/macros.rs,221,29
557,CALL_SITE,run_all_fixtures_once::bb31::call27,/home/cicero-arch-omen/.rustup/toolchains/nightly-x86_64-unknown-linux-gnu/lib/rustlib/src/rust/library/std/src/macros.rs,221,29
558,BASIC_BLOCK,run_all_fixtures_once::bb32,/home/cicero-arch-omen/.rustup/toolchains/nightly-x86_64-unknown-linux-gnu/lib/rustlib/src/rust/library/std/src/macros.rs,221,9
559,CALL_SITE,run_all_fixtures_once::bb32::call28,/home/cicero-arch-omen/.rustup/toolchains/nightly-x86_64-unknown-linux-gnu/lib/rustlib/src/rust/library/std/src/macros.rs,221,9
560,BASIC_BLOCK,run_all_fixtures_once::bb33,orchestration/src/main.rs,141,131
561,CALL_SITE,run_all_fixtures_once::bb33::call29,orchestration/src/main.rs,141,131
562,BASIC_BLOCK,run_all_fixtures_once::bb34,/home/cicero-arch-omen/.rustup/toolchains/nightly-x86_64-unknown-linux-gnu/lib/rustlib/src/rust/library/alloc/src/macros.rs,114,33
563,CALL_SITE,run_all_fixtures_once::bb34::call30,/home/cicero-arch-omen/.rustup/toolchains/nightly-x86_64-unknown-linux-gnu/lib/rustlib/src/rust/library/alloc/src/macros.rs,114,33
564,BASIC_BLOCK,run_all_fixtures_once::bb35,/home/cicero-arch-omen/.rustup/toolchains/nightly-x86_64-unknown-linux-gnu/lib/rustlib/src/rust/library/alloc/src/macros.rs,114,13
565,CALL_SITE,run_all_fixtures_once::bb35::call31,/home/cicero-arch-omen/.rustup/toolchains/nightly-x86_64-unknown-linux-gnu/lib/rustlib/src/rust/library/alloc/src/macros.rs,114,13
566,BASIC_BLOCK,run_all_fixtures_once::bb36,/home/cicero-arch-omen/.rustup/toolchains/nightly-x86_64-unknown-linux-gnu/lib/rustlib/src/rust/library/alloc/src/macros.rs,113,9
567,CALL_SITE,run_all_fixtures_once::bb36::call32,/home/cicero-arch-omen/.rustup/toolchains/nightly-x86_64-unknown-linux-gnu/lib/rustlib/src/rust/library/alloc/src/macros.rs,113,9
568,BASIC_BLOCK,run_all_fixtures_once::bb37,orchestration/src/main.rs,141,13
569,CALL_SITE,run_all_fixtures_once::bb37::call33,orchestration/src/main.rs,141,13
570,BASIC_BLOCK,run_all_fixtures_once::bb38,orchestration/src/main.rs,143,9
571,BASIC_BLOCK,run_all_fixtures_once::bb39,orchestration/src/main.rs,146,36
572,CALL_SITE,run_all_fixtures_once::bb39::call34,orchestration/src/main.rs,146,36
573,CALL_SITE,run_all_fixtures_once::bb3::call2,orchestration/src/main.rs,131,21
574,BASIC_BLOCK,run_all_fixtures_once::bb4,orchestration/src/main.rs,131,21
575,BASIC_BLOCK,run_all_fixtures_once::bb40,orchestration/src/main.rs,146,30
576,BASIC_BLOCK,run_all_fixtures_once::bb41,orchestration/src/main.rs,152,29
577,CALL_SITE,run_all_fixtures_once::bb41::call35,orchestration/src/main.rs,152,29
578,BASIC_BLOCK,run_all_fixtures_once::bb42,orchestration/src/main.rs,148,17
579,CALL_SITE,run_all_fixtures_once::bb42::call36,orchestration/src/main.rs,148,17
580,BASIC_BLOCK,run_all_fixtures_once::bb43,orchestration/src/main.rs,150,13
581,BASIC_BLOCK,run_all_fixtures_once::bb44,orchestration/src/main.rs,152,64
582,CALL_SITE,run_all_fixtures_once::bb44::call37,orchestration/src/main.rs,152,64
583,BASIC_BLOCK,run_all_fixtures_once::bb45,/home/cicero-arch-omen/.rustup/toolchains/nightly-x86_64-unknown-linux-gnu/lib/rustlib/src/rust/library/std/src/macros.rs,221,29
584,CALL_SITE,run_all_fixtures_once::bb45::call38,/home/cicero-arch-omen/.rustup/toolchains/nightly-x86_64-unknown-linux-gnu/lib/rustlib/src/rust/library/std/src/macros.rs,221,29
585,BASIC_BLOCK,run_all_fixtures_once::bb46,/home/cicero-arch-omen/.rustup/toolchains/nightly-x86_64-unknown-linux-gnu/lib/rustlib/src/rust/library/std/src/macros.rs,221,9
586,CALL_SITE,run_all_fixtures_once::bb46::call39,/home/cicero-arch-omen/.rustup/toolchains/nightly-x86_64-unknown-linux-gnu/lib/rustlib/src/rust/library/std/src/macros.rs,221,9
587,BASIC_BLOCK,run_all_fixtures_once::bb47,orchestration/src/main.rs,154,13
588,BASIC_BLOCK,run_all_fixtures_once::bb48,orchestration/src/main.rs,159,9
589,CALL_SITE,run_all_fixtures_once::bb48::call40,orchestration/src/main.rs,159,9
590,BASIC_BLOCK,run_all_fixtures_once::bb49,orchestration/src/main.rs,159,9
591,CALL_SITE,run_all_fixtures_once::bb49::call41,orchestration/src/main.rs,159,9
592,BASIC_BLOCK,run_all_fixtures_once::bb5,orchestration/src/main.rs,1,1
593,BASIC_BLOCK,run_all_fixtures_once::bb50,orchestration/src/main.rs,159,9
594,BASIC_BLOCK,run_all_fixtures_once::bb51,orchestration/src/main.rs,162,55
595,CALL_SITE,run_all_fixtures_once::bb51::call42,orchestration/src/main.rs,162,55
596,BASIC_BLOCK,run_all_fixtures_once::bb52,orchestration/src/main.rs,159,9
597,CALL_SITE,run_all_fixtures_once::bb52::call43,orchestration/src/main.rs,159,9
598,BASIC_BLOCK,run_all_fixtures_once::bb53,orchestration/src/main.rs,179,5
599,BASIC_BLOCK,run_all_fixtures_once::bb54,orchestration/src/main.rs,162,79
600,CALL_SITE,run_all_fixtures_once::bb54::call44,orchestration/src/main.rs,162,79
601,BASIC_BLOCK,run_all_fixtures_once::bb55,orchestration/src/main.rs,162,28
602,CALL_SITE,run_all_fixtures_once::bb55::call45,orchestration/src/main.rs,162,28
603,BASIC_BLOCK,run_all_fixtures_once::bb56,orchestration/src/main.rs,162,22
604,BASIC_BLOCK,run_all_fixtures_once::bb57,orchestration/src/main.rs,173,29
605,CALL_SITE,run_all_fixtures_once::bb57::call46,orchestration/src/main.rs,173,29
606,BASIC_BLOCK,run_all_fixtures_once::bb58,orchestration/src/main.rs,164,62
607,CALL_SITE,run_all_fixtures_once::bb58::call47,orchestration/src/main.rs,164,62
608,BASIC_BLOCK,run_all_fixtures_once::bb59,orchestration/src/main.rs,164,31
609,CALL_SITE,run_all_fixtures_once::bb59::call48,orchestration/src/main.rs,164,31
610,BASIC_BLOCK,run_all_fixtures_once::bb6,orchestration/src/main.rs,133,50
611,BASIC_BLOCK,run_all_fixtures_once::bb60,orchestration/src/main.rs,164,31
612,CALL_SITE,run_all_fixtures_once::bb60::call49,orchestration/src/main.rs,164,31
613,BASIC_BLOCK,run_all_fixtures_once::bb61,orchestration/src/main.rs,165,52
614,CALL_SITE,run_all_fixtures_once::bb61::call50,orchestration/src/main.rs,165,52
615,BASIC_BLOCK,run_all_fixtures_once::bb62,orchestration/src/main.rs,165,29
616,CALL_SITE,run_all_fixtures_once::bb62::call51,orchestration/src/main.rs,165,29
617,BASIC_BLOCK,run_all_fixtures_once::bb63,orchestration/src/main.rs,165,29
618,CALL_SITE,run_all_fixtures_once::bb63::call52,orchestration/src/main.rs,165,29
619,BASIC_BLOCK,run_all_fixtures_once::bb64,orchestration/src/main.rs,166,20
620,CALL_SITE,run_all_fixtures_once::bb64::call53,orchestration/src/main.rs,166,20
621,BASIC_BLOCK,run_all_fixtures_once::bb65,orchestration/src/main.rs,166,20
622,CALL_SITE,run_all_fixtures_once::bb65::call54,orchestration/src/main.rs,166,20
623,BASIC_BLOCK,run_all_fixtures_once::bb66,orchestration/src/main.rs,166,20
624,CALL_SITE,run_all_fixtures_once::bb66::call55,orchestration/src/main.rs,166,20
625,BASIC_BLOCK,run_all_fixtures_once::bb67,orchestration/src/main.rs,166,20
626,BASIC_BLOCK,run_all_fixtures_once::bb68,orchestration/src/main.rs,166,17
627,BASIC_BLOCK,run_all_fixtures_once::bb69,orchestration/src/main.rs,170,13
628,CALL_SITE,run_all_fixtures_once::bb6::call3,orchestration/src/main.rs,133,50
629,BASIC_BLOCK,run_all_fixtures_once::bb7,orchestration/src/main.rs,181,18
630,BASIC_BLOCK,run_all_fixtures_once::bb70,orchestration/src/main.rs,173,49
631,CALL_SITE,run_all_fixtures_once::bb70::call56,orchestration/src/main.rs,173,49
632,BASIC_BLOCK,run_all_fixtures_once::bb71,/home/cicero-arch-omen/.rustup/toolchains/nightly-x86_64-unknown-linux-gnu/lib/rustlib/src/rust/library/std/src/macros.rs,221,29
633,CALL_SITE,run_all_fixtures_once::bb71::call57,/home/cicero-arch-omen/.rustup/toolchains/nightly-x86_64-unknown-linux-gnu/lib/rustlib/src/rust/library/std/src/macros.rs,221,29
634,BASIC_BLOCK,run_all_fixtures_once::bb72,/home/cicero-arch-omen/.rustup/toolchains/nightly-x86_64-unknown-linux-gnu/lib/rustlib/src/rust/library/std/src/macros.rs,221,9
635,CALL_SITE,run_all_fixtures_once::bb72::call58,/home/cicero-arch-omen/.rustup/toolchains/nightly-x86_64-unknown-linux-gnu/lib/rustlib/src/rust/library/std/src/macros.rs,221,9
636,BASIC_BLOCK,run_all_fixtures_once::bb73,orchestration/src/main.rs,174,107
637,CALL_SITE,run_all_fixtures_once::bb73::call59,orchestration/src/main.rs,174,107
638,BASIC_BLOCK,run_all_fixtures_once::bb74,/home/cicero-arch-omen/.rustup/toolchains/nightly-x86_64-unknown-linux-gnu/lib/rustlib/src/rust/library/alloc/src/macros.rs,114,33
639,CALL_SITE,run_all_fixtures_once::bb74::call60,/home/cicero-arch-omen/.rustup/toolchains/nightly-x86_64-unknown-linux-gnu/lib/rustlib/src/rust/library/alloc/src/macros.rs,114,33
640,BASIC_BLOCK,run_all_fixtures_once::bb75,/home/cicero-arch-omen/.rustup/toolchains/nightly-x86_64-unknown-linux-gnu/lib/rustlib/src/rust/library/alloc/src/macros.rs,114,13
641,CALL_SITE,run_all_fixtures_once::bb75::call61,/home/cicero-arch-omen/.rustup/toolchains/nightly-x86_64-unknown-linux-gnu/lib/rustlib/src/rust/library/alloc/src/macros.rs,114,13
642,BASIC_BLOCK,run_all_fixtures_once::bb76,/home/cicero-arch-omen/.rustup/toolchains/nightly-x86_64-unknown-linux-gnu/lib/rustlib/src/rust/library/alloc/src/macros.rs,113,9
643,CALL_SITE,run_all_fixtures_once::bb76::call62,/home/cicero-arch-omen/.rustup/toolchains/nightly-x86_64-unknown-linux-gnu/lib/rustlib/src/rust/library/alloc/src/macros.rs,113,9
644,BASIC_BLOCK,run_all_fixtures_once::bb77,orchestration/src/main.rs,175,13
645,BASIC_BLOCK,run_all_fixtures_once::bb78,orchestration/src/main.rs,179,5
646,BASIC_BLOCK,run_all_fixtures_once::bb79,orchestration/src/main.rs,179,5
647,CALL_SITE,run_all_fixtures_once::bb7::call4,orchestration/src/main.rs,181,18
648,BASIC_BLOCK,run_all_fixtures_once::bb8,orchestration/src/main.rs,133,61
649,BASIC_BLOCK,run_all_fixtures_once::bb80,orchestration/src/main.rs,179,5
650,BASIC_BLOCK,run_all_fixtures_once::bb81,orchestration/src/main.rs,179,5
651,BASIC_BLOCK,run_all_fixtures_once::bb82,orchestration/src/main.rs,179,5
652,BASIC_BLOCK,run_all_fixtures_once::bb83,orchestration/src/main.rs,181,5
653,CALL_SITE,run_all_fixtures_once::bb83::call63,orchestration/src/main.rs,181,5
654,BASIC_BLOCK,run_all_fixtures_once::bb84,orchestration/src/main.rs,181,5
655,CALL_SITE,run_all_fixtures_once::bb84::call64,orchestration/src/main.rs,181,5
656,BASIC_BLOCK,run_all_fixtures_once::bb85,orchestration/src/main.rs,181,5
657,BASIC_BLOCK,run_all_fixtures_once::bb86,orchestration/src/main.rs,182,23
658,CALL_SITE,run_all_fixtures_once::bb86::call65,orchestration/src/main.rs,182,23
659,BASIC_BLOCK,run_all_fixtures_once::bb87,orchestration/src/main.rs,181,5
660,CALL_SITE,run_all_fixtures_once::bb87::call66,orchestration/src/main.rs,181,5
661,BASIC_BLOCK,run_all_fixtures_once::bb88,orchestration/src/main.rs,182,5
662,CALL_SITE,run_all_fixtures_once::bb88::call67,orchestration/src/main.rs,182,5
663,BASIC_BLOCK,run_all_fixtures_once::bb89,orchestration/src/main.rs,182,5
664,CALL_SITE,run_all_fixtures_once::bb89::call68,orchestration/src/main.rs,182,5
665,CALL_SITE,run_all_fixtures_once::bb8::call5,orchestration/src/main.rs,133,61
666,BASIC_BLOCK,run_all_fixtures_once::bb9,/home/cicero-arch-omen/.rustup/toolchains/nightly-x86_64-unknown-linux-gnu/lib/rustlib/src/rust/library/alloc/src/macros.rs,114,33
667,BASIC_BLOCK,run_all_fixtures_once::bb90,orchestration/src/main.rs,182,5
668,BASIC_BLOCK,run_all_fixtures_once::bb91,orchestration/src/main.rs,183,44
669,CALL_SITE,run_all_fixtures_once::bb91::call69,orchestration/src/main.rs,183,44
670,BASIC_BLOCK,run_all_fixtures_once::bb92,orchestration/src/main.rs,182,5
671,CALL_SITE,run_all_fixtures_once::bb92::call70,orchestration/src/main.rs,182,5
672,BASIC_BLOCK,run_all_fixtures_once::bb93,/home/cicero-arch-omen/.rustup/toolchains/nightly-x86_64-unknown-linux-gnu/lib/rustlib/src/rust/library/std/src/macros.rs,143,28
673,CALL_SITE,run_all_fixtures_once::bb93::call71,/home/cicero-arch-omen/.rustup/toolchains/nightly-x86_64-unknown-linux-gnu/lib/rustlib/src/rust/library/std/src/macros.rs,143,28
674,BASIC_BLOCK,run_all_fixtures_once::bb94,/home/cicero-arch-omen/.rustup/toolchains/nightly-x86_64-unknown-linux-gnu/lib/rustlib/src/rust/library/std/src/macros.rs,143,9
675,CALL_SITE,run_all_fixtures_once::bb94::call72,/home/cicero-arch-omen/.rustup/toolchains/nightly-x86_64-unknown-linux-gnu/lib/rustlib/src/rust/library/std/src/macros.rs,143,9
676,BASIC_BLOCK,run_all_fixtures_once::bb95,orchestration/src/main.rs,184,44
677,CALL_SITE,run_all_fixtures_once::bb95::call73,orchestration/src/main.rs,184,44
678,BASIC_BLOCK,run_all_fixtures_once::bb96,/home/cicero-arch-omen/.rustup/toolchains/nightly-x86_64-unknown-linux-gnu/lib/rustlib/src/rust/library/std/src/macros.rs,143,28
679,CALL_SITE,run_all_fixtures_once::bb96::call74,/home/cicero-arch-omen/.rustup/toolchains/nightly-x86_64-unknown-linux-gnu/lib/rustlib/src/rust/library/std/src/macros.rs,143,28
680,BASIC_BLOCK,run_all_fixtures_once::bb97,/home/cicero-arch-omen/.rustup/toolchains/nightly-x86_64-unknown-linux-gnu/lib/rustlib/src/rust/library/std/src/macros.rs,143,9
681,CALL_SITE,run_all_fixtures_once::bb97::call75,/home/cicero-arch-omen/.rustup/toolchains/nightly-x86_64-unknown-linux-gnu/lib/rustlib/src/rust/library/std/src/macros.rs,143,9
682,BASIC_BLOCK,run_all_fixtures_once::bb98,orchestration/src/main.rs,187,1
683,BASIC_BLOCK,run_all_fixtures_once::bb99,orchestration/src/main.rs,179,5
684,CALL_SITE,run_all_fixtures_once::bb9::call6,/home/cicero-arch-omen/.rustup/toolchains/nightly-x86_64-unknown-linux-gnu/lib/rustlib/src/rust/library/alloc/src/macros.rs,114,33
685,FUNCTION,run_all_fixtures_once::fn,orchestration/src/main.rs,127,1
686,BASIC_BLOCK,run_capture::bb0,orchestration/src/main.rs,194,20
687,CALL_SITE,run_capture::bb0::call0,orchestration/src/main.rs,194,20
688,BASIC_BLOCK,run_capture::bb1,orchestration/src/main.rs,194,20
689,BASIC_BLOCK,run_capture::bb10,orchestration/src/main.rs,194,165
690,BASIC_BLOCK,run_capture::bb100,orchestration/src/main.rs,217,8
691,CALL_SITE,run_capture::bb100::call76,orchestration/src/main.rs,217,8
692,BASIC_BLOCK,run_capture::bb101,orchestration/src/main.rs,216,5
693,CALL_SITE,run_capture::bb101::call77,orchestration/src/main.rs,216,5
694,BASIC_BLOCK,run_capture::bb102,orchestration/src/main.rs,217,8
695,BASIC_BLOCK,run_capture::bb103,orchestration/src/main.rs,218,9
696,CALL_SITE,run_capture::bb103::call78,orchestration/src/main.rs,218,9
697,BASIC_BLOCK,run_capture::bb104,orchestration/src/main.rs,218,9
698,CALL_SITE,run_capture::bb104::call79,orchestration/src/main.rs,218,9
699,BASIC_BLOCK,run_capture::bb105,orchestration/src/main.rs,218,9
700,CALL_SITE,run_capture::bb105::call80,orchestration/src/main.rs,218,9
701,BASIC_BLOCK,run_capture::bb106,orchestration/src/main.rs,218,9
702,BASIC_BLOCK,run_capture::bb107,orchestration/src/main.rs,218,9
703,CALL_SITE,run_capture::bb107::call81,orchestration/src/main.rs,218,9
704,BASIC_BLOCK,run_capture::bb108,orchestration/src/main.rs,220,27
705,CALL_SITE,run_capture::bb108::call82,orchestration/src/main.rs,220,27
706,BASIC_BLOCK,run_capture::bb109,orchestration/src/main.rs,220,12
707,BASIC_BLOCK,run_capture::bb11,orchestration/src/main.rs,195,21
708,BASIC_BLOCK,run_capture::bb110,orchestration/src/main.rs,221,9
709,CALL_SITE,run_capture::bb110::call83,orchestration/src/main.rs,221,9
710,BASIC_BLOCK,run_capture::bb111,orchestration/src/main.rs,221,9
711,CALL_SITE,run_capture::bb111::call84,orchestration/src/main.rs,221,9
712,BASIC_BLOCK,run_capture::bb112,orchestration/src/main.rs,221,9
713,CALL_SITE,run_capture::bb112::call85,orchestration/src/main.rs,221,9
714,BASIC_BLOCK,run_capture::bb113,orchestration/src/main.rs,221,9
715,BASIC_BLOCK,run_capture::bb114,orchestration/src/main.rs,221,9
716,CALL_SITE,run_capture::bb114::call86,orchestration/src/main.rs,221,9
717,BASIC_BLOCK,run_capture::bb115,orchestration/src/main.rs,224,18
718,CALL_SITE,run_capture::bb115::call87,orchestration/src/main.rs,224,18
719,BASIC_BLOCK,run_capture::bb116,orchestration/src/main.rs,224,18
720,CALL_SITE,run_capture::bb116::call88,orchestration/src/main.rs,224,18
721,BASIC_BLOCK,run_capture::bb117,orchestration/src/main.rs,224,18
722,CALL_SITE,run_capture::bb117::call89,orchestration/src/main.rs,224,18
723,BASIC_BLOCK,run_capture::bb118,orchestration/src/main.rs,227,14
724,CALL_SITE,run_capture::bb118::call90,orchestration/src/main.rs,227,14
725,BASIC_BLOCK,run_capture::bb119,orchestration/src/main.rs,224,18
726,CALL_SITE,run_capture::bb119::call91,orchestration/src/main.rs,224,18
727,CALL_SITE,run_capture::bb11::call7,orchestration/src/main.rs,195,21
728,BASIC_BLOCK,run_capture::bb12,/home/cicero-arch-omen/.cargo/registry/src/index.crates.io-1949cf8c6b5b557f/anyhow-1.0.102/src/ensure.rs,921,12
729,BASIC_BLOCK,run_capture::bb120,orchestration/src/main.rs,224,18
730,CALL_SITE,run_capture::bb120::call92,orchestration/src/main.rs,224,18
731,BASIC_BLOCK,run_capture::bb121,orchestration/src/main.rs,224,18
732,CALL_SITE,run_capture::bb121::call93,orchestration/src/main.rs,224,18
733,BASIC_BLOCK,run_capture::bb122,orchestration/src/main.rs,224,18
734,CALL_SITE,run_capture::bb122::call94,orchestration/src/main.rs,224,18
735,BASIC_BLOCK,run_capture::bb123,orchestration/src/main.rs,224,18
736,CALL_SITE,run_capture::bb123::call95,orchestration/src/main.rs,224,18
737,BASIC_BLOCK,run_capture::bb124,orchestration/src/main.rs,232,35
738,CALL_SITE,run_capture::bb124::call96,orchestration/src/main.rs,232,35
739,BASIC_BLOCK,run_capture::bb125,orchestration/src/main.rs,232,35
740,CALL_SITE,run_capture::bb125::call97,orchestration/src/main.rs,232,35
741,BASIC_BLOCK,run_capture::bb126,orchestration/src/main.rs,224,18
742,CALL_SITE,run_capture::bb126::call98,orchestration/src/main.rs,224,18
743,BASIC_BLOCK,run_capture::bb127,orchestration/src/main.rs,224,18
744,CALL_SITE,run_capture::bb127::call99,orchestration/src/main.rs,224,18
745,BASIC_BLOCK,run_capture::bb128,orchestration/src/main.rs,224,18
746,CALL_SITE,run_capture::bb128::call100,orchestration/src/main.rs,224,18
747,BASIC_BLOCK,run_capture::bb129,orchestration/src/main.rs,224,18
748,CALL_SITE,run_capture::bb129::call101,orchestration/src/main.rs,224,18
749,CALL_SITE,run_capture::bb12::call8,/home/cicero-arch-omen/.cargo/registry/src/index.crates.io-1949cf8c6b5b557f/anyhow-1.0.102/src/ensure.rs,921,12
750,BASIC_BLOCK,run_capture::bb13,/home/cicero-arch-omen/.cargo/registry/src/index.crates.io-1949cf8c6b5b557f/anyhow-1.0.102/src/ensure.rs,921,12
751,BASIC_BLOCK,run_capture::bb130,orchestration/src/main.rs,224,18
752,CALL_SITE,run_capture::bb130::call102,orchestration/src/main.rs,224,18
753,BASIC_BLOCK,run_capture::bb131,orchestration/src/main.rs,224,18
754,BASIC_BLOCK,run_capture::bb132,orchestration/src/main.rs,235,59
755,BASIC_BLOCK,run_capture::bb133,orchestration/src/main.rs,224,18
756,CALL_SITE,run_capture::bb133::call103,orchestration/src/main.rs,224,18
757,BASIC_BLOCK,run_capture::bb134,orchestration/src/main.rs,235,59
758,BASIC_BLOCK,run_capture::bb135,orchestration/src/main.rs,236,21
759,CALL_SITE,run_capture::bb135::call104,orchestration/src/main.rs,236,21
760,BASIC_BLOCK,run_capture::bb136,/home/cicero-arch-omen/.cargo/registry/src/index.crates.io-1949cf8c6b5b557f/anyhow-1.0.102/src/ensure.rs,931,12
761,CALL_SITE,run_capture::bb136::call105,/home/cicero-arch-omen/.cargo/registry/src/index.crates.io-1949cf8c6b5b557f/anyhow-1.0.102/src/ensure.rs,931,12
762,BASIC_BLOCK,run_capture::bb137,/home/cicero-arch-omen/.cargo/registry/src/index.crates.io-1949cf8c6b5b557f/anyhow-1.0.102/src/ensure.rs,931,12
763,BASIC_BLOCK,run_capture::bb138,orchestration/src/main.rs,236,82
764,CALL_SITE,run_capture::bb138::call106,orchestration/src/main.rs,236,82
765,BASIC_BLOCK,run_capture::bb139,/home/cicero-arch-omen/.rustup/toolchains/nightly-x86_64-unknown-linux-gnu/lib/rustlib/src/rust/library/alloc/src/macros.rs,114,33
766,CALL_SITE,run_capture::bb139::call107,/home/cicero-arch-omen/.rustup/toolchains/nightly-x86_64-unknown-linux-gnu/lib/rustlib/src/rust/library/alloc/src/macros.rs,114,33
767,BASIC_BLOCK,run_capture::bb14,/home/cicero-arch-omen/.cargo/registry/src/index.crates.io-1949cf8c6b5b557f/anyhow-1.0.102/src/macros.rs,232,51
768,BASIC_BLOCK,run_capture::bb140,/home/cicero-arch-omen/.rustup/toolchains/nightly-x86_64-unknown-linux-gnu/lib/rustlib/src/rust/library/alloc/src/macros.rs,114,13
769,CALL_SITE,run_capture::bb140::call108,/home/cicero-arch-omen/.rustup/toolchains/nightly-x86_64-unknown-linux-gnu/lib/rustlib/src/rust/library/alloc/src/macros.rs,114,13
770,BASIC_BLOCK,run_capture::bb141,/home/cicero-arch-omen/.rustup/toolchains/nightly-x86_64-unknown-linux-gnu/lib/rustlib/src/rust/library/alloc/src/macros.rs,113,9
771,CALL_SITE,run_capture::bb141::call109,/home/cicero-arch-omen/.rustup/toolchains/nightly-x86_64-unknown-linux-gnu/lib/rustlib/src/rust/library/alloc/src/macros.rs,113,9
772,BASIC_BLOCK,run_capture::bb142,/home/cicero-arch-omen/.cargo/registry/src/index.crates.io-1949cf8c6b5b557f/anyhow-1.0.102/src/macros.rs,243,9
773,CALL_SITE,run_capture::bb142::call110,/home/cicero-arch-omen/.cargo/registry/src/index.crates.io-1949cf8c6b5b557f/anyhow-1.0.102/src/macros.rs,243,9
774,BASIC_BLOCK,run_capture::bb143,orchestration/src/main.rs,1,1
775,BASIC_BLOCK,run_capture::bb144,orchestration/src/main.rs,237,21
776,CALL_SITE,run_capture::bb144::call111,orchestration/src/main.rs,237,21
777,BASIC_BLOCK,run_capture::bb145,/home/cicero-arch-omen/.cargo/registry/src/index.crates.io-1949cf8c6b5b557f/anyhow-1.0.102/src/ensure.rs,931,12
778,CALL_SITE,run_capture::bb145::call112,/home/cicero-arch-omen/.cargo/registry/src/index.crates.io-1949cf8c6b5b557f/anyhow-1.0.102/src/ensure.rs,931,12
779,BASIC_BLOCK,run_capture::bb146,/home/cicero-arch-omen/.cargo/registry/src/index.crates.io-1949cf8c6b5b557f/anyhow-1.0.102/src/ensure.rs,931,12
780,BASIC_BLOCK,run_capture::bb147,orchestration/src/main.rs,237,68
781,CALL_SITE,run_capture::bb147::call113,orchestration/src/main.rs,237,68
782,BASIC_BLOCK,run_capture::bb148,/home/cicero-arch-omen/.rustup/toolchains/nightly-x86_64-unknown-linux-gnu/lib/rustlib/src/rust/library/alloc/src/macros.rs,114,33
783,CALL_SITE,run_capture::bb148::call114,/home/cicero-arch-omen/.rustup/toolchains/nightly-x86_64-unknown-linux-gnu/lib/rustlib/src/rust/library/alloc/src/macros.rs,114,33
784,BASIC_BLOCK,run_capture::bb149,/home/cicero-arch-omen/.rustup/toolchains/nightly-x86_64-unknown-linux-gnu/lib/rustlib/src/rust/library/alloc/src/macros.rs,114,13
785,CALL_SITE,run_capture::bb149::call115,/home/cicero-arch-omen/.rustup/toolchains/nightly-x86_64-unknown-linux-gnu/lib/rustlib/src/rust/library/alloc/src/macros.rs,114,13
786,CALL_SITE,run_capture::bb14::call9,/home/cicero-arch-omen/.cargo/registry/src/index.crates.io-1949cf8c6b5b557f/anyhow-1.0.102/src/macros.rs,232,51
787,BASIC_BLOCK,run_capture::bb15,/home/cicero-arch-omen/.cargo/registry/src/index.crates.io-1949cf8c6b5b557f/anyhow-1.0.102/src/macros.rs,232,21
788,BASIC_BLOCK,run_capture::bb150,/home/cicero-arch-omen/.rustup/toolchains/nightly-x86_64-unknown-linux-gnu/lib/rustlib/src/rust/library/alloc/src/macros.rs,113,9
789,CALL_SITE,run_capture::bb150::call116,/home/cicero-arch-omen/.rustup/toolchains/nightly-x86_64-unknown-linux-gnu/lib/rustlib/src/rust/library/alloc/src/macros.rs,113,9
790,BASIC_BLOCK,run_capture::bb151,/home/cicero-arch-omen/.cargo/registry/src/index.crates.io-1949cf8c6b5b557f/anyhow-1.0.102/src/macros.rs,243,9
791,CALL_SITE,run_capture::bb151::call117,/home/cicero-arch-omen/.cargo/registry/src/index.crates.io-1949cf8c6b5b557f/anyhow-1.0.102/src/macros.rs,243,9
792,BASIC_BLOCK,run_capture::bb152,orchestration/src/main.rs,1,1
793,BASIC_BLOCK,run_capture::bb153,orchestration/src/main.rs,239,17
794,CALL_SITE,run_capture::bb153::call118,orchestration/src/main.rs,239,17
795,BASIC_BLOCK,run_capture::bb154,orchestration/src/main.rs,239,17
796,CALL_SITE,run_capture::bb154::call119,orchestration/src/main.rs,239,17
797,BASIC_BLOCK,run_capture::bb155,orchestration/src/main.rs,241,94
798,CALL_SITE,run_capture::bb155::call120,orchestration/src/main.rs,241,94
799,BASIC_BLOCK,run_capture::bb156,orchestration/src/main.rs,241,54
800,CALL_SITE,run_capture::bb156::call121,orchestration/src/main.rs,241,54
801,BASIC_BLOCK,run_capture::bb157,/home/cicero-arch-omen/.rustup/toolchains/nightly-x86_64-unknown-linux-gnu/lib/rustlib/src/rust/library/alloc/src/macros.rs,114,33
802,CALL_SITE,run_capture::bb157::call122,/home/cicero-arch-omen/.rustup/toolchains/nightly-x86_64-unknown-linux-gnu/lib/rustlib/src/rust/library/alloc/src/macros.rs,114,33
803,BASIC_BLOCK,run_capture::bb158,/home/cicero-arch-omen/.rustup/toolchains/nightly-x86_64-unknown-linux-gnu/lib/rustlib/src/rust/library/alloc/src/macros.rs,114,13
804,CALL_SITE,run_capture::bb158::call123,/home/cicero-arch-omen/.rustup/toolchains/nightly-x86_64-unknown-linux-gnu/lib/rustlib/src/rust/library/alloc/src/macros.rs,114,13
805,BASIC_BLOCK,run_capture::bb159,/home/cicero-arch-omen/.rustup/toolchains/nightly-x86_64-unknown-linux-gnu/lib/rustlib/src/rust/library/alloc/src/macros.rs,113,9
806,CALL_SITE,run_capture::bb159::call124,/home/cicero-arch-omen/.rustup/toolchains/nightly-x86_64-unknown-linux-gnu/lib/rustlib/src/rust/library/alloc/src/macros.rs,113,9
807,CALL_SITE,run_capture::bb15::call10,/home/cicero-arch-omen/.cargo/registry/src/index.crates.io-1949cf8c6b5b557f/anyhow-1.0.102/src/macros.rs,232,21
808,BASIC_BLOCK,run_capture::bb16,orchestration/src/main.rs,1,1
809,BASIC_BLOCK,run_capture::bb160,orchestration/src/main.rs,239,17
810,CALL_SITE,run_capture::bb160::call125,orchestration/src/main.rs,239,17
811,BASIC_BLOCK,run_capture::bb161,orchestration/src/main.rs,239,17
812,CALL_SITE,run_capture::bb161::call126,orchestration/src/main.rs,239,17
813,BASIC_BLOCK,run_capture::bb162,orchestration/src/main.rs,239,17
814,CALL_SITE,run_capture::bb162::call127,orchestration/src/main.rs,239,17
815,BASIC_BLOCK,run_capture::bb163,orchestration/src/main.rs,239,17
816,CALL_SITE,run_capture::bb163::call128,orchestration/src/main.rs,239,17
817,BASIC_BLOCK,run_capture::bb164,orchestration/src/main.rs,244,40
818,BASIC_BLOCK,run_capture::bb165,orchestration/src/main.rs,245,37
819,CALL_SITE,run_capture::bb165::call129,orchestration/src/main.rs,245,37
820,BASIC_BLOCK,run_capture::bb166,orchestration/src/main.rs,245,49
821,CALL_SITE,run_capture::bb166::call130,orchestration/src/main.rs,245,49
822,BASIC_BLOCK,run_capture::bb167,/home/cicero-arch-omen/.rustup/toolchains/nightly-x86_64-unknown-linux-gnu/lib/rustlib/src/rust/library/std/src/macros.rs,143,28
823,CALL_SITE,run_capture::bb167::call131,/home/cicero-arch-omen/.rustup/toolchains/nightly-x86_64-unknown-linux-gnu/lib/rustlib/src/rust/library/std/src/macros.rs,143,28
824,BASIC_BLOCK,run_capture::bb168,/home/cicero-arch-omen/.rustup/toolchains/nightly-x86_64-unknown-linux-gnu/lib/rustlib/src/rust/library/std/src/macros.rs,143,9
825,CALL_SITE,run_capture::bb168::call132,/home/cicero-arch-omen/.rustup/toolchains/nightly-x86_64-unknown-linux-gnu/lib/rustlib/src/rust/library/std/src/macros.rs,143,9
826,BASIC_BLOCK,run_capture::bb169,orchestration/src/main.rs,248,1
827,BASIC_BLOCK,run_capture::bb17,orchestration/src/main.rs,197,58
828,BASIC_BLOCK,run_capture::bb170,orchestration/src/main.rs,248,1
829,BASIC_BLOCK,run_capture::bb171,orchestration/src/main.rs,248,1
830,BASIC_BLOCK,run_capture::bb172,orchestration/src/main.rs,248,1
831,BASIC_BLOCK,run_capture::bb173,orchestration/src/main.rs,248,1
832,BASIC_BLOCK,run_capture::bb174,orchestration/src/main.rs,248,1
833,BASIC_BLOCK,run_capture::bb175,orchestration/src/main.rs,248,1
834,BASIC_BLOCK,run_capture::bb176,orchestration/src/main.rs,248,1
835,BASIC_BLOCK,run_capture::bb177,orchestration/src/main.rs,248,1
836,BASIC_BLOCK,run_capture::bb178,orchestration/src/main.rs,248,1
837,BASIC_BLOCK,run_capture::bb179,orchestration/src/main.rs,248,1
838,CALL_SITE,run_capture::bb17::call11,orchestration/src/main.rs,197,58
839,BASIC_BLOCK,run_capture::bb18,orchestration/src/main.rs,197,35
840,BASIC_BLOCK,run_capture::bb180,orchestration/src/main.rs,248,1
841,BASIC_BLOCK,run_capture::bb181,orchestration/src/main.rs,248,1
842,BASIC_BLOCK,run_capture::bb182,orchestration/src/main.rs,248,2
843,BASIC_BLOCK,run_capture::bb183,orchestration/src/main.rs,248,1
844,BASIC_BLOCK,run_capture::bb184,orchestration/src/main.rs,244,40
845,BASIC_BLOCK,run_capture::bb185,orchestration/src/main.rs,235,59
846,BASIC_BLOCK,run_capture::bb186,orchestration/src/main.rs,248,1
847,BASIC_BLOCK,run_capture::bb187,orchestration/src/main.rs,248,1
848,BASIC_BLOCK,run_capture::bb188,orchestration/src/main.rs,207,82
849,BASIC_BLOCK,run_capture::bb189,orchestration/src/main.rs,248,1
850,CALL_SITE,run_capture::bb18::call12,orchestration/src/main.rs,197,35
851,BASIC_BLOCK,run_capture::bb19,orchestration/src/main.rs,197,35
852,BASIC_BLOCK,run_capture::bb190,orchestration/src/main.rs,206,115
853,BASIC_BLOCK,run_capture::bb191,orchestration/src/main.rs,202,171
854,BASIC_BLOCK,run_capture::bb192,orchestration/src/main.rs,248,1
855,BASIC_BLOCK,run_capture::bb193,orchestration/src/main.rs,248,1
856,BASIC_BLOCK,run_capture::bb194,orchestration/src/main.rs,248,1
857,BASIC_BLOCK,run_capture::bb195,orchestration/src/main.rs,194,165
858,BASIC_BLOCK,run_capture::bb196,orchestration/src/main.rs,193,1
859,BASIC_BLOCK,run_capture::bb197,orchestration/src/main.rs,197,35
860,BASIC_BLOCK,run_capture::bb198,orchestration/src/main.rs,198,22
861,BASIC_BLOCK,run_capture::bb199,orchestration/src/main.rs,214,9
862,CALL_SITE,run_capture::bb19::call13,orchestration/src/main.rs,197,35
863,CALL_SITE,run_capture::bb1::call1,orchestration/src/main.rs,194,20
864,BASIC_BLOCK,run_capture::bb2,orchestration/src/main.rs,194,20
865,BASIC_BLOCK,run_capture::bb20,orchestration/src/main.rs,197,35
866,BASIC_BLOCK,run_capture::bb200,orchestration/src/main.rs,216,5
867,BASIC_BLOCK,run_capture::bb201,orchestration/src/main.rs,218,9
868,BASIC_BLOCK,run_capture::bb202,orchestration/src/main.rs,221,9
869,CALL_SITE,run_capture::bb20::call14,orchestration/src/main.rs,197,35
870,BASIC_BLOCK,run_capture::bb21,orchestration/src/main.rs,197,35
871,BASIC_BLOCK,run_capture::bb22,orchestration/src/main.rs,198,26
872,CALL_SITE,run_capture::bb22::call15,orchestration/src/main.rs,198,26
873,BASIC_BLOCK,run_capture::bb23,orchestration/src/main.rs,197,35
874,CALL_SITE,run_capture::bb23::call16,orchestration/src/main.rs,197,35
875,BASIC_BLOCK,run_capture::bb24,orchestration/src/main.rs,198,22
876,CALL_SITE,run_capture::bb24::call17,orchestration/src/main.rs,198,22
877,BASIC_BLOCK,run_capture::bb25,orchestration/src/main.rs,198,22
878,CALL_SITE,run_capture::bb25::call18,orchestration/src/main.rs,198,22
879,BASIC_BLOCK,run_capture::bb26,orchestration/src/main.rs,198,22
880,CALL_SITE,run_capture::bb26::call19,orchestration/src/main.rs,198,22
881,BASIC_BLOCK,run_capture::bb27,orchestration/src/main.rs,198,22
882,BASIC_BLOCK,run_capture::bb28,orchestration/src/main.rs,199,42
883,CALL_SITE,run_capture::bb28::call20,orchestration/src/main.rs,199,42
884,BASIC_BLOCK,run_capture::bb29,orchestration/src/main.rs,198,22
885,CALL_SITE,run_capture::bb29::call21,orchestration/src/main.rs,198,22
886,CALL_SITE,run_capture::bb2::call2,orchestration/src/main.rs,194,20
887,BASIC_BLOCK,run_capture::bb3,orchestration/src/main.rs,194,20
888,BASIC_BLOCK,run_capture::bb30,/home/cicero-arch-omen/.rustup/toolchains/nightly-x86_64-unknown-linux-gnu/lib/rustlib/src/rust/library/alloc/src/macros.rs,114,33
889,CALL_SITE,run_capture::bb30::call22,/home/cicero-arch-omen/.rustup/toolchains/nightly-x86_64-unknown-linux-gnu/lib/rustlib/src/rust/library/alloc/src/macros.rs,114,33
890,BASIC_BLOCK,run_capture::bb31,/home/cicero-arch-omen/.rustup/toolchains/nightly-x86_64-unknown-linux-gnu/lib/rustlib/src/rust/library/alloc/src/macros.rs,114,13
891,CALL_SITE,run_capture::bb31::call23,/home/cicero-arch-omen/.rustup/toolchains/nightly-x86_64-unknown-linux-gnu/lib/rustlib/src/rust/library/alloc/src/macros.rs,114,13
892,BASIC_BLOCK,run_capture::bb32,/home/cicero-arch-omen/.rustup/toolchains/nightly-x86_64-unknown-linux-gnu/lib/rustlib/src/rust/library/alloc/src/macros.rs,113,9
893,CALL_SITE,run_capture::bb32::call24,/home/cicero-arch-omen/.rustup/toolchains/nightly-x86_64-unknown-linux-gnu/lib/rustlib/src/rust/library/alloc/src/macros.rs,113,9
894,BASIC_BLOCK,run_capture::bb33,orchestration/src/main.rs,199,19
895,CALL_SITE,run_capture::bb33::call25,orchestration/src/main.rs,199,19
896,BASIC_BLOCK,run_capture::bb34,/home/cicero-arch-omen/.rustup/toolchains/nightly-x86_64-unknown-linux-gnu/lib/rustlib/src/rust/library/std/src/macros.rs,143,28
897,CALL_SITE,run_capture::bb34::call26,/home/cicero-arch-omen/.rustup/toolchains/nightly-x86_64-unknown-linux-gnu/lib/rustlib/src/rust/library/std/src/macros.rs,143,28
898,BASIC_BLOCK,run_capture::bb35,/home/cicero-arch-omen/.rustup/toolchains/nightly-x86_64-unknown-linux-gnu/lib/rustlib/src/rust/library/std/src/macros.rs,143,9
899,CALL_SITE,run_capture::bb35::call27,/home/cicero-arch-omen/.rustup/toolchains/nightly-x86_64-unknown-linux-gnu/lib/rustlib/src/rust/library/std/src/macros.rs,143,9
900,BASIC_BLOCK,run_capture::bb36,orchestration/src/main.rs,202,24
901,CALL_SITE,run_capture::bb36::call28,orchestration/src/main.rs,202,24
902,BASIC_BLOCK,run_capture::bb37,orchestration/src/main.rs,202,24
903,CALL_SITE,run_capture::bb37::call29,orchestration/src/main.rs,202,24
904,BASIC_BLOCK,run_capture::bb38,orchestration/src/main.rs,202,24
905,CALL_SITE,run_capture::bb38::call30,orchestration/src/main.rs,202,24
906,BASIC_BLOCK,run_capture::bb39,orchestration/src/main.rs,202,24
907,CALL_SITE,run_capture::bb39::call31,orchestration/src/main.rs,202,24
908,CALL_SITE,run_capture::bb3::call3,orchestration/src/main.rs,194,20
909,BASIC_BLOCK,run_capture::bb4,orchestration/src/main.rs,194,20
910,BASIC_BLOCK,run_capture::bb40,orchestration/src/main.rs,202,24
911,CALL_SITE,run_capture::bb40::call32,orchestration/src/main.rs,202,24
912,BASIC_BLOCK,run_capture::bb41,orchestration/src/main.rs,202,24
913,CALL_SITE,run_capture::bb41::call33,orchestration/src/main.rs,202,24
914,BASIC_BLOCK,run_capture::bb42,orchestration/src/main.rs,202,24
915,BASIC_BLOCK,run_capture::bb43,orchestration/src/main.rs,202,171
916,BASIC_BLOCK,run_capture::bb44,orchestration/src/main.rs,202,24
917,CALL_SITE,run_capture::bb44::call34,orchestration/src/main.rs,202,24
918,BASIC_BLOCK,run_capture::bb45,orchestration/src/main.rs,202,171
919,BASIC_BLOCK,run_capture::bb46,orchestration/src/main.rs,203,21
920,CALL_SITE,run_capture::bb46::call35,orchestration/src/main.rs,203,21
921,BASIC_BLOCK,run_capture::bb47,/home/cicero-arch-omen/.cargo/registry/src/index.crates.io-1949cf8c6b5b557f/anyhow-1.0.102/src/ensure.rs,921,12
922,CALL_SITE,run_capture::bb47::call36,/home/cicero-arch-omen/.cargo/registry/src/index.crates.io-1949cf8c6b5b557f/anyhow-1.0.102/src/ensure.rs,921,12
923,BASIC_BLOCK,run_capture::bb48,/home/cicero-arch-omen/.cargo/registry/src/index.crates.io-1949cf8c6b5b557f/anyhow-1.0.102/src/ensure.rs,921,12
924,BASIC_BLOCK,run_capture::bb49,/home/cicero-arch-omen/.cargo/registry/src/index.crates.io-1949cf8c6b5b557f/anyhow-1.0.102/src/macros.rs,232,51
925,CALL_SITE,run_capture::bb49::call37,/home/cicero-arch-omen/.cargo/registry/src/index.crates.io-1949cf8c6b5b557f/anyhow-1.0.102/src/macros.rs,232,51
926,CALL_SITE,run_capture::bb4::call4,orchestration/src/main.rs,194,20
927,BASIC_BLOCK,run_capture::bb5,orchestration/src/main.rs,194,20
928,BASIC_BLOCK,run_capture::bb50,/home/cicero-arch-omen/.cargo/registry/src/index.crates.io-1949cf8c6b5b557f/anyhow-1.0.102/src/macros.rs,232,21
929,CALL_SITE,run_capture::bb50::call38,/home/cicero-arch-omen/.cargo/registry/src/index.crates.io-1949cf8c6b5b557f/anyhow-1.0.102/src/macros.rs,232,21
930,BASIC_BLOCK,run_capture::bb51,orchestration/src/main.rs,1,1
931,BASIC_BLOCK,run_capture::bb52,orchestration/src/main.rs,204,21
932,CALL_SITE,run_capture::bb52::call39,orchestration/src/main.rs,204,21
933,BASIC_BLOCK,run_capture::bb53,orchestration/src/main.rs,204,21
934,CALL_SITE,run_capture::bb53::call40,orchestration/src/main.rs,204,21
935,BASIC_BLOCK,run_capture::bb54,/home/cicero-arch-omen/.cargo/registry/src/index.crates.io-1949cf8c6b5b557f/anyhow-1.0.102/src/ensure.rs,931,12
936,CALL_SITE,run_capture::bb54::call41,/home/cicero-arch-omen/.cargo/registry/src/index.crates.io-1949cf8c6b5b557f/anyhow-1.0.102/src/ensure.rs,931,12
937,BASIC_BLOCK,run_capture::bb55,/home/cicero-arch-omen/.cargo/registry/src/index.crates.io-1949cf8c6b5b557f/anyhow-1.0.102/src/ensure.rs,931,12
938,BASIC_BLOCK,run_capture::bb56,orchestration/src/main.rs,204,74
939,CALL_SITE,run_capture::bb56::call42,orchestration/src/main.rs,204,74
940,BASIC_BLOCK,run_capture::bb57,/home/cicero-arch-omen/.rustup/toolchains/nightly-x86_64-unknown-linux-gnu/lib/rustlib/src/rust/library/alloc/src/macros.rs,114,33
941,CALL_SITE,run_capture::bb57::call43,/home/cicero-arch-omen/.rustup/toolchains/nightly-x86_64-unknown-linux-gnu/lib/rustlib/src/rust/library/alloc/src/macros.rs,114,33
942,BASIC_BLOCK,run_capture::bb58,/home/cicero-arch-omen/.rustup/toolchains/nightly-x86_64-unknown-linux-gnu/lib/rustlib/src/rust/library/alloc/src/macros.rs,114,13
943,CALL_SITE,run_capture::bb58::call44,/home/cicero-arch-omen/.rustup/toolchains/nightly-x86_64-unknown-linux-gnu/lib/rustlib/src/rust/library/alloc/src/macros.rs,114,13
944,BASIC_BLOCK,run_capture::bb59,/home/cicero-arch-omen/.rustup/toolchains/nightly-x86_64-unknown-linux-gnu/lib/rustlib/src/rust/library/alloc/src/macros.rs,113,9
945,CALL_SITE,run_capture::bb59::call45,/home/cicero-arch-omen/.rustup/toolchains/nightly-x86_64-unknown-linux-gnu/lib/rustlib/src/rust/library/alloc/src/macros.rs,113,9
946,CALL_SITE,run_capture::bb5::call5,orchestration/src/main.rs,194,20
947,BASIC_BLOCK,run_capture::bb6,orchestration/src/main.rs,194,20
948,BASIC_BLOCK,run_capture::bb60,/home/cicero-arch-omen/.cargo/registry/src/index.crates.io-1949cf8c6b5b557f/anyhow-1.0.102/src/macros.rs,243,9
949,CALL_SITE,run_capture::bb60::call46,/home/cicero-arch-omen/.cargo/registry/src/index.crates.io-1949cf8c6b5b557f/anyhow-1.0.102/src/macros.rs,243,9
950,BASIC_BLOCK,run_capture::bb61,orchestration/src/main.rs,1,1
951,BASIC_BLOCK,run_capture::bb62,orchestration/src/main.rs,206,21
952,CALL_SITE,run_capture::bb62::call47,orchestration/src/main.rs,206,21
953,BASIC_BLOCK,run_capture::bb63,orchestration/src/main.rs,206,21
954,CALL_SITE,run_capture::bb63::call48,orchestration/src/main.rs,206,21
955,BASIC_BLOCK,run_capture::bb64,orchestration/src/main.rs,206,21
956,CALL_SITE,run_capture::bb64::call49,orchestration/src/main.rs,206,21
957,BASIC_BLOCK,run_capture::bb65,orchestration/src/main.rs,206,21
958,CALL_SITE,run_capture::bb65::call50,orchestration/src/main.rs,206,21
959,BASIC_BLOCK,run_capture::bb66,orchestration/src/main.rs,206,21
960,CALL_SITE,run_capture::bb66::call51,orchestration/src/main.rs,206,21
961,BASIC_BLOCK,run_capture::bb67,orchestration/src/main.rs,206,21
962,BASIC_BLOCK,run_capture::bb68,orchestration/src/main.rs,206,115
963,BASIC_BLOCK,run_capture::bb69,orchestration/src/main.rs,206,21
964,CALL_SITE,run_capture::bb69::call52,orchestration/src/main.rs,206,21
965,BASIC_BLOCK,run_capture::bb7,orchestration/src/main.rs,1,1
966,BASIC_BLOCK,run_capture::bb70,orchestration/src/main.rs,206,115
967,BASIC_BLOCK,run_capture::bb71,orchestration/src/main.rs,207,46
968,CALL_SITE,run_capture::bb71::call53,orchestration/src/main.rs,207,46
969,BASIC_BLOCK,run_capture::bb72,orchestration/src/main.rs,207,22
970,CALL_SITE,run_capture::bb72::call54,orchestration/src/main.rs,207,22
971,BASIC_BLOCK,run_capture::bb73,orchestration/src/main.rs,207,22
972,CALL_SITE,run_capture::bb73::call55,orchestration/src/main.rs,207,22
973,BASIC_BLOCK,run_capture::bb74,orchestration/src/main.rs,207,22
974,CALL_SITE,run_capture::bb74::call56,orchestration/src/main.rs,207,22
975,BASIC_BLOCK,run_capture::bb75,orchestration/src/main.rs,207,22
976,CALL_SITE,run_capture::bb75::call57,orchestration/src/main.rs,207,22
977,BASIC_BLOCK,run_capture::bb76,orchestration/src/main.rs,207,82
978,BASIC_BLOCK,run_capture::bb77,orchestration/src/main.rs,208,22
979,CALL_SITE,run_capture::bb77::call58,orchestration/src/main.rs,208,22
980,BASIC_BLOCK,run_capture::bb78,/home/cicero-arch-omen/.cargo/registry/src/index.crates.io-1949cf8c6b5b557f/anyhow-1.0.102/src/ensure.rs,921,12
981,CALL_SITE,run_capture::bb78::call59,/home/cicero-arch-omen/.cargo/registry/src/index.crates.io-1949cf8c6b5b557f/anyhow-1.0.102/src/ensure.rs,921,12
982,BASIC_BLOCK,run_capture::bb79,/home/cicero-arch-omen/.cargo/registry/src/index.crates.io-1949cf8c6b5b557f/anyhow-1.0.102/src/ensure.rs,921,12
983,BASIC_BLOCK,run_capture::bb8,orchestration/src/main.rs,194,165
984,BASIC_BLOCK,run_capture::bb80,/home/cicero-arch-omen/.cargo/registry/src/index.crates.io-1949cf8c6b5b557f/anyhow-1.0.102/src/macros.rs,232,51
985,CALL_SITE,run_capture::bb80::call60,/home/cicero-arch-omen/.cargo/registry/src/index.crates.io-1949cf8c6b5b557f/anyhow-1.0.102/src/macros.rs,232,51
986,BASIC_BLOCK,run_capture::bb81,/home/cicero-arch-omen/.cargo/registry/src/index.crates.io-1949cf8c6b5b557f/anyhow-1.0.102/src/macros.rs,232,21
987,CALL_SITE,run_capture::bb81::call61,/home/cicero-arch-omen/.cargo/registry/src/index.crates.io-1949cf8c6b5b557f/anyhow-1.0.102/src/macros.rs,232,21
988,BASIC_BLOCK,run_capture::bb82,orchestration/src/main.rs,1,1
989,BASIC_BLOCK,run_capture::bb83,orchestration/src/main.rs,210,27
990,CALL_SITE,run_capture::bb83::call62,orchestration/src/main.rs,210,27
991,BASIC_BLOCK,run_capture::bb84,orchestration/src/main.rs,210,35
992,CALL_SITE,run_capture::bb84::call63,orchestration/src/main.rs,210,35
993,BASIC_BLOCK,run_capture::bb85,/home/cicero-arch-omen/.rustup/toolchains/nightly-x86_64-unknown-linux-gnu/lib/rustlib/src/rust/library/std/src/macros.rs,143,28
994,CALL_SITE,run_capture::bb85::call64,/home/cicero-arch-omen/.rustup/toolchains/nightly-x86_64-unknown-linux-gnu/lib/rustlib/src/rust/library/std/src/macros.rs,143,28
995,BASIC_BLOCK,run_capture::bb86,/home/cicero-arch-omen/.rustup/toolchains/nightly-x86_64-unknown-linux-gnu/lib/rustlib/src/rust/library/std/src/macros.rs,143,9
996,CALL_SITE,run_capture::bb86::call65,/home/cicero-arch-omen/.rustup/toolchains/nightly-x86_64-unknown-linux-gnu/lib/rustlib/src/rust/library/std/src/macros.rs,143,9
997,BASIC_BLOCK,run_capture::bb87,orchestration/src/main.rs,212,26
998,CALL_SITE,run_capture::bb87::call66,orchestration/src/main.rs,212,26
999,BASIC_BLOCK,run_capture::bb88,orchestration/src/main.rs,213,8
1000,CALL_SITE,run_capture::bb88::call67,orchestration/src/main.rs,213,8
1001,BASIC_BLOCK,run_capture::bb89,orchestration/src/main.rs,213,8
1002,CALL_SITE,run_capture::bb89::call68,orchestration/src/main.rs,213,8
1003,BASIC_BLOCK,run_capture::bb9,orchestration/src/main.rs,194,20
1004,BASIC_BLOCK,run_capture::bb90,orchestration/src/main.rs,213,8
1005,BASIC_BLOCK,run_capture::bb91,orchestration/src/main.rs,214,9
1006,CALL_SITE,run_capture::bb91::call69,orchestration/src/main.rs,214,9
1007,BASIC_BLOCK,run_capture::bb92,orchestration/src/main.rs,214,9
1008,CALL_SITE,run_capture::bb92::call70,orchestration/src/main.rs,214,9
1009,BASIC_BLOCK,run_capture::bb93,orchestration/src/main.rs,214,9
1010,CALL_SITE,run_capture::bb93::call71,orchestration/src/main.rs,214,9
1011,BASIC_BLOCK,run_capture::bb94,orchestration/src/main.rs,214,9
1012,BASIC_BLOCK,run_capture::bb95,orchestration/src/main.rs,214,9
1013,CALL_SITE,run_capture::bb95::call72,orchestration/src/main.rs,214,9
1014,BASIC_BLOCK,run_capture::bb96,orchestration/src/main.rs,216,5
1015,CALL_SITE,run_capture::bb96::call73,orchestration/src/main.rs,216,5
1016,BASIC_BLOCK,run_capture::bb97,orchestration/src/main.rs,216,5
1017,CALL_SITE,run_capture::bb97::call74,orchestration/src/main.rs,216,5
1018,BASIC_BLOCK,run_capture::bb98,orchestration/src/main.rs,216,5
1019,CALL_SITE,run_capture::bb98::call75,orchestration/src/main.rs,216,5
1020,BASIC_BLOCK,run_capture::bb99,orchestration/src/main.rs,216,5
1021,CALL_SITE,run_capture::bb9::call6,orchestration/src/main.rs,194,20
1022,FUNCTION,run_capture::fn,orchestration/src/main.rs,193,1
1023,PARAM,run_capture::param0,orchestration/src/main.rs,193,16
1024,PARAM,run_capture::param1,orchestration/src/main.rs,193,36
1025,BASIC_BLOCK,run_emit_only::bb0,orchestration/src/main.rs,555,21
1026,CALL_SITE,run_emit_only::bb0::call0,orchestration/src/main.rs,555,21
1027,BASIC_BLOCK,run_emit_only::bb1,orchestration/src/main.rs,555,5
1028,BASIC_BLOCK,run_emit_only::bb10,/home/cicero-arch-omen/.rustup/toolchains/nightly-x86_64-unknown-linux-gnu/lib/rustlib/src/rust/library/alloc/src/macros.rs,113,9
1029,CALL_SITE,run_emit_only::bb10::call7,/home/cicero-arch-omen/.rustup/toolchains/nightly-x86_64-unknown-linux-gnu/lib/rustlib/src/rust/library/alloc/src/macros.rs,113,9
1030,BASIC_BLOCK,run_emit_only::bb11,orchestration/src/main.rs,556,28
1031,CALL_SITE,run_emit_only::bb11::call8,orchestration/src/main.rs,556,28
1032,BASIC_BLOCK,run_emit_only::bb12,orchestration/src/main.rs,558,47
1033,CALL_SITE,run_emit_only::bb12::call9,orchestration/src/main.rs,558,47
1034,BASIC_BLOCK,run_emit_only::bb13,orchestration/src/main.rs,558,55
1035,CALL_SITE,run_emit_only::bb13::call10,orchestration/src/main.rs,558,55
1036,BASIC_BLOCK,run_emit_only::bb14,/home/cicero-arch-omen/.rustup/toolchains/nightly-x86_64-unknown-linux-gnu/lib/rustlib/src/rust/library/alloc/src/macros.rs,114,33
1037,CALL_SITE,run_emit_only::bb14::call11,/home/cicero-arch-omen/.rustup/toolchains/nightly-x86_64-unknown-linux-gnu/lib/rustlib/src/rust/library/alloc/src/macros.rs,114,33
1038,BASIC_BLOCK,run_emit_only::bb15,/home/cicero-arch-omen/.rustup/toolchains/nightly-x86_64-unknown-linux-gnu/lib/rustlib/src/rust/library/alloc/src/macros.rs,114,13
1039,CALL_SITE,run_emit_only::bb15::call12,/home/cicero-arch-omen/.rustup/toolchains/nightly-x86_64-unknown-linux-gnu/lib/rustlib/src/rust/library/alloc/src/macros.rs,114,13
1040,BASIC_BLOCK,run_emit_only::bb16,/home/cicero-arch-omen/.rustup/toolchains/nightly-x86_64-unknown-linux-gnu/lib/rustlib/src/rust/library/alloc/src/macros.rs,113,9
1041,CALL_SITE,run_emit_only::bb16::call13,/home/cicero-arch-omen/.rustup/toolchains/nightly-x86_64-unknown-linux-gnu/lib/rustlib/src/rust/library/alloc/src/macros.rs,113,9
1042,BASIC_BLOCK,run_emit_only::bb17,orchestration/src/main.rs,558,24
1043,CALL_SITE,run_emit_only::bb17::call14,orchestration/src/main.rs,558,24
1044,BASIC_BLOCK,run_emit_only::bb18,orchestration/src/main.rs,560,38
1045,CALL_SITE,run_emit_only::bb18::call15,orchestration/src/main.rs,560,38
1046,BASIC_BLOCK,run_emit_only::bb19,/home/cicero-arch-omen/.rustup/toolchains/nightly-x86_64-unknown-linux-gnu/lib/rustlib/src/rust/library/std/src/macros.rs,143,28
1047,CALL_SITE,run_emit_only::bb19::call16,/home/cicero-arch-omen/.rustup/toolchains/nightly-x86_64-unknown-linux-gnu/lib/rustlib/src/rust/library/std/src/macros.rs,143,28
1048,BASIC_BLOCK,run_emit_only::bb2,orchestration/src/main.rs,555,21
1049,BASIC_BLOCK,run_emit_only::bb20,/home/cicero-arch-omen/.rustup/toolchains/nightly-x86_64-unknown-linux-gnu/lib/rustlib/src/rust/library/std/src/macros.rs,143,9
1050,CALL_SITE,run_emit_only::bb20::call17,/home/cicero-arch-omen/.rustup/toolchains/nightly-x86_64-unknown-linux-gnu/lib/rustlib/src/rust/library/std/src/macros.rs,143,9
1051,BASIC_BLOCK,run_emit_only::bb21,orchestration/src/main.rs,561,9
1052,CALL_SITE,run_emit_only::bb21::call18,orchestration/src/main.rs,561,9
1053,BASIC_BLOCK,run_emit_only::bb22,orchestration/src/main.rs,561,9
1054,CALL_SITE,run_emit_only::bb22::call19,orchestration/src/main.rs,561,9
1055,BASIC_BLOCK,run_emit_only::bb23,orchestration/src/main.rs,561,9
1056,BASIC_BLOCK,run_emit_only::bb24,orchestration/src/main.rs,555,5
1057,BASIC_BLOCK,run_emit_only::bb25,orchestration/src/main.rs,561,9
1058,CALL_SITE,run_emit_only::bb25::call20,orchestration/src/main.rs,561,9
1059,BASIC_BLOCK,run_emit_only::bb26,orchestration/src/main.rs,566,2
1060,BASIC_BLOCK,run_emit_only::bb27,/home/cicero-arch-omen/.rustup/toolchains/nightly-x86_64-unknown-linux-gnu/lib/rustlib/src/rust/library/std/src/macros.rs,143,9
1061,CALL_SITE,run_emit_only::bb27::call21,/home/cicero-arch-omen/.rustup/toolchains/nightly-x86_64-unknown-linux-gnu/lib/rustlib/src/rust/library/std/src/macros.rs,143,9
1062,BASIC_BLOCK,run_emit_only::bb28,orchestration/src/main.rs,566,2
1063,BASIC_BLOCK,run_emit_only::bb29,orchestration/src/main.rs,566,2
1064,CALL_SITE,run_emit_only::bb2::call1,orchestration/src/main.rs,555,21
1065,BASIC_BLOCK,run_emit_only::bb3,orchestration/src/main.rs,555,21
1066,BASIC_BLOCK,run_emit_only::bb30,orchestration/src/main.rs,554,1
1067,BASIC_BLOCK,run_emit_only::bb31,orchestration/src/main.rs,562,5
1068,BASIC_BLOCK,run_emit_only::bb32,orchestration/src/main.rs,562,5
1069,BASIC_BLOCK,run_emit_only::bb33,orchestration/src/main.rs,562,5
1070,BASIC_BLOCK,run_emit_only::bb34,orchestration/src/main.rs,562,5
1071,BASIC_BLOCK,run_emit_only::bb4,orchestration/src/main.rs,1,1
1072,BASIC_BLOCK,run_emit_only::bb5,orchestration/src/main.rs,556,51
1073,CALL_SITE,run_emit_only::bb5::call2,orchestration/src/main.rs,556,51
1074,BASIC_BLOCK,run_emit_only::bb6,/home/cicero-arch-omen/.rustup/toolchains/nightly-x86_64-unknown-linux-gnu/lib/rustlib/src/rust/library/std/src/macros.rs,143,28
1075,CALL_SITE,run_emit_only::bb6::call3,/home/cicero-arch-omen/.rustup/toolchains/nightly-x86_64-unknown-linux-gnu/lib/rustlib/src/rust/library/std/src/macros.rs,143,28
1076,BASIC_BLOCK,run_emit_only::bb7,orchestration/src/main.rs,556,62
1077,CALL_SITE,run_emit_only::bb7::call4,orchestration/src/main.rs,556,62
1078,BASIC_BLOCK,run_emit_only::bb8,/home/cicero-arch-omen/.rustup/toolchains/nightly-x86_64-unknown-linux-gnu/lib/rustlib/src/rust/library/alloc/src/macros.rs,114,33
1079,CALL_SITE,run_emit_only::bb8::call5,/home/cicero-arch-omen/.rustup/toolchains/nightly-x86_64-unknown-linux-gnu/lib/rustlib/src/rust/library/alloc/src/macros.rs,114,33
1080,BASIC_BLOCK,run_emit_only::bb9,/home/cicero-arch-omen/.rustup/toolchains/nightly-x86_64-unknown-linux-gnu/lib/rustlib/src/rust/library/alloc/src/macros.rs,114,13
1081,CALL_SITE,run_emit_only::bb9::call6,/home/cicero-arch-omen/.rustup/toolchains/nightly-x86_64-unknown-linux-gnu/lib/rustlib/src/rust/library/alloc/src/macros.rs,114,13
1082,FUNCTION,run_emit_only::fn,orchestration/src/main.rs,554,1
1083,BASIC_BLOCK,run_pipeline::bb0,orchestration/src/main.rs,406,23
1084,CALL_SITE,run_pipeline::bb0::call0,orchestration/src/main.rs,406,23
1085,BASIC_BLOCK,run_pipeline::bb1,/home/cicero-arch-omen/.rustup/toolchains/nightly-x86_64-unknown-linux-gnu/lib/rustlib/src/rust/library/std/src/macros.rs,143,28
1086,BASIC_BLOCK,run_pipeline::bb10,orchestration/src/main.rs,408,33
1087,BASIC_BLOCK,run_pipeline::bb100,orchestration/src/main.rs,443,5
1088,BASIC_BLOCK,run_pipeline::bb101,orchestration/src/main.rs,443,5
1089,BASIC_BLOCK,run_pipeline::bb102,orchestration/src/main.rs,443,5
1090,BASIC_BLOCK,run_pipeline::bb103,/home/cicero-arch-omen/.rustup/toolchains/nightly-x86_64-unknown-linux-gnu/lib/rustlib/src/rust/library/std/src/macros.rs,143,28
1091,CALL_SITE,run_pipeline::bb103::call83,/home/cicero-arch-omen/.rustup/toolchains/nightly-x86_64-unknown-linux-gnu/lib/rustlib/src/rust/library/std/src/macros.rs,143,28
1092,BASIC_BLOCK,run_pipeline::bb104,/home/cicero-arch-omen/.rustup/toolchains/nightly-x86_64-unknown-linux-gnu/lib/rustlib/src/rust/library/std/src/macros.rs,143,9
1093,CALL_SITE,run_pipeline::bb104::call84,/home/cicero-arch-omen/.rustup/toolchains/nightly-x86_64-unknown-linux-gnu/lib/rustlib/src/rust/library/std/src/macros.rs,143,9
1094,BASIC_BLOCK,run_pipeline::bb105,orchestration/src/main.rs,446,5
1095,CALL_SITE,run_pipeline::bb105::call85,orchestration/src/main.rs,446,5
1096,BASIC_BLOCK,run_pipeline::bb106,orchestration/src/main.rs,446,5
1097,CALL_SITE,run_pipeline::bb106::call86,orchestration/src/main.rs,446,5
1098,BASIC_BLOCK,run_pipeline::bb107,orchestration/src/main.rs,446,5
1099,CALL_SITE,run_pipeline::bb107::call87,orchestration/src/main.rs,446,5
1100,BASIC_BLOCK,run_pipeline::bb108,orchestration/src/main.rs,446,5
1101,BASIC_BLOCK,run_pipeline::bb109,orchestration/src/main.rs,450,17
1102,CALL_SITE,run_pipeline::bb109::call88,orchestration/src/main.rs,450,17
1103,CALL_SITE,run_pipeline::bb10::call8,orchestration/src/main.rs,408,33
1104,BASIC_BLOCK,run_pipeline::bb11,orchestration/src/main.rs,408,33
1105,BASIC_BLOCK,run_pipeline::bb110,orchestration/src/main.rs,446,5
1106,CALL_SITE,run_pipeline::bb110::call89,orchestration/src/main.rs,446,5
1107,BASIC_BLOCK,run_pipeline::bb111,orchestration/src/main.rs,450,5
1108,BASIC_BLOCK,run_pipeline::bb112,orchestration/src/main.rs,450,17
1109,CALL_SITE,run_pipeline::bb112::call90,orchestration/src/main.rs,450,17
1110,BASIC_BLOCK,run_pipeline::bb113,orchestration/src/main.rs,450,17
1111,BASIC_BLOCK,run_pipeline::bb114,orchestration/src/main.rs,451,16
1112,BASIC_BLOCK,run_pipeline::bb115,orchestration/src/main.rs,458,8
1113,BASIC_BLOCK,run_pipeline::bb116,orchestration/src/main.rs,452,20
1114,BASIC_BLOCK,run_pipeline::bb117,orchestration/src/main.rs,453,72
1115,CALL_SITE,run_pipeline::bb117::call91,orchestration/src/main.rs,453,72
1116,BASIC_BLOCK,run_pipeline::bb118,orchestration/src/main.rs,453,67
1117,CALL_SITE,run_pipeline::bb118::call92,orchestration/src/main.rs,453,67
1118,BASIC_BLOCK,run_pipeline::bb119,/home/cicero-arch-omen/.rustup/toolchains/nightly-x86_64-unknown-linux-gnu/lib/rustlib/src/rust/library/std/src/macros.rs,221,29
1119,CALL_SITE,run_pipeline::bb119::call93,/home/cicero-arch-omen/.rustup/toolchains/nightly-x86_64-unknown-linux-gnu/lib/rustlib/src/rust/library/std/src/macros.rs,221,29
1120,CALL_SITE,run_pipeline::bb11::call9,orchestration/src/main.rs,408,33
1121,BASIC_BLOCK,run_pipeline::bb12,orchestration/src/main.rs,408,33
1122,BASIC_BLOCK,run_pipeline::bb120,/home/cicero-arch-omen/.rustup/toolchains/nightly-x86_64-unknown-linux-gnu/lib/rustlib/src/rust/library/std/src/macros.rs,221,9
1123,CALL_SITE,run_pipeline::bb120::call94,/home/cicero-arch-omen/.rustup/toolchains/nightly-x86_64-unknown-linux-gnu/lib/rustlib/src/rust/library/std/src/macros.rs,221,9
1124,BASIC_BLOCK,run_pipeline::bb121,orchestration/src/main.rs,454,17
1125,BASIC_BLOCK,run_pipeline::bb122,orchestration/src/main.rs,452,13
1126,BASIC_BLOCK,run_pipeline::bb123,orchestration/src/main.rs,463,43
1127,CALL_SITE,run_pipeline::bb123::call95,orchestration/src/main.rs,463,43
1128,BASIC_BLOCK,run_pipeline::bb124,/home/cicero-arch-omen/.rustup/toolchains/nightly-x86_64-unknown-linux-gnu/lib/rustlib/src/rust/library/std/src/macros.rs,221,29
1129,CALL_SITE,run_pipeline::bb124::call96,/home/cicero-arch-omen/.rustup/toolchains/nightly-x86_64-unknown-linux-gnu/lib/rustlib/src/rust/library/std/src/macros.rs,221,29
1130,BASIC_BLOCK,run_pipeline::bb125,/home/cicero-arch-omen/.rustup/toolchains/nightly-x86_64-unknown-linux-gnu/lib/rustlib/src/rust/library/std/src/macros.rs,221,9
1131,CALL_SITE,run_pipeline::bb125::call97,/home/cicero-arch-omen/.rustup/toolchains/nightly-x86_64-unknown-linux-gnu/lib/rustlib/src/rust/library/std/src/macros.rs,221,9
1132,BASIC_BLOCK,run_pipeline::bb126,/home/cicero-arch-omen/.rustup/toolchains/nightly-x86_64-unknown-linux-gnu/lib/rustlib/src/rust/library/std/src/macros.rs,143,28
1133,CALL_SITE,run_pipeline::bb126::call98,/home/cicero-arch-omen/.rustup/toolchains/nightly-x86_64-unknown-linux-gnu/lib/rustlib/src/rust/library/std/src/macros.rs,143,28
1134,BASIC_BLOCK,run_pipeline::bb127,/home/cicero-arch-omen/.rustup/toolchains/nightly-x86_64-unknown-linux-gnu/lib/rustlib/src/rust/library/std/src/macros.rs,143,9
1135,CALL_SITE,run_pipeline::bb127::call99,/home/cicero-arch-omen/.rustup/toolchains/nightly-x86_64-unknown-linux-gnu/lib/rustlib/src/rust/library/std/src/macros.rs,143,9
1136,BASIC_BLOCK,run_pipeline::bb128,orchestration/src/main.rs,467,22
1137,CALL_SITE,run_pipeline::bb128::call100,orchestration/src/main.rs,467,22
1138,BASIC_BLOCK,run_pipeline::bb129,orchestration/src/main.rs,467,22
1139,CALL_SITE,run_pipeline::bb129::call101,orchestration/src/main.rs,467,22
1140,CALL_SITE,run_pipeline::bb12::call10,orchestration/src/main.rs,408,33
1141,BASIC_BLOCK,run_pipeline::bb13,orchestration/src/main.rs,408,33
1142,BASIC_BLOCK,run_pipeline::bb130,orchestration/src/main.rs,467,22
1143,CALL_SITE,run_pipeline::bb130::call102,orchestration/src/main.rs,467,22
1144,BASIC_BLOCK,run_pipeline::bb131,orchestration/src/main.rs,467,22
1145,BASIC_BLOCK,run_pipeline::bb132,orchestration/src/main.rs,468,60
1146,CALL_SITE,run_pipeline::bb132::call103,orchestration/src/main.rs,468,60
1147,BASIC_BLOCK,run_pipeline::bb133,orchestration/src/main.rs,467,22
1148,CALL_SITE,run_pipeline::bb133::call104,orchestration/src/main.rs,467,22
1149,BASIC_BLOCK,run_pipeline::bb134,orchestration/src/main.rs,468,5
1150,CALL_SITE,run_pipeline::bb134::call105,orchestration/src/main.rs,468,5
1151,BASIC_BLOCK,run_pipeline::bb135,orchestration/src/main.rs,468,5
1152,CALL_SITE,run_pipeline::bb135::call106,orchestration/src/main.rs,468,5
1153,BASIC_BLOCK,run_pipeline::bb136,orchestration/src/main.rs,468,5
1154,CALL_SITE,run_pipeline::bb136::call107,orchestration/src/main.rs,468,5
1155,BASIC_BLOCK,run_pipeline::bb137,orchestration/src/main.rs,468,5
1156,BASIC_BLOCK,run_pipeline::bb138,orchestration/src/main.rs,469,50
1157,CALL_SITE,run_pipeline::bb138::call108,orchestration/src/main.rs,469,50
1158,BASIC_BLOCK,run_pipeline::bb139,orchestration/src/main.rs,468,5
1159,CALL_SITE,run_pipeline::bb139::call109,orchestration/src/main.rs,468,5
1160,BASIC_BLOCK,run_pipeline::bb14,orchestration/src/main.rs,409,5
1161,BASIC_BLOCK,run_pipeline::bb140,orchestration/src/main.rs,469,29
1162,CALL_SITE,run_pipeline::bb140::call110,orchestration/src/main.rs,469,29
1163,BASIC_BLOCK,run_pipeline::bb141,orchestration/src/main.rs,469,43
1164,CALL_SITE,run_pipeline::bb141::call111,orchestration/src/main.rs,469,43
1165,BASIC_BLOCK,run_pipeline::bb142,/home/cicero-arch-omen/.rustup/toolchains/nightly-x86_64-unknown-linux-gnu/lib/rustlib/src/rust/library/std/src/macros.rs,143,28
1166,CALL_SITE,run_pipeline::bb142::call112,/home/cicero-arch-omen/.rustup/toolchains/nightly-x86_64-unknown-linux-gnu/lib/rustlib/src/rust/library/std/src/macros.rs,143,28
1167,BASIC_BLOCK,run_pipeline::bb143,/home/cicero-arch-omen/.rustup/toolchains/nightly-x86_64-unknown-linux-gnu/lib/rustlib/src/rust/library/std/src/macros.rs,143,9
1168,CALL_SITE,run_pipeline::bb143::call113,/home/cicero-arch-omen/.rustup/toolchains/nightly-x86_64-unknown-linux-gnu/lib/rustlib/src/rust/library/std/src/macros.rs,143,9
1169,BASIC_BLOCK,run_pipeline::bb144,orchestration/src/main.rs,472,12
1170,BASIC_BLOCK,run_pipeline::bb145,orchestration/src/main.rs,473,9
1171,CALL_SITE,run_pipeline::bb145::call114,orchestration/src/main.rs,473,9
1172,BASIC_BLOCK,run_pipeline::bb146,orchestration/src/main.rs,473,9
1173,CALL_SITE,run_pipeline::bb146::call115,orchestration/src/main.rs,473,9
1174,BASIC_BLOCK,run_pipeline::bb147,orchestration/src/main.rs,473,9
1175,BASIC_BLOCK,run_pipeline::bb148,orchestration/src/main.rs,474,74
1176,CALL_SITE,run_pipeline::bb148::call116,orchestration/src/main.rs,474,74
1177,BASIC_BLOCK,run_pipeline::bb149,orchestration/src/main.rs,473,9
1178,CALL_SITE,run_pipeline::bb149::call117,orchestration/src/main.rs,473,9
1179,CALL_SITE,run_pipeline::bb14::call11,orchestration/src/main.rs,409,5
1180,BASIC_BLOCK,run_pipeline::bb15,orchestration/src/main.rs,408,33
1181,BASIC_BLOCK,run_pipeline::bb150,orchestration/src/main.rs,474,25
1182,CALL_SITE,run_pipeline::bb150::call118,orchestration/src/main.rs,474,25
1183,BASIC_BLOCK,run_pipeline::bb151,orchestration/src/main.rs,474,16
1184,BASIC_BLOCK,run_pipeline::bb152,orchestration/src/main.rs,475,72
1185,CALL_SITE,run_pipeline::bb152::call119,orchestration/src/main.rs,475,72
1186,BASIC_BLOCK,run_pipeline::bb153,/home/cicero-arch-omen/.rustup/toolchains/nightly-x86_64-unknown-linux-gnu/lib/rustlib/src/rust/library/std/src/macros.rs,221,29
1187,CALL_SITE,run_pipeline::bb153::call120,/home/cicero-arch-omen/.rustup/toolchains/nightly-x86_64-unknown-linux-gnu/lib/rustlib/src/rust/library/std/src/macros.rs,221,29
1188,BASIC_BLOCK,run_pipeline::bb154,/home/cicero-arch-omen/.rustup/toolchains/nightly-x86_64-unknown-linux-gnu/lib/rustlib/src/rust/library/std/src/macros.rs,221,9
1189,CALL_SITE,run_pipeline::bb154::call121,/home/cicero-arch-omen/.rustup/toolchains/nightly-x86_64-unknown-linux-gnu/lib/rustlib/src/rust/library/std/src/macros.rs,221,9
1190,BASIC_BLOCK,run_pipeline::bb155,orchestration/src/main.rs,476,9
1191,BASIC_BLOCK,run_pipeline::bb156,orchestration/src/main.rs,477,63
1192,CALL_SITE,run_pipeline::bb156::call122,orchestration/src/main.rs,477,63
1193,BASIC_BLOCK,run_pipeline::bb157,orchestration/src/main.rs,477,56
1194,CALL_SITE,run_pipeline::bb157::call123,orchestration/src/main.rs,477,56
1195,BASIC_BLOCK,run_pipeline::bb158,/home/cicero-arch-omen/.rustup/toolchains/nightly-x86_64-unknown-linux-gnu/lib/rustlib/src/rust/library/std/src/macros.rs,143,28
1196,CALL_SITE,run_pipeline::bb158::call124,/home/cicero-arch-omen/.rustup/toolchains/nightly-x86_64-unknown-linux-gnu/lib/rustlib/src/rust/library/std/src/macros.rs,143,28
1197,BASIC_BLOCK,run_pipeline::bb159,/home/cicero-arch-omen/.rustup/toolchains/nightly-x86_64-unknown-linux-gnu/lib/rustlib/src/rust/library/std/src/macros.rs,143,9
1198,CALL_SITE,run_pipeline::bb159::call125,/home/cicero-arch-omen/.rustup/toolchains/nightly-x86_64-unknown-linux-gnu/lib/rustlib/src/rust/library/std/src/macros.rs,143,9
1199,CALL_SITE,run_pipeline::bb15::call12,orchestration/src/main.rs,408,33
1200,BASIC_BLOCK,run_pipeline::bb16,orchestration/src/main.rs,410,35
1201,BASIC_BLOCK,run_pipeline::bb160,/home/cicero-arch-omen/.rustup/toolchains/nightly-x86_64-unknown-linux-gnu/lib/rustlib/src/rust/library/std/src/macros.rs,143,62
1202,BASIC_BLOCK,run_pipeline::bb161,/home/cicero-arch-omen/.rustup/toolchains/nightly-x86_64-unknown-linux-gnu/lib/rustlib/src/rust/library/std/src/macros.rs,143,28
1203,CALL_SITE,run_pipeline::bb161::call126,/home/cicero-arch-omen/.rustup/toolchains/nightly-x86_64-unknown-linux-gnu/lib/rustlib/src/rust/library/std/src/macros.rs,143,28
1204,BASIC_BLOCK,run_pipeline::bb162,/home/cicero-arch-omen/.rustup/toolchains/nightly-x86_64-unknown-linux-gnu/lib/rustlib/src/rust/library/std/src/macros.rs,143,9
1205,CALL_SITE,run_pipeline::bb162::call127,/home/cicero-arch-omen/.rustup/toolchains/nightly-x86_64-unknown-linux-gnu/lib/rustlib/src/rust/library/std/src/macros.rs,143,9
1206,BASIC_BLOCK,run_pipeline::bb163,orchestration/src/main.rs,482,42
1207,CALL_SITE,run_pipeline::bb163::call128,orchestration/src/main.rs,482,42
1208,BASIC_BLOCK,run_pipeline::bb164,orchestration/src/main.rs,482,11
1209,CALL_SITE,run_pipeline::bb164::call129,orchestration/src/main.rs,482,11
1210,BASIC_BLOCK,run_pipeline::bb165,orchestration/src/main.rs,482,11
1211,CALL_SITE,run_pipeline::bb165::call130,orchestration/src/main.rs,482,11
1212,BASIC_BLOCK,run_pipeline::bb166,orchestration/src/main.rs,482,11
1213,CALL_SITE,run_pipeline::bb166::call131,orchestration/src/main.rs,482,11
1214,BASIC_BLOCK,run_pipeline::bb167,orchestration/src/main.rs,482,11
1215,BASIC_BLOCK,run_pipeline::bb168,orchestration/src/main.rs,482,5
1216,BASIC_BLOCK,run_pipeline::bb169,orchestration/src/main.rs,482,11
1217,CALL_SITE,run_pipeline::bb169::call132,orchestration/src/main.rs,482,11
1218,CALL_SITE,run_pipeline::bb16::call13,orchestration/src/main.rs,410,35
1219,BASIC_BLOCK,run_pipeline::bb17,orchestration/src/main.rs,410,30
1220,BASIC_BLOCK,run_pipeline::bb170,/home/cicero-arch-omen/.rustup/toolchains/nightly-x86_64-unknown-linux-gnu/lib/rustlib/src/rust/library/std/src/macros.rs,143,28
1221,CALL_SITE,run_pipeline::bb170::call133,/home/cicero-arch-omen/.rustup/toolchains/nightly-x86_64-unknown-linux-gnu/lib/rustlib/src/rust/library/std/src/macros.rs,143,28
1222,BASIC_BLOCK,run_pipeline::bb171,orchestration/src/main.rs,484,13
1223,CALL_SITE,run_pipeline::bb171::call134,orchestration/src/main.rs,484,13
1224,BASIC_BLOCK,run_pipeline::bb172,orchestration/src/main.rs,485,29
1225,CALL_SITE,run_pipeline::bb172::call135,orchestration/src/main.rs,485,29
1226,BASIC_BLOCK,run_pipeline::bb173,orchestration/src/main.rs,485,29
1227,CALL_SITE,run_pipeline::bb173::call136,orchestration/src/main.rs,485,29
1228,BASIC_BLOCK,run_pipeline::bb174,orchestration/src/main.rs,486,40
1229,CALL_SITE,run_pipeline::bb174::call137,orchestration/src/main.rs,486,40
1230,BASIC_BLOCK,run_pipeline::bb175,orchestration/src/main.rs,486,40
1231,CALL_SITE,run_pipeline::bb175::call138,orchestration/src/main.rs,486,40
1232,BASIC_BLOCK,run_pipeline::bb176,orchestration/src/main.rs,486,40
1233,CALL_SITE,run_pipeline::bb176::call139,orchestration/src/main.rs,486,40
1234,BASIC_BLOCK,run_pipeline::bb177,orchestration/src/main.rs,486,40
1235,BASIC_BLOCK,run_pipeline::bb178,orchestration/src/main.rs,486,13
1236,CALL_SITE,run_pipeline::bb178::call140,orchestration/src/main.rs,486,13
1237,BASIC_BLOCK,run_pipeline::bb179,orchestration/src/main.rs,486,40
1238,CALL_SITE,run_pipeline::bb179::call141,orchestration/src/main.rs,486,40
1239,CALL_SITE,run_pipeline::bb17::call14,orchestration/src/main.rs,410,30
1240,BASIC_BLOCK,run_pipeline::bb18,/home/cicero-arch-omen/.rustup/toolchains/nightly-x86_64-unknown-linux-gnu/lib/rustlib/src/rust/library/std/src/macros.rs,143,28
1241,BASIC_BLOCK,run_pipeline::bb180,orchestration/src/main.rs,486,13
1242,CALL_SITE,run_pipeline::bb180::call142,orchestration/src/main.rs,486,13
1243,BASIC_BLOCK,run_pipeline::bb181,orchestration/src/main.rs,486,13
1244,CALL_SITE,run_pipeline::bb181::call143,orchestration/src/main.rs,486,13
1245,BASIC_BLOCK,run_pipeline::bb182,orchestration/src/main.rs,486,13
1246,BASIC_BLOCK,run_pipeline::bb183,orchestration/src/main.rs,487,62
1247,CALL_SITE,run_pipeline::bb183::call144,orchestration/src/main.rs,487,62
1248,BASIC_BLOCK,run_pipeline::bb184,orchestration/src/main.rs,486,13
1249,CALL_SITE,run_pipeline::bb184::call145,orchestration/src/main.rs,486,13
1250,BASIC_BLOCK,run_pipeline::bb185,/home/cicero-arch-omen/.rustup/toolchains/nightly-x86_64-unknown-linux-gnu/lib/rustlib/src/rust/library/std/src/macros.rs,143,28
1251,CALL_SITE,run_pipeline::bb185::call146,/home/cicero-arch-omen/.rustup/toolchains/nightly-x86_64-unknown-linux-gnu/lib/rustlib/src/rust/library/std/src/macros.rs,143,28
1252,BASIC_BLOCK,run_pipeline::bb186,/home/cicero-arch-omen/.rustup/toolchains/nightly-x86_64-unknown-linux-gnu/lib/rustlib/src/rust/library/std/src/macros.rs,143,9
1253,CALL_SITE,run_pipeline::bb186::call147,/home/cicero-arch-omen/.rustup/toolchains/nightly-x86_64-unknown-linux-gnu/lib/rustlib/src/rust/library/std/src/macros.rs,143,9
1254,BASIC_BLOCK,run_pipeline::bb187,orchestration/src/main.rs,488,9
1255,BASIC_BLOCK,run_pipeline::bb188,orchestration/src/main.rs,488,9
1256,BASIC_BLOCK,run_pipeline::bb189,/home/cicero-arch-omen/.rustup/toolchains/nightly-x86_64-unknown-linux-gnu/lib/rustlib/src/rust/library/std/src/macros.rs,143,9
1257,CALL_SITE,run_pipeline::bb189::call148,/home/cicero-arch-omen/.rustup/toolchains/nightly-x86_64-unknown-linux-gnu/lib/rustlib/src/rust/library/std/src/macros.rs,143,9
1258,CALL_SITE,run_pipeline::bb18::call15,/home/cicero-arch-omen/.rustup/toolchains/nightly-x86_64-unknown-linux-gnu/lib/rustlib/src/rust/library/std/src/macros.rs,143,28
1259,BASIC_BLOCK,run_pipeline::bb19,/home/cicero-arch-omen/.rustup/toolchains/nightly-x86_64-unknown-linux-gnu/lib/rustlib/src/rust/library/std/src/macros.rs,143,9
1260,BASIC_BLOCK,run_pipeline::bb190,/home/cicero-arch-omen/.rustup/toolchains/nightly-x86_64-unknown-linux-gnu/lib/rustlib/src/rust/library/std/src/macros.rs,143,9
1261,CALL_SITE,run_pipeline::bb190::call149,/home/cicero-arch-omen/.rustup/toolchains/nightly-x86_64-unknown-linux-gnu/lib/rustlib/src/rust/library/std/src/macros.rs,143,9
1262,BASIC_BLOCK,run_pipeline::bb191,orchestration/src/main.rs,493,47
1263,CALL_SITE,run_pipeline::bb191::call150,orchestration/src/main.rs,493,47
1264,BASIC_BLOCK,run_pipeline::bb192,orchestration/src/main.rs,493,24
1265,CALL_SITE,run_pipeline::bb192::call151,orchestration/src/main.rs,493,24
1266,BASIC_BLOCK,run_pipeline::bb193,orchestration/src/main.rs,493,24
1267,CALL_SITE,run_pipeline::bb193::call152,orchestration/src/main.rs,493,24
1268,BASIC_BLOCK,run_pipeline::bb194,orchestration/src/main.rs,493,24
1269,CALL_SITE,run_pipeline::bb194::call153,orchestration/src/main.rs,493,24
1270,BASIC_BLOCK,run_pipeline::bb195,orchestration/src/main.rs,493,24
1271,BASIC_BLOCK,run_pipeline::bb196,orchestration/src/main.rs,498,23
1272,CALL_SITE,run_pipeline::bb196::call154,orchestration/src/main.rs,498,23
1273,BASIC_BLOCK,run_pipeline::bb197,orchestration/src/main.rs,493,24
1274,CALL_SITE,run_pipeline::bb197::call155,orchestration/src/main.rs,493,24
1275,BASIC_BLOCK,run_pipeline::bb198,orchestration/src/main.rs,499,13
1276,CALL_SITE,run_pipeline::bb198::call156,orchestration/src/main.rs,499,13
1277,BASIC_BLOCK,run_pipeline::bb199,orchestration/src/main.rs,499,13
1278,CALL_SITE,run_pipeline::bb19::call16,/home/cicero-arch-omen/.rustup/toolchains/nightly-x86_64-unknown-linux-gnu/lib/rustlib/src/rust/library/std/src/macros.rs,143,9
1279,CALL_SITE,run_pipeline::bb1::call1,/home/cicero-arch-omen/.rustup/toolchains/nightly-x86_64-unknown-linux-gnu/lib/rustlib/src/rust/library/std/src/macros.rs,143,28
1280,BASIC_BLOCK,run_pipeline::bb2,/home/cicero-arch-omen/.rustup/toolchains/nightly-x86_64-unknown-linux-gnu/lib/rustlib/src/rust/library/std/src/macros.rs,143,9
1281,BASIC_BLOCK,run_pipeline::bb20,orchestration/src/main.rs,412,12
1282,BASIC_BLOCK,run_pipeline::bb200,orchestration/src/main.rs,500,48
1283,CALL_SITE,run_pipeline::bb200::call157,orchestration/src/main.rs,500,48
1284,BASIC_BLOCK,run_pipeline::bb201,/home/cicero-arch-omen/.rustup/toolchains/nightly-x86_64-unknown-linux-gnu/lib/rustlib/src/rust/library/std/src/macros.rs,143,28
1285,CALL_SITE,run_pipeline::bb201::call158,/home/cicero-arch-omen/.rustup/toolchains/nightly-x86_64-unknown-linux-gnu/lib/rustlib/src/rust/library/std/src/macros.rs,143,28
1286,BASIC_BLOCK,run_pipeline::bb202,/home/cicero-arch-omen/.rustup/toolchains/nightly-x86_64-unknown-linux-gnu/lib/rustlib/src/rust/library/std/src/macros.rs,143,9
1287,CALL_SITE,run_pipeline::bb202::call159,/home/cicero-arch-omen/.rustup/toolchains/nightly-x86_64-unknown-linux-gnu/lib/rustlib/src/rust/library/std/src/macros.rs,143,9
1288,BASIC_BLOCK,run_pipeline::bb203,orchestration/src/main.rs,502,5
1289,BASIC_BLOCK,run_pipeline::bb204,/home/cicero-arch-omen/.rustup/toolchains/nightly-x86_64-unknown-linux-gnu/lib/rustlib/src/rust/library/std/src/macros.rs,143,28
1290,CALL_SITE,run_pipeline::bb204::call160,/home/cicero-arch-omen/.rustup/toolchains/nightly-x86_64-unknown-linux-gnu/lib/rustlib/src/rust/library/std/src/macros.rs,143,28
1291,BASIC_BLOCK,run_pipeline::bb205,/home/cicero-arch-omen/.rustup/toolchains/nightly-x86_64-unknown-linux-gnu/lib/rustlib/src/rust/library/std/src/macros.rs,143,9
1292,CALL_SITE,run_pipeline::bb205::call161,/home/cicero-arch-omen/.rustup/toolchains/nightly-x86_64-unknown-linux-gnu/lib/rustlib/src/rust/library/std/src/macros.rs,143,9
1293,BASIC_BLOCK,run_pipeline::bb206,orchestration/src/main.rs,508,26
1294,CALL_SITE,run_pipeline::bb206::call162,orchestration/src/main.rs,508,26
1295,BASIC_BLOCK,run_pipeline::bb207,/home/cicero-arch-omen/.rustup/toolchains/nightly-x86_64-unknown-linux-gnu/lib/rustlib/src/rust/library/std/src/macros.rs,143,28
1296,CALL_SITE,run_pipeline::bb207::call163,/home/cicero-arch-omen/.rustup/toolchains/nightly-x86_64-unknown-linux-gnu/lib/rustlib/src/rust/library/std/src/macros.rs,143,28
1297,BASIC_BLOCK,run_pipeline::bb208,/home/cicero-arch-omen/.rustup/toolchains/nightly-x86_64-unknown-linux-gnu/lib/rustlib/src/rust/library/std/src/macros.rs,143,9
1298,CALL_SITE,run_pipeline::bb208::call164,/home/cicero-arch-omen/.rustup/toolchains/nightly-x86_64-unknown-linux-gnu/lib/rustlib/src/rust/library/std/src/macros.rs,143,9
1299,BASIC_BLOCK,run_pipeline::bb209,orchestration/src/main.rs,509,35
1300,CALL_SITE,run_pipeline::bb209::call165,orchestration/src/main.rs,509,35
1301,BASIC_BLOCK,run_pipeline::bb21,orchestration/src/main.rs,413,22
1302,BASIC_BLOCK,run_pipeline::bb210,orchestration/src/main.rs,509,30
1303,CALL_SITE,run_pipeline::bb210::call166,orchestration/src/main.rs,509,30
1304,BASIC_BLOCK,run_pipeline::bb211,/home/cicero-arch-omen/.rustup/toolchains/nightly-x86_64-unknown-linux-gnu/lib/rustlib/src/rust/library/std/src/macros.rs,143,28
1305,CALL_SITE,run_pipeline::bb211::call167,/home/cicero-arch-omen/.rustup/toolchains/nightly-x86_64-unknown-linux-gnu/lib/rustlib/src/rust/library/std/src/macros.rs,143,28
1306,BASIC_BLOCK,run_pipeline::bb212,/home/cicero-arch-omen/.rustup/toolchains/nightly-x86_64-unknown-linux-gnu/lib/rustlib/src/rust/library/std/src/macros.rs,143,9
1307,CALL_SITE,run_pipeline::bb212::call168,/home/cicero-arch-omen/.rustup/toolchains/nightly-x86_64-unknown-linux-gnu/lib/rustlib/src/rust/library/std/src/macros.rs,143,9
1308,BASIC_BLOCK,run_pipeline::bb213,orchestration/src/main.rs,510,37
1309,CALL_SITE,run_pipeline::bb213::call169,orchestration/src/main.rs,510,37
1310,BASIC_BLOCK,run_pipeline::bb214,orchestration/src/main.rs,510,32
1311,CALL_SITE,run_pipeline::bb214::call170,orchestration/src/main.rs,510,32
1312,BASIC_BLOCK,run_pipeline::bb215,/home/cicero-arch-omen/.rustup/toolchains/nightly-x86_64-unknown-linux-gnu/lib/rustlib/src/rust/library/std/src/macros.rs,143,28
1313,CALL_SITE,run_pipeline::bb215::call171,/home/cicero-arch-omen/.rustup/toolchains/nightly-x86_64-unknown-linux-gnu/lib/rustlib/src/rust/library/std/src/macros.rs,143,28
1314,BASIC_BLOCK,run_pipeline::bb216,/home/cicero-arch-omen/.rustup/toolchains/nightly-x86_64-unknown-linux-gnu/lib/rustlib/src/rust/library/std/src/macros.rs,143,9
1315,CALL_SITE,run_pipeline::bb216::call172,/home/cicero-arch-omen/.rustup/toolchains/nightly-x86_64-unknown-linux-gnu/lib/rustlib/src/rust/library/std/src/macros.rs,143,9
1316,BASIC_BLOCK,run_pipeline::bb217,orchestration/src/main.rs,512,9
1317,CALL_SITE,run_pipeline::bb217::call173,orchestration/src/main.rs,512,9
1318,BASIC_BLOCK,run_pipeline::bb218,orchestration/src/main.rs,512,9
1319,BASIC_BLOCK,run_pipeline::bb219,/home/cicero-arch-omen/.rustup/toolchains/nightly-x86_64-unknown-linux-gnu/lib/rustlib/src/rust/library/std/src/macros.rs,143,28
1320,CALL_SITE,run_pipeline::bb219::call174,/home/cicero-arch-omen/.rustup/toolchains/nightly-x86_64-unknown-linux-gnu/lib/rustlib/src/rust/library/std/src/macros.rs,143,28
1321,CALL_SITE,run_pipeline::bb21::call17,orchestration/src/main.rs,413,22
1322,BASIC_BLOCK,run_pipeline::bb22,orchestration/src/main.rs,414,48
1323,BASIC_BLOCK,run_pipeline::bb220,/home/cicero-arch-omen/.rustup/toolchains/nightly-x86_64-unknown-linux-gnu/lib/rustlib/src/rust/library/std/src/macros.rs,143,9
1324,CALL_SITE,run_pipeline::bb220::call175,/home/cicero-arch-omen/.rustup/toolchains/nightly-x86_64-unknown-linux-gnu/lib/rustlib/src/rust/library/std/src/macros.rs,143,9
1325,BASIC_BLOCK,run_pipeline::bb221,orchestration/src/main.rs,514,32
1326,CALL_SITE,run_pipeline::bb221::call176,orchestration/src/main.rs,514,32
1327,BASIC_BLOCK,run_pipeline::bb222,orchestration/src/main.rs,514,32
1328,CALL_SITE,run_pipeline::bb222::call177,orchestration/src/main.rs,514,32
1329,BASIC_BLOCK,run_pipeline::bb223,orchestration/src/main.rs,515,9
1330,CALL_SITE,run_pipeline::bb223::call178,orchestration/src/main.rs,515,9
1331,BASIC_BLOCK,run_pipeline::bb224,orchestration/src/main.rs,515,9
1332,CALL_SITE,run_pipeline::bb224::call179,orchestration/src/main.rs,515,9
1333,BASIC_BLOCK,run_pipeline::bb225,orchestration/src/main.rs,516,30
1334,CALL_SITE,run_pipeline::bb225::call180,orchestration/src/main.rs,516,30
1335,BASIC_BLOCK,run_pipeline::bb226,orchestration/src/main.rs,516,9
1336,BASIC_BLOCK,run_pipeline::bb227,orchestration/src/main.rs,516,30
1337,CALL_SITE,run_pipeline::bb227::call181,orchestration/src/main.rs,516,30
1338,BASIC_BLOCK,run_pipeline::bb228,orchestration/src/main.rs,516,30
1339,BASIC_BLOCK,run_pipeline::bb229,orchestration/src/main.rs,517,27
1340,CALL_SITE,run_pipeline::bb229::call182,orchestration/src/main.rs,517,27
1341,CALL_SITE,run_pipeline::bb22::call18,orchestration/src/main.rs,414,48
1342,BASIC_BLOCK,run_pipeline::bb23,orchestration/src/main.rs,414,31
1343,BASIC_BLOCK,run_pipeline::bb230,orchestration/src/main.rs,518,9
1344,BASIC_BLOCK,run_pipeline::bb231,orchestration/src/main.rs,517,31
1345,CALL_SITE,run_pipeline::bb231::call183,orchestration/src/main.rs,517,31
1346,BASIC_BLOCK,run_pipeline::bb232,/home/cicero-arch-omen/.rustup/toolchains/nightly-x86_64-unknown-linux-gnu/lib/rustlib/src/rust/library/std/src/macros.rs,143,28
1347,CALL_SITE,run_pipeline::bb232::call184,/home/cicero-arch-omen/.rustup/toolchains/nightly-x86_64-unknown-linux-gnu/lib/rustlib/src/rust/library/std/src/macros.rs,143,28
1348,BASIC_BLOCK,run_pipeline::bb233,/home/cicero-arch-omen/.rustup/toolchains/nightly-x86_64-unknown-linux-gnu/lib/rustlib/src/rust/library/std/src/macros.rs,143,9
1349,CALL_SITE,run_pipeline::bb233::call185,/home/cicero-arch-omen/.rustup/toolchains/nightly-x86_64-unknown-linux-gnu/lib/rustlib/src/rust/library/std/src/macros.rs,143,9
1350,BASIC_BLOCK,run_pipeline::bb234,orchestration/src/main.rs,512,5
1351,BASIC_BLOCK,run_pipeline::bb235,orchestration/src/main.rs,521,9
1352,CALL_SITE,run_pipeline::bb235::call186,orchestration/src/main.rs,521,9
1353,BASIC_BLOCK,run_pipeline::bb236,orchestration/src/main.rs,521,9
1354,BASIC_BLOCK,run_pipeline::bb237,/home/cicero-arch-omen/.rustup/toolchains/nightly-x86_64-unknown-linux-gnu/lib/rustlib/src/rust/library/std/src/macros.rs,143,28
1355,CALL_SITE,run_pipeline::bb237::call187,/home/cicero-arch-omen/.rustup/toolchains/nightly-x86_64-unknown-linux-gnu/lib/rustlib/src/rust/library/std/src/macros.rs,143,28
1356,BASIC_BLOCK,run_pipeline::bb238,/home/cicero-arch-omen/.rustup/toolchains/nightly-x86_64-unknown-linux-gnu/lib/rustlib/src/rust/library/std/src/macros.rs,143,9
1357,CALL_SITE,run_pipeline::bb238::call188,/home/cicero-arch-omen/.rustup/toolchains/nightly-x86_64-unknown-linux-gnu/lib/rustlib/src/rust/library/std/src/macros.rs,143,9
1358,BASIC_BLOCK,run_pipeline::bb239,orchestration/src/main.rs,523,33
1359,CALL_SITE,run_pipeline::bb239::call189,orchestration/src/main.rs,523,33
1360,CALL_SITE,run_pipeline::bb23::call19,orchestration/src/main.rs,414,31
1361,BASIC_BLOCK,run_pipeline::bb24,/home/cicero-arch-omen/.rustup/toolchains/nightly-x86_64-unknown-linux-gnu/lib/rustlib/src/rust/library/std/src/macros.rs,143,28
1362,BASIC_BLOCK,run_pipeline::bb240,orchestration/src/main.rs,523,33
1363,CALL_SITE,run_pipeline::bb240::call190,orchestration/src/main.rs,523,33
1364,BASIC_BLOCK,run_pipeline::bb241,orchestration/src/main.rs,524,9
1365,CALL_SITE,run_pipeline::bb241::call191,orchestration/src/main.rs,524,9
1366,BASIC_BLOCK,run_pipeline::bb242,orchestration/src/main.rs,524,9
1367,CALL_SITE,run_pipeline::bb242::call192,orchestration/src/main.rs,524,9
1368,BASIC_BLOCK,run_pipeline::bb243,orchestration/src/main.rs,525,30
1369,CALL_SITE,run_pipeline::bb243::call193,orchestration/src/main.rs,525,30
1370,BASIC_BLOCK,run_pipeline::bb244,orchestration/src/main.rs,525,9
1371,BASIC_BLOCK,run_pipeline::bb245,orchestration/src/main.rs,525,30
1372,CALL_SITE,run_pipeline::bb245::call194,orchestration/src/main.rs,525,30
1373,BASIC_BLOCK,run_pipeline::bb246,orchestration/src/main.rs,525,30
1374,BASIC_BLOCK,run_pipeline::bb247,orchestration/src/main.rs,526,27
1375,CALL_SITE,run_pipeline::bb247::call195,orchestration/src/main.rs,526,27
1376,BASIC_BLOCK,run_pipeline::bb248,orchestration/src/main.rs,527,9
1377,BASIC_BLOCK,run_pipeline::bb249,orchestration/src/main.rs,526,31
1378,CALL_SITE,run_pipeline::bb249::call196,orchestration/src/main.rs,526,31
1379,CALL_SITE,run_pipeline::bb24::call20,/home/cicero-arch-omen/.rustup/toolchains/nightly-x86_64-unknown-linux-gnu/lib/rustlib/src/rust/library/std/src/macros.rs,143,28
1380,BASIC_BLOCK,run_pipeline::bb25,/home/cicero-arch-omen/.rustup/toolchains/nightly-x86_64-unknown-linux-gnu/lib/rustlib/src/rust/library/std/src/macros.rs,143,9
1381,BASIC_BLOCK,run_pipeline::bb250,/home/cicero-arch-omen/.rustup/toolchains/nightly-x86_64-unknown-linux-gnu/lib/rustlib/src/rust/library/std/src/macros.rs,143,28
1382,CALL_SITE,run_pipeline::bb250::call197,/home/cicero-arch-omen/.rustup/toolchains/nightly-x86_64-unknown-linux-gnu/lib/rustlib/src/rust/library/std/src/macros.rs,143,28
1383,BASIC_BLOCK,run_pipeline::bb251,/home/cicero-arch-omen/.rustup/toolchains/nightly-x86_64-unknown-linux-gnu/lib/rustlib/src/rust/library/std/src/macros.rs,143,9
1384,CALL_SITE,run_pipeline::bb251::call198,/home/cicero-arch-omen/.rustup/toolchains/nightly-x86_64-unknown-linux-gnu/lib/rustlib/src/rust/library/std/src/macros.rs,143,9
1385,BASIC_BLOCK,run_pipeline::bb252,orchestration/src/main.rs,521,5
1386,BASIC_BLOCK,run_pipeline::bb253,orchestration/src/main.rs,530,19
1387,CALL_SITE,run_pipeline::bb253::call199,orchestration/src/main.rs,530,19
1388,BASIC_BLOCK,run_pipeline::bb254,orchestration/src/main.rs,531,9
1389,CALL_SITE,run_pipeline::bb254::call200,orchestration/src/main.rs,531,9
1390,BASIC_BLOCK,run_pipeline::bb255,orchestration/src/main.rs,531,9
1391,BASIC_BLOCK,run_pipeline::bb256,/home/cicero-arch-omen/.rustup/toolchains/nightly-x86_64-unknown-linux-gnu/lib/rustlib/src/rust/library/std/src/macros.rs,143,28
1392,CALL_SITE,run_pipeline::bb256::call201,/home/cicero-arch-omen/.rustup/toolchains/nightly-x86_64-unknown-linux-gnu/lib/rustlib/src/rust/library/std/src/macros.rs,143,28
1393,BASIC_BLOCK,run_pipeline::bb257,/home/cicero-arch-omen/.rustup/toolchains/nightly-x86_64-unknown-linux-gnu/lib/rustlib/src/rust/library/std/src/macros.rs,143,9
1394,CALL_SITE,run_pipeline::bb257::call202,/home/cicero-arch-omen/.rustup/toolchains/nightly-x86_64-unknown-linux-gnu/lib/rustlib/src/rust/library/std/src/macros.rs,143,9
1395,BASIC_BLOCK,run_pipeline::bb258,orchestration/src/main.rs,533,18
1396,CALL_SITE,run_pipeline::bb258::call203,orchestration/src/main.rs,533,18
1397,BASIC_BLOCK,run_pipeline::bb259,orchestration/src/main.rs,533,9
1398,CALL_SITE,run_pipeline::bb25::call21,/home/cicero-arch-omen/.rustup/toolchains/nightly-x86_64-unknown-linux-gnu/lib/rustlib/src/rust/library/std/src/macros.rs,143,9
1399,BASIC_BLOCK,run_pipeline::bb26,orchestration/src/main.rs,416,24
1400,BASIC_BLOCK,run_pipeline::bb260,orchestration/src/main.rs,533,18
1401,CALL_SITE,run_pipeline::bb260::call204,orchestration/src/main.rs,533,18
1402,BASIC_BLOCK,run_pipeline::bb261,orchestration/src/main.rs,533,18
1403,BASIC_BLOCK,run_pipeline::bb262,orchestration/src/main.rs,534,25
1404,CALL_SITE,run_pipeline::bb262::call205,orchestration/src/main.rs,534,25
1405,BASIC_BLOCK,run_pipeline::bb263,/home/cicero-arch-omen/.rustup/toolchains/nightly-x86_64-unknown-linux-gnu/lib/rustlib/src/rust/library/std/src/macros.rs,143,28
1406,CALL_SITE,run_pipeline::bb263::call206,/home/cicero-arch-omen/.rustup/toolchains/nightly-x86_64-unknown-linux-gnu/lib/rustlib/src/rust/library/std/src/macros.rs,143,28
1407,BASIC_BLOCK,run_pipeline::bb264,/home/cicero-arch-omen/.rustup/toolchains/nightly-x86_64-unknown-linux-gnu/lib/rustlib/src/rust/library/std/src/macros.rs,143,9
1408,CALL_SITE,run_pipeline::bb264::call207,/home/cicero-arch-omen/.rustup/toolchains/nightly-x86_64-unknown-linux-gnu/lib/rustlib/src/rust/library/std/src/macros.rs,143,9
1409,BASIC_BLOCK,run_pipeline::bb265,orchestration/src/main.rs,537,29
1410,CALL_SITE,run_pipeline::bb265::call208,orchestration/src/main.rs,537,29
1411,BASIC_BLOCK,run_pipeline::bb266,orchestration/src/main.rs,537,29
1412,CALL_SITE,run_pipeline::bb266::call209,orchestration/src/main.rs,537,29
1413,BASIC_BLOCK,run_pipeline::bb267,orchestration/src/main.rs,538,40
1414,CALL_SITE,run_pipeline::bb267::call210,orchestration/src/main.rs,538,40
1415,BASIC_BLOCK,run_pipeline::bb268,orchestration/src/main.rs,538,40
1416,CALL_SITE,run_pipeline::bb268::call211,orchestration/src/main.rs,538,40
1417,BASIC_BLOCK,run_pipeline::bb269,orchestration/src/main.rs,538,40
1418,CALL_SITE,run_pipeline::bb269::call212,orchestration/src/main.rs,538,40
1419,CALL_SITE,run_pipeline::bb26::call22,orchestration/src/main.rs,416,24
1420,BASIC_BLOCK,run_pipeline::bb27,orchestration/src/main.rs,416,24
1421,BASIC_BLOCK,run_pipeline::bb270,orchestration/src/main.rs,538,40
1422,BASIC_BLOCK,run_pipeline::bb271,orchestration/src/main.rs,538,5
1423,CALL_SITE,run_pipeline::bb271::call213,orchestration/src/main.rs,538,5
1424,BASIC_BLOCK,run_pipeline::bb272,orchestration/src/main.rs,538,40
1425,CALL_SITE,run_pipeline::bb272::call214,orchestration/src/main.rs,538,40
1426,BASIC_BLOCK,run_pipeline::bb273,orchestration/src/main.rs,538,5
1427,CALL_SITE,run_pipeline::bb273::call215,orchestration/src/main.rs,538,5
1428,BASIC_BLOCK,run_pipeline::bb274,orchestration/src/main.rs,538,5
1429,CALL_SITE,run_pipeline::bb274::call216,orchestration/src/main.rs,538,5
1430,BASIC_BLOCK,run_pipeline::bb275,orchestration/src/main.rs,538,5
1431,BASIC_BLOCK,run_pipeline::bb276,orchestration/src/main.rs,539,39
1432,CALL_SITE,run_pipeline::bb276::call217,orchestration/src/main.rs,539,39
1433,BASIC_BLOCK,run_pipeline::bb277,orchestration/src/main.rs,538,5
1434,CALL_SITE,run_pipeline::bb277::call218,orchestration/src/main.rs,538,5
1435,BASIC_BLOCK,run_pipeline::bb278,/home/cicero-arch-omen/.rustup/toolchains/nightly-x86_64-unknown-linux-gnu/lib/rustlib/src/rust/library/std/src/macros.rs,143,28
1436,CALL_SITE,run_pipeline::bb278::call219,/home/cicero-arch-omen/.rustup/toolchains/nightly-x86_64-unknown-linux-gnu/lib/rustlib/src/rust/library/std/src/macros.rs,143,28
1437,BASIC_BLOCK,run_pipeline::bb279,/home/cicero-arch-omen/.rustup/toolchains/nightly-x86_64-unknown-linux-gnu/lib/rustlib/src/rust/library/std/src/macros.rs,143,9
1438,CALL_SITE,run_pipeline::bb279::call220,/home/cicero-arch-omen/.rustup/toolchains/nightly-x86_64-unknown-linux-gnu/lib/rustlib/src/rust/library/std/src/macros.rs,143,9
1439,CALL_SITE,run_pipeline::bb27::call23,orchestration/src/main.rs,416,24
1440,BASIC_BLOCK,run_pipeline::bb28,orchestration/src/main.rs,416,24
1441,BASIC_BLOCK,run_pipeline::bb280,orchestration/src/main.rs,541,27
1442,CALL_SITE,run_pipeline::bb280::call221,orchestration/src/main.rs,541,27
1443,BASIC_BLOCK,run_pipeline::bb281,orchestration/src/main.rs,541,27
1444,CALL_SITE,run_pipeline::bb281::call222,orchestration/src/main.rs,541,27
1445,BASIC_BLOCK,run_pipeline::bb282,orchestration/src/main.rs,542,5
1446,CALL_SITE,run_pipeline::bb282::call223,orchestration/src/main.rs,542,5
1447,BASIC_BLOCK,run_pipeline::bb283,orchestration/src/main.rs,542,5
1448,CALL_SITE,run_pipeline::bb283::call224,orchestration/src/main.rs,542,5
1449,BASIC_BLOCK,run_pipeline::bb284,orchestration/src/main.rs,542,5
1450,BASIC_BLOCK,run_pipeline::bb285,orchestration/src/main.rs,543,38
1451,CALL_SITE,run_pipeline::bb285::call225,orchestration/src/main.rs,543,38
1452,BASIC_BLOCK,run_pipeline::bb286,orchestration/src/main.rs,542,5
1453,CALL_SITE,run_pipeline::bb286::call226,orchestration/src/main.rs,542,5
1454,BASIC_BLOCK,run_pipeline::bb287,orchestration/src/main.rs,543,38
1455,CALL_SITE,run_pipeline::bb287::call227,orchestration/src/main.rs,543,38
1456,BASIC_BLOCK,run_pipeline::bb288,orchestration/src/main.rs,543,38
1457,CALL_SITE,run_pipeline::bb288::call228,orchestration/src/main.rs,543,38
1458,BASIC_BLOCK,run_pipeline::bb289,orchestration/src/main.rs,543,38
1459,CALL_SITE,run_pipeline::bb28::call24,orchestration/src/main.rs,416,24
1460,BASIC_BLOCK,run_pipeline::bb29,orchestration/src/main.rs,416,24
1461,BASIC_BLOCK,run_pipeline::bb290,orchestration/src/main.rs,543,5
1462,CALL_SITE,run_pipeline::bb290::call229,orchestration/src/main.rs,543,5
1463,BASIC_BLOCK,run_pipeline::bb291,orchestration/src/main.rs,543,38
1464,CALL_SITE,run_pipeline::bb291::call230,orchestration/src/main.rs,543,38
1465,BASIC_BLOCK,run_pipeline::bb292,orchestration/src/main.rs,543,5
1466,CALL_SITE,run_pipeline::bb292::call231,orchestration/src/main.rs,543,5
1467,BASIC_BLOCK,run_pipeline::bb293,orchestration/src/main.rs,543,5
1468,CALL_SITE,run_pipeline::bb293::call232,orchestration/src/main.rs,543,5
1469,BASIC_BLOCK,run_pipeline::bb294,orchestration/src/main.rs,543,5
1470,BASIC_BLOCK,run_pipeline::bb295,orchestration/src/main.rs,544,41
1471,CALL_SITE,run_pipeline::bb295::call233,orchestration/src/main.rs,544,41
1472,BASIC_BLOCK,run_pipeline::bb296,orchestration/src/main.rs,543,5
1473,CALL_SITE,run_pipeline::bb296::call234,orchestration/src/main.rs,543,5
1474,BASIC_BLOCK,run_pipeline::bb297,/home/cicero-arch-omen/.rustup/toolchains/nightly-x86_64-unknown-linux-gnu/lib/rustlib/src/rust/library/std/src/macros.rs,143,28
1475,CALL_SITE,run_pipeline::bb297::call235,/home/cicero-arch-omen/.rustup/toolchains/nightly-x86_64-unknown-linux-gnu/lib/rustlib/src/rust/library/std/src/macros.rs,143,28
1476,BASIC_BLOCK,run_pipeline::bb298,/home/cicero-arch-omen/.rustup/toolchains/nightly-x86_64-unknown-linux-gnu/lib/rustlib/src/rust/library/std/src/macros.rs,143,9
1477,CALL_SITE,run_pipeline::bb298::call236,/home/cicero-arch-omen/.rustup/toolchains/nightly-x86_64-unknown-linux-gnu/lib/rustlib/src/rust/library/std/src/macros.rs,143,9
1478,BASIC_BLOCK,run_pipeline::bb299,/home/cicero-arch-omen/.rustup/toolchains/nightly-x86_64-unknown-linux-gnu/lib/rustlib/src/rust/library/std/src/macros.rs,143,28
1479,CALL_SITE,run_pipeline::bb299::call237,/home/cicero-arch-omen/.rustup/toolchains/nightly-x86_64-unknown-linux-gnu/lib/rustlib/src/rust/library/std/src/macros.rs,143,28
1480,CALL_SITE,run_pipeline::bb2::call2,/home/cicero-arch-omen/.rustup/toolchains/nightly-x86_64-unknown-linux-gnu/lib/rustlib/src/rust/library/std/src/macros.rs,143,9
1481,BASIC_BLOCK,run_pipeline::bb3,orchestration/src/main.rs,407,16
1482,BASIC_BLOCK,run_pipeline::bb30,orchestration/src/main.rs,417,73
1483,BASIC_BLOCK,run_pipeline::bb300,/home/cicero-arch-omen/.rustup/toolchains/nightly-x86_64-unknown-linux-gnu/lib/rustlib/src/rust/library/std/src/macros.rs,143,9
1484,CALL_SITE,run_pipeline::bb300::call238,/home/cicero-arch-omen/.rustup/toolchains/nightly-x86_64-unknown-linux-gnu/lib/rustlib/src/rust/library/std/src/macros.rs,143,9
1485,BASIC_BLOCK,run_pipeline::bb301,orchestration/src/main.rs,548,1
1486,BASIC_BLOCK,run_pipeline::bb302,orchestration/src/main.rs,548,1
1487,BASIC_BLOCK,run_pipeline::bb303,orchestration/src/main.rs,548,1
1488,BASIC_BLOCK,run_pipeline::bb304,orchestration/src/main.rs,548,1
1489,BASIC_BLOCK,run_pipeline::bb305,orchestration/src/main.rs,548,1
1490,BASIC_BLOCK,run_pipeline::bb306,orchestration/src/main.rs,548,1
1491,BASIC_BLOCK,run_pipeline::bb307,orchestration/src/main.rs,548,1
1492,BASIC_BLOCK,run_pipeline::bb308,orchestration/src/main.rs,548,1
1493,BASIC_BLOCK,run_pipeline::bb309,orchestration/src/main.rs,548,1
1494,CALL_SITE,run_pipeline::bb30::call25,orchestration/src/main.rs,417,73
1495,BASIC_BLOCK,run_pipeline::bb31,orchestration/src/main.rs,416,24
1496,BASIC_BLOCK,run_pipeline::bb310,orchestration/src/main.rs,548,1
1497,BASIC_BLOCK,run_pipeline::bb311,orchestration/src/main.rs,548,1
1498,BASIC_BLOCK,run_pipeline::bb312,orchestration/src/main.rs,548,1
1499,BASIC_BLOCK,run_pipeline::bb313,orchestration/src/main.rs,548,1
1500,BASIC_BLOCK,run_pipeline::bb314,orchestration/src/main.rs,488,9
1501,BASIC_BLOCK,run_pipeline::bb315,orchestration/src/main.rs,488,9
1502,BASIC_BLOCK,run_pipeline::bb316,orchestration/src/main.rs,548,1
1503,BASIC_BLOCK,run_pipeline::bb317,orchestration/src/main.rs,443,5
1504,BASIC_BLOCK,run_pipeline::bb318,orchestration/src/main.rs,443,5
1505,BASIC_BLOCK,run_pipeline::bb319,orchestration/src/main.rs,443,5
1506,CALL_SITE,run_pipeline::bb31::call26,orchestration/src/main.rs,416,24
1507,BASIC_BLOCK,run_pipeline::bb32,orchestration/src/main.rs,417,52
1508,BASIC_BLOCK,run_pipeline::bb320,orchestration/src/main.rs,443,5
1509,BASIC_BLOCK,run_pipeline::bb321,orchestration/src/main.rs,443,5
1510,BASIC_BLOCK,run_pipeline::bb322,orchestration/src/main.rs,548,1
1511,BASIC_BLOCK,run_pipeline::bb323,orchestration/src/main.rs,548,1
1512,BASIC_BLOCK,run_pipeline::bb324,orchestration/src/main.rs,548,1
1513,BASIC_BLOCK,run_pipeline::bb325,orchestration/src/main.rs,548,1
1514,BASIC_BLOCK,run_pipeline::bb326,orchestration/src/main.rs,548,2
1515,BASIC_BLOCK,run_pipeline::bb327,orchestration/src/main.rs,548,1
1516,BASIC_BLOCK,run_pipeline::bb328,orchestration/src/main.rs,548,1
1517,BASIC_BLOCK,run_pipeline::bb329,orchestration/src/main.rs,548,1
1518,CALL_SITE,run_pipeline::bb32::call27,orchestration/src/main.rs,417,52
1519,BASIC_BLOCK,run_pipeline::bb33,orchestration/src/main.rs,417,52
1520,BASIC_BLOCK,run_pipeline::bb330,orchestration/src/main.rs,527,9
1521,BASIC_BLOCK,run_pipeline::bb331,orchestration/src/main.rs,518,9
1522,BASIC_BLOCK,run_pipeline::bb332,orchestration/src/main.rs,502,5
1523,BASIC_BLOCK,run_pipeline::bb333,orchestration/src/main.rs,548,1
1524,BASIC_BLOCK,run_pipeline::bb334,orchestration/src/main.rs,488,9
1525,BASIC_BLOCK,run_pipeline::bb335,orchestration/src/main.rs,488,9
1526,BASIC_BLOCK,run_pipeline::bb336,/home/cicero-arch-omen/.rustup/toolchains/nightly-x86_64-unknown-linux-gnu/lib/rustlib/src/rust/library/std/src/macros.rs,143,62
1527,BASIC_BLOCK,run_pipeline::bb337,orchestration/src/main.rs,476,9
1528,BASIC_BLOCK,run_pipeline::bb338,orchestration/src/main.rs,548,1
1529,BASIC_BLOCK,run_pipeline::bb339,orchestration/src/main.rs,443,5
1530,CALL_SITE,run_pipeline::bb33::call28,orchestration/src/main.rs,417,52
1531,BASIC_BLOCK,run_pipeline::bb34,orchestration/src/main.rs,417,52
1532,BASIC_BLOCK,run_pipeline::bb340,orchestration/src/main.rs,443,5
1533,BASIC_BLOCK,run_pipeline::bb341,orchestration/src/main.rs,423,9
1534,BASIC_BLOCK,run_pipeline::bb342,orchestration/src/main.rs,443,5
1535,BASIC_BLOCK,run_pipeline::bb343,orchestration/src/main.rs,443,5
1536,BASIC_BLOCK,run_pipeline::bb344,orchestration/src/main.rs,443,5
1537,BASIC_BLOCK,run_pipeline::bb345,orchestration/src/main.rs,548,1
1538,BASIC_BLOCK,run_pipeline::bb346,orchestration/src/main.rs,548,1
1539,BASIC_BLOCK,run_pipeline::bb347,orchestration/src/main.rs,548,1
1540,BASIC_BLOCK,run_pipeline::bb348,orchestration/src/main.rs,548,1
1541,BASIC_BLOCK,run_pipeline::bb349,orchestration/src/main.rs,405,1
1542,CALL_SITE,run_pipeline::bb34::call29,orchestration/src/main.rs,417,52
1543,BASIC_BLOCK,run_pipeline::bb35,orchestration/src/main.rs,417,52
1544,BASIC_BLOCK,run_pipeline::bb350,orchestration/src/main.rs,477,63
1545,CALL_SITE,run_pipeline::bb350::call239,orchestration/src/main.rs,477,63
1546,BASIC_BLOCK,run_pipeline::bb351,/home/cicero-arch-omen/.rustup/toolchains/nightly-x86_64-unknown-linux-gnu/lib/rustlib/src/rust/library/std/src/macros.rs,143,28
1547,CALL_SITE,run_pipeline::bb351::call240,/home/cicero-arch-omen/.rustup/toolchains/nightly-x86_64-unknown-linux-gnu/lib/rustlib/src/rust/library/std/src/macros.rs,143,28
1548,BASIC_BLOCK,run_pipeline::bb352,orchestration/src/main.rs,548,1
1549,BASIC_BLOCK,run_pipeline::bb353,orchestration/src/main.rs,548,1
1550,BASIC_BLOCK,run_pipeline::bb354,orchestration/src/main.rs,548,1
1551,BASIC_BLOCK,run_pipeline::bb355,orchestration/src/main.rs,528,5
1552,BASIC_BLOCK,run_pipeline::bb356,orchestration/src/main.rs,528,5
1553,BASIC_BLOCK,run_pipeline::bb357,orchestration/src/main.rs,519,5
1554,BASIC_BLOCK,run_pipeline::bb358,orchestration/src/main.rs,519,5
1555,BASIC_BLOCK,run_pipeline::bb359,orchestration/src/main.rs,443,5
1556,BASIC_BLOCK,run_pipeline::bb36,orchestration/src/main.rs,418,59
1557,BASIC_BLOCK,run_pipeline::bb360,orchestration/src/main.rs,443,5
1558,BASIC_BLOCK,run_pipeline::bb361,orchestration/src/main.rs,548,1
1559,BASIC_BLOCK,run_pipeline::bb362,orchestration/src/main.rs,548,1
1560,BASIC_BLOCK,run_pipeline::bb363,orchestration/src/main.rs,548,1
1561,BASIC_BLOCK,run_pipeline::bb364,orchestration/src/main.rs,407,16
1562,BASIC_BLOCK,run_pipeline::bb365,orchestration/src/main.rs,408,33
1563,BASIC_BLOCK,run_pipeline::bb366,orchestration/src/main.rs,416,24
1564,BASIC_BLOCK,run_pipeline::bb367,orchestration/src/main.rs,417,52
1565,BASIC_BLOCK,run_pipeline::bb368,/home/cicero-arch-omen/.rustup/toolchains/nightly-x86_64-unknown-linux-gnu/lib/rustlib/src/rust/library/std/src/macros.rs,143,9
1566,BASIC_BLOCK,run_pipeline::bb369,orchestration/src/main.rs,426,9
1567,CALL_SITE,run_pipeline::bb36::call30,orchestration/src/main.rs,418,59
1568,BASIC_BLOCK,run_pipeline::bb37,orchestration/src/main.rs,417,52
1569,BASIC_BLOCK,run_pipeline::bb370,orchestration/src/main.rs,439,9
1570,BASIC_BLOCK,run_pipeline::bb371,orchestration/src/main.rs,441,36
1571,BASIC_BLOCK,run_pipeline::bb372,orchestration/src/main.rs,441,9
1572,BASIC_BLOCK,run_pipeline::bb373,orchestration/src/main.rs,446,5
1573,BASIC_BLOCK,run_pipeline::bb374,/home/cicero-arch-omen/.rustup/toolchains/nightly-x86_64-unknown-linux-gnu/lib/rustlib/src/rust/library/std/src/macros.rs,221,9
1574,BASIC_BLOCK,run_pipeline::bb375,orchestration/src/main.rs,467,22
1575,BASIC_BLOCK,run_pipeline::bb376,orchestration/src/main.rs,468,5
1576,BASIC_BLOCK,run_pipeline::bb377,orchestration/src/main.rs,473,9
1577,BASIC_BLOCK,run_pipeline::bb378,orchestration/src/main.rs,482,11
1578,BASIC_BLOCK,run_pipeline::bb379,orchestration/src/main.rs,486,40
1579,CALL_SITE,run_pipeline::bb37::call31,orchestration/src/main.rs,417,52
1580,BASIC_BLOCK,run_pipeline::bb38,orchestration/src/main.rs,418,30
1581,BASIC_BLOCK,run_pipeline::bb380,orchestration/src/main.rs,486,13
1582,BASIC_BLOCK,run_pipeline::bb381,/home/cicero-arch-omen/.rustup/toolchains/nightly-x86_64-unknown-linux-gnu/lib/rustlib/src/rust/library/std/src/macros.rs,143,9
1583,BASIC_BLOCK,run_pipeline::bb382,orchestration/src/main.rs,493,24
1584,BASIC_BLOCK,run_pipeline::bb383,/home/cicero-arch-omen/.rustup/toolchains/nightly-x86_64-unknown-linux-gnu/lib/rustlib/src/rust/library/std/src/macros.rs,143,9
1585,BASIC_BLOCK,run_pipeline::bb384,/home/cicero-arch-omen/.rustup/toolchains/nightly-x86_64-unknown-linux-gnu/lib/rustlib/src/rust/library/std/src/macros.rs,143,9
1586,BASIC_BLOCK,run_pipeline::bb385,/home/cicero-arch-omen/.rustup/toolchains/nightly-x86_64-unknown-linux-gnu/lib/rustlib/src/rust/library/std/src/macros.rs,143,9
1587,BASIC_BLOCK,run_pipeline::bb386,/home/cicero-arch-omen/.rustup/toolchains/nightly-x86_64-unknown-linux-gnu/lib/rustlib/src/rust/library/std/src/macros.rs,143,9
1588,BASIC_BLOCK,run_pipeline::bb387,orchestration/src/main.rs,538,40
1589,BASIC_BLOCK,run_pipeline::bb388,orchestration/src/main.rs,538,5
1590,BASIC_BLOCK,run_pipeline::bb389,orchestration/src/main.rs,542,5
1591,CALL_SITE,run_pipeline::bb38::call32,orchestration/src/main.rs,418,30
1592,BASIC_BLOCK,run_pipeline::bb39,/home/cicero-arch-omen/.rustup/toolchains/nightly-x86_64-unknown-linux-gnu/lib/rustlib/src/rust/library/std/src/macros.rs,143,28
1593,BASIC_BLOCK,run_pipeline::bb390,orchestration/src/main.rs,543,38
1594,BASIC_BLOCK,run_pipeline::bb391,orchestration/src/main.rs,543,5
1595,CALL_SITE,run_pipeline::bb39::call33,/home/cicero-arch-omen/.rustup/toolchains/nightly-x86_64-unknown-linux-gnu/lib/rustlib/src/rust/library/std/src/macros.rs,143,28
1596,CALL_SITE,run_pipeline::bb3::call3,orchestration/src/main.rs,407,16
1597,BASIC_BLOCK,run_pipeline::bb4,orchestration/src/main.rs,407,16
1598,BASIC_BLOCK,run_pipeline::bb40,/home/cicero-arch-omen/.rustup/toolchains/nightly-x86_64-unknown-linux-gnu/lib/rustlib/src/rust/library/std/src/macros.rs,143,9
1599,CALL_SITE,run_pipeline::bb40::call34,/home/cicero-arch-omen/.rustup/toolchains/nightly-x86_64-unknown-linux-gnu/lib/rustlib/src/rust/library/std/src/macros.rs,143,9
1600,BASIC_BLOCK,run_pipeline::bb41,orchestration/src/main.rs,420,24
1601,CALL_SITE,run_pipeline::bb41::call35,orchestration/src/main.rs,420,24
1602,BASIC_BLOCK,run_pipeline::bb42,orchestration/src/main.rs,420,24
1603,CALL_SITE,run_pipeline::bb42::call36,orchestration/src/main.rs,420,24
1604,BASIC_BLOCK,run_pipeline::bb43,orchestration/src/main.rs,420,24
1605,CALL_SITE,run_pipeline::bb43::call37,orchestration/src/main.rs,420,24
1606,BASIC_BLOCK,run_pipeline::bb44,orchestration/src/main.rs,420,9
1607,BASIC_BLOCK,run_pipeline::bb45,orchestration/src/main.rs,420,24
1608,CALL_SITE,run_pipeline::bb45::call38,orchestration/src/main.rs,420,24
1609,BASIC_BLOCK,run_pipeline::bb46,orchestration/src/main.rs,420,24
1610,BASIC_BLOCK,run_pipeline::bb47,orchestration/src/main.rs,421,22
1611,CALL_SITE,run_pipeline::bb47::call39,orchestration/src/main.rs,421,22
1612,BASIC_BLOCK,run_pipeline::bb48,orchestration/src/main.rs,423,9
1613,BASIC_BLOCK,run_pipeline::bb49,orchestration/src/main.rs,421,22
1614,CALL_SITE,run_pipeline::bb49::call40,orchestration/src/main.rs,421,22
1615,CALL_SITE,run_pipeline::bb4::call4,orchestration/src/main.rs,407,16
1616,BASIC_BLOCK,run_pipeline::bb5,orchestration/src/main.rs,407,16
1617,BASIC_BLOCK,run_pipeline::bb50,orchestration/src/main.rs,421,22
1618,CALL_SITE,run_pipeline::bb50::call41,orchestration/src/main.rs,421,22
1619,BASIC_BLOCK,run_pipeline::bb51,orchestration/src/main.rs,421,22
1620,BASIC_BLOCK,run_pipeline::bb52,orchestration/src/main.rs,422,28
1621,CALL_SITE,run_pipeline::bb52::call42,orchestration/src/main.rs,422,28
1622,BASIC_BLOCK,run_pipeline::bb53,orchestration/src/main.rs,421,22
1623,CALL_SITE,run_pipeline::bb53::call43,orchestration/src/main.rs,421,22
1624,BASIC_BLOCK,run_pipeline::bb54,orchestration/src/main.rs,423,9
1625,BASIC_BLOCK,run_pipeline::bb55,orchestration/src/main.rs,422,52
1626,CALL_SITE,run_pipeline::bb55::call44,orchestration/src/main.rs,422,52
1627,BASIC_BLOCK,run_pipeline::bb56,/home/cicero-arch-omen/.rustup/toolchains/nightly-x86_64-unknown-linux-gnu/lib/rustlib/src/rust/library/std/src/macros.rs,143,28
1628,CALL_SITE,run_pipeline::bb56::call45,/home/cicero-arch-omen/.rustup/toolchains/nightly-x86_64-unknown-linux-gnu/lib/rustlib/src/rust/library/std/src/macros.rs,143,28
1629,BASIC_BLOCK,run_pipeline::bb57,/home/cicero-arch-omen/.rustup/toolchains/nightly-x86_64-unknown-linux-gnu/lib/rustlib/src/rust/library/std/src/macros.rs,143,9
1630,CALL_SITE,run_pipeline::bb57::call46,/home/cicero-arch-omen/.rustup/toolchains/nightly-x86_64-unknown-linux-gnu/lib/rustlib/src/rust/library/std/src/macros.rs,143,9
1631,BASIC_BLOCK,run_pipeline::bb58,/home/cicero-arch-omen/.rustup/toolchains/nightly-x86_64-unknown-linux-gnu/lib/rustlib/src/rust/library/std/src/macros.rs,143,28
1632,CALL_SITE,run_pipeline::bb58::call47,/home/cicero-arch-omen/.rustup/toolchains/nightly-x86_64-unknown-linux-gnu/lib/rustlib/src/rust/library/std/src/macros.rs,143,28
1633,BASIC_BLOCK,run_pipeline::bb59,/home/cicero-arch-omen/.rustup/toolchains/nightly-x86_64-unknown-linux-gnu/lib/rustlib/src/rust/library/std/src/macros.rs,143,9
1634,CALL_SITE,run_pipeline::bb59::call48,/home/cicero-arch-omen/.rustup/toolchains/nightly-x86_64-unknown-linux-gnu/lib/rustlib/src/rust/library/std/src/macros.rs,143,9
1635,CALL_SITE,run_pipeline::bb5::call5,orchestration/src/main.rs,407,16
1636,BASIC_BLOCK,run_pipeline::bb6,orchestration/src/main.rs,407,16
1637,BASIC_BLOCK,run_pipeline::bb60,orchestration/src/main.rs,426,9
1638,CALL_SITE,run_pipeline::bb60::call49,orchestration/src/main.rs,426,9
1639,BASIC_BLOCK,run_pipeline::bb61,orchestration/src/main.rs,426,9
1640,CALL_SITE,run_pipeline::bb61::call50,orchestration/src/main.rs,426,9
1641,BASIC_BLOCK,run_pipeline::bb62,orchestration/src/main.rs,426,9
1642,CALL_SITE,run_pipeline::bb62::call51,orchestration/src/main.rs,426,9
1643,BASIC_BLOCK,run_pipeline::bb63,orchestration/src/main.rs,426,9
1644,BASIC_BLOCK,run_pipeline::bb64,/home/cicero-arch-omen/.rustup/toolchains/nightly-x86_64-unknown-linux-gnu/lib/rustlib/src/rust/library/std/src/macros.rs,143,28
1645,CALL_SITE,run_pipeline::bb64::call52,/home/cicero-arch-omen/.rustup/toolchains/nightly-x86_64-unknown-linux-gnu/lib/rustlib/src/rust/library/std/src/macros.rs,143,28
1646,BASIC_BLOCK,run_pipeline::bb65,orchestration/src/main.rs,426,9
1647,CALL_SITE,run_pipeline::bb65::call53,orchestration/src/main.rs,426,9
1648,BASIC_BLOCK,run_pipeline::bb66,/home/cicero-arch-omen/.rustup/toolchains/nightly-x86_64-unknown-linux-gnu/lib/rustlib/src/rust/library/std/src/macros.rs,143,9
1649,CALL_SITE,run_pipeline::bb66::call54,/home/cicero-arch-omen/.rustup/toolchains/nightly-x86_64-unknown-linux-gnu/lib/rustlib/src/rust/library/std/src/macros.rs,143,9
1650,BASIC_BLOCK,run_pipeline::bb67,orchestration/src/main.rs,429,21
1651,CALL_SITE,run_pipeline::bb67::call55,orchestration/src/main.rs,429,21
1652,BASIC_BLOCK,run_pipeline::bb68,orchestration/src/main.rs,432,13
1653,CALL_SITE,run_pipeline::bb68::call56,orchestration/src/main.rs,432,13
1654,BASIC_BLOCK,run_pipeline::bb69,orchestration/src/main.rs,433,13
1655,CALL_SITE,run_pipeline::bb69::call57,orchestration/src/main.rs,433,13
1656,BASIC_BLOCK,run_pipeline::bb7,orchestration/src/main.rs,1,1
1657,BASIC_BLOCK,run_pipeline::bb70,orchestration/src/main.rs,434,13
1658,CALL_SITE,run_pipeline::bb70::call58,orchestration/src/main.rs,434,13
1659,BASIC_BLOCK,run_pipeline::bb71,orchestration/src/main.rs,435,13
1660,CALL_SITE,run_pipeline::bb71::call59,orchestration/src/main.rs,435,13
1661,BASIC_BLOCK,run_pipeline::bb72,orchestration/src/main.rs,436,13
1662,CALL_SITE,run_pipeline::bb72::call60,orchestration/src/main.rs,436,13
1663,BASIC_BLOCK,run_pipeline::bb73,orchestration/src/main.rs,431,26
1664,CALL_SITE,run_pipeline::bb73::call61,orchestration/src/main.rs,431,26
1665,BASIC_BLOCK,run_pipeline::bb74,orchestration/src/main.rs,431,37
1666,CALL_SITE,run_pipeline::bb74::call62,orchestration/src/main.rs,431,37
1667,BASIC_BLOCK,run_pipeline::bb75,orchestration/src/main.rs,431,48
1668,CALL_SITE,run_pipeline::bb75::call63,orchestration/src/main.rs,431,48
1669,BASIC_BLOCK,run_pipeline::bb76,orchestration/src/main.rs,431,59
1670,CALL_SITE,run_pipeline::bb76::call64,orchestration/src/main.rs,431,59
1671,BASIC_BLOCK,run_pipeline::bb77,orchestration/src/main.rs,431,70
1672,CALL_SITE,run_pipeline::bb77::call65,orchestration/src/main.rs,431,70
1673,BASIC_BLOCK,run_pipeline::bb78,/home/cicero-arch-omen/.rustup/toolchains/nightly-x86_64-unknown-linux-gnu/lib/rustlib/src/rust/library/std/src/macros.rs,143,28
1674,CALL_SITE,run_pipeline::bb78::call66,/home/cicero-arch-omen/.rustup/toolchains/nightly-x86_64-unknown-linux-gnu/lib/rustlib/src/rust/library/std/src/macros.rs,143,28
1675,BASIC_BLOCK,run_pipeline::bb79,/home/cicero-arch-omen/.rustup/toolchains/nightly-x86_64-unknown-linux-gnu/lib/rustlib/src/rust/library/std/src/macros.rs,143,9
1676,CALL_SITE,run_pipeline::bb79::call67,/home/cicero-arch-omen/.rustup/toolchains/nightly-x86_64-unknown-linux-gnu/lib/rustlib/src/rust/library/std/src/macros.rs,143,9
1677,BASIC_BLOCK,run_pipeline::bb8,orchestration/src/main.rs,408,54
1678,BASIC_BLOCK,run_pipeline::bb80,orchestration/src/main.rs,439,9
1679,CALL_SITE,run_pipeline::bb80::call68,orchestration/src/main.rs,439,9
1680,BASIC_BLOCK,run_pipeline::bb81,orchestration/src/main.rs,439,9
1681,CALL_SITE,run_pipeline::bb81::call69,orchestration/src/main.rs,439,9
1682,BASIC_BLOCK,run_pipeline::bb82,orchestration/src/main.rs,439,9
1683,BASIC_BLOCK,run_pipeline::bb83,orchestration/src/main.rs,440,25
1684,CALL_SITE,run_pipeline::bb83::call70,orchestration/src/main.rs,440,25
1685,BASIC_BLOCK,run_pipeline::bb84,orchestration/src/main.rs,439,9
1686,CALL_SITE,run_pipeline::bb84::call71,orchestration/src/main.rs,439,9
1687,BASIC_BLOCK,run_pipeline::bb85,orchestration/src/main.rs,440,25
1688,CALL_SITE,run_pipeline::bb85::call72,orchestration/src/main.rs,440,25
1689,BASIC_BLOCK,run_pipeline::bb86,orchestration/src/main.rs,441,36
1690,CALL_SITE,run_pipeline::bb86::call73,orchestration/src/main.rs,441,36
1691,BASIC_BLOCK,run_pipeline::bb87,orchestration/src/main.rs,441,36
1692,CALL_SITE,run_pipeline::bb87::call74,orchestration/src/main.rs,441,36
1693,BASIC_BLOCK,run_pipeline::bb88,orchestration/src/main.rs,441,36
1694,BASIC_BLOCK,run_pipeline::bb89,orchestration/src/main.rs,441,9
1695,CALL_SITE,run_pipeline::bb89::call75,orchestration/src/main.rs,441,9
1696,CALL_SITE,run_pipeline::bb8::call6,orchestration/src/main.rs,408,54
1697,BASIC_BLOCK,run_pipeline::bb9,orchestration/src/main.rs,407,16
1698,BASIC_BLOCK,run_pipeline::bb90,orchestration/src/main.rs,441,36
1699,CALL_SITE,run_pipeline::bb90::call76,orchestration/src/main.rs,441,36
1700,BASIC_BLOCK,run_pipeline::bb91,orchestration/src/main.rs,441,9
1701,CALL_SITE,run_pipeline::bb91::call77,orchestration/src/main.rs,441,9
1702,BASIC_BLOCK,run_pipeline::bb92,orchestration/src/main.rs,441,9
1703,CALL_SITE,run_pipeline::bb92::call78,orchestration/src/main.rs,441,9
1704,BASIC_BLOCK,run_pipeline::bb93,orchestration/src/main.rs,441,9
1705,BASIC_BLOCK,run_pipeline::bb94,orchestration/src/main.rs,442,48
1706,CALL_SITE,run_pipeline::bb94::call79,orchestration/src/main.rs,442,48
1707,BASIC_BLOCK,run_pipeline::bb95,orchestration/src/main.rs,441,9
1708,CALL_SITE,run_pipeline::bb95::call80,orchestration/src/main.rs,441,9
1709,BASIC_BLOCK,run_pipeline::bb96,/home/cicero-arch-omen/.rustup/toolchains/nightly-x86_64-unknown-linux-gnu/lib/rustlib/src/rust/library/std/src/macros.rs,143,28
1710,CALL_SITE,run_pipeline::bb96::call81,/home/cicero-arch-omen/.rustup/toolchains/nightly-x86_64-unknown-linux-gnu/lib/rustlib/src/rust/library/std/src/macros.rs,143,28
1711,BASIC_BLOCK,run_pipeline::bb97,/home/cicero-arch-omen/.rustup/toolchains/nightly-x86_64-unknown-linux-gnu/lib/rustlib/src/rust/library/std/src/macros.rs,143,9
1712,CALL_SITE,run_pipeline::bb97::call82,/home/cicero-arch-omen/.rustup/toolchains/nightly-x86_64-unknown-linux-gnu/lib/rustlib/src/rust/library/std/src/macros.rs,143,9
1713,BASIC_BLOCK,run_pipeline::bb98,orchestration/src/main.rs,443,5
1714,BASIC_BLOCK,run_pipeline::bb99,orchestration/src/main.rs,443,5
1715,CALL_SITE,run_pipeline::bb9::call7,orchestration/src/main.rs,407,16
1716,FUNCTION,run_pipeline::fn,orchestration/src/main.rs,405,1
1717,PARAM,run_pipeline::param0,orchestration/src/main.rs,405,17
1718,PARAM,run_pipeline::param1,orchestration/src/main.rs,405,37
1719,PARAM,run_pipeline::param2,orchestration/src/main.rs,405,55
1720,PARAM,run_pipeline::param3,orchestration/src/main.rs,405,85
1721,BASIC_BLOCK,write_json_report::bb0,orchestration/src/main.rs,367,41
1722,CALL_SITE,write_json_report::bb0::call0,orchestration/src/main.rs,367,41
1723,BASIC_BLOCK,write_json_report::bb1,orchestration/src/main.rs,367,41
1724,BASIC_BLOCK,write_json_report::bb10,orchestration/src/main.rs,398,5
1725,CALL_SITE,write_json_report::bb10::call7,orchestration/src/main.rs,398,5
1726,BASIC_BLOCK,write_json_report::bb11,orchestration/src/main.rs,399,2
1727,BASIC_BLOCK,write_json_report::bb12,orchestration/src/main.rs,399,1
1728,BASIC_BLOCK,write_json_report::bb13,orchestration/src/main.rs,366,1
1729,BASIC_BLOCK,write_json_report::bb14,orchestration/src/main.rs,399,1
1730,CALL_SITE,write_json_report::bb1::call1,orchestration/src/main.rs,367,41
1731,BASIC_BLOCK,write_json_report::bb2,orchestration/src/main.rs,367,41
1732,CALL_SITE,write_json_report::bb2::call2,orchestration/src/main.rs,367,41
1733,BASIC_BLOCK,write_json_report::bb3,orchestration/src/main.rs,398,38
1734,CALL_SITE,write_json_report::bb3::call3,orchestration/src/main.rs,398,38
1735,BASIC_BLOCK,write_json_report::bb4,orchestration/src/main.rs,398,38
1736,CALL_SITE,write_json_report::bb4::call4,orchestration/src/main.rs,398,38
1737,BASIC_BLOCK,write_json_report::bb5,orchestration/src/main.rs,398,38
1738,BASIC_BLOCK,write_json_report::bb6,orchestration/src/main.rs,398,38
1739,BASIC_BLOCK,write_json_report::bb7,orchestration/src/main.rs,398,5
1740,CALL_SITE,write_json_report::bb7::call5,orchestration/src/main.rs,398,5
1741,BASIC_BLOCK,write_json_report::bb8,orchestration/src/main.rs,398,38
1742,CALL_SITE,write_json_report::bb8::call6,orchestration/src/main.rs,398,38
1743,BASIC_BLOCK,write_json_report::bb9,orchestration/src/main.rs,399,1
1744,FUNCTION,write_json_report::fn,orchestration/src/main.rs,366,1
1745,PARAM,write_json_report::param0,orchestration/src/main.rs,366,22
1746,PARAM,write_json_report::param1,orchestration/src/main.rs,366,49
1747,BASIC_BLOCK,write_report::bb0,orchestration/src/main.rs,255,19
1748,CALL_SITE,write_report::bb0::call0,orchestration/src/main.rs,255,19
1749,BASIC_BLOCK,write_report::bb1,orchestration/src/main.rs,256,5
1750,BASIC_BLOCK,write_report::bb10,orchestration/src/main.rs,363,5
1751,BASIC_BLOCK,write_report::bb100,orchestration/src/main.rs,291,26
1752,CALL_SITE,write_report::bb100::call80,orchestration/src/main.rs,291,26
1753,BASIC_BLOCK,write_report::bb101,orchestration/src/main.rs,291,13
1754,CALL_SITE,write_report::bb101::call81,orchestration/src/main.rs,291,13
1755,BASIC_BLOCK,write_report::bb102,orchestration/src/main.rs,291,93
1756,BASIC_BLOCK,write_report::bb103,orchestration/src/main.rs,292,64
1757,CALL_SITE,write_report::bb103::call82,orchestration/src/main.rs,292,64
1758,BASIC_BLOCK,write_report::bb104,/home/cicero-arch-omen/.rustup/toolchains/nightly-x86_64-unknown-linux-gnu/lib/rustlib/src/rust/library/alloc/src/macros.rs,114,33
1759,CALL_SITE,write_report::bb104::call83,/home/cicero-arch-omen/.rustup/toolchains/nightly-x86_64-unknown-linux-gnu/lib/rustlib/src/rust/library/alloc/src/macros.rs,114,33
1760,BASIC_BLOCK,write_report::bb105,/home/cicero-arch-omen/.rustup/toolchains/nightly-x86_64-unknown-linux-gnu/lib/rustlib/src/rust/library/alloc/src/macros.rs,114,13
1761,CALL_SITE,write_report::bb105::call84,/home/cicero-arch-omen/.rustup/toolchains/nightly-x86_64-unknown-linux-gnu/lib/rustlib/src/rust/library/alloc/src/macros.rs,114,13
1762,BASIC_BLOCK,write_report::bb106,/home/cicero-arch-omen/.rustup/toolchains/nightly-x86_64-unknown-linux-gnu/lib/rustlib/src/rust/library/alloc/src/macros.rs,113,9
1763,CALL_SITE,write_report::bb106::call85,/home/cicero-arch-omen/.rustup/toolchains/nightly-x86_64-unknown-linux-gnu/lib/rustlib/src/rust/library/alloc/src/macros.rs,113,9
1764,BASIC_BLOCK,write_report::bb107,orchestration/src/main.rs,292,26
1765,CALL_SITE,write_report::bb107::call86,orchestration/src/main.rs,292,26
1766,BASIC_BLOCK,write_report::bb108,orchestration/src/main.rs,292,13
1767,CALL_SITE,write_report::bb108::call87,orchestration/src/main.rs,292,13
1768,BASIC_BLOCK,write_report::bb109,orchestration/src/main.rs,292,97
1769,CALL_SITE,write_report::bb10::call7,orchestration/src/main.rs,363,5
1770,BASIC_BLOCK,write_report::bb11,/home/cicero-arch-omen/.rustup/toolchains/nightly-x86_64-unknown-linux-gnu/lib/rustlib/src/rust/library/alloc/src/macros.rs,114,33
1771,BASIC_BLOCK,write_report::bb110,orchestration/src/main.rs,293,62
1772,CALL_SITE,write_report::bb110::call88,orchestration/src/main.rs,293,62
1773,BASIC_BLOCK,write_report::bb111,/home/cicero-arch-omen/.rustup/toolchains/nightly-x86_64-unknown-linux-gnu/lib/rustlib/src/rust/library/alloc/src/macros.rs,114,33
1774,CALL_SITE,write_report::bb111::call89,/home/cicero-arch-omen/.rustup/toolchains/nightly-x86_64-unknown-linux-gnu/lib/rustlib/src/rust/library/alloc/src/macros.rs,114,33
1775,BASIC_BLOCK,write_report::bb112,/home/cicero-arch-omen/.rustup/toolchains/nightly-x86_64-unknown-linux-gnu/lib/rustlib/src/rust/library/alloc/src/macros.rs,114,13
1776,CALL_SITE,write_report::bb112::call90,/home/cicero-arch-omen/.rustup/toolchains/nightly-x86_64-unknown-linux-gnu/lib/rustlib/src/rust/library/alloc/src/macros.rs,114,13
1777,BASIC_BLOCK,write_report::bb113,/home/cicero-arch-omen/.rustup/toolchains/nightly-x86_64-unknown-linux-gnu/lib/rustlib/src/rust/library/alloc/src/macros.rs,113,9
1778,CALL_SITE,write_report::bb113::call91,/home/cicero-arch-omen/.rustup/toolchains/nightly-x86_64-unknown-linux-gnu/lib/rustlib/src/rust/library/alloc/src/macros.rs,113,9
1779,BASIC_BLOCK,write_report::bb114,orchestration/src/main.rs,293,26
1780,CALL_SITE,write_report::bb114::call92,orchestration/src/main.rs,293,26
1781,BASIC_BLOCK,write_report::bb115,orchestration/src/main.rs,293,13
1782,CALL_SITE,write_report::bb115::call93,orchestration/src/main.rs,293,13
1783,BASIC_BLOCK,write_report::bb116,orchestration/src/main.rs,293,99
1784,BASIC_BLOCK,write_report::bb117,orchestration/src/main.rs,294,68
1785,CALL_SITE,write_report::bb117::call94,orchestration/src/main.rs,294,68
1786,BASIC_BLOCK,write_report::bb118,/home/cicero-arch-omen/.rustup/toolchains/nightly-x86_64-unknown-linux-gnu/lib/rustlib/src/rust/library/alloc/src/macros.rs,114,33
1787,CALL_SITE,write_report::bb118::call95,/home/cicero-arch-omen/.rustup/toolchains/nightly-x86_64-unknown-linux-gnu/lib/rustlib/src/rust/library/alloc/src/macros.rs,114,33
1788,BASIC_BLOCK,write_report::bb119,/home/cicero-arch-omen/.rustup/toolchains/nightly-x86_64-unknown-linux-gnu/lib/rustlib/src/rust/library/alloc/src/macros.rs,114,13
1789,CALL_SITE,write_report::bb119::call96,/home/cicero-arch-omen/.rustup/toolchains/nightly-x86_64-unknown-linux-gnu/lib/rustlib/src/rust/library/alloc/src/macros.rs,114,13
1790,CALL_SITE,write_report::bb11::call8,/home/cicero-arch-omen/.rustup/toolchains/nightly-x86_64-unknown-linux-gnu/lib/rustlib/src/rust/library/alloc/src/macros.rs,114,33
1791,BASIC_BLOCK,write_report::bb12,/home/cicero-arch-omen/.rustup/toolchains/nightly-x86_64-unknown-linux-gnu/lib/rustlib/src/rust/library/alloc/src/macros.rs,114,13
1792,BASIC_BLOCK,write_report::bb120,/home/cicero-arch-omen/.rustup/toolchains/nightly-x86_64-unknown-linux-gnu/lib/rustlib/src/rust/library/alloc/src/macros.rs,113,9
1793,CALL_SITE,write_report::bb120::call97,/home/cicero-arch-omen/.rustup/toolchains/nightly-x86_64-unknown-linux-gnu/lib/rustlib/src/rust/library/alloc/src/macros.rs,113,9
1794,BASIC_BLOCK,write_report::bb121,orchestration/src/main.rs,294,26
1795,CALL_SITE,write_report::bb121::call98,orchestration/src/main.rs,294,26
1796,BASIC_BLOCK,write_report::bb122,orchestration/src/main.rs,294,13
1797,CALL_SITE,write_report::bb122::call99,orchestration/src/main.rs,294,13
1798,BASIC_BLOCK,write_report::bb123,orchestration/src/main.rs,294,109
1799,BASIC_BLOCK,write_report::bb124,orchestration/src/main.rs,295,59
1800,CALL_SITE,write_report::bb124::call100,orchestration/src/main.rs,295,59
1801,BASIC_BLOCK,write_report::bb125,/home/cicero-arch-omen/.rustup/toolchains/nightly-x86_64-unknown-linux-gnu/lib/rustlib/src/rust/library/alloc/src/macros.rs,114,33
1802,CALL_SITE,write_report::bb125::call101,/home/cicero-arch-omen/.rustup/toolchains/nightly-x86_64-unknown-linux-gnu/lib/rustlib/src/rust/library/alloc/src/macros.rs,114,33
1803,BASIC_BLOCK,write_report::bb126,/home/cicero-arch-omen/.rustup/toolchains/nightly-x86_64-unknown-linux-gnu/lib/rustlib/src/rust/library/alloc/src/macros.rs,114,13
1804,CALL_SITE,write_report::bb126::call102,/home/cicero-arch-omen/.rustup/toolchains/nightly-x86_64-unknown-linux-gnu/lib/rustlib/src/rust/library/alloc/src/macros.rs,114,13
1805,BASIC_BLOCK,write_report::bb127,/home/cicero-arch-omen/.rustup/toolchains/nightly-x86_64-unknown-linux-gnu/lib/rustlib/src/rust/library/alloc/src/macros.rs,113,9
1806,CALL_SITE,write_report::bb127::call103,/home/cicero-arch-omen/.rustup/toolchains/nightly-x86_64-unknown-linux-gnu/lib/rustlib/src/rust/library/alloc/src/macros.rs,113,9
1807,BASIC_BLOCK,write_report::bb128,orchestration/src/main.rs,295,26
1808,CALL_SITE,write_report::bb128::call104,orchestration/src/main.rs,295,26
1809,BASIC_BLOCK,write_report::bb129,orchestration/src/main.rs,295,13
1810,CALL_SITE,write_report::bb129::call105,orchestration/src/main.rs,295,13
1811,CALL_SITE,write_report::bb12::call9,/home/cicero-arch-omen/.rustup/toolchains/nightly-x86_64-unknown-linux-gnu/lib/rustlib/src/rust/library/alloc/src/macros.rs,114,13
1812,BASIC_BLOCK,write_report::bb13,/home/cicero-arch-omen/.rustup/toolchains/nightly-x86_64-unknown-linux-gnu/lib/rustlib/src/rust/library/alloc/src/macros.rs,113,9
1813,BASIC_BLOCK,write_report::bb130,orchestration/src/main.rs,295,93
1814,BASIC_BLOCK,write_report::bb131,orchestration/src/main.rs,296,56
1815,CALL_SITE,write_report::bb131::call106,orchestration/src/main.rs,296,56
1816,BASIC_BLOCK,write_report::bb132,/home/cicero-arch-omen/.rustup/toolchains/nightly-x86_64-unknown-linux-gnu/lib/rustlib/src/rust/library/alloc/src/macros.rs,114,33
1817,CALL_SITE,write_report::bb132::call107,/home/cicero-arch-omen/.rustup/toolchains/nightly-x86_64-unknown-linux-gnu/lib/rustlib/src/rust/library/alloc/src/macros.rs,114,33
1818,BASIC_BLOCK,write_report::bb133,/home/cicero-arch-omen/.rustup/toolchains/nightly-x86_64-unknown-linux-gnu/lib/rustlib/src/rust/library/alloc/src/macros.rs,114,13
1819,CALL_SITE,write_report::bb133::call108,/home/cicero-arch-omen/.rustup/toolchains/nightly-x86_64-unknown-linux-gnu/lib/rustlib/src/rust/library/alloc/src/macros.rs,114,13
1820,BASIC_BLOCK,write_report::bb134,/home/cicero-arch-omen/.rustup/toolchains/nightly-x86_64-unknown-linux-gnu/lib/rustlib/src/rust/library/alloc/src/macros.rs,113,9
1821,CALL_SITE,write_report::bb134::call109,/home/cicero-arch-omen/.rustup/toolchains/nightly-x86_64-unknown-linux-gnu/lib/rustlib/src/rust/library/alloc/src/macros.rs,113,9
1822,BASIC_BLOCK,write_report::bb135,orchestration/src/main.rs,296,26
1823,CALL_SITE,write_report::bb135::call110,orchestration/src/main.rs,296,26
1824,BASIC_BLOCK,write_report::bb136,orchestration/src/main.rs,296,13
1825,CALL_SITE,write_report::bb136::call111,orchestration/src/main.rs,296,13
1826,BASIC_BLOCK,write_report::bb137,orchestration/src/main.rs,296,92
1827,BASIC_BLOCK,write_report::bb138,orchestration/src/main.rs,297,55
1828,CALL_SITE,write_report::bb138::call112,orchestration/src/main.rs,297,55
1829,BASIC_BLOCK,write_report::bb139,/home/cicero-arch-omen/.rustup/toolchains/nightly-x86_64-unknown-linux-gnu/lib/rustlib/src/rust/library/alloc/src/macros.rs,114,33
1830,CALL_SITE,write_report::bb139::call113,/home/cicero-arch-omen/.rustup/toolchains/nightly-x86_64-unknown-linux-gnu/lib/rustlib/src/rust/library/alloc/src/macros.rs,114,33
1831,CALL_SITE,write_report::bb13::call10,/home/cicero-arch-omen/.rustup/toolchains/nightly-x86_64-unknown-linux-gnu/lib/rustlib/src/rust/library/alloc/src/macros.rs,113,9
1832,BASIC_BLOCK,write_report::bb14,orchestration/src/main.rs,261,22
1833,BASIC_BLOCK,write_report::bb140,/home/cicero-arch-omen/.rustup/toolchains/nightly-x86_64-unknown-linux-gnu/lib/rustlib/src/rust/library/alloc/src/macros.rs,114,13
1834,CALL_SITE,write_report::bb140::call114,/home/cicero-arch-omen/.rustup/toolchains/nightly-x86_64-unknown-linux-gnu/lib/rustlib/src/rust/library/alloc/src/macros.rs,114,13
1835,BASIC_BLOCK,write_report::bb141,/home/cicero-arch-omen/.rustup/toolchains/nightly-x86_64-unknown-linux-gnu/lib/rustlib/src/rust/library/alloc/src/macros.rs,113,9
1836,CALL_SITE,write_report::bb141::call115,/home/cicero-arch-omen/.rustup/toolchains/nightly-x86_64-unknown-linux-gnu/lib/rustlib/src/rust/library/alloc/src/macros.rs,113,9
1837,BASIC_BLOCK,write_report::bb142,orchestration/src/main.rs,297,26
1838,CALL_SITE,write_report::bb142::call116,orchestration/src/main.rs,297,26
1839,BASIC_BLOCK,write_report::bb143,orchestration/src/main.rs,297,13
1840,CALL_SITE,write_report::bb143::call117,orchestration/src/main.rs,297,13
1841,BASIC_BLOCK,write_report::bb144,orchestration/src/main.rs,297,90
1842,BASIC_BLOCK,write_report::bb145,orchestration/src/main.rs,298,17
1843,CALL_SITE,write_report::bb145::call118,orchestration/src/main.rs,298,17
1844,BASIC_BLOCK,write_report::bb146,orchestration/src/main.rs,298,17
1845,BASIC_BLOCK,write_report::bb147,orchestration/src/main.rs,299,17
1846,CALL_SITE,write_report::bb147::call119,orchestration/src/main.rs,299,17
1847,BASIC_BLOCK,write_report::bb148,orchestration/src/main.rs,300,29
1848,CALL_SITE,write_report::bb148::call120,orchestration/src/main.rs,300,29
1849,BASIC_BLOCK,write_report::bb149,orchestration/src/main.rs,300,17
1850,CALL_SITE,write_report::bb14::call11,orchestration/src/main.rs,261,22
1851,BASIC_BLOCK,write_report::bb15,orchestration/src/main.rs,261,9
1852,BASIC_BLOCK,write_report::bb150,orchestration/src/main.rs,300,29
1853,CALL_SITE,write_report::bb150::call121,orchestration/src/main.rs,300,29
1854,BASIC_BLOCK,write_report::bb151,orchestration/src/main.rs,300,29
1855,BASIC_BLOCK,write_report::bb152,orchestration/src/main.rs,301,48
1856,CALL_SITE,write_report::bb152::call122,orchestration/src/main.rs,301,48
1857,BASIC_BLOCK,write_report::bb153,orchestration/src/main.rs,301,51
1858,CALL_SITE,write_report::bb153::call123,orchestration/src/main.rs,301,51
1859,BASIC_BLOCK,write_report::bb154,orchestration/src/main.rs,301,57
1860,CALL_SITE,write_report::bb154::call124,orchestration/src/main.rs,301,57
1861,BASIC_BLOCK,write_report::bb155,/home/cicero-arch-omen/.rustup/toolchains/nightly-x86_64-unknown-linux-gnu/lib/rustlib/src/rust/library/alloc/src/macros.rs,114,33
1862,CALL_SITE,write_report::bb155::call125,/home/cicero-arch-omen/.rustup/toolchains/nightly-x86_64-unknown-linux-gnu/lib/rustlib/src/rust/library/alloc/src/macros.rs,114,33
1863,BASIC_BLOCK,write_report::bb156,/home/cicero-arch-omen/.rustup/toolchains/nightly-x86_64-unknown-linux-gnu/lib/rustlib/src/rust/library/alloc/src/macros.rs,114,13
1864,CALL_SITE,write_report::bb156::call126,/home/cicero-arch-omen/.rustup/toolchains/nightly-x86_64-unknown-linux-gnu/lib/rustlib/src/rust/library/alloc/src/macros.rs,114,13
1865,BASIC_BLOCK,write_report::bb157,/home/cicero-arch-omen/.rustup/toolchains/nightly-x86_64-unknown-linux-gnu/lib/rustlib/src/rust/library/alloc/src/macros.rs,113,9
1866,CALL_SITE,write_report::bb157::call127,/home/cicero-arch-omen/.rustup/toolchains/nightly-x86_64-unknown-linux-gnu/lib/rustlib/src/rust/library/alloc/src/macros.rs,113,9
1867,BASIC_BLOCK,write_report::bb158,orchestration/src/main.rs,301,34
1868,CALL_SITE,write_report::bb158::call128,orchestration/src/main.rs,301,34
1869,BASIC_BLOCK,write_report::bb159,orchestration/src/main.rs,301,21
1870,CALL_SITE,write_report::bb159::call129,orchestration/src/main.rs,301,21
1871,CALL_SITE,write_report::bb15::call12,orchestration/src/main.rs,261,9
1872,BASIC_BLOCK,write_report::bb16,orchestration/src/main.rs,261,63
1873,BASIC_BLOCK,write_report::bb160,orchestration/src/main.rs,301,105
1874,BASIC_BLOCK,write_report::bb161,orchestration/src/main.rs,305,13
1875,CALL_SITE,write_report::bb161::call130,orchestration/src/main.rs,305,13
1876,BASIC_BLOCK,write_report::bb162,orchestration/src/main.rs,309,16
1877,BASIC_BLOCK,write_report::bb163,orchestration/src/main.rs,310,68
1878,BASIC_BLOCK,write_report::bb164,orchestration/src/main.rs,310,65
1879,BASIC_BLOCK,write_report::bb165,orchestration/src/main.rs,310,65
1880,BASIC_BLOCK,write_report::bb166,orchestration/src/main.rs,310,58
1881,CALL_SITE,write_report::bb166::call131,orchestration/src/main.rs,310,58
1882,BASIC_BLOCK,write_report::bb167,/home/cicero-arch-omen/.rustup/toolchains/nightly-x86_64-unknown-linux-gnu/lib/rustlib/src/rust/library/alloc/src/macros.rs,114,33
1883,CALL_SITE,write_report::bb167::call132,/home/cicero-arch-omen/.rustup/toolchains/nightly-x86_64-unknown-linux-gnu/lib/rustlib/src/rust/library/alloc/src/macros.rs,114,33
1884,BASIC_BLOCK,write_report::bb168,/home/cicero-arch-omen/.rustup/toolchains/nightly-x86_64-unknown-linux-gnu/lib/rustlib/src/rust/library/alloc/src/macros.rs,114,13
1885,CALL_SITE,write_report::bb168::call133,/home/cicero-arch-omen/.rustup/toolchains/nightly-x86_64-unknown-linux-gnu/lib/rustlib/src/rust/library/alloc/src/macros.rs,114,13
1886,BASIC_BLOCK,write_report::bb169,/home/cicero-arch-omen/.rustup/toolchains/nightly-x86_64-unknown-linux-gnu/lib/rustlib/src/rust/library/alloc/src/macros.rs,113,9
1887,CALL_SITE,write_report::bb169::call134,/home/cicero-arch-omen/.rustup/toolchains/nightly-x86_64-unknown-linux-gnu/lib/rustlib/src/rust/library/alloc/src/macros.rs,113,9
1888,BASIC_BLOCK,write_report::bb17,orchestration/src/main.rs,263,16
1889,BASIC_BLOCK,write_report::bb170,orchestration/src/main.rs,310,26
1890,CALL_SITE,write_report::bb170::call135,orchestration/src/main.rs,310,26
1891,BASIC_BLOCK,write_report::bb171,orchestration/src/main.rs,310,13
1892,CALL_SITE,write_report::bb171::call136,orchestration/src/main.rs,310,13
1893,BASIC_BLOCK,write_report::bb172,orchestration/src/main.rs,310,110
1894,BASIC_BLOCK,write_report::bb173,orchestration/src/main.rs,311,60
1895,CALL_SITE,write_report::bb173::call137,orchestration/src/main.rs,311,60
1896,BASIC_BLOCK,write_report::bb174,orchestration/src/main.rs,311,53
1897,CALL_SITE,write_report::bb174::call138,orchestration/src/main.rs,311,53
1898,BASIC_BLOCK,write_report::bb175,/home/cicero-arch-omen/.rustup/toolchains/nightly-x86_64-unknown-linux-gnu/lib/rustlib/src/rust/library/alloc/src/macros.rs,114,33
1899,CALL_SITE,write_report::bb175::call139,/home/cicero-arch-omen/.rustup/toolchains/nightly-x86_64-unknown-linux-gnu/lib/rustlib/src/rust/library/alloc/src/macros.rs,114,33
1900,BASIC_BLOCK,write_report::bb176,/home/cicero-arch-omen/.rustup/toolchains/nightly-x86_64-unknown-linux-gnu/lib/rustlib/src/rust/library/alloc/src/macros.rs,114,13
1901,CALL_SITE,write_report::bb176::call140,/home/cicero-arch-omen/.rustup/toolchains/nightly-x86_64-unknown-linux-gnu/lib/rustlib/src/rust/library/alloc/src/macros.rs,114,13
1902,BASIC_BLOCK,write_report::bb177,/home/cicero-arch-omen/.rustup/toolchains/nightly-x86_64-unknown-linux-gnu/lib/rustlib/src/rust/library/alloc/src/macros.rs,113,9
1903,CALL_SITE,write_report::bb177::call141,/home/cicero-arch-omen/.rustup/toolchains/nightly-x86_64-unknown-linux-gnu/lib/rustlib/src/rust/library/alloc/src/macros.rs,113,9
1904,BASIC_BLOCK,write_report::bb178,orchestration/src/main.rs,311,26
1905,CALL_SITE,write_report::bb178::call142,orchestration/src/main.rs,311,26
1906,BASIC_BLOCK,write_report::bb179,orchestration/src/main.rs,311,13
1907,CALL_SITE,write_report::bb179::call143,orchestration/src/main.rs,311,13
1908,BASIC_BLOCK,write_report::bb18,orchestration/src/main.rs,264,54
1909,BASIC_BLOCK,write_report::bb180,orchestration/src/main.rs,311,80
1910,BASIC_BLOCK,write_report::bb181,orchestration/src/main.rs,312,62
1911,CALL_SITE,write_report::bb181::call144,orchestration/src/main.rs,312,62
1912,BASIC_BLOCK,write_report::bb182,orchestration/src/main.rs,312,55
1913,CALL_SITE,write_report::bb182::call145,orchestration/src/main.rs,312,55
1914,BASIC_BLOCK,write_report::bb183,/home/cicero-arch-omen/.rustup/toolchains/nightly-x86_64-unknown-linux-gnu/lib/rustlib/src/rust/library/alloc/src/macros.rs,114,33
1915,CALL_SITE,write_report::bb183::call146,/home/cicero-arch-omen/.rustup/toolchains/nightly-x86_64-unknown-linux-gnu/lib/rustlib/src/rust/library/alloc/src/macros.rs,114,33
1916,BASIC_BLOCK,write_report::bb184,/home/cicero-arch-omen/.rustup/toolchains/nightly-x86_64-unknown-linux-gnu/lib/rustlib/src/rust/library/alloc/src/macros.rs,114,13
1917,CALL_SITE,write_report::bb184::call147,/home/cicero-arch-omen/.rustup/toolchains/nightly-x86_64-unknown-linux-gnu/lib/rustlib/src/rust/library/alloc/src/macros.rs,114,13
1918,BASIC_BLOCK,write_report::bb185,/home/cicero-arch-omen/.rustup/toolchains/nightly-x86_64-unknown-linux-gnu/lib/rustlib/src/rust/library/alloc/src/macros.rs,113,9
1919,CALL_SITE,write_report::bb185::call148,/home/cicero-arch-omen/.rustup/toolchains/nightly-x86_64-unknown-linux-gnu/lib/rustlib/src/rust/library/alloc/src/macros.rs,113,9
1920,BASIC_BLOCK,write_report::bb186,orchestration/src/main.rs,312,26
1921,CALL_SITE,write_report::bb186::call149,orchestration/src/main.rs,312,26
1922,BASIC_BLOCK,write_report::bb187,orchestration/src/main.rs,312,13
1923,CALL_SITE,write_report::bb187::call150,orchestration/src/main.rs,312,13
1924,BASIC_BLOCK,write_report::bb188,orchestration/src/main.rs,312,84
1925,BASIC_BLOCK,write_report::bb189,orchestration/src/main.rs,314,17
1926,CALL_SITE,write_report::bb189::call151,orchestration/src/main.rs,314,17
1927,CALL_SITE,write_report::bb18::call13,orchestration/src/main.rs,264,54
1928,BASIC_BLOCK,write_report::bb19,/home/cicero-arch-omen/.rustup/toolchains/nightly-x86_64-unknown-linux-gnu/lib/rustlib/src/rust/library/alloc/src/macros.rs,114,33
1929,BASIC_BLOCK,write_report::bb190,orchestration/src/main.rs,314,17
1930,BASIC_BLOCK,write_report::bb191,orchestration/src/main.rs,315,17
1931,CALL_SITE,write_report::bb191::call152,orchestration/src/main.rs,315,17
1932,BASIC_BLOCK,write_report::bb192,orchestration/src/main.rs,316,56
1933,CALL_SITE,write_report::bb192::call153,orchestration/src/main.rs,316,56
1934,BASIC_BLOCK,write_report::bb193,orchestration/src/main.rs,316,56
1935,CALL_SITE,write_report::bb193::call154,orchestration/src/main.rs,316,56
1936,BASIC_BLOCK,write_report::bb194,orchestration/src/main.rs,317,17
1937,CALL_SITE,write_report::bb194::call155,orchestration/src/main.rs,317,17
1938,BASIC_BLOCK,write_report::bb195,orchestration/src/main.rs,317,17
1939,CALL_SITE,write_report::bb195::call156,orchestration/src/main.rs,317,17
1940,BASIC_BLOCK,write_report::bb196,orchestration/src/main.rs,318,38
1941,CALL_SITE,write_report::bb196::call157,orchestration/src/main.rs,318,38
1942,BASIC_BLOCK,write_report::bb197,orchestration/src/main.rs,318,17
1943,BASIC_BLOCK,write_report::bb198,orchestration/src/main.rs,318,38
1944,CALL_SITE,write_report::bb198::call158,orchestration/src/main.rs,318,38
1945,BASIC_BLOCK,write_report::bb199,orchestration/src/main.rs,318,38
1946,CALL_SITE,write_report::bb19::call14,/home/cicero-arch-omen/.rustup/toolchains/nightly-x86_64-unknown-linux-gnu/lib/rustlib/src/rust/library/alloc/src/macros.rs,114,33
1947,CALL_SITE,write_report::bb1::call1,orchestration/src/main.rs,256,5
1948,BASIC_BLOCK,write_report::bb2,orchestration/src/main.rs,257,5
1949,BASIC_BLOCK,write_report::bb20,/home/cicero-arch-omen/.rustup/toolchains/nightly-x86_64-unknown-linux-gnu/lib/rustlib/src/rust/library/alloc/src/macros.rs,114,13
1950,BASIC_BLOCK,write_report::bb200,orchestration/src/main.rs,319,50
1951,CALL_SITE,write_report::bb200::call159,orchestration/src/main.rs,319,50
1952,BASIC_BLOCK,write_report::bb201,orchestration/src/main.rs,321,13
1953,BASIC_BLOCK,write_report::bb202,orchestration/src/main.rs,319,54
1954,CALL_SITE,write_report::bb202::call160,orchestration/src/main.rs,319,54
1955,BASIC_BLOCK,write_report::bb203,/home/cicero-arch-omen/.rustup/toolchains/nightly-x86_64-unknown-linux-gnu/lib/rustlib/src/rust/library/alloc/src/macros.rs,114,33
1956,CALL_SITE,write_report::bb203::call161,/home/cicero-arch-omen/.rustup/toolchains/nightly-x86_64-unknown-linux-gnu/lib/rustlib/src/rust/library/alloc/src/macros.rs,114,33
1957,BASIC_BLOCK,write_report::bb204,/home/cicero-arch-omen/.rustup/toolchains/nightly-x86_64-unknown-linux-gnu/lib/rustlib/src/rust/library/alloc/src/macros.rs,114,13
1958,CALL_SITE,write_report::bb204::call162,/home/cicero-arch-omen/.rustup/toolchains/nightly-x86_64-unknown-linux-gnu/lib/rustlib/src/rust/library/alloc/src/macros.rs,114,13
1959,BASIC_BLOCK,write_report::bb205,/home/cicero-arch-omen/.rustup/toolchains/nightly-x86_64-unknown-linux-gnu/lib/rustlib/src/rust/library/alloc/src/macros.rs,113,9
1960,CALL_SITE,write_report::bb205::call163,/home/cicero-arch-omen/.rustup/toolchains/nightly-x86_64-unknown-linux-gnu/lib/rustlib/src/rust/library/alloc/src/macros.rs,113,9
1961,BASIC_BLOCK,write_report::bb206,orchestration/src/main.rs,319,34
1962,CALL_SITE,write_report::bb206::call164,orchestration/src/main.rs,319,34
1963,BASIC_BLOCK,write_report::bb207,orchestration/src/main.rs,319,21
1964,CALL_SITE,write_report::bb207::call165,orchestration/src/main.rs,319,21
1965,BASIC_BLOCK,write_report::bb208,orchestration/src/main.rs,319,74
1966,BASIC_BLOCK,write_report::bb209,orchestration/src/main.rs,323,17
1967,CALL_SITE,write_report::bb209::call166,orchestration/src/main.rs,323,17
1968,CALL_SITE,write_report::bb20::call15,/home/cicero-arch-omen/.rustup/toolchains/nightly-x86_64-unknown-linux-gnu/lib/rustlib/src/rust/library/alloc/src/macros.rs,114,13
1969,BASIC_BLOCK,write_report::bb21,/home/cicero-arch-omen/.rustup/toolchains/nightly-x86_64-unknown-linux-gnu/lib/rustlib/src/rust/library/alloc/src/macros.rs,113,9
1970,BASIC_BLOCK,write_report::bb210,orchestration/src/main.rs,323,17
1971,BASIC_BLOCK,write_report::bb211,orchestration/src/main.rs,324,17
1972,CALL_SITE,write_report::bb211::call167,orchestration/src/main.rs,324,17
1973,BASIC_BLOCK,write_report::bb212,orchestration/src/main.rs,325,59
1974,CALL_SITE,write_report::bb212::call168,orchestration/src/main.rs,325,59
1975,BASIC_BLOCK,write_report::bb213,orchestration/src/main.rs,325,59
1976,CALL_SITE,write_report::bb213::call169,orchestration/src/main.rs,325,59
1977,BASIC_BLOCK,write_report::bb214,orchestration/src/main.rs,326,17
1978,CALL_SITE,write_report::bb214::call170,orchestration/src/main.rs,326,17
1979,BASIC_BLOCK,write_report::bb215,orchestration/src/main.rs,326,17
1980,CALL_SITE,write_report::bb215::call171,orchestration/src/main.rs,326,17
1981,BASIC_BLOCK,write_report::bb216,orchestration/src/main.rs,327,38
1982,CALL_SITE,write_report::bb216::call172,orchestration/src/main.rs,327,38
1983,BASIC_BLOCK,write_report::bb217,orchestration/src/main.rs,327,17
1984,BASIC_BLOCK,write_report::bb218,orchestration/src/main.rs,327,38
1985,CALL_SITE,write_report::bb218::call173,orchestration/src/main.rs,327,38
1986,BASIC_BLOCK,write_report::bb219,orchestration/src/main.rs,327,38
1987,CALL_SITE,write_report::bb21::call16,/home/cicero-arch-omen/.rustup/toolchains/nightly-x86_64-unknown-linux-gnu/lib/rustlib/src/rust/library/alloc/src/macros.rs,113,9
1988,BASIC_BLOCK,write_report::bb22,orchestration/src/main.rs,264,26
1989,BASIC_BLOCK,write_report::bb220,orchestration/src/main.rs,328,50
1990,CALL_SITE,write_report::bb220::call174,orchestration/src/main.rs,328,50
1991,BASIC_BLOCK,write_report::bb221,orchestration/src/main.rs,330,13
1992,BASIC_BLOCK,write_report::bb222,orchestration/src/main.rs,328,54
1993,CALL_SITE,write_report::bb222::call175,orchestration/src/main.rs,328,54
1994,BASIC_BLOCK,write_report::bb223,/home/cicero-arch-omen/.rustup/toolchains/nightly-x86_64-unknown-linux-gnu/lib/rustlib/src/rust/library/alloc/src/macros.rs,114,33
1995,CALL_SITE,write_report::bb223::call176,/home/cicero-arch-omen/.rustup/toolchains/nightly-x86_64-unknown-linux-gnu/lib/rustlib/src/rust/library/alloc/src/macros.rs,114,33
1996,BASIC_BLOCK,write_report::bb224,/home/cicero-arch-omen/.rustup/toolchains/nightly-x86_64-unknown-linux-gnu/lib/rustlib/src/rust/library/alloc/src/macros.rs,114,13
1997,CALL_SITE,write_report::bb224::call177,/home/cicero-arch-omen/.rustup/toolchains/nightly-x86_64-unknown-linux-gnu/lib/rustlib/src/rust/library/alloc/src/macros.rs,114,13
1998,BASIC_BLOCK,write_report::bb225,/home/cicero-arch-omen/.rustup/toolchains/nightly-x86_64-unknown-linux-gnu/lib/rustlib/src/rust/library/alloc/src/macros.rs,113,9
1999,CALL_SITE,write_report::bb225::call178,/home/cicero-arch-omen/.rustup/toolchains/nightly-x86_64-unknown-linux-gnu/lib/rustlib/src/rust/library/alloc/src/macros.rs,113,9
2000,BASIC_BLOCK,write_report::bb226,orchestration/src/main.rs,328,34
2001,CALL_SITE,write_report::bb226::call179,orchestration/src/main.rs,328,34
2002,BASIC_BLOCK,write_report::bb227,orchestration/src/main.rs,328,21
2003,CALL_SITE,write_report::bb227::call180,orchestration/src/main.rs,328,21
2004,BASIC_BLOCK,write_report::bb228,orchestration/src/main.rs,328,74
2005,BASIC_BLOCK,write_report::bb229,orchestration/src/main.rs,332,17
2006,CALL_SITE,write_report::bb229::call181,orchestration/src/main.rs,332,17
2007,CALL_SITE,write_report::bb22::call17,orchestration/src/main.rs,264,26
2008,BASIC_BLOCK,write_report::bb23,orchestration/src/main.rs,264,13
2009,BASIC_BLOCK,write_report::bb230,orchestration/src/main.rs,332,17
2010,BASIC_BLOCK,write_report::bb231,orchestration/src/main.rs,333,17
2011,CALL_SITE,write_report::bb231::call182,orchestration/src/main.rs,333,17
2012,BASIC_BLOCK,write_report::bb232,orchestration/src/main.rs,334,47
2013,CALL_SITE,write_report::bb232::call183,orchestration/src/main.rs,334,47
2014,BASIC_BLOCK,write_report::bb233,orchestration/src/main.rs,334,47
2015,CALL_SITE,write_report::bb233::call184,orchestration/src/main.rs,334,47
2016,BASIC_BLOCK,write_report::bb234,orchestration/src/main.rs,335,17
2017,CALL_SITE,write_report::bb234::call185,orchestration/src/main.rs,335,17
2018,BASIC_BLOCK,write_report::bb235,orchestration/src/main.rs,335,17
2019,CALL_SITE,write_report::bb235::call186,orchestration/src/main.rs,335,17
2020,BASIC_BLOCK,write_report::bb236,orchestration/src/main.rs,336,29
2021,CALL_SITE,write_report::bb236::call187,orchestration/src/main.rs,336,29
2022,BASIC_BLOCK,write_report::bb237,orchestration/src/main.rs,336,17
2023,BASIC_BLOCK,write_report::bb238,orchestration/src/main.rs,336,29
2024,CALL_SITE,write_report::bb238::call188,orchestration/src/main.rs,336,29
2025,BASIC_BLOCK,write_report::bb239,orchestration/src/main.rs,336,29
2026,CALL_SITE,write_report::bb23::call18,orchestration/src/main.rs,264,13
2027,BASIC_BLOCK,write_report::bb24,orchestration/src/main.rs,264,68
2028,BASIC_BLOCK,write_report::bb240,orchestration/src/main.rs,337,49
2029,CALL_SITE,write_report::bb240::call189,orchestration/src/main.rs,337,49
2030,BASIC_BLOCK,write_report::bb241,orchestration/src/main.rs,341,17
2031,BASIC_BLOCK,write_report::bb242,/home/cicero-arch-omen/.rustup/toolchains/nightly-x86_64-unknown-linux-gnu/lib/rustlib/src/rust/library/alloc/src/macros.rs,114,33
2032,CALL_SITE,write_report::bb242::call190,/home/cicero-arch-omen/.rustup/toolchains/nightly-x86_64-unknown-linux-gnu/lib/rustlib/src/rust/library/alloc/src/macros.rs,114,33
2033,BASIC_BLOCK,write_report::bb243,/home/cicero-arch-omen/.rustup/toolchains/nightly-x86_64-unknown-linux-gnu/lib/rustlib/src/rust/library/alloc/src/macros.rs,114,13
2034,CALL_SITE,write_report::bb243::call191,/home/cicero-arch-omen/.rustup/toolchains/nightly-x86_64-unknown-linux-gnu/lib/rustlib/src/rust/library/alloc/src/macros.rs,114,13
2035,BASIC_BLOCK,write_report::bb244,/home/cicero-arch-omen/.rustup/toolchains/nightly-x86_64-unknown-linux-gnu/lib/rustlib/src/rust/library/alloc/src/macros.rs,113,9
2036,CALL_SITE,write_report::bb244::call192,/home/cicero-arch-omen/.rustup/toolchains/nightly-x86_64-unknown-linux-gnu/lib/rustlib/src/rust/library/alloc/src/macros.rs,113,9
2037,BASIC_BLOCK,write_report::bb245,orchestration/src/main.rs,337,34
2038,CALL_SITE,write_report::bb245::call193,orchestration/src/main.rs,337,34
2039,BASIC_BLOCK,write_report::bb246,orchestration/src/main.rs,337,21
2040,CALL_SITE,write_report::bb246::call194,orchestration/src/main.rs,337,21
2041,BASIC_BLOCK,write_report::bb247,orchestration/src/main.rs,337,63
2042,BASIC_BLOCK,write_report::bb248,orchestration/src/main.rs,338,58
2043,CALL_SITE,write_report::bb248::call195,orchestration/src/main.rs,338,58
2044,BASIC_BLOCK,write_report::bb249,orchestration/src/main.rs,338,33
2045,CALL_SITE,write_report::bb249::call196,orchestration/src/main.rs,338,33
2046,BASIC_BLOCK,write_report::bb25,orchestration/src/main.rs,269,16
2047,BASIC_BLOCK,write_report::bb250,orchestration/src/main.rs,338,33
2048,CALL_SITE,write_report::bb250::call197,orchestration/src/main.rs,338,33
2049,BASIC_BLOCK,write_report::bb251,orchestration/src/main.rs,338,33
2050,CALL_SITE,write_report::bb251::call198,orchestration/src/main.rs,338,33
2051,BASIC_BLOCK,write_report::bb252,orchestration/src/main.rs,338,21
2052,BASIC_BLOCK,write_report::bb253,orchestration/src/main.rs,338,33
2053,CALL_SITE,write_report::bb253::call199,orchestration/src/main.rs,338,33
2054,BASIC_BLOCK,write_report::bb254,orchestration/src/main.rs,338,33
2055,BASIC_BLOCK,write_report::bb255,orchestration/src/main.rs,339,54
2056,CALL_SITE,write_report::bb255::call200,orchestration/src/main.rs,339,54
2057,BASIC_BLOCK,write_report::bb256,/home/cicero-arch-omen/.rustup/toolchains/nightly-x86_64-unknown-linux-gnu/lib/rustlib/src/rust/library/alloc/src/macros.rs,114,33
2058,CALL_SITE,write_report::bb256::call201,/home/cicero-arch-omen/.rustup/toolchains/nightly-x86_64-unknown-linux-gnu/lib/rustlib/src/rust/library/alloc/src/macros.rs,114,33
2059,BASIC_BLOCK,write_report::bb257,/home/cicero-arch-omen/.rustup/toolchains/nightly-x86_64-unknown-linux-gnu/lib/rustlib/src/rust/library/alloc/src/macros.rs,114,13
2060,CALL_SITE,write_report::bb257::call202,/home/cicero-arch-omen/.rustup/toolchains/nightly-x86_64-unknown-linux-gnu/lib/rustlib/src/rust/library/alloc/src/macros.rs,114,13
2061,BASIC_BLOCK,write_report::bb258,/home/cicero-arch-omen/.rustup/toolchains/nightly-x86_64-unknown-linux-gnu/lib/rustlib/src/rust/library/alloc/src/macros.rs,113,9
2062,CALL_SITE,write_report::bb258::call203,/home/cicero-arch-omen/.rustup/toolchains/nightly-x86_64-unknown-linux-gnu/lib/rustlib/src/rust/library/alloc/src/macros.rs,113,9
2063,BASIC_BLOCK,write_report::bb259,orchestration/src/main.rs,339,38
2064,CALL_SITE,write_report::bb259::call204,orchestration/src/main.rs,339,38
2065,BASIC_BLOCK,write_report::bb26,orchestration/src/main.rs,270,13
2066,BASIC_BLOCK,write_report::bb260,orchestration/src/main.rs,339,25
2067,CALL_SITE,write_report::bb260::call205,orchestration/src/main.rs,339,25
2068,BASIC_BLOCK,write_report::bb261,orchestration/src/main.rs,339,67
2069,BASIC_BLOCK,write_report::bb262,orchestration/src/main.rs,332,13
2070,BASIC_BLOCK,write_report::bb263,orchestration/src/main.rs,344,17
2071,CALL_SITE,write_report::bb263::call206,orchestration/src/main.rs,344,17
2072,BASIC_BLOCK,write_report::bb264,orchestration/src/main.rs,344,17
2073,BASIC_BLOCK,write_report::bb265,orchestration/src/main.rs,345,17
2074,CALL_SITE,write_report::bb265::call207,orchestration/src/main.rs,345,17
2075,BASIC_BLOCK,write_report::bb266,orchestration/src/main.rs,346,26
2076,CALL_SITE,write_report::bb266::call208,orchestration/src/main.rs,346,26
2077,BASIC_BLOCK,write_report::bb267,orchestration/src/main.rs,346,17
2078,BASIC_BLOCK,write_report::bb268,orchestration/src/main.rs,346,26
2079,CALL_SITE,write_report::bb268::call209,orchestration/src/main.rs,346,26
2080,BASIC_BLOCK,write_report::bb269,orchestration/src/main.rs,346,26
2081,CALL_SITE,write_report::bb26::call19,orchestration/src/main.rs,270,13
2082,BASIC_BLOCK,write_report::bb27,orchestration/src/main.rs,271,60
2083,BASIC_BLOCK,write_report::bb270,orchestration/src/main.rs,347,28
2084,BASIC_BLOCK,write_report::bb271,orchestration/src/main.rs,348,37
2085,CALL_SITE,write_report::bb271::call210,orchestration/src/main.rs,348,37
2086,BASIC_BLOCK,write_report::bb272,orchestration/src/main.rs,348,37
2087,CALL_SITE,write_report::bb272::call211,orchestration/src/main.rs,348,37
2088,BASIC_BLOCK,write_report::bb273,orchestration/src/main.rs,348,37
2089,CALL_SITE,write_report::bb273::call212,orchestration/src/main.rs,348,37
2090,BASIC_BLOCK,write_report::bb274,orchestration/src/main.rs,348,37
2091,CALL_SITE,write_report::bb274::call213,orchestration/src/main.rs,348,37
2092,BASIC_BLOCK,write_report::bb275,orchestration/src/main.rs,348,25
2093,BASIC_BLOCK,write_report::bb276,orchestration/src/main.rs,348,37
2094,CALL_SITE,write_report::bb276::call214,orchestration/src/main.rs,348,37
2095,BASIC_BLOCK,write_report::bb277,orchestration/src/main.rs,348,37
2096,BASIC_BLOCK,write_report::bb278,orchestration/src/main.rs,349,54
2097,CALL_SITE,write_report::bb278::call215,orchestration/src/main.rs,349,54
2098,BASIC_BLOCK,write_report::bb279,/home/cicero-arch-omen/.rustup/toolchains/nightly-x86_64-unknown-linux-gnu/lib/rustlib/src/rust/library/alloc/src/macros.rs,114,33
2099,CALL_SITE,write_report::bb279::call216,/home/cicero-arch-omen/.rustup/toolchains/nightly-x86_64-unknown-linux-gnu/lib/rustlib/src/rust/library/alloc/src/macros.rs,114,33
2100,CALL_SITE,write_report::bb27::call20,orchestration/src/main.rs,271,60
2101,BASIC_BLOCK,write_report::bb28,/home/cicero-arch-omen/.rustup/toolchains/nightly-x86_64-unknown-linux-gnu/lib/rustlib/src/rust/library/alloc/src/macros.rs,114,33
2102,BASIC_BLOCK,write_report::bb280,/home/cicero-arch-omen/.rustup/toolchains/nightly-x86_64-unknown-linux-gnu/lib/rustlib/src/rust/library/alloc/src/macros.rs,114,13
2103,CALL_SITE,write_report::bb280::call217,/home/cicero-arch-omen/.rustup/toolchains/nightly-x86_64-unknown-linux-gnu/lib/rustlib/src/rust/library/alloc/src/macros.rs,114,13
2104,BASIC_BLOCK,write_report::bb281,/home/cicero-arch-omen/.rustup/toolchains/nightly-x86_64-unknown-linux-gnu/lib/rustlib/src/rust/library/alloc/src/macros.rs,113,9
2105,CALL_SITE,write_report::bb281::call218,/home/cicero-arch-omen/.rustup/toolchains/nightly-x86_64-unknown-linux-gnu/lib/rustlib/src/rust/library/alloc/src/macros.rs,113,9
2106,BASIC_BLOCK,write_report::bb282,orchestration/src/main.rs,349,42
2107,CALL_SITE,write_report::bb282::call219,orchestration/src/main.rs,349,42
2108,BASIC_BLOCK,write_report::bb283,orchestration/src/main.rs,349,29
2109,CALL_SITE,write_report::bb283::call220,orchestration/src/main.rs,349,29
2110,BASIC_BLOCK,write_report::bb284,orchestration/src/main.rs,349,67
2111,BASIC_BLOCK,write_report::bb285,orchestration/src/main.rs,352,51
2112,CALL_SITE,write_report::bb285::call221,orchestration/src/main.rs,352,51
2113,BASIC_BLOCK,write_report::bb286,orchestration/src/main.rs,352,55
2114,CALL_SITE,write_report::bb286::call222,orchestration/src/main.rs,352,55
2115,BASIC_BLOCK,write_report::bb287,/home/cicero-arch-omen/.rustup/toolchains/nightly-x86_64-unknown-linux-gnu/lib/rustlib/src/rust/library/alloc/src/macros.rs,114,33
2116,CALL_SITE,write_report::bb287::call223,/home/cicero-arch-omen/.rustup/toolchains/nightly-x86_64-unknown-linux-gnu/lib/rustlib/src/rust/library/alloc/src/macros.rs,114,33
2117,BASIC_BLOCK,write_report::bb288,/home/cicero-arch-omen/.rustup/toolchains/nightly-x86_64-unknown-linux-gnu/lib/rustlib/src/rust/library/alloc/src/macros.rs,114,13
2118,CALL_SITE,write_report::bb288::call224,/home/cicero-arch-omen/.rustup/toolchains/nightly-x86_64-unknown-linux-gnu/lib/rustlib/src/rust/library/alloc/src/macros.rs,114,13
2119,BASIC_BLOCK,write_report::bb289,/home/cicero-arch-omen/.rustup/toolchains/nightly-x86_64-unknown-linux-gnu/lib/rustlib/src/rust/library/alloc/src/macros.rs,113,9
2120,CALL_SITE,write_report::bb289::call225,/home/cicero-arch-omen/.rustup/toolchains/nightly-x86_64-unknown-linux-gnu/lib/rustlib/src/rust/library/alloc/src/macros.rs,113,9
2121,CALL_SITE,write_report::bb28::call21,/home/cicero-arch-omen/.rustup/toolchains/nightly-x86_64-unknown-linux-gnu/lib/rustlib/src/rust/library/alloc/src/macros.rs,114,33
2122,BASIC_BLOCK,write_report::bb29,/home/cicero-arch-omen/.rustup/toolchains/nightly-x86_64-unknown-linux-gnu/lib/rustlib/src/rust/library/alloc/src/macros.rs,114,13
2123,BASIC_BLOCK,write_report::bb290,orchestration/src/main.rs,352,38
2124,CALL_SITE,write_report::bb290::call226,orchestration/src/main.rs,352,38
2125,BASIC_BLOCK,write_report::bb291,orchestration/src/main.rs,352,25
2126,CALL_SITE,write_report::bb291::call227,orchestration/src/main.rs,352,25
2127,BASIC_BLOCK,write_report::bb292,orchestration/src/main.rs,352,82
2128,BASIC_BLOCK,write_report::bb293,orchestration/src/main.rs,357,13
2129,CALL_SITE,write_report::bb293::call228,orchestration/src/main.rs,357,13
2130,BASIC_BLOCK,write_report::bb294,orchestration/src/main.rs,360,9
2131,CALL_SITE,write_report::bb294::call229,orchestration/src/main.rs,360,9
2132,BASIC_BLOCK,write_report::bb295,orchestration/src/main.rs,363,5
2133,CALL_SITE,write_report::bb295::call230,orchestration/src/main.rs,363,5
2134,BASIC_BLOCK,write_report::bb296,orchestration/src/main.rs,364,2
2135,BASIC_BLOCK,write_report::bb297,orchestration/src/main.rs,352,82
2136,BASIC_BLOCK,write_report::bb298,orchestration/src/main.rs,349,67
2137,BASIC_BLOCK,write_report::bb299,orchestration/src/main.rs,339,67
2138,CALL_SITE,write_report::bb29::call22,/home/cicero-arch-omen/.rustup/toolchains/nightly-x86_64-unknown-linux-gnu/lib/rustlib/src/rust/library/alloc/src/macros.rs,114,13
2139,CALL_SITE,write_report::bb2::call2,orchestration/src/main.rs,257,5
2140,BASIC_BLOCK,write_report::bb3,orchestration/src/main.rs,258,5
2141,BASIC_BLOCK,write_report::bb30,/home/cicero-arch-omen/.rustup/toolchains/nightly-x86_64-unknown-linux-gnu/lib/rustlib/src/rust/library/alloc/src/macros.rs,113,9
2142,BASIC_BLOCK,write_report::bb300,orchestration/src/main.rs,337,63
2143,BASIC_BLOCK,write_report::bb301,orchestration/src/main.rs,341,17
2144,BASIC_BLOCK,write_report::bb302,orchestration/src/main.rs,328,74
2145,BASIC_BLOCK,write_report::bb303,orchestration/src/main.rs,330,13
2146,BASIC_BLOCK,write_report::bb304,orchestration/src/main.rs,319,74
2147,BASIC_BLOCK,write_report::bb305,orchestration/src/main.rs,321,13
2148,BASIC_BLOCK,write_report::bb306,orchestration/src/main.rs,312,84
2149,BASIC_BLOCK,write_report::bb307,orchestration/src/main.rs,311,80
2150,BASIC_BLOCK,write_report::bb308,orchestration/src/main.rs,310,110
2151,BASIC_BLOCK,write_report::bb309,orchestration/src/main.rs,301,105
2152,CALL_SITE,write_report::bb30::call23,/home/cicero-arch-omen/.rustup/toolchains/nightly-x86_64-unknown-linux-gnu/lib/rustlib/src/rust/library/alloc/src/macros.rs,113,9
2153,BASIC_BLOCK,write_report::bb31,orchestration/src/main.rs,271,26
2154,BASIC_BLOCK,write_report::bb310,orchestration/src/main.rs,297,90
2155,BASIC_BLOCK,write_report::bb311,orchestration/src/main.rs,296,92
2156,BASIC_BLOCK,write_report::bb312,orchestration/src/main.rs,295,93
2157,BASIC_BLOCK,write_report::bb313,orchestration/src/main.rs,294,109
2158,BASIC_BLOCK,write_report::bb314,orchestration/src/main.rs,293,99
2159,BASIC_BLOCK,write_report::bb315,orchestration/src/main.rs,292,97
2160,BASIC_BLOCK,write_report::bb316,orchestration/src/main.rs,291,93
2161,BASIC_BLOCK,write_report::bb317,orchestration/src/main.rs,290,95
2162,BASIC_BLOCK,write_report::bb318,orchestration/src/main.rs,289,114
2163,BASIC_BLOCK,write_report::bb319,orchestration/src/main.rs,288,107
2164,CALL_SITE,write_report::bb31::call24,orchestration/src/main.rs,271,26
2165,BASIC_BLOCK,write_report::bb32,orchestration/src/main.rs,271,13
2166,BASIC_BLOCK,write_report::bb320,orchestration/src/main.rs,287,105
2167,BASIC_BLOCK,write_report::bb321,orchestration/src/main.rs,278,150
2168,BASIC_BLOCK,write_report::bb322,orchestration/src/main.rs,273,97
2169,BASIC_BLOCK,write_report::bb323,orchestration/src/main.rs,272,89
2170,BASIC_BLOCK,write_report::bb324,orchestration/src/main.rs,271,80
2171,BASIC_BLOCK,write_report::bb325,orchestration/src/main.rs,264,68
2172,BASIC_BLOCK,write_report::bb326,orchestration/src/main.rs,261,63
2173,BASIC_BLOCK,write_report::bb327,orchestration/src/main.rs,254,1
2174,BASIC_BLOCK,write_report::bb328,orchestration/src/main.rs,342,13
2175,BASIC_BLOCK,write_report::bb329,orchestration/src/main.rs,342,13
2176,CALL_SITE,write_report::bb32::call25,orchestration/src/main.rs,271,13
2177,BASIC_BLOCK,write_report::bb33,orchestration/src/main.rs,271,80
2178,BASIC_BLOCK,write_report::bb330,orchestration/src/main.rs,364,1
2179,BASIC_BLOCK,write_report::bb331,orchestration/src/main.rs,364,1
2180,BASIC_BLOCK,write_report::bb332,orchestration/src/main.rs,305,13
2181,BASIC_BLOCK,write_report::bb333,orchestration/src/main.rs,357,13
2182,BASIC_BLOCK,write_report::bb334,orchestration/src/main.rs,360,9
2183,BASIC_BLOCK,write_report::bb34,orchestration/src/main.rs,272,63
2184,CALL_SITE,write_report::bb34::call26,orchestration/src/main.rs,272,63
2185,BASIC_BLOCK,write_report::bb35,/home/cicero-arch-omen/.rustup/toolchains/nightly-x86_64-unknown-linux-gnu/lib/rustlib/src/rust/library/alloc/src/macros.rs,114,33
2186,CALL_SITE,write_report::bb35::call27,/home/cicero-arch-omen/.rustup/toolchains/nightly-x86_64-unknown-linux-gnu/lib/rustlib/src/rust/library/alloc/src/macros.rs,114,33
2187,BASIC_BLOCK,write_report::bb36,/home/cicero-arch-omen/.rustup/toolchains/nightly-x86_64-unknown-linux-gnu/lib/rustlib/src/rust/library/alloc/src/macros.rs,114,13
2188,CALL_SITE,write_report::bb36::call28,/home/cicero-arch-omen/.rustup/toolchains/nightly-x86_64-unknown-linux-gnu/lib/rustlib/src/rust/library/alloc/src/macros.rs,114,13
2189,BASIC_BLOCK,write_report::bb37,/home/cicero-arch-omen/.rustup/toolchains/nightly-x86_64-unknown-linux-gnu/lib/rustlib/src/rust/library/alloc/src/macros.rs,113,9
2190,CALL_SITE,write_report::bb37::call29,/home/cicero-arch-omen/.rustup/toolchains/nightly-x86_64-unknown-linux-gnu/lib/rustlib/src/rust/library/alloc/src/macros.rs,113,9
2191,BASIC_BLOCK,write_report::bb38,orchestration/src/main.rs,272,26
2192,CALL_SITE,write_report::bb38::call30,orchestration/src/main.rs,272,26
2193,BASIC_BLOCK,write_report::bb39,orchestration/src/main.rs,272,13
2194,CALL_SITE,write_report::bb39::call31,orchestration/src/main.rs,272,13
2195,CALL_SITE,write_report::bb3::call3,orchestration/src/main.rs,258,5
2196,BASIC_BLOCK,write_report::bb4,orchestration/src/main.rs,260,14
2197,BASIC_BLOCK,write_report::bb40,orchestration/src/main.rs,272,89
2198,BASIC_BLOCK,write_report::bb41,orchestration/src/main.rs,273,62
2199,CALL_SITE,write_report::bb41::call32,orchestration/src/main.rs,273,62
2200,BASIC_BLOCK,write_report::bb42,/home/cicero-arch-omen/.rustup/toolchains/nightly-x86_64-unknown-linux-gnu/lib/rustlib/src/rust/library/alloc/src/macros.rs,114,33
2201,CALL_SITE,write_report::bb42::call33,/home/cicero-arch-omen/.rustup/toolchains/nightly-x86_64-unknown-linux-gnu/lib/rustlib/src/rust/library/alloc/src/macros.rs,114,33
2202,BASIC_BLOCK,write_report::bb43,/home/cicero-arch-omen/.rustup/toolchains/nightly-x86_64-unknown-linux-gnu/lib/rustlib/src/rust/library/alloc/src/macros.rs,114,13
2203,CALL_SITE,write_report::bb43::call34,/home/cicero-arch-omen/.rustup/toolchains/nightly-x86_64-unknown-linux-gnu/lib/rustlib/src/rust/library/alloc/src/macros.rs,114,13
2204,BASIC_BLOCK,write_report::bb44,/home/cicero-arch-omen/.rustup/toolchains/nightly-x86_64-unknown-linux-gnu/lib/rustlib/src/rust/library/alloc/src/macros.rs,113,9
2205,CALL_SITE,write_report::bb44::call35,/home/cicero-arch-omen/.rustup/toolchains/nightly-x86_64-unknown-linux-gnu/lib/rustlib/src/rust/library/alloc/src/macros.rs,113,9
2206,BASIC_BLOCK,write_report::bb45,orchestration/src/main.rs,273,26
2207,CALL_SITE,write_report::bb45::call36,orchestration/src/main.rs,273,26
2208,BASIC_BLOCK,write_report::bb46,orchestration/src/main.rs,273,13
2209,CALL_SITE,write_report::bb46::call37,orchestration/src/main.rs,273,13
2210,BASIC_BLOCK,write_report::bb47,orchestration/src/main.rs,273,97
2211,BASIC_BLOCK,write_report::bb48,orchestration/src/main.rs,274,16
2212,BASIC_BLOCK,write_report::bb49,orchestration/src/main.rs,275,17
2213,CALL_SITE,write_report::bb49::call38,orchestration/src/main.rs,275,17
2214,CALL_SITE,write_report::bb4::call4,orchestration/src/main.rs,260,14
2215,BASIC_BLOCK,write_report::bb5,orchestration/src/main.rs,260,5
2216,BASIC_BLOCK,write_report::bb50,orchestration/src/main.rs,276,26
2217,CALL_SITE,write_report::bb50::call39,orchestration/src/main.rs,276,26
2218,BASIC_BLOCK,write_report::bb51,orchestration/src/main.rs,276,17
2219,BASIC_BLOCK,write_report::bb52,orchestration/src/main.rs,276,26
2220,CALL_SITE,write_report::bb52::call40,orchestration/src/main.rs,276,26
2221,BASIC_BLOCK,write_report::bb53,orchestration/src/main.rs,276,26
2222,BASIC_BLOCK,write_report::bb54,orchestration/src/main.rs,277,24
2223,BASIC_BLOCK,write_report::bb55,orchestration/src/main.rs,278,97
2224,CALL_SITE,write_report::bb55::call41,orchestration/src/main.rs,278,97
2225,BASIC_BLOCK,write_report::bb56,orchestration/src/main.rs,278,97
2226,CALL_SITE,write_report::bb56::call42,orchestration/src/main.rs,278,97
2227,BASIC_BLOCK,write_report::bb57,orchestration/src/main.rs,278,54
2228,CALL_SITE,write_report::bb57::call43,orchestration/src/main.rs,278,54
2229,BASIC_BLOCK,write_report::bb58,orchestration/src/main.rs,278,58
2230,CALL_SITE,write_report::bb58::call44,orchestration/src/main.rs,278,58
2231,BASIC_BLOCK,write_report::bb59,orchestration/src/main.rs,278,63
2232,CALL_SITE,write_report::bb59::call45,orchestration/src/main.rs,278,63
2233,BASIC_BLOCK,write_report::bb6,orchestration/src/main.rs,260,14
2234,BASIC_BLOCK,write_report::bb60,/home/cicero-arch-omen/.rustup/toolchains/nightly-x86_64-unknown-linux-gnu/lib/rustlib/src/rust/library/alloc/src/macros.rs,114,33
2235,CALL_SITE,write_report::bb60::call46,/home/cicero-arch-omen/.rustup/toolchains/nightly-x86_64-unknown-linux-gnu/lib/rustlib/src/rust/library/alloc/src/macros.rs,114,33
2236,BASIC_BLOCK,write_report::bb61,/home/cicero-arch-omen/.rustup/toolchains/nightly-x86_64-unknown-linux-gnu/lib/rustlib/src/rust/library/alloc/src/macros.rs,114,13
2237,CALL_SITE,write_report::bb61::call47,/home/cicero-arch-omen/.rustup/toolchains/nightly-x86_64-unknown-linux-gnu/lib/rustlib/src/rust/library/alloc/src/macros.rs,114,13
2238,BASIC_BLOCK,write_report::bb62,/home/cicero-arch-omen/.rustup/toolchains/nightly-x86_64-unknown-linux-gnu/lib/rustlib/src/rust/library/alloc/src/macros.rs,113,9
2239,CALL_SITE,write_report::bb62::call48,/home/cicero-arch-omen/.rustup/toolchains/nightly-x86_64-unknown-linux-gnu/lib/rustlib/src/rust/library/alloc/src/macros.rs,113,9
2240,BASIC_BLOCK,write_report::bb63,orchestration/src/main.rs,278,38
2241,CALL_SITE,write_report::bb63::call49,orchestration/src/main.rs,278,38
2242,BASIC_BLOCK,write_report::bb64,orchestration/src/main.rs,278,25
2243,CALL_SITE,write_report::bb64::call50,orchestration/src/main.rs,278,25
2244,BASIC_BLOCK,write_report::bb65,orchestration/src/main.rs,278,150
2245,BASIC_BLOCK,write_report::bb66,orchestration/src/main.rs,285,16
2246,BASIC_BLOCK,write_report::bb67,orchestration/src/main.rs,286,13
2247,CALL_SITE,write_report::bb67::call51,orchestration/src/main.rs,286,13
2248,BASIC_BLOCK,write_report::bb68,orchestration/src/main.rs,287,72
2249,CALL_SITE,write_report::bb68::call52,orchestration/src/main.rs,287,72
2250,BASIC_BLOCK,write_report::bb69,/home/cicero-arch-omen/.rustup/toolchains/nightly-x86_64-unknown-linux-gnu/lib/rustlib/src/rust/library/alloc/src/macros.rs,114,33
2251,CALL_SITE,write_report::bb69::call53,/home/cicero-arch-omen/.rustup/toolchains/nightly-x86_64-unknown-linux-gnu/lib/rustlib/src/rust/library/alloc/src/macros.rs,114,33
2252,CALL_SITE,write_report::bb6::call5,orchestration/src/main.rs,260,14
2253,BASIC_BLOCK,write_report::bb7,orchestration/src/main.rs,260,14
2254,BASIC_BLOCK,write_report::bb70,/home/cicero-arch-omen/.rustup/toolchains/nightly-x86_64-unknown-linux-gnu/lib/rustlib/src/rust/library/alloc/src/macros.rs,114,13
2255,CALL_SITE,write_report::bb70::call54,/home/cicero-arch-omen/.rustup/toolchains/nightly-x86_64-unknown-linux-gnu/lib/rustlib/src/rust/library/alloc/src/macros.rs,114,13
2256,BASIC_BLOCK,write_report::bb71,/home/cicero-arch-omen/.rustup/toolchains/nightly-x86_64-unknown-linux-gnu/lib/rustlib/src/rust/library/alloc/src/macros.rs,113,9
2257,CALL_SITE,write_report::bb71::call55,/home/cicero-arch-omen/.rustup/toolchains/nightly-x86_64-unknown-linux-gnu/lib/rustlib/src/rust/library/alloc/src/macros.rs,113,9
2258,BASIC_BLOCK,write_report::bb72,orchestration/src/main.rs,287,26
2259,CALL_SITE,write_report::bb72::call56,orchestration/src/main.rs,287,26
2260,BASIC_BLOCK,write_report::bb73,orchestration/src/main.rs,287,13
2261,CALL_SITE,write_report::bb73::call57,orchestration/src/main.rs,287,13
2262,BASIC_BLOCK,write_report::bb74,orchestration/src/main.rs,287,105
2263,BASIC_BLOCK,write_report::bb75,orchestration/src/main.rs,288,70
2264,CALL_SITE,write_report::bb75::call58,orchestration/src/main.rs,288,70
2265,BASIC_BLOCK,write_report::bb76,/home/cicero-arch-omen/.rustup/toolchains/nightly-x86_64-unknown-linux-gnu/lib/rustlib/src/rust/library/alloc/src/macros.rs,114,33
2266,CALL_SITE,write_report::bb76::call59,/home/cicero-arch-omen/.rustup/toolchains/nightly-x86_64-unknown-linux-gnu/lib/rustlib/src/rust/library/alloc/src/macros.rs,114,33
2267,BASIC_BLOCK,write_report::bb77,/home/cicero-arch-omen/.rustup/toolchains/nightly-x86_64-unknown-linux-gnu/lib/rustlib/src/rust/library/alloc/src/macros.rs,114,13
2268,CALL_SITE,write_report::bb77::call60,/home/cicero-arch-omen/.rustup/toolchains/nightly-x86_64-unknown-linux-gnu/lib/rustlib/src/rust/library/alloc/src/macros.rs,114,13
2269,BASIC_BLOCK,write_report::bb78,/home/cicero-arch-omen/.rustup/toolchains/nightly-x86_64-unknown-linux-gnu/lib/rustlib/src/rust/library/alloc/src/macros.rs,113,9
2270,CALL_SITE,write_report::bb78::call61,/home/cicero-arch-omen/.rustup/toolchains/nightly-x86_64-unknown-linux-gnu/lib/rustlib/src/rust/library/alloc/src/macros.rs,113,9
2271,BASIC_BLOCK,write_report::bb79,orchestration/src/main.rs,288,26
2272,CALL_SITE,write_report::bb79::call62,orchestration/src/main.rs,288,26
2273,BASIC_BLOCK,write_report::bb8,orchestration/src/main.rs,1,1
2274,BASIC_BLOCK,write_report::bb80,orchestration/src/main.rs,288,13
2275,CALL_SITE,write_report::bb80::call63,orchestration/src/main.rs,288,13
2276,BASIC_BLOCK,write_report::bb81,orchestration/src/main.rs,288,107
2277,BASIC_BLOCK,write_report::bb82,orchestration/src/main.rs,289,74
2278,CALL_SITE,write_report::bb82::call64,orchestration/src/main.rs,289,74
2279,BASIC_BLOCK,write_report::bb83,/home/cicero-arch-omen/.rustup/toolchains/nightly-x86_64-unknown-linux-gnu/lib/rustlib/src/rust/library/alloc/src/macros.rs,114,33
2280,CALL_SITE,write_report::bb83::call65,/home/cicero-arch-omen/.rustup/toolchains/nightly-x86_64-unknown-linux-gnu/lib/rustlib/src/rust/library/alloc/src/macros.rs,114,33
2281,BASIC_BLOCK,write_report::bb84,/home/cicero-arch-omen/.rustup/toolchains/nightly-x86_64-unknown-linux-gnu/lib/rustlib/src/rust/library/alloc/src/macros.rs,114,13
2282,CALL_SITE,write_report::bb84::call66,/home/cicero-arch-omen/.rustup/toolchains/nightly-x86_64-unknown-linux-gnu/lib/rustlib/src/rust/library/alloc/src/macros.rs,114,13
2283,BASIC_BLOCK,write_report::bb85,/home/cicero-arch-omen/.rustup/toolchains/nightly-x86_64-unknown-linux-gnu/lib/rustlib/src/rust/library/alloc/src/macros.rs,113,9
2284,CALL_SITE,write_report::bb85::call67,/home/cicero-arch-omen/.rustup/toolchains/nightly-x86_64-unknown-linux-gnu/lib/rustlib/src/rust/library/alloc/src/macros.rs,113,9
2285,BASIC_BLOCK,write_report::bb86,orchestration/src/main.rs,289,26
2286,CALL_SITE,write_report::bb86::call68,orchestration/src/main.rs,289,26
2287,BASIC_BLOCK,write_report::bb87,orchestration/src/main.rs,289,13
2288,CALL_SITE,write_report::bb87::call69,orchestration/src/main.rs,289,13
2289,BASIC_BLOCK,write_report::bb88,orchestration/src/main.rs,289,114
2290,BASIC_BLOCK,write_report::bb89,orchestration/src/main.rs,290,63
2291,CALL_SITE,write_report::bb89::call70,orchestration/src/main.rs,290,63
2292,BASIC_BLOCK,write_report::bb9,orchestration/src/main.rs,261,43
2293,BASIC_BLOCK,write_report::bb90,/home/cicero-arch-omen/.rustup/toolchains/nightly-x86_64-unknown-linux-gnu/lib/rustlib/src/rust/library/alloc/src/macros.rs,114,33
2294,CALL_SITE,write_report::bb90::call71,/home/cicero-arch-omen/.rustup/toolchains/nightly-x86_64-unknown-linux-gnu/lib/rustlib/src/rust/library/alloc/src/macros.rs,114,33
2295,BASIC_BLOCK,write_report::bb91,/home/cicero-arch-omen/.rustup/toolchains/nightly-x86_64-unknown-linux-gnu/lib/rustlib/src/rust/library/alloc/src/macros.rs,114,13
2296,CALL_SITE,write_report::bb91::call72,/home/cicero-arch-omen/.rustup/toolchains/nightly-x86_64-unknown-linux-gnu/lib/rustlib/src/rust/library/alloc/src/macros.rs,114,13
2297,BASIC_BLOCK,write_report::bb92,/home/cicero-arch-omen/.rustup/toolchains/nightly-x86_64-unknown-linux-gnu/lib/rustlib/src/rust/library/alloc/src/macros.rs,113,9
2298,CALL_SITE,write_report::bb92::call73,/home/cicero-arch-omen/.rustup/toolchains/nightly-x86_64-unknown-linux-gnu/lib/rustlib/src/rust/library/alloc/src/macros.rs,113,9
2299,BASIC_BLOCK,write_report::bb93,orchestration/src/main.rs,290,26
2300,CALL_SITE,write_report::bb93::call74,orchestration/src/main.rs,290,26
2301,BASIC_BLOCK,write_report::bb94,orchestration/src/main.rs,290,13
2302,CALL_SITE,write_report::bb94::call75,orchestration/src/main.rs,290,13
2303,BASIC_BLOCK,write_report::bb95,orchestration/src/main.rs,290,95
2304,BASIC_BLOCK,write_report::bb96,orchestration/src/main.rs,291,62
2305,CALL_SITE,write_report::bb96::call76,orchestration/src/main.rs,291,62
2306,BASIC_BLOCK,write_report::bb97,/home/cicero-arch-omen/.rustup/toolchains/nightly-x86_64-unknown-linux-gnu/lib/rustlib/src/rust/library/alloc/src/macros.rs,114,33
2307,CALL_SITE,write_report::bb97::call77,/home/cicero-arch-omen/.rustup/toolchains/nightly-x86_64-unknown-linux-gnu/lib/rustlib/src/rust/library/alloc/src/macros.rs,114,33
2308,BASIC_BLOCK,write_report::bb98,/home/cicero-arch-omen/.rustup/toolchains/nightly-x86_64-unknown-linux-gnu/lib/rustlib/src/rust/library/alloc/src/macros.rs,114,13
2309,CALL_SITE,write_report::bb98::call78,/home/cicero-arch-omen/.rustup/toolchains/nightly-x86_64-unknown-linux-gnu/lib/rustlib/src/rust/library/alloc/src/macros.rs,114,13
2310,BASIC_BLOCK,write_report::bb99,/home/cicero-arch-omen/.rustup/toolchains/nightly-x86_64-unknown-linux-gnu/lib/rustlib/src/rust/library/alloc/src/macros.rs,113,9
2311,CALL_SITE,write_report::bb99::call79,/home/cicero-arch-omen/.rustup/toolchains/nightly-x86_64-unknown-linux-gnu/lib/rustlib/src/rust/library/alloc/src/macros.rs,113,9
2312,CALL_SITE,write_report::bb9::call6,orchestration/src/main.rs,261,43
2313,FUNCTION,write_report::fn,orchestration/src/main.rs,254,1
2314,PARAM,write_report::param0,orchestration/src/main.rs,254,17
