src_id,dst_id,edge_kind
2154,2156,HAS_FIELD
2154,2155,HAS_FIELD
2207,2208,HAS_PARAM
2207,2209,HAS_PARAM
2207,2157,HAS_BLOCK
2157,2159,FLOW
2207,2159,HAS_BLOCK
2159,2179,FLOW
2159,2194,FLOW
2159,2194,UNWIND
2207,2179,HAS_BLOCK
2179,2192,FLOW
2207,2192,HAS_BLOCK
2192,2198,FLOW
2192,2194,FLOW
2192,2194,UNWIND
2207,2198,HAS_BLOCK
2198,2202,FLOW
2198,2200,FLOW
2198,2199,FLOW
2207,2199,HAS_BLOCK
2207,2200,HAS_BLOCK
2200,2196,FLOW
2200,2194,FLOW
2200,2194,UNWIND
2207,2202,HAS_BLOCK
2202,2203,FLOW
2202,2194,FLOW
2202,2194,UNWIND
2207,2203,HAS_BLOCK
2203,2205,FLOW
2203,2194,FLOW
2203,2194,UNWIND
2207,2205,HAS_BLOCK
2205,2160,FLOW
2205,2193,FLOW
2205,2193,UNWIND
2207,2160,HAS_BLOCK
2160,2162,FLOW
2160,2193,FLOW
2160,2193,UNWIND
2207,2162,HAS_BLOCK
2162,2164,FLOW
2162,2191,FLOW
2162,2191,UNWIND
2207,2164,HAS_BLOCK
2164,2165,FLOW
2207,2165,HAS_BLOCK
2165,2167,FLOW
2165,2191,FLOW
2165,2191,UNWIND
2207,2167,HAS_BLOCK
2167,2170,FLOW
2167,2168,FLOW
2167,2199,FLOW
2207,2168,HAS_BLOCK
2168,2172,FLOW
2168,2191,FLOW
2168,2191,UNWIND
2207,2170,HAS_BLOCK
2170,2189,FLOW
2170,2191,FLOW
2170,2191,UNWIND
2207,2172,HAS_BLOCK
2172,2174,FLOW
2172,2191,FLOW
2172,2191,UNWIND
2207,2174,HAS_BLOCK
2174,2176,FLOW
2174,2191,FLOW
2174,2191,UNWIND
2207,2176,HAS_BLOCK
2176,2180,FLOW
2176,2191,FLOW
2176,2191,UNWIND
2207,2180,HAS_BLOCK
2180,2181,FLOW
2207,2181,HAS_BLOCK
2181,2183,FLOW
2181,2191,FLOW
2181,2191,UNWIND
2207,2183,HAS_BLOCK
2183,2165,FLOW
2183,2184,FLOW
2183,2199,FLOW
2207,2184,HAS_BLOCK
2184,2185,FLOW
2184,2165,FLOW
2207,2185,HAS_BLOCK
2185,2187,FLOW
2185,2191,FLOW
2185,2191,UNWIND
2207,2187,HAS_BLOCK
2187,2188,FLOW
2187,2191,FLOW
2187,2191,UNWIND
2207,2188,HAS_BLOCK
2188,2181,FLOW
2207,2189,HAS_BLOCK
2189,2190,FLOW
2207,2190,HAS_BLOCK
2190,2207,RETURN
2207,2191,HAS_BLOCK
2191,2193,FLOW
2207,2193,HAS_BLOCK
2193,2194,FLOW
2207,2194,HAS_BLOCK
2194,2195,FLOW
2207,2195,HAS_BLOCK
2207,2196,HAS_BLOCK
2196,2192,FLOW
2294,2295,HAS_PARAM
2294,2270,HAS_BLOCK
2270,2272,FLOW
2294,2272,HAS_BLOCK
2272,2281,FLOW
2272,2358,CALL
2294,2281,HAS_BLOCK
2281,2283,FLOW
2294,2283,HAS_BLOCK
2283,2285,FLOW
2283,2287,FLOW
2283,2284,FLOW
2294,2284,HAS_BLOCK
2294,2285,HAS_BLOCK
2285,2289,FLOW
2285,2278,FLOW
2285,2278,UNWIND
2294,2287,HAS_BLOCK
2287,2277,FLOW
2294,2289,HAS_BLOCK
2289,2291,FLOW
2289,2278,FLOW
2289,2278,UNWIND
2289,2358,CALL
2294,2291,HAS_BLOCK
2291,2293,FLOW
2291,2278,FLOW
2291,2278,UNWIND
2294,2293,HAS_BLOCK
2293,2273,FLOW
2293,2274,FLOW
2293,2284,FLOW
2294,2273,HAS_BLOCK
2273,2277,FLOW
2294,2274,HAS_BLOCK
2274,2276,FLOW
2274,2278,FLOW
2274,2278,UNWIND
2294,2276,HAS_BLOCK
2276,2277,FLOW
2294,2277,HAS_BLOCK
2277,2294,RETURN
2294,2278,HAS_BLOCK
2278,2279,FLOW
2294,2279,HAS_BLOCK
2266,2267,HAS_PARAM
2266,2268,HAS_PARAM
2266,2269,HAS_PARAM
2266,2210,HAS_BLOCK
2210,2212,FLOW
2266,2212,HAS_BLOCK
2212,2230,FLOW
2266,2230,HAS_BLOCK
2230,2247,FLOW
2230,2256,FLOW
2266,2247,HAS_BLOCK
2247,2257,FLOW
2247,2256,FLOW
2266,2256,HAS_BLOCK
2256,2251,FLOW
2266,2257,HAS_BLOCK
2257,2259,FLOW
2266,2259,HAS_BLOCK
2259,2261,FLOW
2259,2253,FLOW
2259,2253,UNWIND
2266,2261,HAS_BLOCK
2261,2263,FLOW
2261,2252,FLOW
2261,2252,UNWIND
2266,2263,HAS_BLOCK
2263,2265,FLOW
2263,2252,FLOW
2263,2252,UNWIND
2266,2265,HAS_BLOCK
2265,2213,FLOW
2266,2213,HAS_BLOCK
2213,2215,FLOW
2213,2252,FLOW
2213,2252,UNWIND
2266,2215,HAS_BLOCK
2215,2216,FLOW
2215,2248,FLOW
2215,2237,FLOW
2266,2216,HAS_BLOCK
2216,2222,FLOW
2216,2217,FLOW
2266,2217,HAS_BLOCK
2217,2219,FLOW
2217,2252,FLOW
2217,2252,UNWIND
2266,2219,HAS_BLOCK
2219,2221,FLOW
2219,2252,FLOW
2219,2252,UNWIND
2219,2377,CALL
2266,2221,HAS_BLOCK
2221,2250,FLOW
2221,2253,FLOW
2221,2253,UNWIND
2266,2222,HAS_BLOCK
2222,2224,FLOW
2222,2252,FLOW
2222,2252,UNWIND
2266,2224,HAS_BLOCK
2224,2225,FLOW
2224,2252,FLOW
2224,2252,UNWIND
2266,2225,HAS_BLOCK
2225,2227,FLOW
2225,2252,FLOW
2225,2252,UNWIND
2266,2227,HAS_BLOCK
2227,2231,FLOW
2227,2252,FLOW
2227,2252,UNWIND
2266,2231,HAS_BLOCK
2231,2233,FLOW
2231,2252,FLOW
2231,2252,UNWIND
2266,2233,HAS_BLOCK
2233,2234,FLOW
2266,2234,HAS_BLOCK
2234,2236,FLOW
2234,2252,FLOW
2234,2252,UNWIND
2266,2236,HAS_BLOCK
2236,2213,FLOW
2236,2238,FLOW
2236,2237,FLOW
2266,2237,HAS_BLOCK
2266,2238,HAS_BLOCK
2238,2240,FLOW
2238,2252,FLOW
2238,2252,UNWIND
2266,2240,HAS_BLOCK
2240,2242,FLOW
2240,2252,FLOW
2240,2252,UNWIND
2266,2242,HAS_BLOCK
2242,2234,FLOW
2242,2243,FLOW
2266,2243,HAS_BLOCK
2243,2245,FLOW
2243,2252,FLOW
2243,2252,UNWIND
2266,2245,HAS_BLOCK
2245,2255,FLOW
2245,2252,FLOW
2245,2252,UNWIND
2266,2248,HAS_BLOCK
2248,2249,FLOW
2248,2253,FLOW
2248,2253,UNWIND
2266,2249,HAS_BLOCK
2249,2251,FLOW
2266,2250,HAS_BLOCK
2250,2251,FLOW
2266,2251,HAS_BLOCK
2251,2266,RETURN
2266,2252,HAS_BLOCK
2252,2253,FLOW
2266,2253,HAS_BLOCK
2253,2254,FLOW
2266,2254,HAS_BLOCK
2266,2255,HAS_BLOCK
2255,2234,FLOW
2377,2378,HAS_PARAM
2377,2379,HAS_PARAM
2377,2380,HAS_PARAM
2377,2360,HAS_BLOCK
2360,2362,FLOW
2377,2362,HAS_BLOCK
2362,2366,FLOW
2377,2366,HAS_BLOCK
2366,2368,FLOW
2366,2364,FLOW
2366,2364,UNWIND
2377,2368,HAS_BLOCK
2368,2369,FLOW
2368,2373,FLOW
2377,2369,HAS_BLOCK
2369,2370,FLOW
2369,2364,FLOW
2369,2364,UNWIND
2377,2370,HAS_BLOCK
2370,2373,FLOW
2370,2372,FLOW
2370,2371,FLOW
2377,2371,HAS_BLOCK
2377,2372,HAS_BLOCK
2372,2366,FLOW
2377,2373,HAS_BLOCK
2373,2375,FLOW
2373,2364,FLOW
2373,2364,UNWIND
2377,2375,HAS_BLOCK
2375,2363,FLOW
2375,2364,FLOW
2375,2364,UNWIND
2377,2363,HAS_BLOCK
2363,2377,RETURN
2377,2364,HAS_BLOCK
2364,2365,FLOW
2377,2365,HAS_BLOCK
2358,2359,HAS_PARAM
2358,2296,HAS_BLOCK
2296,2298,FLOW
2358,2298,HAS_BLOCK
2298,2316,FLOW
2358,2316,HAS_BLOCK
2316,2344,FLOW
2316,2349,FLOW
2316,2331,FLOW
2358,2331,HAS_BLOCK
2358,2344,HAS_BLOCK
2344,2351,FLOW
2344,2343,FLOW
2344,2343,UNWIND
2358,2349,HAS_BLOCK
2349,2340,FLOW
2358,2351,HAS_BLOCK
2351,2353,FLOW
2351,2342,FLOW
2351,2342,UNWIND
2358,2353,HAS_BLOCK
2353,2355,FLOW
2353,2342,FLOW
2353,2342,UNWIND
2358,2355,HAS_BLOCK
2355,2356,FLOW
2355,2299,FLOW
2355,2331,FLOW
2358,2356,HAS_BLOCK
2356,2301,FLOW
2356,2342,FLOW
2356,2342,UNWIND
2358,2299,HAS_BLOCK
2299,2346,FLOW
2299,2342,FLOW
2299,2342,UNWIND
2358,2301,HAS_BLOCK
2301,2302,FLOW
2301,2342,FLOW
2301,2342,UNWIND
2358,2302,HAS_BLOCK
2302,2310,FLOW
2302,2303,FLOW
2358,2303,HAS_BLOCK
2303,2305,FLOW
2303,2342,FLOW
2303,2342,UNWIND
2358,2305,HAS_BLOCK
2305,2307,FLOW
2305,2342,FLOW
2305,2342,UNWIND
2358,2307,HAS_BLOCK
2307,2309,FLOW
2307,2342,FLOW
2307,2342,UNWIND
2358,2309,HAS_BLOCK
2309,2338,FLOW
2358,2310,HAS_BLOCK
2310,2312,FLOW
2310,2342,FLOW
2310,2342,UNWIND
2358,2312,HAS_BLOCK
2312,2313,FLOW
2312,2342,FLOW
2312,2342,UNWIND
2358,2313,HAS_BLOCK
2313,2317,FLOW
2313,2342,FLOW
2313,2342,UNWIND
2358,2317,HAS_BLOCK
2317,2319,FLOW
2317,2341,FLOW
2317,2341,UNWIND
2358,2319,HAS_BLOCK
2319,2321,FLOW
2319,2341,FLOW
2319,2341,UNWIND
2358,2321,HAS_BLOCK
2321,2323,FLOW
2321,2341,FLOW
2321,2341,UNWIND
2358,2323,HAS_BLOCK
2323,2324,FLOW
2358,2324,HAS_BLOCK
2324,2326,FLOW
2324,2341,FLOW
2324,2341,UNWIND
2358,2326,HAS_BLOCK
2326,2328,FLOW
2326,2327,FLOW
2326,2331,FLOW
2358,2327,HAS_BLOCK
2327,2329,FLOW
2327,2341,FLOW
2327,2341,UNWIND
2358,2328,HAS_BLOCK
2328,2337,FLOW
2328,2343,FLOW
2328,2343,UNWIND
2358,2329,HAS_BLOCK
2329,2330,FLOW
2329,2341,FLOW
2329,2341,UNWIND
2358,2330,HAS_BLOCK
2330,2332,FLOW
2330,2341,FLOW
2330,2341,UNWIND
2358,2332,HAS_BLOCK
2332,2333,FLOW
2332,2341,FLOW
2332,2341,UNWIND
2358,2333,HAS_BLOCK
2333,2335,FLOW
2333,2341,FLOW
2333,2341,UNWIND
2358,2335,HAS_BLOCK
2335,2347,FLOW
2335,2341,FLOW
2335,2341,UNWIND
2358,2337,HAS_BLOCK
2337,2340,FLOW
2358,2338,HAS_BLOCK
2338,2339,FLOW
2338,2343,FLOW
2338,2343,UNWIND
2358,2339,HAS_BLOCK
2339,2340,FLOW
2358,2340,HAS_BLOCK
2340,2358,RETURN
2358,2341,HAS_BLOCK
2341,2342,FLOW
2358,2342,HAS_BLOCK
2342,2343,FLOW
2358,2343,HAS_BLOCK
2343,2345,FLOW
2358,2345,HAS_BLOCK
2358,2346,HAS_BLOCK
2346,2338,FLOW
2358,2347,HAS_BLOCK
2347,2324,FLOW
2724,2725,HAS_FIELD
2741,2743,HAS_FIELD
2741,2742,HAS_FIELD
2732,2736,HAS_FIELD
2732,2737,HAS_FIELD
2732,2734,HAS_FIELD
2732,2735,HAS_FIELD
2732,2733,HAS_FIELD
3096,3097,HAS_PARAM
3096,3098,HAS_PARAM
3096,2818,HAS_BLOCK
2818,2820,FLOW
3096,2820,HAS_BLOCK
2820,2959,FLOW
2820,2938,FLOW
3096,2938,HAS_BLOCK
2938,2978,FLOW
3096,2959,HAS_BLOCK
2959,2888,FLOW
3096,2978,HAS_BLOCK
2978,3000,FLOW
3096,3000,HAS_BLOCK
3000,3038,FLOW
3000,3057,FLOW
3000,3019,FLOW
3096,3019,HAS_BLOCK
3096,3038,HAS_BLOCK
3038,3077,FLOW
3038,2899,FLOW
3038,2899,UNWIND
3096,3057,HAS_BLOCK
3057,2888,FLOW
3096,3077,HAS_BLOCK
3077,2821,FLOW
3077,2899,FLOW
3077,2899,UNWIND
3096,2821,HAS_BLOCK
2821,2838,FLOW
2821,2925,FLOW
2821,2925,UNWIND
3096,2838,HAS_BLOCK
2838,2859,FLOW
2838,2925,FLOW
2838,2925,UNWIND
3096,2859,HAS_BLOCK
2859,2876,FLOW
2859,2897,FLOW
2859,2897,UNWIND
3096,2876,HAS_BLOCK
2876,2898,FLOW
2876,2887,FLOW
3096,2887,HAS_BLOCK
2887,2885,FLOW
3096,2898,HAS_BLOCK
2898,2910,FLOW
2898,2897,FLOW
2898,2897,UNWIND
3096,2910,HAS_BLOCK
2910,2922,FLOW
2910,2897,FLOW
2910,2897,UNWIND
2910,3696,CALL
3096,2922,HAS_BLOCK
2922,2934,FLOW
2922,2897,FLOW
2922,2897,UNWIND
3096,2934,HAS_BLOCK
2934,2936,FLOW
2934,2939,FLOW
2934,3019,FLOW
3096,2936,HAS_BLOCK
2936,2941,FLOW
2936,2923,FLOW
2936,2923,UNWIND
3096,2939,HAS_BLOCK
2939,2926,FLOW
2939,2897,FLOW
2939,2897,UNWIND
3096,2941,HAS_BLOCK
2941,2943,FLOW
2941,2923,FLOW
2941,2923,UNWIND
2941,3578,CALL
3096,2943,HAS_BLOCK
2943,2945,FLOW
2943,2923,FLOW
2943,2923,UNWIND
3096,2945,HAS_BLOCK
2945,2946,FLOW
2945,2948,FLOW
2945,3019,FLOW
3096,2946,HAS_BLOCK
2946,2950,FLOW
2946,2919,FLOW
2946,2919,UNWIND
3096,2948,HAS_BLOCK
2948,2927,FLOW
2948,2923,FLOW
2948,2923,UNWIND
3096,2950,HAS_BLOCK
2950,2952,FLOW
2950,2919,FLOW
2950,2919,UNWIND
3096,2952,HAS_BLOCK
2952,2954,FLOW
2952,2919,FLOW
2952,2919,UNWIND
3096,2954,HAS_BLOCK
2954,2956,FLOW
2954,2919,FLOW
2954,2919,UNWIND
3096,2956,HAS_BLOCK
2956,2960,FLOW
2956,2919,FLOW
2956,2919,UNWIND
3096,2960,HAS_BLOCK
2960,2962,FLOW
2960,2919,FLOW
2960,2919,UNWIND
3096,2962,HAS_BLOCK
2962,2964,FLOW
2962,2919,FLOW
2962,2919,UNWIND
3096,2964,HAS_BLOCK
2964,2966,FLOW
2964,2896,FLOW
2964,2896,UNWIND
3096,2966,HAS_BLOCK
2966,2968,FLOW
2966,2895,FLOW
2966,2895,UNWIND
3096,2968,HAS_BLOCK
2968,2970,FLOW
2968,2895,FLOW
2968,2895,UNWIND
3096,2970,HAS_BLOCK
2970,2972,FLOW
2970,2895,FLOW
2970,2895,UNWIND
3096,2972,HAS_BLOCK
2972,2974,FLOW
2972,2895,FLOW
2972,2895,UNWIND
3096,2974,HAS_BLOCK
2974,2975,FLOW
3096,2975,HAS_BLOCK
2975,2977,FLOW
2975,2895,FLOW
2975,2895,UNWIND
3096,2977,HAS_BLOCK
2977,2981,FLOW
2977,2979,FLOW
2977,3019,FLOW
3096,2979,HAS_BLOCK
2979,2983,FLOW
2979,2895,FLOW
2979,2895,UNWIND
2979,3492,CALL
3096,2981,HAS_BLOCK
2981,3017,FLOW
2981,2895,FLOW
2981,2895,UNWIND
3096,2983,HAS_BLOCK
2983,2985,FLOW
2983,2917,FLOW
2983,2917,UNWIND
3096,2985,HAS_BLOCK
2985,2987,FLOW
2985,2917,FLOW
2985,2917,UNWIND
3096,2987,HAS_BLOCK
2987,2989,FLOW
2987,2917,FLOW
2987,2917,UNWIND
3096,2989,HAS_BLOCK
2989,2991,FLOW
2989,2914,FLOW
2989,2914,UNWIND
3096,2991,HAS_BLOCK
2991,2993,FLOW
2991,2914,FLOW
2991,2914,UNWIND
3096,2993,HAS_BLOCK
2993,2995,FLOW
2993,2914,FLOW
2993,2914,UNWIND
3096,2995,HAS_BLOCK
2995,2997,FLOW
2995,2914,FLOW
2995,2914,UNWIND
3096,2997,HAS_BLOCK
2997,3001,FLOW
2997,2914,FLOW
2997,2914,UNWIND
3096,3001,HAS_BLOCK
3001,3003,FLOW
3001,2914,FLOW
3001,2914,UNWIND
3096,3003,HAS_BLOCK
3003,3005,FLOW
3003,2914,FLOW
3003,2914,UNWIND
3096,3005,HAS_BLOCK
3005,3007,FLOW
3005,2914,FLOW
3005,2914,UNWIND
3096,3007,HAS_BLOCK
3007,3009,FLOW
3007,2914,FLOW
3007,2914,UNWIND
3096,3009,HAS_BLOCK
3009,3011,FLOW
3009,2912,FLOW
3009,2912,UNWIND
3096,3011,HAS_BLOCK
3011,3013,FLOW
3011,2912,FLOW
3011,2912,UNWIND
3096,3013,HAS_BLOCK
3013,3014,FLOW
3013,3016,FLOW
3013,3019,FLOW
3096,3014,HAS_BLOCK
3014,2928,FLOW
3014,2912,FLOW
3014,2912,UNWIND
3096,3016,HAS_BLOCK
3016,2975,FLOW
3096,3017,HAS_BLOCK
3017,3020,FLOW
3017,2908,FLOW
3017,2908,UNWIND
3096,3020,HAS_BLOCK
3020,3021,FLOW
3096,3021,HAS_BLOCK
3021,3023,FLOW
3021,2908,FLOW
3021,2908,UNWIND
3096,3023,HAS_BLOCK
3023,3026,FLOW
3023,3024,FLOW
3023,3019,FLOW
3096,3024,HAS_BLOCK
3024,3028,FLOW
3024,2908,FLOW
3024,2908,UNWIND
3096,3026,HAS_BLOCK
3026,2831,FLOW
3026,2908,FLOW
3026,2908,UNWIND
3096,3028,HAS_BLOCK
3028,3030,FLOW
3028,2908,FLOW
3028,2908,UNWIND
3028,3238,CALL
3096,3030,HAS_BLOCK
3030,3032,FLOW
3030,2894,FLOW
3030,2894,UNWIND
3096,3032,HAS_BLOCK
3032,3034,FLOW
3032,2894,FLOW
3032,2894,UNWIND
3032,3238,CALL
3096,3034,HAS_BLOCK
3034,3036,FLOW
3034,2894,FLOW
3034,2894,UNWIND
3096,3036,HAS_BLOCK
3036,3039,FLOW
3036,2894,FLOW
3036,2894,UNWIND
3096,3039,HAS_BLOCK
3039,3066,FLOW
3039,3040,FLOW
3096,3040,HAS_BLOCK
3040,3042,FLOW
3040,2894,FLOW
3040,2894,UNWIND
3096,3042,HAS_BLOCK
3042,3044,FLOW
3042,2894,FLOW
3042,2894,UNWIND
3042,3278,CALL
3096,3044,HAS_BLOCK
3044,3046,FLOW
3044,2893,FLOW
3044,2893,UNWIND
3096,3046,HAS_BLOCK
3046,3048,FLOW
3046,2893,FLOW
3046,2893,UNWIND
3046,3216,CALL
3096,3048,HAS_BLOCK
3048,3050,FLOW
3048,2893,FLOW
3048,2893,UNWIND
3096,3050,HAS_BLOCK
3050,3052,FLOW
3050,2893,FLOW
3050,2893,UNWIND
3096,3052,HAS_BLOCK
3052,3054,FLOW
3052,2893,FLOW
3052,2893,UNWIND
3096,3054,HAS_BLOCK
3054,3058,FLOW
3054,3055,FLOW
3096,3055,HAS_BLOCK
3055,3065,FLOW
3096,3058,HAS_BLOCK
3058,3060,FLOW
3058,2893,FLOW
3058,2893,UNWIND
3096,3060,HAS_BLOCK
3060,3062,FLOW
3060,2893,FLOW
3060,2893,UNWIND
3096,3062,HAS_BLOCK
3062,3064,FLOW
3062,2893,FLOW
3062,2893,UNWIND
3096,3064,HAS_BLOCK
3064,3065,FLOW
3096,3065,HAS_BLOCK
3065,3074,FLOW
3065,2894,FLOW
3065,2894,UNWIND
3096,3066,HAS_BLOCK
3066,3068,FLOW
3066,2894,FLOW
3066,2894,UNWIND
3096,3068,HAS_BLOCK
3068,3070,FLOW
3068,2894,FLOW
3068,2894,UNWIND
3096,3070,HAS_BLOCK
3070,3072,FLOW
3070,2894,FLOW
3070,2894,UNWIND
3096,3072,HAS_BLOCK
3072,2929,FLOW
3072,2894,FLOW
3072,2894,UNWIND
3096,3074,HAS_BLOCK
3074,3078,FLOW
3074,2894,FLOW
3074,2894,UNWIND
3096,3078,HAS_BLOCK
3078,3080,FLOW
3078,2894,FLOW
3078,2894,UNWIND
3078,3238,CALL
3096,3080,HAS_BLOCK
3080,3081,FLOW
3080,3083,FLOW
3080,3019,FLOW
3096,3081,HAS_BLOCK
3081,2930,FLOW
3081,2906,FLOW
3081,2906,UNWIND
3096,3083,HAS_BLOCK
3083,3085,FLOW
3083,2906,FLOW
3083,2906,UNWIND
3096,3085,HAS_BLOCK
3085,3093,FLOW
3085,3086,FLOW
3096,3086,HAS_BLOCK
3086,3088,FLOW
3086,2906,FLOW
3086,2906,UNWIND
3096,3088,HAS_BLOCK
3088,3090,FLOW
3088,2906,FLOW
3088,2906,UNWIND
3088,3216,CALL
3096,3090,HAS_BLOCK
3090,3091,FLOW
3090,2829,FLOW
3090,3019,FLOW
3096,3091,HAS_BLOCK
3091,2931,FLOW
3091,2906,FLOW
3091,2906,UNWIND
3096,3093,HAS_BLOCK
3093,2822,FLOW
3093,2906,FLOW
3093,2906,UNWIND
3096,2822,HAS_BLOCK
2822,2823,FLOW
3096,2823,HAS_BLOCK
2823,2825,FLOW
2823,2892,FLOW
2823,2892,UNWIND
3096,2825,HAS_BLOCK
2825,2828,FLOW
2825,2826,FLOW
2825,3019,FLOW
3096,2826,HAS_BLOCK
2826,2932,FLOW
2826,2892,FLOW
2826,2892,UNWIND
3096,2828,HAS_BLOCK
2828,2829,FLOW
2828,2906,FLOW
2828,2906,UNWIND
3096,2829,HAS_BLOCK
2829,2830,FLOW
2829,2901,FLOW
3096,2830,HAS_BLOCK
2830,3021,FLOW
2830,2908,FLOW
2830,2908,UNWIND
3096,2831,HAS_BLOCK
2831,2833,FLOW
2831,2908,FLOW
2831,2908,UNWIND
3096,2833,HAS_BLOCK
2833,2835,FLOW
2833,2908,FLOW
2833,2908,UNWIND
3096,2835,HAS_BLOCK
2835,2839,FLOW
2835,2908,FLOW
2835,2908,UNWIND
2835,2207,CALL
3096,2839,HAS_BLOCK
2839,2841,FLOW
2839,2904,FLOW
2839,2904,UNWIND
3096,2841,HAS_BLOCK
2841,2843,FLOW
2841,2904,FLOW
2841,2904,UNWIND
3096,2843,HAS_BLOCK
2843,2845,FLOW
2843,2904,FLOW
2843,2904,UNWIND
3096,2845,HAS_BLOCK
2845,2847,FLOW
2845,2891,FLOW
2845,2891,UNWIND
3096,2847,HAS_BLOCK
2847,2849,FLOW
2847,2891,FLOW
2847,2891,UNWIND
3096,2849,HAS_BLOCK
2849,2851,FLOW
2849,2891,FLOW
2849,2891,UNWIND
3096,2851,HAS_BLOCK
2851,2853,FLOW
2851,2890,FLOW
2851,2890,UNWIND
2851,2720,CALL
3096,2853,HAS_BLOCK
2853,2855,FLOW
2853,2890,FLOW
2853,2890,UNWIND
3096,2855,HAS_BLOCK
2855,2856,FLOW
2855,2860,FLOW
2855,3019,FLOW
3096,2856,HAS_BLOCK
2856,2862,FLOW
2856,2890,FLOW
2856,2890,UNWIND
2856,3167,CALL
3096,2860,HAS_BLOCK
2860,2935,FLOW
2860,2890,FLOW
2860,2890,UNWIND
3096,2862,HAS_BLOCK
2862,2864,FLOW
2862,2889,FLOW
2862,2889,UNWIND
3096,2864,HAS_BLOCK
2864,2866,FLOW
2864,2889,FLOW
2864,2889,UNWIND
2864,3755,CALL
3096,2866,HAS_BLOCK
2866,2868,FLOW
2866,2889,FLOW
2866,2889,UNWIND
3096,2868,HAS_BLOCK
2868,2869,FLOW
2868,2870,FLOW
2868,3019,FLOW
3096,2869,HAS_BLOCK
2869,2873,FLOW
2869,2890,FLOW
2869,2890,UNWIND
3096,2870,HAS_BLOCK
2870,2872,FLOW
2870,2889,FLOW
2870,2889,UNWIND
3096,2872,HAS_BLOCK
2872,2880,FLOW
2872,2890,FLOW
2872,2890,UNWIND
3096,2873,HAS_BLOCK
2873,2874,FLOW
2873,2904,FLOW
2873,2904,UNWIND
3096,2874,HAS_BLOCK
2874,2877,FLOW
2874,2896,FLOW
2874,2896,UNWIND
3096,2877,HAS_BLOCK
2877,2878,FLOW
2877,2919,FLOW
2877,2919,UNWIND
3096,2878,HAS_BLOCK
2878,2879,FLOW
2878,2899,FLOW
2878,2899,UNWIND
3096,2879,HAS_BLOCK
2879,2888,FLOW
3096,2880,HAS_BLOCK
2880,2881,FLOW
2880,2904,FLOW
2880,2904,UNWIND
3096,2881,HAS_BLOCK
2881,2882,FLOW
2881,2896,FLOW
2881,2896,UNWIND
3096,2882,HAS_BLOCK
2882,2883,FLOW
2882,2919,FLOW
2882,2919,UNWIND
3096,2883,HAS_BLOCK
2883,2884,FLOW
2883,2902,FLOW
3096,2884,HAS_BLOCK
2884,2885,FLOW
3096,2885,HAS_BLOCK
2885,2886,FLOW
2885,2899,FLOW
2885,2899,UNWIND
3096,2886,HAS_BLOCK
2886,2888,FLOW
3096,2888,HAS_BLOCK
2888,3096,RETURN
3096,2889,HAS_BLOCK
2889,2890,FLOW
3096,2890,HAS_BLOCK
2890,2904,FLOW
3096,2891,HAS_BLOCK
2891,2904,FLOW
3096,2892,HAS_BLOCK
2892,2906,FLOW
3096,2893,HAS_BLOCK
2893,2894,FLOW
3096,2894,HAS_BLOCK
2894,2908,FLOW
3096,2895,HAS_BLOCK
2895,2896,FLOW
3096,2896,HAS_BLOCK
2896,2919,FLOW
3096,2897,HAS_BLOCK
2897,2899,FLOW
3096,2899,HAS_BLOCK
2899,2900,FLOW
3096,2900,HAS_BLOCK
3096,2901,HAS_BLOCK
2901,2830,FLOW
2901,2894,FLOW
2901,2894,UNWIND
3096,2902,HAS_BLOCK
2902,2884,FLOW
2902,2897,FLOW
2902,2897,UNWIND
3096,2903,HAS_BLOCK
2903,2908,FLOW
3096,2904,HAS_BLOCK
2904,2908,FLOW
2904,2903,FLOW
3096,2905,HAS_BLOCK
2905,2894,FLOW
3096,2906,HAS_BLOCK
2906,2894,FLOW
2906,2905,FLOW
3096,2907,HAS_BLOCK
2907,2895,FLOW
3096,2908,HAS_BLOCK
2908,2895,FLOW
2908,2907,FLOW
3096,2911,HAS_BLOCK
2911,2914,FLOW
3096,2912,HAS_BLOCK
2912,2914,FLOW
2912,2911,FLOW
3096,2913,HAS_BLOCK
2913,2917,FLOW
3096,2914,HAS_BLOCK
2914,2917,FLOW
2914,2913,FLOW
3096,2915,HAS_BLOCK
2915,2895,FLOW
2915,2916,FLOW
3096,2916,HAS_BLOCK
2916,2895,FLOW
3096,2917,HAS_BLOCK
2917,2915,FLOW
2917,2895,FLOW
3096,2918,HAS_BLOCK
2918,2923,FLOW
3096,2919,HAS_BLOCK
2919,2923,FLOW
2919,2918,FLOW
3096,2920,HAS_BLOCK
2920,2897,FLOW
3096,2923,HAS_BLOCK
2923,2897,FLOW
2923,2920,FLOW
3096,2924,HAS_BLOCK
2924,2899,FLOW
3096,2925,HAS_BLOCK
2925,2899,FLOW
2925,2924,FLOW
3096,2926,HAS_BLOCK
2926,2884,FLOW
3096,2927,HAS_BLOCK
2927,2883,FLOW
3096,2928,HAS_BLOCK
2928,3016,FLOW
3096,2929,HAS_BLOCK
2929,3074,FLOW
3096,2930,HAS_BLOCK
2930,3083,FLOW
3096,2931,HAS_BLOCK
2931,2829,FLOW
3096,2932,HAS_BLOCK
2932,2823,FLOW
3096,2935,HAS_BLOCK
2935,2880,FLOW
3755,3756,HAS_PARAM
3755,3757,HAS_PARAM
3755,3698,HAS_BLOCK
3698,3700,FLOW
3755,3700,HAS_BLOCK
3700,3718,FLOW
3700,3741,FLOW
3700,3741,UNWIND
3755,3718,HAS_BLOCK
3718,3731,FLOW
3718,3729,FLOW
3718,3729,UNWIND
3755,3731,HAS_BLOCK
3731,3743,FLOW
3731,3739,FLOW
3731,3739,UNWIND
3755,3743,HAS_BLOCK
3743,3746,FLOW
3743,3739,FLOW
3743,3739,UNWIND
3755,3746,HAS_BLOCK
3746,3748,FLOW
3746,3739,FLOW
3746,3739,UNWIND
3755,3748,HAS_BLOCK
3748,3749,FLOW
3748,3729,FLOW
3748,3729,UNWIND
3755,3749,HAS_BLOCK
3749,3751,FLOW
3749,3729,FLOW
3749,3729,UNWIND
3755,3751,HAS_BLOCK
3751,3753,FLOW
3751,3737,FLOW
3751,3737,UNWIND
3755,3753,HAS_BLOCK
3753,3701,FLOW
3753,3737,FLOW
3753,3737,UNWIND
3755,3701,HAS_BLOCK
3701,3703,FLOW
3701,3737,FLOW
3701,3737,UNWIND
3755,3703,HAS_BLOCK
3703,3704,FLOW
3703,3729,FLOW
3703,3729,UNWIND
3755,3704,HAS_BLOCK
3704,3706,FLOW
3704,3727,FLOW
3704,3727,UNWIND
3755,3706,HAS_BLOCK
3706,3708,FLOW
3706,3727,FLOW
3706,3727,UNWIND
3755,3708,HAS_BLOCK
3708,3710,FLOW
3708,3712,FLOW
3708,3709,FLOW
3755,3709,HAS_BLOCK
3755,3710,HAS_BLOCK
3710,3715,FLOW
3710,3735,FLOW
3710,3735,UNWIND
3755,3712,HAS_BLOCK
3712,3714,FLOW
3712,3735,FLOW
3712,3735,UNWIND
3755,3714,HAS_BLOCK
3714,3724,FLOW
3714,3728,FLOW
3714,3728,UNWIND
3755,3715,HAS_BLOCK
3715,3719,FLOW
3715,3728,FLOW
3715,3728,UNWIND
3755,3719,HAS_BLOCK
3719,3720,FLOW
3719,3721,FLOW
3719,3709,FLOW
3755,3720,HAS_BLOCK
3720,3723,FLOW
3720,3741,FLOW
3720,3741,UNWIND
3755,3721,HAS_BLOCK
3721,3744,FLOW
3721,3728,FLOW
3721,3728,UNWIND
3755,3723,HAS_BLOCK
3723,3726,FLOW
3755,3724,HAS_BLOCK
3724,3733,FLOW
3755,3725,HAS_BLOCK
3725,3726,FLOW
3755,3726,HAS_BLOCK
3726,3755,RETURN
3755,3727,HAS_BLOCK
3727,3728,FLOW
3755,3728,HAS_BLOCK
3728,3741,FLOW
3755,3729,HAS_BLOCK
3729,3741,FLOW
3755,3732,HAS_BLOCK
3755,3733,HAS_BLOCK
3733,3725,FLOW
3733,3741,FLOW
3733,3741,UNWIND
3755,3734,HAS_BLOCK
3734,3728,FLOW
3755,3735,HAS_BLOCK
3735,3728,FLOW
3735,3734,FLOW
3755,3736,HAS_BLOCK
3736,3729,FLOW
3755,3737,HAS_BLOCK
3737,3729,FLOW
3737,3736,FLOW
3755,3738,HAS_BLOCK
3738,3729,FLOW
3755,3739,HAS_BLOCK
3739,3729,FLOW
3739,3738,FLOW
3755,3740,HAS_BLOCK
3740,3732,FLOW
3755,3741,HAS_BLOCK
3741,3732,FLOW
3741,3740,FLOW
3755,3744,HAS_BLOCK
3744,3733,FLOW
3167,3168,HAS_PARAM
3167,3099,HAS_BLOCK
3099,3101,FLOW
3167,3101,HAS_BLOCK
3101,3118,FLOW
3101,3158,FLOW
3101,3158,UNWIND
3167,3118,HAS_BLOCK
3118,3135,FLOW
3167,3135,HAS_BLOCK
3135,3152,FLOW
3135,3158,FLOW
3135,3158,UNWIND
3167,3152,HAS_BLOCK
3152,3163,FLOW
3152,3162,FLOW
3152,3161,FLOW
3167,3161,HAS_BLOCK
3167,3162,HAS_BLOCK
3162,3166,FLOW
3162,3165,FLOW
3167,3163,HAS_BLOCK
3163,3105,FLOW
3163,3158,FLOW
3163,3158,UNWIND
3167,3165,HAS_BLOCK
3165,3102,FLOW
3167,3166,HAS_BLOCK
3166,3102,FLOW
3167,3102,HAS_BLOCK
3102,3135,FLOW
3102,3103,FLOW
3167,3103,HAS_BLOCK
3103,3159,FLOW
3103,3158,FLOW
3103,3158,UNWIND
3167,3105,HAS_BLOCK
3105,3107,FLOW
3105,3156,FLOW
3105,3156,UNWIND
3167,3107,HAS_BLOCK
3107,3108,FLOW
3167,3108,HAS_BLOCK
3108,3110,FLOW
3108,3153,FLOW
3108,3153,UNWIND
3167,3110,HAS_BLOCK
3110,3113,FLOW
3110,3111,FLOW
3110,3161,FLOW
3167,3111,HAS_BLOCK
3111,3114,FLOW
3111,3153,FLOW
3111,3153,UNWIND
3167,3113,HAS_BLOCK
3113,3120,FLOW
3113,3156,FLOW
3113,3156,UNWIND
3167,3114,HAS_BLOCK
3114,3116,FLOW
3114,3153,FLOW
3114,3153,UNWIND
3167,3116,HAS_BLOCK
3116,3119,FLOW
3116,3153,FLOW
3116,3153,UNWIND
3167,3119,HAS_BLOCK
3119,3108,FLOW
3167,3120,HAS_BLOCK
3120,3122,FLOW
3120,3156,FLOW
3120,3156,UNWIND
3167,3122,HAS_BLOCK
3122,3124,FLOW
3122,3150,FLOW
3122,3150,UNWIND
3167,3124,HAS_BLOCK
3124,3125,FLOW
3167,3125,HAS_BLOCK
3125,3127,FLOW
3125,3149,FLOW
3125,3149,UNWIND
3167,3127,HAS_BLOCK
3127,3130,FLOW
3127,3128,FLOW
3127,3161,FLOW
3167,3128,HAS_BLOCK
3128,3131,FLOW
3128,3149,FLOW
3128,3149,UNWIND
3167,3130,HAS_BLOCK
3130,3143,FLOW
3130,3150,FLOW
3130,3150,UNWIND
3167,3131,HAS_BLOCK
3131,3133,FLOW
3131,3149,FLOW
3131,3149,UNWIND
3167,3133,HAS_BLOCK
3133,3136,FLOW
3133,3149,FLOW
3133,3149,UNWIND
3167,3136,HAS_BLOCK
3136,3137,FLOW
3136,3125,FLOW
3136,3161,FLOW
3167,3137,HAS_BLOCK
3137,3139,FLOW
3137,3149,FLOW
3137,3149,UNWIND
3167,3139,HAS_BLOCK
3139,3141,FLOW
3139,3148,FLOW
3139,3148,UNWIND
3167,3141,HAS_BLOCK
3141,3160,FLOW
3141,3149,FLOW
3141,3149,UNWIND
3167,3143,HAS_BLOCK
3143,3145,FLOW
3143,3150,FLOW
3143,3150,UNWIND
3167,3145,HAS_BLOCK
3145,3147,FLOW
3145,3150,FLOW
3145,3150,UNWIND
3167,3147,HAS_BLOCK
3147,3167,RETURN
3167,3148,HAS_BLOCK
3148,3149,FLOW
3167,3149,HAS_BLOCK
3149,3150,FLOW
3167,3150,HAS_BLOCK
3150,3156,FLOW
3167,3153,HAS_BLOCK
3153,3156,FLOW
3167,3154,HAS_BLOCK
3167,3155,HAS_BLOCK
3155,3158,FLOW
3167,3156,HAS_BLOCK
3156,3158,FLOW
3156,3155,FLOW
3167,3157,HAS_BLOCK
3157,3154,FLOW
3167,3158,HAS_BLOCK
3158,3154,FLOW
3158,3157,FLOW
3167,3159,HAS_BLOCK
3159,3135,FLOW
3167,3160,HAS_BLOCK
3160,3125,FLOW
2726,2729,HAS_FIELD
2726,2731,HAS_FIELD
2726,2730,HAS_FIELD
2726,2728,HAS_FIELD
2726,2727,HAS_FIELD
3492,3493,HAS_PARAM
3492,3428,HAS_BLOCK
3428,3430,FLOW
3492,3430,HAS_BLOCK
3430,3451,FLOW
3492,3451,HAS_BLOCK
3451,3481,FLOW
3451,3483,FLOW
3451,3472,FLOW
3492,3472,HAS_BLOCK
3492,3481,HAS_BLOCK
3481,3485,FLOW
3492,3483,HAS_BLOCK
3483,3478,FLOW
3492,3485,HAS_BLOCK
3485,3487,FLOW
3492,3487,HAS_BLOCK
3487,3488,FLOW
3487,3490,FLOW
3487,3472,FLOW
3492,3488,HAS_BLOCK
3488,3431,FLOW
3492,3490,HAS_BLOCK
3490,3478,FLOW
3492,3431,HAS_BLOCK
3431,3433,FLOW
3492,3433,HAS_BLOCK
3433,3435,FLOW
3492,3435,HAS_BLOCK
3435,3437,FLOW
3492,3437,HAS_BLOCK
3437,3439,FLOW
3492,3439,HAS_BLOCK
3439,3440,FLOW
3439,3442,FLOW
3439,3472,FLOW
3492,3440,HAS_BLOCK
3440,3444,FLOW
3492,3442,HAS_BLOCK
3442,3478,FLOW
3492,3444,HAS_BLOCK
3444,3446,FLOW
3492,3446,HAS_BLOCK
3446,3448,FLOW
3492,3448,HAS_BLOCK
3448,3452,FLOW
3492,3452,HAS_BLOCK
3452,3454,FLOW
3452,3479,FLOW
3452,3479,UNWIND
3492,3454,HAS_BLOCK
3454,3456,FLOW
3454,3479,FLOW
3454,3479,UNWIND
3492,3456,HAS_BLOCK
3456,3458,FLOW
3456,3479,FLOW
3456,3479,UNWIND
3492,3458,HAS_BLOCK
3458,3460,FLOW
3458,3479,FLOW
3458,3479,UNWIND
3492,3460,HAS_BLOCK
3460,3462,FLOW
3460,3479,FLOW
3460,3479,UNWIND
3492,3462,HAS_BLOCK
3462,3464,FLOW
3462,3479,FLOW
3462,3479,UNWIND
3492,3464,HAS_BLOCK
3464,3466,FLOW
3464,3479,FLOW
3464,3479,UNWIND
3492,3466,HAS_BLOCK
3466,3468,FLOW
3466,3479,FLOW
3466,3479,UNWIND
3492,3468,HAS_BLOCK
3468,3470,FLOW
3468,3479,FLOW
3468,3479,UNWIND
3492,3470,HAS_BLOCK
3470,3473,FLOW
3470,3479,FLOW
3470,3479,UNWIND
3492,3473,HAS_BLOCK
3473,3475,FLOW
3473,3479,FLOW
3473,3479,UNWIND
3492,3475,HAS_BLOCK
3475,3477,FLOW
3475,3479,FLOW
3475,3479,UNWIND
3492,3477,HAS_BLOCK
3477,3478,FLOW
3492,3478,HAS_BLOCK
3478,3492,RETURN
3492,3479,HAS_BLOCK
3479,3480,FLOW
3492,3480,HAS_BLOCK
3238,3239,HAS_PARAM
3238,3240,HAS_PARAM
3238,3241,HAS_PARAM
3238,3220,HAS_BLOCK
3220,3222,FLOW
3238,3222,HAS_BLOCK
3222,3225,FLOW
3222,3278,CALL
3238,3225,HAS_BLOCK
3225,3227,FLOW
3225,3237,FLOW
3225,3237,UNWIND
3238,3227,HAS_BLOCK
3227,3229,FLOW
3227,3237,FLOW
3227,3237,UNWIND
3238,3229,HAS_BLOCK
3229,3231,FLOW
3229,3237,FLOW
3229,3237,UNWIND
3238,3231,HAS_BLOCK
3231,3233,FLOW
3231,3237,FLOW
3231,3237,UNWIND
3238,3233,HAS_BLOCK
3233,3235,FLOW
3233,3237,FLOW
3233,3237,UNWIND
3238,3235,HAS_BLOCK
3235,3236,FLOW
3238,3236,HAS_BLOCK
3236,3238,RETURN
3238,3237,HAS_BLOCK
3237,3223,FLOW
3238,3223,HAS_BLOCK
3216,3217,HAS_PARAM
3216,3218,HAS_PARAM
3216,3219,HAS_PARAM
3216,3183,HAS_BLOCK
3183,3185,FLOW
3216,3185,HAS_BLOCK
3185,3201,FLOW
3185,3278,CALL
3216,3201,HAS_BLOCK
3201,3204,FLOW
3201,3199,FLOW
3201,3199,UNWIND
3216,3204,HAS_BLOCK
3204,3206,FLOW
3204,3199,FLOW
3204,3199,UNWIND
3216,3206,HAS_BLOCK
3206,3208,FLOW
3206,3199,FLOW
3206,3199,UNWIND
3216,3208,HAS_BLOCK
3208,3210,FLOW
3208,3199,FLOW
3208,3199,UNWIND
3216,3210,HAS_BLOCK
3210,3212,FLOW
3210,3198,FLOW
3210,3198,UNWIND
3216,3212,HAS_BLOCK
3212,3214,FLOW
3212,3213,FLOW
3216,3213,HAS_BLOCK
3213,3196,FLOW
3213,3199,FLOW
3213,3199,UNWIND
3216,3214,HAS_BLOCK
3214,3186,FLOW
3214,3198,FLOW
3214,3198,UNWIND
3216,3186,HAS_BLOCK
3186,3188,FLOW
3186,3198,FLOW
3186,3198,UNWIND
3216,3188,HAS_BLOCK
3188,3190,FLOW
3188,3198,FLOW
3188,3198,UNWIND
3216,3190,HAS_BLOCK
3190,3192,FLOW
3190,3198,FLOW
3190,3198,UNWIND
3216,3192,HAS_BLOCK
3192,3194,FLOW
3192,3198,FLOW
3192,3198,UNWIND
3216,3194,HAS_BLOCK
3194,3195,FLOW
3194,3199,FLOW
3194,3199,UNWIND
3216,3195,HAS_BLOCK
3195,3197,FLOW
3216,3196,HAS_BLOCK
3196,3197,FLOW
3216,3197,HAS_BLOCK
3197,3216,RETURN
3216,3198,HAS_BLOCK
3198,3199,FLOW
3216,3199,HAS_BLOCK
3199,3202,FLOW
3216,3202,HAS_BLOCK
3180,3181,HAS_PARAM
3180,3182,HAS_PARAM
3180,3169,HAS_BLOCK
3169,3171,FLOW
3180,3171,HAS_BLOCK
3171,3173,FLOW
3171,3172,FLOW
3180,3172,HAS_BLOCK
3172,3179,FLOW
3180,3173,HAS_BLOCK
3173,3175,FLOW
3180,3175,HAS_BLOCK
3175,3177,FLOW
3175,3176,FLOW
3180,3176,HAS_BLOCK
3176,3179,FLOW
3180,3177,HAS_BLOCK
3177,3179,FLOW
3180,3179,HAS_BLOCK
3179,3180,RETURN
3278,3279,HAS_PARAM
3278,3242,HAS_BLOCK
3242,3244,FLOW
3278,3244,HAS_BLOCK
3244,3261,FLOW
3244,3245,FLOW
3244,3265,FLOW
3278,3261,HAS_BLOCK
3261,3267,FLOW
3278,3267,HAS_BLOCK
3267,3268,FLOW
3278,3268,HAS_BLOCK
3268,3270,FLOW
3278,3270,HAS_BLOCK
3270,3272,FLOW
3278,3272,HAS_BLOCK
3272,3273,FLOW
3272,3245,FLOW
3272,3265,FLOW
3278,3273,HAS_BLOCK
3273,3274,FLOW
3278,3274,HAS_BLOCK
3274,3276,FLOW
3278,3276,HAS_BLOCK
3276,3264,FLOW
3278,3245,HAS_BLOCK
3245,3247,FLOW
3278,3247,HAS_BLOCK
3247,3248,FLOW
3247,3262,FLOW
3247,3265,FLOW
3278,3248,HAS_BLOCK
3248,3250,FLOW
3278,3250,HAS_BLOCK
3250,3251,FLOW
3278,3251,HAS_BLOCK
3251,3253,FLOW
3278,3253,HAS_BLOCK
3253,3255,FLOW
3278,3255,HAS_BLOCK
3255,3256,FLOW
3255,3262,FLOW
3255,3265,FLOW
3278,3256,HAS_BLOCK
3256,3257,FLOW
3278,3257,HAS_BLOCK
3257,3259,FLOW
3278,3259,HAS_BLOCK
3259,3264,FLOW
3278,3262,HAS_BLOCK
3262,3264,FLOW
3278,3264,HAS_BLOCK
3264,3278,RETURN
3278,3265,HAS_BLOCK
3696,3697,HAS_PARAM
3696,3580,HAS_BLOCK
3580,3582,FLOW
3696,3582,HAS_BLOCK
3582,3599,FLOW
3696,3599,HAS_BLOCK
3599,3636,FLOW
3599,3655,FLOW
3599,3617,FLOW
3696,3617,HAS_BLOCK
3696,3636,HAS_BLOCK
3636,3674,FLOW
3636,3681,FLOW
3636,3681,UNWIND
3696,3655,HAS_BLOCK
3655,3678,FLOW
3696,3674,HAS_BLOCK
3674,3686,FLOW
3674,3680,FLOW
3674,3680,UNWIND
3696,3686,HAS_BLOCK
3686,3692,FLOW
3686,3680,FLOW
3686,3680,UNWIND
3696,3692,HAS_BLOCK
3692,3694,FLOW
3692,3680,FLOW
3692,3680,UNWIND
3696,3694,HAS_BLOCK
3694,3583,FLOW
3694,3680,FLOW
3694,3680,UNWIND
3696,3583,HAS_BLOCK
3583,3584,FLOW
3696,3584,HAS_BLOCK
3584,3586,FLOW
3584,3680,FLOW
3584,3680,UNWIND
3696,3586,HAS_BLOCK
3586,3588,FLOW
3586,3587,FLOW
3586,3617,FLOW
3696,3587,HAS_BLOCK
3587,3589,FLOW
3587,3584,FLOW
3696,3588,HAS_BLOCK
3588,3678,FLOW
3696,3589,HAS_BLOCK
3589,3591,FLOW
3589,3680,FLOW
3589,3680,UNWIND
3696,3591,HAS_BLOCK
3591,3593,FLOW
3591,3680,FLOW
3591,3680,UNWIND
3696,3593,HAS_BLOCK
3593,3594,FLOW
3593,3584,FLOW
3696,3594,HAS_BLOCK
3594,3596,FLOW
3594,3680,FLOW
3594,3680,UNWIND
3696,3596,HAS_BLOCK
3596,3600,FLOW
3596,3680,FLOW
3596,3680,UNWIND
3696,3600,HAS_BLOCK
3600,3602,FLOW
3600,3679,FLOW
3600,3679,UNWIND
3696,3602,HAS_BLOCK
3602,3610,FLOW
3602,3603,FLOW
3696,3603,HAS_BLOCK
3603,3605,FLOW
3603,3679,FLOW
3603,3679,UNWIND
3696,3605,HAS_BLOCK
3605,3607,FLOW
3605,3679,FLOW
3605,3679,UNWIND
3696,3607,HAS_BLOCK
3607,3609,FLOW
3607,3679,FLOW
3607,3679,UNWIND
3696,3609,HAS_BLOCK
3609,3675,FLOW
3696,3610,HAS_BLOCK
3610,3612,FLOW
3610,3679,FLOW
3610,3679,UNWIND
3696,3612,HAS_BLOCK
3612,3614,FLOW
3612,3679,FLOW
3612,3679,UNWIND
3696,3614,HAS_BLOCK
3614,3616,FLOW
3614,3679,FLOW
3614,3679,UNWIND
3696,3616,HAS_BLOCK
3616,3618,FLOW
3616,3620,FLOW
3616,3617,FLOW
3696,3618,HAS_BLOCK
3618,3622,FLOW
3618,3679,FLOW
3618,3679,UNWIND
3696,3620,HAS_BLOCK
3620,3687,FLOW
3620,3679,FLOW
3620,3679,UNWIND
3696,3622,HAS_BLOCK
3622,3624,FLOW
3622,3679,FLOW
3622,3679,UNWIND
3622,3426,CALL
3696,3624,HAS_BLOCK
3624,3626,FLOW
3624,3679,FLOW
3624,3679,UNWIND
3696,3626,HAS_BLOCK
3626,3627,FLOW
3626,3629,FLOW
3626,3617,FLOW
3696,3627,HAS_BLOCK
3627,3631,FLOW
3627,3679,FLOW
3627,3679,UNWIND
3696,3629,HAS_BLOCK
3629,3688,FLOW
3629,3679,FLOW
3629,3679,UNWIND
3696,3631,HAS_BLOCK
3631,3632,FLOW
3631,3679,FLOW
3631,3679,UNWIND
3696,3632,HAS_BLOCK
3632,3634,FLOW
3632,3679,FLOW
3632,3679,UNWIND
3696,3634,HAS_BLOCK
3634,3637,FLOW
3634,3679,FLOW
3634,3679,UNWIND
3696,3637,HAS_BLOCK
3637,3639,FLOW
3637,3679,FLOW
3637,3679,UNWIND
3696,3639,HAS_BLOCK
3639,3640,FLOW
3639,3642,FLOW
3639,3617,FLOW
3696,3640,HAS_BLOCK
3640,3644,FLOW
3640,3679,FLOW
3640,3679,UNWIND
3696,3642,HAS_BLOCK
3642,3689,FLOW
3642,3679,FLOW
3642,3679,UNWIND
3696,3644,HAS_BLOCK
3644,3645,FLOW
3644,3679,FLOW
3644,3679,UNWIND
3696,3645,HAS_BLOCK
3645,3647,FLOW
3645,3679,FLOW
3645,3679,UNWIND
3696,3647,HAS_BLOCK
3647,3649,FLOW
3647,3679,FLOW
3647,3679,UNWIND
3696,3649,HAS_BLOCK
3649,3651,FLOW
3649,3679,FLOW
3649,3679,UNWIND
3696,3651,HAS_BLOCK
3651,3652,FLOW
3651,3656,FLOW
3651,3617,FLOW
3696,3652,HAS_BLOCK
3652,3658,FLOW
3652,3679,FLOW
3652,3679,UNWIND
3696,3656,HAS_BLOCK
3656,3690,FLOW
3656,3679,FLOW
3656,3679,UNWIND
3696,3658,HAS_BLOCK
3658,3659,FLOW
3658,3679,FLOW
3658,3679,UNWIND
3696,3659,HAS_BLOCK
3659,3661,FLOW
3659,3679,FLOW
3659,3679,UNWIND
3696,3661,HAS_BLOCK
3661,3663,FLOW
3661,3679,FLOW
3661,3679,UNWIND
3696,3663,HAS_BLOCK
3663,3665,FLOW
3663,3684,FLOW
3663,3684,UNWIND
3696,3665,HAS_BLOCK
3665,3666,FLOW
3665,3684,FLOW
3665,3684,UNWIND
3696,3666,HAS_BLOCK
3666,3668,FLOW
3666,3684,FLOW
3666,3684,UNWIND
3696,3668,HAS_BLOCK
3668,3670,FLOW
3668,3684,FLOW
3668,3684,UNWIND
3696,3670,HAS_BLOCK
3670,3672,FLOW
3670,3684,FLOW
3670,3684,UNWIND
3696,3672,HAS_BLOCK
3672,3584,FLOW
3672,3680,FLOW
3672,3680,UNWIND
3696,3675,HAS_BLOCK
3675,3676,FLOW
3675,3680,FLOW
3675,3680,UNWIND
3696,3676,HAS_BLOCK
3676,3677,FLOW
3676,3681,FLOW
3676,3681,UNWIND
3696,3677,HAS_BLOCK
3677,3678,FLOW
3696,3678,HAS_BLOCK
3678,3696,RETURN
3696,3679,HAS_BLOCK
3679,3680,FLOW
3696,3680,HAS_BLOCK
3680,3681,FLOW
3696,3681,HAS_BLOCK
3681,3682,FLOW
3696,3682,HAS_BLOCK
3696,3683,HAS_BLOCK
3683,3679,FLOW
3696,3684,HAS_BLOCK
3684,3679,FLOW
3684,3683,FLOW
3696,3687,HAS_BLOCK
3687,3675,FLOW
3696,3688,HAS_BLOCK
3688,3675,FLOW
3696,3689,HAS_BLOCK
3689,3675,FLOW
3696,3690,HAS_BLOCK
3690,3675,FLOW
3578,3579,HAS_PARAM
3578,3494,HAS_BLOCK
3494,3496,FLOW
3578,3496,HAS_BLOCK
3496,3513,FLOW
3578,3513,HAS_BLOCK
3513,3550,FLOW
3513,3564,FLOW
3513,3531,FLOW
3578,3531,HAS_BLOCK
3578,3550,HAS_BLOCK
3550,3570,FLOW
3550,3562,FLOW
3550,3562,UNWIND
3578,3564,HAS_BLOCK
3564,3559,FLOW
3578,3570,HAS_BLOCK
3570,3572,FLOW
3570,3561,FLOW
3570,3561,UNWIND
3578,3572,HAS_BLOCK
3572,3574,FLOW
3572,3561,FLOW
3572,3561,UNWIND
3578,3574,HAS_BLOCK
3574,3576,FLOW
3574,3561,FLOW
3574,3561,UNWIND
3578,3576,HAS_BLOCK
3576,3497,FLOW
3576,3561,FLOW
3576,3561,UNWIND
3578,3497,HAS_BLOCK
3497,3498,FLOW
3578,3498,HAS_BLOCK
3498,3500,FLOW
3498,3561,FLOW
3498,3561,UNWIND
3578,3500,HAS_BLOCK
3500,3502,FLOW
3500,3501,FLOW
3500,3531,FLOW
3578,3501,HAS_BLOCK
3501,3503,FLOW
3501,3498,FLOW
3578,3502,HAS_BLOCK
3502,3559,FLOW
3578,3503,HAS_BLOCK
3503,3505,FLOW
3503,3561,FLOW
3503,3561,UNWIND
3578,3505,HAS_BLOCK
3505,3507,FLOW
3505,3561,FLOW
3505,3561,UNWIND
3578,3507,HAS_BLOCK
3507,3508,FLOW
3507,3498,FLOW
3578,3508,HAS_BLOCK
3508,3510,FLOW
3508,3561,FLOW
3508,3561,UNWIND
3578,3510,HAS_BLOCK
3510,3514,FLOW
3510,3561,FLOW
3510,3561,UNWIND
3578,3514,HAS_BLOCK
3514,3516,FLOW
3514,3560,FLOW
3514,3560,UNWIND
3578,3516,HAS_BLOCK
3516,3524,FLOW
3516,3517,FLOW
3578,3517,HAS_BLOCK
3517,3519,FLOW
3517,3560,FLOW
3517,3560,UNWIND
3578,3519,HAS_BLOCK
3519,3521,FLOW
3519,3560,FLOW
3519,3560,UNWIND
3578,3521,HAS_BLOCK
3521,3523,FLOW
3521,3560,FLOW
3521,3560,UNWIND
3578,3523,HAS_BLOCK
3523,3556,FLOW
3578,3524,HAS_BLOCK
3524,3526,FLOW
3524,3560,FLOW
3524,3560,UNWIND
3578,3526,HAS_BLOCK
3526,3528,FLOW
3526,3560,FLOW
3526,3560,UNWIND
3578,3528,HAS_BLOCK
3528,3530,FLOW
3528,3560,FLOW
3528,3560,UNWIND
3578,3530,HAS_BLOCK
3530,3532,FLOW
3530,3534,FLOW
3530,3531,FLOW
3578,3532,HAS_BLOCK
3532,3536,FLOW
3532,3560,FLOW
3532,3560,UNWIND
3578,3534,HAS_BLOCK
3534,3566,FLOW
3534,3560,FLOW
3534,3560,UNWIND
3578,3536,HAS_BLOCK
3536,3538,FLOW
3536,3560,FLOW
3536,3560,UNWIND
3578,3538,HAS_BLOCK
3538,3540,FLOW
3538,3560,FLOW
3538,3560,UNWIND
3578,3540,HAS_BLOCK
3540,3541,FLOW
3540,3543,FLOW
3540,3531,FLOW
3578,3541,HAS_BLOCK
3541,3545,FLOW
3541,3560,FLOW
3541,3560,UNWIND
3578,3543,HAS_BLOCK
3543,3567,FLOW
3543,3560,FLOW
3543,3560,UNWIND
3578,3545,HAS_BLOCK
3545,3547,FLOW
3545,3560,FLOW
3545,3560,UNWIND
3545,3360,CALL
3578,3547,HAS_BLOCK
3547,3549,FLOW
3547,3560,FLOW
3547,3560,UNWIND
3578,3549,HAS_BLOCK
3549,3551,FLOW
3549,3553,FLOW
3549,3531,FLOW
3578,3551,HAS_BLOCK
3551,3555,FLOW
3551,3560,FLOW
3551,3560,UNWIND
3578,3553,HAS_BLOCK
3553,3568,FLOW
3553,3560,FLOW
3553,3560,UNWIND
3578,3555,HAS_BLOCK
3555,3498,FLOW
3555,3561,FLOW
3555,3561,UNWIND
3578,3556,HAS_BLOCK
3556,3557,FLOW
3556,3561,FLOW
3556,3561,UNWIND
3578,3557,HAS_BLOCK
3557,3558,FLOW
3557,3562,FLOW
3557,3562,UNWIND
3578,3558,HAS_BLOCK
3558,3559,FLOW
3578,3559,HAS_BLOCK
3559,3578,RETURN
3578,3560,HAS_BLOCK
3560,3561,FLOW
3578,3561,HAS_BLOCK
3561,3562,FLOW
3578,3562,HAS_BLOCK
3562,3565,FLOW
3578,3565,HAS_BLOCK
3578,3566,HAS_BLOCK
3566,3556,FLOW
3578,3567,HAS_BLOCK
3567,3556,FLOW
3578,3568,HAS_BLOCK
3568,3556,FLOW
3426,3427,HAS_PARAM
3426,3362,HAS_BLOCK
3362,3411,FLOW
3426,3364,HAS_BLOCK
3364,3412,FLOW
3426,3381,HAS_BLOCK
3381,3417,FLOW
3426,3396,HAS_BLOCK
3396,3410,FLOW
3426,3408,HAS_BLOCK
3408,3417,FLOW
3426,3418,HAS_BLOCK
3418,3409,FLOW
3426,3420,HAS_BLOCK
3420,3417,FLOW
3426,3421,HAS_BLOCK
3421,3406,FLOW
3426,3423,HAS_BLOCK
3423,3417,FLOW
3426,3424,HAS_BLOCK
3424,3405,FLOW
3426,3365,HAS_BLOCK
3365,3417,FLOW
3426,3366,HAS_BLOCK
3366,3404,FLOW
3426,3368,HAS_BLOCK
3368,3417,FLOW
3426,3369,HAS_BLOCK
3369,3403,FLOW
3426,3371,HAS_BLOCK
3371,3417,FLOW
3426,3372,HAS_BLOCK
3372,3402,FLOW
3426,3374,HAS_BLOCK
3374,3417,FLOW
3426,3375,HAS_BLOCK
3375,3401,FLOW
3426,3377,HAS_BLOCK
3377,3417,FLOW
3426,3378,HAS_BLOCK
3378,3400,FLOW
3426,3382,HAS_BLOCK
3382,3417,FLOW
3426,3383,HAS_BLOCK
3383,3399,FLOW
3426,3385,HAS_BLOCK
3385,3417,FLOW
3426,3386,HAS_BLOCK
3386,3398,FLOW
3426,3388,HAS_BLOCK
3388,3417,FLOW
3426,3389,HAS_BLOCK
3389,3397,FLOW
3426,3391,HAS_BLOCK
3391,3417,FLOW
3426,3392,HAS_BLOCK
3392,3395,FLOW
3426,3394,HAS_BLOCK
3394,3417,FLOW
3426,3395,HAS_BLOCK
3395,3364,FLOW
3395,3394,FLOW
3426,3397,HAS_BLOCK
3397,3392,FLOW
3397,3391,FLOW
3426,3398,HAS_BLOCK
3398,3389,FLOW
3398,3388,FLOW
3426,3399,HAS_BLOCK
3399,3386,FLOW
3399,3385,FLOW
3426,3400,HAS_BLOCK
3400,3383,FLOW
3400,3382,FLOW
3426,3401,HAS_BLOCK
3401,3378,FLOW
3401,3377,FLOW
3426,3402,HAS_BLOCK
3402,3375,FLOW
3402,3374,FLOW
3426,3403,HAS_BLOCK
3403,3372,FLOW
3403,3371,FLOW
3426,3404,HAS_BLOCK
3404,3369,FLOW
3404,3368,FLOW
3426,3405,HAS_BLOCK
3405,3366,FLOW
3405,3365,FLOW
3426,3406,HAS_BLOCK
3406,3424,FLOW
3406,3423,FLOW
3426,3409,HAS_BLOCK
3409,3421,FLOW
3409,3420,FLOW
3426,3410,HAS_BLOCK
3410,3418,FLOW
3410,3408,FLOW
3426,3411,HAS_BLOCK
3411,3396,FLOW
3411,3381,FLOW
3426,3412,HAS_BLOCK
3412,3414,FLOW
3426,3414,HAS_BLOCK
3414,3416,FLOW
3426,3416,HAS_BLOCK
3416,3417,FLOW
3426,3417,HAS_BLOCK
3417,3426,RETURN
3360,3361,HAS_PARAM
3360,3280,HAS_BLOCK
3280,3346,FLOW
3360,3282,HAS_BLOCK
3282,3347,FLOW
3360,3299,HAS_BLOCK
3299,3352,FLOW
3360,3315,HAS_BLOCK
3315,3345,FLOW
3360,3330,HAS_BLOCK
3330,3352,FLOW
3360,3341,HAS_BLOCK
3341,3344,FLOW
3360,3354,HAS_BLOCK
3354,3352,FLOW
3360,3355,HAS_BLOCK
3355,3343,FLOW
3360,3357,HAS_BLOCK
3357,3352,FLOW
3360,3358,HAS_BLOCK
3358,3342,FLOW
3360,3283,HAS_BLOCK
3283,3352,FLOW
3360,3284,HAS_BLOCK
3284,3340,FLOW
3360,3286,HAS_BLOCK
3286,3352,FLOW
3360,3287,HAS_BLOCK
3287,3339,FLOW
3360,3289,HAS_BLOCK
3289,3352,FLOW
3360,3290,HAS_BLOCK
3290,3338,FLOW
3360,3292,HAS_BLOCK
3292,3352,FLOW
3360,3293,HAS_BLOCK
3293,3337,FLOW
3360,3295,HAS_BLOCK
3295,3352,FLOW
3360,3296,HAS_BLOCK
3296,3336,FLOW
3360,3300,HAS_BLOCK
3300,3352,FLOW
3360,3301,HAS_BLOCK
3301,3335,FLOW
3360,3303,HAS_BLOCK
3303,3352,FLOW
3360,3304,HAS_BLOCK
3304,3334,FLOW
3360,3306,HAS_BLOCK
3306,3352,FLOW
3360,3307,HAS_BLOCK
3307,3333,FLOW
3360,3309,HAS_BLOCK
3309,3352,FLOW
3360,3310,HAS_BLOCK
3310,3332,FLOW
3360,3312,HAS_BLOCK
3312,3352,FLOW
3360,3313,HAS_BLOCK
3313,3331,FLOW
3360,3316,HAS_BLOCK
3316,3352,FLOW
3360,3317,HAS_BLOCK
3317,3328,FLOW
3360,3319,HAS_BLOCK
3319,3352,FLOW
3360,3320,HAS_BLOCK
3320,3327,FLOW
3360,3322,HAS_BLOCK
3322,3352,FLOW
3360,3323,HAS_BLOCK
3323,3326,FLOW
3360,3325,HAS_BLOCK
3325,3352,FLOW
3360,3326,HAS_BLOCK
3326,3282,FLOW
3326,3325,FLOW
3360,3327,HAS_BLOCK
3327,3323,FLOW
3327,3322,FLOW
3360,3328,HAS_BLOCK
3328,3320,FLOW
3328,3319,FLOW
3360,3331,HAS_BLOCK
3331,3317,FLOW
3331,3316,FLOW
3360,3332,HAS_BLOCK
3332,3313,FLOW
3332,3312,FLOW
3360,3333,HAS_BLOCK
3333,3310,FLOW
3333,3309,FLOW
3360,3334,HAS_BLOCK
3334,3307,FLOW
3334,3306,FLOW
3360,3335,HAS_BLOCK
3335,3304,FLOW
3335,3303,FLOW
3360,3336,HAS_BLOCK
3336,3301,FLOW
3336,3300,FLOW
3360,3337,HAS_BLOCK
3337,3296,FLOW
3337,3295,FLOW
3360,3338,HAS_BLOCK
3338,3293,FLOW
3338,3292,FLOW
3360,3339,HAS_BLOCK
3339,3290,FLOW
3339,3289,FLOW
3360,3340,HAS_BLOCK
3340,3287,FLOW
3340,3286,FLOW
3360,3342,HAS_BLOCK
3342,3284,FLOW
3342,3283,FLOW
3360,3343,HAS_BLOCK
3343,3358,FLOW
3343,3357,FLOW
3360,3344,HAS_BLOCK
3344,3355,FLOW
3344,3354,FLOW
3360,3345,HAS_BLOCK
3345,3341,FLOW
3345,3330,FLOW
3360,3346,HAS_BLOCK
3346,3315,FLOW
3346,3299,FLOW
3360,3347,HAS_BLOCK
3347,3349,FLOW
3360,3349,HAS_BLOCK
3349,3351,FLOW
3360,3351,HAS_BLOCK
3351,3352,FLOW
3360,3352,HAS_BLOCK
3352,3360,RETURN
2382,2383,HAS_FIELD
2387,2389,HAS_FIELD
2387,2388,HAS_FIELD
2720,2721,HAS_PARAM
2720,2722,HAS_PARAM
2720,2642,HAS_BLOCK
2642,2644,FLOW
2720,2644,HAS_BLOCK
2644,2664,FLOW
2720,2664,HAS_BLOCK
2664,2701,FLOW
2664,2711,FLOW
2664,2683,FLOW
2720,2683,HAS_BLOCK
2720,2701,HAS_BLOCK
2701,2713,FLOW
2720,2711,HAS_BLOCK
2711,2702,FLOW
2720,2713,HAS_BLOCK
2713,2715,FLOW
2713,2639,CALL
2720,2715,HAS_BLOCK
2715,2717,FLOW
2720,2717,HAS_BLOCK
2717,2718,FLOW
2717,2645,FLOW
2717,2683,FLOW
2720,2718,HAS_BLOCK
2718,2647,FLOW
2720,2645,HAS_BLOCK
2645,2702,FLOW
2720,2647,HAS_BLOCK
2647,2649,FLOW
2647,2549,CALL
2720,2649,HAS_BLOCK
2649,2651,FLOW
2720,2651,HAS_BLOCK
2651,2652,FLOW
2651,2654,FLOW
2651,2683,FLOW
2720,2652,HAS_BLOCK
2652,2656,FLOW
2652,2582,CALL
2720,2654,HAS_BLOCK
2654,2702,FLOW
2720,2656,HAS_BLOCK
2656,2658,FLOW
2720,2658,HAS_BLOCK
2658,2659,FLOW
2658,2661,FLOW
2658,2683,FLOW
2720,2659,HAS_BLOCK
2659,2665,FLOW
2720,2661,HAS_BLOCK
2661,2702,FLOW
2720,2665,HAS_BLOCK
2665,2667,FLOW
2665,2709,FLOW
2665,2709,UNWIND
2720,2667,HAS_BLOCK
2667,2669,FLOW
2667,2709,FLOW
2667,2709,UNWIND
2667,2497,CALL
2720,2669,HAS_BLOCK
2669,2671,FLOW
2720,2671,HAS_BLOCK
2671,2672,FLOW
2671,2674,FLOW
2671,2683,FLOW
2720,2672,HAS_BLOCK
2672,2676,FLOW
2720,2674,HAS_BLOCK
2674,2702,FLOW
2720,2676,HAS_BLOCK
2676,2678,FLOW
2676,2707,FLOW
2676,2707,UNWIND
2720,2678,HAS_BLOCK
2678,2680,FLOW
2678,2707,FLOW
2678,2707,UNWIND
2678,2497,CALL
2720,2680,HAS_BLOCK
2680,2682,FLOW
2720,2682,HAS_BLOCK
2682,2684,FLOW
2682,2686,FLOW
2682,2683,FLOW
2720,2684,HAS_BLOCK
2684,2688,FLOW
2720,2686,HAS_BLOCK
2686,2702,FLOW
2720,2688,HAS_BLOCK
2688,2690,FLOW
2720,2690,HAS_BLOCK
2690,2692,FLOW
2720,2692,HAS_BLOCK
2692,2693,FLOW
2692,2695,FLOW
2692,2683,FLOW
2720,2693,HAS_BLOCK
2693,2698,FLOW
2693,2705,FLOW
2693,2705,UNWIND
2720,2695,HAS_BLOCK
2695,2697,FLOW
2720,2697,HAS_BLOCK
2697,2702,FLOW
2720,2698,HAS_BLOCK
2698,2700,FLOW
2698,2705,FLOW
2698,2705,UNWIND
2720,2700,HAS_BLOCK
2700,2702,FLOW
2720,2702,HAS_BLOCK
2702,2720,RETURN
2720,2703,HAS_BLOCK
2720,2704,HAS_BLOCK
2704,2703,FLOW
2720,2705,HAS_BLOCK
2705,2703,FLOW
2705,2704,FLOW
2720,2706,HAS_BLOCK
2706,2703,FLOW
2720,2707,HAS_BLOCK
2707,2703,FLOW
2707,2706,FLOW
2720,2708,HAS_BLOCK
2708,2703,FLOW
2720,2709,HAS_BLOCK
2709,2703,FLOW
2709,2708,FLOW
2639,2640,HAS_PARAM
2639,2641,HAS_PARAM
2639,2584,HAS_BLOCK
2584,2586,FLOW
2639,2586,HAS_BLOCK
2586,2605,FLOW
2639,2605,HAS_BLOCK
2605,2624,FLOW
2639,2624,HAS_BLOCK
2624,2630,FLOW
2624,2632,FLOW
2624,2629,FLOW
2639,2629,HAS_BLOCK
2639,2630,HAS_BLOCK
2630,2634,FLOW
2630,2625,FLOW
2630,2625,UNWIND
2639,2632,HAS_BLOCK
2632,2622,FLOW
2639,2634,HAS_BLOCK
2634,2636,FLOW
2634,2625,FLOW
2634,2625,UNWIND
2639,2636,HAS_BLOCK
2636,2638,FLOW
2636,2625,FLOW
2636,2625,UNWIND
2639,2638,HAS_BLOCK
2638,2587,FLOW
2638,2589,FLOW
2638,2629,FLOW
2639,2587,HAS_BLOCK
2587,2591,FLOW
2587,2625,FLOW
2587,2625,UNWIND
2639,2589,HAS_BLOCK
2589,2627,FLOW
2589,2625,FLOW
2589,2625,UNWIND
2639,2591,HAS_BLOCK
2591,2592,FLOW
2639,2592,HAS_BLOCK
2592,2594,FLOW
2592,2625,FLOW
2592,2625,UNWIND
2639,2594,HAS_BLOCK
2594,2597,FLOW
2594,2595,FLOW
2594,2629,FLOW
2639,2595,HAS_BLOCK
2595,2598,FLOW
2595,2625,FLOW
2595,2625,UNWIND
2595,2467,CALL
2639,2597,HAS_BLOCK
2597,2622,FLOW
2639,2598,HAS_BLOCK
2598,2600,FLOW
2598,2625,FLOW
2598,2625,UNWIND
2639,2600,HAS_BLOCK
2600,2602,FLOW
2600,2625,FLOW
2600,2625,UNWIND
2639,2602,HAS_BLOCK
2602,2606,FLOW
2602,2625,FLOW
2602,2625,UNWIND
2639,2606,HAS_BLOCK
2606,2608,FLOW
2606,2625,FLOW
2606,2625,UNWIND
2639,2608,HAS_BLOCK
2608,2610,FLOW
2608,2625,FLOW
2608,2625,UNWIND
2639,2610,HAS_BLOCK
2610,2612,FLOW
2610,2625,FLOW
2610,2625,UNWIND
2639,2612,HAS_BLOCK
2612,2614,FLOW
2612,2625,FLOW
2612,2625,UNWIND
2639,2614,HAS_BLOCK
2614,2616,FLOW
2614,2625,FLOW
2614,2625,UNWIND
2639,2616,HAS_BLOCK
2616,2618,FLOW
2616,2625,FLOW
2616,2625,UNWIND
2639,2618,HAS_BLOCK
2618,2592,FLOW
2618,2619,FLOW
2618,2629,FLOW
2639,2619,HAS_BLOCK
2619,2628,FLOW
2619,2625,FLOW
2619,2625,UNWIND
2639,2621,HAS_BLOCK
2621,2622,FLOW
2639,2622,HAS_BLOCK
2622,2639,RETURN
2639,2625,HAS_BLOCK
2625,2626,FLOW
2639,2626,HAS_BLOCK
2639,2627,HAS_BLOCK
2627,2621,FLOW
2639,2628,HAS_BLOCK
2628,2621,FLOW
2549,2550,HAS_PARAM
2549,2551,HAS_PARAM
2549,2500,HAS_BLOCK
2500,2502,FLOW
2549,2502,HAS_BLOCK
2502,2521,FLOW
2549,2521,HAS_BLOCK
2521,2537,FLOW
2549,2537,HAS_BLOCK
2537,2540,FLOW
2537,2542,FLOW
2537,2539,FLOW
2549,2539,HAS_BLOCK
2549,2540,HAS_BLOCK
2540,2544,FLOW
2540,2533,FLOW
2540,2533,UNWIND
2549,2542,HAS_BLOCK
2542,2532,FLOW
2549,2544,HAS_BLOCK
2544,2546,FLOW
2544,2533,FLOW
2544,2533,UNWIND
2549,2546,HAS_BLOCK
2546,2548,FLOW
2546,2533,FLOW
2546,2533,UNWIND
2549,2548,HAS_BLOCK
2548,2503,FLOW
2548,2505,FLOW
2548,2539,FLOW
2549,2503,HAS_BLOCK
2503,2507,FLOW
2503,2533,FLOW
2503,2533,UNWIND
2549,2505,HAS_BLOCK
2505,2535,FLOW
2505,2533,FLOW
2505,2533,UNWIND
2549,2507,HAS_BLOCK
2507,2508,FLOW
2549,2508,HAS_BLOCK
2508,2510,FLOW
2508,2533,FLOW
2508,2533,UNWIND
2549,2510,HAS_BLOCK
2510,2513,FLOW
2510,2511,FLOW
2510,2539,FLOW
2549,2511,HAS_BLOCK
2511,2514,FLOW
2511,2533,FLOW
2511,2533,UNWIND
2511,2448,CALL
2549,2513,HAS_BLOCK
2513,2532,FLOW
2549,2514,HAS_BLOCK
2514,2516,FLOW
2514,2533,FLOW
2514,2533,UNWIND
2549,2516,HAS_BLOCK
2516,2518,FLOW
2516,2533,FLOW
2516,2533,UNWIND
2549,2518,HAS_BLOCK
2518,2522,FLOW
2518,2533,FLOW
2518,2533,UNWIND
2549,2522,HAS_BLOCK
2522,2524,FLOW
2522,2533,FLOW
2522,2533,UNWIND
2549,2524,HAS_BLOCK
2524,2526,FLOW
2524,2533,FLOW
2524,2533,UNWIND
2549,2526,HAS_BLOCK
2526,2528,FLOW
2526,2533,FLOW
2526,2533,UNWIND
2549,2528,HAS_BLOCK
2528,2508,FLOW
2528,2529,FLOW
2528,2539,FLOW
2549,2529,HAS_BLOCK
2529,2538,FLOW
2529,2533,FLOW
2529,2533,UNWIND
2549,2531,HAS_BLOCK
2531,2532,FLOW
2549,2532,HAS_BLOCK
2532,2549,RETURN
2549,2533,HAS_BLOCK
2533,2534,FLOW
2549,2534,HAS_BLOCK
2549,2535,HAS_BLOCK
2535,2531,FLOW
2549,2538,HAS_BLOCK
2538,2531,FLOW
2467,2468,HAS_PARAM
2467,2450,HAS_BLOCK
2450,2457,FLOW
2450,2456,FLOW
2450,2455,FLOW
2450,2454,FLOW
2450,2453,FLOW
2450,2452,FLOW
2450,2466,FLOW
2450,2465,FLOW
2450,2464,FLOW
2450,2463,FLOW
2450,2462,FLOW
2450,2461,FLOW
2450,2460,FLOW
2450,2459,FLOW
2450,2451,FLOW
2467,2451,HAS_BLOCK
2467,2459,HAS_BLOCK
2459,2458,FLOW
2467,2460,HAS_BLOCK
2460,2458,FLOW
2467,2461,HAS_BLOCK
2461,2458,FLOW
2467,2462,HAS_BLOCK
2462,2458,FLOW
2467,2463,HAS_BLOCK
2463,2458,FLOW
2467,2464,HAS_BLOCK
2464,2458,FLOW
2467,2465,HAS_BLOCK
2465,2458,FLOW
2467,2466,HAS_BLOCK
2466,2458,FLOW
2467,2452,HAS_BLOCK
2452,2458,FLOW
2467,2453,HAS_BLOCK
2453,2458,FLOW
2467,2454,HAS_BLOCK
2454,2458,FLOW
2467,2455,HAS_BLOCK
2455,2458,FLOW
2467,2456,HAS_BLOCK
2456,2458,FLOW
2467,2457,HAS_BLOCK
2457,2458,FLOW
2467,2458,HAS_BLOCK
2458,2467,RETURN
2448,2449,HAS_PARAM
2448,2427,HAS_BLOCK
2427,2438,FLOW
2427,2437,FLOW
2427,2436,FLOW
2427,2435,FLOW
2427,2434,FLOW
2427,2433,FLOW
2427,2432,FLOW
2427,2431,FLOW
2427,2430,FLOW
2427,2429,FLOW
2427,2447,FLOW
2427,2446,FLOW
2427,2445,FLOW
2427,2444,FLOW
2427,2443,FLOW
2427,2442,FLOW
2427,2441,FLOW
2427,2439,FLOW
2427,2428,FLOW
2448,2428,HAS_BLOCK
2448,2439,HAS_BLOCK
2439,2440,FLOW
2448,2441,HAS_BLOCK
2441,2440,FLOW
2448,2442,HAS_BLOCK
2442,2440,FLOW
2448,2443,HAS_BLOCK
2443,2440,FLOW
2448,2444,HAS_BLOCK
2444,2440,FLOW
2448,2445,HAS_BLOCK
2445,2440,FLOW
2448,2446,HAS_BLOCK
2446,2440,FLOW
2448,2447,HAS_BLOCK
2447,2440,FLOW
2448,2429,HAS_BLOCK
2429,2440,FLOW
2448,2430,HAS_BLOCK
2430,2440,FLOW
2448,2431,HAS_BLOCK
2431,2440,FLOW
2448,2432,HAS_BLOCK
2432,2440,FLOW
2448,2433,HAS_BLOCK
2433,2440,FLOW
2448,2434,HAS_BLOCK
2434,2440,FLOW
2448,2435,HAS_BLOCK
2435,2440,FLOW
2448,2436,HAS_BLOCK
2436,2440,FLOW
2448,2437,HAS_BLOCK
2437,2440,FLOW
2448,2438,HAS_BLOCK
2438,2440,FLOW
2448,2440,HAS_BLOCK
2440,2448,RETURN
2582,2583,HAS_PARAM
2582,2552,HAS_BLOCK
2552,2554,FLOW
2582,2554,HAS_BLOCK
2554,2568,FLOW
2554,2566,FLOW
2554,2566,UNWIND
2582,2568,HAS_BLOCK
2568,2570,FLOW
2568,2566,FLOW
2568,2566,UNWIND
2582,2570,HAS_BLOCK
2570,2572,FLOW
2582,2572,HAS_BLOCK
2572,2574,FLOW
2572,2576,FLOW
2572,2573,FLOW
2582,2573,HAS_BLOCK
2582,2574,HAS_BLOCK
2574,2578,FLOW
2582,2576,HAS_BLOCK
2576,2561,FLOW
2582,2578,HAS_BLOCK
2578,2580,FLOW
2578,2564,FLOW
2578,2564,UNWIND
2582,2580,HAS_BLOCK
2580,2555,FLOW
2580,2564,FLOW
2580,2564,UNWIND
2582,2555,HAS_BLOCK
2555,2557,FLOW
2582,2557,HAS_BLOCK
2557,2558,FLOW
2557,2559,FLOW
2557,2573,FLOW
2582,2558,HAS_BLOCK
2558,2561,FLOW
2582,2559,HAS_BLOCK
2559,2561,FLOW
2582,2561,HAS_BLOCK
2561,2582,RETURN
2582,2562,HAS_BLOCK
2582,2563,HAS_BLOCK
2563,2562,FLOW
2582,2564,HAS_BLOCK
2564,2562,FLOW
2564,2563,FLOW
2582,2565,HAS_BLOCK
2565,2562,FLOW
2582,2566,HAS_BLOCK
2566,2562,FLOW
2566,2565,FLOW
2497,2498,HAS_PARAM
2497,2499,HAS_PARAM
2497,2469,HAS_BLOCK
2469,2471,FLOW
2497,2471,HAS_BLOCK
2471,2485,FLOW
2497,2485,HAS_BLOCK
2485,2487,FLOW
2485,2489,FLOW
2485,2486,FLOW
2497,2486,HAS_BLOCK
2497,2487,HAS_BLOCK
2487,2491,FLOW
2487,2482,FLOW
2487,2482,UNWIND
2497,2489,HAS_BLOCK
2489,2481,FLOW
2497,2491,HAS_BLOCK
2491,2492,FLOW
2497,2492,HAS_BLOCK
2492,2494,FLOW
2492,2482,FLOW
2492,2482,UNWIND
2497,2494,HAS_BLOCK
2494,2472,FLOW
2494,2495,FLOW
2494,2486,FLOW
2497,2495,HAS_BLOCK
2495,2473,FLOW
2495,2482,FLOW
2495,2482,UNWIND
2497,2472,HAS_BLOCK
2472,2481,FLOW
2497,2473,HAS_BLOCK
2473,2475,FLOW
2473,2482,FLOW
2473,2482,UNWIND
2497,2475,HAS_BLOCK
2475,2477,FLOW
2475,2482,FLOW
2475,2482,UNWIND
2497,2477,HAS_BLOCK
2477,2492,FLOW
2477,2478,FLOW
2477,2486,FLOW
2497,2478,HAS_BLOCK
2478,2480,FLOW
2478,2482,FLOW
2478,2482,UNWIND
2497,2480,HAS_BLOCK
2480,2481,FLOW
2497,2481,HAS_BLOCK
2481,2497,RETURN
2497,2482,HAS_BLOCK
2482,2483,FLOW
2497,2483,HAS_BLOCK
3766,3770,HAS_FIELD
3766,3768,HAS_FIELD
3766,3767,HAS_FIELD
3766,3769,HAS_FIELD
3759,3762,HAS_FIELD
3759,3763,HAS_FIELD
3759,3765,HAS_FIELD
3759,3761,HAS_FIELD
3759,3764,HAS_FIELD
3759,3760,HAS_FIELD
4053,4054,HAS_PARAM
4053,4055,HAS_PARAM
4053,4016,HAS_BLOCK
4016,4018,FLOW
4053,4018,HAS_BLOCK
4018,4035,FLOW
4018,4182,CALL
4053,4035,HAS_BLOCK
4035,4042,FLOW
4053,4042,HAS_BLOCK
4042,4044,FLOW
4042,4046,FLOW
4042,4043,FLOW
4053,4043,HAS_BLOCK
4053,4044,HAS_BLOCK
4044,4048,FLOW
4044,4039,FLOW
4044,4039,UNWIND
4053,4046,HAS_BLOCK
4046,4032,FLOW
4053,4048,HAS_BLOCK
4048,4050,FLOW
4048,4039,FLOW
4048,4039,UNWIND
4048,4393,CALL
4053,4050,HAS_BLOCK
4050,4052,FLOW
4050,4039,FLOW
4050,4039,UNWIND
4053,4052,HAS_BLOCK
4052,4019,FLOW
4052,4021,FLOW
4052,4043,FLOW
4053,4019,HAS_BLOCK
4019,4023,FLOW
4019,4036,FLOW
4019,4036,UNWIND
4053,4021,HAS_BLOCK
4021,4040,FLOW
4021,4039,FLOW
4021,4039,UNWIND
4053,4023,HAS_BLOCK
4023,4025,FLOW
4023,4036,FLOW
4023,4036,UNWIND
4023,2720,CALL
4053,4025,HAS_BLOCK
4025,4027,FLOW
4025,4036,FLOW
4025,4036,UNWIND
4053,4027,HAS_BLOCK
4027,4028,FLOW
4027,4029,FLOW
4027,4043,FLOW
4053,4028,HAS_BLOCK
4028,4033,FLOW
4053,4029,HAS_BLOCK
4029,4031,FLOW
4029,4036,FLOW
4029,4036,UNWIND
4053,4031,HAS_BLOCK
4031,4032,FLOW
4031,4039,FLOW
4031,4039,UNWIND
4053,4032,HAS_BLOCK
4032,4033,FLOW
4053,4033,HAS_BLOCK
4033,4053,RETURN
4053,4036,HAS_BLOCK
4036,4039,FLOW
4053,4037,HAS_BLOCK
4053,4038,HAS_BLOCK
4038,4037,FLOW
4053,4039,HAS_BLOCK
4039,4037,FLOW
4039,4038,FLOW
4053,4040,HAS_BLOCK
4040,4032,FLOW
4182,4183,HAS_PARAM
4182,4184,HAS_PARAM
4182,4056,HAS_BLOCK
4056,4058,FLOW
4182,4058,HAS_BLOCK
4058,4078,FLOW
4182,4078,HAS_BLOCK
4078,4097,FLOW
4182,4097,HAS_BLOCK
4097,4116,FLOW
4097,4179,FLOW
4097,4179,UNWIND
4182,4116,HAS_BLOCK
4116,4135,FLOW
4116,4177,FLOW
4116,4177,UNWIND
4182,4135,HAS_BLOCK
4135,4151,FLOW
4135,4166,FLOW
4135,4166,UNWIND
4135,4275,CALL
4182,4151,HAS_BLOCK
4151,4163,FLOW
4151,4166,FLOW
4151,4166,UNWIND
4182,4163,HAS_BLOCK
4163,4174,FLOW
4182,4174,HAS_BLOCK
4174,4181,FLOW
4174,4165,FLOW
4174,4165,UNWIND
4182,4181,HAS_BLOCK
4181,4062,FLOW
4181,4060,FLOW
4181,4059,FLOW
4182,4059,HAS_BLOCK
4182,4060,HAS_BLOCK
4060,4063,FLOW
4060,4165,FLOW
4060,4165,UNWIND
4182,4062,HAS_BLOCK
4062,4088,FLOW
4062,4166,FLOW
4062,4166,UNWIND
4182,4063,HAS_BLOCK
4063,4065,FLOW
4063,4164,FLOW
4063,4164,UNWIND
4182,4065,HAS_BLOCK
4065,4067,FLOW
4065,4164,FLOW
4065,4164,UNWIND
4182,4067,HAS_BLOCK
4067,4069,FLOW
4067,4164,FLOW
4067,4164,UNWIND
4182,4069,HAS_BLOCK
4069,4071,FLOW
4069,4164,FLOW
4069,4164,UNWIND
4069,5019,CALL
4182,4071,HAS_BLOCK
4071,4073,FLOW
4071,4164,FLOW
4071,4164,UNWIND
4182,4073,HAS_BLOCK
4073,4075,FLOW
4073,4164,FLOW
4073,4164,UNWIND
4182,4075,HAS_BLOCK
4075,4079,FLOW
4075,4164,FLOW
4075,4164,UNWIND
4075,4496,CALL
4182,4079,HAS_BLOCK
4079,4081,FLOW
4079,4164,FLOW
4079,4164,UNWIND
4182,4081,HAS_BLOCK
4081,4082,FLOW
4081,4084,FLOW
4081,4059,FLOW
4182,4082,HAS_BLOCK
4082,4087,FLOW
4082,4164,FLOW
4082,4164,UNWIND
4182,4084,HAS_BLOCK
4084,4086,FLOW
4084,4164,FLOW
4084,4164,UNWIND
4182,4086,HAS_BLOCK
4086,4149,FLOW
4086,4165,FLOW
4086,4165,UNWIND
4182,4087,HAS_BLOCK
4087,4174,FLOW
4087,4165,FLOW
4087,4165,UNWIND
4182,4088,HAS_BLOCK
4088,4090,FLOW
4088,4166,FLOW
4088,4166,UNWIND
4182,4090,HAS_BLOCK
4090,4092,FLOW
4090,4166,FLOW
4090,4166,UNWIND
4182,4092,HAS_BLOCK
4092,4094,FLOW
4092,4166,FLOW
4092,4166,UNWIND
4182,4094,HAS_BLOCK
4094,4098,FLOW
4094,4166,FLOW
4094,4166,UNWIND
4182,4098,HAS_BLOCK
4098,4100,FLOW
4098,4175,FLOW
4098,4175,UNWIND
4182,4100,HAS_BLOCK
4100,4102,FLOW
4100,4161,FLOW
4100,4161,UNWIND
4182,4102,HAS_BLOCK
4102,4104,FLOW
4102,4161,FLOW
4102,4161,UNWIND
4182,4104,HAS_BLOCK
4104,4106,FLOW
4104,4161,FLOW
4104,4161,UNWIND
4182,4106,HAS_BLOCK
4106,4107,FLOW
4182,4107,HAS_BLOCK
4107,4109,FLOW
4107,4160,FLOW
4107,4160,UNWIND
4182,4109,HAS_BLOCK
4109,4112,FLOW
4109,4110,FLOW
4109,4059,FLOW
4182,4110,HAS_BLOCK
4110,4113,FLOW
4110,4172,FLOW
4110,4172,UNWIND
4182,4112,HAS_BLOCK
4112,4120,FLOW
4112,4161,FLOW
4112,4161,UNWIND
4182,4113,HAS_BLOCK
4113,4117,FLOW
4113,4172,FLOW
4113,4172,UNWIND
4182,4117,HAS_BLOCK
4117,4119,FLOW
4117,4172,FLOW
4117,4172,UNWIND
4182,4119,HAS_BLOCK
4119,4107,FLOW
4182,4120,HAS_BLOCK
4120,4122,FLOW
4120,4161,FLOW
4120,4161,UNWIND
4182,4122,HAS_BLOCK
4122,4124,FLOW
4122,4161,FLOW
4122,4161,UNWIND
4122,4012,CALL
4182,4124,HAS_BLOCK
4124,4126,FLOW
4124,4161,FLOW
4124,4161,UNWIND
4182,4126,HAS_BLOCK
4126,4127,FLOW
4126,4129,FLOW
4126,4059,FLOW
4182,4127,HAS_BLOCK
4127,4132,FLOW
4127,4159,FLOW
4127,4159,UNWIND
4182,4129,HAS_BLOCK
4129,4131,FLOW
4129,4161,FLOW
4129,4161,UNWIND
4182,4131,HAS_BLOCK
4131,4147,FLOW
4131,4175,FLOW
4131,4175,UNWIND
4182,4132,HAS_BLOCK
4132,4136,FLOW
4132,4159,FLOW
4132,4159,UNWIND
4182,4136,HAS_BLOCK
4136,4138,FLOW
4136,4159,FLOW
4136,4159,UNWIND
4136,2207,CALL
4182,4138,HAS_BLOCK
4138,4140,FLOW
4138,4157,FLOW
4138,4157,UNWIND
4182,4140,HAS_BLOCK
4140,4142,FLOW
4140,4157,FLOW
4140,4157,UNWIND
4182,4142,HAS_BLOCK
4142,4144,FLOW
4142,4157,FLOW
4142,4157,UNWIND
4182,4144,HAS_BLOCK
4144,4145,FLOW
4144,4175,FLOW
4144,4175,UNWIND
4182,4145,HAS_BLOCK
4145,4146,FLOW
4145,4177,FLOW
4145,4177,UNWIND
4182,4146,HAS_BLOCK
4146,4156,FLOW
4182,4147,HAS_BLOCK
4147,4148,FLOW
4147,4166,FLOW
4147,4166,UNWIND
4182,4148,HAS_BLOCK
4148,4152,FLOW
4182,4149,HAS_BLOCK
4149,4152,FLOW
4149,4166,FLOW
4149,4166,UNWIND
4182,4152,HAS_BLOCK
4152,4153,FLOW
4152,4177,FLOW
4152,4177,UNWIND
4182,4153,HAS_BLOCK
4153,4154,FLOW
4153,4168,FLOW
4182,4154,HAS_BLOCK
4154,4155,FLOW
4182,4155,HAS_BLOCK
4155,4156,FLOW
4182,4156,HAS_BLOCK
4156,4182,RETURN
4182,4157,HAS_BLOCK
4157,4158,FLOW
4182,4158,HAS_BLOCK
4158,4159,FLOW
4182,4159,HAS_BLOCK
4159,4161,FLOW
4182,4160,HAS_BLOCK
4160,4161,FLOW
4182,4161,HAS_BLOCK
4161,4175,FLOW
4182,4164,HAS_BLOCK
4164,4165,FLOW
4182,4165,HAS_BLOCK
4165,4166,FLOW
4182,4166,HAS_BLOCK
4166,4177,FLOW
4182,4167,HAS_BLOCK
4182,4168,HAS_BLOCK
4168,4154,FLOW
4168,4179,FLOW
4168,4179,UNWIND
4182,4169,HAS_BLOCK
4169,4160,FLOW
4169,4170,FLOW
4182,4170,HAS_BLOCK
4170,4160,FLOW
4182,4171,HAS_BLOCK
4171,4169,FLOW
4182,4172,HAS_BLOCK
4172,4169,FLOW
4172,4171,FLOW
4182,4173,HAS_BLOCK
4173,4166,FLOW
4182,4175,HAS_BLOCK
4175,4166,FLOW
4175,4173,FLOW
4182,4176,HAS_BLOCK
4176,4179,FLOW
4182,4177,HAS_BLOCK
4177,4179,FLOW
4177,4176,FLOW
4182,4178,HAS_BLOCK
4178,4167,FLOW
4182,4179,HAS_BLOCK
4179,4167,FLOW
4179,4178,FLOW
4393,4394,HAS_PARAM
4393,4395,HAS_PARAM
4393,4277,HAS_BLOCK
4277,4279,FLOW
4277,4391,FLOW
4277,4391,UNWIND
4393,4279,HAS_BLOCK
4279,4297,FLOW
4279,4379,FLOW
4279,4379,UNWIND
4393,4297,HAS_BLOCK
4297,4313,FLOW
4297,4376,FLOW
4297,4376,UNWIND
4393,4313,HAS_BLOCK
4313,4332,FLOW
4313,4376,FLOW
4313,4376,UNWIND
4393,4332,HAS_BLOCK
4332,4390,FLOW
4332,4343,FLOW
4393,4343,HAS_BLOCK
4343,4355,FLOW
4343,4376,FLOW
4343,4376,UNWIND
4393,4355,HAS_BLOCK
4355,4367,FLOW
4355,4376,FLOW
4355,4376,UNWIND
4393,4367,HAS_BLOCK
4367,4390,FLOW
4367,4378,FLOW
4393,4378,HAS_BLOCK
4378,4280,FLOW
4378,4376,FLOW
4378,4376,UNWIND
4378,4908,CALL
4393,4390,HAS_BLOCK
4390,4345,FLOW
4393,4280,HAS_BLOCK
4280,4282,FLOW
4280,4376,FLOW
4280,4376,UNWIND
4393,4282,HAS_BLOCK
4282,4284,FLOW
4282,4286,FLOW
4282,4283,FLOW
4393,4283,HAS_BLOCK
4393,4284,HAS_BLOCK
4284,4288,FLOW
4284,4340,FLOW
4284,4340,UNWIND
4284,4796,CALL
4393,4286,HAS_BLOCK
4286,4392,FLOW
4286,4376,FLOW
4286,4376,UNWIND
4393,4288,HAS_BLOCK
4288,4290,FLOW
4288,4340,FLOW
4288,4340,UNWIND
4393,4290,HAS_BLOCK
4290,4291,FLOW
4290,4293,FLOW
4290,4283,FLOW
4393,4291,HAS_BLOCK
4291,4298,FLOW
4291,4339,FLOW
4291,4339,UNWIND
4393,4293,HAS_BLOCK
4293,4295,FLOW
4293,4340,FLOW
4293,4340,UNWIND
4393,4295,HAS_BLOCK
4295,4345,FLOW
4295,4376,FLOW
4295,4376,UNWIND
4393,4298,HAS_BLOCK
4298,4300,FLOW
4298,4374,FLOW
4298,4374,UNWIND
4393,4300,HAS_BLOCK
4300,4301,FLOW
4393,4301,HAS_BLOCK
4301,4303,FLOW
4301,4374,FLOW
4301,4374,UNWIND
4393,4303,HAS_BLOCK
4303,4305,FLOW
4303,4304,FLOW
4303,4283,FLOW
4393,4304,HAS_BLOCK
4304,4307,FLOW
4304,4374,FLOW
4304,4374,UNWIND
4393,4305,HAS_BLOCK
4305,4308,FLOW
4305,4372,FLOW
4305,4372,UNWIND
4393,4307,HAS_BLOCK
4307,4301,FLOW
4393,4308,HAS_BLOCK
4308,4309,FLOW
4393,4309,HAS_BLOCK
4309,4311,FLOW
4309,4372,FLOW
4309,4372,UNWIND
4393,4311,HAS_BLOCK
4311,4315,FLOW
4311,4314,FLOW
4311,4283,FLOW
4393,4314,HAS_BLOCK
4314,4317,FLOW
4314,4372,FLOW
4314,4372,UNWIND
4393,4315,HAS_BLOCK
4315,4319,FLOW
4315,4372,FLOW
4315,4372,UNWIND
4393,4317,HAS_BLOCK
4317,4318,FLOW
4317,4372,FLOW
4317,4372,UNWIND
4393,4318,HAS_BLOCK
4318,4309,FLOW
4393,4319,HAS_BLOCK
4319,4321,FLOW
4319,4372,FLOW
4319,4372,UNWIND
4393,4321,HAS_BLOCK
4321,4323,FLOW
4321,4372,FLOW
4321,4372,UNWIND
4393,4323,HAS_BLOCK
4323,4325,FLOW
4323,4372,FLOW
4323,4372,UNWIND
4393,4325,HAS_BLOCK
4325,4327,FLOW
4325,4372,FLOW
4325,4372,UNWIND
4325,2207,CALL
4393,4327,HAS_BLOCK
4327,4329,FLOW
4327,4337,FLOW
4327,4337,UNWIND
4393,4329,HAS_BLOCK
4329,4333,FLOW
4329,4337,FLOW
4329,4337,UNWIND
4393,4333,HAS_BLOCK
4333,4342,FLOW
4393,4334,HAS_BLOCK
4334,4335,FLOW
4334,4346,FLOW
4393,4335,HAS_BLOCK
4335,4368,FLOW
4335,4370,FLOW
4393,4336,HAS_BLOCK
4336,4393,RETURN
4393,4337,HAS_BLOCK
4337,4338,FLOW
4393,4338,HAS_BLOCK
4338,4372,FLOW
4393,4339,HAS_BLOCK
4339,4340,FLOW
4393,4340,HAS_BLOCK
4340,4376,FLOW
4393,4341,HAS_BLOCK
4393,4342,HAS_BLOCK
4342,4336,FLOW
4393,4344,HAS_BLOCK
4344,4334,FLOW
4344,4379,FLOW
4344,4379,UNWIND
4393,4345,HAS_BLOCK
4345,4334,FLOW
4345,4344,FLOW
4393,4346,HAS_BLOCK
4346,4335,FLOW
4346,4391,FLOW
4346,4391,UNWIND
4393,4347,HAS_BLOCK
4347,4348,FLOW
4347,4350,FLOW
4393,4348,HAS_BLOCK
4348,4341,FLOW
4348,4349,FLOW
4393,4349,HAS_BLOCK
4349,4341,FLOW
4393,4350,HAS_BLOCK
4350,4348,FLOW
4393,4351,HAS_BLOCK
4351,4347,FLOW
4393,4352,HAS_BLOCK
4352,4347,FLOW
4352,4351,FLOW
4393,4353,HAS_BLOCK
4353,4352,FLOW
4353,4356,FLOW
4393,4356,HAS_BLOCK
4356,4352,FLOW
4393,4357,HAS_BLOCK
4357,4361,FLOW
4357,4363,FLOW
4393,4358,HAS_BLOCK
4358,4336,FLOW
4393,4359,HAS_BLOCK
4359,4341,FLOW
4359,4360,FLOW
4393,4360,HAS_BLOCK
4360,4341,FLOW
4393,4361,HAS_BLOCK
4361,4358,FLOW
4361,4362,FLOW
4393,4362,HAS_BLOCK
4362,4358,FLOW
4393,4363,HAS_BLOCK
4363,4361,FLOW
4363,4359,FLOW
4363,4359,UNWIND
4393,4364,HAS_BLOCK
4364,4357,FLOW
4364,4347,FLOW
4364,4347,UNWIND
4393,4365,HAS_BLOCK
4365,4357,FLOW
4365,4364,FLOW
4393,4368,HAS_BLOCK
4368,4365,FLOW
4368,4369,FLOW
4393,4369,HAS_BLOCK
4369,4365,FLOW
4369,4352,FLOW
4369,4352,UNWIND
4393,4370,HAS_BLOCK
4370,4368,FLOW
4370,4353,FLOW
4370,4353,UNWIND
4393,4371,HAS_BLOCK
4371,4374,FLOW
4393,4372,HAS_BLOCK
4372,4374,FLOW
4372,4371,FLOW
4393,4373,HAS_BLOCK
4373,4339,FLOW
4393,4374,HAS_BLOCK
4374,4339,FLOW
4374,4373,FLOW
4393,4375,HAS_BLOCK
4375,4379,FLOW
4393,4376,HAS_BLOCK
4376,4379,FLOW
4376,4375,FLOW
4393,4377,HAS_BLOCK
4377,4391,FLOW
4393,4379,HAS_BLOCK
4379,4391,FLOW
4379,4377,FLOW
4393,4380,HAS_BLOCK
4380,4381,FLOW
4380,4383,FLOW
4393,4381,HAS_BLOCK
4381,4341,FLOW
4381,4382,FLOW
4393,4382,HAS_BLOCK
4382,4341,FLOW
4393,4383,HAS_BLOCK
4383,4381,FLOW
4393,4384,HAS_BLOCK
4384,4380,FLOW
4393,4385,HAS_BLOCK
4385,4380,FLOW
4385,4384,FLOW
4393,4386,HAS_BLOCK
4386,4385,FLOW
4386,4387,FLOW
4393,4387,HAS_BLOCK
4387,4385,FLOW
4393,4388,HAS_BLOCK
4388,4386,FLOW
4393,4391,HAS_BLOCK
4391,4386,FLOW
4391,4388,FLOW
4393,4392,HAS_BLOCK
4392,4345,FLOW
4908,4909,HAS_PARAM
4908,4798,HAS_BLOCK
4798,4800,FLOW
4908,4800,HAS_BLOCK
4800,4817,FLOW
4908,4817,HAS_BLOCK
4817,4853,FLOW
4817,4872,FLOW
4817,4835,FLOW
4908,4835,HAS_BLOCK
4908,4853,HAS_BLOCK
4853,4889,FLOW
4853,4893,FLOW
4853,4893,UNWIND
4908,4872,HAS_BLOCK
4872,4890,FLOW
4908,4889,HAS_BLOCK
4889,4901,FLOW
4889,4892,FLOW
4889,4892,UNWIND
4908,4901,HAS_BLOCK
4901,4904,FLOW
4901,4892,FLOW
4901,4892,UNWIND
4908,4904,HAS_BLOCK
4904,4906,FLOW
4904,4892,FLOW
4904,4892,UNWIND
4908,4906,HAS_BLOCK
4906,4801,FLOW
4906,4892,FLOW
4906,4892,UNWIND
4908,4801,HAS_BLOCK
4801,4802,FLOW
4908,4802,HAS_BLOCK
4802,4804,FLOW
4802,4892,FLOW
4802,4892,UNWIND
4908,4804,HAS_BLOCK
4804,4806,FLOW
4804,4805,FLOW
4804,4835,FLOW
4908,4805,HAS_BLOCK
4805,4807,FLOW
4805,4802,FLOW
4908,4806,HAS_BLOCK
4806,4890,FLOW
4908,4807,HAS_BLOCK
4807,4809,FLOW
4807,4892,FLOW
4807,4892,UNWIND
4908,4809,HAS_BLOCK
4809,4811,FLOW
4809,4892,FLOW
4809,4892,UNWIND
4908,4811,HAS_BLOCK
4811,4812,FLOW
4811,4802,FLOW
4908,4812,HAS_BLOCK
4812,4814,FLOW
4812,4892,FLOW
4812,4892,UNWIND
4908,4814,HAS_BLOCK
4814,4818,FLOW
4814,4892,FLOW
4814,4892,UNWIND
4908,4818,HAS_BLOCK
4818,4820,FLOW
4818,4891,FLOW
4818,4891,UNWIND
4908,4820,HAS_BLOCK
4820,4822,FLOW
4820,4821,FLOW
4908,4821,HAS_BLOCK
4821,4802,FLOW
4821,4892,FLOW
4821,4892,UNWIND
4908,4822,HAS_BLOCK
4822,4824,FLOW
4822,4891,FLOW
4822,4891,UNWIND
4908,4824,HAS_BLOCK
4824,4826,FLOW
4824,4891,FLOW
4824,4891,UNWIND
4908,4826,HAS_BLOCK
4826,4828,FLOW
4826,4891,FLOW
4826,4891,UNWIND
4908,4828,HAS_BLOCK
4828,4829,FLOW
4828,4831,FLOW
4828,4835,FLOW
4908,4829,HAS_BLOCK
4829,4833,FLOW
4829,4891,FLOW
4829,4891,UNWIND
4908,4831,HAS_BLOCK
4831,4897,FLOW
4831,4891,FLOW
4831,4891,UNWIND
4908,4833,HAS_BLOCK
4833,4836,FLOW
4833,4891,FLOW
4833,4891,UNWIND
4833,4716,CALL
4908,4836,HAS_BLOCK
4836,4838,FLOW
4836,4891,FLOW
4836,4891,UNWIND
4908,4838,HAS_BLOCK
4838,4839,FLOW
4838,4841,FLOW
4838,4835,FLOW
4908,4839,HAS_BLOCK
4839,4843,FLOW
4839,4891,FLOW
4839,4891,UNWIND
4908,4841,HAS_BLOCK
4841,4898,FLOW
4841,4891,FLOW
4841,4891,UNWIND
4908,4843,HAS_BLOCK
4843,4844,FLOW
4843,4891,FLOW
4843,4891,UNWIND
4908,4844,HAS_BLOCK
4844,4846,FLOW
4844,4891,FLOW
4844,4891,UNWIND
4908,4846,HAS_BLOCK
4846,4848,FLOW
4846,4891,FLOW
4846,4891,UNWIND
4908,4848,HAS_BLOCK
4848,4850,FLOW
4848,4891,FLOW
4848,4891,UNWIND
4908,4850,HAS_BLOCK
4850,4851,FLOW
4850,4854,FLOW
4850,4835,FLOW
4908,4851,HAS_BLOCK
4851,4856,FLOW
4851,4891,FLOW
4851,4891,UNWIND
4908,4854,HAS_BLOCK
4854,4899,FLOW
4854,4891,FLOW
4854,4891,UNWIND
4908,4856,HAS_BLOCK
4856,4857,FLOW
4856,4891,FLOW
4856,4891,UNWIND
4908,4857,HAS_BLOCK
4857,4859,FLOW
4857,4891,FLOW
4857,4891,UNWIND
4908,4859,HAS_BLOCK
4859,4861,FLOW
4859,4891,FLOW
4859,4891,UNWIND
4908,4861,HAS_BLOCK
4861,4863,FLOW
4861,4891,FLOW
4861,4891,UNWIND
4908,4863,HAS_BLOCK
4863,4864,FLOW
4863,4866,FLOW
4863,4835,FLOW
4908,4864,HAS_BLOCK
4864,4868,FLOW
4864,4891,FLOW
4864,4891,UNWIND
4908,4866,HAS_BLOCK
4866,4902,FLOW
4866,4891,FLOW
4866,4891,UNWIND
4908,4868,HAS_BLOCK
4868,4869,FLOW
4868,4891,FLOW
4868,4891,UNWIND
4908,4869,HAS_BLOCK
4869,4873,FLOW
4869,4891,FLOW
4869,4891,UNWIND
4908,4873,HAS_BLOCK
4873,4875,FLOW
4873,4891,FLOW
4873,4891,UNWIND
4908,4875,HAS_BLOCK
4875,4877,FLOW
4875,4896,FLOW
4875,4896,UNWIND
4908,4877,HAS_BLOCK
4877,4878,FLOW
4877,4896,FLOW
4877,4896,UNWIND
4908,4878,HAS_BLOCK
4878,4880,FLOW
4878,4896,FLOW
4878,4896,UNWIND
4908,4880,HAS_BLOCK
4880,4882,FLOW
4880,4896,FLOW
4880,4896,UNWIND
4908,4882,HAS_BLOCK
4882,4884,FLOW
4882,4896,FLOW
4882,4896,UNWIND
4908,4884,HAS_BLOCK
4884,4802,FLOW
4884,4892,FLOW
4884,4892,UNWIND
4908,4885,HAS_BLOCK
4885,4886,FLOW
4885,4892,FLOW
4885,4892,UNWIND
4908,4886,HAS_BLOCK
4886,4887,FLOW
4886,4893,FLOW
4886,4893,UNWIND
4908,4887,HAS_BLOCK
4887,4890,FLOW
4908,4890,HAS_BLOCK
4890,4908,RETURN
4908,4891,HAS_BLOCK
4891,4892,FLOW
4908,4892,HAS_BLOCK
4892,4893,FLOW
4908,4893,HAS_BLOCK
4893,4894,FLOW
4908,4894,HAS_BLOCK
4908,4895,HAS_BLOCK
4895,4891,FLOW
4908,4896,HAS_BLOCK
4896,4891,FLOW
4896,4895,FLOW
4908,4897,HAS_BLOCK
4897,4885,FLOW
4908,4898,HAS_BLOCK
4898,4885,FLOW
4908,4899,HAS_BLOCK
4899,4885,FLOW
4908,4902,HAS_BLOCK
4902,4885,FLOW
4796,4797,HAS_PARAM
4796,4718,HAS_BLOCK
4718,4720,FLOW
4796,4720,HAS_BLOCK
4720,4737,FLOW
4796,4737,HAS_BLOCK
4737,4773,FLOW
4737,4785,FLOW
4737,4755,FLOW
4796,4755,HAS_BLOCK
4796,4773,HAS_BLOCK
4773,4788,FLOW
4773,4780,FLOW
4773,4780,UNWIND
4796,4785,HAS_BLOCK
4785,4777,FLOW
4796,4788,HAS_BLOCK
4788,4790,FLOW
4788,4779,FLOW
4788,4779,UNWIND
4796,4790,HAS_BLOCK
4790,4792,FLOW
4790,4779,FLOW
4790,4779,UNWIND
4796,4792,HAS_BLOCK
4792,4794,FLOW
4792,4779,FLOW
4792,4779,UNWIND
4796,4794,HAS_BLOCK
4794,4721,FLOW
4794,4779,FLOW
4794,4779,UNWIND
4796,4721,HAS_BLOCK
4721,4722,FLOW
4796,4722,HAS_BLOCK
4722,4724,FLOW
4722,4779,FLOW
4722,4779,UNWIND
4796,4724,HAS_BLOCK
4724,4726,FLOW
4724,4725,FLOW
4724,4755,FLOW
4796,4725,HAS_BLOCK
4725,4727,FLOW
4725,4722,FLOW
4796,4726,HAS_BLOCK
4726,4777,FLOW
4796,4727,HAS_BLOCK
4727,4729,FLOW
4727,4779,FLOW
4727,4779,UNWIND
4796,4729,HAS_BLOCK
4729,4731,FLOW
4729,4779,FLOW
4729,4779,UNWIND
4796,4731,HAS_BLOCK
4731,4732,FLOW
4731,4722,FLOW
4796,4732,HAS_BLOCK
4732,4734,FLOW
4732,4779,FLOW
4732,4779,UNWIND
4796,4734,HAS_BLOCK
4734,4738,FLOW
4734,4779,FLOW
4734,4779,UNWIND
4796,4738,HAS_BLOCK
4738,4740,FLOW
4738,4778,FLOW
4738,4778,UNWIND
4796,4740,HAS_BLOCK
4740,4742,FLOW
4740,4741,FLOW
4796,4741,HAS_BLOCK
4741,4722,FLOW
4741,4779,FLOW
4741,4779,UNWIND
4796,4742,HAS_BLOCK
4742,4744,FLOW
4742,4778,FLOW
4742,4778,UNWIND
4796,4744,HAS_BLOCK
4744,4746,FLOW
4744,4778,FLOW
4744,4778,UNWIND
4796,4746,HAS_BLOCK
4746,4748,FLOW
4746,4778,FLOW
4746,4778,UNWIND
4796,4748,HAS_BLOCK
4748,4749,FLOW
4748,4751,FLOW
4748,4755,FLOW
4796,4749,HAS_BLOCK
4749,4753,FLOW
4749,4778,FLOW
4749,4778,UNWIND
4796,4751,HAS_BLOCK
4751,4782,FLOW
4751,4778,FLOW
4751,4778,UNWIND
4796,4753,HAS_BLOCK
4753,4756,FLOW
4753,4778,FLOW
4753,4778,UNWIND
4796,4756,HAS_BLOCK
4756,4758,FLOW
4756,4778,FLOW
4756,4778,UNWIND
4796,4758,HAS_BLOCK
4758,4759,FLOW
4758,4761,FLOW
4758,4755,FLOW
4796,4759,HAS_BLOCK
4759,4763,FLOW
4759,4778,FLOW
4759,4778,UNWIND
4796,4761,HAS_BLOCK
4761,4783,FLOW
4761,4778,FLOW
4761,4778,UNWIND
4796,4763,HAS_BLOCK
4763,4765,FLOW
4763,4778,FLOW
4763,4778,UNWIND
4763,4650,CALL
4796,4765,HAS_BLOCK
4765,4767,FLOW
4765,4778,FLOW
4765,4778,UNWIND
4796,4767,HAS_BLOCK
4767,4768,FLOW
4767,4770,FLOW
4767,4755,FLOW
4796,4768,HAS_BLOCK
4768,4772,FLOW
4768,4778,FLOW
4768,4778,UNWIND
4796,4770,HAS_BLOCK
4770,4786,FLOW
4770,4778,FLOW
4770,4778,UNWIND
4796,4772,HAS_BLOCK
4772,4722,FLOW
4772,4779,FLOW
4772,4779,UNWIND
4796,4774,HAS_BLOCK
4774,4775,FLOW
4774,4779,FLOW
4774,4779,UNWIND
4796,4775,HAS_BLOCK
4775,4776,FLOW
4775,4780,FLOW
4775,4780,UNWIND
4796,4776,HAS_BLOCK
4776,4777,FLOW
4796,4777,HAS_BLOCK
4777,4796,RETURN
4796,4778,HAS_BLOCK
4778,4779,FLOW
4796,4779,HAS_BLOCK
4779,4780,FLOW
4796,4780,HAS_BLOCK
4780,4781,FLOW
4796,4781,HAS_BLOCK
4796,4782,HAS_BLOCK
4782,4774,FLOW
4796,4783,HAS_BLOCK
4783,4774,FLOW
4796,4786,HAS_BLOCK
4786,4774,FLOW
4716,4717,HAS_PARAM
4716,4652,HAS_BLOCK
4652,4701,FLOW
4716,4654,HAS_BLOCK
4654,4702,FLOW
4716,4671,HAS_BLOCK
4671,4707,FLOW
4716,4686,HAS_BLOCK
4686,4700,FLOW
4716,4698,HAS_BLOCK
4698,4707,FLOW
4716,4708,HAS_BLOCK
4708,4699,FLOW
4716,4710,HAS_BLOCK
4710,4707,FLOW
4716,4711,HAS_BLOCK
4711,4696,FLOW
4716,4713,HAS_BLOCK
4713,4707,FLOW
4716,4714,HAS_BLOCK
4714,4695,FLOW
4716,4655,HAS_BLOCK
4655,4707,FLOW
4716,4656,HAS_BLOCK
4656,4694,FLOW
4716,4658,HAS_BLOCK
4658,4707,FLOW
4716,4659,HAS_BLOCK
4659,4693,FLOW
4716,4661,HAS_BLOCK
4661,4707,FLOW
4716,4662,HAS_BLOCK
4662,4692,FLOW
4716,4664,HAS_BLOCK
4664,4707,FLOW
4716,4665,HAS_BLOCK
4665,4691,FLOW
4716,4667,HAS_BLOCK
4667,4707,FLOW
4716,4668,HAS_BLOCK
4668,4690,FLOW
4716,4672,HAS_BLOCK
4672,4707,FLOW
4716,4673,HAS_BLOCK
4673,4689,FLOW
4716,4675,HAS_BLOCK
4675,4707,FLOW
4716,4676,HAS_BLOCK
4676,4688,FLOW
4716,4678,HAS_BLOCK
4678,4707,FLOW
4716,4679,HAS_BLOCK
4679,4687,FLOW
4716,4681,HAS_BLOCK
4681,4707,FLOW
4716,4682,HAS_BLOCK
4682,4685,FLOW
4716,4684,HAS_BLOCK
4684,4707,FLOW
4716,4685,HAS_BLOCK
4685,4654,FLOW
4685,4684,FLOW
4716,4687,HAS_BLOCK
4687,4682,FLOW
4687,4681,FLOW
4716,4688,HAS_BLOCK
4688,4679,FLOW
4688,4678,FLOW
4716,4689,HAS_BLOCK
4689,4676,FLOW
4689,4675,FLOW
4716,4690,HAS_BLOCK
4690,4673,FLOW
4690,4672,FLOW
4716,4691,HAS_BLOCK
4691,4668,FLOW
4691,4667,FLOW
4716,4692,HAS_BLOCK
4692,4665,FLOW
4692,4664,FLOW
4716,4693,HAS_BLOCK
4693,4662,FLOW
4693,4661,FLOW
4716,4694,HAS_BLOCK
4694,4659,FLOW
4694,4658,FLOW
4716,4695,HAS_BLOCK
4695,4656,FLOW
4695,4655,FLOW
4716,4696,HAS_BLOCK
4696,4714,FLOW
4696,4713,FLOW
4716,4699,HAS_BLOCK
4699,4711,FLOW
4699,4710,FLOW
4716,4700,HAS_BLOCK
4700,4708,FLOW
4700,4698,FLOW
4716,4701,HAS_BLOCK
4701,4686,FLOW
4701,4671,FLOW
4716,4702,HAS_BLOCK
4702,4704,FLOW
4716,4704,HAS_BLOCK
4704,4706,FLOW
4716,4706,HAS_BLOCK
4706,4707,FLOW
4716,4707,HAS_BLOCK
4707,4716,RETURN
4650,4651,HAS_PARAM
4650,4570,HAS_BLOCK
4570,4636,FLOW
4650,4572,HAS_BLOCK
4572,4637,FLOW
4650,4589,HAS_BLOCK
4589,4642,FLOW
4650,4605,HAS_BLOCK
4605,4635,FLOW
4650,4620,HAS_BLOCK
4620,4642,FLOW
4650,4631,HAS_BLOCK
4631,4634,FLOW
4650,4644,HAS_BLOCK
4644,4642,FLOW
4650,4645,HAS_BLOCK
4645,4633,FLOW
4650,4647,HAS_BLOCK
4647,4642,FLOW
4650,4648,HAS_BLOCK
4648,4632,FLOW
4650,4573,HAS_BLOCK
4573,4642,FLOW
4650,4574,HAS_BLOCK
4574,4630,FLOW
4650,4576,HAS_BLOCK
4576,4642,FLOW
4650,4577,HAS_BLOCK
4577,4629,FLOW
4650,4579,HAS_BLOCK
4579,4642,FLOW
4650,4580,HAS_BLOCK
4580,4628,FLOW
4650,4582,HAS_BLOCK
4582,4642,FLOW
4650,4583,HAS_BLOCK
4583,4627,FLOW
4650,4585,HAS_BLOCK
4585,4642,FLOW
4650,4586,HAS_BLOCK
4586,4626,FLOW
4650,4590,HAS_BLOCK
4590,4642,FLOW
4650,4591,HAS_BLOCK
4591,4625,FLOW
4650,4593,HAS_BLOCK
4593,4642,FLOW
4650,4594,HAS_BLOCK
4594,4624,FLOW
4650,4596,HAS_BLOCK
4596,4642,FLOW
4650,4597,HAS_BLOCK
4597,4623,FLOW
4650,4599,HAS_BLOCK
4599,4642,FLOW
4650,4600,HAS_BLOCK
4600,4622,FLOW
4650,4602,HAS_BLOCK
4602,4642,FLOW
4650,4603,HAS_BLOCK
4603,4621,FLOW
4650,4606,HAS_BLOCK
4606,4642,FLOW
4650,4607,HAS_BLOCK
4607,4618,FLOW
4650,4609,HAS_BLOCK
4609,4642,FLOW
4650,4610,HAS_BLOCK
4610,4617,FLOW
4650,4612,HAS_BLOCK
4612,4642,FLOW
4650,4613,HAS_BLOCK
4613,4616,FLOW
4650,4615,HAS_BLOCK
4615,4642,FLOW
4650,4616,HAS_BLOCK
4616,4572,FLOW
4616,4615,FLOW
4650,4617,HAS_BLOCK
4617,4613,FLOW
4617,4612,FLOW
4650,4618,HAS_BLOCK
4618,4610,FLOW
4618,4609,FLOW
4650,4621,HAS_BLOCK
4621,4607,FLOW
4621,4606,FLOW
4650,4622,HAS_BLOCK
4622,4603,FLOW
4622,4602,FLOW
4650,4623,HAS_BLOCK
4623,4600,FLOW
4623,4599,FLOW
4650,4624,HAS_BLOCK
4624,4597,FLOW
4624,4596,FLOW
4650,4625,HAS_BLOCK
4625,4594,FLOW
4625,4593,FLOW
4650,4626,HAS_BLOCK
4626,4591,FLOW
4626,4590,FLOW
4650,4627,HAS_BLOCK
4627,4586,FLOW
4627,4585,FLOW
4650,4628,HAS_BLOCK
4628,4583,FLOW
4628,4582,FLOW
4650,4629,HAS_BLOCK
4629,4580,FLOW
4629,4579,FLOW
4650,4630,HAS_BLOCK
4630,4577,FLOW
4630,4576,FLOW
4650,4632,HAS_BLOCK
4632,4574,FLOW
4632,4573,FLOW
4650,4633,HAS_BLOCK
4633,4648,FLOW
4633,4647,FLOW
4650,4634,HAS_BLOCK
4634,4645,FLOW
4634,4644,FLOW
4650,4635,HAS_BLOCK
4635,4631,FLOW
4635,4620,FLOW
4650,4636,HAS_BLOCK
4636,4605,FLOW
4636,4589,FLOW
4650,4637,HAS_BLOCK
4637,4639,FLOW
4650,4639,HAS_BLOCK
4639,4641,FLOW
4650,4641,HAS_BLOCK
4641,4642,FLOW
4650,4642,HAS_BLOCK
4642,4650,RETURN
5019,5020,HAS_PARAM
5019,5021,HAS_PARAM
5019,5022,HAS_PARAM
5019,4939,HAS_BLOCK
4939,4941,FLOW
5019,4941,HAS_BLOCK
4941,4963,FLOW
4941,5001,FLOW
4941,5001,UNWIND
5019,4963,HAS_BLOCK
4963,4985,FLOW
4963,5001,FLOW
4963,5001,UNWIND
4963,4936,CALL
5019,4985,HAS_BLOCK
4985,5000,FLOW
4985,4997,FLOW
4985,4997,UNWIND
5019,5000,HAS_BLOCK
5000,5009,FLOW
5000,5017,FLOW
5000,5015,FLOW
5000,5013,FLOW
5000,4944,FLOW
5000,4942,FLOW
5000,5011,FLOW
5000,4992,FLOW
5019,5009,HAS_BLOCK
5009,4990,FLOW
5009,4997,FLOW
5009,4997,UNWIND
5019,5011,HAS_BLOCK
5011,4988,FLOW
5011,4997,FLOW
5011,4997,UNWIND
5019,5013,HAS_BLOCK
5013,4986,FLOW
5013,4997,FLOW
5013,4997,UNWIND
5019,5015,HAS_BLOCK
5015,4978,FLOW
5015,4997,FLOW
5015,4997,UNWIND
5019,5017,HAS_BLOCK
5017,4972,FLOW
5017,4997,FLOW
5017,4997,UNWIND
5019,4942,HAS_BLOCK
4942,4958,FLOW
4942,4997,FLOW
4942,4997,UNWIND
5019,4944,HAS_BLOCK
4944,4946,FLOW
4944,4997,FLOW
4944,4997,UNWIND
5019,4946,HAS_BLOCK
4946,4948,FLOW
4946,4997,FLOW
4946,4997,UNWIND
5019,4948,HAS_BLOCK
4948,4950,FLOW
4948,4997,FLOW
4948,4997,UNWIND
5019,4950,HAS_BLOCK
4950,4952,FLOW
4950,4997,FLOW
4950,4997,UNWIND
5019,4952,HAS_BLOCK
4952,4954,FLOW
4952,4997,FLOW
4952,4997,UNWIND
5019,4954,HAS_BLOCK
4954,4956,FLOW
4954,4997,FLOW
4954,4997,UNWIND
4954,4542,CALL
5019,4956,HAS_BLOCK
4956,5002,FLOW
4956,4997,FLOW
4956,4997,UNWIND
5019,4958,HAS_BLOCK
4958,4960,FLOW
4958,4997,FLOW
4958,4997,UNWIND
5019,4960,HAS_BLOCK
4960,4964,FLOW
4960,4997,FLOW
4960,4997,UNWIND
5019,4964,HAS_BLOCK
4964,4966,FLOW
4964,4997,FLOW
4964,4997,UNWIND
5019,4966,HAS_BLOCK
4966,4968,FLOW
4966,4997,FLOW
4966,4997,UNWIND
5019,4968,HAS_BLOCK
4968,4970,FLOW
4968,4997,FLOW
4968,4997,UNWIND
4968,4542,CALL
5019,4970,HAS_BLOCK
4970,5003,FLOW
4970,4997,FLOW
4970,4997,UNWIND
5019,4972,HAS_BLOCK
4972,4974,FLOW
4972,4997,FLOW
4972,4997,UNWIND
5019,4974,HAS_BLOCK
4974,4976,FLOW
4974,4997,FLOW
4974,4997,UNWIND
4974,4212,CALL
5019,4976,HAS_BLOCK
4976,5004,FLOW
4976,4997,FLOW
4976,4997,UNWIND
5019,4978,HAS_BLOCK
4978,4980,FLOW
4978,4997,FLOW
4978,4997,UNWIND
5019,4980,HAS_BLOCK
4980,4982,FLOW
4980,4997,FLOW
4980,4997,UNWIND
4980,4212,CALL
5019,4982,HAS_BLOCK
4982,5005,FLOW
4982,4997,FLOW
4982,4997,UNWIND
5019,4986,HAS_BLOCK
4986,5006,FLOW
4986,4997,FLOW
4986,4997,UNWIND
5019,4988,HAS_BLOCK
4988,5007,FLOW
4988,4997,FLOW
4988,4997,UNWIND
5019,4990,HAS_BLOCK
4990,5008,FLOW
4990,4997,FLOW
4990,4997,UNWIND
5019,4992,HAS_BLOCK
4992,4993,FLOW
4992,4995,FLOW
5019,4993,HAS_BLOCK
4993,5019,RETURN
5019,4994,HAS_BLOCK
5019,4995,HAS_BLOCK
4995,4993,FLOW
4995,5001,FLOW
4995,5001,UNWIND
5019,4996,HAS_BLOCK
4996,5001,FLOW
5019,4997,HAS_BLOCK
4997,5001,FLOW
4997,4996,FLOW
5019,4998,HAS_BLOCK
4998,4994,FLOW
5019,5001,HAS_BLOCK
5001,4994,FLOW
5001,4998,FLOW
5019,5002,HAS_BLOCK
5002,4992,FLOW
5019,5003,HAS_BLOCK
5003,4992,FLOW
5019,5004,HAS_BLOCK
5004,4992,FLOW
5019,5005,HAS_BLOCK
5005,4992,FLOW
5019,5006,HAS_BLOCK
5006,4992,FLOW
5019,5007,HAS_BLOCK
5007,4992,FLOW
5019,5008,HAS_BLOCK
5008,4992,FLOW
4496,4497,HAS_PARAM
4496,4498,HAS_PARAM
4496,4499,HAS_PARAM
4496,4396,HAS_BLOCK
4396,4416,FLOW
4496,4398,HAS_BLOCK
4398,4483,FLOW
4496,4416,HAS_BLOCK
4416,4435,FLOW
4416,4455,FLOW
4416,4399,FLOW
4496,4435,HAS_BLOCK
4435,4470,FLOW
4496,4455,HAS_BLOCK
4455,4398,FLOW
4496,4470,HAS_BLOCK
4470,4492,FLOW
4470,4486,FLOW
4496,4486,HAS_BLOCK
4486,4495,FLOW
4496,4492,HAS_BLOCK
4492,4494,FLOW
4496,4494,HAS_BLOCK
4494,4483,FLOW
4496,4495,HAS_BLOCK
4495,4401,FLOW
4495,4400,FLOW
4495,4399,FLOW
4496,4399,HAS_BLOCK
4496,4400,HAS_BLOCK
4400,4403,FLOW
4400,4403,FLOW
4400,4403,FLOW
4400,4399,FLOW
4496,4401,HAS_BLOCK
4401,4405,FLOW
4496,4403,HAS_BLOCK
4403,4406,FLOW
4496,4405,HAS_BLOCK
4405,4406,FLOW
4496,4406,HAS_BLOCK
4406,4408,FLOW
4496,4408,HAS_BLOCK
4408,4410,FLOW
4408,4484,FLOW
4408,4484,UNWIND
4496,4410,HAS_BLOCK
4410,4412,FLOW
4410,4484,FLOW
4410,4484,UNWIND
4496,4412,HAS_BLOCK
4412,4414,FLOW
4412,4484,FLOW
4412,4484,UNWIND
4496,4414,HAS_BLOCK
4414,4417,FLOW
4414,4484,FLOW
4414,4484,UNWIND
4496,4417,HAS_BLOCK
4417,4418,FLOW
4496,4418,HAS_BLOCK
4418,4420,FLOW
4418,4484,FLOW
4418,4484,UNWIND
4496,4420,HAS_BLOCK
4420,4423,FLOW
4420,4421,FLOW
4420,4399,FLOW
4496,4421,HAS_BLOCK
4421,4425,FLOW
4421,4484,FLOW
4421,4484,UNWIND
4496,4423,HAS_BLOCK
4423,4445,FLOW
4423,4484,FLOW
4423,4484,UNWIND
4496,4425,HAS_BLOCK
4425,4427,FLOW
4425,4484,FLOW
4425,4484,UNWIND
4496,4427,HAS_BLOCK
4427,4429,FLOW
4427,4484,FLOW
4427,4484,UNWIND
4496,4429,HAS_BLOCK
4429,4431,FLOW
4429,4484,FLOW
4429,4484,UNWIND
4429,4936,CALL
4496,4431,HAS_BLOCK
4431,4433,FLOW
4431,4490,FLOW
4431,4490,UNWIND
4496,4433,HAS_BLOCK
4433,4436,FLOW
4433,4490,FLOW
4433,4490,UNWIND
4496,4436,HAS_BLOCK
4436,4438,FLOW
4436,4490,FLOW
4436,4490,UNWIND
4496,4438,HAS_BLOCK
4438,4440,FLOW
4438,4490,FLOW
4438,4490,UNWIND
4496,4440,HAS_BLOCK
4440,4442,FLOW
4440,4490,FLOW
4440,4490,UNWIND
4496,4442,HAS_BLOCK
4442,4444,FLOW
4442,4490,FLOW
4442,4490,UNWIND
4496,4444,HAS_BLOCK
4444,4418,FLOW
4496,4445,HAS_BLOCK
4445,4447,FLOW
4445,4484,FLOW
4445,4484,UNWIND
4496,4447,HAS_BLOCK
4447,4449,FLOW
4447,4484,FLOW
4447,4484,UNWIND
4496,4449,HAS_BLOCK
4449,4451,FLOW
4449,4484,FLOW
4449,4484,UNWIND
4496,4451,HAS_BLOCK
4451,4452,FLOW
4496,4452,HAS_BLOCK
4452,4456,FLOW
4452,4484,FLOW
4452,4484,UNWIND
4496,4456,HAS_BLOCK
4456,4458,FLOW
4456,4457,FLOW
4456,4399,FLOW
4496,4457,HAS_BLOCK
4457,4459,FLOW
4457,4452,FLOW
4457,4399,FLOW
4496,4458,HAS_BLOCK
4458,4483,FLOW
4496,4459,HAS_BLOCK
4459,4461,FLOW
4459,4460,FLOW
4496,4460,HAS_BLOCK
4460,4462,FLOW
4496,4461,HAS_BLOCK
4461,4462,FLOW
4496,4462,HAS_BLOCK
4462,4452,FLOW
4462,4463,FLOW
4496,4463,HAS_BLOCK
4463,4465,FLOW
4463,4484,FLOW
4463,4484,UNWIND
4463,4936,CALL
4496,4465,HAS_BLOCK
4465,4467,FLOW
4465,4488,FLOW
4465,4488,UNWIND
4496,4467,HAS_BLOCK
4467,4471,FLOW
4467,4488,FLOW
4467,4488,UNWIND
4496,4471,HAS_BLOCK
4471,4473,FLOW
4471,4488,FLOW
4471,4488,UNWIND
4496,4473,HAS_BLOCK
4473,4475,FLOW
4473,4488,FLOW
4473,4488,UNWIND
4496,4475,HAS_BLOCK
4475,4477,FLOW
4475,4488,FLOW
4475,4488,UNWIND
4496,4477,HAS_BLOCK
4477,4479,FLOW
4477,4488,FLOW
4477,4488,UNWIND
4496,4479,HAS_BLOCK
4479,4481,FLOW
4479,4488,FLOW
4479,4488,UNWIND
4496,4481,HAS_BLOCK
4481,4482,FLOW
4481,4488,FLOW
4481,4488,UNWIND
4496,4482,HAS_BLOCK
4482,4452,FLOW
4496,4483,HAS_BLOCK
4483,4496,RETURN
4496,4484,HAS_BLOCK
4484,4485,FLOW
4496,4485,HAS_BLOCK
4496,4487,HAS_BLOCK
4487,4484,FLOW
4496,4488,HAS_BLOCK
4488,4484,FLOW
4488,4487,FLOW
4496,4489,HAS_BLOCK
4489,4484,FLOW
4496,4490,HAS_BLOCK
4490,4484,FLOW
4490,4489,FLOW
4012,4013,HAS_PARAM
4012,4014,HAS_PARAM
4012,4015,HAS_PARAM
4012,3771,HAS_BLOCK
3771,3773,FLOW
4012,3773,HAS_BLOCK
3773,3868,FLOW
3773,3847,FLOW
3773,3847,UNWIND
4012,3868,HAS_BLOCK
3868,3884,FLOW
4012,3884,HAS_BLOCK
3884,3904,FLOW
3884,3847,FLOW
3884,3847,UNWIND
4012,3904,HAS_BLOCK
3904,3956,FLOW
3904,3935,FLOW
3904,3920,FLOW
4012,3920,HAS_BLOCK
4012,3935,HAS_BLOCK
3935,3974,FLOW
3935,3847,FLOW
3935,3847,UNWIND
4012,3956,HAS_BLOCK
3956,4012,RETURN
4012,3974,HAS_BLOCK
3974,3793,FLOW
3974,3793,FLOW
3974,3991,FLOW
3974,3991,FLOW
3974,3774,FLOW
3974,3925,FLOW
4012,3991,HAS_BLOCK
3991,3893,FLOW
3991,3847,FLOW
3991,3847,UNWIND
4012,3774,HAS_BLOCK
3774,3876,FLOW
3774,3847,FLOW
3774,3847,UNWIND
4012,3793,HAS_BLOCK
3793,3808,FLOW
3793,3847,FLOW
3793,3847,UNWIND
4012,3808,HAS_BLOCK
3808,3827,FLOW
3808,3847,FLOW
3808,3847,UNWIND
4012,3827,HAS_BLOCK
3827,3839,FLOW
3827,3925,FLOW
3827,3920,FLOW
4012,3839,HAS_BLOCK
3839,3851,FLOW
3839,3847,FLOW
3839,3847,UNWIND
4012,3851,HAS_BLOCK
3851,3861,FLOW
3851,3847,FLOW
3851,3847,UNWIND
3851,4258,CALL
4012,3861,HAS_BLOCK
3861,3863,FLOW
3861,3847,FLOW
3861,3847,UNWIND
4012,3863,HAS_BLOCK
3863,3864,FLOW
4012,3864,HAS_BLOCK
3864,3866,FLOW
3864,3846,FLOW
3864,3846,UNWIND
4012,3866,HAS_BLOCK
3866,3871,FLOW
3866,3869,FLOW
3866,3920,FLOW
4012,3869,HAS_BLOCK
3869,3872,FLOW
3869,3845,FLOW
3869,3845,UNWIND
4012,3871,HAS_BLOCK
3871,3925,FLOW
3871,3847,FLOW
3871,3847,UNWIND
4012,3872,HAS_BLOCK
3872,3873,FLOW
3872,3875,FLOW
3872,3920,FLOW
4012,3873,HAS_BLOCK
3873,3849,FLOW
3873,3845,FLOW
3873,3845,UNWIND
4012,3875,HAS_BLOCK
3875,3864,FLOW
3875,3846,FLOW
3875,3846,UNWIND
4012,3876,HAS_BLOCK
3876,3878,FLOW
3876,3847,FLOW
3876,3847,UNWIND
4012,3878,HAS_BLOCK
3878,3879,FLOW
3878,3925,FLOW
3878,3920,FLOW
4012,3879,HAS_BLOCK
3879,3925,FLOW
3879,3880,FLOW
4012,3880,HAS_BLOCK
3880,3882,FLOW
3880,3847,FLOW
3880,3847,UNWIND
4012,3882,HAS_BLOCK
3882,3885,FLOW
3882,3847,FLOW
3882,3847,UNWIND
4012,3885,HAS_BLOCK
3885,3887,FLOW
3885,3847,FLOW
3885,3847,UNWIND
4012,3887,HAS_BLOCK
3887,3889,FLOW
3887,3844,FLOW
3887,3844,UNWIND
4012,3889,HAS_BLOCK
3889,3890,FLOW
3889,3892,FLOW
3889,3920,FLOW
4012,3890,HAS_BLOCK
3890,3852,FLOW
3890,3844,FLOW
3890,3844,UNWIND
4012,3892,HAS_BLOCK
3892,3925,FLOW
3892,3847,FLOW
3892,3847,UNWIND
4012,3893,HAS_BLOCK
3893,3895,FLOW
3893,3847,FLOW
3893,3847,UNWIND
4012,3895,HAS_BLOCK
3895,3897,FLOW
3895,3847,FLOW
3895,3847,UNWIND
4012,3897,HAS_BLOCK
3897,3899,FLOW
3897,3847,FLOW
3897,3847,UNWIND
4012,3899,HAS_BLOCK
3899,3901,FLOW
3899,3843,FLOW
3899,3843,UNWIND
4012,3901,HAS_BLOCK
3901,3905,FLOW
3901,3843,FLOW
3901,3843,UNWIND
4012,3905,HAS_BLOCK
3905,3906,FLOW
3905,3924,FLOW
3905,3920,FLOW
4012,3906,HAS_BLOCK
3906,3908,FLOW
3906,3843,FLOW
3906,3843,UNWIND
4012,3908,HAS_BLOCK
3908,3910,FLOW
3908,3843,FLOW
3908,3843,UNWIND
3908,4566,CALL
4012,3910,HAS_BLOCK
3910,3912,FLOW
3910,3843,FLOW
3910,3843,UNWIND
4012,3912,HAS_BLOCK
3912,3913,FLOW
4012,3913,HAS_BLOCK
3913,3915,FLOW
3913,3842,FLOW
3913,3842,UNWIND
4012,3915,HAS_BLOCK
3915,3918,FLOW
3915,3916,FLOW
3915,3920,FLOW
4012,3916,HAS_BLOCK
3916,3919,FLOW
3916,3841,FLOW
3916,3841,UNWIND
4012,3918,HAS_BLOCK
3918,3924,FLOW
3918,3843,FLOW
3918,3843,UNWIND
4012,3919,HAS_BLOCK
3919,3921,FLOW
3919,3923,FLOW
3919,3920,FLOW
4012,3921,HAS_BLOCK
3921,3853,FLOW
3921,3841,FLOW
3921,3841,UNWIND
4012,3923,HAS_BLOCK
3923,3913,FLOW
3923,3842,FLOW
3923,3842,UNWIND
4012,3924,HAS_BLOCK
3924,3925,FLOW
3924,3847,FLOW
3924,3847,UNWIND
4012,3925,HAS_BLOCK
3925,3927,FLOW
3925,3847,FLOW
3925,3847,UNWIND
4012,3927,HAS_BLOCK
3927,3928,FLOW
3927,3884,FLOW
3927,3920,FLOW
4012,3928,HAS_BLOCK
3928,3930,FLOW
3928,3847,FLOW
3928,3847,UNWIND
4012,3930,HAS_BLOCK
3930,3884,FLOW
3930,3931,FLOW
4012,3931,HAS_BLOCK
3931,3933,FLOW
3931,3847,FLOW
3931,3847,UNWIND
4012,3933,HAS_BLOCK
3933,3936,FLOW
3933,3934,FLOW
3933,3920,FLOW
4012,3934,HAS_BLOCK
3934,3938,FLOW
3934,3938,FLOW
3934,3938,FLOW
3934,3920,FLOW
4012,3936,HAS_BLOCK
3936,3940,FLOW
3936,3847,FLOW
3936,3847,UNWIND
4012,3938,HAS_BLOCK
3938,3854,FLOW
3938,3847,FLOW
3938,3847,UNWIND
4012,3940,HAS_BLOCK
3940,3941,FLOW
4012,3941,HAS_BLOCK
3941,3943,FLOW
3941,3847,FLOW
3941,3847,UNWIND
4012,3943,HAS_BLOCK
3943,3945,FLOW
3943,3847,FLOW
3943,3847,UNWIND
4012,3945,HAS_BLOCK
3945,3947,FLOW
3945,3847,FLOW
3945,3847,UNWIND
4012,3947,HAS_BLOCK
3947,3949,FLOW
3947,3847,FLOW
3947,3847,UNWIND
4012,3949,HAS_BLOCK
3949,3951,FLOW
3949,3840,FLOW
3949,3840,UNWIND
4012,3951,HAS_BLOCK
3951,3953,FLOW
3951,3840,FLOW
3951,3840,UNWIND
4012,3953,HAS_BLOCK
3953,3957,FLOW
3953,3840,FLOW
3953,3840,UNWIND
4012,3957,HAS_BLOCK
3957,3959,FLOW
3957,3840,FLOW
3957,3840,UNWIND
4012,3959,HAS_BLOCK
3959,3961,FLOW
3959,3840,FLOW
3959,3840,UNWIND
4012,3961,HAS_BLOCK
3961,3963,FLOW
3961,3840,FLOW
3961,3840,UNWIND
4012,3963,HAS_BLOCK
3963,3964,FLOW
4012,3964,HAS_BLOCK
3964,3966,FLOW
3964,3840,FLOW
3964,3840,UNWIND
4012,3966,HAS_BLOCK
3966,3969,FLOW
3966,3967,FLOW
3966,3920,FLOW
4012,3967,HAS_BLOCK
3967,3970,FLOW
3967,3840,FLOW
3967,3840,UNWIND
4012,3969,HAS_BLOCK
3969,3884,FLOW
3969,3847,FLOW
3969,3847,UNWIND
4012,3970,HAS_BLOCK
3970,3972,FLOW
3970,3840,FLOW
3970,3840,UNWIND
4012,3972,HAS_BLOCK
3972,3975,FLOW
3972,3840,FLOW
3972,3840,UNWIND
4012,3975,HAS_BLOCK
3975,3977,FLOW
3975,3840,FLOW
3975,3840,UNWIND
4012,3977,HAS_BLOCK
3977,3979,FLOW
3977,3840,FLOW
3977,3840,UNWIND
4012,3979,HAS_BLOCK
3979,3981,FLOW
3979,3838,FLOW
3979,3838,UNWIND
4012,3981,HAS_BLOCK
3981,3833,FLOW
3981,3982,FLOW
3981,3920,FLOW
4012,3982,HAS_BLOCK
3982,3983,FLOW
3982,3985,FLOW
3982,3920,FLOW
4012,3983,HAS_BLOCK
3983,3855,FLOW
3983,3838,FLOW
3983,3838,UNWIND
4012,3985,HAS_BLOCK
3985,3986,FLOW
3985,3832,FLOW
3985,3920,FLOW
4012,3986,HAS_BLOCK
3986,3988,FLOW
3986,3838,FLOW
3986,3838,UNWIND
4012,3988,HAS_BLOCK
3988,3990,FLOW
3988,3838,FLOW
3988,3838,UNWIND
4012,3990,HAS_BLOCK
3990,3992,FLOW
4012,3992,HAS_BLOCK
3992,3994,FLOW
3992,3838,FLOW
3992,3838,UNWIND
4012,3994,HAS_BLOCK
3994,3997,FLOW
3994,3995,FLOW
3994,3920,FLOW
4012,3995,HAS_BLOCK
3995,3999,FLOW
3995,3838,FLOW
3995,3838,UNWIND
4012,3997,HAS_BLOCK
3997,3779,FLOW
3997,3838,FLOW
3997,3838,UNWIND
3997,5032,CALL
4012,3999,HAS_BLOCK
3999,4001,FLOW
3999,3838,FLOW
3999,3838,UNWIND
4012,4001,HAS_BLOCK
4001,4003,FLOW
4001,3838,FLOW
4001,3838,UNWIND
4012,4003,HAS_BLOCK
4003,4005,FLOW
4003,3838,FLOW
4003,3838,UNWIND
4012,4005,HAS_BLOCK
4005,4007,FLOW
4005,3838,FLOW
4005,3838,UNWIND
4012,4007,HAS_BLOCK
4007,4009,FLOW
4007,3838,FLOW
4007,3838,UNWIND
4012,4009,HAS_BLOCK
4009,3775,FLOW
4009,3837,FLOW
4009,3837,UNWIND
4012,3775,HAS_BLOCK
3775,3776,FLOW
3775,3778,FLOW
3775,3920,FLOW
4012,3776,HAS_BLOCK
3776,3856,FLOW
3776,3837,FLOW
3776,3837,UNWIND
4012,3778,HAS_BLOCK
3778,3992,FLOW
3778,3838,FLOW
3778,3838,UNWIND
4012,3779,HAS_BLOCK
3779,3780,FLOW
3779,3800,FLOW
3779,3920,FLOW
4012,3780,HAS_BLOCK
3780,3782,FLOW
3780,3838,FLOW
3780,3838,UNWIND
4012,3782,HAS_BLOCK
3782,3784,FLOW
3782,3838,FLOW
3782,3838,UNWIND
4012,3784,HAS_BLOCK
3784,3786,FLOW
3784,3838,FLOW
3784,3838,UNWIND
4012,3786,HAS_BLOCK
3786,3788,FLOW
3786,3838,FLOW
3786,3838,UNWIND
4012,3788,HAS_BLOCK
3788,3790,FLOW
3788,3838,FLOW
3788,3838,UNWIND
4012,3790,HAS_BLOCK
3790,3794,FLOW
3790,3838,FLOW
3790,3838,UNWIND
4012,3794,HAS_BLOCK
3794,3796,FLOW
3794,3836,FLOW
3794,3836,UNWIND
4012,3796,HAS_BLOCK
3796,3797,FLOW
3796,3799,FLOW
3796,3920,FLOW
4012,3797,HAS_BLOCK
3797,3857,FLOW
3797,3836,FLOW
3797,3836,UNWIND
4012,3799,HAS_BLOCK
3799,3800,FLOW
3799,3838,FLOW
3799,3838,UNWIND
4012,3800,HAS_BLOCK
3800,3802,FLOW
3800,3801,FLOW
4012,3801,HAS_BLOCK
3801,3803,FLOW
4012,3802,HAS_BLOCK
3802,3803,FLOW
4012,3803,HAS_BLOCK
3803,3809,FLOW
3803,3804,FLOW
4012,3804,HAS_BLOCK
3804,3805,FLOW
3804,3809,FLOW
3804,3920,FLOW
4012,3805,HAS_BLOCK
3805,3858,FLOW
3805,3838,FLOW
3805,3838,UNWIND
4012,3809,HAS_BLOCK
3809,3810,FLOW
3809,3832,FLOW
4012,3810,HAS_BLOCK
3810,3812,FLOW
3810,3838,FLOW
3810,3838,UNWIND
4012,3812,HAS_BLOCK
3812,3813,FLOW
3812,3832,FLOW
3812,3920,FLOW
4012,3813,HAS_BLOCK
3813,3815,FLOW
3813,3838,FLOW
3813,3838,UNWIND
4012,3815,HAS_BLOCK
3815,3817,FLOW
3815,3835,FLOW
3815,3835,UNWIND
4012,3817,HAS_BLOCK
3817,3819,FLOW
3817,3835,FLOW
3817,3835,UNWIND
4012,3819,HAS_BLOCK
3819,3821,FLOW
3819,3835,FLOW
3819,3835,UNWIND
4012,3821,HAS_BLOCK
3821,3822,FLOW
3821,3838,FLOW
3821,3838,UNWIND
4012,3822,HAS_BLOCK
3822,3824,FLOW
3822,3838,FLOW
3822,3838,UNWIND
4012,3824,HAS_BLOCK
3824,3828,FLOW
3824,3834,FLOW
3824,3834,UNWIND
4012,3828,HAS_BLOCK
3828,3829,FLOW
3828,3831,FLOW
3828,3920,FLOW
4012,3829,HAS_BLOCK
3829,3859,FLOW
3829,3834,FLOW
3829,3834,UNWIND
4012,3831,HAS_BLOCK
3831,3832,FLOW
3831,3838,FLOW
3831,3838,UNWIND
4012,3832,HAS_BLOCK
3832,3964,FLOW
3832,3840,FLOW
3832,3840,UNWIND
4012,3833,HAS_BLOCK
3833,3964,FLOW
3833,3840,FLOW
3833,3840,UNWIND
4012,3834,HAS_BLOCK
3834,3838,FLOW
4012,3835,HAS_BLOCK
3835,3838,FLOW
4012,3836,HAS_BLOCK
3836,3838,FLOW
4012,3837,HAS_BLOCK
3837,3838,FLOW
4012,3838,HAS_BLOCK
3838,3840,FLOW
4012,3840,HAS_BLOCK
3840,3847,FLOW
4012,3841,HAS_BLOCK
3841,3842,FLOW
4012,3842,HAS_BLOCK
3842,3843,FLOW
4012,3843,HAS_BLOCK
3843,3847,FLOW
4012,3844,HAS_BLOCK
3844,3847,FLOW
4012,3845,HAS_BLOCK
3845,3846,FLOW
4012,3846,HAS_BLOCK
3846,3847,FLOW
4012,3847,HAS_BLOCK
3847,3848,FLOW
4012,3848,HAS_BLOCK
4012,3849,HAS_BLOCK
3849,3875,FLOW
4012,3852,HAS_BLOCK
3852,3892,FLOW
4012,3853,HAS_BLOCK
3853,3923,FLOW
4012,3854,HAS_BLOCK
3854,3941,FLOW
4012,3855,HAS_BLOCK
3855,3985,FLOW
4012,3856,HAS_BLOCK
3856,3778,FLOW
4012,3857,HAS_BLOCK
3857,3799,FLOW
4012,3858,HAS_BLOCK
3858,3809,FLOW
4012,3859,HAS_BLOCK
3859,3831,FLOW
4936,4937,HAS_PARAM
4936,4938,HAS_PARAM
4936,4910,HAS_BLOCK
4910,4912,FLOW
4936,4912,HAS_BLOCK
4912,4920,FLOW
4936,4920,HAS_BLOCK
4920,4922,FLOW
4936,4922,HAS_BLOCK
4922,4924,FLOW
4936,4924,HAS_BLOCK
4924,4926,FLOW
4924,4917,FLOW
4924,4917,UNWIND
4936,4926,HAS_BLOCK
4926,4928,FLOW
4926,4917,FLOW
4926,4917,UNWIND
4936,4928,HAS_BLOCK
4928,4930,FLOW
4928,4917,FLOW
4928,4917,UNWIND
4936,4930,HAS_BLOCK
4930,4932,FLOW
4930,4917,FLOW
4930,4917,UNWIND
4936,4932,HAS_BLOCK
4932,4934,FLOW
4932,4917,FLOW
4932,4917,UNWIND
4936,4934,HAS_BLOCK
4934,4913,FLOW
4934,4916,FLOW
4934,4916,UNWIND
4936,4913,HAS_BLOCK
4913,4914,FLOW
4913,4916,FLOW
4913,4916,UNWIND
4936,4914,HAS_BLOCK
4914,4915,FLOW
4936,4915,HAS_BLOCK
4915,4936,RETURN
4936,4916,HAS_BLOCK
4916,4917,FLOW
4936,4917,HAS_BLOCK
4917,4918,FLOW
4936,4918,HAS_BLOCK
4275,4276,HAS_PARAM
4275,4262,HAS_BLOCK
4262,4264,FLOW
4275,4264,HAS_BLOCK
4264,4266,FLOW
4275,4266,HAS_BLOCK
4266,4268,FLOW
4275,4268,HAS_BLOCK
4268,4270,FLOW
4275,4270,HAS_BLOCK
4270,4272,FLOW
4275,4272,HAS_BLOCK
4272,4274,FLOW
4275,4274,HAS_BLOCK
4274,4275,RETURN
4542,4543,HAS_PARAM
4542,4544,HAS_PARAM
4542,4545,HAS_PARAM
4542,4500,HAS_BLOCK
4500,4502,FLOW
4542,4502,HAS_BLOCK
4502,4520,FLOW
4502,4527,FLOW
4502,4527,UNWIND
4542,4520,HAS_BLOCK
4520,4531,FLOW
4520,4533,FLOW
4520,4507,FLOW
4542,4531,HAS_BLOCK
4531,4534,FLOW
4531,4527,FLOW
4531,4527,UNWIND
4542,4533,HAS_BLOCK
4533,4526,FLOW
4542,4534,HAS_BLOCK
4534,4535,FLOW
4534,4537,FLOW
4534,4507,FLOW
4542,4535,HAS_BLOCK
4535,4538,FLOW
4535,4527,FLOW
4535,4527,UNWIND
4542,4537,HAS_BLOCK
4537,4526,FLOW
4542,4538,HAS_BLOCK
4538,4540,FLOW
4538,4527,FLOW
4538,4527,UNWIND
4542,4540,HAS_BLOCK
4540,4503,FLOW
4540,4527,FLOW
4540,4527,UNWIND
4542,4503,HAS_BLOCK
4503,4504,FLOW
4542,4504,HAS_BLOCK
4504,4506,FLOW
4504,4527,FLOW
4504,4527,UNWIND
4542,4506,HAS_BLOCK
4506,4510,FLOW
4506,4508,FLOW
4506,4507,FLOW
4542,4507,HAS_BLOCK
4542,4508,HAS_BLOCK
4508,4511,FLOW
4508,4527,FLOW
4508,4527,UNWIND
4508,4936,CALL
4542,4510,HAS_BLOCK
4510,4526,FLOW
4542,4511,HAS_BLOCK
4511,4513,FLOW
4511,4530,FLOW
4511,4530,UNWIND
4542,4513,HAS_BLOCK
4513,4515,FLOW
4513,4530,FLOW
4513,4530,UNWIND
4542,4515,HAS_BLOCK
4515,4517,FLOW
4515,4530,FLOW
4515,4530,UNWIND
4542,4517,HAS_BLOCK
4517,4521,FLOW
4517,4530,FLOW
4517,4530,UNWIND
4542,4521,HAS_BLOCK
4521,4523,FLOW
4521,4530,FLOW
4521,4530,UNWIND
4542,4523,HAS_BLOCK
4523,4525,FLOW
4523,4530,FLOW
4523,4530,UNWIND
4542,4525,HAS_BLOCK
4525,4504,FLOW
4542,4526,HAS_BLOCK
4526,4542,RETURN
4542,4527,HAS_BLOCK
4527,4528,FLOW
4542,4528,HAS_BLOCK
4542,4529,HAS_BLOCK
4529,4527,FLOW
4542,4530,HAS_BLOCK
4530,4527,FLOW
4530,4529,FLOW
4566,4567,HAS_PARAM
4566,4568,HAS_PARAM
4566,4569,HAS_PARAM
4566,4546,HAS_BLOCK
4546,4548,FLOW
4566,4548,HAS_BLOCK
4548,4551,FLOW
4548,4553,FLOW
4548,4550,FLOW
4566,4551,HAS_BLOCK
4551,4555,FLOW
4566,4553,HAS_BLOCK
4553,4549,FLOW
4566,4555,HAS_BLOCK
4555,4556,FLOW
4555,4558,FLOW
4555,4550,FLOW
4566,4556,HAS_BLOCK
4556,4560,FLOW
4566,4558,HAS_BLOCK
4558,4549,FLOW
4566,4560,HAS_BLOCK
4560,4562,FLOW
4566,4562,HAS_BLOCK
4562,4564,FLOW
4566,4564,HAS_BLOCK
4564,4549,FLOW
4566,4549,HAS_BLOCK
4549,4566,RETURN
4566,4550,HAS_BLOCK
4212,4213,HAS_PARAM
4212,4214,HAS_PARAM
4212,4215,HAS_PARAM
4212,4185,HAS_BLOCK
4185,4187,FLOW
4212,4187,HAS_BLOCK
4187,4200,FLOW
4187,4194,FLOW
4187,4194,UNWIND
4187,4258,CALL
4212,4200,HAS_BLOCK
4200,4202,FLOW
4200,4194,FLOW
4200,4194,UNWIND
4212,4202,HAS_BLOCK
4202,4203,FLOW
4212,4203,HAS_BLOCK
4203,4205,FLOW
4203,4193,FLOW
4203,4193,UNWIND
4212,4205,HAS_BLOCK
4205,4209,FLOW
4205,4207,FLOW
4205,4206,FLOW
4212,4206,HAS_BLOCK
4212,4207,HAS_BLOCK
4207,4210,FLOW
4207,4198,FLOW
4207,4198,UNWIND
4212,4209,HAS_BLOCK
4209,4191,FLOW
4209,4194,FLOW
4209,4194,UNWIND
4212,4210,HAS_BLOCK
4210,4188,FLOW
4210,4198,FLOW
4210,4198,UNWIND
4210,4936,CALL
4212,4188,HAS_BLOCK
4188,4190,FLOW
4188,4192,FLOW
4188,4192,UNWIND
4212,4190,HAS_BLOCK
4190,4203,FLOW
4212,4191,HAS_BLOCK
4191,4212,RETURN
4212,4192,HAS_BLOCK
4192,4198,FLOW
4192,4196,FLOW
4212,4193,HAS_BLOCK
4193,4194,FLOW
4212,4194,HAS_BLOCK
4194,4195,FLOW
4212,4195,HAS_BLOCK
4212,4196,HAS_BLOCK
4196,4198,FLOW
4212,4197,HAS_BLOCK
4197,4193,FLOW
4212,4198,HAS_BLOCK
4198,4193,FLOW
4198,4197,FLOW
4258,4259,HAS_PARAM
4258,4260,HAS_PARAM
4258,4261,HAS_PARAM
4258,4216,HAS_BLOCK
4216,4218,FLOW
4258,4218,HAS_BLOCK
4218,4238,FLOW
4218,4245,FLOW
4218,4245,UNWIND
4258,4238,HAS_BLOCK
4238,4248,FLOW
4238,4245,FLOW
4238,4245,UNWIND
4258,4248,HAS_BLOCK
4248,4250,FLOW
4248,4245,FLOW
4248,4245,UNWIND
4258,4250,HAS_BLOCK
4250,4251,FLOW
4258,4251,HAS_BLOCK
4251,4253,FLOW
4251,4245,FLOW
4251,4245,UNWIND
4258,4253,HAS_BLOCK
4253,4257,FLOW
4253,4255,FLOW
4253,4254,FLOW
4258,4254,HAS_BLOCK
4258,4255,HAS_BLOCK
4255,4219,FLOW
4255,4245,FLOW
4255,4245,UNWIND
4258,4257,HAS_BLOCK
4257,4258,RETURN
4258,4219,HAS_BLOCK
4219,4221,FLOW
4219,4245,FLOW
4219,4245,UNWIND
4258,4221,HAS_BLOCK
4221,4223,FLOW
4221,4245,FLOW
4221,4245,UNWIND
4258,4223,HAS_BLOCK
4223,4224,FLOW
4258,4224,HAS_BLOCK
4224,4226,FLOW
4224,4245,FLOW
4224,4245,UNWIND
4258,4226,HAS_BLOCK
4226,4251,FLOW
4226,4227,FLOW
4226,4254,FLOW
4258,4227,HAS_BLOCK
4227,4229,FLOW
4227,4245,FLOW
4227,4245,UNWIND
4258,4229,HAS_BLOCK
4229,4231,FLOW
4229,4244,FLOW
4229,4244,UNWIND
4258,4231,HAS_BLOCK
4231,4233,FLOW
4231,4244,FLOW
4231,4244,UNWIND
4258,4233,HAS_BLOCK
4233,4235,FLOW
4233,4244,FLOW
4233,4244,UNWIND
4258,4235,HAS_BLOCK
4235,4239,FLOW
4235,4244,FLOW
4235,4244,UNWIND
4258,4239,HAS_BLOCK
4239,4241,FLOW
4239,4244,FLOW
4239,4244,UNWIND
4258,4241,HAS_BLOCK
4241,4243,FLOW
4241,4244,FLOW
4241,4244,UNWIND
4258,4243,HAS_BLOCK
4243,4224,FLOW
4243,4245,FLOW
4243,4245,UNWIND
4258,4244,HAS_BLOCK
4244,4245,FLOW
4258,4245,HAS_BLOCK
4245,4246,FLOW
4258,4246,HAS_BLOCK
5032,5033,HAS_PARAM
5032,5023,HAS_BLOCK
5023,5025,FLOW
5032,5025,HAS_BLOCK
5025,5028,FLOW
5025,5027,FLOW
5025,5026,FLOW
5032,5026,HAS_BLOCK
5032,5027,HAS_BLOCK
5027,5029,FLOW
5027,5029,FLOW
5027,5029,FLOW
5027,5030,FLOW
5027,5026,FLOW
5032,5028,HAS_BLOCK
5028,5031,FLOW
5032,5029,HAS_BLOCK
5029,5031,FLOW
5032,5030,HAS_BLOCK
5030,5031,FLOW
5032,5031,HAS_BLOCK
5031,5032,RETURN
5100,5102,HAS_FIELD
5100,5101,HAS_FIELD
5067,5069,HAS_FIELD
5067,5068,HAS_FIELD
5045,5048,HAS_FIELD
5045,5049,HAS_FIELD
5045,5051,HAS_FIELD
5045,5047,HAS_FIELD
5045,5050,HAS_FIELD
5045,5046,HAS_FIELD
5089,5091,HAS_FIELD
5089,5090,HAS_FIELD
5035,5038,HAS_FIELD
5035,5036,HAS_FIELD
5035,5037,HAS_FIELD
5056,5058,HAS_FIELD
5056,5057,HAS_FIELD
5040,5044,HAS_FIELD
5040,5043,HAS_FIELD
5040,5041,HAS_FIELD
5040,5042,HAS_FIELD
5078,5080,HAS_FIELD
5078,5079,HAS_FIELD
13,14,HAS_PARAM
13,15,HAS_PARAM
13,10,HAS_BLOCK
10,12,FLOW
13,12,HAS_BLOCK
12,13,RETURN
8,9,HAS_PARAM
8,1,HAS_BLOCK
1,3,FLOW
8,3,HAS_BLOCK
3,5,FLOW
3,6,FLOW
3,6,UNWIND
8,5,HAS_BLOCK
5,8,RETURN
8,6,HAS_BLOCK
6,7,FLOW
8,7,HAS_BLOCK
163,164,HAS_PARAM
163,165,HAS_PARAM
163,160,HAS_BLOCK
160,162,FLOW
163,162,HAS_BLOCK
162,163,RETURN
2747,2748,HAS_PARAM
2747,2744,HAS_BLOCK
2744,2746,FLOW
2747,2746,HAS_BLOCK
2746,2747,RETURN
200,201,HAS_PARAM
200,202,HAS_PARAM
200,197,HAS_BLOCK
197,199,FLOW
200,199,HAS_BLOCK
199,200,RETURN
229,230,HAS_PARAM
229,231,HAS_PARAM
229,225,HAS_BLOCK
225,227,FLOW
225,226,FLOW
229,226,HAS_BLOCK
226,228,FLOW
229,227,HAS_BLOCK
227,228,FLOW
229,228,HAS_BLOCK
228,229,RETURN
222,223,HAS_PARAM
222,224,HAS_PARAM
222,216,HAS_BLOCK
216,220,FLOW
222,218,HAS_BLOCK
218,221,FLOW
222,219,HAS_BLOCK
219,221,FLOW
222,220,HAS_BLOCK
220,218,FLOW
220,219,FLOW
222,221,HAS_BLOCK
221,222,RETURN
213,214,HAS_PARAM
213,215,HAS_PARAM
213,203,HAS_BLOCK
203,204,FLOW
203,205,FLOW
213,204,HAS_BLOCK
204,212,FLOW
213,205,HAS_BLOCK
205,206,FLOW
205,204,FLOW
213,206,HAS_BLOCK
206,207,FLOW
206,204,FLOW
213,207,HAS_BLOCK
207,208,FLOW
207,204,FLOW
213,208,HAS_BLOCK
208,209,FLOW
208,204,FLOW
213,209,HAS_BLOCK
209,210,FLOW
209,204,FLOW
213,210,HAS_BLOCK
210,211,FLOW
210,204,FLOW
213,211,HAS_BLOCK
211,212,FLOW
213,212,HAS_BLOCK
212,213,RETURN
195,196,HAS_PARAM
195,192,HAS_BLOCK
192,194,FLOW
195,194,HAS_BLOCK
194,195,RETURN
235,236,HAS_PARAM
235,237,HAS_PARAM
235,232,HAS_BLOCK
232,234,FLOW
235,234,HAS_BLOCK
234,235,RETURN
318,319,HAS_PARAM
318,320,HAS_PARAM
318,300,HAS_BLOCK
300,302,FLOW
300,304,FLOW
300,304,UNWIND
318,302,HAS_BLOCK
302,308,FLOW
302,304,FLOW
302,304,UNWIND
318,308,HAS_BLOCK
308,310,FLOW
308,311,FLOW
308,309,FLOW
318,309,HAS_BLOCK
318,310,HAS_BLOCK
310,313,FLOW
310,315,FLOW
310,309,FLOW
318,311,HAS_BLOCK
311,306,FLOW
311,304,FLOW
311,304,UNWIND
318,313,HAS_BLOCK
313,316,FLOW
313,304,FLOW
313,304,UNWIND
318,315,HAS_BLOCK
315,303,FLOW
318,316,HAS_BLOCK
316,317,FLOW
318,317,HAS_BLOCK
317,303,FLOW
318,303,HAS_BLOCK
303,318,RETURN
318,304,HAS_BLOCK
304,305,FLOW
318,305,HAS_BLOCK
318,306,HAS_BLOCK
306,317,FLOW
297,298,HAS_PARAM
297,299,HAS_PARAM
297,238,HAS_BLOCK
238,239,FLOW
297,239,HAS_BLOCK
239,256,FLOW
239,285,FLOW
239,285,UNWIND
297,256,HAS_BLOCK
256,273,FLOW
256,285,FLOW
256,285,UNWIND
297,273,HAS_BLOCK
273,290,FLOW
273,291,FLOW
273,284,FLOW
297,284,HAS_BLOCK
297,290,HAS_BLOCK
290,294,FLOW
290,293,FLOW
290,284,FLOW
297,291,HAS_BLOCK
291,286,FLOW
291,285,FLOW
291,285,UNWIND
297,293,HAS_BLOCK
293,263,FLOW
293,265,FLOW
293,284,FLOW
297,294,HAS_BLOCK
294,240,FLOW
294,295,FLOW
294,284,FLOW
297,295,HAS_BLOCK
295,258,FLOW
295,285,FLOW
295,285,UNWIND
297,240,HAS_BLOCK
240,242,FLOW
240,285,FLOW
240,285,UNWIND
297,242,HAS_BLOCK
242,246,FLOW
242,243,FLOW
297,243,HAS_BLOCK
243,245,FLOW
243,285,FLOW
243,285,UNWIND
297,245,HAS_BLOCK
245,281,FLOW
297,246,HAS_BLOCK
246,248,FLOW
246,285,FLOW
246,285,UNWIND
297,248,HAS_BLOCK
248,250,FLOW
248,285,FLOW
248,285,UNWIND
297,250,HAS_BLOCK
250,251,FLOW
250,252,FLOW
250,284,FLOW
297,251,HAS_BLOCK
251,254,FLOW
251,257,FLOW
251,257,UNWIND
297,252,HAS_BLOCK
252,287,FLOW
252,285,FLOW
252,285,UNWIND
297,254,HAS_BLOCK
254,239,FLOW
297,257,HAS_BLOCK
257,285,FLOW
297,258,HAS_BLOCK
258,260,FLOW
258,285,FLOW
258,285,UNWIND
297,260,HAS_BLOCK
260,239,FLOW
260,261,FLOW
260,284,FLOW
297,261,HAS_BLOCK
261,288,FLOW
261,285,FLOW
261,285,UNWIND
297,263,HAS_BLOCK
263,266,FLOW
263,285,FLOW
263,285,UNWIND
297,265,HAS_BLOCK
265,274,FLOW
297,266,HAS_BLOCK
266,268,FLOW
266,285,FLOW
266,285,UNWIND
297,268,HAS_BLOCK
268,269,FLOW
268,270,FLOW
268,284,FLOW
297,269,HAS_BLOCK
269,274,FLOW
297,270,HAS_BLOCK
270,289,FLOW
270,285,FLOW
270,285,UNWIND
297,274,HAS_BLOCK
274,275,FLOW
297,275,HAS_BLOCK
275,297,RETURN
297,276,HAS_BLOCK
276,277,FLOW
297,277,HAS_BLOCK
297,278,HAS_BLOCK
278,275,FLOW
297,279,HAS_BLOCK
279,278,FLOW
279,280,FLOW
297,280,HAS_BLOCK
280,278,FLOW
280,276,FLOW
280,276,UNWIND
297,281,HAS_BLOCK
281,279,FLOW
281,278,FLOW
281,284,FLOW
297,282,HAS_BLOCK
282,276,FLOW
282,283,FLOW
297,283,HAS_BLOCK
283,276,FLOW
297,285,HAS_BLOCK
285,282,FLOW
285,276,FLOW
297,286,HAS_BLOCK
286,281,FLOW
297,287,HAS_BLOCK
287,281,FLOW
297,288,HAS_BLOCK
288,281,FLOW
297,289,HAS_BLOCK
289,281,FLOW
189,190,HAS_PARAM
189,191,HAS_PARAM
189,186,HAS_BLOCK
186,188,FLOW
189,188,HAS_BLOCK
188,189,RETURN
184,185,HAS_PARAM
184,177,HAS_BLOCK
177,179,FLOW
184,179,HAS_BLOCK
179,181,FLOW
179,182,FLOW
179,182,UNWIND
184,181,HAS_BLOCK
181,184,RETURN
184,182,HAS_BLOCK
182,183,FLOW
184,183,HAS_BLOCK
2813,2814,HAS_PARAM
2813,2815,HAS_PARAM
2813,2749,HAS_BLOCK
2749,2750,FLOW
2749,2798,FLOW
2749,2798,UNWIND
2813,2750,HAS_BLOCK
2750,2769,FLOW
2750,2798,FLOW
2750,2798,UNWIND
2813,2769,HAS_BLOCK
2769,2787,FLOW
2769,2798,FLOW
2769,2798,UNWIND
2813,2787,HAS_BLOCK
2787,2799,FLOW
2787,2798,FLOW
2787,2798,UNWIND
2813,2799,HAS_BLOCK
2799,2805,FLOW
2799,2798,FLOW
2799,2798,UNWIND
2813,2805,HAS_BLOCK
2805,2807,FLOW
2805,2798,FLOW
2805,2798,UNWIND
2813,2807,HAS_BLOCK
2807,2809,FLOW
2813,2809,HAS_BLOCK
2809,2811,FLOW
2809,2751,FLOW
2809,2810,FLOW
2813,2810,HAS_BLOCK
2813,2811,HAS_BLOCK
2811,2753,FLOW
2811,2796,FLOW
2811,2796,UNWIND
2813,2751,HAS_BLOCK
2751,2792,FLOW
2813,2753,HAS_BLOCK
2753,2755,FLOW
2753,2796,FLOW
2753,2796,UNWIND
2813,2755,HAS_BLOCK
2755,2756,FLOW
2755,2758,FLOW
2755,2810,FLOW
2813,2756,HAS_BLOCK
2756,2760,FLOW
2756,2796,FLOW
2756,2796,UNWIND
2813,2758,HAS_BLOCK
2758,2800,FLOW
2758,2796,FLOW
2758,2796,UNWIND
2813,2760,HAS_BLOCK
2760,2762,FLOW
2760,2796,FLOW
2760,2796,UNWIND
2813,2762,HAS_BLOCK
2762,2763,FLOW
2762,2765,FLOW
2762,2810,FLOW
2813,2763,HAS_BLOCK
2763,2767,FLOW
2763,2796,FLOW
2763,2796,UNWIND
2813,2765,HAS_BLOCK
2765,2801,FLOW
2765,2796,FLOW
2765,2796,UNWIND
2813,2767,HAS_BLOCK
2767,2770,FLOW
2767,2796,FLOW
2767,2796,UNWIND
2813,2770,HAS_BLOCK
2770,2771,FLOW
2770,2773,FLOW
2770,2810,FLOW
2813,2771,HAS_BLOCK
2771,2775,FLOW
2771,2796,FLOW
2771,2796,UNWIND
2813,2773,HAS_BLOCK
2773,2802,FLOW
2773,2796,FLOW
2773,2796,UNWIND
2813,2775,HAS_BLOCK
2775,2777,FLOW
2775,2796,FLOW
2775,2796,UNWIND
2813,2777,HAS_BLOCK
2777,2778,FLOW
2777,2780,FLOW
2777,2810,FLOW
2813,2778,HAS_BLOCK
2778,2782,FLOW
2778,2796,FLOW
2778,2796,UNWIND
2813,2780,HAS_BLOCK
2780,2803,FLOW
2780,2796,FLOW
2780,2796,UNWIND
2813,2782,HAS_BLOCK
2782,2784,FLOW
2782,2796,FLOW
2782,2796,UNWIND
2813,2784,HAS_BLOCK
2784,2785,FLOW
2784,2788,FLOW
2784,2810,FLOW
2813,2785,HAS_BLOCK
2785,2790,FLOW
2785,2796,FLOW
2785,2796,UNWIND
2813,2788,HAS_BLOCK
2788,2804,FLOW
2788,2796,FLOW
2788,2796,UNWIND
2813,2790,HAS_BLOCK
2790,2793,FLOW
2813,2791,HAS_BLOCK
2791,2792,FLOW
2813,2792,HAS_BLOCK
2792,2793,FLOW
2813,2793,HAS_BLOCK
2793,2813,RETURN
2813,2794,HAS_BLOCK
2813,2795,HAS_BLOCK
2795,2794,FLOW
2813,2796,HAS_BLOCK
2796,2794,FLOW
2796,2795,FLOW
2813,2797,HAS_BLOCK
2797,2794,FLOW
2813,2798,HAS_BLOCK
2798,2794,FLOW
2798,2797,FLOW
2813,2800,HAS_BLOCK
2800,2791,FLOW
2813,2801,HAS_BLOCK
2801,2791,FLOW
2813,2802,HAS_BLOCK
2802,2791,FLOW
2813,2803,HAS_BLOCK
2803,2791,FLOW
2813,2804,HAS_BLOCK
2804,2791,FLOW
174,175,HAS_PARAM
174,176,HAS_PARAM
174,171,HAS_BLOCK
171,173,FLOW
174,173,HAS_BLOCK
173,174,RETURN
169,170,HAS_PARAM
169,166,HAS_BLOCK
166,168,FLOW
169,168,HAS_BLOCK
168,169,RETURN
24,25,HAS_PARAM
24,26,HAS_PARAM
24,21,HAS_BLOCK
21,23,FLOW
24,23,HAS_BLOCK
23,24,RETURN
19,20,HAS_PARAM
19,16,HAS_BLOCK
16,18,FLOW
19,18,HAS_BLOCK
18,19,RETURN
2422,2423,HAS_PARAM
2422,2424,HAS_PARAM
2422,2395,HAS_BLOCK
2395,2396,FLOW
2395,2407,FLOW
2395,2407,UNWIND
2422,2396,HAS_BLOCK
2396,2409,FLOW
2396,2407,FLOW
2396,2407,UNWIND
2422,2409,HAS_BLOCK
2409,2411,FLOW
2422,2411,HAS_BLOCK
2411,2413,FLOW
2411,2415,FLOW
2411,2412,FLOW
2422,2412,HAS_BLOCK
2422,2413,HAS_BLOCK
2413,2417,FLOW
2413,2405,FLOW
2413,2405,UNWIND
2422,2415,HAS_BLOCK
2415,2401,FLOW
2422,2417,HAS_BLOCK
2417,2419,FLOW
2417,2405,FLOW
2417,2405,UNWIND
2422,2419,HAS_BLOCK
2419,2420,FLOW
2419,2397,FLOW
2419,2412,FLOW
2422,2420,HAS_BLOCK
2420,2400,FLOW
2420,2405,FLOW
2420,2405,UNWIND
2422,2397,HAS_BLOCK
2397,2399,FLOW
2397,2405,FLOW
2397,2405,UNWIND
2422,2399,HAS_BLOCK
2399,2401,FLOW
2422,2400,HAS_BLOCK
2400,2402,FLOW
2422,2401,HAS_BLOCK
2401,2402,FLOW
2422,2402,HAS_BLOCK
2402,2422,RETURN
2422,2403,HAS_BLOCK
2422,2404,HAS_BLOCK
2404,2403,FLOW
2422,2405,HAS_BLOCK
2405,2403,FLOW
2405,2404,FLOW
2422,2406,HAS_BLOCK
2406,2403,FLOW
2422,2407,HAS_BLOCK
2407,2403,FLOW
2407,2406,FLOW
2393,2394,HAS_PARAM
2393,2390,HAS_BLOCK
2390,2392,FLOW
2393,2392,HAS_BLOCK
2392,2393,RETURN
35,36,HAS_PARAM
35,37,HAS_PARAM
35,32,HAS_BLOCK
32,34,FLOW
35,34,HAS_BLOCK
34,35,RETURN
68,69,HAS_PARAM
68,70,HAS_PARAM
68,64,HAS_BLOCK
64,66,FLOW
64,65,FLOW
68,65,HAS_BLOCK
65,67,FLOW
68,66,HAS_BLOCK
66,67,FLOW
68,67,HAS_BLOCK
67,68,RETURN
61,62,HAS_PARAM
61,63,HAS_PARAM
61,55,HAS_BLOCK
55,59,FLOW
61,57,HAS_BLOCK
57,60,FLOW
61,58,HAS_BLOCK
58,60,FLOW
61,59,HAS_BLOCK
59,57,FLOW
59,58,FLOW
61,60,HAS_BLOCK
60,61,RETURN
52,53,HAS_PARAM
52,54,HAS_PARAM
52,38,HAS_BLOCK
38,39,FLOW
38,44,FLOW
52,39,HAS_BLOCK
39,43,FLOW
52,44,HAS_BLOCK
44,45,FLOW
44,39,FLOW
52,45,HAS_BLOCK
45,46,FLOW
45,39,FLOW
52,46,HAS_BLOCK
46,47,FLOW
46,39,FLOW
52,47,HAS_BLOCK
47,48,FLOW
47,39,FLOW
52,48,HAS_BLOCK
48,49,FLOW
48,39,FLOW
52,49,HAS_BLOCK
49,50,FLOW
49,39,FLOW
52,50,HAS_BLOCK
50,51,FLOW
50,39,FLOW
52,51,HAS_BLOCK
51,40,FLOW
51,39,FLOW
52,40,HAS_BLOCK
40,41,FLOW
40,39,FLOW
52,41,HAS_BLOCK
41,42,FLOW
41,39,FLOW
52,42,HAS_BLOCK
42,43,FLOW
52,43,HAS_BLOCK
43,52,RETURN
30,31,HAS_PARAM
30,27,HAS_BLOCK
27,29,FLOW
30,29,HAS_BLOCK
29,30,RETURN
74,75,HAS_PARAM
74,76,HAS_PARAM
74,71,HAS_BLOCK
71,73,FLOW
74,73,HAS_BLOCK
73,74,RETURN
157,158,HAS_PARAM
157,159,HAS_PARAM
157,139,HAS_BLOCK
139,141,FLOW
139,143,FLOW
139,143,UNWIND
157,141,HAS_BLOCK
141,147,FLOW
141,143,FLOW
141,143,UNWIND
157,147,HAS_BLOCK
147,149,FLOW
147,150,FLOW
147,148,FLOW
157,148,HAS_BLOCK
157,149,HAS_BLOCK
149,152,FLOW
149,154,FLOW
149,148,FLOW
157,150,HAS_BLOCK
150,145,FLOW
150,143,FLOW
150,143,UNWIND
157,152,HAS_BLOCK
152,155,FLOW
152,143,FLOW
152,143,UNWIND
157,154,HAS_BLOCK
154,142,FLOW
157,155,HAS_BLOCK
155,156,FLOW
157,156,HAS_BLOCK
156,142,FLOW
157,142,HAS_BLOCK
142,157,RETURN
157,143,HAS_BLOCK
143,144,FLOW
157,144,HAS_BLOCK
157,145,HAS_BLOCK
145,156,FLOW
136,137,HAS_PARAM
136,138,HAS_PARAM
136,77,HAS_BLOCK
77,78,FLOW
136,78,HAS_BLOCK
78,95,FLOW
78,124,FLOW
78,124,UNWIND
136,95,HAS_BLOCK
95,112,FLOW
95,124,FLOW
95,124,UNWIND
136,112,HAS_BLOCK
112,129,FLOW
112,130,FLOW
112,123,FLOW
136,123,HAS_BLOCK
136,129,HAS_BLOCK
129,133,FLOW
129,132,FLOW
129,123,FLOW
136,130,HAS_BLOCK
130,125,FLOW
130,124,FLOW
130,124,UNWIND
136,132,HAS_BLOCK
132,102,FLOW
132,104,FLOW
132,123,FLOW
136,133,HAS_BLOCK
133,79,FLOW
133,134,FLOW
133,123,FLOW
136,134,HAS_BLOCK
134,97,FLOW
134,124,FLOW
134,124,UNWIND
136,79,HAS_BLOCK
79,81,FLOW
79,124,FLOW
79,124,UNWIND
136,81,HAS_BLOCK
81,85,FLOW
81,82,FLOW
136,82,HAS_BLOCK
82,84,FLOW
82,124,FLOW
82,124,UNWIND
136,84,HAS_BLOCK
84,120,FLOW
136,85,HAS_BLOCK
85,87,FLOW
85,124,FLOW
85,124,UNWIND
136,87,HAS_BLOCK
87,89,FLOW
87,124,FLOW
87,124,UNWIND
136,89,HAS_BLOCK
89,90,FLOW
89,91,FLOW
89,123,FLOW
136,90,HAS_BLOCK
90,93,FLOW
90,96,FLOW
90,96,UNWIND
136,91,HAS_BLOCK
91,126,FLOW
91,124,FLOW
91,124,UNWIND
136,93,HAS_BLOCK
93,78,FLOW
136,96,HAS_BLOCK
96,124,FLOW
136,97,HAS_BLOCK
97,99,FLOW
97,124,FLOW
97,124,UNWIND
136,99,HAS_BLOCK
99,78,FLOW
99,100,FLOW
99,123,FLOW
136,100,HAS_BLOCK
100,127,FLOW
100,124,FLOW
100,124,UNWIND
136,102,HAS_BLOCK
102,105,FLOW
102,124,FLOW
102,124,UNWIND
136,104,HAS_BLOCK
104,113,FLOW
136,105,HAS_BLOCK
105,107,FLOW
105,124,FLOW
105,124,UNWIND
136,107,HAS_BLOCK
107,108,FLOW
107,109,FLOW
107,123,FLOW
136,108,HAS_BLOCK
108,113,FLOW
136,109,HAS_BLOCK
109,128,FLOW
109,124,FLOW
109,124,UNWIND
136,113,HAS_BLOCK
113,114,FLOW
136,114,HAS_BLOCK
114,136,RETURN
136,115,HAS_BLOCK
115,116,FLOW
136,116,HAS_BLOCK
136,117,HAS_BLOCK
117,114,FLOW
136,118,HAS_BLOCK
118,117,FLOW
118,119,FLOW
136,119,HAS_BLOCK
119,117,FLOW
119,115,FLOW
119,115,UNWIND
136,120,HAS_BLOCK
120,118,FLOW
120,117,FLOW
120,123,FLOW
136,121,HAS_BLOCK
121,115,FLOW
121,122,FLOW
136,122,HAS_BLOCK
122,115,FLOW
136,124,HAS_BLOCK
124,121,FLOW
124,115,FLOW
136,125,HAS_BLOCK
125,120,FLOW
136,126,HAS_BLOCK
126,120,FLOW
136,127,HAS_BLOCK
127,120,FLOW
136,128,HAS_BLOCK
128,120,FLOW
356,357,HAS_PARAM
356,358,HAS_PARAM
356,353,HAS_BLOCK
353,355,FLOW
356,355,HAS_BLOCK
355,356,RETURN
351,352,HAS_PARAM
351,338,HAS_BLOCK
338,340,FLOW
351,340,HAS_BLOCK
340,342,FLOW
340,349,FLOW
340,349,UNWIND
351,342,HAS_BLOCK
342,344,FLOW
342,348,FLOW
342,348,UNWIND
351,344,HAS_BLOCK
344,346,FLOW
344,347,FLOW
344,347,UNWIND
351,346,HAS_BLOCK
346,351,RETURN
351,347,HAS_BLOCK
347,348,FLOW
351,348,HAS_BLOCK
348,349,FLOW
351,349,HAS_BLOCK
349,350,FLOW
351,350,HAS_BLOCK
335,336,HAS_PARAM
335,337,HAS_PARAM
335,332,HAS_BLOCK
332,334,FLOW
335,334,HAS_BLOCK
334,335,RETURN
330,331,HAS_PARAM
330,321,HAS_BLOCK
321,323,FLOW
330,323,HAS_BLOCK
323,325,FLOW
330,325,HAS_BLOCK
325,327,FLOW
325,328,FLOW
325,328,UNWIND
330,327,HAS_BLOCK
327,330,RETURN
330,328,HAS_BLOCK
328,329,FLOW
330,329,HAS_BLOCK
467,468,HAS_PARAM
467,469,HAS_PARAM
467,448,HAS_BLOCK
448,455,FLOW
448,454,FLOW
448,453,FLOW
448,452,FLOW
448,451,FLOW
448,450,FLOW
448,466,FLOW
448,465,FLOW
448,464,FLOW
448,463,FLOW
448,462,FLOW
448,461,FLOW
448,460,FLOW
448,459,FLOW
448,449,FLOW
467,449,HAS_BLOCK
467,459,HAS_BLOCK
459,456,FLOW
467,460,HAS_BLOCK
460,456,FLOW
467,461,HAS_BLOCK
461,456,FLOW
467,462,HAS_BLOCK
462,456,FLOW
467,463,HAS_BLOCK
463,456,FLOW
467,464,HAS_BLOCK
464,456,FLOW
467,465,HAS_BLOCK
465,456,FLOW
467,466,HAS_BLOCK
466,456,FLOW
467,450,HAS_BLOCK
450,456,FLOW
467,451,HAS_BLOCK
451,456,FLOW
467,452,HAS_BLOCK
452,456,FLOW
467,453,HAS_BLOCK
453,456,FLOW
467,454,HAS_BLOCK
454,456,FLOW
467,455,HAS_BLOCK
455,456,FLOW
467,456,HAS_BLOCK
456,458,FLOW
467,458,HAS_BLOCK
458,467,RETURN
439,440,HAS_PARAM
439,438,HAS_BLOCK
438,439,RETURN
5364,5365,HAS_PARAM
5364,5366,HAS_PARAM
5364,5333,HAS_BLOCK
5333,5345,FLOW
5333,5343,FLOW
5333,5341,FLOW
5333,5339,FLOW
5333,5337,FLOW
5333,5335,FLOW
5333,5362,FLOW
5333,5360,FLOW
5333,5358,FLOW
5333,5356,FLOW
5333,5354,FLOW
5333,5352,FLOW
5333,5350,FLOW
5333,5348,FLOW
5333,5334,FLOW
5364,5334,HAS_BLOCK
5364,5348,HAS_BLOCK
5348,5347,FLOW
5364,5350,HAS_BLOCK
5350,5347,FLOW
5364,5352,HAS_BLOCK
5352,5347,FLOW
5364,5354,HAS_BLOCK
5354,5347,FLOW
5364,5356,HAS_BLOCK
5356,5347,FLOW
5364,5358,HAS_BLOCK
5358,5347,FLOW
5364,5360,HAS_BLOCK
5360,5347,FLOW
5364,5362,HAS_BLOCK
5362,5347,FLOW
5364,5335,HAS_BLOCK
5335,5347,FLOW
5364,5337,HAS_BLOCK
5337,5347,FLOW
5364,5339,HAS_BLOCK
5339,5347,FLOW
5364,5341,HAS_BLOCK
5341,5347,FLOW
5364,5343,HAS_BLOCK
5343,5347,FLOW
5364,5345,HAS_BLOCK
5345,5347,FLOW
5364,5347,HAS_BLOCK
5347,5364,RETURN
5106,5107,HAS_PARAM
5106,5103,HAS_BLOCK
5103,5105,FLOW
5106,5105,HAS_BLOCK
5105,5106,RETURN
1828,1829,HAS_PARAM
1828,1830,HAS_PARAM
1828,1825,HAS_BLOCK
1825,1827,FLOW
1828,1827,HAS_BLOCK
1827,1828,RETURN
2019,2020,HAS_PARAM
2019,2021,HAS_PARAM
2019,2000,HAS_BLOCK
2000,2007,FLOW
2000,2006,FLOW
2000,2005,FLOW
2000,2004,FLOW
2000,2003,FLOW
2000,2002,FLOW
2000,2018,FLOW
2000,2017,FLOW
2000,2016,FLOW
2000,2015,FLOW
2000,2014,FLOW
2000,2013,FLOW
2000,2012,FLOW
2000,2011,FLOW
2000,2001,FLOW
2019,2001,HAS_BLOCK
2001,2008,FLOW
2019,2011,HAS_BLOCK
2011,2009,FLOW
2019,2012,HAS_BLOCK
2012,2009,FLOW
2019,2013,HAS_BLOCK
2013,2009,FLOW
2019,2014,HAS_BLOCK
2014,2009,FLOW
2019,2015,HAS_BLOCK
2015,2009,FLOW
2019,2016,HAS_BLOCK
2016,2009,FLOW
2019,2017,HAS_BLOCK
2017,2009,FLOW
2019,2018,HAS_BLOCK
2018,2009,FLOW
2019,2002,HAS_BLOCK
2002,2009,FLOW
2019,2003,HAS_BLOCK
2003,2009,FLOW
2019,2004,HAS_BLOCK
2004,2009,FLOW
2019,2005,HAS_BLOCK
2005,2009,FLOW
2019,2006,HAS_BLOCK
2006,2009,FLOW
2019,2007,HAS_BLOCK
2007,2009,FLOW
2019,2008,HAS_BLOCK
2008,2009,FLOW
2019,2009,HAS_BLOCK
2009,2019,RETURN
1997,1998,HAS_PARAM
1997,1999,HAS_PARAM
1997,1937,HAS_BLOCK
1937,1986,FLOW
1997,1939,HAS_BLOCK
1939,1987,FLOW
1997,1956,HAS_BLOCK
1956,1988,FLOW
1997,1971,HAS_BLOCK
1971,1985,FLOW
1997,1983,HAS_BLOCK
1983,1988,FLOW
1997,1989,HAS_BLOCK
1989,1984,FLOW
1997,1991,HAS_BLOCK
1991,1988,FLOW
1997,1992,HAS_BLOCK
1992,1981,FLOW
1997,1994,HAS_BLOCK
1994,1988,FLOW
1997,1995,HAS_BLOCK
1995,1980,FLOW
1997,1940,HAS_BLOCK
1940,1988,FLOW
1997,1941,HAS_BLOCK
1941,1979,FLOW
1997,1943,HAS_BLOCK
1943,1988,FLOW
1997,1944,HAS_BLOCK
1944,1978,FLOW
1997,1946,HAS_BLOCK
1946,1988,FLOW
1997,1947,HAS_BLOCK
1947,1977,FLOW
1997,1949,HAS_BLOCK
1949,1988,FLOW
1997,1950,HAS_BLOCK
1950,1976,FLOW
1997,1952,HAS_BLOCK
1952,1988,FLOW
1997,1953,HAS_BLOCK
1953,1975,FLOW
1997,1957,HAS_BLOCK
1957,1988,FLOW
1997,1958,HAS_BLOCK
1958,1974,FLOW
1997,1960,HAS_BLOCK
1960,1988,FLOW
1997,1961,HAS_BLOCK
1961,1973,FLOW
1997,1963,HAS_BLOCK
1963,1988,FLOW
1997,1964,HAS_BLOCK
1964,1972,FLOW
1997,1966,HAS_BLOCK
1966,1988,FLOW
1997,1967,HAS_BLOCK
1967,1970,FLOW
1997,1969,HAS_BLOCK
1969,1988,FLOW
1997,1970,HAS_BLOCK
1970,1939,FLOW
1970,1969,FLOW
1997,1972,HAS_BLOCK
1972,1967,FLOW
1972,1966,FLOW
1997,1973,HAS_BLOCK
1973,1964,FLOW
1973,1963,FLOW
1997,1974,HAS_BLOCK
1974,1961,FLOW
1974,1960,FLOW
1997,1975,HAS_BLOCK
1975,1958,FLOW
1975,1957,FLOW
1997,1976,HAS_BLOCK
1976,1953,FLOW
1976,1952,FLOW
1997,1977,HAS_BLOCK
1977,1950,FLOW
1977,1949,FLOW
1997,1978,HAS_BLOCK
1978,1947,FLOW
1978,1946,FLOW
1997,1979,HAS_BLOCK
1979,1944,FLOW
1979,1943,FLOW
1997,1980,HAS_BLOCK
1980,1941,FLOW
1980,1940,FLOW
1997,1981,HAS_BLOCK
1981,1995,FLOW
1981,1994,FLOW
1997,1984,HAS_BLOCK
1984,1992,FLOW
1984,1991,FLOW
1997,1985,HAS_BLOCK
1985,1989,FLOW
1985,1983,FLOW
1997,1986,HAS_BLOCK
1986,1971,FLOW
1986,1956,FLOW
1997,1987,HAS_BLOCK
1987,1988,FLOW
1997,1988,HAS_BLOCK
1988,1997,RETURN
1934,1935,HAS_PARAM
1934,1936,HAS_PARAM
1934,1831,HAS_BLOCK
1831,1849,FLOW
1831,1844,FLOW
1934,1832,HAS_BLOCK
1832,1926,FLOW
1934,1844,HAS_BLOCK
1844,1855,FLOW
1844,1833,FLOW
1844,1840,FLOW
1844,1832,FLOW
1934,1855,HAS_BLOCK
1855,1866,FLOW
1855,1832,FLOW
1934,1866,HAS_BLOCK
1866,1877,FLOW
1866,1832,FLOW
1934,1877,HAS_BLOCK
1877,1888,FLOW
1877,1832,FLOW
1934,1888,HAS_BLOCK
1888,1899,FLOW
1888,1832,FLOW
1934,1899,HAS_BLOCK
1899,1910,FLOW
1899,1832,FLOW
1934,1910,HAS_BLOCK
1910,1921,FLOW
1910,1832,FLOW
1934,1921,HAS_BLOCK
1921,1925,FLOW
1921,1832,FLOW
1934,1833,HAS_BLOCK
1833,1834,FLOW
1833,1832,FLOW
1934,1834,HAS_BLOCK
1834,1835,FLOW
1834,1832,FLOW
1934,1835,HAS_BLOCK
1835,1836,FLOW
1835,1832,FLOW
1934,1836,HAS_BLOCK
1836,1837,FLOW
1836,1832,FLOW
1934,1837,HAS_BLOCK
1837,1838,FLOW
1837,1832,FLOW
1934,1838,HAS_BLOCK
1838,1839,FLOW
1838,1832,FLOW
1934,1839,HAS_BLOCK
1839,1916,FLOW
1839,1832,FLOW
1934,1840,HAS_BLOCK
1840,1841,FLOW
1840,1832,FLOW
1934,1841,HAS_BLOCK
1841,1842,FLOW
1841,1832,FLOW
1934,1842,HAS_BLOCK
1842,1845,FLOW
1842,1832,FLOW
1934,1845,HAS_BLOCK
1845,1846,FLOW
1845,1832,FLOW
1934,1846,HAS_BLOCK
1846,1847,FLOW
1846,1832,FLOW
1934,1847,HAS_BLOCK
1847,1848,FLOW
1847,1832,FLOW
1934,1848,HAS_BLOCK
1848,1912,FLOW
1848,1832,FLOW
1934,1849,HAS_BLOCK
1849,1867,FLOW
1849,1850,FLOW
1934,1850,HAS_BLOCK
1850,1851,FLOW
1850,1861,FLOW
1850,1832,FLOW
1934,1851,HAS_BLOCK
1851,1852,FLOW
1851,1857,FLOW
1851,1832,FLOW
1934,1852,HAS_BLOCK
1852,1853,FLOW
1852,1832,FLOW
1934,1853,HAS_BLOCK
1853,1854,FLOW
1853,1832,FLOW
1934,1854,HAS_BLOCK
1854,1856,FLOW
1854,1832,FLOW
1934,1856,HAS_BLOCK
1856,1924,FLOW
1856,1832,FLOW
1934,1857,HAS_BLOCK
1857,1858,FLOW
1857,1832,FLOW
1934,1858,HAS_BLOCK
1858,1859,FLOW
1858,1832,FLOW
1934,1859,HAS_BLOCK
1859,1860,FLOW
1859,1832,FLOW
1934,1860,HAS_BLOCK
1860,1915,FLOW
1860,1832,FLOW
1934,1861,HAS_BLOCK
1861,1862,FLOW
1861,1832,FLOW
1934,1862,HAS_BLOCK
1862,1863,FLOW
1862,1832,FLOW
1934,1863,HAS_BLOCK
1863,1864,FLOW
1863,1832,FLOW
1934,1864,HAS_BLOCK
1864,1865,FLOW
1864,1832,FLOW
1934,1865,HAS_BLOCK
1865,1923,FLOW
1865,1832,FLOW
1934,1867,HAS_BLOCK
1867,1879,FLOW
1867,1868,FLOW
1934,1868,HAS_BLOCK
1868,1869,FLOW
1868,1872,FLOW
1868,1875,FLOW
1868,1832,FLOW
1934,1869,HAS_BLOCK
1869,1870,FLOW
1869,1832,FLOW
1934,1870,HAS_BLOCK
1870,1871,FLOW
1870,1832,FLOW
1934,1871,HAS_BLOCK
1871,1922,FLOW
1871,1832,FLOW
1934,1872,HAS_BLOCK
1872,1873,FLOW
1872,1832,FLOW
1934,1873,HAS_BLOCK
1873,1874,FLOW
1873,1832,FLOW
1934,1874,HAS_BLOCK
1874,1919,FLOW
1874,1832,FLOW
1934,1875,HAS_BLOCK
1875,1876,FLOW
1875,1832,FLOW
1934,1876,HAS_BLOCK
1876,1878,FLOW
1876,1832,FLOW
1934,1878,HAS_BLOCK
1878,1914,FLOW
1878,1832,FLOW
1934,1879,HAS_BLOCK
1879,1898,FLOW
1879,1880,FLOW
1934,1880,HAS_BLOCK
1880,1881,FLOW
1880,1885,FLOW
1880,1890,FLOW
1880,1894,FLOW
1880,1832,FLOW
1934,1881,HAS_BLOCK
1881,1882,FLOW
1881,1832,FLOW
1934,1882,HAS_BLOCK
1882,1883,FLOW
1882,1832,FLOW
1934,1883,HAS_BLOCK
1883,1884,FLOW
1883,1832,FLOW
1934,1884,HAS_BLOCK
1884,1920,FLOW
1884,1832,FLOW
1934,1885,HAS_BLOCK
1885,1886,FLOW
1885,1832,FLOW
1934,1886,HAS_BLOCK
1886,1887,FLOW
1886,1832,FLOW
1934,1887,HAS_BLOCK
1887,1889,FLOW
1887,1832,FLOW
1934,1889,HAS_BLOCK
1889,1918,FLOW
1889,1832,FLOW
1934,1890,HAS_BLOCK
1890,1891,FLOW
1890,1832,FLOW
1934,1891,HAS_BLOCK
1891,1892,FLOW
1891,1832,FLOW
1934,1892,HAS_BLOCK
1892,1893,FLOW
1892,1832,FLOW
1934,1893,HAS_BLOCK
1893,1917,FLOW
1893,1832,FLOW
1934,1894,HAS_BLOCK
1894,1895,FLOW
1894,1832,FLOW
1934,1895,HAS_BLOCK
1895,1896,FLOW
1895,1832,FLOW
1934,1896,HAS_BLOCK
1896,1897,FLOW
1896,1832,FLOW
1934,1897,HAS_BLOCK
1897,1911,FLOW
1897,1832,FLOW
1934,1898,HAS_BLOCK
1898,1832,FLOW
1898,1900,FLOW
1934,1900,HAS_BLOCK
1900,1901,FLOW
1900,1832,FLOW
1934,1901,HAS_BLOCK
1901,1902,FLOW
1901,1832,FLOW
1934,1902,HAS_BLOCK
1902,1903,FLOW
1902,1832,FLOW
1934,1903,HAS_BLOCK
1903,1904,FLOW
1903,1832,FLOW
1934,1904,HAS_BLOCK
1904,1905,FLOW
1904,1832,FLOW
1934,1905,HAS_BLOCK
1905,1906,FLOW
1905,1832,FLOW
1934,1906,HAS_BLOCK
1906,1907,FLOW
1906,1832,FLOW
1934,1907,HAS_BLOCK
1907,1908,FLOW
1907,1832,FLOW
1934,1908,HAS_BLOCK
1908,1909,FLOW
1908,1832,FLOW
1934,1909,HAS_BLOCK
1909,1913,FLOW
1909,1832,FLOW
1934,1911,HAS_BLOCK
1911,1931,FLOW
1934,1912,HAS_BLOCK
1912,1931,FLOW
1934,1913,HAS_BLOCK
1913,1931,FLOW
1934,1914,HAS_BLOCK
1914,1931,FLOW
1934,1915,HAS_BLOCK
1915,1931,FLOW
1934,1916,HAS_BLOCK
1916,1931,FLOW
1934,1917,HAS_BLOCK
1917,1931,FLOW
1934,1918,HAS_BLOCK
1918,1931,FLOW
1934,1919,HAS_BLOCK
1919,1931,FLOW
1934,1920,HAS_BLOCK
1920,1931,FLOW
1934,1922,HAS_BLOCK
1922,1931,FLOW
1934,1923,HAS_BLOCK
1923,1931,FLOW
1934,1924,HAS_BLOCK
1924,1931,FLOW
1934,1925,HAS_BLOCK
1925,1931,FLOW
1934,1926,HAS_BLOCK
1926,1928,FLOW
1926,1932,FLOW
1926,1932,UNWIND
1934,1928,HAS_BLOCK
1928,1930,FLOW
1928,1932,FLOW
1928,1932,UNWIND
1934,1930,HAS_BLOCK
1930,1931,FLOW
1934,1931,HAS_BLOCK
1931,1934,RETURN
1934,1932,HAS_BLOCK
1932,1933,FLOW
1934,1933,HAS_BLOCK
1823,1824,HAS_PARAM
1823,1820,HAS_BLOCK
1820,1822,FLOW
1823,1822,HAS_BLOCK
1822,1823,RETURN
2025,2026,HAS_PARAM
2025,2027,HAS_PARAM
2025,2022,HAS_BLOCK
2022,2024,FLOW
2025,2024,HAS_BLOCK
2024,2025,RETURN
2150,2151,HAS_PARAM
2150,2152,HAS_PARAM
2150,2028,HAS_BLOCK
2028,2030,FLOW
2150,2030,HAS_BLOCK
2030,2052,FLOW
2150,2052,HAS_BLOCK
2052,2084,FLOW
2052,2100,FLOW
2052,2068,FLOW
2150,2068,HAS_BLOCK
2150,2084,HAS_BLOCK
2084,2049,FLOW
2084,2047,FLOW
2084,2045,FLOW
2084,2043,FLOW
2084,2041,FLOW
2084,2039,FLOW
2084,2037,FLOW
2084,2035,FLOW
2084,2033,FLOW
2084,2031,FLOW
2084,2148,FLOW
2084,2146,FLOW
2084,2134,FLOW
2084,2117,FLOW
2084,2068,FLOW
2150,2100,HAS_BLOCK
2100,2144,FLOW
2150,2117,HAS_BLOCK
2117,2138,FLOW
2150,2134,HAS_BLOCK
2134,2130,FLOW
2150,2146,HAS_BLOCK
2146,2124,FLOW
2150,2148,HAS_BLOCK
2148,2118,FLOW
2150,2031,HAS_BLOCK
2031,2110,FLOW
2150,2033,HAS_BLOCK
2033,2104,FLOW
2150,2035,HAS_BLOCK
2035,2097,FLOW
2150,2037,HAS_BLOCK
2037,2091,FLOW
2150,2039,HAS_BLOCK
2039,2085,FLOW
2150,2041,HAS_BLOCK
2041,2078,FLOW
2150,2043,HAS_BLOCK
2043,2072,FLOW
2150,2045,HAS_BLOCK
2045,2065,FLOW
2150,2047,HAS_BLOCK
2047,2059,FLOW
2150,2049,HAS_BLOCK
2049,2053,FLOW
2150,2053,HAS_BLOCK
2053,2055,FLOW
2150,2055,HAS_BLOCK
2055,2056,FLOW
2055,2057,FLOW
2055,2068,FLOW
2150,2056,HAS_BLOCK
2056,2144,FLOW
2150,2057,HAS_BLOCK
2057,2144,FLOW
2150,2059,HAS_BLOCK
2059,2061,FLOW
2150,2061,HAS_BLOCK
2061,2062,FLOW
2061,2063,FLOW
2061,2068,FLOW
2150,2062,HAS_BLOCK
2062,2144,FLOW
2150,2063,HAS_BLOCK
2063,2144,FLOW
2150,2065,HAS_BLOCK
2065,2067,FLOW
2150,2067,HAS_BLOCK
2067,2069,FLOW
2067,2070,FLOW
2067,2068,FLOW
2150,2069,HAS_BLOCK
2069,2144,FLOW
2150,2070,HAS_BLOCK
2070,2144,FLOW
2150,2072,HAS_BLOCK
2072,2074,FLOW
2150,2074,HAS_BLOCK
2074,2075,FLOW
2074,2076,FLOW
2074,2068,FLOW
2150,2075,HAS_BLOCK
2075,2144,FLOW
2150,2076,HAS_BLOCK
2076,2144,FLOW
2150,2078,HAS_BLOCK
2078,2080,FLOW
2150,2080,HAS_BLOCK
2080,2081,FLOW
2080,2082,FLOW
2080,2068,FLOW
2150,2081,HAS_BLOCK
2081,2144,FLOW
2150,2082,HAS_BLOCK
2082,2144,FLOW
2150,2085,HAS_BLOCK
2085,2087,FLOW
2150,2087,HAS_BLOCK
2087,2088,FLOW
2087,2089,FLOW
2087,2068,FLOW
2150,2088,HAS_BLOCK
2088,2144,FLOW
2150,2089,HAS_BLOCK
2089,2144,FLOW
2150,2091,HAS_BLOCK
2091,2093,FLOW
2150,2093,HAS_BLOCK
2093,2094,FLOW
2093,2095,FLOW
2093,2068,FLOW
2150,2094,HAS_BLOCK
2094,2144,FLOW
2150,2095,HAS_BLOCK
2095,2144,FLOW
2150,2097,HAS_BLOCK
2097,2099,FLOW
2150,2099,HAS_BLOCK
2099,2101,FLOW
2099,2102,FLOW
2099,2068,FLOW
2150,2101,HAS_BLOCK
2101,2144,FLOW
2150,2102,HAS_BLOCK
2102,2144,FLOW
2150,2104,HAS_BLOCK
2104,2106,FLOW
2150,2106,HAS_BLOCK
2106,2107,FLOW
2106,2108,FLOW
2106,2068,FLOW
2150,2107,HAS_BLOCK
2107,2144,FLOW
2150,2108,HAS_BLOCK
2108,2144,FLOW
2150,2110,HAS_BLOCK
2110,2112,FLOW
2150,2112,HAS_BLOCK
2112,2113,FLOW
2112,2114,FLOW
2112,2068,FLOW
2150,2113,HAS_BLOCK
2113,2144,FLOW
2150,2114,HAS_BLOCK
2114,2144,FLOW
2150,2118,HAS_BLOCK
2118,2120,FLOW
2150,2120,HAS_BLOCK
2120,2121,FLOW
2120,2122,FLOW
2120,2068,FLOW
2150,2121,HAS_BLOCK
2121,2144,FLOW
2150,2122,HAS_BLOCK
2122,2144,FLOW
2150,2124,HAS_BLOCK
2124,2126,FLOW
2150,2126,HAS_BLOCK
2126,2127,FLOW
2126,2128,FLOW
2126,2068,FLOW
2150,2127,HAS_BLOCK
2127,2144,FLOW
2150,2128,HAS_BLOCK
2128,2144,FLOW
2150,2130,HAS_BLOCK
2130,2132,FLOW
2150,2132,HAS_BLOCK
2132,2135,FLOW
2132,2136,FLOW
2132,2068,FLOW
2150,2135,HAS_BLOCK
2135,2144,FLOW
2150,2136,HAS_BLOCK
2136,2144,FLOW
2150,2138,HAS_BLOCK
2138,2140,FLOW
2150,2140,HAS_BLOCK
2140,2141,FLOW
2140,2142,FLOW
2140,2068,FLOW
2150,2141,HAS_BLOCK
2141,2144,FLOW
2150,2142,HAS_BLOCK
2142,2144,FLOW
2150,2144,HAS_BLOCK
2144,2150,RETURN
445,446,HAS_PARAM
445,447,HAS_PARAM
445,444,HAS_BLOCK
444,445,RETURN
442,443,HAS_PARAM
442,441,HAS_BLOCK
441,442,RETURN
403,404,HAS_PARAM
403,405,HAS_PARAM
403,380,HAS_BLOCK
380,391,FLOW
380,390,FLOW
380,389,FLOW
380,388,FLOW
380,387,FLOW
380,386,FLOW
380,385,FLOW
380,384,FLOW
380,383,FLOW
380,382,FLOW
380,402,FLOW
380,401,FLOW
380,400,FLOW
380,399,FLOW
380,398,FLOW
380,397,FLOW
380,396,FLOW
380,392,FLOW
380,381,FLOW
403,381,HAS_BLOCK
403,392,HAS_BLOCK
392,393,FLOW
403,396,HAS_BLOCK
396,393,FLOW
403,397,HAS_BLOCK
397,393,FLOW
403,398,HAS_BLOCK
398,393,FLOW
403,399,HAS_BLOCK
399,393,FLOW
403,400,HAS_BLOCK
400,393,FLOW
403,401,HAS_BLOCK
401,393,FLOW
403,402,HAS_BLOCK
402,393,FLOW
403,382,HAS_BLOCK
382,393,FLOW
403,383,HAS_BLOCK
383,393,FLOW
403,384,HAS_BLOCK
384,393,FLOW
403,385,HAS_BLOCK
385,393,FLOW
403,386,HAS_BLOCK
386,393,FLOW
403,387,HAS_BLOCK
387,393,FLOW
403,388,HAS_BLOCK
388,393,FLOW
403,389,HAS_BLOCK
389,393,FLOW
403,390,HAS_BLOCK
390,393,FLOW
403,391,HAS_BLOCK
391,393,FLOW
403,393,HAS_BLOCK
393,395,FLOW
403,395,HAS_BLOCK
395,403,RETURN
371,372,HAS_PARAM
371,370,HAS_BLOCK
370,371,RETURN
5196,5197,HAS_PARAM
5196,5198,HAS_PARAM
5196,5157,HAS_BLOCK
5157,5177,FLOW
5157,5175,FLOW
5157,5173,FLOW
5157,5171,FLOW
5157,5169,FLOW
5157,5167,FLOW
5157,5165,FLOW
5157,5163,FLOW
5157,5161,FLOW
5157,5159,FLOW
5157,5194,FLOW
5157,5192,FLOW
5157,5190,FLOW
5157,5188,FLOW
5157,5186,FLOW
5157,5184,FLOW
5157,5182,FLOW
5157,5179,FLOW
5157,5158,FLOW
5196,5158,HAS_BLOCK
5196,5179,HAS_BLOCK
5179,5180,FLOW
5196,5182,HAS_BLOCK
5182,5180,FLOW
5196,5184,HAS_BLOCK
5184,5180,FLOW
5196,5186,HAS_BLOCK
5186,5180,FLOW
5196,5188,HAS_BLOCK
5188,5180,FLOW
5196,5190,HAS_BLOCK
5190,5180,FLOW
5196,5192,HAS_BLOCK
5192,5180,FLOW
5196,5194,HAS_BLOCK
5194,5180,FLOW
5196,5159,HAS_BLOCK
5159,5180,FLOW
5196,5161,HAS_BLOCK
5161,5180,FLOW
5196,5163,HAS_BLOCK
5163,5180,FLOW
5196,5165,HAS_BLOCK
5165,5180,FLOW
5196,5167,HAS_BLOCK
5167,5180,FLOW
5196,5169,HAS_BLOCK
5169,5180,FLOW
5196,5171,HAS_BLOCK
5171,5180,FLOW
5196,5173,HAS_BLOCK
5173,5180,FLOW
5196,5175,HAS_BLOCK
5175,5180,FLOW
5196,5177,HAS_BLOCK
5177,5180,FLOW
5196,5180,HAS_BLOCK
5180,5196,RETURN
5073,5074,HAS_PARAM
5073,5070,HAS_BLOCK
5070,5072,FLOW
5073,5072,HAS_BLOCK
5072,5073,RETURN
691,692,HAS_PARAM
691,693,HAS_PARAM
691,688,HAS_BLOCK
688,690,FLOW
691,690,HAS_BLOCK
690,691,RETURN
963,964,HAS_PARAM
963,965,HAS_PARAM
963,940,HAS_BLOCK
940,951,FLOW
940,950,FLOW
940,949,FLOW
940,948,FLOW
940,947,FLOW
940,946,FLOW
940,945,FLOW
940,944,FLOW
940,943,FLOW
940,942,FLOW
940,962,FLOW
940,961,FLOW
940,960,FLOW
940,959,FLOW
940,958,FLOW
940,957,FLOW
940,956,FLOW
940,953,FLOW
940,941,FLOW
963,941,HAS_BLOCK
941,954,FLOW
963,953,HAS_BLOCK
953,955,FLOW
963,956,HAS_BLOCK
956,955,FLOW
963,957,HAS_BLOCK
957,955,FLOW
963,958,HAS_BLOCK
958,955,FLOW
963,959,HAS_BLOCK
959,955,FLOW
963,960,HAS_BLOCK
960,955,FLOW
963,961,HAS_BLOCK
961,955,FLOW
963,962,HAS_BLOCK
962,955,FLOW
963,942,HAS_BLOCK
942,955,FLOW
963,943,HAS_BLOCK
943,955,FLOW
963,944,HAS_BLOCK
944,955,FLOW
963,945,HAS_BLOCK
945,955,FLOW
963,946,HAS_BLOCK
946,955,FLOW
963,947,HAS_BLOCK
947,955,FLOW
963,948,HAS_BLOCK
948,955,FLOW
963,949,HAS_BLOCK
949,955,FLOW
963,950,HAS_BLOCK
950,955,FLOW
963,951,HAS_BLOCK
951,955,FLOW
963,954,HAS_BLOCK
954,955,FLOW
963,955,HAS_BLOCK
955,963,RETURN
937,938,HAS_PARAM
937,939,HAS_PARAM
937,861,HAS_BLOCK
861,927,FLOW
937,863,HAS_BLOCK
863,928,FLOW
937,880,HAS_BLOCK
880,929,FLOW
937,896,HAS_BLOCK
896,926,FLOW
937,911,HAS_BLOCK
911,929,FLOW
937,922,HAS_BLOCK
922,925,FLOW
937,931,HAS_BLOCK
931,929,FLOW
937,932,HAS_BLOCK
932,924,FLOW
937,934,HAS_BLOCK
934,929,FLOW
937,935,HAS_BLOCK
935,923,FLOW
937,864,HAS_BLOCK
864,929,FLOW
937,865,HAS_BLOCK
865,921,FLOW
937,867,HAS_BLOCK
867,929,FLOW
937,868,HAS_BLOCK
868,920,FLOW
937,870,HAS_BLOCK
870,929,FLOW
937,871,HAS_BLOCK
871,919,FLOW
937,873,HAS_BLOCK
873,929,FLOW
937,874,HAS_BLOCK
874,918,FLOW
937,876,HAS_BLOCK
876,929,FLOW
937,877,HAS_BLOCK
877,917,FLOW
937,881,HAS_BLOCK
881,929,FLOW
937,882,HAS_BLOCK
882,916,FLOW
937,884,HAS_BLOCK
884,929,FLOW
937,885,HAS_BLOCK
885,915,FLOW
937,887,HAS_BLOCK
887,929,FLOW
937,888,HAS_BLOCK
888,914,FLOW
937,890,HAS_BLOCK
890,929,FLOW
937,891,HAS_BLOCK
891,913,FLOW
937,893,HAS_BLOCK
893,929,FLOW
937,894,HAS_BLOCK
894,912,FLOW
937,897,HAS_BLOCK
897,929,FLOW
937,898,HAS_BLOCK
898,909,FLOW
937,900,HAS_BLOCK
900,929,FLOW
937,901,HAS_BLOCK
901,908,FLOW
937,903,HAS_BLOCK
903,929,FLOW
937,904,HAS_BLOCK
904,907,FLOW
937,906,HAS_BLOCK
906,929,FLOW
937,907,HAS_BLOCK
907,863,FLOW
907,906,FLOW
937,908,HAS_BLOCK
908,904,FLOW
908,903,FLOW
937,909,HAS_BLOCK
909,901,FLOW
909,900,FLOW
937,912,HAS_BLOCK
912,898,FLOW
912,897,FLOW
937,913,HAS_BLOCK
913,894,FLOW
913,893,FLOW
937,914,HAS_BLOCK
914,891,FLOW
914,890,FLOW
937,915,HAS_BLOCK
915,888,FLOW
915,887,FLOW
937,916,HAS_BLOCK
916,885,FLOW
916,884,FLOW
937,917,HAS_BLOCK
917,882,FLOW
917,881,FLOW
937,918,HAS_BLOCK
918,877,FLOW
918,876,FLOW
937,919,HAS_BLOCK
919,874,FLOW
919,873,FLOW
937,920,HAS_BLOCK
920,871,FLOW
920,870,FLOW
937,921,HAS_BLOCK
921,868,FLOW
921,867,FLOW
937,923,HAS_BLOCK
923,865,FLOW
923,864,FLOW
937,924,HAS_BLOCK
924,935,FLOW
924,934,FLOW
937,925,HAS_BLOCK
925,932,FLOW
925,931,FLOW
937,926,HAS_BLOCK
926,922,FLOW
926,911,FLOW
937,927,HAS_BLOCK
927,896,FLOW
927,880,FLOW
937,928,HAS_BLOCK
928,929,FLOW
937,929,HAS_BLOCK
929,937,RETURN
858,859,HAS_PARAM
858,860,HAS_PARAM
858,694,HAS_BLOCK
694,776,FLOW
694,770,FLOW
858,695,HAS_BLOCK
695,757,FLOW
858,770,HAS_BLOCK
770,781,FLOW
770,767,FLOW
770,695,FLOW
858,781,HAS_BLOCK
781,792,FLOW
781,695,FLOW
858,792,HAS_BLOCK
792,803,FLOW
792,695,FLOW
858,803,HAS_BLOCK
803,814,FLOW
803,696,FLOW
803,740,FLOW
803,695,FLOW
858,814,HAS_BLOCK
814,825,FLOW
814,695,FLOW
858,825,HAS_BLOCK
825,836,FLOW
825,695,FLOW
858,836,HAS_BLOCK
836,847,FLOW
836,695,FLOW
858,847,HAS_BLOCK
847,756,FLOW
847,695,FLOW
858,696,HAS_BLOCK
696,707,FLOW
696,695,FLOW
858,707,HAS_BLOCK
707,718,FLOW
707,695,FLOW
858,718,HAS_BLOCK
718,729,FLOW
718,695,FLOW
858,729,HAS_BLOCK
729,754,FLOW
729,695,FLOW
858,740,HAS_BLOCK
740,751,FLOW
740,695,FLOW
858,751,HAS_BLOCK
751,764,FLOW
751,695,FLOW
858,764,HAS_BLOCK
764,766,FLOW
764,695,FLOW
858,766,HAS_BLOCK
766,753,FLOW
766,695,FLOW
858,767,HAS_BLOCK
767,768,FLOW
767,695,FLOW
858,768,HAS_BLOCK
768,771,FLOW
768,695,FLOW
858,771,HAS_BLOCK
771,772,FLOW
771,695,FLOW
858,772,HAS_BLOCK
772,773,FLOW
772,695,FLOW
858,773,HAS_BLOCK
773,774,FLOW
773,695,FLOW
858,774,HAS_BLOCK
774,775,FLOW
774,695,FLOW
858,775,HAS_BLOCK
775,745,FLOW
775,695,FLOW
858,776,HAS_BLOCK
776,787,FLOW
776,777,FLOW
858,777,HAS_BLOCK
777,778,FLOW
777,695,FLOW
858,778,HAS_BLOCK
778,779,FLOW
778,695,FLOW
858,779,HAS_BLOCK
779,780,FLOW
779,695,FLOW
858,780,HAS_BLOCK
780,782,FLOW
780,695,FLOW
858,782,HAS_BLOCK
782,783,FLOW
782,695,FLOW
858,783,HAS_BLOCK
783,784,FLOW
783,695,FLOW
858,784,HAS_BLOCK
784,785,FLOW
784,695,FLOW
858,785,HAS_BLOCK
785,786,FLOW
785,695,FLOW
858,786,HAS_BLOCK
786,755,FLOW
786,695,FLOW
858,787,HAS_BLOCK
787,802,FLOW
787,788,FLOW
858,788,HAS_BLOCK
788,789,FLOW
788,796,FLOW
788,695,FLOW
858,789,HAS_BLOCK
789,790,FLOW
789,695,FLOW
858,790,HAS_BLOCK
790,791,FLOW
790,695,FLOW
858,791,HAS_BLOCK
791,793,FLOW
791,695,FLOW
858,793,HAS_BLOCK
793,794,FLOW
793,695,FLOW
858,794,HAS_BLOCK
794,795,FLOW
794,695,FLOW
858,795,HAS_BLOCK
795,752,FLOW
795,695,FLOW
858,796,HAS_BLOCK
796,797,FLOW
796,695,FLOW
858,797,HAS_BLOCK
797,798,FLOW
797,695,FLOW
858,798,HAS_BLOCK
798,799,FLOW
798,695,FLOW
858,799,HAS_BLOCK
799,800,FLOW
799,695,FLOW
858,800,HAS_BLOCK
800,801,FLOW
800,695,FLOW
858,801,HAS_BLOCK
801,739,FLOW
801,695,FLOW
858,802,HAS_BLOCK
802,811,FLOW
802,804,FLOW
858,804,HAS_BLOCK
804,805,FLOW
804,808,FLOW
804,695,FLOW
858,805,HAS_BLOCK
805,806,FLOW
805,695,FLOW
858,806,HAS_BLOCK
806,807,FLOW
806,695,FLOW
858,807,HAS_BLOCK
807,750,FLOW
807,695,FLOW
858,808,HAS_BLOCK
808,809,FLOW
808,695,FLOW
858,809,HAS_BLOCK
809,810,FLOW
809,695,FLOW
858,810,HAS_BLOCK
810,749,FLOW
810,695,FLOW
858,811,HAS_BLOCK
811,835,FLOW
811,812,FLOW
858,812,HAS_BLOCK
812,813,FLOW
812,819,FLOW
812,824,FLOW
812,830,FLOW
812,695,FLOW
858,813,HAS_BLOCK
813,815,FLOW
813,695,FLOW
858,815,HAS_BLOCK
815,816,FLOW
815,695,FLOW
858,816,HAS_BLOCK
816,817,FLOW
816,695,FLOW
858,817,HAS_BLOCK
817,818,FLOW
817,695,FLOW
858,818,HAS_BLOCK
818,748,FLOW
818,695,FLOW
858,819,HAS_BLOCK
819,820,FLOW
819,695,FLOW
858,820,HAS_BLOCK
820,821,FLOW
820,695,FLOW
858,821,HAS_BLOCK
821,822,FLOW
821,695,FLOW
858,822,HAS_BLOCK
822,823,FLOW
822,695,FLOW
858,823,HAS_BLOCK
823,747,FLOW
823,695,FLOW
858,824,HAS_BLOCK
824,826,FLOW
824,695,FLOW
858,826,HAS_BLOCK
826,827,FLOW
826,695,FLOW
858,827,HAS_BLOCK
827,828,FLOW
827,695,FLOW
858,828,HAS_BLOCK
828,829,FLOW
828,695,FLOW
858,829,HAS_BLOCK
829,744,FLOW
829,695,FLOW
858,830,HAS_BLOCK
830,831,FLOW
830,695,FLOW
858,831,HAS_BLOCK
831,832,FLOW
831,695,FLOW
858,832,HAS_BLOCK
832,833,FLOW
832,695,FLOW
858,833,HAS_BLOCK
833,834,FLOW
833,695,FLOW
858,834,HAS_BLOCK
834,743,FLOW
834,695,FLOW
858,835,HAS_BLOCK
835,705,FLOW
835,837,FLOW
858,837,HAS_BLOCK
837,838,FLOW
837,848,FLOW
837,857,FLOW
837,695,FLOW
858,838,HAS_BLOCK
838,839,FLOW
838,695,FLOW
858,839,HAS_BLOCK
839,840,FLOW
839,695,FLOW
858,840,HAS_BLOCK
840,841,FLOW
840,695,FLOW
858,841,HAS_BLOCK
841,842,FLOW
841,695,FLOW
858,842,HAS_BLOCK
842,843,FLOW
842,695,FLOW
858,843,HAS_BLOCK
843,844,FLOW
843,695,FLOW
858,844,HAS_BLOCK
844,845,FLOW
844,695,FLOW
858,845,HAS_BLOCK
845,846,FLOW
845,695,FLOW
858,846,HAS_BLOCK
846,746,FLOW
846,695,FLOW
858,848,HAS_BLOCK
848,849,FLOW
848,695,FLOW
858,849,HAS_BLOCK
849,850,FLOW
849,695,FLOW
858,850,HAS_BLOCK
850,851,FLOW
850,695,FLOW
858,851,HAS_BLOCK
851,852,FLOW
851,695,FLOW
858,852,HAS_BLOCK
852,853,FLOW
852,695,FLOW
858,853,HAS_BLOCK
853,854,FLOW
853,695,FLOW
858,854,HAS_BLOCK
854,855,FLOW
854,695,FLOW
858,855,HAS_BLOCK
855,856,FLOW
855,695,FLOW
858,856,HAS_BLOCK
856,742,FLOW
856,695,FLOW
858,857,HAS_BLOCK
857,697,FLOW
857,695,FLOW
858,697,HAS_BLOCK
697,698,FLOW
697,695,FLOW
858,698,HAS_BLOCK
698,699,FLOW
698,695,FLOW
858,699,HAS_BLOCK
699,700,FLOW
699,695,FLOW
858,700,HAS_BLOCK
700,701,FLOW
700,695,FLOW
858,701,HAS_BLOCK
701,702,FLOW
701,695,FLOW
858,702,HAS_BLOCK
702,703,FLOW
702,695,FLOW
858,703,HAS_BLOCK
703,704,FLOW
703,695,FLOW
858,704,HAS_BLOCK
704,741,FLOW
704,695,FLOW
858,705,HAS_BLOCK
705,723,FLOW
705,706,FLOW
858,706,HAS_BLOCK
706,708,FLOW
706,695,FLOW
858,708,HAS_BLOCK
708,709,FLOW
708,695,FLOW
858,709,HAS_BLOCK
709,710,FLOW
709,695,FLOW
858,710,HAS_BLOCK
710,711,FLOW
710,695,FLOW
858,711,HAS_BLOCK
711,712,FLOW
711,695,FLOW
858,712,HAS_BLOCK
712,713,FLOW
712,695,FLOW
858,713,HAS_BLOCK
713,714,FLOW
713,695,FLOW
858,714,HAS_BLOCK
714,715,FLOW
714,695,FLOW
858,715,HAS_BLOCK
715,716,FLOW
715,695,FLOW
858,716,HAS_BLOCK
716,717,FLOW
716,695,FLOW
858,717,HAS_BLOCK
717,719,FLOW
717,695,FLOW
858,719,HAS_BLOCK
719,720,FLOW
719,695,FLOW
858,720,HAS_BLOCK
720,721,FLOW
720,695,FLOW
858,721,HAS_BLOCK
721,722,FLOW
721,695,FLOW
858,722,HAS_BLOCK
722,738,FLOW
722,695,FLOW
858,723,HAS_BLOCK
723,695,FLOW
723,724,FLOW
858,724,HAS_BLOCK
724,725,FLOW
724,695,FLOW
858,725,HAS_BLOCK
725,726,FLOW
725,695,FLOW
858,726,HAS_BLOCK
726,727,FLOW
726,695,FLOW
858,727,HAS_BLOCK
727,728,FLOW
727,695,FLOW
858,728,HAS_BLOCK
728,730,FLOW
728,695,FLOW
858,730,HAS_BLOCK
730,731,FLOW
730,695,FLOW
858,731,HAS_BLOCK
731,732,FLOW
731,695,FLOW
858,732,HAS_BLOCK
732,733,FLOW
732,695,FLOW
858,733,HAS_BLOCK
733,734,FLOW
733,695,FLOW
858,734,HAS_BLOCK
734,735,FLOW
734,695,FLOW
858,735,HAS_BLOCK
735,736,FLOW
735,695,FLOW
858,736,HAS_BLOCK
736,737,FLOW
736,695,FLOW
858,737,HAS_BLOCK
737,762,FLOW
858,738,HAS_BLOCK
738,762,FLOW
858,739,HAS_BLOCK
739,762,FLOW
858,741,HAS_BLOCK
741,762,FLOW
858,742,HAS_BLOCK
742,762,FLOW
858,743,HAS_BLOCK
743,762,FLOW
858,744,HAS_BLOCK
744,762,FLOW
858,745,HAS_BLOCK
745,762,FLOW
858,746,HAS_BLOCK
746,762,FLOW
858,747,HAS_BLOCK
747,762,FLOW
858,748,HAS_BLOCK
748,762,FLOW
858,749,HAS_BLOCK
749,762,FLOW
858,750,HAS_BLOCK
750,762,FLOW
858,752,HAS_BLOCK
752,762,FLOW
858,753,HAS_BLOCK
753,762,FLOW
858,754,HAS_BLOCK
754,762,FLOW
858,755,HAS_BLOCK
755,762,FLOW
858,756,HAS_BLOCK
756,762,FLOW
858,757,HAS_BLOCK
757,759,FLOW
757,763,FLOW
757,763,UNWIND
858,759,HAS_BLOCK
759,761,FLOW
759,763,FLOW
759,763,UNWIND
858,761,HAS_BLOCK
761,762,FLOW
858,762,HAS_BLOCK
762,858,RETURN
858,763,HAS_BLOCK
763,765,FLOW
858,765,HAS_BLOCK
686,687,HAS_PARAM
686,683,HAS_BLOCK
683,685,FLOW
686,685,HAS_BLOCK
685,686,RETURN
969,970,HAS_PARAM
969,971,HAS_PARAM
969,966,HAS_BLOCK
966,968,FLOW
969,968,HAS_BLOCK
968,969,RETURN
1126,1127,HAS_PARAM
1126,1128,HAS_PARAM
1126,972,HAS_BLOCK
972,974,FLOW
1126,974,HAS_BLOCK
974,996,FLOW
1126,996,HAS_BLOCK
996,1030,FLOW
996,1046,FLOW
996,1014,FLOW
1126,1014,HAS_BLOCK
1126,1030,HAS_BLOCK
1030,1003,FLOW
1030,1001,FLOW
1030,999,FLOW
1030,997,FLOW
1030,993,FLOW
1030,991,FLOW
1030,989,FLOW
1030,987,FLOW
1030,985,FLOW
1030,983,FLOW
1030,981,FLOW
1030,979,FLOW
1030,977,FLOW
1030,975,FLOW
1030,1114,FLOW
1030,1097,FLOW
1030,1080,FLOW
1030,1063,FLOW
1030,1014,FLOW
1126,1046,HAS_BLOCK
1046,1124,FLOW
1126,1063,HAS_BLOCK
1063,1118,FLOW
1126,1080,HAS_BLOCK
1080,1110,FLOW
1126,1097,HAS_BLOCK
1097,1104,FLOW
1126,1114,HAS_BLOCK
1114,1098,FLOW
1126,975,HAS_BLOCK
975,1090,FLOW
1126,977,HAS_BLOCK
977,1084,FLOW
1126,979,HAS_BLOCK
979,1076,FLOW
1126,981,HAS_BLOCK
981,1070,FLOW
1126,983,HAS_BLOCK
983,1064,FLOW
1126,985,HAS_BLOCK
985,1056,FLOW
1126,987,HAS_BLOCK
987,1050,FLOW
1126,989,HAS_BLOCK
989,1043,FLOW
1126,991,HAS_BLOCK
991,1037,FLOW
1126,993,HAS_BLOCK
993,1031,FLOW
1126,997,HAS_BLOCK
997,1024,FLOW
1126,999,HAS_BLOCK
999,1018,FLOW
1126,1001,HAS_BLOCK
1001,1011,FLOW
1126,1003,HAS_BLOCK
1003,1005,FLOW
1126,1005,HAS_BLOCK
1005,1007,FLOW
1126,1007,HAS_BLOCK
1007,1008,FLOW
1007,1009,FLOW
1007,1014,FLOW
1126,1008,HAS_BLOCK
1008,1124,FLOW
1126,1009,HAS_BLOCK
1009,1124,FLOW
1126,1011,HAS_BLOCK
1011,1013,FLOW
1126,1013,HAS_BLOCK
1013,1015,FLOW
1013,1016,FLOW
1013,1014,FLOW
1126,1015,HAS_BLOCK
1015,1124,FLOW
1126,1016,HAS_BLOCK
1016,1124,FLOW
1126,1018,HAS_BLOCK
1018,1020,FLOW
1126,1020,HAS_BLOCK
1020,1021,FLOW
1020,1022,FLOW
1020,1014,FLOW
1126,1021,HAS_BLOCK
1021,1124,FLOW
1126,1022,HAS_BLOCK
1022,1124,FLOW
1126,1024,HAS_BLOCK
1024,1026,FLOW
1126,1026,HAS_BLOCK
1026,1027,FLOW
1026,1028,FLOW
1026,1014,FLOW
1126,1027,HAS_BLOCK
1027,1124,FLOW
1126,1028,HAS_BLOCK
1028,1124,FLOW
1126,1031,HAS_BLOCK
1031,1033,FLOW
1126,1033,HAS_BLOCK
1033,1034,FLOW
1033,1035,FLOW
1033,1014,FLOW
1126,1034,HAS_BLOCK
1034,1124,FLOW
1126,1035,HAS_BLOCK
1035,1124,FLOW
1126,1037,HAS_BLOCK
1037,1039,FLOW
1126,1039,HAS_BLOCK
1039,1040,FLOW
1039,1041,FLOW
1039,1014,FLOW
1126,1040,HAS_BLOCK
1040,1124,FLOW
1126,1041,HAS_BLOCK
1041,1124,FLOW
1126,1043,HAS_BLOCK
1043,1045,FLOW
1126,1045,HAS_BLOCK
1045,1047,FLOW
1045,1048,FLOW
1045,1014,FLOW
1126,1047,HAS_BLOCK
1047,1124,FLOW
1126,1048,HAS_BLOCK
1048,1124,FLOW
1126,1050,HAS_BLOCK
1050,1052,FLOW
1126,1052,HAS_BLOCK
1052,1053,FLOW
1052,1054,FLOW
1052,1014,FLOW
1126,1053,HAS_BLOCK
1053,1124,FLOW
1126,1054,HAS_BLOCK
1054,1124,FLOW
1126,1056,HAS_BLOCK
1056,1058,FLOW
1126,1058,HAS_BLOCK
1058,1059,FLOW
1058,1060,FLOW
1058,1014,FLOW
1126,1059,HAS_BLOCK
1059,1124,FLOW
1126,1060,HAS_BLOCK
1060,1124,FLOW
1126,1064,HAS_BLOCK
1064,1066,FLOW
1126,1066,HAS_BLOCK
1066,1067,FLOW
1066,1068,FLOW
1066,1014,FLOW
1126,1067,HAS_BLOCK
1067,1124,FLOW
1126,1068,HAS_BLOCK
1068,1124,FLOW
1126,1070,HAS_BLOCK
1070,1072,FLOW
1126,1072,HAS_BLOCK
1072,1073,FLOW
1072,1074,FLOW
1072,1014,FLOW
1126,1073,HAS_BLOCK
1073,1124,FLOW
1126,1074,HAS_BLOCK
1074,1124,FLOW
1126,1076,HAS_BLOCK
1076,1078,FLOW
1126,1078,HAS_BLOCK
1078,1081,FLOW
1078,1082,FLOW
1078,1014,FLOW
1126,1081,HAS_BLOCK
1081,1124,FLOW
1126,1082,HAS_BLOCK
1082,1124,FLOW
1126,1084,HAS_BLOCK
1084,1086,FLOW
1126,1086,HAS_BLOCK
1086,1087,FLOW
1086,1088,FLOW
1086,1014,FLOW
1126,1087,HAS_BLOCK
1087,1124,FLOW
1126,1088,HAS_BLOCK
1088,1124,FLOW
1126,1090,HAS_BLOCK
1090,1092,FLOW
1126,1092,HAS_BLOCK
1092,1093,FLOW
1092,1094,FLOW
1092,1014,FLOW
1126,1093,HAS_BLOCK
1093,1124,FLOW
1126,1094,HAS_BLOCK
1094,1124,FLOW
1126,1098,HAS_BLOCK
1098,1100,FLOW
1126,1100,HAS_BLOCK
1100,1101,FLOW
1100,1102,FLOW
1100,1014,FLOW
1126,1101,HAS_BLOCK
1101,1124,FLOW
1126,1102,HAS_BLOCK
1102,1124,FLOW
1126,1104,HAS_BLOCK
1104,1106,FLOW
1126,1106,HAS_BLOCK
1106,1107,FLOW
1106,1108,FLOW
1106,1014,FLOW
1126,1107,HAS_BLOCK
1107,1124,FLOW
1126,1108,HAS_BLOCK
1108,1124,FLOW
1126,1110,HAS_BLOCK
1110,1112,FLOW
1126,1112,HAS_BLOCK
1112,1115,FLOW
1112,1116,FLOW
1112,1014,FLOW
1126,1115,HAS_BLOCK
1115,1124,FLOW
1126,1116,HAS_BLOCK
1116,1124,FLOW
1126,1118,HAS_BLOCK
1118,1120,FLOW
1126,1120,HAS_BLOCK
1120,1121,FLOW
1120,1122,FLOW
1120,1014,FLOW
1126,1121,HAS_BLOCK
1121,1124,FLOW
1126,1122,HAS_BLOCK
1122,1124,FLOW
1126,1124,HAS_BLOCK
1124,1126,RETURN
377,378,HAS_PARAM
377,379,HAS_PARAM
377,376,HAS_BLOCK
376,377,RETURN
374,375,HAS_PARAM
374,373,HAS_BLOCK
373,374,RETURN
435,436,HAS_PARAM
435,437,HAS_PARAM
435,432,HAS_BLOCK
432,434,FLOW
435,434,HAS_BLOCK
434,435,RETURN
430,431,HAS_PARAM
430,421,HAS_BLOCK
421,423,FLOW
430,423,HAS_BLOCK
423,425,FLOW
430,425,HAS_BLOCK
425,427,FLOW
425,428,FLOW
425,428,UNWIND
430,427,HAS_BLOCK
427,430,RETURN
430,428,HAS_BLOCK
428,429,FLOW
430,429,HAS_BLOCK
5330,5331,HAS_PARAM
5330,5332,HAS_PARAM
5330,5257,HAS_BLOCK
5257,5258,FLOW
5257,5316,FLOW
5257,5316,UNWIND
5330,5258,HAS_BLOCK
5258,5277,FLOW
5258,5316,FLOW
5258,5316,UNWIND
5330,5277,HAS_BLOCK
5277,5295,FLOW
5277,5316,FLOW
5277,5316,UNWIND
5330,5295,HAS_BLOCK
5295,5311,FLOW
5295,5316,FLOW
5295,5316,UNWIND
5330,5311,HAS_BLOCK
5311,5322,FLOW
5311,5316,FLOW
5311,5316,UNWIND
5330,5322,HAS_BLOCK
5322,5324,FLOW
5322,5316,FLOW
5322,5316,UNWIND
5330,5324,HAS_BLOCK
5324,5326,FLOW
5324,5316,FLOW
5324,5316,UNWIND
5330,5326,HAS_BLOCK
5326,5328,FLOW
5330,5328,HAS_BLOCK
5328,5259,FLOW
5328,5261,FLOW
5328,5329,FLOW
5330,5329,HAS_BLOCK
5330,5259,HAS_BLOCK
5259,5263,FLOW
5259,5314,FLOW
5259,5314,UNWIND
5330,5261,HAS_BLOCK
5261,5309,FLOW
5330,5263,HAS_BLOCK
5263,5265,FLOW
5263,5314,FLOW
5263,5314,UNWIND
5330,5265,HAS_BLOCK
5265,5266,FLOW
5265,5268,FLOW
5265,5329,FLOW
5330,5266,HAS_BLOCK
5266,5270,FLOW
5266,5314,FLOW
5266,5314,UNWIND
5330,5268,HAS_BLOCK
5268,5317,FLOW
5268,5314,FLOW
5268,5314,UNWIND
5330,5270,HAS_BLOCK
5270,5272,FLOW
5270,5314,FLOW
5270,5314,UNWIND
5330,5272,HAS_BLOCK
5272,5273,FLOW
5272,5275,FLOW
5272,5329,FLOW
5330,5273,HAS_BLOCK
5273,5278,FLOW
5273,5314,FLOW
5273,5314,UNWIND
5330,5275,HAS_BLOCK
5275,5318,FLOW
5275,5314,FLOW
5275,5314,UNWIND
5330,5278,HAS_BLOCK
5278,5280,FLOW
5278,5314,FLOW
5278,5314,UNWIND
5330,5280,HAS_BLOCK
5280,5281,FLOW
5280,5283,FLOW
5280,5329,FLOW
5330,5281,HAS_BLOCK
5281,5285,FLOW
5281,5314,FLOW
5281,5314,UNWIND
5330,5283,HAS_BLOCK
5283,5319,FLOW
5283,5314,FLOW
5283,5314,UNWIND
5330,5285,HAS_BLOCK
5285,5287,FLOW
5285,5314,FLOW
5285,5314,UNWIND
5330,5287,HAS_BLOCK
5287,5288,FLOW
5287,5290,FLOW
5287,5329,FLOW
5330,5288,HAS_BLOCK
5288,5292,FLOW
5288,5314,FLOW
5288,5314,UNWIND
5330,5290,HAS_BLOCK
5290,5320,FLOW
5290,5314,FLOW
5290,5314,UNWIND
5330,5292,HAS_BLOCK
5292,5294,FLOW
5292,5314,FLOW
5292,5314,UNWIND
5330,5294,HAS_BLOCK
5294,5296,FLOW
5294,5298,FLOW
5294,5329,FLOW
5330,5296,HAS_BLOCK
5296,5300,FLOW
5296,5314,FLOW
5296,5314,UNWIND
5330,5298,HAS_BLOCK
5298,5321,FLOW
5298,5314,FLOW
5298,5314,UNWIND
5330,5300,HAS_BLOCK
5300,5302,FLOW
5300,5314,FLOW
5300,5314,UNWIND
5330,5302,HAS_BLOCK
5302,5303,FLOW
5302,5305,FLOW
5302,5329,FLOW
5330,5303,HAS_BLOCK
5303,5307,FLOW
5303,5314,FLOW
5303,5314,UNWIND
5330,5305,HAS_BLOCK
5305,5323,FLOW
5305,5314,FLOW
5305,5314,UNWIND
5330,5307,HAS_BLOCK
5307,5310,FLOW
5330,5308,HAS_BLOCK
5308,5309,FLOW
5330,5309,HAS_BLOCK
5309,5310,FLOW
5330,5310,HAS_BLOCK
5310,5330,RETURN
5330,5312,HAS_BLOCK
5330,5313,HAS_BLOCK
5313,5312,FLOW
5330,5314,HAS_BLOCK
5314,5312,FLOW
5314,5313,FLOW
5330,5315,HAS_BLOCK
5315,5312,FLOW
5330,5316,HAS_BLOCK
5316,5312,FLOW
5316,5315,FLOW
5330,5317,HAS_BLOCK
5317,5308,FLOW
5330,5318,HAS_BLOCK
5318,5308,FLOW
5330,5319,HAS_BLOCK
5319,5308,FLOW
5330,5320,HAS_BLOCK
5320,5308,FLOW
5330,5321,HAS_BLOCK
5321,5308,FLOW
5330,5323,HAS_BLOCK
5323,5308,FLOW
5095,5096,HAS_PARAM
5095,5092,HAS_BLOCK
5092,5094,FLOW
5095,5094,HAS_BLOCK
5094,5095,RETURN
1444,1445,HAS_PARAM
1444,1446,HAS_PARAM
1444,1441,HAS_BLOCK
1441,1443,FLOW
1444,1443,HAS_BLOCK
1443,1444,RETURN
1522,1523,HAS_PARAM
1522,1524,HAS_PARAM
1522,1513,HAS_BLOCK
1513,1520,FLOW
1513,1519,FLOW
1513,1518,FLOW
1513,1517,FLOW
1513,1516,FLOW
1513,1515,FLOW
1513,1514,FLOW
1522,1514,HAS_BLOCK
1514,1521,FLOW
1522,1515,HAS_BLOCK
1515,1521,FLOW
1522,1516,HAS_BLOCK
1516,1521,FLOW
1522,1517,HAS_BLOCK
1517,1521,FLOW
1522,1518,HAS_BLOCK
1518,1521,FLOW
1522,1519,HAS_BLOCK
1519,1521,FLOW
1522,1520,HAS_BLOCK
1520,1521,FLOW
1522,1521,HAS_BLOCK
1521,1522,RETURN
1510,1511,HAS_PARAM
1510,1512,HAS_PARAM
1510,1484,HAS_BLOCK
1484,1496,FLOW
1510,1486,HAS_BLOCK
1486,1497,FLOW
1510,1498,HAS_BLOCK
1498,1497,FLOW
1510,1499,HAS_BLOCK
1499,1495,FLOW
1510,1501,HAS_BLOCK
1501,1497,FLOW
1510,1502,HAS_BLOCK
1502,1494,FLOW
1510,1504,HAS_BLOCK
1504,1497,FLOW
1510,1505,HAS_BLOCK
1505,1493,FLOW
1510,1507,HAS_BLOCK
1507,1497,FLOW
1510,1508,HAS_BLOCK
1508,1492,FLOW
1510,1487,HAS_BLOCK
1487,1497,FLOW
1510,1488,HAS_BLOCK
1488,1491,FLOW
1510,1490,HAS_BLOCK
1490,1497,FLOW
1510,1491,HAS_BLOCK
1491,1486,FLOW
1491,1490,FLOW
1510,1492,HAS_BLOCK
1492,1488,FLOW
1492,1487,FLOW
1510,1493,HAS_BLOCK
1493,1508,FLOW
1493,1507,FLOW
1510,1494,HAS_BLOCK
1494,1505,FLOW
1494,1504,FLOW
1510,1495,HAS_BLOCK
1495,1502,FLOW
1495,1501,FLOW
1510,1496,HAS_BLOCK
1496,1499,FLOW
1496,1498,FLOW
1510,1497,HAS_BLOCK
1497,1510,RETURN
1481,1482,HAS_PARAM
1481,1483,HAS_PARAM
1481,1447,HAS_BLOCK
1447,1475,FLOW
1447,1459,FLOW
1481,1448,HAS_BLOCK
1448,1474,FLOW
1481,1459,HAS_BLOCK
1459,1470,FLOW
1459,1448,FLOW
1481,1470,HAS_BLOCK
1470,1473,FLOW
1470,1448,FLOW
1481,1475,HAS_BLOCK
1475,1454,FLOW
1475,1476,FLOW
1481,1476,HAS_BLOCK
1476,1477,FLOW
1476,1480,FLOW
1476,1451,FLOW
1476,1448,FLOW
1481,1477,HAS_BLOCK
1477,1478,FLOW
1477,1448,FLOW
1481,1478,HAS_BLOCK
1478,1479,FLOW
1478,1448,FLOW
1481,1479,HAS_BLOCK
1479,1472,FLOW
1479,1448,FLOW
1481,1480,HAS_BLOCK
1480,1449,FLOW
1480,1448,FLOW
1481,1449,HAS_BLOCK
1449,1450,FLOW
1449,1448,FLOW
1481,1450,HAS_BLOCK
1450,1469,FLOW
1450,1448,FLOW
1481,1451,HAS_BLOCK
1451,1452,FLOW
1451,1448,FLOW
1481,1452,HAS_BLOCK
1452,1453,FLOW
1452,1448,FLOW
1481,1453,HAS_BLOCK
1453,1468,FLOW
1453,1448,FLOW
1481,1454,HAS_BLOCK
1454,1448,FLOW
1454,1455,FLOW
1481,1455,HAS_BLOCK
1455,1456,FLOW
1455,1462,FLOW
1455,1448,FLOW
1481,1456,HAS_BLOCK
1456,1457,FLOW
1456,1448,FLOW
1481,1457,HAS_BLOCK
1457,1458,FLOW
1457,1448,FLOW
1481,1458,HAS_BLOCK
1458,1460,FLOW
1458,1448,FLOW
1481,1460,HAS_BLOCK
1460,1461,FLOW
1460,1448,FLOW
1481,1461,HAS_BLOCK
1461,1471,FLOW
1461,1448,FLOW
1481,1462,HAS_BLOCK
1462,1463,FLOW
1462,1448,FLOW
1481,1463,HAS_BLOCK
1463,1464,FLOW
1463,1448,FLOW
1481,1464,HAS_BLOCK
1464,1465,FLOW
1464,1448,FLOW
1481,1465,HAS_BLOCK
1465,1466,FLOW
1465,1448,FLOW
1481,1466,HAS_BLOCK
1466,1467,FLOW
1466,1448,FLOW
1481,1467,HAS_BLOCK
1467,1474,FLOW
1481,1468,HAS_BLOCK
1468,1474,FLOW
1481,1469,HAS_BLOCK
1469,1474,FLOW
1481,1471,HAS_BLOCK
1471,1474,FLOW
1481,1472,HAS_BLOCK
1472,1474,FLOW
1481,1473,HAS_BLOCK
1473,1474,FLOW
1481,1474,HAS_BLOCK
1474,1481,RETURN
1439,1440,HAS_PARAM
1439,1436,HAS_BLOCK
1436,1438,FLOW
1439,1438,HAS_BLOCK
1438,1439,RETURN
1528,1529,HAS_PARAM
1528,1530,HAS_PARAM
1528,1525,HAS_BLOCK
1525,1527,FLOW
1528,1527,HAS_BLOCK
1527,1528,RETURN
1817,1818,HAS_PARAM
1817,1819,HAS_PARAM
1817,1735,HAS_BLOCK
1735,1737,FLOW
1735,1801,FLOW
1735,1801,UNWIND
1817,1737,HAS_BLOCK
1737,1754,FLOW
1737,1801,FLOW
1737,1801,UNWIND
1817,1754,HAS_BLOCK
1754,1787,FLOW
1754,1800,FLOW
1754,1771,FLOW
1817,1771,HAS_BLOCK
1817,1787,HAS_BLOCK
1787,1810,FLOW
1787,1812,FLOW
1787,1771,FLOW
1817,1800,HAS_BLOCK
1800,1803,FLOW
1800,1801,FLOW
1800,1801,UNWIND
1817,1810,HAS_BLOCK
1810,1814,FLOW
1810,1801,FLOW
1810,1801,UNWIND
1817,1812,HAS_BLOCK
1812,1815,FLOW
1812,1801,FLOW
1812,1801,UNWIND
1817,1814,HAS_BLOCK
1814,1796,FLOW
1817,1815,HAS_BLOCK
1815,1738,FLOW
1815,1801,FLOW
1815,1801,UNWIND
1817,1738,HAS_BLOCK
1738,1739,FLOW
1738,1740,FLOW
1738,1771,FLOW
1817,1739,HAS_BLOCK
1739,1742,FLOW
1739,1744,FLOW
1739,1771,FLOW
1817,1740,HAS_BLOCK
1740,1804,FLOW
1740,1801,FLOW
1740,1801,UNWIND
1817,1742,HAS_BLOCK
1742,1746,FLOW
1742,1801,FLOW
1742,1801,UNWIND
1817,1744,HAS_BLOCK
1744,1747,FLOW
1744,1801,FLOW
1744,1801,UNWIND
1817,1746,HAS_BLOCK
1746,1796,FLOW
1817,1747,HAS_BLOCK
1747,1749,FLOW
1747,1801,FLOW
1747,1801,UNWIND
1817,1749,HAS_BLOCK
1749,1750,FLOW
1749,1751,FLOW
1749,1771,FLOW
1817,1750,HAS_BLOCK
1750,1755,FLOW
1750,1757,FLOW
1750,1771,FLOW
1817,1751,HAS_BLOCK
1751,1805,FLOW
1751,1801,FLOW
1751,1801,UNWIND
1817,1755,HAS_BLOCK
1755,1759,FLOW
1755,1801,FLOW
1755,1801,UNWIND
1817,1757,HAS_BLOCK
1757,1760,FLOW
1757,1799,FLOW
1757,1799,UNWIND
1817,1759,HAS_BLOCK
1759,1796,FLOW
1817,1760,HAS_BLOCK
1760,1762,FLOW
1760,1799,FLOW
1760,1799,UNWIND
1817,1762,HAS_BLOCK
1762,1763,FLOW
1762,1764,FLOW
1762,1771,FLOW
1817,1763,HAS_BLOCK
1763,1766,FLOW
1763,1768,FLOW
1763,1771,FLOW
1817,1764,HAS_BLOCK
1764,1806,FLOW
1764,1799,FLOW
1764,1799,UNWIND
1817,1766,HAS_BLOCK
1766,1770,FLOW
1766,1799,FLOW
1766,1799,UNWIND
1817,1768,HAS_BLOCK
1768,1772,FLOW
1768,1798,FLOW
1768,1798,UNWIND
1817,1770,HAS_BLOCK
1770,1795,FLOW
1817,1772,HAS_BLOCK
1772,1774,FLOW
1772,1798,FLOW
1772,1798,UNWIND
1817,1774,HAS_BLOCK
1774,1775,FLOW
1774,1776,FLOW
1774,1771,FLOW
1817,1775,HAS_BLOCK
1775,1778,FLOW
1775,1780,FLOW
1775,1771,FLOW
1817,1776,HAS_BLOCK
1776,1807,FLOW
1776,1798,FLOW
1776,1798,UNWIND
1817,1778,HAS_BLOCK
1778,1782,FLOW
1778,1798,FLOW
1778,1798,UNWIND
1817,1780,HAS_BLOCK
1780,1783,FLOW
1780,1798,FLOW
1780,1798,UNWIND
1817,1782,HAS_BLOCK
1782,1794,FLOW
1817,1783,HAS_BLOCK
1783,1785,FLOW
1783,1798,FLOW
1783,1798,UNWIND
1817,1785,HAS_BLOCK
1785,1786,FLOW
1785,1788,FLOW
1785,1771,FLOW
1817,1786,HAS_BLOCK
1786,1790,FLOW
1786,1792,FLOW
1786,1771,FLOW
1817,1788,HAS_BLOCK
1788,1808,FLOW
1788,1798,FLOW
1788,1798,UNWIND
1817,1790,HAS_BLOCK
1790,1793,FLOW
1790,1798,FLOW
1790,1798,UNWIND
1817,1792,HAS_BLOCK
1792,1797,FLOW
1817,1793,HAS_BLOCK
1793,1794,FLOW
1817,1794,HAS_BLOCK
1794,1795,FLOW
1794,1799,FLOW
1794,1799,UNWIND
1817,1795,HAS_BLOCK
1795,1796,FLOW
1795,1801,FLOW
1795,1801,UNWIND
1817,1796,HAS_BLOCK
1796,1797,FLOW
1817,1797,HAS_BLOCK
1797,1817,RETURN
1817,1798,HAS_BLOCK
1798,1799,FLOW
1817,1799,HAS_BLOCK
1799,1801,FLOW
1817,1801,HAS_BLOCK
1801,1802,FLOW
1817,1802,HAS_BLOCK
1817,1803,HAS_BLOCK
1803,1796,FLOW
1817,1804,HAS_BLOCK
1804,1796,FLOW
1817,1805,HAS_BLOCK
1805,1796,FLOW
1817,1806,HAS_BLOCK
1806,1795,FLOW
1817,1807,HAS_BLOCK
1807,1794,FLOW
1817,1808,HAS_BLOCK
1808,1794,FLOW
1732,1733,HAS_PARAM
1732,1734,HAS_PARAM
1732,1531,HAS_BLOCK
1531,1532,FLOW
1732,1532,HAS_BLOCK
1532,1604,FLOW
1532,1575,FLOW
1532,1575,UNWIND
1732,1604,HAS_BLOCK
1604,1621,FLOW
1604,1575,FLOW
1604,1575,UNWIND
1732,1621,HAS_BLOCK
1621,1652,FLOW
1621,1667,FLOW
1621,1637,FLOW
1732,1637,HAS_BLOCK
1732,1652,HAS_BLOCK
1652,1700,FLOW
1652,1684,FLOW
1652,1637,FLOW
1732,1667,HAS_BLOCK
1667,1578,FLOW
1667,1575,FLOW
1667,1575,UNWIND
1732,1684,HAS_BLOCK
1684,1687,FLOW
1684,1689,FLOW
1684,1637,FLOW
1732,1700,HAS_BLOCK
1700,1595,FLOW
1700,1586,FLOW
1700,1574,FLOW
1700,1562,FLOW
1700,1549,FLOW
1700,1533,FLOW
1700,1715,FLOW
1700,1637,FLOW
1732,1715,HAS_BLOCK
1715,1680,FLOW
1715,1575,FLOW
1715,1575,UNWIND
1732,1533,HAS_BLOCK
1533,1668,FLOW
1533,1575,FLOW
1533,1575,UNWIND
1732,1549,HAS_BLOCK
1549,1655,FLOW
1549,1575,FLOW
1549,1575,UNWIND
1732,1562,HAS_BLOCK
1562,1640,FLOW
1562,1575,FLOW
1562,1575,UNWIND
1732,1574,HAS_BLOCK
1574,1625,FLOW
1574,1575,FLOW
1574,1575,UNWIND
1732,1586,HAS_BLOCK
1586,1611,FLOW
1586,1575,FLOW
1586,1575,UNWIND
1732,1595,HAS_BLOCK
1595,1597,FLOW
1595,1575,FLOW
1595,1575,UNWIND
1732,1597,HAS_BLOCK
1597,1601,FLOW
1597,1598,FLOW
1732,1598,HAS_BLOCK
1598,1600,FLOW
1598,1575,FLOW
1598,1575,UNWIND
1732,1600,HAS_BLOCK
1600,1556,FLOW
1732,1601,HAS_BLOCK
1601,1605,FLOW
1601,1575,FLOW
1601,1575,UNWIND
1732,1605,HAS_BLOCK
1605,1607,FLOW
1605,1575,FLOW
1605,1575,UNWIND
1732,1607,HAS_BLOCK
1607,1608,FLOW
1607,1609,FLOW
1607,1637,FLOW
1732,1608,HAS_BLOCK
1608,1532,FLOW
1732,1609,HAS_BLOCK
1609,1579,FLOW
1609,1575,FLOW
1609,1575,UNWIND
1732,1611,HAS_BLOCK
1611,1615,FLOW
1611,1612,FLOW
1732,1612,HAS_BLOCK
1612,1614,FLOW
1612,1575,FLOW
1612,1575,UNWIND
1732,1614,HAS_BLOCK
1614,1556,FLOW
1732,1615,HAS_BLOCK
1615,1617,FLOW
1615,1575,FLOW
1615,1575,UNWIND
1732,1617,HAS_BLOCK
1617,1619,FLOW
1617,1575,FLOW
1617,1575,UNWIND
1732,1619,HAS_BLOCK
1619,1622,FLOW
1619,1623,FLOW
1619,1637,FLOW
1732,1622,HAS_BLOCK
1622,1532,FLOW
1732,1623,HAS_BLOCK
1623,1580,FLOW
1623,1575,FLOW
1623,1575,UNWIND
1732,1625,HAS_BLOCK
1625,1629,FLOW
1625,1626,FLOW
1732,1626,HAS_BLOCK
1626,1628,FLOW
1626,1575,FLOW
1626,1575,UNWIND
1732,1628,HAS_BLOCK
1628,1556,FLOW
1732,1629,HAS_BLOCK
1629,1631,FLOW
1629,1575,FLOW
1629,1575,UNWIND
1732,1631,HAS_BLOCK
1631,1633,FLOW
1631,1575,FLOW
1631,1575,UNWIND
1732,1633,HAS_BLOCK
1633,1634,FLOW
1633,1635,FLOW
1633,1637,FLOW
1732,1634,HAS_BLOCK
1634,1638,FLOW
1634,1639,FLOW
1634,1639,UNWIND
1732,1635,HAS_BLOCK
1635,1581,FLOW
1635,1575,FLOW
1635,1575,UNWIND
1732,1638,HAS_BLOCK
1638,1532,FLOW
1732,1639,HAS_BLOCK
1639,1575,FLOW
1732,1640,HAS_BLOCK
1640,1644,FLOW
1640,1641,FLOW
1732,1641,HAS_BLOCK
1641,1643,FLOW
1641,1575,FLOW
1641,1575,UNWIND
1732,1643,HAS_BLOCK
1643,1556,FLOW
1732,1644,HAS_BLOCK
1644,1646,FLOW
1644,1575,FLOW
1644,1575,UNWIND
1732,1646,HAS_BLOCK
1646,1648,FLOW
1646,1575,FLOW
1646,1575,UNWIND
1732,1648,HAS_BLOCK
1648,1649,FLOW
1648,1650,FLOW
1648,1637,FLOW
1732,1649,HAS_BLOCK
1649,1653,FLOW
1649,1654,FLOW
1649,1654,UNWIND
1732,1650,HAS_BLOCK
1650,1582,FLOW
1650,1575,FLOW
1650,1575,UNWIND
1732,1653,HAS_BLOCK
1653,1532,FLOW
1732,1654,HAS_BLOCK
1654,1575,FLOW
1732,1655,HAS_BLOCK
1655,1659,FLOW
1655,1656,FLOW
1732,1656,HAS_BLOCK
1656,1658,FLOW
1656,1575,FLOW
1656,1575,UNWIND
1732,1658,HAS_BLOCK
1658,1556,FLOW
1732,1659,HAS_BLOCK
1659,1661,FLOW
1659,1575,FLOW
1659,1575,UNWIND
1732,1661,HAS_BLOCK
1661,1663,FLOW
1661,1575,FLOW
1661,1575,UNWIND
1732,1663,HAS_BLOCK
1663,1664,FLOW
1663,1665,FLOW
1663,1637,FLOW
1732,1664,HAS_BLOCK
1664,1532,FLOW
1732,1665,HAS_BLOCK
1665,1583,FLOW
1665,1575,FLOW
1665,1575,UNWIND
1732,1668,HAS_BLOCK
1668,1672,FLOW
1668,1669,FLOW
1732,1669,HAS_BLOCK
1669,1671,FLOW
1669,1575,FLOW
1669,1575,UNWIND
1732,1671,HAS_BLOCK
1671,1556,FLOW
1732,1672,HAS_BLOCK
1672,1674,FLOW
1672,1575,FLOW
1672,1575,UNWIND
1732,1674,HAS_BLOCK
1674,1676,FLOW
1674,1575,FLOW
1674,1575,UNWIND
1732,1676,HAS_BLOCK
1676,1677,FLOW
1676,1678,FLOW
1676,1637,FLOW
1732,1677,HAS_BLOCK
1677,1532,FLOW
1732,1678,HAS_BLOCK
1678,1584,FLOW
1678,1575,FLOW
1678,1575,UNWIND
1732,1680,HAS_BLOCK
1680,1682,FLOW
1680,1575,FLOW
1680,1575,UNWIND
1732,1682,HAS_BLOCK
1682,1532,FLOW
1682,1685,FLOW
1682,1637,FLOW
1732,1685,HAS_BLOCK
1685,1587,FLOW
1685,1575,FLOW
1685,1575,UNWIND
1732,1687,HAS_BLOCK
1687,1690,FLOW
1687,1575,FLOW
1687,1575,UNWIND
1732,1689,HAS_BLOCK
1689,1696,FLOW
1732,1690,HAS_BLOCK
1690,1692,FLOW
1690,1575,FLOW
1690,1575,UNWIND
1732,1692,HAS_BLOCK
1692,1693,FLOW
1692,1694,FLOW
1692,1637,FLOW
1732,1693,HAS_BLOCK
1693,1696,FLOW
1732,1694,HAS_BLOCK
1694,1588,FLOW
1694,1575,FLOW
1694,1575,UNWIND
1732,1696,HAS_BLOCK
1696,1697,FLOW
1696,1699,FLOW
1696,1637,FLOW
1732,1697,HAS_BLOCK
1697,1701,FLOW
1697,1575,FLOW
1697,1575,UNWIND
1732,1699,HAS_BLOCK
1699,1707,FLOW
1732,1701,HAS_BLOCK
1701,1703,FLOW
1701,1575,FLOW
1701,1575,UNWIND
1732,1703,HAS_BLOCK
1703,1704,FLOW
1703,1705,FLOW
1703,1637,FLOW
1732,1704,HAS_BLOCK
1704,1707,FLOW
1732,1705,HAS_BLOCK
1705,1589,FLOW
1705,1575,FLOW
1705,1575,UNWIND
1732,1707,HAS_BLOCK
1707,1708,FLOW
1707,1710,FLOW
1707,1637,FLOW
1732,1708,HAS_BLOCK
1708,1711,FLOW
1708,1575,FLOW
1708,1575,UNWIND
1732,1710,HAS_BLOCK
1710,1718,FLOW
1732,1711,HAS_BLOCK
1711,1713,FLOW
1711,1575,FLOW
1711,1575,UNWIND
1732,1713,HAS_BLOCK
1713,1714,FLOW
1713,1716,FLOW
1713,1637,FLOW
1732,1714,HAS_BLOCK
1714,1718,FLOW
1732,1716,HAS_BLOCK
1716,1590,FLOW
1716,1575,FLOW
1716,1575,UNWIND
1732,1718,HAS_BLOCK
1718,1719,FLOW
1718,1721,FLOW
1718,1637,FLOW
1732,1719,HAS_BLOCK
1719,1722,FLOW
1719,1559,FLOW
1719,1559,UNWIND
1732,1721,HAS_BLOCK
1721,1728,FLOW
1732,1722,HAS_BLOCK
1722,1724,FLOW
1722,1559,FLOW
1722,1559,UNWIND
1732,1724,HAS_BLOCK
1724,1725,FLOW
1724,1726,FLOW
1724,1637,FLOW
1732,1725,HAS_BLOCK
1725,1728,FLOW
1732,1726,HAS_BLOCK
1726,1591,FLOW
1726,1559,FLOW
1726,1559,UNWIND
1732,1728,HAS_BLOCK
1728,1729,FLOW
1728,1534,FLOW
1728,1637,FLOW
1732,1729,HAS_BLOCK
1729,1535,FLOW
1729,1558,FLOW
1729,1558,UNWIND
1732,1534,HAS_BLOCK
1534,1541,FLOW
1732,1535,HAS_BLOCK
1535,1537,FLOW
1535,1558,FLOW
1535,1558,UNWIND
1732,1537,HAS_BLOCK
1537,1538,FLOW
1537,1539,FLOW
1537,1637,FLOW
1732,1538,HAS_BLOCK
1538,1541,FLOW
1732,1539,HAS_BLOCK
1539,1592,FLOW
1539,1558,FLOW
1539,1558,UNWIND
1732,1541,HAS_BLOCK
1541,1542,FLOW
1541,1544,FLOW
1541,1637,FLOW
1732,1542,HAS_BLOCK
1542,1545,FLOW
1542,1558,FLOW
1542,1558,UNWIND
1732,1544,HAS_BLOCK
1544,1553,FLOW
1732,1545,HAS_BLOCK
1545,1547,FLOW
1545,1558,FLOW
1545,1558,UNWIND
1732,1547,HAS_BLOCK
1547,1550,FLOW
1547,1551,FLOW
1547,1637,FLOW
1732,1550,HAS_BLOCK
1550,1553,FLOW
1732,1551,HAS_BLOCK
1551,1593,FLOW
1551,1558,FLOW
1551,1558,UNWIND
1732,1553,HAS_BLOCK
1553,1557,FLOW
1732,1554,HAS_BLOCK
1554,1555,FLOW
1554,1559,FLOW
1554,1559,UNWIND
1732,1555,HAS_BLOCK
1555,1556,FLOW
1555,1575,FLOW
1555,1575,UNWIND
1732,1556,HAS_BLOCK
1556,1566,FLOW
1556,1565,FLOW
1556,1637,FLOW
1732,1557,HAS_BLOCK
1557,1732,RETURN
1732,1558,HAS_BLOCK
1558,1559,FLOW
1732,1559,HAS_BLOCK
1559,1575,FLOW
1732,1560,HAS_BLOCK
1560,1576,FLOW
1560,1563,FLOW
1732,1563,HAS_BLOCK
1563,1564,FLOW
1732,1564,HAS_BLOCK
1732,1565,HAS_BLOCK
1565,1569,FLOW
1565,1568,FLOW
1565,1637,FLOW
1732,1566,HAS_BLOCK
1566,1565,FLOW
1566,1567,FLOW
1732,1567,HAS_BLOCK
1567,1565,FLOW
1567,1560,FLOW
1567,1560,UNWIND
1732,1568,HAS_BLOCK
1568,1557,FLOW
1732,1569,HAS_BLOCK
1569,1568,FLOW
1569,1570,FLOW
1732,1570,HAS_BLOCK
1570,1568,FLOW
1570,1563,FLOW
1570,1563,UNWIND
1732,1571,HAS_BLOCK
1571,1560,FLOW
1571,1572,FLOW
1732,1572,HAS_BLOCK
1572,1560,FLOW
1732,1575,HAS_BLOCK
1575,1571,FLOW
1575,1560,FLOW
1732,1576,HAS_BLOCK
1576,1563,FLOW
1576,1577,FLOW
1732,1577,HAS_BLOCK
1577,1563,FLOW
1732,1578,HAS_BLOCK
1578,1556,FLOW
1732,1579,HAS_BLOCK
1579,1556,FLOW
1732,1580,HAS_BLOCK
1580,1556,FLOW
1732,1581,HAS_BLOCK
1581,1556,FLOW
1732,1582,HAS_BLOCK
1582,1556,FLOW
1732,1583,HAS_BLOCK
1583,1556,FLOW
1732,1584,HAS_BLOCK
1584,1556,FLOW
1732,1587,HAS_BLOCK
1587,1556,FLOW
1732,1588,HAS_BLOCK
1588,1556,FLOW
1732,1589,HAS_BLOCK
1589,1556,FLOW
1732,1590,HAS_BLOCK
1590,1556,FLOW
1732,1591,HAS_BLOCK
1591,1555,FLOW
1732,1592,HAS_BLOCK
1592,1554,FLOW
1732,1593,HAS_BLOCK
1593,1554,FLOW
367,368,HAS_PARAM
367,369,HAS_PARAM
367,364,HAS_BLOCK
364,366,FLOW
367,366,HAS_BLOCK
366,367,RETURN
362,363,HAS_PARAM
362,359,HAS_BLOCK
359,361,FLOW
362,361,HAS_BLOCK
361,362,RETURN
5154,5155,HAS_PARAM
5154,5156,HAS_PARAM
5154,5108,HAS_BLOCK
5108,5109,FLOW
5108,5138,FLOW
5108,5138,UNWIND
5154,5109,HAS_BLOCK
5109,5127,FLOW
5109,5138,FLOW
5109,5138,UNWIND
5154,5127,HAS_BLOCK
5127,5139,FLOW
5127,5138,FLOW
5127,5138,UNWIND
5154,5139,HAS_BLOCK
5139,5144,FLOW
5139,5138,FLOW
5139,5138,UNWIND
5154,5144,HAS_BLOCK
5144,5146,FLOW
5154,5146,HAS_BLOCK
5146,5148,FLOW
5146,5150,FLOW
5146,5147,FLOW
5154,5147,HAS_BLOCK
5154,5148,HAS_BLOCK
5148,5152,FLOW
5148,5136,FLOW
5148,5136,UNWIND
5154,5150,HAS_BLOCK
5150,5132,FLOW
5154,5152,HAS_BLOCK
5152,5110,FLOW
5152,5136,FLOW
5152,5136,UNWIND
5154,5110,HAS_BLOCK
5110,5111,FLOW
5110,5113,FLOW
5110,5147,FLOW
5154,5111,HAS_BLOCK
5111,5115,FLOW
5111,5136,FLOW
5111,5136,UNWIND
5154,5113,HAS_BLOCK
5113,5140,FLOW
5113,5136,FLOW
5113,5136,UNWIND
5154,5115,HAS_BLOCK
5115,5117,FLOW
5115,5136,FLOW
5115,5136,UNWIND
5154,5117,HAS_BLOCK
5117,5118,FLOW
5117,5120,FLOW
5117,5147,FLOW
5154,5118,HAS_BLOCK
5118,5122,FLOW
5118,5136,FLOW
5118,5136,UNWIND
5154,5120,HAS_BLOCK
5120,5141,FLOW
5120,5136,FLOW
5120,5136,UNWIND
5154,5122,HAS_BLOCK
5122,5124,FLOW
5122,5136,FLOW
5122,5136,UNWIND
5154,5124,HAS_BLOCK
5124,5125,FLOW
5124,5128,FLOW
5124,5147,FLOW
5154,5125,HAS_BLOCK
5125,5130,FLOW
5125,5136,FLOW
5125,5136,UNWIND
5154,5128,HAS_BLOCK
5128,5142,FLOW
5128,5136,FLOW
5128,5136,UNWIND
5154,5130,HAS_BLOCK
5130,5133,FLOW
5154,5131,HAS_BLOCK
5131,5132,FLOW
5154,5132,HAS_BLOCK
5132,5133,FLOW
5154,5133,HAS_BLOCK
5133,5154,RETURN
5154,5134,HAS_BLOCK
5154,5135,HAS_BLOCK
5135,5134,FLOW
5154,5136,HAS_BLOCK
5136,5134,FLOW
5136,5135,FLOW
5154,5137,HAS_BLOCK
5137,5134,FLOW
5154,5138,HAS_BLOCK
5138,5134,FLOW
5138,5137,FLOW
5154,5140,HAS_BLOCK
5140,5131,FLOW
5154,5141,HAS_BLOCK
5141,5131,FLOW
5154,5142,HAS_BLOCK
5142,5131,FLOW
5062,5063,HAS_PARAM
5062,5059,HAS_BLOCK
5059,5061,FLOW
5062,5061,HAS_BLOCK
5061,5062,RETURN
478,479,HAS_PARAM
478,480,HAS_PARAM
478,475,HAS_BLOCK
475,477,FLOW
478,477,HAS_BLOCK
477,478,RETURN
523,524,HAS_PARAM
523,525,HAS_PARAM
523,517,HAS_BLOCK
517,521,FLOW
517,520,FLOW
517,519,FLOW
517,518,FLOW
523,518,HAS_BLOCK
518,522,FLOW
523,519,HAS_BLOCK
519,522,FLOW
523,520,HAS_BLOCK
520,522,FLOW
523,521,HAS_BLOCK
521,522,FLOW
523,522,HAS_BLOCK
522,523,RETURN
514,515,HAS_PARAM
514,516,HAS_PARAM
514,500,HAS_BLOCK
500,513,FLOW
514,502,HAS_BLOCK
502,503,FLOW
514,504,HAS_BLOCK
504,503,FLOW
514,505,HAS_BLOCK
505,512,FLOW
514,507,HAS_BLOCK
507,503,FLOW
514,508,HAS_BLOCK
508,511,FLOW
514,510,HAS_BLOCK
510,503,FLOW
514,511,HAS_BLOCK
511,502,FLOW
511,510,FLOW
514,512,HAS_BLOCK
512,508,FLOW
512,507,FLOW
514,513,HAS_BLOCK
513,505,FLOW
513,504,FLOW
514,503,HAS_BLOCK
503,514,RETURN
497,498,HAS_PARAM
497,499,HAS_PARAM
497,481,HAS_BLOCK
481,494,FLOW
481,489,FLOW
497,482,HAS_BLOCK
482,488,FLOW
497,489,HAS_BLOCK
489,490,FLOW
489,492,FLOW
489,482,FLOW
497,490,HAS_BLOCK
490,491,FLOW
490,482,FLOW
497,491,HAS_BLOCK
491,487,FLOW
491,482,FLOW
497,492,HAS_BLOCK
492,493,FLOW
492,482,FLOW
497,493,HAS_BLOCK
493,486,FLOW
493,482,FLOW
497,494,HAS_BLOCK
494,482,FLOW
494,495,FLOW
497,495,HAS_BLOCK
495,496,FLOW
495,482,FLOW
497,496,HAS_BLOCK
496,483,FLOW
496,482,FLOW
497,483,HAS_BLOCK
483,484,FLOW
483,482,FLOW
497,484,HAS_BLOCK
484,485,FLOW
484,482,FLOW
497,485,HAS_BLOCK
485,488,FLOW
497,486,HAS_BLOCK
486,488,FLOW
497,487,HAS_BLOCK
487,488,FLOW
497,488,HAS_BLOCK
488,497,RETURN
473,474,HAS_PARAM
473,470,HAS_BLOCK
470,472,FLOW
473,472,HAS_BLOCK
472,473,RETURN
529,530,HAS_PARAM
529,531,HAS_PARAM
529,526,HAS_BLOCK
526,528,FLOW
529,528,HAS_BLOCK
528,529,RETURN
680,681,HAS_PARAM
680,682,HAS_PARAM
680,638,HAS_BLOCK
638,640,FLOW
638,664,FLOW
638,664,UNWIND
680,640,HAS_BLOCK
640,657,FLOW
640,664,FLOW
640,664,UNWIND
680,657,HAS_BLOCK
657,670,FLOW
657,671,FLOW
657,669,FLOW
680,669,HAS_BLOCK
680,670,HAS_BLOCK
670,673,FLOW
670,675,FLOW
670,669,FLOW
680,671,HAS_BLOCK
671,666,FLOW
671,664,FLOW
671,664,UNWIND
680,673,HAS_BLOCK
673,677,FLOW
673,664,FLOW
673,664,UNWIND
680,675,HAS_BLOCK
675,678,FLOW
675,664,FLOW
675,664,UNWIND
680,677,HAS_BLOCK
677,662,FLOW
680,678,HAS_BLOCK
678,641,FLOW
678,664,FLOW
678,664,UNWIND
680,641,HAS_BLOCK
641,642,FLOW
641,643,FLOW
641,669,FLOW
680,642,HAS_BLOCK
642,645,FLOW
642,647,FLOW
642,669,FLOW
680,643,HAS_BLOCK
643,667,FLOW
643,664,FLOW
643,664,UNWIND
680,645,HAS_BLOCK
645,649,FLOW
645,664,FLOW
645,664,UNWIND
680,647,HAS_BLOCK
647,650,FLOW
647,664,FLOW
647,664,UNWIND
680,649,HAS_BLOCK
649,662,FLOW
680,650,HAS_BLOCK
650,652,FLOW
650,664,FLOW
650,664,UNWIND
680,652,HAS_BLOCK
652,653,FLOW
652,654,FLOW
652,669,FLOW
680,653,HAS_BLOCK
653,658,FLOW
653,660,FLOW
653,669,FLOW
680,654,HAS_BLOCK
654,668,FLOW
654,664,FLOW
654,664,UNWIND
680,658,HAS_BLOCK
658,661,FLOW
658,664,FLOW
658,664,UNWIND
680,660,HAS_BLOCK
660,663,FLOW
680,661,HAS_BLOCK
661,662,FLOW
680,662,HAS_BLOCK
662,663,FLOW
680,663,HAS_BLOCK
663,680,RETURN
680,664,HAS_BLOCK
664,665,FLOW
680,665,HAS_BLOCK
680,666,HAS_BLOCK
666,662,FLOW
680,667,HAS_BLOCK
667,662,FLOW
680,668,HAS_BLOCK
668,662,FLOW
635,636,HAS_PARAM
635,637,HAS_PARAM
635,532,HAS_BLOCK
532,533,FLOW
635,533,HAS_BLOCK
533,551,FLOW
533,620,FLOW
533,620,UNWIND
635,551,HAS_BLOCK
551,568,FLOW
551,620,FLOW
551,620,UNWIND
635,568,HAS_BLOCK
568,601,FLOW
568,616,FLOW
568,585,FLOW
635,585,HAS_BLOCK
635,601,HAS_BLOCK
601,632,FLOW
601,628,FLOW
601,585,FLOW
635,616,HAS_BLOCK
616,622,FLOW
616,620,FLOW
616,620,UNWIND
635,628,HAS_BLOCK
628,586,FLOW
628,588,FLOW
628,585,FLOW
635,632,HAS_BLOCK
632,538,FLOW
632,536,FLOW
632,534,FLOW
632,633,FLOW
632,585,FLOW
635,633,HAS_BLOCK
633,580,FLOW
633,620,FLOW
633,620,UNWIND
635,534,HAS_BLOCK
534,566,FLOW
534,620,FLOW
534,620,UNWIND
635,536,HAS_BLOCK
536,554,FLOW
536,620,FLOW
536,620,UNWIND
635,538,HAS_BLOCK
538,540,FLOW
538,620,FLOW
538,620,UNWIND
635,540,HAS_BLOCK
540,544,FLOW
540,541,FLOW
635,541,HAS_BLOCK
541,543,FLOW
541,620,FLOW
541,620,UNWIND
635,543,HAS_BLOCK
543,618,FLOW
635,544,HAS_BLOCK
544,546,FLOW
544,620,FLOW
544,620,UNWIND
635,546,HAS_BLOCK
546,548,FLOW
546,620,FLOW
546,620,UNWIND
635,548,HAS_BLOCK
548,549,FLOW
548,552,FLOW
548,585,FLOW
635,549,HAS_BLOCK
549,533,FLOW
635,552,HAS_BLOCK
552,623,FLOW
552,620,FLOW
552,620,UNWIND
635,554,HAS_BLOCK
554,558,FLOW
554,555,FLOW
635,555,HAS_BLOCK
555,557,FLOW
555,620,FLOW
555,620,UNWIND
635,557,HAS_BLOCK
557,618,FLOW
635,558,HAS_BLOCK
558,560,FLOW
558,620,FLOW
558,620,UNWIND
635,560,HAS_BLOCK
560,562,FLOW
560,620,FLOW
560,620,UNWIND
635,562,HAS_BLOCK
562,563,FLOW
562,564,FLOW
562,585,FLOW
635,563,HAS_BLOCK
563,533,FLOW
635,564,HAS_BLOCK
564,624,FLOW
564,620,FLOW
564,620,UNWIND
635,566,HAS_BLOCK
566,572,FLOW
566,569,FLOW
635,569,HAS_BLOCK
569,571,FLOW
569,620,FLOW
569,620,UNWIND
635,571,HAS_BLOCK
571,618,FLOW
635,572,HAS_BLOCK
572,574,FLOW
572,620,FLOW
572,620,UNWIND
635,574,HAS_BLOCK
574,576,FLOW
574,620,FLOW
574,620,UNWIND
635,576,HAS_BLOCK
576,577,FLOW
576,578,FLOW
576,585,FLOW
635,577,HAS_BLOCK
577,533,FLOW
635,578,HAS_BLOCK
578,625,FLOW
578,620,FLOW
578,620,UNWIND
635,580,HAS_BLOCK
580,582,FLOW
580,620,FLOW
580,620,UNWIND
635,582,HAS_BLOCK
582,533,FLOW
582,583,FLOW
582,585,FLOW
635,583,HAS_BLOCK
583,626,FLOW
583,620,FLOW
583,620,UNWIND
635,586,HAS_BLOCK
586,589,FLOW
586,620,FLOW
586,620,UNWIND
635,588,HAS_BLOCK
588,595,FLOW
635,589,HAS_BLOCK
589,591,FLOW
589,620,FLOW
589,620,UNWIND
635,591,HAS_BLOCK
591,592,FLOW
591,593,FLOW
591,585,FLOW
635,592,HAS_BLOCK
592,595,FLOW
635,593,HAS_BLOCK
593,629,FLOW
593,620,FLOW
593,620,UNWIND
635,595,HAS_BLOCK
595,596,FLOW
595,598,FLOW
595,585,FLOW
635,596,HAS_BLOCK
596,599,FLOW
596,620,FLOW
596,620,UNWIND
635,598,HAS_BLOCK
598,606,FLOW
635,599,HAS_BLOCK
599,602,FLOW
599,620,FLOW
599,620,UNWIND
635,602,HAS_BLOCK
602,603,FLOW
602,604,FLOW
602,585,FLOW
635,603,HAS_BLOCK
603,606,FLOW
635,604,HAS_BLOCK
604,630,FLOW
604,620,FLOW
604,620,UNWIND
635,606,HAS_BLOCK
606,607,FLOW
606,609,FLOW
606,585,FLOW
635,607,HAS_BLOCK
607,610,FLOW
607,620,FLOW
607,620,UNWIND
635,609,HAS_BLOCK
609,617,FLOW
635,610,HAS_BLOCK
610,612,FLOW
610,620,FLOW
610,620,UNWIND
635,612,HAS_BLOCK
612,613,FLOW
612,614,FLOW
612,585,FLOW
635,613,HAS_BLOCK
613,617,FLOW
635,614,HAS_BLOCK
614,631,FLOW
614,620,FLOW
614,620,UNWIND
635,617,HAS_BLOCK
617,619,FLOW
635,618,HAS_BLOCK
618,619,FLOW
635,619,HAS_BLOCK
619,635,RETURN
635,620,HAS_BLOCK
620,621,FLOW
635,621,HAS_BLOCK
635,622,HAS_BLOCK
622,618,FLOW
635,623,HAS_BLOCK
623,618,FLOW
635,624,HAS_BLOCK
624,618,FLOW
635,625,HAS_BLOCK
625,618,FLOW
635,626,HAS_BLOCK
626,618,FLOW
635,629,HAS_BLOCK
629,618,FLOW
635,630,HAS_BLOCK
630,618,FLOW
635,631,HAS_BLOCK
631,618,FLOW
418,419,HAS_PARAM
418,420,HAS_PARAM
418,415,HAS_BLOCK
415,417,FLOW
418,417,HAS_BLOCK
417,418,RETURN
413,414,HAS_PARAM
413,406,HAS_BLOCK
406,408,FLOW
413,408,HAS_BLOCK
408,410,FLOW
408,411,FLOW
408,411,UNWIND
413,410,HAS_BLOCK
410,413,RETURN
413,411,HAS_BLOCK
411,412,FLOW
413,412,HAS_BLOCK
5254,5255,HAS_PARAM
5254,5256,HAS_PARAM
5254,5199,HAS_BLOCK
5199,5200,FLOW
5199,5239,FLOW
5199,5239,UNWIND
5254,5200,HAS_BLOCK
5200,5218,FLOW
5200,5239,FLOW
5200,5239,UNWIND
5254,5218,HAS_BLOCK
5218,5234,FLOW
5218,5239,FLOW
5218,5239,UNWIND
5254,5234,HAS_BLOCK
5234,5244,FLOW
5234,5239,FLOW
5234,5239,UNWIND
5254,5244,HAS_BLOCK
5244,5246,FLOW
5244,5239,FLOW
5244,5239,UNWIND
5254,5246,HAS_BLOCK
5246,5248,FLOW
5254,5248,HAS_BLOCK
5248,5250,FLOW
5248,5252,FLOW
5248,5249,FLOW
5254,5249,HAS_BLOCK
5254,5250,HAS_BLOCK
5250,5201,FLOW
5250,5237,FLOW
5250,5237,UNWIND
5254,5252,HAS_BLOCK
5252,5232,FLOW
5254,5201,HAS_BLOCK
5201,5203,FLOW
5201,5237,FLOW
5201,5237,UNWIND
5254,5203,HAS_BLOCK
5203,5204,FLOW
5203,5206,FLOW
5203,5249,FLOW
5254,5204,HAS_BLOCK
5204,5208,FLOW
5204,5237,FLOW
5204,5237,UNWIND
5254,5206,HAS_BLOCK
5206,5240,FLOW
5206,5237,FLOW
5206,5237,UNWIND
5254,5208,HAS_BLOCK
5208,5210,FLOW
5208,5237,FLOW
5208,5237,UNWIND
5254,5210,HAS_BLOCK
5210,5211,FLOW
5210,5213,FLOW
5210,5249,FLOW
5254,5211,HAS_BLOCK
5211,5215,FLOW
5211,5237,FLOW
5211,5237,UNWIND
5254,5213,HAS_BLOCK
5213,5241,FLOW
5213,5237,FLOW
5213,5237,UNWIND
5254,5215,HAS_BLOCK
5215,5217,FLOW
5215,5237,FLOW
5215,5237,UNWIND
5254,5217,HAS_BLOCK
5217,5219,FLOW
5217,5221,FLOW
5217,5249,FLOW
5254,5219,HAS_BLOCK
5219,5223,FLOW
5219,5237,FLOW
5219,5237,UNWIND
5254,5221,HAS_BLOCK
5221,5242,FLOW
5221,5237,FLOW
5221,5237,UNWIND
5254,5223,HAS_BLOCK
5223,5225,FLOW
5223,5237,FLOW
5223,5237,UNWIND
5254,5225,HAS_BLOCK
5225,5226,FLOW
5225,5228,FLOW
5225,5249,FLOW
5254,5226,HAS_BLOCK
5226,5230,FLOW
5226,5237,FLOW
5226,5237,UNWIND
5254,5228,HAS_BLOCK
5228,5243,FLOW
5228,5237,FLOW
5228,5237,UNWIND
5254,5230,HAS_BLOCK
5230,5233,FLOW
5254,5231,HAS_BLOCK
5231,5232,FLOW
5254,5232,HAS_BLOCK
5232,5233,FLOW
5254,5233,HAS_BLOCK
5233,5254,RETURN
5254,5235,HAS_BLOCK
5254,5236,HAS_BLOCK
5236,5235,FLOW
5254,5237,HAS_BLOCK
5237,5235,FLOW
5237,5236,FLOW
5254,5238,HAS_BLOCK
5238,5235,FLOW
5254,5239,HAS_BLOCK
5239,5235,FLOW
5239,5238,FLOW
5254,5240,HAS_BLOCK
5240,5231,FLOW
5254,5241,HAS_BLOCK
5241,5231,FLOW
5254,5242,HAS_BLOCK
5242,5231,FLOW
5254,5243,HAS_BLOCK
5243,5231,FLOW
5084,5085,HAS_PARAM
5084,5081,HAS_BLOCK
5081,5083,FLOW
5084,5083,HAS_BLOCK
5083,5084,RETURN
1137,1138,HAS_PARAM
1137,1139,HAS_PARAM
1137,1134,HAS_BLOCK
1134,1136,FLOW
1137,1136,HAS_BLOCK
1136,1137,RETURN
1218,1219,HAS_PARAM
1218,1220,HAS_PARAM
1218,1211,HAS_BLOCK
1211,1216,FLOW
1211,1215,FLOW
1211,1214,FLOW
1211,1213,FLOW
1211,1212,FLOW
1218,1212,HAS_BLOCK
1212,1217,FLOW
1218,1213,HAS_BLOCK
1213,1217,FLOW
1218,1214,HAS_BLOCK
1214,1217,FLOW
1218,1215,HAS_BLOCK
1215,1217,FLOW
1218,1216,HAS_BLOCK
1216,1217,FLOW
1218,1217,HAS_BLOCK
1217,1218,RETURN
1208,1209,HAS_PARAM
1208,1210,HAS_PARAM
1208,1190,HAS_BLOCK
1190,1195,FLOW
1208,1192,HAS_BLOCK
1192,1196,FLOW
1208,1197,HAS_BLOCK
1197,1196,FLOW
1208,1198,HAS_BLOCK
1198,1194,FLOW
1208,1200,HAS_BLOCK
1200,1196,FLOW
1208,1201,HAS_BLOCK
1201,1193,FLOW
1208,1203,HAS_BLOCK
1203,1196,FLOW
1208,1204,HAS_BLOCK
1204,1207,FLOW
1208,1206,HAS_BLOCK
1206,1196,FLOW
1208,1207,HAS_BLOCK
1207,1192,FLOW
1207,1206,FLOW
1208,1193,HAS_BLOCK
1193,1204,FLOW
1193,1203,FLOW
1208,1194,HAS_BLOCK
1194,1201,FLOW
1194,1200,FLOW
1208,1195,HAS_BLOCK
1195,1198,FLOW
1195,1197,FLOW
1208,1196,HAS_BLOCK
1196,1208,RETURN
1187,1188,HAS_PARAM
1187,1189,HAS_PARAM
1187,1140,HAS_BLOCK
1140,1186,FLOW
1140,1152,FLOW
1187,1141,HAS_BLOCK
1141,1181,FLOW
1187,1152,HAS_BLOCK
1152,1163,FLOW
1152,1141,FLOW
1187,1163,HAS_BLOCK
1163,1174,FLOW
1163,1141,FLOW
1187,1174,HAS_BLOCK
1174,1182,FLOW
1174,1141,FLOW
1187,1182,HAS_BLOCK
1182,1183,FLOW
1182,1141,FLOW
1187,1183,HAS_BLOCK
1183,1184,FLOW
1183,1141,FLOW
1187,1184,HAS_BLOCK
1184,1185,FLOW
1184,1141,FLOW
1187,1185,HAS_BLOCK
1185,1180,FLOW
1185,1141,FLOW
1187,1186,HAS_BLOCK
1186,1162,FLOW
1186,1142,FLOW
1187,1142,HAS_BLOCK
1142,1143,FLOW
1142,1153,FLOW
1142,1141,FLOW
1187,1143,HAS_BLOCK
1143,1144,FLOW
1143,1141,FLOW
1187,1144,HAS_BLOCK
1144,1145,FLOW
1144,1141,FLOW
1187,1145,HAS_BLOCK
1145,1146,FLOW
1145,1141,FLOW
1187,1146,HAS_BLOCK
1146,1147,FLOW
1146,1141,FLOW
1187,1147,HAS_BLOCK
1147,1148,FLOW
1147,1141,FLOW
1187,1148,HAS_BLOCK
1148,1149,FLOW
1148,1141,FLOW
1187,1149,HAS_BLOCK
1149,1150,FLOW
1149,1141,FLOW
1187,1150,HAS_BLOCK
1150,1151,FLOW
1150,1141,FLOW
1187,1151,HAS_BLOCK
1151,1179,FLOW
1151,1141,FLOW
1187,1153,HAS_BLOCK
1153,1154,FLOW
1153,1141,FLOW
1187,1154,HAS_BLOCK
1154,1155,FLOW
1154,1141,FLOW
1187,1155,HAS_BLOCK
1155,1156,FLOW
1155,1141,FLOW
1187,1156,HAS_BLOCK
1156,1157,FLOW
1156,1141,FLOW
1187,1157,HAS_BLOCK
1157,1158,FLOW
1157,1141,FLOW
1187,1158,HAS_BLOCK
1158,1159,FLOW
1158,1141,FLOW
1187,1159,HAS_BLOCK
1159,1160,FLOW
1159,1141,FLOW
1187,1160,HAS_BLOCK
1160,1161,FLOW
1160,1141,FLOW
1187,1161,HAS_BLOCK
1161,1178,FLOW
1161,1141,FLOW
1187,1162,HAS_BLOCK
1162,1141,FLOW
1162,1164,FLOW
1187,1164,HAS_BLOCK
1164,1165,FLOW
1164,1141,FLOW
1187,1165,HAS_BLOCK
1165,1166,FLOW
1165,1141,FLOW
1187,1166,HAS_BLOCK
1166,1167,FLOW
1166,1141,FLOW
1187,1167,HAS_BLOCK
1167,1168,FLOW
1167,1141,FLOW
1187,1168,HAS_BLOCK
1168,1169,FLOW
1168,1141,FLOW
1187,1169,HAS_BLOCK
1169,1170,FLOW
1169,1141,FLOW
1187,1170,HAS_BLOCK
1170,1171,FLOW
1170,1141,FLOW
1187,1171,HAS_BLOCK
1171,1172,FLOW
1171,1141,FLOW
1187,1172,HAS_BLOCK
1172,1173,FLOW
1172,1141,FLOW
1187,1173,HAS_BLOCK
1173,1175,FLOW
1173,1141,FLOW
1187,1175,HAS_BLOCK
1175,1176,FLOW
1175,1141,FLOW
1187,1176,HAS_BLOCK
1176,1177,FLOW
1176,1141,FLOW
1187,1177,HAS_BLOCK
1177,1181,FLOW
1187,1178,HAS_BLOCK
1178,1181,FLOW
1187,1179,HAS_BLOCK
1179,1181,FLOW
1187,1180,HAS_BLOCK
1180,1181,FLOW
1187,1181,HAS_BLOCK
1181,1187,RETURN
1132,1133,HAS_PARAM
1132,1129,HAS_BLOCK
1129,1131,FLOW
1132,1131,HAS_BLOCK
1131,1132,RETURN
1224,1225,HAS_PARAM
1224,1226,HAS_PARAM
1224,1221,HAS_BLOCK
1221,1223,FLOW
1224,1223,HAS_BLOCK
1223,1224,RETURN
1433,1434,HAS_PARAM
1433,1435,HAS_PARAM
1433,1377,HAS_BLOCK
1377,1379,FLOW
1377,1417,FLOW
1377,1417,UNWIND
1433,1379,HAS_BLOCK
1379,1396,FLOW
1379,1417,FLOW
1379,1417,UNWIND
1433,1396,HAS_BLOCK
1396,1423,FLOW
1396,1424,FLOW
1396,1412,FLOW
1433,1412,HAS_BLOCK
1433,1423,HAS_BLOCK
1423,1426,FLOW
1423,1428,FLOW
1423,1412,FLOW
1433,1424,HAS_BLOCK
1424,1419,FLOW
1424,1417,FLOW
1424,1417,UNWIND
1433,1426,HAS_BLOCK
1426,1430,FLOW
1426,1417,FLOW
1426,1417,UNWIND
1433,1428,HAS_BLOCK
1428,1431,FLOW
1428,1416,FLOW
1428,1416,UNWIND
1433,1430,HAS_BLOCK
1430,1414,FLOW
1433,1431,HAS_BLOCK
1431,1380,FLOW
1431,1416,FLOW
1431,1416,UNWIND
1433,1380,HAS_BLOCK
1380,1381,FLOW
1380,1382,FLOW
1380,1412,FLOW
1433,1381,HAS_BLOCK
1381,1384,FLOW
1381,1386,FLOW
1381,1412,FLOW
1433,1382,HAS_BLOCK
1382,1420,FLOW
1382,1416,FLOW
1382,1416,UNWIND
1433,1384,HAS_BLOCK
1384,1388,FLOW
1384,1416,FLOW
1384,1416,UNWIND
1433,1386,HAS_BLOCK
1386,1389,FLOW
1386,1416,FLOW
1386,1416,UNWIND
1433,1388,HAS_BLOCK
1388,1413,FLOW
1433,1389,HAS_BLOCK
1389,1391,FLOW
1389,1416,FLOW
1389,1416,UNWIND
1433,1391,HAS_BLOCK
1391,1392,FLOW
1391,1393,FLOW
1391,1412,FLOW
1433,1392,HAS_BLOCK
1392,1397,FLOW
1392,1399,FLOW
1392,1412,FLOW
1433,1393,HAS_BLOCK
1393,1421,FLOW
1393,1416,FLOW
1393,1416,UNWIND
1433,1397,HAS_BLOCK
1397,1401,FLOW
1397,1416,FLOW
1397,1416,UNWIND
1433,1399,HAS_BLOCK
1399,1402,FLOW
1399,1416,FLOW
1399,1416,UNWIND
1433,1401,HAS_BLOCK
1401,1413,FLOW
1433,1402,HAS_BLOCK
1402,1404,FLOW
1402,1416,FLOW
1402,1416,UNWIND
1433,1404,HAS_BLOCK
1404,1405,FLOW
1404,1406,FLOW
1404,1412,FLOW
1433,1405,HAS_BLOCK
1405,1408,FLOW
1405,1410,FLOW
1405,1412,FLOW
1433,1406,HAS_BLOCK
1406,1422,FLOW
1406,1416,FLOW
1406,1416,UNWIND
1433,1408,HAS_BLOCK
1408,1411,FLOW
1408,1416,FLOW
1408,1416,UNWIND
1433,1410,HAS_BLOCK
1410,1415,FLOW
1433,1411,HAS_BLOCK
1411,1413,FLOW
1433,1413,HAS_BLOCK
1413,1414,FLOW
1413,1417,FLOW
1413,1417,UNWIND
1433,1414,HAS_BLOCK
1414,1415,FLOW
1433,1415,HAS_BLOCK
1415,1433,RETURN
1433,1416,HAS_BLOCK
1416,1417,FLOW
1433,1417,HAS_BLOCK
1417,1418,FLOW
1433,1418,HAS_BLOCK
1433,1419,HAS_BLOCK
1419,1414,FLOW
1433,1420,HAS_BLOCK
1420,1413,FLOW
1433,1421,HAS_BLOCK
1421,1413,FLOW
1433,1422,HAS_BLOCK
1422,1413,FLOW
1374,1375,HAS_PARAM
1374,1376,HAS_PARAM
1374,1227,HAS_BLOCK
1227,1228,FLOW
1374,1228,HAS_BLOCK
1228,1256,FLOW
1228,1369,FLOW
1228,1369,UNWIND
1374,1256,HAS_BLOCK
1256,1272,FLOW
1256,1369,FLOW
1256,1369,UNWIND
1374,1272,HAS_BLOCK
1272,1303,FLOW
1272,1319,FLOW
1272,1288,FLOW
1374,1288,HAS_BLOCK
1374,1303,HAS_BLOCK
1303,1351,FLOW
1303,1336,FLOW
1303,1288,FLOW
1374,1319,HAS_BLOCK
1319,1372,FLOW
1319,1369,FLOW
1319,1369,UNWIND
1374,1336,HAS_BLOCK
1336,1309,FLOW
1336,1311,FLOW
1336,1288,FLOW
1374,1351,HAS_BLOCK
1351,1244,FLOW
1351,1242,FLOW
1351,1240,FLOW
1351,1229,FLOW
1351,1362,FLOW
1351,1288,FLOW
1374,1362,HAS_BLOCK
1362,1304,FLOW
1362,1369,FLOW
1362,1369,UNWIND
1374,1229,HAS_BLOCK
1229,1289,FLOW
1229,1369,FLOW
1229,1369,UNWIND
1374,1240,HAS_BLOCK
1240,1276,FLOW
1240,1369,FLOW
1240,1369,UNWIND
1374,1242,HAS_BLOCK
1242,1262,FLOW
1242,1369,FLOW
1242,1369,UNWIND
1374,1244,HAS_BLOCK
1244,1246,FLOW
1244,1369,FLOW
1244,1369,UNWIND
1374,1246,HAS_BLOCK
1246,1250,FLOW
1246,1247,FLOW
1374,1247,HAS_BLOCK
1247,1249,FLOW
1247,1369,FLOW
1247,1369,UNWIND
1374,1249,HAS_BLOCK
1249,1363,FLOW
1374,1250,HAS_BLOCK
1250,1252,FLOW
1250,1369,FLOW
1250,1369,UNWIND
1374,1252,HAS_BLOCK
1252,1254,FLOW
1252,1369,FLOW
1252,1369,UNWIND
1374,1254,HAS_BLOCK
1254,1257,FLOW
1254,1258,FLOW
1254,1288,FLOW
1374,1257,HAS_BLOCK
1257,1260,FLOW
1257,1261,FLOW
1257,1261,UNWIND
1374,1258,HAS_BLOCK
1258,1230,FLOW
1258,1369,FLOW
1258,1369,UNWIND
1374,1260,HAS_BLOCK
1260,1228,FLOW
1374,1261,HAS_BLOCK
1261,1369,FLOW
1374,1262,HAS_BLOCK
1262,1266,FLOW
1262,1263,FLOW
1374,1263,HAS_BLOCK
1263,1265,FLOW
1263,1369,FLOW
1263,1369,UNWIND
1374,1265,HAS_BLOCK
1265,1363,FLOW
1374,1266,HAS_BLOCK
1266,1268,FLOW
1266,1369,FLOW
1266,1369,UNWIND
1374,1268,HAS_BLOCK
1268,1270,FLOW
1268,1369,FLOW
1268,1369,UNWIND
1374,1270,HAS_BLOCK
1270,1273,FLOW
1270,1274,FLOW
1270,1288,FLOW
1374,1273,HAS_BLOCK
1273,1228,FLOW
1374,1274,HAS_BLOCK
1274,1231,FLOW
1274,1369,FLOW
1274,1369,UNWIND
1374,1276,HAS_BLOCK
1276,1280,FLOW
1276,1277,FLOW
1374,1277,HAS_BLOCK
1277,1279,FLOW
1277,1369,FLOW
1277,1369,UNWIND
1374,1279,HAS_BLOCK
1279,1363,FLOW
1374,1280,HAS_BLOCK
1280,1282,FLOW
1280,1369,FLOW
1280,1369,UNWIND
1374,1282,HAS_BLOCK
1282,1284,FLOW
1282,1369,FLOW
1282,1369,UNWIND
1374,1284,HAS_BLOCK
1284,1285,FLOW
1284,1286,FLOW
1284,1288,FLOW
1374,1285,HAS_BLOCK
1285,1228,FLOW
1374,1286,HAS_BLOCK
1286,1232,FLOW
1286,1369,FLOW
1286,1369,UNWIND
1374,1289,HAS_BLOCK
1289,1293,FLOW
1289,1290,FLOW
1374,1290,HAS_BLOCK
1290,1292,FLOW
1290,1369,FLOW
1290,1369,UNWIND
1374,1292,HAS_BLOCK
1292,1363,FLOW
1374,1293,HAS_BLOCK
1293,1295,FLOW
1293,1369,FLOW
1293,1369,UNWIND
1374,1295,HAS_BLOCK
1295,1297,FLOW
1295,1369,FLOW
1295,1369,UNWIND
1374,1297,HAS_BLOCK
1297,1298,FLOW
1297,1299,FLOW
1297,1288,FLOW
1374,1298,HAS_BLOCK
1298,1301,FLOW
1298,1302,FLOW
1298,1302,UNWIND
1374,1299,HAS_BLOCK
1299,1233,FLOW
1299,1369,FLOW
1299,1369,UNWIND
1374,1301,HAS_BLOCK
1301,1228,FLOW
1374,1302,HAS_BLOCK
1302,1369,FLOW
1374,1304,HAS_BLOCK
1304,1306,FLOW
1304,1369,FLOW
1304,1369,UNWIND
1374,1306,HAS_BLOCK
1306,1228,FLOW
1306,1307,FLOW
1306,1288,FLOW
1374,1307,HAS_BLOCK
1307,1234,FLOW
1307,1369,FLOW
1307,1369,UNWIND
1374,1309,HAS_BLOCK
1309,1312,FLOW
1309,1369,FLOW
1309,1369,UNWIND
1374,1311,HAS_BLOCK
1311,1318,FLOW
1374,1312,HAS_BLOCK
1312,1314,FLOW
1312,1369,FLOW
1312,1369,UNWIND
1374,1314,HAS_BLOCK
1314,1315,FLOW
1314,1316,FLOW
1314,1288,FLOW
1374,1315,HAS_BLOCK
1315,1318,FLOW
1374,1316,HAS_BLOCK
1316,1235,FLOW
1316,1369,FLOW
1316,1369,UNWIND
1374,1318,HAS_BLOCK
1318,1320,FLOW
1318,1322,FLOW
1318,1288,FLOW
1374,1320,HAS_BLOCK
1320,1323,FLOW
1320,1355,FLOW
1320,1355,UNWIND
1374,1322,HAS_BLOCK
1322,1329,FLOW
1374,1323,HAS_BLOCK
1323,1325,FLOW
1323,1355,FLOW
1323,1355,UNWIND
1374,1325,HAS_BLOCK
1325,1326,FLOW
1325,1327,FLOW
1325,1288,FLOW
1374,1326,HAS_BLOCK
1326,1329,FLOW
1374,1327,HAS_BLOCK
1327,1236,FLOW
1327,1355,FLOW
1327,1355,UNWIND
1374,1329,HAS_BLOCK
1329,1330,FLOW
1329,1332,FLOW
1329,1288,FLOW
1374,1330,HAS_BLOCK
1330,1333,FLOW
1330,1355,FLOW
1330,1355,UNWIND
1374,1332,HAS_BLOCK
1332,1341,FLOW
1374,1333,HAS_BLOCK
1333,1337,FLOW
1333,1355,FLOW
1333,1355,UNWIND
1374,1337,HAS_BLOCK
1337,1338,FLOW
1337,1339,FLOW
1337,1288,FLOW
1374,1338,HAS_BLOCK
1338,1341,FLOW
1374,1339,HAS_BLOCK
1339,1237,FLOW
1339,1355,FLOW
1339,1355,UNWIND
1374,1341,HAS_BLOCK
1341,1342,FLOW
1341,1344,FLOW
1341,1288,FLOW
1374,1342,HAS_BLOCK
1342,1345,FLOW
1342,1355,FLOW
1342,1355,UNWIND
1374,1344,HAS_BLOCK
1344,1352,FLOW
1374,1345,HAS_BLOCK
1345,1347,FLOW
1345,1355,FLOW
1345,1355,UNWIND
1374,1347,HAS_BLOCK
1347,1348,FLOW
1347,1349,FLOW
1347,1288,FLOW
1374,1348,HAS_BLOCK
1348,1352,FLOW
1374,1349,HAS_BLOCK
1349,1238,FLOW
1349,1355,FLOW
1349,1355,UNWIND
1374,1352,HAS_BLOCK
1352,1354,FLOW
1374,1353,HAS_BLOCK
1353,1363,FLOW
1353,1369,FLOW
1353,1369,UNWIND
1374,1354,HAS_BLOCK
1354,1374,RETURN
1374,1355,HAS_BLOCK
1355,1369,FLOW
1374,1356,HAS_BLOCK
1356,1370,FLOW
1356,1357,FLOW
1374,1357,HAS_BLOCK
1357,1358,FLOW
1374,1358,HAS_BLOCK
1374,1359,HAS_BLOCK
1359,1365,FLOW
1359,1364,FLOW
1359,1288,FLOW
1374,1360,HAS_BLOCK
1360,1359,FLOW
1360,1361,FLOW
1374,1361,HAS_BLOCK
1361,1359,FLOW
1361,1356,FLOW
1361,1356,UNWIND
1374,1363,HAS_BLOCK
1363,1360,FLOW
1363,1359,FLOW
1363,1288,FLOW
1374,1364,HAS_BLOCK
1364,1354,FLOW
1374,1365,HAS_BLOCK
1365,1364,FLOW
1365,1366,FLOW
1374,1366,HAS_BLOCK
1366,1364,FLOW
1366,1357,FLOW
1366,1357,UNWIND
1374,1367,HAS_BLOCK
1367,1356,FLOW
1367,1368,FLOW
1374,1368,HAS_BLOCK
1368,1356,FLOW
1374,1369,HAS_BLOCK
1369,1367,FLOW
1369,1356,FLOW
1374,1370,HAS_BLOCK
1370,1357,FLOW
1370,1371,FLOW
1374,1371,HAS_BLOCK
1371,1357,FLOW
1374,1372,HAS_BLOCK
1372,1363,FLOW
1374,1230,HAS_BLOCK
1230,1363,FLOW
1374,1231,HAS_BLOCK
1231,1363,FLOW
1374,1232,HAS_BLOCK
1232,1363,FLOW
1374,1233,HAS_BLOCK
1233,1363,FLOW
1374,1234,HAS_BLOCK
1234,1363,FLOW
1374,1235,HAS_BLOCK
1235,1363,FLOW
1374,1236,HAS_BLOCK
1236,1353,FLOW
1374,1237,HAS_BLOCK
1237,1353,FLOW
1374,1238,HAS_BLOCK
1238,1353,FLOW
7531,7533,HAS_FIELD
7531,7532,HAS_FIELD
7584,7585,HAS_PARAM
7584,7586,HAS_PARAM
7584,7534,HAS_BLOCK
7534,7536,FLOW
7584,7536,HAS_BLOCK
7536,7556,FLOW
7536,7571,FLOW
7536,7571,UNWIND
7584,7556,HAS_BLOCK
7556,7569,FLOW
7584,7569,HAS_BLOCK
7569,7575,FLOW
7569,7571,FLOW
7569,7571,UNWIND
7584,7575,HAS_BLOCK
7575,7579,FLOW
7575,7577,FLOW
7575,7576,FLOW
7584,7576,HAS_BLOCK
7584,7577,HAS_BLOCK
7577,7573,FLOW
7577,7571,FLOW
7577,7571,UNWIND
7584,7579,HAS_BLOCK
7579,7580,FLOW
7579,7571,FLOW
7579,7571,UNWIND
7584,7580,HAS_BLOCK
7580,7582,FLOW
7580,7571,FLOW
7580,7571,UNWIND
7584,7582,HAS_BLOCK
7582,7537,FLOW
7582,7570,FLOW
7582,7570,UNWIND
7584,7537,HAS_BLOCK
7537,7539,FLOW
7537,7570,FLOW
7537,7570,UNWIND
7584,7539,HAS_BLOCK
7539,7541,FLOW
7539,7568,FLOW
7539,7568,UNWIND
7584,7541,HAS_BLOCK
7541,7542,FLOW
7584,7542,HAS_BLOCK
7542,7544,FLOW
7542,7568,FLOW
7542,7568,UNWIND
7584,7544,HAS_BLOCK
7544,7547,FLOW
7544,7545,FLOW
7544,7576,FLOW
7584,7545,HAS_BLOCK
7545,7549,FLOW
7545,7568,FLOW
7545,7568,UNWIND
7584,7547,HAS_BLOCK
7547,7566,FLOW
7547,7568,FLOW
7547,7568,UNWIND
7584,7549,HAS_BLOCK
7549,7551,FLOW
7549,7568,FLOW
7549,7568,UNWIND
7584,7551,HAS_BLOCK
7551,7553,FLOW
7551,7568,FLOW
7551,7568,UNWIND
7584,7553,HAS_BLOCK
7553,7557,FLOW
7553,7568,FLOW
7553,7568,UNWIND
7584,7557,HAS_BLOCK
7557,7558,FLOW
7584,7558,HAS_BLOCK
7558,7560,FLOW
7558,7568,FLOW
7558,7568,UNWIND
7584,7560,HAS_BLOCK
7560,7542,FLOW
7560,7561,FLOW
7560,7576,FLOW
7584,7561,HAS_BLOCK
7561,7562,FLOW
7561,7542,FLOW
7584,7562,HAS_BLOCK
7562,7564,FLOW
7562,7568,FLOW
7562,7568,UNWIND
7584,7564,HAS_BLOCK
7564,7565,FLOW
7564,7568,FLOW
7564,7568,UNWIND
7584,7565,HAS_BLOCK
7565,7558,FLOW
7584,7566,HAS_BLOCK
7566,7567,FLOW
7584,7567,HAS_BLOCK
7567,7584,RETURN
7584,7568,HAS_BLOCK
7568,7570,FLOW
7584,7570,HAS_BLOCK
7570,7571,FLOW
7584,7571,HAS_BLOCK
7571,7572,FLOW
7584,7572,HAS_BLOCK
7584,7573,HAS_BLOCK
7573,7569,FLOW
7671,7672,HAS_PARAM
7671,7647,HAS_BLOCK
7647,7649,FLOW
7671,7649,HAS_BLOCK
7649,7658,FLOW
7649,7735,CALL
7671,7658,HAS_BLOCK
7658,7660,FLOW
7671,7660,HAS_BLOCK
7660,7662,FLOW
7660,7664,FLOW
7660,7661,FLOW
7671,7661,HAS_BLOCK
7671,7662,HAS_BLOCK
7662,7666,FLOW
7662,7655,FLOW
7662,7655,UNWIND
7671,7664,HAS_BLOCK
7664,7654,FLOW
7671,7666,HAS_BLOCK
7666,7668,FLOW
7666,7655,FLOW
7666,7655,UNWIND
7666,7735,CALL
7671,7668,HAS_BLOCK
7668,7670,FLOW
7668,7655,FLOW
7668,7655,UNWIND
7671,7670,HAS_BLOCK
7670,7650,FLOW
7670,7651,FLOW
7670,7661,FLOW
7671,7650,HAS_BLOCK
7650,7654,FLOW
7671,7651,HAS_BLOCK
7651,7653,FLOW
7651,7655,FLOW
7651,7655,UNWIND
7671,7653,HAS_BLOCK
7653,7654,FLOW
7671,7654,HAS_BLOCK
7654,7671,RETURN
7671,7655,HAS_BLOCK
7655,7656,FLOW
7671,7656,HAS_BLOCK
7643,7644,HAS_PARAM
7643,7645,HAS_PARAM
7643,7646,HAS_PARAM
7643,7587,HAS_BLOCK
7587,7589,FLOW
7643,7589,HAS_BLOCK
7589,7607,FLOW
7643,7607,HAS_BLOCK
7607,7624,FLOW
7607,7633,FLOW
7643,7624,HAS_BLOCK
7624,7634,FLOW
7624,7633,FLOW
7643,7633,HAS_BLOCK
7633,7628,FLOW
7643,7634,HAS_BLOCK
7634,7636,FLOW
7643,7636,HAS_BLOCK
7636,7638,FLOW
7636,7630,FLOW
7636,7630,UNWIND
7643,7638,HAS_BLOCK
7638,7640,FLOW
7638,7629,FLOW
7638,7629,UNWIND
7643,7640,HAS_BLOCK
7640,7642,FLOW
7640,7629,FLOW
7640,7629,UNWIND
7643,7642,HAS_BLOCK
7642,7590,FLOW
7643,7590,HAS_BLOCK
7590,7592,FLOW
7590,7629,FLOW
7590,7629,UNWIND
7643,7592,HAS_BLOCK
7592,7593,FLOW
7592,7625,FLOW
7592,7614,FLOW
7643,7593,HAS_BLOCK
7593,7599,FLOW
7593,7594,FLOW
7643,7594,HAS_BLOCK
7594,7596,FLOW
7594,7629,FLOW
7594,7629,UNWIND
7643,7596,HAS_BLOCK
7596,7598,FLOW
7596,7629,FLOW
7596,7629,UNWIND
7596,7754,CALL
7643,7598,HAS_BLOCK
7598,7627,FLOW
7598,7630,FLOW
7598,7630,UNWIND
7643,7599,HAS_BLOCK
7599,7601,FLOW
7599,7629,FLOW
7599,7629,UNWIND
7643,7601,HAS_BLOCK
7601,7602,FLOW
7601,7629,FLOW
7601,7629,UNWIND
7643,7602,HAS_BLOCK
7602,7604,FLOW
7602,7629,FLOW
7602,7629,UNWIND
7643,7604,HAS_BLOCK
7604,7608,FLOW
7604,7629,FLOW
7604,7629,UNWIND
7643,7608,HAS_BLOCK
7608,7610,FLOW
7608,7629,FLOW
7608,7629,UNWIND
7643,7610,HAS_BLOCK
7610,7611,FLOW
7643,7611,HAS_BLOCK
7611,7613,FLOW
7611,7629,FLOW
7611,7629,UNWIND
7643,7613,HAS_BLOCK
7613,7590,FLOW
7613,7615,FLOW
7613,7614,FLOW
7643,7614,HAS_BLOCK
7643,7615,HAS_BLOCK
7615,7617,FLOW
7615,7629,FLOW
7615,7629,UNWIND
7643,7617,HAS_BLOCK
7617,7619,FLOW
7617,7629,FLOW
7617,7629,UNWIND
7643,7619,HAS_BLOCK
7619,7611,FLOW
7619,7620,FLOW
7643,7620,HAS_BLOCK
7620,7622,FLOW
7620,7629,FLOW
7620,7629,UNWIND
7643,7622,HAS_BLOCK
7622,7632,FLOW
7622,7629,FLOW
7622,7629,UNWIND
7643,7625,HAS_BLOCK
7625,7626,FLOW
7625,7630,FLOW
7625,7630,UNWIND
7643,7626,HAS_BLOCK
7626,7628,FLOW
7643,7627,HAS_BLOCK
7627,7628,FLOW
7643,7628,HAS_BLOCK
7628,7643,RETURN
7643,7629,HAS_BLOCK
7629,7630,FLOW
7643,7630,HAS_BLOCK
7630,7631,FLOW
7643,7631,HAS_BLOCK
7643,7632,HAS_BLOCK
7632,7611,FLOW
7754,7755,HAS_PARAM
7754,7756,HAS_PARAM
7754,7757,HAS_PARAM
7754,7737,HAS_BLOCK
7737,7739,FLOW
7754,7739,HAS_BLOCK
7739,7743,FLOW
7754,7743,HAS_BLOCK
7743,7745,FLOW
7743,7741,FLOW
7743,7741,UNWIND
7754,7745,HAS_BLOCK
7745,7746,FLOW
7745,7750,FLOW
7754,7746,HAS_BLOCK
7746,7747,FLOW
7746,7741,FLOW
7746,7741,UNWIND
7754,7747,HAS_BLOCK
7747,7750,FLOW
7747,7749,FLOW
7747,7748,FLOW
7754,7748,HAS_BLOCK
7754,7749,HAS_BLOCK
7749,7743,FLOW
7754,7750,HAS_BLOCK
7750,7752,FLOW
7750,7741,FLOW
7750,7741,UNWIND
7754,7752,HAS_BLOCK
7752,7740,FLOW
7752,7741,FLOW
7752,7741,UNWIND
7754,7740,HAS_BLOCK
7740,7754,RETURN
7754,7741,HAS_BLOCK
7741,7742,FLOW
7754,7742,HAS_BLOCK
7735,7736,HAS_PARAM
7735,7673,HAS_BLOCK
7673,7675,FLOW
7735,7675,HAS_BLOCK
7675,7693,FLOW
7735,7693,HAS_BLOCK
7693,7721,FLOW
7693,7726,FLOW
7693,7708,FLOW
7735,7708,HAS_BLOCK
7735,7721,HAS_BLOCK
7721,7728,FLOW
7721,7720,FLOW
7721,7720,UNWIND
7735,7726,HAS_BLOCK
7726,7717,FLOW
7735,7728,HAS_BLOCK
7728,7730,FLOW
7728,7719,FLOW
7728,7719,UNWIND
7735,7730,HAS_BLOCK
7730,7732,FLOW
7730,7719,FLOW
7730,7719,UNWIND
7735,7732,HAS_BLOCK
7732,7733,FLOW
7732,7676,FLOW
7732,7708,FLOW
7735,7733,HAS_BLOCK
7733,7678,FLOW
7733,7719,FLOW
7733,7719,UNWIND
7735,7676,HAS_BLOCK
7676,7723,FLOW
7676,7719,FLOW
7676,7719,UNWIND
7735,7678,HAS_BLOCK
7678,7679,FLOW
7678,7719,FLOW
7678,7719,UNWIND
7735,7679,HAS_BLOCK
7679,7687,FLOW
7679,7680,FLOW
7735,7680,HAS_BLOCK
7680,7682,FLOW
7680,7719,FLOW
7680,7719,UNWIND
7735,7682,HAS_BLOCK
7682,7684,FLOW
7682,7719,FLOW
7682,7719,UNWIND
7735,7684,HAS_BLOCK
7684,7686,FLOW
7684,7719,FLOW
7684,7719,UNWIND
7735,7686,HAS_BLOCK
7686,7715,FLOW
7735,7687,HAS_BLOCK
7687,7689,FLOW
7687,7719,FLOW
7687,7719,UNWIND
7735,7689,HAS_BLOCK
7689,7690,FLOW
7689,7719,FLOW
7689,7719,UNWIND
7735,7690,HAS_BLOCK
7690,7694,FLOW
7690,7719,FLOW
7690,7719,UNWIND
7735,7694,HAS_BLOCK
7694,7696,FLOW
7694,7718,FLOW
7694,7718,UNWIND
7735,7696,HAS_BLOCK
7696,7698,FLOW
7696,7718,FLOW
7696,7718,UNWIND
7735,7698,HAS_BLOCK
7698,7700,FLOW
7698,7718,FLOW
7698,7718,UNWIND
7735,7700,HAS_BLOCK
7700,7701,FLOW
7735,7701,HAS_BLOCK
7701,7703,FLOW
7701,7718,FLOW
7701,7718,UNWIND
7735,7703,HAS_BLOCK
7703,7705,FLOW
7703,7704,FLOW
7703,7708,FLOW
7735,7704,HAS_BLOCK
7704,7706,FLOW
7704,7718,FLOW
7704,7718,UNWIND
7735,7705,HAS_BLOCK
7705,7714,FLOW
7705,7720,FLOW
7705,7720,UNWIND
7735,7706,HAS_BLOCK
7706,7707,FLOW
7706,7718,FLOW
7706,7718,UNWIND
7735,7707,HAS_BLOCK
7707,7709,FLOW
7707,7718,FLOW
7707,7718,UNWIND
7735,7709,HAS_BLOCK
7709,7710,FLOW
7709,7718,FLOW
7709,7718,UNWIND
7735,7710,HAS_BLOCK
7710,7712,FLOW
7710,7718,FLOW
7710,7718,UNWIND
7735,7712,HAS_BLOCK
7712,7724,FLOW
7712,7718,FLOW
7712,7718,UNWIND
7735,7714,HAS_BLOCK
7714,7717,FLOW
7735,7715,HAS_BLOCK
7715,7716,FLOW
7715,7720,FLOW
7715,7720,UNWIND
7735,7716,HAS_BLOCK
7716,7717,FLOW
7735,7717,HAS_BLOCK
7717,7735,RETURN
7735,7718,HAS_BLOCK
7718,7719,FLOW
7735,7719,HAS_BLOCK
7719,7720,FLOW
7735,7720,HAS_BLOCK
7720,7722,FLOW
7735,7722,HAS_BLOCK
7735,7723,HAS_BLOCK
7723,7715,FLOW
7735,7724,HAS_BLOCK
7724,7701,FLOW
8101,8102,HAS_FIELD
8118,8120,HAS_FIELD
8118,8119,HAS_FIELD
8109,8113,HAS_FIELD
8109,8114,HAS_FIELD
8109,8111,HAS_FIELD
8109,8112,HAS_FIELD
8109,8110,HAS_FIELD
8473,8474,HAS_PARAM
8473,8475,HAS_PARAM
8473,8195,HAS_BLOCK
8195,8197,FLOW
8473,8197,HAS_BLOCK
8197,8336,FLOW
8197,8315,FLOW
8473,8315,HAS_BLOCK
8315,8355,FLOW
8473,8336,HAS_BLOCK
8336,8265,FLOW
8473,8355,HAS_BLOCK
8355,8377,FLOW
8473,8377,HAS_BLOCK
8377,8415,FLOW
8377,8434,FLOW
8377,8396,FLOW
8473,8396,HAS_BLOCK
8473,8415,HAS_BLOCK
8415,8454,FLOW
8415,8276,FLOW
8415,8276,UNWIND
8473,8434,HAS_BLOCK
8434,8265,FLOW
8473,8454,HAS_BLOCK
8454,8198,FLOW
8454,8276,FLOW
8454,8276,UNWIND
8473,8198,HAS_BLOCK
8198,8215,FLOW
8198,8302,FLOW
8198,8302,UNWIND
8473,8215,HAS_BLOCK
8215,8236,FLOW
8215,8302,FLOW
8215,8302,UNWIND
8473,8236,HAS_BLOCK
8236,8253,FLOW
8236,8274,FLOW
8236,8274,UNWIND
8473,8253,HAS_BLOCK
8253,8275,FLOW
8253,8264,FLOW
8473,8264,HAS_BLOCK
8264,8262,FLOW
8473,8275,HAS_BLOCK
8275,8287,FLOW
8275,8274,FLOW
8275,8274,UNWIND
8473,8287,HAS_BLOCK
8287,8299,FLOW
8287,8274,FLOW
8287,8274,UNWIND
8287,9073,CALL
8473,8299,HAS_BLOCK
8299,8311,FLOW
8299,8274,FLOW
8299,8274,UNWIND
8473,8311,HAS_BLOCK
8311,8313,FLOW
8311,8316,FLOW
8311,8396,FLOW
8473,8313,HAS_BLOCK
8313,8318,FLOW
8313,8300,FLOW
8313,8300,UNWIND
8473,8316,HAS_BLOCK
8316,8303,FLOW
8316,8274,FLOW
8316,8274,UNWIND
8473,8318,HAS_BLOCK
8318,8320,FLOW
8318,8300,FLOW
8318,8300,UNWIND
8318,8955,CALL
8473,8320,HAS_BLOCK
8320,8322,FLOW
8320,8300,FLOW
8320,8300,UNWIND
8473,8322,HAS_BLOCK
8322,8323,FLOW
8322,8325,FLOW
8322,8396,FLOW
8473,8323,HAS_BLOCK
8323,8327,FLOW
8323,8296,FLOW
8323,8296,UNWIND
8473,8325,HAS_BLOCK
8325,8304,FLOW
8325,8300,FLOW
8325,8300,UNWIND
8473,8327,HAS_BLOCK
8327,8329,FLOW
8327,8296,FLOW
8327,8296,UNWIND
8473,8329,HAS_BLOCK
8329,8331,FLOW
8329,8296,FLOW
8329,8296,UNWIND
8473,8331,HAS_BLOCK
8331,8333,FLOW
8331,8296,FLOW
8331,8296,UNWIND
8473,8333,HAS_BLOCK
8333,8337,FLOW
8333,8296,FLOW
8333,8296,UNWIND
8473,8337,HAS_BLOCK
8337,8339,FLOW
8337,8296,FLOW
8337,8296,UNWIND
8473,8339,HAS_BLOCK
8339,8341,FLOW
8339,8296,FLOW
8339,8296,UNWIND
8473,8341,HAS_BLOCK
8341,8343,FLOW
8341,8273,FLOW
8341,8273,UNWIND
8473,8343,HAS_BLOCK
8343,8345,FLOW
8343,8272,FLOW
8343,8272,UNWIND
8473,8345,HAS_BLOCK
8345,8347,FLOW
8345,8272,FLOW
8345,8272,UNWIND
8473,8347,HAS_BLOCK
8347,8349,FLOW
8347,8272,FLOW
8347,8272,UNWIND
8473,8349,HAS_BLOCK
8349,8351,FLOW
8349,8272,FLOW
8349,8272,UNWIND
8473,8351,HAS_BLOCK
8351,8352,FLOW
8473,8352,HAS_BLOCK
8352,8354,FLOW
8352,8272,FLOW
8352,8272,UNWIND
8473,8354,HAS_BLOCK
8354,8358,FLOW
8354,8356,FLOW
8354,8396,FLOW
8473,8356,HAS_BLOCK
8356,8360,FLOW
8356,8272,FLOW
8356,8272,UNWIND
8356,8869,CALL
8473,8358,HAS_BLOCK
8358,8394,FLOW
8358,8272,FLOW
8358,8272,UNWIND
8473,8360,HAS_BLOCK
8360,8362,FLOW
8360,8294,FLOW
8360,8294,UNWIND
8473,8362,HAS_BLOCK
8362,8364,FLOW
8362,8294,FLOW
8362,8294,UNWIND
8473,8364,HAS_BLOCK
8364,8366,FLOW
8364,8294,FLOW
8364,8294,UNWIND
8473,8366,HAS_BLOCK
8366,8368,FLOW
8366,8291,FLOW
8366,8291,UNWIND
8473,8368,HAS_BLOCK
8368,8370,FLOW
8368,8291,FLOW
8368,8291,UNWIND
8473,8370,HAS_BLOCK
8370,8372,FLOW
8370,8291,FLOW
8370,8291,UNWIND
8473,8372,HAS_BLOCK
8372,8374,FLOW
8372,8291,FLOW
8372,8291,UNWIND
8473,8374,HAS_BLOCK
8374,8378,FLOW
8374,8291,FLOW
8374,8291,UNWIND
8473,8378,HAS_BLOCK
8378,8380,FLOW
8378,8291,FLOW
8378,8291,UNWIND
8473,8380,HAS_BLOCK
8380,8382,FLOW
8380,8291,FLOW
8380,8291,UNWIND
8473,8382,HAS_BLOCK
8382,8384,FLOW
8382,8291,FLOW
8382,8291,UNWIND
8473,8384,HAS_BLOCK
8384,8386,FLOW
8384,8291,FLOW
8384,8291,UNWIND
8473,8386,HAS_BLOCK
8386,8388,FLOW
8386,8289,FLOW
8386,8289,UNWIND
8473,8388,HAS_BLOCK
8388,8390,FLOW
8388,8289,FLOW
8388,8289,UNWIND
8473,8390,HAS_BLOCK
8390,8391,FLOW
8390,8393,FLOW
8390,8396,FLOW
8473,8391,HAS_BLOCK
8391,8305,FLOW
8391,8289,FLOW
8391,8289,UNWIND
8473,8393,HAS_BLOCK
8393,8352,FLOW
8473,8394,HAS_BLOCK
8394,8397,FLOW
8394,8285,FLOW
8394,8285,UNWIND
8473,8397,HAS_BLOCK
8397,8398,FLOW
8473,8398,HAS_BLOCK
8398,8400,FLOW
8398,8285,FLOW
8398,8285,UNWIND
8473,8400,HAS_BLOCK
8400,8403,FLOW
8400,8401,FLOW
8400,8396,FLOW
8473,8401,HAS_BLOCK
8401,8405,FLOW
8401,8285,FLOW
8401,8285,UNWIND
8473,8403,HAS_BLOCK
8403,8208,FLOW
8403,8285,FLOW
8403,8285,UNWIND
8473,8405,HAS_BLOCK
8405,8407,FLOW
8405,8285,FLOW
8405,8285,UNWIND
8405,8615,CALL
8473,8407,HAS_BLOCK
8407,8409,FLOW
8407,8271,FLOW
8407,8271,UNWIND
8473,8409,HAS_BLOCK
8409,8411,FLOW
8409,8271,FLOW
8409,8271,UNWIND
8409,8615,CALL
8473,8411,HAS_BLOCK
8411,8413,FLOW
8411,8271,FLOW
8411,8271,UNWIND
8473,8413,HAS_BLOCK
8413,8416,FLOW
8413,8271,FLOW
8413,8271,UNWIND
8473,8416,HAS_BLOCK
8416,8443,FLOW
8416,8417,FLOW
8473,8417,HAS_BLOCK
8417,8419,FLOW
8417,8271,FLOW
8417,8271,UNWIND
8473,8419,HAS_BLOCK
8419,8421,FLOW
8419,8271,FLOW
8419,8271,UNWIND
8419,8655,CALL
8473,8421,HAS_BLOCK
8421,8423,FLOW
8421,8270,FLOW
8421,8270,UNWIND
8473,8423,HAS_BLOCK
8423,8425,FLOW
8423,8270,FLOW
8423,8270,UNWIND
8423,8593,CALL
8473,8425,HAS_BLOCK
8425,8427,FLOW
8425,8270,FLOW
8425,8270,UNWIND
8473,8427,HAS_BLOCK
8427,8429,FLOW
8427,8270,FLOW
8427,8270,UNWIND
8473,8429,HAS_BLOCK
8429,8431,FLOW
8429,8270,FLOW
8429,8270,UNWIND
8473,8431,HAS_BLOCK
8431,8435,FLOW
8431,8432,FLOW
8473,8432,HAS_BLOCK
8432,8442,FLOW
8473,8435,HAS_BLOCK
8435,8437,FLOW
8435,8270,FLOW
8435,8270,UNWIND
8473,8437,HAS_BLOCK
8437,8439,FLOW
8437,8270,FLOW
8437,8270,UNWIND
8473,8439,HAS_BLOCK
8439,8441,FLOW
8439,8270,FLOW
8439,8270,UNWIND
8473,8441,HAS_BLOCK
8441,8442,FLOW
8473,8442,HAS_BLOCK
8442,8451,FLOW
8442,8271,FLOW
8442,8271,UNWIND
8473,8443,HAS_BLOCK
8443,8445,FLOW
8443,8271,FLOW
8443,8271,UNWIND
8473,8445,HAS_BLOCK
8445,8447,FLOW
8445,8271,FLOW
8445,8271,UNWIND
8473,8447,HAS_BLOCK
8447,8449,FLOW
8447,8271,FLOW
8447,8271,UNWIND
8473,8449,HAS_BLOCK
8449,8306,FLOW
8449,8271,FLOW
8449,8271,UNWIND
8473,8451,HAS_BLOCK
8451,8455,FLOW
8451,8271,FLOW
8451,8271,UNWIND
8473,8455,HAS_BLOCK
8455,8457,FLOW
8455,8271,FLOW
8455,8271,UNWIND
8455,8615,CALL
8473,8457,HAS_BLOCK
8457,8458,FLOW
8457,8460,FLOW
8457,8396,FLOW
8473,8458,HAS_BLOCK
8458,8307,FLOW
8458,8283,FLOW
8458,8283,UNWIND
8473,8460,HAS_BLOCK
8460,8462,FLOW
8460,8283,FLOW
8460,8283,UNWIND
8473,8462,HAS_BLOCK
8462,8470,FLOW
8462,8463,FLOW
8473,8463,HAS_BLOCK
8463,8465,FLOW
8463,8283,FLOW
8463,8283,UNWIND
8473,8465,HAS_BLOCK
8465,8467,FLOW
8465,8283,FLOW
8465,8283,UNWIND
8465,8593,CALL
8473,8467,HAS_BLOCK
8467,8468,FLOW
8467,8206,FLOW
8467,8396,FLOW
8473,8468,HAS_BLOCK
8468,8308,FLOW
8468,8283,FLOW
8468,8283,UNWIND
8473,8470,HAS_BLOCK
8470,8199,FLOW
8470,8283,FLOW
8470,8283,UNWIND
8473,8199,HAS_BLOCK
8199,8200,FLOW
8473,8200,HAS_BLOCK
8200,8202,FLOW
8200,8269,FLOW
8200,8269,UNWIND
8473,8202,HAS_BLOCK
8202,8205,FLOW
8202,8203,FLOW
8202,8396,FLOW
8473,8203,HAS_BLOCK
8203,8309,FLOW
8203,8269,FLOW
8203,8269,UNWIND
8473,8205,HAS_BLOCK
8205,8206,FLOW
8205,8283,FLOW
8205,8283,UNWIND
8473,8206,HAS_BLOCK
8206,8207,FLOW
8206,8278,FLOW
8473,8207,HAS_BLOCK
8207,8398,FLOW
8207,8285,FLOW
8207,8285,UNWIND
8473,8208,HAS_BLOCK
8208,8210,FLOW
8208,8285,FLOW
8208,8285,UNWIND
8473,8210,HAS_BLOCK
8210,8212,FLOW
8210,8285,FLOW
8210,8285,UNWIND
8473,8212,HAS_BLOCK
8212,8216,FLOW
8212,8285,FLOW
8212,8285,UNWIND
8212,7584,CALL
8473,8216,HAS_BLOCK
8216,8218,FLOW
8216,8281,FLOW
8216,8281,UNWIND
8473,8218,HAS_BLOCK
8218,8220,FLOW
8218,8281,FLOW
8218,8281,UNWIND
8473,8220,HAS_BLOCK
8220,8222,FLOW
8220,8281,FLOW
8220,8281,UNWIND
8473,8222,HAS_BLOCK
8222,8224,FLOW
8222,8268,FLOW
8222,8268,UNWIND
8473,8224,HAS_BLOCK
8224,8226,FLOW
8224,8268,FLOW
8224,8268,UNWIND
8473,8226,HAS_BLOCK
8226,8228,FLOW
8226,8268,FLOW
8226,8268,UNWIND
8473,8228,HAS_BLOCK
8228,8230,FLOW
8228,8267,FLOW
8228,8267,UNWIND
8228,8097,CALL
8473,8230,HAS_BLOCK
8230,8232,FLOW
8230,8267,FLOW
8230,8267,UNWIND
8473,8232,HAS_BLOCK
8232,8233,FLOW
8232,8237,FLOW
8232,8396,FLOW
8473,8233,HAS_BLOCK
8233,8239,FLOW
8233,8267,FLOW
8233,8267,UNWIND
8233,8544,CALL
8473,8237,HAS_BLOCK
8237,8312,FLOW
8237,8267,FLOW
8237,8267,UNWIND
8473,8239,HAS_BLOCK
8239,8241,FLOW
8239,8266,FLOW
8239,8266,UNWIND
8473,8241,HAS_BLOCK
8241,8243,FLOW
8241,8266,FLOW
8241,8266,UNWIND
8241,9132,CALL
8473,8243,HAS_BLOCK
8243,8245,FLOW
8243,8266,FLOW
8243,8266,UNWIND
8473,8245,HAS_BLOCK
8245,8246,FLOW
8245,8247,FLOW
8245,8396,FLOW
8473,8246,HAS_BLOCK
8246,8250,FLOW
8246,8267,FLOW
8246,8267,UNWIND
8473,8247,HAS_BLOCK
8247,8249,FLOW
8247,8266,FLOW
8247,8266,UNWIND
8473,8249,HAS_BLOCK
8249,8257,FLOW
8249,8267,FLOW
8249,8267,UNWIND
8473,8250,HAS_BLOCK
8250,8251,FLOW
8250,8281,FLOW
8250,8281,UNWIND
8473,8251,HAS_BLOCK
8251,8254,FLOW
8251,8273,FLOW
8251,8273,UNWIND
8473,8254,HAS_BLOCK
8254,8255,FLOW
8254,8296,FLOW
8254,8296,UNWIND
8473,8255,HAS_BLOCK
8255,8256,FLOW
8255,8276,FLOW
8255,8276,UNWIND
8473,8256,HAS_BLOCK
8256,8265,FLOW
8473,8257,HAS_BLOCK
8257,8258,FLOW
8257,8281,FLOW
8257,8281,UNWIND
8473,8258,HAS_BLOCK
8258,8259,FLOW
8258,8273,FLOW
8258,8273,UNWIND
8473,8259,HAS_BLOCK
8259,8260,FLOW
8259,8296,FLOW
8259,8296,UNWIND
8473,8260,HAS_BLOCK
8260,8261,FLOW
8260,8279,FLOW
8473,8261,HAS_BLOCK
8261,8262,FLOW
8473,8262,HAS_BLOCK
8262,8263,FLOW
8262,8276,FLOW
8262,8276,UNWIND
8473,8263,HAS_BLOCK
8263,8265,FLOW
8473,8265,HAS_BLOCK
8265,8473,RETURN
8473,8266,HAS_BLOCK
8266,8267,FLOW
8473,8267,HAS_BLOCK
8267,8281,FLOW
8473,8268,HAS_BLOCK
8268,8281,FLOW
8473,8269,HAS_BLOCK
8269,8283,FLOW
8473,8270,HAS_BLOCK
8270,8271,FLOW
8473,8271,HAS_BLOCK
8271,8285,FLOW
8473,8272,HAS_BLOCK
8272,8273,FLOW
8473,8273,HAS_BLOCK
8273,8296,FLOW
8473,8274,HAS_BLOCK
8274,8276,FLOW
8473,8276,HAS_BLOCK
8276,8277,FLOW
8473,8277,HAS_BLOCK
8473,8278,HAS_BLOCK
8278,8207,FLOW
8278,8271,FLOW
8278,8271,UNWIND
8473,8279,HAS_BLOCK
8279,8261,FLOW
8279,8274,FLOW
8279,8274,UNWIND
8473,8280,HAS_BLOCK
8280,8285,FLOW
8473,8281,HAS_BLOCK
8281,8285,FLOW
8281,8280,FLOW
8473,8282,HAS_BLOCK
8282,8271,FLOW
8473,8283,HAS_BLOCK
8283,8271,FLOW
8283,8282,FLOW
8473,8284,HAS_BLOCK
8284,8272,FLOW
8473,8285,HAS_BLOCK
8285,8272,FLOW
8285,8284,FLOW
8473,8288,HAS_BLOCK
8288,8291,FLOW
8473,8289,HAS_BLOCK
8289,8291,FLOW
8289,8288,FLOW
8473,8290,HAS_BLOCK
8290,8294,FLOW
8473,8291,HAS_BLOCK
8291,8294,FLOW
8291,8290,FLOW
8473,8292,HAS_BLOCK
8292,8272,FLOW
8292,8293,FLOW
8473,8293,HAS_BLOCK
8293,8272,FLOW
8473,8294,HAS_BLOCK
8294,8292,FLOW
8294,8272,FLOW
8473,8295,HAS_BLOCK
8295,8300,FLOW
8473,8296,HAS_BLOCK
8296,8300,FLOW
8296,8295,FLOW
8473,8297,HAS_BLOCK
8297,8274,FLOW
8473,8300,HAS_BLOCK
8300,8274,FLOW
8300,8297,FLOW
8473,8301,HAS_BLOCK
8301,8276,FLOW
8473,8302,HAS_BLOCK
8302,8276,FLOW
8302,8301,FLOW
8473,8303,HAS_BLOCK
8303,8261,FLOW
8473,8304,HAS_BLOCK
8304,8260,FLOW
8473,8305,HAS_BLOCK
8305,8393,FLOW
8473,8306,HAS_BLOCK
8306,8451,FLOW
8473,8307,HAS_BLOCK
8307,8460,FLOW
8473,8308,HAS_BLOCK
8308,8206,FLOW
8473,8309,HAS_BLOCK
8309,8200,FLOW
8473,8312,HAS_BLOCK
8312,8257,FLOW
9132,9133,HAS_PARAM
9132,9134,HAS_PARAM
9132,9075,HAS_BLOCK
9075,9077,FLOW
9132,9077,HAS_BLOCK
9077,9095,FLOW
9077,9118,FLOW
9077,9118,UNWIND
9132,9095,HAS_BLOCK
9095,9108,FLOW
9095,9106,FLOW
9095,9106,UNWIND
9132,9108,HAS_BLOCK
9108,9120,FLOW
9108,9116,FLOW
9108,9116,UNWIND
9132,9120,HAS_BLOCK
9120,9123,FLOW
9120,9116,FLOW
9120,9116,UNWIND
9132,9123,HAS_BLOCK
9123,9125,FLOW
9123,9116,FLOW
9123,9116,UNWIND
9132,9125,HAS_BLOCK
9125,9126,FLOW
9125,9106,FLOW
9125,9106,UNWIND
9132,9126,HAS_BLOCK
9126,9128,FLOW
9126,9106,FLOW
9126,9106,UNWIND
9132,9128,HAS_BLOCK
9128,9130,FLOW
9128,9114,FLOW
9128,9114,UNWIND
9132,9130,HAS_BLOCK
9130,9078,FLOW
9130,9114,FLOW
9130,9114,UNWIND
9132,9078,HAS_BLOCK
9078,9080,FLOW
9078,9114,FLOW
9078,9114,UNWIND
9132,9080,HAS_BLOCK
9080,9081,FLOW
9080,9106,FLOW
9080,9106,UNWIND
9132,9081,HAS_BLOCK
9081,9083,FLOW
9081,9104,FLOW
9081,9104,UNWIND
9132,9083,HAS_BLOCK
9083,9085,FLOW
9083,9104,FLOW
9083,9104,UNWIND
9132,9085,HAS_BLOCK
9085,9087,FLOW
9085,9089,FLOW
9085,9086,FLOW
9132,9086,HAS_BLOCK
9132,9087,HAS_BLOCK
9087,9092,FLOW
9087,9112,FLOW
9087,9112,UNWIND
9132,9089,HAS_BLOCK
9089,9091,FLOW
9089,9112,FLOW
9089,9112,UNWIND
9132,9091,HAS_BLOCK
9091,9101,FLOW
9091,9105,FLOW
9091,9105,UNWIND
9132,9092,HAS_BLOCK
9092,9096,FLOW
9092,9105,FLOW
9092,9105,UNWIND
9132,9096,HAS_BLOCK
9096,9097,FLOW
9096,9098,FLOW
9096,9086,FLOW
9132,9097,HAS_BLOCK
9097,9100,FLOW
9097,9118,FLOW
9097,9118,UNWIND
9132,9098,HAS_BLOCK
9098,9121,FLOW
9098,9105,FLOW
9098,9105,UNWIND
9132,9100,HAS_BLOCK
9100,9103,FLOW
9132,9101,HAS_BLOCK
9101,9110,FLOW
9132,9102,HAS_BLOCK
9102,9103,FLOW
9132,9103,HAS_BLOCK
9103,9132,RETURN
9132,9104,HAS_BLOCK
9104,9105,FLOW
9132,9105,HAS_BLOCK
9105,9118,FLOW
9132,9106,HAS_BLOCK
9106,9118,FLOW
9132,9109,HAS_BLOCK
9132,9110,HAS_BLOCK
9110,9102,FLOW
9110,9118,FLOW
9110,9118,UNWIND
9132,9111,HAS_BLOCK
9111,9105,FLOW
9132,9112,HAS_BLOCK
9112,9105,FLOW
9112,9111,FLOW
9132,9113,HAS_BLOCK
9113,9106,FLOW
9132,9114,HAS_BLOCK
9114,9106,FLOW
9114,9113,FLOW
9132,9115,HAS_BLOCK
9115,9106,FLOW
9132,9116,HAS_BLOCK
9116,9106,FLOW
9116,9115,FLOW
9132,9117,HAS_BLOCK
9117,9109,FLOW
9132,9118,HAS_BLOCK
9118,9109,FLOW
9118,9117,FLOW
9132,9121,HAS_BLOCK
9121,9110,FLOW
8544,8545,HAS_PARAM
8544,8476,HAS_BLOCK
8476,8478,FLOW
8544,8478,HAS_BLOCK
8478,8495,FLOW
8478,8535,FLOW
8478,8535,UNWIND
8544,8495,HAS_BLOCK
8495,8512,FLOW
8544,8512,HAS_BLOCK
8512,8529,FLOW
8512,8535,FLOW
8512,8535,UNWIND
8544,8529,HAS_BLOCK
8529,8540,FLOW
8529,8539,FLOW
8529,8538,FLOW
8544,8538,HAS_BLOCK
8544,8539,HAS_BLOCK
8539,8543,FLOW
8539,8542,FLOW
8544,8540,HAS_BLOCK
8540,8482,FLOW
8540,8535,FLOW
8540,8535,UNWIND
8544,8542,HAS_BLOCK
8542,8479,FLOW
8544,8543,HAS_BLOCK
8543,8479,FLOW
8544,8479,HAS_BLOCK
8479,8512,FLOW
8479,8480,FLOW
8544,8480,HAS_BLOCK
8480,8536,FLOW
8480,8535,FLOW
8480,8535,UNWIND
8544,8482,HAS_BLOCK
8482,8484,FLOW
8482,8533,FLOW
8482,8533,UNWIND
8544,8484,HAS_BLOCK
8484,8485,FLOW
8544,8485,HAS_BLOCK
8485,8487,FLOW
8485,8530,FLOW
8485,8530,UNWIND
8544,8487,HAS_BLOCK
8487,8490,FLOW
8487,8488,FLOW
8487,8538,FLOW
8544,8488,HAS_BLOCK
8488,8491,FLOW
8488,8530,FLOW
8488,8530,UNWIND
8544,8490,HAS_BLOCK
8490,8497,FLOW
8490,8533,FLOW
8490,8533,UNWIND
8544,8491,HAS_BLOCK
8491,8493,FLOW
8491,8530,FLOW
8491,8530,UNWIND
8544,8493,HAS_BLOCK
8493,8496,FLOW
8493,8530,FLOW
8493,8530,UNWIND
8544,8496,HAS_BLOCK
8496,8485,FLOW
8544,8497,HAS_BLOCK
8497,8499,FLOW
8497,8533,FLOW
8497,8533,UNWIND
8544,8499,HAS_BLOCK
8499,8501,FLOW
8499,8527,FLOW
8499,8527,UNWIND
8544,8501,HAS_BLOCK
8501,8502,FLOW
8544,8502,HAS_BLOCK
8502,8504,FLOW
8502,8526,FLOW
8502,8526,UNWIND
8544,8504,HAS_BLOCK
8504,8507,FLOW
8504,8505,FLOW
8504,8538,FLOW
8544,8505,HAS_BLOCK
8505,8508,FLOW
8505,8526,FLOW
8505,8526,UNWIND
8544,8507,HAS_BLOCK
8507,8520,FLOW
8507,8527,FLOW
8507,8527,UNWIND
8544,8508,HAS_BLOCK
8508,8510,FLOW
8508,8526,FLOW
8508,8526,UNWIND
8544,8510,HAS_BLOCK
8510,8513,FLOW
8510,8526,FLOW
8510,8526,UNWIND
8544,8513,HAS_BLOCK
8513,8514,FLOW
8513,8502,FLOW
8513,8538,FLOW
8544,8514,HAS_BLOCK
8514,8516,FLOW
8514,8526,FLOW
8514,8526,UNWIND
8544,8516,HAS_BLOCK
8516,8518,FLOW
8516,8525,FLOW
8516,8525,UNWIND
8544,8518,HAS_BLOCK
8518,8537,FLOW
8518,8526,FLOW
8518,8526,UNWIND
8544,8520,HAS_BLOCK
8520,8522,FLOW
8520,8527,FLOW
8520,8527,UNWIND
8544,8522,HAS_BLOCK
8522,8524,FLOW
8522,8527,FLOW
8522,8527,UNWIND
8544,8524,HAS_BLOCK
8524,8544,RETURN
8544,8525,HAS_BLOCK
8525,8526,FLOW
8544,8526,HAS_BLOCK
8526,8527,FLOW
8544,8527,HAS_BLOCK
8527,8533,FLOW
8544,8530,HAS_BLOCK
8530,8533,FLOW
8544,8531,HAS_BLOCK
8544,8532,HAS_BLOCK
8532,8535,FLOW
8544,8533,HAS_BLOCK
8533,8535,FLOW
8533,8532,FLOW
8544,8534,HAS_BLOCK
8534,8531,FLOW
8544,8535,HAS_BLOCK
8535,8531,FLOW
8535,8534,FLOW
8544,8536,HAS_BLOCK
8536,8512,FLOW
8544,8537,HAS_BLOCK
8537,8502,FLOW
8103,8106,HAS_FIELD
8103,8108,HAS_FIELD
8103,8107,HAS_FIELD
8103,8105,HAS_FIELD
8103,8104,HAS_FIELD
8869,8870,HAS_PARAM
8869,8805,HAS_BLOCK
8805,8807,FLOW
8869,8807,HAS_BLOCK
8807,8828,FLOW
8869,8828,HAS_BLOCK
8828,8858,FLOW
8828,8860,FLOW
8828,8849,FLOW
8869,8849,HAS_BLOCK
8869,8858,HAS_BLOCK
8858,8862,FLOW
8869,8860,HAS_BLOCK
8860,8855,FLOW
8869,8862,HAS_BLOCK
8862,8864,FLOW
8869,8864,HAS_BLOCK
8864,8865,FLOW
8864,8867,FLOW
8864,8849,FLOW
8869,8865,HAS_BLOCK
8865,8808,FLOW
8869,8867,HAS_BLOCK
8867,8855,FLOW
8869,8808,HAS_BLOCK
8808,8810,FLOW
8869,8810,HAS_BLOCK
8810,8812,FLOW
8869,8812,HAS_BLOCK
8812,8814,FLOW
8869,8814,HAS_BLOCK
8814,8816,FLOW
8869,8816,HAS_BLOCK
8816,8817,FLOW
8816,8819,FLOW
8816,8849,FLOW
8869,8817,HAS_BLOCK
8817,8821,FLOW
8869,8819,HAS_BLOCK
8819,8855,FLOW
8869,8821,HAS_BLOCK
8821,8823,FLOW
8869,8823,HAS_BLOCK
8823,8825,FLOW
8869,8825,HAS_BLOCK
8825,8829,FLOW
8869,8829,HAS_BLOCK
8829,8831,FLOW
8829,8856,FLOW
8829,8856,UNWIND
8869,8831,HAS_BLOCK
8831,8833,FLOW
8831,8856,FLOW
8831,8856,UNWIND
8869,8833,HAS_BLOCK
8833,8835,FLOW
8833,8856,FLOW
8833,8856,UNWIND
8869,8835,HAS_BLOCK
8835,8837,FLOW
8835,8856,FLOW
8835,8856,UNWIND
8869,8837,HAS_BLOCK
8837,8839,FLOW
8837,8856,FLOW
8837,8856,UNWIND
8869,8839,HAS_BLOCK
8839,8841,FLOW
8839,8856,FLOW
8839,8856,UNWIND
8869,8841,HAS_BLOCK
8841,8843,FLOW
8841,8856,FLOW
8841,8856,UNWIND
8869,8843,HAS_BLOCK
8843,8845,FLOW
8843,8856,FLOW
8843,8856,UNWIND
8869,8845,HAS_BLOCK
8845,8847,FLOW
8845,8856,FLOW
8845,8856,UNWIND
8869,8847,HAS_BLOCK
8847,8850,FLOW
8847,8856,FLOW
8847,8856,UNWIND
8869,8850,HAS_BLOCK
8850,8852,FLOW
8850,8856,FLOW
8850,8856,UNWIND
8869,8852,HAS_BLOCK
8852,8854,FLOW
8852,8856,FLOW
8852,8856,UNWIND
8869,8854,HAS_BLOCK
8854,8855,FLOW
8869,8855,HAS_BLOCK
8855,8869,RETURN
8869,8856,HAS_BLOCK
8856,8857,FLOW
8869,8857,HAS_BLOCK
8615,8616,HAS_PARAM
8615,8617,HAS_PARAM
8615,8618,HAS_PARAM
8615,8597,HAS_BLOCK
8597,8599,FLOW
8615,8599,HAS_BLOCK
8599,8602,FLOW
8599,8655,CALL
8615,8602,HAS_BLOCK
8602,8604,FLOW
8602,8614,FLOW
8602,8614,UNWIND
8615,8604,HAS_BLOCK
8604,8606,FLOW
8604,8614,FLOW
8604,8614,UNWIND
8615,8606,HAS_BLOCK
8606,8608,FLOW
8606,8614,FLOW
8606,8614,UNWIND
8615,8608,HAS_BLOCK
8608,8610,FLOW
8608,8614,FLOW
8608,8614,UNWIND
8615,8610,HAS_BLOCK
8610,8612,FLOW
8610,8614,FLOW
8610,8614,UNWIND
8615,8612,HAS_BLOCK
8612,8613,FLOW
8615,8613,HAS_BLOCK
8613,8615,RETURN
8615,8614,HAS_BLOCK
8614,8600,FLOW
8615,8600,HAS_BLOCK
8593,8594,HAS_PARAM
8593,8595,HAS_PARAM
8593,8596,HAS_PARAM
8593,8560,HAS_BLOCK
8560,8562,FLOW
8593,8562,HAS_BLOCK
8562,8578,FLOW
8562,8655,CALL
8593,8578,HAS_BLOCK
8578,8581,FLOW
8578,8576,FLOW
8578,8576,UNWIND
8593,8581,HAS_BLOCK
8581,8583,FLOW
8581,8576,FLOW
8581,8576,UNWIND
8593,8583,HAS_BLOCK
8583,8585,FLOW
8583,8576,FLOW
8583,8576,UNWIND
8593,8585,HAS_BLOCK
8585,8587,FLOW
8585,8576,FLOW
8585,8576,UNWIND
8593,8587,HAS_BLOCK
8587,8589,FLOW
8587,8575,FLOW
8587,8575,UNWIND
8593,8589,HAS_BLOCK
8589,8591,FLOW
8589,8590,FLOW
8593,8590,HAS_BLOCK
8590,8573,FLOW
8590,8576,FLOW
8590,8576,UNWIND
8593,8591,HAS_BLOCK
8591,8563,FLOW
8591,8575,FLOW
8591,8575,UNWIND
8593,8563,HAS_BLOCK
8563,8565,FLOW
8563,8575,FLOW
8563,8575,UNWIND
8593,8565,HAS_BLOCK
8565,8567,FLOW
8565,8575,FLOW
8565,8575,UNWIND
8593,8567,HAS_BLOCK
8567,8569,FLOW
8567,8575,FLOW
8567,8575,UNWIND
8593,8569,HAS_BLOCK
8569,8571,FLOW
8569,8575,FLOW
8569,8575,UNWIND
8593,8571,HAS_BLOCK
8571,8572,FLOW
8571,8576,FLOW
8571,8576,UNWIND
8593,8572,HAS_BLOCK
8572,8574,FLOW
8593,8573,HAS_BLOCK
8573,8574,FLOW
8593,8574,HAS_BLOCK
8574,8593,RETURN
8593,8575,HAS_BLOCK
8575,8576,FLOW
8593,8576,HAS_BLOCK
8576,8579,FLOW
8593,8579,HAS_BLOCK
8557,8558,HAS_PARAM
8557,8559,HAS_PARAM
8557,8546,HAS_BLOCK
8546,8548,FLOW
8557,8548,HAS_BLOCK
8548,8550,FLOW
8548,8549,FLOW
8557,8549,HAS_BLOCK
8549,8556,FLOW
8557,8550,HAS_BLOCK
8550,8552,FLOW
8557,8552,HAS_BLOCK
8552,8554,FLOW
8552,8553,FLOW
8557,8553,HAS_BLOCK
8553,8556,FLOW
8557,8554,HAS_BLOCK
8554,8556,FLOW
8557,8556,HAS_BLOCK
8556,8557,RETURN
8655,8656,HAS_PARAM
8655,8619,HAS_BLOCK
8619,8621,FLOW
8655,8621,HAS_BLOCK
8621,8638,FLOW
8621,8622,FLOW
8621,8642,FLOW
8655,8638,HAS_BLOCK
8638,8644,FLOW
8655,8644,HAS_BLOCK
8644,8645,FLOW
8655,8645,HAS_BLOCK
8645,8647,FLOW
8655,8647,HAS_BLOCK
8647,8649,FLOW
8655,8649,HAS_BLOCK
8649,8650,FLOW
8649,8622,FLOW
8649,8642,FLOW
8655,8650,HAS_BLOCK
8650,8651,FLOW
8655,8651,HAS_BLOCK
8651,8653,FLOW
8655,8653,HAS_BLOCK
8653,8641,FLOW
8655,8622,HAS_BLOCK
8622,8624,FLOW
8655,8624,HAS_BLOCK
8624,8625,FLOW
8624,8639,FLOW
8624,8642,FLOW
8655,8625,HAS_BLOCK
8625,8627,FLOW
8655,8627,HAS_BLOCK
8627,8628,FLOW
8655,8628,HAS_BLOCK
8628,8630,FLOW
8655,8630,HAS_BLOCK
8630,8632,FLOW
8655,8632,HAS_BLOCK
8632,8633,FLOW
8632,8639,FLOW
8632,8642,FLOW
8655,8633,HAS_BLOCK
8633,8634,FLOW
8655,8634,HAS_BLOCK
8634,8636,FLOW
8655,8636,HAS_BLOCK
8636,8641,FLOW
8655,8639,HAS_BLOCK
8639,8641,FLOW
8655,8641,HAS_BLOCK
8641,8655,RETURN
8655,8642,HAS_BLOCK
9073,9074,HAS_PARAM
9073,8957,HAS_BLOCK
8957,8959,FLOW
9073,8959,HAS_BLOCK
8959,8976,FLOW
9073,8976,HAS_BLOCK
8976,9013,FLOW
8976,9032,FLOW
8976,8994,FLOW
9073,8994,HAS_BLOCK
9073,9013,HAS_BLOCK
9013,9051,FLOW
9013,9058,FLOW
9013,9058,UNWIND
9073,9032,HAS_BLOCK
9032,9055,FLOW
9073,9051,HAS_BLOCK
9051,9063,FLOW
9051,9057,FLOW
9051,9057,UNWIND
9073,9063,HAS_BLOCK
9063,9069,FLOW
9063,9057,FLOW
9063,9057,UNWIND
9073,9069,HAS_BLOCK
9069,9071,FLOW
9069,9057,FLOW
9069,9057,UNWIND
9073,9071,HAS_BLOCK
9071,8960,FLOW
9071,9057,FLOW
9071,9057,UNWIND
9073,8960,HAS_BLOCK
8960,8961,FLOW
9073,8961,HAS_BLOCK
8961,8963,FLOW
8961,9057,FLOW
8961,9057,UNWIND
9073,8963,HAS_BLOCK
8963,8965,FLOW
8963,8964,FLOW
8963,8994,FLOW
9073,8964,HAS_BLOCK
8964,8966,FLOW
8964,8961,FLOW
9073,8965,HAS_BLOCK
8965,9055,FLOW
9073,8966,HAS_BLOCK
8966,8968,FLOW
8966,9057,FLOW
8966,9057,UNWIND
9073,8968,HAS_BLOCK
8968,8970,FLOW
8968,9057,FLOW
8968,9057,UNWIND
9073,8970,HAS_BLOCK
8970,8971,FLOW
8970,8961,FLOW
9073,8971,HAS_BLOCK
8971,8973,FLOW
8971,9057,FLOW
8971,9057,UNWIND
9073,8973,HAS_BLOCK
8973,8977,FLOW
8973,9057,FLOW
8973,9057,UNWIND
9073,8977,HAS_BLOCK
8977,8979,FLOW
8977,9056,FLOW
8977,9056,UNWIND
9073,8979,HAS_BLOCK
8979,8987,FLOW
8979,8980,FLOW
9073,8980,HAS_BLOCK
8980,8982,FLOW
8980,9056,FLOW
8980,9056,UNWIND
9073,8982,HAS_BLOCK
8982,8984,FLOW
8982,9056,FLOW
8982,9056,UNWIND
9073,8984,HAS_BLOCK
8984,8986,FLOW
8984,9056,FLOW
8984,9056,UNWIND
9073,8986,HAS_BLOCK
8986,9052,FLOW
9073,8987,HAS_BLOCK
8987,8989,FLOW
8987,9056,FLOW
8987,9056,UNWIND
9073,8989,HAS_BLOCK
8989,8991,FLOW
8989,9056,FLOW
8989,9056,UNWIND
9073,8991,HAS_BLOCK
8991,8993,FLOW
8991,9056,FLOW
8991,9056,UNWIND
9073,8993,HAS_BLOCK
8993,8995,FLOW
8993,8997,FLOW
8993,8994,FLOW
9073,8995,HAS_BLOCK
8995,8999,FLOW
8995,9056,FLOW
8995,9056,UNWIND
9073,8997,HAS_BLOCK
8997,9064,FLOW
8997,9056,FLOW
8997,9056,UNWIND
9073,8999,HAS_BLOCK
8999,9001,FLOW
8999,9056,FLOW
8999,9056,UNWIND
8999,8803,CALL
9073,9001,HAS_BLOCK
9001,9003,FLOW
9001,9056,FLOW
9001,9056,UNWIND
9073,9003,HAS_BLOCK
9003,9004,FLOW
9003,9006,FLOW
9003,8994,FLOW
9073,9004,HAS_BLOCK
9004,9008,FLOW
9004,9056,FLOW
9004,9056,UNWIND
9073,9006,HAS_BLOCK
9006,9065,FLOW
9006,9056,FLOW
9006,9056,UNWIND
9073,9008,HAS_BLOCK
9008,9009,FLOW
9008,9056,FLOW
9008,9056,UNWIND
9073,9009,HAS_BLOCK
9009,9011,FLOW
9009,9056,FLOW
9009,9056,UNWIND
9073,9011,HAS_BLOCK
9011,9014,FLOW
9011,9056,FLOW
9011,9056,UNWIND
9073,9014,HAS_BLOCK
9014,9016,FLOW
9014,9056,FLOW
9014,9056,UNWIND
9073,9016,HAS_BLOCK
9016,9017,FLOW
9016,9019,FLOW
9016,8994,FLOW
9073,9017,HAS_BLOCK
9017,9021,FLOW
9017,9056,FLOW
9017,9056,UNWIND
9073,9019,HAS_BLOCK
9019,9066,FLOW
9019,9056,FLOW
9019,9056,UNWIND
9073,9021,HAS_BLOCK
9021,9022,FLOW
9021,9056,FLOW
9021,9056,UNWIND
9073,9022,HAS_BLOCK
9022,9024,FLOW
9022,9056,FLOW
9022,9056,UNWIND
9073,9024,HAS_BLOCK
9024,9026,FLOW
9024,9056,FLOW
9024,9056,UNWIND
9073,9026,HAS_BLOCK
9026,9028,FLOW
9026,9056,FLOW
9026,9056,UNWIND
9073,9028,HAS_BLOCK
9028,9029,FLOW
9028,9033,FLOW
9028,8994,FLOW
9073,9029,HAS_BLOCK
9029,9035,FLOW
9029,9056,FLOW
9029,9056,UNWIND
9073,9033,HAS_BLOCK
9033,9067,FLOW
9033,9056,FLOW
9033,9056,UNWIND
9073,9035,HAS_BLOCK
9035,9036,FLOW
9035,9056,FLOW
9035,9056,UNWIND
9073,9036,HAS_BLOCK
9036,9038,FLOW
9036,9056,FLOW
9036,9056,UNWIND
9073,9038,HAS_BLOCK
9038,9040,FLOW
9038,9056,FLOW
9038,9056,UNWIND
9073,9040,HAS_BLOCK
9040,9042,FLOW
9040,9061,FLOW
9040,9061,UNWIND
9073,9042,HAS_BLOCK
9042,9043,FLOW
9042,9061,FLOW
9042,9061,UNWIND
9073,9043,HAS_BLOCK
9043,9045,FLOW
9043,9061,FLOW
9043,9061,UNWIND
9073,9045,HAS_BLOCK
9045,9047,FLOW
9045,9061,FLOW
9045,9061,UNWIND
9073,9047,HAS_BLOCK
9047,9049,FLOW
9047,9061,FLOW
9047,9061,UNWIND
9073,9049,HAS_BLOCK
9049,8961,FLOW
9049,9057,FLOW
9049,9057,UNWIND
9073,9052,HAS_BLOCK
9052,9053,FLOW
9052,9057,FLOW
9052,9057,UNWIND
9073,9053,HAS_BLOCK
9053,9054,FLOW
9053,9058,FLOW
9053,9058,UNWIND
9073,9054,HAS_BLOCK
9054,9055,FLOW
9073,9055,HAS_BLOCK
9055,9073,RETURN
9073,9056,HAS_BLOCK
9056,9057,FLOW
9073,9057,HAS_BLOCK
9057,9058,FLOW
9073,9058,HAS_BLOCK
9058,9059,FLOW
9073,9059,HAS_BLOCK
9073,9060,HAS_BLOCK
9060,9056,FLOW
9073,9061,HAS_BLOCK
9061,9056,FLOW
9061,9060,FLOW
9073,9064,HAS_BLOCK
9064,9052,FLOW
9073,9065,HAS_BLOCK
9065,9052,FLOW
9073,9066,HAS_BLOCK
9066,9052,FLOW
9073,9067,HAS_BLOCK
9067,9052,FLOW
8955,8956,HAS_PARAM
8955,8871,HAS_BLOCK
8871,8873,FLOW
8955,8873,HAS_BLOCK
8873,8890,FLOW
8955,8890,HAS_BLOCK
8890,8927,FLOW
8890,8941,FLOW
8890,8908,FLOW
8955,8908,HAS_BLOCK
8955,8927,HAS_BLOCK
8927,8947,FLOW
8927,8939,FLOW
8927,8939,UNWIND
8955,8941,HAS_BLOCK
8941,8936,FLOW
8955,8947,HAS_BLOCK
8947,8949,FLOW
8947,8938,FLOW
8947,8938,UNWIND
8955,8949,HAS_BLOCK
8949,8951,FLOW
8949,8938,FLOW
8949,8938,UNWIND
8955,8951,HAS_BLOCK
8951,8953,FLOW
8951,8938,FLOW
8951,8938,UNWIND
8955,8953,HAS_BLOCK
8953,8874,FLOW
8953,8938,FLOW
8953,8938,UNWIND
8955,8874,HAS_BLOCK
8874,8875,FLOW
8955,8875,HAS_BLOCK
8875,8877,FLOW
8875,8938,FLOW
8875,8938,UNWIND
8955,8877,HAS_BLOCK
8877,8879,FLOW
8877,8878,FLOW
8877,8908,FLOW
8955,8878,HAS_BLOCK
8878,8880,FLOW
8878,8875,FLOW
8955,8879,HAS_BLOCK
8879,8936,FLOW
8955,8880,HAS_BLOCK
8880,8882,FLOW
8880,8938,FLOW
8880,8938,UNWIND
8955,8882,HAS_BLOCK
8882,8884,FLOW
8882,8938,FLOW
8882,8938,UNWIND
8955,8884,HAS_BLOCK
8884,8885,FLOW
8884,8875,FLOW
8955,8885,HAS_BLOCK
8885,8887,FLOW
8885,8938,FLOW
8885,8938,UNWIND
8955,8887,HAS_BLOCK
8887,8891,FLOW
8887,8938,FLOW
8887,8938,UNWIND
8955,8891,HAS_BLOCK
8891,8893,FLOW
8891,8937,FLOW
8891,8937,UNWIND
8955,8893,HAS_BLOCK
8893,8901,FLOW
8893,8894,FLOW
8955,8894,HAS_BLOCK
8894,8896,FLOW
8894,8937,FLOW
8894,8937,UNWIND
8955,8896,HAS_BLOCK
8896,8898,FLOW
8896,8937,FLOW
8896,8937,UNWIND
8955,8898,HAS_BLOCK
8898,8900,FLOW
8898,8937,FLOW
8898,8937,UNWIND
8955,8900,HAS_BLOCK
8900,8933,FLOW
8955,8901,HAS_BLOCK
8901,8903,FLOW
8901,8937,FLOW
8901,8937,UNWIND
8955,8903,HAS_BLOCK
8903,8905,FLOW
8903,8937,FLOW
8903,8937,UNWIND
8955,8905,HAS_BLOCK
8905,8907,FLOW
8905,8937,FLOW
8905,8937,UNWIND
8955,8907,HAS_BLOCK
8907,8909,FLOW
8907,8911,FLOW
8907,8908,FLOW
8955,8909,HAS_BLOCK
8909,8913,FLOW
8909,8937,FLOW
8909,8937,UNWIND
8955,8911,HAS_BLOCK
8911,8943,FLOW
8911,8937,FLOW
8911,8937,UNWIND
8955,8913,HAS_BLOCK
8913,8915,FLOW
8913,8937,FLOW
8913,8937,UNWIND
8955,8915,HAS_BLOCK
8915,8917,FLOW
8915,8937,FLOW
8915,8937,UNWIND
8955,8917,HAS_BLOCK
8917,8918,FLOW
8917,8920,FLOW
8917,8908,FLOW
8955,8918,HAS_BLOCK
8918,8922,FLOW
8918,8937,FLOW
8918,8937,UNWIND
8955,8920,HAS_BLOCK
8920,8944,FLOW
8920,8937,FLOW
8920,8937,UNWIND
8955,8922,HAS_BLOCK
8922,8924,FLOW
8922,8937,FLOW
8922,8937,UNWIND
8922,8737,CALL
8955,8924,HAS_BLOCK
8924,8926,FLOW
8924,8937,FLOW
8924,8937,UNWIND
8955,8926,HAS_BLOCK
8926,8928,FLOW
8926,8930,FLOW
8926,8908,FLOW
8955,8928,HAS_BLOCK
8928,8932,FLOW
8928,8937,FLOW
8928,8937,UNWIND
8955,8930,HAS_BLOCK
8930,8945,FLOW
8930,8937,FLOW
8930,8937,UNWIND
8955,8932,HAS_BLOCK
8932,8875,FLOW
8932,8938,FLOW
8932,8938,UNWIND
8955,8933,HAS_BLOCK
8933,8934,FLOW
8933,8938,FLOW
8933,8938,UNWIND
8955,8934,HAS_BLOCK
8934,8935,FLOW
8934,8939,FLOW
8934,8939,UNWIND
8955,8935,HAS_BLOCK
8935,8936,FLOW
8955,8936,HAS_BLOCK
8936,8955,RETURN
8955,8937,HAS_BLOCK
8937,8938,FLOW
8955,8938,HAS_BLOCK
8938,8939,FLOW
8955,8939,HAS_BLOCK
8939,8942,FLOW
8955,8942,HAS_BLOCK
8955,8943,HAS_BLOCK
8943,8933,FLOW
8955,8944,HAS_BLOCK
8944,8933,FLOW
8955,8945,HAS_BLOCK
8945,8933,FLOW
8803,8804,HAS_PARAM
8803,8739,HAS_BLOCK
8739,8788,FLOW
8803,8741,HAS_BLOCK
8741,8789,FLOW
8803,8758,HAS_BLOCK
8758,8794,FLOW
8803,8773,HAS_BLOCK
8773,8787,FLOW
8803,8785,HAS_BLOCK
8785,8794,FLOW
8803,8795,HAS_BLOCK
8795,8786,FLOW
8803,8797,HAS_BLOCK
8797,8794,FLOW
8803,8798,HAS_BLOCK
8798,8783,FLOW
8803,8800,HAS_BLOCK
8800,8794,FLOW
8803,8801,HAS_BLOCK
8801,8782,FLOW
8803,8742,HAS_BLOCK
8742,8794,FLOW
8803,8743,HAS_BLOCK
8743,8781,FLOW
8803,8745,HAS_BLOCK
8745,8794,FLOW
8803,8746,HAS_BLOCK
8746,8780,FLOW
8803,8748,HAS_BLOCK
8748,8794,FLOW
8803,8749,HAS_BLOCK
8749,8779,FLOW
8803,8751,HAS_BLOCK
8751,8794,FLOW
8803,8752,HAS_BLOCK
8752,8778,FLOW
8803,8754,HAS_BLOCK
8754,8794,FLOW
8803,8755,HAS_BLOCK
8755,8777,FLOW
8803,8759,HAS_BLOCK
8759,8794,FLOW
8803,8760,HAS_BLOCK
8760,8776,FLOW
8803,8762,HAS_BLOCK
8762,8794,FLOW
8803,8763,HAS_BLOCK
8763,8775,FLOW
8803,8765,HAS_BLOCK
8765,8794,FLOW
8803,8766,HAS_BLOCK
8766,8774,FLOW
8803,8768,HAS_BLOCK
8768,8794,FLOW
8803,8769,HAS_BLOCK
8769,8772,FLOW
8803,8771,HAS_BLOCK
8771,8794,FLOW
8803,8772,HAS_BLOCK
8772,8741,FLOW
8772,8771,FLOW
8803,8774,HAS_BLOCK
8774,8769,FLOW
8774,8768,FLOW
8803,8775,HAS_BLOCK
8775,8766,FLOW
8775,8765,FLOW
8803,8776,HAS_BLOCK
8776,8763,FLOW
8776,8762,FLOW
8803,8777,HAS_BLOCK
8777,8760,FLOW
8777,8759,FLOW
8803,8778,HAS_BLOCK
8778,8755,FLOW
8778,8754,FLOW
8803,8779,HAS_BLOCK
8779,8752,FLOW
8779,8751,FLOW
8803,8780,HAS_BLOCK
8780,8749,FLOW
8780,8748,FLOW
8803,8781,HAS_BLOCK
8781,8746,FLOW
8781,8745,FLOW
8803,8782,HAS_BLOCK
8782,8743,FLOW
8782,8742,FLOW
8803,8783,HAS_BLOCK
8783,8801,FLOW
8783,8800,FLOW
8803,8786,HAS_BLOCK
8786,8798,FLOW
8786,8797,FLOW
8803,8787,HAS_BLOCK
8787,8795,FLOW
8787,8785,FLOW
8803,8788,HAS_BLOCK
8788,8773,FLOW
8788,8758,FLOW
8803,8789,HAS_BLOCK
8789,8791,FLOW
8803,8791,HAS_BLOCK
8791,8793,FLOW
8803,8793,HAS_BLOCK
8793,8794,FLOW
8803,8794,HAS_BLOCK
8794,8803,RETURN
8737,8738,HAS_PARAM
8737,8657,HAS_BLOCK
8657,8723,FLOW
8737,8659,HAS_BLOCK
8659,8724,FLOW
8737,8676,HAS_BLOCK
8676,8729,FLOW
8737,8692,HAS_BLOCK
8692,8722,FLOW
8737,8707,HAS_BLOCK
8707,8729,FLOW
8737,8718,HAS_BLOCK
8718,8721,FLOW
8737,8731,HAS_BLOCK
8731,8729,FLOW
8737,8732,HAS_BLOCK
8732,8720,FLOW
8737,8734,HAS_BLOCK
8734,8729,FLOW
8737,8735,HAS_BLOCK
8735,8719,FLOW
8737,8660,HAS_BLOCK
8660,8729,FLOW
8737,8661,HAS_BLOCK
8661,8717,FLOW
8737,8663,HAS_BLOCK
8663,8729,FLOW
8737,8664,HAS_BLOCK
8664,8716,FLOW
8737,8666,HAS_BLOCK
8666,8729,FLOW
8737,8667,HAS_BLOCK
8667,8715,FLOW
8737,8669,HAS_BLOCK
8669,8729,FLOW
8737,8670,HAS_BLOCK
8670,8714,FLOW
8737,8672,HAS_BLOCK
8672,8729,FLOW
8737,8673,HAS_BLOCK
8673,8713,FLOW
8737,8677,HAS_BLOCK
8677,8729,FLOW
8737,8678,HAS_BLOCK
8678,8712,FLOW
8737,8680,HAS_BLOCK
8680,8729,FLOW
8737,8681,HAS_BLOCK
8681,8711,FLOW
8737,8683,HAS_BLOCK
8683,8729,FLOW
8737,8684,HAS_BLOCK
8684,8710,FLOW
8737,8686,HAS_BLOCK
8686,8729,FLOW
8737,8687,HAS_BLOCK
8687,8709,FLOW
8737,8689,HAS_BLOCK
8689,8729,FLOW
8737,8690,HAS_BLOCK
8690,8708,FLOW
8737,8693,HAS_BLOCK
8693,8729,FLOW
8737,8694,HAS_BLOCK
8694,8705,FLOW
8737,8696,HAS_BLOCK
8696,8729,FLOW
8737,8697,HAS_BLOCK
8697,8704,FLOW
8737,8699,HAS_BLOCK
8699,8729,FLOW
8737,8700,HAS_BLOCK
8700,8703,FLOW
8737,8702,HAS_BLOCK
8702,8729,FLOW
8737,8703,HAS_BLOCK
8703,8659,FLOW
8703,8702,FLOW
8737,8704,HAS_BLOCK
8704,8700,FLOW
8704,8699,FLOW
8737,8705,HAS_BLOCK
8705,8697,FLOW
8705,8696,FLOW
8737,8708,HAS_BLOCK
8708,8694,FLOW
8708,8693,FLOW
8737,8709,HAS_BLOCK
8709,8690,FLOW
8709,8689,FLOW
8737,8710,HAS_BLOCK
8710,8687,FLOW
8710,8686,FLOW
8737,8711,HAS_BLOCK
8711,8684,FLOW
8711,8683,FLOW
8737,8712,HAS_BLOCK
8712,8681,FLOW
8712,8680,FLOW
8737,8713,HAS_BLOCK
8713,8678,FLOW
8713,8677,FLOW
8737,8714,HAS_BLOCK
8714,8673,FLOW
8714,8672,FLOW
8737,8715,HAS_BLOCK
8715,8670,FLOW
8715,8669,FLOW
8737,8716,HAS_BLOCK
8716,8667,FLOW
8716,8666,FLOW
8737,8717,HAS_BLOCK
8717,8664,FLOW
8717,8663,FLOW
8737,8719,HAS_BLOCK
8719,8661,FLOW
8719,8660,FLOW
8737,8720,HAS_BLOCK
8720,8735,FLOW
8720,8734,FLOW
8737,8721,HAS_BLOCK
8721,8732,FLOW
8721,8731,FLOW
8737,8722,HAS_BLOCK
8722,8718,FLOW
8722,8707,FLOW
8737,8723,HAS_BLOCK
8723,8692,FLOW
8723,8676,FLOW
8737,8724,HAS_BLOCK
8724,8726,FLOW
8737,8726,HAS_BLOCK
8726,8728,FLOW
8737,8728,HAS_BLOCK
8728,8729,FLOW
8737,8729,HAS_BLOCK
8729,8737,RETURN
7759,7760,HAS_FIELD
7764,7766,HAS_FIELD
7764,7765,HAS_FIELD
8097,8098,HAS_PARAM
8097,8099,HAS_PARAM
8097,8019,HAS_BLOCK
8019,8021,FLOW
8097,8021,HAS_BLOCK
8021,8041,FLOW
8097,8041,HAS_BLOCK
8041,8078,FLOW
8041,8088,FLOW
8041,8060,FLOW
8097,8060,HAS_BLOCK
8097,8078,HAS_BLOCK
8078,8090,FLOW
8097,8088,HAS_BLOCK
8088,8079,FLOW
8097,8090,HAS_BLOCK
8090,8092,FLOW
8090,8016,CALL
8097,8092,HAS_BLOCK
8092,8094,FLOW
8097,8094,HAS_BLOCK
8094,8095,FLOW
8094,8022,FLOW
8094,8060,FLOW
8097,8095,HAS_BLOCK
8095,8024,FLOW
8097,8022,HAS_BLOCK
8022,8079,FLOW
8097,8024,HAS_BLOCK
8024,8026,FLOW
8024,7926,CALL
8097,8026,HAS_BLOCK
8026,8028,FLOW
8097,8028,HAS_BLOCK
8028,8029,FLOW
8028,8031,FLOW
8028,8060,FLOW
8097,8029,HAS_BLOCK
8029,8033,FLOW
8029,7959,CALL
8097,8031,HAS_BLOCK
8031,8079,FLOW
8097,8033,HAS_BLOCK
8033,8035,FLOW
8097,8035,HAS_BLOCK
8035,8036,FLOW
8035,8038,FLOW
8035,8060,FLOW
8097,8036,HAS_BLOCK
8036,8042,FLOW
8097,8038,HAS_BLOCK
8038,8079,FLOW
8097,8042,HAS_BLOCK
8042,8044,FLOW
8042,8086,FLOW
8042,8086,UNWIND
8097,8044,HAS_BLOCK
8044,8046,FLOW
8044,8086,FLOW
8044,8086,UNWIND
8044,7874,CALL
8097,8046,HAS_BLOCK
8046,8048,FLOW
8097,8048,HAS_BLOCK
8048,8049,FLOW
8048,8051,FLOW
8048,8060,FLOW
8097,8049,HAS_BLOCK
8049,8053,FLOW
8097,8051,HAS_BLOCK
8051,8079,FLOW
8097,8053,HAS_BLOCK
8053,8055,FLOW
8053,8084,FLOW
8053,8084,UNWIND
8097,8055,HAS_BLOCK
8055,8057,FLOW
8055,8084,FLOW
8055,8084,UNWIND
8055,7874,CALL
8097,8057,HAS_BLOCK
8057,8059,FLOW
8097,8059,HAS_BLOCK
8059,8061,FLOW
8059,8063,FLOW
8059,8060,FLOW
8097,8061,HAS_BLOCK
8061,8065,FLOW
8097,8063,HAS_BLOCK
8063,8079,FLOW
8097,8065,HAS_BLOCK
8065,8067,FLOW
8097,8067,HAS_BLOCK
8067,8069,FLOW
8097,8069,HAS_BLOCK
8069,8070,FLOW
8069,8072,FLOW
8069,8060,FLOW
8097,8070,HAS_BLOCK
8070,8075,FLOW
8070,8082,FLOW
8070,8082,UNWIND
8097,8072,HAS_BLOCK
8072,8074,FLOW
8097,8074,HAS_BLOCK
8074,8079,FLOW
8097,8075,HAS_BLOCK
8075,8077,FLOW
8075,8082,FLOW
8075,8082,UNWIND
8097,8077,HAS_BLOCK
8077,8079,FLOW
8097,8079,HAS_BLOCK
8079,8097,RETURN
8097,8080,HAS_BLOCK
8097,8081,HAS_BLOCK
8081,8080,FLOW
8097,8082,HAS_BLOCK
8082,8080,FLOW
8082,8081,FLOW
8097,8083,HAS_BLOCK
8083,8080,FLOW
8097,8084,HAS_BLOCK
8084,8080,FLOW
8084,8083,FLOW
8097,8085,HAS_BLOCK
8085,8080,FLOW
8097,8086,HAS_BLOCK
8086,8080,FLOW
8086,8085,FLOW
8016,8017,HAS_PARAM
8016,8018,HAS_PARAM
8016,7961,HAS_BLOCK
7961,7963,FLOW
8016,7963,HAS_BLOCK
7963,7982,FLOW
8016,7982,HAS_BLOCK
7982,8001,FLOW
8016,8001,HAS_BLOCK
8001,8007,FLOW
8001,8009,FLOW
8001,8006,FLOW
8016,8006,HAS_BLOCK
8016,8007,HAS_BLOCK
8007,8011,FLOW
8007,8002,FLOW
8007,8002,UNWIND
8016,8009,HAS_BLOCK
8009,7999,FLOW
8016,8011,HAS_BLOCK
8011,8013,FLOW
8011,8002,FLOW
8011,8002,UNWIND
8016,8013,HAS_BLOCK
8013,8015,FLOW
8013,8002,FLOW
8013,8002,UNWIND
8016,8015,HAS_BLOCK
8015,7964,FLOW
8015,7966,FLOW
8015,8006,FLOW
8016,7964,HAS_BLOCK
7964,7968,FLOW
7964,8002,FLOW
7964,8002,UNWIND
8016,7966,HAS_BLOCK
7966,8004,FLOW
7966,8002,FLOW
7966,8002,UNWIND
8016,7968,HAS_BLOCK
7968,7969,FLOW
8016,7969,HAS_BLOCK
7969,7971,FLOW
7969,8002,FLOW
7969,8002,UNWIND
8016,7971,HAS_BLOCK
7971,7974,FLOW
7971,7972,FLOW
7971,8006,FLOW
8016,7972,HAS_BLOCK
7972,7975,FLOW
7972,8002,FLOW
7972,8002,UNWIND
7972,7844,CALL
8016,7974,HAS_BLOCK
7974,7999,FLOW
8016,7975,HAS_BLOCK
7975,7977,FLOW
7975,8002,FLOW
7975,8002,UNWIND
8016,7977,HAS_BLOCK
7977,7979,FLOW
7977,8002,FLOW
7977,8002,UNWIND
8016,7979,HAS_BLOCK
7979,7983,FLOW
7979,8002,FLOW
7979,8002,UNWIND
8016,7983,HAS_BLOCK
7983,7985,FLOW
7983,8002,FLOW
7983,8002,UNWIND
8016,7985,HAS_BLOCK
7985,7987,FLOW
7985,8002,FLOW
7985,8002,UNWIND
8016,7987,HAS_BLOCK
7987,7989,FLOW
7987,8002,FLOW
7987,8002,UNWIND
8016,7989,HAS_BLOCK
7989,7991,FLOW
7989,8002,FLOW
7989,8002,UNWIND
8016,7991,HAS_BLOCK
7991,7993,FLOW
7991,8002,FLOW
7991,8002,UNWIND
8016,7993,HAS_BLOCK
7993,7995,FLOW
7993,8002,FLOW
7993,8002,UNWIND
8016,7995,HAS_BLOCK
7995,7969,FLOW
7995,7996,FLOW
7995,8006,FLOW
8016,7996,HAS_BLOCK
7996,8005,FLOW
7996,8002,FLOW
7996,8002,UNWIND
8016,7998,HAS_BLOCK
7998,7999,FLOW
8016,7999,HAS_BLOCK
7999,8016,RETURN
8016,8002,HAS_BLOCK
8002,8003,FLOW
8016,8003,HAS_BLOCK
8016,8004,HAS_BLOCK
8004,7998,FLOW
8016,8005,HAS_BLOCK
8005,7998,FLOW
7926,7927,HAS_PARAM
7926,7928,HAS_PARAM
7926,7877,HAS_BLOCK
7877,7879,FLOW
7926,7879,HAS_BLOCK
7879,7898,FLOW
7926,7898,HAS_BLOCK
7898,7914,FLOW
7926,7914,HAS_BLOCK
7914,7917,FLOW
7914,7919,FLOW
7914,7916,FLOW
7926,7916,HAS_BLOCK
7926,7917,HAS_BLOCK
7917,7921,FLOW
7917,7910,FLOW
7917,7910,UNWIND
7926,7919,HAS_BLOCK
7919,7909,FLOW
7926,7921,HAS_BLOCK
7921,7923,FLOW
7921,7910,FLOW
7921,7910,UNWIND
7926,7923,HAS_BLOCK
7923,7925,FLOW
7923,7910,FLOW
7923,7910,UNWIND
7926,7925,HAS_BLOCK
7925,7880,FLOW
7925,7882,FLOW
7925,7916,FLOW
7926,7880,HAS_BLOCK
7880,7884,FLOW
7880,7910,FLOW
7880,7910,UNWIND
7926,7882,HAS_BLOCK
7882,7912,FLOW
7882,7910,FLOW
7882,7910,UNWIND
7926,7884,HAS_BLOCK
7884,7885,FLOW
7926,7885,HAS_BLOCK
7885,7887,FLOW
7885,7910,FLOW
7885,7910,UNWIND
7926,7887,HAS_BLOCK
7887,7890,FLOW
7887,7888,FLOW
7887,7916,FLOW
7926,7888,HAS_BLOCK
7888,7891,FLOW
7888,7910,FLOW
7888,7910,UNWIND
7888,7825,CALL
7926,7890,HAS_BLOCK
7890,7909,FLOW
7926,7891,HAS_BLOCK
7891,7893,FLOW
7891,7910,FLOW
7891,7910,UNWIND
7926,7893,HAS_BLOCK
7893,7895,FLOW
7893,7910,FLOW
7893,7910,UNWIND
7926,7895,HAS_BLOCK
7895,7899,FLOW
7895,7910,FLOW
7895,7910,UNWIND
7926,7899,HAS_BLOCK
7899,7901,FLOW
7899,7910,FLOW
7899,7910,UNWIND
7926,7901,HAS_BLOCK
7901,7903,FLOW
7901,7910,FLOW
7901,7910,UNWIND
7926,7903,HAS_BLOCK
7903,7905,FLOW
7903,7910,FLOW
7903,7910,UNWIND
7926,7905,HAS_BLOCK
7905,7885,FLOW
7905,7906,FLOW
7905,7916,FLOW
7926,7906,HAS_BLOCK
7906,7915,FLOW
7906,7910,FLOW
7906,7910,UNWIND
7926,7908,HAS_BLOCK
7908,7909,FLOW
7926,7909,HAS_BLOCK
7909,7926,RETURN
7926,7910,HAS_BLOCK
7910,7911,FLOW
7926,7911,HAS_BLOCK
7926,7912,HAS_BLOCK
7912,7908,FLOW
7926,7915,HAS_BLOCK
7915,7908,FLOW
7844,7845,HAS_PARAM
7844,7827,HAS_BLOCK
7827,7834,FLOW
7827,7833,FLOW
7827,7832,FLOW
7827,7831,FLOW
7827,7830,FLOW
7827,7829,FLOW
7827,7843,FLOW
7827,7842,FLOW
7827,7841,FLOW
7827,7840,FLOW
7827,7839,FLOW
7827,7838,FLOW
7827,7837,FLOW
7827,7836,FLOW
7827,7828,FLOW
7844,7828,HAS_BLOCK
7844,7836,HAS_BLOCK
7836,7835,FLOW
7844,7837,HAS_BLOCK
7837,7835,FLOW
7844,7838,HAS_BLOCK
7838,7835,FLOW
7844,7839,HAS_BLOCK
7839,7835,FLOW
7844,7840,HAS_BLOCK
7840,7835,FLOW
7844,7841,HAS_BLOCK
7841,7835,FLOW
7844,7842,HAS_BLOCK
7842,7835,FLOW
7844,7843,HAS_BLOCK
7843,7835,FLOW
7844,7829,HAS_BLOCK
7829,7835,FLOW
7844,7830,HAS_BLOCK
7830,7835,FLOW
7844,7831,HAS_BLOCK
7831,7835,FLOW
7844,7832,HAS_BLOCK
7832,7835,FLOW
7844,7833,HAS_BLOCK
7833,7835,FLOW
7844,7834,HAS_BLOCK
7834,7835,FLOW
7844,7835,HAS_BLOCK
7835,7844,RETURN
7825,7826,HAS_PARAM
7825,7804,HAS_BLOCK
7804,7815,FLOW
7804,7814,FLOW
7804,7813,FLOW
7804,7812,FLOW
7804,7811,FLOW
7804,7810,FLOW
7804,7809,FLOW
7804,7808,FLOW
7804,7807,FLOW
7804,7806,FLOW
7804,7824,FLOW
7804,7823,FLOW
7804,7822,FLOW
7804,7821,FLOW
7804,7820,FLOW
7804,7819,FLOW
7804,7818,FLOW
7804,7816,FLOW
7804,7805,FLOW
7825,7805,HAS_BLOCK
7825,7816,HAS_BLOCK
7816,7817,FLOW
7825,7818,HAS_BLOCK
7818,7817,FLOW
7825,7819,HAS_BLOCK
7819,7817,FLOW
7825,7820,HAS_BLOCK
7820,7817,FLOW
7825,7821,HAS_BLOCK
7821,7817,FLOW
7825,7822,HAS_BLOCK
7822,7817,FLOW
7825,7823,HAS_BLOCK
7823,7817,FLOW
7825,7824,HAS_BLOCK
7824,7817,FLOW
7825,7806,HAS_BLOCK
7806,7817,FLOW
7825,7807,HAS_BLOCK
7807,7817,FLOW
7825,7808,HAS_BLOCK
7808,7817,FLOW
7825,7809,HAS_BLOCK
7809,7817,FLOW
7825,7810,HAS_BLOCK
7810,7817,FLOW
7825,7811,HAS_BLOCK
7811,7817,FLOW
7825,7812,HAS_BLOCK
7812,7817,FLOW
7825,7813,HAS_BLOCK
7813,7817,FLOW
7825,7814,HAS_BLOCK
7814,7817,FLOW
7825,7815,HAS_BLOCK
7815,7817,FLOW
7825,7817,HAS_BLOCK
7817,7825,RETURN
7959,7960,HAS_PARAM
7959,7929,HAS_BLOCK
7929,7931,FLOW
7959,7931,HAS_BLOCK
7931,7945,FLOW
7931,7943,FLOW
7931,7943,UNWIND
7959,7945,HAS_BLOCK
7945,7947,FLOW
7945,7943,FLOW
7945,7943,UNWIND
7959,7947,HAS_BLOCK
7947,7949,FLOW
7959,7949,HAS_BLOCK
7949,7951,FLOW
7949,7953,FLOW
7949,7950,FLOW
7959,7950,HAS_BLOCK
7959,7951,HAS_BLOCK
7951,7955,FLOW
7959,7953,HAS_BLOCK
7953,7938,FLOW
7959,7955,HAS_BLOCK
7955,7957,FLOW
7955,7941,FLOW
7955,7941,UNWIND
7959,7957,HAS_BLOCK
7957,7932,FLOW
7957,7941,FLOW
7957,7941,UNWIND
7959,7932,HAS_BLOCK
7932,7934,FLOW
7959,7934,HAS_BLOCK
7934,7935,FLOW
7934,7936,FLOW
7934,7950,FLOW
7959,7935,HAS_BLOCK
7935,7938,FLOW
7959,7936,HAS_BLOCK
7936,7938,FLOW
7959,7938,HAS_BLOCK
7938,7959,RETURN
7959,7939,HAS_BLOCK
7959,7940,HAS_BLOCK
7940,7939,FLOW
7959,7941,HAS_BLOCK
7941,7939,FLOW
7941,7940,FLOW
7959,7942,HAS_BLOCK
7942,7939,FLOW
7959,7943,HAS_BLOCK
7943,7939,FLOW
7943,7942,FLOW
7874,7875,HAS_PARAM
7874,7876,HAS_PARAM
7874,7846,HAS_BLOCK
7846,7848,FLOW
7874,7848,HAS_BLOCK
7848,7862,FLOW
7874,7862,HAS_BLOCK
7862,7864,FLOW
7862,7866,FLOW
7862,7863,FLOW
7874,7863,HAS_BLOCK
7874,7864,HAS_BLOCK
7864,7868,FLOW
7864,7859,FLOW
7864,7859,UNWIND
7874,7866,HAS_BLOCK
7866,7858,FLOW
7874,7868,HAS_BLOCK
7868,7869,FLOW
7874,7869,HAS_BLOCK
7869,7871,FLOW
7869,7859,FLOW
7869,7859,UNWIND
7874,7871,HAS_BLOCK
7871,7849,FLOW
7871,7872,FLOW
7871,7863,FLOW
7874,7872,HAS_BLOCK
7872,7850,FLOW
7872,7859,FLOW
7872,7859,UNWIND
7874,7849,HAS_BLOCK
7849,7858,FLOW
7874,7850,HAS_BLOCK
7850,7852,FLOW
7850,7859,FLOW
7850,7859,UNWIND
7874,7852,HAS_BLOCK
7852,7854,FLOW
7852,7859,FLOW
7852,7859,UNWIND
7874,7854,HAS_BLOCK
7854,7869,FLOW
7854,7855,FLOW
7854,7863,FLOW
7874,7855,HAS_BLOCK
7855,7857,FLOW
7855,7859,FLOW
7855,7859,UNWIND
7874,7857,HAS_BLOCK
7857,7858,FLOW
7874,7858,HAS_BLOCK
7858,7874,RETURN
7874,7859,HAS_BLOCK
7859,7860,FLOW
7874,7860,HAS_BLOCK
9143,9147,HAS_FIELD
9143,9145,HAS_FIELD
9143,9144,HAS_FIELD
9143,9146,HAS_FIELD
9136,9139,HAS_FIELD
9136,9140,HAS_FIELD
9136,9142,HAS_FIELD
9136,9138,HAS_FIELD
9136,9141,HAS_FIELD
9136,9137,HAS_FIELD
9430,9431,HAS_PARAM
9430,9432,HAS_PARAM
9430,9393,HAS_BLOCK
9393,9395,FLOW
9430,9395,HAS_BLOCK
9395,9412,FLOW
9395,9559,CALL
9430,9412,HAS_BLOCK
9412,9419,FLOW
9430,9419,HAS_BLOCK
9419,9421,FLOW
9419,9423,FLOW
9419,9420,FLOW
9430,9420,HAS_BLOCK
9430,9421,HAS_BLOCK
9421,9425,FLOW
9421,9416,FLOW
9421,9416,UNWIND
9430,9423,HAS_BLOCK
9423,9409,FLOW
9430,9425,HAS_BLOCK
9425,9427,FLOW
9425,9416,FLOW
9425,9416,UNWIND
9425,9770,CALL
9430,9427,HAS_BLOCK
9427,9429,FLOW
9427,9416,FLOW
9427,9416,UNWIND
9430,9429,HAS_BLOCK
9429,9396,FLOW
9429,9398,FLOW
9429,9420,FLOW
9430,9396,HAS_BLOCK
9396,9400,FLOW
9396,9413,FLOW
9396,9413,UNWIND
9430,9398,HAS_BLOCK
9398,9417,FLOW
9398,9416,FLOW
9398,9416,UNWIND
9430,9400,HAS_BLOCK
9400,9402,FLOW
9400,9413,FLOW
9400,9413,UNWIND
9400,8097,CALL
9430,9402,HAS_BLOCK
9402,9404,FLOW
9402,9413,FLOW
9402,9413,UNWIND
9430,9404,HAS_BLOCK
9404,9405,FLOW
9404,9406,FLOW
9404,9420,FLOW
9430,9405,HAS_BLOCK
9405,9410,FLOW
9430,9406,HAS_BLOCK
9406,9408,FLOW
9406,9413,FLOW
9406,9413,UNWIND
9430,9408,HAS_BLOCK
9408,9409,FLOW
9408,9416,FLOW
9408,9416,UNWIND
9430,9409,HAS_BLOCK
9409,9410,FLOW
9430,9410,HAS_BLOCK
9410,9430,RETURN
9430,9413,HAS_BLOCK
9413,9416,FLOW
9430,9414,HAS_BLOCK
9430,9415,HAS_BLOCK
9415,9414,FLOW
9430,9416,HAS_BLOCK
9416,9414,FLOW
9416,9415,FLOW
9430,9417,HAS_BLOCK
9417,9409,FLOW
9559,9560,HAS_PARAM
9559,9561,HAS_PARAM
9559,9433,HAS_BLOCK
9433,9435,FLOW
9559,9435,HAS_BLOCK
9435,9455,FLOW
9559,9455,HAS_BLOCK
9455,9474,FLOW
9559,9474,HAS_BLOCK
9474,9493,FLOW
9474,9556,FLOW
9474,9556,UNWIND
9559,9493,HAS_BLOCK
9493,9512,FLOW
9493,9554,FLOW
9493,9554,UNWIND
9559,9512,HAS_BLOCK
9512,9528,FLOW
9512,9543,FLOW
9512,9543,UNWIND
9512,9652,CALL
9559,9528,HAS_BLOCK
9528,9540,FLOW
9528,9543,FLOW
9528,9543,UNWIND
9559,9540,HAS_BLOCK
9540,9551,FLOW
9559,9551,HAS_BLOCK
9551,9558,FLOW
9551,9542,FLOW
9551,9542,UNWIND
9559,9558,HAS_BLOCK
9558,9439,FLOW
9558,9437,FLOW
9558,9436,FLOW
9559,9436,HAS_BLOCK
9559,9437,HAS_BLOCK
9437,9440,FLOW
9437,9542,FLOW
9437,9542,UNWIND
9559,9439,HAS_BLOCK
9439,9465,FLOW
9439,9543,FLOW
9439,9543,UNWIND
9559,9440,HAS_BLOCK
9440,9442,FLOW
9440,9541,FLOW
9440,9541,UNWIND
9559,9442,HAS_BLOCK
9442,9444,FLOW
9442,9541,FLOW
9442,9541,UNWIND
9559,9444,HAS_BLOCK
9444,9446,FLOW
9444,9541,FLOW
9444,9541,UNWIND
9559,9446,HAS_BLOCK
9446,9448,FLOW
9446,9541,FLOW
9446,9541,UNWIND
9446,10396,CALL
9559,9448,HAS_BLOCK
9448,9450,FLOW
9448,9541,FLOW
9448,9541,UNWIND
9559,9450,HAS_BLOCK
9450,9452,FLOW
9450,9541,FLOW
9450,9541,UNWIND
9559,9452,HAS_BLOCK
9452,9456,FLOW
9452,9541,FLOW
9452,9541,UNWIND
9452,9873,CALL
9559,9456,HAS_BLOCK
9456,9458,FLOW
9456,9541,FLOW
9456,9541,UNWIND
9559,9458,HAS_BLOCK
9458,9459,FLOW
9458,9461,FLOW
9458,9436,FLOW
9559,9459,HAS_BLOCK
9459,9464,FLOW
9459,9541,FLOW
9459,9541,UNWIND
9559,9461,HAS_BLOCK
9461,9463,FLOW
9461,9541,FLOW
9461,9541,UNWIND
9559,9463,HAS_BLOCK
9463,9526,FLOW
9463,9542,FLOW
9463,9542,UNWIND
9559,9464,HAS_BLOCK
9464,9551,FLOW
9464,9542,FLOW
9464,9542,UNWIND
9559,9465,HAS_BLOCK
9465,9467,FLOW
9465,9543,FLOW
9465,9543,UNWIND
9559,9467,HAS_BLOCK
9467,9469,FLOW
9467,9543,FLOW
9467,9543,UNWIND
9559,9469,HAS_BLOCK
9469,9471,FLOW
9469,9543,FLOW
9469,9543,UNWIND
9559,9471,HAS_BLOCK
9471,9475,FLOW
9471,9543,FLOW
9471,9543,UNWIND
9559,9475,HAS_BLOCK
9475,9477,FLOW
9475,9552,FLOW
9475,9552,UNWIND
9559,9477,HAS_BLOCK
9477,9479,FLOW
9477,9538,FLOW
9477,9538,UNWIND
9559,9479,HAS_BLOCK
9479,9481,FLOW
9479,9538,FLOW
9479,9538,UNWIND
9559,9481,HAS_BLOCK
9481,9483,FLOW
9481,9538,FLOW
9481,9538,UNWIND
9559,9483,HAS_BLOCK
9483,9484,FLOW
9559,9484,HAS_BLOCK
9484,9486,FLOW
9484,9537,FLOW
9484,9537,UNWIND
9559,9486,HAS_BLOCK
9486,9489,FLOW
9486,9487,FLOW
9486,9436,FLOW
9559,9487,HAS_BLOCK
9487,9490,FLOW
9487,9549,FLOW
9487,9549,UNWIND
9559,9489,HAS_BLOCK
9489,9497,FLOW
9489,9538,FLOW
9489,9538,UNWIND
9559,9490,HAS_BLOCK
9490,9494,FLOW
9490,9549,FLOW
9490,9549,UNWIND
9559,9494,HAS_BLOCK
9494,9496,FLOW
9494,9549,FLOW
9494,9549,UNWIND
9559,9496,HAS_BLOCK
9496,9484,FLOW
9559,9497,HAS_BLOCK
9497,9499,FLOW
9497,9538,FLOW
9497,9538,UNWIND
9559,9499,HAS_BLOCK
9499,9501,FLOW
9499,9538,FLOW
9499,9538,UNWIND
9499,9389,CALL
9559,9501,HAS_BLOCK
9501,9503,FLOW
9501,9538,FLOW
9501,9538,UNWIND
9559,9503,HAS_BLOCK
9503,9504,FLOW
9503,9506,FLOW
9503,9436,FLOW
9559,9504,HAS_BLOCK
9504,9509,FLOW
9504,9536,FLOW
9504,9536,UNWIND
9559,9506,HAS_BLOCK
9506,9508,FLOW
9506,9538,FLOW
9506,9538,UNWIND
9559,9508,HAS_BLOCK
9508,9524,FLOW
9508,9552,FLOW
9508,9552,UNWIND
9559,9509,HAS_BLOCK
9509,9513,FLOW
9509,9536,FLOW
9509,9536,UNWIND
9559,9513,HAS_BLOCK
9513,9515,FLOW
9513,9536,FLOW
9513,9536,UNWIND
9513,7584,CALL
9559,9515,HAS_BLOCK
9515,9517,FLOW
9515,9534,FLOW
9515,9534,UNWIND
9559,9517,HAS_BLOCK
9517,9519,FLOW
9517,9534,FLOW
9517,9534,UNWIND
9559,9519,HAS_BLOCK
9519,9521,FLOW
9519,9534,FLOW
9519,9534,UNWIND
9559,9521,HAS_BLOCK
9521,9522,FLOW
9521,9552,FLOW
9521,9552,UNWIND
9559,9522,HAS_BLOCK
9522,9523,FLOW
9522,9554,FLOW
9522,9554,UNWIND
9559,9523,HAS_BLOCK
9523,9533,FLOW
9559,9524,HAS_BLOCK
9524,9525,FLOW
9524,9543,FLOW
9524,9543,UNWIND
9559,9525,HAS_BLOCK
9525,9529,FLOW
9559,9526,HAS_BLOCK
9526,9529,FLOW
9526,9543,FLOW
9526,9543,UNWIND
9559,9529,HAS_BLOCK
9529,9530,FLOW
9529,9554,FLOW
9529,9554,UNWIND
9559,9530,HAS_BLOCK
9530,9531,FLOW
9530,9545,FLOW
9559,9531,HAS_BLOCK
9531,9532,FLOW
9559,9532,HAS_BLOCK
9532,9533,FLOW
9559,9533,HAS_BLOCK
9533,9559,RETURN
9559,9534,HAS_BLOCK
9534,9535,FLOW
9559,9535,HAS_BLOCK
9535,9536,FLOW
9559,9536,HAS_BLOCK
9536,9538,FLOW
9559,9537,HAS_BLOCK
9537,9538,FLOW
9559,9538,HAS_BLOCK
9538,9552,FLOW
9559,9541,HAS_BLOCK
9541,9542,FLOW
9559,9542,HAS_BLOCK
9542,9543,FLOW
9559,9543,HAS_BLOCK
9543,9554,FLOW
9559,9544,HAS_BLOCK
9559,9545,HAS_BLOCK
9545,9531,FLOW
9545,9556,FLOW
9545,9556,UNWIND
9559,9546,HAS_BLOCK
9546,9537,FLOW
9546,9547,FLOW
9559,9547,HAS_BLOCK
9547,9537,FLOW
9559,9548,HAS_BLOCK
9548,9546,FLOW
9559,9549,HAS_BLOCK
9549,9546,FLOW
9549,9548,FLOW
9559,9550,HAS_BLOCK
9550,9543,FLOW
9559,9552,HAS_BLOCK
9552,9543,FLOW
9552,9550,FLOW
9559,9553,HAS_BLOCK
9553,9556,FLOW
9559,9554,HAS_BLOCK
9554,9556,FLOW
9554,9553,FLOW
9559,9555,HAS_BLOCK
9555,9544,FLOW
9559,9556,HAS_BLOCK
9556,9544,FLOW
9556,9555,FLOW
9770,9771,HAS_PARAM
9770,9772,HAS_PARAM
9770,9654,HAS_BLOCK
9654,9656,FLOW
9654,9768,FLOW
9654,9768,UNWIND
9770,9656,HAS_BLOCK
9656,9674,FLOW
9656,9756,FLOW
9656,9756,UNWIND
9770,9674,HAS_BLOCK
9674,9690,FLOW
9674,9753,FLOW
9674,9753,UNWIND
9770,9690,HAS_BLOCK
9690,9709,FLOW
9690,9753,FLOW
9690,9753,UNWIND
9770,9709,HAS_BLOCK
9709,9767,FLOW
9709,9720,FLOW
9770,9720,HAS_BLOCK
9720,9732,FLOW
9720,9753,FLOW
9720,9753,UNWIND
9770,9732,HAS_BLOCK
9732,9744,FLOW
9732,9753,FLOW
9732,9753,UNWIND
9770,9744,HAS_BLOCK
9744,9767,FLOW
9744,9755,FLOW
9770,9755,HAS_BLOCK
9755,9657,FLOW
9755,9753,FLOW
9755,9753,UNWIND
9755,10285,CALL
9770,9767,HAS_BLOCK
9767,9722,FLOW
9770,9657,HAS_BLOCK
9657,9659,FLOW
9657,9753,FLOW
9657,9753,UNWIND
9770,9659,HAS_BLOCK
9659,9661,FLOW
9659,9663,FLOW
9659,9660,FLOW
9770,9660,HAS_BLOCK
9770,9661,HAS_BLOCK
9661,9665,FLOW
9661,9717,FLOW
9661,9717,UNWIND
9661,10173,CALL
9770,9663,HAS_BLOCK
9663,9769,FLOW
9663,9753,FLOW
9663,9753,UNWIND
9770,9665,HAS_BLOCK
9665,9667,FLOW
9665,9717,FLOW
9665,9717,UNWIND
9770,9667,HAS_BLOCK
9667,9668,FLOW
9667,9670,FLOW
9667,9660,FLOW
9770,9668,HAS_BLOCK
9668,9675,FLOW
9668,9716,FLOW
9668,9716,UNWIND
9770,9670,HAS_BLOCK
9670,9672,FLOW
9670,9717,FLOW
9670,9717,UNWIND
9770,9672,HAS_BLOCK
9672,9722,FLOW
9672,9753,FLOW
9672,9753,UNWIND
9770,9675,HAS_BLOCK
9675,9677,FLOW
9675,9751,FLOW
9675,9751,UNWIND
9770,9677,HAS_BLOCK
9677,9678,FLOW
9770,9678,HAS_BLOCK
9678,9680,FLOW
9678,9751,FLOW
9678,9751,UNWIND
9770,9680,HAS_BLOCK
9680,9682,FLOW
9680,9681,FLOW
9680,9660,FLOW
9770,9681,HAS_BLOCK
9681,9684,FLOW
9681,9751,FLOW
9681,9751,UNWIND
9770,9682,HAS_BLOCK
9682,9685,FLOW
9682,9749,FLOW
9682,9749,UNWIND
9770,9684,HAS_BLOCK
9684,9678,FLOW
9770,9685,HAS_BLOCK
9685,9686,FLOW
9770,9686,HAS_BLOCK
9686,9688,FLOW
9686,9749,FLOW
9686,9749,UNWIND
9770,9688,HAS_BLOCK
9688,9692,FLOW
9688,9691,FLOW
9688,9660,FLOW
9770,9691,HAS_BLOCK
9691,9694,FLOW
9691,9749,FLOW
9691,9749,UNWIND
9770,9692,HAS_BLOCK
9692,9696,FLOW
9692,9749,FLOW
9692,9749,UNWIND
9770,9694,HAS_BLOCK
9694,9695,FLOW
9694,9749,FLOW
9694,9749,UNWIND
9770,9695,HAS_BLOCK
9695,9686,FLOW
9770,9696,HAS_BLOCK
9696,9698,FLOW
9696,9749,FLOW
9696,9749,UNWIND
9770,9698,HAS_BLOCK
9698,9700,FLOW
9698,9749,FLOW
9698,9749,UNWIND
9770,9700,HAS_BLOCK
9700,9702,FLOW
9700,9749,FLOW
9700,9749,UNWIND
9770,9702,HAS_BLOCK
9702,9704,FLOW
9702,9749,FLOW
9702,9749,UNWIND
9702,7584,CALL
9770,9704,HAS_BLOCK
9704,9706,FLOW
9704,9714,FLOW
9704,9714,UNWIND
9770,9706,HAS_BLOCK
9706,9710,FLOW
9706,9714,FLOW
9706,9714,UNWIND
9770,9710,HAS_BLOCK
9710,9719,FLOW
9770,9711,HAS_BLOCK
9711,9712,FLOW
9711,9723,FLOW
9770,9712,HAS_BLOCK
9712,9745,FLOW
9712,9747,FLOW
9770,9713,HAS_BLOCK
9713,9770,RETURN
9770,9714,HAS_BLOCK
9714,9715,FLOW
9770,9715,HAS_BLOCK
9715,9749,FLOW
9770,9716,HAS_BLOCK
9716,9717,FLOW
9770,9717,HAS_BLOCK
9717,9753,FLOW
9770,9718,HAS_BLOCK
9770,9719,HAS_BLOCK
9719,9713,FLOW
9770,9721,HAS_BLOCK
9721,9711,FLOW
9721,9756,FLOW
9721,9756,UNWIND
9770,9722,HAS_BLOCK
9722,9711,FLOW
9722,9721,FLOW
9770,9723,HAS_BLOCK
9723,9712,FLOW
9723,9768,FLOW
9723,9768,UNWIND
9770,9724,HAS_BLOCK
9724,9725,FLOW
9724,9727,FLOW
9770,9725,HAS_BLOCK
9725,9718,FLOW
9725,9726,FLOW
9770,9726,HAS_BLOCK
9726,9718,FLOW
9770,9727,HAS_BLOCK
9727,9725,FLOW
9770,9728,HAS_BLOCK
9728,9724,FLOW
9770,9729,HAS_BLOCK
9729,9724,FLOW
9729,9728,FLOW
9770,9730,HAS_BLOCK
9730,9729,FLOW
9730,9733,FLOW
9770,9733,HAS_BLOCK
9733,9729,FLOW
9770,9734,HAS_BLOCK
9734,9738,FLOW
9734,9740,FLOW
9770,9735,HAS_BLOCK
9735,9713,FLOW
9770,9736,HAS_BLOCK
9736,9718,FLOW
9736,9737,FLOW
9770,9737,HAS_BLOCK
9737,9718,FLOW
9770,9738,HAS_BLOCK
9738,9735,FLOW
9738,9739,FLOW
9770,9739,HAS_BLOCK
9739,9735,FLOW
9770,9740,HAS_BLOCK
9740,9738,FLOW
9740,9736,FLOW
9740,9736,UNWIND
9770,9741,HAS_BLOCK
9741,9734,FLOW
9741,9724,FLOW
9741,9724,UNWIND
9770,9742,HAS_BLOCK
9742,9734,FLOW
9742,9741,FLOW
9770,9745,HAS_BLOCK
9745,9742,FLOW
9745,9746,FLOW
9770,9746,HAS_BLOCK
9746,9742,FLOW
9746,9729,FLOW
9746,9729,UNWIND
9770,9747,HAS_BLOCK
9747,9745,FLOW
9747,9730,FLOW
9747,9730,UNWIND
9770,9748,HAS_BLOCK
9748,9751,FLOW
9770,9749,HAS_BLOCK
9749,9751,FLOW
9749,9748,FLOW
9770,9750,HAS_BLOCK
9750,9716,FLOW
9770,9751,HAS_BLOCK
9751,9716,FLOW
9751,9750,FLOW
9770,9752,HAS_BLOCK
9752,9756,FLOW
9770,9753,HAS_BLOCK
9753,9756,FLOW
9753,9752,FLOW
9770,9754,HAS_BLOCK
9754,9768,FLOW
9770,9756,HAS_BLOCK
9756,9768,FLOW
9756,9754,FLOW
9770,9757,HAS_BLOCK
9757,9758,FLOW
9757,9760,FLOW
9770,9758,HAS_BLOCK
9758,9718,FLOW
9758,9759,FLOW
9770,9759,HAS_BLOCK
9759,9718,FLOW
9770,9760,HAS_BLOCK
9760,9758,FLOW
9770,9761,HAS_BLOCK
9761,9757,FLOW
9770,9762,HAS_BLOCK
9762,9757,FLOW
9762,9761,FLOW
9770,9763,HAS_BLOCK
9763,9762,FLOW
9763,9764,FLOW
9770,9764,HAS_BLOCK
9764,9762,FLOW
9770,9765,HAS_BLOCK
9765,9763,FLOW
9770,9768,HAS_BLOCK
9768,9763,FLOW
9768,9765,FLOW
9770,9769,HAS_BLOCK
9769,9722,FLOW
10285,10286,HAS_PARAM
10285,10175,HAS_BLOCK
10175,10177,FLOW
10285,10177,HAS_BLOCK
10177,10194,FLOW
10285,10194,HAS_BLOCK
10194,10230,FLOW
10194,10249,FLOW
10194,10212,FLOW
10285,10212,HAS_BLOCK
10285,10230,HAS_BLOCK
10230,10266,FLOW
10230,10270,FLOW
10230,10270,UNWIND
10285,10249,HAS_BLOCK
10249,10267,FLOW
10285,10266,HAS_BLOCK
10266,10278,FLOW
10266,10269,FLOW
10266,10269,UNWIND
10285,10278,HAS_BLOCK
10278,10281,FLOW
10278,10269,FLOW
10278,10269,UNWIND
10285,10281,HAS_BLOCK
10281,10283,FLOW
10281,10269,FLOW
10281,10269,UNWIND
10285,10283,HAS_BLOCK
10283,10178,FLOW
10283,10269,FLOW
10283,10269,UNWIND
10285,10178,HAS_BLOCK
10178,10179,FLOW
10285,10179,HAS_BLOCK
10179,10181,FLOW
10179,10269,FLOW
10179,10269,UNWIND
10285,10181,HAS_BLOCK
10181,10183,FLOW
10181,10182,FLOW
10181,10212,FLOW
10285,10182,HAS_BLOCK
10182,10184,FLOW
10182,10179,FLOW
10285,10183,HAS_BLOCK
10183,10267,FLOW
10285,10184,HAS_BLOCK
10184,10186,FLOW
10184,10269,FLOW
10184,10269,UNWIND
10285,10186,HAS_BLOCK
10186,10188,FLOW
10186,10269,FLOW
10186,10269,UNWIND
10285,10188,HAS_BLOCK
10188,10189,FLOW
10188,10179,FLOW
10285,10189,HAS_BLOCK
10189,10191,FLOW
10189,10269,FLOW
10189,10269,UNWIND
10285,10191,HAS_BLOCK
10191,10195,FLOW
10191,10269,FLOW
10191,10269,UNWIND
10285,10195,HAS_BLOCK
10195,10197,FLOW
10195,10268,FLOW
10195,10268,UNWIND
10285,10197,HAS_BLOCK
10197,10199,FLOW
10197,10198,FLOW
10285,10198,HAS_BLOCK
10198,10179,FLOW
10198,10269,FLOW
10198,10269,UNWIND
10285,10199,HAS_BLOCK
10199,10201,FLOW
10199,10268,FLOW
10199,10268,UNWIND
10285,10201,HAS_BLOCK
10201,10203,FLOW
10201,10268,FLOW
10201,10268,UNWIND
10285,10203,HAS_BLOCK
10203,10205,FLOW
10203,10268,FLOW
10203,10268,UNWIND
10285,10205,HAS_BLOCK
10205,10206,FLOW
10205,10208,FLOW
10205,10212,FLOW
10285,10206,HAS_BLOCK
10206,10210,FLOW
10206,10268,FLOW
10206,10268,UNWIND
10285,10208,HAS_BLOCK
10208,10274,FLOW
10208,10268,FLOW
10208,10268,UNWIND
10285,10210,HAS_BLOCK
10210,10213,FLOW
10210,10268,FLOW
10210,10268,UNWIND
10210,10093,CALL
10285,10213,HAS_BLOCK
10213,10215,FLOW
10213,10268,FLOW
10213,10268,UNWIND
10285,10215,HAS_BLOCK
10215,10216,FLOW
10215,10218,FLOW
10215,10212,FLOW
10285,10216,HAS_BLOCK
10216,10220,FLOW
10216,10268,FLOW
10216,10268,UNWIND
10285,10218,HAS_BLOCK
10218,10275,FLOW
10218,10268,FLOW
10218,10268,UNWIND
10285,10220,HAS_BLOCK
10220,10221,FLOW
10220,10268,FLOW
10220,10268,UNWIND
10285,10221,HAS_BLOCK
10221,10223,FLOW
10221,10268,FLOW
10221,10268,UNWIND
10285,10223,HAS_BLOCK
10223,10225,FLOW
10223,10268,FLOW
10223,10268,UNWIND
10285,10225,HAS_BLOCK
10225,10227,FLOW
10225,10268,FLOW
10225,10268,UNWIND
10285,10227,HAS_BLOCK
10227,10228,FLOW
10227,10231,FLOW
10227,10212,FLOW
10285,10228,HAS_BLOCK
10228,10233,FLOW
10228,10268,FLOW
10228,10268,UNWIND
10285,10231,HAS_BLOCK
10231,10276,FLOW
10231,10268,FLOW
10231,10268,UNWIND
10285,10233,HAS_BLOCK
10233,10234,FLOW
10233,10268,FLOW
10233,10268,UNWIND
10285,10234,HAS_BLOCK
10234,10236,FLOW
10234,10268,FLOW
10234,10268,UNWIND
10285,10236,HAS_BLOCK
10236,10238,FLOW
10236,10268,FLOW
10236,10268,UNWIND
10285,10238,HAS_BLOCK
10238,10240,FLOW
10238,10268,FLOW
10238,10268,UNWIND
10285,10240,HAS_BLOCK
10240,10241,FLOW
10240,10243,FLOW
10240,10212,FLOW
10285,10241,HAS_BLOCK
10241,10245,FLOW
10241,10268,FLOW
10241,10268,UNWIND
10285,10243,HAS_BLOCK
10243,10279,FLOW
10243,10268,FLOW
10243,10268,UNWIND
10285,10245,HAS_BLOCK
10245,10246,FLOW
10245,10268,FLOW
10245,10268,UNWIND
10285,10246,HAS_BLOCK
10246,10250,FLOW
10246,10268,FLOW
10246,10268,UNWIND
10285,10250,HAS_BLOCK
10250,10252,FLOW
10250,10268,FLOW
10250,10268,UNWIND
10285,10252,HAS_BLOCK
10252,10254,FLOW
10252,10273,FLOW
10252,10273,UNWIND
10285,10254,HAS_BLOCK
10254,10255,FLOW
10254,10273,FLOW
10254,10273,UNWIND
10285,10255,HAS_BLOCK
10255,10257,FLOW
10255,10273,FLOW
10255,10273,UNWIND
10285,10257,HAS_BLOCK
10257,10259,FLOW
10257,10273,FLOW
10257,10273,UNWIND
10285,10259,HAS_BLOCK
10259,10261,FLOW
10259,10273,FLOW
10259,10273,UNWIND
10285,10261,HAS_BLOCK
10261,10179,FLOW
10261,10269,FLOW
10261,10269,UNWIND
10285,10262,HAS_BLOCK
10262,10263,FLOW
10262,10269,FLOW
10262,10269,UNWIND
10285,10263,HAS_BLOCK
10263,10264,FLOW
10263,10270,FLOW
10263,10270,UNWIND
10285,10264,HAS_BLOCK
10264,10267,FLOW
10285,10267,HAS_BLOCK
10267,10285,RETURN
10285,10268,HAS_BLOCK
10268,10269,FLOW
10285,10269,HAS_BLOCK
10269,10270,FLOW
10285,10270,HAS_BLOCK
10270,10271,FLOW
10285,10271,HAS_BLOCK
10285,10272,HAS_BLOCK
10272,10268,FLOW
10285,10273,HAS_BLOCK
10273,10268,FLOW
10273,10272,FLOW
10285,10274,HAS_BLOCK
10274,10262,FLOW
10285,10275,HAS_BLOCK
10275,10262,FLOW
10285,10276,HAS_BLOCK
10276,10262,FLOW
10285,10279,HAS_BLOCK
10279,10262,FLOW
10173,10174,HAS_PARAM
10173,10095,HAS_BLOCK
10095,10097,FLOW
10173,10097,HAS_BLOCK
10097,10114,FLOW
10173,10114,HAS_BLOCK
10114,10150,FLOW
10114,10162,FLOW
10114,10132,FLOW
10173,10132,HAS_BLOCK
10173,10150,HAS_BLOCK
10150,10165,FLOW
10150,10157,FLOW
10150,10157,UNWIND
10173,10162,HAS_BLOCK
10162,10154,FLOW
10173,10165,HAS_BLOCK
10165,10167,FLOW
10165,10156,FLOW
10165,10156,UNWIND
10173,10167,HAS_BLOCK
10167,10169,FLOW
10167,10156,FLOW
10167,10156,UNWIND
10173,10169,HAS_BLOCK
10169,10171,FLOW
10169,10156,FLOW
10169,10156,UNWIND
10173,10171,HAS_BLOCK
10171,10098,FLOW
10171,10156,FLOW
10171,10156,UNWIND
10173,10098,HAS_BLOCK
10098,10099,FLOW
10173,10099,HAS_BLOCK
10099,10101,FLOW
10099,10156,FLOW
10099,10156,UNWIND
10173,10101,HAS_BLOCK
10101,10103,FLOW
10101,10102,FLOW
10101,10132,FLOW
10173,10102,HAS_BLOCK
10102,10104,FLOW
10102,10099,FLOW
10173,10103,HAS_BLOCK
10103,10154,FLOW
10173,10104,HAS_BLOCK
10104,10106,FLOW
10104,10156,FLOW
10104,10156,UNWIND
10173,10106,HAS_BLOCK
10106,10108,FLOW
10106,10156,FLOW
10106,10156,UNWIND
10173,10108,HAS_BLOCK
10108,10109,FLOW
10108,10099,FLOW
10173,10109,HAS_BLOCK
10109,10111,FLOW
10109,10156,FLOW
10109,10156,UNWIND
10173,10111,HAS_BLOCK
10111,10115,FLOW
10111,10156,FLOW
10111,10156,UNWIND
10173,10115,HAS_BLOCK
10115,10117,FLOW
10115,10155,FLOW
10115,10155,UNWIND
10173,10117,HAS_BLOCK
10117,10119,FLOW
10117,10118,FLOW
10173,10118,HAS_BLOCK
10118,10099,FLOW
10118,10156,FLOW
10118,10156,UNWIND
10173,10119,HAS_BLOCK
10119,10121,FLOW
10119,10155,FLOW
10119,10155,UNWIND
10173,10121,HAS_BLOCK
10121,10123,FLOW
10121,10155,FLOW
10121,10155,UNWIND
10173,10123,HAS_BLOCK
10123,10125,FLOW
10123,10155,FLOW
10123,10155,UNWIND
10173,10125,HAS_BLOCK
10125,10126,FLOW
10125,10128,FLOW
10125,10132,FLOW
10173,10126,HAS_BLOCK
10126,10130,FLOW
10126,10155,FLOW
10126,10155,UNWIND
10173,10128,HAS_BLOCK
10128,10159,FLOW
10128,10155,FLOW
10128,10155,UNWIND
10173,10130,HAS_BLOCK
10130,10133,FLOW
10130,10155,FLOW
10130,10155,UNWIND
10173,10133,HAS_BLOCK
10133,10135,FLOW
10133,10155,FLOW
10133,10155,UNWIND
10173,10135,HAS_BLOCK
10135,10136,FLOW
10135,10138,FLOW
10135,10132,FLOW
10173,10136,HAS_BLOCK
10136,10140,FLOW
10136,10155,FLOW
10136,10155,UNWIND
10173,10138,HAS_BLOCK
10138,10160,FLOW
10138,10155,FLOW
10138,10155,UNWIND
10173,10140,HAS_BLOCK
10140,10142,FLOW
10140,10155,FLOW
10140,10155,UNWIND
10140,10027,CALL
10173,10142,HAS_BLOCK
10142,10144,FLOW
10142,10155,FLOW
10142,10155,UNWIND
10173,10144,HAS_BLOCK
10144,10145,FLOW
10144,10147,FLOW
10144,10132,FLOW
10173,10145,HAS_BLOCK
10145,10149,FLOW
10145,10155,FLOW
10145,10155,UNWIND
10173,10147,HAS_BLOCK
10147,10163,FLOW
10147,10155,FLOW
10147,10155,UNWIND
10173,10149,HAS_BLOCK
10149,10099,FLOW
10149,10156,FLOW
10149,10156,UNWIND
10173,10151,HAS_BLOCK
10151,10152,FLOW
10151,10156,FLOW
10151,10156,UNWIND
10173,10152,HAS_BLOCK
10152,10153,FLOW
10152,10157,FLOW
10152,10157,UNWIND
10173,10153,HAS_BLOCK
10153,10154,FLOW
10173,10154,HAS_BLOCK
10154,10173,RETURN
10173,10155,HAS_BLOCK
10155,10156,FLOW
10173,10156,HAS_BLOCK
10156,10157,FLOW
10173,10157,HAS_BLOCK
10157,10158,FLOW
10173,10158,HAS_BLOCK
10173,10159,HAS_BLOCK
10159,10151,FLOW
10173,10160,HAS_BLOCK
10160,10151,FLOW
10173,10163,HAS_BLOCK
10163,10151,FLOW
10093,10094,HAS_PARAM
10093,10029,HAS_BLOCK
10029,10078,FLOW
10093,10031,HAS_BLOCK
10031,10079,FLOW
10093,10048,HAS_BLOCK
10048,10084,FLOW
10093,10063,HAS_BLOCK
10063,10077,FLOW
10093,10075,HAS_BLOCK
10075,10084,FLOW
10093,10085,HAS_BLOCK
10085,10076,FLOW
10093,10087,HAS_BLOCK
10087,10084,FLOW
10093,10088,HAS_BLOCK
10088,10073,FLOW
10093,10090,HAS_BLOCK
10090,10084,FLOW
10093,10091,HAS_BLOCK
10091,10072,FLOW
10093,10032,HAS_BLOCK
10032,10084,FLOW
10093,10033,HAS_BLOCK
10033,10071,FLOW
10093,10035,HAS_BLOCK
10035,10084,FLOW
10093,10036,HAS_BLOCK
10036,10070,FLOW
10093,10038,HAS_BLOCK
10038,10084,FLOW
10093,10039,HAS_BLOCK
10039,10069,FLOW
10093,10041,HAS_BLOCK
10041,10084,FLOW
10093,10042,HAS_BLOCK
10042,10068,FLOW
10093,10044,HAS_BLOCK
10044,10084,FLOW
10093,10045,HAS_BLOCK
10045,10067,FLOW
10093,10049,HAS_BLOCK
10049,10084,FLOW
10093,10050,HAS_BLOCK
10050,10066,FLOW
10093,10052,HAS_BLOCK
10052,10084,FLOW
10093,10053,HAS_BLOCK
10053,10065,FLOW
10093,10055,HAS_BLOCK
10055,10084,FLOW
10093,10056,HAS_BLOCK
10056,10064,FLOW
10093,10058,HAS_BLOCK
10058,10084,FLOW
10093,10059,HAS_BLOCK
10059,10062,FLOW
10093,10061,HAS_BLOCK
10061,10084,FLOW
10093,10062,HAS_BLOCK
10062,10031,FLOW
10062,10061,FLOW
10093,10064,HAS_BLOCK
10064,10059,FLOW
10064,10058,FLOW
10093,10065,HAS_BLOCK
10065,10056,FLOW
10065,10055,FLOW
10093,10066,HAS_BLOCK
10066,10053,FLOW
10066,10052,FLOW
10093,10067,HAS_BLOCK
10067,10050,FLOW
10067,10049,FLOW
10093,10068,HAS_BLOCK
10068,10045,FLOW
10068,10044,FLOW
10093,10069,HAS_BLOCK
10069,10042,FLOW
10069,10041,FLOW
10093,10070,HAS_BLOCK
10070,10039,FLOW
10070,10038,FLOW
10093,10071,HAS_BLOCK
10071,10036,FLOW
10071,10035,FLOW
10093,10072,HAS_BLOCK
10072,10033,FLOW
10072,10032,FLOW
10093,10073,HAS_BLOCK
10073,10091,FLOW
10073,10090,FLOW
10093,10076,HAS_BLOCK
10076,10088,FLOW
10076,10087,FLOW
10093,10077,HAS_BLOCK
10077,10085,FLOW
10077,10075,FLOW
10093,10078,HAS_BLOCK
10078,10063,FLOW
10078,10048,FLOW
10093,10079,HAS_BLOCK
10079,10081,FLOW
10093,10081,HAS_BLOCK
10081,10083,FLOW
10093,10083,HAS_BLOCK
10083,10084,FLOW
10093,10084,HAS_BLOCK
10084,10093,RETURN
10027,10028,HAS_PARAM
10027,9947,HAS_BLOCK
9947,10013,FLOW
10027,9949,HAS_BLOCK
9949,10014,FLOW
10027,9966,HAS_BLOCK
9966,10019,FLOW
10027,9982,HAS_BLOCK
9982,10012,FLOW
10027,9997,HAS_BLOCK
9997,10019,FLOW
10027,10008,HAS_BLOCK
10008,10011,FLOW
10027,10021,HAS_BLOCK
10021,10019,FLOW
10027,10022,HAS_BLOCK
10022,10010,FLOW
10027,10024,HAS_BLOCK
10024,10019,FLOW
10027,10025,HAS_BLOCK
10025,10009,FLOW
10027,9950,HAS_BLOCK
9950,10019,FLOW
10027,9951,HAS_BLOCK
9951,10007,FLOW
10027,9953,HAS_BLOCK
9953,10019,FLOW
10027,9954,HAS_BLOCK
9954,10006,FLOW
10027,9956,HAS_BLOCK
9956,10019,FLOW
10027,9957,HAS_BLOCK
9957,10005,FLOW
10027,9959,HAS_BLOCK
9959,10019,FLOW
10027,9960,HAS_BLOCK
9960,10004,FLOW
10027,9962,HAS_BLOCK
9962,10019,FLOW
10027,9963,HAS_BLOCK
9963,10003,FLOW
10027,9967,HAS_BLOCK
9967,10019,FLOW
10027,9968,HAS_BLOCK
9968,10002,FLOW
10027,9970,HAS_BLOCK
9970,10019,FLOW
10027,9971,HAS_BLOCK
9971,10001,FLOW
10027,9973,HAS_BLOCK
9973,10019,FLOW
10027,9974,HAS_BLOCK
9974,10000,FLOW
10027,9976,HAS_BLOCK
9976,10019,FLOW
10027,9977,HAS_BLOCK
9977,9999,FLOW
10027,9979,HAS_BLOCK
9979,10019,FLOW
10027,9980,HAS_BLOCK
9980,9998,FLOW
10027,9983,HAS_BLOCK
9983,10019,FLOW
10027,9984,HAS_BLOCK
9984,9995,FLOW
10027,9986,HAS_BLOCK
9986,10019,FLOW
10027,9987,HAS_BLOCK
9987,9994,FLOW
10027,9989,HAS_BLOCK
9989,10019,FLOW
10027,9990,HAS_BLOCK
9990,9993,FLOW
10027,9992,HAS_BLOCK
9992,10019,FLOW
10027,9993,HAS_BLOCK
9993,9949,FLOW
9993,9992,FLOW
10027,9994,HAS_BLOCK
9994,9990,FLOW
9994,9989,FLOW
10027,9995,HAS_BLOCK
9995,9987,FLOW
9995,9986,FLOW
10027,9998,HAS_BLOCK
9998,9984,FLOW
9998,9983,FLOW
10027,9999,HAS_BLOCK
9999,9980,FLOW
9999,9979,FLOW
10027,10000,HAS_BLOCK
10000,9977,FLOW
10000,9976,FLOW
10027,10001,HAS_BLOCK
10001,9974,FLOW
10001,9973,FLOW
10027,10002,HAS_BLOCK
10002,9971,FLOW
10002,9970,FLOW
10027,10003,HAS_BLOCK
10003,9968,FLOW
10003,9967,FLOW
10027,10004,HAS_BLOCK
10004,9963,FLOW
10004,9962,FLOW
10027,10005,HAS_BLOCK
10005,9960,FLOW
10005,9959,FLOW
10027,10006,HAS_BLOCK
10006,9957,FLOW
10006,9956,FLOW
10027,10007,HAS_BLOCK
10007,9954,FLOW
10007,9953,FLOW
10027,10009,HAS_BLOCK
10009,9951,FLOW
10009,9950,FLOW
10027,10010,HAS_BLOCK
10010,10025,FLOW
10010,10024,FLOW
10027,10011,HAS_BLOCK
10011,10022,FLOW
10011,10021,FLOW
10027,10012,HAS_BLOCK
10012,10008,FLOW
10012,9997,FLOW
10027,10013,HAS_BLOCK
10013,9982,FLOW
10013,9966,FLOW
10027,10014,HAS_BLOCK
10014,10016,FLOW
10027,10016,HAS_BLOCK
10016,10018,FLOW
10027,10018,HAS_BLOCK
10018,10019,FLOW
10027,10019,HAS_BLOCK
10019,10027,RETURN
10396,10397,HAS_PARAM
10396,10398,HAS_PARAM
10396,10399,HAS_PARAM
10396,10316,HAS_BLOCK
10316,10318,FLOW
10396,10318,HAS_BLOCK
10318,10340,FLOW
10318,10378,FLOW
10318,10378,UNWIND
10396,10340,HAS_BLOCK
10340,10362,FLOW
10340,10378,FLOW
10340,10378,UNWIND
10340,10313,CALL
10396,10362,HAS_BLOCK
10362,10377,FLOW
10362,10374,FLOW
10362,10374,UNWIND
10396,10377,HAS_BLOCK
10377,10386,FLOW
10377,10394,FLOW
10377,10392,FLOW
10377,10390,FLOW
10377,10321,FLOW
10377,10319,FLOW
10377,10388,FLOW
10377,10369,FLOW
10396,10386,HAS_BLOCK
10386,10367,FLOW
10386,10374,FLOW
10386,10374,UNWIND
10396,10388,HAS_BLOCK
10388,10365,FLOW
10388,10374,FLOW
10388,10374,UNWIND
10396,10390,HAS_BLOCK
10390,10363,FLOW
10390,10374,FLOW
10390,10374,UNWIND
10396,10392,HAS_BLOCK
10392,10355,FLOW
10392,10374,FLOW
10392,10374,UNWIND
10396,10394,HAS_BLOCK
10394,10349,FLOW
10394,10374,FLOW
10394,10374,UNWIND
10396,10319,HAS_BLOCK
10319,10335,FLOW
10319,10374,FLOW
10319,10374,UNWIND
10396,10321,HAS_BLOCK
10321,10323,FLOW
10321,10374,FLOW
10321,10374,UNWIND
10396,10323,HAS_BLOCK
10323,10325,FLOW
10323,10374,FLOW
10323,10374,UNWIND
10396,10325,HAS_BLOCK
10325,10327,FLOW
10325,10374,FLOW
10325,10374,UNWIND
10396,10327,HAS_BLOCK
10327,10329,FLOW
10327,10374,FLOW
10327,10374,UNWIND
10396,10329,HAS_BLOCK
10329,10331,FLOW
10329,10374,FLOW
10329,10374,UNWIND
10396,10331,HAS_BLOCK
10331,10333,FLOW
10331,10374,FLOW
10331,10374,UNWIND
10331,9919,CALL
10396,10333,HAS_BLOCK
10333,10379,FLOW
10333,10374,FLOW
10333,10374,UNWIND
10396,10335,HAS_BLOCK
10335,10337,FLOW
10335,10374,FLOW
10335,10374,UNWIND
10396,10337,HAS_BLOCK
10337,10341,FLOW
10337,10374,FLOW
10337,10374,UNWIND
10396,10341,HAS_BLOCK
10341,10343,FLOW
10341,10374,FLOW
10341,10374,UNWIND
10396,10343,HAS_BLOCK
10343,10345,FLOW
10343,10374,FLOW
10343,10374,UNWIND
10396,10345,HAS_BLOCK
10345,10347,FLOW
10345,10374,FLOW
10345,10374,UNWIND
10345,9919,CALL
10396,10347,HAS_BLOCK
10347,10380,FLOW
10347,10374,FLOW
10347,10374,UNWIND
10396,10349,HAS_BLOCK
10349,10351,FLOW
10349,10374,FLOW
10349,10374,UNWIND
10396,10351,HAS_BLOCK
10351,10353,FLOW
10351,10374,FLOW
10351,10374,UNWIND
10351,9589,CALL
10396,10353,HAS_BLOCK
10353,10381,FLOW
10353,10374,FLOW
10353,10374,UNWIND
10396,10355,HAS_BLOCK
10355,10357,FLOW
10355,10374,FLOW
10355,10374,UNWIND
10396,10357,HAS_BLOCK
10357,10359,FLOW
10357,10374,FLOW
10357,10374,UNWIND
10357,9589,CALL
10396,10359,HAS_BLOCK
10359,10382,FLOW
10359,10374,FLOW
10359,10374,UNWIND
10396,10363,HAS_BLOCK
10363,10383,FLOW
10363,10374,FLOW
10363,10374,UNWIND
10396,10365,HAS_BLOCK
10365,10384,FLOW
10365,10374,FLOW
10365,10374,UNWIND
10396,10367,HAS_BLOCK
10367,10385,FLOW
10367,10374,FLOW
10367,10374,UNWIND
10396,10369,HAS_BLOCK
10369,10370,FLOW
10369,10372,FLOW
10396,10370,HAS_BLOCK
10370,10396,RETURN
10396,10371,HAS_BLOCK
10396,10372,HAS_BLOCK
10372,10370,FLOW
10372,10378,FLOW
10372,10378,UNWIND
10396,10373,HAS_BLOCK
10373,10378,FLOW
10396,10374,HAS_BLOCK
10374,10378,FLOW
10374,10373,FLOW
10396,10375,HAS_BLOCK
10375,10371,FLOW
10396,10378,HAS_BLOCK
10378,10371,FLOW
10378,10375,FLOW
10396,10379,HAS_BLOCK
10379,10369,FLOW
10396,10380,HAS_BLOCK
10380,10369,FLOW
10396,10381,HAS_BLOCK
10381,10369,FLOW
10396,10382,HAS_BLOCK
10382,10369,FLOW
10396,10383,HAS_BLOCK
10383,10369,FLOW
10396,10384,HAS_BLOCK
10384,10369,FLOW
10396,10385,HAS_BLOCK
10385,10369,FLOW
9873,9874,HAS_PARAM
9873,9875,HAS_PARAM
9873,9876,HAS_PARAM
9873,9773,HAS_BLOCK
9773,9793,FLOW
9873,9775,HAS_BLOCK
9775,9860,FLOW
9873,9793,HAS_BLOCK
9793,9812,FLOW
9793,9832,FLOW
9793,9776,FLOW
9873,9812,HAS_BLOCK
9812,9847,FLOW
9873,9832,HAS_BLOCK
9832,9775,FLOW
9873,9847,HAS_BLOCK
9847,9869,FLOW
9847,9863,FLOW
9873,9863,HAS_BLOCK
9863,9872,FLOW
9873,9869,HAS_BLOCK
9869,9871,FLOW
9873,9871,HAS_BLOCK
9871,9860,FLOW
9873,9872,HAS_BLOCK
9872,9778,FLOW
9872,9777,FLOW
9872,9776,FLOW
9873,9776,HAS_BLOCK
9873,9777,HAS_BLOCK
9777,9780,FLOW
9777,9780,FLOW
9777,9780,FLOW
9777,9776,FLOW
9873,9778,HAS_BLOCK
9778,9782,FLOW
9873,9780,HAS_BLOCK
9780,9783,FLOW
9873,9782,HAS_BLOCK
9782,9783,FLOW
9873,9783,HAS_BLOCK
9783,9785,FLOW
9873,9785,HAS_BLOCK
9785,9787,FLOW
9785,9861,FLOW
9785,9861,UNWIND
9873,9787,HAS_BLOCK
9787,9789,FLOW
9787,9861,FLOW
9787,9861,UNWIND
9873,9789,HAS_BLOCK
9789,9791,FLOW
9789,9861,FLOW
9789,9861,UNWIND
9873,9791,HAS_BLOCK
9791,9794,FLOW
9791,9861,FLOW
9791,9861,UNWIND
9873,9794,HAS_BLOCK
9794,9795,FLOW
9873,9795,HAS_BLOCK
9795,9797,FLOW
9795,9861,FLOW
9795,9861,UNWIND
9873,9797,HAS_BLOCK
9797,9800,FLOW
9797,9798,FLOW
9797,9776,FLOW
9873,9798,HAS_BLOCK
9798,9802,FLOW
9798,9861,FLOW
9798,9861,UNWIND
9873,9800,HAS_BLOCK
9800,9822,FLOW
9800,9861,FLOW
9800,9861,UNWIND
9873,9802,HAS_BLOCK
9802,9804,FLOW
9802,9861,FLOW
9802,9861,UNWIND
9873,9804,HAS_BLOCK
9804,9806,FLOW
9804,9861,FLOW
9804,9861,UNWIND
9873,9806,HAS_BLOCK
9806,9808,FLOW
9806,9861,FLOW
9806,9861,UNWIND
9806,10313,CALL
9873,9808,HAS_BLOCK
9808,9810,FLOW
9808,9867,FLOW
9808,9867,UNWIND
9873,9810,HAS_BLOCK
9810,9813,FLOW
9810,9867,FLOW
9810,9867,UNWIND
9873,9813,HAS_BLOCK
9813,9815,FLOW
9813,9867,FLOW
9813,9867,UNWIND
9873,9815,HAS_BLOCK
9815,9817,FLOW
9815,9867,FLOW
9815,9867,UNWIND
9873,9817,HAS_BLOCK
9817,9819,FLOW
9817,9867,FLOW
9817,9867,UNWIND
9873,9819,HAS_BLOCK
9819,9821,FLOW
9819,9867,FLOW
9819,9867,UNWIND
9873,9821,HAS_BLOCK
9821,9795,FLOW
9873,9822,HAS_BLOCK
9822,9824,FLOW
9822,9861,FLOW
9822,9861,UNWIND
9873,9824,HAS_BLOCK
9824,9826,FLOW
9824,9861,FLOW
9824,9861,UNWIND
9873,9826,HAS_BLOCK
9826,9828,FLOW
9826,9861,FLOW
9826,9861,UNWIND
9873,9828,HAS_BLOCK
9828,9829,FLOW
9873,9829,HAS_BLOCK
9829,9833,FLOW
9829,9861,FLOW
9829,9861,UNWIND
9873,9833,HAS_BLOCK
9833,9835,FLOW
9833,9834,FLOW
9833,9776,FLOW
9873,9834,HAS_BLOCK
9834,9836,FLOW
9834,9829,FLOW
9834,9776,FLOW
9873,9835,HAS_BLOCK
9835,9860,FLOW
9873,9836,HAS_BLOCK
9836,9838,FLOW
9836,9837,FLOW
9873,9837,HAS_BLOCK
9837,9839,FLOW
9873,9838,HAS_BLOCK
9838,9839,FLOW
9873,9839,HAS_BLOCK
9839,9829,FLOW
9839,9840,FLOW
9873,9840,HAS_BLOCK
9840,9842,FLOW
9840,9861,FLOW
9840,9861,UNWIND
9840,10313,CALL
9873,9842,HAS_BLOCK
9842,9844,FLOW
9842,9865,FLOW
9842,9865,UNWIND
9873,9844,HAS_BLOCK
9844,9848,FLOW
9844,9865,FLOW
9844,9865,UNWIND
9873,9848,HAS_BLOCK
9848,9850,FLOW
9848,9865,FLOW
9848,9865,UNWIND
9873,9850,HAS_BLOCK
9850,9852,FLOW
9850,9865,FLOW
9850,9865,UNWIND
9873,9852,HAS_BLOCK
9852,9854,FLOW
9852,9865,FLOW
9852,9865,UNWIND
9873,9854,HAS_BLOCK
9854,9856,FLOW
9854,9865,FLOW
9854,9865,UNWIND
9873,9856,HAS_BLOCK
9856,9858,FLOW
9856,9865,FLOW
9856,9865,UNWIND
9873,9858,HAS_BLOCK
9858,9859,FLOW
9858,9865,FLOW
9858,9865,UNWIND
9873,9859,HAS_BLOCK
9859,9829,FLOW
9873,9860,HAS_BLOCK
9860,9873,RETURN
9873,9861,HAS_BLOCK
9861,9862,FLOW
9873,9862,HAS_BLOCK
9873,9864,HAS_BLOCK
9864,9861,FLOW
9873,9865,HAS_BLOCK
9865,9861,FLOW
9865,9864,FLOW
9873,9866,HAS_BLOCK
9866,9861,FLOW
9873,9867,HAS_BLOCK
9867,9861,FLOW
9867,9866,FLOW
9389,9390,HAS_PARAM
9389,9391,HAS_PARAM
9389,9392,HAS_PARAM
9389,9148,HAS_BLOCK
9148,9150,FLOW
9389,9150,HAS_BLOCK
9150,9245,FLOW
9150,9224,FLOW
9150,9224,UNWIND
9389,9245,HAS_BLOCK
9245,9261,FLOW
9389,9261,HAS_BLOCK
9261,9281,FLOW
9261,9224,FLOW
9261,9224,UNWIND
9389,9281,HAS_BLOCK
9281,9333,FLOW
9281,9312,FLOW
9281,9297,FLOW
9389,9297,HAS_BLOCK
9389,9312,HAS_BLOCK
9312,9351,FLOW
9312,9224,FLOW
9312,9224,UNWIND
9389,9333,HAS_BLOCK
9333,9389,RETURN
9389,9351,HAS_BLOCK
9351,9170,FLOW
9351,9170,FLOW
9351,9368,FLOW
9351,9368,FLOW
9351,9151,FLOW
9351,9302,FLOW
9389,9368,HAS_BLOCK
9368,9270,FLOW
9368,9224,FLOW
9368,9224,UNWIND
9389,9151,HAS_BLOCK
9151,9253,FLOW
9151,9224,FLOW
9151,9224,UNWIND
9389,9170,HAS_BLOCK
9170,9185,FLOW
9170,9224,FLOW
9170,9224,UNWIND
9389,9185,HAS_BLOCK
9185,9204,FLOW
9185,9224,FLOW
9185,9224,UNWIND
9389,9204,HAS_BLOCK
9204,9216,FLOW
9204,9302,FLOW
9204,9297,FLOW
9389,9216,HAS_BLOCK
9216,9228,FLOW
9216,9224,FLOW
9216,9224,UNWIND
9389,9228,HAS_BLOCK
9228,9238,FLOW
9228,9224,FLOW
9228,9224,UNWIND
9228,9635,CALL
9389,9238,HAS_BLOCK
9238,9240,FLOW
9238,9224,FLOW
9238,9224,UNWIND
9389,9240,HAS_BLOCK
9240,9241,FLOW
9389,9241,HAS_BLOCK
9241,9243,FLOW
9241,9223,FLOW
9241,9223,UNWIND
9389,9243,HAS_BLOCK
9243,9248,FLOW
9243,9246,FLOW
9243,9297,FLOW
9389,9246,HAS_BLOCK
9246,9249,FLOW
9246,9222,FLOW
9246,9222,UNWIND
9389,9248,HAS_BLOCK
9248,9302,FLOW
9248,9224,FLOW
9248,9224,UNWIND
9389,9249,HAS_BLOCK
9249,9250,FLOW
9249,9252,FLOW
9249,9297,FLOW
9389,9250,HAS_BLOCK
9250,9226,FLOW
9250,9222,FLOW
9250,9222,UNWIND
9389,9252,HAS_BLOCK
9252,9241,FLOW
9252,9223,FLOW
9252,9223,UNWIND
9389,9253,HAS_BLOCK
9253,9255,FLOW
9253,9224,FLOW
9253,9224,UNWIND
9389,9255,HAS_BLOCK
9255,9256,FLOW
9255,9302,FLOW
9255,9297,FLOW
9389,9256,HAS_BLOCK
9256,9302,FLOW
9256,9257,FLOW
9389,9257,HAS_BLOCK
9257,9259,FLOW
9257,9224,FLOW
9257,9224,UNWIND
9389,9259,HAS_BLOCK
9259,9262,FLOW
9259,9224,FLOW
9259,9224,UNWIND
9389,9262,HAS_BLOCK
9262,9264,FLOW
9262,9224,FLOW
9262,9224,UNWIND
9389,9264,HAS_BLOCK
9264,9266,FLOW
9264,9221,FLOW
9264,9221,UNWIND
9389,9266,HAS_BLOCK
9266,9267,FLOW
9266,9269,FLOW
9266,9297,FLOW
9389,9267,HAS_BLOCK
9267,9229,FLOW
9267,9221,FLOW
9267,9221,UNWIND
9389,9269,HAS_BLOCK
9269,9302,FLOW
9269,9224,FLOW
9269,9224,UNWIND
9389,9270,HAS_BLOCK
9270,9272,FLOW
9270,9224,FLOW
9270,9224,UNWIND
9389,9272,HAS_BLOCK
9272,9274,FLOW
9272,9224,FLOW
9272,9224,UNWIND
9389,9274,HAS_BLOCK
9274,9276,FLOW
9274,9224,FLOW
9274,9224,UNWIND
9389,9276,HAS_BLOCK
9276,9278,FLOW
9276,9220,FLOW
9276,9220,UNWIND
9389,9278,HAS_BLOCK
9278,9282,FLOW
9278,9220,FLOW
9278,9220,UNWIND
9389,9282,HAS_BLOCK
9282,9283,FLOW
9282,9301,FLOW
9282,9297,FLOW
9389,9283,HAS_BLOCK
9283,9285,FLOW
9283,9220,FLOW
9283,9220,UNWIND
9389,9285,HAS_BLOCK
9285,9287,FLOW
9285,9220,FLOW
9285,9220,UNWIND
9285,9943,CALL
9389,9287,HAS_BLOCK
9287,9289,FLOW
9287,9220,FLOW
9287,9220,UNWIND
9389,9289,HAS_BLOCK
9289,9290,FLOW
9389,9290,HAS_BLOCK
9290,9292,FLOW
9290,9219,FLOW
9290,9219,UNWIND
9389,9292,HAS_BLOCK
9292,9295,FLOW
9292,9293,FLOW
9292,9297,FLOW
9389,9293,HAS_BLOCK
9293,9296,FLOW
9293,9218,FLOW
9293,9218,UNWIND
9389,9295,HAS_BLOCK
9295,9301,FLOW
9295,9220,FLOW
9295,9220,UNWIND
9389,9296,HAS_BLOCK
9296,9298,FLOW
9296,9300,FLOW
9296,9297,FLOW
9389,9298,HAS_BLOCK
9298,9230,FLOW
9298,9218,FLOW
9298,9218,UNWIND
9389,9300,HAS_BLOCK
9300,9290,FLOW
9300,9219,FLOW
9300,9219,UNWIND
9389,9301,HAS_BLOCK
9301,9302,FLOW
9301,9224,FLOW
9301,9224,UNWIND
9389,9302,HAS_BLOCK
9302,9304,FLOW
9302,9224,FLOW
9302,9224,UNWIND
9389,9304,HAS_BLOCK
9304,9305,FLOW
9304,9261,FLOW
9304,9297,FLOW
9389,9305,HAS_BLOCK
9305,9307,FLOW
9305,9224,FLOW
9305,9224,UNWIND
9389,9307,HAS_BLOCK
9307,9261,FLOW
9307,9308,FLOW
9389,9308,HAS_BLOCK
9308,9310,FLOW
9308,9224,FLOW
9308,9224,UNWIND
9389,9310,HAS_BLOCK
9310,9313,FLOW
9310,9311,FLOW
9310,9297,FLOW
9389,9311,HAS_BLOCK
9311,9315,FLOW
9311,9315,FLOW
9311,9315,FLOW
9311,9297,FLOW
9389,9313,HAS_BLOCK
9313,9317,FLOW
9313,9224,FLOW
9313,9224,UNWIND
9389,9315,HAS_BLOCK
9315,9231,FLOW
9315,9224,FLOW
9315,9224,UNWIND
9389,9317,HAS_BLOCK
9317,9318,FLOW
9389,9318,HAS_BLOCK
9318,9320,FLOW
9318,9224,FLOW
9318,9224,UNWIND
9389,9320,HAS_BLOCK
9320,9322,FLOW
9320,9224,FLOW
9320,9224,UNWIND
9389,9322,HAS_BLOCK
9322,9324,FLOW
9322,9224,FLOW
9322,9224,UNWIND
9389,9324,HAS_BLOCK
9324,9326,FLOW
9324,9224,FLOW
9324,9224,UNWIND
9389,9326,HAS_BLOCK
9326,9328,FLOW
9326,9217,FLOW
9326,9217,UNWIND
9389,9328,HAS_BLOCK
9328,9330,FLOW
9328,9217,FLOW
9328,9217,UNWIND
9389,9330,HAS_BLOCK
9330,9334,FLOW
9330,9217,FLOW
9330,9217,UNWIND
9389,9334,HAS_BLOCK
9334,9336,FLOW
9334,9217,FLOW
9334,9217,UNWIND
9389,9336,HAS_BLOCK
9336,9338,FLOW
9336,9217,FLOW
9336,9217,UNWIND
9389,9338,HAS_BLOCK
9338,9340,FLOW
9338,9217,FLOW
9338,9217,UNWIND
9389,9340,HAS_BLOCK
9340,9341,FLOW
9389,9341,HAS_BLOCK
9341,9343,FLOW
9341,9217,FLOW
9341,9217,UNWIND
9389,9343,HAS_BLOCK
9343,9346,FLOW
9343,9344,FLOW
9343,9297,FLOW
9389,9344,HAS_BLOCK
9344,9347,FLOW
9344,9217,FLOW
9344,9217,UNWIND
9389,9346,HAS_BLOCK
9346,9261,FLOW
9346,9224,FLOW
9346,9224,UNWIND
9389,9347,HAS_BLOCK
9347,9349,FLOW
9347,9217,FLOW
9347,9217,UNWIND
9389,9349,HAS_BLOCK
9349,9352,FLOW
9349,9217,FLOW
9349,9217,UNWIND
9389,9352,HAS_BLOCK
9352,9354,FLOW
9352,9217,FLOW
9352,9217,UNWIND
9389,9354,HAS_BLOCK
9354,9356,FLOW
9354,9217,FLOW
9354,9217,UNWIND
9389,9356,HAS_BLOCK
9356,9358,FLOW
9356,9215,FLOW
9356,9215,UNWIND
9389,9358,HAS_BLOCK
9358,9210,FLOW
9358,9359,FLOW
9358,9297,FLOW
9389,9359,HAS_BLOCK
9359,9360,FLOW
9359,9362,FLOW
9359,9297,FLOW
9389,9360,HAS_BLOCK
9360,9232,FLOW
9360,9215,FLOW
9360,9215,UNWIND
9389,9362,HAS_BLOCK
9362,9363,FLOW
9362,9209,FLOW
9362,9297,FLOW
9389,9363,HAS_BLOCK
9363,9365,FLOW
9363,9215,FLOW
9363,9215,UNWIND
9389,9365,HAS_BLOCK
9365,9367,FLOW
9365,9215,FLOW
9365,9215,UNWIND
9389,9367,HAS_BLOCK
9367,9369,FLOW
9389,9369,HAS_BLOCK
9369,9371,FLOW
9369,9215,FLOW
9369,9215,UNWIND
9389,9371,HAS_BLOCK
9371,9374,FLOW
9371,9372,FLOW
9371,9297,FLOW
9389,9372,HAS_BLOCK
9372,9376,FLOW
9372,9215,FLOW
9372,9215,UNWIND
9389,9374,HAS_BLOCK
9374,9156,FLOW
9374,9215,FLOW
9374,9215,UNWIND
9374,10409,CALL
9389,9376,HAS_BLOCK
9376,9378,FLOW
9376,9215,FLOW
9376,9215,UNWIND
9389,9378,HAS_BLOCK
9378,9380,FLOW
9378,9215,FLOW
9378,9215,UNWIND
9389,9380,HAS_BLOCK
9380,9382,FLOW
9380,9215,FLOW
9380,9215,UNWIND
9389,9382,HAS_BLOCK
9382,9384,FLOW
9382,9215,FLOW
9382,9215,UNWIND
9389,9384,HAS_BLOCK
9384,9386,FLOW
9384,9215,FLOW
9384,9215,UNWIND
9389,9386,HAS_BLOCK
9386,9152,FLOW
9386,9214,FLOW
9386,9214,UNWIND
9389,9152,HAS_BLOCK
9152,9153,FLOW
9152,9155,FLOW
9152,9297,FLOW
9389,9153,HAS_BLOCK
9153,9233,FLOW
9153,9214,FLOW
9153,9214,UNWIND
9389,9155,HAS_BLOCK
9155,9369,FLOW
9155,9215,FLOW
9155,9215,UNWIND
9389,9156,HAS_BLOCK
9156,9157,FLOW
9156,9177,FLOW
9156,9297,FLOW
9389,9157,HAS_BLOCK
9157,9159,FLOW
9157,9215,FLOW
9157,9215,UNWIND
9389,9159,HAS_BLOCK
9159,9161,FLOW
9159,9215,FLOW
9159,9215,UNWIND
9389,9161,HAS_BLOCK
9161,9163,FLOW
9161,9215,FLOW
9161,9215,UNWIND
9389,9163,HAS_BLOCK
9163,9165,FLOW
9163,9215,FLOW
9163,9215,UNWIND
9389,9165,HAS_BLOCK
9165,9167,FLOW
9165,9215,FLOW
9165,9215,UNWIND
9389,9167,HAS_BLOCK
9167,9171,FLOW
9167,9215,FLOW
9167,9215,UNWIND
9389,9171,HAS_BLOCK
9171,9173,FLOW
9171,9213,FLOW
9171,9213,UNWIND
9389,9173,HAS_BLOCK
9173,9174,FLOW
9173,9176,FLOW
9173,9297,FLOW
9389,9174,HAS_BLOCK
9174,9234,FLOW
9174,9213,FLOW
9174,9213,UNWIND
9389,9176,HAS_BLOCK
9176,9177,FLOW
9176,9215,FLOW
9176,9215,UNWIND
9389,9177,HAS_BLOCK
9177,9179,FLOW
9177,9178,FLOW
9389,9178,HAS_BLOCK
9178,9180,FLOW
9389,9179,HAS_BLOCK
9179,9180,FLOW
9389,9180,HAS_BLOCK
9180,9186,FLOW
9180,9181,FLOW
9389,9181,HAS_BLOCK
9181,9182,FLOW
9181,9186,FLOW
9181,9297,FLOW
9389,9182,HAS_BLOCK
9182,9235,FLOW
9182,9215,FLOW
9182,9215,UNWIND
9389,9186,HAS_BLOCK
9186,9187,FLOW
9186,9209,FLOW
9389,9187,HAS_BLOCK
9187,9189,FLOW
9187,9215,FLOW
9187,9215,UNWIND
9389,9189,HAS_BLOCK
9189,9190,FLOW
9189,9209,FLOW
9189,9297,FLOW
9389,9190,HAS_BLOCK
9190,9192,FLOW
9190,9215,FLOW
9190,9215,UNWIND
9389,9192,HAS_BLOCK
9192,9194,FLOW
9192,9212,FLOW
9192,9212,UNWIND
9389,9194,HAS_BLOCK
9194,9196,FLOW
9194,9212,FLOW
9194,9212,UNWIND
9389,9196,HAS_BLOCK
9196,9198,FLOW
9196,9212,FLOW
9196,9212,UNWIND
9389,9198,HAS_BLOCK
9198,9199,FLOW
9198,9215,FLOW
9198,9215,UNWIND
9389,9199,HAS_BLOCK
9199,9201,FLOW
9199,9215,FLOW
9199,9215,UNWIND
9389,9201,HAS_BLOCK
9201,9205,FLOW
9201,9211,FLOW
9201,9211,UNWIND
9389,9205,HAS_BLOCK
9205,9206,FLOW
9205,9208,FLOW
9205,9297,FLOW
9389,9206,HAS_BLOCK
9206,9236,FLOW
9206,9211,FLOW
9206,9211,UNWIND
9389,9208,HAS_BLOCK
9208,9209,FLOW
9208,9215,FLOW
9208,9215,UNWIND
9389,9209,HAS_BLOCK
9209,9341,FLOW
9209,9217,FLOW
9209,9217,UNWIND
9389,9210,HAS_BLOCK
9210,9341,FLOW
9210,9217,FLOW
9210,9217,UNWIND
9389,9211,HAS_BLOCK
9211,9215,FLOW
9389,9212,HAS_BLOCK
9212,9215,FLOW
9389,9213,HAS_BLOCK
9213,9215,FLOW
9389,9214,HAS_BLOCK
9214,9215,FLOW
9389,9215,HAS_BLOCK
9215,9217,FLOW
9389,9217,HAS_BLOCK
9217,9224,FLOW
9389,9218,HAS_BLOCK
9218,9219,FLOW
9389,9219,HAS_BLOCK
9219,9220,FLOW
9389,9220,HAS_BLOCK
9220,9224,FLOW
9389,9221,HAS_BLOCK
9221,9224,FLOW
9389,9222,HAS_BLOCK
9222,9223,FLOW
9389,9223,HAS_BLOCK
9223,9224,FLOW
9389,9224,HAS_BLOCK
9224,9225,FLOW
9389,9225,HAS_BLOCK
9389,9226,HAS_BLOCK
9226,9252,FLOW
9389,9229,HAS_BLOCK
9229,9269,FLOW
9389,9230,HAS_BLOCK
9230,9300,FLOW
9389,9231,HAS_BLOCK
9231,9318,FLOW
9389,9232,HAS_BLOCK
9232,9362,FLOW
9389,9233,HAS_BLOCK
9233,9155,FLOW
9389,9234,HAS_BLOCK
9234,9176,FLOW
9389,9235,HAS_BLOCK
9235,9186,FLOW
9389,9236,HAS_BLOCK
9236,9208,FLOW
10313,10314,HAS_PARAM
10313,10315,HAS_PARAM
10313,10287,HAS_BLOCK
10287,10289,FLOW
10313,10289,HAS_BLOCK
10289,10297,FLOW
10313,10297,HAS_BLOCK
10297,10299,FLOW
10313,10299,HAS_BLOCK
10299,10301,FLOW
10313,10301,HAS_BLOCK
10301,10303,FLOW
10301,10294,FLOW
10301,10294,UNWIND
10313,10303,HAS_BLOCK
10303,10305,FLOW
10303,10294,FLOW
10303,10294,UNWIND
10313,10305,HAS_BLOCK
10305,10307,FLOW
10305,10294,FLOW
10305,10294,UNWIND
10313,10307,HAS_BLOCK
10307,10309,FLOW
10307,10294,FLOW
10307,10294,UNWIND
10313,10309,HAS_BLOCK
10309,10311,FLOW
10309,10294,FLOW
10309,10294,UNWIND
10313,10311,HAS_BLOCK
10311,10290,FLOW
10311,10293,FLOW
10311,10293,UNWIND
10313,10290,HAS_BLOCK
10290,10291,FLOW
10290,10293,FLOW
10290,10293,UNWIND
10313,10291,HAS_BLOCK
10291,10292,FLOW
10313,10292,HAS_BLOCK
10292,10313,RETURN
10313,10293,HAS_BLOCK
10293,10294,FLOW
10313,10294,HAS_BLOCK
10294,10295,FLOW
10313,10295,HAS_BLOCK
9652,9653,HAS_PARAM
9652,9639,HAS_BLOCK
9639,9641,FLOW
9652,9641,HAS_BLOCK
9641,9643,FLOW
9652,9643,HAS_BLOCK
9643,9645,FLOW
9652,9645,HAS_BLOCK
9645,9647,FLOW
9652,9647,HAS_BLOCK
9647,9649,FLOW
9652,9649,HAS_BLOCK
9649,9651,FLOW
9652,9651,HAS_BLOCK
9651,9652,RETURN
9919,9920,HAS_PARAM
9919,9921,HAS_PARAM
9919,9922,HAS_PARAM
9919,9877,HAS_BLOCK
9877,9879,FLOW
9919,9879,HAS_BLOCK
9879,9897,FLOW
9879,9904,FLOW
9879,9904,UNWIND
9919,9897,HAS_BLOCK
9897,9908,FLOW
9897,9910,FLOW
9897,9884,FLOW
9919,9908,HAS_BLOCK
9908,9911,FLOW
9908,9904,FLOW
9908,9904,UNWIND
9919,9910,HAS_BLOCK
9910,9903,FLOW
9919,9911,HAS_BLOCK
9911,9912,FLOW
9911,9914,FLOW
9911,9884,FLOW
9919,9912,HAS_BLOCK
9912,9915,FLOW
9912,9904,FLOW
9912,9904,UNWIND
9919,9914,HAS_BLOCK
9914,9903,FLOW
9919,9915,HAS_BLOCK
9915,9917,FLOW
9915,9904,FLOW
9915,9904,UNWIND
9919,9917,HAS_BLOCK
9917,9880,FLOW
9917,9904,FLOW
9917,9904,UNWIND
9919,9880,HAS_BLOCK
9880,9881,FLOW
9919,9881,HAS_BLOCK
9881,9883,FLOW
9881,9904,FLOW
9881,9904,UNWIND
9919,9883,HAS_BLOCK
9883,9887,FLOW
9883,9885,FLOW
9883,9884,FLOW
9919,9884,HAS_BLOCK
9919,9885,HAS_BLOCK
9885,9888,FLOW
9885,9904,FLOW
9885,9904,UNWIND
9885,10313,CALL
9919,9887,HAS_BLOCK
9887,9903,FLOW
9919,9888,HAS_BLOCK
9888,9890,FLOW
9888,9907,FLOW
9888,9907,UNWIND
9919,9890,HAS_BLOCK
9890,9892,FLOW
9890,9907,FLOW
9890,9907,UNWIND
9919,9892,HAS_BLOCK
9892,9894,FLOW
9892,9907,FLOW
9892,9907,UNWIND
9919,9894,HAS_BLOCK
9894,9898,FLOW
9894,9907,FLOW
9894,9907,UNWIND
9919,9898,HAS_BLOCK
9898,9900,FLOW
9898,9907,FLOW
9898,9907,UNWIND
9919,9900,HAS_BLOCK
9900,9902,FLOW
9900,9907,FLOW
9900,9907,UNWIND
9919,9902,HAS_BLOCK
9902,9881,FLOW
9919,9903,HAS_BLOCK
9903,9919,RETURN
9919,9904,HAS_BLOCK
9904,9905,FLOW
9919,9905,HAS_BLOCK
9919,9906,HAS_BLOCK
9906,9904,FLOW
9919,9907,HAS_BLOCK
9907,9904,FLOW
9907,9906,FLOW
9943,9944,HAS_PARAM
9943,9945,HAS_PARAM
9943,9946,HAS_PARAM
9943,9923,HAS_BLOCK
9923,9925,FLOW
9943,9925,HAS_BLOCK
9925,9928,FLOW
9925,9930,FLOW
9925,9927,FLOW
9943,9928,HAS_BLOCK
9928,9932,FLOW
9943,9930,HAS_BLOCK
9930,9926,FLOW
9943,9932,HAS_BLOCK
9932,9933,FLOW
9932,9935,FLOW
9932,9927,FLOW
9943,9933,HAS_BLOCK
9933,9937,FLOW
9943,9935,HAS_BLOCK
9935,9926,FLOW
9943,9937,HAS_BLOCK
9937,9939,FLOW
9943,9939,HAS_BLOCK
9939,9941,FLOW
9943,9941,HAS_BLOCK
9941,9926,FLOW
9943,9926,HAS_BLOCK
9926,9943,RETURN
9943,9927,HAS_BLOCK
9589,9590,HAS_PARAM
9589,9591,HAS_PARAM
9589,9592,HAS_PARAM
9589,9562,HAS_BLOCK
9562,9564,FLOW
9589,9564,HAS_BLOCK
9564,9577,FLOW
9564,9571,FLOW
9564,9571,UNWIND
9564,9635,CALL
9589,9577,HAS_BLOCK
9577,9579,FLOW
9577,9571,FLOW
9577,9571,UNWIND
9589,9579,HAS_BLOCK
9579,9580,FLOW
9589,9580,HAS_BLOCK
9580,9582,FLOW
9580,9570,FLOW
9580,9570,UNWIND
9589,9582,HAS_BLOCK
9582,9586,FLOW
9582,9584,FLOW
9582,9583,FLOW
9589,9583,HAS_BLOCK
9589,9584,HAS_BLOCK
9584,9587,FLOW
9584,9575,FLOW
9584,9575,UNWIND
9589,9586,HAS_BLOCK
9586,9568,FLOW
9586,9571,FLOW
9586,9571,UNWIND
9589,9587,HAS_BLOCK
9587,9565,FLOW
9587,9575,FLOW
9587,9575,UNWIND
9587,10313,CALL
9589,9565,HAS_BLOCK
9565,9567,FLOW
9565,9569,FLOW
9565,9569,UNWIND
9589,9567,HAS_BLOCK
9567,9580,FLOW
9589,9568,HAS_BLOCK
9568,9589,RETURN
9589,9569,HAS_BLOCK
9569,9575,FLOW
9569,9573,FLOW
9589,9570,HAS_BLOCK
9570,9571,FLOW
9589,9571,HAS_BLOCK
9571,9572,FLOW
9589,9572,HAS_BLOCK
9589,9573,HAS_BLOCK
9573,9575,FLOW
9589,9574,HAS_BLOCK
9574,9570,FLOW
9589,9575,HAS_BLOCK
9575,9570,FLOW
9575,9574,FLOW
9635,9636,HAS_PARAM
9635,9637,HAS_PARAM
9635,9638,HAS_PARAM
9635,9593,HAS_BLOCK
9593,9595,FLOW
9635,9595,HAS_BLOCK
9595,9615,FLOW
9595,9622,FLOW
9595,9622,UNWIND
9635,9615,HAS_BLOCK
9615,9625,FLOW
9615,9622,FLOW
9615,9622,UNWIND
9635,9625,HAS_BLOCK
9625,9627,FLOW
9625,9622,FLOW
9625,9622,UNWIND
9635,9627,HAS_BLOCK
9627,9628,FLOW
9635,9628,HAS_BLOCK
9628,9630,FLOW
9628,9622,FLOW
9628,9622,UNWIND
9635,9630,HAS_BLOCK
9630,9634,FLOW
9630,9632,FLOW
9630,9631,FLOW
9635,9631,HAS_BLOCK
9635,9632,HAS_BLOCK
9632,9596,FLOW
9632,9622,FLOW
9632,9622,UNWIND
9635,9634,HAS_BLOCK
9634,9635,RETURN
9635,9596,HAS_BLOCK
9596,9598,FLOW
9596,9622,FLOW
9596,9622,UNWIND
9635,9598,HAS_BLOCK
9598,9600,FLOW
9598,9622,FLOW
9598,9622,UNWIND
9635,9600,HAS_BLOCK
9600,9601,FLOW
9635,9601,HAS_BLOCK
9601,9603,FLOW
9601,9622,FLOW
9601,9622,UNWIND
9635,9603,HAS_BLOCK
9603,9628,FLOW
9603,9604,FLOW
9603,9631,FLOW
9635,9604,HAS_BLOCK
9604,9606,FLOW
9604,9622,FLOW
9604,9622,UNWIND
9635,9606,HAS_BLOCK
9606,9608,FLOW
9606,9621,FLOW
9606,9621,UNWIND
9635,9608,HAS_BLOCK
9608,9610,FLOW
9608,9621,FLOW
9608,9621,UNWIND
9635,9610,HAS_BLOCK
9610,9612,FLOW
9610,9621,FLOW
9610,9621,UNWIND
9635,9612,HAS_BLOCK
9612,9616,FLOW
9612,9621,FLOW
9612,9621,UNWIND
9635,9616,HAS_BLOCK
9616,9618,FLOW
9616,9621,FLOW
9616,9621,UNWIND
9635,9618,HAS_BLOCK
9618,9620,FLOW
9618,9621,FLOW
9618,9621,UNWIND
9635,9620,HAS_BLOCK
9620,9601,FLOW
9620,9622,FLOW
9620,9622,UNWIND
9635,9621,HAS_BLOCK
9621,9622,FLOW
9635,9622,HAS_BLOCK
9622,9623,FLOW
9635,9623,HAS_BLOCK
10409,10410,HAS_PARAM
10409,10400,HAS_BLOCK
10400,10402,FLOW
10409,10402,HAS_BLOCK
10402,10405,FLOW
10402,10404,FLOW
10402,10403,FLOW
10409,10403,HAS_BLOCK
10409,10404,HAS_BLOCK
10404,10406,FLOW
10404,10406,FLOW
10404,10406,FLOW
10404,10407,FLOW
10404,10403,FLOW
10409,10405,HAS_BLOCK
10405,10408,FLOW
10409,10406,HAS_BLOCK
10406,10408,FLOW
10409,10407,HAS_BLOCK
10407,10408,FLOW
10409,10408,HAS_BLOCK
10408,10409,RETURN
10477,10479,HAS_FIELD
10477,10478,HAS_FIELD
10444,10446,HAS_FIELD
10444,10445,HAS_FIELD
10422,10425,HAS_FIELD
10422,10426,HAS_FIELD
10422,10428,HAS_FIELD
10422,10424,HAS_FIELD
10422,10427,HAS_FIELD
10422,10423,HAS_FIELD
10466,10468,HAS_FIELD
10466,10467,HAS_FIELD
10412,10415,HAS_FIELD
10412,10413,HAS_FIELD
10412,10414,HAS_FIELD
10433,10435,HAS_FIELD
10433,10434,HAS_FIELD
10417,10421,HAS_FIELD
10417,10420,HAS_FIELD
10417,10418,HAS_FIELD
10417,10419,HAS_FIELD
10455,10457,HAS_FIELD
10455,10456,HAS_FIELD
5390,5391,HAS_PARAM
5390,5392,HAS_PARAM
5390,5387,HAS_BLOCK
5387,5389,FLOW
5390,5389,HAS_BLOCK
5389,5390,RETURN
5385,5386,HAS_PARAM
5385,5378,HAS_BLOCK
5378,5380,FLOW
5385,5380,HAS_BLOCK
5380,5382,FLOW
5380,5383,FLOW
5380,5383,UNWIND
5385,5382,HAS_BLOCK
5382,5385,RETURN
5385,5383,HAS_BLOCK
5383,5384,FLOW
5385,5384,HAS_BLOCK
5540,5541,HAS_PARAM
5540,5542,HAS_PARAM
5540,5537,HAS_BLOCK
5537,5539,FLOW
5540,5539,HAS_BLOCK
5539,5540,RETURN
8124,8125,HAS_PARAM
8124,8121,HAS_BLOCK
8121,8123,FLOW
8124,8123,HAS_BLOCK
8123,8124,RETURN
5577,5578,HAS_PARAM
5577,5579,HAS_PARAM
5577,5574,HAS_BLOCK
5574,5576,FLOW
5577,5576,HAS_BLOCK
5576,5577,RETURN
5606,5607,HAS_PARAM
5606,5608,HAS_PARAM
5606,5602,HAS_BLOCK
5602,5604,FLOW
5602,5603,FLOW
5606,5603,HAS_BLOCK
5603,5605,FLOW
5606,5604,HAS_BLOCK
5604,5605,FLOW
5606,5605,HAS_BLOCK
5605,5606,RETURN
5599,5600,HAS_PARAM
5599,5601,HAS_PARAM
5599,5593,HAS_BLOCK
5593,5597,FLOW
5599,5595,HAS_BLOCK
5595,5598,FLOW
5599,5596,HAS_BLOCK
5596,5598,FLOW
5599,5597,HAS_BLOCK
5597,5595,FLOW
5597,5596,FLOW
5599,5598,HAS_BLOCK
5598,5599,RETURN
5590,5591,HAS_PARAM
5590,5592,HAS_PARAM
5590,5580,HAS_BLOCK
5580,5581,FLOW
5580,5582,FLOW
5590,5581,HAS_BLOCK
5581,5589,FLOW
5590,5582,HAS_BLOCK
5582,5583,FLOW
5582,5581,FLOW
5590,5583,HAS_BLOCK
5583,5584,FLOW
5583,5581,FLOW
5590,5584,HAS_BLOCK
5584,5585,FLOW
5584,5581,FLOW
5590,5585,HAS_BLOCK
5585,5586,FLOW
5585,5581,FLOW
5590,5586,HAS_BLOCK
5586,5587,FLOW
5586,5581,FLOW
5590,5587,HAS_BLOCK
5587,5588,FLOW
5587,5581,FLOW
5590,5588,HAS_BLOCK
5588,5589,FLOW
5590,5589,HAS_BLOCK
5589,5590,RETURN
5572,5573,HAS_PARAM
5572,5569,HAS_BLOCK
5569,5571,FLOW
5572,5571,HAS_BLOCK
5571,5572,RETURN
5612,5613,HAS_PARAM
5612,5614,HAS_PARAM
5612,5609,HAS_BLOCK
5609,5611,FLOW
5612,5611,HAS_BLOCK
5611,5612,RETURN
5695,5696,HAS_PARAM
5695,5697,HAS_PARAM
5695,5677,HAS_BLOCK
5677,5679,FLOW
5677,5681,FLOW
5677,5681,UNWIND
5695,5679,HAS_BLOCK
5679,5685,FLOW
5679,5681,FLOW
5679,5681,UNWIND
5695,5685,HAS_BLOCK
5685,5687,FLOW
5685,5688,FLOW
5685,5686,FLOW
5695,5686,HAS_BLOCK
5695,5687,HAS_BLOCK
5687,5690,FLOW
5687,5692,FLOW
5687,5686,FLOW
5695,5688,HAS_BLOCK
5688,5683,FLOW
5688,5681,FLOW
5688,5681,UNWIND
5695,5690,HAS_BLOCK
5690,5693,FLOW
5690,5681,FLOW
5690,5681,UNWIND
5695,5692,HAS_BLOCK
5692,5680,FLOW
5695,5693,HAS_BLOCK
5693,5694,FLOW
5695,5694,HAS_BLOCK
5694,5680,FLOW
5695,5680,HAS_BLOCK
5680,5695,RETURN
5695,5681,HAS_BLOCK
5681,5682,FLOW
5695,5682,HAS_BLOCK
5695,5683,HAS_BLOCK
5683,5694,FLOW
5674,5675,HAS_PARAM
5674,5676,HAS_PARAM
5674,5615,HAS_BLOCK
5615,5616,FLOW
5674,5616,HAS_BLOCK
5616,5633,FLOW
5616,5662,FLOW
5616,5662,UNWIND
5674,5633,HAS_BLOCK
5633,5650,FLOW
5633,5662,FLOW
5633,5662,UNWIND
5674,5650,HAS_BLOCK
5650,5667,FLOW
5650,5668,FLOW
5650,5661,FLOW
5674,5661,HAS_BLOCK
5674,5667,HAS_BLOCK
5667,5671,FLOW
5667,5670,FLOW
5667,5661,FLOW
5674,5668,HAS_BLOCK
5668,5663,FLOW
5668,5662,FLOW
5668,5662,UNWIND
5674,5670,HAS_BLOCK
5670,5640,FLOW
5670,5642,FLOW
5670,5661,FLOW
5674,5671,HAS_BLOCK
5671,5617,FLOW
5671,5672,FLOW
5671,5661,FLOW
5674,5672,HAS_BLOCK
5672,5635,FLOW
5672,5662,FLOW
5672,5662,UNWIND
5674,5617,HAS_BLOCK
5617,5619,FLOW
5617,5662,FLOW
5617,5662,UNWIND
5674,5619,HAS_BLOCK
5619,5623,FLOW
5619,5620,FLOW
5674,5620,HAS_BLOCK
5620,5622,FLOW
5620,5662,FLOW
5620,5662,UNWIND
5674,5622,HAS_BLOCK
5622,5658,FLOW
5674,5623,HAS_BLOCK
5623,5625,FLOW
5623,5662,FLOW
5623,5662,UNWIND
5674,5625,HAS_BLOCK
5625,5627,FLOW
5625,5662,FLOW
5625,5662,UNWIND
5674,5627,HAS_BLOCK
5627,5628,FLOW
5627,5629,FLOW
5627,5661,FLOW
5674,5628,HAS_BLOCK
5628,5631,FLOW
5628,5634,FLOW
5628,5634,UNWIND
5674,5629,HAS_BLOCK
5629,5664,FLOW
5629,5662,FLOW
5629,5662,UNWIND
5674,5631,HAS_BLOCK
5631,5616,FLOW
5674,5634,HAS_BLOCK
5634,5662,FLOW
5674,5635,HAS_BLOCK
5635,5637,FLOW
5635,5662,FLOW
5635,5662,UNWIND
5674,5637,HAS_BLOCK
5637,5616,FLOW
5637,5638,FLOW
5637,5661,FLOW
5674,5638,HAS_BLOCK
5638,5665,FLOW
5638,5662,FLOW
5638,5662,UNWIND
5674,5640,HAS_BLOCK
5640,5643,FLOW
5640,5662,FLOW
5640,5662,UNWIND
5674,5642,HAS_BLOCK
5642,5651,FLOW
5674,5643,HAS_BLOCK
5643,5645,FLOW
5643,5662,FLOW
5643,5662,UNWIND
5674,5645,HAS_BLOCK
5645,5646,FLOW
5645,5647,FLOW
5645,5661,FLOW
5674,5646,HAS_BLOCK
5646,5651,FLOW
5674,5647,HAS_BLOCK
5647,5666,FLOW
5647,5662,FLOW
5647,5662,UNWIND
5674,5651,HAS_BLOCK
5651,5652,FLOW
5674,5652,HAS_BLOCK
5652,5674,RETURN
5674,5653,HAS_BLOCK
5653,5654,FLOW
5674,5654,HAS_BLOCK
5674,5655,HAS_BLOCK
5655,5652,FLOW
5674,5656,HAS_BLOCK
5656,5655,FLOW
5656,5657,FLOW
5674,5657,HAS_BLOCK
5657,5655,FLOW
5657,5653,FLOW
5657,5653,UNWIND
5674,5658,HAS_BLOCK
5658,5656,FLOW
5658,5655,FLOW
5658,5661,FLOW
5674,5659,HAS_BLOCK
5659,5653,FLOW
5659,5660,FLOW
5674,5660,HAS_BLOCK
5660,5653,FLOW
5674,5662,HAS_BLOCK
5662,5659,FLOW
5662,5653,FLOW
5674,5663,HAS_BLOCK
5663,5658,FLOW
5674,5664,HAS_BLOCK
5664,5658,FLOW
5674,5665,HAS_BLOCK
5665,5658,FLOW
5674,5666,HAS_BLOCK
5666,5658,FLOW
5566,5567,HAS_PARAM
5566,5568,HAS_PARAM
5566,5563,HAS_BLOCK
5563,5565,FLOW
5566,5565,HAS_BLOCK
5565,5566,RETURN
5561,5562,HAS_PARAM
5561,5554,HAS_BLOCK
5554,5556,FLOW
5561,5556,HAS_BLOCK
5556,5558,FLOW
5556,5559,FLOW
5556,5559,UNWIND
5561,5558,HAS_BLOCK
5558,5561,RETURN
5561,5559,HAS_BLOCK
5559,5560,FLOW
5561,5560,HAS_BLOCK
8190,8191,HAS_PARAM
8190,8192,HAS_PARAM
8190,8126,HAS_BLOCK
8126,8127,FLOW
8126,8175,FLOW
8126,8175,UNWIND
8190,8127,HAS_BLOCK
8127,8146,FLOW
8127,8175,FLOW
8127,8175,UNWIND
8190,8146,HAS_BLOCK
8146,8164,FLOW
8146,8175,FLOW
8146,8175,UNWIND
8190,8164,HAS_BLOCK
8164,8176,FLOW
8164,8175,FLOW
8164,8175,UNWIND
8190,8176,HAS_BLOCK
8176,8182,FLOW
8176,8175,FLOW
8176,8175,UNWIND
8190,8182,HAS_BLOCK
8182,8184,FLOW
8182,8175,FLOW
8182,8175,UNWIND
8190,8184,HAS_BLOCK
8184,8186,FLOW
8190,8186,HAS_BLOCK
8186,8188,FLOW
8186,8128,FLOW
8186,8187,FLOW
8190,8187,HAS_BLOCK
8190,8188,HAS_BLOCK
8188,8130,FLOW
8188,8173,FLOW
8188,8173,UNWIND
8190,8128,HAS_BLOCK
8128,8169,FLOW
8190,8130,HAS_BLOCK
8130,8132,FLOW
8130,8173,FLOW
8130,8173,UNWIND
8190,8132,HAS_BLOCK
8132,8133,FLOW
8132,8135,FLOW
8132,8187,FLOW
8190,8133,HAS_BLOCK
8133,8137,FLOW
8133,8173,FLOW
8133,8173,UNWIND
8190,8135,HAS_BLOCK
8135,8177,FLOW
8135,8173,FLOW
8135,8173,UNWIND
8190,8137,HAS_BLOCK
8137,8139,FLOW
8137,8173,FLOW
8137,8173,UNWIND
8190,8139,HAS_BLOCK
8139,8140,FLOW
8139,8142,FLOW
8139,8187,FLOW
8190,8140,HAS_BLOCK
8140,8144,FLOW
8140,8173,FLOW
8140,8173,UNWIND
8190,8142,HAS_BLOCK
8142,8178,FLOW
8142,8173,FLOW
8142,8173,UNWIND
8190,8144,HAS_BLOCK
8144,8147,FLOW
8144,8173,FLOW
8144,8173,UNWIND
8190,8147,HAS_BLOCK
8147,8148,FLOW
8147,8150,FLOW
8147,8187,FLOW
8190,8148,HAS_BLOCK
8148,8152,FLOW
8148,8173,FLOW
8148,8173,UNWIND
8190,8150,HAS_BLOCK
8150,8179,FLOW
8150,8173,FLOW
8150,8173,UNWIND
8190,8152,HAS_BLOCK
8152,8154,FLOW
8152,8173,FLOW
8152,8173,UNWIND
8190,8154,HAS_BLOCK
8154,8155,FLOW
8154,8157,FLOW
8154,8187,FLOW
8190,8155,HAS_BLOCK
8155,8159,FLOW
8155,8173,FLOW
8155,8173,UNWIND
8190,8157,HAS_BLOCK
8157,8180,FLOW
8157,8173,FLOW
8157,8173,UNWIND
8190,8159,HAS_BLOCK
8159,8161,FLOW
8159,8173,FLOW
8159,8173,UNWIND
8190,8161,HAS_BLOCK
8161,8162,FLOW
8161,8165,FLOW
8161,8187,FLOW
8190,8162,HAS_BLOCK
8162,8167,FLOW
8162,8173,FLOW
8162,8173,UNWIND
8190,8165,HAS_BLOCK
8165,8181,FLOW
8165,8173,FLOW
8165,8173,UNWIND
8190,8167,HAS_BLOCK
8167,8170,FLOW
8190,8168,HAS_BLOCK
8168,8169,FLOW
8190,8169,HAS_BLOCK
8169,8170,FLOW
8190,8170,HAS_BLOCK
8170,8190,RETURN
8190,8171,HAS_BLOCK
8190,8172,HAS_BLOCK
8172,8171,FLOW
8190,8173,HAS_BLOCK
8173,8171,FLOW
8173,8172,FLOW
8190,8174,HAS_BLOCK
8174,8171,FLOW
8190,8175,HAS_BLOCK
8175,8171,FLOW
8190,8174,HAS_BLOCK
8174,8171,FLOW
8190,8175,HAS_BLOCK
8175,8171,FLOW
8175,8174,FLOW
8190,8177,HAS_BLOCK
8177,8168,FLOW
8190,8178,HAS_BLOCK
8178,8168,FLOW
8190,8179,HAS_BLOCK
8179,8168,FLOW
8190,8180,HAS_BLOCK
8180,8168,FLOW
8190,8181,HAS_BLOCK
8181,8168,FLOW
5551,5552,HAS_PARAM
5551,5553,HAS_PARAM
5551,5548,HAS_BLOCK
5548,5550,FLOW
5551,5550,HAS_BLOCK
5550,5551,RETURN
5546,5547,HAS_PARAM
5546,5543,HAS_BLOCK
5543,5545,FLOW
5546,5545,HAS_BLOCK
5545,5546,RETURN
5401,5402,HAS_PARAM
5401,5403,HAS_PARAM
5401,5398,HAS_BLOCK
5398,5400,FLOW
5401,5400,HAS_BLOCK
5400,5401,RETURN
5396,5397,HAS_PARAM
5396,5393,HAS_BLOCK
5393,5395,FLOW
5396,5395,HAS_BLOCK
5395,5396,RETURN
7799,7800,HAS_PARAM
7799,7801,HAS_PARAM
7799,7772,HAS_BLOCK
7772,7773,FLOW
7772,7784,FLOW
7772,7784,UNWIND
7799,7773,HAS_BLOCK
7773,7786,FLOW
7773,7784,FLOW
7773,7784,UNWIND
7799,7786,HAS_BLOCK
7786,7788,FLOW
7799,7788,HAS_BLOCK
7788,7790,FLOW
7788,7792,FLOW
7788,7789,FLOW
7799,7789,HAS_BLOCK
7799,7790,HAS_BLOCK
7790,7794,FLOW
7790,7782,FLOW
7790,7782,UNWIND
7799,7792,HAS_BLOCK
7792,7778,FLOW
7799,7794,HAS_BLOCK
7794,7796,FLOW
7794,7782,FLOW
7794,7782,UNWIND
7799,7796,HAS_BLOCK
7796,7797,FLOW
7796,7774,FLOW
7796,7789,FLOW
7799,7797,HAS_BLOCK
7797,7777,FLOW
7797,7782,FLOW
7797,7782,UNWIND
7799,7774,HAS_BLOCK
7774,7776,FLOW
7774,7782,FLOW
7774,7782,UNWIND
7799,7776,HAS_BLOCK
7776,7778,FLOW
7799,7777,HAS_BLOCK
7777,7779,FLOW
7799,7778,HAS_BLOCK
7778,7779,FLOW
7799,7779,HAS_BLOCK
7779,7799,RETURN
7799,7780,HAS_BLOCK
7799,7781,HAS_BLOCK
7781,7780,FLOW
7799,7782,HAS_BLOCK
7782,7780,FLOW
7782,7781,FLOW
7799,7783,HAS_BLOCK
7783,7780,FLOW
7799,7784,HAS_BLOCK
7784,7780,FLOW
7784,7783,FLOW
7770,7771,HAS_PARAM
7770,7767,HAS_BLOCK
7767,7769,FLOW
7770,7769,HAS_BLOCK
7769,7770,RETURN
5412,5413,HAS_PARAM
5412,5414,HAS_PARAM
5412,5409,HAS_BLOCK
5409,5411,FLOW
5412,5411,HAS_BLOCK
5411,5412,RETURN
5445,5446,HAS_PARAM
5445,5447,HAS_PARAM
5445,5441,HAS_BLOCK
5441,5443,FLOW
5441,5442,FLOW
5445,5442,HAS_BLOCK
5442,5444,FLOW
5445,5443,HAS_BLOCK
5443,5444,FLOW
5445,5444,HAS_BLOCK
5444,5445,RETURN
5438,5439,HAS_PARAM
5438,5440,HAS_PARAM
5438,5432,HAS_BLOCK
5432,5436,FLOW
5438,5434,HAS_BLOCK
5434,5437,FLOW
5438,5435,HAS_BLOCK
5435,5437,FLOW
5438,5436,HAS_BLOCK
5436,5434,FLOW
5436,5435,FLOW
5438,5437,HAS_BLOCK
5437,5438,RETURN
5429,5430,HAS_PARAM
5429,5431,HAS_PARAM
5429,5415,HAS_BLOCK
5415,5416,FLOW
5415,5421,FLOW
5429,5416,HAS_BLOCK
5416,5420,FLOW
5429,5421,HAS_BLOCK
5421,5422,FLOW
5421,5416,FLOW
5429,5422,HAS_BLOCK
5422,5423,FLOW
5422,5416,FLOW
5429,5423,HAS_BLOCK
5423,5424,FLOW
5423,5416,FLOW
5429,5424,HAS_BLOCK
5424,5425,FLOW
5424,5416,FLOW
5429,5425,HAS_BLOCK
5425,5426,FLOW
5425,5416,FLOW
5429,5426,HAS_BLOCK
5426,5427,FLOW
5426,5416,FLOW
5429,5427,HAS_BLOCK
5427,5428,FLOW
5427,5416,FLOW
5429,5428,HAS_BLOCK
5428,5417,FLOW
5428,5416,FLOW
5429,5417,HAS_BLOCK
5417,5418,FLOW
5417,5416,FLOW
5429,5418,HAS_BLOCK
5418,5419,FLOW
5418,5416,FLOW
5429,5419,HAS_BLOCK
5419,5420,FLOW
5429,5420,HAS_BLOCK
5420,5429,RETURN
5407,5408,HAS_PARAM
5407,5404,HAS_BLOCK
5404,5406,FLOW
5407,5406,HAS_BLOCK
5406,5407,RETURN
5451,5452,HAS_PARAM
5451,5453,HAS_PARAM
5451,5448,HAS_BLOCK
5448,5450,FLOW
5451,5450,HAS_BLOCK
5450,5451,RETURN
5534,5535,HAS_PARAM
5534,5536,HAS_PARAM
5534,5516,HAS_BLOCK
5516,5518,FLOW
5516,5520,FLOW
5516,5520,UNWIND
5534,5518,HAS_BLOCK
5518,5524,FLOW
5518,5520,FLOW
5518,5520,UNWIND
5534,5524,HAS_BLOCK
5524,5526,FLOW
5524,5527,FLOW
5524,5525,FLOW
5534,5525,HAS_BLOCK
5534,5526,HAS_BLOCK
5526,5529,FLOW
5526,5531,FLOW
5526,5525,FLOW
5534,5527,HAS_BLOCK
5527,5522,FLOW
5527,5520,FLOW
5527,5520,UNWIND
5534,5529,HAS_BLOCK
5529,5532,FLOW
5529,5520,FLOW
5529,5520,UNWIND
5534,5531,HAS_BLOCK
5531,5519,FLOW
5534,5532,HAS_BLOCK
5532,5533,FLOW
5534,5533,HAS_BLOCK
5533,5519,FLOW
5534,5519,HAS_BLOCK
5519,5534,RETURN
5534,5520,HAS_BLOCK
5520,5521,FLOW
5534,5521,HAS_BLOCK
5534,5522,HAS_BLOCK
5522,5533,FLOW
5513,5514,HAS_PARAM
5513,5515,HAS_PARAM
5513,5454,HAS_BLOCK
5454,5455,FLOW
5513,5455,HAS_BLOCK
5455,5472,FLOW
5455,5501,FLOW
5455,5501,UNWIND
5513,5472,HAS_BLOCK
5472,5489,FLOW
5472,5501,FLOW
5472,5501,UNWIND
5513,5489,HAS_BLOCK
5489,5506,FLOW
5489,5507,FLOW
5489,5500,FLOW
5513,5500,HAS_BLOCK
5513,5506,HAS_BLOCK
5506,5510,FLOW
5506,5509,FLOW
5506,5500,FLOW
5513,5507,HAS_BLOCK
5507,5502,FLOW
5507,5501,FLOW
5507,5501,UNWIND
5513,5509,HAS_BLOCK
5509,5479,FLOW
5509,5481,FLOW
5509,5500,FLOW
5513,5510,HAS_BLOCK
5510,5456,FLOW
5510,5511,FLOW
5510,5500,FLOW
5513,5511,HAS_BLOCK
5511,5474,FLOW
5511,5501,FLOW
5511,5501,UNWIND
5513,5456,HAS_BLOCK
5456,5458,FLOW
5456,5501,FLOW
5456,5501,UNWIND
5513,5458,HAS_BLOCK
5458,5462,FLOW
5458,5459,FLOW
5513,5459,HAS_BLOCK
5459,5461,FLOW
5459,5501,FLOW
5459,5501,UNWIND
5513,5461,HAS_BLOCK
5461,5497,FLOW
5513,5462,HAS_BLOCK
5462,5464,FLOW
5462,5501,FLOW
5462,5501,UNWIND
5513,5464,HAS_BLOCK
5464,5466,FLOW
5464,5501,FLOW
5464,5501,UNWIND
5513,5466,HAS_BLOCK
5466,5467,FLOW
5466,5468,FLOW
5466,5500,FLOW
5513,5467,HAS_BLOCK
5467,5470,FLOW
5467,5473,FLOW
5467,5473,UNWIND
5513,5468,HAS_BLOCK
5468,5503,FLOW
5468,5501,FLOW
5468,5501,UNWIND
5513,5470,HAS_BLOCK
5470,5455,FLOW
5513,5473,HAS_BLOCK
5473,5501,FLOW
5513,5474,HAS_BLOCK
5474,5476,FLOW
5474,5501,FLOW
5474,5501,UNWIND
5513,5476,HAS_BLOCK
5476,5455,FLOW
5476,5477,FLOW
5476,5500,FLOW
5513,5477,HAS_BLOCK
5477,5504,FLOW
5477,5501,FLOW
5477,5501,UNWIND
5513,5479,HAS_BLOCK
5479,5482,FLOW
5479,5501,FLOW
5479,5501,UNWIND
5513,5481,HAS_BLOCK
5481,5490,FLOW
5513,5482,HAS_BLOCK
5482,5484,FLOW
5482,5501,FLOW
5482,5501,UNWIND
5513,5484,HAS_BLOCK
5484,5485,FLOW
5484,5486,FLOW
5484,5500,FLOW
5513,5485,HAS_BLOCK
5485,5490,FLOW
5513,5486,HAS_BLOCK
5486,5505,FLOW
5486,5501,FLOW
5486,5501,UNWIND
5513,5490,HAS_BLOCK
5490,5491,FLOW
5513,5491,HAS_BLOCK
5491,5513,RETURN
5513,5492,HAS_BLOCK
5492,5493,FLOW
5513,5493,HAS_BLOCK
5513,5494,HAS_BLOCK
5494,5491,FLOW
5513,5495,HAS_BLOCK
5495,5494,FLOW
5495,5496,FLOW
5513,5496,HAS_BLOCK
5496,5494,FLOW
5496,5492,FLOW
5496,5492,UNWIND
5513,5497,HAS_BLOCK
5497,5495,FLOW
5497,5494,FLOW
5497,5500,FLOW
5513,5498,HAS_BLOCK
5498,5492,FLOW
5498,5499,FLOW
5513,5499,HAS_BLOCK
5499,5492,FLOW
5513,5501,HAS_BLOCK
5501,5498,FLOW
5501,5492,FLOW
5513,5502,HAS_BLOCK
5502,5497,FLOW
5513,5503,HAS_BLOCK
5503,5497,FLOW
5513,5504,HAS_BLOCK
5504,5497,FLOW
5513,5505,HAS_BLOCK
5505,5497,FLOW
5733,5734,HAS_PARAM
5733,5735,HAS_PARAM
5733,5730,HAS_BLOCK
5730,5732,FLOW
5733,5732,HAS_BLOCK
5732,5733,RETURN
5728,5729,HAS_PARAM
5728,5715,HAS_BLOCK
5715,5717,FLOW
5728,5717,HAS_BLOCK
5717,5719,FLOW
5717,5726,FLOW
5717,5726,UNWIND
5728,5719,HAS_BLOCK
5719,5721,FLOW
5719,5725,FLOW
5719,5725,UNWIND
5728,5721,HAS_BLOCK
5721,5723,FLOW
5721,5724,FLOW
5721,5724,UNWIND
5728,5723,HAS_BLOCK
5723,5728,RETURN
5728,5724,HAS_BLOCK
5724,5725,FLOW
5728,5725,HAS_BLOCK
5725,5726,FLOW
5728,5726,HAS_BLOCK
5726,5727,FLOW
5728,5727,HAS_BLOCK
5712,5713,HAS_PARAM
5712,5714,HAS_PARAM
5712,5709,HAS_BLOCK
5709,5711,FLOW
5712,5711,HAS_BLOCK
5711,5712,RETURN
5707,5708,HAS_PARAM
5707,5698,HAS_BLOCK
5698,5700,FLOW
5707,5700,HAS_BLOCK
5700,5702,FLOW
5707,5702,HAS_BLOCK
5702,5704,FLOW
5702,5705,FLOW
5702,5705,UNWIND
5707,5704,HAS_BLOCK
5704,5707,RETURN
5707,5705,HAS_BLOCK
5705,5706,FLOW
5707,5706,HAS_BLOCK
5844,5845,HAS_PARAM
5844,5846,HAS_PARAM
5844,5825,HAS_BLOCK
5825,5832,FLOW
5825,5831,FLOW
5825,5830,FLOW
5825,5829,FLOW
5825,5828,FLOW
5825,5827,FLOW
5825,5843,FLOW
5825,5842,FLOW
5825,5841,FLOW
5825,5840,FLOW
5825,5839,FLOW
5825,5838,FLOW
5825,5837,FLOW
5825,5836,FLOW
5825,5826,FLOW
5844,5826,HAS_BLOCK
5844,5836,HAS_BLOCK
5836,5833,FLOW
5844,5837,HAS_BLOCK
5837,5833,FLOW
5844,5838,HAS_BLOCK
5838,5833,FLOW
5844,5839,HAS_BLOCK
5839,5833,FLOW
5844,5840,HAS_BLOCK
5840,5833,FLOW
5844,5841,HAS_BLOCK
5841,5833,FLOW
5844,5842,HAS_BLOCK
5842,5833,FLOW
5844,5843,HAS_BLOCK
5843,5833,FLOW
5844,5827,HAS_BLOCK
5827,5833,FLOW
5844,5828,HAS_BLOCK
5828,5833,FLOW
5844,5829,HAS_BLOCK
5829,5833,FLOW
5844,5830,HAS_BLOCK
5830,5833,FLOW
5844,5831,HAS_BLOCK
5831,5833,FLOW
5844,5832,HAS_BLOCK
5832,5833,FLOW
5844,5833,HAS_BLOCK
5833,5835,FLOW
5844,5835,HAS_BLOCK
5835,5844,RETURN
5816,5817,HAS_PARAM
5816,5815,HAS_BLOCK
5815,5816,RETURN
10745,10746,HAS_PARAM
10745,10747,HAS_PARAM
10745,10714,HAS_BLOCK
10714,10726,FLOW
10714,10724,FLOW
10714,10722,FLOW
10714,10720,FLOW
10714,10718,FLOW
10714,10716,FLOW
10714,10743,FLOW
10714,10741,FLOW
10714,10739,FLOW
10714,10737,FLOW
10714,10735,FLOW
10714,10733,FLOW
10714,10731,FLOW
10714,10729,FLOW
10714,10715,FLOW
10745,10715,HAS_BLOCK
10745,10729,HAS_BLOCK
10729,10728,FLOW
10745,10731,HAS_BLOCK
10731,10728,FLOW
10745,10733,HAS_BLOCK
10733,10728,FLOW
10745,10735,HAS_BLOCK
10735,10728,FLOW
10745,10737,HAS_BLOCK
10737,10728,FLOW
10745,10739,HAS_BLOCK
10739,10728,FLOW
10745,10741,HAS_BLOCK
10741,10728,FLOW
10745,10743,HAS_BLOCK
10743,10728,FLOW
10745,10716,HAS_BLOCK
10716,10728,FLOW
10745,10718,HAS_BLOCK
10718,10728,FLOW
10745,10720,HAS_BLOCK
10720,10728,FLOW
10745,10722,HAS_BLOCK
10722,10728,FLOW
10745,10724,HAS_BLOCK
10724,10728,FLOW
10745,10726,HAS_BLOCK
10726,10728,FLOW
10745,10728,HAS_BLOCK
10728,10745,RETURN
10487,10488,HAS_PARAM
10487,10484,HAS_BLOCK
10484,10486,FLOW
10487,10486,HAS_BLOCK
10486,10487,RETURN
7205,7206,HAS_PARAM
7205,7207,HAS_PARAM
7205,7202,HAS_BLOCK
7202,7204,FLOW
7205,7204,HAS_BLOCK
7204,7205,RETURN
7396,7397,HAS_PARAM
7396,7398,HAS_PARAM
7396,7377,HAS_BLOCK
7377,7384,FLOW
7377,7383,FLOW
7377,7382,FLOW
7377,7381,FLOW
7377,7380,FLOW
7377,7379,FLOW
7377,7395,FLOW
7377,7394,FLOW
7377,7393,FLOW
7377,7392,FLOW
7377,7391,FLOW
7377,7390,FLOW
7377,7389,FLOW
7377,7388,FLOW
7377,7378,FLOW
7396,7378,HAS_BLOCK
7378,7385,FLOW
7396,7388,HAS_BLOCK
7388,7386,FLOW
7396,7389,HAS_BLOCK
7389,7386,FLOW
7396,7390,HAS_BLOCK
7390,7386,FLOW
7396,7391,HAS_BLOCK
7391,7386,FLOW
7396,7392,HAS_BLOCK
7392,7386,FLOW
7396,7393,HAS_BLOCK
7393,7386,FLOW
7396,7394,HAS_BLOCK
7394,7386,FLOW
7396,7395,HAS_BLOCK
7395,7386,FLOW
7396,7379,HAS_BLOCK
7379,7386,FLOW
7396,7380,HAS_BLOCK
7380,7386,FLOW
7396,7381,HAS_BLOCK
7381,7386,FLOW
7396,7382,HAS_BLOCK
7382,7386,FLOW
7396,7383,HAS_BLOCK
7383,7386,FLOW
7396,7384,HAS_BLOCK
7384,7386,FLOW
7396,7385,HAS_BLOCK
7385,7386,FLOW
7396,7386,HAS_BLOCK
7386,7396,RETURN
7374,7375,HAS_PARAM
7374,7376,HAS_PARAM
7374,7314,HAS_BLOCK
7314,7363,FLOW
7374,7316,HAS_BLOCK
7316,7364,FLOW
7374,7333,HAS_BLOCK
7333,7365,FLOW
7374,7348,HAS_BLOCK
7348,7362,FLOW
7374,7360,HAS_BLOCK
7360,7365,FLOW
7374,7366,HAS_BLOCK
7366,7361,FLOW
7374,7368,HAS_BLOCK
7368,7365,FLOW
7374,7369,HAS_BLOCK
7369,7358,FLOW
7374,7371,HAS_BLOCK
7371,7365,FLOW
7374,7372,HAS_BLOCK
7372,7357,FLOW
7374,7317,HAS_BLOCK
7317,7365,FLOW
7374,7318,HAS_BLOCK
7318,7356,FLOW
7374,7320,HAS_BLOCK
7320,7365,FLOW
7374,7321,HAS_BLOCK
7321,7355,FLOW
7374,7323,HAS_BLOCK
7323,7365,FLOW
7374,7324,HAS_BLOCK
7324,7354,FLOW
7374,7326,HAS_BLOCK
7326,7365,FLOW
7374,7327,HAS_BLOCK
7327,7353,FLOW
7374,7329,HAS_BLOCK
7329,7365,FLOW
7374,7330,HAS_BLOCK
7330,7352,FLOW
7374,7334,HAS_BLOCK
7334,7365,FLOW
7374,7335,HAS_BLOCK
7335,7351,FLOW
7374,7337,HAS_BLOCK
7337,7365,FLOW
7374,7338,HAS_BLOCK
7338,7350,FLOW
7374,7340,HAS_BLOCK
7340,7365,FLOW
7374,7341,HAS_BLOCK
7341,7349,FLOW
7374,7343,HAS_BLOCK
7343,7365,FLOW
7374,7344,HAS_BLOCK
7344,7347,FLOW
7374,7346,HAS_BLOCK
7346,7365,FLOW
7374,7347,HAS_BLOCK
7347,7316,FLOW
7347,7346,FLOW
7374,7349,HAS_BLOCK
7349,7344,FLOW
7349,7343,FLOW
7374,7350,HAS_BLOCK
7350,7341,FLOW
7350,7340,FLOW
7374,7351,HAS_BLOCK
7351,7338,FLOW
7351,7337,FLOW
7374,7352,HAS_BLOCK
7352,7335,FLOW
7352,7334,FLOW
7374,7353,HAS_BLOCK
7353,7330,FLOW
7353,7329,FLOW
7374,7354,HAS_BLOCK
7354,7327,FLOW
7354,7326,FLOW
7374,7355,HAS_BLOCK
7355,7324,FLOW
7355,7323,FLOW
7374,7356,HAS_BLOCK
7356,7321,FLOW
7356,7320,FLOW
7374,7357,HAS_BLOCK
7357,7318,FLOW
7357,7317,FLOW
7374,7358,HAS_BLOCK
7358,7372,FLOW
7358,7371,FLOW
7374,7361,HAS_BLOCK
7361,7369,FLOW
7361,7368,FLOW
7374,7362,HAS_BLOCK
7362,7366,FLOW
7362,7360,FLOW
7374,7363,HAS_BLOCK
7363,7348,FLOW
7363,7333,FLOW
7374,7364,HAS_BLOCK
7364,7365,FLOW
7374,7365,HAS_BLOCK
7365,7374,RETURN
7311,7312,HAS_PARAM
7311,7313,HAS_PARAM
7311,7208,HAS_BLOCK
7208,7226,FLOW
7208,7221,FLOW
7311,7209,HAS_BLOCK
7209,7303,FLOW
7311,7221,HAS_BLOCK
7221,7232,FLOW
7221,7210,FLOW
7221,7217,FLOW
7221,7209,FLOW
7311,7232,HAS_BLOCK
7232,7243,FLOW
7232,7209,FLOW
7311,7243,HAS_BLOCK
7243,7254,FLOW
7243,7209,FLOW
7311,7254,HAS_BLOCK
7254,7265,FLOW
7254,7209,FLOW
7311,7265,HAS_BLOCK
7265,7276,FLOW
7265,7209,FLOW
7311,7276,HAS_BLOCK
7276,7287,FLOW
7276,7209,FLOW
7311,7287,HAS_BLOCK
7287,7298,FLOW
7287,7209,FLOW
7311,7298,HAS_BLOCK
7298,7302,FLOW
7298,7209,FLOW
7311,7210,HAS_BLOCK
7210,7211,FLOW
7210,7209,FLOW
7311,7211,HAS_BLOCK
7211,7212,FLOW
7211,7209,FLOW
7311,7212,HAS_BLOCK
7212,7213,FLOW
7212,7209,FLOW
7311,7213,HAS_BLOCK
7213,7214,FLOW
7213,7209,FLOW
7311,7214,HAS_BLOCK
7214,7215,FLOW
7214,7209,FLOW
7311,7215,HAS_BLOCK
7215,7216,FLOW
7215,7209,FLOW
7311,7216,HAS_BLOCK
7216,7293,FLOW
7216,7209,FLOW
7311,7217,HAS_BLOCK
7217,7218,FLOW
7217,7209,FLOW
7311,7218,HAS_BLOCK
7218,7219,FLOW
7218,7209,FLOW
7311,7219,HAS_BLOCK
7219,7222,FLOW
7219,7209,FLOW
7311,7222,HAS_BLOCK
7222,7223,FLOW
7222,7209,FLOW
7311,7223,HAS_BLOCK
7223,7224,FLOW
7223,7209,FLOW
7311,7224,HAS_BLOCK
7224,7225,FLOW
7224,7209,FLOW
7311,7225,HAS_BLOCK
7225,7289,FLOW
7225,7209,FLOW
7311,7226,HAS_BLOCK
7226,7244,FLOW
7226,7227,FLOW
7311,7227,HAS_BLOCK
7227,7228,FLOW
7227,7238,FLOW
7227,7209,FLOW
7311,7228,HAS_BLOCK
7228,7229,FLOW
7228,7234,FLOW
7228,7209,FLOW
7311,7229,HAS_BLOCK
7229,7230,FLOW
7229,7209,FLOW
7311,7230,HAS_BLOCK
7230,7231,FLOW
7230,7209,FLOW
7311,7231,HAS_BLOCK
7231,7233,FLOW
7231,7209,FLOW
7311,7233,HAS_BLOCK
7233,7301,FLOW
7233,7209,FLOW
7311,7234,HAS_BLOCK
7234,7235,FLOW
7234,7209,FLOW
7311,7235,HAS_BLOCK
7235,7236,FLOW
7235,7209,FLOW
7311,7236,HAS_BLOCK
7236,7237,FLOW
7236,7209,FLOW
7311,7237,HAS_BLOCK
7237,7292,FLOW
7237,7209,FLOW
7311,7238,HAS_BLOCK
7238,7239,FLOW
7238,7209,FLOW
7311,7239,HAS_BLOCK
7239,7240,FLOW
7239,7209,FLOW
7311,7240,HAS_BLOCK
7240,7241,FLOW
7240,7209,FLOW
7311,7241,HAS_BLOCK
7241,7242,FLOW
7241,7209,FLOW
7311,7242,HAS_BLOCK
7242,7300,FLOW
7242,7209,FLOW
7311,7244,HAS_BLOCK
7244,7256,FLOW
7244,7245,FLOW
7311,7245,HAS_BLOCK
7245,7246,FLOW
7245,7249,FLOW
7245,7252,FLOW
7245,7209,FLOW
7311,7246,HAS_BLOCK
7246,7247,FLOW
7246,7209,FLOW
7311,7247,HAS_BLOCK
7247,7248,FLOW
7247,7209,FLOW
7311,7248,HAS_BLOCK
7248,7299,FLOW
7248,7209,FLOW
7311,7249,HAS_BLOCK
7249,7250,FLOW
7249,7209,FLOW
7311,7250,HAS_BLOCK
7250,7251,FLOW
7250,7209,FLOW
7311,7251,HAS_BLOCK
7251,7296,FLOW
7251,7209,FLOW
7311,7252,HAS_BLOCK
7252,7253,FLOW
7252,7209,FLOW
7311,7253,HAS_BLOCK
7253,7255,FLOW
7253,7209,FLOW
7311,7255,HAS_BLOCK
7255,7291,FLOW
7255,7209,FLOW
7311,7256,HAS_BLOCK
7256,7275,FLOW
7256,7257,FLOW
7311,7257,HAS_BLOCK
7257,7258,FLOW
7257,7262,FLOW
7257,7267,FLOW
7257,7271,FLOW
7257,7209,FLOW
7311,7258,HAS_BLOCK
7258,7259,FLOW
7258,7209,FLOW
7311,7259,HAS_BLOCK
7259,7260,FLOW
7259,7209,FLOW
7311,7260,HAS_BLOCK
7260,7261,FLOW
7260,7209,FLOW
7311,7261,HAS_BLOCK
7261,7297,FLOW
7261,7209,FLOW
7311,7262,HAS_BLOCK
7262,7263,FLOW
7262,7209,FLOW
7311,7263,HAS_BLOCK
7263,7264,FLOW
7263,7209,FLOW
7311,7264,HAS_BLOCK
7264,7266,FLOW
7264,7209,FLOW
7311,7266,HAS_BLOCK
7266,7295,FLOW
7266,7209,FLOW
7311,7267,HAS_BLOCK
7267,7268,FLOW
7267,7209,FLOW
7311,7268,HAS_BLOCK
7268,7269,FLOW
7268,7209,FLOW
7311,7269,HAS_BLOCK
7269,7270,FLOW
7269,7209,FLOW
7311,7270,HAS_BLOCK
7270,7294,FLOW
7270,7209,FLOW
7311,7271,HAS_BLOCK
7271,7272,FLOW
7271,7209,FLOW
7311,7272,HAS_BLOCK
7272,7273,FLOW
7272,7209,FLOW
7311,7273,HAS_BLOCK
7273,7274,FLOW
7273,7209,FLOW
7311,7274,HAS_BLOCK
7274,7288,FLOW
7274,7209,FLOW
7311,7275,HAS_BLOCK
7275,7209,FLOW
7275,7277,FLOW
7311,7277,HAS_BLOCK
7277,7278,FLOW
7277,7209,FLOW
7311,7278,HAS_BLOCK
7278,7279,FLOW
7278,7209,FLOW
7311,7279,HAS_BLOCK
7279,7280,FLOW
7279,7209,FLOW
7311,7280,HAS_BLOCK
7280,7281,FLOW
7280,7209,FLOW
7311,7281,HAS_BLOCK
7281,7282,FLOW
7281,7209,FLOW
7311,7282,HAS_BLOCK
7282,7283,FLOW
7282,7209,FLOW
7311,7283,HAS_BLOCK
7283,7284,FLOW
7283,7209,FLOW
7311,7284,HAS_BLOCK
7284,7285,FLOW
7284,7209,FLOW
7311,7285,HAS_BLOCK
7285,7286,FLOW
7285,7209,FLOW
7311,7286,HAS_BLOCK
7286,7290,FLOW
7286,7209,FLOW
7311,7288,HAS_BLOCK
7288,7308,FLOW
7311,7289,HAS_BLOCK
7289,7308,FLOW
7311,7290,HAS_BLOCK
7290,7308,FLOW
7311,7291,HAS_BLOCK
7291,7308,FLOW
7311,7292,HAS_BLOCK
7292,7308,FLOW
7311,7293,HAS_BLOCK
7293,7308,FLOW
7311,7294,HAS_BLOCK
7294,7308,FLOW
7311,7295,HAS_BLOCK
7295,7308,FLOW
7311,7296,HAS_BLOCK
7296,7308,FLOW
7311,7297,HAS_BLOCK
7297,7308,FLOW
7311,7299,HAS_BLOCK
7299,7308,FLOW
7311,7300,HAS_BLOCK
7300,7308,FLOW
7311,7301,HAS_BLOCK
7301,7308,FLOW
7311,7302,HAS_BLOCK
7302,7308,FLOW
7311,7303,HAS_BLOCK
7303,7305,FLOW
7303,7309,FLOW
7303,7309,UNWIND
7311,7305,HAS_BLOCK
7305,7307,FLOW
7305,7309,FLOW
7305,7309,UNWIND
7311,7307,HAS_BLOCK
7307,7308,FLOW
7311,7308,HAS_BLOCK
7308,7311,RETURN
7311,7309,HAS_BLOCK
7309,7310,FLOW
7311,7310,HAS_BLOCK
7200,7201,HAS_PARAM
7200,7197,HAS_BLOCK
7197,7199,FLOW
7200,7199,HAS_BLOCK
7199,7200,RETURN
7402,7403,HAS_PARAM
7402,7404,HAS_PARAM
7402,7399,HAS_BLOCK
7399,7401,FLOW
7402,7401,HAS_BLOCK
7401,7402,RETURN
7527,7528,HAS_PARAM
7527,7529,HAS_PARAM
7527,7405,HAS_BLOCK
7405,7407,FLOW
7527,7407,HAS_BLOCK
7407,7429,FLOW
7527,7429,HAS_BLOCK
7429,7461,FLOW
7429,7477,FLOW
7429,7445,FLOW
7527,7445,HAS_BLOCK
7527,7461,HAS_BLOCK
7461,7426,FLOW
7461,7424,FLOW
7461,7422,FLOW
7461,7420,FLOW
7461,7418,FLOW
7461,7416,FLOW
7461,7414,FLOW
7461,7412,FLOW
7461,7410,FLOW
7461,7408,FLOW
7461,7525,FLOW
7461,7523,FLOW
7461,7511,FLOW
7461,7494,FLOW
7461,7445,FLOW
7527,7477,HAS_BLOCK
7477,7521,FLOW
7527,7494,HAS_BLOCK
7494,7515,FLOW
7527,7511,HAS_BLOCK
7511,7507,FLOW
7527,7523,HAS_BLOCK
7523,7501,FLOW
7527,7525,HAS_BLOCK
7525,7495,FLOW
7527,7408,HAS_BLOCK
7408,7487,FLOW
7527,7410,HAS_BLOCK
7410,7481,FLOW
7527,7412,HAS_BLOCK
7412,7474,FLOW
7527,7414,HAS_BLOCK
7414,7468,FLOW
7527,7416,HAS_BLOCK
7416,7462,FLOW
7527,7418,HAS_BLOCK
7418,7455,FLOW
7527,7420,HAS_BLOCK
7420,7449,FLOW
7527,7422,HAS_BLOCK
7422,7442,FLOW
7527,7424,HAS_BLOCK
7424,7436,FLOW
7527,7426,HAS_BLOCK
7426,7430,FLOW
7527,7430,HAS_BLOCK
7430,7432,FLOW
7527,7432,HAS_BLOCK
7432,7433,FLOW
7432,7434,FLOW
7432,7445,FLOW
7527,7433,HAS_BLOCK
7433,7521,FLOW
7527,7434,HAS_BLOCK
7434,7521,FLOW
7527,7436,HAS_BLOCK
7436,7438,FLOW
7527,7438,HAS_BLOCK
7438,7439,FLOW
7438,7440,FLOW
7438,7445,FLOW
7527,7439,HAS_BLOCK
7439,7521,FLOW
7527,7440,HAS_BLOCK
7440,7521,FLOW
7527,7442,HAS_BLOCK
7442,7444,FLOW
7527,7444,HAS_BLOCK
7444,7446,FLOW
7444,7447,FLOW
7444,7445,FLOW
7527,7446,HAS_BLOCK
7446,7521,FLOW
7527,7447,HAS_BLOCK
7447,7521,FLOW
7527,7449,HAS_BLOCK
7449,7451,FLOW
7527,7451,HAS_BLOCK
7451,7452,FLOW
7451,7453,FLOW
7451,7445,FLOW
7527,7452,HAS_BLOCK
7452,7521,FLOW
7527,7453,HAS_BLOCK
7453,7521,FLOW
7527,7455,HAS_BLOCK
7455,7457,FLOW
7527,7457,HAS_BLOCK
7457,7458,FLOW
7457,7459,FLOW
7457,7445,FLOW
7527,7458,HAS_BLOCK
7458,7521,FLOW
7527,7459,HAS_BLOCK
7459,7521,FLOW
7527,7462,HAS_BLOCK
7462,7464,FLOW
7527,7464,HAS_BLOCK
7464,7465,FLOW
7464,7466,FLOW
7464,7445,FLOW
7527,7465,HAS_BLOCK
7465,7521,FLOW
7527,7466,HAS_BLOCK
7466,7521,FLOW
7527,7468,HAS_BLOCK
7468,7470,FLOW
7527,7470,HAS_BLOCK
7470,7471,FLOW
7470,7472,FLOW
7470,7445,FLOW
7527,7471,HAS_BLOCK
7471,7521,FLOW
7527,7472,HAS_BLOCK
7472,7521,FLOW
7527,7474,HAS_BLOCK
7474,7476,FLOW
7527,7476,HAS_BLOCK
7476,7478,FLOW
7476,7479,FLOW
7476,7445,FLOW
7527,7478,HAS_BLOCK
7478,7521,FLOW
7527,7479,HAS_BLOCK
7479,7521,FLOW
7527,7481,HAS_BLOCK
7481,7483,FLOW
7527,7483,HAS_BLOCK
7483,7484,FLOW
7483,7485,FLOW
7483,7445,FLOW
7527,7484,HAS_BLOCK
7484,7521,FLOW
7527,7485,HAS_BLOCK
7485,7521,FLOW
7527,7487,HAS_BLOCK
7487,7489,FLOW
7527,7489,HAS_BLOCK
7489,7490,FLOW
7489,7491,FLOW
7489,7445,FLOW
7527,7490,HAS_BLOCK
7490,7521,FLOW
7527,7491,HAS_BLOCK
7491,7521,FLOW
7527,7495,HAS_BLOCK
7495,7497,FLOW
7527,7497,HAS_BLOCK
7497,7498,FLOW
7497,7499,FLOW
7497,7445,FLOW
7527,7498,HAS_BLOCK
7498,7521,FLOW
7527,7499,HAS_BLOCK
7499,7521,FLOW
7527,7501,HAS_BLOCK
7501,7503,FLOW
7527,7503,HAS_BLOCK
7503,7504,FLOW
7503,7505,FLOW
7503,7445,FLOW
7527,7504,HAS_BLOCK
7504,7521,FLOW
7527,7505,HAS_BLOCK
7505,7521,FLOW
7527,7507,HAS_BLOCK
7507,7509,FLOW
7527,7509,HAS_BLOCK
7509,7512,FLOW
7509,7513,FLOW
7509,7445,FLOW
7527,7512,HAS_BLOCK
7512,7521,FLOW
7527,7513,HAS_BLOCK
7513,7521,FLOW
7527,7515,HAS_BLOCK
7515,7517,FLOW
7527,7517,HAS_BLOCK
7517,7518,FLOW
7517,7519,FLOW
7517,7445,FLOW
7527,7518,HAS_BLOCK
7518,7521,FLOW
7527,7519,HAS_BLOCK
7519,7521,FLOW
7527,7521,HAS_BLOCK
7521,7527,RETURN
5822,5823,HAS_PARAM
5822,5824,HAS_PARAM
5822,5821,HAS_BLOCK
5821,5822,RETURN
5819,5820,HAS_PARAM
5819,5818,HAS_BLOCK
5818,5819,RETURN
5780,5781,HAS_PARAM
5780,5782,HAS_PARAM
5780,5757,HAS_BLOCK
5757,5768,FLOW
5757,5767,FLOW
5757,5766,FLOW
5757,5765,FLOW
5757,5764,FLOW
5757,5763,FLOW
5757,5762,FLOW
5757,5761,FLOW
5757,5760,FLOW
5757,5759,FLOW
5757,5779,FLOW
5757,5778,FLOW
5757,5777,FLOW
5757,5776,FLOW
5757,5775,FLOW
5757,5774,FLOW
5757,5773,FLOW
5757,5769,FLOW
5757,5758,FLOW
5780,5758,HAS_BLOCK
5780,5769,HAS_BLOCK
5769,5770,FLOW
5780,5773,HAS_BLOCK
5773,5770,FLOW
5780,5774,HAS_BLOCK
5774,5770,FLOW
5780,5775,HAS_BLOCK
5775,5770,FLOW
5780,5776,HAS_BLOCK
5776,5770,FLOW
5780,5777,HAS_BLOCK
5777,5770,FLOW
5780,5778,HAS_BLOCK
5778,5770,FLOW
5780,5779,HAS_BLOCK
5779,5770,FLOW
5780,5759,HAS_BLOCK
5759,5770,FLOW
5780,5760,HAS_BLOCK
5760,5770,FLOW
5780,5761,HAS_BLOCK
5761,5770,FLOW
5780,5762,HAS_BLOCK
5762,5770,FLOW
5780,5763,HAS_BLOCK
5763,5770,FLOW
5780,5764,HAS_BLOCK
5764,5770,FLOW
5780,5765,HAS_BLOCK
5765,5770,FLOW
5780,5766,HAS_BLOCK
5766,5770,FLOW
5780,5767,HAS_BLOCK
5767,5770,FLOW
5780,5768,HAS_BLOCK
5768,5770,FLOW
5780,5770,HAS_BLOCK
5770,5772,FLOW
5780,5772,HAS_BLOCK
5772,5780,RETURN
5748,5749,HAS_PARAM
5748,5747,HAS_BLOCK
5747,5748,RETURN
10577,10578,HAS_PARAM
10577,10579,HAS_PARAM
10577,10538,HAS_BLOCK
10538,10558,FLOW
10538,10556,FLOW
10538,10554,FLOW
10538,10552,FLOW
10538,10550,FLOW
10538,10548,FLOW
10538,10546,FLOW
10538,10544,FLOW
10538,10542,FLOW
10538,10540,FLOW
10538,10575,FLOW
10538,10573,FLOW
10538,10571,FLOW
10538,10569,FLOW
10538,10567,FLOW
10538,10565,FLOW
10538,10563,FLOW
10538,10560,FLOW
10538,10539,FLOW
10577,10539,HAS_BLOCK
10577,10560,HAS_BLOCK
10560,10561,FLOW
10577,10563,HAS_BLOCK
10563,10561,FLOW
10577,10565,HAS_BLOCK
10565,10561,FLOW
10577,10567,HAS_BLOCK
10567,10561,FLOW
10577,10569,HAS_BLOCK
10569,10561,FLOW
10577,10571,HAS_BLOCK
10571,10561,FLOW
10577,10573,HAS_BLOCK
10573,10561,FLOW
10577,10575,HAS_BLOCK
10575,10561,FLOW
10577,10540,HAS_BLOCK
10540,10561,FLOW
10577,10542,HAS_BLOCK
10542,10561,FLOW
10577,10544,HAS_BLOCK
10544,10561,FLOW
10577,10546,HAS_BLOCK
10546,10561,FLOW
10577,10548,HAS_BLOCK
10548,10561,FLOW
10577,10550,HAS_BLOCK
10550,10561,FLOW
10577,10552,HAS_BLOCK
10552,10561,FLOW
10577,10554,HAS_BLOCK
10554,10561,FLOW
10577,10556,HAS_BLOCK
10556,10561,FLOW
10577,10558,HAS_BLOCK
10558,10561,FLOW
10577,10561,HAS_BLOCK
10561,10577,RETURN
10454,10455,HAS_PARAM
10454,10451,HAS_BLOCK
10451,10453,FLOW
10454,10453,HAS_BLOCK
10453,10454,RETURN
6068,6069,HAS_PARAM
6068,6070,HAS_PARAM
6068,6065,HAS_BLOCK
6065,6067,FLOW
6068,6067,HAS_BLOCK
6067,6068,RETURN
6340,6341,HAS_PARAM
6340,6342,HAS_PARAM
6340,6317,HAS_BLOCK
6317,6328,FLOW
6317,6327,FLOW
6317,6326,FLOW
6317,6325,FLOW
6317,6324,FLOW
6317,6323,FLOW
6317,6322,FLOW
6317,6321,FLOW
6317,6320,FLOW
6317,6319,FLOW
6317,6339,FLOW
6317,6338,FLOW
6317,6337,FLOW
6317,6336,FLOW
6317,6335,FLOW
6317,6334,FLOW
6317,6333,FLOW
6317,6330,FLOW
6317,6318,FLOW
6340,6318,HAS_BLOCK
6318,6331,FLOW
6340,6330,HAS_BLOCK
6330,6332,FLOW
6340,6333,HAS_BLOCK
6333,6332,FLOW
6340,6334,HAS_BLOCK
6334,6332,FLOW
6340,6335,HAS_BLOCK
6335,6332,FLOW
6340,6336,HAS_BLOCK
6336,6332,FLOW
6340,6337,HAS_BLOCK
6337,6332,FLOW
6340,6338,HAS_BLOCK
6338,6332,FLOW
6340,6339,HAS_BLOCK
6339,6332,FLOW
6340,6319,HAS_BLOCK
6319,6332,FLOW
6340,6320,HAS_BLOCK
6320,6332,FLOW
6340,6321,HAS_BLOCK
6321,6332,FLOW
6340,6322,HAS_BLOCK
6322,6332,FLOW
6340,6323,HAS_BLOCK
6323,6332,FLOW
6340,6324,HAS_BLOCK
6324,6332,FLOW
6340,6325,HAS_BLOCK
6325,6332,FLOW
6340,6326,HAS_BLOCK
6326,6332,FLOW
6340,6327,HAS_BLOCK
6327,6332,FLOW
6340,6328,HAS_BLOCK
6328,6332,FLOW
6340,6331,HAS_BLOCK
6331,6332,FLOW
6340,6332,HAS_BLOCK
6332,6340,RETURN
6314,6315,HAS_PARAM
6314,6316,HAS_PARAM
6314,6238,HAS_BLOCK
6238,6304,FLOW
6314,6240,HAS_BLOCK
6240,6305,FLOW
6314,6257,HAS_BLOCK
6257,6306,FLOW
6314,6273,HAS_BLOCK
6273,6303,FLOW
6314,6288,HAS_BLOCK
6288,6306,FLOW
6314,6299,HAS_BLOCK
6299,6302,FLOW
6314,6308,HAS_BLOCK
6308,6306,FLOW
6314,6309,HAS_BLOCK
6309,6301,FLOW
6314,6311,HAS_BLOCK
6311,6306,FLOW
6314,6312,HAS_BLOCK
6312,6300,FLOW
6314,6241,HAS_BLOCK
6241,6306,FLOW
6314,6242,HAS_BLOCK
6242,6298,FLOW
6314,6244,HAS_BLOCK
6244,6306,FLOW
6314,6245,HAS_BLOCK
6245,6297,FLOW
6314,6247,HAS_BLOCK
6247,6306,FLOW
6314,6248,HAS_BLOCK
6248,6296,FLOW
6314,6250,HAS_BLOCK
6250,6306,FLOW
6314,6251,HAS_BLOCK
6251,6295,FLOW
6314,6253,HAS_BLOCK
6253,6306,FLOW
6314,6254,HAS_BLOCK
6254,6294,FLOW
6314,6258,HAS_BLOCK
6258,6306,FLOW
6314,6259,HAS_BLOCK
6259,6293,FLOW
6314,6261,HAS_BLOCK
6261,6306,FLOW
6314,6262,HAS_BLOCK
6262,6292,FLOW
6314,6264,HAS_BLOCK
6264,6306,FLOW
6314,6265,HAS_BLOCK
6265,6291,FLOW
6314,6267,HAS_BLOCK
6267,6306,FLOW
6314,6268,HAS_BLOCK
6268,6290,FLOW
6314,6270,HAS_BLOCK
6270,6306,FLOW
6314,6271,HAS_BLOCK
6271,6289,FLOW
6314,6274,HAS_BLOCK
6274,6306,FLOW
6314,6275,HAS_BLOCK
6275,6286,FLOW
6314,6277,HAS_BLOCK
6277,6306,FLOW
6314,6278,HAS_BLOCK
6278,6285,FLOW
6314,6280,HAS_BLOCK
6280,6306,FLOW
6314,6281,HAS_BLOCK
6281,6284,FLOW
6314,6283,HAS_BLOCK
6283,6306,FLOW
6314,6284,HAS_BLOCK
6284,6240,FLOW
6284,6283,FLOW
6314,6285,HAS_BLOCK
6285,6281,FLOW
6285,6280,FLOW
6314,6286,HAS_BLOCK
6286,6278,FLOW
6286,6277,FLOW
6314,6289,HAS_BLOCK
6289,6275,FLOW
6289,6274,FLOW
6314,6290,HAS_BLOCK
6290,6271,FLOW
6290,6270,FLOW
6314,6291,HAS_BLOCK
6291,6268,FLOW
6291,6267,FLOW
6314,6292,HAS_BLOCK
6292,6265,FLOW
6292,6264,FLOW
6314,6293,HAS_BLOCK
6293,6262,FLOW
6293,6261,FLOW
6314,6294,HAS_BLOCK
6294,6259,FLOW
6294,6258,FLOW
6314,6295,HAS_BLOCK
6295,6254,FLOW
6295,6253,FLOW
6314,6296,HAS_BLOCK
6296,6251,FLOW
6296,6250,FLOW
6314,6297,HAS_BLOCK
6297,6248,FLOW
6297,6247,FLOW
6314,6298,HAS_BLOCK
6298,6245,FLOW
6298,6244,FLOW
6314,6300,HAS_BLOCK
6300,6242,FLOW
6300,6241,FLOW
6314,6301,HAS_BLOCK
6301,6312,FLOW
6301,6311,FLOW
6314,6302,HAS_BLOCK
6302,6309,FLOW
6302,6308,FLOW
6314,6303,HAS_BLOCK
6303,6299,FLOW
6303,6288,FLOW
6314,6304,HAS_BLOCK
6304,6273,FLOW
6304,6257,FLOW
6314,6305,HAS_BLOCK
6305,6306,FLOW
6314,6306,HAS_BLOCK
6306,6314,RETURN
6235,6236,HAS_PARAM
6235,6237,HAS_PARAM
6235,6071,HAS_BLOCK
6071,6153,FLOW
6071,6147,FLOW
6235,6072,HAS_BLOCK
6072,6134,FLOW
6235,6147,HAS_BLOCK
6147,6158,FLOW
6147,6144,FLOW
6147,6072,FLOW
6235,6158,HAS_BLOCK
6158,6169,FLOW
6158,6072,FLOW
6235,6169,HAS_BLOCK
6169,6180,FLOW
6169,6072,FLOW
6235,6180,HAS_BLOCK
6180,6191,FLOW
6180,6073,FLOW
6180,6117,FLOW
6180,6072,FLOW
6235,6191,HAS_BLOCK
6191,6202,FLOW
6191,6072,FLOW
6235,6202,HAS_BLOCK
6202,6213,FLOW
6202,6072,FLOW
6235,6213,HAS_BLOCK
6213,6224,FLOW
6213,6072,FLOW
6235,6224,HAS_BLOCK
6224,6133,FLOW
6224,6072,FLOW
6235,6073,HAS_BLOCK
6073,6084,FLOW
6073,6072,FLOW
6235,6084,HAS_BLOCK
6084,6095,FLOW
6084,6072,FLOW
6235,6095,HAS_BLOCK
6095,6106,FLOW
6095,6072,FLOW
6235,6106,HAS_BLOCK
6106,6131,FLOW
6106,6072,FLOW
6235,6117,HAS_BLOCK
6117,6128,FLOW
6117,6072,FLOW
6235,6128,HAS_BLOCK
6128,6141,FLOW
6128,6072,FLOW
6235,6141,HAS_BLOCK
6141,6143,FLOW
6141,6072,FLOW
6235,6143,HAS_BLOCK
6143,6130,FLOW
6143,6072,FLOW
6235,6144,HAS_BLOCK
6144,6145,FLOW
6144,6072,FLOW
6235,6145,HAS_BLOCK
6145,6148,FLOW
6145,6072,FLOW
6235,6148,HAS_BLOCK
6148,6149,FLOW
6148,6072,FLOW
6235,6149,HAS_BLOCK
6149,6150,FLOW
6149,6072,FLOW
6235,6150,HAS_BLOCK
6150,6151,FLOW
6150,6072,FLOW
6235,6151,HAS_BLOCK
6151,6152,FLOW
6151,6072,FLOW
6235,6152,HAS_BLOCK
6152,6122,FLOW
6152,6072,FLOW
6235,6153,HAS_BLOCK
6153,6164,FLOW
6153,6154,FLOW
6235,6154,HAS_BLOCK
6154,6155,FLOW
6154,6072,FLOW
6235,6155,HAS_BLOCK
6155,6156,FLOW
6155,6072,FLOW
6235,6156,HAS_BLOCK
6156,6157,FLOW
6156,6072,FLOW
6235,6157,HAS_BLOCK
6157,6159,FLOW
6157,6072,FLOW
6235,6159,HAS_BLOCK
6159,6160,FLOW
6159,6072,FLOW
6235,6160,HAS_BLOCK
6160,6161,FLOW
6160,6072,FLOW
6235,6161,HAS_BLOCK
6161,6162,FLOW
6161,6072,FLOW
6235,6162,HAS_BLOCK
6162,6163,FLOW
6162,6072,FLOW
6235,6163,HAS_BLOCK
6163,6132,FLOW
6163,6072,FLOW
6235,6164,HAS_BLOCK
6164,6179,FLOW
6164,6165,FLOW
6235,6165,HAS_BLOCK
6165,6166,FLOW
6165,6173,FLOW
6165,6072,FLOW
6235,6166,HAS_BLOCK
6166,6167,FLOW
6166,6072,FLOW
6235,6167,HAS_BLOCK
6167,6168,FLOW
6167,6072,FLOW
6235,6168,HAS_BLOCK
6168,6170,FLOW
6168,6072,FLOW
6235,6170,HAS_BLOCK
6170,6171,FLOW
6170,6072,FLOW
6235,6171,HAS_BLOCK
6171,6172,FLOW
6171,6072,FLOW
6235,6172,HAS_BLOCK
6172,6129,FLOW
6172,6072,FLOW
6235,6173,HAS_BLOCK
6173,6174,FLOW
6173,6072,FLOW
6235,6174,HAS_BLOCK
6174,6175,FLOW
6174,6072,FLOW
6235,6175,HAS_BLOCK
6175,6176,FLOW
6175,6072,FLOW
6235,6176,HAS_BLOCK
6176,6177,FLOW
6176,6072,FLOW
6235,6177,HAS_BLOCK
6177,6178,FLOW
6177,6072,FLOW
6235,6178,HAS_BLOCK
6178,6116,FLOW
6178,6072,FLOW
6235,6179,HAS_BLOCK
6179,6188,FLOW
6179,6181,FLOW
6235,6181,HAS_BLOCK
6181,6182,FLOW
6181,6185,FLOW
6181,6072,FLOW
6235,6182,HAS_BLOCK
6182,6183,FLOW
6182,6072,FLOW
6235,6183,HAS_BLOCK
6183,6184,FLOW
6183,6072,FLOW
6235,6184,HAS_BLOCK
6184,6127,FLOW
6184,6072,FLOW
6235,6185,HAS_BLOCK
6185,6186,FLOW
6185,6072,FLOW
6235,6186,HAS_BLOCK
6186,6187,FLOW
6186,6072,FLOW
6235,6187,HAS_BLOCK
6187,6126,FLOW
6187,6072,FLOW
6235,6188,HAS_BLOCK
6188,6212,FLOW
6188,6189,FLOW
6235,6189,HAS_BLOCK
6189,6190,FLOW
6189,6196,FLOW
6189,6201,FLOW
6189,6207,FLOW
6189,6072,FLOW
6235,6190,HAS_BLOCK
6190,6192,FLOW
6190,6072,FLOW
6235,6192,HAS_BLOCK
6192,6193,FLOW
6192,6072,FLOW
6235,6193,HAS_BLOCK
6193,6194,FLOW
6193,6072,FLOW
6235,6194,HAS_BLOCK
6194,6195,FLOW
6194,6072,FLOW
6235,6195,HAS_BLOCK
6195,6125,FLOW
6195,6072,FLOW
6235,6196,HAS_BLOCK
6196,6197,FLOW
6196,6072,FLOW
6235,6197,HAS_BLOCK
6197,6198,FLOW
6197,6072,FLOW
6235,6198,HAS_BLOCK
6198,6199,FLOW
6198,6072,FLOW
6235,6199,HAS_BLOCK
6199,6200,FLOW
6199,6072,FLOW
6235,6200,HAS_BLOCK
6200,6124,FLOW
6200,6072,FLOW
6235,6201,HAS_BLOCK
6201,6203,FLOW
6201,6072,FLOW
6235,6203,HAS_BLOCK
6203,6204,FLOW
6203,6072,FLOW
6235,6204,HAS_BLOCK
6204,6205,FLOW
6204,6072,FLOW
6235,6205,HAS_BLOCK
6205,6206,FLOW
6205,6072,FLOW
6235,6206,HAS_BLOCK
6206,6121,FLOW
6206,6072,FLOW
6235,6207,HAS_BLOCK
6207,6208,FLOW
6207,6072,FLOW
6235,6208,HAS_BLOCK
6208,6209,FLOW
6208,6072,FLOW
6235,6209,HAS_BLOCK
6209,6210,FLOW
6209,6072,FLOW
6235,6210,HAS_BLOCK
6210,6211,FLOW
6210,6072,FLOW
6235,6211,HAS_BLOCK
6211,6120,FLOW
6211,6072,FLOW
6235,6212,HAS_BLOCK
6212,6082,FLOW
6212,6214,FLOW
6235,6214,HAS_BLOCK
6214,6215,FLOW
6214,6225,FLOW
6214,6234,FLOW
6214,6072,FLOW
6235,6215,HAS_BLOCK
6215,6216,FLOW
6215,6072,FLOW
6235,6216,HAS_BLOCK
6216,6217,FLOW
6216,6072,FLOW
6235,6217,HAS_BLOCK
6217,6218,FLOW
6217,6072,FLOW
6235,6218,HAS_BLOCK
6218,6219,FLOW
6218,6072,FLOW
6235,6219,HAS_BLOCK
6219,6220,FLOW
6219,6072,FLOW
6235,6220,HAS_BLOCK
6220,6221,FLOW
6220,6072,FLOW
6235,6221,HAS_BLOCK
6221,6222,FLOW
6221,6072,FLOW
6235,6222,HAS_BLOCK
6222,6223,FLOW
6222,6072,FLOW
6235,6223,HAS_BLOCK
6223,6123,FLOW
6223,6072,FLOW
6235,6225,HAS_BLOCK
6225,6226,FLOW
6225,6072,FLOW
6235,6226,HAS_BLOCK
6226,6227,FLOW
6226,6072,FLOW
6235,6227,HAS_BLOCK
6227,6228,FLOW
6227,6072,FLOW
6235,6228,HAS_BLOCK
6228,6229,FLOW
6228,6072,FLOW
6235,6229,HAS_BLOCK
6229,6230,FLOW
6229,6072,FLOW
6235,6230,HAS_BLOCK
6230,6231,FLOW
6230,6072,FLOW
6235,6231,HAS_BLOCK
6231,6232,FLOW
6231,6072,FLOW
6235,6232,HAS_BLOCK
6232,6233,FLOW
6232,6072,FLOW
6235,6233,HAS_BLOCK
6233,6119,FLOW
6233,6072,FLOW
6235,6234,HAS_BLOCK
6234,6074,FLOW
6234,6072,FLOW
6235,6074,HAS_BLOCK
6074,6075,FLOW
6074,6072,FLOW
6235,6075,HAS_BLOCK
6075,6076,FLOW
6075,6072,FLOW
6235,6076,HAS_BLOCK
6076,6077,FLOW
6076,6072,FLOW
6235,6077,HAS_BLOCK
6077,6078,FLOW
6077,6072,FLOW
6235,6078,HAS_BLOCK
6078,6079,FLOW
6078,6072,FLOW
6235,6079,HAS_BLOCK
6079,6080,FLOW
6079,6072,FLOW
6235,6080,HAS_BLOCK
6080,6081,FLOW
6080,6072,FLOW
6235,6081,HAS_BLOCK
6081,6118,FLOW
6081,6072,FLOW
6235,6082,HAS_BLOCK
6082,6100,FLOW
6082,6083,FLOW
6235,6083,HAS_BLOCK
6083,6085,FLOW
6083,6072,FLOW
6235,6085,HAS_BLOCK
6085,6086,FLOW
6085,6072,FLOW
6235,6086,HAS_BLOCK
6086,6087,FLOW
6086,6072,FLOW
6235,6087,HAS_BLOCK
6087,6088,FLOW
6087,6072,FLOW
6235,6088,HAS_BLOCK
6088,6089,FLOW
6088,6072,FLOW
6235,6089,HAS_BLOCK
6089,6090,FLOW
6089,6072,FLOW
6235,6090,HAS_BLOCK
6090,6091,FLOW
6090,6072,FLOW
6235,6091,HAS_BLOCK
6091,6092,FLOW
6091,6072,FLOW
6235,6092,HAS_BLOCK
6092,6093,FLOW
6092,6072,FLOW
6235,6093,HAS_BLOCK
6093,6094,FLOW
6093,6072,FLOW
6235,6094,HAS_BLOCK
6094,6096,FLOW
6094,6072,FLOW
6235,6096,HAS_BLOCK
6096,6097,FLOW
6096,6072,FLOW
6235,6097,HAS_BLOCK
6097,6098,FLOW
6097,6072,FLOW
6235,6098,HAS_BLOCK
6098,6099,FLOW
6098,6072,FLOW
6235,6099,HAS_BLOCK
6099,6115,FLOW
6099,6072,FLOW
6235,6100,HAS_BLOCK
6100,6072,FLOW
6100,6101,FLOW
6235,6101,HAS_BLOCK
6101,6102,FLOW
6101,6072,FLOW
6235,6102,HAS_BLOCK
6102,6103,FLOW
6102,6072,FLOW
6235,6103,HAS_BLOCK
6103,6104,FLOW
6103,6072,FLOW
6235,6104,HAS_BLOCK
6104,6105,FLOW
6104,6072,FLOW
6235,6105,HAS_BLOCK
6105,6107,FLOW
6105,6072,FLOW
6235,6107,HAS_BLOCK
6107,6108,FLOW
6107,6072,FLOW
6235,6108,HAS_BLOCK
6108,6109,FLOW
6108,6072,FLOW
6235,6109,HAS_BLOCK
6109,6110,FLOW
6109,6072,FLOW
6235,6110,HAS_BLOCK
6110,6111,FLOW
6110,6072,FLOW
6235,6111,HAS_BLOCK
6111,6112,FLOW
6111,6072,FLOW
6235,6112,HAS_BLOCK
6112,6113,FLOW
6112,6072,FLOW
6235,6113,HAS_BLOCK
6113,6114,FLOW
6113,6072,FLOW
6235,6114,HAS_BLOCK
6114,6139,FLOW
6235,6115,HAS_BLOCK
6115,6139,FLOW
6235,6116,HAS_BLOCK
6116,6139,FLOW
6235,6118,HAS_BLOCK
6118,6139,FLOW
6235,6119,HAS_BLOCK
6119,6139,FLOW
6235,6120,HAS_BLOCK
6120,6139,FLOW
6235,6121,HAS_BLOCK
6121,6139,FLOW
6235,6122,HAS_BLOCK
6122,6139,FLOW
6235,6123,HAS_BLOCK
6123,6139,FLOW
6235,6124,HAS_BLOCK
6124,6139,FLOW
6235,6125,HAS_BLOCK
6125,6139,FLOW
6235,6126,HAS_BLOCK
6126,6139,FLOW
6235,6127,HAS_BLOCK
6127,6139,FLOW
6235,6129,HAS_BLOCK
6129,6139,FLOW
6235,6130,HAS_BLOCK
6130,6139,FLOW
6235,6131,HAS_BLOCK
6131,6139,FLOW
6235,6132,HAS_BLOCK
6132,6139,FLOW
6235,6133,HAS_BLOCK
6133,6139,FLOW
6235,6134,HAS_BLOCK
6134,6136,FLOW
6134,6140,FLOW
6134,6140,UNWIND
6235,6136,HAS_BLOCK
6136,6138,FLOW
6136,6140,FLOW
6136,6140,UNWIND
6235,6138,HAS_BLOCK
6138,6139,FLOW
6235,6139,HAS_BLOCK
6139,6235,RETURN
6235,6140,HAS_BLOCK
6140,6142,FLOW
6235,6142,HAS_BLOCK
6063,6064,HAS_PARAM
6063,6060,HAS_BLOCK
6060,6062,FLOW
6063,6062,HAS_BLOCK
6062,6063,RETURN
6346,6347,HAS_PARAM
6346,6348,HAS_PARAM
6346,6343,HAS_BLOCK
6343,6345,FLOW
6346,6345,HAS_BLOCK
6345,6346,RETURN
6503,6504,HAS_PARAM
6503,6505,HAS_PARAM
6503,6349,HAS_BLOCK
6349,6351,FLOW
6503,6351,HAS_BLOCK
6351,6373,FLOW
6503,6373,HAS_BLOCK
6373,6407,FLOW
6373,6423,FLOW
6373,6391,FLOW
6503,6391,HAS_BLOCK
6503,6407,HAS_BLOCK
6407,6380,FLOW
6407,6378,FLOW
6407,6376,FLOW
6407,6374,FLOW
6407,6370,FLOW
6407,6368,FLOW
6407,6366,FLOW
6407,6364,FLOW
6407,6362,FLOW
6407,6360,FLOW
6407,6358,FLOW
6407,6356,FLOW
6407,6354,FLOW
6407,6352,FLOW
6407,6491,FLOW
6407,6474,FLOW
6407,6457,FLOW
6407,6440,FLOW
6407,6391,FLOW
6503,6423,HAS_BLOCK
6423,6501,FLOW
6503,6440,HAS_BLOCK
6440,6495,FLOW
6503,6457,HAS_BLOCK
6457,6487,FLOW
6503,6474,HAS_BLOCK
6474,6481,FLOW
6503,6491,HAS_BLOCK
6491,6475,FLOW
6503,6352,HAS_BLOCK
6352,6467,FLOW
6503,6354,HAS_BLOCK
6354,6461,FLOW
6503,6356,HAS_BLOCK
6356,6453,FLOW
6503,6358,HAS_BLOCK
6358,6447,FLOW
6503,6360,HAS_BLOCK
6360,6441,FLOW
6503,6362,HAS_BLOCK
6362,6433,FLOW
6503,6364,HAS_BLOCK
6364,6427,FLOW
6503,6366,HAS_BLOCK
6366,6420,FLOW
6503,6368,HAS_BLOCK
6368,6414,FLOW
6503,6370,HAS_BLOCK
6370,6408,FLOW
6503,6374,HAS_BLOCK
6374,6401,FLOW
6503,6376,HAS_BLOCK
6376,6395,FLOW
6503,6378,HAS_BLOCK
6378,6388,FLOW
6503,6380,HAS_BLOCK
6380,6382,FLOW
6503,6382,HAS_BLOCK
6382,6384,FLOW
6503,6384,HAS_BLOCK
6384,6385,FLOW
6384,6386,FLOW
6384,6391,FLOW
6503,6385,HAS_BLOCK
6385,6501,FLOW
6503,6386,HAS_BLOCK
6386,6501,FLOW
6503,6388,HAS_BLOCK
6388,6390,FLOW
6503,6390,HAS_BLOCK
6390,6392,FLOW
6390,6393,FLOW
6390,6391,FLOW
6503,6392,HAS_BLOCK
6392,6501,FLOW
6503,6393,HAS_BLOCK
6393,6501,FLOW
6503,6395,HAS_BLOCK
6395,6397,FLOW
6503,6397,HAS_BLOCK
6397,6398,FLOW
6397,6399,FLOW
6397,6391,FLOW
6503,6398,HAS_BLOCK
6398,6501,FLOW
6503,6399,HAS_BLOCK
6399,6501,FLOW
6503,6401,HAS_BLOCK
6401,6403,FLOW
6503,6403,HAS_BLOCK
6403,6404,FLOW
6403,6405,FLOW
6403,6391,FLOW
6503,6404,HAS_BLOCK
6404,6501,FLOW
6503,6405,HAS_BLOCK
6405,6501,FLOW
6503,6408,HAS_BLOCK
6408,6410,FLOW
6503,6410,HAS_BLOCK
6410,6411,FLOW
6410,6412,FLOW
6410,6391,FLOW
6503,6411,HAS_BLOCK
6411,6501,FLOW
6503,6412,HAS_BLOCK
6412,6501,FLOW
6503,6414,HAS_BLOCK
6414,6416,FLOW
6503,6416,HAS_BLOCK
6416,6417,FLOW
6416,6418,FLOW
6416,6391,FLOW
6503,6417,HAS_BLOCK
6417,6501,FLOW
6503,6418,HAS_BLOCK
6418,6501,FLOW
6503,6420,HAS_BLOCK
6420,6422,FLOW
6503,6422,HAS_BLOCK
6422,6424,FLOW
6422,6425,FLOW
6422,6391,FLOW
6503,6424,HAS_BLOCK
6424,6501,FLOW
6503,6425,HAS_BLOCK
6425,6501,FLOW
6503,6427,HAS_BLOCK
6427,6429,FLOW
6503,6429,HAS_BLOCK
6429,6430,FLOW
6429,6431,FLOW
6429,6391,FLOW
6503,6430,HAS_BLOCK
6430,6501,FLOW
6503,6431,HAS_BLOCK
6431,6501,FLOW
6503,6433,HAS_BLOCK
6433,6435,FLOW
6503,6435,HAS_BLOCK
6435,6436,FLOW
6435,6437,FLOW
6435,6391,FLOW
6503,6436,HAS_BLOCK
6436,6501,FLOW
6503,6437,HAS_BLOCK
6437,6501,FLOW
6503,6441,HAS_BLOCK
6441,6443,FLOW
6503,6443,HAS_BLOCK
6443,6444,FLOW
6443,6445,FLOW
6443,6391,FLOW
6503,6444,HAS_BLOCK
6444,6501,FLOW
6503,6445,HAS_BLOCK
6445,6501,FLOW
6503,6447,HAS_BLOCK
6447,6449,FLOW
6503,6449,HAS_BLOCK
6449,6450,FLOW
6449,6451,FLOW
6449,6391,FLOW
6503,6450,HAS_BLOCK
6450,6501,FLOW
6503,6451,HAS_BLOCK
6451,6501,FLOW
6503,6453,HAS_BLOCK
6453,6455,FLOW
6503,6455,HAS_BLOCK
6455,6458,FLOW
6455,6459,FLOW
6455,6391,FLOW
6503,6458,HAS_BLOCK
6458,6501,FLOW
6503,6459,HAS_BLOCK
6459,6501,FLOW
6503,6461,HAS_BLOCK
6461,6463,FLOW
6503,6463,HAS_BLOCK
6463,6464,FLOW
6463,6465,FLOW
6463,6391,FLOW
6503,6464,HAS_BLOCK
6464,6501,FLOW
6503,6465,HAS_BLOCK
6465,6501,FLOW
6503,6467,HAS_BLOCK
6467,6469,FLOW
6503,6469,HAS_BLOCK
6469,6470,FLOW
6469,6471,FLOW
6469,6391,FLOW
6503,6470,HAS_BLOCK
6470,6501,FLOW
6503,6471,HAS_BLOCK
6471,6501,FLOW
6503,6475,HAS_BLOCK
6475,6477,FLOW
6503,6477,HAS_BLOCK
6477,6478,FLOW
6477,6479,FLOW
6477,6391,FLOW
6503,6478,HAS_BLOCK
6478,6501,FLOW
6503,6479,HAS_BLOCK
6479,6501,FLOW
6503,6481,HAS_BLOCK
6481,6483,FLOW
6503,6483,HAS_BLOCK
6483,6484,FLOW
6483,6485,FLOW
6483,6391,FLOW
6503,6484,HAS_BLOCK
6484,6501,FLOW
6503,6485,HAS_BLOCK
6485,6501,FLOW
6503,6487,HAS_BLOCK
6487,6489,FLOW
6503,6489,HAS_BLOCK
6489,6492,FLOW
6489,6493,FLOW
6489,6391,FLOW
6503,6492,HAS_BLOCK
6492,6501,FLOW
6503,6493,HAS_BLOCK
6493,6501,FLOW
6503,6495,HAS_BLOCK
6495,6497,FLOW
6503,6497,HAS_BLOCK
6497,6498,FLOW
6497,6499,FLOW
6497,6391,FLOW
6503,6498,HAS_BLOCK
6498,6501,FLOW
6503,6499,HAS_BLOCK
6499,6501,FLOW
6503,6501,HAS_BLOCK
6501,6503,RETURN
5754,5755,HAS_PARAM
5754,5756,HAS_PARAM
5754,5753,HAS_BLOCK
5753,5754,RETURN
5751,5752,HAS_PARAM
5751,5750,HAS_BLOCK
5750,5751,RETURN
5812,5813,HAS_PARAM
5812,5814,HAS_PARAM
5812,5809,HAS_BLOCK
5809,5811,FLOW
5812,5811,HAS_BLOCK
5811,5812,RETURN
5807,5808,HAS_PARAM
5807,5798,HAS_BLOCK
5798,5800,FLOW
5807,5800,HAS_BLOCK
5800,5802,FLOW
5807,5802,HAS_BLOCK
5802,5804,FLOW
5802,5805,FLOW
5802,5805,UNWIND
5807,5804,HAS_BLOCK
5804,5807,RETURN
5807,5805,HAS_BLOCK
5805,5806,FLOW
5807,5806,HAS_BLOCK
10711,10712,HAS_PARAM
10711,10713,HAS_PARAM
10711,10638,HAS_BLOCK
10638,10639,FLOW
10638,10697,FLOW
10638,10697,UNWIND
10711,10639,HAS_BLOCK
10639,10658,FLOW
10639,10697,FLOW
10639,10697,UNWIND
10711,10658,HAS_BLOCK
10658,10676,FLOW
10658,10697,FLOW
10658,10697,UNWIND
10711,10676,HAS_BLOCK
10676,10692,FLOW
10676,10697,FLOW
10676,10697,UNWIND
10711,10692,HAS_BLOCK
10692,10703,FLOW
10692,10697,FLOW
10692,10697,UNWIND
10711,10703,HAS_BLOCK
10703,10705,FLOW
10703,10697,FLOW
10703,10697,UNWIND
10711,10705,HAS_BLOCK
10705,10707,FLOW
10705,10697,FLOW
10705,10697,UNWIND
10711,10707,HAS_BLOCK
10707,10709,FLOW
10711,10709,HAS_BLOCK
10709,10640,FLOW
10709,10642,FLOW
10709,10710,FLOW
10711,10710,HAS_BLOCK
10711,10640,HAS_BLOCK
10640,10644,FLOW
10640,10695,FLOW
10640,10695,UNWIND
10711,10642,HAS_BLOCK
10642,10690,FLOW
10711,10644,HAS_BLOCK
10644,10646,FLOW
10644,10695,FLOW
10644,10695,UNWIND
10711,10646,HAS_BLOCK
10646,10647,FLOW
10646,10649,FLOW
10646,10710,FLOW
10711,10647,HAS_BLOCK
10647,10651,FLOW
10647,10695,FLOW
10647,10695,UNWIND
10711,10649,HAS_BLOCK
10649,10698,FLOW
10649,10695,FLOW
10649,10695,UNWIND
10711,10651,HAS_BLOCK
10651,10653,FLOW
10651,10695,FLOW
10651,10695,UNWIND
10711,10653,HAS_BLOCK
10653,10654,FLOW
10653,10656,FLOW
10653,10710,FLOW
10711,10654,HAS_BLOCK
10654,10659,FLOW
10654,10695,FLOW
10654,10695,UNWIND
10711,10656,HAS_BLOCK
10656,10699,FLOW
10656,10695,FLOW
10656,10695,UNWIND
10711,10659,HAS_BLOCK
10659,10661,FLOW
10659,10695,FLOW
10659,10695,UNWIND
10711,10661,HAS_BLOCK
10661,10662,FLOW
10661,10664,FLOW
10661,10710,FLOW
10711,10662,HAS_BLOCK
10662,10666,FLOW
10662,10695,FLOW
10662,10695,UNWIND
10711,10664,HAS_BLOCK
10664,10700,FLOW
10664,10695,FLOW
10664,10695,UNWIND
10711,10666,HAS_BLOCK
10666,10668,FLOW
10666,10695,FLOW
10666,10695,UNWIND
10711,10668,HAS_BLOCK
10668,10669,FLOW
10668,10671,FLOW
10668,10710,FLOW
10711,10669,HAS_BLOCK
10669,10673,FLOW
10669,10695,FLOW
10669,10695,UNWIND
10711,10671,HAS_BLOCK
10671,10701,FLOW
10671,10695,FLOW
10671,10695,UNWIND
10711,10673,HAS_BLOCK
10673,10675,FLOW
10673,10695,FLOW
10673,10695,UNWIND
10711,10675,HAS_BLOCK
10675,10677,FLOW
10675,10679,FLOW
10675,10710,FLOW
10711,10677,HAS_BLOCK
10677,10681,FLOW
10677,10695,FLOW
10677,10695,UNWIND
10711,10679,HAS_BLOCK
10679,10702,FLOW
10679,10695,FLOW
10679,10695,UNWIND
10711,10681,HAS_BLOCK
10681,10683,FLOW
10681,10695,FLOW
10681,10695,UNWIND
10711,10683,HAS_BLOCK
10683,10684,FLOW
10683,10686,FLOW
10683,10710,FLOW
10711,10684,HAS_BLOCK
10684,10688,FLOW
10684,10695,FLOW
10684,10695,UNWIND
10711,10686,HAS_BLOCK
10686,10704,FLOW
10686,10695,FLOW
10686,10695,UNWIND
10711,10688,HAS_BLOCK
10688,10691,FLOW
10711,10689,HAS_BLOCK
10689,10690,FLOW
10711,10690,HAS_BLOCK
10690,10691,FLOW
10711,10691,HAS_BLOCK
10691,10711,RETURN
10711,10693,HAS_BLOCK
10711,10694,HAS_BLOCK
10694,10693,FLOW
10711,10695,HAS_BLOCK
10695,10693,FLOW
10695,10694,FLOW
10711,10696,HAS_BLOCK
10696,10693,FLOW
10711,10697,HAS_BLOCK
10697,10693,FLOW
10697,10696,FLOW
10711,10698,HAS_BLOCK
10698,10689,FLOW
10711,10699,HAS_BLOCK
10699,10689,FLOW
10711,10700,HAS_BLOCK
10700,10689,FLOW
10711,10701,HAS_BLOCK
10701,10689,FLOW
10711,10702,HAS_BLOCK
10702,10689,FLOW
10711,10704,HAS_BLOCK
10704,10689,FLOW
10476,10477,HAS_PARAM
10476,10473,HAS_BLOCK
10473,10475,FLOW
10476,10475,HAS_BLOCK
10475,10476,RETURN
6821,6822,HAS_PARAM
6821,6823,HAS_PARAM
6821,6818,HAS_BLOCK
6818,6820,FLOW
6821,6820,HAS_BLOCK
6820,6821,RETURN
6899,6900,HAS_PARAM
6899,6901,HAS_PARAM
6899,6890,HAS_BLOCK
6890,6897,FLOW
6890,6896,FLOW
6890,6895,FLOW
6890,6894,FLOW
6890,6893,FLOW
6890,6892,FLOW
6890,6891,FLOW
6899,6891,HAS_BLOCK
6891,6898,FLOW
6899,6892,HAS_BLOCK
6892,6898,FLOW
6899,6893,HAS_BLOCK
6893,6898,FLOW
6899,6894,HAS_BLOCK
6894,6898,FLOW
6899,6895,HAS_BLOCK
6895,6898,FLOW
6899,6896,HAS_BLOCK
6896,6898,FLOW
6899,6897,HAS_BLOCK
6897,6898,FLOW
6899,6898,HAS_BLOCK
6898,6899,RETURN
6887,6888,HAS_PARAM
6887,6889,HAS_PARAM
6887,6861,HAS_BLOCK
6861,6873,FLOW
6887,6863,HAS_BLOCK
6863,6874,FLOW
6887,6875,HAS_BLOCK
6875,6874,FLOW
6887,6876,HAS_BLOCK
6876,6872,FLOW
6887,6878,HAS_BLOCK
6878,6874,FLOW
6887,6879,HAS_BLOCK
6879,6871,FLOW
6887,6881,HAS_BLOCK
6881,6874,FLOW
6887,6882,HAS_BLOCK
6882,6870,FLOW
6887,6884,HAS_BLOCK
6884,6874,FLOW
6887,6885,HAS_BLOCK
6885,6869,FLOW
6887,6864,HAS_BLOCK
6864,6874,FLOW
6887,6865,HAS_BLOCK
6865,6868,FLOW
6887,6867,HAS_BLOCK
6867,6874,FLOW
6887,6868,HAS_BLOCK
6868,6863,FLOW
6868,6867,FLOW
6887,6869,HAS_BLOCK
6869,6865,FLOW
6869,6864,FLOW
6887,6870,HAS_BLOCK
6870,6885,FLOW
6870,6884,FLOW
6887,6871,HAS_BLOCK
6871,6882,FLOW
6871,6881,FLOW
6887,6872,HAS_BLOCK
6872,6879,FLOW
6872,6878,FLOW
6887,6873,HAS_BLOCK
6873,6876,FLOW
6873,6875,FLOW
6887,6874,HAS_BLOCK
6874,6887,RETURN
6858,6859,HAS_PARAM
6858,6860,HAS_PARAM
6858,6824,HAS_BLOCK
6824,6852,FLOW
6824,6836,FLOW
6858,6825,HAS_BLOCK
6825,6851,FLOW
6858,6836,HAS_BLOCK
6836,6847,FLOW
6836,6825,FLOW
6858,6847,HAS_BLOCK
6847,6850,FLOW
6847,6825,FLOW
6858,6852,HAS_BLOCK
6852,6831,FLOW
6852,6853,FLOW
6858,6853,HAS_BLOCK
6853,6854,FLOW
6853,6857,FLOW
6853,6828,FLOW
6853,6825,FLOW
6858,6854,HAS_BLOCK
6854,6855,FLOW
6854,6825,FLOW
6858,6855,HAS_BLOCK
6855,6856,FLOW
6855,6825,FLOW
6858,6856,HAS_BLOCK
6856,6849,FLOW
6856,6825,FLOW
6858,6857,HAS_BLOCK
6857,6826,FLOW
6857,6825,FLOW
6858,6826,HAS_BLOCK
6826,6827,FLOW
6826,6825,FLOW
6858,6827,HAS_BLOCK
6827,6846,FLOW
6827,6825,FLOW
6858,6828,HAS_BLOCK
6828,6829,FLOW
6828,6825,FLOW
6858,6829,HAS_BLOCK
6829,6830,FLOW
6829,6825,FLOW
6858,6830,HAS_BLOCK
6830,6845,FLOW
6830,6825,FLOW
6858,6831,HAS_BLOCK
6831,6825,FLOW
6831,6832,FLOW
6858,6832,HAS_BLOCK
6832,6833,FLOW
6832,6839,FLOW
6832,6825,FLOW
6858,6833,HAS_BLOCK
6833,6834,FLOW
6833,6825,FLOW
6858,6834,HAS_BLOCK
6834,6835,FLOW
6834,6825,FLOW
6858,6835,HAS_BLOCK
6835,6837,FLOW
6835,6825,FLOW
6858,6837,HAS_BLOCK
6837,6838,FLOW
6837,6825,FLOW
6858,6838,HAS_BLOCK
6838,6848,FLOW
6838,6825,FLOW
6858,6839,HAS_BLOCK
6839,6840,FLOW
6839,6825,FLOW
6858,6840,HAS_BLOCK
6840,6841,FLOW
6840,6825,FLOW
6858,6841,HAS_BLOCK
6841,6842,FLOW
6841,6825,FLOW
6858,6842,HAS_BLOCK
6842,6843,FLOW
6842,6825,FLOW
6858,6843,HAS_BLOCK
6843,6844,FLOW
6843,6825,FLOW
6858,6844,HAS_BLOCK
6844,6851,FLOW
6858,6845,HAS_BLOCK
6845,6851,FLOW
6858,6846,HAS_BLOCK
6846,6851,FLOW
6858,6848,HAS_BLOCK
6848,6851,FLOW
6858,6849,HAS_BLOCK
6849,6851,FLOW
6858,6850,HAS_BLOCK
6850,6851,FLOW
6858,6851,HAS_BLOCK
6851,6858,RETURN
6816,6817,HAS_PARAM
6816,6813,HAS_BLOCK
6813,6815,FLOW
6816,6815,HAS_BLOCK
6815,6816,RETURN
6905,6906,HAS_PARAM
6905,6907,HAS_PARAM
6905,6902,HAS_BLOCK
6902,6904,FLOW
6905,6904,HAS_BLOCK
6904,6905,RETURN
7194,7195,HAS_PARAM
7194,7196,HAS_PARAM
7194,7112,HAS_BLOCK
7112,7114,FLOW
7112,7178,FLOW
7112,7178,UNWIND
7194,7114,HAS_BLOCK
7114,7131,FLOW
7114,7178,FLOW
7114,7178,UNWIND
7194,7131,HAS_BLOCK
7131,7164,FLOW
7131,7177,FLOW
7131,7148,FLOW
7194,7148,HAS_BLOCK
7194,7164,HAS_BLOCK
7164,7187,FLOW
7164,7189,FLOW
7164,7148,FLOW
7194,7177,HAS_BLOCK
7177,7180,FLOW
7177,7178,FLOW
7177,7178,UNWIND
7194,7187,HAS_BLOCK
7187,7191,FLOW
7187,7178,FLOW
7187,7178,UNWIND
7194,7189,HAS_BLOCK
7189,7192,FLOW
7189,7178,FLOW
7189,7178,UNWIND
7194,7191,HAS_BLOCK
7191,7173,FLOW
7194,7192,HAS_BLOCK
7192,7115,FLOW
7192,7178,FLOW
7192,7178,UNWIND
7194,7115,HAS_BLOCK
7115,7116,FLOW
7115,7117,FLOW
7115,7148,FLOW
7194,7116,HAS_BLOCK
7116,7119,FLOW
7116,7121,FLOW
7116,7148,FLOW
7194,7117,HAS_BLOCK
7117,7181,FLOW
7117,7178,FLOW
7117,7178,UNWIND
7194,7119,HAS_BLOCK
7119,7123,FLOW
7119,7178,FLOW
7119,7178,UNWIND
7194,7121,HAS_BLOCK
7121,7124,FLOW
7121,7178,FLOW
7121,7178,UNWIND
7194,7123,HAS_BLOCK
7123,7173,FLOW
7194,7124,HAS_BLOCK
7124,7126,FLOW
7124,7178,FLOW
7124,7178,UNWIND
7194,7126,HAS_BLOCK
7126,7127,FLOW
7126,7128,FLOW
7126,7148,FLOW
7194,7127,HAS_BLOCK
7127,7132,FLOW
7127,7134,FLOW
7127,7148,FLOW
7194,7128,HAS_BLOCK
7128,7182,FLOW
7128,7178,FLOW
7128,7178,UNWIND
7194,7132,HAS_BLOCK
7132,7136,FLOW
7132,7178,FLOW
7132,7178,UNWIND
7194,7134,HAS_BLOCK
7134,7137,FLOW
7134,7176,FLOW
7134,7176,UNWIND
7194,7136,HAS_BLOCK
7136,7173,FLOW
7194,7137,HAS_BLOCK
7137,7139,FLOW
7137,7176,FLOW
7137,7176,UNWIND
7194,7139,HAS_BLOCK
7139,7140,FLOW
7139,7141,FLOW
7139,7148,FLOW
7194,7140,HAS_BLOCK
7140,7143,FLOW
7140,7145,FLOW
7140,7148,FLOW
7194,7141,HAS_BLOCK
7141,7183,FLOW
7141,7176,FLOW
7141,7176,UNWIND
7194,7143,HAS_BLOCK
7143,7147,FLOW
7143,7176,FLOW
7143,7176,UNWIND
7194,7145,HAS_BLOCK
7145,7149,FLOW
7145,7175,FLOW
7145,7175,UNWIND
7194,7147,HAS_BLOCK
7147,7172,FLOW
7194,7149,HAS_BLOCK
7149,7151,FLOW
7149,7175,FLOW
7149,7175,UNWIND
7194,7151,HAS_BLOCK
7151,7152,FLOW
7151,7153,FLOW
7151,7148,FLOW
7194,7152,HAS_BLOCK
7152,7155,FLOW
7152,7157,FLOW
7152,7148,FLOW
7194,7153,HAS_BLOCK
7153,7184,FLOW
7153,7175,FLOW
7153,7175,UNWIND
7194,7155,HAS_BLOCK
7155,7159,FLOW
7155,7175,FLOW
7155,7175,UNWIND
7194,7157,HAS_BLOCK
7157,7160,FLOW
7157,7175,FLOW
7157,7175,UNWIND
7194,7159,HAS_BLOCK
7159,7171,FLOW
7194,7160,HAS_BLOCK
7160,7162,FLOW
7160,7175,FLOW
7160,7175,UNWIND
7194,7162,HAS_BLOCK
7162,7163,FLOW
7162,7165,FLOW
7162,7148,FLOW
7194,7163,HAS_BLOCK
7163,7167,FLOW
7163,7169,FLOW
7163,7148,FLOW
7194,7165,HAS_BLOCK
7165,7185,FLOW
7165,7175,FLOW
7165,7175,UNWIND
7194,7167,HAS_BLOCK
7167,7170,FLOW
7167,7175,FLOW
7167,7175,UNWIND
7194,7169,HAS_BLOCK
7169,7174,FLOW
7194,7170,HAS_BLOCK
7170,7171,FLOW
7194,7171,HAS_BLOCK
7171,7172,FLOW
7171,7176,FLOW
7171,7176,UNWIND
7194,7172,HAS_BLOCK
7172,7173,FLOW
7172,7178,FLOW
7172,7178,UNWIND
7194,7173,HAS_BLOCK
7173,7174,FLOW
7194,7174,HAS_BLOCK
7174,7194,RETURN
7194,7175,HAS_BLOCK
7175,7176,FLOW
7194,7176,HAS_BLOCK
7176,7178,FLOW
7194,7178,HAS_BLOCK
7178,7179,FLOW
7194,7179,HAS_BLOCK
7194,7180,HAS_BLOCK
7180,7173,FLOW
7194,7181,HAS_BLOCK
7181,7173,FLOW
7194,7182,HAS_BLOCK
7182,7173,FLOW
7194,7183,HAS_BLOCK
7183,7172,FLOW
7194,7184,HAS_BLOCK
7184,7171,FLOW
7194,7185,HAS_BLOCK
7185,7171,FLOW
7109,7110,HAS_PARAM
7109,7111,HAS_PARAM
7109,6908,HAS_BLOCK
6908,6909,FLOW
7109,6909,HAS_BLOCK
6909,6981,FLOW
6909,6952,FLOW
6909,6952,UNWIND
7109,6981,HAS_BLOCK
6981,6998,FLOW
6981,6952,FLOW
6981,6952,UNWIND
7109,6998,HAS_BLOCK
6998,7029,FLOW
6998,7044,FLOW
6998,7014,FLOW
7109,7014,HAS_BLOCK
7109,7029,HAS_BLOCK
7029,7077,FLOW
7029,7061,FLOW
7029,7014,FLOW
7109,7044,HAS_BLOCK
7044,6955,FLOW
7044,6952,FLOW
7044,6952,UNWIND
7109,7061,HAS_BLOCK
7061,7064,FLOW
7061,7066,FLOW
7061,7014,FLOW
7109,7077,HAS_BLOCK
7077,6972,FLOW
7077,6963,FLOW
7077,6951,FLOW
7077,6939,FLOW
7077,6926,FLOW
7077,6910,FLOW
7077,7092,FLOW
7077,7014,FLOW
7109,7092,HAS_BLOCK
7092,7057,FLOW
7092,6952,FLOW
7092,6952,UNWIND
7109,6910,HAS_BLOCK
6910,7045,FLOW
6910,6952,FLOW
6910,6952,UNWIND
7109,6926,HAS_BLOCK
6926,7032,FLOW
6926,6952,FLOW
6926,6952,UNWIND
7109,6939,HAS_BLOCK
6939,7017,FLOW
6939,6952,FLOW
6939,6952,UNWIND
7109,6951,HAS_BLOCK
6951,7002,FLOW
6951,6952,FLOW
6951,6952,UNWIND
7109,6963,HAS_BLOCK
6963,6988,FLOW
6963,6952,FLOW
6963,6952,UNWIND
7109,6972,HAS_BLOCK
6972,6974,FLOW
6972,6952,FLOW
6972,6952,UNWIND
7109,6974,HAS_BLOCK
6974,6978,FLOW
6974,6975,FLOW
7109,6975,HAS_BLOCK
6975,6977,FLOW
6975,6952,FLOW
6975,6952,UNWIND
7109,6977,HAS_BLOCK
6977,6933,FLOW
7109,6978,HAS_BLOCK
6978,6982,FLOW
6978,6952,FLOW
6978,6952,UNWIND
7109,6982,HAS_BLOCK
6982,6984,FLOW
6982,6952,FLOW
6982,6952,UNWIND
7109,6984,HAS_BLOCK
6984,6985,FLOW
6984,6986,FLOW
6984,7014,FLOW
7109,6985,HAS_BLOCK
6985,6909,FLOW
7109,6986,HAS_BLOCK
6986,6956,FLOW
6986,6952,FLOW
6986,6952,UNWIND
7109,6988,HAS_BLOCK
6988,6992,FLOW
6988,6989,FLOW
7109,6989,HAS_BLOCK
6989,6991,FLOW
6989,6952,FLOW
6989,6952,UNWIND
7109,6991,HAS_BLOCK
6991,6933,FLOW
7109,6992,HAS_BLOCK
6992,6994,FLOW
6992,6952,FLOW
6992,6952,UNWIND
7109,6994,HAS_BLOCK
6994,6996,FLOW
6994,6952,FLOW
6994,6952,UNWIND
7109,6996,HAS_BLOCK
6996,6999,FLOW
6996,7000,FLOW
6996,7014,FLOW
7109,6999,HAS_BLOCK
6999,6909,FLOW
7109,7000,HAS_BLOCK
7000,6957,FLOW
7000,6952,FLOW
7000,6952,UNWIND
7109,7002,HAS_BLOCK
7002,7006,FLOW
7002,7003,FLOW
7109,7003,HAS_BLOCK
7003,7005,FLOW
7003,6952,FLOW
7003,6952,UNWIND
7109,7005,HAS_BLOCK
7005,6933,FLOW
7109,7006,HAS_BLOCK
7006,7008,FLOW
7006,6952,FLOW
7006,6952,UNWIND
7109,7008,HAS_BLOCK
7008,7010,FLOW
7008,6952,FLOW
7008,6952,UNWIND
7109,7010,HAS_BLOCK
7010,7011,FLOW
7010,7012,FLOW
7010,7014,FLOW
7109,7011,HAS_BLOCK
7011,7015,FLOW
7011,7016,FLOW
7011,7016,UNWIND
7109,7012,HAS_BLOCK
7012,6958,FLOW
7012,6952,FLOW
7012,6952,UNWIND
7109,7015,HAS_BLOCK
7015,6909,FLOW
7109,7016,HAS_BLOCK
7016,6952,FLOW
7109,7017,HAS_BLOCK
7017,7021,FLOW
7017,7018,FLOW
7109,7018,HAS_BLOCK
7018,7020,FLOW
7018,6952,FLOW
7018,6952,UNWIND
7109,7020,HAS_BLOCK
7020,6933,FLOW
7109,7021,HAS_BLOCK
7021,7023,FLOW
7021,6952,FLOW
7021,6952,UNWIND
7109,7023,HAS_BLOCK
7023,7025,FLOW
7023,6952,FLOW
7023,6952,UNWIND
7109,7025,HAS_BLOCK
7025,7026,FLOW
7025,7027,FLOW
7025,7014,FLOW
7109,7026,HAS_BLOCK
7026,7030,FLOW
7026,7031,FLOW
7026,7031,UNWIND
7109,7027,HAS_BLOCK
7027,6959,FLOW
7027,6952,FLOW
7027,6952,UNWIND
7109,7030,HAS_BLOCK
7030,6909,FLOW
7109,7031,HAS_BLOCK
7031,6952,FLOW
7109,7032,HAS_BLOCK
7032,7036,FLOW
7032,7033,FLOW
7109,7033,HAS_BLOCK
7033,7035,FLOW
7033,6952,FLOW
7033,6952,UNWIND
7109,7035,HAS_BLOCK
7035,6933,FLOW
7109,7036,HAS_BLOCK
7036,7038,FLOW
7036,6952,FLOW
7036,6952,UNWIND
7109,7038,HAS_BLOCK
7038,7040,FLOW
7038,6952,FLOW
7038,6952,UNWIND
7109,7040,HAS_BLOCK
7040,7041,FLOW
7040,7042,FLOW
7040,7014,FLOW
7109,7041,HAS_BLOCK
7041,6909,FLOW
7109,7042,HAS_BLOCK
7042,6960,FLOW
7042,6952,FLOW
7042,6952,UNWIND
7109,7045,HAS_BLOCK
7045,7049,FLOW
7045,7046,FLOW
7109,7046,HAS_BLOCK
7046,7048,FLOW
7046,6952,FLOW
7046,6952,UNWIND
7109,7048,HAS_BLOCK
7048,6933,FLOW
7109,7049,HAS_BLOCK
7049,7051,FLOW
7049,6952,FLOW
7049,6952,UNWIND
7109,7051,HAS_BLOCK
7051,7053,FLOW
7051,6952,FLOW
7051,6952,UNWIND
7109,7053,HAS_BLOCK
7053,7054,FLOW
7053,7055,FLOW
7053,7014,FLOW
7109,7054,HAS_BLOCK
7054,6909,FLOW
7109,7055,HAS_BLOCK
7055,6961,FLOW
7055,6952,FLOW
7055,6952,UNWIND
7109,7057,HAS_BLOCK
7057,7059,FLOW
7057,6952,FLOW
7057,6952,UNWIND
7109,7059,HAS_BLOCK
7059,6909,FLOW
7059,7062,FLOW
7059,7014,FLOW
7109,7062,HAS_BLOCK
7062,6964,FLOW
7062,6952,FLOW
7062,6952,UNWIND
7109,7064,HAS_BLOCK
7064,7067,FLOW
7064,6952,FLOW
7064,6952,UNWIND
7109,7066,HAS_BLOCK
7066,7073,FLOW
7109,7067,HAS_BLOCK
7067,7069,FLOW
7067,6952,FLOW
7067,6952,UNWIND
7109,7069,HAS_BLOCK
7069,7070,FLOW
7069,7071,FLOW
7069,7014,FLOW
7109,7070,HAS_BLOCK
7070,7073,FLOW
7109,7071,HAS_BLOCK
7071,6965,FLOW
7071,6952,FLOW
7071,6952,UNWIND
7109,7073,HAS_BLOCK
7073,7074,FLOW
7073,7076,FLOW
7073,7014,FLOW
7109,7074,HAS_BLOCK
7074,7078,FLOW
7074,6952,FLOW
7074,6952,UNWIND
7109,7076,HAS_BLOCK
7076,7084,FLOW
7109,7078,HAS_BLOCK
7078,7080,FLOW
7078,6952,FLOW
7078,6952,UNWIND
7109,7080,HAS_BLOCK
7080,7081,FLOW
7080,7082,FLOW
7080,7014,FLOW
7109,7081,HAS_BLOCK
7081,7084,FLOW
7109,7082,HAS_BLOCK
7082,6966,FLOW
7082,6952,FLOW
7082,6952,UNWIND
7109,7084,HAS_BLOCK
7084,7085,FLOW
7084,7087,FLOW
7084,7014,FLOW
7109,7085,HAS_BLOCK
7085,7088,FLOW
7085,6952,FLOW
7085,6952,UNWIND
7109,7087,HAS_BLOCK
7087,7095,FLOW
7109,7088,HAS_BLOCK
7088,7090,FLOW
7088,6952,FLOW
7088,6952,UNWIND
7109,7090,HAS_BLOCK
7090,7091,FLOW
7090,7093,FLOW
7090,7014,FLOW
7109,7091,HAS_BLOCK
7091,7095,FLOW
7109,7093,HAS_BLOCK
7093,6967,FLOW
7093,6952,FLOW
7093,6952,UNWIND
7109,7095,HAS_BLOCK
7095,7096,FLOW
7095,7098,FLOW
7095,7014,FLOW
7109,7096,HAS_BLOCK
7096,7099,FLOW
7096,6936,FLOW
7096,6936,UNWIND
7109,7098,HAS_BLOCK
7098,7105,FLOW
7109,7099,HAS_BLOCK
7099,7101,FLOW
7099,6936,FLOW
7099,6936,UNWIND
7109,7101,HAS_BLOCK
7101,7102,FLOW
7101,7103,FLOW
7101,7014,FLOW
7109,7102,HAS_BLOCK
7102,7105,FLOW
7109,7103,HAS_BLOCK
7103,6968,FLOW
7103,6936,FLOW
7103,6936,UNWIND
7109,7105,HAS_BLOCK
7105,7106,FLOW
7105,6911,FLOW
7105,7014,FLOW
7109,7106,HAS_BLOCK
7106,6912,FLOW
7106,6935,FLOW
7106,6935,UNWIND
7109,6911,HAS_BLOCK
6911,6918,FLOW
7109,6912,HAS_BLOCK
6912,6914,FLOW
6912,6935,FLOW
6912,6935,UNWIND
7109,6914,HAS_BLOCK
6914,6915,FLOW
6914,6916,FLOW
6914,7014,FLOW
7109,6915,HAS_BLOCK
6915,6918,FLOW
7109,6916,HAS_BLOCK
6916,6969,FLOW
6916,6935,FLOW
6916,6935,UNWIND
7109,6918,HAS_BLOCK
6918,6919,FLOW
6918,6921,FLOW
6918,7014,FLOW
7109,6919,HAS_BLOCK
6919,6922,FLOW
6919,6935,FLOW
6919,6935,UNWIND
7109,6921,HAS_BLOCK
6921,6930,FLOW
7109,6922,HAS_BLOCK
6922,6924,FLOW
6922,6935,FLOW
6922,6935,UNWIND
7109,6924,HAS_BLOCK
6924,6927,FLOW
6924,6928,FLOW
6924,7014,FLOW
7109,6927,HAS_BLOCK
6927,6930,FLOW
7109,6928,HAS_BLOCK
6928,6970,FLOW
6928,6935,FLOW
6928,6935,UNWIND
7109,6930,HAS_BLOCK
6930,6934,FLOW
7109,6931,HAS_BLOCK
6931,6932,FLOW
6931,6936,FLOW
6931,6936,UNWIND
7109,6932,HAS_BLOCK
6932,6933,FLOW
6932,6952,FLOW
6932,6952,UNWIND
7109,6933,HAS_BLOCK
6933,6943,FLOW
6933,6942,FLOW
6933,7014,FLOW
7109,6934,HAS_BLOCK
6934,7109,RETURN
7109,6935,HAS_BLOCK
6935,6936,FLOW
7109,6936,HAS_BLOCK
6936,6952,FLOW
7109,6937,HAS_BLOCK
6937,6953,FLOW
6937,6940,FLOW
7109,6940,HAS_BLOCK
6940,6941,FLOW
7109,6941,HAS_BLOCK
7109,6942,HAS_BLOCK
6942,6946,FLOW
6942,6945,FLOW
6942,7014,FLOW
7109,6943,HAS_BLOCK
6943,6942,FLOW
6943,6944,FLOW
7109,6944,HAS_BLOCK
6944,6942,FLOW
6944,6937,FLOW
6944,6937,UNWIND
7109,6945,HAS_BLOCK
6945,6934,FLOW
7109,6946,HAS_BLOCK
6946,6945,FLOW
6946,6947,FLOW
7109,6947,HAS_BLOCK
6947,6945,FLOW
6947,6940,FLOW
6947,6940,UNWIND
7109,6948,HAS_BLOCK
6948,6937,FLOW
6948,6949,FLOW
7109,6949,HAS_BLOCK
6949,6937,FLOW
7109,6952,HAS_BLOCK
6952,6948,FLOW
6952,6937,FLOW
7109,6953,HAS_BLOCK
6953,6940,FLOW
6953,6954,FLOW
7109,6954,HAS_BLOCK
6954,6940,FLOW
7109,6955,HAS_BLOCK
6955,6933,FLOW
7109,6956,HAS_BLOCK
6956,6933,FLOW
7109,6957,HAS_BLOCK
6957,6933,FLOW
7109,6958,HAS_BLOCK
6958,6933,FLOW
7109,6959,HAS_BLOCK
6959,6933,FLOW
7109,6960,HAS_BLOCK
6960,6933,FLOW
7109,6961,HAS_BLOCK
6961,6933,FLOW
7109,6964,HAS_BLOCK
6964,6933,FLOW
7109,6965,HAS_BLOCK
6965,6933,FLOW
7109,6966,HAS_BLOCK
6966,6933,FLOW
7109,6967,HAS_BLOCK
6967,6933,FLOW
7109,6968,HAS_BLOCK
6968,6932,FLOW
7109,6969,HAS_BLOCK
6969,6931,FLOW
7109,6970,HAS_BLOCK
6970,6931,FLOW
5744,5745,HAS_PARAM
5744,5746,HAS_PARAM
5744,5741,HAS_BLOCK
5741,5743,FLOW
5744,5743,HAS_BLOCK
5743,5744,RETURN
5739,5740,HAS_PARAM
5739,5736,HAS_BLOCK
5736,5738,FLOW
5739,5738,HAS_BLOCK
5738,5739,RETURN
10535,10536,HAS_PARAM
10535,10537,HAS_PARAM
10535,10489,HAS_BLOCK
10489,10490,FLOW
10489,10519,FLOW
10489,10519,UNWIND
10535,10490,HAS_BLOCK
10490,10508,FLOW
10490,10519,FLOW
10490,10519,UNWIND
10535,10508,HAS_BLOCK
10508,10520,FLOW
10508,10519,FLOW
10508,10519,UNWIND
10535,10520,HAS_BLOCK
10520,10525,FLOW
10520,10519,FLOW
10520,10519,UNWIND
10535,10525,HAS_BLOCK
10525,10527,FLOW
10535,10527,HAS_BLOCK
10527,10529,FLOW
10527,10531,FLOW
10527,10528,FLOW
10535,10528,HAS_BLOCK
10535,10529,HAS_BLOCK
10529,10533,FLOW
10529,10517,FLOW
10529,10517,UNWIND
10535,10531,HAS_BLOCK
10531,10513,FLOW
10535,10533,HAS_BLOCK
10533,10491,FLOW
10533,10517,FLOW
10533,10517,UNWIND
10535,10491,HAS_BLOCK
10491,10492,FLOW
10491,10494,FLOW
10491,10528,FLOW
10535,10492,HAS_BLOCK
10492,10496,FLOW
10492,10517,FLOW
10492,10517,UNWIND
10535,10494,HAS_BLOCK
10494,10521,FLOW
10494,10517,FLOW
10494,10517,UNWIND
10535,10496,HAS_BLOCK
10496,10498,FLOW
10496,10517,FLOW
10496,10517,UNWIND
10535,10498,HAS_BLOCK
10498,10499,FLOW
10498,10501,FLOW
10498,10528,FLOW
10535,10499,HAS_BLOCK
10499,10503,FLOW
10499,10517,FLOW
10499,10517,UNWIND
10535,10501,HAS_BLOCK
10501,10522,FLOW
10501,10517,FLOW
10501,10517,UNWIND
10535,10503,HAS_BLOCK
10503,10505,FLOW
10503,10517,FLOW
10503,10517,UNWIND
10535,10505,HAS_BLOCK
10505,10506,FLOW
10505,10509,FLOW
10505,10528,FLOW
10535,10506,HAS_BLOCK
10506,10511,FLOW
10506,10517,FLOW
10506,10517,UNWIND
10535,10509,HAS_BLOCK
10509,10523,FLOW
10509,10517,FLOW
10509,10517,UNWIND
10535,10511,HAS_BLOCK
10511,10514,FLOW
10535,10512,HAS_BLOCK
10512,10513,FLOW
10535,10513,HAS_BLOCK
10513,10514,FLOW
10535,10514,HAS_BLOCK
10514,10535,RETURN
10535,10515,HAS_BLOCK
10535,10516,HAS_BLOCK
10516,10515,FLOW
10535,10517,HAS_BLOCK
10517,10515,FLOW
10517,10516,FLOW
10535,10518,HAS_BLOCK
10518,10515,FLOW
10535,10519,HAS_BLOCK
10519,10515,FLOW
10519,10518,FLOW
10535,10521,HAS_BLOCK
10521,10512,FLOW
10535,10522,HAS_BLOCK
10522,10512,FLOW
10535,10523,HAS_BLOCK
10523,10512,FLOW
10443,10444,HAS_PARAM
10443,10440,HAS_BLOCK
10440,10442,FLOW
10443,10442,HAS_BLOCK
10442,10443,RETURN
5855,5856,HAS_PARAM
5855,5857,HAS_PARAM
5855,5852,HAS_BLOCK
5852,5854,FLOW
5855,5854,HAS_BLOCK
5854,5855,RETURN
5900,5901,HAS_PARAM
5900,5902,HAS_PARAM
5900,5894,HAS_BLOCK
5894,5898,FLOW
5894,5897,FLOW
5894,5896,FLOW
5894,5895,FLOW
5900,5895,HAS_BLOCK
5895,5899,FLOW
5900,5896,HAS_BLOCK
5896,5899,FLOW
5900,5897,HAS_BLOCK
5897,5899,FLOW
5900,5898,HAS_BLOCK
5898,5899,FLOW
5900,5899,HAS_BLOCK
5899,5900,RETURN
5891,5892,HAS_PARAM
5891,5893,HAS_PARAM
5891,5877,HAS_BLOCK
5877,5890,FLOW
5891,5879,HAS_BLOCK
5879,5880,FLOW
5891,5881,HAS_BLOCK
5881,5880,FLOW
5891,5882,HAS_BLOCK
5882,5889,FLOW
5891,5884,HAS_BLOCK
5884,5880,FLOW
5891,5885,HAS_BLOCK
5885,5888,FLOW
5891,5887,HAS_BLOCK
5887,5880,FLOW
5891,5888,HAS_BLOCK
5888,5879,FLOW
5888,5887,FLOW
5891,5889,HAS_BLOCK
5889,5885,FLOW
5889,5884,FLOW
5891,5890,HAS_BLOCK
5890,5882,FLOW
5890,5881,FLOW
5891,5880,HAS_BLOCK
5880,5891,RETURN
5874,5875,HAS_PARAM
5874,5876,HAS_PARAM
5874,5858,HAS_BLOCK
5858,5871,FLOW
5858,5866,FLOW
5874,5859,HAS_BLOCK
5859,5865,FLOW
5874,5866,HAS_BLOCK
5866,5867,FLOW
5866,5869,FLOW
5866,5859,FLOW
5874,5867,HAS_BLOCK
5867,5868,FLOW
5867,5859,FLOW
5874,5868,HAS_BLOCK
5868,5864,FLOW
5868,5859,FLOW
5874,5869,HAS_BLOCK
5869,5870,FLOW
5869,5859,FLOW
5874,5870,HAS_BLOCK
5870,5863,FLOW
5870,5859,FLOW
5874,5871,HAS_BLOCK
5871,5859,FLOW
5871,5872,FLOW
5874,5872,HAS_BLOCK
5872,5873,FLOW
5872,5859,FLOW
5874,5873,HAS_BLOCK
5873,5860,FLOW
5873,5859,FLOW
5874,5860,HAS_BLOCK
5860,5861,FLOW
5860,5859,FLOW
5874,5861,HAS_BLOCK
5861,5862,FLOW
5861,5859,FLOW
5874,5862,HAS_BLOCK
5862,5865,FLOW
5874,5863,HAS_BLOCK
5863,5865,FLOW
5874,5864,HAS_BLOCK
5864,5865,FLOW
5874,5865,HAS_BLOCK
5865,5874,RETURN
5850,5851,HAS_PARAM
5850,5847,HAS_BLOCK
5847,5849,FLOW
5850,5849,HAS_BLOCK
5849,5850,RETURN
5906,5907,HAS_PARAM
5906,5908,HAS_PARAM
5906,5903,HAS_BLOCK
5903,5905,FLOW
5906,5905,HAS_BLOCK
5905,5906,RETURN
6057,6058,HAS_PARAM
6057,6059,HAS_PARAM
6057,6015,HAS_BLOCK
6015,6017,FLOW
6015,6041,FLOW
6015,6041,UNWIND
6057,6017,HAS_BLOCK
6017,6034,FLOW
6017,6041,FLOW
6017,6041,UNWIND
6057,6034,HAS_BLOCK
6034,6047,FLOW
6034,6048,FLOW
6034,6046,FLOW
6057,6046,HAS_BLOCK
6057,6047,HAS_BLOCK
6047,6050,FLOW
6047,6052,FLOW
6047,6046,FLOW
6057,6048,HAS_BLOCK
6048,6043,FLOW
6048,6041,FLOW
6048,6041,UNWIND
6057,6050,HAS_BLOCK
6050,6054,FLOW
6050,6041,FLOW
6050,6041,UNWIND
6057,6052,HAS_BLOCK
6052,6055,FLOW
6052,6041,FLOW
6052,6041,UNWIND
6057,6054,HAS_BLOCK
6054,6039,FLOW
6057,6055,HAS_BLOCK
6055,6018,FLOW
6055,6041,FLOW
6055,6041,UNWIND
6057,6018,HAS_BLOCK
6018,6019,FLOW
6018,6020,FLOW
6018,6046,FLOW
6057,6019,HAS_BLOCK
6019,6022,FLOW
6019,6024,FLOW
6019,6046,FLOW
6057,6020,HAS_BLOCK
6020,6044,FLOW
6020,6041,FLOW
6020,6041,UNWIND
6057,6022,HAS_BLOCK
6022,6026,FLOW
6022,6041,FLOW
6022,6041,UNWIND
6057,6024,HAS_BLOCK
6024,6027,FLOW
6024,6041,FLOW
6024,6041,UNWIND
6057,6026,HAS_BLOCK
6026,6039,FLOW
6057,6027,HAS_BLOCK
6027,6029,FLOW
6027,6041,FLOW
6027,6041,UNWIND
6057,6029,HAS_BLOCK
6029,6030,FLOW
6029,6031,FLOW
6029,6046,FLOW
6057,6030,HAS_BLOCK
6030,6035,FLOW
6030,6037,FLOW
6030,6046,FLOW
6057,6031,HAS_BLOCK
6031,6045,FLOW
6031,6041,FLOW
6031,6041,UNWIND
6057,6035,HAS_BLOCK
6035,6038,FLOW
6035,6041,FLOW
6035,6041,UNWIND
6057,6037,HAS_BLOCK
6037,6040,FLOW
6057,6038,HAS_BLOCK
6038,6039,FLOW
6057,6039,HAS_BLOCK
6039,6040,FLOW
6057,6040,HAS_BLOCK
6040,6057,RETURN
6057,6041,HAS_BLOCK
6041,6042,FLOW
6057,6042,HAS_BLOCK
6057,6043,HAS_BLOCK
6043,6039,FLOW
6057,6044,HAS_BLOCK
6044,6039,FLOW
6057,6045,HAS_BLOCK
6045,6039,FLOW
6012,6013,HAS_PARAM
6012,6014,HAS_PARAM
6012,5909,HAS_BLOCK
5909,5910,FLOW
6012,5910,HAS_BLOCK
5910,5928,FLOW
5910,5997,FLOW
5910,5997,UNWIND
6012,5928,HAS_BLOCK
5928,5945,FLOW
5928,5997,FLOW
5928,5997,UNWIND
6012,5945,HAS_BLOCK
5945,5978,FLOW
5945,5993,FLOW
5945,5962,FLOW
6012,5962,HAS_BLOCK
6012,5978,HAS_BLOCK
5978,6009,FLOW
5978,6005,FLOW
5978,5962,FLOW
6012,5993,HAS_BLOCK
5993,5999,FLOW
5993,5997,FLOW
5993,5997,UNWIND
6012,6005,HAS_BLOCK
6005,5963,FLOW
6005,5965,FLOW
6005,5962,FLOW
6012,6009,HAS_BLOCK
6009,5915,FLOW
6009,5913,FLOW
6009,5911,FLOW
6009,6010,FLOW
6009,5962,FLOW
6012,6010,HAS_BLOCK
6010,5957,FLOW
6010,5997,FLOW
6010,5997,UNWIND
6012,5911,HAS_BLOCK
5911,5943,FLOW
5911,5997,FLOW
5911,5997,UNWIND
6012,5913,HAS_BLOCK
5913,5931,FLOW
5913,5997,FLOW
5913,5997,UNWIND
6012,5915,HAS_BLOCK
5915,5917,FLOW
5915,5997,FLOW
5915,5997,UNWIND
6012,5917,HAS_BLOCK
5917,5921,FLOW
5917,5918,FLOW
6012,5918,HAS_BLOCK
5918,5920,FLOW
5918,5997,FLOW
5918,5997,UNWIND
6012,5920,HAS_BLOCK
5920,5995,FLOW
6012,5921,HAS_BLOCK
5921,5923,FLOW
5921,5997,FLOW
5921,5997,UNWIND
6012,5923,HAS_BLOCK
5923,5925,FLOW
5923,5997,FLOW
5923,5997,UNWIND
6012,5925,HAS_BLOCK
5925,5926,FLOW
5925,5929,FLOW
5925,5962,FLOW
6012,5926,HAS_BLOCK
5926,5910,FLOW
6012,5929,HAS_BLOCK
5929,6000,FLOW
5929,5997,FLOW
5929,5997,UNWIND
6012,5931,HAS_BLOCK
5931,5935,FLOW
5931,5932,FLOW
6012,5932,HAS_BLOCK
5932,5934,FLOW
5932,5997,FLOW
5932,5997,UNWIND
6012,5934,HAS_BLOCK
5934,5995,FLOW
6012,5935,HAS_BLOCK
5935,5937,FLOW
5935,5997,FLOW
5935,5997,UNWIND
6012,5937,HAS_BLOCK
5937,5939,FLOW
5937,5997,FLOW
5937,5997,UNWIND
6012,5939,HAS_BLOCK
5939,5940,FLOW
5939,5941,FLOW
5939,5962,FLOW
6012,5940,HAS_BLOCK
5940,5910,FLOW
6012,5941,HAS_BLOCK
5941,6001,FLOW
5941,5997,FLOW
5941,5997,UNWIND
6012,5943,HAS_BLOCK
5943,5949,FLOW
5943,5946,FLOW
6012,5946,HAS_BLOCK
5946,5948,FLOW
5946,5997,FLOW
5946,5997,UNWIND
6012,5948,HAS_BLOCK
5948,5995,FLOW
6012,5949,HAS_BLOCK
5949,5951,FLOW
5949,5997,FLOW
5949,5997,UNWIND
6012,5951,HAS_BLOCK
5951,5953,FLOW
5951,5997,FLOW
5951,5997,UNWIND
6012,5953,HAS_BLOCK
5953,5954,FLOW
5953,5955,FLOW
5953,5962,FLOW
6012,5954,HAS_BLOCK
5954,5910,FLOW
6012,5955,HAS_BLOCK
5955,6002,FLOW
5955,5997,FLOW
5955,5997,UNWIND
6012,5957,HAS_BLOCK
5957,5959,FLOW
5957,5997,FLOW
5957,5997,UNWIND
6012,5959,HAS_BLOCK
5959,5910,FLOW
5959,5960,FLOW
5959,5962,FLOW
6012,5960,HAS_BLOCK
5960,6003,FLOW
5960,5997,FLOW
5960,5997,UNWIND
6012,5963,HAS_BLOCK
5963,5966,FLOW
5963,5997,FLOW
5963,5997,UNWIND
6012,5965,HAS_BLOCK
5965,5972,FLOW
6012,5966,HAS_BLOCK
5966,5968,FLOW
5966,5997,FLOW
5966,5997,UNWIND
6012,5968,HAS_BLOCK
5968,5969,FLOW
5968,5970,FLOW
5968,5962,FLOW
6012,5969,HAS_BLOCK
5969,5972,FLOW
6012,5970,HAS_BLOCK
5970,6006,FLOW
5970,5997,FLOW
5970,5997,UNWIND
6012,5972,HAS_BLOCK
5972,5973,FLOW
5972,5975,FLOW
5972,5962,FLOW
6012,5973,HAS_BLOCK
5973,5976,FLOW
5973,5997,FLOW
5973,5997,UNWIND
6012,5975,HAS_BLOCK
5975,5983,FLOW
6012,5976,HAS_BLOCK
5976,5979,FLOW
5976,5997,FLOW
5976,5997,UNWIND
6012,5979,HAS_BLOCK
5979,5980,FLOW
5979,5981,FLOW
5979,5962,FLOW
6012,5980,HAS_BLOCK
5980,5983,FLOW
6012,5981,HAS_BLOCK
5981,6007,FLOW
5981,5997,FLOW
5981,5997,UNWIND
6012,5983,HAS_BLOCK
5983,5984,FLOW
5983,5986,FLOW
5983,5962,FLOW
6012,5984,HAS_BLOCK
5984,5987,FLOW
5984,5997,FLOW
5984,5997,UNWIND
6012,5986,HAS_BLOCK
5986,5994,FLOW
6012,5987,HAS_BLOCK
5987,5989,FLOW
5987,5997,FLOW
5987,5997,UNWIND
6012,5989,HAS_BLOCK
5989,5990,FLOW
5989,5991,FLOW
5989,5962,FLOW
6012,5990,HAS_BLOCK
5990,5994,FLOW
6012,5991,HAS_BLOCK
5991,6008,FLOW
5991,5997,FLOW
5991,5997,UNWIND
6012,5994,HAS_BLOCK
5994,5996,FLOW
6012,5995,HAS_BLOCK
5995,5996,FLOW
6012,5996,HAS_BLOCK
5996,6012,RETURN
6012,5997,HAS_BLOCK
5997,5998,FLOW
6012,5998,HAS_BLOCK
6012,5999,HAS_BLOCK
5999,5995,FLOW
6012,6000,HAS_BLOCK
6000,5995,FLOW
6012,6001,HAS_BLOCK
6001,5995,FLOW
6012,6002,HAS_BLOCK
6002,5995,FLOW
6012,6003,HAS_BLOCK
6003,5995,FLOW
6012,6006,HAS_BLOCK
6006,5995,FLOW
6012,6007,HAS_BLOCK
6007,5995,FLOW
6012,6008,HAS_BLOCK
6008,5995,FLOW
5795,5796,HAS_PARAM
5795,5797,HAS_PARAM
5795,5792,HAS_BLOCK
5792,5794,FLOW
5795,5794,HAS_BLOCK
5794,5795,RETURN
5790,5791,HAS_PARAM
5790,5783,HAS_BLOCK
5783,5785,FLOW
5790,5785,HAS_BLOCK
5785,5787,FLOW
5785,5788,FLOW
5785,5788,UNWIND
5790,5787,HAS_BLOCK
5787,5790,RETURN
5790,5788,HAS_BLOCK
5788,5789,FLOW
5790,5789,HAS_BLOCK
10635,10636,HAS_PARAM
10635,10637,HAS_PARAM
10635,10580,HAS_BLOCK
10580,10581,FLOW
10580,10620,FLOW
10580,10620,UNWIND
10635,10581,HAS_BLOCK
10581,10599,FLOW
10581,10620,FLOW
10581,10620,UNWIND
10635,10599,HAS_BLOCK
10599,10615,FLOW
10599,10620,FLOW
10599,10620,UNWIND
10635,10615,HAS_BLOCK
10615,10625,FLOW
10615,10620,FLOW
10615,10620,UNWIND
10635,10625,HAS_BLOCK
10625,10627,FLOW
10625,10620,FLOW
10625,10620,UNWIND
10635,10627,HAS_BLOCK
10627,10629,FLOW
10635,10629,HAS_BLOCK
10629,10631,FLOW
10629,10633,FLOW
10629,10630,FLOW
10635,10630,HAS_BLOCK
10635,10631,HAS_BLOCK
10631,10582,FLOW
10631,10618,FLOW
10631,10618,UNWIND
10635,10633,HAS_BLOCK
10633,10613,FLOW
10635,10582,HAS_BLOCK
10582,10584,FLOW
10582,10618,FLOW
10582,10618,UNWIND
10635,10584,HAS_BLOCK
10584,10585,FLOW
10584,10587,FLOW
10584,10630,FLOW
10635,10585,HAS_BLOCK
10585,10589,FLOW
10585,10618,FLOW
10585,10618,UNWIND
10635,10587,HAS_BLOCK
10587,10621,FLOW
10587,10618,FLOW
10587,10618,UNWIND
10635,10589,HAS_BLOCK
10589,10591,FLOW
10589,10618,FLOW
10589,10618,UNWIND
10635,10591,HAS_BLOCK
10591,10592,FLOW
10591,10594,FLOW
10591,10630,FLOW
10635,10592,HAS_BLOCK
10592,10596,FLOW
10592,10618,FLOW
10592,10618,UNWIND
10635,10594,HAS_BLOCK
10594,10622,FLOW
10594,10618,FLOW
10594,10618,UNWIND
10635,10596,HAS_BLOCK
10596,10598,FLOW
10596,10618,FLOW
10596,10618,UNWIND
10635,10598,HAS_BLOCK
10598,10600,FLOW
10598,10602,FLOW
10598,10630,FLOW
10635,10600,HAS_BLOCK
10600,10604,FLOW
10600,10618,FLOW
10600,10618,UNWIND
10635,10602,HAS_BLOCK
10602,10623,FLOW
10602,10618,FLOW
10602,10618,UNWIND
10635,10604,HAS_BLOCK
10604,10606,FLOW
10604,10618,FLOW
10604,10618,UNWIND
10635,10606,HAS_BLOCK
10606,10607,FLOW
10606,10609,FLOW
10606,10630,FLOW
10635,10607,HAS_BLOCK
10607,10611,FLOW
10607,10618,FLOW
10607,10618,UNWIND
10635,10609,HAS_BLOCK
10609,10624,FLOW
10609,10618,FLOW
10609,10618,UNWIND
10635,10611,HAS_BLOCK
10611,10614,FLOW
10635,10612,HAS_BLOCK
10612,10613,FLOW
10635,10613,HAS_BLOCK
10613,10614,FLOW
10635,10614,HAS_BLOCK
10614,10635,RETURN
10635,10616,HAS_BLOCK
10635,10617,HAS_BLOCK
10617,10616,FLOW
10635,10618,HAS_BLOCK
10618,10616,FLOW
10618,10617,FLOW
10635,10619,HAS_BLOCK
10619,10616,FLOW
10635,10620,HAS_BLOCK
10620,10616,FLOW
10620,10619,FLOW
10635,10621,HAS_BLOCK
10621,10612,FLOW
10635,10622,HAS_BLOCK
10622,10612,FLOW
10635,10623,HAS_BLOCK
10623,10612,FLOW
10635,10624,HAS_BLOCK
10624,10612,FLOW
10465,10466,HAS_PARAM
10465,10462,HAS_BLOCK
10462,10464,FLOW
10465,10464,HAS_BLOCK
10464,10465,RETURN
6514,6515,HAS_PARAM
6514,6516,HAS_PARAM
6514,6511,HAS_BLOCK
6511,6513,FLOW
6514,6513,HAS_BLOCK
6513,6514,RETURN
6595,6596,HAS_PARAM
6595,6597,HAS_PARAM
6595,6588,HAS_BLOCK
6588,6593,FLOW
6588,6592,FLOW
6588,6591,FLOW
6588,6590,FLOW
6588,6589,FLOW
6595,6589,HAS_BLOCK
6589,6594,FLOW
6595,6590,HAS_BLOCK
6590,6594,FLOW
6595,6591,HAS_BLOCK
6591,6594,FLOW
6595,6592,HAS_BLOCK
6592,6594,FLOW
6595,6593,HAS_BLOCK
6593,6594,FLOW
6595,6594,HAS_BLOCK
6594,6595,RETURN
6585,6586,HAS_PARAM
6585,6587,HAS_PARAM
6585,6567,HAS_BLOCK
6567,6572,FLOW
6585,6569,HAS_BLOCK
6569,6573,FLOW
6585,6574,HAS_BLOCK
6574,6573,FLOW
6585,6575,HAS_BLOCK
6575,6571,FLOW
6585,6577,HAS_BLOCK
6577,6573,FLOW
6585,6578,HAS_BLOCK
6578,6570,FLOW
6585,6580,HAS_BLOCK
6580,6573,FLOW
6585,6581,HAS_BLOCK
6581,6584,FLOW
6585,6583,HAS_BLOCK
6583,6573,FLOW
6585,6584,HAS_BLOCK
6584,6569,FLOW
6584,6583,FLOW
6585,6570,HAS_BLOCK
6570,6581,FLOW
6570,6580,FLOW
6585,6571,HAS_BLOCK
6571,6578,FLOW
6571,6577,FLOW
6585,6572,HAS_BLOCK
6572,6575,FLOW
6572,6574,FLOW
6585,6573,HAS_BLOCK
6573,6585,RETURN
6564,6565,HAS_PARAM
6564,6566,HAS_PARAM
6564,6517,HAS_BLOCK
6517,6563,FLOW
6517,6529,FLOW
6564,6518,HAS_BLOCK
6518,6558,FLOW
6564,6529,HAS_BLOCK
6529,6540,FLOW
6529,6518,FLOW
6564,6540,HAS_BLOCK
6540,6551,FLOW
6540,6518,FLOW
6564,6551,HAS_BLOCK
6551,6559,FLOW
6551,6518,FLOW
6564,6559,HAS_BLOCK
6559,6560,FLOW
6559,6518,FLOW
6564,6560,HAS_BLOCK
6560,6561,FLOW
6560,6518,FLOW
6564,6561,HAS_BLOCK
6561,6562,FLOW
6561,6518,FLOW
6564,6562,HAS_BLOCK
6562,6557,FLOW
6562,6518,FLOW
6564,6563,HAS_BLOCK
6563,6539,FLOW
6563,6519,FLOW
6564,6519,HAS_BLOCK
6519,6520,FLOW
6519,6530,FLOW
6519,6518,FLOW
6564,6520,HAS_BLOCK
6520,6521,FLOW
6520,6518,FLOW
6564,6521,HAS_BLOCK
6521,6522,FLOW
6521,6518,FLOW
6564,6522,HAS_BLOCK
6522,6523,FLOW
6522,6518,FLOW
6564,6523,HAS_BLOCK
6523,6524,FLOW
6523,6518,FLOW
6564,6524,HAS_BLOCK
6524,6525,FLOW
6524,6518,FLOW
6564,6525,HAS_BLOCK
6525,6526,FLOW
6525,6518,FLOW
6564,6526,HAS_BLOCK
6526,6527,FLOW
6526,6518,FLOW
6564,6527,HAS_BLOCK
6527,6528,FLOW
6527,6518,FLOW
6564,6528,HAS_BLOCK
6528,6556,FLOW
6528,6518,FLOW
6564,6530,HAS_BLOCK
6530,6531,FLOW
6530,6518,FLOW
6564,6531,HAS_BLOCK
6531,6532,FLOW
6531,6518,FLOW
6564,6532,HAS_BLOCK
6532,6533,FLOW
6532,6518,FLOW
6564,6533,HAS_BLOCK
6533,6534,FLOW
6533,6518,FLOW
6564,6534,HAS_BLOCK
6534,6535,FLOW
6534,6518,FLOW
6564,6535,HAS_BLOCK
6535,6536,FLOW
6535,6518,FLOW
6564,6536,HAS_BLOCK
6536,6537,FLOW
6536,6518,FLOW
6564,6537,HAS_BLOCK
6537,6538,FLOW
6537,6518,FLOW
6564,6538,HAS_BLOCK
6538,6555,FLOW
6538,6518,FLOW
6564,6539,HAS_BLOCK
6539,6518,FLOW
6539,6541,FLOW
6564,6541,HAS_BLOCK
6541,6542,FLOW
6541,6518,FLOW
6564,6542,HAS_BLOCK
6542,6543,FLOW
6542,6518,FLOW
6564,6543,HAS_BLOCK
6543,6544,FLOW
6543,6518,FLOW
6564,6544,HAS_BLOCK
6544,6545,FLOW
6544,6518,FLOW
6564,6545,HAS_BLOCK
6545,6546,FLOW
6545,6518,FLOW
6564,6546,HAS_BLOCK
6546,6547,FLOW
6546,6518,FLOW
6564,6547,HAS_BLOCK
6547,6548,FLOW
6547,6518,FLOW
6564,6548,HAS_BLOCK
6548,6549,FLOW
6548,6518,FLOW
6564,6549,HAS_BLOCK
6549,6550,FLOW
6549,6518,FLOW
6564,6550,HAS_BLOCK
6550,6552,FLOW
6550,6518,FLOW
6564,6552,HAS_BLOCK
6552,6553,FLOW
6552,6518,FLOW
6564,6553,HAS_BLOCK
6553,6554,FLOW
6553,6518,FLOW
6564,6554,HAS_BLOCK
6554,6558,FLOW
6564,6555,HAS_BLOCK
6555,6558,FLOW
6564,6556,HAS_BLOCK
6556,6558,FLOW
6564,6557,HAS_BLOCK
6557,6558,FLOW
6564,6558,HAS_BLOCK
6558,6564,RETURN
6509,6510,HAS_PARAM
6509,6506,HAS_BLOCK
6506,6508,FLOW
6509,6508,HAS_BLOCK
6508,6509,RETURN
6601,6602,HAS_PARAM
6601,6603,HAS_PARAM
6601,6598,HAS_BLOCK
6598,6600,FLOW
6601,6600,HAS_BLOCK
6600,6601,RETURN
6810,6811,HAS_PARAM
6810,6812,HAS_PARAM
6810,6754,HAS_BLOCK
6754,6756,FLOW
6754,6794,FLOW
6754,6794,UNWIND
6810,6756,HAS_BLOCK
6756,6773,FLOW
6756,6794,FLOW
6756,6794,UNWIND
6810,6773,HAS_BLOCK
6773,6800,FLOW
6773,6801,FLOW
6773,6789,FLOW
6810,6789,HAS_BLOCK
6810,6800,HAS_BLOCK
6800,6803,FLOW
6800,6805,FLOW
6800,6789,FLOW
6810,6801,HAS_BLOCK
6801,6796,FLOW
6801,6794,FLOW
6801,6794,UNWIND
6810,6803,HAS_BLOCK
6803,6807,FLOW
6803,6794,FLOW
6803,6794,UNWIND
6810,6805,HAS_BLOCK
6805,6808,FLOW
6805,6793,FLOW
6805,6793,UNWIND
6810,6807,HAS_BLOCK
6807,6791,FLOW
6810,6808,HAS_BLOCK
6808,6757,FLOW
6808,6793,FLOW
6808,6793,UNWIND
6810,6757,HAS_BLOCK
6757,6758,FLOW
6757,6759,FLOW
6757,6789,FLOW
6810,6758,HAS_BLOCK
6758,6761,FLOW
6758,6763,FLOW
6758,6789,FLOW
6810,6759,HAS_BLOCK
6759,6797,FLOW
6759,6793,FLOW
6759,6793,UNWIND
6810,6761,HAS_BLOCK
6761,6765,FLOW
6761,6793,FLOW
6761,6793,UNWIND
6810,6763,HAS_BLOCK
6763,6766,FLOW
6763,6793,FLOW
6763,6793,UNWIND
6810,6765,HAS_BLOCK
6765,6790,FLOW
6810,6766,HAS_BLOCK
6766,6768,FLOW
6766,6793,FLOW
6766,6793,UNWIND
6810,6768,HAS_BLOCK
6768,6769,FLOW
6768,6770,FLOW
6768,6789,FLOW
6810,6769,HAS_BLOCK
6769,6774,FLOW
6769,6776,FLOW
6769,6789,FLOW
6810,6770,HAS_BLOCK
6770,6798,FLOW
6770,6793,FLOW
6770,6793,UNWIND
6810,6774,HAS_BLOCK
6774,6778,FLOW
6774,6793,FLOW
6774,6793,UNWIND
6810,6776,HAS_BLOCK
6776,6779,FLOW
6776,6793,FLOW
6776,6793,UNWIND
6810,6778,HAS_BLOCK
6778,6790,FLOW
6810,6779,HAS_BLOCK
6779,6781,FLOW
6779,6793,FLOW
6779,6793,UNWIND
6810,6781,HAS_BLOCK
6781,6782,FLOW
6781,6783,FLOW
6781,6789,FLOW
6810,6782,HAS_BLOCK
6782,6785,FLOW
6782,6787,FLOW
6782,6789,FLOW
6810,6783,HAS_BLOCK
6783,6799,FLOW
6783,6793,FLOW
6783,6793,UNWIND
6810,6785,HAS_BLOCK
6785,6788,FLOW
6785,6793,FLOW
6785,6793,UNWIND
6810,6787,HAS_BLOCK
6787,6792,FLOW
6810,6788,HAS_BLOCK
6788,6790,FLOW
6810,6790,HAS_BLOCK
6790,6791,FLOW
6790,6794,FLOW
6790,6794,UNWIND
6810,6791,HAS_BLOCK
6791,6792,FLOW
6810,6792,HAS_BLOCK
6792,6810,RETURN
6810,6793,HAS_BLOCK
6793,6794,FLOW
6810,6794,HAS_BLOCK
6794,6795,FLOW
6810,6795,HAS_BLOCK
6810,6796,HAS_BLOCK
6796,6791,FLOW
6810,6797,HAS_BLOCK
6797,6790,FLOW
6810,6798,HAS_BLOCK
6798,6790,FLOW
6810,6799,HAS_BLOCK
6799,6790,FLOW
6751,6752,HAS_PARAM
6751,6753,HAS_PARAM
6751,6604,HAS_BLOCK
6604,6605,FLOW
6751,6605,HAS_BLOCK
6605,6633,FLOW
6605,6746,FLOW
6605,6746,UNWIND
6751,6633,HAS_BLOCK
6633,6649,FLOW
6633,6746,FLOW
6633,6746,UNWIND
6751,6649,HAS_BLOCK
6649,6680,FLOW
6649,6696,FLOW
6649,6665,FLOW
6751,6665,HAS_BLOCK
6751,6680,HAS_BLOCK
6680,6728,FLOW
6680,6713,FLOW
6680,6665,FLOW
6751,6696,HAS_BLOCK
6696,6749,FLOW
6696,6746,FLOW
6696,6746,UNWIND
6751,6713,HAS_BLOCK
6713,6686,FLOW
6713,6688,FLOW
6713,6665,FLOW
6751,6728,HAS_BLOCK
6728,6621,FLOW
6728,6619,FLOW
6728,6617,FLOW
6728,6606,FLOW
6728,6739,FLOW
6728,6665,FLOW
6751,6739,HAS_BLOCK
6739,6681,FLOW
6739,6746,FLOW
6739,6746,UNWIND
6751,6606,HAS_BLOCK
6606,6666,FLOW
6606,6746,FLOW
6606,6746,UNWIND
6751,6617,HAS_BLOCK
6617,6653,FLOW
6617,6746,FLOW
6617,6746,UNWIND
6751,6619,HAS_BLOCK
6619,6639,FLOW
6619,6746,FLOW
6619,6746,UNWIND
6751,6621,HAS_BLOCK
6621,6623,FLOW
6621,6746,FLOW
6621,6746,UNWIND
6751,6623,HAS_BLOCK
6623,6627,FLOW
6623,6624,FLOW
6751,6624,HAS_BLOCK
6624,6626,FLOW
6624,6746,FLOW
6624,6746,UNWIND
6751,6626,HAS_BLOCK
6626,6740,FLOW
6751,6627,HAS_BLOCK
6627,6629,FLOW
6627,6746,FLOW
6627,6746,UNWIND
6751,6629,HAS_BLOCK
6629,6631,FLOW
6629,6746,FLOW
6629,6746,UNWIND
6751,6631,HAS_BLOCK
6631,6634,FLOW
6631,6635,FLOW
6631,6665,FLOW
6751,6634,HAS_BLOCK
6634,6637,FLOW
6634,6638,FLOW
6634,6638,UNWIND
6751,6635,HAS_BLOCK
6635,6607,FLOW
6635,6746,FLOW
6635,6746,UNWIND
6751,6637,HAS_BLOCK
6637,6605,FLOW
6751,6638,HAS_BLOCK
6638,6746,FLOW
6751,6639,HAS_BLOCK
6639,6643,FLOW
6639,6640,FLOW
6751,6640,HAS_BLOCK
6640,6642,FLOW
6640,6746,FLOW
6640,6746,UNWIND
6751,6642,HAS_BLOCK
6642,6740,FLOW
6751,6643,HAS_BLOCK
6643,6645,FLOW
6643,6746,FLOW
6643,6746,UNWIND
6751,6645,HAS_BLOCK
6645,6647,FLOW
6645,6746,FLOW
6645,6746,UNWIND
6751,6647,HAS_BLOCK
6647,6650,FLOW
6647,6651,FLOW
6647,6665,FLOW
6751,6650,HAS_BLOCK
6650,6605,FLOW
6751,6651,HAS_BLOCK
6651,6608,FLOW
6651,6746,FLOW
6651,6746,UNWIND
6751,6653,HAS_BLOCK
6653,6657,FLOW
6653,6654,FLOW
6751,6654,HAS_BLOCK
6654,6656,FLOW
6654,6746,FLOW
6654,6746,UNWIND
6751,6656,HAS_BLOCK
6656,6740,FLOW
6751,6657,HAS_BLOCK
6657,6659,FLOW
6657,6746,FLOW
6657,6746,UNWIND
6751,6659,HAS_BLOCK
6659,6661,FLOW
6659,6746,FLOW
6659,6746,UNWIND
6751,6661,HAS_BLOCK
6661,6662,FLOW
6661,6663,FLOW
6661,6665,FLOW
6751,6662,HAS_BLOCK
6662,6605,FLOW
6751,6663,HAS_BLOCK
6663,6609,FLOW
6663,6746,FLOW
6663,6746,UNWIND
6751,6666,HAS_BLOCK
6666,6670,FLOW
6666,6667,FLOW
6751,6667,HAS_BLOCK
6667,6669,FLOW
6667,6746,FLOW
6667,6746,UNWIND
6751,6669,HAS_BLOCK
6669,6740,FLOW
6751,6670,HAS_BLOCK
6670,6672,FLOW
6670,6746,FLOW
6670,6746,UNWIND
6751,6672,HAS_BLOCK
6672,6674,FLOW
6672,6746,FLOW
6672,6746,UNWIND
6751,6674,HAS_BLOCK
6674,6675,FLOW
6674,6676,FLOW
6674,6665,FLOW
6751,6675,HAS_BLOCK
6675,6678,FLOW
6675,6679,FLOW
6675,6679,UNWIND
6751,6676,HAS_BLOCK
6676,6610,FLOW
6676,6746,FLOW
6676,6746,UNWIND
6751,6678,HAS_BLOCK
6678,6605,FLOW
6751,6679,HAS_BLOCK
6679,6746,FLOW
6751,6681,HAS_BLOCK
6681,6683,FLOW
6681,6746,FLOW
6681,6746,UNWIND
6751,6683,HAS_BLOCK
6683,6605,FLOW
6683,6684,FLOW
6683,6665,FLOW
6751,6684,HAS_BLOCK
6684,6611,FLOW
6684,6746,FLOW
6684,6746,UNWIND
6751,6686,HAS_BLOCK
6686,6689,FLOW
6686,6746,FLOW
6686,6746,UNWIND
6751,6688,HAS_BLOCK
6688,6695,FLOW
6751,6689,HAS_BLOCK
6689,6691,FLOW
6689,6746,FLOW
6689,6746,UNWIND
6751,6691,HAS_BLOCK
6691,6692,FLOW
6691,6693,FLOW
6691,6665,FLOW
6751,6692,HAS_BLOCK
6692,6695,FLOW
6751,6693,HAS_BLOCK
6693,6612,FLOW
6693,6746,FLOW
6693,6746,UNWIND
6751,6695,HAS_BLOCK
6695,6697,FLOW
6695,6699,FLOW
6695,6665,FLOW
6751,6697,HAS_BLOCK
6697,6700,FLOW
6697,6732,FLOW
6697,6732,UNWIND
6751,6699,HAS_BLOCK
6699,6706,FLOW
6751,6700,HAS_BLOCK
6700,6702,FLOW
6700,6732,FLOW
6700,6732,UNWIND
6751,6702,HAS_BLOCK
6702,6703,FLOW
6702,6704,FLOW
6702,6665,FLOW
6751,6703,HAS_BLOCK
6703,6706,FLOW
6751,6704,HAS_BLOCK
6704,6613,FLOW
6704,6732,FLOW
6704,6732,UNWIND
6751,6706,HAS_BLOCK
6706,6707,FLOW
6706,6709,FLOW
6706,6665,FLOW
6751,6707,HAS_BLOCK
6707,6710,FLOW
6707,6732,FLOW
6707,6732,UNWIND
6751,6709,HAS_BLOCK
6709,6718,FLOW
6751,6710,HAS_BLOCK
6710,6714,FLOW
6710,6732,FLOW
6710,6732,UNWIND
6751,6714,HAS_BLOCK
6714,6715,FLOW
6714,6716,FLOW
6714,6665,FLOW
6751,6715,HAS_BLOCK
6715,6718,FLOW
6751,6716,HAS_BLOCK
6716,6614,FLOW
6716,6732,FLOW
6716,6732,UNWIND
6751,6718,HAS_BLOCK
6718,6719,FLOW
6718,6721,FLOW
6718,6665,FLOW
6751,6719,HAS_BLOCK
6719,6722,FLOW
6719,6732,FLOW
6719,6732,UNWIND
6751,6721,HAS_BLOCK
6721,6729,FLOW
6751,6722,HAS_BLOCK
6722,6724,FLOW
6722,6732,FLOW
6722,6732,UNWIND
6751,6724,HAS_BLOCK
6724,6725,FLOW
6724,6726,FLOW
6724,6665,FLOW
6751,6725,HAS_BLOCK
6725,6729,FLOW
6751,6726,HAS_BLOCK
6726,6615,FLOW
6726,6732,FLOW
6726,6732,UNWIND
6751,6729,HAS_BLOCK
6729,6731,FLOW
6751,6730,HAS_BLOCK
6730,6740,FLOW
6730,6746,FLOW
6730,6746,UNWIND
6751,6731,HAS_BLOCK
6731,6751,RETURN
6751,6732,HAS_BLOCK
6732,6746,FLOW
6751,6733,HAS_BLOCK
6733,6747,FLOW
6733,6734,FLOW
6751,6734,HAS_BLOCK
6734,6735,FLOW
6751,6735,HAS_BLOCK
6751,6736,HAS_BLOCK
6736,6742,FLOW
6736,6741,FLOW
6736,6665,FLOW
6751,6737,HAS_BLOCK
6737,6736,FLOW
6737,6738,FLOW
6751,6738,HAS_BLOCK
6738,6736,FLOW
6738,6733,FLOW
6738,6733,UNWIND
6751,6740,HAS_BLOCK
6740,6737,FLOW
6740,6736,FLOW
6740,6665,FLOW
6751,6741,HAS_BLOCK
6741,6731,FLOW
6751,6742,HAS_BLOCK
6742,6741,FLOW
6742,6743,FLOW
6751,6743,HAS_BLOCK
6743,6741,FLOW
6743,6734,FLOW
6743,6734,UNWIND
6751,6744,HAS_BLOCK
6744,6733,FLOW
6744,6745,FLOW
6751,6745,HAS_BLOCK
6745,6733,FLOW
6751,6746,HAS_BLOCK
6746,6744,FLOW
6746,6733,FLOW
6751,6747,HAS_BLOCK
6747,6734,FLOW
6747,6748,FLOW
6751,6748,HAS_BLOCK
6748,6734,FLOW
6751,6749,HAS_BLOCK
6749,6740,FLOW
6751,6607,HAS_BLOCK
6607,6740,FLOW
6751,6608,HAS_BLOCK
6608,6740,FLOW
6751,6609,HAS_BLOCK
6609,6740,FLOW
6751,6610,HAS_BLOCK
6610,6740,FLOW
6751,6611,HAS_BLOCK
6611,6740,FLOW
6751,6612,HAS_BLOCK
6612,6740,FLOW
6751,6613,HAS_BLOCK
6613,6730,FLOW
6751,6614,HAS_BLOCK
6614,6730,FLOW
6751,6615,HAS_BLOCK
6615,6730,FLOW
12911,12913,HAS_FIELD
12911,12912,HAS_FIELD
12964,12965,HAS_PARAM
12964,12966,HAS_PARAM
12964,12914,HAS_BLOCK
12914,12916,FLOW
12964,12916,HAS_BLOCK
12916,12936,FLOW
12916,12951,FLOW
12916,12951,UNWIND
12964,12936,HAS_BLOCK
12936,12949,FLOW
12964,12949,HAS_BLOCK
12949,12955,FLOW
12949,12951,FLOW
12949,12951,UNWIND
12964,12955,HAS_BLOCK
12955,12959,FLOW
12955,12957,FLOW
12955,12956,FLOW
12964,12956,HAS_BLOCK
12964,12957,HAS_BLOCK
12957,12953,FLOW
12957,12951,FLOW
12957,12951,UNWIND
12964,12959,HAS_BLOCK
12959,12960,FLOW
12959,12951,FLOW
12959,12951,UNWIND
12964,12960,HAS_BLOCK
12960,12962,FLOW
12960,12951,FLOW
12960,12951,UNWIND
12964,12962,HAS_BLOCK
12962,12917,FLOW
12962,12950,FLOW
12962,12950,UNWIND
12964,12917,HAS_BLOCK
12917,12919,FLOW
12917,12950,FLOW
12917,12950,UNWIND
12964,12919,HAS_BLOCK
12919,12921,FLOW
12919,12948,FLOW
12919,12948,UNWIND
12964,12921,HAS_BLOCK
12921,12922,FLOW
12964,12922,HAS_BLOCK
12922,12924,FLOW
12922,12948,FLOW
12922,12948,UNWIND
12964,12924,HAS_BLOCK
12924,12927,FLOW
12924,12925,FLOW
12924,12956,FLOW
12964,12925,HAS_BLOCK
12925,12929,FLOW
12925,12948,FLOW
12925,12948,UNWIND
12964,12927,HAS_BLOCK
12927,12946,FLOW
12927,12948,FLOW
12927,12948,UNWIND
12964,12929,HAS_BLOCK
12929,12931,FLOW
12929,12948,FLOW
12929,12948,UNWIND
12964,12931,HAS_BLOCK
12931,12933,FLOW
12931,12948,FLOW
12931,12948,UNWIND
12964,12933,HAS_BLOCK
12933,12937,FLOW
12933,12948,FLOW
12933,12948,UNWIND
12964,12937,HAS_BLOCK
12937,12938,FLOW
12964,12938,HAS_BLOCK
12938,12940,FLOW
12938,12948,FLOW
12938,12948,UNWIND
12964,12940,HAS_BLOCK
12940,12922,FLOW
12940,12941,FLOW
12940,12956,FLOW
12964,12941,HAS_BLOCK
12941,12942,FLOW
12941,12922,FLOW
12964,12942,HAS_BLOCK
12942,12944,FLOW
12942,12948,FLOW
12942,12948,UNWIND
12964,12944,HAS_BLOCK
12944,12945,FLOW
12944,12948,FLOW
12944,12948,UNWIND
12964,12945,HAS_BLOCK
12945,12938,FLOW
12964,12946,HAS_BLOCK
12946,12947,FLOW
12964,12947,HAS_BLOCK
12947,12964,RETURN
12964,12948,HAS_BLOCK
12948,12950,FLOW
12964,12950,HAS_BLOCK
12950,12951,FLOW
12964,12951,HAS_BLOCK
12951,12952,FLOW
12964,12952,HAS_BLOCK
12964,12953,HAS_BLOCK
12953,12949,FLOW
13051,13052,HAS_PARAM
13051,13027,HAS_BLOCK
13027,13029,FLOW
13051,13029,HAS_BLOCK
13029,13038,FLOW
13029,13115,CALL
13051,13038,HAS_BLOCK
13038,13040,FLOW
13051,13040,HAS_BLOCK
13040,13042,FLOW
13040,13044,FLOW
13040,13041,FLOW
13051,13041,HAS_BLOCK
13051,13042,HAS_BLOCK
13042,13046,FLOW
13042,13035,FLOW
13042,13035,UNWIND
13051,13044,HAS_BLOCK
13044,13034,FLOW
13051,13046,HAS_BLOCK
13046,13048,FLOW
13046,13035,FLOW
13046,13035,UNWIND
13046,13115,CALL
13051,13048,HAS_BLOCK
13048,13050,FLOW
13048,13035,FLOW
13048,13035,UNWIND
13051,13050,HAS_BLOCK
13050,13030,FLOW
13050,13031,FLOW
13050,13041,FLOW
13051,13030,HAS_BLOCK
13030,13034,FLOW
13051,13031,HAS_BLOCK
13031,13033,FLOW
13031,13035,FLOW
13031,13035,UNWIND
13051,13033,HAS_BLOCK
13033,13034,FLOW
13051,13034,HAS_BLOCK
13034,13051,RETURN
13051,13035,HAS_BLOCK
13035,13036,FLOW
13051,13036,HAS_BLOCK
13023,13024,HAS_PARAM
13023,13025,HAS_PARAM
13023,13026,HAS_PARAM
13023,12967,HAS_BLOCK
12967,12969,FLOW
13023,12969,HAS_BLOCK
12969,12987,FLOW
13023,12987,HAS_BLOCK
12987,13004,FLOW
12987,13013,FLOW
13023,13004,HAS_BLOCK
13004,13014,FLOW
13004,13013,FLOW
13023,13013,HAS_BLOCK
13013,13008,FLOW
13023,13014,HAS_BLOCK
13014,13016,FLOW
13023,13016,HAS_BLOCK
13016,13018,FLOW
13016,13010,FLOW
13016,13010,UNWIND
13023,13018,HAS_BLOCK
13018,13020,FLOW
13018,13009,FLOW
13018,13009,UNWIND
13023,13020,HAS_BLOCK
13020,13022,FLOW
13020,13009,FLOW
13020,13009,UNWIND
13023,13022,HAS_BLOCK
13022,12970,FLOW
13023,12970,HAS_BLOCK
12970,12972,FLOW
12970,13009,FLOW
12970,13009,UNWIND
13023,12972,HAS_BLOCK
12972,12973,FLOW
12972,13005,FLOW
12972,12994,FLOW
13023,12973,HAS_BLOCK
12973,12979,FLOW
12973,12974,FLOW
13023,12974,HAS_BLOCK
12974,12976,FLOW
12974,13009,FLOW
12974,13009,UNWIND
13023,12976,HAS_BLOCK
12976,12978,FLOW
12976,13009,FLOW
12976,13009,UNWIND
12976,13134,CALL
13023,12978,HAS_BLOCK
12978,13007,FLOW
12978,13010,FLOW
12978,13010,UNWIND
13023,12979,HAS_BLOCK
12979,12981,FLOW
12979,13009,FLOW
12979,13009,UNWIND
13023,12981,HAS_BLOCK
12981,12982,FLOW
12981,13009,FLOW
12981,13009,UNWIND
13023,12982,HAS_BLOCK
12982,12984,FLOW
12982,13009,FLOW
12982,13009,UNWIND
13023,12984,HAS_BLOCK
12984,12988,FLOW
12984,13009,FLOW
12984,13009,UNWIND
13023,12988,HAS_BLOCK
12988,12990,FLOW
12988,13009,FLOW
12988,13009,UNWIND
13023,12990,HAS_BLOCK
12990,12991,FLOW
13023,12991,HAS_BLOCK
12991,12993,FLOW
12991,13009,FLOW
12991,13009,UNWIND
13023,12993,HAS_BLOCK
12993,12970,FLOW
12993,12995,FLOW
12993,12994,FLOW
13023,12994,HAS_BLOCK
13023,12995,HAS_BLOCK
12995,12997,FLOW
12995,13009,FLOW
12995,13009,UNWIND
13023,12997,HAS_BLOCK
12997,12999,FLOW
12997,13009,FLOW
12997,13009,UNWIND
13023,12999,HAS_BLOCK
12999,12991,FLOW
12999,13000,FLOW
13023,13000,HAS_BLOCK
13000,13002,FLOW
13000,13009,FLOW
13000,13009,UNWIND
13023,13002,HAS_BLOCK
13002,13012,FLOW
13002,13009,FLOW
13002,13009,UNWIND
13023,13005,HAS_BLOCK
13005,13006,FLOW
13005,13010,FLOW
13005,13010,UNWIND
13023,13006,HAS_BLOCK
13006,13008,FLOW
13023,13007,HAS_BLOCK
13007,13008,FLOW
13023,13008,HAS_BLOCK
13008,13023,RETURN
13023,13009,HAS_BLOCK
13009,13010,FLOW
13023,13010,HAS_BLOCK
13010,13011,FLOW
13023,13011,HAS_BLOCK
13023,13012,HAS_BLOCK
13012,12991,FLOW
13134,13135,HAS_PARAM
13134,13136,HAS_PARAM
13134,13137,HAS_PARAM
13134,13117,HAS_BLOCK
13117,13119,FLOW
13134,13119,HAS_BLOCK
13119,13123,FLOW
13134,13123,HAS_BLOCK
13123,13125,FLOW
13123,13121,FLOW
13123,13121,UNWIND
13134,13125,HAS_BLOCK
13125,13126,FLOW
13125,13130,FLOW
13134,13126,HAS_BLOCK
13126,13127,FLOW
13126,13121,FLOW
13126,13121,UNWIND
13134,13127,HAS_BLOCK
13127,13130,FLOW
13127,13129,FLOW
13127,13128,FLOW
13134,13128,HAS_BLOCK
13134,13129,HAS_BLOCK
13129,13123,FLOW
13134,13130,HAS_BLOCK
13130,13132,FLOW
13130,13121,FLOW
13130,13121,UNWIND
13134,13132,HAS_BLOCK
13132,13120,FLOW
13132,13121,FLOW
13132,13121,UNWIND
13134,13120,HAS_BLOCK
13120,13134,RETURN
13134,13121,HAS_BLOCK
13121,13122,FLOW
13134,13122,HAS_BLOCK
13115,13116,HAS_PARAM
13115,13053,HAS_BLOCK
13053,13055,FLOW
13115,13055,HAS_BLOCK
13055,13073,FLOW
13115,13073,HAS_BLOCK
13073,13101,FLOW
13073,13106,FLOW
13073,13088,FLOW
13115,13088,HAS_BLOCK
13115,13101,HAS_BLOCK
13101,13108,FLOW
13101,13100,FLOW
13101,13100,UNWIND
13115,13106,HAS_BLOCK
13106,13097,FLOW
13115,13108,HAS_BLOCK
13108,13110,FLOW
13108,13099,FLOW
13108,13099,UNWIND
13115,13110,HAS_BLOCK
13110,13112,FLOW
13110,13099,FLOW
13110,13099,UNWIND
13115,13112,HAS_BLOCK
13112,13113,FLOW
13112,13056,FLOW
13112,13088,FLOW
13115,13113,HAS_BLOCK
13113,13058,FLOW
13113,13099,FLOW
13113,13099,UNWIND
13115,13056,HAS_BLOCK
13056,13103,FLOW
13056,13099,FLOW
13056,13099,UNWIND
13115,13058,HAS_BLOCK
13058,13059,FLOW
13058,13099,FLOW
13058,13099,UNWIND
13115,13059,HAS_BLOCK
13059,13067,FLOW
13059,13060,FLOW
13115,13060,HAS_BLOCK
13060,13062,FLOW
13060,13099,FLOW
13060,13099,UNWIND
13115,13062,HAS_BLOCK
13062,13064,FLOW
13062,13099,FLOW
13062,13099,UNWIND
13115,13064,HAS_BLOCK
13064,13066,FLOW
13064,13099,FLOW
13064,13099,UNWIND
13115,13066,HAS_BLOCK
13066,13095,FLOW
13115,13067,HAS_BLOCK
13067,13069,FLOW
13067,13099,FLOW
13067,13099,UNWIND
13115,13069,HAS_BLOCK
13069,13070,FLOW
13069,13099,FLOW
13069,13099,UNWIND
13115,13070,HAS_BLOCK
13070,13074,FLOW
13070,13099,FLOW
13070,13099,UNWIND
13115,13074,HAS_BLOCK
13074,13076,FLOW
13074,13098,FLOW
13074,13098,UNWIND
13115,13076,HAS_BLOCK
13076,13078,FLOW
13076,13098,FLOW
13076,13098,UNWIND
13115,13078,HAS_BLOCK
13078,13080,FLOW
13078,13098,FLOW
13078,13098,UNWIND
13115,13080,HAS_BLOCK
13080,13081,FLOW
13115,13081,HAS_BLOCK
13081,13083,FLOW
13081,13098,FLOW
13081,13098,UNWIND
13115,13083,HAS_BLOCK
13083,13085,FLOW
13083,13084,FLOW
13083,13088,FLOW
13115,13084,HAS_BLOCK
13084,13086,FLOW
13084,13098,FLOW
13084,13098,UNWIND
13115,13085,HAS_BLOCK
13085,13094,FLOW
13085,13100,FLOW
13085,13100,UNWIND
13115,13086,HAS_BLOCK
13086,13087,FLOW
13086,13098,FLOW
13086,13098,UNWIND
13115,13087,HAS_BLOCK
13087,13089,FLOW
13087,13098,FLOW
13087,13098,UNWIND
13115,13089,HAS_BLOCK
13089,13090,FLOW
13089,13098,FLOW
13089,13098,UNWIND
13115,13090,HAS_BLOCK
13090,13092,FLOW
13090,13098,FLOW
13090,13098,UNWIND
13115,13092,HAS_BLOCK
13092,13104,FLOW
13092,13098,FLOW
13092,13098,UNWIND
13115,13094,HAS_BLOCK
13094,13097,FLOW
13115,13095,HAS_BLOCK
13095,13096,FLOW
13095,13100,FLOW
13095,13100,UNWIND
13115,13096,HAS_BLOCK
13096,13097,FLOW
13115,13097,HAS_BLOCK
13097,13115,RETURN
13115,13098,HAS_BLOCK
13098,13099,FLOW
13115,13099,HAS_BLOCK
13099,13100,FLOW
13115,13100,HAS_BLOCK
13100,13102,FLOW
13115,13102,HAS_BLOCK
13115,13103,HAS_BLOCK
13103,13095,FLOW
13115,13104,HAS_BLOCK
13104,13081,FLOW
13519,13520,HAS_FIELD
13536,13538,HAS_FIELD
13536,13537,HAS_FIELD
13527,13531,HAS_FIELD
13527,13532,HAS_FIELD
13527,13529,HAS_FIELD
13527,13530,HAS_FIELD
13527,13528,HAS_FIELD
13891,13892,HAS_PARAM
13891,13893,HAS_PARAM
13891,13613,HAS_BLOCK
13613,13615,FLOW
13891,13615,HAS_BLOCK
13615,13754,FLOW
13615,13733,FLOW
13891,13733,HAS_BLOCK
13733,13773,FLOW
13891,13754,HAS_BLOCK
13754,13683,FLOW
13891,13773,HAS_BLOCK
13773,13795,FLOW
13891,13795,HAS_BLOCK
13795,13833,FLOW
13795,13852,FLOW
13795,13814,FLOW
13891,13814,HAS_BLOCK
13891,13833,HAS_BLOCK
13833,13872,FLOW
13833,13694,FLOW
13833,13694,UNWIND
13891,13852,HAS_BLOCK
13852,13683,FLOW
13891,13872,HAS_BLOCK
13872,13616,FLOW
13872,13694,FLOW
13872,13694,UNWIND
13891,13616,HAS_BLOCK
13616,13633,FLOW
13616,13720,FLOW
13616,13720,UNWIND
13891,13633,HAS_BLOCK
13633,13654,FLOW
13633,13720,FLOW
13633,13720,UNWIND
13891,13654,HAS_BLOCK
13654,13671,FLOW
13654,13692,FLOW
13654,13692,UNWIND
13891,13671,HAS_BLOCK
13671,13693,FLOW
13671,13682,FLOW
13891,13682,HAS_BLOCK
13682,13680,FLOW
13891,13693,HAS_BLOCK
13693,13705,FLOW
13693,13692,FLOW
13693,13692,UNWIND
13891,13705,HAS_BLOCK
13705,13717,FLOW
13705,13692,FLOW
13705,13692,UNWIND
13705,14491,CALL
13891,13717,HAS_BLOCK
13717,13729,FLOW
13717,13692,FLOW
13717,13692,UNWIND
13891,13729,HAS_BLOCK
13729,13731,FLOW
13729,13734,FLOW
13729,13814,FLOW
13891,13731,HAS_BLOCK
13731,13736,FLOW
13731,13718,FLOW
13731,13718,UNWIND
13891,13734,HAS_BLOCK
13734,13721,FLOW
13734,13692,FLOW
13734,13692,UNWIND
13891,13736,HAS_BLOCK
13736,13738,FLOW
13736,13718,FLOW
13736,13718,UNWIND
13736,14373,CALL
13891,13738,HAS_BLOCK
13738,13740,FLOW
13738,13718,FLOW
13738,13718,UNWIND
13891,13740,HAS_BLOCK
13740,13741,FLOW
13740,13743,FLOW
13740,13814,FLOW
13891,13741,HAS_BLOCK
13741,13745,FLOW
13741,13714,FLOW
13741,13714,UNWIND
13891,13743,HAS_BLOCK
13743,13722,FLOW
13743,13718,FLOW
13743,13718,UNWIND
13891,13745,HAS_BLOCK
13745,13747,FLOW
13745,13714,FLOW
13745,13714,UNWIND
13891,13747,HAS_BLOCK
13747,13749,FLOW
13747,13714,FLOW
13747,13714,UNWIND
13891,13749,HAS_BLOCK
13749,13751,FLOW
13749,13714,FLOW
13749,13714,UNWIND
13891,13751,HAS_BLOCK
13751,13755,FLOW
13751,13714,FLOW
13751,13714,UNWIND
13891,13755,HAS_BLOCK
13755,13757,FLOW
13755,13714,FLOW
13755,13714,UNWIND
13891,13757,HAS_BLOCK
13757,13759,FLOW
13757,13714,FLOW
13757,13714,UNWIND
13891,13759,HAS_BLOCK
13759,13761,FLOW
13759,13691,FLOW
13759,13691,UNWIND
13891,13761,HAS_BLOCK
13761,13763,FLOW
13761,13690,FLOW
13761,13690,UNWIND
13891,13763,HAS_BLOCK
13763,13765,FLOW
13763,13690,FLOW
13763,13690,UNWIND
13891,13765,HAS_BLOCK
13765,13767,FLOW
13765,13690,FLOW
13765,13690,UNWIND
13891,13767,HAS_BLOCK
13767,13769,FLOW
13767,13690,FLOW
13767,13690,UNWIND
13891,13769,HAS_BLOCK
13769,13770,FLOW
13891,13770,HAS_BLOCK
13770,13772,FLOW
13770,13690,FLOW
13770,13690,UNWIND
13891,13772,HAS_BLOCK
13772,13776,FLOW
13772,13774,FLOW
13772,13814,FLOW
13891,13774,HAS_BLOCK
13774,13778,FLOW
13774,13690,FLOW
13774,13690,UNWIND
13774,14287,CALL
13891,13776,HAS_BLOCK
13776,13812,FLOW
13776,13690,FLOW
13776,13690,UNWIND
13891,13778,HAS_BLOCK
13778,13780,FLOW
13778,13712,FLOW
13778,13712,UNWIND
13891,13780,HAS_BLOCK
13780,13782,FLOW
13780,13712,FLOW
13780,13712,UNWIND
13891,13782,HAS_BLOCK
13782,13784,FLOW
13782,13712,FLOW
13782,13712,UNWIND
13891,13784,HAS_BLOCK
13784,13786,FLOW
13784,13709,FLOW
13784,13709,UNWIND
13891,13786,HAS_BLOCK
13786,13788,FLOW
13786,13709,FLOW
13786,13709,UNWIND
13891,13788,HAS_BLOCK
13788,13790,FLOW
13788,13709,FLOW
13788,13709,UNWIND
13891,13790,HAS_BLOCK
13790,13792,FLOW
13790,13709,FLOW
13790,13709,UNWIND
13891,13792,HAS_BLOCK
13792,13796,FLOW
13792,13709,FLOW
13792,13709,UNWIND
13891,13796,HAS_BLOCK
13796,13798,FLOW
13796,13709,FLOW
13796,13709,UNWIND
13891,13798,HAS_BLOCK
13798,13800,FLOW
13798,13709,FLOW
13798,13709,UNWIND
13891,13800,HAS_BLOCK
13800,13802,FLOW
13800,13709,FLOW
13800,13709,UNWIND
13891,13802,HAS_BLOCK
13802,13804,FLOW
13802,13709,FLOW
13802,13709,UNWIND
13891,13804,HAS_BLOCK
13804,13806,FLOW
13804,13707,FLOW
13804,13707,UNWIND
13891,13806,HAS_BLOCK
13806,13808,FLOW
13806,13707,FLOW
13806,13707,UNWIND
13891,13808,HAS_BLOCK
13808,13809,FLOW
13808,13811,FLOW
13808,13814,FLOW
13891,13809,HAS_BLOCK
13809,13723,FLOW
13809,13707,FLOW
13809,13707,UNWIND
13891,13811,HAS_BLOCK
13811,13770,FLOW
13891,13812,HAS_BLOCK
13812,13815,FLOW
13812,13703,FLOW
13812,13703,UNWIND
13891,13815,HAS_BLOCK
13815,13816,FLOW
13891,13816,HAS_BLOCK
13816,13818,FLOW
13816,13703,FLOW
13816,13703,UNWIND
13891,13818,HAS_BLOCK
13818,13821,FLOW
13818,13819,FLOW
13818,13814,FLOW
13891,13819,HAS_BLOCK
13819,13823,FLOW
13819,13703,FLOW
13819,13703,UNWIND
13891,13821,HAS_BLOCK
13821,13626,FLOW
13821,13703,FLOW
13821,13703,UNWIND
13891,13823,HAS_BLOCK
13823,13825,FLOW
13823,13703,FLOW
13823,13703,UNWIND
13823,14033,CALL
13891,13825,HAS_BLOCK
13825,13827,FLOW
13825,13689,FLOW
13825,13689,UNWIND
13891,13827,HAS_BLOCK
13827,13829,FLOW
13827,13689,FLOW
13827,13689,UNWIND
13827,14033,CALL
13891,13829,HAS_BLOCK
13829,13831,FLOW
13829,13689,FLOW
13829,13689,UNWIND
13891,13831,HAS_BLOCK
13831,13834,FLOW
13831,13689,FLOW
13831,13689,UNWIND
13891,13834,HAS_BLOCK
13834,13861,FLOW
13834,13835,FLOW
13891,13835,HAS_BLOCK
13835,13837,FLOW
13835,13689,FLOW
13835,13689,UNWIND
13891,13837,HAS_BLOCK
13837,13839,FLOW
13837,13689,FLOW
13837,13689,UNWIND
13837,14073,CALL
13891,13839,HAS_BLOCK
13839,13841,FLOW
13839,13688,FLOW
13839,13688,UNWIND
13891,13841,HAS_BLOCK
13841,13843,FLOW
13841,13688,FLOW
13841,13688,UNWIND
13841,14011,CALL
13891,13843,HAS_BLOCK
13843,13845,FLOW
13843,13688,FLOW
13843,13688,UNWIND
13891,13845,HAS_BLOCK
13845,13847,FLOW
13845,13688,FLOW
13845,13688,UNWIND
13891,13847,HAS_BLOCK
13847,13849,FLOW
13847,13688,FLOW
13847,13688,UNWIND
13891,13849,HAS_BLOCK
13849,13853,FLOW
13849,13850,FLOW
13891,13850,HAS_BLOCK
13850,13860,FLOW
13891,13853,HAS_BLOCK
13853,13855,FLOW
13853,13688,FLOW
13853,13688,UNWIND
13891,13855,HAS_BLOCK
13855,13857,FLOW
13855,13688,FLOW
13855,13688,UNWIND
13891,13857,HAS_BLOCK
13857,13859,FLOW
13857,13688,FLOW
13857,13688,UNWIND
13891,13859,HAS_BLOCK
13859,13860,FLOW
13891,13860,HAS_BLOCK
13860,13869,FLOW
13860,13689,FLOW
13860,13689,UNWIND
13891,13861,HAS_BLOCK
13861,13863,FLOW
13861,13689,FLOW
13861,13689,UNWIND
13891,13863,HAS_BLOCK
13863,13865,FLOW
13863,13689,FLOW
13863,13689,UNWIND
13891,13865,HAS_BLOCK
13865,13867,FLOW
13865,13689,FLOW
13865,13689,UNWIND
13891,13867,HAS_BLOCK
13867,13724,FLOW
13867,13689,FLOW
13867,13689,UNWIND
13891,13869,HAS_BLOCK
13869,13873,FLOW
13869,13689,FLOW
13869,13689,UNWIND
13891,13873,HAS_BLOCK
13873,13875,FLOW
13873,13689,FLOW
13873,13689,UNWIND
13873,14033,CALL
13891,13875,HAS_BLOCK
13875,13876,FLOW
13875,13878,FLOW
13875,13814,FLOW
13891,13876,HAS_BLOCK
13876,13725,FLOW
13876,13701,FLOW
13876,13701,UNWIND
13891,13878,HAS_BLOCK
13878,13880,FLOW
13878,13701,FLOW
13878,13701,UNWIND
13891,13880,HAS_BLOCK
13880,13888,FLOW
13880,13881,FLOW
13891,13881,HAS_BLOCK
13881,13883,FLOW
13881,13701,FLOW
13881,13701,UNWIND
13891,13883,HAS_BLOCK
13883,13885,FLOW
13883,13701,FLOW
13883,13701,UNWIND
13883,14011,CALL
13891,13885,HAS_BLOCK
13885,13886,FLOW
13885,13624,FLOW
13885,13814,FLOW
13891,13886,HAS_BLOCK
13886,13726,FLOW
13886,13701,FLOW
13886,13701,UNWIND
13891,13888,HAS_BLOCK
13888,13617,FLOW
13888,13701,FLOW
13888,13701,UNWIND
13891,13617,HAS_BLOCK
13617,13618,FLOW
13891,13618,HAS_BLOCK
13618,13620,FLOW
13618,13687,FLOW
13618,13687,UNWIND
13891,13620,HAS_BLOCK
13620,13623,FLOW
13620,13621,FLOW
13620,13814,FLOW
13891,13621,HAS_BLOCK
13621,13727,FLOW
13621,13687,FLOW
13621,13687,UNWIND
13891,13623,HAS_BLOCK
13623,13624,FLOW
13623,13701,FLOW
13623,13701,UNWIND
13891,13624,HAS_BLOCK
13624,13625,FLOW
13624,13696,FLOW
13891,13625,HAS_BLOCK
13625,13816,FLOW
13625,13703,FLOW
13625,13703,UNWIND
13891,13626,HAS_BLOCK
13626,13628,FLOW
13626,13703,FLOW
13626,13703,UNWIND
13891,13628,HAS_BLOCK
13628,13630,FLOW
13628,13703,FLOW
13628,13703,UNWIND
13891,13630,HAS_BLOCK
13630,13634,FLOW
13630,13703,FLOW
13630,13703,UNWIND
13630,12964,CALL
13891,13634,HAS_BLOCK
13634,13636,FLOW
13634,13699,FLOW
13634,13699,UNWIND
13891,13636,HAS_BLOCK
13636,13638,FLOW
13636,13699,FLOW
13636,13699,UNWIND
13891,13638,HAS_BLOCK
13638,13640,FLOW
13638,13699,FLOW
13638,13699,UNWIND
13891,13640,HAS_BLOCK
13640,13642,FLOW
13640,13686,FLOW
13640,13686,UNWIND
13891,13642,HAS_BLOCK
13642,13644,FLOW
13642,13686,FLOW
13642,13686,UNWIND
13891,13644,HAS_BLOCK
13644,13646,FLOW
13644,13686,FLOW
13644,13686,UNWIND
13891,13646,HAS_BLOCK
13646,13648,FLOW
13646,13685,FLOW
13646,13685,UNWIND
13646,13515,CALL
13891,13648,HAS_BLOCK
13648,13650,FLOW
13648,13685,FLOW
13648,13685,UNWIND
13891,13650,HAS_BLOCK
13650,13651,FLOW
13650,13655,FLOW
13650,13814,FLOW
13891,13651,HAS_BLOCK
13651,13657,FLOW
13651,13685,FLOW
13651,13685,UNWIND
13651,13962,CALL
13891,13655,HAS_BLOCK
13655,13730,FLOW
13655,13685,FLOW
13655,13685,UNWIND
13891,13657,HAS_BLOCK
13657,13659,FLOW
13657,13684,FLOW
13657,13684,UNWIND
13891,13659,HAS_BLOCK
13659,13661,FLOW
13659,13684,FLOW
13659,13684,UNWIND
13659,14550,CALL
13891,13661,HAS_BLOCK
13661,13663,FLOW
13661,13684,FLOW
13661,13684,UNWIND
13891,13663,HAS_BLOCK
13663,13664,FLOW
13663,13665,FLOW
13663,13814,FLOW
13891,13664,HAS_BLOCK
13664,13668,FLOW
13664,13685,FLOW
13664,13685,UNWIND
13891,13665,HAS_BLOCK
13665,13667,FLOW
13665,13684,FLOW
13665,13684,UNWIND
13891,13667,HAS_BLOCK
13667,13675,FLOW
13667,13685,FLOW
13667,13685,UNWIND
13891,13668,HAS_BLOCK
13668,13669,FLOW
13668,13699,FLOW
13668,13699,UNWIND
13891,13669,HAS_BLOCK
13669,13672,FLOW
13669,13691,FLOW
13669,13691,UNWIND
13891,13672,HAS_BLOCK
13672,13673,FLOW
13672,13714,FLOW
13672,13714,UNWIND
13891,13673,HAS_BLOCK
13673,13674,FLOW
13673,13694,FLOW
13673,13694,UNWIND
13891,13674,HAS_BLOCK
13674,13683,FLOW
13891,13675,HAS_BLOCK
13675,13676,FLOW
13675,13699,FLOW
13675,13699,UNWIND
13891,13676,HAS_BLOCK
13676,13677,FLOW
13676,13691,FLOW
13676,13691,UNWIND
13891,13677,HAS_BLOCK
13677,13678,FLOW
13677,13714,FLOW
13677,13714,UNWIND
13891,13678,HAS_BLOCK
13678,13679,FLOW
13678,13697,FLOW
13891,13679,HAS_BLOCK
13679,13680,FLOW
13891,13680,HAS_BLOCK
13680,13681,FLOW
13680,13694,FLOW
13680,13694,UNWIND
13891,13681,HAS_BLOCK
13681,13683,FLOW
13891,13683,HAS_BLOCK
13683,13891,RETURN
13891,13684,HAS_BLOCK
13684,13685,FLOW
13891,13685,HAS_BLOCK
13685,13699,FLOW
13891,13686,HAS_BLOCK
13686,13699,FLOW
13891,13687,HAS_BLOCK
13687,13701,FLOW
13891,13688,HAS_BLOCK
13688,13689,FLOW
13891,13689,HAS_BLOCK
13689,13703,FLOW
13891,13690,HAS_BLOCK
13690,13691,FLOW
13891,13691,HAS_BLOCK
13691,13714,FLOW
13891,13692,HAS_BLOCK
13692,13694,FLOW
13891,13694,HAS_BLOCK
13694,13695,FLOW
13891,13695,HAS_BLOCK
13891,13696,HAS_BLOCK
13696,13625,FLOW
13696,13689,FLOW
13696,13689,UNWIND
13891,13697,HAS_BLOCK
13697,13679,FLOW
13697,13692,FLOW
13697,13692,UNWIND
13891,13698,HAS_BLOCK
13698,13703,FLOW
13891,13699,HAS_BLOCK
13699,13703,FLOW
13699,13698,FLOW
13891,13700,HAS_BLOCK
13700,13689,FLOW
13891,13701,HAS_BLOCK
13701,13689,FLOW
13701,13700,FLOW
13891,13702,HAS_BLOCK
13702,13690,FLOW
13891,13703,HAS_BLOCK
13703,13690,FLOW
13703,13702,FLOW
13891,13706,HAS_BLOCK
13706,13709,FLOW
13891,13707,HAS_BLOCK
13707,13709,FLOW
13707,13706,FLOW
13891,13708,HAS_BLOCK
13708,13712,FLOW
13891,13709,HAS_BLOCK
13709,13712,FLOW
13709,13708,FLOW
13891,13710,HAS_BLOCK
13710,13690,FLOW
13710,13711,FLOW
13891,13711,HAS_BLOCK
13711,13690,FLOW
13891,13712,HAS_BLOCK
13712,13710,FLOW
13712,13690,FLOW
13891,13713,HAS_BLOCK
13713,13718,FLOW
13891,13714,HAS_BLOCK
13714,13718,FLOW
13714,13713,FLOW
13891,13715,HAS_BLOCK
13715,13692,FLOW
13891,13718,HAS_BLOCK
13718,13692,FLOW
13718,13715,FLOW
13891,13719,HAS_BLOCK
13719,13694,FLOW
13891,13720,HAS_BLOCK
13720,13694,FLOW
13720,13719,FLOW
13891,13721,HAS_BLOCK
13721,13679,FLOW
13891,13722,HAS_BLOCK
13722,13678,FLOW
13891,13723,HAS_BLOCK
13723,13811,FLOW
13891,13724,HAS_BLOCK
13724,13869,FLOW
13891,13725,HAS_BLOCK
13725,13878,FLOW
13891,13726,HAS_BLOCK
13726,13624,FLOW
13891,13727,HAS_BLOCK
13727,13618,FLOW
13891,13730,HAS_BLOCK
13730,13675,FLOW
14550,14551,HAS_PARAM
14550,14552,HAS_PARAM
14550,14493,HAS_BLOCK
14493,14495,FLOW
14550,14495,HAS_BLOCK
14495,14513,FLOW
14495,14536,FLOW
14495,14536,UNWIND
14550,14513,HAS_BLOCK
14513,14526,FLOW
14513,14524,FLOW
14513,14524,UNWIND
14550,14526,HAS_BLOCK
14526,14538,FLOW
14526,14534,FLOW
14526,14534,UNWIND
14550,14538,HAS_BLOCK
14538,14541,FLOW
14538,14534,FLOW
14538,14534,UNWIND
14550,14541,HAS_BLOCK
14541,14543,FLOW
14541,14534,FLOW
14541,14534,UNWIND
14550,14543,HAS_BLOCK
14543,14544,FLOW
14543,14524,FLOW
14543,14524,UNWIND
14550,14544,HAS_BLOCK
14544,14546,FLOW
14544,14524,FLOW
14544,14524,UNWIND
14550,14546,HAS_BLOCK
14546,14548,FLOW
14546,14532,FLOW
14546,14532,UNWIND
14550,14548,HAS_BLOCK
14548,14496,FLOW
14548,14532,FLOW
14548,14532,UNWIND
14550,14496,HAS_BLOCK
14496,14498,FLOW
14496,14532,FLOW
14496,14532,UNWIND
14550,14498,HAS_BLOCK
14498,14499,FLOW
14498,14524,FLOW
14498,14524,UNWIND
14550,14499,HAS_BLOCK
14499,14501,FLOW
14499,14522,FLOW
14499,14522,UNWIND
14550,14501,HAS_BLOCK
14501,14503,FLOW
14501,14522,FLOW
14501,14522,UNWIND
14550,14503,HAS_BLOCK
14503,14505,FLOW
14503,14507,FLOW
14503,14504,FLOW
14550,14504,HAS_BLOCK
14550,14505,HAS_BLOCK
14505,14510,FLOW
14505,14530,FLOW
14505,14530,UNWIND
14550,14507,HAS_BLOCK
14507,14509,FLOW
14507,14530,FLOW
14507,14530,UNWIND
14550,14509,HAS_BLOCK
14509,14519,FLOW
14509,14523,FLOW
14509,14523,UNWIND
14550,14510,HAS_BLOCK
14510,14514,FLOW
14510,14523,FLOW
14510,14523,UNWIND
14550,14514,HAS_BLOCK
14514,14515,FLOW
14514,14516,FLOW
14514,14504,FLOW
14550,14515,HAS_BLOCK
14515,14518,FLOW
14515,14536,FLOW
14515,14536,UNWIND
14550,14516,HAS_BLOCK
14516,14539,FLOW
14516,14523,FLOW
14516,14523,UNWIND
14550,14518,HAS_BLOCK
14518,14521,FLOW
14550,14519,HAS_BLOCK
14519,14528,FLOW
14550,14520,HAS_BLOCK
14520,14521,FLOW
14550,14521,HAS_BLOCK
14521,14550,RETURN
14550,14522,HAS_BLOCK
14522,14523,FLOW
14550,14523,HAS_BLOCK
14523,14536,FLOW
14550,14524,HAS_BLOCK
14524,14536,FLOW
14550,14527,HAS_BLOCK
14550,14528,HAS_BLOCK
14528,14520,FLOW
14528,14536,FLOW
14528,14536,UNWIND
14550,14529,HAS_BLOCK
14529,14523,FLOW
14550,14530,HAS_BLOCK
14530,14523,FLOW
14530,14529,FLOW
14550,14531,HAS_BLOCK
14531,14524,FLOW
14550,14532,HAS_BLOCK
14532,14524,FLOW
14532,14531,FLOW
14550,14533,HAS_BLOCK
14533,14524,FLOW
14550,14534,HAS_BLOCK
14534,14524,FLOW
14534,14533,FLOW
14550,14535,HAS_BLOCK
14535,14527,FLOW
14550,14536,HAS_BLOCK
14536,14527,FLOW
14536,14535,FLOW
14550,14539,HAS_BLOCK
14539,14528,FLOW
13962,13963,HAS_PARAM
13962,13894,HAS_BLOCK
13894,13896,FLOW
13962,13896,HAS_BLOCK
13896,13913,FLOW
13896,13953,FLOW
13896,13953,UNWIND
13962,13913,HAS_BLOCK
13913,13930,FLOW
13962,13930,HAS_BLOCK
13930,13947,FLOW
13930,13953,FLOW
13930,13953,UNWIND
13962,13947,HAS_BLOCK
13947,13958,FLOW
13947,13957,FLOW
13947,13956,FLOW
13962,13956,HAS_BLOCK
13962,13957,HAS_BLOCK
13957,13961,FLOW
13957,13960,FLOW
13962,13958,HAS_BLOCK
13958,13900,FLOW
13958,13953,FLOW
13958,13953,UNWIND
13962,13960,HAS_BLOCK
13960,13897,FLOW
13962,13961,HAS_BLOCK
13961,13897,FLOW
13962,13897,HAS_BLOCK
13897,13930,FLOW
13897,13898,FLOW
13962,13898,HAS_BLOCK
13898,13954,FLOW
13898,13953,FLOW
13898,13953,UNWIND
13962,13900,HAS_BLOCK
13900,13902,FLOW
13900,13951,FLOW
13900,13951,UNWIND
13962,13902,HAS_BLOCK
13902,13903,FLOW
13962,13903,HAS_BLOCK
13903,13905,FLOW
13903,13948,FLOW
13903,13948,UNWIND
13962,13905,HAS_BLOCK
13905,13908,FLOW
13905,13906,FLOW
13905,13956,FLOW
13962,13906,HAS_BLOCK
13906,13909,FLOW
13906,13948,FLOW
13906,13948,UNWIND
13962,13908,HAS_BLOCK
13908,13915,FLOW
13908,13951,FLOW
13908,13951,UNWIND
13962,13909,HAS_BLOCK
13909,13911,FLOW
13909,13948,FLOW
13909,13948,UNWIND
13962,13911,HAS_BLOCK
13911,13914,FLOW
13911,13948,FLOW
13911,13948,UNWIND
13962,13914,HAS_BLOCK
13914,13903,FLOW
13962,13915,HAS_BLOCK
13915,13917,FLOW
13915,13951,FLOW
13915,13951,UNWIND
13962,13917,HAS_BLOCK
13917,13919,FLOW
13917,13945,FLOW
13917,13945,UNWIND
13962,13919,HAS_BLOCK
13919,13920,FLOW
13962,13920,HAS_BLOCK
13920,13922,FLOW
13920,13944,FLOW
13920,13944,UNWIND
13962,13922,HAS_BLOCK
13922,13925,FLOW
13922,13923,FLOW
13922,13956,FLOW
13962,13923,HAS_BLOCK
13923,13926,FLOW
13923,13944,FLOW
13923,13944,UNWIND
13962,13925,HAS_BLOCK
13925,13938,FLOW
13925,13945,FLOW
13925,13945,UNWIND
13962,13926,HAS_BLOCK
13926,13928,FLOW
13926,13944,FLOW
13926,13944,UNWIND
13962,13928,HAS_BLOCK
13928,13931,FLOW
13928,13944,FLOW
13928,13944,UNWIND
13962,13931,HAS_BLOCK
13931,13932,FLOW
13931,13920,FLOW
13931,13956,FLOW
13962,13932,HAS_BLOCK
13932,13934,FLOW
13932,13944,FLOW
13932,13944,UNWIND
13962,13934,HAS_BLOCK
13934,13936,FLOW
13934,13943,FLOW
13934,13943,UNWIND
13962,13936,HAS_BLOCK
13936,13955,FLOW
13936,13944,FLOW
13936,13944,UNWIND
13962,13938,HAS_BLOCK
13938,13940,FLOW
13938,13945,FLOW
13938,13945,UNWIND
13962,13940,HAS_BLOCK
13940,13942,FLOW
13940,13945,FLOW
13940,13945,UNWIND
13962,13942,HAS_BLOCK
13942,13962,RETURN
13962,13943,HAS_BLOCK
13943,13944,FLOW
13962,13944,HAS_BLOCK
13944,13945,FLOW
13962,13945,HAS_BLOCK
13945,13951,FLOW
13962,13948,HAS_BLOCK
13948,13951,FLOW
13962,13949,HAS_BLOCK
13962,13950,HAS_BLOCK
13950,13953,FLOW
13962,13951,HAS_BLOCK
13951,13953,FLOW
13951,13950,FLOW
13962,13952,HAS_BLOCK
13952,13949,FLOW
13962,13953,HAS_BLOCK
13953,13949,FLOW
13953,13952,FLOW
13962,13954,HAS_BLOCK
13954,13930,FLOW
13962,13955,HAS_BLOCK
13955,13920,FLOW
13521,13524,HAS_FIELD
13521,13526,HAS_FIELD
13521,13525,HAS_FIELD
13521,13523,HAS_FIELD
13521,13522,HAS_FIELD
14287,14288,HAS_PARAM
14287,14223,HAS_BLOCK
14223,14225,FLOW
14287,14225,HAS_BLOCK
14225,14246,FLOW
14287,14246,HAS_BLOCK
14246,14276,FLOW
14246,14278,FLOW
14246,14267,FLOW
14287,14267,HAS_BLOCK
14287,14276,HAS_BLOCK
14276,14280,FLOW
14287,14278,HAS_BLOCK
14278,14273,FLOW
14287,14280,HAS_BLOCK
14280,14282,FLOW
14287,14282,HAS_BLOCK
14282,14283,FLOW
14282,14285,FLOW
14282,14267,FLOW
14287,14283,HAS_BLOCK
14283,14226,FLOW
14287,14285,HAS_BLOCK
14285,14273,FLOW
14287,14226,HAS_BLOCK
14226,14228,FLOW
14287,14228,HAS_BLOCK
14228,14230,FLOW
14287,14230,HAS_BLOCK
14230,14232,FLOW
14287,14232,HAS_BLOCK
14232,14234,FLOW
14287,14234,HAS_BLOCK
14234,14235,FLOW
14234,14237,FLOW
14234,14267,FLOW
14287,14235,HAS_BLOCK
14235,14239,FLOW
14287,14237,HAS_BLOCK
14237,14273,FLOW
14287,14239,HAS_BLOCK
14239,14241,FLOW
14287,14241,HAS_BLOCK
14241,14243,FLOW
14287,14243,HAS_BLOCK
14243,14247,FLOW
14287,14247,HAS_BLOCK
14247,14249,FLOW
14247,14274,FLOW
14247,14274,UNWIND
14287,14249,HAS_BLOCK
14249,14251,FLOW
14249,14274,FLOW
14249,14274,UNWIND
14287,14251,HAS_BLOCK
14251,14253,FLOW
14251,14274,FLOW
14251,14274,UNWIND
14287,14253,HAS_BLOCK
14253,14255,FLOW
14253,14274,FLOW
14253,14274,UNWIND
14287,14255,HAS_BLOCK
14255,14257,FLOW
14255,14274,FLOW
14255,14274,UNWIND
14287,14257,HAS_BLOCK
14257,14259,FLOW
14257,14274,FLOW
14257,14274,UNWIND
14287,14259,HAS_BLOCK
14259,14261,FLOW
14259,14274,FLOW
14259,14274,UNWIND
14287,14261,HAS_BLOCK
14261,14263,FLOW
14261,14274,FLOW
14261,14274,UNWIND
14287,14263,HAS_BLOCK
14263,14265,FLOW
14263,14274,FLOW
14263,14274,UNWIND
14287,14265,HAS_BLOCK
14265,14268,FLOW
14265,14274,FLOW
14265,14274,UNWIND
14287,14268,HAS_BLOCK
14268,14270,FLOW
14268,14274,FLOW
14268,14274,UNWIND
14287,14270,HAS_BLOCK
14270,14272,FLOW
14270,14274,FLOW
14270,14274,UNWIND
14287,14272,HAS_BLOCK
14272,14273,FLOW
14287,14273,HAS_BLOCK
14273,14287,RETURN
14287,14274,HAS_BLOCK
14274,14275,FLOW
14287,14275,HAS_BLOCK
14033,14034,HAS_PARAM
14033,14035,HAS_PARAM
14033,14036,HAS_PARAM
14033,14015,HAS_BLOCK
14015,14017,FLOW
14033,14017,HAS_BLOCK
14017,14020,FLOW
14017,14073,CALL
14033,14020,HAS_BLOCK
14020,14022,FLOW
14020,14032,FLOW
14020,14032,UNWIND
14033,14022,HAS_BLOCK
14022,14024,FLOW
14022,14032,FLOW
14022,14032,UNWIND
14033,14024,HAS_BLOCK
14024,14026,FLOW
14024,14032,FLOW
14024,14032,UNWIND
14033,14026,HAS_BLOCK
14026,14028,FLOW
14026,14032,FLOW
14026,14032,UNWIND
14033,14028,HAS_BLOCK
14028,14030,FLOW
14028,14032,FLOW
14028,14032,UNWIND
14033,14030,HAS_BLOCK
14030,14031,FLOW
14033,14031,HAS_BLOCK
14031,14033,RETURN
14033,14032,HAS_BLOCK
14032,14018,FLOW
14033,14018,HAS_BLOCK
14011,14012,HAS_PARAM
14011,14013,HAS_PARAM
14011,14014,HAS_PARAM
14011,13978,HAS_BLOCK
13978,13980,FLOW
14011,13980,HAS_BLOCK
13980,13996,FLOW
13980,14073,CALL
14011,13996,HAS_BLOCK
13996,13999,FLOW
13996,13994,FLOW
13996,13994,UNWIND
14011,13999,HAS_BLOCK
13999,14001,FLOW
13999,13994,FLOW
13999,13994,UNWIND
14011,14001,HAS_BLOCK
14001,14003,FLOW
14001,13994,FLOW
14001,13994,UNWIND
14011,14003,HAS_BLOCK
14003,14005,FLOW
14003,13994,FLOW
14003,13994,UNWIND
14011,14005,HAS_BLOCK
14005,14007,FLOW
14005,13993,FLOW
14005,13993,UNWIND
14011,14007,HAS_BLOCK
14007,14009,FLOW
14007,14008,FLOW
14011,14008,HAS_BLOCK
14008,13991,FLOW
14008,13994,FLOW
14008,13994,UNWIND
14011,14009,HAS_BLOCK
14009,13981,FLOW
14009,13993,FLOW
14009,13993,UNWIND
14011,13981,HAS_BLOCK
13981,13983,FLOW
13981,13993,FLOW
13981,13993,UNWIND
14011,13983,HAS_BLOCK
13983,13985,FLOW
13983,13993,FLOW
13983,13993,UNWIND
14011,13985,HAS_BLOCK
13985,13987,FLOW
13985,13993,FLOW
13985,13993,UNWIND
14011,13987,HAS_BLOCK
13987,13989,FLOW
13987,13993,FLOW
13987,13993,UNWIND
14011,13989,HAS_BLOCK
13989,13990,FLOW
13989,13994,FLOW
13989,13994,UNWIND
14011,13990,HAS_BLOCK
13990,13992,FLOW
14011,13991,HAS_BLOCK
13991,13992,FLOW
14011,13992,HAS_BLOCK
13992,14011,RETURN
14011,13993,HAS_BLOCK
13993,13994,FLOW
14011,13994,HAS_BLOCK
13994,13997,FLOW
14011,13997,HAS_BLOCK
13975,13976,HAS_PARAM
13975,13977,HAS_PARAM
13975,13964,HAS_BLOCK
13964,13966,FLOW
13975,13966,HAS_BLOCK
13966,13968,FLOW
13966,13967,FLOW
13975,13967,HAS_BLOCK
13967,13974,FLOW
13975,13968,HAS_BLOCK
13968,13970,FLOW
13975,13970,HAS_BLOCK
13970,13972,FLOW
13970,13971,FLOW
13975,13971,HAS_BLOCK
13971,13974,FLOW
13975,13972,HAS_BLOCK
13972,13974,FLOW
13975,13974,HAS_BLOCK
13974,13975,RETURN
14073,14074,HAS_PARAM
14073,14037,HAS_BLOCK
14037,14039,FLOW
14073,14039,HAS_BLOCK
14039,14056,FLOW
14039,14040,FLOW
14039,14060,FLOW
14073,14056,HAS_BLOCK
14056,14062,FLOW
14073,14062,HAS_BLOCK
14062,14063,FLOW
14073,14063,HAS_BLOCK
14063,14065,FLOW
14073,14065,HAS_BLOCK
14065,14067,FLOW
14073,14067,HAS_BLOCK
14067,14068,FLOW
14067,14040,FLOW
14067,14060,FLOW
14073,14068,HAS_BLOCK
14068,14069,FLOW
14073,14069,HAS_BLOCK
14069,14071,FLOW
14073,14071,HAS_BLOCK
14071,14059,FLOW
14073,14040,HAS_BLOCK
14040,14042,FLOW
14073,14042,HAS_BLOCK
14042,14043,FLOW
14042,14057,FLOW
14042,14060,FLOW
14073,14043,HAS_BLOCK
14043,14045,FLOW
14073,14045,HAS_BLOCK
14045,14046,FLOW
14073,14046,HAS_BLOCK
14046,14048,FLOW
14073,14048,HAS_BLOCK
14048,14050,FLOW
14073,14050,HAS_BLOCK
14050,14051,FLOW
14050,14057,FLOW
14050,14060,FLOW
14073,14051,HAS_BLOCK
14051,14052,FLOW
14073,14052,HAS_BLOCK
14052,14054,FLOW
14073,14054,HAS_BLOCK
14054,14059,FLOW
14073,14057,HAS_BLOCK
14057,14059,FLOW
14073,14059,HAS_BLOCK
14059,14073,RETURN
14073,14060,HAS_BLOCK
14491,14492,HAS_PARAM
14491,14375,HAS_BLOCK
14375,14377,FLOW
14491,14377,HAS_BLOCK
14377,14394,FLOW
14491,14394,HAS_BLOCK
14394,14431,FLOW
14394,14450,FLOW
14394,14412,FLOW
14491,14412,HAS_BLOCK
14491,14431,HAS_BLOCK
14431,14469,FLOW
14431,14476,FLOW
14431,14476,UNWIND
14491,14450,HAS_BLOCK
14450,14473,FLOW
14491,14469,HAS_BLOCK
14469,14481,FLOW
14469,14475,FLOW
14469,14475,UNWIND
14491,14481,HAS_BLOCK
14481,14487,FLOW
14481,14475,FLOW
14481,14475,UNWIND
14491,14487,HAS_BLOCK
14487,14489,FLOW
14487,14475,FLOW
14487,14475,UNWIND
14491,14489,HAS_BLOCK
14489,14378,FLOW
14489,14475,FLOW
14489,14475,UNWIND
14491,14378,HAS_BLOCK
14378,14379,FLOW
14491,14379,HAS_BLOCK
14379,14381,FLOW
14379,14475,FLOW
14379,14475,UNWIND
14491,14381,HAS_BLOCK
14381,14383,FLOW
14381,14382,FLOW
14381,14412,FLOW
14491,14382,HAS_BLOCK
14382,14384,FLOW
14382,14379,FLOW
14491,14383,HAS_BLOCK
14383,14473,FLOW
14491,14384,HAS_BLOCK
14384,14386,FLOW
14384,14475,FLOW
14384,14475,UNWIND
14491,14386,HAS_BLOCK
14386,14388,FLOW
14386,14475,FLOW
14386,14475,UNWIND
14491,14388,HAS_BLOCK
14388,14389,FLOW
14388,14379,FLOW
14491,14389,HAS_BLOCK
14389,14391,FLOW
14389,14475,FLOW
14389,14475,UNWIND
14491,14391,HAS_BLOCK
14391,14395,FLOW
14391,14475,FLOW
14391,14475,UNWIND
14491,14395,HAS_BLOCK
14395,14397,FLOW
14395,14474,FLOW
14395,14474,UNWIND
14491,14397,HAS_BLOCK
14397,14405,FLOW
14397,14398,FLOW
14491,14398,HAS_BLOCK
14398,14400,FLOW
14398,14474,FLOW
14398,14474,UNWIND
14491,14400,HAS_BLOCK
14400,14402,FLOW
14400,14474,FLOW
14400,14474,UNWIND
14491,14402,HAS_BLOCK
14402,14404,FLOW
14402,14474,FLOW
14402,14474,UNWIND
14491,14404,HAS_BLOCK
14404,14470,FLOW
14491,14405,HAS_BLOCK
14405,14407,FLOW
14405,14474,FLOW
14405,14474,UNWIND
14491,14407,HAS_BLOCK
14407,14409,FLOW
14407,14474,FLOW
14407,14474,UNWIND
14491,14409,HAS_BLOCK
14409,14411,FLOW
14409,14474,FLOW
14409,14474,UNWIND
14491,14411,HAS_BLOCK
14411,14413,FLOW
14411,14415,FLOW
14411,14412,FLOW
14491,14413,HAS_BLOCK
14413,14417,FLOW
14413,14474,FLOW
14413,14474,UNWIND
14491,14415,HAS_BLOCK
14415,14482,FLOW
14415,14474,FLOW
14415,14474,UNWIND
14491,14417,HAS_BLOCK
14417,14419,FLOW
14417,14474,FLOW
14417,14474,UNWIND
14417,14221,CALL
14491,14419,HAS_BLOCK
14419,14421,FLOW
14419,14474,FLOW
14419,14474,UNWIND
14491,14421,HAS_BLOCK
14421,14422,FLOW
14421,14424,FLOW
14421,14412,FLOW
14491,14422,HAS_BLOCK
14422,14426,FLOW
14422,14474,FLOW
14422,14474,UNWIND
14491,14424,HAS_BLOCK
14424,14483,FLOW
14424,14474,FLOW
14424,14474,UNWIND
14491,14426,HAS_BLOCK
14426,14427,FLOW
14426,14474,FLOW
14426,14474,UNWIND
14491,14427,HAS_BLOCK
14427,14429,FLOW
14427,14474,FLOW
14427,14474,UNWIND
14491,14429,HAS_BLOCK
14429,14432,FLOW
14429,14474,FLOW
14429,14474,UNWIND
14491,14432,HAS_BLOCK
14432,14434,FLOW
14432,14474,FLOW
14432,14474,UNWIND
14491,14434,HAS_BLOCK
14434,14435,FLOW
14434,14437,FLOW
14434,14412,FLOW
14491,14435,HAS_BLOCK
14435,14439,FLOW
14435,14474,FLOW
14435,14474,UNWIND
14491,14437,HAS_BLOCK
14437,14484,FLOW
14437,14474,FLOW
14437,14474,UNWIND
14491,14439,HAS_BLOCK
14439,14440,FLOW
14439,14474,FLOW
14439,14474,UNWIND
14491,14440,HAS_BLOCK
14440,14442,FLOW
14440,14474,FLOW
14440,14474,UNWIND
14491,14442,HAS_BLOCK
14442,14444,FLOW
14442,14474,FLOW
14442,14474,UNWIND
14491,14444,HAS_BLOCK
14444,14446,FLOW
14444,14474,FLOW
14444,14474,UNWIND
14491,14446,HAS_BLOCK
14446,14447,FLOW
14446,14451,FLOW
14446,14412,FLOW
14491,14447,HAS_BLOCK
14447,14453,FLOW
14447,14474,FLOW
14447,14474,UNWIND
14491,14451,HAS_BLOCK
14451,14485,FLOW
14451,14474,FLOW
14451,14474,UNWIND
14491,14453,HAS_BLOCK
14453,14454,FLOW
14453,14474,FLOW
14453,14474,UNWIND
14491,14454,HAS_BLOCK
14454,14456,FLOW
14454,14474,FLOW
14454,14474,UNWIND
14491,14456,HAS_BLOCK
14456,14458,FLOW
14456,14474,FLOW
14456,14474,UNWIND
14491,14458,HAS_BLOCK
14458,14460,FLOW
14458,14479,FLOW
14458,14479,UNWIND
14491,14460,HAS_BLOCK
14460,14461,FLOW
14460,14479,FLOW
14460,14479,UNWIND
14491,14461,HAS_BLOCK
14461,14463,FLOW
14461,14479,FLOW
14461,14479,UNWIND
14491,14463,HAS_BLOCK
14463,14465,FLOW
14463,14479,FLOW
14463,14479,UNWIND
14491,14465,HAS_BLOCK
14465,14467,FLOW
14465,14479,FLOW
14465,14479,UNWIND
14491,14467,HAS_BLOCK
14467,14379,FLOW
14467,14475,FLOW
14467,14475,UNWIND
14491,14470,HAS_BLOCK
14470,14471,FLOW
14470,14475,FLOW
14470,14475,UNWIND
14491,14471,HAS_BLOCK
14471,14472,FLOW
14471,14476,FLOW
14471,14476,UNWIND
14491,14472,HAS_BLOCK
14472,14473,FLOW
14491,14473,HAS_BLOCK
14473,14491,RETURN
14491,14474,HAS_BLOCK
14474,14475,FLOW
14491,14475,HAS_BLOCK
14475,14476,FLOW
14491,14476,HAS_BLOCK
14476,14477,FLOW
14491,14477,HAS_BLOCK
14491,14478,HAS_BLOCK
14478,14474,FLOW
14491,14479,HAS_BLOCK
14479,14474,FLOW
14479,14478,FLOW
14491,14482,HAS_BLOCK
14482,14470,FLOW
14491,14483,HAS_BLOCK
14483,14470,FLOW
14491,14484,HAS_BLOCK
14484,14470,FLOW
14491,14485,HAS_BLOCK
14485,14470,FLOW
14373,14374,HAS_PARAM
14373,14289,HAS_BLOCK
14289,14291,FLOW
14373,14291,HAS_BLOCK
14291,14308,FLOW
14373,14308,HAS_BLOCK
14308,14345,FLOW
14308,14359,FLOW
14308,14326,FLOW
14373,14326,HAS_BLOCK
14373,14345,HAS_BLOCK
14345,14365,FLOW
14345,14357,FLOW
14345,14357,UNWIND
14373,14359,HAS_BLOCK
14359,14354,FLOW
14373,14365,HAS_BLOCK
14365,14367,FLOW
14365,14356,FLOW
14365,14356,UNWIND
14373,14367,HAS_BLOCK
14367,14369,FLOW
14367,14356,FLOW
14367,14356,UNWIND
14373,14369,HAS_BLOCK
14369,14371,FLOW
14369,14356,FLOW
14369,14356,UNWIND
14373,14371,HAS_BLOCK
14371,14292,FLOW
14371,14356,FLOW
14371,14356,UNWIND
14373,14292,HAS_BLOCK
14292,14293,FLOW
14373,14293,HAS_BLOCK
14293,14295,FLOW
14293,14356,FLOW
14293,14356,UNWIND
14373,14295,HAS_BLOCK
14295,14297,FLOW
14295,14296,FLOW
14295,14326,FLOW
14373,14296,HAS_BLOCK
14296,14298,FLOW
14296,14293,FLOW
14373,14297,HAS_BLOCK
14297,14354,FLOW
14373,14298,HAS_BLOCK
14298,14300,FLOW
14298,14356,FLOW
14298,14356,UNWIND
14373,14300,HAS_BLOCK
14300,14302,FLOW
14300,14356,FLOW
14300,14356,UNWIND
14373,14302,HAS_BLOCK
14302,14303,FLOW
14302,14293,FLOW
14373,14303,HAS_BLOCK
14303,14305,FLOW
14303,14356,FLOW
14303,14356,UNWIND
14373,14305,HAS_BLOCK
14305,14309,FLOW
14305,14356,FLOW
14305,14356,UNWIND
14373,14309,HAS_BLOCK
14309,14311,FLOW
14309,14355,FLOW
14309,14355,UNWIND
14373,14311,HAS_BLOCK
14311,14319,FLOW
14311,14312,FLOW
14373,14312,HAS_BLOCK
14312,14314,FLOW
14312,14355,FLOW
14312,14355,UNWIND
14373,14314,HAS_BLOCK
14314,14316,FLOW
14314,14355,FLOW
14314,14355,UNWIND
14373,14316,HAS_BLOCK
14316,14318,FLOW
14316,14355,FLOW
14316,14355,UNWIND
14373,14318,HAS_BLOCK
14318,14351,FLOW
14373,14319,HAS_BLOCK
14319,14321,FLOW
14319,14355,FLOW
14319,14355,UNWIND
14373,14321,HAS_BLOCK
14321,14323,FLOW
14321,14355,FLOW
14321,14355,UNWIND
14373,14323,HAS_BLOCK
14323,14325,FLOW
14323,14355,FLOW
14323,14355,UNWIND
14373,14325,HAS_BLOCK
14325,14327,FLOW
14325,14329,FLOW
14325,14326,FLOW
14373,14327,HAS_BLOCK
14327,14331,FLOW
14327,14355,FLOW
14327,14355,UNWIND
14373,14329,HAS_BLOCK
14329,14361,FLOW
14329,14355,FLOW
14329,14355,UNWIND
14373,14331,HAS_BLOCK
14331,14333,FLOW
14331,14355,FLOW
14331,14355,UNWIND
14373,14333,HAS_BLOCK
14333,14335,FLOW
14333,14355,FLOW
14333,14355,UNWIND
14373,14335,HAS_BLOCK
14335,14336,FLOW
14335,14338,FLOW
14335,14326,FLOW
14373,14336,HAS_BLOCK
14336,14340,FLOW
14336,14355,FLOW
14336,14355,UNWIND
14373,14338,HAS_BLOCK
14338,14362,FLOW
14338,14355,FLOW
14338,14355,UNWIND
14373,14340,HAS_BLOCK
14340,14342,FLOW
14340,14355,FLOW
14340,14355,UNWIND
14340,14155,CALL
14373,14342,HAS_BLOCK
14342,14344,FLOW
14342,14355,FLOW
14342,14355,UNWIND
14373,14344,HAS_BLOCK
14344,14346,FLOW
14344,14348,FLOW
14344,14326,FLOW
14373,14346,HAS_BLOCK
14346,14350,FLOW
14346,14355,FLOW
14346,14355,UNWIND
14373,14348,HAS_BLOCK
14348,14363,FLOW
14348,14355,FLOW
14348,14355,UNWIND
14373,14350,HAS_BLOCK
14350,14293,FLOW
14350,14356,FLOW
14350,14356,UNWIND
14373,14351,HAS_BLOCK
14351,14352,FLOW
14351,14356,FLOW
14351,14356,UNWIND
14373,14352,HAS_BLOCK
14352,14353,FLOW
14352,14357,FLOW
14352,14357,UNWIND
14373,14353,HAS_BLOCK
14353,14354,FLOW
14373,14354,HAS_BLOCK
14354,14373,RETURN
14373,14355,HAS_BLOCK
14355,14356,FLOW
14373,14356,HAS_BLOCK
14356,14357,FLOW
14373,14357,HAS_BLOCK
14357,14360,FLOW
14373,14360,HAS_BLOCK
14373,14361,HAS_BLOCK
14361,14351,FLOW
14373,14362,HAS_BLOCK
14362,14351,FLOW
14373,14363,HAS_BLOCK
14363,14351,FLOW
14221,14222,HAS_PARAM
14221,14157,HAS_BLOCK
14157,14206,FLOW
14221,14159,HAS_BLOCK
14159,14207,FLOW
14221,14176,HAS_BLOCK
14176,14212,FLOW
14221,14191,HAS_BLOCK
14191,14205,FLOW
14221,14203,HAS_BLOCK
14203,14212,FLOW
14221,14213,HAS_BLOCK
14213,14204,FLOW
14221,14215,HAS_BLOCK
14215,14212,FLOW
14221,14216,HAS_BLOCK
14216,14201,FLOW
14221,14218,HAS_BLOCK
14218,14212,FLOW
14221,14219,HAS_BLOCK
14219,14200,FLOW
14221,14160,HAS_BLOCK
14160,14212,FLOW
14221,14161,HAS_BLOCK
14161,14199,FLOW
14221,14163,HAS_BLOCK
14163,14212,FLOW
14221,14164,HAS_BLOCK
14164,14198,FLOW
14221,14166,HAS_BLOCK
14166,14212,FLOW
14221,14167,HAS_BLOCK
14167,14197,FLOW
14221,14169,HAS_BLOCK
14169,14212,FLOW
14221,14170,HAS_BLOCK
14170,14196,FLOW
14221,14172,HAS_BLOCK
14172,14212,FLOW
14221,14173,HAS_BLOCK
14173,14195,FLOW
14221,14177,HAS_BLOCK
14177,14212,FLOW
14221,14178,HAS_BLOCK
14178,14194,FLOW
14221,14180,HAS_BLOCK
14180,14212,FLOW
14221,14181,HAS_BLOCK
14181,14193,FLOW
14221,14183,HAS_BLOCK
14183,14212,FLOW
14221,14184,HAS_BLOCK
14184,14192,FLOW
14221,14186,HAS_BLOCK
14186,14212,FLOW
14221,14187,HAS_BLOCK
14187,14190,FLOW
14221,14189,HAS_BLOCK
14189,14212,FLOW
14221,14190,HAS_BLOCK
14190,14159,FLOW
14190,14189,FLOW
14221,14192,HAS_BLOCK
14192,14187,FLOW
14192,14186,FLOW
14221,14193,HAS_BLOCK
14193,14184,FLOW
14193,14183,FLOW
14221,14194,HAS_BLOCK
14194,14181,FLOW
14194,14180,FLOW
14221,14195,HAS_BLOCK
14195,14178,FLOW
14195,14177,FLOW
14221,14196,HAS_BLOCK
14196,14173,FLOW
14196,14172,FLOW
14221,14197,HAS_BLOCK
14197,14170,FLOW
14197,14169,FLOW
14221,14198,HAS_BLOCK
14198,14167,FLOW
14198,14166,FLOW
14221,14199,HAS_BLOCK
14199,14164,FLOW
14199,14163,FLOW
14221,14200,HAS_BLOCK
14200,14161,FLOW
14200,14160,FLOW
14221,14201,HAS_BLOCK
14201,14219,FLOW
14201,14218,FLOW
14221,14204,HAS_BLOCK
14204,14216,FLOW
14204,14215,FLOW
14221,14205,HAS_BLOCK
14205,14213,FLOW
14205,14203,FLOW
14221,14206,HAS_BLOCK
14206,14191,FLOW
14206,14176,FLOW
14221,14207,HAS_BLOCK
14207,14209,FLOW
14221,14209,HAS_BLOCK
14209,14211,FLOW
14221,14211,HAS_BLOCK
14211,14212,FLOW
14221,14212,HAS_BLOCK
14212,14221,RETURN
14155,14156,HAS_PARAM
14155,14075,HAS_BLOCK
14075,14141,FLOW
14155,14077,HAS_BLOCK
14077,14142,FLOW
14155,14094,HAS_BLOCK
14094,14147,FLOW
14155,14110,HAS_BLOCK
14110,14140,FLOW
14155,14125,HAS_BLOCK
14125,14147,FLOW
14155,14136,HAS_BLOCK
14136,14139,FLOW
14155,14149,HAS_BLOCK
14149,14147,FLOW
14155,14150,HAS_BLOCK
14150,14138,FLOW
14155,14152,HAS_BLOCK
14152,14147,FLOW
14155,14153,HAS_BLOCK
14153,14137,FLOW
14155,14078,HAS_BLOCK
14078,14147,FLOW
14155,14079,HAS_BLOCK
14079,14135,FLOW
14155,14081,HAS_BLOCK
14081,14147,FLOW
14155,14082,HAS_BLOCK
14082,14134,FLOW
14155,14084,HAS_BLOCK
14084,14147,FLOW
14155,14085,HAS_BLOCK
14085,14133,FLOW
14155,14087,HAS_BLOCK
14087,14147,FLOW
14155,14088,HAS_BLOCK
14088,14132,FLOW
14155,14090,HAS_BLOCK
14090,14147,FLOW
14155,14091,HAS_BLOCK
14091,14131,FLOW
14155,14095,HAS_BLOCK
14095,14147,FLOW
14155,14096,HAS_BLOCK
14096,14130,FLOW
14155,14098,HAS_BLOCK
14098,14147,FLOW
14155,14099,HAS_BLOCK
14099,14129,FLOW
14155,14101,HAS_BLOCK
14101,14147,FLOW
14155,14102,HAS_BLOCK
14102,14128,FLOW
14155,14104,HAS_BLOCK
14104,14147,FLOW
14155,14105,HAS_BLOCK
14105,14127,FLOW
14155,14107,HAS_BLOCK
14107,14147,FLOW
14155,14108,HAS_BLOCK
14108,14126,FLOW
14155,14111,HAS_BLOCK
14111,14147,FLOW
14155,14112,HAS_BLOCK
14112,14123,FLOW
14155,14114,HAS_BLOCK
14114,14147,FLOW
14155,14115,HAS_BLOCK
14115,14122,FLOW
14155,14117,HAS_BLOCK
14117,14147,FLOW
14155,14118,HAS_BLOCK
14118,14121,FLOW
14155,14120,HAS_BLOCK
14120,14147,FLOW
14155,14121,HAS_BLOCK
14121,14077,FLOW
14121,14120,FLOW
14155,14122,HAS_BLOCK
14122,14118,FLOW
14122,14117,FLOW
14155,14123,HAS_BLOCK
14123,14115,FLOW
14123,14114,FLOW
14155,14126,HAS_BLOCK
14126,14112,FLOW
14126,14111,FLOW
14155,14127,HAS_BLOCK
14127,14108,FLOW
14127,14107,FLOW
14155,14128,HAS_BLOCK
14128,14105,FLOW
14128,14104,FLOW
14155,14129,HAS_BLOCK
14129,14102,FLOW
14129,14101,FLOW
14155,14130,HAS_BLOCK
14130,14099,FLOW
14130,14098,FLOW
14155,14131,HAS_BLOCK
14131,14096,FLOW
14131,14095,FLOW
14155,14132,HAS_BLOCK
14132,14091,FLOW
14132,14090,FLOW
14155,14133,HAS_BLOCK
14133,14088,FLOW
14133,14087,FLOW
14155,14134,HAS_BLOCK
14134,14085,FLOW
14134,14084,FLOW
14155,14135,HAS_BLOCK
14135,14082,FLOW
14135,14081,FLOW
14155,14137,HAS_BLOCK
14137,14079,FLOW
14137,14078,FLOW
14155,14138,HAS_BLOCK
14138,14153,FLOW
14138,14152,FLOW
14155,14139,HAS_BLOCK
14139,14150,FLOW
14139,14149,FLOW
14155,14140,HAS_BLOCK
14140,14136,FLOW
14140,14125,FLOW
14155,14141,HAS_BLOCK
14141,14110,FLOW
14141,14094,FLOW
14155,14142,HAS_BLOCK
14142,14144,FLOW
14155,14144,HAS_BLOCK
14144,14146,FLOW
14155,14146,HAS_BLOCK
14146,14147,FLOW
14155,14147,HAS_BLOCK
14147,14155,RETURN
13139,13140,HAS_FIELD
13144,13146,HAS_FIELD
13144,13145,HAS_FIELD
13515,13516,HAS_PARAM
13515,13517,HAS_PARAM
13515,13437,HAS_BLOCK
13437,13439,FLOW
13515,13439,HAS_BLOCK
13439,13459,FLOW
13515,13459,HAS_BLOCK
13459,13496,FLOW
13459,13506,FLOW
13459,13478,FLOW
13515,13478,HAS_BLOCK
13515,13496,HAS_BLOCK
13496,13508,FLOW
13515,13506,HAS_BLOCK
13506,13497,FLOW
13515,13508,HAS_BLOCK
13508,13510,FLOW
13508,13434,CALL
13515,13510,HAS_BLOCK
13510,13512,FLOW
13515,13512,HAS_BLOCK
13512,13513,FLOW
13512,13440,FLOW
13512,13478,FLOW
13515,13513,HAS_BLOCK
13513,13442,FLOW
13515,13440,HAS_BLOCK
13440,13497,FLOW
13515,13442,HAS_BLOCK
13442,13444,FLOW
13442,13331,CALL
13515,13444,HAS_BLOCK
13444,13446,FLOW
13515,13446,HAS_BLOCK
13446,13447,FLOW
13446,13449,FLOW
13446,13478,FLOW
13515,13447,HAS_BLOCK
13447,13451,FLOW
13447,13364,CALL
13515,13449,HAS_BLOCK
13449,13497,FLOW
13515,13451,HAS_BLOCK
13451,13453,FLOW
13515,13453,HAS_BLOCK
13453,13454,FLOW
13453,13456,FLOW
13453,13478,FLOW
13515,13454,HAS_BLOCK
13454,13460,FLOW
13515,13456,HAS_BLOCK
13456,13497,FLOW
13515,13460,HAS_BLOCK
13460,13462,FLOW
13460,13504,FLOW
13460,13504,UNWIND
13515,13462,HAS_BLOCK
13462,13464,FLOW
13462,13504,FLOW
13462,13504,UNWIND
13462,13279,CALL
13515,13464,HAS_BLOCK
13464,13466,FLOW
13515,13466,HAS_BLOCK
13466,13467,FLOW
13466,13469,FLOW
13466,13478,FLOW
13515,13467,HAS_BLOCK
13467,13471,FLOW
13515,13469,HAS_BLOCK
13469,13497,FLOW
13515,13471,HAS_BLOCK
13471,13473,FLOW
13471,13502,FLOW
13471,13502,UNWIND
13515,13473,HAS_BLOCK
13473,13475,FLOW
13473,13502,FLOW
13473,13502,UNWIND
13473,13279,CALL
13515,13475,HAS_BLOCK
13475,13477,FLOW
13515,13477,HAS_BLOCK
13477,13479,FLOW
13477,13481,FLOW
13477,13478,FLOW
13515,13479,HAS_BLOCK
13479,13483,FLOW
13515,13481,HAS_BLOCK
13481,13497,FLOW
13515,13483,HAS_BLOCK
13483,13485,FLOW
13515,13485,HAS_BLOCK
13485,13487,FLOW
13515,13487,HAS_BLOCK
13487,13488,FLOW
13487,13490,FLOW
13487,13478,FLOW
13515,13488,HAS_BLOCK
13488,13493,FLOW
13488,13500,FLOW
13488,13500,UNWIND
13515,13490,HAS_BLOCK
13490,13492,FLOW
13515,13492,HAS_BLOCK
13492,13497,FLOW
13515,13493,HAS_BLOCK
13493,13495,FLOW
13493,13500,FLOW
13493,13500,UNWIND
13515,13495,HAS_BLOCK
13495,13497,FLOW
13515,13497,HAS_BLOCK
13497,13515,RETURN
13515,13498,HAS_BLOCK
13515,13499,HAS_BLOCK
13499,13498,FLOW
13515,13500,HAS_BLOCK
13500,13498,FLOW
13500,13499,FLOW
13515,13501,HAS_BLOCK
13501,13498,FLOW
13515,13502,HAS_BLOCK
13502,13498,FLOW
13502,13501,FLOW
13515,13503,HAS_BLOCK
13503,13498,FLOW
13515,13504,HAS_BLOCK
13504,13498,FLOW
13504,13503,FLOW
13434,13435,HAS_PARAM
13434,13436,HAS_PARAM
13434,13366,HAS_BLOCK
13366,13368,FLOW
13434,13368,HAS_BLOCK
13368,13387,FLOW
13434,13387,HAS_BLOCK
13387,13409,FLOW
13434,13409,HAS_BLOCK
13409,13425,FLOW
13409,13427,FLOW
13409,13421,FLOW
13434,13421,HAS_BLOCK
13434,13425,HAS_BLOCK
13425,13429,FLOW
13425,13422,FLOW
13425,13422,UNWIND
13434,13427,HAS_BLOCK
13427,13418,FLOW
13434,13429,HAS_BLOCK
13429,13431,FLOW
13429,13422,FLOW
13429,13422,UNWIND
13434,13431,HAS_BLOCK
13431,13433,FLOW
13431,13422,FLOW
13431,13422,UNWIND
13434,13433,HAS_BLOCK
13433,13369,FLOW
13433,13371,FLOW
13433,13421,FLOW
13434,13369,HAS_BLOCK
13369,13373,FLOW
13369,13422,FLOW
13369,13422,UNWIND
13434,13371,HAS_BLOCK
13371,13424,FLOW
13371,13422,FLOW
13371,13422,UNWIND
13434,13373,HAS_BLOCK
13373,13374,FLOW
13434,13374,HAS_BLOCK
13374,13376,FLOW
13374,13422,FLOW
13374,13422,UNWIND
13434,13376,HAS_BLOCK
13376,13379,FLOW
13376,13377,FLOW
13376,13421,FLOW
13434,13377,HAS_BLOCK
13377,13380,FLOW
13377,13422,FLOW
13377,13422,UNWIND
13434,13379,HAS_BLOCK
13379,13418,FLOW
13434,13380,HAS_BLOCK
13380,13382,FLOW
13380,13422,FLOW
13380,13422,UNWIND
13380,13249,CALL
13434,13382,HAS_BLOCK
13382,13384,FLOW
13382,13420,FLOW
13382,13420,UNWIND
13434,13384,HAS_BLOCK
13384,13388,FLOW
13384,13420,FLOW
13384,13420,UNWIND
13384,13249,CALL
13434,13388,HAS_BLOCK
13388,13390,FLOW
13388,13419,FLOW
13388,13419,UNWIND
13388,13224,CALL
13434,13390,HAS_BLOCK
13390,13392,FLOW
13390,13419,FLOW
13390,13419,UNWIND
13434,13392,HAS_BLOCK
13392,13394,FLOW
13392,13419,FLOW
13392,13419,UNWIND
13434,13394,HAS_BLOCK
13394,13396,FLOW
13394,13419,FLOW
13394,13419,UNWIND
13434,13396,HAS_BLOCK
13396,13398,FLOW
13396,13419,FLOW
13396,13419,UNWIND
13434,13398,HAS_BLOCK
13398,13400,FLOW
13398,13419,FLOW
13398,13419,UNWIND
13434,13400,HAS_BLOCK
13400,13402,FLOW
13400,13419,FLOW
13400,13419,UNWIND
13434,13402,HAS_BLOCK
13402,13404,FLOW
13402,13419,FLOW
13402,13419,UNWIND
13434,13404,HAS_BLOCK
13404,13406,FLOW
13404,13419,FLOW
13404,13419,UNWIND
13434,13406,HAS_BLOCK
13406,13410,FLOW
13406,13419,FLOW
13406,13419,UNWIND
13434,13410,HAS_BLOCK
13410,13411,FLOW
13410,13412,FLOW
13410,13421,FLOW
13434,13411,HAS_BLOCK
13411,13415,FLOW
13411,13420,FLOW
13411,13420,UNWIND
13434,13412,HAS_BLOCK
13412,13414,FLOW
13412,13419,FLOW
13412,13419,UNWIND
13434,13414,HAS_BLOCK
13414,13416,FLOW
13414,13420,FLOW
13414,13420,UNWIND
13434,13415,HAS_BLOCK
13415,13374,FLOW
13415,13422,FLOW
13415,13422,UNWIND
13434,13416,HAS_BLOCK
13416,13417,FLOW
13416,13422,FLOW
13416,13422,UNWIND
13434,13417,HAS_BLOCK
13417,13418,FLOW
13434,13418,HAS_BLOCK
13418,13434,RETURN
13434,13419,HAS_BLOCK
13419,13420,FLOW
13434,13420,HAS_BLOCK
13420,13422,FLOW
13434,13422,HAS_BLOCK
13422,13423,FLOW
13434,13423,HAS_BLOCK
13434,13424,HAS_BLOCK
13424,13417,FLOW
13331,13332,HAS_PARAM
13331,13333,HAS_PARAM
13331,13282,HAS_BLOCK
13282,13284,FLOW
13331,13284,HAS_BLOCK
13284,13303,FLOW
13331,13303,HAS_BLOCK
13303,13319,FLOW
13331,13319,HAS_BLOCK
13319,13322,FLOW
13319,13324,FLOW
13319,13321,FLOW
13331,13321,HAS_BLOCK
13331,13322,HAS_BLOCK
13322,13326,FLOW
13322,13315,FLOW
13322,13315,UNWIND
13331,13324,HAS_BLOCK
13324,13314,FLOW
13331,13326,HAS_BLOCK
13326,13328,FLOW
13326,13315,FLOW
13326,13315,UNWIND
13331,13328,HAS_BLOCK
13328,13330,FLOW
13328,13315,FLOW
13328,13315,UNWIND
13331,13330,HAS_BLOCK
13330,13285,FLOW
13330,13287,FLOW
13330,13321,FLOW
13331,13285,HAS_BLOCK
13285,13289,FLOW
13285,13315,FLOW
13285,13315,UNWIND
13331,13287,HAS_BLOCK
13287,13317,FLOW
13287,13315,FLOW
13287,13315,UNWIND
13331,13289,HAS_BLOCK
13289,13290,FLOW
13331,13290,HAS_BLOCK
13290,13292,FLOW
13290,13315,FLOW
13290,13315,UNWIND
13331,13292,HAS_BLOCK
13292,13295,FLOW
13292,13293,FLOW
13292,13321,FLOW
13331,13293,HAS_BLOCK
13293,13296,FLOW
13293,13315,FLOW
13293,13315,UNWIND
13293,13205,CALL
13331,13295,HAS_BLOCK
13295,13314,FLOW
13331,13296,HAS_BLOCK
13296,13298,FLOW
13296,13315,FLOW
13296,13315,UNWIND
13331,13298,HAS_BLOCK
13298,13300,FLOW
13298,13315,FLOW
13298,13315,UNWIND
13331,13300,HAS_BLOCK
13300,13304,FLOW
13300,13315,FLOW
13300,13315,UNWIND
13331,13304,HAS_BLOCK
13304,13306,FLOW
13304,13315,FLOW
13304,13315,UNWIND
13331,13306,HAS_BLOCK
13306,13308,FLOW
13306,13315,FLOW
13306,13315,UNWIND
13331,13308,HAS_BLOCK
13308,13310,FLOW
13308,13315,FLOW
13308,13315,UNWIND
13331,13310,HAS_BLOCK
13310,13290,FLOW
13310,13311,FLOW
13310,13321,FLOW
13331,13311,HAS_BLOCK
13311,13320,FLOW
13311,13315,FLOW
13311,13315,UNWIND
13331,13313,HAS_BLOCK
13313,13314,FLOW
13331,13314,HAS_BLOCK
13314,13331,RETURN
13331,13315,HAS_BLOCK
13315,13316,FLOW
13331,13316,HAS_BLOCK
13331,13317,HAS_BLOCK
13317,13313,FLOW
13331,13320,HAS_BLOCK
13320,13313,FLOW
13224,13225,HAS_PARAM
13224,13207,HAS_BLOCK
13207,13214,FLOW
13207,13213,FLOW
13207,13212,FLOW
13207,13211,FLOW
13207,13210,FLOW
13207,13209,FLOW
13207,13223,FLOW
13207,13222,FLOW
13207,13221,FLOW
13207,13220,FLOW
13207,13219,FLOW
13207,13218,FLOW
13207,13217,FLOW
13207,13216,FLOW
13207,13208,FLOW
13224,13208,HAS_BLOCK
13224,13216,HAS_BLOCK
13216,13215,FLOW
13224,13217,HAS_BLOCK
13217,13215,FLOW
13224,13218,HAS_BLOCK
13218,13215,FLOW
13224,13219,HAS_BLOCK
13219,13215,FLOW
13224,13220,HAS_BLOCK
13220,13215,FLOW
13224,13221,HAS_BLOCK
13221,13215,FLOW
13224,13222,HAS_BLOCK
13222,13215,FLOW
13224,13223,HAS_BLOCK
13223,13215,FLOW
13224,13209,HAS_BLOCK
13209,13215,FLOW
13224,13210,HAS_BLOCK
13210,13215,FLOW
13224,13211,HAS_BLOCK
13211,13215,FLOW
13224,13212,HAS_BLOCK
13212,13215,FLOW
13224,13213,HAS_BLOCK
13213,13215,FLOW
13224,13214,HAS_BLOCK
13214,13215,FLOW
13224,13215,HAS_BLOCK
13215,13224,RETURN
13205,13206,HAS_PARAM
13205,13184,HAS_BLOCK
13184,13195,FLOW
13184,13194,FLOW
13184,13193,FLOW
13184,13192,FLOW
13184,13191,FLOW
13184,13190,FLOW
13184,13189,FLOW
13184,13188,FLOW
13184,13187,FLOW
13184,13186,FLOW
13184,13204,FLOW
13184,13203,FLOW
13184,13202,FLOW
13184,13201,FLOW
13184,13200,FLOW
13184,13199,FLOW
13184,13198,FLOW
13184,13196,FLOW
13184,13185,FLOW
13205,13185,HAS_BLOCK
13205,13196,HAS_BLOCK
13196,13197,FLOW
13205,13198,HAS_BLOCK
13198,13197,FLOW
13205,13199,HAS_BLOCK
13199,13197,FLOW
13205,13200,HAS_BLOCK
13200,13197,FLOW
13205,13201,HAS_BLOCK
13201,13197,FLOW
13205,13202,HAS_BLOCK
13202,13197,FLOW
13205,13203,HAS_BLOCK
13203,13197,FLOW
13205,13204,HAS_BLOCK
13204,13197,FLOW
13205,13186,HAS_BLOCK
13186,13197,FLOW
13205,13187,HAS_BLOCK
13187,13197,FLOW
13205,13188,HAS_BLOCK
13188,13197,FLOW
13205,13189,HAS_BLOCK
13189,13197,FLOW
13205,13190,HAS_BLOCK
13190,13197,FLOW
13205,13191,HAS_BLOCK
13191,13197,FLOW
13205,13192,HAS_BLOCK
13192,13197,FLOW
13205,13193,HAS_BLOCK
13193,13197,FLOW
13205,13194,HAS_BLOCK
13194,13197,FLOW
13205,13195,HAS_BLOCK
13195,13197,FLOW
13205,13197,HAS_BLOCK
13197,13205,RETURN
13249,13250,HAS_PARAM
13249,13226,HAS_BLOCK
13226,13228,FLOW
13249,13228,HAS_BLOCK
13228,13236,FLOW
13228,13233,FLOW
13228,13233,UNWIND
13249,13236,HAS_BLOCK
13236,13238,FLOW
13236,13233,FLOW
13236,13233,UNWIND
13249,13238,HAS_BLOCK
13238,13239,FLOW
13238,13232,FLOW
13238,13232,UNWIND
13249,13239,HAS_BLOCK
13239,13241,FLOW
13239,13232,FLOW
13239,13232,UNWIND
13249,13241,HAS_BLOCK
13241,13243,FLOW
13241,13232,FLOW
13241,13232,UNWIND
13249,13243,HAS_BLOCK
13243,13231,FLOW
13243,13244,FLOW
13249,13244,HAS_BLOCK
13244,13246,FLOW
13244,13232,FLOW
13244,13232,UNWIND
13249,13246,HAS_BLOCK
13246,13248,FLOW
13246,13232,FLOW
13246,13232,UNWIND
13249,13248,HAS_BLOCK
13248,13229,FLOW
13248,13230,FLOW
13248,13230,UNWIND
13249,13229,HAS_BLOCK
13229,13231,FLOW
13249,13230,HAS_BLOCK
13230,13232,FLOW
13249,13231,HAS_BLOCK
13231,13249,RETURN
13249,13232,HAS_BLOCK
13232,13234,FLOW
13249,13233,HAS_BLOCK
13233,13234,FLOW
13249,13234,HAS_BLOCK
13364,13365,HAS_PARAM
13364,13334,HAS_BLOCK
13334,13336,FLOW
13364,13336,HAS_BLOCK
13336,13350,FLOW
13336,13348,FLOW
13336,13348,UNWIND
13364,13350,HAS_BLOCK
13350,13352,FLOW
13350,13348,FLOW
13350,13348,UNWIND
13364,13352,HAS_BLOCK
13352,13354,FLOW
13364,13354,HAS_BLOCK
13354,13356,FLOW
13354,13358,FLOW
13354,13355,FLOW
13364,13355,HAS_BLOCK
13364,13356,HAS_BLOCK
13356,13360,FLOW
13364,13358,HAS_BLOCK
13358,13343,FLOW
13364,13360,HAS_BLOCK
13360,13362,FLOW
13360,13346,FLOW
13360,13346,UNWIND
13364,13362,HAS_BLOCK
13362,13337,FLOW
13362,13346,FLOW
13362,13346,UNWIND
13364,13337,HAS_BLOCK
13337,13339,FLOW
13364,13339,HAS_BLOCK
13339,13340,FLOW
13339,13341,FLOW
13339,13355,FLOW
13364,13340,HAS_BLOCK
13340,13343,FLOW
13364,13341,HAS_BLOCK
13341,13343,FLOW
13364,13343,HAS_BLOCK
13343,13364,RETURN
13364,13344,HAS_BLOCK
13364,13345,HAS_BLOCK
13345,13344,FLOW
13364,13346,HAS_BLOCK
13346,13344,FLOW
13346,13345,FLOW
13364,13347,HAS_BLOCK
13347,13344,FLOW
13364,13348,HAS_BLOCK
13348,13344,FLOW
13348,13347,FLOW
13279,13280,HAS_PARAM
13279,13281,HAS_PARAM
13279,13251,HAS_BLOCK
13251,13253,FLOW
13279,13253,HAS_BLOCK
13253,13267,FLOW
13279,13267,HAS_BLOCK
13267,13269,FLOW
13267,13271,FLOW
13267,13268,FLOW
13279,13268,HAS_BLOCK
13279,13269,HAS_BLOCK
13269,13273,FLOW
13269,13264,FLOW
13269,13264,UNWIND
13279,13271,HAS_BLOCK
13271,13263,FLOW
13279,13273,HAS_BLOCK
13273,13274,FLOW
13279,13274,HAS_BLOCK
13274,13276,FLOW
13274,13264,FLOW
13274,13264,UNWIND
13279,13276,HAS_BLOCK
13276,13254,FLOW
13276,13277,FLOW
13276,13268,FLOW
13279,13277,HAS_BLOCK
13277,13255,FLOW
13277,13264,FLOW
13277,13264,UNWIND
13279,13254,HAS_BLOCK
13254,13263,FLOW
13279,13255,HAS_BLOCK
13255,13257,FLOW
13255,13264,FLOW
13255,13264,UNWIND
13279,13257,HAS_BLOCK
13257,13259,FLOW
13257,13264,FLOW
13257,13264,UNWIND
13279,13259,HAS_BLOCK
13259,13274,FLOW
13259,13260,FLOW
13259,13268,FLOW
13279,13260,HAS_BLOCK
13260,13262,FLOW
13260,13264,FLOW
13260,13264,UNWIND
13279,13262,HAS_BLOCK
13262,13263,FLOW
13279,13263,HAS_BLOCK
13263,13279,RETURN
13279,13264,HAS_BLOCK
13264,13265,FLOW
13279,13265,HAS_BLOCK
14561,14565,HAS_FIELD
14561,14563,HAS_FIELD
14561,14562,HAS_FIELD
14561,14564,HAS_FIELD
14554,14557,HAS_FIELD
14554,14558,HAS_FIELD
14554,14560,HAS_FIELD
14554,14556,HAS_FIELD
14554,14559,HAS_FIELD
14554,14555,HAS_FIELD
14848,14849,HAS_PARAM
14848,14850,HAS_PARAM
14848,14811,HAS_BLOCK
14811,14813,FLOW
14848,14813,HAS_BLOCK
14813,14830,FLOW
14813,14977,CALL
14848,14830,HAS_BLOCK
14830,14837,FLOW
14848,14837,HAS_BLOCK
14837,14839,FLOW
14837,14841,FLOW
14837,14838,FLOW
14848,14838,HAS_BLOCK
14848,14839,HAS_BLOCK
14839,14843,FLOW
14839,14834,FLOW
14839,14834,UNWIND
14848,14841,HAS_BLOCK
14841,14827,FLOW
14848,14843,HAS_BLOCK
14843,14845,FLOW
14843,14834,FLOW
14843,14834,UNWIND
14843,15188,CALL
14848,14845,HAS_BLOCK
14845,14847,FLOW
14845,14834,FLOW
14845,14834,UNWIND
14848,14847,HAS_BLOCK
14847,14814,FLOW
14847,14816,FLOW
14847,14838,FLOW
14848,14814,HAS_BLOCK
14814,14818,FLOW
14814,14831,FLOW
14814,14831,UNWIND
14848,14816,HAS_BLOCK
14816,14835,FLOW
14816,14834,FLOW
14816,14834,UNWIND
14848,14818,HAS_BLOCK
14818,14820,FLOW
14818,14831,FLOW
14818,14831,UNWIND
14818,13515,CALL
14848,14820,HAS_BLOCK
14820,14822,FLOW
14820,14831,FLOW
14820,14831,UNWIND
14848,14822,HAS_BLOCK
14822,14823,FLOW
14822,14824,FLOW
14822,14838,FLOW
14848,14823,HAS_BLOCK
14823,14828,FLOW
14848,14824,HAS_BLOCK
14824,14826,FLOW
14824,14831,FLOW
14824,14831,UNWIND
14848,14826,HAS_BLOCK
14826,14827,FLOW
14826,14834,FLOW
14826,14834,UNWIND
14848,14827,HAS_BLOCK
14827,14828,FLOW
14848,14828,HAS_BLOCK
14828,14848,RETURN
14848,14831,HAS_BLOCK
14831,14834,FLOW
14848,14832,HAS_BLOCK
14848,14833,HAS_BLOCK
14833,14832,FLOW
14848,14834,HAS_BLOCK
14834,14832,FLOW
14834,14833,FLOW
14848,14835,HAS_BLOCK
14835,14827,FLOW
14977,14978,HAS_PARAM
14977,14979,HAS_PARAM
14977,14851,HAS_BLOCK
14851,14853,FLOW
14977,14853,HAS_BLOCK
14853,14873,FLOW
14977,14873,HAS_BLOCK
14873,14892,FLOW
14977,14892,HAS_BLOCK
14892,14911,FLOW
14892,14974,FLOW
14892,14974,UNWIND
14977,14911,HAS_BLOCK
14911,14930,FLOW
14911,14972,FLOW
14911,14972,UNWIND
14977,14930,HAS_BLOCK
14930,14946,FLOW
14930,14961,FLOW
14930,14961,UNWIND
14930,15070,CALL
14977,14946,HAS_BLOCK
14946,14958,FLOW
14946,14961,FLOW
14946,14961,UNWIND
14977,14958,HAS_BLOCK
14958,14969,FLOW
14977,14969,HAS_BLOCK
14969,14976,FLOW
14969,14960,FLOW
14969,14960,UNWIND
14977,14976,HAS_BLOCK
14976,14857,FLOW
14976,14855,FLOW
14976,14854,FLOW
14977,14854,HAS_BLOCK
14977,14855,HAS_BLOCK
14855,14858,FLOW
14855,14960,FLOW
14855,14960,UNWIND
14977,14857,HAS_BLOCK
14857,14883,FLOW
14857,14961,FLOW
14857,14961,UNWIND
14977,14858,HAS_BLOCK
14858,14860,FLOW
14858,14959,FLOW
14858,14959,UNWIND
14977,14860,HAS_BLOCK
14860,14862,FLOW
14860,14959,FLOW
14860,14959,UNWIND
14977,14862,HAS_BLOCK
14862,14864,FLOW
14862,14959,FLOW
14862,14959,UNWIND
14977,14864,HAS_BLOCK
14864,14866,FLOW
14864,14959,FLOW
14864,14959,UNWIND
14864,15835,CALL
14977,14866,HAS_BLOCK
14866,14868,FLOW
14866,14959,FLOW
14866,14959,UNWIND
14977,14868,HAS_BLOCK
14868,14870,FLOW
14868,14959,FLOW
14868,14959,UNWIND
14977,14870,HAS_BLOCK
14870,14874,FLOW
14870,14959,FLOW
14870,14959,UNWIND
14870,15291,CALL
14977,14874,HAS_BLOCK
14874,14876,FLOW
14874,14959,FLOW
14874,14959,UNWIND
14977,14876,HAS_BLOCK
14876,14877,FLOW
14876,14879,FLOW
14876,14854,FLOW
14977,14877,HAS_BLOCK
14877,14882,FLOW
14877,14959,FLOW
14877,14959,UNWIND
14977,14879,HAS_BLOCK
14879,14881,FLOW
14879,14959,FLOW
14879,14959,UNWIND
14977,14881,HAS_BLOCK
14881,14944,FLOW
14881,14960,FLOW
14881,14960,UNWIND
14977,14882,HAS_BLOCK
14882,14969,FLOW
14882,14960,FLOW
14882,14960,UNWIND
14977,14883,HAS_BLOCK
14883,14885,FLOW
14883,14961,FLOW
14883,14961,UNWIND
14977,14885,HAS_BLOCK
14885,14887,FLOW
14885,14961,FLOW
14885,14961,UNWIND
14977,14887,HAS_BLOCK
14887,14889,FLOW
14887,14961,FLOW
14887,14961,UNWIND
14977,14889,HAS_BLOCK
14889,14893,FLOW
14889,14961,FLOW
14889,14961,UNWIND
14977,14893,HAS_BLOCK
14893,14895,FLOW
14893,14970,FLOW
14893,14970,UNWIND
14977,14895,HAS_BLOCK
14895,14897,FLOW
14895,14956,FLOW
14895,14956,UNWIND
14977,14897,HAS_BLOCK
14897,14899,FLOW
14897,14956,FLOW
14897,14956,UNWIND
14977,14899,HAS_BLOCK
14899,14901,FLOW
14899,14956,FLOW
14899,14956,UNWIND
14977,14901,HAS_BLOCK
14901,14902,FLOW
14977,14902,HAS_BLOCK
14902,14904,FLOW
14902,14955,FLOW
14902,14955,UNWIND
14977,14904,HAS_BLOCK
14904,14907,FLOW
14904,14905,FLOW
14904,14854,FLOW
14977,14905,HAS_BLOCK
14905,14908,FLOW
14905,14967,FLOW
14905,14967,UNWIND
14977,14907,HAS_BLOCK
14907,14915,FLOW
14907,14956,FLOW
14907,14956,UNWIND
14977,14908,HAS_BLOCK
14908,14912,FLOW
14908,14967,FLOW
14908,14967,UNWIND
14977,14912,HAS_BLOCK
14912,14914,FLOW
14912,14967,FLOW
14912,14967,UNWIND
14977,14914,HAS_BLOCK
14914,14902,FLOW
14977,14915,HAS_BLOCK
14915,14917,FLOW
14915,14956,FLOW
14915,14956,UNWIND
14977,14917,HAS_BLOCK
14917,14919,FLOW
14917,14956,FLOW
14917,14956,UNWIND
14917,14807,CALL
14977,14919,HAS_BLOCK
14919,14921,FLOW
14919,14956,FLOW
14919,14956,UNWIND
14977,14921,HAS_BLOCK
14921,14922,FLOW
14921,14924,FLOW
14921,14854,FLOW
14977,14922,HAS_BLOCK
14922,14927,FLOW
14922,14954,FLOW
14922,14954,UNWIND
14977,14924,HAS_BLOCK
14924,14926,FLOW
14924,14956,FLOW
14924,14956,UNWIND
14977,14926,HAS_BLOCK
14926,14942,FLOW
14926,14970,FLOW
14926,14970,UNWIND
14977,14927,HAS_BLOCK
14927,14931,FLOW
14927,14954,FLOW
14927,14954,UNWIND
14977,14931,HAS_BLOCK
14931,14933,FLOW
14931,14954,FLOW
14931,14954,UNWIND
14931,12964,CALL
14977,14933,HAS_BLOCK
14933,14935,FLOW
14933,14952,FLOW
14933,14952,UNWIND
14977,14935,HAS_BLOCK
14935,14937,FLOW
14935,14952,FLOW
14935,14952,UNWIND
14977,14937,HAS_BLOCK
14937,14939,FLOW
14937,14952,FLOW
14937,14952,UNWIND
14977,14939,HAS_BLOCK
14939,14940,FLOW
14939,14970,FLOW
14939,14970,UNWIND
14977,14940,HAS_BLOCK
14940,14941,FLOW
14940,14972,FLOW
14940,14972,UNWIND
14977,14941,HAS_BLOCK
14941,14951,FLOW
14977,14942,HAS_BLOCK
14942,14943,FLOW
14942,14961,FLOW
14942,14961,UNWIND
14977,14943,HAS_BLOCK
14943,14947,FLOW
14977,14944,HAS_BLOCK
14944,14947,FLOW
14944,14961,FLOW
14944,14961,UNWIND
14977,14947,HAS_BLOCK
14947,14948,FLOW
14947,14972,FLOW
14947,14972,UNWIND
14977,14948,HAS_BLOCK
14948,14949,FLOW
14948,14963,FLOW
14977,14949,HAS_BLOCK
14949,14950,FLOW
14977,14950,HAS_BLOCK
14950,14951,FLOW
14977,14951,HAS_BLOCK
14951,14977,RETURN
14977,14952,HAS_BLOCK
14952,14953,FLOW
14977,14953,HAS_BLOCK
14953,14954,FLOW
14977,14954,HAS_BLOCK
14954,14956,FLOW
14977,14955,HAS_BLOCK
14955,14956,FLOW
14977,14956,HAS_BLOCK
14956,14970,FLOW
14977,14959,HAS_BLOCK
14959,14960,FLOW
14977,14960,HAS_BLOCK
14960,14961,FLOW
14977,14961,HAS_BLOCK
14961,14972,FLOW
14977,14962,HAS_BLOCK
14977,14963,HAS_BLOCK
14963,14949,FLOW
14963,14974,FLOW
14963,14974,UNWIND
14977,14964,HAS_BLOCK
14964,14955,FLOW
14964,14965,FLOW
14977,14965,HAS_BLOCK
14965,14955,FLOW
14977,14966,HAS_BLOCK
14966,14964,FLOW
14977,14967,HAS_BLOCK
14967,14964,FLOW
14967,14966,FLOW
14977,14968,HAS_BLOCK
14968,14961,FLOW
14977,14970,HAS_BLOCK
14970,14961,FLOW
14970,14968,FLOW
14977,14971,HAS_BLOCK
14971,14974,FLOW
14977,14972,HAS_BLOCK
14972,14974,FLOW
14972,14971,FLOW
14977,14973,HAS_BLOCK
14973,14962,FLOW
14977,14974,HAS_BLOCK
14974,14962,FLOW
14974,14973,FLOW
15188,15189,HAS_PARAM
15188,15190,HAS_PARAM
15188,15072,HAS_BLOCK
15072,15074,FLOW
15072,15186,FLOW
15072,15186,UNWIND
15188,15074,HAS_BLOCK
15074,15092,FLOW
15074,15174,FLOW
15074,15174,UNWIND
15188,15092,HAS_BLOCK
15092,15108,FLOW
15092,15171,FLOW
15092,15171,UNWIND
15188,15108,HAS_BLOCK
15108,15127,FLOW
15108,15171,FLOW
15108,15171,UNWIND
15188,15127,HAS_BLOCK
15127,15185,FLOW
15127,15138,FLOW
15188,15138,HAS_BLOCK
15138,15150,FLOW
15138,15171,FLOW
15138,15171,UNWIND
15188,15150,HAS_BLOCK
15150,15162,FLOW
15150,15171,FLOW
15150,15171,UNWIND
15188,15162,HAS_BLOCK
15162,15185,FLOW
15162,15173,FLOW
15188,15173,HAS_BLOCK
15173,15075,FLOW
15173,15171,FLOW
15173,15171,UNWIND
15173,15666,CALL
15188,15185,HAS_BLOCK
15185,15140,FLOW
15188,15075,HAS_BLOCK
15075,15077,FLOW
15075,15171,FLOW
15075,15171,UNWIND
15188,15077,HAS_BLOCK
15077,15079,FLOW
15077,15081,FLOW
15077,15078,FLOW
15188,15078,HAS_BLOCK
15188,15079,HAS_BLOCK
15079,15083,FLOW
15079,15135,FLOW
15079,15135,UNWIND
15079,15575,CALL
15188,15081,HAS_BLOCK
15081,15187,FLOW
15081,15171,FLOW
15081,15171,UNWIND
15188,15083,HAS_BLOCK
15083,15085,FLOW
15083,15135,FLOW
15083,15135,UNWIND
15188,15085,HAS_BLOCK
15085,15086,FLOW
15085,15088,FLOW
15085,15078,FLOW
15188,15086,HAS_BLOCK
15086,15093,FLOW
15086,15134,FLOW
15086,15134,UNWIND
15188,15088,HAS_BLOCK
15088,15090,FLOW
15088,15135,FLOW
15088,15135,UNWIND
15188,15090,HAS_BLOCK
15090,15140,FLOW
15090,15171,FLOW
15090,15171,UNWIND
15188,15093,HAS_BLOCK
15093,15095,FLOW
15093,15169,FLOW
15093,15169,UNWIND
15188,15095,HAS_BLOCK
15095,15096,FLOW
15188,15096,HAS_BLOCK
15096,15098,FLOW
15096,15169,FLOW
15096,15169,UNWIND
15188,15098,HAS_BLOCK
15098,15100,FLOW
15098,15099,FLOW
15098,15078,FLOW
15188,15099,HAS_BLOCK
15099,15102,FLOW
15099,15169,FLOW
15099,15169,UNWIND
15188,15100,HAS_BLOCK
15100,15103,FLOW
15100,15167,FLOW
15100,15167,UNWIND
15188,15102,HAS_BLOCK
15102,15096,FLOW
15188,15103,HAS_BLOCK
15103,15104,FLOW
15188,15104,HAS_BLOCK
15104,15106,FLOW
15104,15167,FLOW
15104,15167,UNWIND
15188,15106,HAS_BLOCK
15106,15110,FLOW
15106,15109,FLOW
15106,15078,FLOW
15188,15109,HAS_BLOCK
15109,15112,FLOW
15109,15167,FLOW
15109,15167,UNWIND
15188,15110,HAS_BLOCK
15110,15114,FLOW
15110,15167,FLOW
15110,15167,UNWIND
15188,15112,HAS_BLOCK
15112,15113,FLOW
15112,15167,FLOW
15112,15167,UNWIND
15188,15113,HAS_BLOCK
15113,15104,FLOW
15188,15114,HAS_BLOCK
15114,15116,FLOW
15114,15167,FLOW
15114,15167,UNWIND
15188,15116,HAS_BLOCK
15116,15118,FLOW
15116,15167,FLOW
15116,15167,UNWIND
15188,15118,HAS_BLOCK
15118,15120,FLOW
15118,15167,FLOW
15118,15167,UNWIND
15188,15120,HAS_BLOCK
15120,15122,FLOW
15120,15167,FLOW
15120,15167,UNWIND
15120,12964,CALL
15188,15122,HAS_BLOCK
15122,15124,FLOW
15122,15132,FLOW
15122,15132,UNWIND
15188,15124,HAS_BLOCK
15124,15128,FLOW
15124,15132,FLOW
15124,15132,UNWIND
15188,15128,HAS_BLOCK
15128,15137,FLOW
15188,15129,HAS_BLOCK
15129,15130,FLOW
15129,15141,FLOW
15188,15130,HAS_BLOCK
15130,15163,FLOW
15130,15165,FLOW
15188,15131,HAS_BLOCK
15131,15188,RETURN
15188,15132,HAS_BLOCK
15132,15133,FLOW
15188,15133,HAS_BLOCK
15133,15167,FLOW
15188,15134,HAS_BLOCK
15134,15135,FLOW
15188,15135,HAS_BLOCK
15135,15171,FLOW
15188,15136,HAS_BLOCK
15188,15137,HAS_BLOCK
15137,15131,FLOW
15188,15139,HAS_BLOCK
15139,15129,FLOW
15139,15174,FLOW
15139,15174,UNWIND
15188,15140,HAS_BLOCK
15140,15129,FLOW
15140,15139,FLOW
15188,15141,HAS_BLOCK
15141,15130,FLOW
15141,15186,FLOW
15141,15186,UNWIND
15188,15142,HAS_BLOCK
15142,15143,FLOW
15142,15145,FLOW
15188,15143,HAS_BLOCK
15143,15136,FLOW
15143,15144,FLOW
15188,15144,HAS_BLOCK
15144,15136,FLOW
15188,15145,HAS_BLOCK
15145,15143,FLOW
15188,15146,HAS_BLOCK
15146,15142,FLOW
15188,15147,HAS_BLOCK
15147,15142,FLOW
15147,15146,FLOW
15188,15148,HAS_BLOCK
15148,15147,FLOW
15148,15151,FLOW
15188,15151,HAS_BLOCK
15151,15147,FLOW
15188,15152,HAS_BLOCK
15152,15156,FLOW
15152,15158,FLOW
15188,15153,HAS_BLOCK
15153,15131,FLOW
15188,15154,HAS_BLOCK
15154,15136,FLOW
15154,15155,FLOW
15188,15155,HAS_BLOCK
15155,15136,FLOW
15188,15156,HAS_BLOCK
15156,15153,FLOW
15156,15157,FLOW
15188,15157,HAS_BLOCK
15157,15153,FLOW
15188,15158,HAS_BLOCK
15158,15156,FLOW
15158,15154,FLOW
15158,15154,UNWIND
15188,15159,HAS_BLOCK
15159,15152,FLOW
15159,15142,FLOW
15159,15142,UNWIND
15188,15160,HAS_BLOCK
15160,15152,FLOW
15160,15159,FLOW
15188,15163,HAS_BLOCK
15163,15160,FLOW
15163,15164,FLOW
15188,15164,HAS_BLOCK
15164,15160,FLOW
15164,15147,FLOW
15164,15147,UNWIND
15188,15165,HAS_BLOCK
15165,15163,FLOW
15165,15148,FLOW
15165,15148,UNWIND
15188,15166,HAS_BLOCK
15166,15169,FLOW
15188,15167,HAS_BLOCK
15167,15169,FLOW
15167,15166,FLOW
15188,15168,HAS_BLOCK
15168,15134,FLOW
15188,15169,HAS_BLOCK
15169,15134,FLOW
15169,15168,FLOW
15188,15170,HAS_BLOCK
15170,15174,FLOW
15188,15171,HAS_BLOCK
15171,15174,FLOW
15171,15170,FLOW
15188,15172,HAS_BLOCK
15172,15186,FLOW
15188,15174,HAS_BLOCK
15174,15186,FLOW
15174,15172,FLOW
15188,15175,HAS_BLOCK
15175,15176,FLOW
15175,15178,FLOW
15188,15176,HAS_BLOCK
15176,15136,FLOW
15176,15177,FLOW
15188,15177,HAS_BLOCK
15177,15136,FLOW
15188,15178,HAS_BLOCK
15178,15176,FLOW
15188,15179,HAS_BLOCK
15179,15175,FLOW
15188,15180,HAS_BLOCK
15180,15175,FLOW
15180,15179,FLOW
15188,15181,HAS_BLOCK
15181,15180,FLOW
15181,15182,FLOW
15188,15182,HAS_BLOCK
15182,15180,FLOW
15188,15183,HAS_BLOCK
15183,15181,FLOW
15188,15186,HAS_BLOCK
15186,15181,FLOW
15186,15183,FLOW
15188,15187,HAS_BLOCK
15187,15140,FLOW
15666,15667,HAS_PARAM
15666,15577,HAS_BLOCK
15577,15579,FLOW
15666,15579,HAS_BLOCK
15579,15596,FLOW
15666,15596,HAS_BLOCK
15596,15630,FLOW
15596,15648,FLOW
15596,15613,FLOW
15666,15613,HAS_BLOCK
15666,15630,HAS_BLOCK
15630,15658,FLOW
15630,15653,FLOW
15630,15653,UNWIND
15666,15648,HAS_BLOCK
15648,15650,FLOW
15666,15658,HAS_BLOCK
15658,15660,FLOW
15658,15652,FLOW
15658,15652,UNWIND
15666,15660,HAS_BLOCK
15660,15662,FLOW
15660,15652,FLOW
15660,15652,UNWIND
15666,15662,HAS_BLOCK
15662,15664,FLOW
15662,15652,FLOW
15662,15652,UNWIND
15666,15664,HAS_BLOCK
15664,15580,FLOW
15664,15652,FLOW
15664,15652,UNWIND
15666,15580,HAS_BLOCK
15580,15581,FLOW
15666,15581,HAS_BLOCK
15581,15583,FLOW
15581,15652,FLOW
15581,15652,UNWIND
15666,15583,HAS_BLOCK
15583,15585,FLOW
15583,15584,FLOW
15583,15613,FLOW
15666,15584,HAS_BLOCK
15584,15586,FLOW
15584,15581,FLOW
15666,15585,HAS_BLOCK
15585,15650,FLOW
15666,15586,HAS_BLOCK
15586,15588,FLOW
15586,15652,FLOW
15586,15652,UNWIND
15666,15588,HAS_BLOCK
15588,15590,FLOW
15588,15652,FLOW
15588,15652,UNWIND
15666,15590,HAS_BLOCK
15590,15591,FLOW
15590,15581,FLOW
15666,15591,HAS_BLOCK
15591,15593,FLOW
15591,15652,FLOW
15591,15652,UNWIND
15666,15593,HAS_BLOCK
15593,15597,FLOW
15593,15652,FLOW
15593,15652,UNWIND
15666,15597,HAS_BLOCK
15597,15599,FLOW
15597,15651,FLOW
15597,15651,UNWIND
15666,15599,HAS_BLOCK
15599,15600,FLOW
15599,15649,FLOW
15666,15600,HAS_BLOCK
15600,15602,FLOW
15600,15651,FLOW
15600,15651,UNWIND
15666,15602,HAS_BLOCK
15602,15604,FLOW
15602,15651,FLOW
15602,15651,UNWIND
15666,15604,HAS_BLOCK
15604,15605,FLOW
15604,15649,FLOW
15604,15613,FLOW
15666,15605,HAS_BLOCK
15605,15607,FLOW
15605,15651,FLOW
15605,15651,UNWIND
15666,15607,HAS_BLOCK
15607,15609,FLOW
15607,15651,FLOW
15607,15651,UNWIND
15607,15511,CALL
15666,15609,HAS_BLOCK
15609,15610,FLOW
15609,15646,FLOW
15609,15613,FLOW
15666,15610,HAS_BLOCK
15610,15611,FLOW
15610,15651,FLOW
15610,15651,UNWIND
15666,15611,HAS_BLOCK
15611,15614,FLOW
15611,15651,FLOW
15611,15651,UNWIND
15666,15614,HAS_BLOCK
15614,15615,FLOW
15614,15651,FLOW
15614,15651,UNWIND
15666,15615,HAS_BLOCK
15615,15617,FLOW
15615,15651,FLOW
15615,15651,UNWIND
15666,15617,HAS_BLOCK
15617,15619,FLOW
15617,15651,FLOW
15617,15651,UNWIND
15666,15619,HAS_BLOCK
15619,15620,FLOW
15619,15649,FLOW
15619,15613,FLOW
15666,15620,HAS_BLOCK
15620,15622,FLOW
15620,15651,FLOW
15620,15651,UNWIND
15666,15622,HAS_BLOCK
15622,15623,FLOW
15622,15651,FLOW
15622,15651,UNWIND
15666,15623,HAS_BLOCK
15623,15625,FLOW
15623,15651,FLOW
15623,15651,UNWIND
15666,15625,HAS_BLOCK
15625,15627,FLOW
15625,15651,FLOW
15625,15651,UNWIND
15666,15627,HAS_BLOCK
15627,15628,FLOW
15627,15649,FLOW
15627,15613,FLOW
15666,15628,HAS_BLOCK
15628,15631,FLOW
15628,15651,FLOW
15628,15651,UNWIND
15666,15631,HAS_BLOCK
15631,15632,FLOW
15631,15651,FLOW
15631,15651,UNWIND
15666,15632,HAS_BLOCK
15632,15634,FLOW
15632,15651,FLOW
15632,15651,UNWIND
15666,15634,HAS_BLOCK
15634,15636,FLOW
15634,15651,FLOW
15634,15651,UNWIND
15666,15636,HAS_BLOCK
15636,15638,FLOW
15636,15656,FLOW
15636,15656,UNWIND
15666,15638,HAS_BLOCK
15638,15639,FLOW
15638,15656,FLOW
15638,15656,UNWIND
15666,15639,HAS_BLOCK
15639,15641,FLOW
15639,15656,FLOW
15639,15656,UNWIND
15666,15641,HAS_BLOCK
15641,15643,FLOW
15641,15656,FLOW
15641,15656,UNWIND
15666,15643,HAS_BLOCK
15643,15645,FLOW
15643,15656,FLOW
15643,15656,UNWIND
15666,15645,HAS_BLOCK
15645,15581,FLOW
15645,15652,FLOW
15645,15652,UNWIND
15666,15646,HAS_BLOCK
15646,15649,FLOW
15646,15651,FLOW
15646,15651,UNWIND
15666,15649,HAS_BLOCK
15649,15581,FLOW
15649,15652,FLOW
15649,15652,UNWIND
15666,15650,HAS_BLOCK
15650,15666,RETURN
15666,15651,HAS_BLOCK
15651,15652,FLOW
15666,15652,HAS_BLOCK
15652,15653,FLOW
15666,15653,HAS_BLOCK
15653,15654,FLOW
15666,15654,HAS_BLOCK
15666,15655,HAS_BLOCK
15655,15651,FLOW
15666,15656,HAS_BLOCK
15656,15651,FLOW
15656,15655,FLOW
15575,15576,HAS_PARAM
15575,15513,HAS_BLOCK
15513,15515,FLOW
15575,15515,HAS_BLOCK
15515,15532,FLOW
15575,15532,HAS_BLOCK
15532,15562,FLOW
15532,15565,FLOW
15532,15550,FLOW
15575,15550,HAS_BLOCK
15575,15562,HAS_BLOCK
15562,15567,FLOW
15562,15561,FLOW
15562,15561,UNWIND
15575,15565,HAS_BLOCK
15565,15558,FLOW
15575,15567,HAS_BLOCK
15567,15569,FLOW
15567,15560,FLOW
15567,15560,UNWIND
15575,15569,HAS_BLOCK
15569,15571,FLOW
15569,15560,FLOW
15569,15560,UNWIND
15575,15571,HAS_BLOCK
15571,15573,FLOW
15571,15560,FLOW
15571,15560,UNWIND
15575,15573,HAS_BLOCK
15573,15516,FLOW
15573,15560,FLOW
15573,15560,UNWIND
15575,15516,HAS_BLOCK
15516,15517,FLOW
15575,15517,HAS_BLOCK
15517,15519,FLOW
15517,15560,FLOW
15517,15560,UNWIND
15575,15519,HAS_BLOCK
15519,15521,FLOW
15519,15520,FLOW
15519,15550,FLOW
15575,15520,HAS_BLOCK
15520,15522,FLOW
15520,15517,FLOW
15575,15521,HAS_BLOCK
15521,15558,FLOW
15575,15522,HAS_BLOCK
15522,15524,FLOW
15522,15560,FLOW
15522,15560,UNWIND
15575,15524,HAS_BLOCK
15524,15526,FLOW
15524,15560,FLOW
15524,15560,UNWIND
15575,15526,HAS_BLOCK
15526,15527,FLOW
15526,15517,FLOW
15575,15527,HAS_BLOCK
15527,15529,FLOW
15527,15560,FLOW
15527,15560,UNWIND
15575,15529,HAS_BLOCK
15529,15533,FLOW
15529,15560,FLOW
15529,15560,UNWIND
15575,15533,HAS_BLOCK
15533,15535,FLOW
15533,15559,FLOW
15533,15559,UNWIND
15575,15535,HAS_BLOCK
15535,15536,FLOW
15535,15557,FLOW
15575,15536,HAS_BLOCK
15536,15538,FLOW
15536,15559,FLOW
15536,15559,UNWIND
15575,15538,HAS_BLOCK
15538,15540,FLOW
15538,15559,FLOW
15538,15559,UNWIND
15575,15540,HAS_BLOCK
15540,15541,FLOW
15540,15557,FLOW
15540,15550,FLOW
15575,15541,HAS_BLOCK
15541,15543,FLOW
15541,15559,FLOW
15541,15559,UNWIND
15575,15543,HAS_BLOCK
15543,15545,FLOW
15543,15559,FLOW
15543,15559,UNWIND
15575,15545,HAS_BLOCK
15545,15546,FLOW
15545,15557,FLOW
15545,15550,FLOW
15575,15546,HAS_BLOCK
15546,15548,FLOW
15546,15559,FLOW
15546,15559,UNWIND
15575,15548,HAS_BLOCK
15548,15551,FLOW
15548,15559,FLOW
15548,15559,UNWIND
15548,15445,CALL
15575,15551,HAS_BLOCK
15551,15552,FLOW
15551,15556,FLOW
15551,15550,FLOW
15575,15552,HAS_BLOCK
15552,15553,FLOW
15552,15559,FLOW
15552,15559,UNWIND
15575,15553,HAS_BLOCK
15553,15555,FLOW
15553,15559,FLOW
15553,15559,UNWIND
15575,15555,HAS_BLOCK
15555,15517,FLOW
15555,15560,FLOW
15555,15560,UNWIND
15575,15556,HAS_BLOCK
15556,15557,FLOW
15556,15559,FLOW
15556,15559,UNWIND
15575,15557,HAS_BLOCK
15557,15517,FLOW
15557,15560,FLOW
15557,15560,UNWIND
15575,15558,HAS_BLOCK
15558,15575,RETURN
15575,15559,HAS_BLOCK
15559,15560,FLOW
15575,15560,HAS_BLOCK
15560,15561,FLOW
15575,15561,HAS_BLOCK
15561,15563,FLOW
15575,15563,HAS_BLOCK
15511,15512,HAS_PARAM
15511,15447,HAS_BLOCK
15447,15496,FLOW
15511,15449,HAS_BLOCK
15449,15497,FLOW
15511,15466,HAS_BLOCK
15466,15502,FLOW
15511,15481,HAS_BLOCK
15481,15495,FLOW
15511,15493,HAS_BLOCK
15493,15502,FLOW
15511,15503,HAS_BLOCK
15503,15494,FLOW
15511,15505,HAS_BLOCK
15505,15502,FLOW
15511,15506,HAS_BLOCK
15506,15491,FLOW
15511,15508,HAS_BLOCK
15508,15502,FLOW
15511,15509,HAS_BLOCK
15509,15490,FLOW
15511,15450,HAS_BLOCK
15450,15502,FLOW
15511,15451,HAS_BLOCK
15451,15489,FLOW
15511,15453,HAS_BLOCK
15453,15502,FLOW
15511,15454,HAS_BLOCK
15454,15488,FLOW
15511,15456,HAS_BLOCK
15456,15502,FLOW
15511,15457,HAS_BLOCK
15457,15487,FLOW
15511,15459,HAS_BLOCK
15459,15502,FLOW
15511,15460,HAS_BLOCK
15460,15486,FLOW
15511,15462,HAS_BLOCK
15462,15502,FLOW
15511,15463,HAS_BLOCK
15463,15485,FLOW
15511,15467,HAS_BLOCK
15467,15502,FLOW
15511,15468,HAS_BLOCK
15468,15484,FLOW
15511,15470,HAS_BLOCK
15470,15502,FLOW
15511,15471,HAS_BLOCK
15471,15483,FLOW
15511,15473,HAS_BLOCK
15473,15502,FLOW
15511,15474,HAS_BLOCK
15474,15482,FLOW
15511,15476,HAS_BLOCK
15476,15502,FLOW
15511,15477,HAS_BLOCK
15477,15480,FLOW
15511,15479,HAS_BLOCK
15479,15502,FLOW
15511,15480,HAS_BLOCK
15480,15449,FLOW
15480,15479,FLOW
15511,15482,HAS_BLOCK
15482,15477,FLOW
15482,15476,FLOW
15511,15483,HAS_BLOCK
15483,15474,FLOW
15483,15473,FLOW
15511,15484,HAS_BLOCK
15484,15471,FLOW
15484,15470,FLOW
15511,15485,HAS_BLOCK
15485,15468,FLOW
15485,15467,FLOW
15511,15486,HAS_BLOCK
15486,15463,FLOW
15486,15462,FLOW
15511,15487,HAS_BLOCK
15487,15460,FLOW
15487,15459,FLOW
15511,15488,HAS_BLOCK
15488,15457,FLOW
15488,15456,FLOW
15511,15489,HAS_BLOCK
15489,15454,FLOW
15489,15453,FLOW
15511,15490,HAS_BLOCK
15490,15451,FLOW
15490,15450,FLOW
15511,15491,HAS_BLOCK
15491,15509,FLOW
15491,15508,FLOW
15511,15494,HAS_BLOCK
15494,15506,FLOW
15494,15505,FLOW
15511,15495,HAS_BLOCK
15495,15503,FLOW
15495,15493,FLOW
15511,15496,HAS_BLOCK
15496,15481,FLOW
15496,15466,FLOW
15511,15497,HAS_BLOCK
15497,15499,FLOW
15511,15499,HAS_BLOCK
15499,15501,FLOW
15511,15501,HAS_BLOCK
15501,15502,FLOW
15511,15502,HAS_BLOCK
15502,15511,RETURN
15445,15446,HAS_PARAM
15445,15365,HAS_BLOCK
15365,15431,FLOW
15445,15367,HAS_BLOCK
15367,15432,FLOW
15445,15384,HAS_BLOCK
15384,15437,FLOW
15445,15400,HAS_BLOCK
15400,15430,FLOW
15445,15415,HAS_BLOCK
15415,15437,FLOW
15445,15426,HAS_BLOCK
15426,15429,FLOW
15445,15439,HAS_BLOCK
15439,15437,FLOW
15445,15440,HAS_BLOCK
15440,15428,FLOW
15445,15442,HAS_BLOCK
15442,15437,FLOW
15445,15443,HAS_BLOCK
15443,15427,FLOW
15445,15368,HAS_BLOCK
15368,15437,FLOW
15445,15369,HAS_BLOCK
15369,15425,FLOW
15445,15371,HAS_BLOCK
15371,15437,FLOW
15445,15372,HAS_BLOCK
15372,15424,FLOW
15445,15374,HAS_BLOCK
15374,15437,FLOW
15445,15375,HAS_BLOCK
15375,15423,FLOW
15445,15377,HAS_BLOCK
15377,15437,FLOW
15445,15378,HAS_BLOCK
15378,15422,FLOW
15445,15380,HAS_BLOCK
15380,15437,FLOW
15445,15381,HAS_BLOCK
15381,15421,FLOW
15445,15385,HAS_BLOCK
15385,15437,FLOW
15445,15386,HAS_BLOCK
15386,15420,FLOW
15445,15388,HAS_BLOCK
15388,15437,FLOW
15445,15389,HAS_BLOCK
15389,15419,FLOW
15445,15391,HAS_BLOCK
15391,15437,FLOW
15445,15392,HAS_BLOCK
15392,15418,FLOW
15445,15394,HAS_BLOCK
15394,15437,FLOW
15445,15395,HAS_BLOCK
15395,15417,FLOW
15445,15397,HAS_BLOCK
15397,15437,FLOW
15445,15398,HAS_BLOCK
15398,15416,FLOW
15445,15401,HAS_BLOCK
15401,15437,FLOW
15445,15402,HAS_BLOCK
15402,15413,FLOW
15445,15404,HAS_BLOCK
15404,15437,FLOW
15445,15405,HAS_BLOCK
15405,15412,FLOW
15445,15407,HAS_BLOCK
15407,15437,FLOW
15445,15408,HAS_BLOCK
15408,15411,FLOW
15445,15410,HAS_BLOCK
15410,15437,FLOW
15445,15411,HAS_BLOCK
15411,15367,FLOW
15411,15410,FLOW
15445,15412,HAS_BLOCK
15412,15408,FLOW
15412,15407,FLOW
15445,15413,HAS_BLOCK
15413,15405,FLOW
15413,15404,FLOW
15445,15416,HAS_BLOCK
15416,15402,FLOW
15416,15401,FLOW
15445,15417,HAS_BLOCK
15417,15398,FLOW
15417,15397,FLOW
15445,15418,HAS_BLOCK
15418,15395,FLOW
15418,15394,FLOW
15445,15419,HAS_BLOCK
15419,15392,FLOW
15419,15391,FLOW
15445,15420,HAS_BLOCK
15420,15389,FLOW
15420,15388,FLOW
15445,15421,HAS_BLOCK
15421,15386,FLOW
15421,15385,FLOW
15445,15422,HAS_BLOCK
15422,15381,FLOW
15422,15380,FLOW
15445,15423,HAS_BLOCK
15423,15378,FLOW
15423,15377,FLOW
15445,15424,HAS_BLOCK
15424,15375,FLOW
15424,15374,FLOW
15445,15425,HAS_BLOCK
15425,15372,FLOW
15425,15371,FLOW
15445,15427,HAS_BLOCK
15427,15369,FLOW
15427,15368,FLOW
15445,15428,HAS_BLOCK
15428,15443,FLOW
15428,15442,FLOW
15445,15429,HAS_BLOCK
15429,15440,FLOW
15429,15439,FLOW
15445,15430,HAS_BLOCK
15430,15426,FLOW
15430,15415,FLOW
15445,15431,HAS_BLOCK
15431,15400,FLOW
15431,15384,FLOW
15445,15432,HAS_BLOCK
15432,15434,FLOW
15445,15434,HAS_BLOCK
15434,15436,FLOW
15445,15436,HAS_BLOCK
15436,15437,FLOW
15445,15437,HAS_BLOCK
15437,15445,RETURN
15835,15836,HAS_PARAM
15835,15837,HAS_PARAM
15835,15838,HAS_PARAM
15835,15755,HAS_BLOCK
15755,15757,FLOW
15835,15757,HAS_BLOCK
15757,15779,FLOW
15757,15817,FLOW
15757,15817,UNWIND
15835,15779,HAS_BLOCK
15779,15801,FLOW
15779,15817,FLOW
15779,15817,UNWIND
15779,15752,CALL
15835,15801,HAS_BLOCK
15801,15816,FLOW
15801,15813,FLOW
15801,15813,UNWIND
15835,15816,HAS_BLOCK
15816,15825,FLOW
15816,15833,FLOW
15816,15831,FLOW
15816,15829,FLOW
15816,15760,FLOW
15816,15758,FLOW
15816,15827,FLOW
15816,15808,FLOW
15835,15825,HAS_BLOCK
15825,15806,FLOW
15825,15813,FLOW
15825,15813,UNWIND
15835,15827,HAS_BLOCK
15827,15804,FLOW
15827,15813,FLOW
15827,15813,UNWIND
15835,15829,HAS_BLOCK
15829,15802,FLOW
15829,15813,FLOW
15829,15813,UNWIND
15835,15831,HAS_BLOCK
15831,15794,FLOW
15831,15813,FLOW
15831,15813,UNWIND
15835,15833,HAS_BLOCK
15833,15788,FLOW
15833,15813,FLOW
15833,15813,UNWIND
15835,15758,HAS_BLOCK
15758,15774,FLOW
15758,15813,FLOW
15758,15813,UNWIND
15835,15760,HAS_BLOCK
15760,15762,FLOW
15760,15813,FLOW
15760,15813,UNWIND
15835,15762,HAS_BLOCK
15762,15764,FLOW
15762,15813,FLOW
15762,15813,UNWIND
15835,15764,HAS_BLOCK
15764,15766,FLOW
15764,15813,FLOW
15764,15813,UNWIND
15835,15766,HAS_BLOCK
15766,15768,FLOW
15766,15813,FLOW
15766,15813,UNWIND
15835,15768,HAS_BLOCK
15768,15770,FLOW
15768,15813,FLOW
15768,15813,UNWIND
15835,15770,HAS_BLOCK
15770,15772,FLOW
15770,15813,FLOW
15770,15813,UNWIND
15770,15337,CALL
15835,15772,HAS_BLOCK
15772,15818,FLOW
15772,15813,FLOW
15772,15813,UNWIND
15835,15774,HAS_BLOCK
15774,15776,FLOW
15774,15813,FLOW
15774,15813,UNWIND
15835,15776,HAS_BLOCK
15776,15780,FLOW
15776,15813,FLOW
15776,15813,UNWIND
15835,15780,HAS_BLOCK
15780,15782,FLOW
15780,15813,FLOW
15780,15813,UNWIND
15835,15782,HAS_BLOCK
15782,15784,FLOW
15782,15813,FLOW
15782,15813,UNWIND
15835,15784,HAS_BLOCK
15784,15786,FLOW
15784,15813,FLOW
15784,15813,UNWIND
15784,15337,CALL
15835,15786,HAS_BLOCK
15786,15819,FLOW
15786,15813,FLOW
15786,15813,UNWIND
15835,15788,HAS_BLOCK
15788,15790,FLOW
15788,15813,FLOW
15788,15813,UNWIND
15835,15790,HAS_BLOCK
15790,15792,FLOW
15790,15813,FLOW
15790,15813,UNWIND
15790,15007,CALL
15835,15792,HAS_BLOCK
15792,15820,FLOW
15792,15813,FLOW
15792,15813,UNWIND
15835,15794,HAS_BLOCK
15794,15796,FLOW
15794,15813,FLOW
15794,15813,UNWIND
15835,15796,HAS_BLOCK
15796,15798,FLOW
15796,15813,FLOW
15796,15813,UNWIND
15796,15007,CALL
15835,15798,HAS_BLOCK
15798,15821,FLOW
15798,15813,FLOW
15798,15813,UNWIND
15835,15802,HAS_BLOCK
15802,15822,FLOW
15802,15813,FLOW
15802,15813,UNWIND
15835,15804,HAS_BLOCK
15804,15823,FLOW
15804,15813,FLOW
15804,15813,UNWIND
15835,15806,HAS_BLOCK
15806,15824,FLOW
15806,15813,FLOW
15806,15813,UNWIND
15835,15808,HAS_BLOCK
15808,15809,FLOW
15808,15811,FLOW
15835,15809,HAS_BLOCK
15809,15835,RETURN
15835,15810,HAS_BLOCK
15835,15811,HAS_BLOCK
15811,15809,FLOW
15811,15817,FLOW
15811,15817,UNWIND
15835,15812,HAS_BLOCK
15812,15817,FLOW
15835,15813,HAS_BLOCK
15813,15817,FLOW
15813,15812,FLOW
15835,15814,HAS_BLOCK
15814,15810,FLOW
15835,15817,HAS_BLOCK
15817,15810,FLOW
15817,15814,FLOW
15835,15818,HAS_BLOCK
15818,15808,FLOW
15835,15819,HAS_BLOCK
15819,15808,FLOW
15835,15820,HAS_BLOCK
15820,15808,FLOW
15835,15821,HAS_BLOCK
15821,15808,FLOW
15835,15822,HAS_BLOCK
15822,15808,FLOW
15835,15823,HAS_BLOCK
15823,15808,FLOW
15835,15824,HAS_BLOCK
15824,15808,FLOW
15291,15292,HAS_PARAM
15291,15293,HAS_PARAM
15291,15294,HAS_PARAM
15291,15191,HAS_BLOCK
15191,15211,FLOW
15291,15193,HAS_BLOCK
15193,15278,FLOW
15291,15211,HAS_BLOCK
15211,15230,FLOW
15211,15250,FLOW
15211,15194,FLOW
15291,15230,HAS_BLOCK
15230,15265,FLOW
15291,15250,HAS_BLOCK
15250,15193,FLOW
15291,15265,HAS_BLOCK
15265,15287,FLOW
15265,15281,FLOW
15291,15281,HAS_BLOCK
15281,15290,FLOW
15291,15287,HAS_BLOCK
15287,15289,FLOW
15291,15289,HAS_BLOCK
15289,15278,FLOW
15291,15290,HAS_BLOCK
15290,15196,FLOW
15290,15195,FLOW
15290,15194,FLOW
15291,15194,HAS_BLOCK
15291,15195,HAS_BLOCK
15195,15198,FLOW
15195,15198,FLOW
15195,15198,FLOW
15195,15194,FLOW
15291,15196,HAS_BLOCK
15196,15200,FLOW
15291,15198,HAS_BLOCK
15198,15201,FLOW
15291,15200,HAS_BLOCK
15200,15201,FLOW
15291,15201,HAS_BLOCK
15201,15203,FLOW
15291,15203,HAS_BLOCK
15203,15205,FLOW
15203,15279,FLOW
15203,15279,UNWIND
15291,15205,HAS_BLOCK
15205,15207,FLOW
15205,15279,FLOW
15205,15279,UNWIND
15291,15207,HAS_BLOCK
15207,15209,FLOW
15207,15279,FLOW
15207,15279,UNWIND
15291,15209,HAS_BLOCK
15209,15212,FLOW
15209,15279,FLOW
15209,15279,UNWIND
15291,15212,HAS_BLOCK
15212,15213,FLOW
15291,15213,HAS_BLOCK
15213,15215,FLOW
15213,15279,FLOW
15213,15279,UNWIND
15291,15215,HAS_BLOCK
15215,15218,FLOW
15215,15216,FLOW
15215,15194,FLOW
15291,15216,HAS_BLOCK
15216,15220,FLOW
15216,15279,FLOW
15216,15279,UNWIND
15291,15218,HAS_BLOCK
15218,15240,FLOW
15218,15279,FLOW
15218,15279,UNWIND
15291,15220,HAS_BLOCK
15220,15222,FLOW
15220,15279,FLOW
15220,15279,UNWIND
15291,15222,HAS_BLOCK
15222,15224,FLOW
15222,15279,FLOW
15222,15279,UNWIND
15291,15224,HAS_BLOCK
15224,15226,FLOW
15224,15279,FLOW
15224,15279,UNWIND
15224,15752,CALL
15291,15226,HAS_BLOCK
15226,15228,FLOW
15226,15285,FLOW
15226,15285,UNWIND
15291,15228,HAS_BLOCK
15228,15231,FLOW
15228,15285,FLOW
15228,15285,UNWIND
15291,15231,HAS_BLOCK
15231,15233,FLOW
15231,15285,FLOW
15231,15285,UNWIND
15291,15233,HAS_BLOCK
15233,15235,FLOW
15233,15285,FLOW
15233,15285,UNWIND
15291,15235,HAS_BLOCK
15235,15237,FLOW
15235,15285,FLOW
15235,15285,UNWIND
15291,15237,HAS_BLOCK
15237,15239,FLOW
15237,15285,FLOW
15237,15285,UNWIND
15291,15239,HAS_BLOCK
15239,15213,FLOW
15291,15240,HAS_BLOCK
15240,15242,FLOW
15240,15279,FLOW
15240,15279,UNWIND
15291,15242,HAS_BLOCK
15242,15244,FLOW
15242,15279,FLOW
15242,15279,UNWIND
15291,15244,HAS_BLOCK
15244,15246,FLOW
15244,15279,FLOW
15244,15279,UNWIND
15291,15246,HAS_BLOCK
15246,15247,FLOW
15291,15247,HAS_BLOCK
15247,15251,FLOW
15247,15279,FLOW
15247,15279,UNWIND
15291,15251,HAS_BLOCK
15251,15253,FLOW
15251,15252,FLOW
15251,15194,FLOW
15291,15252,HAS_BLOCK
15252,15254,FLOW
15252,15247,FLOW
15252,15194,FLOW
15291,15253,HAS_BLOCK
15253,15278,FLOW
15291,15254,HAS_BLOCK
15254,15256,FLOW
15254,15255,FLOW
15291,15255,HAS_BLOCK
15255,15257,FLOW
15291,15256,HAS_BLOCK
15256,15257,FLOW
15291,15257,HAS_BLOCK
15257,15247,FLOW
15257,15258,FLOW
15291,15258,HAS_BLOCK
15258,15260,FLOW
15258,15279,FLOW
15258,15279,UNWIND
15258,15752,CALL
15291,15260,HAS_BLOCK
15260,15262,FLOW
15260,15283,FLOW
15260,15283,UNWIND
15291,15262,HAS_BLOCK
15262,15266,FLOW
15262,15283,FLOW
15262,15283,UNWIND
15291,15266,HAS_BLOCK
15266,15268,FLOW
15266,15283,FLOW
15266,15283,UNWIND
15291,15268,HAS_BLOCK
15268,15270,FLOW
15268,15283,FLOW
15268,15283,UNWIND
15291,15270,HAS_BLOCK
15270,15272,FLOW
15270,15283,FLOW
15270,15283,UNWIND
15291,15272,HAS_BLOCK
15272,15274,FLOW
15272,15283,FLOW
15272,15283,UNWIND
15291,15274,HAS_BLOCK
15274,15276,FLOW
15274,15283,FLOW
15274,15283,UNWIND
15291,15276,HAS_BLOCK
15276,15277,FLOW
15276,15283,FLOW
15276,15283,UNWIND
15291,15277,HAS_BLOCK
15277,15247,FLOW
15291,15278,HAS_BLOCK
15278,15291,RETURN
15291,15279,HAS_BLOCK
15279,15280,FLOW
15291,15280,HAS_BLOCK
15291,15282,HAS_BLOCK
15282,15279,FLOW
15291,15283,HAS_BLOCK
15283,15279,FLOW
15283,15282,FLOW
15291,15284,HAS_BLOCK
15284,15279,FLOW
15291,15285,HAS_BLOCK
15285,15279,FLOW
15285,15284,FLOW
14807,14808,HAS_PARAM
14807,14809,HAS_PARAM
14807,14810,HAS_PARAM
14807,14566,HAS_BLOCK
14566,14568,FLOW
14807,14568,HAS_BLOCK
14568,14663,FLOW
14568,14642,FLOW
14568,14642,UNWIND
14807,14663,HAS_BLOCK
14663,14679,FLOW
14807,14679,HAS_BLOCK
14679,14699,FLOW
14679,14642,FLOW
14679,14642,UNWIND
14807,14699,HAS_BLOCK
14699,14751,FLOW
14699,14730,FLOW
14699,14715,FLOW
14807,14715,HAS_BLOCK
14807,14730,HAS_BLOCK
14730,14769,FLOW
14730,14642,FLOW
14730,14642,UNWIND
14807,14751,HAS_BLOCK
14751,14807,RETURN
14807,14769,HAS_BLOCK
14769,14588,FLOW
14769,14588,FLOW
14769,14786,FLOW
14769,14786,FLOW
14769,14569,FLOW
14769,14720,FLOW
14807,14786,HAS_BLOCK
14786,14688,FLOW
14786,14642,FLOW
14786,14642,UNWIND
14807,14569,HAS_BLOCK
14569,14671,FLOW
14569,14642,FLOW
14569,14642,UNWIND
14807,14588,HAS_BLOCK
14588,14603,FLOW
14588,14642,FLOW
14588,14642,UNWIND
14807,14603,HAS_BLOCK
14603,14622,FLOW
14603,14642,FLOW
14603,14642,UNWIND
14807,14622,HAS_BLOCK
14622,14634,FLOW
14622,14720,FLOW
14622,14715,FLOW
14807,14634,HAS_BLOCK
14634,14646,FLOW
14634,14642,FLOW
14634,14642,UNWIND
14807,14646,HAS_BLOCK
14646,14656,FLOW
14646,14642,FLOW
14646,14642,UNWIND
14646,15053,CALL
14807,14656,HAS_BLOCK
14656,14658,FLOW
14656,14642,FLOW
14656,14642,UNWIND
14807,14658,HAS_BLOCK
14658,14659,FLOW
14807,14659,HAS_BLOCK
14659,14661,FLOW
14659,14641,FLOW
14659,14641,UNWIND
14807,14661,HAS_BLOCK
14661,14666,FLOW
14661,14664,FLOW
14661,14715,FLOW
14807,14664,HAS_BLOCK
14664,14667,FLOW
14664,14640,FLOW
14664,14640,UNWIND
14807,14666,HAS_BLOCK
14666,14720,FLOW
14666,14642,FLOW
14666,14642,UNWIND
14807,14667,HAS_BLOCK
14667,14668,FLOW
14667,14670,FLOW
14667,14715,FLOW
14807,14668,HAS_BLOCK
14668,14644,FLOW
14668,14640,FLOW
14668,14640,UNWIND
14807,14670,HAS_BLOCK
14670,14659,FLOW
14670,14641,FLOW
14670,14641,UNWIND
14807,14671,HAS_BLOCK
14671,14673,FLOW
14671,14642,FLOW
14671,14642,UNWIND
14807,14673,HAS_BLOCK
14673,14674,FLOW
14673,14720,FLOW
14673,14715,FLOW
14807,14674,HAS_BLOCK
14674,14720,FLOW
14674,14675,FLOW
14807,14675,HAS_BLOCK
14675,14677,FLOW
14675,14642,FLOW
14675,14642,UNWIND
14807,14677,HAS_BLOCK
14677,14680,FLOW
14677,14642,FLOW
14677,14642,UNWIND
14807,14680,HAS_BLOCK
14680,14682,FLOW
14680,14642,FLOW
14680,14642,UNWIND
14807,14682,HAS_BLOCK
14682,14684,FLOW
14682,14639,FLOW
14682,14639,UNWIND
14807,14684,HAS_BLOCK
14684,14685,FLOW
14684,14687,FLOW
14684,14715,FLOW
14807,14685,HAS_BLOCK
14685,14647,FLOW
14685,14639,FLOW
14685,14639,UNWIND
14807,14687,HAS_BLOCK
14687,14720,FLOW
14687,14642,FLOW
14687,14642,UNWIND
14807,14688,HAS_BLOCK
14688,14690,FLOW
14688,14642,FLOW
14688,14642,UNWIND
14807,14690,HAS_BLOCK
14690,14692,FLOW
14690,14642,FLOW
14690,14642,UNWIND
14807,14692,HAS_BLOCK
14692,14694,FLOW
14692,14642,FLOW
14692,14642,UNWIND
14807,14694,HAS_BLOCK
14694,14696,FLOW
14694,14638,FLOW
14694,14638,UNWIND
14807,14696,HAS_BLOCK
14696,14700,FLOW
14696,14638,FLOW
14696,14638,UNWIND
14807,14700,HAS_BLOCK
14700,14701,FLOW
14700,14719,FLOW
14700,14715,FLOW
14807,14701,HAS_BLOCK
14701,14703,FLOW
14701,14638,FLOW
14701,14638,UNWIND
14807,14703,HAS_BLOCK
14703,14705,FLOW
14703,14638,FLOW
14703,14638,UNWIND
14703,15361,CALL
14807,14705,HAS_BLOCK
14705,14707,FLOW
14705,14638,FLOW
14705,14638,UNWIND
14807,14707,HAS_BLOCK
14707,14708,FLOW
14807,14708,HAS_BLOCK
14708,14710,FLOW
14708,14637,FLOW
14708,14637,UNWIND
14807,14710,HAS_BLOCK
14710,14713,FLOW
14710,14711,FLOW
14710,14715,FLOW
14807,14711,HAS_BLOCK
14711,14714,FLOW
14711,14636,FLOW
14711,14636,UNWIND
14807,14713,HAS_BLOCK
14713,14719,FLOW
14713,14638,FLOW
14713,14638,UNWIND
14807,14714,HAS_BLOCK
14714,14716,FLOW
14714,14718,FLOW
14714,14715,FLOW
14807,14716,HAS_BLOCK
14716,14648,FLOW
14716,14636,FLOW
14716,14636,UNWIND
14807,14718,HAS_BLOCK
14718,14708,FLOW
14718,14637,FLOW
14718,14637,UNWIND
14807,14719,HAS_BLOCK
14719,14720,FLOW
14719,14642,FLOW
14719,14642,UNWIND
14807,14720,HAS_BLOCK
14720,14722,FLOW
14720,14642,FLOW
14720,14642,UNWIND
14807,14722,HAS_BLOCK
14722,14723,FLOW
14722,14679,FLOW
14722,14715,FLOW
14807,14723,HAS_BLOCK
14723,14725,FLOW
14723,14642,FLOW
14723,14642,UNWIND
14807,14725,HAS_BLOCK
14725,14679,FLOW
14725,14726,FLOW
14807,14726,HAS_BLOCK
14726,14728,FLOW
14726,14642,FLOW
14726,14642,UNWIND
14807,14728,HAS_BLOCK
14728,14731,FLOW
14728,14729,FLOW
14728,14715,FLOW
14807,14729,HAS_BLOCK
14729,14733,FLOW
14729,14733,FLOW
14729,14733,FLOW
14729,14715,FLOW
14807,14731,HAS_BLOCK
14731,14735,FLOW
14731,14642,FLOW
14731,14642,UNWIND
14807,14733,HAS_BLOCK
14733,14649,FLOW
14733,14642,FLOW
14733,14642,UNWIND
14807,14735,HAS_BLOCK
14735,14736,FLOW
14807,14736,HAS_BLOCK
14736,14738,FLOW
14736,14642,FLOW
14736,14642,UNWIND
14807,14738,HAS_BLOCK
14738,14740,FLOW
14738,14642,FLOW
14738,14642,UNWIND
14807,14740,HAS_BLOCK
14740,14742,FLOW
14740,14642,FLOW
14740,14642,UNWIND
14807,14742,HAS_BLOCK
14742,14744,FLOW
14742,14642,FLOW
14742,14642,UNWIND
14807,14744,HAS_BLOCK
14744,14746,FLOW
14744,14635,FLOW
14744,14635,UNWIND
14807,14746,HAS_BLOCK
14746,14748,FLOW
14746,14635,FLOW
14746,14635,UNWIND
14807,14748,HAS_BLOCK
14748,14752,FLOW
14748,14635,FLOW
14748,14635,UNWIND
14807,14752,HAS_BLOCK
14752,14754,FLOW
14752,14635,FLOW
14752,14635,UNWIND
14807,14754,HAS_BLOCK
14754,14756,FLOW
14754,14635,FLOW
14754,14635,UNWIND
14807,14756,HAS_BLOCK
14756,14758,FLOW
14756,14635,FLOW
14756,14635,UNWIND
14807,14758,HAS_BLOCK
14758,14759,FLOW
14807,14759,HAS_BLOCK
14759,14761,FLOW
14759,14635,FLOW
14759,14635,UNWIND
14807,14761,HAS_BLOCK
14761,14764,FLOW
14761,14762,FLOW
14761,14715,FLOW
14807,14762,HAS_BLOCK
14762,14765,FLOW
14762,14635,FLOW
14762,14635,UNWIND
14807,14764,HAS_BLOCK
14764,14679,FLOW
14764,14642,FLOW
14764,14642,UNWIND
14807,14765,HAS_BLOCK
14765,14767,FLOW
14765,14635,FLOW
14765,14635,UNWIND
14807,14767,HAS_BLOCK
14767,14770,FLOW
14767,14635,FLOW
14767,14635,UNWIND
14807,14770,HAS_BLOCK
14770,14772,FLOW
14770,14635,FLOW
14770,14635,UNWIND
14807,14772,HAS_BLOCK
14772,14774,FLOW
14772,14635,FLOW
14772,14635,UNWIND
14807,14774,HAS_BLOCK
14774,14776,FLOW
14774,14633,FLOW
14774,14633,UNWIND
14807,14776,HAS_BLOCK
14776,14628,FLOW
14776,14777,FLOW
14776,14715,FLOW
14807,14777,HAS_BLOCK
14777,14778,FLOW
14777,14780,FLOW
14777,14715,FLOW
14807,14778,HAS_BLOCK
14778,14650,FLOW
14778,14633,FLOW
14778,14633,UNWIND
14807,14780,HAS_BLOCK
14780,14781,FLOW
14780,14627,FLOW
14780,14715,FLOW
14807,14781,HAS_BLOCK
14781,14783,FLOW
14781,14633,FLOW
14781,14633,UNWIND
14807,14783,HAS_BLOCK
14783,14785,FLOW
14783,14633,FLOW
14783,14633,UNWIND
14807,14785,HAS_BLOCK
14785,14787,FLOW
14807,14787,HAS_BLOCK
14787,14789,FLOW
14787,14633,FLOW
14787,14633,UNWIND
14807,14789,HAS_BLOCK
14789,14792,FLOW
14789,14790,FLOW
14789,14715,FLOW
14807,14790,HAS_BLOCK
14790,14794,FLOW
14790,14633,FLOW
14790,14633,UNWIND
14807,14792,HAS_BLOCK
14792,14574,FLOW
14792,14633,FLOW
14792,14633,UNWIND
14792,15848,CALL
14807,14794,HAS_BLOCK
14794,14796,FLOW
14794,14633,FLOW
14794,14633,UNWIND
14807,14796,HAS_BLOCK
14796,14798,FLOW
14796,14633,FLOW
14796,14633,UNWIND
14807,14798,HAS_BLOCK
14798,14800,FLOW
14798,14633,FLOW
14798,14633,UNWIND
14807,14800,HAS_BLOCK
14800,14802,FLOW
14800,14633,FLOW
14800,14633,UNWIND
14807,14802,HAS_BLOCK
14802,14804,FLOW
14802,14633,FLOW
14802,14633,UNWIND
14807,14804,HAS_BLOCK
14804,14570,FLOW
14804,14632,FLOW
14804,14632,UNWIND
14807,14570,HAS_BLOCK
14570,14571,FLOW
14570,14573,FLOW
14570,14715,FLOW
14807,14571,HAS_BLOCK
14571,14651,FLOW
14571,14632,FLOW
14571,14632,UNWIND
14807,14573,HAS_BLOCK
14573,14787,FLOW
14573,14633,FLOW
14573,14633,UNWIND
14807,14574,HAS_BLOCK
14574,14575,FLOW
14574,14595,FLOW
14574,14715,FLOW
14807,14575,HAS_BLOCK
14575,14577,FLOW
14575,14633,FLOW
14575,14633,UNWIND
14807,14577,HAS_BLOCK
14577,14579,FLOW
14577,14633,FLOW
14577,14633,UNWIND
14807,14579,HAS_BLOCK
14579,14581,FLOW
14579,14633,FLOW
14579,14633,UNWIND
14807,14581,HAS_BLOCK
14581,14583,FLOW
14581,14633,FLOW
14581,14633,UNWIND
14807,14583,HAS_BLOCK
14583,14585,FLOW
14583,14633,FLOW
14583,14633,UNWIND
14807,14585,HAS_BLOCK
14585,14589,FLOW
14585,14633,FLOW
14585,14633,UNWIND
14807,14589,HAS_BLOCK
14589,14591,FLOW
14589,14631,FLOW
14589,14631,UNWIND
14807,14591,HAS_BLOCK
14591,14592,FLOW
14591,14594,FLOW
14591,14715,FLOW
14807,14592,HAS_BLOCK
14592,14652,FLOW
14592,14631,FLOW
14592,14631,UNWIND
14807,14594,HAS_BLOCK
14594,14595,FLOW
14594,14633,FLOW
14594,14633,UNWIND
14807,14595,HAS_BLOCK
14595,14597,FLOW
14595,14596,FLOW
14807,14596,HAS_BLOCK
14596,14598,FLOW
14807,14597,HAS_BLOCK
14597,14598,FLOW
14807,14598,HAS_BLOCK
14598,14604,FLOW
14598,14599,FLOW
14807,14599,HAS_BLOCK
14599,14600,FLOW
14599,14604,FLOW
14599,14715,FLOW
14807,14600,HAS_BLOCK
14600,14653,FLOW
14600,14633,FLOW
14600,14633,UNWIND
14807,14604,HAS_BLOCK
14604,14605,FLOW
14604,14627,FLOW
14807,14605,HAS_BLOCK
14605,14607,FLOW
14605,14633,FLOW
14605,14633,UNWIND
14807,14607,HAS_BLOCK
14607,14608,FLOW
14607,14627,FLOW
14607,14715,FLOW
14807,14608,HAS_BLOCK
14608,14610,FLOW
14608,14633,FLOW
14608,14633,UNWIND
14807,14610,HAS_BLOCK
14610,14612,FLOW
14610,14630,FLOW
14610,14630,UNWIND
14807,14612,HAS_BLOCK
14612,14614,FLOW
14612,14630,FLOW
14612,14630,UNWIND
14807,14614,HAS_BLOCK
14614,14616,FLOW
14614,14630,FLOW
14614,14630,UNWIND
14807,14616,HAS_BLOCK
14616,14617,FLOW
14616,14633,FLOW
14616,14633,UNWIND
14807,14617,HAS_BLOCK
14617,14619,FLOW
14617,14633,FLOW
14617,14633,UNWIND
14807,14619,HAS_BLOCK
14619,14623,FLOW
14619,14629,FLOW
14619,14629,UNWIND
14807,14623,HAS_BLOCK
14623,14624,FLOW
14623,14626,FLOW
14623,14715,FLOW
14807,14624,HAS_BLOCK
14624,14654,FLOW
14624,14629,FLOW
14624,14629,UNWIND
14807,14626,HAS_BLOCK
14626,14627,FLOW
14626,14633,FLOW
14626,14633,UNWIND
14807,14627,HAS_BLOCK
14627,14759,FLOW
14627,14635,FLOW
14627,14635,UNWIND
14807,14628,HAS_BLOCK
14628,14759,FLOW
14628,14635,FLOW
14628,14635,UNWIND
14807,14629,HAS_BLOCK
14629,14633,FLOW
14807,14630,HAS_BLOCK
14630,14633,FLOW
14807,14631,HAS_BLOCK
14631,14633,FLOW
14807,14632,HAS_BLOCK
14632,14633,FLOW
14807,14633,HAS_BLOCK
14633,14635,FLOW
14807,14635,HAS_BLOCK
14635,14642,FLOW
14807,14636,HAS_BLOCK
14636,14637,FLOW
14807,14637,HAS_BLOCK
14637,14638,FLOW
14807,14638,HAS_BLOCK
14638,14642,FLOW
14807,14639,HAS_BLOCK
14639,14642,FLOW
14807,14640,HAS_BLOCK
14640,14641,FLOW
14807,14641,HAS_BLOCK
14641,14642,FLOW
14807,14642,HAS_BLOCK
14642,14643,FLOW
14807,14643,HAS_BLOCK
14807,14644,HAS_BLOCK
14644,14670,FLOW
14807,14647,HAS_BLOCK
14647,14687,FLOW
14807,14648,HAS_BLOCK
14648,14718,FLOW
14807,14649,HAS_BLOCK
14649,14736,FLOW
14807,14650,HAS_BLOCK
14650,14780,FLOW
14807,14651,HAS_BLOCK
14651,14573,FLOW
14807,14652,HAS_BLOCK
14652,14594,FLOW
14807,14653,HAS_BLOCK
14653,14604,FLOW
14807,14654,HAS_BLOCK
14654,14626,FLOW
15752,15753,HAS_PARAM
15752,15754,HAS_PARAM
15752,15668,HAS_BLOCK
15668,15670,FLOW
15752,15670,HAS_BLOCK
15670,15688,FLOW
15752,15688,HAS_BLOCK
15688,15705,FLOW
15752,15705,HAS_BLOCK
15705,15723,FLOW
15752,15723,HAS_BLOCK
15723,15738,FLOW
15723,15740,FLOW
15723,15740,UNWIND
15752,15738,HAS_BLOCK
15738,15744,FLOW
15738,15740,FLOW
15738,15740,UNWIND
15752,15744,HAS_BLOCK
15744,15746,FLOW
15744,15740,FLOW
15744,15740,UNWIND
15752,15746,HAS_BLOCK
15746,15748,FLOW
15746,15740,FLOW
15746,15740,UNWIND
15752,15748,HAS_BLOCK
15748,15750,FLOW
15748,15740,FLOW
15748,15740,UNWIND
15752,15750,HAS_BLOCK
15750,15671,FLOW
15750,15739,FLOW
15750,15739,UNWIND
15752,15671,HAS_BLOCK
15671,15673,FLOW
15671,15739,FLOW
15671,15739,UNWIND
15752,15673,HAS_BLOCK
15673,15694,FLOW
15673,15674,FLOW
15752,15674,HAS_BLOCK
15674,15676,FLOW
15674,15739,FLOW
15674,15739,UNWIND
15752,15676,HAS_BLOCK
15676,15678,FLOW
15676,15739,FLOW
15676,15739,UNWIND
15752,15678,HAS_BLOCK
15678,15679,FLOW
15678,15694,FLOW
15678,15742,FLOW
15752,15679,HAS_BLOCK
15679,15680,FLOW
15679,15739,FLOW
15679,15739,UNWIND
15752,15680,HAS_BLOCK
15680,15682,FLOW
15680,15739,FLOW
15680,15739,UNWIND
15752,15682,HAS_BLOCK
15682,15684,FLOW
15682,15739,FLOW
15682,15739,UNWIND
15752,15684,HAS_BLOCK
15684,15685,FLOW
15684,15694,FLOW
15684,15742,FLOW
15752,15685,HAS_BLOCK
15685,15689,FLOW
15685,15739,FLOW
15685,15739,UNWIND
15752,15689,HAS_BLOCK
15689,15691,FLOW
15689,15739,FLOW
15689,15739,UNWIND
15752,15691,HAS_BLOCK
15691,15692,FLOW
15691,15693,FLOW
15691,15693,UNWIND
15752,15692,HAS_BLOCK
15692,15694,FLOW
15752,15693,HAS_BLOCK
15693,15739,FLOW
15752,15694,HAS_BLOCK
15694,15696,FLOW
15694,15739,FLOW
15694,15739,UNWIND
15752,15696,HAS_BLOCK
15696,15698,FLOW
15696,15739,FLOW
15696,15739,UNWIND
15752,15698,HAS_BLOCK
15698,15699,FLOW
15698,15706,FLOW
15752,15699,HAS_BLOCK
15699,15701,FLOW
15699,15739,FLOW
15699,15739,UNWIND
15752,15701,HAS_BLOCK
15701,15703,FLOW
15701,15739,FLOW
15701,15739,UNWIND
15752,15703,HAS_BLOCK
15703,15717,FLOW
15703,15706,FLOW
15752,15706,HAS_BLOCK
15706,15708,FLOW
15706,15739,FLOW
15706,15739,UNWIND
15752,15708,HAS_BLOCK
15708,15710,FLOW
15708,15739,FLOW
15708,15739,UNWIND
15752,15710,HAS_BLOCK
15710,15712,FLOW
15710,15736,FLOW
15710,15736,UNWIND
15752,15712,HAS_BLOCK
15712,15714,FLOW
15712,15736,FLOW
15712,15736,UNWIND
15752,15714,HAS_BLOCK
15714,15715,FLOW
15714,15716,FLOW
15714,15716,UNWIND
15752,15715,HAS_BLOCK
15715,15717,FLOW
15715,15739,FLOW
15715,15739,UNWIND
15752,15716,HAS_BLOCK
15716,15736,FLOW
15752,15717,HAS_BLOCK
15717,15719,FLOW
15717,15739,FLOW
15717,15739,UNWIND
15752,15719,HAS_BLOCK
15719,15721,FLOW
15719,15739,FLOW
15719,15739,UNWIND
15752,15721,HAS_BLOCK
15721,15731,FLOW
15721,15724,FLOW
15752,15724,HAS_BLOCK
15724,15726,FLOW
15724,15739,FLOW
15724,15739,UNWIND
15752,15726,HAS_BLOCK
15726,15728,FLOW
15726,15739,FLOW
15726,15739,UNWIND
15752,15728,HAS_BLOCK
15728,15729,FLOW
15728,15730,FLOW
15728,15730,UNWIND
15752,15729,HAS_BLOCK
15729,15731,FLOW
15752,15730,HAS_BLOCK
15730,15739,FLOW
15752,15731,HAS_BLOCK
15731,15733,FLOW
15731,15739,FLOW
15731,15739,UNWIND
15752,15733,HAS_BLOCK
15733,15734,FLOW
15733,15739,FLOW
15733,15739,UNWIND
15752,15734,HAS_BLOCK
15734,15735,FLOW
15752,15735,HAS_BLOCK
15735,15752,RETURN
15752,15736,HAS_BLOCK
15736,15739,FLOW
15752,15739,HAS_BLOCK
15739,15740,FLOW
15752,15740,HAS_BLOCK
15740,15741,FLOW
15752,15741,HAS_BLOCK
15752,15742,HAS_BLOCK
15070,15071,HAS_PARAM
15070,15057,HAS_BLOCK
15057,15059,FLOW
15070,15059,HAS_BLOCK
15059,15061,FLOW
15070,15061,HAS_BLOCK
15061,15063,FLOW
15070,15063,HAS_BLOCK
15063,15065,FLOW
15070,15065,HAS_BLOCK
15065,15067,FLOW
15070,15067,HAS_BLOCK
15067,15069,FLOW
15070,15069,HAS_BLOCK
15069,15070,RETURN
15337,15338,HAS_PARAM
15337,15339,HAS_PARAM
15337,15340,HAS_PARAM
15337,15295,HAS_BLOCK
15295,15297,FLOW
15337,15297,HAS_BLOCK
15297,15315,FLOW
15297,15322,FLOW
15297,15322,UNWIND
15337,15315,HAS_BLOCK
15315,15326,FLOW
15315,15328,FLOW
15315,15302,FLOW
15337,15326,HAS_BLOCK
15326,15329,FLOW
15326,15322,FLOW
15326,15322,UNWIND
15337,15328,HAS_BLOCK
15328,15321,FLOW
15337,15329,HAS_BLOCK
15329,15330,FLOW
15329,15332,FLOW
15329,15302,FLOW
15337,15330,HAS_BLOCK
15330,15333,FLOW
15330,15322,FLOW
15330,15322,UNWIND
15337,15332,HAS_BLOCK
15332,15321,FLOW
15337,15333,HAS_BLOCK
15333,15335,FLOW
15333,15322,FLOW
15333,15322,UNWIND
15337,15335,HAS_BLOCK
15335,15298,FLOW
15335,15322,FLOW
15335,15322,UNWIND
15337,15298,HAS_BLOCK
15298,15299,FLOW
15337,15299,HAS_BLOCK
15299,15301,FLOW
15299,15322,FLOW
15299,15322,UNWIND
15337,15301,HAS_BLOCK
15301,15305,FLOW
15301,15303,FLOW
15301,15302,FLOW
15337,15302,HAS_BLOCK
15337,15303,HAS_BLOCK
15303,15306,FLOW
15303,15322,FLOW
15303,15322,UNWIND
15303,15752,CALL
15337,15305,HAS_BLOCK
15305,15321,FLOW
15337,15306,HAS_BLOCK
15306,15308,FLOW
15306,15325,FLOW
15306,15325,UNWIND
15337,15308,HAS_BLOCK
15308,15310,FLOW
15308,15325,FLOW
15308,15325,UNWIND
15337,15310,HAS_BLOCK
15310,15312,FLOW
15310,15325,FLOW
15310,15325,UNWIND
15337,15312,HAS_BLOCK
15312,15316,FLOW
15312,15325,FLOW
15312,15325,UNWIND
15337,15316,HAS_BLOCK
15316,15318,FLOW
15316,15325,FLOW
15316,15325,UNWIND
15337,15318,HAS_BLOCK
15318,15320,FLOW
15318,15325,FLOW
15318,15325,UNWIND
15337,15320,HAS_BLOCK
15320,15299,FLOW
15337,15321,HAS_BLOCK
15321,15337,RETURN
15337,15322,HAS_BLOCK
15322,15323,FLOW
15337,15323,HAS_BLOCK
15337,15324,HAS_BLOCK
15324,15322,FLOW
15337,15325,HAS_BLOCK
15325,15322,FLOW
15325,15324,FLOW
15361,15362,HAS_PARAM
15361,15363,HAS_PARAM
15361,15364,HAS_PARAM
15361,15341,HAS_BLOCK
15341,15343,FLOW
15361,15343,HAS_BLOCK
15343,15346,FLOW
15343,15348,FLOW
15343,15345,FLOW
15361,15346,HAS_BLOCK
15346,15350,FLOW
15361,15348,HAS_BLOCK
15348,15344,FLOW
15361,15350,HAS_BLOCK
15350,15351,FLOW
15350,15353,FLOW
15350,15345,FLOW
15361,15351,HAS_BLOCK
15351,15355,FLOW
15361,15353,HAS_BLOCK
15353,15344,FLOW
15361,15355,HAS_BLOCK
15355,15357,FLOW
15361,15357,HAS_BLOCK
15357,15359,FLOW
15361,15359,HAS_BLOCK
15359,15344,FLOW
15361,15344,HAS_BLOCK
15344,15361,RETURN
15361,15345,HAS_BLOCK
15007,15008,HAS_PARAM
15007,15009,HAS_PARAM
15007,15010,HAS_PARAM
15007,14980,HAS_BLOCK
14980,14982,FLOW
15007,14982,HAS_BLOCK
14982,14995,FLOW
14982,14989,FLOW
14982,14989,UNWIND
14982,15053,CALL
15007,14995,HAS_BLOCK
14995,14997,FLOW
14995,14989,FLOW
14995,14989,UNWIND
15007,14997,HAS_BLOCK
14997,14998,FLOW
15007,14998,HAS_BLOCK
14998,15000,FLOW
14998,14988,FLOW
14998,14988,UNWIND
15007,15000,HAS_BLOCK
15000,15004,FLOW
15000,15002,FLOW
15000,15001,FLOW
15007,15001,HAS_BLOCK
15007,15002,HAS_BLOCK
15002,15005,FLOW
15002,14993,FLOW
15002,14993,UNWIND
15007,15004,HAS_BLOCK
15004,14986,FLOW
15004,14989,FLOW
15004,14989,UNWIND
15007,15005,HAS_BLOCK
15005,14983,FLOW
15005,14993,FLOW
15005,14993,UNWIND
15005,15752,CALL
15007,14983,HAS_BLOCK
14983,14985,FLOW
14983,14987,FLOW
14983,14987,UNWIND
15007,14985,HAS_BLOCK
14985,14998,FLOW
15007,14986,HAS_BLOCK
14986,15007,RETURN
15007,14987,HAS_BLOCK
14987,14993,FLOW
14987,14991,FLOW
15007,14988,HAS_BLOCK
14988,14989,FLOW
15007,14989,HAS_BLOCK
14989,14990,FLOW
15007,14990,HAS_BLOCK
15007,14991,HAS_BLOCK
14991,14993,FLOW
15007,14992,HAS_BLOCK
14992,14988,FLOW
15007,14993,HAS_BLOCK
14993,14988,FLOW
14993,14992,FLOW
15053,15054,HAS_PARAM
15053,15055,HAS_PARAM
15053,15056,HAS_PARAM
15053,15011,HAS_BLOCK
15011,15013,FLOW
15053,15013,HAS_BLOCK
15013,15033,FLOW
15013,15040,FLOW
15013,15040,UNWIND
15053,15033,HAS_BLOCK
15033,15043,FLOW
15033,15040,FLOW
15033,15040,UNWIND
15053,15043,HAS_BLOCK
15043,15045,FLOW
15043,15040,FLOW
15043,15040,UNWIND
15053,15045,HAS_BLOCK
15045,15046,FLOW
15053,15046,HAS_BLOCK
15046,15048,FLOW
15046,15040,FLOW
15046,15040,UNWIND
15053,15048,HAS_BLOCK
15048,15052,FLOW
15048,15050,FLOW
15048,15049,FLOW
15053,15049,HAS_BLOCK
15053,15050,HAS_BLOCK
15050,15014,FLOW
15050,15040,FLOW
15050,15040,UNWIND
15053,15052,HAS_BLOCK
15052,15053,RETURN
15053,15014,HAS_BLOCK
15014,15016,FLOW
15014,15040,FLOW
15014,15040,UNWIND
15053,15016,HAS_BLOCK
15016,15018,FLOW
15016,15040,FLOW
15016,15040,UNWIND
15053,15018,HAS_BLOCK
15018,15019,FLOW
15053,15019,HAS_BLOCK
15019,15021,FLOW
15019,15040,FLOW
15019,15040,UNWIND
15053,15021,HAS_BLOCK
15021,15046,FLOW
15021,15022,FLOW
15021,15049,FLOW
15053,15022,HAS_BLOCK
15022,15024,FLOW
15022,15040,FLOW
15022,15040,UNWIND
15053,15024,HAS_BLOCK
15024,15026,FLOW
15024,15039,FLOW
15024,15039,UNWIND
15053,15026,HAS_BLOCK
15026,15028,FLOW
15026,15039,FLOW
15026,15039,UNWIND
15053,15028,HAS_BLOCK
15028,15030,FLOW
15028,15039,FLOW
15028,15039,UNWIND
15053,15030,HAS_BLOCK
15030,15034,FLOW
15030,15039,FLOW
15030,15039,UNWIND
15053,15034,HAS_BLOCK
15034,15036,FLOW
15034,15039,FLOW
15034,15039,UNWIND
15053,15036,HAS_BLOCK
15036,15038,FLOW
15036,15039,FLOW
15036,15039,UNWIND
15053,15038,HAS_BLOCK
15038,15019,FLOW
15038,15040,FLOW
15038,15040,UNWIND
15053,15039,HAS_BLOCK
15039,15040,FLOW
15053,15040,HAS_BLOCK
15040,15041,FLOW
15053,15041,HAS_BLOCK
15848,15849,HAS_PARAM
15848,15839,HAS_BLOCK
15839,15841,FLOW
15848,15841,HAS_BLOCK
15841,15844,FLOW
15841,15843,FLOW
15841,15842,FLOW
15848,15842,HAS_BLOCK
15848,15843,HAS_BLOCK
15843,15845,FLOW
15843,15845,FLOW
15843,15845,FLOW
15843,15846,FLOW
15843,15842,FLOW
15848,15844,HAS_BLOCK
15844,15847,FLOW
15848,15845,HAS_BLOCK
15845,15847,FLOW
15848,15846,HAS_BLOCK
15846,15847,FLOW
15848,15847,HAS_BLOCK
15847,15848,RETURN
15916,15918,HAS_FIELD
15916,15917,HAS_FIELD
15883,15885,HAS_FIELD
15883,15884,HAS_FIELD
15861,15864,HAS_FIELD
15861,15865,HAS_FIELD
15861,15867,HAS_FIELD
15861,15863,HAS_FIELD
15861,15866,HAS_FIELD
15861,15862,HAS_FIELD
15905,15907,HAS_FIELD
15905,15906,HAS_FIELD
15851,15854,HAS_FIELD
15851,15852,HAS_FIELD
15851,15853,HAS_FIELD
15872,15874,HAS_FIELD
15872,15873,HAS_FIELD
15856,15860,HAS_FIELD
15856,15859,HAS_FIELD
15856,15857,HAS_FIELD
15856,15858,HAS_FIELD
15894,15896,HAS_FIELD
15894,15895,HAS_FIELD
10770,10771,HAS_PARAM
10770,10772,HAS_PARAM
10770,10767,HAS_BLOCK
10767,10769,FLOW
10770,10769,HAS_BLOCK
10769,10770,RETURN
10765,10766,HAS_PARAM
10765,10758,HAS_BLOCK
10758,10760,FLOW
10765,10760,HAS_BLOCK
10760,10762,FLOW
10760,10763,FLOW
10760,10763,UNWIND
10765,10762,HAS_BLOCK
10762,10765,RETURN
10765,10763,HAS_BLOCK
10763,10764,FLOW
10765,10764,HAS_BLOCK
10920,10921,HAS_PARAM
10920,10922,HAS_PARAM
10920,10917,HAS_BLOCK
10917,10919,FLOW
10920,10919,HAS_BLOCK
10919,10920,RETURN
13542,13543,HAS_PARAM
13542,13539,HAS_BLOCK
13539,13541,FLOW
13542,13541,HAS_BLOCK
13541,13542,RETURN
10957,10958,HAS_PARAM
10957,10959,HAS_PARAM
10957,10954,HAS_BLOCK
10954,10956,FLOW
10957,10956,HAS_BLOCK
10956,10957,RETURN
10986,10987,HAS_PARAM
10986,10988,HAS_PARAM
10986,10982,HAS_BLOCK
10982,10984,FLOW
10982,10983,FLOW
10986,10983,HAS_BLOCK
10983,10985,FLOW
10986,10984,HAS_BLOCK
10984,10985,FLOW
10986,10985,HAS_BLOCK
10985,10986,RETURN
10979,10980,HAS_PARAM
10979,10981,HAS_PARAM
10979,10973,HAS_BLOCK
10973,10977,FLOW
10979,10975,HAS_BLOCK
10975,10978,FLOW
10979,10976,HAS_BLOCK
10976,10978,FLOW
10979,10977,HAS_BLOCK
10977,10975,FLOW
10977,10976,FLOW
10979,10978,HAS_BLOCK
10978,10979,RETURN
10970,10971,HAS_PARAM
10970,10972,HAS_PARAM
10970,10960,HAS_BLOCK
10960,10961,FLOW
10960,10962,FLOW
10970,10961,HAS_BLOCK
10961,10969,FLOW
10970,10962,HAS_BLOCK
10962,10963,FLOW
10962,10961,FLOW
10970,10963,HAS_BLOCK
10963,10964,FLOW
10963,10961,FLOW
10970,10964,HAS_BLOCK
10964,10965,FLOW
10964,10961,FLOW
10970,10965,HAS_BLOCK
10965,10966,FLOW
10965,10961,FLOW
10970,10966,HAS_BLOCK
10966,10967,FLOW
10966,10961,FLOW
10970,10967,HAS_BLOCK
10967,10968,FLOW
10967,10961,FLOW
10970,10968,HAS_BLOCK
10968,10969,FLOW
10970,10969,HAS_BLOCK
10969,10970,RETURN
10952,10953,HAS_PARAM
10952,10949,HAS_BLOCK
10949,10951,FLOW
10952,10951,HAS_BLOCK
10951,10952,RETURN
10992,10993,HAS_PARAM
10992,10994,HAS_PARAM
10992,10989,HAS_BLOCK
10989,10991,FLOW
10992,10991,HAS_BLOCK
10991,10992,RETURN
11075,11076,HAS_PARAM
11075,11077,HAS_PARAM
11075,11057,HAS_BLOCK
11057,11059,FLOW
11057,11061,FLOW
11057,11061,UNWIND
11075,11059,HAS_BLOCK
11059,11065,FLOW
11059,11061,FLOW
11059,11061,UNWIND
11075,11065,HAS_BLOCK
11065,11067,FLOW
11065,11068,FLOW
11065,11066,FLOW
11075,11066,HAS_BLOCK
11075,11067,HAS_BLOCK
11067,11070,FLOW
11067,11072,FLOW
11067,11066,FLOW
11075,11068,HAS_BLOCK
11068,11063,FLOW
11068,11061,FLOW
11068,11061,UNWIND
11075,11070,HAS_BLOCK
11070,11073,FLOW
11070,11061,FLOW
11070,11061,UNWIND
11075,11072,HAS_BLOCK
11072,11060,FLOW
11075,11073,HAS_BLOCK
11073,11074,FLOW
11075,11074,HAS_BLOCK
11074,11060,FLOW
11075,11060,HAS_BLOCK
11060,11075,RETURN
11075,11061,HAS_BLOCK
11061,11062,FLOW
11075,11062,HAS_BLOCK
11075,11063,HAS_BLOCK
11063,11074,FLOW
11054,11055,HAS_PARAM
11054,11056,HAS_PARAM
11054,10995,HAS_BLOCK
10995,10996,FLOW
11054,10996,HAS_BLOCK
10996,11013,FLOW
10996,11042,FLOW
10996,11042,UNWIND
11054,11013,HAS_BLOCK
11013,11030,FLOW
11013,11042,FLOW
11013,11042,UNWIND
11054,11030,HAS_BLOCK
11030,11047,FLOW
11030,11048,FLOW
11030,11041,FLOW
11054,11041,HAS_BLOCK
11054,11047,HAS_BLOCK
11047,11051,FLOW
11047,11050,FLOW
11047,11041,FLOW
11054,11048,HAS_BLOCK
11048,11043,FLOW
11048,11042,FLOW
11048,11042,UNWIND
11054,11050,HAS_BLOCK
11050,11020,FLOW
11050,11022,FLOW
11050,11041,FLOW
11054,11051,HAS_BLOCK
11051,10997,FLOW
11051,11052,FLOW
11051,11041,FLOW
11054,11052,HAS_BLOCK
11052,11015,FLOW
11052,11042,FLOW
11052,11042,UNWIND
11054,10997,HAS_BLOCK
10997,10999,FLOW
10997,11042,FLOW
10997,11042,UNWIND
11054,10999,HAS_BLOCK
10999,11003,FLOW
10999,11000,FLOW
11054,11000,HAS_BLOCK
11000,11002,FLOW
11000,11042,FLOW
11000,11042,UNWIND
11054,11002,HAS_BLOCK
11002,11038,FLOW
11054,11003,HAS_BLOCK
11003,11005,FLOW
11003,11042,FLOW
11003,11042,UNWIND
11054,11005,HAS_BLOCK
11005,11007,FLOW
11005,11042,FLOW
11005,11042,UNWIND
11054,11007,HAS_BLOCK
11007,11008,FLOW
11007,11009,FLOW
11007,11041,FLOW
11054,11008,HAS_BLOCK
11008,11011,FLOW
11008,11014,FLOW
11008,11014,UNWIND
11054,11009,HAS_BLOCK
11009,11044,FLOW
11009,11042,FLOW
11009,11042,UNWIND
11054,11011,HAS_BLOCK
11011,10996,FLOW
11054,11014,HAS_BLOCK
11014,11042,FLOW
11054,11015,HAS_BLOCK
11015,11017,FLOW
11015,11042,FLOW
11015,11042,UNWIND
11054,11017,HAS_BLOCK
11017,10996,FLOW
11017,11018,FLOW
11017,11041,FLOW
11054,11018,HAS_BLOCK
11018,11045,FLOW
11018,11042,FLOW
11018,11042,UNWIND
11054,11020,HAS_BLOCK
11020,11023,FLOW
11020,11042,FLOW
11020,11042,UNWIND
11054,11022,HAS_BLOCK
11022,11031,FLOW
11054,11023,HAS_BLOCK
11023,11025,FLOW
11023,11042,FLOW
11023,11042,UNWIND
11054,11025,HAS_BLOCK
11025,11026,FLOW
11025,11027,FLOW
11025,11041,FLOW
11054,11026,HAS_BLOCK
11026,11031,FLOW
11054,11027,HAS_BLOCK
11027,11046,FLOW
11027,11042,FLOW
11027,11042,UNWIND
11054,11031,HAS_BLOCK
11031,11032,FLOW
11054,11032,HAS_BLOCK
11032,11054,RETURN
11054,11033,HAS_BLOCK
11033,11034,FLOW
11054,11034,HAS_BLOCK
11054,11035,HAS_BLOCK
11035,11032,FLOW
11054,11036,HAS_BLOCK
11036,11035,FLOW
11036,11037,FLOW
11054,11037,HAS_BLOCK
11037,11035,FLOW
11037,11033,FLOW
11037,11033,UNWIND
11054,11038,HAS_BLOCK
11038,11036,FLOW
11038,11035,FLOW
11038,11041,FLOW
11054,11039,HAS_BLOCK
11039,11033,FLOW
11039,11040,FLOW
11054,11040,HAS_BLOCK
11040,11033,FLOW
11054,11042,HAS_BLOCK
11042,11039,FLOW
11042,11033,FLOW
11054,11043,HAS_BLOCK
11043,11038,FLOW
11054,11044,HAS_BLOCK
11044,11038,FLOW
11054,11045,HAS_BLOCK
11045,11038,FLOW
11054,11046,HAS_BLOCK
11046,11038,FLOW
10946,10947,HAS_PARAM
10946,10948,HAS_PARAM
10946,10943,HAS_BLOCK
10943,10945,FLOW
10946,10945,HAS_BLOCK
10945,10946,RETURN
10941,10942,HAS_PARAM
10941,10934,HAS_BLOCK
10934,10936,FLOW
10941,10936,HAS_BLOCK
10936,10938,FLOW
10936,10939,FLOW
10936,10939,UNWIND
10941,10938,HAS_BLOCK
10938,10941,RETURN
10941,10939,HAS_BLOCK
10939,10940,FLOW
10941,10940,HAS_BLOCK
13608,13609,HAS_PARAM
13608,13610,HAS_PARAM
13608,13544,HAS_BLOCK
13544,13545,FLOW
13544,13593,FLOW
13544,13593,UNWIND
13608,13545,HAS_BLOCK
13545,13564,FLOW
13545,13593,FLOW
13545,13593,UNWIND
13608,13564,HAS_BLOCK
13564,13582,FLOW
13564,13593,FLOW
13564,13593,UNWIND
13608,13582,HAS_BLOCK
13582,13594,FLOW
13582,13593,FLOW
13582,13593,UNWIND
13608,13594,HAS_BLOCK
13594,13600,FLOW
13594,13593,FLOW
13594,13593,UNWIND
13608,13600,HAS_BLOCK
13600,13602,FLOW
13600,13593,FLOW
13600,13593,UNWIND
13608,13602,HAS_BLOCK
13602,13604,FLOW
13608,13604,HAS_BLOCK
13604,13606,FLOW
13604,13546,FLOW
13604,13605,FLOW
13608,13605,HAS_BLOCK
13608,13606,HAS_BLOCK
13606,13548,FLOW
13606,13591,FLOW
13606,13591,UNWIND
13608,13546,HAS_BLOCK
13546,13587,FLOW
13608,13548,HAS_BLOCK
13548,13550,FLOW
13548,13591,FLOW
13548,13591,UNWIND
13608,13550,HAS_BLOCK
13550,13551,FLOW
13550,13553,FLOW
13550,13605,FLOW
13608,13551,HAS_BLOCK
13551,13555,FLOW
13551,13591,FLOW
13551,13591,UNWIND
13608,13553,HAS_BLOCK
13553,13595,FLOW
13553,13591,FLOW
13553,13591,UNWIND
13608,13555,HAS_BLOCK
13555,13557,FLOW
13555,13591,FLOW
13555,13591,UNWIND
13608,13557,HAS_BLOCK
13557,13558,FLOW
13557,13560,FLOW
13557,13605,FLOW
13608,13558,HAS_BLOCK
13558,13562,FLOW
13558,13591,FLOW
13558,13591,UNWIND
13608,13560,HAS_BLOCK
13560,13596,FLOW
13560,13591,FLOW
13560,13591,UNWIND
13608,13562,HAS_BLOCK
13562,13565,FLOW
13562,13591,FLOW
13562,13591,UNWIND
13608,13565,HAS_BLOCK
13565,13566,FLOW
13565,13568,FLOW
13565,13605,FLOW
13608,13566,HAS_BLOCK
13566,13570,FLOW
13566,13591,FLOW
13566,13591,UNWIND
13608,13568,HAS_BLOCK
13568,13597,FLOW
13568,13591,FLOW
13568,13591,UNWIND
13608,13570,HAS_BLOCK
13570,13572,FLOW
13570,13591,FLOW
13570,13591,UNWIND
13608,13572,HAS_BLOCK
13572,13573,FLOW
13572,13575,FLOW
13572,13605,FLOW
13608,13573,HAS_BLOCK
13573,13577,FLOW
13573,13591,FLOW
13573,13591,UNWIND
13608,13575,HAS_BLOCK
13575,13598,FLOW
13575,13591,FLOW
13575,13591,UNWIND
13608,13577,HAS_BLOCK
13577,13579,FLOW
13577,13591,FLOW
13577,13591,UNWIND
13608,13579,HAS_BLOCK
13579,13580,FLOW
13579,13583,FLOW
13579,13605,FLOW
13608,13580,HAS_BLOCK
13580,13585,FLOW
13580,13591,FLOW
13580,13591,UNWIND
13608,13583,HAS_BLOCK
13583,13599,FLOW
13583,13591,FLOW
13583,13591,UNWIND
13608,13585,HAS_BLOCK
13585,13588,FLOW
13608,13586,HAS_BLOCK
13586,13587,FLOW
13608,13587,HAS_BLOCK
13587,13588,FLOW
13608,13588,HAS_BLOCK
13588,13608,RETURN
13608,13589,HAS_BLOCK
13608,13590,HAS_BLOCK
13590,13589,FLOW
13608,13591,HAS_BLOCK
13591,13589,FLOW
13591,13590,FLOW
13608,13592,HAS_BLOCK
13592,13589,FLOW
13608,13593,HAS_BLOCK
13593,13589,FLOW
13593,13592,FLOW
13608,13595,HAS_BLOCK
13595,13586,FLOW
13608,13596,HAS_BLOCK
13596,13586,FLOW
13608,13597,HAS_BLOCK
13597,13586,FLOW
13608,13598,HAS_BLOCK
13598,13586,FLOW
13608,13599,HAS_BLOCK
13599,13586,FLOW
10931,10932,HAS_PARAM
10931,10933,HAS_PARAM
10931,10928,HAS_BLOCK
10928,10930,FLOW
10931,10930,HAS_BLOCK
10930,10931,RETURN
10926,10927,HAS_PARAM
10926,10923,HAS_BLOCK
10923,10925,FLOW
10926,10925,HAS_BLOCK
10925,10926,RETURN
10781,10782,HAS_PARAM
10781,10783,HAS_PARAM
10781,10778,HAS_BLOCK
10778,10780,FLOW
10781,10780,HAS_BLOCK
10780,10781,RETURN
10776,10777,HAS_PARAM
10776,10773,HAS_BLOCK
10773,10775,FLOW
10776,10775,HAS_BLOCK
10775,10776,RETURN
13179,13180,HAS_PARAM
13179,13181,HAS_PARAM
13179,13152,HAS_BLOCK
13152,13153,FLOW
13152,13164,FLOW
13152,13164,UNWIND
13179,13153,HAS_BLOCK
13153,13166,FLOW
13153,13164,FLOW
13153,13164,UNWIND
13179,13166,HAS_BLOCK
13166,13168,FLOW
13179,13168,HAS_BLOCK
13168,13170,FLOW
13168,13172,FLOW
13168,13169,FLOW
13179,13169,HAS_BLOCK
13179,13170,HAS_BLOCK
13170,13174,FLOW
13170,13162,FLOW
13170,13162,UNWIND
13179,13172,HAS_BLOCK
13172,13158,FLOW
13179,13174,HAS_BLOCK
13174,13176,FLOW
13174,13162,FLOW
13174,13162,UNWIND
13179,13176,HAS_BLOCK
13176,13177,FLOW
13176,13154,FLOW
13176,13169,FLOW
13179,13177,HAS_BLOCK
13177,13157,FLOW
13177,13162,FLOW
13177,13162,UNWIND
13179,13154,HAS_BLOCK
13154,13156,FLOW
13154,13162,FLOW
13154,13162,UNWIND
13179,13156,HAS_BLOCK
13156,13158,FLOW
13179,13157,HAS_BLOCK
13157,13159,FLOW
13179,13158,HAS_BLOCK
13158,13159,FLOW
13179,13159,HAS_BLOCK
13159,13179,RETURN
13179,13160,HAS_BLOCK
13179,13161,HAS_BLOCK
13161,13160,FLOW
13179,13162,HAS_BLOCK
13162,13160,FLOW
13162,13161,FLOW
13179,13163,HAS_BLOCK
13163,13160,FLOW
13179,13164,HAS_BLOCK
13164,13160,FLOW
13164,13163,FLOW
13150,13151,HAS_PARAM
13150,13147,HAS_BLOCK
13147,13149,FLOW
13150,13149,HAS_BLOCK
13149,13150,RETURN
10792,10793,HAS_PARAM
10792,10794,HAS_PARAM
10792,10789,HAS_BLOCK
10789,10791,FLOW
10792,10791,HAS_BLOCK
10791,10792,RETURN
10825,10826,HAS_PARAM
10825,10827,HAS_PARAM
10825,10821,HAS_BLOCK
10821,10823,FLOW
10821,10822,FLOW
10825,10822,HAS_BLOCK
10822,10824,FLOW
10825,10823,HAS_BLOCK
10823,10824,FLOW
10825,10824,HAS_BLOCK
10824,10825,RETURN
10818,10819,HAS_PARAM
10818,10820,HAS_PARAM
10818,10812,HAS_BLOCK
10812,10816,FLOW
10818,10814,HAS_BLOCK
10814,10817,FLOW
10818,10815,HAS_BLOCK
10815,10817,FLOW
10818,10816,HAS_BLOCK
10816,10814,FLOW
10816,10815,FLOW
10818,10817,HAS_BLOCK
10817,10818,RETURN
10809,10810,HAS_PARAM
10809,10811,HAS_PARAM
10809,10795,HAS_BLOCK
10795,10796,FLOW
10795,10801,FLOW
10809,10796,HAS_BLOCK
10796,10800,FLOW
10809,10801,HAS_BLOCK
10801,10802,FLOW
10801,10796,FLOW
10809,10802,HAS_BLOCK
10802,10803,FLOW
10802,10796,FLOW
10809,10803,HAS_BLOCK
10803,10804,FLOW
10803,10796,FLOW
10809,10804,HAS_BLOCK
10804,10805,FLOW
10804,10796,FLOW
10809,10805,HAS_BLOCK
10805,10806,FLOW
10805,10796,FLOW
10809,10806,HAS_BLOCK
10806,10807,FLOW
10806,10796,FLOW
10809,10807,HAS_BLOCK
10807,10808,FLOW
10807,10796,FLOW
10809,10808,HAS_BLOCK
10808,10797,FLOW
10808,10796,FLOW
10809,10797,HAS_BLOCK
10797,10798,FLOW
10797,10796,FLOW
10809,10798,HAS_BLOCK
10798,10799,FLOW
10798,10796,FLOW
10809,10799,HAS_BLOCK
10799,10800,FLOW
10809,10800,HAS_BLOCK
10800,10809,RETURN
10787,10788,HAS_PARAM
10787,10784,HAS_BLOCK
10784,10786,FLOW
10787,10786,HAS_BLOCK
10786,10787,RETURN
10831,10832,HAS_PARAM
10831,10833,HAS_PARAM
10831,10828,HAS_BLOCK
10828,10830,FLOW
10831,10830,HAS_BLOCK
10830,10831,RETURN
10914,10915,HAS_PARAM
10914,10916,HAS_PARAM
10914,10896,HAS_BLOCK
10896,10898,FLOW
10896,10900,FLOW
10896,10900,UNWIND
10914,10898,HAS_BLOCK
10898,10904,FLOW
10898,10900,FLOW
10898,10900,UNWIND
10914,10904,HAS_BLOCK
10904,10906,FLOW
10904,10907,FLOW
10904,10905,FLOW
10914,10905,HAS_BLOCK
10914,10906,HAS_BLOCK
10906,10909,FLOW
10906,10911,FLOW
10906,10905,FLOW
10914,10907,HAS_BLOCK
10907,10902,FLOW
10907,10900,FLOW
10907,10900,UNWIND
10914,10909,HAS_BLOCK
10909,10912,FLOW
10909,10900,FLOW
10909,10900,UNWIND
10914,10911,HAS_BLOCK
10911,10899,FLOW
10914,10912,HAS_BLOCK
10912,10913,FLOW
10914,10913,HAS_BLOCK
10913,10899,FLOW
10914,10899,HAS_BLOCK
10899,10914,RETURN
10914,10900,HAS_BLOCK
10900,10901,FLOW
10914,10901,HAS_BLOCK
10914,10902,HAS_BLOCK
10902,10913,FLOW
10893,10894,HAS_PARAM
10893,10895,HAS_PARAM
10893,10834,HAS_BLOCK
10834,10835,FLOW
10893,10835,HAS_BLOCK
10835,10852,FLOW
10835,10881,FLOW
10835,10881,UNWIND
10893,10852,HAS_BLOCK
10852,10869,FLOW
10852,10881,FLOW
10852,10881,UNWIND
10893,10869,HAS_BLOCK
10869,10886,FLOW
10869,10887,FLOW
10869,10880,FLOW
10893,10880,HAS_BLOCK
10893,10886,HAS_BLOCK
10886,10890,FLOW
10886,10889,FLOW
10886,10880,FLOW
10893,10887,HAS_BLOCK
10887,10882,FLOW
10887,10881,FLOW
10887,10881,UNWIND
10893,10889,HAS_BLOCK
10889,10859,FLOW
10889,10861,FLOW
10889,10880,FLOW
10893,10890,HAS_BLOCK
10890,10836,FLOW
10890,10891,FLOW
10890,10880,FLOW
10893,10891,HAS_BLOCK
10891,10854,FLOW
10891,10881,FLOW
10891,10881,UNWIND
10893,10836,HAS_BLOCK
10836,10838,FLOW
10836,10881,FLOW
10836,10881,UNWIND
10893,10838,HAS_BLOCK
10838,10842,FLOW
10838,10839,FLOW
10893,10839,HAS_BLOCK
10839,10841,FLOW
10839,10881,FLOW
10839,10881,UNWIND
10893,10841,HAS_BLOCK
10841,10877,FLOW
10893,10842,HAS_BLOCK
10842,10844,FLOW
10842,10881,FLOW
10842,10881,UNWIND
10893,10844,HAS_BLOCK
10844,10846,FLOW
10844,10881,FLOW
10844,10881,UNWIND
10893,10846,HAS_BLOCK
10846,10847,FLOW
10846,10848,FLOW
10846,10880,FLOW
10893,10847,HAS_BLOCK
10847,10850,FLOW
10847,10853,FLOW
10847,10853,UNWIND
10893,10848,HAS_BLOCK
10848,10883,FLOW
10848,10881,FLOW
10848,10881,UNWIND
10893,10850,HAS_BLOCK
10850,10835,FLOW
10893,10853,HAS_BLOCK
10853,10881,FLOW
10893,10854,HAS_BLOCK
10854,10856,FLOW
10854,10881,FLOW
10854,10881,UNWIND
10893,10856,HAS_BLOCK
10856,10835,FLOW
10856,10857,FLOW
10856,10880,FLOW
10893,10857,HAS_BLOCK
10857,10884,FLOW
10857,10881,FLOW
10857,10881,UNWIND
10893,10859,HAS_BLOCK
10859,10862,FLOW
10859,10881,FLOW
10859,10881,UNWIND
10893,10861,HAS_BLOCK
10861,10870,FLOW
10893,10862,HAS_BLOCK
10862,10864,FLOW
10862,10881,FLOW
10862,10881,UNWIND
10893,10864,HAS_BLOCK
10864,10865,FLOW
10864,10866,FLOW
10864,10880,FLOW
10893,10865,HAS_BLOCK
10865,10870,FLOW
10893,10866,HAS_BLOCK
10866,10885,FLOW
10866,10881,FLOW
10866,10881,UNWIND
10893,10870,HAS_BLOCK
10870,10871,FLOW
10893,10871,HAS_BLOCK
10871,10893,RETURN
10893,10872,HAS_BLOCK
10872,10873,FLOW
10893,10873,HAS_BLOCK
10893,10874,HAS_BLOCK
10874,10871,FLOW
10893,10875,HAS_BLOCK
10875,10874,FLOW
10875,10876,FLOW
10893,10876,HAS_BLOCK
10876,10874,FLOW
10876,10872,FLOW
10876,10872,UNWIND
10893,10877,HAS_BLOCK
10877,10875,FLOW
10877,10874,FLOW
10877,10880,FLOW
10893,10878,HAS_BLOCK
10878,10872,FLOW
10878,10879,FLOW
10893,10879,HAS_BLOCK
10879,10872,FLOW
10893,10881,HAS_BLOCK
10881,10878,FLOW
10881,10872,FLOW
10893,10882,HAS_BLOCK
10882,10877,FLOW
10893,10883,HAS_BLOCK
10883,10877,FLOW
10893,10884,HAS_BLOCK
10884,10877,FLOW
10893,10885,HAS_BLOCK
10885,10877,FLOW
11113,11114,HAS_PARAM
11113,11115,HAS_PARAM
11113,11110,HAS_BLOCK
11110,11112,FLOW
11113,11112,HAS_BLOCK
11112,11113,RETURN
11108,11109,HAS_PARAM
11108,11095,HAS_BLOCK
11095,11097,FLOW
11108,11097,HAS_BLOCK
11097,11099,FLOW
11097,11106,FLOW
11097,11106,UNWIND
11108,11099,HAS_BLOCK
11099,11101,FLOW
11099,11105,FLOW
11099,11105,UNWIND
11108,11101,HAS_BLOCK
11101,11103,FLOW
11101,11104,FLOW
11101,11104,UNWIND
11108,11103,HAS_BLOCK
11103,11108,RETURN
11108,11104,HAS_BLOCK
11104,11105,FLOW
11108,11105,HAS_BLOCK
11105,11106,FLOW
11108,11106,HAS_BLOCK
11106,11107,FLOW
11108,11107,HAS_BLOCK
11092,11093,HAS_PARAM
11092,11094,HAS_PARAM
11092,11089,HAS_BLOCK
11089,11091,FLOW
11092,11091,HAS_BLOCK
11091,11092,RETURN
11087,11088,HAS_PARAM
11087,11078,HAS_BLOCK
11078,11080,FLOW
11087,11080,HAS_BLOCK
11080,11082,FLOW
11087,11082,HAS_BLOCK
11082,11084,FLOW
11082,11085,FLOW
11082,11085,UNWIND
11087,11084,HAS_BLOCK
11084,11087,RETURN
11087,11085,HAS_BLOCK
11085,11086,FLOW
11087,11086,HAS_BLOCK
11224,11225,HAS_PARAM
11224,11226,HAS_PARAM
11224,11205,HAS_BLOCK
11205,11212,FLOW
11205,11211,FLOW
11205,11210,FLOW
11205,11209,FLOW
11205,11208,FLOW
11205,11207,FLOW
11205,11223,FLOW
11205,11222,FLOW
11205,11221,FLOW
11205,11220,FLOW
11205,11219,FLOW
11205,11218,FLOW
11205,11217,FLOW
11205,11216,FLOW
11205,11206,FLOW
11224,11206,HAS_BLOCK
11224,11216,HAS_BLOCK
11216,11213,FLOW
11224,11217,HAS_BLOCK
11217,11213,FLOW
11224,11218,HAS_BLOCK
11218,11213,FLOW
11224,11219,HAS_BLOCK
11219,11213,FLOW
11224,11220,HAS_BLOCK
11220,11213,FLOW
11224,11221,HAS_BLOCK
11221,11213,FLOW
11224,11222,HAS_BLOCK
11222,11213,FLOW
11224,11223,HAS_BLOCK
11223,11213,FLOW
11224,11207,HAS_BLOCK
11207,11213,FLOW
11224,11208,HAS_BLOCK
11208,11213,FLOW
11224,11209,HAS_BLOCK
11209,11213,FLOW
11224,11210,HAS_BLOCK
11210,11213,FLOW
11224,11211,HAS_BLOCK
11211,11213,FLOW
11224,11212,HAS_BLOCK
11212,11213,FLOW
11224,11213,HAS_BLOCK
11213,11215,FLOW
11224,11215,HAS_BLOCK
11215,11224,RETURN
11196,11197,HAS_PARAM
11196,11195,HAS_BLOCK
11195,11196,RETURN
16180,16181,HAS_PARAM
16180,16182,HAS_PARAM
16180,16149,HAS_BLOCK
16149,16161,FLOW
16149,16159,FLOW
16149,16157,FLOW
16149,16155,FLOW
16149,16153,FLOW
16149,16151,FLOW
16149,16178,FLOW
16149,16176,FLOW
16149,16174,FLOW
16149,16172,FLOW
16149,16170,FLOW
16149,16168,FLOW
16149,16166,FLOW
16149,16164,FLOW
16149,16150,FLOW
16180,16150,HAS_BLOCK
16180,16164,HAS_BLOCK
16164,16163,FLOW
16180,16166,HAS_BLOCK
16166,16163,FLOW
16180,16168,HAS_BLOCK
16168,16163,FLOW
16180,16170,HAS_BLOCK
16170,16163,FLOW
16180,16172,HAS_BLOCK
16172,16163,FLOW
16180,16174,HAS_BLOCK
16174,16163,FLOW
16180,16176,HAS_BLOCK
16176,16163,FLOW
16180,16178,HAS_BLOCK
16178,16163,FLOW
16180,16151,HAS_BLOCK
16151,16163,FLOW
16180,16153,HAS_BLOCK
16153,16163,FLOW
16180,16155,HAS_BLOCK
16155,16163,FLOW
16180,16157,HAS_BLOCK
16157,16163,FLOW
16180,16159,HAS_BLOCK
16159,16163,FLOW
16180,16161,HAS_BLOCK
16161,16163,FLOW
16180,16163,HAS_BLOCK
16163,16180,RETURN
15922,15923,HAS_PARAM
15922,15919,HAS_BLOCK
15919,15921,FLOW
15922,15921,HAS_BLOCK
15921,15922,RETURN
12585,12586,HAS_PARAM
12585,12587,HAS_PARAM
12585,12582,HAS_BLOCK
12582,12584,FLOW
12585,12584,HAS_BLOCK
12584,12585,RETURN
12776,12777,HAS_PARAM
12776,12778,HAS_PARAM
12776,12757,HAS_BLOCK
12757,12764,FLOW
12757,12763,FLOW
12757,12762,FLOW
12757,12761,FLOW
12757,12760,FLOW
12757,12759,FLOW
12757,12775,FLOW
12757,12774,FLOW
12757,12773,FLOW
12757,12772,FLOW
12757,12771,FLOW
12757,12770,FLOW
12757,12769,FLOW
12757,12768,FLOW
12757,12758,FLOW
12776,12758,HAS_BLOCK
12758,12765,FLOW
12776,12768,HAS_BLOCK
12768,12766,FLOW
12776,12769,HAS_BLOCK
12769,12766,FLOW
12776,12770,HAS_BLOCK
12770,12766,FLOW
12776,12771,HAS_BLOCK
12771,12766,FLOW
12776,12772,HAS_BLOCK
12772,12766,FLOW
12776,12773,HAS_BLOCK
12773,12766,FLOW
12776,12774,HAS_BLOCK
12774,12766,FLOW
12776,12775,HAS_BLOCK
12775,12766,FLOW
12776,12759,HAS_BLOCK
12759,12766,FLOW
12776,12760,HAS_BLOCK
12760,12766,FLOW
12776,12761,HAS_BLOCK
12761,12766,FLOW
12776,12762,HAS_BLOCK
12762,12766,FLOW
12776,12763,HAS_BLOCK
12763,12766,FLOW
12776,12764,HAS_BLOCK
12764,12766,FLOW
12776,12765,HAS_BLOCK
12765,12766,FLOW
12776,12766,HAS_BLOCK
12766,12776,RETURN
12754,12755,HAS_PARAM
12754,12756,HAS_PARAM
12754,12694,HAS_BLOCK
12694,12743,FLOW
12754,12696,HAS_BLOCK
12696,12744,FLOW
12754,12713,HAS_BLOCK
12713,12745,FLOW
12754,12728,HAS_BLOCK
12728,12742,FLOW
12754,12740,HAS_BLOCK
12740,12745,FLOW
12754,12746,HAS_BLOCK
12746,12741,FLOW
12754,12748,HAS_BLOCK
12748,12745,FLOW
12754,12749,HAS_BLOCK
12749,12738,FLOW
12754,12751,HAS_BLOCK
12751,12745,FLOW
12754,12752,HAS_BLOCK
12752,12737,FLOW
12754,12697,HAS_BLOCK
12697,12745,FLOW
12754,12698,HAS_BLOCK
12698,12736,FLOW
12754,12700,HAS_BLOCK
12700,12745,FLOW
12754,12701,HAS_BLOCK
12701,12735,FLOW
12754,12703,HAS_BLOCK
12703,12745,FLOW
12754,12704,HAS_BLOCK
12704,12734,FLOW
12754,12706,HAS_BLOCK
12706,12745,FLOW
12754,12707,HAS_BLOCK
12707,12733,FLOW
12754,12709,HAS_BLOCK
12709,12745,FLOW
12754,12710,HAS_BLOCK
12710,12732,FLOW
12754,12714,HAS_BLOCK
12714,12745,FLOW
12754,12715,HAS_BLOCK
12715,12731,FLOW
12754,12717,HAS_BLOCK
12717,12745,FLOW
12754,12718,HAS_BLOCK
12718,12730,FLOW
12754,12720,HAS_BLOCK
12720,12745,FLOW
12754,12721,HAS_BLOCK
12721,12729,FLOW
12754,12723,HAS_BLOCK
12723,12745,FLOW
12754,12724,HAS_BLOCK
12724,12727,FLOW
12754,12726,HAS_BLOCK
12726,12745,FLOW
12754,12727,HAS_BLOCK
12727,12696,FLOW
12727,12726,FLOW
12754,12729,HAS_BLOCK
12729,12724,FLOW
12729,12723,FLOW
12754,12730,HAS_BLOCK
12730,12721,FLOW
12730,12720,FLOW
12754,12731,HAS_BLOCK
12731,12718,FLOW
12731,12717,FLOW
12754,12732,HAS_BLOCK
12732,12715,FLOW
12732,12714,FLOW
12754,12733,HAS_BLOCK
12733,12710,FLOW
12733,12709,FLOW
12754,12734,HAS_BLOCK
12734,12707,FLOW
12734,12706,FLOW
12754,12735,HAS_BLOCK
12735,12704,FLOW
12735,12703,FLOW
12754,12736,HAS_BLOCK
12736,12701,FLOW
12736,12700,FLOW
12754,12737,HAS_BLOCK
12737,12698,FLOW
12737,12697,FLOW
12754,12738,HAS_BLOCK
12738,12752,FLOW
12738,12751,FLOW
12754,12741,HAS_BLOCK
12741,12749,FLOW
12741,12748,FLOW
12754,12742,HAS_BLOCK
12742,12746,FLOW
12742,12740,FLOW
12754,12743,HAS_BLOCK
12743,12728,FLOW
12743,12713,FLOW
12754,12744,HAS_BLOCK
12744,12745,FLOW
12754,12745,HAS_BLOCK
12745,12754,RETURN
12691,12692,HAS_PARAM
12691,12693,HAS_PARAM
12691,12588,HAS_BLOCK
12588,12606,FLOW
12588,12601,FLOW
12691,12589,HAS_BLOCK
12589,12683,FLOW
12691,12601,HAS_BLOCK
12601,12612,FLOW
12601,12590,FLOW
12601,12597,FLOW
12601,12589,FLOW
12691,12612,HAS_BLOCK
12612,12623,FLOW
12612,12589,FLOW
12691,12623,HAS_BLOCK
12623,12634,FLOW
12623,12589,FLOW
12691,12634,HAS_BLOCK
12634,12645,FLOW
12634,12589,FLOW
12691,12645,HAS_BLOCK
12645,12656,FLOW
12645,12589,FLOW
12691,12656,HAS_BLOCK
12656,12667,FLOW
12656,12589,FLOW
12691,12667,HAS_BLOCK
12667,12678,FLOW
12667,12589,FLOW
12691,12678,HAS_BLOCK
12678,12682,FLOW
12678,12589,FLOW
12691,12590,HAS_BLOCK
12590,12591,FLOW
12590,12589,FLOW
12691,12591,HAS_BLOCK
12591,12592,FLOW
12591,12589,FLOW
12691,12592,HAS_BLOCK
12592,12593,FLOW
12592,12589,FLOW
12691,12593,HAS_BLOCK
12593,12594,FLOW
12593,12589,FLOW
12691,12594,HAS_BLOCK
12594,12595,FLOW
12594,12589,FLOW
12691,12595,HAS_BLOCK
12595,12596,FLOW
12595,12589,FLOW
12691,12596,HAS_BLOCK
12596,12673,FLOW
12596,12589,FLOW
12691,12597,HAS_BLOCK
12597,12598,FLOW
12597,12589,FLOW
12691,12598,HAS_BLOCK
12598,12599,FLOW
12598,12589,FLOW
12691,12599,HAS_BLOCK
12599,12602,FLOW
12599,12589,FLOW
12691,12602,HAS_BLOCK
12602,12603,FLOW
12602,12589,FLOW
12691,12603,HAS_BLOCK
12603,12604,FLOW
12603,12589,FLOW
12691,12604,HAS_BLOCK
12604,12605,FLOW
12604,12589,FLOW
12691,12605,HAS_BLOCK
12605,12669,FLOW
12605,12589,FLOW
12691,12606,HAS_BLOCK
12606,12624,FLOW
12606,12607,FLOW
12691,12607,HAS_BLOCK
12607,12608,FLOW
12607,12618,FLOW
12607,12589,FLOW
12691,12608,HAS_BLOCK
12608,12609,FLOW
12608,12614,FLOW
12608,12589,FLOW
12691,12609,HAS_BLOCK
12609,12610,FLOW
12609,12589,FLOW
12691,12610,HAS_BLOCK
12610,12611,FLOW
12610,12589,FLOW
12691,12611,HAS_BLOCK
12611,12613,FLOW
12611,12589,FLOW
12691,12613,HAS_BLOCK
12613,12681,FLOW
12613,12589,FLOW
12691,12614,HAS_BLOCK
12614,12615,FLOW
12614,12589,FLOW
12691,12615,HAS_BLOCK
12615,12616,FLOW
12615,12589,FLOW
12691,12616,HAS_BLOCK
12616,12617,FLOW
12616,12589,FLOW
12691,12617,HAS_BLOCK
12617,12672,FLOW
12617,12589,FLOW
12691,12618,HAS_BLOCK
12618,12619,FLOW
12618,12589,FLOW
12691,12619,HAS_BLOCK
12619,12620,FLOW
12619,12589,FLOW
12691,12620,HAS_BLOCK
12620,12621,FLOW
12620,12589,FLOW
12691,12621,HAS_BLOCK
12621,12622,FLOW
12621,12589,FLOW
12691,12622,HAS_BLOCK
12622,12680,FLOW
12622,12589,FLOW
12691,12624,HAS_BLOCK
12624,12636,FLOW
12624,12625,FLOW
12691,12625,HAS_BLOCK
12625,12626,FLOW
12625,12629,FLOW
12625,12632,FLOW
12625,12589,FLOW
12691,12626,HAS_BLOCK
12626,12627,FLOW
12626,12589,FLOW
12691,12627,HAS_BLOCK
12627,12628,FLOW
12627,12589,FLOW
12691,12628,HAS_BLOCK
12628,12679,FLOW
12628,12589,FLOW
12691,12629,HAS_BLOCK
12629,12630,FLOW
12629,12589,FLOW
12691,12630,HAS_BLOCK
12630,12631,FLOW
12630,12589,FLOW
12691,12631,HAS_BLOCK
12631,12676,FLOW
12631,12589,FLOW
12691,12632,HAS_BLOCK
12632,12633,FLOW
12632,12589,FLOW
12691,12633,HAS_BLOCK
12633,12635,FLOW
12633,12589,FLOW
12691,12635,HAS_BLOCK
12635,12671,FLOW
12635,12589,FLOW
12691,12636,HAS_BLOCK
12636,12655,FLOW
12636,12637,FLOW
12691,12637,HAS_BLOCK
12637,12638,FLOW
12637,12642,FLOW
12637,12647,FLOW
12637,12651,FLOW
12637,12589,FLOW
12691,12638,HAS_BLOCK
12638,12639,FLOW
12638,12589,FLOW
12691,12639,HAS_BLOCK
12639,12640,FLOW
12639,12589,FLOW
12691,12640,HAS_BLOCK
12640,12641,FLOW
12640,12589,FLOW
12691,12641,HAS_BLOCK
12641,12677,FLOW
12641,12589,FLOW
12691,12642,HAS_BLOCK
12642,12643,FLOW
12642,12589,FLOW
12691,12643,HAS_BLOCK
12643,12644,FLOW
12643,12589,FLOW
12691,12644,HAS_BLOCK
12644,12646,FLOW
12644,12589,FLOW
12691,12646,HAS_BLOCK
12646,12675,FLOW
12646,12589,FLOW
12691,12647,HAS_BLOCK
12647,12648,FLOW
12647,12589,FLOW
12691,12648,HAS_BLOCK
12648,12649,FLOW
12648,12589,FLOW
12691,12649,HAS_BLOCK
12649,12650,FLOW
12649,12589,FLOW
12691,12650,HAS_BLOCK
12650,12674,FLOW
12650,12589,FLOW
12691,12651,HAS_BLOCK
12651,12652,FLOW
12651,12589,FLOW
12691,12652,HAS_BLOCK
12652,12653,FLOW
12652,12589,FLOW
12691,12653,HAS_BLOCK
12653,12654,FLOW
12653,12589,FLOW
12691,12654,HAS_BLOCK
12654,12668,FLOW
12654,12589,FLOW
12691,12655,HAS_BLOCK
12655,12589,FLOW
12655,12657,FLOW
12691,12657,HAS_BLOCK
12657,12658,FLOW
12657,12589,FLOW
12691,12658,HAS_BLOCK
12658,12659,FLOW
12658,12589,FLOW
12691,12659,HAS_BLOCK
12659,12660,FLOW
12659,12589,FLOW
12691,12660,HAS_BLOCK
12660,12661,FLOW
12660,12589,FLOW
12691,12661,HAS_BLOCK
12661,12662,FLOW
12661,12589,FLOW
12691,12662,HAS_BLOCK
12662,12663,FLOW
12662,12589,FLOW
12691,12663,HAS_BLOCK
12663,12664,FLOW
12663,12589,FLOW
12691,12664,HAS_BLOCK
12664,12665,FLOW
12664,12589,FLOW
12691,12665,HAS_BLOCK
12665,12666,FLOW
12665,12589,FLOW
12691,12666,HAS_BLOCK
12666,12670,FLOW
12666,12589,FLOW
12691,12668,HAS_BLOCK
12668,12688,FLOW
12691,12669,HAS_BLOCK
12669,12688,FLOW
12691,12670,HAS_BLOCK
12670,12688,FLOW
12691,12671,HAS_BLOCK
12671,12688,FLOW
12691,12672,HAS_BLOCK
12672,12688,FLOW
12691,12673,HAS_BLOCK
12673,12688,FLOW
12691,12674,HAS_BLOCK
12674,12688,FLOW
12691,12675,HAS_BLOCK
12675,12688,FLOW
12691,12676,HAS_BLOCK
12676,12688,FLOW
12691,12677,HAS_BLOCK
12677,12688,FLOW
12691,12679,HAS_BLOCK
12679,12688,FLOW
12691,12680,HAS_BLOCK
12680,12688,FLOW
12691,12681,HAS_BLOCK
12681,12688,FLOW
12691,12682,HAS_BLOCK
12682,12688,FLOW
12691,12683,HAS_BLOCK
12683,12685,FLOW
12683,12689,FLOW
12683,12689,UNWIND
12691,12685,HAS_BLOCK
12685,12687,FLOW
12685,12689,FLOW
12685,12689,UNWIND
12691,12687,HAS_BLOCK
12687,12688,FLOW
12691,12688,HAS_BLOCK
12688,12691,RETURN
12691,12689,HAS_BLOCK
12689,12690,FLOW
12691,12690,HAS_BLOCK
12580,12581,HAS_PARAM
12580,12577,HAS_BLOCK
12577,12579,FLOW
12580,12579,HAS_BLOCK
12579,12580,RETURN
12782,12783,HAS_PARAM
12782,12784,HAS_PARAM
12782,12779,HAS_BLOCK
12779,12781,FLOW
12782,12781,HAS_BLOCK
12781,12782,RETURN
12907,12908,HAS_PARAM
12907,12909,HAS_PARAM
12907,12785,HAS_BLOCK
12785,12787,FLOW
12907,12787,HAS_BLOCK
12787,12809,FLOW
12907,12809,HAS_BLOCK
12809,12841,FLOW
12809,12857,FLOW
12809,12825,FLOW
12907,12825,HAS_BLOCK
12907,12841,HAS_BLOCK
12841,12806,FLOW
12841,12804,FLOW
12841,12802,FLOW
12841,12800,FLOW
12841,12798,FLOW
12841,12796,FLOW
12841,12794,FLOW
12841,12792,FLOW
12841,12790,FLOW
12841,12788,FLOW
12841,12905,FLOW
12841,12903,FLOW
12841,12891,FLOW
12841,12874,FLOW
12841,12825,FLOW
12907,12857,HAS_BLOCK
12857,12901,FLOW
12907,12874,HAS_BLOCK
12874,12895,FLOW
12907,12891,HAS_BLOCK
12891,12887,FLOW
12907,12903,HAS_BLOCK
12903,12881,FLOW
12907,12905,HAS_BLOCK
12905,12875,FLOW
12907,12788,HAS_BLOCK
12788,12867,FLOW
12907,12790,HAS_BLOCK
12790,12861,FLOW
12907,12792,HAS_BLOCK
12792,12854,FLOW
12907,12794,HAS_BLOCK
12794,12848,FLOW
12907,12796,HAS_BLOCK
12796,12842,FLOW
12907,12798,HAS_BLOCK
12798,12835,FLOW
12907,12800,HAS_BLOCK
12800,12829,FLOW
12907,12802,HAS_BLOCK
12802,12822,FLOW
12907,12804,HAS_BLOCK
12804,12816,FLOW
12907,12806,HAS_BLOCK
12806,12810,FLOW
12907,12810,HAS_BLOCK
12810,12812,FLOW
12907,12812,HAS_BLOCK
12812,12813,FLOW
12812,12814,FLOW
12812,12825,FLOW
12907,12813,HAS_BLOCK
12813,12901,FLOW
12907,12814,HAS_BLOCK
12814,12901,FLOW
12907,12816,HAS_BLOCK
12816,12818,FLOW
12907,12818,HAS_BLOCK
12818,12819,FLOW
12818,12820,FLOW
12818,12825,FLOW
12907,12819,HAS_BLOCK
12819,12901,FLOW
12907,12820,HAS_BLOCK
12820,12901,FLOW
12907,12822,HAS_BLOCK
12822,12824,FLOW
12907,12824,HAS_BLOCK
12824,12826,FLOW
12824,12827,FLOW
12824,12825,FLOW
12907,12826,HAS_BLOCK
12826,12901,FLOW
12907,12827,HAS_BLOCK
12827,12901,FLOW
12907,12829,HAS_BLOCK
12829,12831,FLOW
12907,12831,HAS_BLOCK
12831,12832,FLOW
12831,12833,FLOW
12831,12825,FLOW
12907,12832,HAS_BLOCK
12832,12901,FLOW
12907,12833,HAS_BLOCK
12833,12901,FLOW
12907,12835,HAS_BLOCK
12835,12837,FLOW
12907,12837,HAS_BLOCK
12837,12838,FLOW
12837,12839,FLOW
12837,12825,FLOW
12907,12838,HAS_BLOCK
12838,12901,FLOW
12907,12839,HAS_BLOCK
12839,12901,FLOW
12907,12842,HAS_BLOCK
12842,12844,FLOW
12907,12844,HAS_BLOCK
12844,12845,FLOW
12844,12846,FLOW
12844,12825,FLOW
12907,12845,HAS_BLOCK
12845,12901,FLOW
12907,12846,HAS_BLOCK
12846,12901,FLOW
12907,12848,HAS_BLOCK
12848,12850,FLOW
12907,12850,HAS_BLOCK
12850,12851,FLOW
12850,12852,FLOW
12850,12825,FLOW
12907,12851,HAS_BLOCK
12851,12901,FLOW
12907,12852,HAS_BLOCK
12852,12901,FLOW
12907,12854,HAS_BLOCK
12854,12856,FLOW
12907,12856,HAS_BLOCK
12856,12858,FLOW
12856,12859,FLOW
12856,12825,FLOW
12907,12858,HAS_BLOCK
12858,12901,FLOW
12907,12859,HAS_BLOCK
12859,12901,FLOW
12907,12861,HAS_BLOCK
12861,12863,FLOW
12907,12863,HAS_BLOCK
12863,12864,FLOW
12863,12865,FLOW
12863,12825,FLOW
12907,12864,HAS_BLOCK
12864,12901,FLOW
12907,12865,HAS_BLOCK
12865,12901,FLOW
12907,12867,HAS_BLOCK
12867,12869,FLOW
12907,12869,HAS_BLOCK
12869,12870,FLOW
12869,12871,FLOW
12869,12825,FLOW
12907,12870,HAS_BLOCK
12870,12901,FLOW
12907,12871,HAS_BLOCK
12871,12901,FLOW
12907,12875,HAS_BLOCK
12875,12877,FLOW
12907,12877,HAS_BLOCK
12877,12878,FLOW
12877,12879,FLOW
12877,12825,FLOW
12907,12878,HAS_BLOCK
12878,12901,FLOW
12907,12879,HAS_BLOCK
12879,12901,FLOW
12907,12881,HAS_BLOCK
12881,12883,FLOW
12907,12883,HAS_BLOCK
12883,12884,FLOW
12883,12885,FLOW
12883,12825,FLOW
12907,12884,HAS_BLOCK
12884,12901,FLOW
12907,12885,HAS_BLOCK
12885,12901,FLOW
12907,12887,HAS_BLOCK
12887,12889,FLOW
12907,12889,HAS_BLOCK
12889,12892,FLOW
12889,12893,FLOW
12889,12825,FLOW
12907,12892,HAS_BLOCK
12892,12901,FLOW
12907,12893,HAS_BLOCK
12893,12901,FLOW
12907,12895,HAS_BLOCK
12895,12897,FLOW
12907,12897,HAS_BLOCK
12897,12898,FLOW
12897,12899,FLOW
12897,12825,FLOW
12907,12898,HAS_BLOCK
12898,12901,FLOW
12907,12899,HAS_BLOCK
12899,12901,FLOW
12907,12901,HAS_BLOCK
12901,12907,RETURN
11202,11203,HAS_PARAM
11202,11204,HAS_PARAM
11202,11201,HAS_BLOCK
11201,11202,RETURN
11199,11200,HAS_PARAM
11199,11198,HAS_BLOCK
11198,11199,RETURN
11160,11161,HAS_PARAM
11160,11162,HAS_PARAM
11160,11137,HAS_BLOCK
11137,11148,FLOW
11137,11147,FLOW
11137,11146,FLOW
11137,11145,FLOW
11137,11144,FLOW
11137,11143,FLOW
11137,11142,FLOW
11137,11141,FLOW
11137,11140,FLOW
11137,11139,FLOW
11137,11159,FLOW
11137,11158,FLOW
11137,11157,FLOW
11137,11156,FLOW
11137,11155,FLOW
11137,11154,FLOW
11137,11153,FLOW
11137,11149,FLOW
11137,11138,FLOW
11160,11138,HAS_BLOCK
11160,11149,HAS_BLOCK
11149,11150,FLOW
11160,11153,HAS_BLOCK
11153,11150,FLOW
11160,11154,HAS_BLOCK
11154,11150,FLOW
11160,11155,HAS_BLOCK
11155,11150,FLOW
11160,11156,HAS_BLOCK
11156,11150,FLOW
11160,11157,HAS_BLOCK
11157,11150,FLOW
11160,11158,HAS_BLOCK
11158,11150,FLOW
11160,11159,HAS_BLOCK
11159,11150,FLOW
11160,11139,HAS_BLOCK
11139,11150,FLOW
11160,11140,HAS_BLOCK
11140,11150,FLOW
11160,11141,HAS_BLOCK
11141,11150,FLOW
11160,11142,HAS_BLOCK
11142,11150,FLOW
11160,11143,HAS_BLOCK
11143,11150,FLOW
11160,11144,HAS_BLOCK
11144,11150,FLOW
11160,11145,HAS_BLOCK
11145,11150,FLOW
11160,11146,HAS_BLOCK
11146,11150,FLOW
11160,11147,HAS_BLOCK
11147,11150,FLOW
11160,11148,HAS_BLOCK
11148,11150,FLOW
11160,11150,HAS_BLOCK
11150,11152,FLOW
11160,11152,HAS_BLOCK
11152,11160,RETURN
11128,11129,HAS_PARAM
11128,11127,HAS_BLOCK
11127,11128,RETURN
16012,16013,HAS_PARAM
16012,16014,HAS_PARAM
16012,15973,HAS_BLOCK
15973,15993,FLOW
15973,15991,FLOW
15973,15989,FLOW
15973,15987,FLOW
15973,15985,FLOW
15973,15983,FLOW
15973,15981,FLOW
15973,15979,FLOW
15973,15977,FLOW
15973,15975,FLOW
15973,16010,FLOW
15973,16008,FLOW
15973,16006,FLOW
15973,16004,FLOW
15973,16002,FLOW
15973,16000,FLOW
15973,15998,FLOW
15973,15995,FLOW
15973,15974,FLOW
16012,15974,HAS_BLOCK
16012,15995,HAS_BLOCK
15995,15996,FLOW
16012,15998,HAS_BLOCK
15998,15996,FLOW
16012,16000,HAS_BLOCK
16000,15996,FLOW
16012,16002,HAS_BLOCK
16002,15996,FLOW
16012,16004,HAS_BLOCK
16004,15996,FLOW
16012,16006,HAS_BLOCK
16006,15996,FLOW
16012,16008,HAS_BLOCK
16008,15996,FLOW
16012,16010,HAS_BLOCK
16010,15996,FLOW
16012,15975,HAS_BLOCK
15975,15996,FLOW
16012,15977,HAS_BLOCK
15977,15996,FLOW
16012,15979,HAS_BLOCK
15979,15996,FLOW
16012,15981,HAS_BLOCK
15981,15996,FLOW
16012,15983,HAS_BLOCK
15983,15996,FLOW
16012,15985,HAS_BLOCK
15985,15996,FLOW
16012,15987,HAS_BLOCK
15987,15996,FLOW
16012,15989,HAS_BLOCK
15989,15996,FLOW
16012,15991,HAS_BLOCK
15991,15996,FLOW
16012,15993,HAS_BLOCK
15993,15996,FLOW
16012,15996,HAS_BLOCK
15996,16012,RETURN
15889,15890,HAS_PARAM
15889,15886,HAS_BLOCK
15886,15888,FLOW
15889,15888,HAS_BLOCK
15888,15889,RETURN
11448,11449,HAS_PARAM
11448,11450,HAS_PARAM
11448,11445,HAS_BLOCK
11445,11447,FLOW
11448,11447,HAS_BLOCK
11447,11448,RETURN
11720,11721,HAS_PARAM
11720,11722,HAS_PARAM
11720,11697,HAS_BLOCK
11697,11708,FLOW
11697,11707,FLOW
11697,11706,FLOW
11697,11705,FLOW
11697,11704,FLOW
11697,11703,FLOW
11697,11702,FLOW
11697,11701,FLOW
11697,11700,FLOW
11697,11699,FLOW
11697,11719,FLOW
11697,11718,FLOW
11697,11717,FLOW
11697,11716,FLOW
11697,11715,FLOW
11697,11714,FLOW
11697,11713,FLOW
11697,11710,FLOW
11697,11698,FLOW
11720,11698,HAS_BLOCK
11698,11711,FLOW
11720,11710,HAS_BLOCK
11710,11712,FLOW
11720,11713,HAS_BLOCK
11713,11712,FLOW
11720,11714,HAS_BLOCK
11714,11712,FLOW
11720,11715,HAS_BLOCK
11715,11712,FLOW
11720,11716,HAS_BLOCK
11716,11712,FLOW
11720,11717,HAS_BLOCK
11717,11712,FLOW
11720,11718,HAS_BLOCK
11718,11712,FLOW
11720,11719,HAS_BLOCK
11719,11712,FLOW
11720,11699,HAS_BLOCK
11699,11712,FLOW
11720,11700,HAS_BLOCK
11700,11712,FLOW
11720,11701,HAS_BLOCK
11701,11712,FLOW
11720,11702,HAS_BLOCK
11702,11712,FLOW
11720,11703,HAS_BLOCK
11703,11712,FLOW
11720,11704,HAS_BLOCK
11704,11712,FLOW
11720,11705,HAS_BLOCK
11705,11712,FLOW
11720,11706,HAS_BLOCK
11706,11712,FLOW
11720,11707,HAS_BLOCK
11707,11712,FLOW
11720,11708,HAS_BLOCK
11708,11712,FLOW
11720,11711,HAS_BLOCK
11711,11712,FLOW
11720,11712,HAS_BLOCK
11712,11720,RETURN
11694,11695,HAS_PARAM
11694,11696,HAS_PARAM
11694,11618,HAS_BLOCK
11618,11684,FLOW
11694,11620,HAS_BLOCK
11620,11685,FLOW
11694,11637,HAS_BLOCK
11637,11686,FLOW
11694,11653,HAS_BLOCK
11653,11683,FLOW
11694,11668,HAS_BLOCK
11668,11686,FLOW
11694,11679,HAS_BLOCK
11679,11682,FLOW
11694,11688,HAS_BLOCK
11688,11686,FLOW
11694,11689,HAS_BLOCK
11689,11681,FLOW
11694,11691,HAS_BLOCK
11691,11686,FLOW
11694,11692,HAS_BLOCK
11692,11680,FLOW
11694,11621,HAS_BLOCK
11621,11686,FLOW
11694,11622,HAS_BLOCK
11622,11678,FLOW
11694,11624,HAS_BLOCK
11624,11686,FLOW
11694,11625,HAS_BLOCK
11625,11677,FLOW
11694,11627,HAS_BLOCK
11627,11686,FLOW
11694,11628,HAS_BLOCK
11628,11676,FLOW
11694,11630,HAS_BLOCK
11630,11686,FLOW
11694,11631,HAS_BLOCK
11631,11675,FLOW
11694,11633,HAS_BLOCK
11633,11686,FLOW
11694,11634,HAS_BLOCK
11634,11674,FLOW
11694,11638,HAS_BLOCK
11638,11686,FLOW
11694,11639,HAS_BLOCK
11639,11673,FLOW
11694,11641,HAS_BLOCK
11641,11686,FLOW
11694,11642,HAS_BLOCK
11642,11672,FLOW
11694,11644,HAS_BLOCK
11644,11686,FLOW
11694,11645,HAS_BLOCK
11645,11671,FLOW
11694,11647,HAS_BLOCK
11647,11686,FLOW
11694,11648,HAS_BLOCK
11648,11670,FLOW
11694,11650,HAS_BLOCK
11650,11686,FLOW
11694,11651,HAS_BLOCK
11651,11669,FLOW
11694,11654,HAS_BLOCK
11654,11686,FLOW
11694,11655,HAS_BLOCK
11655,11666,FLOW
11694,11657,HAS_BLOCK
11657,11686,FLOW
11694,11658,HAS_BLOCK
11658,11665,FLOW
11694,11660,HAS_BLOCK
11660,11686,FLOW
11694,11661,HAS_BLOCK
11661,11664,FLOW
11694,11663,HAS_BLOCK
11663,11686,FLOW
11694,11664,HAS_BLOCK
11664,11620,FLOW
11664,11663,FLOW
11694,11665,HAS_BLOCK
11665,11661,FLOW
11665,11660,FLOW
11694,11666,HAS_BLOCK
11666,11658,FLOW
11666,11657,FLOW
11694,11669,HAS_BLOCK
11669,11655,FLOW
11669,11654,FLOW
11694,11670,HAS_BLOCK
11670,11651,FLOW
11670,11650,FLOW
11694,11671,HAS_BLOCK
11671,11648,FLOW
11671,11647,FLOW
11694,11672,HAS_BLOCK
11672,11645,FLOW
11672,11644,FLOW
11694,11673,HAS_BLOCK
11673,11642,FLOW
11673,11641,FLOW
11694,11674,HAS_BLOCK
11674,11639,FLOW
11674,11638,FLOW
11694,11675,HAS_BLOCK
11675,11634,FLOW
11675,11633,FLOW
11694,11676,HAS_BLOCK
11676,11631,FLOW
11676,11630,FLOW
11694,11677,HAS_BLOCK
11677,11628,FLOW
11677,11627,FLOW
11694,11678,HAS_BLOCK
11678,11625,FLOW
11678,11624,FLOW
11694,11680,HAS_BLOCK
11680,11622,FLOW
11680,11621,FLOW
11694,11681,HAS_BLOCK
11681,11692,FLOW
11681,11691,FLOW
11694,11682,HAS_BLOCK
11682,11689,FLOW
11682,11688,FLOW
11694,11683,HAS_BLOCK
11683,11679,FLOW
11683,11668,FLOW
11694,11684,HAS_BLOCK
11684,11653,FLOW
11684,11637,FLOW
11694,11685,HAS_BLOCK
11685,11686,FLOW
11694,11686,HAS_BLOCK
11686,11694,RETURN
11615,11616,HAS_PARAM
11615,11617,HAS_PARAM
11615,11451,HAS_BLOCK
11451,11533,FLOW
11451,11527,FLOW
11615,11452,HAS_BLOCK
11452,11514,FLOW
11615,11527,HAS_BLOCK
11527,11538,FLOW
11527,11524,FLOW
11527,11452,FLOW
11615,11538,HAS_BLOCK
11538,11549,FLOW
11538,11452,FLOW
11615,11549,HAS_BLOCK
11549,11560,FLOW
11549,11452,FLOW
11615,11560,HAS_BLOCK
11560,11571,FLOW
11560,11453,FLOW
11560,11497,FLOW
11560,11452,FLOW
11615,11571,HAS_BLOCK
11571,11582,FLOW
11571,11452,FLOW
11615,11582,HAS_BLOCK
11582,11593,FLOW
11582,11452,FLOW
11615,11593,HAS_BLOCK
11593,11604,FLOW
11593,11452,FLOW
11615,11604,HAS_BLOCK
11604,11513,FLOW
11604,11452,FLOW
11615,11453,HAS_BLOCK
11453,11464,FLOW
11453,11452,FLOW
11615,11464,HAS_BLOCK
11464,11475,FLOW
11464,11452,FLOW
11615,11475,HAS_BLOCK
11475,11486,FLOW
11475,11452,FLOW
11615,11486,HAS_BLOCK
11486,11511,FLOW
11486,11452,FLOW
11615,11497,HAS_BLOCK
11497,11508,FLOW
11497,11452,FLOW
11615,11508,HAS_BLOCK
11508,11521,FLOW
11508,11452,FLOW
11615,11521,HAS_BLOCK
11521,11523,FLOW
11521,11452,FLOW
11615,11523,HAS_BLOCK
11523,11510,FLOW
11523,11452,FLOW
11615,11524,HAS_BLOCK
11524,11525,FLOW
11524,11452,FLOW
11615,11525,HAS_BLOCK
11525,11528,FLOW
11525,11452,FLOW
11615,11528,HAS_BLOCK
11528,11529,FLOW
11528,11452,FLOW
11615,11529,HAS_BLOCK
11529,11530,FLOW
11529,11452,FLOW
11615,11530,HAS_BLOCK
11530,11531,FLOW
11530,11452,FLOW
11615,11531,HAS_BLOCK
11531,11532,FLOW
11531,11452,FLOW
11615,11532,HAS_BLOCK
11532,11502,FLOW
11532,11452,FLOW
11615,11533,HAS_BLOCK
11533,11544,FLOW
11533,11534,FLOW
11615,11534,HAS_BLOCK
11534,11535,FLOW
11534,11452,FLOW
11615,11535,HAS_BLOCK
11535,11536,FLOW
11535,11452,FLOW
11615,11536,HAS_BLOCK
11536,11537,FLOW
11536,11452,FLOW
11615,11537,HAS_BLOCK
11537,11539,FLOW
11537,11452,FLOW
11615,11539,HAS_BLOCK
11539,11540,FLOW
11539,11452,FLOW
11615,11540,HAS_BLOCK
11540,11541,FLOW
11540,11452,FLOW
11615,11541,HAS_BLOCK
11541,11542,FLOW
11541,11452,FLOW
11615,11542,HAS_BLOCK
11542,11543,FLOW
11542,11452,FLOW
11615,11543,HAS_BLOCK
11543,11512,FLOW
11543,11452,FLOW
11615,11544,HAS_BLOCK
11544,11559,FLOW
11544,11545,FLOW
11615,11545,HAS_BLOCK
11545,11546,FLOW
11545,11553,FLOW
11545,11452,FLOW
11615,11546,HAS_BLOCK
11546,11547,FLOW
11546,11452,FLOW
11615,11547,HAS_BLOCK
11547,11548,FLOW
11547,11452,FLOW
11615,11548,HAS_BLOCK
11548,11550,FLOW
11548,11452,FLOW
11615,11550,HAS_BLOCK
11550,11551,FLOW
11550,11452,FLOW
11615,11551,HAS_BLOCK
11551,11552,FLOW
11551,11452,FLOW
11615,11552,HAS_BLOCK
11552,11509,FLOW
11552,11452,FLOW
11615,11553,HAS_BLOCK
11553,11554,FLOW
11553,11452,FLOW
11615,11554,HAS_BLOCK
11554,11555,FLOW
11554,11452,FLOW
11615,11555,HAS_BLOCK
11555,11556,FLOW
11555,11452,FLOW
11615,11556,HAS_BLOCK
11556,11557,FLOW
11556,11452,FLOW
11615,11557,HAS_BLOCK
11557,11558,FLOW
11557,11452,FLOW
11615,11558,HAS_BLOCK
11558,11496,FLOW
11558,11452,FLOW
11615,11559,HAS_BLOCK
11559,11568,FLOW
11559,11561,FLOW
11615,11561,HAS_BLOCK
11561,11562,FLOW
11561,11565,FLOW
11561,11452,FLOW
11615,11562,HAS_BLOCK
11562,11563,FLOW
11562,11452,FLOW
11615,11563,HAS_BLOCK
11563,11564,FLOW
11563,11452,FLOW
11615,11564,HAS_BLOCK
11564,11507,FLOW
11564,11452,FLOW
11615,11565,HAS_BLOCK
11565,11566,FLOW
11565,11452,FLOW
11615,11566,HAS_BLOCK
11566,11567,FLOW
11566,11452,FLOW
11615,11567,HAS_BLOCK
11567,11506,FLOW
11567,11452,FLOW
11615,11568,HAS_BLOCK
11568,11592,FLOW
11568,11569,FLOW
11615,11569,HAS_BLOCK
11569,11570,FLOW
11569,11576,FLOW
11569,11581,FLOW
11569,11587,FLOW
11569,11452,FLOW
11615,11570,HAS_BLOCK
11570,11572,FLOW
11570,11452,FLOW
11615,11572,HAS_BLOCK
11572,11573,FLOW
11572,11452,FLOW
11615,11573,HAS_BLOCK
11573,11574,FLOW
11573,11452,FLOW
11615,11574,HAS_BLOCK
11574,11575,FLOW
11574,11452,FLOW
11615,11575,HAS_BLOCK
11575,11505,FLOW
11575,11452,FLOW
11615,11576,HAS_BLOCK
11576,11577,FLOW
11576,11452,FLOW
11615,11577,HAS_BLOCK
11577,11578,FLOW
11577,11452,FLOW
11615,11578,HAS_BLOCK
11578,11579,FLOW
11578,11452,FLOW
11615,11579,HAS_BLOCK
11579,11580,FLOW
11579,11452,FLOW
11615,11580,HAS_BLOCK
11580,11504,FLOW
11580,11452,FLOW
11615,11581,HAS_BLOCK
11581,11583,FLOW
11581,11452,FLOW
11615,11583,HAS_BLOCK
11583,11584,FLOW
11583,11452,FLOW
11615,11584,HAS_BLOCK
11584,11585,FLOW
11584,11452,FLOW
11615,11585,HAS_BLOCK
11585,11586,FLOW
11585,11452,FLOW
11615,11586,HAS_BLOCK
11586,11501,FLOW
11586,11452,FLOW
11615,11587,HAS_BLOCK
11587,11588,FLOW
11587,11452,FLOW
11615,11588,HAS_BLOCK
11588,11589,FLOW
11588,11452,FLOW
11615,11589,HAS_BLOCK
11589,11590,FLOW
11589,11452,FLOW
11615,11590,HAS_BLOCK
11590,11591,FLOW
11590,11452,FLOW
11615,11591,HAS_BLOCK
11591,11500,FLOW
11591,11452,FLOW
11615,11592,HAS_BLOCK
11592,11462,FLOW
11592,11594,FLOW
11615,11594,HAS_BLOCK
11594,11595,FLOW
11594,11605,FLOW
11594,11614,FLOW
11594,11452,FLOW
11615,11595,HAS_BLOCK
11595,11596,FLOW
11595,11452,FLOW
11615,11596,HAS_BLOCK
11596,11597,FLOW
11596,11452,FLOW
11615,11597,HAS_BLOCK
11597,11598,FLOW
11597,11452,FLOW
11615,11598,HAS_BLOCK
11598,11599,FLOW
11598,11452,FLOW
11615,11599,HAS_BLOCK
11599,11600,FLOW
11599,11452,FLOW
11615,11600,HAS_BLOCK
11600,11601,FLOW
11600,11452,FLOW
11615,11601,HAS_BLOCK
11601,11602,FLOW
11601,11452,FLOW
11615,11602,HAS_BLOCK
11602,11603,FLOW
11602,11452,FLOW
11615,11603,HAS_BLOCK
11603,11503,FLOW
11603,11452,FLOW
11615,11605,HAS_BLOCK
11605,11606,FLOW
11605,11452,FLOW
11615,11606,HAS_BLOCK
11606,11607,FLOW
11606,11452,FLOW
11615,11607,HAS_BLOCK
11607,11608,FLOW
11607,11452,FLOW
11615,11608,HAS_BLOCK
11608,11609,FLOW
11608,11452,FLOW
11615,11609,HAS_BLOCK
11609,11610,FLOW
11609,11452,FLOW
11615,11610,HAS_BLOCK
11610,11611,FLOW
11610,11452,FLOW
11615,11611,HAS_BLOCK
11611,11612,FLOW
11611,11452,FLOW
11615,11612,HAS_BLOCK
11612,11613,FLOW
11612,11452,FLOW
11615,11613,HAS_BLOCK
11613,11499,FLOW
11613,11452,FLOW
11615,11614,HAS_BLOCK
11614,11454,FLOW
11614,11452,FLOW
11615,11454,HAS_BLOCK
11454,11455,FLOW
11454,11452,FLOW
11615,11455,HAS_BLOCK
11455,11456,FLOW
11455,11452,FLOW
11615,11456,HAS_BLOCK
11456,11457,FLOW
11456,11452,FLOW
11615,11457,HAS_BLOCK
11457,11458,FLOW
11457,11452,FLOW
11615,11458,HAS_BLOCK
11458,11459,FLOW
11458,11452,FLOW
11615,11459,HAS_BLOCK
11459,11460,FLOW
11459,11452,FLOW
11615,11460,HAS_BLOCK
11460,11461,FLOW
11460,11452,FLOW
11615,11461,HAS_BLOCK
11461,11498,FLOW
11461,11452,FLOW
11615,11462,HAS_BLOCK
11462,11480,FLOW
11462,11463,FLOW
11615,11463,HAS_BLOCK
11463,11465,FLOW
11463,11452,FLOW
11615,11465,HAS_BLOCK
11465,11466,FLOW
11465,11452,FLOW
11615,11466,HAS_BLOCK
11466,11467,FLOW
11466,11452,FLOW
11615,11467,HAS_BLOCK
11467,11468,FLOW
11467,11452,FLOW
11615,11468,HAS_BLOCK
11468,11469,FLOW
11468,11452,FLOW
11615,11469,HAS_BLOCK
11469,11470,FLOW
11469,11452,FLOW
11615,11470,HAS_BLOCK
11470,11471,FLOW
11470,11452,FLOW
11615,11471,HAS_BLOCK
11471,11472,FLOW
11471,11452,FLOW
11615,11472,HAS_BLOCK
11472,11473,FLOW
11472,11452,FLOW
11615,11473,HAS_BLOCK
11473,11474,FLOW
11473,11452,FLOW
11615,11474,HAS_BLOCK
11474,11476,FLOW
11474,11452,FLOW
11615,11476,HAS_BLOCK
11476,11477,FLOW
11476,11452,FLOW
11615,11477,HAS_BLOCK
11477,11478,FLOW
11477,11452,FLOW
11615,11478,HAS_BLOCK
11478,11479,FLOW
11478,11452,FLOW
11615,11479,HAS_BLOCK
11479,11495,FLOW
11479,11452,FLOW
11615,11480,HAS_BLOCK
11480,11452,FLOW
11480,11481,FLOW
11615,11481,HAS_BLOCK
11481,11482,FLOW
11481,11452,FLOW
11615,11482,HAS_BLOCK
11482,11483,FLOW
11482,11452,FLOW
11615,11483,HAS_BLOCK
11483,11484,FLOW
11483,11452,FLOW
11615,11484,HAS_BLOCK
11484,11485,FLOW
11484,11452,FLOW
11615,11485,HAS_BLOCK
11485,11487,FLOW
11485,11452,FLOW
11615,11487,HAS_BLOCK
11487,11488,FLOW
11487,11452,FLOW
11615,11488,HAS_BLOCK
11488,11489,FLOW
11488,11452,FLOW
11615,11489,HAS_BLOCK
11489,11490,FLOW
11489,11452,FLOW
11615,11490,HAS_BLOCK
11490,11491,FLOW
11490,11452,FLOW
11615,11491,HAS_BLOCK
11491,11492,FLOW
11491,11452,FLOW
11615,11492,HAS_BLOCK
11492,11493,FLOW
11492,11452,FLOW
11615,11493,HAS_BLOCK
11493,11494,FLOW
11493,11452,FLOW
11615,11494,HAS_BLOCK
11494,11519,FLOW
11615,11495,HAS_BLOCK
11495,11519,FLOW
11615,11496,HAS_BLOCK
11496,11519,FLOW
11615,11498,HAS_BLOCK
11498,11519,FLOW
11615,11499,HAS_BLOCK
11499,11519,FLOW
11615,11500,HAS_BLOCK
11500,11519,FLOW
11615,11501,HAS_BLOCK
11501,11519,FLOW
11615,11502,HAS_BLOCK
11502,11519,FLOW
11615,11503,HAS_BLOCK
11503,11519,FLOW
11615,11504,HAS_BLOCK
11504,11519,FLOW
11615,11505,HAS_BLOCK
11505,11519,FLOW
11615,11506,HAS_BLOCK
11506,11519,FLOW
11615,11507,HAS_BLOCK
11507,11519,FLOW
11615,11509,HAS_BLOCK
11509,11519,FLOW
11615,11510,HAS_BLOCK
11510,11519,FLOW
11615,11511,HAS_BLOCK
11511,11519,FLOW
11615,11512,HAS_BLOCK
11512,11519,FLOW
11615,11513,HAS_BLOCK
11513,11519,FLOW
11615,11514,HAS_BLOCK
11514,11516,FLOW
11514,11520,FLOW
11514,11520,UNWIND
11615,11516,HAS_BLOCK
11516,11518,FLOW
11516,11520,FLOW
11516,11520,UNWIND
11615,11518,HAS_BLOCK
11518,11519,FLOW
11615,11519,HAS_BLOCK
11519,11615,RETURN
11615,11520,HAS_BLOCK
11520,11522,FLOW
11615,11522,HAS_BLOCK
11443,11444,HAS_PARAM
11443,11440,HAS_BLOCK
11440,11442,FLOW
11443,11442,HAS_BLOCK
11442,11443,RETURN
11726,11727,HAS_PARAM
11726,11728,HAS_PARAM
11726,11723,HAS_BLOCK
11723,11725,FLOW
11726,11725,HAS_BLOCK
11725,11726,RETURN
11883,11884,HAS_PARAM
11883,11885,HAS_PARAM
11883,11729,HAS_BLOCK
11729,11731,FLOW
11883,11731,HAS_BLOCK
11731,11753,FLOW
11883,11753,HAS_BLOCK
11753,11787,FLOW
11753,11803,FLOW
11753,11771,FLOW
11883,11771,HAS_BLOCK
11883,11787,HAS_BLOCK
11787,11760,FLOW
11787,11758,FLOW
11787,11756,FLOW
11787,11754,FLOW
11787,11750,FLOW
11787,11748,FLOW
11787,11746,FLOW
11787,11744,FLOW
11787,11742,FLOW
11787,11740,FLOW
11787,11738,FLOW
11787,11736,FLOW
11787,11734,FLOW
11787,11732,FLOW
11787,11871,FLOW
11787,11854,FLOW
11787,11837,FLOW
11787,11820,FLOW
11787,11771,FLOW
11883,11803,HAS_BLOCK
11803,11881,FLOW
11883,11820,HAS_BLOCK
11820,11875,FLOW
11883,11837,HAS_BLOCK
11837,11867,FLOW
11883,11854,HAS_BLOCK
11854,11861,FLOW
11883,11871,HAS_BLOCK
11871,11855,FLOW
11883,11732,HAS_BLOCK
11732,11847,FLOW
11883,11734,HAS_BLOCK
11734,11841,FLOW
11883,11736,HAS_BLOCK
11736,11833,FLOW
11883,11738,HAS_BLOCK
11738,11827,FLOW
11883,11740,HAS_BLOCK
11740,11821,FLOW
11883,11742,HAS_BLOCK
11742,11813,FLOW
11883,11744,HAS_BLOCK
11744,11807,FLOW
11883,11746,HAS_BLOCK
11746,11800,FLOW
11883,11748,HAS_BLOCK
11748,11794,FLOW
11883,11750,HAS_BLOCK
11750,11788,FLOW
11883,11754,HAS_BLOCK
11754,11781,FLOW
11883,11756,HAS_BLOCK
11756,11775,FLOW
11883,11758,HAS_BLOCK
11758,11768,FLOW
11883,11760,HAS_BLOCK
11760,11762,FLOW
11883,11762,HAS_BLOCK
11762,11764,FLOW
11883,11764,HAS_BLOCK
11764,11765,FLOW
11764,11766,FLOW
11764,11771,FLOW
11883,11765,HAS_BLOCK
11765,11881,FLOW
11883,11766,HAS_BLOCK
11766,11881,FLOW
11883,11768,HAS_BLOCK
11768,11770,FLOW
11883,11770,HAS_BLOCK
11770,11772,FLOW
11770,11773,FLOW
11770,11771,FLOW
11883,11772,HAS_BLOCK
11772,11881,FLOW
11883,11773,HAS_BLOCK
11773,11881,FLOW
11883,11775,HAS_BLOCK
11775,11777,FLOW
11883,11777,HAS_BLOCK
11777,11778,FLOW
11777,11779,FLOW
11777,11771,FLOW
11883,11778,HAS_BLOCK
11778,11881,FLOW
11883,11779,HAS_BLOCK
11779,11881,FLOW
11883,11781,HAS_BLOCK
11781,11783,FLOW
11883,11783,HAS_BLOCK
11783,11784,FLOW
11783,11785,FLOW
11783,11771,FLOW
11883,11784,HAS_BLOCK
11784,11881,FLOW
11883,11785,HAS_BLOCK
11785,11881,FLOW
11883,11788,HAS_BLOCK
11788,11790,FLOW
11883,11790,HAS_BLOCK
11790,11791,FLOW
11790,11792,FLOW
11790,11771,FLOW
11883,11791,HAS_BLOCK
11791,11881,FLOW
11883,11792,HAS_BLOCK
11792,11881,FLOW
11883,11794,HAS_BLOCK
11794,11796,FLOW
11883,11796,HAS_BLOCK
11796,11797,FLOW
11796,11798,FLOW
11796,11771,FLOW
11883,11797,HAS_BLOCK
11797,11881,FLOW
11883,11798,HAS_BLOCK
11798,11881,FLOW
11883,11800,HAS_BLOCK
11800,11802,FLOW
11883,11802,HAS_BLOCK
11802,11804,FLOW
11802,11805,FLOW
11802,11771,FLOW
11883,11804,HAS_BLOCK
11804,11881,FLOW
11883,11805,HAS_BLOCK
11805,11881,FLOW
11883,11807,HAS_BLOCK
11807,11809,FLOW
11883,11809,HAS_BLOCK
11809,11810,FLOW
11809,11811,FLOW
11809,11771,FLOW
11883,11810,HAS_BLOCK
11810,11881,FLOW
11883,11811,HAS_BLOCK
11811,11881,FLOW
11883,11813,HAS_BLOCK
11813,11815,FLOW
11883,11815,HAS_BLOCK
11815,11816,FLOW
11815,11817,FLOW
11815,11771,FLOW
11883,11816,HAS_BLOCK
11816,11881,FLOW
11883,11817,HAS_BLOCK
11817,11881,FLOW
11883,11821,HAS_BLOCK
11821,11823,FLOW
11883,11823,HAS_BLOCK
11823,11824,FLOW
11823,11825,FLOW
11823,11771,FLOW
11883,11824,HAS_BLOCK
11824,11881,FLOW
11883,11825,HAS_BLOCK
11825,11881,FLOW
11883,11827,HAS_BLOCK
11827,11829,FLOW
11883,11829,HAS_BLOCK
11829,11830,FLOW
11829,11831,FLOW
11829,11771,FLOW
11883,11830,HAS_BLOCK
11830,11881,FLOW
11883,11831,HAS_BLOCK
11831,11881,FLOW
11883,11833,HAS_BLOCK
11833,11835,FLOW
11883,11835,HAS_BLOCK
11835,11838,FLOW
11835,11839,FLOW
11835,11771,FLOW
11883,11838,HAS_BLOCK
11838,11881,FLOW
11883,11839,HAS_BLOCK
11839,11881,FLOW
11883,11841,HAS_BLOCK
11841,11843,FLOW
11883,11843,HAS_BLOCK
11843,11844,FLOW
11843,11845,FLOW
11843,11771,FLOW
11883,11844,HAS_BLOCK
11844,11881,FLOW
11883,11845,HAS_BLOCK
11845,11881,FLOW
11883,11847,HAS_BLOCK
11847,11849,FLOW
11883,11849,HAS_BLOCK
11849,11850,FLOW
11849,11851,FLOW
11849,11771,FLOW
11883,11850,HAS_BLOCK
11850,11881,FLOW
11883,11851,HAS_BLOCK
11851,11881,FLOW
11883,11855,HAS_BLOCK
11855,11857,FLOW
11883,11857,HAS_BLOCK
11857,11858,FLOW
11857,11859,FLOW
11857,11771,FLOW
11883,11858,HAS_BLOCK
11858,11881,FLOW
11883,11859,HAS_BLOCK
11859,11881,FLOW
11883,11861,HAS_BLOCK
11861,11863,FLOW
11883,11863,HAS_BLOCK
11863,11864,FLOW
11863,11865,FLOW
11863,11771,FLOW
11883,11864,HAS_BLOCK
11864,11881,FLOW
11883,11865,HAS_BLOCK
11865,11881,FLOW
11883,11867,HAS_BLOCK
11867,11869,FLOW
11883,11869,HAS_BLOCK
11869,11872,FLOW
11869,11873,FLOW
11869,11771,FLOW
11883,11872,HAS_BLOCK
11872,11881,FLOW
11883,11873,HAS_BLOCK
11873,11881,FLOW
11883,11875,HAS_BLOCK
11875,11877,FLOW
11883,11877,HAS_BLOCK
11877,11878,FLOW
11877,11879,FLOW
11877,11771,FLOW
11883,11878,HAS_BLOCK
11878,11881,FLOW
11883,11879,HAS_BLOCK
11879,11881,FLOW
11883,11881,HAS_BLOCK
11881,11883,RETURN
11134,11135,HAS_PARAM
11134,11136,HAS_PARAM
11134,11133,HAS_BLOCK
11133,11134,RETURN
11131,11132,HAS_PARAM
11131,11130,HAS_BLOCK
11130,11131,RETURN
11192,11193,HAS_PARAM
11192,11194,HAS_PARAM
11192,11189,HAS_BLOCK
11189,11191,FLOW
11192,11191,HAS_BLOCK
11191,11192,RETURN
11187,11188,HAS_PARAM
11187,11178,HAS_BLOCK
11178,11180,FLOW
11187,11180,HAS_BLOCK
11180,11182,FLOW
11187,11182,HAS_BLOCK
11182,11184,FLOW
11182,11185,FLOW
11182,11185,UNWIND
11187,11184,HAS_BLOCK
11184,11187,RETURN
11187,11185,HAS_BLOCK
11185,11186,FLOW
11187,11186,HAS_BLOCK
16146,16147,HAS_PARAM
16146,16148,HAS_PARAM
16146,16073,HAS_BLOCK
16073,16074,FLOW
16073,16132,FLOW
16073,16132,UNWIND
16146,16074,HAS_BLOCK
16074,16093,FLOW
16074,16132,FLOW
16074,16132,UNWIND
16146,16093,HAS_BLOCK
16093,16111,FLOW
16093,16132,FLOW
16093,16132,UNWIND
16146,16111,HAS_BLOCK
16111,16127,FLOW
16111,16132,FLOW
16111,16132,UNWIND
16146,16127,HAS_BLOCK
16127,16138,FLOW
16127,16132,FLOW
16127,16132,UNWIND
16146,16138,HAS_BLOCK
16138,16140,FLOW
16138,16132,FLOW
16138,16132,UNWIND
16146,16140,HAS_BLOCK
16140,16142,FLOW
16140,16132,FLOW
16140,16132,UNWIND
16146,16142,HAS_BLOCK
16142,16144,FLOW
16146,16144,HAS_BLOCK
16144,16075,FLOW
16144,16077,FLOW
16144,16145,FLOW
16146,16145,HAS_BLOCK
16146,16075,HAS_BLOCK
16075,16079,FLOW
16075,16130,FLOW
16075,16130,UNWIND
16146,16077,HAS_BLOCK
16077,16125,FLOW
16146,16079,HAS_BLOCK
16079,16081,FLOW
16079,16130,FLOW
16079,16130,UNWIND
16146,16081,HAS_BLOCK
16081,16082,FLOW
16081,16084,FLOW
16081,16145,FLOW
16146,16082,HAS_BLOCK
16082,16086,FLOW
16082,16130,FLOW
16082,16130,UNWIND
16146,16084,HAS_BLOCK
16084,16133,FLOW
16084,16130,FLOW
16084,16130,UNWIND
16146,16086,HAS_BLOCK
16086,16088,FLOW
16086,16130,FLOW
16086,16130,UNWIND
16146,16088,HAS_BLOCK
16088,16089,FLOW
16088,16091,FLOW
16088,16145,FLOW
16146,16089,HAS_BLOCK
16089,16094,FLOW
16089,16130,FLOW
16089,16130,UNWIND
16146,16091,HAS_BLOCK
16091,16134,FLOW
16091,16130,FLOW
16091,16130,UNWIND
16146,16094,HAS_BLOCK
16094,16096,FLOW
16094,16130,FLOW
16094,16130,UNWIND
16146,16096,HAS_BLOCK
16096,16097,FLOW
16096,16099,FLOW
16096,16145,FLOW
16146,16097,HAS_BLOCK
16097,16101,FLOW
16097,16130,FLOW
16097,16130,UNWIND
16146,16099,HAS_BLOCK
16099,16135,FLOW
16099,16130,FLOW
16099,16130,UNWIND
16146,16101,HAS_BLOCK
16101,16103,FLOW
16101,16130,FLOW
16101,16130,UNWIND
16146,16103,HAS_BLOCK
16103,16104,FLOW
16103,16106,FLOW
16103,16145,FLOW
16146,16104,HAS_BLOCK
16104,16108,FLOW
16104,16130,FLOW
16104,16130,UNWIND
16146,16106,HAS_BLOCK
16106,16136,FLOW
16106,16130,FLOW
16106,16130,UNWIND
16146,16108,HAS_BLOCK
16108,16110,FLOW
16108,16130,FLOW
16108,16130,UNWIND
16146,16110,HAS_BLOCK
16110,16112,FLOW
16110,16114,FLOW
16110,16145,FLOW
16146,16112,HAS_BLOCK
16112,16116,FLOW
16112,16130,FLOW
16112,16130,UNWIND
16146,16114,HAS_BLOCK
16114,16137,FLOW
16114,16130,FLOW
16114,16130,UNWIND
16146,16116,HAS_BLOCK
16116,16118,FLOW
16116,16130,FLOW
16116,16130,UNWIND
16146,16118,HAS_BLOCK
16118,16119,FLOW
16118,16121,FLOW
16118,16145,FLOW
16146,16119,HAS_BLOCK
16119,16123,FLOW
16119,16130,FLOW
16119,16130,UNWIND
16146,16121,HAS_BLOCK
16121,16139,FLOW
16121,16130,FLOW
16121,16130,UNWIND
16146,16123,HAS_BLOCK
16123,16126,FLOW
16146,16124,HAS_BLOCK
16124,16125,FLOW
16146,16125,HAS_BLOCK
16125,16126,FLOW
16146,16126,HAS_BLOCK
16126,16146,RETURN
16146,16128,HAS_BLOCK
16146,16129,HAS_BLOCK
16129,16128,FLOW
16146,16130,HAS_BLOCK
16130,16128,FLOW
16130,16129,FLOW
16146,16131,HAS_BLOCK
16131,16128,FLOW
16146,16132,HAS_BLOCK
16132,16128,FLOW
16132,16131,FLOW
16146,16133,HAS_BLOCK
16133,16124,FLOW
16146,16134,HAS_BLOCK
16134,16124,FLOW
16146,16135,HAS_BLOCK
16135,16124,FLOW
16146,16136,HAS_BLOCK
16136,16124,FLOW
16146,16137,HAS_BLOCK
16137,16124,FLOW
16146,16139,HAS_BLOCK
16139,16124,FLOW
15911,15912,HAS_PARAM
15911,15908,HAS_BLOCK
15908,15910,FLOW
15911,15910,HAS_BLOCK
15910,15911,RETURN
12201,12202,HAS_PARAM
12201,12203,HAS_PARAM
12201,12198,HAS_BLOCK
12198,12200,FLOW
12201,12200,HAS_BLOCK
12200,12201,RETURN
12279,12280,HAS_PARAM
12279,12281,HAS_PARAM
12279,12270,HAS_BLOCK
12270,12277,FLOW
12270,12276,FLOW
12270,12275,FLOW
12270,12274,FLOW
12270,12273,FLOW
12270,12272,FLOW
12270,12271,FLOW
12279,12271,HAS_BLOCK
12271,12278,FLOW
12279,12272,HAS_BLOCK
12272,12278,FLOW
12279,12273,HAS_BLOCK
12273,12278,FLOW
12279,12274,HAS_BLOCK
12274,12278,FLOW
12279,12275,HAS_BLOCK
12275,12278,FLOW
12279,12276,HAS_BLOCK
12276,12278,FLOW
12279,12277,HAS_BLOCK
12277,12278,FLOW
12279,12278,HAS_BLOCK
12278,12279,RETURN
12267,12268,HAS_PARAM
12267,12269,HAS_PARAM
12267,12241,HAS_BLOCK
12241,12253,FLOW
12267,12243,HAS_BLOCK
12243,12254,FLOW
12267,12255,HAS_BLOCK
12255,12254,FLOW
12267,12256,HAS_BLOCK
12256,12252,FLOW
12267,12258,HAS_BLOCK
12258,12254,FLOW
12267,12259,HAS_BLOCK
12259,12251,FLOW
12267,12261,HAS_BLOCK
12261,12254,FLOW
12267,12262,HAS_BLOCK
12262,12250,FLOW
12267,12264,HAS_BLOCK
12264,12254,FLOW
12267,12265,HAS_BLOCK
12265,12249,FLOW
12267,12244,HAS_BLOCK
12244,12254,FLOW
12267,12245,HAS_BLOCK
12245,12248,FLOW
12267,12247,HAS_BLOCK
12247,12254,FLOW
12267,12248,HAS_BLOCK
12248,12243,FLOW
12248,12247,FLOW
12267,12249,HAS_BLOCK
12249,12245,FLOW
12249,12244,FLOW
12267,12250,HAS_BLOCK
12250,12265,FLOW
12250,12264,FLOW
12267,12251,HAS_BLOCK
12251,12262,FLOW
12251,12261,FLOW
12267,12252,HAS_BLOCK
12252,12259,FLOW
12252,12258,FLOW
12267,12253,HAS_BLOCK
12253,12256,FLOW
12253,12255,FLOW
12267,12254,HAS_BLOCK
12254,12267,RETURN
12238,12239,HAS_PARAM
12238,12240,HAS_PARAM
12238,12204,HAS_BLOCK
12204,12232,FLOW
12204,12216,FLOW
12238,12205,HAS_BLOCK
12205,12231,FLOW
12238,12216,HAS_BLOCK
12216,12227,FLOW
12216,12205,FLOW
12238,12227,HAS_BLOCK
12227,12230,FLOW
12227,12205,FLOW
12238,12232,HAS_BLOCK
12232,12211,FLOW
12232,12233,FLOW
12238,12233,HAS_BLOCK
12233,12234,FLOW
12233,12237,FLOW
12233,12208,FLOW
12233,12205,FLOW
12238,12234,HAS_BLOCK
12234,12235,FLOW
12234,12205,FLOW
12238,12235,HAS_BLOCK
12235,12236,FLOW
12235,12205,FLOW
12238,12236,HAS_BLOCK
12236,12229,FLOW
12236,12205,FLOW
12238,12237,HAS_BLOCK
12237,12206,FLOW
12237,12205,FLOW
12238,12206,HAS_BLOCK
12206,12207,FLOW
12206,12205,FLOW
12238,12207,HAS_BLOCK
12207,12226,FLOW
12207,12205,FLOW
12238,12208,HAS_BLOCK
12208,12209,FLOW
12208,12205,FLOW
12238,12209,HAS_BLOCK
12209,12210,FLOW
12209,12205,FLOW
12238,12210,HAS_BLOCK
12210,12225,FLOW
12210,12205,FLOW
12238,12211,HAS_BLOCK
12211,12205,FLOW
12211,12212,FLOW
12238,12212,HAS_BLOCK
12212,12213,FLOW
12212,12219,FLOW
12212,12205,FLOW
12238,12213,HAS_BLOCK
12213,12214,FLOW
12213,12205,FLOW
12238,12214,HAS_BLOCK
12214,12215,FLOW
12214,12205,FLOW
12238,12215,HAS_BLOCK
12215,12217,FLOW
12215,12205,FLOW
12238,12217,HAS_BLOCK
12217,12218,FLOW
12217,12205,FLOW
12238,12218,HAS_BLOCK
12218,12228,FLOW
12218,12205,FLOW
12238,12219,HAS_BLOCK
12219,12220,FLOW
12219,12205,FLOW
12238,12220,HAS_BLOCK
12220,12221,FLOW
12220,12205,FLOW
12238,12221,HAS_BLOCK
12221,12222,FLOW
12221,12205,FLOW
12238,12222,HAS_BLOCK
12222,12223,FLOW
12222,12205,FLOW
12238,12223,HAS_BLOCK
12223,12224,FLOW
12223,12205,FLOW
12238,12224,HAS_BLOCK
12224,12231,FLOW
12238,12225,HAS_BLOCK
12225,12231,FLOW
12238,12226,HAS_BLOCK
12226,12231,FLOW
12238,12228,HAS_BLOCK
12228,12231,FLOW
12238,12229,HAS_BLOCK
12229,12231,FLOW
12238,12230,HAS_BLOCK
12230,12231,FLOW
12238,12231,HAS_BLOCK
12231,12238,RETURN
12196,12197,HAS_PARAM
12196,12193,HAS_BLOCK
12193,12195,FLOW
12196,12195,HAS_BLOCK
12195,12196,RETURN
12285,12286,HAS_PARAM
12285,12287,HAS_PARAM
12285,12282,HAS_BLOCK
12282,12284,FLOW
12285,12284,HAS_BLOCK
12284,12285,RETURN
12574,12575,HAS_PARAM
12574,12576,HAS_PARAM
12574,12492,HAS_BLOCK
12492,12494,FLOW
12492,12558,FLOW
12492,12558,UNWIND
12574,12494,HAS_BLOCK
12494,12511,FLOW
12494,12558,FLOW
12494,12558,UNWIND
12574,12511,HAS_BLOCK
12511,12544,FLOW
12511,12557,FLOW
12511,12528,FLOW
12574,12528,HAS_BLOCK
12574,12544,HAS_BLOCK
12544,12567,FLOW
12544,12569,FLOW
12544,12528,FLOW
12574,12557,HAS_BLOCK
12557,12560,FLOW
12557,12558,FLOW
12557,12558,UNWIND
12574,12567,HAS_BLOCK
12567,12571,FLOW
12567,12558,FLOW
12567,12558,UNWIND
12574,12569,HAS_BLOCK
12569,12572,FLOW
12569,12558,FLOW
12569,12558,UNWIND
12574,12571,HAS_BLOCK
12571,12553,FLOW
12574,12572,HAS_BLOCK
12572,12495,FLOW
12572,12558,FLOW
12572,12558,UNWIND
12574,12495,HAS_BLOCK
12495,12496,FLOW
12495,12497,FLOW
12495,12528,FLOW
12574,12496,HAS_BLOCK
12496,12499,FLOW
12496,12501,FLOW
12496,12528,FLOW
12574,12497,HAS_BLOCK
12497,12561,FLOW
12497,12558,FLOW
12497,12558,UNWIND
12574,12499,HAS_BLOCK
12499,12503,FLOW
12499,12558,FLOW
12499,12558,UNWIND
12574,12501,HAS_BLOCK
12501,12504,FLOW
12501,12558,FLOW
12501,12558,UNWIND
12574,12503,HAS_BLOCK
12503,12553,FLOW
12574,12504,HAS_BLOCK
12504,12506,FLOW
12504,12558,FLOW
12504,12558,UNWIND
12574,12506,HAS_BLOCK
12506,12507,FLOW
12506,12508,FLOW
12506,12528,FLOW
12574,12507,HAS_BLOCK
12507,12512,FLOW
12507,12514,FLOW
12507,12528,FLOW
12574,12508,HAS_BLOCK
12508,12562,FLOW
12508,12558,FLOW
12508,12558,UNWIND
12574,12512,HAS_BLOCK
12512,12516,FLOW
12512,12558,FLOW
12512,12558,UNWIND
12574,12514,HAS_BLOCK
12514,12517,FLOW
12514,12556,FLOW
12514,12556,UNWIND
12574,12516,HAS_BLOCK
12516,12553,FLOW
12574,12517,HAS_BLOCK
12517,12519,FLOW
12517,12556,FLOW
12517,12556,UNWIND
12574,12519,HAS_BLOCK
12519,12520,FLOW
12519,12521,FLOW
12519,12528,FLOW
12574,12520,HAS_BLOCK
12520,12523,FLOW
12520,12525,FLOW
12520,12528,FLOW
12574,12521,HAS_BLOCK
12521,12563,FLOW
12521,12556,FLOW
12521,12556,UNWIND
12574,12523,HAS_BLOCK
12523,12527,FLOW
12523,12556,FLOW
12523,12556,UNWIND
12574,12525,HAS_BLOCK
12525,12529,FLOW
12525,12555,FLOW
12525,12555,UNWIND
12574,12527,HAS_BLOCK
12527,12552,FLOW
12574,12529,HAS_BLOCK
12529,12531,FLOW
12529,12555,FLOW
12529,12555,UNWIND
12574,12531,HAS_BLOCK
12531,12532,FLOW
12531,12533,FLOW
12531,12528,FLOW
12574,12532,HAS_BLOCK
12532,12535,FLOW
12532,12537,FLOW
12532,12528,FLOW
12574,12533,HAS_BLOCK
12533,12564,FLOW
12533,12555,FLOW
12533,12555,UNWIND
12574,12535,HAS_BLOCK
12535,12539,FLOW
12535,12555,FLOW
12535,12555,UNWIND
12574,12537,HAS_BLOCK
12537,12540,FLOW
12537,12555,FLOW
12537,12555,UNWIND
12574,12539,HAS_BLOCK
12539,12551,FLOW
12574,12540,HAS_BLOCK
12540,12542,FLOW
12540,12555,FLOW
12540,12555,UNWIND
12574,12542,HAS_BLOCK
12542,12543,FLOW
12542,12545,FLOW
12542,12528,FLOW
12574,12543,HAS_BLOCK
12543,12547,FLOW
12543,12549,FLOW
12543,12528,FLOW
12574,12545,HAS_BLOCK
12545,12565,FLOW
12545,12555,FLOW
12545,12555,UNWIND
12574,12547,HAS_BLOCK
12547,12550,FLOW
12547,12555,FLOW
12547,12555,UNWIND
12574,12549,HAS_BLOCK
12549,12554,FLOW
12574,12550,HAS_BLOCK
12550,12551,FLOW
12574,12551,HAS_BLOCK
12551,12552,FLOW
12551,12556,FLOW
12551,12556,UNWIND
12574,12552,HAS_BLOCK
12552,12553,FLOW
12552,12558,FLOW
12552,12558,UNWIND
12574,12553,HAS_BLOCK
12553,12554,FLOW
12574,12554,HAS_BLOCK
12554,12574,RETURN
12574,12555,HAS_BLOCK
12555,12556,FLOW
12574,12556,HAS_BLOCK
12556,12558,FLOW
12574,12558,HAS_BLOCK
12558,12559,FLOW
12574,12559,HAS_BLOCK
12574,12560,HAS_BLOCK
12560,12553,FLOW
12574,12561,HAS_BLOCK
12561,12553,FLOW
12574,12562,HAS_BLOCK
12562,12553,FLOW
12574,12563,HAS_BLOCK
12563,12552,FLOW
12574,12564,HAS_BLOCK
12564,12551,FLOW
12574,12565,HAS_BLOCK
12565,12551,FLOW
12489,12490,HAS_PARAM
12489,12491,HAS_PARAM
12489,12288,HAS_BLOCK
12288,12289,FLOW
12489,12289,HAS_BLOCK
12289,12361,FLOW
12289,12332,FLOW
12289,12332,UNWIND
12489,12361,HAS_BLOCK
12361,12378,FLOW
12361,12332,FLOW
12361,12332,UNWIND
12489,12378,HAS_BLOCK
12378,12409,FLOW
12378,12424,FLOW
12378,12394,FLOW
12489,12394,HAS_BLOCK
12489,12409,HAS_BLOCK
12409,12457,FLOW
12409,12441,FLOW
12409,12394,FLOW
12489,12424,HAS_BLOCK
12424,12335,FLOW
12424,12332,FLOW
12424,12332,UNWIND
12489,12441,HAS_BLOCK
12441,12444,FLOW
12441,12446,FLOW
12441,12394,FLOW
12489,12457,HAS_BLOCK
12457,12352,FLOW
12457,12343,FLOW
12457,12331,FLOW
12457,12319,FLOW
12457,12306,FLOW
12457,12290,FLOW
12457,12472,FLOW
12457,12394,FLOW
12489,12472,HAS_BLOCK
12472,12437,FLOW
12472,12332,FLOW
12472,12332,UNWIND
12489,12290,HAS_BLOCK
12290,12425,FLOW
12290,12332,FLOW
12290,12332,UNWIND
12489,12306,HAS_BLOCK
12306,12412,FLOW
12306,12332,FLOW
12306,12332,UNWIND
12489,12319,HAS_BLOCK
12319,12397,FLOW
12319,12332,FLOW
12319,12332,UNWIND
12489,12331,HAS_BLOCK
12331,12382,FLOW
12331,12332,FLOW
12331,12332,UNWIND
12489,12343,HAS_BLOCK
12343,12368,FLOW
12343,12332,FLOW
12343,12332,UNWIND
12489,12352,HAS_BLOCK
12352,12354,FLOW
12352,12332,FLOW
12352,12332,UNWIND
12489,12354,HAS_BLOCK
12354,12358,FLOW
12354,12355,FLOW
12489,12355,HAS_BLOCK
12355,12357,FLOW
12355,12332,FLOW
12355,12332,UNWIND
12489,12357,HAS_BLOCK
12357,12313,FLOW
12489,12358,HAS_BLOCK
12358,12362,FLOW
12358,12332,FLOW
12358,12332,UNWIND
12489,12362,HAS_BLOCK
12362,12364,FLOW
12362,12332,FLOW
12362,12332,UNWIND
12489,12364,HAS_BLOCK
12364,12365,FLOW
12364,12366,FLOW
12364,12394,FLOW
12489,12365,HAS_BLOCK
12365,12289,FLOW
12489,12366,HAS_BLOCK
12366,12336,FLOW
12366,12332,FLOW
12366,12332,UNWIND
12489,12368,HAS_BLOCK
12368,12372,FLOW
12368,12369,FLOW
12489,12369,HAS_BLOCK
12369,12371,FLOW
12369,12332,FLOW
12369,12332,UNWIND
12489,12371,HAS_BLOCK
12371,12313,FLOW
12489,12372,HAS_BLOCK
12372,12374,FLOW
12372,12332,FLOW
12372,12332,UNWIND
12489,12374,HAS_BLOCK
12374,12376,FLOW
12374,12332,FLOW
12374,12332,UNWIND
12489,12376,HAS_BLOCK
12376,12379,FLOW
12376,12380,FLOW
12376,12394,FLOW
12489,12379,HAS_BLOCK
12379,12289,FLOW
12489,12380,HAS_BLOCK
12380,12337,FLOW
12380,12332,FLOW
12380,12332,UNWIND
12489,12382,HAS_BLOCK
12382,12386,FLOW
12382,12383,FLOW
12489,12383,HAS_BLOCK
12383,12385,FLOW
12383,12332,FLOW
12383,12332,UNWIND
12489,12385,HAS_BLOCK
12385,12313,FLOW
12489,12386,HAS_BLOCK
12386,12388,FLOW
12386,12332,FLOW
12386,12332,UNWIND
12489,12388,HAS_BLOCK
12388,12390,FLOW
12388,12332,FLOW
12388,12332,UNWIND
12489,12390,HAS_BLOCK
12390,12391,FLOW
12390,12392,FLOW
12390,12394,FLOW
12489,12391,HAS_BLOCK
12391,12395,FLOW
12391,12396,FLOW
12391,12396,UNWIND
12489,12392,HAS_BLOCK
12392,12338,FLOW
12392,12332,FLOW
12392,12332,UNWIND
12489,12395,HAS_BLOCK
12395,12289,FLOW
12489,12396,HAS_BLOCK
12396,12332,FLOW
12489,12397,HAS_BLOCK
12397,12401,FLOW
12397,12398,FLOW
12489,12398,HAS_BLOCK
12398,12400,FLOW
12398,12332,FLOW
12398,12332,UNWIND
12489,12400,HAS_BLOCK
12400,12313,FLOW
12489,12401,HAS_BLOCK
12401,12403,FLOW
12401,12332,FLOW
12401,12332,UNWIND
12489,12403,HAS_BLOCK
12403,12405,FLOW
12403,12332,FLOW
12403,12332,UNWIND
12489,12405,HAS_BLOCK
12405,12406,FLOW
12405,12407,FLOW
12405,12394,FLOW
12489,12406,HAS_BLOCK
12406,12410,FLOW
12406,12411,FLOW
12406,12411,UNWIND
12489,12407,HAS_BLOCK
12407,12339,FLOW
12407,12332,FLOW
12407,12332,UNWIND
12489,12410,HAS_BLOCK
12410,12289,FLOW
12489,12411,HAS_BLOCK
12411,12332,FLOW
12489,12412,HAS_BLOCK
12412,12416,FLOW
12412,12413,FLOW
12489,12413,HAS_BLOCK
12413,12415,FLOW
12413,12332,FLOW
12413,12332,UNWIND
12489,12415,HAS_BLOCK
12415,12313,FLOW
12489,12416,HAS_BLOCK
12416,12418,FLOW
12416,12332,FLOW
12416,12332,UNWIND
12489,12418,HAS_BLOCK
12418,12420,FLOW
12418,12332,FLOW
12418,12332,UNWIND
12489,12420,HAS_BLOCK
12420,12421,FLOW
12420,12422,FLOW
12420,12394,FLOW
12489,12421,HAS_BLOCK
12421,12289,FLOW
12489,12422,HAS_BLOCK
12422,12340,FLOW
12422,12332,FLOW
12422,12332,UNWIND
12489,12425,HAS_BLOCK
12425,12429,FLOW
12425,12426,FLOW
12489,12426,HAS_BLOCK
12426,12428,FLOW
12426,12332,FLOW
12426,12332,UNWIND
12489,12428,HAS_BLOCK
12428,12313,FLOW
12489,12429,HAS_BLOCK
12429,12431,FLOW
12429,12332,FLOW
12429,12332,UNWIND
12489,12431,HAS_BLOCK
12431,12433,FLOW
12431,12332,FLOW
12431,12332,UNWIND
12489,12433,HAS_BLOCK
12433,12434,FLOW
12433,12435,FLOW
12433,12394,FLOW
12489,12434,HAS_BLOCK
12434,12289,FLOW
12489,12435,HAS_BLOCK
12435,12341,FLOW
12435,12332,FLOW
12435,12332,UNWIND
12489,12437,HAS_BLOCK
12437,12439,FLOW
12437,12332,FLOW
12437,12332,UNWIND
12489,12439,HAS_BLOCK
12439,12289,FLOW
12439,12442,FLOW
12439,12394,FLOW
12489,12442,HAS_BLOCK
12442,12344,FLOW
12442,12332,FLOW
12442,12332,UNWIND
12489,12444,HAS_BLOCK
12444,12447,FLOW
12444,12332,FLOW
12444,12332,UNWIND
12489,12446,HAS_BLOCK
12446,12453,FLOW
12489,12447,HAS_BLOCK
12447,12449,FLOW
12447,12332,FLOW
12447,12332,UNWIND
12489,12449,HAS_BLOCK
12449,12450,FLOW
12449,12451,FLOW
12449,12394,FLOW
12489,12450,HAS_BLOCK
12450,12453,FLOW
12489,12451,HAS_BLOCK
12451,12345,FLOW
12451,12332,FLOW
12451,12332,UNWIND
12489,12453,HAS_BLOCK
12453,12454,FLOW
12453,12456,FLOW
12453,12394,FLOW
12489,12454,HAS_BLOCK
12454,12458,FLOW
12454,12332,FLOW
12454,12332,UNWIND
12489,12456,HAS_BLOCK
12456,12464,FLOW
12489,12458,HAS_BLOCK
12458,12460,FLOW
12458,12332,FLOW
12458,12332,UNWIND
12489,12460,HAS_BLOCK
12460,12461,FLOW
12460,12462,FLOW
12460,12394,FLOW
12489,12461,HAS_BLOCK
12461,12464,FLOW
12489,12462,HAS_BLOCK
12462,12346,FLOW
12462,12332,FLOW
12462,12332,UNWIND
12489,12464,HAS_BLOCK
12464,12465,FLOW
12464,12467,FLOW
12464,12394,FLOW
12489,12465,HAS_BLOCK
12465,12468,FLOW
12465,12332,FLOW
12465,12332,UNWIND
12489,12467,HAS_BLOCK
12467,12475,FLOW
12489,12468,HAS_BLOCK
12468,12470,FLOW
12468,12332,FLOW
12468,12332,UNWIND
12489,12470,HAS_BLOCK
12470,12471,FLOW
12470,12473,FLOW
12470,12394,FLOW
12489,12471,HAS_BLOCK
12471,12475,FLOW
12489,12473,HAS_BLOCK
12473,12347,FLOW
12473,12332,FLOW
12473,12332,UNWIND
12489,12475,HAS_BLOCK
12475,12476,FLOW
12475,12478,FLOW
12475,12394,FLOW
12489,12476,HAS_BLOCK
12476,12479,FLOW
12476,12316,FLOW
12476,12316,UNWIND
12489,12478,HAS_BLOCK
12478,12485,FLOW
12489,12479,HAS_BLOCK
12479,12481,FLOW
12479,12316,FLOW
12479,12316,UNWIND
12489,12481,HAS_BLOCK
12481,12482,FLOW
12481,12483,FLOW
12481,12394,FLOW
12489,12482,HAS_BLOCK
12482,12485,FLOW
12489,12483,HAS_BLOCK
12483,12348,FLOW
12483,12316,FLOW
12483,12316,UNWIND
12489,12485,HAS_BLOCK
12485,12486,FLOW
12485,12291,FLOW
12485,12394,FLOW
12489,12486,HAS_BLOCK
12486,12292,FLOW
12486,12315,FLOW
12486,12315,UNWIND
12489,12291,HAS_BLOCK
12291,12298,FLOW
12489,12292,HAS_BLOCK
12292,12294,FLOW
12292,12315,FLOW
12292,12315,UNWIND
12489,12294,HAS_BLOCK
12294,12295,FLOW
12294,12296,FLOW
12294,12394,FLOW
12489,12295,HAS_BLOCK
12295,12298,FLOW
12489,12296,HAS_BLOCK
12296,12349,FLOW
12296,12315,FLOW
12296,12315,UNWIND
12489,12298,HAS_BLOCK
12298,12299,FLOW
12298,12301,FLOW
12298,12394,FLOW
12489,12299,HAS_BLOCK
12299,12302,FLOW
12299,12315,FLOW
12299,12315,UNWIND
12489,12301,HAS_BLOCK
12301,12310,FLOW
12489,12302,HAS_BLOCK
12302,12304,FLOW
12302,12315,FLOW
12302,12315,UNWIND
12489,12304,HAS_BLOCK
12304,12307,FLOW
12304,12308,FLOW
12304,12394,FLOW
12489,12307,HAS_BLOCK
12307,12310,FLOW
12489,12308,HAS_BLOCK
12308,12350,FLOW
12308,12315,FLOW
12308,12315,UNWIND
12489,12310,HAS_BLOCK
12310,12314,FLOW
12489,12311,HAS_BLOCK
12311,12312,FLOW
12311,12316,FLOW
12311,12316,UNWIND
12489,12312,HAS_BLOCK
12312,12313,FLOW
12312,12332,FLOW
12312,12332,UNWIND
12489,12313,HAS_BLOCK
12313,12323,FLOW
12313,12322,FLOW
12313,12394,FLOW
12489,12314,HAS_BLOCK
12314,12489,RETURN
12489,12315,HAS_BLOCK
12315,12316,FLOW
12489,12316,HAS_BLOCK
12316,12332,FLOW
12489,12317,HAS_BLOCK
12317,12333,FLOW
12317,12320,FLOW
12489,12320,HAS_BLOCK
12320,12321,FLOW
12489,12321,HAS_BLOCK
12489,12322,HAS_BLOCK
12322,12326,FLOW
12322,12325,FLOW
12322,12394,FLOW
12489,12323,HAS_BLOCK
12323,12322,FLOW
12323,12324,FLOW
12489,12324,HAS_BLOCK
12324,12322,FLOW
12324,12317,FLOW
12324,12317,UNWIND
12489,12325,HAS_BLOCK
12325,12314,FLOW
12489,12326,HAS_BLOCK
12326,12325,FLOW
12326,12327,FLOW
12489,12327,HAS_BLOCK
12327,12325,FLOW
12327,12320,FLOW
12327,12320,UNWIND
12489,12328,HAS_BLOCK
12328,12317,FLOW
12328,12329,FLOW
12489,12329,HAS_BLOCK
12329,12317,FLOW
12489,12332,HAS_BLOCK
12332,12328,FLOW
12332,12317,FLOW
12489,12333,HAS_BLOCK
12333,12320,FLOW
12333,12334,FLOW
12489,12334,HAS_BLOCK
12334,12320,FLOW
12489,12335,HAS_BLOCK
12335,12313,FLOW
12489,12336,HAS_BLOCK
12336,12313,FLOW
12489,12337,HAS_BLOCK
12337,12313,FLOW
12489,12338,HAS_BLOCK
12338,12313,FLOW
12489,12339,HAS_BLOCK
12339,12313,FLOW
12489,12340,HAS_BLOCK
12340,12313,FLOW
12489,12341,HAS_BLOCK
12341,12313,FLOW
12489,12344,HAS_BLOCK
12344,12313,FLOW
12489,12345,HAS_BLOCK
12345,12313,FLOW
12489,12346,HAS_BLOCK
12346,12313,FLOW
12489,12347,HAS_BLOCK
12347,12313,FLOW
12489,12348,HAS_BLOCK
12348,12312,FLOW
12489,12349,HAS_BLOCK
12349,12311,FLOW
12489,12350,HAS_BLOCK
12350,12311,FLOW
11124,11125,HAS_PARAM
11124,11126,HAS_PARAM
11124,11121,HAS_BLOCK
11121,11123,FLOW
11124,11123,HAS_BLOCK
11123,11124,RETURN
11119,11120,HAS_PARAM
11119,11116,HAS_BLOCK
11116,11118,FLOW
11119,11118,HAS_BLOCK
11118,11119,RETURN
15970,15971,HAS_PARAM
15970,15972,HAS_PARAM
15970,15924,HAS_BLOCK
15924,15925,FLOW
15924,15954,FLOW
15924,15954,UNWIND
15970,15925,HAS_BLOCK
15925,15943,FLOW
15925,15954,FLOW
15925,15954,UNWIND
15970,15943,HAS_BLOCK
15943,15955,FLOW
15943,15954,FLOW
15943,15954,UNWIND
15970,15955,HAS_BLOCK
15955,15960,FLOW
15955,15954,FLOW
15955,15954,UNWIND
15970,15960,HAS_BLOCK
15960,15962,FLOW
15970,15962,HAS_BLOCK
15962,15964,FLOW
15962,15966,FLOW
15962,15963,FLOW
15970,15963,HAS_BLOCK
15970,15964,HAS_BLOCK
15964,15968,FLOW
15964,15952,FLOW
15964,15952,UNWIND
15970,15966,HAS_BLOCK
15966,15948,FLOW
15970,15968,HAS_BLOCK
15968,15926,FLOW
15968,15952,FLOW
15968,15952,UNWIND
15970,15926,HAS_BLOCK
15926,15927,FLOW
15926,15929,FLOW
15926,15963,FLOW
15970,15927,HAS_BLOCK
15927,15931,FLOW
15927,15952,FLOW
15927,15952,UNWIND
15970,15929,HAS_BLOCK
15929,15956,FLOW
15929,15952,FLOW
15929,15952,UNWIND
15970,15931,HAS_BLOCK
15931,15933,FLOW
15931,15952,FLOW
15931,15952,UNWIND
15970,15933,HAS_BLOCK
15933,15934,FLOW
15933,15936,FLOW
15933,15963,FLOW
15970,15934,HAS_BLOCK
15934,15938,FLOW
15934,15952,FLOW
15934,15952,UNWIND
15970,15936,HAS_BLOCK
15936,15957,FLOW
15936,15952,FLOW
15936,15952,UNWIND
15970,15938,HAS_BLOCK
15938,15940,FLOW
15938,15952,FLOW
15938,15952,UNWIND
15970,15940,HAS_BLOCK
15940,15941,FLOW
15940,15944,FLOW
15940,15963,FLOW
15970,15941,HAS_BLOCK
15941,15946,FLOW
15941,15952,FLOW
15941,15952,UNWIND
15970,15944,HAS_BLOCK
15944,15958,FLOW
15944,15952,FLOW
15944,15952,UNWIND
15970,15946,HAS_BLOCK
15946,15949,FLOW
15970,15947,HAS_BLOCK
15947,15948,FLOW
15970,15948,HAS_BLOCK
15948,15949,FLOW
15970,15949,HAS_BLOCK
15949,15970,RETURN
15970,15950,HAS_BLOCK
15970,15951,HAS_BLOCK
15951,15950,FLOW
15970,15952,HAS_BLOCK
15952,15950,FLOW
15952,15951,FLOW
15970,15953,HAS_BLOCK
15953,15950,FLOW
15970,15954,HAS_BLOCK
15954,15950,FLOW
15954,15953,FLOW
15970,15956,HAS_BLOCK
15956,15947,FLOW
15970,15957,HAS_BLOCK
15957,15947,FLOW
15970,15958,HAS_BLOCK
15958,15947,FLOW
15878,15879,HAS_PARAM
15878,15875,HAS_BLOCK
15875,15877,FLOW
15878,15877,HAS_BLOCK
15877,15878,RETURN
11235,11236,HAS_PARAM
11235,11237,HAS_PARAM
11235,11232,HAS_BLOCK
11232,11234,FLOW
11235,11234,HAS_BLOCK
11234,11235,RETURN
11280,11281,HAS_PARAM
11280,11282,HAS_PARAM
11280,11274,HAS_BLOCK
11274,11278,FLOW
11274,11277,FLOW
11274,11276,FLOW
11274,11275,FLOW
11280,11275,HAS_BLOCK
11275,11279,FLOW
11280,11276,HAS_BLOCK
11276,11279,FLOW
11280,11277,HAS_BLOCK
11277,11279,FLOW
11280,11278,HAS_BLOCK
11278,11279,FLOW
11280,11279,HAS_BLOCK
11279,11280,RETURN
11271,11272,HAS_PARAM
11271,11273,HAS_PARAM
11271,11257,HAS_BLOCK
11257,11270,FLOW
11271,11259,HAS_BLOCK
11259,11260,FLOW
11271,11261,HAS_BLOCK
11261,11260,FLOW
11271,11262,HAS_BLOCK
11262,11269,FLOW
11271,11264,HAS_BLOCK
11264,11260,FLOW
11271,11265,HAS_BLOCK
11265,11268,FLOW
11271,11267,HAS_BLOCK
11267,11260,FLOW
11271,11268,HAS_BLOCK
11268,11259,FLOW
11268,11267,FLOW
11271,11269,HAS_BLOCK
11269,11265,FLOW
11269,11264,FLOW
11271,11270,HAS_BLOCK
11270,11262,FLOW
11270,11261,FLOW
11271,11260,HAS_BLOCK
11260,11271,RETURN
11254,11255,HAS_PARAM
11254,11256,HAS_PARAM
11254,11238,HAS_BLOCK
11238,11251,FLOW
11238,11246,FLOW
11254,11239,HAS_BLOCK
11239,11245,FLOW
11254,11246,HAS_BLOCK
11246,11247,FLOW
11246,11249,FLOW
11246,11239,FLOW
11254,11247,HAS_BLOCK
11247,11248,FLOW
11247,11239,FLOW
11254,11248,HAS_BLOCK
11248,11244,FLOW
11248,11239,FLOW
11254,11249,HAS_BLOCK
11249,11250,FLOW
11249,11239,FLOW
11254,11250,HAS_BLOCK
11250,11243,FLOW
11250,11239,FLOW
11254,11251,HAS_BLOCK
11251,11239,FLOW
11251,11252,FLOW
11254,11252,HAS_BLOCK
11252,11253,FLOW
11252,11239,FLOW
11254,11253,HAS_BLOCK
11253,11240,FLOW
11253,11239,FLOW
11254,11240,HAS_BLOCK
11240,11241,FLOW
11240,11239,FLOW
11254,11241,HAS_BLOCK
11241,11242,FLOW
11241,11239,FLOW
11254,11242,HAS_BLOCK
11242,11245,FLOW
11254,11243,HAS_BLOCK
11243,11245,FLOW
11254,11244,HAS_BLOCK
11244,11245,FLOW
11254,11245,HAS_BLOCK
11245,11254,RETURN
11230,11231,HAS_PARAM
11230,11227,HAS_BLOCK
11227,11229,FLOW
11230,11229,HAS_BLOCK
11229,11230,RETURN
11286,11287,HAS_PARAM
11286,11288,HAS_PARAM
11286,11283,HAS_BLOCK
11283,11285,FLOW
11286,11285,HAS_BLOCK
11285,11286,RETURN
11437,11438,HAS_PARAM
11437,11439,HAS_PARAM
11437,11395,HAS_BLOCK
11395,11397,FLOW
11395,11421,FLOW
11395,11421,UNWIND
11437,11397,HAS_BLOCK
11397,11414,FLOW
11397,11421,FLOW
11397,11421,UNWIND
11437,11414,HAS_BLOCK
11414,11427,FLOW
11414,11428,FLOW
11414,11426,FLOW
11437,11426,HAS_BLOCK
11437,11427,HAS_BLOCK
11427,11430,FLOW
11427,11432,FLOW
11427,11426,FLOW
11437,11428,HAS_BLOCK
11428,11423,FLOW
11428,11421,FLOW
11428,11421,UNWIND
11437,11430,HAS_BLOCK
11430,11434,FLOW
11430,11421,FLOW
11430,11421,UNWIND
11437,11432,HAS_BLOCK
11432,11435,FLOW
11432,11421,FLOW
11432,11421,UNWIND
11437,11434,HAS_BLOCK
11434,11419,FLOW
11437,11435,HAS_BLOCK
11435,11398,FLOW
11435,11421,FLOW
11435,11421,UNWIND
11437,11398,HAS_BLOCK
11398,11399,FLOW
11398,11400,FLOW
11398,11426,FLOW
11437,11399,HAS_BLOCK
11399,11402,FLOW
11399,11404,FLOW
11399,11426,FLOW
11437,11400,HAS_BLOCK
11400,11424,FLOW
11400,11421,FLOW
11400,11421,UNWIND
11437,11402,HAS_BLOCK
11402,11406,FLOW
11402,11421,FLOW
11402,11421,UNWIND
11437,11404,HAS_BLOCK
11404,11407,FLOW
11404,11421,FLOW
11404,11421,UNWIND
11437,11406,HAS_BLOCK
11406,11419,FLOW
11437,11407,HAS_BLOCK
11407,11409,FLOW
11407,11421,FLOW
11407,11421,UNWIND
11437,11409,HAS_BLOCK
11409,11410,FLOW
11409,11411,FLOW
11409,11426,FLOW
11437,11410,HAS_BLOCK
11410,11415,FLOW
11410,11417,FLOW
11410,11426,FLOW
11437,11411,HAS_BLOCK
11411,11425,FLOW
11411,11421,FLOW
11411,11421,UNWIND
11437,11415,HAS_BLOCK
11415,11418,FLOW
11415,11421,FLOW
11415,11421,UNWIND
11437,11417,HAS_BLOCK
11417,11420,FLOW
11437,11418,HAS_BLOCK
11418,11419,FLOW
11437,11419,HAS_BLOCK
11419,11420,FLOW
11437,11420,HAS_BLOCK
11420,11437,RETURN
11437,11421,HAS_BLOCK
11421,11422,FLOW
11437,11422,HAS_BLOCK
11437,11423,HAS_BLOCK
11423,11419,FLOW
11437,11424,HAS_BLOCK
11424,11419,FLOW
11437,11425,HAS_BLOCK
11425,11419,FLOW
11392,11393,HAS_PARAM
11392,11394,HAS_PARAM
11392,11289,HAS_BLOCK
11289,11290,FLOW
11392,11290,HAS_BLOCK
11290,11308,FLOW
11290,11377,FLOW
11290,11377,UNWIND
11392,11308,HAS_BLOCK
11308,11325,FLOW
11308,11377,FLOW
11308,11377,UNWIND
11392,11325,HAS_BLOCK
11325,11358,FLOW
11325,11373,FLOW
11325,11342,FLOW
11392,11342,HAS_BLOCK
11392,11358,HAS_BLOCK
11358,11389,FLOW
11358,11385,FLOW
11358,11342,FLOW
11392,11373,HAS_BLOCK
11373,11379,FLOW
11373,11377,FLOW
11373,11377,UNWIND
11392,11385,HAS_BLOCK
11385,11343,FLOW
11385,11345,FLOW
11385,11342,FLOW
11392,11389,HAS_BLOCK
11389,11295,FLOW
11389,11293,FLOW
11389,11291,FLOW
11389,11390,FLOW
11389,11342,FLOW
11392,11390,HAS_BLOCK
11390,11337,FLOW
11390,11377,FLOW
11390,11377,UNWIND
11392,11291,HAS_BLOCK
11291,11323,FLOW
11291,11377,FLOW
11291,11377,UNWIND
11392,11293,HAS_BLOCK
11293,11311,FLOW
11293,11377,FLOW
11293,11377,UNWIND
11392,11295,HAS_BLOCK
11295,11297,FLOW
11295,11377,FLOW
11295,11377,UNWIND
11392,11297,HAS_BLOCK
11297,11301,FLOW
11297,11298,FLOW
11392,11298,HAS_BLOCK
11298,11300,FLOW
11298,11377,FLOW
11298,11377,UNWIND
11392,11300,HAS_BLOCK
11300,11375,FLOW
11392,11301,HAS_BLOCK
11301,11303,FLOW
11301,11377,FLOW
11301,11377,UNWIND
11392,11303,HAS_BLOCK
11303,11305,FLOW
11303,11377,FLOW
11303,11377,UNWIND
11392,11305,HAS_BLOCK
11305,11306,FLOW
11305,11309,FLOW
11305,11342,FLOW
11392,11306,HAS_BLOCK
11306,11290,FLOW
11392,11309,HAS_BLOCK
11309,11380,FLOW
11309,11377,FLOW
11309,11377,UNWIND
11392,11311,HAS_BLOCK
11311,11315,FLOW
11311,11312,FLOW
11392,11312,HAS_BLOCK
11312,11314,FLOW
11312,11377,FLOW
11312,11377,UNWIND
11392,11314,HAS_BLOCK
11314,11375,FLOW
11392,11315,HAS_BLOCK
11315,11317,FLOW
11315,11377,FLOW
11315,11377,UNWIND
11392,11317,HAS_BLOCK
11317,11319,FLOW
11317,11377,FLOW
11317,11377,UNWIND
11392,11319,HAS_BLOCK
11319,11320,FLOW
11319,11321,FLOW
11319,11342,FLOW
11392,11320,HAS_BLOCK
11320,11290,FLOW
11392,11321,HAS_BLOCK
11321,11381,FLOW
11321,11377,FLOW
11321,11377,UNWIND
11392,11323,HAS_BLOCK
11323,11329,FLOW
11323,11326,FLOW
11392,11326,HAS_BLOCK
11326,11328,FLOW
11326,11377,FLOW
11326,11377,UNWIND
11392,11328,HAS_BLOCK
11328,11375,FLOW
11392,11329,HAS_BLOCK
11329,11331,FLOW
11329,11377,FLOW
11329,11377,UNWIND
11392,11331,HAS_BLOCK
11331,11333,FLOW
11331,11377,FLOW
11331,11377,UNWIND
11392,11333,HAS_BLOCK
11333,11334,FLOW
11333,11335,FLOW
11333,11342,FLOW
11392,11334,HAS_BLOCK
11334,11290,FLOW
11392,11335,HAS_BLOCK
11335,11382,FLOW
11335,11377,FLOW
11335,11377,UNWIND
11392,11337,HAS_BLOCK
11337,11339,FLOW
11337,11377,FLOW
11337,11377,UNWIND
11392,11339,HAS_BLOCK
11339,11290,FLOW
11339,11340,FLOW
11339,11342,FLOW
11392,11340,HAS_BLOCK
11340,11383,FLOW
11340,11377,FLOW
11340,11377,UNWIND
11392,11343,HAS_BLOCK
11343,11346,FLOW
11343,11377,FLOW
11343,11377,UNWIND
11392,11345,HAS_BLOCK
11345,11352,FLOW
11392,11346,HAS_BLOCK
11346,11348,FLOW
11346,11377,FLOW
11346,11377,UNWIND
11392,11348,HAS_BLOCK
11348,11349,FLOW
11348,11350,FLOW
11348,11342,FLOW
11392,11349,HAS_BLOCK
11349,11352,FLOW
11392,11350,HAS_BLOCK
11350,11386,FLOW
11350,11377,FLOW
11350,11377,UNWIND
11392,11352,HAS_BLOCK
11352,11353,FLOW
11352,11355,FLOW
11352,11342,FLOW
11392,11353,HAS_BLOCK
11353,11356,FLOW
11353,11377,FLOW
11353,11377,UNWIND
11392,11355,HAS_BLOCK
11355,11363,FLOW
11392,11356,HAS_BLOCK
11356,11359,FLOW
11356,11377,FLOW
11356,11377,UNWIND
11392,11359,HAS_BLOCK
11359,11360,FLOW
11359,11361,FLOW
11359,11342,FLOW
11392,11360,HAS_BLOCK
11360,11363,FLOW
11392,11361,HAS_BLOCK
11361,11387,FLOW
11361,11377,FLOW
11361,11377,UNWIND
11392,11363,HAS_BLOCK
11363,11364,FLOW
11363,11366,FLOW
11363,11342,FLOW
11392,11364,HAS_BLOCK
11364,11367,FLOW
11364,11377,FLOW
11364,11377,UNWIND
11392,11366,HAS_BLOCK
11366,11374,FLOW
11392,11367,HAS_BLOCK
11367,11369,FLOW
11367,11377,FLOW
11367,11377,UNWIND
11392,11369,HAS_BLOCK
11369,11370,FLOW
11369,11371,FLOW
11369,11342,FLOW
11392,11370,HAS_BLOCK
11370,11374,FLOW
11392,11371,HAS_BLOCK
11371,11388,FLOW
11371,11377,FLOW
11371,11377,UNWIND
11392,11374,HAS_BLOCK
11374,11376,FLOW
11392,11375,HAS_BLOCK
11375,11376,FLOW
11392,11376,HAS_BLOCK
11376,11392,RETURN
11392,11377,HAS_BLOCK
11377,11378,FLOW
11392,11378,HAS_BLOCK
11392,11379,HAS_BLOCK
11379,11375,FLOW
11392,11380,HAS_BLOCK
11380,11375,FLOW
11392,11381,HAS_BLOCK
11381,11375,FLOW
11392,11382,HAS_BLOCK
11382,11375,FLOW
11392,11383,HAS_BLOCK
11383,11375,FLOW
11392,11386,HAS_BLOCK
11386,11375,FLOW
11392,11387,HAS_BLOCK
11387,11375,FLOW
11392,11388,HAS_BLOCK
11388,11375,FLOW
11175,11176,HAS_PARAM
11175,11177,HAS_PARAM
11175,11172,HAS_BLOCK
11172,11174,FLOW
11175,11174,HAS_BLOCK
11174,11175,RETURN
11170,11171,HAS_PARAM
11170,11163,HAS_BLOCK
11163,11165,FLOW
11170,11165,HAS_BLOCK
11165,11167,FLOW
11165,11168,FLOW
11165,11168,UNWIND
11170,11167,HAS_BLOCK
11167,11170,RETURN
11170,11168,HAS_BLOCK
11168,11169,FLOW
11170,11169,HAS_BLOCK
16070,16071,HAS_PARAM
16070,16072,HAS_PARAM
16070,16015,HAS_BLOCK
16015,16016,FLOW
16015,16055,FLOW
16015,16055,UNWIND
16070,16016,HAS_BLOCK
16016,16034,FLOW
16016,16055,FLOW
16016,16055,UNWIND
16070,16034,HAS_BLOCK
16034,16050,FLOW
16034,16055,FLOW
16034,16055,UNWIND
16070,16050,HAS_BLOCK
16050,16060,FLOW
16050,16055,FLOW
16050,16055,UNWIND
16070,16060,HAS_BLOCK
16060,16062,FLOW
16060,16055,FLOW
16060,16055,UNWIND
16070,16062,HAS_BLOCK
16062,16064,FLOW
16070,16064,HAS_BLOCK
16064,16066,FLOW
16064,16068,FLOW
16064,16065,FLOW
16070,16065,HAS_BLOCK
16070,16066,HAS_BLOCK
16066,16017,FLOW
16066,16053,FLOW
16066,16053,UNWIND
16070,16068,HAS_BLOCK
16068,16048,FLOW
16070,16017,HAS_BLOCK
16017,16019,FLOW
16017,16053,FLOW
16017,16053,UNWIND
16070,16019,HAS_BLOCK
16019,16020,FLOW
16019,16022,FLOW
16019,16065,FLOW
16070,16020,HAS_BLOCK
16020,16024,FLOW
16020,16053,FLOW
16020,16053,UNWIND
16070,16022,HAS_BLOCK
16022,16056,FLOW
16022,16053,FLOW
16022,16053,UNWIND
16070,16024,HAS_BLOCK
16024,16026,FLOW
16024,16053,FLOW
16024,16053,UNWIND
16070,16026,HAS_BLOCK
16026,16027,FLOW
16026,16029,FLOW
16026,16065,FLOW
16070,16027,HAS_BLOCK
16027,16031,FLOW
16027,16053,FLOW
16027,16053,UNWIND
16070,16029,HAS_BLOCK
16029,16057,FLOW
16029,16053,FLOW
16029,16053,UNWIND
16070,16031,HAS_BLOCK
16031,16033,FLOW
16031,16053,FLOW
16031,16053,UNWIND
16070,16033,HAS_BLOCK
16033,16035,FLOW
16033,16037,FLOW
16033,16065,FLOW
16070,16035,HAS_BLOCK
16035,16039,FLOW
16035,16053,FLOW
16035,16053,UNWIND
16070,16037,HAS_BLOCK
16037,16058,FLOW
16037,16053,FLOW
16037,16053,UNWIND
16070,16039,HAS_BLOCK
16039,16041,FLOW
16039,16053,FLOW
16039,16053,UNWIND
16070,16041,HAS_BLOCK
16041,16042,FLOW
16041,16044,FLOW
16041,16065,FLOW
16070,16042,HAS_BLOCK
16042,16046,FLOW
16042,16053,FLOW
16042,16053,UNWIND
16070,16044,HAS_BLOCK
16044,16059,FLOW
16044,16053,FLOW
16044,16053,UNWIND
16070,16046,HAS_BLOCK
16046,16049,FLOW
16070,16047,HAS_BLOCK
16047,16048,FLOW
16070,16048,HAS_BLOCK
16048,16049,FLOW
16070,16049,HAS_BLOCK
16049,16070,RETURN
16070,16051,HAS_BLOCK
16070,16052,HAS_BLOCK
16052,16051,FLOW
16070,16053,HAS_BLOCK
16053,16051,FLOW
16053,16052,FLOW
16070,16054,HAS_BLOCK
16054,16051,FLOW
16070,16055,HAS_BLOCK
16055,16051,FLOW
16055,16054,FLOW
16070,16056,HAS_BLOCK
16056,16047,FLOW
16070,16057,HAS_BLOCK
16057,16047,FLOW
16070,16058,HAS_BLOCK
16058,16047,FLOW
16070,16059,HAS_BLOCK
16059,16047,FLOW
15900,15901,HAS_PARAM
15900,15897,HAS_BLOCK
15897,15899,FLOW
15900,15899,HAS_BLOCK
15899,15900,RETURN
11894,11895,HAS_PARAM
11894,11896,HAS_PARAM
11894,11891,HAS_BLOCK
11891,11893,FLOW
11894,11893,HAS_BLOCK
11893,11894,RETURN
11975,11976,HAS_PARAM
11975,11977,HAS_PARAM
11975,11968,HAS_BLOCK
11968,11973,FLOW
11968,11972,FLOW
11968,11971,FLOW
11968,11970,FLOW
11968,11969,FLOW
11975,11969,HAS_BLOCK
11969,11974,FLOW
11975,11970,HAS_BLOCK
11970,11974,FLOW
11975,11971,HAS_BLOCK
11971,11974,FLOW
11975,11972,HAS_BLOCK
11972,11974,FLOW
11975,11973,HAS_BLOCK
11973,11974,FLOW
11975,11974,HAS_BLOCK
11974,11975,RETURN
11965,11966,HAS_PARAM
11965,11967,HAS_PARAM
11965,11947,HAS_BLOCK
11947,11952,FLOW
11965,11949,HAS_BLOCK
11949,11953,FLOW
11965,11954,HAS_BLOCK
11954,11953,FLOW
11965,11955,HAS_BLOCK
11955,11951,FLOW
11965,11957,HAS_BLOCK
11957,11953,FLOW
11965,11958,HAS_BLOCK
11958,11950,FLOW
11965,11960,HAS_BLOCK
11960,11953,FLOW
11965,11961,HAS_BLOCK
11961,11964,FLOW
11965,11963,HAS_BLOCK
11963,11953,FLOW
11965,11964,HAS_BLOCK
11964,11949,FLOW
11964,11963,FLOW
11965,11950,HAS_BLOCK
11950,11961,FLOW
11950,11960,FLOW
11965,11951,HAS_BLOCK
11951,11958,FLOW
11951,11957,FLOW
11965,11952,HAS_BLOCK
11952,11955,FLOW
11952,11954,FLOW
11965,11953,HAS_BLOCK
11953,11965,RETURN
11944,11945,HAS_PARAM
11944,11946,HAS_PARAM
11944,11897,HAS_BLOCK
11897,11943,FLOW
11897,11909,FLOW
11944,11898,HAS_BLOCK
11898,11938,FLOW
11944,11909,HAS_BLOCK
11909,11920,FLOW
11909,11898,FLOW
11944,11920,HAS_BLOCK
11920,11931,FLOW
11920,11898,FLOW
11944,11931,HAS_BLOCK
11931,11939,FLOW
11931,11898,FLOW
11944,11939,HAS_BLOCK
11939,11940,FLOW
11939,11898,FLOW
11944,11940,HAS_BLOCK
11940,11941,FLOW
11940,11898,FLOW
11944,11941,HAS_BLOCK
11941,11942,FLOW
11941,11898,FLOW
11944,11942,HAS_BLOCK
11942,11937,FLOW
11942,11898,FLOW
11944,11943,HAS_BLOCK
11943,11919,FLOW
11943,11899,FLOW
11944,11899,HAS_BLOCK
11899,11900,FLOW
11899,11910,FLOW
11899,11898,FLOW
11944,11900,HAS_BLOCK
11900,11901,FLOW
11900,11898,FLOW
11944,11901,HAS_BLOCK
11901,11902,FLOW
11901,11898,FLOW
11944,11902,HAS_BLOCK
11902,11903,FLOW
11902,11898,FLOW
11944,11903,HAS_BLOCK
11903,11904,FLOW
11903,11898,FLOW
11944,11904,HAS_BLOCK
11904,11905,FLOW
11904,11898,FLOW
11944,11905,HAS_BLOCK
11905,11906,FLOW
11905,11898,FLOW
11944,11906,HAS_BLOCK
11906,11907,FLOW
11906,11898,FLOW
11944,11907,HAS_BLOCK
11907,11908,FLOW
11907,11898,FLOW
11944,11908,HAS_BLOCK
11908,11936,FLOW
11908,11898,FLOW
11944,11910,HAS_BLOCK
11910,11911,FLOW
11910,11898,FLOW
11944,11911,HAS_BLOCK
11911,11912,FLOW
11911,11898,FLOW
11944,11912,HAS_BLOCK
11912,11913,FLOW
11912,11898,FLOW
11944,11913,HAS_BLOCK
11913,11914,FLOW
11913,11898,FLOW
11944,11914,HAS_BLOCK
11914,11915,FLOW
11914,11898,FLOW
11944,11915,HAS_BLOCK
11915,11916,FLOW
11915,11898,FLOW
11944,11916,HAS_BLOCK
11916,11917,FLOW
11916,11898,FLOW
11944,11917,HAS_BLOCK
11917,11918,FLOW
11917,11898,FLOW
11944,11918,HAS_BLOCK
11918,11935,FLOW
11918,11898,FLOW
11944,11919,HAS_BLOCK
11919,11898,FLOW
11919,11921,FLOW
11944,11921,HAS_BLOCK
11921,11922,FLOW
11921,11898,FLOW
11944,11922,HAS_BLOCK
11922,11923,FLOW
11922,11898,FLOW
11944,11923,HAS_BLOCK
11923,11924,FLOW
11923,11898,FLOW
11944,11924,HAS_BLOCK
11924,11925,FLOW
11924,11898,FLOW
11944,11925,HAS_BLOCK
11925,11926,FLOW
11925,11898,FLOW
11944,11926,HAS_BLOCK
11926,11927,FLOW
11926,11898,FLOW
11944,11927,HAS_BLOCK
11927,11928,FLOW
11927,11898,FLOW
11944,11928,HAS_BLOCK
11928,11929,FLOW
11928,11898,FLOW
11944,11929,HAS_BLOCK
11929,11930,FLOW
11929,11898,FLOW
11944,11930,HAS_BLOCK
11930,11932,FLOW
11930,11898,FLOW
11944,11932,HAS_BLOCK
11932,11933,FLOW
11932,11898,FLOW
11944,11933,HAS_BLOCK
11933,11934,FLOW
11933,11898,FLOW
11944,11934,HAS_BLOCK
11934,11938,FLOW
11944,11935,HAS_BLOCK
11935,11938,FLOW
11944,11936,HAS_BLOCK
11936,11938,FLOW
11944,11937,HAS_BLOCK
11937,11938,FLOW
11944,11938,HAS_BLOCK
11938,11944,RETURN
11889,11890,HAS_PARAM
11889,11886,HAS_BLOCK
11886,11888,FLOW
11889,11888,HAS_BLOCK
11888,11889,RETURN
11981,11982,HAS_PARAM
11981,11983,HAS_PARAM
11981,11978,HAS_BLOCK
11978,11980,FLOW
11981,11980,HAS_BLOCK
11980,11981,RETURN
12190,12191,HAS_PARAM
12190,12192,HAS_PARAM
12190,12134,HAS_BLOCK
12134,12136,FLOW
12134,12174,FLOW
12134,12174,UNWIND
12190,12136,HAS_BLOCK
12136,12153,FLOW
12136,12174,FLOW
12136,12174,UNWIND
12190,12153,HAS_BLOCK
12153,12180,FLOW
12153,12181,FLOW
12153,12169,FLOW
12190,12169,HAS_BLOCK
12190,12180,HAS_BLOCK
12180,12183,FLOW
12180,12185,FLOW
12180,12169,FLOW
12190,12181,HAS_BLOCK
12181,12176,FLOW
12181,12174,FLOW
12181,12174,UNWIND
12190,12183,HAS_BLOCK
12183,12187,FLOW
12183,12174,FLOW
12183,12174,UNWIND
12190,12185,HAS_BLOCK
12185,12188,FLOW
12185,12173,FLOW
12185,12173,UNWIND
12190,12187,HAS_BLOCK
12187,12171,FLOW
12190,12188,HAS_BLOCK
12188,12137,FLOW
12188,12173,FLOW
12188,12173,UNWIND
12190,12137,HAS_BLOCK
12137,12138,FLOW
12137,12139,FLOW
12137,12169,FLOW
12190,12138,HAS_BLOCK
12138,12141,FLOW
12138,12143,FLOW
12138,12169,FLOW
12190,12139,HAS_BLOCK
12139,12177,FLOW
12139,12173,FLOW
12139,12173,UNWIND
12190,12141,HAS_BLOCK
12141,12145,FLOW
12141,12173,FLOW
12141,12173,UNWIND
12190,12143,HAS_BLOCK
12143,12146,FLOW
12143,12173,FLOW
12143,12173,UNWIND
12190,12145,HAS_BLOCK
12145,12170,FLOW
12190,12146,HAS_BLOCK
12146,12148,FLOW
12146,12173,FLOW
12146,12173,UNWIND
12190,12148,HAS_BLOCK
12148,12149,FLOW
12148,12150,FLOW
12148,12169,FLOW
12190,12149,HAS_BLOCK
12149,12154,FLOW
12149,12156,FLOW
12149,12169,FLOW
12190,12150,HAS_BLOCK
12150,12178,FLOW
12150,12173,FLOW
12150,12173,UNWIND
12190,12154,HAS_BLOCK
12154,12158,FLOW
12154,12173,FLOW
12154,12173,UNWIND
12190,12156,HAS_BLOCK
12156,12159,FLOW
12156,12173,FLOW
12156,12173,UNWIND
12190,12158,HAS_BLOCK
12158,12170,FLOW
12190,12159,HAS_BLOCK
12159,12161,FLOW
12159,12173,FLOW
12159,12173,UNWIND
12190,12161,HAS_BLOCK
12161,12162,FLOW
12161,12163,FLOW
12161,12169,FLOW
12190,12162,HAS_BLOCK
12162,12165,FLOW
12162,12167,FLOW
12162,12169,FLOW
12190,12163,HAS_BLOCK
12163,12179,FLOW
12163,12173,FLOW
12163,12173,UNWIND
12190,12165,HAS_BLOCK
12165,12168,FLOW
12165,12173,FLOW
12165,12173,UNWIND
12190,12167,HAS_BLOCK
12167,12172,FLOW
12190,12168,HAS_BLOCK
12168,12170,FLOW
12190,12170,HAS_BLOCK
12170,12171,FLOW
12170,12174,FLOW
12170,12174,UNWIND
12190,12171,HAS_BLOCK
12171,12172,FLOW
12190,12172,HAS_BLOCK
12172,12190,RETURN
12190,12173,HAS_BLOCK
12173,12174,FLOW
12190,12174,HAS_BLOCK
12174,12175,FLOW
12190,12175,HAS_BLOCK
12190,12176,HAS_BLOCK
12176,12171,FLOW
12190,12177,HAS_BLOCK
12177,12170,FLOW
12190,12178,HAS_BLOCK
12178,12170,FLOW
12190,12179,HAS_BLOCK
12179,12170,FLOW
12131,12132,HAS_PARAM
12131,12133,HAS_PARAM
12131,11984,HAS_BLOCK
11984,11985,FLOW
12131,11985,HAS_BLOCK
11985,12013,FLOW
11985,12126,FLOW
11985,12126,UNWIND
12131,12013,HAS_BLOCK
12013,12029,FLOW
12013,12126,FLOW
12013,12126,UNWIND
12131,12029,HAS_BLOCK
12029,12060,FLOW
12029,12076,FLOW
12029,12045,FLOW
12131,12045,HAS_BLOCK
12131,12060,HAS_BLOCK
12060,12108,FLOW
12060,12093,FLOW
12060,12045,FLOW
12131,12076,HAS_BLOCK
12076,12129,FLOW
12076,12126,FLOW
12076,12126,UNWIND
12131,12093,HAS_BLOCK
12093,12066,FLOW
12093,12068,FLOW
12093,12045,FLOW
12131,12108,HAS_BLOCK
12108,12001,FLOW
12108,11999,FLOW
12108,11997,FLOW
12108,11986,FLOW
12108,12119,FLOW
12108,12045,FLOW
12131,12119,HAS_BLOCK
12119,12061,FLOW
12119,12126,FLOW
12119,12126,UNWIND
12131,11986,HAS_BLOCK
11986,12046,FLOW
11986,12126,FLOW
11986,12126,UNWIND
12131,11997,HAS_BLOCK
11997,12033,FLOW
11997,12126,FLOW
11997,12126,UNWIND
12131,11999,HAS_BLOCK
11999,12019,FLOW
11999,12126,FLOW
11999,12126,UNWIND
12131,12001,HAS_BLOCK
12001,12003,FLOW
12001,12126,FLOW
12001,12126,UNWIND
12131,12003,HAS_BLOCK
12003,12007,FLOW
12003,12004,FLOW
12131,12004,HAS_BLOCK
12004,12006,FLOW
12004,12126,FLOW
12004,12126,UNWIND
12131,12006,HAS_BLOCK
12006,12120,FLOW
12131,12007,HAS_BLOCK
12007,12009,FLOW
12007,12126,FLOW
12007,12126,UNWIND
12131,12009,HAS_BLOCK
12009,12011,FLOW
12009,12126,FLOW
12009,12126,UNWIND
12131,12011,HAS_BLOCK
12011,12014,FLOW
12011,12015,FLOW
12011,12045,FLOW
12131,12014,HAS_BLOCK
12014,12017,FLOW
12014,12018,FLOW
12014,12018,UNWIND
12131,12015,HAS_BLOCK
12015,11987,FLOW
12015,12126,FLOW
12015,12126,UNWIND
12131,12017,HAS_BLOCK
12017,11985,FLOW
12131,12018,HAS_BLOCK
12018,12126,FLOW
12131,12019,HAS_BLOCK
12019,12023,FLOW
12019,12020,FLOW
12131,12020,HAS_BLOCK
12020,12022,FLOW
12020,12126,FLOW
12020,12126,UNWIND
12131,12022,HAS_BLOCK
12022,12120,FLOW
12131,12023,HAS_BLOCK
12023,12025,FLOW
12023,12126,FLOW
12023,12126,UNWIND
12131,12025,HAS_BLOCK
12025,12027,FLOW
12025,12126,FLOW
12025,12126,UNWIND
12131,12027,HAS_BLOCK
12027,12030,FLOW
12027,12031,FLOW
12027,12045,FLOW
12131,12030,HAS_BLOCK
12030,11985,FLOW
12131,12031,HAS_BLOCK
12031,11988,FLOW
12031,12126,FLOW
12031,12126,UNWIND
12131,12033,HAS_BLOCK
12033,12037,FLOW
12033,12034,FLOW
12131,12034,HAS_BLOCK
12034,12036,FLOW
12034,12126,FLOW
12034,12126,UNWIND
12131,12036,HAS_BLOCK
12036,12120,FLOW
12131,12037,HAS_BLOCK
12037,12039,FLOW
12037,12126,FLOW
12037,12126,UNWIND
12131,12039,HAS_BLOCK
12039,12041,FLOW
12039,12126,FLOW
12039,12126,UNWIND
12131,12041,HAS_BLOCK
12041,12042,FLOW
12041,12043,FLOW
12041,12045,FLOW
12131,12042,HAS_BLOCK
12042,11985,FLOW
12131,12043,HAS_BLOCK
12043,11989,FLOW
12043,12126,FLOW
12043,12126,UNWIND
12131,12046,HAS_BLOCK
12046,12050,FLOW
12046,12047,FLOW
12131,12047,HAS_BLOCK
12047,12049,FLOW
12047,12126,FLOW
12047,12126,UNWIND
12131,12049,HAS_BLOCK
12049,12120,FLOW
12131,12050,HAS_BLOCK
12050,12052,FLOW
12050,12126,FLOW
12050,12126,UNWIND
12131,12052,HAS_BLOCK
12052,12054,FLOW
12052,12126,FLOW
12052,12126,UNWIND
12131,12054,HAS_BLOCK
12054,12055,FLOW
12054,12056,FLOW
12054,12045,FLOW
12131,12055,HAS_BLOCK
12055,12058,FLOW
12055,12059,FLOW
12055,12059,UNWIND
12131,12056,HAS_BLOCK
12056,11990,FLOW
12056,12126,FLOW
12056,12126,UNWIND
12131,12058,HAS_BLOCK
12058,11985,FLOW
12131,12059,HAS_BLOCK
12059,12126,FLOW
12131,12061,HAS_BLOCK
12061,12063,FLOW
12061,12126,FLOW
12061,12126,UNWIND
12131,12063,HAS_BLOCK
12063,11985,FLOW
12063,12064,FLOW
12063,12045,FLOW
12131,12064,HAS_BLOCK
12064,11991,FLOW
12064,12126,FLOW
12064,12126,UNWIND
12131,12066,HAS_BLOCK
12066,12069,FLOW
12066,12126,FLOW
12066,12126,UNWIND
12131,12068,HAS_BLOCK
12068,12075,FLOW
12131,12069,HAS_BLOCK
12069,12071,FLOW
12069,12126,FLOW
12069,12126,UNWIND
12131,12071,HAS_BLOCK
12071,12072,FLOW
12071,12073,FLOW
12071,12045,FLOW
12131,12072,HAS_BLOCK
12072,12075,FLOW
12131,12073,HAS_BLOCK
12073,11992,FLOW
12073,12126,FLOW
12073,12126,UNWIND
12131,12075,HAS_BLOCK
12075,12077,FLOW
12075,12079,FLOW
12075,12045,FLOW
12131,12077,HAS_BLOCK
12077,12080,FLOW
12077,12112,FLOW
12077,12112,UNWIND
12131,12079,HAS_BLOCK
12079,12086,FLOW
12131,12080,HAS_BLOCK
12080,12082,FLOW
12080,12112,FLOW
12080,12112,UNWIND
12131,12082,HAS_BLOCK
12082,12083,FLOW
12082,12084,FLOW
12082,12045,FLOW
12131,12083,HAS_BLOCK
12083,12086,FLOW
12131,12084,HAS_BLOCK
12084,11993,FLOW
12084,12112,FLOW
12084,12112,UNWIND
12131,12086,HAS_BLOCK
12086,12087,FLOW
12086,12089,FLOW
12086,12045,FLOW
12131,12087,HAS_BLOCK
12087,12090,FLOW
12087,12112,FLOW
12087,12112,UNWIND
12131,12089,HAS_BLOCK
12089,12098,FLOW
12131,12090,HAS_BLOCK
12090,12094,FLOW
12090,12112,FLOW
12090,12112,UNWIND
12131,12094,HAS_BLOCK
12094,12095,FLOW
12094,12096,FLOW
12094,12045,FLOW
12131,12095,HAS_BLOCK
12095,12098,FLOW
12131,12096,HAS_BLOCK
12096,11994,FLOW
12096,12112,FLOW
12096,12112,UNWIND
12131,12098,HAS_BLOCK
12098,12099,FLOW
12098,12101,FLOW
12098,12045,FLOW
12131,12099,HAS_BLOCK
12099,12102,FLOW
12099,12112,FLOW
12099,12112,UNWIND
12131,12101,HAS_BLOCK
12101,12109,FLOW
12131,12102,HAS_BLOCK
12102,12104,FLOW
12102,12112,FLOW
12102,12112,UNWIND
12131,12104,HAS_BLOCK
12104,12105,FLOW
12104,12106,FLOW
12104,12045,FLOW
12131,12105,HAS_BLOCK
12105,12109,FLOW
12131,12106,HAS_BLOCK
12106,11995,FLOW
12106,12112,FLOW
12106,12112,UNWIND
12131,12109,HAS_BLOCK
12109,12111,FLOW
12131,12110,HAS_BLOCK
12110,12120,FLOW
12110,12126,FLOW
12110,12126,UNWIND
12131,12111,HAS_BLOCK
12111,12131,RETURN
12131,12112,HAS_BLOCK
12112,12126,FLOW
12131,12113,HAS_BLOCK
12113,12127,FLOW
12113,12114,FLOW
12131,12114,HAS_BLOCK
12114,12115,FLOW
12131,12115,HAS_BLOCK
12131,12116,HAS_BLOCK
12116,12122,FLOW
12116,12121,FLOW
12116,12045,FLOW
12131,12117,HAS_BLOCK
12117,12116,FLOW
12117,12118,FLOW
12131,12118,HAS_BLOCK
12118,12116,FLOW
12118,12113,FLOW
12118,12113,UNWIND
12131,12120,HAS_BLOCK
12120,12117,FLOW
12120,12116,FLOW
12120,12045,FLOW
12131,12121,HAS_BLOCK
12121,12111,FLOW
12131,12122,HAS_BLOCK
12122,12121,FLOW
12122,12123,FLOW
12131,12123,HAS_BLOCK
12123,12121,FLOW
12123,12114,FLOW
12123,12114,UNWIND
12131,12124,HAS_BLOCK
12124,12113,FLOW
12124,12125,FLOW
12131,12125,HAS_BLOCK
12125,12113,FLOW
12131,12126,HAS_BLOCK
12126,12124,FLOW
12126,12113,FLOW
12131,12127,HAS_BLOCK
12127,12114,FLOW
12127,12128,FLOW
12131,12128,HAS_BLOCK
12128,12114,FLOW
12131,12129,HAS_BLOCK
12129,12120,FLOW
12131,11987,HAS_BLOCK
11987,12120,FLOW
12131,11988,HAS_BLOCK
11988,12120,FLOW
12131,11989,HAS_BLOCK
11989,12120,FLOW
12131,11990,HAS_BLOCK
11990,12120,FLOW
12131,11991,HAS_BLOCK
11991,12120,FLOW
12131,11992,HAS_BLOCK
11992,12120,FLOW
12131,11993,HAS_BLOCK
11993,12110,FLOW
12131,11994,HAS_BLOCK
11994,12110,FLOW
12131,11995,HAS_BLOCK
11995,12110,FLOW
W
12131,11994,HAS_BLOCK
11994,12110,FLOW
12131,11995,HAS_BLOCK
11995,12110,FLOW
