node_id,node_kind,symbol,file,line,column
0,MODULE,,canon-utils/analysis/src/lib.rs,1,1
1,BASIC_BLOCK,<csr::CsrGraph as std::clone::Clone>::clone::bb0,canon-utils/analysis/src/csr.rs,10,5
2,CALL_SITE,<csr::CsrGraph as std::clone::Clone>::clone::bb0::call0,canon-utils/analysis/src/csr.rs,10,5
3,BASIC_BLOCK,<csr::CsrGraph as std::clone::Clone>::clone::bb1,canon-utils/analysis/src/csr.rs,11,5
4,CALL_SITE,<csr::CsrGraph as std::clone::Clone>::clone::bb1::call1,canon-utils/analysis/src/csr.rs,11,5
5,BASIC_BLOCK,<csr::CsrGraph as std::clone::Clone>::clone::bb2,canon-utils/analysis/src/csr.rs,8,22
6,BASIC_BLOCK,<csr::CsrGraph as std::clone::Clone>::clone::bb3,canon-utils/analysis/src/csr.rs,8,21
7,BASIC_BLOCK,<csr::CsrGraph as std::clone::Clone>::clone::bb4,canon-utils/analysis/src/csr.rs,8,17
8,METHOD,<csr::CsrGraph as std::clone::Clone>::clone::fn,canon-utils/analysis/src/csr.rs,8,17
9,PARAM,<csr::CsrGraph as std::clone::Clone>::clone::param0,canon-utils/analysis/src/csr.rs,8,17
10,BASIC_BLOCK,<csr::CsrGraph as std::fmt::Debug>::fmt::bb0,canon-utils/analysis/src/csr.rs,8,10
11,CALL_SITE,<csr::CsrGraph as std::fmt::Debug>::fmt::bb0::call0,canon-utils/analysis/src/csr.rs,8,10
12,BASIC_BLOCK,<csr::CsrGraph as std::fmt::Debug>::fmt::bb1,canon-utils/analysis/src/csr.rs,8,15
13,METHOD,<csr::CsrGraph as std::fmt::Debug>::fmt::fn,canon-utils/analysis/src/csr.rs,8,10
14,PARAM,<csr::CsrGraph as std::fmt::Debug>::fmt::param0,canon-utils/analysis/src/csr.rs,8,10
15,PARAM,<csr::CsrGraph as std::fmt::Debug>::fmt::param1,canon-utils/analysis/src/csr.rs,8,10
16,BASIC_BLOCK,<emit::OutputConfig as std::clone::Clone>::clone::bb0,canon-utils/analysis/src/emit.rs,10,5
17,CALL_SITE,<emit::OutputConfig as std::clone::Clone>::clone::bb0::call0,canon-utils/analysis/src/emit.rs,10,5
18,BASIC_BLOCK,<emit::OutputConfig as std::clone::Clone>::clone::bb1,canon-utils/analysis/src/emit.rs,8,22
19,METHOD,<emit::OutputConfig as std::clone::Clone>::clone::fn,canon-utils/analysis/src/emit.rs,8,17
20,PARAM,<emit::OutputConfig as std::clone::Clone>::clone::param0,canon-utils/analysis/src/emit.rs,8,17
21,BASIC_BLOCK,<emit::OutputConfig as std::fmt::Debug>::fmt::bb0,canon-utils/analysis/src/emit.rs,8,10
22,CALL_SITE,<emit::OutputConfig as std::fmt::Debug>::fmt::bb0::call0,canon-utils/analysis/src/emit.rs,8,10
23,BASIC_BLOCK,<emit::OutputConfig as std::fmt::Debug>::fmt::bb1,canon-utils/analysis/src/emit.rs,8,15
24,METHOD,<emit::OutputConfig as std::fmt::Debug>::fmt::fn,canon-utils/analysis/src/emit.rs,8,10
25,PARAM,<emit::OutputConfig as std::fmt::Debug>::fmt::param0,canon-utils/analysis/src/emit.rs,8,10
26,PARAM,<emit::OutputConfig as std::fmt::Debug>::fmt::param1,canon-utils/analysis/src/emit.rs,8,10
27,BASIC_BLOCK,<emit::_::<impl errors::_::_serde::Deserialize<'de> for emit::OutputConfig>::deserialize::__Field as errors::_::_serde::Deserialize<'de>>::deserialize::bb0,canon-utils/analysis/src/emit.rs,8,35
28,CALL_SITE,<emit::_::<impl errors::_::_serde::Deserialize<'de> for emit::OutputConfig>::deserialize::__Field as errors::_::_serde::Deserialize<'de>>::deserialize::bb0::call0,canon-utils/analysis/src/emit.rs,8,35
29,BASIC_BLOCK,<emit::_::<impl errors::_::_serde::Deserialize<'de> for emit::OutputConfig>::deserialize::__Field as errors::_::_serde::Deserialize<'de>>::deserialize::bb1,canon-utils/analysis/src/emit.rs,8,46
30,METHOD,<emit::_::<impl errors::_::_serde::Deserialize<'de> for emit::OutputConfig>::deserialize::__Field as errors::_::_serde::Deserialize<'de>>::deserialize::fn,canon-utils/analysis/src/emit.rs,8,35
31,PARAM,<emit::_::<impl errors::_::_serde::Deserialize<'de> for emit::OutputConfig>::deserialize::__Field as errors::_::_serde::Deserialize<'de>>::deserialize::param0,canon-utils/analysis/src/emit.rs,8,35
32,BASIC_BLOCK,<emit::_::<impl errors::_::_serde::Deserialize<'de> for emit::OutputConfig>::deserialize::__FieldVisitor as errors::_::_serde::de::Visitor<'de>>::expecting::bb0,canon-utils/analysis/src/emit.rs,8,35
33,CALL_SITE,<emit::_::<impl errors::_::_serde::Deserialize<'de> for emit::OutputConfig>::deserialize::__FieldVisitor as errors::_::_serde::de::Visitor<'de>>::expecting::bb0::call0,canon-utils/analysis/src/emit.rs,8,35
34,BASIC_BLOCK,<emit::_::<impl errors::_::_serde::Deserialize<'de> for emit::OutputConfig>::deserialize::__FieldVisitor as errors::_::_serde::de::Visitor<'de>>::expecting::bb1,canon-utils/analysis/src/emit.rs,8,46
35,METHOD,<emit::_::<impl errors::_::_serde::Deserialize<'de> for emit::OutputConfig>::deserialize::__FieldVisitor as errors::_::_serde::de::Visitor<'de>>::expecting::fn,canon-utils/analysis/src/emit.rs,8,35
36,PARAM,<emit::_::<impl errors::_::_serde::Deserialize<'de> for emit::OutputConfig>::deserialize::__FieldVisitor as errors::_::_serde::de::Visitor<'de>>::expecting::param0,canon-utils/analysis/src/emit.rs,8,35
37,PARAM,<emit::_::<impl errors::_::_serde::Deserialize<'de> for emit::OutputConfig>::deserialize::__FieldVisitor as errors::_::_serde::de::Visitor<'de>>::expecting::param1,canon-utils/analysis/src/emit.rs,8,35
38,BASIC_BLOCK,<emit::_::<impl errors::_::_serde::Deserialize<'de> for emit::OutputConfig>::deserialize::__FieldVisitor as errors::_::_serde::de::Visitor<'de>>::visit_bytes::bb0,canon-utils/analysis/src/emit.rs,8,35
39,BASIC_BLOCK,<emit::_::<impl errors::_::_serde::Deserialize<'de> for emit::OutputConfig>::deserialize::__FieldVisitor as errors::_::_serde::de::Visitor<'de>>::visit_bytes::bb1,canon-utils/analysis/src/emit.rs,8,45
40,BASIC_BLOCK,<emit::_::<impl errors::_::_serde::Deserialize<'de> for emit::OutputConfig>::deserialize::__FieldVisitor as errors::_::_serde::de::Visitor<'de>>::visit_bytes::bb10,canon-utils/analysis/src/emit.rs,8,35
41,BASIC_BLOCK,<emit::_::<impl errors::_::_serde::Deserialize<'de> for emit::OutputConfig>::deserialize::__FieldVisitor as errors::_::_serde::de::Visitor<'de>>::visit_bytes::bb11,canon-utils/analysis/src/emit.rs,8,35
42,BASIC_BLOCK,<emit::_::<impl errors::_::_serde::Deserialize<'de> for emit::OutputConfig>::deserialize::__FieldVisitor as errors::_::_serde::de::Visitor<'de>>::visit_bytes::bb12,canon-utils/analysis/src/emit.rs,8,45
43,BASIC_BLOCK,<emit::_::<impl errors::_::_serde::Deserialize<'de> for emit::OutputConfig>::deserialize::__FieldVisitor as errors::_::_serde::de::Visitor<'de>>::visit_bytes::bb13,canon-utils/analysis/src/emit.rs,8,46
44,BASIC_BLOCK,<emit::_::<impl errors::_::_serde::Deserialize<'de> for emit::OutputConfig>::deserialize::__FieldVisitor as errors::_::_serde::de::Visitor<'de>>::visit_bytes::bb2,canon-utils/analysis/src/emit.rs,8,35
45,BASIC_BLOCK,<emit::_::<impl errors::_::_serde::Deserialize<'de> for emit::OutputConfig>::deserialize::__FieldVisitor as errors::_::_serde::de::Visitor<'de>>::visit_bytes::bb3,canon-utils/analysis/src/emit.rs,8,35
46,BASIC_BLOCK,<emit::_::<impl errors::_::_serde::Deserialize<'de> for emit::OutputConfig>::deserialize::__FieldVisitor as errors::_::_serde::de::Visitor<'de>>::visit_bytes::bb4,canon-utils/analysis/src/emit.rs,8,35
47,BASIC_BLOCK,<emit::_::<impl errors::_::_serde::Deserialize<'de> for emit::OutputConfig>::deserialize::__FieldVisitor as errors::_::_serde::de::Visitor<'de>>::visit_bytes::bb5,canon-utils/analysis/src/emit.rs,8,35
48,BASIC_BLOCK,<emit::_::<impl errors::_::_serde::Deserialize<'de> for emit::OutputConfig>::deserialize::__FieldVisitor as errors::_::_serde::de::Visitor<'de>>::visit_bytes::bb6,canon-utils/analysis/src/emit.rs,8,35
49,BASIC_BLOCK,<emit::_::<impl errors::_::_serde::Deserialize<'de> for emit::OutputConfig>::deserialize::__FieldVisitor as errors::_::_serde::de::Visitor<'de>>::visit_bytes::bb7,canon-utils/analysis/src/emit.rs,8,35
50,BASIC_BLOCK,<emit::_::<impl errors::_::_serde::Deserialize<'de> for emit::OutputConfig>::deserialize::__FieldVisitor as errors::_::_serde::de::Visitor<'de>>::visit_bytes::bb8,canon-utils/analysis/src/emit.rs,8,35
51,BASIC_BLOCK,<emit::_::<impl errors::_::_serde::Deserialize<'de> for emit::OutputConfig>::deserialize::__FieldVisitor as errors::_::_serde::de::Visitor<'de>>::visit_bytes::bb9,canon-utils/analysis/src/emit.rs,8,35
52,METHOD,<emit::_::<impl errors::_::_serde::Deserialize<'de> for emit::OutputConfig>::deserialize::__FieldVisitor as errors::_::_serde::de::Visitor<'de>>::visit_bytes::fn,canon-utils/analysis/src/emit.rs,8,35
53,PARAM,<emit::_::<impl errors::_::_serde::Deserialize<'de> for emit::OutputConfig>::deserialize::__FieldVisitor as errors::_::_serde::de::Visitor<'de>>::visit_bytes::param0,canon-utils/analysis/src/emit.rs,8,35
54,PARAM,<emit::_::<impl errors::_::_serde::Deserialize<'de> for emit::OutputConfig>::deserialize::__FieldVisitor as errors::_::_serde::de::Visitor<'de>>::visit_bytes::param1,canon-utils/analysis/src/emit.rs,8,35
55,BASIC_BLOCK,<emit::_::<impl errors::_::_serde::Deserialize<'de> for emit::OutputConfig>::deserialize::__FieldVisitor as errors::_::_serde::de::Visitor<'de>>::visit_str::bb0,canon-utils/analysis/src/emit.rs,10,9
56,CALL_SITE,<emit::_::<impl errors::_::_serde::Deserialize<'de> for emit::OutputConfig>::deserialize::__FieldVisitor as errors::_::_serde::de::Visitor<'de>>::visit_str::bb0::call0,canon-utils/analysis/src/emit.rs,10,9
57,BASIC_BLOCK,<emit::_::<impl errors::_::_serde::Deserialize<'de> for emit::OutputConfig>::deserialize::__FieldVisitor as errors::_::_serde::de::Visitor<'de>>::visit_str::bb1,canon-utils/analysis/src/emit.rs,8,45
58,BASIC_BLOCK,<emit::_::<impl errors::_::_serde::Deserialize<'de> for emit::OutputConfig>::deserialize::__FieldVisitor as errors::_::_serde::de::Visitor<'de>>::visit_str::bb2,canon-utils/analysis/src/emit.rs,8,45
59,BASIC_BLOCK,<emit::_::<impl errors::_::_serde::Deserialize<'de> for emit::OutputConfig>::deserialize::__FieldVisitor as errors::_::_serde::de::Visitor<'de>>::visit_str::bb3,canon-utils/analysis/src/emit.rs,10,9
60,BASIC_BLOCK,<emit::_::<impl errors::_::_serde::Deserialize<'de> for emit::OutputConfig>::deserialize::__FieldVisitor as errors::_::_serde::de::Visitor<'de>>::visit_str::bb4,canon-utils/analysis/src/emit.rs,8,46
61,METHOD,<emit::_::<impl errors::_::_serde::Deserialize<'de> for emit::OutputConfig>::deserialize::__FieldVisitor as errors::_::_serde::de::Visitor<'de>>::visit_str::fn,canon-utils/analysis/src/emit.rs,8,35
62,PARAM,<emit::_::<impl errors::_::_serde::Deserialize<'de> for emit::OutputConfig>::deserialize::__FieldVisitor as errors::_::_serde::de::Visitor<'de>>::visit_str::param0,canon-utils/analysis/src/emit.rs,8,35
63,PARAM,<emit::_::<impl errors::_::_serde::Deserialize<'de> for emit::OutputConfig>::deserialize::__FieldVisitor as errors::_::_serde::de::Visitor<'de>>::visit_str::param1,canon-utils/analysis/src/emit.rs,8,35
64,BASIC_BLOCK,<emit::_::<impl errors::_::_serde::Deserialize<'de> for emit::OutputConfig>::deserialize::__FieldVisitor as errors::_::_serde::de::Visitor<'de>>::visit_u64::bb0,canon-utils/analysis/src/emit.rs,8,35
65,BASIC_BLOCK,<emit::_::<impl errors::_::_serde::Deserialize<'de> for emit::OutputConfig>::deserialize::__FieldVisitor as errors::_::_serde::de::Visitor<'de>>::visit_u64::bb1,canon-utils/analysis/src/emit.rs,8,45
66,BASIC_BLOCK,<emit::_::<impl errors::_::_serde::Deserialize<'de> for emit::OutputConfig>::deserialize::__FieldVisitor as errors::_::_serde::de::Visitor<'de>>::visit_u64::bb2,canon-utils/analysis/src/emit.rs,8,45
67,BASIC_BLOCK,<emit::_::<impl errors::_::_serde::Deserialize<'de> for emit::OutputConfig>::deserialize::__FieldVisitor as errors::_::_serde::de::Visitor<'de>>::visit_u64::bb3,canon-utils/analysis/src/emit.rs,8,46
68,METHOD,<emit::_::<impl errors::_::_serde::Deserialize<'de> for emit::OutputConfig>::deserialize::__FieldVisitor as errors::_::_serde::de::Visitor<'de>>::visit_u64::fn,canon-utils/analysis/src/emit.rs,8,35
69,PARAM,<emit::_::<impl errors::_::_serde::Deserialize<'de> for emit::OutputConfig>::deserialize::__FieldVisitor as errors::_::_serde::de::Visitor<'de>>::visit_u64::param0,canon-utils/analysis/src/emit.rs,8,35
70,PARAM,<emit::_::<impl errors::_::_serde::Deserialize<'de> for emit::OutputConfig>::deserialize::__FieldVisitor as errors::_::_serde::de::Visitor<'de>>::visit_u64::param1,canon-utils/analysis/src/emit.rs,8,35
71,BASIC_BLOCK,<emit::_::<impl errors::_::_serde::Deserialize<'de> for emit::OutputConfig>::deserialize::__Visitor<'de> as errors::_::_serde::de::Visitor<'de>>::expecting::bb0,canon-utils/analysis/src/emit.rs,8,35
72,CALL_SITE,<emit::_::<impl errors::_::_serde::Deserialize<'de> for emit::OutputConfig>::deserialize::__Visitor<'de> as errors::_::_serde::de::Visitor<'de>>::expecting::bb0::call0,canon-utils/analysis/src/emit.rs,8,35
73,BASIC_BLOCK,<emit::_::<impl errors::_::_serde::Deserialize<'de> for emit::OutputConfig>::deserialize::__Visitor<'de> as errors::_::_serde::de::Visitor<'de>>::expecting::bb1,canon-utils/analysis/src/emit.rs,8,46
74,METHOD,<emit::_::<impl errors::_::_serde::Deserialize<'de> for emit::OutputConfig>::deserialize::__Visitor<'de> as errors::_::_serde::de::Visitor<'de>>::expecting::fn,canon-utils/analysis/src/emit.rs,8,35
75,PARAM,<emit::_::<impl errors::_::_serde::Deserialize<'de> for emit::OutputConfig>::deserialize::__Visitor<'de> as errors::_::_serde::de::Visitor<'de>>::expecting::param0,canon-utils/analysis/src/emit.rs,8,35
76,PARAM,<emit::_::<impl errors::_::_serde::Deserialize<'de> for emit::OutputConfig>::deserialize::__Visitor<'de> as errors::_::_serde::de::Visitor<'de>>::expecting::param1,canon-utils/analysis/src/emit.rs,8,35
77,BASIC_BLOCK,<emit::_::<impl errors::_::_serde::Deserialize<'de> for emit::OutputConfig>::deserialize::__Visitor<'de> as errors::_::_serde::de::Visitor<'de>>::visit_map::bb0,canon-utils/analysis/src/emit.rs,8,35
78,BASIC_BLOCK,<emit::_::<impl errors::_::_serde::Deserialize<'de> for emit::OutputConfig>::deserialize::__Visitor<'de> as errors::_::_serde::de::Visitor<'de>>::visit_map::bb1,canon-utils/analysis/src/emit.rs,8,35
79,BASIC_BLOCK,<emit::_::<impl errors::_::_serde::Deserialize<'de> for emit::OutputConfig>::deserialize::__Visitor<'de> as errors::_::_serde::de::Visitor<'de>>::visit_map::bb10,canon-utils/analysis/src/emit.rs,8,35
80,CALL_SITE,<emit::_::<impl errors::_::_serde::Deserialize<'de> for emit::OutputConfig>::deserialize::__Visitor<'de> as errors::_::_serde::de::Visitor<'de>>::visit_map::bb10::call4,canon-utils/analysis/src/emit.rs,8,35
81,BASIC_BLOCK,<emit::_::<impl errors::_::_serde::Deserialize<'de> for emit::OutputConfig>::deserialize::__Visitor<'de> as errors::_::_serde::de::Visitor<'de>>::visit_map::bb11,canon-utils/analysis/src/emit.rs,8,35
82,BASIC_BLOCK,<emit::_::<impl errors::_::_serde::Deserialize<'de> for emit::OutputConfig>::deserialize::__Visitor<'de> as errors::_::_serde::de::Visitor<'de>>::visit_map::bb12,canon-utils/analysis/src/emit.rs,8,35
83,CALL_SITE,<emit::_::<impl errors::_::_serde::Deserialize<'de> for emit::OutputConfig>::deserialize::__Visitor<'de> as errors::_::_serde::de::Visitor<'de>>::visit_map::bb12::call5,canon-utils/analysis/src/emit.rs,8,35
84,BASIC_BLOCK,<emit::_::<impl errors::_::_serde::Deserialize<'de> for emit::OutputConfig>::deserialize::__Visitor<'de> as errors::_::_serde::de::Visitor<'de>>::visit_map::bb13,canon-utils/analysis/src/lib.rs,1,1
85,BASIC_BLOCK,<emit::_::<impl errors::_::_serde::Deserialize<'de> for emit::OutputConfig>::deserialize::__Visitor<'de> as errors::_::_serde::de::Visitor<'de>>::visit_map::bb14,canon-utils/analysis/src/emit.rs,8,35
86,CALL_SITE,<emit::_::<impl errors::_::_serde::Deserialize<'de> for emit::OutputConfig>::deserialize::__Visitor<'de> as errors::_::_serde::de::Visitor<'de>>::visit_map::bb14::call6,canon-utils/analysis/src/emit.rs,8,35
87,BASIC_BLOCK,<emit::_::<impl errors::_::_serde::Deserialize<'de> for emit::OutputConfig>::deserialize::__Visitor<'de> as errors::_::_serde::de::Visitor<'de>>::visit_map::bb15,canon-utils/analysis/src/emit.rs,8,35
88,CALL_SITE,<emit::_::<impl errors::_::_serde::Deserialize<'de> for emit::OutputConfig>::deserialize::__Visitor<'de> as errors::_::_serde::de::Visitor<'de>>::visit_map::bb15::call7,canon-utils/analysis/src/emit.rs,8,35
89,BASIC_BLOCK,<emit::_::<impl errors::_::_serde::Deserialize<'de> for emit::OutputConfig>::deserialize::__Visitor<'de> as errors::_::_serde::de::Visitor<'de>>::visit_map::bb16,canon-utils/analysis/src/emit.rs,8,35
90,BASIC_BLOCK,<emit::_::<impl errors::_::_serde::Deserialize<'de> for emit::OutputConfig>::deserialize::__Visitor<'de> as errors::_::_serde::de::Visitor<'de>>::visit_map::bb17,canon-utils/analysis/src/emit.rs,8,35
91,BASIC_BLOCK,<emit::_::<impl errors::_::_serde::Deserialize<'de> for emit::OutputConfig>::deserialize::__Visitor<'de> as errors::_::_serde::de::Visitor<'de>>::visit_map::bb18,canon-utils/analysis/src/emit.rs,8,35
92,CALL_SITE,<emit::_::<impl errors::_::_serde::Deserialize<'de> for emit::OutputConfig>::deserialize::__Visitor<'de> as errors::_::_serde::de::Visitor<'de>>::visit_map::bb18::call8,canon-utils/analysis/src/emit.rs,8,35
93,BASIC_BLOCK,<emit::_::<impl errors::_::_serde::Deserialize<'de> for emit::OutputConfig>::deserialize::__Visitor<'de> as errors::_::_serde::de::Visitor<'de>>::visit_map::bb19,canon-utils/analysis/src/emit.rs,8,35
94,CALL_SITE,<emit::_::<impl errors::_::_serde::Deserialize<'de> for emit::OutputConfig>::deserialize::__Visitor<'de> as errors::_::_serde::de::Visitor<'de>>::visit_map::bb1::call0,canon-utils/analysis/src/emit.rs,8,35
95,BASIC_BLOCK,<emit::_::<impl errors::_::_serde::Deserialize<'de> for emit::OutputConfig>::deserialize::__Visitor<'de> as errors::_::_serde::de::Visitor<'de>>::visit_map::bb2,canon-utils/analysis/src/emit.rs,8,35
96,BASIC_BLOCK,<emit::_::<impl errors::_::_serde::Deserialize<'de> for emit::OutputConfig>::deserialize::__Visitor<'de> as errors::_::_serde::de::Visitor<'de>>::visit_map::bb20,canon-utils/analysis/src/emit.rs,8,35
97,BASIC_BLOCK,<emit::_::<impl errors::_::_serde::Deserialize<'de> for emit::OutputConfig>::deserialize::__Visitor<'de> as errors::_::_serde::de::Visitor<'de>>::visit_map::bb21,canon-utils/analysis/src/emit.rs,8,35
98,CALL_SITE,<emit::_::<impl errors::_::_serde::Deserialize<'de> for emit::OutputConfig>::deserialize::__Visitor<'de> as errors::_::_serde::de::Visitor<'de>>::visit_map::bb21::call9,canon-utils/analysis/src/emit.rs,8,35
99,BASIC_BLOCK,<emit::_::<impl errors::_::_serde::Deserialize<'de> for emit::OutputConfig>::deserialize::__Visitor<'de> as errors::_::_serde::de::Visitor<'de>>::visit_map::bb22,canon-utils/analysis/src/emit.rs,8,35
100,BASIC_BLOCK,<emit::_::<impl errors::_::_serde::Deserialize<'de> for emit::OutputConfig>::deserialize::__Visitor<'de> as errors::_::_serde::de::Visitor<'de>>::visit_map::bb23,canon-utils/analysis/src/emit.rs,8,35
101,CALL_SITE,<emit::_::<impl errors::_::_serde::Deserialize<'de> for emit::OutputConfig>::deserialize::__Visitor<'de> as errors::_::_serde::de::Visitor<'de>>::visit_map::bb23::call10,canon-utils/analysis/src/emit.rs,8,35
102,BASIC_BLOCK,<emit::_::<impl errors::_::_serde::Deserialize<'de> for emit::OutputConfig>::deserialize::__Visitor<'de> as errors::_::_serde::de::Visitor<'de>>::visit_map::bb24,canon-utils/analysis/src/emit.rs,8,35
103,CALL_SITE,<emit::_::<impl errors::_::_serde::Deserialize<'de> for emit::OutputConfig>::deserialize::__Visitor<'de> as errors::_::_serde::de::Visitor<'de>>::visit_map::bb24::call11,canon-utils/analysis/src/emit.rs,8,35
104,BASIC_BLOCK,<emit::_::<impl errors::_::_serde::Deserialize<'de> for emit::OutputConfig>::deserialize::__Visitor<'de> as errors::_::_serde::de::Visitor<'de>>::visit_map::bb25,canon-utils/analysis/src/emit.rs,8,45
105,BASIC_BLOCK,<emit::_::<impl errors::_::_serde::Deserialize<'de> for emit::OutputConfig>::deserialize::__Visitor<'de> as errors::_::_serde::de::Visitor<'de>>::visit_map::bb26,canon-utils/analysis/src/emit.rs,8,35
106,CALL_SITE,<emit::_::<impl errors::_::_serde::Deserialize<'de> for emit::OutputConfig>::deserialize::__Visitor<'de> as errors::_::_serde::de::Visitor<'de>>::visit_map::bb26::call12,canon-utils/analysis/src/emit.rs,8,35
107,BASIC_BLOCK,<emit::_::<impl errors::_::_serde::Deserialize<'de> for emit::OutputConfig>::deserialize::__Visitor<'de> as errors::_::_serde::de::Visitor<'de>>::visit_map::bb27,canon-utils/analysis/src/emit.rs,8,35
108,BASIC_BLOCK,<emit::_::<impl errors::_::_serde::Deserialize<'de> for emit::OutputConfig>::deserialize::__Visitor<'de> as errors::_::_serde::de::Visitor<'de>>::visit_map::bb28,canon-utils/analysis/src/emit.rs,8,45
109,BASIC_BLOCK,<emit::_::<impl errors::_::_serde::Deserialize<'de> for emit::OutputConfig>::deserialize::__Visitor<'de> as errors::_::_serde::de::Visitor<'de>>::visit_map::bb29,canon-utils/analysis/src/emit.rs,8,35
110,CALL_SITE,<emit::_::<impl errors::_::_serde::Deserialize<'de> for emit::OutputConfig>::deserialize::__Visitor<'de> as errors::_::_serde::de::Visitor<'de>>::visit_map::bb29::call13,canon-utils/analysis/src/emit.rs,8,35
111,CALL_SITE,<emit::_::<impl errors::_::_serde::Deserialize<'de> for emit::OutputConfig>::deserialize::__Visitor<'de> as errors::_::_serde::de::Visitor<'de>>::visit_map::bb2::call1,canon-utils/analysis/src/emit.rs,8,35
112,BASIC_BLOCK,<emit::_::<impl errors::_::_serde::Deserialize<'de> for emit::OutputConfig>::deserialize::__Visitor<'de> as errors::_::_serde::de::Visitor<'de>>::visit_map::bb3,canon-utils/analysis/src/emit.rs,8,35
113,BASIC_BLOCK,<emit::_::<impl errors::_::_serde::Deserialize<'de> for emit::OutputConfig>::deserialize::__Visitor<'de> as errors::_::_serde::de::Visitor<'de>>::visit_map::bb30,canon-utils/analysis/src/emit.rs,8,45
114,BASIC_BLOCK,<emit::_::<impl errors::_::_serde::Deserialize<'de> for emit::OutputConfig>::deserialize::__Visitor<'de> as errors::_::_serde::de::Visitor<'de>>::visit_map::bb31,canon-utils/analysis/src/emit.rs,8,46
115,BASIC_BLOCK,<emit::_::<impl errors::_::_serde::Deserialize<'de> for emit::OutputConfig>::deserialize::__Visitor<'de> as errors::_::_serde::de::Visitor<'de>>::visit_map::bb32,canon-utils/analysis/src/emit.rs,8,45
116,BASIC_BLOCK,<emit::_::<impl errors::_::_serde::Deserialize<'de> for emit::OutputConfig>::deserialize::__Visitor<'de> as errors::_::_serde::de::Visitor<'de>>::visit_map::bb33,canon-utils/analysis/src/emit.rs,8,35
117,BASIC_BLOCK,<emit::_::<impl errors::_::_serde::Deserialize<'de> for emit::OutputConfig>::deserialize::__Visitor<'de> as errors::_::_serde::de::Visitor<'de>>::visit_map::bb34,canon-utils/analysis/src/emit.rs,8,45
118,BASIC_BLOCK,<emit::_::<impl errors::_::_serde::Deserialize<'de> for emit::OutputConfig>::deserialize::__Visitor<'de> as errors::_::_serde::de::Visitor<'de>>::visit_map::bb35,canon-utils/analysis/src/emit.rs,8,45
119,BASIC_BLOCK,<emit::_::<impl errors::_::_serde::Deserialize<'de> for emit::OutputConfig>::deserialize::__Visitor<'de> as errors::_::_serde::de::Visitor<'de>>::visit_map::bb36,canon-utils/analysis/src/emit.rs,8,45
120,BASIC_BLOCK,<emit::_::<impl errors::_::_serde::Deserialize<'de> for emit::OutputConfig>::deserialize::__Visitor<'de> as errors::_::_serde::de::Visitor<'de>>::visit_map::bb37,canon-utils/analysis/src/emit.rs,8,45
121,BASIC_BLOCK,<emit::_::<impl errors::_::_serde::Deserialize<'de> for emit::OutputConfig>::deserialize::__Visitor<'de> as errors::_::_serde::de::Visitor<'de>>::visit_map::bb38,canon-utils/analysis/src/emit.rs,8,45
122,BASIC_BLOCK,<emit::_::<impl errors::_::_serde::Deserialize<'de> for emit::OutputConfig>::deserialize::__Visitor<'de> as errors::_::_serde::de::Visitor<'de>>::visit_map::bb39,canon-utils/analysis/src/emit.rs,8,45
123,BASIC_BLOCK,<emit::_::<impl errors::_::_serde::Deserialize<'de> for emit::OutputConfig>::deserialize::__Visitor<'de> as errors::_::_serde::de::Visitor<'de>>::visit_map::bb4,canon-utils/analysis/src/lib.rs,1,1
124,BASIC_BLOCK,<emit::_::<impl errors::_::_serde::Deserialize<'de> for emit::OutputConfig>::deserialize::__Visitor<'de> as errors::_::_serde::de::Visitor<'de>>::visit_map::bb40,canon-utils/analysis/src/emit.rs,8,45
125,BASIC_BLOCK,<emit::_::<impl errors::_::_serde::Deserialize<'de> for emit::OutputConfig>::deserialize::__Visitor<'de> as errors::_::_serde::de::Visitor<'de>>::visit_map::bb41,canon-utils/analysis/src/emit.rs,8,35
126,BASIC_BLOCK,<emit::_::<impl errors::_::_serde::Deserialize<'de> for emit::OutputConfig>::deserialize::__Visitor<'de> as errors::_::_serde::de::Visitor<'de>>::visit_map::bb42,canon-utils/analysis/src/emit.rs,8,35
127,BASIC_BLOCK,<emit::_::<impl errors::_::_serde::Deserialize<'de> for emit::OutputConfig>::deserialize::__Visitor<'de> as errors::_::_serde::de::Visitor<'de>>::visit_map::bb43,canon-utils/analysis/src/emit.rs,8,35
128,BASIC_BLOCK,<emit::_::<impl errors::_::_serde::Deserialize<'de> for emit::OutputConfig>::deserialize::__Visitor<'de> as errors::_::_serde::de::Visitor<'de>>::visit_map::bb44,canon-utils/analysis/src/emit.rs,8,35
129,BASIC_BLOCK,<emit::_::<impl errors::_::_serde::Deserialize<'de> for emit::OutputConfig>::deserialize::__Visitor<'de> as errors::_::_serde::de::Visitor<'de>>::visit_map::bb5,canon-utils/analysis/src/emit.rs,8,35
130,BASIC_BLOCK,<emit::_::<impl errors::_::_serde::Deserialize<'de> for emit::OutputConfig>::deserialize::__Visitor<'de> as errors::_::_serde::de::Visitor<'de>>::visit_map::bb6,canon-utils/analysis/src/emit.rs,8,35
131,CALL_SITE,<emit::_::<impl errors::_::_serde::Deserialize<'de> for emit::OutputConfig>::deserialize::__Visitor<'de> as errors::_::_serde::de::Visitor<'de>>::visit_map::bb6::call2,canon-utils/analysis/src/emit.rs,8,35
132,BASIC_BLOCK,<emit::_::<impl errors::_::_serde::Deserialize<'de> for emit::OutputConfig>::deserialize::__Visitor<'de> as errors::_::_serde::de::Visitor<'de>>::visit_map::bb7,canon-utils/analysis/src/emit.rs,8,35
133,BASIC_BLOCK,<emit::_::<impl errors::_::_serde::Deserialize<'de> for emit::OutputConfig>::deserialize::__Visitor<'de> as errors::_::_serde::de::Visitor<'de>>::visit_map::bb8,canon-utils/analysis/src/emit.rs,8,35
134,BASIC_BLOCK,<emit::_::<impl errors::_::_serde::Deserialize<'de> for emit::OutputConfig>::deserialize::__Visitor<'de> as errors::_::_serde::de::Visitor<'de>>::visit_map::bb9,canon-utils/analysis/src/emit.rs,8,35
135,CALL_SITE,<emit::_::<impl errors::_::_serde::Deserialize<'de> for emit::OutputConfig>::deserialize::__Visitor<'de> as errors::_::_serde::de::Visitor<'de>>::visit_map::bb9::call3,canon-utils/analysis/src/emit.rs,8,35
136,METHOD,<emit::_::<impl errors::_::_serde::Deserialize<'de> for emit::OutputConfig>::deserialize::__Visitor<'de> as errors::_::_serde::de::Visitor<'de>>::visit_map::fn,canon-utils/analysis/src/emit.rs,8,35
137,PARAM,<emit::_::<impl errors::_::_serde::Deserialize<'de> for emit::OutputConfig>::deserialize::__Visitor<'de> as errors::_::_serde::de::Visitor<'de>>::visit_map::param0,canon-utils/analysis/src/emit.rs,8,35
138,PARAM,<emit::_::<impl errors::_::_serde::Deserialize<'de> for emit::OutputConfig>::deserialize::__Visitor<'de> as errors::_::_serde::de::Visitor<'de>>::visit_map::param1,canon-utils/analysis/src/emit.rs,8,35
139,BASIC_BLOCK,<emit::_::<impl errors::_::_serde::Deserialize<'de> for emit::OutputConfig>::deserialize::__Visitor<'de> as errors::_::_serde::de::Visitor<'de>>::visit_seq::bb0,canon-utils/analysis/src/emit.rs,8,35
140,CALL_SITE,<emit::_::<impl errors::_::_serde::Deserialize<'de> for emit::OutputConfig>::deserialize::__Visitor<'de> as errors::_::_serde::de::Visitor<'de>>::visit_seq::bb0::call0,canon-utils/analysis/src/emit.rs,8,35
141,BASIC_BLOCK,<emit::_::<impl errors::_::_serde::Deserialize<'de> for emit::OutputConfig>::deserialize::__Visitor<'de> as errors::_::_serde::de::Visitor<'de>>::visit_seq::bb1,canon-utils/analysis/src/emit.rs,8,35
142,BASIC_BLOCK,<emit::_::<impl errors::_::_serde::Deserialize<'de> for emit::OutputConfig>::deserialize::__Visitor<'de> as errors::_::_serde::de::Visitor<'de>>::visit_seq::bb10,canon-utils/analysis/src/emit.rs,8,46
143,BASIC_BLOCK,<emit::_::<impl errors::_::_serde::Deserialize<'de> for emit::OutputConfig>::deserialize::__Visitor<'de> as errors::_::_serde::de::Visitor<'de>>::visit_seq::bb11,canon-utils/analysis/src/emit.rs,8,45
144,BASIC_BLOCK,<emit::_::<impl errors::_::_serde::Deserialize<'de> for emit::OutputConfig>::deserialize::__Visitor<'de> as errors::_::_serde::de::Visitor<'de>>::visit_seq::bb12,canon-utils/analysis/src/emit.rs,8,35
145,BASIC_BLOCK,<emit::_::<impl errors::_::_serde::Deserialize<'de> for emit::OutputConfig>::deserialize::__Visitor<'de> as errors::_::_serde::de::Visitor<'de>>::visit_seq::bb13,canon-utils/analysis/src/emit.rs,8,35
146,CALL_SITE,<emit::_::<impl errors::_::_serde::Deserialize<'de> for emit::OutputConfig>::deserialize::__Visitor<'de> as errors::_::_serde::de::Visitor<'de>>::visit_seq::bb1::call1,canon-utils/analysis/src/emit.rs,8,35
147,BASIC_BLOCK,<emit::_::<impl errors::_::_serde::Deserialize<'de> for emit::OutputConfig>::deserialize::__Visitor<'de> as errors::_::_serde::de::Visitor<'de>>::visit_seq::bb2,canon-utils/analysis/src/emit.rs,8,35
148,BASIC_BLOCK,<emit::_::<impl errors::_::_serde::Deserialize<'de> for emit::OutputConfig>::deserialize::__Visitor<'de> as errors::_::_serde::de::Visitor<'de>>::visit_seq::bb3,canon-utils/analysis/src/lib.rs,1,1
149,BASIC_BLOCK,<emit::_::<impl errors::_::_serde::Deserialize<'de> for emit::OutputConfig>::deserialize::__Visitor<'de> as errors::_::_serde::de::Visitor<'de>>::visit_seq::bb4,canon-utils/analysis/src/emit.rs,8,35
150,BASIC_BLOCK,<emit::_::<impl errors::_::_serde::Deserialize<'de> for emit::OutputConfig>::deserialize::__Visitor<'de> as errors::_::_serde::de::Visitor<'de>>::visit_seq::bb5,canon-utils/analysis/src/emit.rs,8,35
151,CALL_SITE,<emit::_::<impl errors::_::_serde::Deserialize<'de> for emit::OutputConfig>::deserialize::__Visitor<'de> as errors::_::_serde::de::Visitor<'de>>::visit_seq::bb5::call2,canon-utils/analysis/src/emit.rs,8,35
152,BASIC_BLOCK,<emit::_::<impl errors::_::_serde::Deserialize<'de> for emit::OutputConfig>::deserialize::__Visitor<'de> as errors::_::_serde::de::Visitor<'de>>::visit_seq::bb6,canon-utils/analysis/src/emit.rs,8,35
153,CALL_SITE,<emit::_::<impl errors::_::_serde::Deserialize<'de> for emit::OutputConfig>::deserialize::__Visitor<'de> as errors::_::_serde::de::Visitor<'de>>::visit_seq::bb6::call3,canon-utils/analysis/src/emit.rs,8,35
154,BASIC_BLOCK,<emit::_::<impl errors::_::_serde::Deserialize<'de> for emit::OutputConfig>::deserialize::__Visitor<'de> as errors::_::_serde::de::Visitor<'de>>::visit_seq::bb7,canon-utils/analysis/src/emit.rs,8,45
155,BASIC_BLOCK,<emit::_::<impl errors::_::_serde::Deserialize<'de> for emit::OutputConfig>::deserialize::__Visitor<'de> as errors::_::_serde::de::Visitor<'de>>::visit_seq::bb8,canon-utils/analysis/src/emit.rs,8,45
156,BASIC_BLOCK,<emit::_::<impl errors::_::_serde::Deserialize<'de> for emit::OutputConfig>::deserialize::__Visitor<'de> as errors::_::_serde::de::Visitor<'de>>::visit_seq::bb9,canon-utils/analysis/src/emit.rs,8,45
157,METHOD,<emit::_::<impl errors::_::_serde::Deserialize<'de> for emit::OutputConfig>::deserialize::__Visitor<'de> as errors::_::_serde::de::Visitor<'de>>::visit_seq::fn,canon-utils/analysis/src/emit.rs,8,35
158,PARAM,<emit::_::<impl errors::_::_serde::Deserialize<'de> for emit::OutputConfig>::deserialize::__Visitor<'de> as errors::_::_serde::de::Visitor<'de>>::visit_seq::param0,canon-utils/analysis/src/emit.rs,8,35
159,PARAM,<emit::_::<impl errors::_::_serde::Deserialize<'de> for emit::OutputConfig>::deserialize::__Visitor<'de> as errors::_::_serde::de::Visitor<'de>>::visit_seq::param1,canon-utils/analysis/src/emit.rs,8,35
160,BASIC_BLOCK,<errors::ErrorPayload as std::fmt::Debug>::fmt::bb0,canon-utils/analysis/src/errors.rs,11,10
161,CALL_SITE,<errors::ErrorPayload as std::fmt::Debug>::fmt::bb0::call0,canon-utils/analysis/src/errors.rs,11,10
162,BASIC_BLOCK,<errors::ErrorPayload as std::fmt::Debug>::fmt::bb1,canon-utils/analysis/src/errors.rs,11,15
163,METHOD,<errors::ErrorPayload as std::fmt::Debug>::fmt::fn,canon-utils/analysis/src/errors.rs,11,10
164,PARAM,<errors::ErrorPayload as std::fmt::Debug>::fmt::param0,canon-utils/analysis/src/errors.rs,11,10
165,PARAM,<errors::ErrorPayload as std::fmt::Debug>::fmt::param1,canon-utils/analysis/src/errors.rs,11,10
166,BASIC_BLOCK,<errors::ErrorSpan as std::clone::Clone>::clone::bb0,canon-utils/analysis/src/errors.rs,169,5
167,CALL_SITE,<errors::ErrorSpan as std::clone::Clone>::clone::bb0::call0,canon-utils/analysis/src/errors.rs,169,5
168,BASIC_BLOCK,<errors::ErrorSpan as std::clone::Clone>::clone::bb1,canon-utils/analysis/src/errors.rs,167,22
169,METHOD,<errors::ErrorSpan as std::clone::Clone>::clone::fn,canon-utils/analysis/src/errors.rs,167,17
170,PARAM,<errors::ErrorSpan as std::clone::Clone>::clone::param0,canon-utils/analysis/src/errors.rs,167,17
171,BASIC_BLOCK,<errors::ErrorSpan as std::fmt::Debug>::fmt::bb0,canon-utils/analysis/src/errors.rs,167,10
172,CALL_SITE,<errors::ErrorSpan as std::fmt::Debug>::fmt::bb0::call0,canon-utils/analysis/src/errors.rs,167,10
173,BASIC_BLOCK,<errors::ErrorSpan as std::fmt::Debug>::fmt::bb1,canon-utils/analysis/src/errors.rs,167,15
174,METHOD,<errors::ErrorSpan as std::fmt::Debug>::fmt::fn,canon-utils/analysis/src/errors.rs,167,10
175,PARAM,<errors::ErrorSpan as std::fmt::Debug>::fmt::param0,canon-utils/analysis/src/errors.rs,167,10
176,PARAM,<errors::ErrorSpan as std::fmt::Debug>::fmt::param1,canon-utils/analysis/src/errors.rs,167,10
177,BASIC_BLOCK,<errors::RepairSurfaceEntry as std::clone::Clone>::clone::bb0,canon-utils/analysis/src/errors.rs,19,5
178,CALL_SITE,<errors::RepairSurfaceEntry as std::clone::Clone>::clone::bb0::call0,canon-utils/analysis/src/errors.rs,19,5
179,BASIC_BLOCK,<errors::RepairSurfaceEntry as std::clone::Clone>::clone::bb1,canon-utils/analysis/src/errors.rs,20,5
180,CALL_SITE,<errors::RepairSurfaceEntry as std::clone::Clone>::clone::bb1::call1,canon-utils/analysis/src/errors.rs,20,5
181,BASIC_BLOCK,<errors::RepairSurfaceEntry as std::clone::Clone>::clone::bb2,canon-utils/analysis/src/errors.rs,16,22
182,BASIC_BLOCK,<errors::RepairSurfaceEntry as std::clone::Clone>::clone::bb3,canon-utils/analysis/src/errors.rs,16,21
183,BASIC_BLOCK,<errors::RepairSurfaceEntry as std::clone::Clone>::clone::bb4,canon-utils/analysis/src/errors.rs,16,17
184,METHOD,<errors::RepairSurfaceEntry as std::clone::Clone>::clone::fn,canon-utils/analysis/src/errors.rs,16,17
185,PARAM,<errors::RepairSurfaceEntry as std::clone::Clone>::clone::param0,canon-utils/analysis/src/errors.rs,16,17
186,BASIC_BLOCK,<errors::RepairSurfaceEntry as std::fmt::Debug>::fmt::bb0,canon-utils/analysis/src/errors.rs,16,10
187,CALL_SITE,<errors::RepairSurfaceEntry as std::fmt::Debug>::fmt::bb0::call0,canon-utils/analysis/src/errors.rs,16,10
188,BASIC_BLOCK,<errors::RepairSurfaceEntry as std::fmt::Debug>::fmt::bb1,canon-utils/analysis/src/errors.rs,16,15
189,METHOD,<errors::RepairSurfaceEntry as std::fmt::Debug>::fmt::fn,canon-utils/analysis/src/errors.rs,16,10
190,PARAM,<errors::RepairSurfaceEntry as std::fmt::Debug>::fmt::param0,canon-utils/analysis/src/errors.rs,16,10
191,PARAM,<errors::RepairSurfaceEntry as std::fmt::Debug>::fmt::param1,canon-utils/analysis/src/errors.rs,16,10
192,BASIC_BLOCK,<errors::_::<impl errors::_::_serde::Deserialize<'de> for errors::ErrorPayload>::deserialize::__Field as errors::_::_serde::Deserialize<'de>>::deserialize::bb0,canon-utils/analysis/src/errors.rs,11,17
193,CALL_SITE,<errors::_::<impl errors::_::_serde::Deserialize<'de> for errors::ErrorPayload>::deserialize::__Field as errors::_::_serde::Deserialize<'de>>::deserialize::bb0::call0,canon-utils/analysis/src/errors.rs,11,17
194,BASIC_BLOCK,<errors::_::<impl errors::_::_serde::Deserialize<'de> for errors::ErrorPayload>::deserialize::__Field as errors::_::_serde::Deserialize<'de>>::deserialize::bb1,canon-utils/analysis/src/errors.rs,11,28
195,METHOD,<errors::_::<impl errors::_::_serde::Deserialize<'de> for errors::ErrorPayload>::deserialize::__Field as errors::_::_serde::Deserialize<'de>>::deserialize::fn,canon-utils/analysis/src/errors.rs,11,17
196,PARAM,<errors::_::<impl errors::_::_serde::Deserialize<'de> for errors::ErrorPayload>::deserialize::__Field as errors::_::_serde::Deserialize<'de>>::deserialize::param0,canon-utils/analysis/src/errors.rs,11,17
197,BASIC_BLOCK,<errors::_::<impl errors::_::_serde::Deserialize<'de> for errors::ErrorPayload>::deserialize::__FieldVisitor as errors::_::_serde::de::Visitor<'de>>::expecting::bb0,canon-utils/analysis/src/errors.rs,11,17
198,CALL_SITE,<errors::_::<impl errors::_::_serde::Deserialize<'de> for errors::ErrorPayload>::deserialize::__FieldVisitor as errors::_::_serde::de::Visitor<'de>>::expecting::bb0::call0,canon-utils/analysis/src/errors.rs,11,17
199,BASIC_BLOCK,<errors::_::<impl errors::_::_serde::Deserialize<'de> for errors::ErrorPayload>::deserialize::__FieldVisitor as errors::_::_serde::de::Visitor<'de>>::expecting::bb1,canon-utils/analysis/src/errors.rs,11,28
200,METHOD,<errors::_::<impl errors::_::_serde::Deserialize<'de> for errors::ErrorPayload>::deserialize::__FieldVisitor as errors::_::_serde::de::Visitor<'de>>::expecting::fn,canon-utils/analysis/src/errors.rs,11,17
201,PARAM,<errors::_::<impl errors::_::_serde::Deserialize<'de> for errors::ErrorPayload>::deserialize::__FieldVisitor as errors::_::_serde::de::Visitor<'de>>::expecting::param0,canon-utils/analysis/src/errors.rs,11,17
202,PARAM,<errors::_::<impl errors::_::_serde::Deserialize<'de> for errors::ErrorPayload>::deserialize::__FieldVisitor as errors::_::_serde::de::Visitor<'de>>::expecting::param1,canon-utils/analysis/src/errors.rs,11,17
203,BASIC_BLOCK,<errors::_::<impl errors::_::_serde::Deserialize<'de> for errors::ErrorPayload>::deserialize::__FieldVisitor as errors::_::_serde::de::Visitor<'de>>::visit_bytes::bb0,canon-utils/analysis/src/errors.rs,11,17
204,BASIC_BLOCK,<errors::_::<impl errors::_::_serde::Deserialize<'de> for errors::ErrorPayload>::deserialize::__FieldVisitor as errors::_::_serde::de::Visitor<'de>>::visit_bytes::bb1,canon-utils/analysis/src/errors.rs,11,27
205,BASIC_BLOCK,<errors::_::<impl errors::_::_serde::Deserialize<'de> for errors::ErrorPayload>::deserialize::__FieldVisitor as errors::_::_serde::de::Visitor<'de>>::visit_bytes::bb2,canon-utils/analysis/src/errors.rs,11,17
206,BASIC_BLOCK,<errors::_::<impl errors::_::_serde::Deserialize<'de> for errors::ErrorPayload>::deserialize::__FieldVisitor as errors::_::_serde::de::Visitor<'de>>::visit_bytes::bb3,canon-utils/analysis/src/errors.rs,11,17
207,BASIC_BLOCK,<errors::_::<impl errors::_::_serde::Deserialize<'de> for errors::ErrorPayload>::deserialize::__FieldVisitor as errors::_::_serde::de::Visitor<'de>>::visit_bytes::bb4,canon-utils/analysis/src/errors.rs,11,17
208,BASIC_BLOCK,<errors::_::<impl errors::_::_serde::Deserialize<'de> for errors::ErrorPayload>::deserialize::__FieldVisitor as errors::_::_serde::de::Visitor<'de>>::visit_bytes::bb5,canon-utils/analysis/src/errors.rs,11,17
209,BASIC_BLOCK,<errors::_::<impl errors::_::_serde::Deserialize<'de> for errors::ErrorPayload>::deserialize::__FieldVisitor as errors::_::_serde::de::Visitor<'de>>::visit_bytes::bb6,canon-utils/analysis/src/errors.rs,11,17
210,BASIC_BLOCK,<errors::_::<impl errors::_::_serde::Deserialize<'de> for errors::ErrorPayload>::deserialize::__FieldVisitor as errors::_::_serde::de::Visitor<'de>>::visit_bytes::bb7,canon-utils/analysis/src/errors.rs,11,17
211,BASIC_BLOCK,<errors::_::<impl errors::_::_serde::Deserialize<'de> for errors::ErrorPayload>::deserialize::__FieldVisitor as errors::_::_serde::de::Visitor<'de>>::visit_bytes::bb8,canon-utils/analysis/src/errors.rs,11,27
212,BASIC_BLOCK,<errors::_::<impl errors::_::_serde::Deserialize<'de> for errors::ErrorPayload>::deserialize::__FieldVisitor as errors::_::_serde::de::Visitor<'de>>::visit_bytes::bb9,canon-utils/analysis/src/errors.rs,11,28
213,METHOD,<errors::_::<impl errors::_::_serde::Deserialize<'de> for errors::ErrorPayload>::deserialize::__FieldVisitor as errors::_::_serde::de::Visitor<'de>>::visit_bytes::fn,canon-utils/analysis/src/errors.rs,11,17
214,PARAM,<errors::_::<impl errors::_::_serde::Deserialize<'de> for errors::ErrorPayload>::deserialize::__FieldVisitor as errors::_::_serde::de::Visitor<'de>>::visit_bytes::param0,canon-utils/analysis/src/errors.rs,11,17
215,PARAM,<errors::_::<impl errors::_::_serde::Deserialize<'de> for errors::ErrorPayload>::deserialize::__FieldVisitor as errors::_::_serde::de::Visitor<'de>>::visit_bytes::param1,canon-utils/analysis/src/errors.rs,11,17
216,BASIC_BLOCK,<errors::_::<impl errors::_::_serde::Deserialize<'de> for errors::ErrorPayload>::deserialize::__FieldVisitor as errors::_::_serde::de::Visitor<'de>>::visit_str::bb0,canon-utils/analysis/src/errors.rs,13,5
217,CALL_SITE,<errors::_::<impl errors::_::_serde::Deserialize<'de> for errors::ErrorPayload>::deserialize::__FieldVisitor as errors::_::_serde::de::Visitor<'de>>::visit_str::bb0::call0,canon-utils/analysis/src/errors.rs,13,5
218,BASIC_BLOCK,<errors::_::<impl errors::_::_serde::Deserialize<'de> for errors::ErrorPayload>::deserialize::__FieldVisitor as errors::_::_serde::de::Visitor<'de>>::visit_str::bb1,canon-utils/analysis/src/errors.rs,11,27
219,BASIC_BLOCK,<errors::_::<impl errors::_::_serde::Deserialize<'de> for errors::ErrorPayload>::deserialize::__FieldVisitor as errors::_::_serde::de::Visitor<'de>>::visit_str::bb2,canon-utils/analysis/src/errors.rs,11,27
220,BASIC_BLOCK,<errors::_::<impl errors::_::_serde::Deserialize<'de> for errors::ErrorPayload>::deserialize::__FieldVisitor as errors::_::_serde::de::Visitor<'de>>::visit_str::bb3,canon-utils/analysis/src/errors.rs,13,5
221,BASIC_BLOCK,<errors::_::<impl errors::_::_serde::Deserialize<'de> for errors::ErrorPayload>::deserialize::__FieldVisitor as errors::_::_serde::de::Visitor<'de>>::visit_str::bb4,canon-utils/analysis/src/errors.rs,11,28
222,METHOD,<errors::_::<impl errors::_::_serde::Deserialize<'de> for errors::ErrorPayload>::deserialize::__FieldVisitor as errors::_::_serde::de::Visitor<'de>>::visit_str::fn,canon-utils/analysis/src/errors.rs,11,17
223,PARAM,<errors::_::<impl errors::_::_serde::Deserialize<'de> for errors::ErrorPayload>::deserialize::__FieldVisitor as errors::_::_serde::de::Visitor<'de>>::visit_str::param0,canon-utils/analysis/src/errors.rs,11,17
224,PARAM,<errors::_::<impl errors::_::_serde::Deserialize<'de> for errors::ErrorPayload>::deserialize::__FieldVisitor as errors::_::_serde::de::Visitor<'de>>::visit_str::param1,canon-utils/analysis/src/errors.rs,11,17
225,BASIC_BLOCK,<errors::_::<impl errors::_::_serde::Deserialize<'de> for errors::ErrorPayload>::deserialize::__FieldVisitor as errors::_::_serde::de::Visitor<'de>>::visit_u64::bb0,canon-utils/analysis/src/errors.rs,11,17
226,BASIC_BLOCK,<errors::_::<impl errors::_::_serde::Deserialize<'de> for errors::ErrorPayload>::deserialize::__FieldVisitor as errors::_::_serde::de::Visitor<'de>>::visit_u64::bb1,canon-utils/analysis/src/errors.rs,11,27
227,BASIC_BLOCK,<errors::_::<impl errors::_::_serde::Deserialize<'de> for errors::ErrorPayload>::deserialize::__FieldVisitor as errors::_::_serde::de::Visitor<'de>>::visit_u64::bb2,canon-utils/analysis/src/errors.rs,11,27
228,BASIC_BLOCK,<errors::_::<impl errors::_::_serde::Deserialize<'de> for errors::ErrorPayload>::deserialize::__FieldVisitor as errors::_::_serde::de::Visitor<'de>>::visit_u64::bb3,canon-utils/analysis/src/errors.rs,11,28
229,METHOD,<errors::_::<impl errors::_::_serde::Deserialize<'de> for errors::ErrorPayload>::deserialize::__FieldVisitor as errors::_::_serde::de::Visitor<'de>>::visit_u64::fn,canon-utils/analysis/src/errors.rs,11,17
230,PARAM,<errors::_::<impl errors::_::_serde::Deserialize<'de> for errors::ErrorPayload>::deserialize::__FieldVisitor as errors::_::_serde::de::Visitor<'de>>::visit_u64::param0,canon-utils/analysis/src/errors.rs,11,17
231,PARAM,<errors::_::<impl errors::_::_serde::Deserialize<'de> for errors::ErrorPayload>::deserialize::__FieldVisitor as errors::_::_serde::de::Visitor<'de>>::visit_u64::param1,canon-utils/analysis/src/errors.rs,11,17
232,BASIC_BLOCK,<errors::_::<impl errors::_::_serde::Deserialize<'de> for errors::ErrorPayload>::deserialize::__Visitor<'de> as errors::_::_serde::de::Visitor<'de>>::expecting::bb0,canon-utils/analysis/src/errors.rs,11,17
233,CALL_SITE,<errors::_::<impl errors::_::_serde::Deserialize<'de> for errors::ErrorPayload>::deserialize::__Visitor<'de> as errors::_::_serde::de::Visitor<'de>>::expecting::bb0::call0,canon-utils/analysis/src/errors.rs,11,17
234,BASIC_BLOCK,<errors::_::<impl errors::_::_serde::Deserialize<'de> for errors::ErrorPayload>::deserialize::__Visitor<'de> as errors::_::_serde::de::Visitor<'de>>::expecting::bb1,canon-utils/analysis/src/errors.rs,11,28
235,METHOD,<errors::_::<impl errors::_::_serde::Deserialize<'de> for errors::ErrorPayload>::deserialize::__Visitor<'de> as errors::_::_serde::de::Visitor<'de>>::expecting::fn,canon-utils/analysis/src/errors.rs,11,17
236,PARAM,<errors::_::<impl errors::_::_serde::Deserialize<'de> for errors::ErrorPayload>::deserialize::__Visitor<'de> as errors::_::_serde::de::Visitor<'de>>::expecting::param0,canon-utils/analysis/src/errors.rs,11,17
237,PARAM,<errors::_::<impl errors::_::_serde::Deserialize<'de> for errors::ErrorPayload>::deserialize::__Visitor<'de> as errors::_::_serde::de::Visitor<'de>>::expecting::param1,canon-utils/analysis/src/errors.rs,11,17
238,BASIC_BLOCK,<errors::_::<impl errors::_::_serde::Deserialize<'de> for errors::ErrorPayload>::deserialize::__Visitor<'de> as errors::_::_serde::de::Visitor<'de>>::visit_map::bb0,canon-utils/analysis/src/errors.rs,11,17
239,BASIC_BLOCK,<errors::_::<impl errors::_::_serde::Deserialize<'de> for errors::ErrorPayload>::deserialize::__Visitor<'de> as errors::_::_serde::de::Visitor<'de>>::visit_map::bb1,canon-utils/analysis/src/errors.rs,11,17
240,BASIC_BLOCK,<errors::_::<impl errors::_::_serde::Deserialize<'de> for errors::ErrorPayload>::deserialize::__Visitor<'de> as errors::_::_serde::de::Visitor<'de>>::visit_map::bb10,canon-utils/analysis/src/errors.rs,11,17
241,CALL_SITE,<errors::_::<impl errors::_::_serde::Deserialize<'de> for errors::ErrorPayload>::deserialize::__Visitor<'de> as errors::_::_serde::de::Visitor<'de>>::visit_map::bb10::call4,canon-utils/analysis/src/errors.rs,11,17
242,BASIC_BLOCK,<errors::_::<impl errors::_::_serde::Deserialize<'de> for errors::ErrorPayload>::deserialize::__Visitor<'de> as errors::_::_serde::de::Visitor<'de>>::visit_map::bb11,canon-utils/analysis/src/errors.rs,11,17
243,BASIC_BLOCK,<errors::_::<impl errors::_::_serde::Deserialize<'de> for errors::ErrorPayload>::deserialize::__Visitor<'de> as errors::_::_serde::de::Visitor<'de>>::visit_map::bb12,canon-utils/analysis/src/errors.rs,11,17
244,CALL_SITE,<errors::_::<impl errors::_::_serde::Deserialize<'de> for errors::ErrorPayload>::deserialize::__Visitor<'de> as errors::_::_serde::de::Visitor<'de>>::visit_map::bb12::call5,canon-utils/analysis/src/errors.rs,11,17
245,BASIC_BLOCK,<errors::_::<impl errors::_::_serde::Deserialize<'de> for errors::ErrorPayload>::deserialize::__Visitor<'de> as errors::_::_serde::de::Visitor<'de>>::visit_map::bb13,canon-utils/analysis/src/lib.rs,1,1
246,BASIC_BLOCK,<errors::_::<impl errors::_::_serde::Deserialize<'de> for errors::ErrorPayload>::deserialize::__Visitor<'de> as errors::_::_serde::de::Visitor<'de>>::visit_map::bb14,canon-utils/analysis/src/errors.rs,11,17
247,CALL_SITE,<errors::_::<impl errors::_::_serde::Deserialize<'de> for errors::ErrorPayload>::deserialize::__Visitor<'de> as errors::_::_serde::de::Visitor<'de>>::visit_map::bb14::call6,canon-utils/analysis/src/errors.rs,11,17
248,BASIC_BLOCK,<errors::_::<impl errors::_::_serde::Deserialize<'de> for errors::ErrorPayload>::deserialize::__Visitor<'de> as errors::_::_serde::de::Visitor<'de>>::visit_map::bb15,canon-utils/analysis/src/errors.rs,11,17
249,CALL_SITE,<errors::_::<impl errors::_::_serde::Deserialize<'de> for errors::ErrorPayload>::deserialize::__Visitor<'de> as errors::_::_serde::de::Visitor<'de>>::visit_map::bb15::call7,canon-utils/analysis/src/errors.rs,11,17
250,BASIC_BLOCK,<errors::_::<impl errors::_::_serde::Deserialize<'de> for errors::ErrorPayload>::deserialize::__Visitor<'de> as errors::_::_serde::de::Visitor<'de>>::visit_map::bb16,canon-utils/analysis/src/errors.rs,11,17
251,BASIC_BLOCK,<errors::_::<impl errors::_::_serde::Deserialize<'de> for errors::ErrorPayload>::deserialize::__Visitor<'de> as errors::_::_serde::de::Visitor<'de>>::visit_map::bb17,canon-utils/analysis/src/errors.rs,11,17
252,BASIC_BLOCK,<errors::_::<impl errors::_::_serde::Deserialize<'de> for errors::ErrorPayload>::deserialize::__Visitor<'de> as errors::_::_serde::de::Visitor<'de>>::visit_map::bb18,canon-utils/analysis/src/errors.rs,11,17
253,CALL_SITE,<errors::_::<impl errors::_::_serde::Deserialize<'de> for errors::ErrorPayload>::deserialize::__Visitor<'de> as errors::_::_serde::de::Visitor<'de>>::visit_map::bb18::call8,canon-utils/analysis/src/errors.rs,11,17
254,BASIC_BLOCK,<errors::_::<impl errors::_::_serde::Deserialize<'de> for errors::ErrorPayload>::deserialize::__Visitor<'de> as errors::_::_serde::de::Visitor<'de>>::visit_map::bb19,canon-utils/analysis/src/errors.rs,11,17
255,CALL_SITE,<errors::_::<impl errors::_::_serde::Deserialize<'de> for errors::ErrorPayload>::deserialize::__Visitor<'de> as errors::_::_serde::de::Visitor<'de>>::visit_map::bb1::call0,canon-utils/analysis/src/errors.rs,11,17
256,BASIC_BLOCK,<errors::_::<impl errors::_::_serde::Deserialize<'de> for errors::ErrorPayload>::deserialize::__Visitor<'de> as errors::_::_serde::de::Visitor<'de>>::visit_map::bb2,canon-utils/analysis/src/errors.rs,11,17
257,BASIC_BLOCK,<errors::_::<impl errors::_::_serde::Deserialize<'de> for errors::ErrorPayload>::deserialize::__Visitor<'de> as errors::_::_serde::de::Visitor<'de>>::visit_map::bb20,canon-utils/analysis/src/errors.rs,11,17
258,BASIC_BLOCK,<errors::_::<impl errors::_::_serde::Deserialize<'de> for errors::ErrorPayload>::deserialize::__Visitor<'de> as errors::_::_serde::de::Visitor<'de>>::visit_map::bb21,canon-utils/analysis/src/errors.rs,11,17
259,CALL_SITE,<errors::_::<impl errors::_::_serde::Deserialize<'de> for errors::ErrorPayload>::deserialize::__Visitor<'de> as errors::_::_serde::de::Visitor<'de>>::visit_map::bb21::call9,canon-utils/analysis/src/errors.rs,11,17
260,BASIC_BLOCK,<errors::_::<impl errors::_::_serde::Deserialize<'de> for errors::ErrorPayload>::deserialize::__Visitor<'de> as errors::_::_serde::de::Visitor<'de>>::visit_map::bb22,canon-utils/analysis/src/errors.rs,11,17
261,BASIC_BLOCK,<errors::_::<impl errors::_::_serde::Deserialize<'de> for errors::ErrorPayload>::deserialize::__Visitor<'de> as errors::_::_serde::de::Visitor<'de>>::visit_map::bb23,canon-utils/analysis/src/errors.rs,11,17
262,CALL_SITE,<errors::_::<impl errors::_::_serde::Deserialize<'de> for errors::ErrorPayload>::deserialize::__Visitor<'de> as errors::_::_serde::de::Visitor<'de>>::visit_map::bb23::call10,canon-utils/analysis/src/errors.rs,11,17
263,BASIC_BLOCK,<errors::_::<impl errors::_::_serde::Deserialize<'de> for errors::ErrorPayload>::deserialize::__Visitor<'de> as errors::_::_serde::de::Visitor<'de>>::visit_map::bb24,canon-utils/analysis/src/errors.rs,11,17
264,CALL_SITE,<errors::_::<impl errors::_::_serde::Deserialize<'de> for errors::ErrorPayload>::deserialize::__Visitor<'de> as errors::_::_serde::de::Visitor<'de>>::visit_map::bb24::call11,canon-utils/analysis/src/errors.rs,11,17
265,BASIC_BLOCK,<errors::_::<impl errors::_::_serde::Deserialize<'de> for errors::ErrorPayload>::deserialize::__Visitor<'de> as errors::_::_serde::de::Visitor<'de>>::visit_map::bb25,canon-utils/analysis/src/errors.rs,11,27
266,BASIC_BLOCK,<errors::_::<impl errors::_::_serde::Deserialize<'de> for errors::ErrorPayload>::deserialize::__Visitor<'de> as errors::_::_serde::de::Visitor<'de>>::visit_map::bb26,canon-utils/analysis/src/errors.rs,11,17
267,CALL_SITE,<errors::_::<impl errors::_::_serde::Deserialize<'de> for errors::ErrorPayload>::deserialize::__Visitor<'de> as errors::_::_serde::de::Visitor<'de>>::visit_map::bb26::call12,canon-utils/analysis/src/errors.rs,11,17
268,BASIC_BLOCK,<errors::_::<impl errors::_::_serde::Deserialize<'de> for errors::ErrorPayload>::deserialize::__Visitor<'de> as errors::_::_serde::de::Visitor<'de>>::visit_map::bb27,canon-utils/analysis/src/errors.rs,11,17
269,BASIC_BLOCK,<errors::_::<impl errors::_::_serde::Deserialize<'de> for errors::ErrorPayload>::deserialize::__Visitor<'de> as errors::_::_serde::de::Visitor<'de>>::visit_map::bb28,canon-utils/analysis/src/errors.rs,11,27
270,BASIC_BLOCK,<errors::_::<impl errors::_::_serde::Deserialize<'de> for errors::ErrorPayload>::deserialize::__Visitor<'de> as errors::_::_serde::de::Visitor<'de>>::visit_map::bb29,canon-utils/analysis/src/errors.rs,11,17
271,CALL_SITE,<errors::_::<impl errors::_::_serde::Deserialize<'de> for errors::ErrorPayload>::deserialize::__Visitor<'de> as errors::_::_serde::de::Visitor<'de>>::visit_map::bb29::call13,canon-utils/analysis/src/errors.rs,11,17
272,CALL_SITE,<errors::_::<impl errors::_::_serde::Deserialize<'de> for errors::ErrorPayload>::deserialize::__Visitor<'de> as errors::_::_serde::de::Visitor<'de>>::visit_map::bb2::call1,canon-utils/analysis/src/errors.rs,11,17
273,BASIC_BLOCK,<errors::_::<impl errors::_::_serde::Deserialize<'de> for errors::ErrorPayload>::deserialize::__Visitor<'de> as errors::_::_serde::de::Visitor<'de>>::visit_map::bb3,canon-utils/analysis/src/errors.rs,11,17
274,BASIC_BLOCK,<errors::_::<impl errors::_::_serde::Deserialize<'de> for errors::ErrorPayload>::deserialize::__Visitor<'de> as errors::_::_serde::de::Visitor<'de>>::visit_map::bb30,canon-utils/analysis/src/errors.rs,11,27
275,BASIC_BLOCK,<errors::_::<impl errors::_::_serde::Deserialize<'de> for errors::ErrorPayload>::deserialize::__Visitor<'de> as errors::_::_serde::de::Visitor<'de>>::visit_map::bb31,canon-utils/analysis/src/errors.rs,11,28
276,BASIC_BLOCK,<errors::_::<impl errors::_::_serde::Deserialize<'de> for errors::ErrorPayload>::deserialize::__Visitor<'de> as errors::_::_serde::de::Visitor<'de>>::visit_map::bb32,canon-utils/analysis/src/errors.rs,11,27
277,BASIC_BLOCK,<errors::_::<impl errors::_::_serde::Deserialize<'de> for errors::ErrorPayload>::deserialize::__Visitor<'de> as errors::_::_serde::de::Visitor<'de>>::visit_map::bb33,canon-utils/analysis/src/errors.rs,11,17
278,BASIC_BLOCK,<errors::_::<impl errors::_::_serde::Deserialize<'de> for errors::ErrorPayload>::deserialize::__Visitor<'de> as errors::_::_serde::de::Visitor<'de>>::visit_map::bb34,canon-utils/analysis/src/errors.rs,11,27
279,BASIC_BLOCK,<errors::_::<impl errors::_::_serde::Deserialize<'de> for errors::ErrorPayload>::deserialize::__Visitor<'de> as errors::_::_serde::de::Visitor<'de>>::visit_map::bb35,canon-utils/analysis/src/errors.rs,11,27
280,BASIC_BLOCK,<errors::_::<impl errors::_::_serde::Deserialize<'de> for errors::ErrorPayload>::deserialize::__Visitor<'de> as errors::_::_serde::de::Visitor<'de>>::visit_map::bb36,canon-utils/analysis/src/errors.rs,11,27
281,BASIC_BLOCK,<errors::_::<impl errors::_::_serde::Deserialize<'de> for errors::ErrorPayload>::deserialize::__Visitor<'de> as errors::_::_serde::de::Visitor<'de>>::visit_map::bb37,canon-utils/analysis/src/errors.rs,11,27
282,BASIC_BLOCK,<errors::_::<impl errors::_::_serde::Deserialize<'de> for errors::ErrorPayload>::deserialize::__Visitor<'de> as errors::_::_serde::de::Visitor<'de>>::visit_map::bb38,canon-utils/analysis/src/errors.rs,11,27
283,BASIC_BLOCK,<errors::_::<impl errors::_::_serde::Deserialize<'de> for errors::ErrorPayload>::deserialize::__Visitor<'de> as errors::_::_serde::de::Visitor<'de>>::visit_map::bb39,canon-utils/analysis/src/errors.rs,11,27
284,BASIC_BLOCK,<errors::_::<impl errors::_::_serde::Deserialize<'de> for errors::ErrorPayload>::deserialize::__Visitor<'de> as errors::_::_serde::de::Visitor<'de>>::visit_map::bb4,canon-utils/analysis/src/lib.rs,1,1
285,BASIC_BLOCK,<errors::_::<impl errors::_::_serde::Deserialize<'de> for errors::ErrorPayload>::deserialize::__Visitor<'de> as errors::_::_serde::de::Visitor<'de>>::visit_map::bb40,canon-utils/analysis/src/errors.rs,11,27
286,BASIC_BLOCK,<errors::_::<impl errors::_::_serde::Deserialize<'de> for errors::ErrorPayload>::deserialize::__Visitor<'de> as errors::_::_serde::de::Visitor<'de>>::visit_map::bb41,canon-utils/analysis/src/errors.rs,11,17
287,BASIC_BLOCK,<errors::_::<impl errors::_::_serde::Deserialize<'de> for errors::ErrorPayload>::deserialize::__Visitor<'de> as errors::_::_serde::de::Visitor<'de>>::visit_map::bb42,canon-utils/analysis/src/errors.rs,11,17
288,BASIC_BLOCK,<errors::_::<impl errors::_::_serde::Deserialize<'de> for errors::ErrorPayload>::deserialize::__Visitor<'de> as errors::_::_serde::de::Visitor<'de>>::visit_map::bb43,canon-utils/analysis/src/errors.rs,11,17
289,BASIC_BLOCK,<errors::_::<impl errors::_::_serde::Deserialize<'de> for errors::ErrorPayload>::deserialize::__Visitor<'de> as errors::_::_serde::de::Visitor<'de>>::visit_map::bb44,canon-utils/analysis/src/errors.rs,11,17
290,BASIC_BLOCK,<errors::_::<impl errors::_::_serde::Deserialize<'de> for errors::ErrorPayload>::deserialize::__Visitor<'de> as errors::_::_serde::de::Visitor<'de>>::visit_map::bb5,canon-utils/analysis/src/errors.rs,11,17
291,BASIC_BLOCK,<errors::_::<impl errors::_::_serde::Deserialize<'de> for errors::ErrorPayload>::deserialize::__Visitor<'de> as errors::_::_serde::de::Visitor<'de>>::visit_map::bb6,canon-utils/analysis/src/errors.rs,11,17
292,CALL_SITE,<errors::_::<impl errors::_::_serde::Deserialize<'de> for errors::ErrorPayload>::deserialize::__Visitor<'de> as errors::_::_serde::de::Visitor<'de>>::visit_map::bb6::call2,canon-utils/analysis/src/errors.rs,11,17
293,BASIC_BLOCK,<errors::_::<impl errors::_::_serde::Deserialize<'de> for errors::ErrorPayload>::deserialize::__Visitor<'de> as errors::_::_serde::de::Visitor<'de>>::visit_map::bb7,canon-utils/analysis/src/errors.rs,11,17
294,BASIC_BLOCK,<errors::_::<impl errors::_::_serde::Deserialize<'de> for errors::ErrorPayload>::deserialize::__Visitor<'de> as errors::_::_serde::de::Visitor<'de>>::visit_map::bb8,canon-utils/analysis/src/errors.rs,11,17
295,BASIC_BLOCK,<errors::_::<impl errors::_::_serde::Deserialize<'de> for errors::ErrorPayload>::deserialize::__Visitor<'de> as errors::_::_serde::de::Visitor<'de>>::visit_map::bb9,canon-utils/analysis/src/errors.rs,11,17
296,CALL_SITE,<errors::_::<impl errors::_::_serde::Deserialize<'de> for errors::ErrorPayload>::deserialize::__Visitor<'de> as errors::_::_serde::de::Visitor<'de>>::visit_map::bb9::call3,canon-utils/analysis/src/errors.rs,11,17
297,METHOD,<errors::_::<impl errors::_::_serde::Deserialize<'de> for errors::ErrorPayload>::deserialize::__Visitor<'de> as errors::_::_serde::de::Visitor<'de>>::visit_map::fn,canon-utils/analysis/src/errors.rs,11,17
298,PARAM,<errors::_::<impl errors::_::_serde::Deserialize<'de> for errors::ErrorPayload>::deserialize::__Visitor<'de> as errors::_::_serde::de::Visitor<'de>>::visit_map::param0,canon-utils/analysis/src/errors.rs,11,17
299,PARAM,<errors::_::<impl errors::_::_serde::Deserialize<'de> for errors::ErrorPayload>::deserialize::__Visitor<'de> as errors::_::_serde::de::Visitor<'de>>::visit_map::param1,canon-utils/analysis/src/errors.rs,11,17
300,BASIC_BLOCK,<errors::_::<impl errors::_::_serde::Deserialize<'de> for errors::ErrorPayload>::deserialize::__Visitor<'de> as errors::_::_serde::de::Visitor<'de>>::visit_seq::bb0,canon-utils/analysis/src/errors.rs,11,17
301,CALL_SITE,<errors::_::<impl errors::_::_serde::Deserialize<'de> for errors::ErrorPayload>::deserialize::__Visitor<'de> as errors::_::_serde::de::Visitor<'de>>::visit_seq::bb0::call0,canon-utils/analysis/src/errors.rs,11,17
302,BASIC_BLOCK,<errors::_::<impl errors::_::_serde::Deserialize<'de> for errors::ErrorPayload>::deserialize::__Visitor<'de> as errors::_::_serde::de::Visitor<'de>>::visit_seq::bb1,canon-utils/analysis/src/errors.rs,11,17
303,BASIC_BLOCK,<errors::_::<impl errors::_::_serde::Deserialize<'de> for errors::ErrorPayload>::deserialize::__Visitor<'de> as errors::_::_serde::de::Visitor<'de>>::visit_seq::bb10,canon-utils/analysis/src/errors.rs,11,28
304,BASIC_BLOCK,<errors::_::<impl errors::_::_serde::Deserialize<'de> for errors::ErrorPayload>::deserialize::__Visitor<'de> as errors::_::_serde::de::Visitor<'de>>::visit_seq::bb11,canon-utils/analysis/src/errors.rs,11,27
305,BASIC_BLOCK,<errors::_::<impl errors::_::_serde::Deserialize<'de> for errors::ErrorPayload>::deserialize::__Visitor<'de> as errors::_::_serde::de::Visitor<'de>>::visit_seq::bb12,canon-utils/analysis/src/errors.rs,11,17
306,BASIC_BLOCK,<errors::_::<impl errors::_::_serde::Deserialize<'de> for errors::ErrorPayload>::deserialize::__Visitor<'de> as errors::_::_serde::de::Visitor<'de>>::visit_seq::bb13,canon-utils/analysis/src/errors.rs,11,17
307,CALL_SITE,<errors::_::<impl errors::_::_serde::Deserialize<'de> for errors::ErrorPayload>::deserialize::__Visitor<'de> as errors::_::_serde::de::Visitor<'de>>::visit_seq::bb1::call1,canon-utils/analysis/src/errors.rs,11,17
308,BASIC_BLOCK,<errors::_::<impl errors::_::_serde::Deserialize<'de> for errors::ErrorPayload>::deserialize::__Visitor<'de> as errors::_::_serde::de::Visitor<'de>>::visit_seq::bb2,canon-utils/analysis/src/errors.rs,11,17
309,BASIC_BLOCK,<errors::_::<impl errors::_::_serde::Deserialize<'de> for errors::ErrorPayload>::deserialize::__Visitor<'de> as errors::_::_serde::de::Visitor<'de>>::visit_seq::bb3,canon-utils/analysis/src/lib.rs,1,1
310,BASIC_BLOCK,<errors::_::<impl errors::_::_serde::Deserialize<'de> for errors::ErrorPayload>::deserialize::__Visitor<'de> as errors::_::_serde::de::Visitor<'de>>::visit_seq::bb4,canon-utils/analysis/src/errors.rs,11,17
311,BASIC_BLOCK,<errors::_::<impl errors::_::_serde::Deserialize<'de> for errors::ErrorPayload>::deserialize::__Visitor<'de> as errors::_::_serde::de::Visitor<'de>>::visit_seq::bb5,canon-utils/analysis/src/errors.rs,11,17
312,CALL_SITE,<errors::_::<impl errors::_::_serde::Deserialize<'de> for errors::ErrorPayload>::deserialize::__Visitor<'de> as errors::_::_serde::de::Visitor<'de>>::visit_seq::bb5::call2,canon-utils/analysis/src/errors.rs,11,17
313,BASIC_BLOCK,<errors::_::<impl errors::_::_serde::Deserialize<'de> for errors::ErrorPayload>::deserialize::__Visitor<'de> as errors::_::_serde::de::Visitor<'de>>::visit_seq::bb6,canon-utils/analysis/src/errors.rs,11,17
314,CALL_SITE,<errors::_::<impl errors::_::_serde::Deserialize<'de> for errors::ErrorPayload>::deserialize::__Visitor<'de> as errors::_::_serde::de::Visitor<'de>>::visit_seq::bb6::call3,canon-utils/analysis/src/errors.rs,11,17
315,BASIC_BLOCK,<errors::_::<impl errors::_::_serde::Deserialize<'de> for errors::ErrorPayload>::deserialize::__Visitor<'de> as errors::_::_serde::de::Visitor<'de>>::visit_seq::bb7,canon-utils/analysis/src/errors.rs,11,27
316,BASIC_BLOCK,<errors::_::<impl errors::_::_serde::Deserialize<'de> for errors::ErrorPayload>::deserialize::__Visitor<'de> as errors::_::_serde::de::Visitor<'de>>::visit_seq::bb8,canon-utils/analysis/src/errors.rs,11,27
317,BASIC_BLOCK,<errors::_::<impl errors::_::_serde::Deserialize<'de> for errors::ErrorPayload>::deserialize::__Visitor<'de> as errors::_::_serde::de::Visitor<'de>>::visit_seq::bb9,canon-utils/analysis/src/errors.rs,11,27
318,METHOD,<errors::_::<impl errors::_::_serde::Deserialize<'de> for errors::ErrorPayload>::deserialize::__Visitor<'de> as errors::_::_serde::de::Visitor<'de>>::visit_seq::fn,canon-utils/analysis/src/errors.rs,11,17
319,PARAM,<errors::_::<impl errors::_::_serde::Deserialize<'de> for errors::ErrorPayload>::deserialize::__Visitor<'de> as errors::_::_serde::de::Visitor<'de>>::visit_seq::param0,canon-utils/analysis/src/errors.rs,11,17
320,PARAM,<errors::_::<impl errors::_::_serde::Deserialize<'de> for errors::ErrorPayload>::deserialize::__Visitor<'de> as errors::_::_serde::de::Visitor<'de>>::visit_seq::param1,canon-utils/analysis/src/errors.rs,11,17
321,BASIC_BLOCK,<extract::NodeSpec as std::clone::Clone>::clone::bb0,canon-utils/analysis/src/extract.rs,23,5
322,CALL_SITE,<extract::NodeSpec as std::clone::Clone>::clone::bb0::call0,canon-utils/analysis/src/extract.rs,23,5
323,BASIC_BLOCK,<extract::NodeSpec as std::clone::Clone>::clone::bb1,canon-utils/analysis/src/extract.rs,25,5
324,CALL_SITE,<extract::NodeSpec as std::clone::Clone>::clone::bb1::call1,canon-utils/analysis/src/extract.rs,25,5
325,BASIC_BLOCK,<extract::NodeSpec as std::clone::Clone>::clone::bb2,canon-utils/analysis/src/extract.rs,26,5
326,CALL_SITE,<extract::NodeSpec as std::clone::Clone>::clone::bb2::call2,canon-utils/analysis/src/extract.rs,26,5
327,BASIC_BLOCK,<extract::NodeSpec as std::clone::Clone>::clone::bb3,canon-utils/analysis/src/extract.rs,21,22
328,BASIC_BLOCK,<extract::NodeSpec as std::clone::Clone>::clone::bb4,canon-utils/analysis/src/extract.rs,21,21
329,BASIC_BLOCK,<extract::NodeSpec as std::clone::Clone>::clone::bb5,canon-utils/analysis/src/extract.rs,21,17
330,METHOD,<extract::NodeSpec as std::clone::Clone>::clone::fn,canon-utils/analysis/src/extract.rs,21,17
331,PARAM,<extract::NodeSpec as std::clone::Clone>::clone::param0,canon-utils/analysis/src/extract.rs,21,17
332,BASIC_BLOCK,<extract::NodeSpec as std::fmt::Debug>::fmt::bb0,canon-utils/analysis/src/extract.rs,21,10
333,CALL_SITE,<extract::NodeSpec as std::fmt::Debug>::fmt::bb0::call0,canon-utils/analysis/src/extract.rs,21,10
334,BASIC_BLOCK,<extract::NodeSpec as std::fmt::Debug>::fmt::bb1,canon-utils/analysis/src/extract.rs,21,15
335,METHOD,<extract::NodeSpec as std::fmt::Debug>::fmt::fn,canon-utils/analysis/src/extract.rs,21,10
336,PARAM,<extract::NodeSpec as std::fmt::Debug>::fmt::param0,canon-utils/analysis/src/extract.rs,21,10
337,PARAM,<extract::NodeSpec as std::fmt::Debug>::fmt::param1,canon-utils/analysis/src/extract.rs,21,10
338,BASIC_BLOCK,<extract::UpgGraph as std::clone::Clone>::clone::bb0,canon-utils/analysis/src/extract.rs,15,5
339,CALL_SITE,<extract::UpgGraph as std::clone::Clone>::clone::bb0::call0,canon-utils/analysis/src/extract.rs,15,5
340,BASIC_BLOCK,<extract::UpgGraph as std::clone::Clone>::clone::bb1,canon-utils/analysis/src/extract.rs,16,5
341,CALL_SITE,<extract::UpgGraph as std::clone::Clone>::clone::bb1::call1,canon-utils/analysis/src/extract.rs,16,5
342,BASIC_BLOCK,<extract::UpgGraph as std::clone::Clone>::clone::bb2,canon-utils/analysis/src/extract.rs,17,5
343,CALL_SITE,<extract::UpgGraph as std::clone::Clone>::clone::bb2::call2,canon-utils/analysis/src/extract.rs,17,5
344,BASIC_BLOCK,<extract::UpgGraph as std::clone::Clone>::clone::bb3,canon-utils/analysis/src/extract.rs,18,5
345,CALL_SITE,<extract::UpgGraph as std::clone::Clone>::clone::bb3::call3,canon-utils/analysis/src/extract.rs,18,5
346,BASIC_BLOCK,<extract::UpgGraph as std::clone::Clone>::clone::bb4,canon-utils/analysis/src/extract.rs,13,22
347,BASIC_BLOCK,<extract::UpgGraph as std::clone::Clone>::clone::bb5,canon-utils/analysis/src/extract.rs,13,21
348,BASIC_BLOCK,<extract::UpgGraph as std::clone::Clone>::clone::bb6,canon-utils/analysis/src/extract.rs,13,21
349,BASIC_BLOCK,<extract::UpgGraph as std::clone::Clone>::clone::bb7,canon-utils/analysis/src/extract.rs,13,21
350,BASIC_BLOCK,<extract::UpgGraph as std::clone::Clone>::clone::bb8,canon-utils/analysis/src/extract.rs,13,17
351,METHOD,<extract::UpgGraph as std::clone::Clone>::clone::fn,canon-utils/analysis/src/extract.rs,13,17
352,PARAM,<extract::UpgGraph as std::clone::Clone>::clone::param0,canon-utils/analysis/src/extract.rs,13,17
353,BASIC_BLOCK,<extract::UpgGraph as std::fmt::Debug>::fmt::bb0,canon-utils/analysis/src/extract.rs,13,10
354,CALL_SITE,<extract::UpgGraph as std::fmt::Debug>::fmt::bb0::call0,canon-utils/analysis/src/extract.rs,13,10
355,BASIC_BLOCK,<extract::UpgGraph as std::fmt::Debug>::fmt::bb1,canon-utils/analysis/src/extract.rs,13,15
356,METHOD,<extract::UpgGraph as std::fmt::Debug>::fmt::fn,canon-utils/analysis/src/extract.rs,13,10
357,PARAM,<extract::UpgGraph as std::fmt::Debug>::fmt::param0,canon-utils/analysis/src/extract.rs,13,10
358,PARAM,<extract::UpgGraph as std::fmt::Debug>::fmt::param1,canon-utils/analysis/src/extract.rs,13,10
359,BASIC_BLOCK,<types::Edge as std::clone::Clone>::clone::bb0,canon-utils/analysis/src/types.rs,57,5
360,CALL_SITE,<types::Edge as std::clone::Clone>::clone::bb0::call0,canon-utils/analysis/src/types.rs,57,5
361,BASIC_BLOCK,<types::Edge as std::clone::Clone>::clone::bb1,canon-utils/analysis/src/types.rs,53,22
362,METHOD,<types::Edge as std::clone::Clone>::clone::fn,canon-utils/analysis/src/types.rs,53,17
363,PARAM,<types::Edge as std::clone::Clone>::clone::param0,canon-utils/analysis/src/types.rs,53,17
364,BASIC_BLOCK,<types::Edge as std::fmt::Debug>::fmt::bb0,canon-utils/analysis/src/types.rs,53,10
365,CALL_SITE,<types::Edge as std::fmt::Debug>::fmt::bb0::call0,canon-utils/analysis/src/types.rs,53,10
366,BASIC_BLOCK,<types::Edge as std::fmt::Debug>::fmt::bb1,canon-utils/analysis/src/types.rs,53,15
367,METHOD,<types::Edge as std::fmt::Debug>::fmt::fn,canon-utils/analysis/src/types.rs,53,10
368,PARAM,<types::Edge as std::fmt::Debug>::fmt::param0,canon-utils/analysis/src/types.rs,53,10
369,PARAM,<types::Edge as std::fmt::Debug>::fmt::param1,canon-utils/analysis/src/types.rs,53,10
370,BASIC_BLOCK,<types::EdgeKind as std::clone::Clone>::clone::bb0,canon-utils/analysis/src/types.rs,21,22
371,METHOD,<types::EdgeKind as std::clone::Clone>::clone::fn,canon-utils/analysis/src/types.rs,21,17
372,PARAM,<types::EdgeKind as std::clone::Clone>::clone::param0,canon-utils/analysis/src/types.rs,21,17
373,BASIC_BLOCK,<types::EdgeKind as std::cmp::Eq>::assert_receiver_is_total_eq::bb0,canon-utils/analysis/src/types.rs,21,67
374,METHOD,<types::EdgeKind as std::cmp::Eq>::assert_receiver_is_total_eq::fn,canon-utils/analysis/src/types.rs,21,65
375,PARAM,<types::EdgeKind as std::cmp::Eq>::assert_receiver_is_total_eq::param0,canon-utils/analysis/src/types.rs,21,65
376,BASIC_BLOCK,<types::EdgeKind as std::cmp::PartialEq>::eq::bb0,canon-utils/analysis/src/types.rs,21,63
377,METHOD,<types::EdgeKind as std::cmp::PartialEq>::eq::fn,canon-utils/analysis/src/types.rs,21,54
378,PARAM,<types::EdgeKind as std::cmp::PartialEq>::eq::param0,canon-utils/analysis/src/types.rs,21,54
379,PARAM,<types::EdgeKind as std::cmp::PartialEq>::eq::param1,canon-utils/analysis/src/types.rs,21,54
380,BASIC_BLOCK,<types::EdgeKind as std::fmt::Debug>::fmt::bb0,canon-utils/analysis/src/types.rs,21,10
381,BASIC_BLOCK,<types::EdgeKind as std::fmt::Debug>::fmt::bb1,canon-utils/analysis/src/types.rs,21,10
382,BASIC_BLOCK,<types::EdgeKind as std::fmt::Debug>::fmt::bb10,canon-utils/analysis/src/types.rs,21,14
383,BASIC_BLOCK,<types::EdgeKind as std::fmt::Debug>::fmt::bb11,canon-utils/analysis/src/types.rs,21,14
384,BASIC_BLOCK,<types::EdgeKind as std::fmt::Debug>::fmt::bb12,canon-utils/analysis/src/types.rs,21,14
385,BASIC_BLOCK,<types::EdgeKind as std::fmt::Debug>::fmt::bb13,canon-utils/analysis/src/types.rs,21,14
386,BASIC_BLOCK,<types::EdgeKind as std::fmt::Debug>::fmt::bb14,canon-utils/analysis/src/types.rs,21,14
387,BASIC_BLOCK,<types::EdgeKind as std::fmt::Debug>::fmt::bb15,canon-utils/analysis/src/types.rs,21,14
388,BASIC_BLOCK,<types::EdgeKind as std::fmt::Debug>::fmt::bb16,canon-utils/analysis/src/types.rs,21,14
389,BASIC_BLOCK,<types::EdgeKind as std::fmt::Debug>::fmt::bb17,canon-utils/analysis/src/types.rs,21,14
390,BASIC_BLOCK,<types::EdgeKind as std::fmt::Debug>::fmt::bb18,canon-utils/analysis/src/types.rs,21,14
391,BASIC_BLOCK,<types::EdgeKind as std::fmt::Debug>::fmt::bb19,canon-utils/analysis/src/types.rs,21,14
392,BASIC_BLOCK,<types::EdgeKind as std::fmt::Debug>::fmt::bb2,canon-utils/analysis/src/types.rs,21,14
393,BASIC_BLOCK,<types::EdgeKind as std::fmt::Debug>::fmt::bb20,canon-utils/analysis/src/types.rs,21,10
394,CALL_SITE,<types::EdgeKind as std::fmt::Debug>::fmt::bb20::call0,canon-utils/analysis/src/types.rs,21,10
395,BASIC_BLOCK,<types::EdgeKind as std::fmt::Debug>::fmt::bb21,canon-utils/analysis/src/types.rs,21,15
396,BASIC_BLOCK,<types::EdgeKind as std::fmt::Debug>::fmt::bb3,canon-utils/analysis/src/types.rs,21,14
397,BASIC_BLOCK,<types::EdgeKind as std::fmt::Debug>::fmt::bb4,canon-utils/analysis/src/types.rs,21,14
398,BASIC_BLOCK,<types::EdgeKind as std::fmt::Debug>::fmt::bb5,canon-utils/analysis/src/types.rs,21,14
399,BASIC_BLOCK,<types::EdgeKind as std::fmt::Debug>::fmt::bb6,canon-utils/analysis/src/types.rs,21,14
400,BASIC_BLOCK,<types::EdgeKind as std::fmt::Debug>::fmt::bb7,canon-utils/analysis/src/types.rs,21,14
401,BASIC_BLOCK,<types::EdgeKind as std::fmt::Debug>::fmt::bb8,canon-utils/analysis/src/types.rs,21,14
402,BASIC_BLOCK,<types::EdgeKind as std::fmt::Debug>::fmt::bb9,canon-utils/analysis/src/types.rs,21,14
403,METHOD,<types::EdgeKind as std::fmt::Debug>::fmt::fn,canon-utils/analysis/src/types.rs,21,10
404,PARAM,<types::EdgeKind as std::fmt::Debug>::fmt::param0,canon-utils/analysis/src/types.rs,21,10
405,PARAM,<types::EdgeKind as std::fmt::Debug>::fmt::param1,canon-utils/analysis/src/types.rs,21,10
406,BASIC_BLOCK,<types::Metadata as std::clone::Clone>::clone::bb0,canon-utils/analysis/src/types.rs,62,5
407,CALL_SITE,<types::Metadata as std::clone::Clone>::clone::bb0::call0,canon-utils/analysis/src/types.rs,62,5
408,BASIC_BLOCK,<types::Metadata as std::clone::Clone>::clone::bb1,canon-utils/analysis/src/types.rs,65,5
409,CALL_SITE,<types::Metadata as std::clone::Clone>::clone::bb1::call1,canon-utils/analysis/src/types.rs,65,5
410,BASIC_BLOCK,<types::Metadata as std::clone::Clone>::clone::bb2,canon-utils/analysis/src/types.rs,60,22
411,BASIC_BLOCK,<types::Metadata as std::clone::Clone>::clone::bb3,canon-utils/analysis/src/types.rs,60,21
412,BASIC_BLOCK,<types::Metadata as std::clone::Clone>::clone::bb4,canon-utils/analysis/src/types.rs,60,17
413,METHOD,<types::Metadata as std::clone::Clone>::clone::fn,canon-utils/analysis/src/types.rs,60,17
414,PARAM,<types::Metadata as std::clone::Clone>::clone::param0,canon-utils/analysis/src/types.rs,60,17
415,BASIC_BLOCK,<types::Metadata as std::fmt::Debug>::fmt::bb0,canon-utils/analysis/src/types.rs,60,10
416,CALL_SITE,<types::Metadata as std::fmt::Debug>::fmt::bb0::call0,canon-utils/analysis/src/types.rs,60,10
417,BASIC_BLOCK,<types::Metadata as std::fmt::Debug>::fmt::bb1,canon-utils/analysis/src/types.rs,60,15
418,METHOD,<types::Metadata as std::fmt::Debug>::fmt::fn,canon-utils/analysis/src/types.rs,60,10
419,PARAM,<types::Metadata as std::fmt::Debug>::fmt::param0,canon-utils/analysis/src/types.rs,60,10
420,PARAM,<types::Metadata as std::fmt::Debug>::fmt::param1,canon-utils/analysis/src/types.rs,60,10
421,BASIC_BLOCK,<types::Node as std::clone::Clone>::clone::bb0,canon-utils/analysis/src/types.rs,46,5
422,CALL_SITE,<types::Node as std::clone::Clone>::clone::bb0::call0,canon-utils/analysis/src/types.rs,46,5
423,BASIC_BLOCK,<types::Node as std::clone::Clone>::clone::bb1,canon-utils/analysis/src/types.rs,47,5
424,CALL_SITE,<types::Node as std::clone::Clone>::clone::bb1::call1,canon-utils/analysis/src/types.rs,47,5
425,BASIC_BLOCK,<types::Node as std::clone::Clone>::clone::bb2,canon-utils/analysis/src/types.rs,48,5
426,CALL_SITE,<types::Node as std::clone::Clone>::clone::bb2::call2,canon-utils/analysis/src/types.rs,48,5
427,BASIC_BLOCK,<types::Node as std::clone::Clone>::clone::bb3,canon-utils/analysis/src/types.rs,43,22
428,BASIC_BLOCK,<types::Node as std::clone::Clone>::clone::bb4,canon-utils/analysis/src/types.rs,43,21
429,BASIC_BLOCK,<types::Node as std::clone::Clone>::clone::bb5,canon-utils/analysis/src/types.rs,43,17
430,METHOD,<types::Node as std::clone::Clone>::clone::fn,canon-utils/analysis/src/types.rs,43,17
431,PARAM,<types::Node as std::clone::Clone>::clone::param0,canon-utils/analysis/src/types.rs,43,17
432,BASIC_BLOCK,<types::Node as std::fmt::Debug>::fmt::bb0,canon-utils/analysis/src/types.rs,43,10
433,CALL_SITE,<types::Node as std::fmt::Debug>::fmt::bb0::call0,canon-utils/analysis/src/types.rs,43,10
434,BASIC_BLOCK,<types::Node as std::fmt::Debug>::fmt::bb1,canon-utils/analysis/src/types.rs,43,15
435,METHOD,<types::Node as std::fmt::Debug>::fmt::fn,canon-utils/analysis/src/types.rs,43,10
436,PARAM,<types::Node as std::fmt::Debug>::fmt::param0,canon-utils/analysis/src/types.rs,43,10
437,PARAM,<types::Node as std::fmt::Debug>::fmt::param1,canon-utils/analysis/src/types.rs,43,10
438,BASIC_BLOCK,<types::NodeKind as std::clone::Clone>::clone::bb0,canon-utils/analysis/src/types.rs,3,22
439,METHOD,<types::NodeKind as std::clone::Clone>::clone::fn,canon-utils/analysis/src/types.rs,3,17
440,PARAM,<types::NodeKind as std::clone::Clone>::clone::param0,canon-utils/analysis/src/types.rs,3,17
441,BASIC_BLOCK,<types::NodeKind as std::cmp::Eq>::assert_receiver_is_total_eq::bb0,canon-utils/analysis/src/types.rs,3,67
442,METHOD,<types::NodeKind as std::cmp::Eq>::assert_receiver_is_total_eq::fn,canon-utils/analysis/src/types.rs,3,65
443,PARAM,<types::NodeKind as std::cmp::Eq>::assert_receiver_is_total_eq::param0,canon-utils/analysis/src/types.rs,3,65
444,BASIC_BLOCK,<types::NodeKind as std::cmp::PartialEq>::eq::bb0,canon-utils/analysis/src/types.rs,3,63
445,METHOD,<types::NodeKind as std::cmp::PartialEq>::eq::fn,canon-utils/analysis/src/types.rs,3,54
446,PARAM,<types::NodeKind as std::cmp::PartialEq>::eq::param0,canon-utils/analysis/src/types.rs,3,54
447,PARAM,<types::NodeKind as std::cmp::PartialEq>::eq::param1,canon-utils/analysis/src/types.rs,3,54
448,BASIC_BLOCK,<types::NodeKind as std::fmt::Debug>::fmt::bb0,canon-utils/analysis/src/types.rs,3,10
449,BASIC_BLOCK,<types::NodeKind as std::fmt::Debug>::fmt::bb1,canon-utils/analysis/src/types.rs,3,10
450,BASIC_BLOCK,<types::NodeKind as std::fmt::Debug>::fmt::bb10,canon-utils/analysis/src/types.rs,3,14
451,BASIC_BLOCK,<types::NodeKind as std::fmt::Debug>::fmt::bb11,canon-utils/analysis/src/types.rs,3,14
452,BASIC_BLOCK,<types::NodeKind as std::fmt::Debug>::fmt::bb12,canon-utils/analysis/src/types.rs,3,14
453,BASIC_BLOCK,<types::NodeKind as std::fmt::Debug>::fmt::bb13,canon-utils/analysis/src/types.rs,3,14
454,BASIC_BLOCK,<types::NodeKind as std::fmt::Debug>::fmt::bb14,canon-utils/analysis/src/types.rs,3,14
455,BASIC_BLOCK,<types::NodeKind as std::fmt::Debug>::fmt::bb15,canon-utils/analysis/src/types.rs,3,14
456,BASIC_BLOCK,<types::NodeKind as std::fmt::Debug>::fmt::bb16,canon-utils/analysis/src/types.rs,3,10
457,CALL_SITE,<types::NodeKind as std::fmt::Debug>::fmt::bb16::call0,canon-utils/analysis/src/types.rs,3,10
458,BASIC_BLOCK,<types::NodeKind as std::fmt::Debug>::fmt::bb17,canon-utils/analysis/src/types.rs,3,15
459,BASIC_BLOCK,<types::NodeKind as std::fmt::Debug>::fmt::bb2,canon-utils/analysis/src/types.rs,3,14
460,BASIC_BLOCK,<types::NodeKind as std::fmt::Debug>::fmt::bb3,canon-utils/analysis/src/types.rs,3,14
461,BASIC_BLOCK,<types::NodeKind as std::fmt::Debug>::fmt::bb4,canon-utils/analysis/src/types.rs,3,14
462,BASIC_BLOCK,<types::NodeKind as std::fmt::Debug>::fmt::bb5,canon-utils/analysis/src/types.rs,3,14
463,BASIC_BLOCK,<types::NodeKind as std::fmt::Debug>::fmt::bb6,canon-utils/analysis/src/types.rs,3,14
464,BASIC_BLOCK,<types::NodeKind as std::fmt::Debug>::fmt::bb7,canon-utils/analysis/src/types.rs,3,14
465,BASIC_BLOCK,<types::NodeKind as std::fmt::Debug>::fmt::bb8,canon-utils/analysis/src/types.rs,3,14
466,BASIC_BLOCK,<types::NodeKind as std::fmt::Debug>::fmt::bb9,canon-utils/analysis/src/types.rs,3,14
467,METHOD,<types::NodeKind as std::fmt::Debug>::fmt::fn,canon-utils/analysis/src/types.rs,3,10
468,PARAM,<types::NodeKind as std::fmt::Debug>::fmt::param0,canon-utils/analysis/src/types.rs,3,10
469,PARAM,<types::NodeKind as std::fmt::Debug>::fmt::param1,canon-utils/analysis/src/types.rs,3,10
470,BASIC_BLOCK,<types::_::<impl errors::_::_serde::Deserialize<'de> for types::Edge>::deserialize::__Field as errors::_::_serde::Deserialize<'de>>::deserialize::bb0,canon-utils/analysis/src/types.rs,53,35
471,CALL_SITE,<types::_::<impl errors::_::_serde::Deserialize<'de> for types::Edge>::deserialize::__Field as errors::_::_serde::Deserialize<'de>>::deserialize::bb0::call0,canon-utils/analysis/src/types.rs,53,35
472,BASIC_BLOCK,<types::_::<impl errors::_::_serde::Deserialize<'de> for types::Edge>::deserialize::__Field as errors::_::_serde::Deserialize<'de>>::deserialize::bb1,canon-utils/analysis/src/types.rs,53,46
473,METHOD,<types::_::<impl errors::_::_serde::Deserialize<'de> for types::Edge>::deserialize::__Field as errors::_::_serde::Deserialize<'de>>::deserialize::fn,canon-utils/analysis/src/types.rs,53,35
474,PARAM,<types::_::<impl errors::_::_serde::Deserialize<'de> for types::Edge>::deserialize::__Field as errors::_::_serde::Deserialize<'de>>::deserialize::param0,canon-utils/analysis/src/types.rs,53,35
475,BASIC_BLOCK,<types::_::<impl errors::_::_serde::Deserialize<'de> for types::Edge>::deserialize::__FieldVisitor as errors::_::_serde::de::Visitor<'de>>::expecting::bb0,canon-utils/analysis/src/types.rs,53,35
476,CALL_SITE,<types::_::<impl errors::_::_serde::Deserialize<'de> for types::Edge>::deserialize::__FieldVisitor as errors::_::_serde::de::Visitor<'de>>::expecting::bb0::call0,canon-utils/analysis/src/types.rs,53,35
477,BASIC_BLOCK,<types::_::<impl errors::_::_serde::Deserialize<'de> for types::Edge>::deserialize::__FieldVisitor as errors::_::_serde::de::Visitor<'de>>::expecting::bb1,canon-utils/analysis/src/types.rs,53,46
478,METHOD,<types::_::<impl errors::_::_serde::Deserialize<'de> for types::Edge>::deserialize::__FieldVisitor as errors::_::_serde::de::Visitor<'de>>::expecting::fn,canon-utils/analysis/src/types.rs,53,35
479,PARAM,<types::_::<impl errors::_::_serde::Deserialize<'de> for types::Edge>::deserialize::__FieldVisitor as errors::_::_serde::de::Visitor<'de>>::expecting::param0,canon-utils/analysis/src/types.rs,53,35
480,PARAM,<types::_::<impl errors::_::_serde::Deserialize<'de> for types::Edge>::deserialize::__FieldVisitor as errors::_::_serde::de::Visitor<'de>>::expecting::param1,canon-utils/analysis/src/types.rs,53,35
481,BASIC_BLOCK,<types::_::<impl errors::_::_serde::Deserialize<'de> for types::Edge>::deserialize::__FieldVisitor as errors::_::_serde::de::Visitor<'de>>::visit_bytes::bb0,canon-utils/analysis/src/types.rs,53,35
482,BASIC_BLOCK,<types::_::<impl errors::_::_serde::Deserialize<'de> for types::Edge>::deserialize::__FieldVisitor as errors::_::_serde::de::Visitor<'de>>::visit_bytes::bb1,canon-utils/analysis/src/types.rs,53,45
483,BASIC_BLOCK,<types::_::<impl errors::_::_serde::Deserialize<'de> for types::Edge>::deserialize::__FieldVisitor as errors::_::_serde::de::Visitor<'de>>::visit_bytes::bb10,canon-utils/analysis/src/types.rs,53,35
484,BASIC_BLOCK,<types::_::<impl errors::_::_serde::Deserialize<'de> for types::Edge>::deserialize::__FieldVisitor as errors::_::_serde::de::Visitor<'de>>::visit_bytes::bb11,canon-utils/analysis/src/types.rs,53,35
485,BASIC_BLOCK,<types::_::<impl errors::_::_serde::Deserialize<'de> for types::Edge>::deserialize::__FieldVisitor as errors::_::_serde::de::Visitor<'de>>::visit_bytes::bb12,canon-utils/analysis/src/types.rs,53,45
486,BASIC_BLOCK,<types::_::<impl errors::_::_serde::Deserialize<'de> for types::Edge>::deserialize::__FieldVisitor as errors::_::_serde::de::Visitor<'de>>::visit_bytes::bb13,canon-utils/analysis/src/types.rs,53,45
487,BASIC_BLOCK,<types::_::<impl errors::_::_serde::Deserialize<'de> for types::Edge>::deserialize::__FieldVisitor as errors::_::_serde::de::Visitor<'de>>::visit_bytes::bb14,canon-utils/analysis/src/types.rs,53,45
488,BASIC_BLOCK,<types::_::<impl errors::_::_serde::Deserialize<'de> for types::Edge>::deserialize::__FieldVisitor as errors::_::_serde::de::Visitor<'de>>::visit_bytes::bb15,canon-utils/analysis/src/types.rs,53,46
489,BASIC_BLOCK,<types::_::<impl errors::_::_serde::Deserialize<'de> for types::Edge>::deserialize::__FieldVisitor as errors::_::_serde::de::Visitor<'de>>::visit_bytes::bb2,canon-utils/analysis/src/types.rs,53,35
490,BASIC_BLOCK,<types::_::<impl errors::_::_serde::Deserialize<'de> for types::Edge>::deserialize::__FieldVisitor as errors::_::_serde::de::Visitor<'de>>::visit_bytes::bb3,canon-utils/analysis/src/types.rs,53,35
491,BASIC_BLOCK,<types::_::<impl errors::_::_serde::Deserialize<'de> for types::Edge>::deserialize::__FieldVisitor as errors::_::_serde::de::Visitor<'de>>::visit_bytes::bb4,canon-utils/analysis/src/types.rs,53,35
492,BASIC_BLOCK,<types::_::<impl errors::_::_serde::Deserialize<'de> for types::Edge>::deserialize::__FieldVisitor as errors::_::_serde::de::Visitor<'de>>::visit_bytes::bb5,canon-utils/analysis/src/types.rs,53,35
493,BASIC_BLOCK,<types::_::<impl errors::_::_serde::Deserialize<'de> for types::Edge>::deserialize::__FieldVisitor as errors::_::_serde::de::Visitor<'de>>::visit_bytes::bb6,canon-utils/analysis/src/types.rs,53,35
494,BASIC_BLOCK,<types::_::<impl errors::_::_serde::Deserialize<'de> for types::Edge>::deserialize::__FieldVisitor as errors::_::_serde::de::Visitor<'de>>::visit_bytes::bb7,canon-utils/analysis/src/types.rs,53,35
495,BASIC_BLOCK,<types::_::<impl errors::_::_serde::Deserialize<'de> for types::Edge>::deserialize::__FieldVisitor as errors::_::_serde::de::Visitor<'de>>::visit_bytes::bb8,canon-utils/analysis/src/types.rs,53,35
496,BASIC_BLOCK,<types::_::<impl errors::_::_serde::Deserialize<'de> for types::Edge>::deserialize::__FieldVisitor as errors::_::_serde::de::Visitor<'de>>::visit_bytes::bb9,canon-utils/analysis/src/types.rs,53,35
497,METHOD,<types::_::<impl errors::_::_serde::Deserialize<'de> for types::Edge>::deserialize::__FieldVisitor as errors::_::_serde::de::Visitor<'de>>::visit_bytes::fn,canon-utils/analysis/src/types.rs,53,35
498,PARAM,<types::_::<impl errors::_::_serde::Deserialize<'de> for types::Edge>::deserialize::__FieldVisitor as errors::_::_serde::de::Visitor<'de>>::visit_bytes::param0,canon-utils/analysis/src/types.rs,53,35
499,PARAM,<types::_::<impl errors::_::_serde::Deserialize<'de> for types::Edge>::deserialize::__FieldVisitor as errors::_::_serde::de::Visitor<'de>>::visit_bytes::param1,canon-utils/analysis/src/types.rs,53,35
500,BASIC_BLOCK,<types::_::<impl errors::_::_serde::Deserialize<'de> for types::Edge>::deserialize::__FieldVisitor as errors::_::_serde::de::Visitor<'de>>::visit_str::bb0,canon-utils/analysis/src/types.rs,55,9
501,CALL_SITE,<types::_::<impl errors::_::_serde::Deserialize<'de> for types::Edge>::deserialize::__FieldVisitor as errors::_::_serde::de::Visitor<'de>>::visit_str::bb0::call0,canon-utils/analysis/src/types.rs,55,9
502,BASIC_BLOCK,<types::_::<impl errors::_::_serde::Deserialize<'de> for types::Edge>::deserialize::__FieldVisitor as errors::_::_serde::de::Visitor<'de>>::visit_str::bb1,canon-utils/analysis/src/types.rs,53,45
503,BASIC_BLOCK,<types::_::<impl errors::_::_serde::Deserialize<'de> for types::Edge>::deserialize::__FieldVisitor as errors::_::_serde::de::Visitor<'de>>::visit_str::bb10,canon-utils/analysis/src/types.rs,53,46
504,BASIC_BLOCK,<types::_::<impl errors::_::_serde::Deserialize<'de> for types::Edge>::deserialize::__FieldVisitor as errors::_::_serde::de::Visitor<'de>>::visit_str::bb2,canon-utils/analysis/src/types.rs,53,45
505,BASIC_BLOCK,<types::_::<impl errors::_::_serde::Deserialize<'de> for types::Edge>::deserialize::__FieldVisitor as errors::_::_serde::de::Visitor<'de>>::visit_str::bb3,canon-utils/analysis/src/types.rs,56,9
506,CALL_SITE,<types::_::<impl errors::_::_serde::Deserialize<'de> for types::Edge>::deserialize::__FieldVisitor as errors::_::_serde::de::Visitor<'de>>::visit_str::bb3::call1,canon-utils/analysis/src/types.rs,56,9
507,BASIC_BLOCK,<types::_::<impl errors::_::_serde::Deserialize<'de> for types::Edge>::deserialize::__FieldVisitor as errors::_::_serde::de::Visitor<'de>>::visit_str::bb4,canon-utils/analysis/src/types.rs,53,45
508,BASIC_BLOCK,<types::_::<impl errors::_::_serde::Deserialize<'de> for types::Edge>::deserialize::__FieldVisitor as errors::_::_serde::de::Visitor<'de>>::visit_str::bb5,canon-utils/analysis/src/types.rs,57,9
509,CALL_SITE,<types::_::<impl errors::_::_serde::Deserialize<'de> for types::Edge>::deserialize::__FieldVisitor as errors::_::_serde::de::Visitor<'de>>::visit_str::bb5::call2,canon-utils/analysis/src/types.rs,57,9
510,BASIC_BLOCK,<types::_::<impl errors::_::_serde::Deserialize<'de> for types::Edge>::deserialize::__FieldVisitor as errors::_::_serde::de::Visitor<'de>>::visit_str::bb6,canon-utils/analysis/src/types.rs,53,45
511,BASIC_BLOCK,<types::_::<impl errors::_::_serde::Deserialize<'de> for types::Edge>::deserialize::__FieldVisitor as errors::_::_serde::de::Visitor<'de>>::visit_str::bb7,canon-utils/analysis/src/types.rs,57,9
512,BASIC_BLOCK,<types::_::<impl errors::_::_serde::Deserialize<'de> for types::Edge>::deserialize::__FieldVisitor as errors::_::_serde::de::Visitor<'de>>::visit_str::bb8,canon-utils/analysis/src/types.rs,56,9
513,BASIC_BLOCK,<types::_::<impl errors::_::_serde::Deserialize<'de> for types::Edge>::deserialize::__FieldVisitor as errors::_::_serde::de::Visitor<'de>>::visit_str::bb9,canon-utils/analysis/src/types.rs,55,9
514,METHOD,<types::_::<impl errors::_::_serde::Deserialize<'de> for types::Edge>::deserialize::__FieldVisitor as errors::_::_serde::de::Visitor<'de>>::visit_str::fn,canon-utils/analysis/src/types.rs,53,35
515,PARAM,<types::_::<impl errors::_::_serde::Deserialize<'de> for types::Edge>::deserialize::__FieldVisitor as errors::_::_serde::de::Visitor<'de>>::visit_str::param0,canon-utils/analysis/src/types.rs,53,35
516,PARAM,<types::_::<impl errors::_::_serde::Deserialize<'de> for types::Edge>::deserialize::__FieldVisitor as errors::_::_serde::de::Visitor<'de>>::visit_str::param1,canon-utils/analysis/src/types.rs,53,35
517,BASIC_BLOCK,<types::_::<impl errors::_::_serde::Deserialize<'de> for types::Edge>::deserialize::__FieldVisitor as errors::_::_serde::de::Visitor<'de>>::visit_u64::bb0,canon-utils/analysis/src/types.rs,53,35
518,BASIC_BLOCK,<types::_::<impl errors::_::_serde::Deserialize<'de> for types::Edge>::deserialize::__FieldVisitor as errors::_::_serde::de::Visitor<'de>>::visit_u64::bb1,canon-utils/analysis/src/types.rs,53,45
519,BASIC_BLOCK,<types::_::<impl errors::_::_serde::Deserialize<'de> for types::Edge>::deserialize::__FieldVisitor as errors::_::_serde::de::Visitor<'de>>::visit_u64::bb2,canon-utils/analysis/src/types.rs,53,45
520,BASIC_BLOCK,<types::_::<impl errors::_::_serde::Deserialize<'de> for types::Edge>::deserialize::__FieldVisitor as errors::_::_serde::de::Visitor<'de>>::visit_u64::bb3,canon-utils/analysis/src/types.rs,53,45
521,BASIC_BLOCK,<types::_::<impl errors::_::_serde::Deserialize<'de> for types::Edge>::deserialize::__FieldVisitor as errors::_::_serde::de::Visitor<'de>>::visit_u64::bb4,canon-utils/analysis/src/types.rs,53,45
522,BASIC_BLOCK,<types::_::<impl errors::_::_serde::Deserialize<'de> for types::Edge>::deserialize::__FieldVisitor as errors::_::_serde::de::Visitor<'de>>::visit_u64::bb5,canon-utils/analysis/src/types.rs,53,46
523,METHOD,<types::_::<impl errors::_::_serde::Deserialize<'de> for types::Edge>::deserialize::__FieldVisitor as errors::_::_serde::de::Visitor<'de>>::visit_u64::fn,canon-utils/analysis/src/types.rs,53,35
524,PARAM,<types::_::<impl errors::_::_serde::Deserialize<'de> for types::Edge>::deserialize::__FieldVisitor as errors::_::_serde::de::Visitor<'de>>::visit_u64::param0,canon-utils/analysis/src/types.rs,53,35
525,PARAM,<types::_::<impl errors::_::_serde::Deserialize<'de> for types::Edge>::deserialize::__FieldVisitor as errors::_::_serde::de::Visitor<'de>>::visit_u64::param1,canon-utils/analysis/src/types.rs,53,35
526,BASIC_BLOCK,<types::_::<impl errors::_::_serde::Deserialize<'de> for types::Edge>::deserialize::__Visitor<'de> as errors::_::_serde::de::Visitor<'de>>::expecting::bb0,canon-utils/analysis/src/types.rs,53,35
527,CALL_SITE,<types::_::<impl errors::_::_serde::Deserialize<'de> for types::Edge>::deserialize::__Visitor<'de> as errors::_::_serde::de::Visitor<'de>>::expecting::bb0::call0,canon-utils/analysis/src/types.rs,53,35
528,BASIC_BLOCK,<types::_::<impl errors::_::_serde::Deserialize<'de> for types::Edge>::deserialize::__Visitor<'de> as errors::_::_serde::de::Visitor<'de>>::expecting::bb1,canon-utils/analysis/src/types.rs,53,46
529,METHOD,<types::_::<impl errors::_::_serde::Deserialize<'de> for types::Edge>::deserialize::__Visitor<'de> as errors::_::_serde::de::Visitor<'de>>::expecting::fn,canon-utils/analysis/src/types.rs,53,35
530,PARAM,<types::_::<impl errors::_::_serde::Deserialize<'de> for types::Edge>::deserialize::__Visitor<'de> as errors::_::_serde::de::Visitor<'de>>::expecting::param0,canon-utils/analysis/src/types.rs,53,35
531,PARAM,<types::_::<impl errors::_::_serde::Deserialize<'de> for types::Edge>::deserialize::__Visitor<'de> as errors::_::_serde::de::Visitor<'de>>::expecting::param1,canon-utils/analysis/src/types.rs,53,35
532,BASIC_BLOCK,<types::_::<impl errors::_::_serde::Deserialize<'de> for types::Edge>::deserialize::__Visitor<'de> as errors::_::_serde::de::Visitor<'de>>::visit_map::bb0,canon-utils/analysis/src/types.rs,53,35
533,BASIC_BLOCK,<types::_::<impl errors::_::_serde::Deserialize<'de> for types::Edge>::deserialize::__Visitor<'de> as errors::_::_serde::de::Visitor<'de>>::visit_map::bb1,canon-utils/analysis/src/types.rs,53,35
534,BASIC_BLOCK,<types::_::<impl errors::_::_serde::Deserialize<'de> for types::Edge>::deserialize::__Visitor<'de> as errors::_::_serde::de::Visitor<'de>>::visit_map::bb10,canon-utils/analysis/src/types.rs,53,35
535,CALL_SITE,<types::_::<impl errors::_::_serde::Deserialize<'de> for types::Edge>::deserialize::__Visitor<'de> as errors::_::_serde::de::Visitor<'de>>::visit_map::bb10::call4,canon-utils/analysis/src/types.rs,53,35
536,BASIC_BLOCK,<types::_::<impl errors::_::_serde::Deserialize<'de> for types::Edge>::deserialize::__Visitor<'de> as errors::_::_serde::de::Visitor<'de>>::visit_map::bb11,canon-utils/analysis/src/types.rs,53,35
537,CALL_SITE,<types::_::<impl errors::_::_serde::Deserialize<'de> for types::Edge>::deserialize::__Visitor<'de> as errors::_::_serde::de::Visitor<'de>>::visit_map::bb11::call5,canon-utils/analysis/src/types.rs,53,35
538,BASIC_BLOCK,<types::_::<impl errors::_::_serde::Deserialize<'de> for types::Edge>::deserialize::__Visitor<'de> as errors::_::_serde::de::Visitor<'de>>::visit_map::bb12,canon-utils/analysis/src/types.rs,53,35
539,CALL_SITE,<types::_::<impl errors::_::_serde::Deserialize<'de> for types::Edge>::deserialize::__Visitor<'de> as errors::_::_serde::de::Visitor<'de>>::visit_map::bb12::call6,canon-utils/analysis/src/types.rs,53,35
540,BASIC_BLOCK,<types::_::<impl errors::_::_serde::Deserialize<'de> for types::Edge>::deserialize::__Visitor<'de> as errors::_::_serde::de::Visitor<'de>>::visit_map::bb13,canon-utils/analysis/src/types.rs,53,35
541,BASIC_BLOCK,<types::_::<impl errors::_::_serde::Deserialize<'de> for types::Edge>::deserialize::__Visitor<'de> as errors::_::_serde::de::Visitor<'de>>::visit_map::bb14,canon-utils/analysis/src/types.rs,53,35
542,CALL_SITE,<types::_::<impl errors::_::_serde::Deserialize<'de> for types::Edge>::deserialize::__Visitor<'de> as errors::_::_serde::de::Visitor<'de>>::visit_map::bb14::call7,canon-utils/analysis/src/types.rs,53,35
543,BASIC_BLOCK,<types::_::<impl errors::_::_serde::Deserialize<'de> for types::Edge>::deserialize::__Visitor<'de> as errors::_::_serde::de::Visitor<'de>>::visit_map::bb15,canon-utils/analysis/src/lib.rs,1,1
544,BASIC_BLOCK,<types::_::<impl errors::_::_serde::Deserialize<'de> for types::Edge>::deserialize::__Visitor<'de> as errors::_::_serde::de::Visitor<'de>>::visit_map::bb16,canon-utils/analysis/src/types.rs,53,35
545,CALL_SITE,<types::_::<impl errors::_::_serde::Deserialize<'de> for types::Edge>::deserialize::__Visitor<'de> as errors::_::_serde::de::Visitor<'de>>::visit_map::bb16::call8,canon-utils/analysis/src/types.rs,53,35
546,BASIC_BLOCK,<types::_::<impl errors::_::_serde::Deserialize<'de> for types::Edge>::deserialize::__Visitor<'de> as errors::_::_serde::de::Visitor<'de>>::visit_map::bb17,canon-utils/analysis/src/types.rs,53,35
547,CALL_SITE,<types::_::<impl errors::_::_serde::Deserialize<'de> for types::Edge>::deserialize::__Visitor<'de> as errors::_::_serde::de::Visitor<'de>>::visit_map::bb17::call9,canon-utils/analysis/src/types.rs,53,35
548,BASIC_BLOCK,<types::_::<impl errors::_::_serde::Deserialize<'de> for types::Edge>::deserialize::__Visitor<'de> as errors::_::_serde::de::Visitor<'de>>::visit_map::bb18,canon-utils/analysis/src/types.rs,53,35
549,BASIC_BLOCK,<types::_::<impl errors::_::_serde::Deserialize<'de> for types::Edge>::deserialize::__Visitor<'de> as errors::_::_serde::de::Visitor<'de>>::visit_map::bb19,canon-utils/analysis/src/types.rs,53,35
550,CALL_SITE,<types::_::<impl errors::_::_serde::Deserialize<'de> for types::Edge>::deserialize::__Visitor<'de> as errors::_::_serde::de::Visitor<'de>>::visit_map::bb1::call0,canon-utils/analysis/src/types.rs,53,35
551,BASIC_BLOCK,<types::_::<impl errors::_::_serde::Deserialize<'de> for types::Edge>::deserialize::__Visitor<'de> as errors::_::_serde::de::Visitor<'de>>::visit_map::bb2,canon-utils/analysis/src/types.rs,53,35
552,BASIC_BLOCK,<types::_::<impl errors::_::_serde::Deserialize<'de> for types::Edge>::deserialize::__Visitor<'de> as errors::_::_serde::de::Visitor<'de>>::visit_map::bb20,canon-utils/analysis/src/types.rs,53,35
553,CALL_SITE,<types::_::<impl errors::_::_serde::Deserialize<'de> for types::Edge>::deserialize::__Visitor<'de> as errors::_::_serde::de::Visitor<'de>>::visit_map::bb20::call10,canon-utils/analysis/src/types.rs,53,35
554,BASIC_BLOCK,<types::_::<impl errors::_::_serde::Deserialize<'de> for types::Edge>::deserialize::__Visitor<'de> as errors::_::_serde::de::Visitor<'de>>::visit_map::bb21,canon-utils/analysis/src/types.rs,53,35
555,BASIC_BLOCK,<types::_::<impl errors::_::_serde::Deserialize<'de> for types::Edge>::deserialize::__Visitor<'de> as errors::_::_serde::de::Visitor<'de>>::visit_map::bb22,canon-utils/analysis/src/types.rs,53,35
556,CALL_SITE,<types::_::<impl errors::_::_serde::Deserialize<'de> for types::Edge>::deserialize::__Visitor<'de> as errors::_::_serde::de::Visitor<'de>>::visit_map::bb22::call11,canon-utils/analysis/src/types.rs,53,35
557,BASIC_BLOCK,<types::_::<impl errors::_::_serde::Deserialize<'de> for types::Edge>::deserialize::__Visitor<'de> as errors::_::_serde::de::Visitor<'de>>::visit_map::bb23,canon-utils/analysis/src/lib.rs,1,1
558,BASIC_BLOCK,<types::_::<impl errors::_::_serde::Deserialize<'de> for types::Edge>::deserialize::__Visitor<'de> as errors::_::_serde::de::Visitor<'de>>::visit_map::bb24,canon-utils/analysis/src/types.rs,53,35
559,CALL_SITE,<types::_::<impl errors::_::_serde::Deserialize<'de> for types::Edge>::deserialize::__Visitor<'de> as errors::_::_serde::de::Visitor<'de>>::visit_map::bb24::call12,canon-utils/analysis/src/types.rs,53,35
560,BASIC_BLOCK,<types::_::<impl errors::_::_serde::Deserialize<'de> for types::Edge>::deserialize::__Visitor<'de> as errors::_::_serde::de::Visitor<'de>>::visit_map::bb25,canon-utils/analysis/src/types.rs,53,35
561,CALL_SITE,<types::_::<impl errors::_::_serde::Deserialize<'de> for types::Edge>::deserialize::__Visitor<'de> as errors::_::_serde::de::Visitor<'de>>::visit_map::bb25::call13,canon-utils/analysis/src/types.rs,53,35
562,BASIC_BLOCK,<types::_::<impl errors::_::_serde::Deserialize<'de> for types::Edge>::deserialize::__Visitor<'de> as errors::_::_serde::de::Visitor<'de>>::visit_map::bb26,canon-utils/analysis/src/types.rs,53,35
563,BASIC_BLOCK,<types::_::<impl errors::_::_serde::Deserialize<'de> for types::Edge>::deserialize::__Visitor<'de> as errors::_::_serde::de::Visitor<'de>>::visit_map::bb27,canon-utils/analysis/src/types.rs,53,35
564,BASIC_BLOCK,<types::_::<impl errors::_::_serde::Deserialize<'de> for types::Edge>::deserialize::__Visitor<'de> as errors::_::_serde::de::Visitor<'de>>::visit_map::bb28,canon-utils/analysis/src/types.rs,53,35
565,CALL_SITE,<types::_::<impl errors::_::_serde::Deserialize<'de> for types::Edge>::deserialize::__Visitor<'de> as errors::_::_serde::de::Visitor<'de>>::visit_map::bb28::call14,canon-utils/analysis/src/types.rs,53,35
566,BASIC_BLOCK,<types::_::<impl errors::_::_serde::Deserialize<'de> for types::Edge>::deserialize::__Visitor<'de> as errors::_::_serde::de::Visitor<'de>>::visit_map::bb29,canon-utils/analysis/src/types.rs,53,35
567,CALL_SITE,<types::_::<impl errors::_::_serde::Deserialize<'de> for types::Edge>::deserialize::__Visitor<'de> as errors::_::_serde::de::Visitor<'de>>::visit_map::bb2::call1,canon-utils/analysis/src/types.rs,53,35
568,BASIC_BLOCK,<types::_::<impl errors::_::_serde::Deserialize<'de> for types::Edge>::deserialize::__Visitor<'de> as errors::_::_serde::de::Visitor<'de>>::visit_map::bb3,canon-utils/analysis/src/types.rs,53,35
569,BASIC_BLOCK,<types::_::<impl errors::_::_serde::Deserialize<'de> for types::Edge>::deserialize::__Visitor<'de> as errors::_::_serde::de::Visitor<'de>>::visit_map::bb30,canon-utils/analysis/src/types.rs,53,35
570,CALL_SITE,<types::_::<impl errors::_::_serde::Deserialize<'de> for types::Edge>::deserialize::__Visitor<'de> as errors::_::_serde::de::Visitor<'de>>::visit_map::bb30::call15,canon-utils/analysis/src/types.rs,53,35
571,BASIC_BLOCK,<types::_::<impl errors::_::_serde::Deserialize<'de> for types::Edge>::deserialize::__Visitor<'de> as errors::_::_serde::de::Visitor<'de>>::visit_map::bb31,canon-utils/analysis/src/lib.rs,1,1
572,BASIC_BLOCK,<types::_::<impl errors::_::_serde::Deserialize<'de> for types::Edge>::deserialize::__Visitor<'de> as errors::_::_serde::de::Visitor<'de>>::visit_map::bb32,canon-utils/analysis/src/types.rs,53,35
573,CALL_SITE,<types::_::<impl errors::_::_serde::Deserialize<'de> for types::Edge>::deserialize::__Visitor<'de> as errors::_::_serde::de::Visitor<'de>>::visit_map::bb32::call16,canon-utils/analysis/src/types.rs,53,35
574,BASIC_BLOCK,<types::_::<impl errors::_::_serde::Deserialize<'de> for types::Edge>::deserialize::__Visitor<'de> as errors::_::_serde::de::Visitor<'de>>::visit_map::bb33,canon-utils/analysis/src/types.rs,53,35
575,CALL_SITE,<types::_::<impl errors::_::_serde::Deserialize<'de> for types::Edge>::deserialize::__Visitor<'de> as errors::_::_serde::de::Visitor<'de>>::visit_map::bb33::call17,canon-utils/analysis/src/types.rs,53,35
576,BASIC_BLOCK,<types::_::<impl errors::_::_serde::Deserialize<'de> for types::Edge>::deserialize::__Visitor<'de> as errors::_::_serde::de::Visitor<'de>>::visit_map::bb34,canon-utils/analysis/src/types.rs,53,35
577,BASIC_BLOCK,<types::_::<impl errors::_::_serde::Deserialize<'de> for types::Edge>::deserialize::__Visitor<'de> as errors::_::_serde::de::Visitor<'de>>::visit_map::bb35,canon-utils/analysis/src/types.rs,53,35
578,BASIC_BLOCK,<types::_::<impl errors::_::_serde::Deserialize<'de> for types::Edge>::deserialize::__Visitor<'de> as errors::_::_serde::de::Visitor<'de>>::visit_map::bb36,canon-utils/analysis/src/types.rs,53,35
579,CALL_SITE,<types::_::<impl errors::_::_serde::Deserialize<'de> for types::Edge>::deserialize::__Visitor<'de> as errors::_::_serde::de::Visitor<'de>>::visit_map::bb36::call18,canon-utils/analysis/src/types.rs,53,35
580,BASIC_BLOCK,<types::_::<impl errors::_::_serde::Deserialize<'de> for types::Edge>::deserialize::__Visitor<'de> as errors::_::_serde::de::Visitor<'de>>::visit_map::bb37,canon-utils/analysis/src/types.rs,53,35
581,CALL_SITE,<types::_::<impl errors::_::_serde::Deserialize<'de> for types::Edge>::deserialize::__Visitor<'de> as errors::_::_serde::de::Visitor<'de>>::visit_map::bb37::call19,canon-utils/analysis/src/types.rs,53,35
582,BASIC_BLOCK,<types::_::<impl errors::_::_serde::Deserialize<'de> for types::Edge>::deserialize::__Visitor<'de> as errors::_::_serde::de::Visitor<'de>>::visit_map::bb38,canon-utils/analysis/src/types.rs,53,35
583,BASIC_BLOCK,<types::_::<impl errors::_::_serde::Deserialize<'de> for types::Edge>::deserialize::__Visitor<'de> as errors::_::_serde::de::Visitor<'de>>::visit_map::bb39,canon-utils/analysis/src/types.rs,53,35
584,CALL_SITE,<types::_::<impl errors::_::_serde::Deserialize<'de> for types::Edge>::deserialize::__Visitor<'de> as errors::_::_serde::de::Visitor<'de>>::visit_map::bb39::call20,canon-utils/analysis/src/types.rs,53,35
585,BASIC_BLOCK,<types::_::<impl errors::_::_serde::Deserialize<'de> for types::Edge>::deserialize::__Visitor<'de> as errors::_::_serde::de::Visitor<'de>>::visit_map::bb4,canon-utils/analysis/src/lib.rs,1,1
586,BASIC_BLOCK,<types::_::<impl errors::_::_serde::Deserialize<'de> for types::Edge>::deserialize::__Visitor<'de> as errors::_::_serde::de::Visitor<'de>>::visit_map::bb40,canon-utils/analysis/src/types.rs,53,35
587,CALL_SITE,<types::_::<impl errors::_::_serde::Deserialize<'de> for types::Edge>::deserialize::__Visitor<'de> as errors::_::_serde::de::Visitor<'de>>::visit_map::bb40::call21,canon-utils/analysis/src/types.rs,53,35
588,BASIC_BLOCK,<types::_::<impl errors::_::_serde::Deserialize<'de> for types::Edge>::deserialize::__Visitor<'de> as errors::_::_serde::de::Visitor<'de>>::visit_map::bb41,canon-utils/analysis/src/types.rs,53,45
589,BASIC_BLOCK,<types::_::<impl errors::_::_serde::Deserialize<'de> for types::Edge>::deserialize::__Visitor<'de> as errors::_::_serde::de::Visitor<'de>>::visit_map::bb42,canon-utils/analysis/src/types.rs,53,35
590,CALL_SITE,<types::_::<impl errors::_::_serde::Deserialize<'de> for types::Edge>::deserialize::__Visitor<'de> as errors::_::_serde::de::Visitor<'de>>::visit_map::bb42::call22,canon-utils/analysis/src/types.rs,53,35
591,BASIC_BLOCK,<types::_::<impl errors::_::_serde::Deserialize<'de> for types::Edge>::deserialize::__Visitor<'de> as errors::_::_serde::de::Visitor<'de>>::visit_map::bb43,canon-utils/analysis/src/types.rs,53,35
592,BASIC_BLOCK,<types::_::<impl errors::_::_serde::Deserialize<'de> for types::Edge>::deserialize::__Visitor<'de> as errors::_::_serde::de::Visitor<'de>>::visit_map::bb44,canon-utils/analysis/src/types.rs,53,45
593,BASIC_BLOCK,<types::_::<impl errors::_::_serde::Deserialize<'de> for types::Edge>::deserialize::__Visitor<'de> as errors::_::_serde::de::Visitor<'de>>::visit_map::bb45,canon-utils/analysis/src/types.rs,53,35
594,CALL_SITE,<types::_::<impl errors::_::_serde::Deserialize<'de> for types::Edge>::deserialize::__Visitor<'de> as errors::_::_serde::de::Visitor<'de>>::visit_map::bb45::call23,canon-utils/analysis/src/types.rs,53,35
595,BASIC_BLOCK,<types::_::<impl errors::_::_serde::Deserialize<'de> for types::Edge>::deserialize::__Visitor<'de> as errors::_::_serde::de::Visitor<'de>>::visit_map::bb46,canon-utils/analysis/src/types.rs,53,35
596,BASIC_BLOCK,<types::_::<impl errors::_::_serde::Deserialize<'de> for types::Edge>::deserialize::__Visitor<'de> as errors::_::_serde::de::Visitor<'de>>::visit_map::bb47,canon-utils/analysis/src/types.rs,53,35
597,CALL_SITE,<types::_::<impl errors::_::_serde::Deserialize<'de> for types::Edge>::deserialize::__Visitor<'de> as errors::_::_serde::de::Visitor<'de>>::visit_map::bb47::call24,canon-utils/analysis/src/types.rs,53,35
598,BASIC_BLOCK,<types::_::<impl errors::_::_serde::Deserialize<'de> for types::Edge>::deserialize::__Visitor<'de> as errors::_::_serde::de::Visitor<'de>>::visit_map::bb48,canon-utils/analysis/src/types.rs,53,45
599,BASIC_BLOCK,<types::_::<impl errors::_::_serde::Deserialize<'de> for types::Edge>::deserialize::__Visitor<'de> as errors::_::_serde::de::Visitor<'de>>::visit_map::bb49,canon-utils/analysis/src/types.rs,53,35
600,CALL_SITE,<types::_::<impl errors::_::_serde::Deserialize<'de> for types::Edge>::deserialize::__Visitor<'de> as errors::_::_serde::de::Visitor<'de>>::visit_map::bb49::call25,canon-utils/analysis/src/types.rs,53,35
601,BASIC_BLOCK,<types::_::<impl errors::_::_serde::Deserialize<'de> for types::Edge>::deserialize::__Visitor<'de> as errors::_::_serde::de::Visitor<'de>>::visit_map::bb5,canon-utils/analysis/src/types.rs,53,35
602,BASIC_BLOCK,<types::_::<impl errors::_::_serde::Deserialize<'de> for types::Edge>::deserialize::__Visitor<'de> as errors::_::_serde::de::Visitor<'de>>::visit_map::bb50,canon-utils/analysis/src/types.rs,53,35
603,BASIC_BLOCK,<types::_::<impl errors::_::_serde::Deserialize<'de> for types::Edge>::deserialize::__Visitor<'de> as errors::_::_serde::de::Visitor<'de>>::visit_map::bb51,canon-utils/analysis/src/types.rs,53,45
604,BASIC_BLOCK,<types::_::<impl errors::_::_serde::Deserialize<'de> for types::Edge>::deserialize::__Visitor<'de> as errors::_::_serde::de::Visitor<'de>>::visit_map::bb52,canon-utils/analysis/src/types.rs,53,35
605,CALL_SITE,<types::_::<impl errors::_::_serde::Deserialize<'de> for types::Edge>::deserialize::__Visitor<'de> as errors::_::_serde::de::Visitor<'de>>::visit_map::bb52::call26,canon-utils/analysis/src/types.rs,53,35
606,BASIC_BLOCK,<types::_::<impl errors::_::_serde::Deserialize<'de> for types::Edge>::deserialize::__Visitor<'de> as errors::_::_serde::de::Visitor<'de>>::visit_map::bb53,canon-utils/analysis/src/types.rs,53,35
607,BASIC_BLOCK,<types::_::<impl errors::_::_serde::Deserialize<'de> for types::Edge>::deserialize::__Visitor<'de> as errors::_::_serde::de::Visitor<'de>>::visit_map::bb54,canon-utils/analysis/src/types.rs,53,35
608,CALL_SITE,<types::_::<impl errors::_::_serde::Deserialize<'de> for types::Edge>::deserialize::__Visitor<'de> as errors::_::_serde::de::Visitor<'de>>::visit_map::bb54::call27,canon-utils/analysis/src/types.rs,53,35
609,BASIC_BLOCK,<types::_::<impl errors::_::_serde::Deserialize<'de> for types::Edge>::deserialize::__Visitor<'de> as errors::_::_serde::de::Visitor<'de>>::visit_map::bb55,canon-utils/analysis/src/types.rs,53,45
610,BASIC_BLOCK,<types::_::<impl errors::_::_serde::Deserialize<'de> for types::Edge>::deserialize::__Visitor<'de> as errors::_::_serde::de::Visitor<'de>>::visit_map::bb56,canon-utils/analysis/src/types.rs,53,35
611,CALL_SITE,<types::_::<impl errors::_::_serde::Deserialize<'de> for types::Edge>::deserialize::__Visitor<'de> as errors::_::_serde::de::Visitor<'de>>::visit_map::bb56::call28,canon-utils/analysis/src/types.rs,53,35
612,BASIC_BLOCK,<types::_::<impl errors::_::_serde::Deserialize<'de> for types::Edge>::deserialize::__Visitor<'de> as errors::_::_serde::de::Visitor<'de>>::visit_map::bb57,canon-utils/analysis/src/types.rs,53,35
613,BASIC_BLOCK,<types::_::<impl errors::_::_serde::Deserialize<'de> for types::Edge>::deserialize::__Visitor<'de> as errors::_::_serde::de::Visitor<'de>>::visit_map::bb58,canon-utils/analysis/src/types.rs,53,45
614,BASIC_BLOCK,<types::_::<impl errors::_::_serde::Deserialize<'de> for types::Edge>::deserialize::__Visitor<'de> as errors::_::_serde::de::Visitor<'de>>::visit_map::bb59,canon-utils/analysis/src/types.rs,53,35
615,CALL_SITE,<types::_::<impl errors::_::_serde::Deserialize<'de> for types::Edge>::deserialize::__Visitor<'de> as errors::_::_serde::de::Visitor<'de>>::visit_map::bb59::call29,canon-utils/analysis/src/types.rs,53,35
616,BASIC_BLOCK,<types::_::<impl errors::_::_serde::Deserialize<'de> for types::Edge>::deserialize::__Visitor<'de> as errors::_::_serde::de::Visitor<'de>>::visit_map::bb6,canon-utils/analysis/src/types.rs,53,35
617,BASIC_BLOCK,<types::_::<impl errors::_::_serde::Deserialize<'de> for types::Edge>::deserialize::__Visitor<'de> as errors::_::_serde::de::Visitor<'de>>::visit_map::bb60,canon-utils/analysis/src/types.rs,53,45
618,BASIC_BLOCK,<types::_::<impl errors::_::_serde::Deserialize<'de> for types::Edge>::deserialize::__Visitor<'de> as errors::_::_serde::de::Visitor<'de>>::visit_map::bb61,canon-utils/analysis/src/types.rs,53,45
619,BASIC_BLOCK,<types::_::<impl errors::_::_serde::Deserialize<'de> for types::Edge>::deserialize::__Visitor<'de> as errors::_::_serde::de::Visitor<'de>>::visit_map::bb62,canon-utils/analysis/src/types.rs,53,46
620,BASIC_BLOCK,<types::_::<impl errors::_::_serde::Deserialize<'de> for types::Edge>::deserialize::__Visitor<'de> as errors::_::_serde::de::Visitor<'de>>::visit_map::bb63,canon-utils/analysis/src/types.rs,53,45
621,BASIC_BLOCK,<types::_::<impl errors::_::_serde::Deserialize<'de> for types::Edge>::deserialize::__Visitor<'de> as errors::_::_serde::de::Visitor<'de>>::visit_map::bb64,canon-utils/analysis/src/types.rs,53,35
622,BASIC_BLOCK,<types::_::<impl errors::_::_serde::Deserialize<'de> for types::Edge>::deserialize::__Visitor<'de> as errors::_::_serde::de::Visitor<'de>>::visit_map::bb65,canon-utils/analysis/src/types.rs,53,35
623,BASIC_BLOCK,<types::_::<impl errors::_::_serde::Deserialize<'de> for types::Edge>::deserialize::__Visitor<'de> as errors::_::_serde::de::Visitor<'de>>::visit_map::bb66,canon-utils/analysis/src/types.rs,53,35
624,BASIC_BLOCK,<types::_::<impl errors::_::_serde::Deserialize<'de> for types::Edge>::deserialize::__Visitor<'de> as errors::_::_serde::de::Visitor<'de>>::visit_map::bb67,canon-utils/analysis/src/types.rs,53,35
625,BASIC_BLOCK,<types::_::<impl errors::_::_serde::Deserialize<'de> for types::Edge>::deserialize::__Visitor<'de> as errors::_::_serde::de::Visitor<'de>>::visit_map::bb68,canon-utils/analysis/src/types.rs,53,35
626,BASIC_BLOCK,<types::_::<impl errors::_::_serde::Deserialize<'de> for types::Edge>::deserialize::__Visitor<'de> as errors::_::_serde::de::Visitor<'de>>::visit_map::bb69,canon-utils/analysis/src/types.rs,53,35
627,CALL_SITE,<types::_::<impl errors::_::_serde::Deserialize<'de> for types::Edge>::deserialize::__Visitor<'de> as errors::_::_serde::de::Visitor<'de>>::visit_map::bb6::call2,canon-utils/analysis/src/types.rs,53,35
628,BASIC_BLOCK,<types::_::<impl errors::_::_serde::Deserialize<'de> for types::Edge>::deserialize::__Visitor<'de> as errors::_::_serde::de::Visitor<'de>>::visit_map::bb7,canon-utils/analysis/src/types.rs,53,35
629,BASIC_BLOCK,<types::_::<impl errors::_::_serde::Deserialize<'de> for types::Edge>::deserialize::__Visitor<'de> as errors::_::_serde::de::Visitor<'de>>::visit_map::bb70,canon-utils/analysis/src/types.rs,53,35
630,BASIC_BLOCK,<types::_::<impl errors::_::_serde::Deserialize<'de> for types::Edge>::deserialize::__Visitor<'de> as errors::_::_serde::de::Visitor<'de>>::visit_map::bb71,canon-utils/analysis/src/types.rs,53,35
631,BASIC_BLOCK,<types::_::<impl errors::_::_serde::Deserialize<'de> for types::Edge>::deserialize::__Visitor<'de> as errors::_::_serde::de::Visitor<'de>>::visit_map::bb72,canon-utils/analysis/src/types.rs,53,35
632,BASIC_BLOCK,<types::_::<impl errors::_::_serde::Deserialize<'de> for types::Edge>::deserialize::__Visitor<'de> as errors::_::_serde::de::Visitor<'de>>::visit_map::bb8,canon-utils/analysis/src/types.rs,53,35
633,BASIC_BLOCK,<types::_::<impl errors::_::_serde::Deserialize<'de> for types::Edge>::deserialize::__Visitor<'de> as errors::_::_serde::de::Visitor<'de>>::visit_map::bb9,canon-utils/analysis/src/types.rs,53,35
634,CALL_SITE,<types::_::<impl errors::_::_serde::Deserialize<'de> for types::Edge>::deserialize::__Visitor<'de> as errors::_::_serde::de::Visitor<'de>>::visit_map::bb9::call3,canon-utils/analysis/src/types.rs,53,35
635,METHOD,<types::_::<impl errors::_::_serde::Deserialize<'de> for types::Edge>::deserialize::__Visitor<'de> as errors::_::_serde::de::Visitor<'de>>::visit_map::fn,canon-utils/analysis/src/types.rs,53,35
636,PARAM,<types::_::<impl errors::_::_serde::Deserialize<'de> for types::Edge>::deserialize::__Visitor<'de> as errors::_::_serde::de::Visitor<'de>>::visit_map::param0,canon-utils/analysis/src/types.rs,53,35
637,PARAM,<types::_::<impl errors::_::_serde::Deserialize<'de> for types::Edge>::deserialize::__Visitor<'de> as errors::_::_serde::de::Visitor<'de>>::visit_map::param1,canon-utils/analysis/src/types.rs,53,35
638,BASIC_BLOCK,<types::_::<impl errors::_::_serde::Deserialize<'de> for types::Edge>::deserialize::__Visitor<'de> as errors::_::_serde::de::Visitor<'de>>::visit_seq::bb0,canon-utils/analysis/src/types.rs,53,35
639,CALL_SITE,<types::_::<impl errors::_::_serde::Deserialize<'de> for types::Edge>::deserialize::__Visitor<'de> as errors::_::_serde::de::Visitor<'de>>::visit_seq::bb0::call0,canon-utils/analysis/src/types.rs,53,35
640,BASIC_BLOCK,<types::_::<impl errors::_::_serde::Deserialize<'de> for types::Edge>::deserialize::__Visitor<'de> as errors::_::_serde::de::Visitor<'de>>::visit_seq::bb1,canon-utils/analysis/src/types.rs,53,35
641,BASIC_BLOCK,<types::_::<impl errors::_::_serde::Deserialize<'de> for types::Edge>::deserialize::__Visitor<'de> as errors::_::_serde::de::Visitor<'de>>::visit_seq::bb10,canon-utils/analysis/src/types.rs,53,35
642,BASIC_BLOCK,<types::_::<impl errors::_::_serde::Deserialize<'de> for types::Edge>::deserialize::__Visitor<'de> as errors::_::_serde::de::Visitor<'de>>::visit_seq::bb11,canon-utils/analysis/src/types.rs,53,35
643,BASIC_BLOCK,<types::_::<impl errors::_::_serde::Deserialize<'de> for types::Edge>::deserialize::__Visitor<'de> as errors::_::_serde::de::Visitor<'de>>::visit_seq::bb12,canon-utils/analysis/src/types.rs,53,35
644,CALL_SITE,<types::_::<impl errors::_::_serde::Deserialize<'de> for types::Edge>::deserialize::__Visitor<'de> as errors::_::_serde::de::Visitor<'de>>::visit_seq::bb12::call6,canon-utils/analysis/src/types.rs,53,35
645,BASIC_BLOCK,<types::_::<impl errors::_::_serde::Deserialize<'de> for types::Edge>::deserialize::__Visitor<'de> as errors::_::_serde::de::Visitor<'de>>::visit_seq::bb13,canon-utils/analysis/src/types.rs,53,35
646,CALL_SITE,<types::_::<impl errors::_::_serde::Deserialize<'de> for types::Edge>::deserialize::__Visitor<'de> as errors::_::_serde::de::Visitor<'de>>::visit_seq::bb13::call7,canon-utils/analysis/src/types.rs,53,35
647,BASIC_BLOCK,<types::_::<impl errors::_::_serde::Deserialize<'de> for types::Edge>::deserialize::__Visitor<'de> as errors::_::_serde::de::Visitor<'de>>::visit_seq::bb14,canon-utils/analysis/src/types.rs,53,35
648,CALL_SITE,<types::_::<impl errors::_::_serde::Deserialize<'de> for types::Edge>::deserialize::__Visitor<'de> as errors::_::_serde::de::Visitor<'de>>::visit_seq::bb14::call8,canon-utils/analysis/src/types.rs,53,35
649,BASIC_BLOCK,<types::_::<impl errors::_::_serde::Deserialize<'de> for types::Edge>::deserialize::__Visitor<'de> as errors::_::_serde::de::Visitor<'de>>::visit_seq::bb15,canon-utils/analysis/src/lib.rs,1,1
650,BASIC_BLOCK,<types::_::<impl errors::_::_serde::Deserialize<'de> for types::Edge>::deserialize::__Visitor<'de> as errors::_::_serde::de::Visitor<'de>>::visit_seq::bb16,canon-utils/analysis/src/types.rs,53,35
651,CALL_SITE,<types::_::<impl errors::_::_serde::Deserialize<'de> for types::Edge>::deserialize::__Visitor<'de> as errors::_::_serde::de::Visitor<'de>>::visit_seq::bb16::call9,canon-utils/analysis/src/types.rs,53,35
652,BASIC_BLOCK,<types::_::<impl errors::_::_serde::Deserialize<'de> for types::Edge>::deserialize::__Visitor<'de> as errors::_::_serde::de::Visitor<'de>>::visit_seq::bb17,canon-utils/analysis/src/types.rs,53,35
653,BASIC_BLOCK,<types::_::<impl errors::_::_serde::Deserialize<'de> for types::Edge>::deserialize::__Visitor<'de> as errors::_::_serde::de::Visitor<'de>>::visit_seq::bb18,canon-utils/analysis/src/types.rs,53,35
654,BASIC_BLOCK,<types::_::<impl errors::_::_serde::Deserialize<'de> for types::Edge>::deserialize::__Visitor<'de> as errors::_::_serde::de::Visitor<'de>>::visit_seq::bb19,canon-utils/analysis/src/types.rs,53,35
655,CALL_SITE,<types::_::<impl errors::_::_serde::Deserialize<'de> for types::Edge>::deserialize::__Visitor<'de> as errors::_::_serde::de::Visitor<'de>>::visit_seq::bb19::call10,canon-utils/analysis/src/types.rs,53,35
656,CALL_SITE,<types::_::<impl errors::_::_serde::Deserialize<'de> for types::Edge>::deserialize::__Visitor<'de> as errors::_::_serde::de::Visitor<'de>>::visit_seq::bb1::call1,canon-utils/analysis/src/types.rs,53,35
657,BASIC_BLOCK,<types::_::<impl errors::_::_serde::Deserialize<'de> for types::Edge>::deserialize::__Visitor<'de> as errors::_::_serde::de::Visitor<'de>>::visit_seq::bb2,canon-utils/analysis/src/types.rs,53,35
658,BASIC_BLOCK,<types::_::<impl errors::_::_serde::Deserialize<'de> for types::Edge>::deserialize::__Visitor<'de> as errors::_::_serde::de::Visitor<'de>>::visit_seq::bb20,canon-utils/analysis/src/types.rs,53,35
659,CALL_SITE,<types::_::<impl errors::_::_serde::Deserialize<'de> for types::Edge>::deserialize::__Visitor<'de> as errors::_::_serde::de::Visitor<'de>>::visit_seq::bb20::call11,canon-utils/analysis/src/types.rs,53,35
660,BASIC_BLOCK,<types::_::<impl errors::_::_serde::Deserialize<'de> for types::Edge>::deserialize::__Visitor<'de> as errors::_::_serde::de::Visitor<'de>>::visit_seq::bb21,canon-utils/analysis/src/types.rs,53,45
661,BASIC_BLOCK,<types::_::<impl errors::_::_serde::Deserialize<'de> for types::Edge>::deserialize::__Visitor<'de> as errors::_::_serde::de::Visitor<'de>>::visit_seq::bb22,canon-utils/analysis/src/lib.rs,1,1
662,BASIC_BLOCK,<types::_::<impl errors::_::_serde::Deserialize<'de> for types::Edge>::deserialize::__Visitor<'de> as errors::_::_serde::de::Visitor<'de>>::visit_seq::bb23,canon-utils/analysis/src/types.rs,53,45
663,BASIC_BLOCK,<types::_::<impl errors::_::_serde::Deserialize<'de> for types::Edge>::deserialize::__Visitor<'de> as errors::_::_serde::de::Visitor<'de>>::visit_seq::bb24,canon-utils/analysis/src/types.rs,53,46
664,BASIC_BLOCK,<types::_::<impl errors::_::_serde::Deserialize<'de> for types::Edge>::deserialize::__Visitor<'de> as errors::_::_serde::de::Visitor<'de>>::visit_seq::bb25,canon-utils/analysis/src/types.rs,53,45
665,BASIC_BLOCK,<types::_::<impl errors::_::_serde::Deserialize<'de> for types::Edge>::deserialize::__Visitor<'de> as errors::_::_serde::de::Visitor<'de>>::visit_seq::bb26,canon-utils/analysis/src/types.rs,53,35
666,BASIC_BLOCK,<types::_::<impl errors::_::_serde::Deserialize<'de> for types::Edge>::deserialize::__Visitor<'de> as errors::_::_serde::de::Visitor<'de>>::visit_seq::bb27,canon-utils/analysis/src/types.rs,53,35
667,BASIC_BLOCK,<types::_::<impl errors::_::_serde::Deserialize<'de> for types::Edge>::deserialize::__Visitor<'de> as errors::_::_serde::de::Visitor<'de>>::visit_seq::bb28,canon-utils/analysis/src/types.rs,53,35
668,BASIC_BLOCK,<types::_::<impl errors::_::_serde::Deserialize<'de> for types::Edge>::deserialize::__Visitor<'de> as errors::_::_serde::de::Visitor<'de>>::visit_seq::bb29,canon-utils/analysis/src/types.rs,53,35
669,BASIC_BLOCK,<types::_::<impl errors::_::_serde::Deserialize<'de> for types::Edge>::deserialize::__Visitor<'de> as errors::_::_serde::de::Visitor<'de>>::visit_seq::bb3,canon-utils/analysis/src/lib.rs,1,1
670,BASIC_BLOCK,<types::_::<impl errors::_::_serde::Deserialize<'de> for types::Edge>::deserialize::__Visitor<'de> as errors::_::_serde::de::Visitor<'de>>::visit_seq::bb4,canon-utils/analysis/src/types.rs,53,35
671,BASIC_BLOCK,<types::_::<impl errors::_::_serde::Deserialize<'de> for types::Edge>::deserialize::__Visitor<'de> as errors::_::_serde::de::Visitor<'de>>::visit_seq::bb5,canon-utils/analysis/src/types.rs,53,35
672,CALL_SITE,<types::_::<impl errors::_::_serde::Deserialize<'de> for types::Edge>::deserialize::__Visitor<'de> as errors::_::_serde::de::Visitor<'de>>::visit_seq::bb5::call2,canon-utils/analysis/src/types.rs,53,35
673,BASIC_BLOCK,<types::_::<impl errors::_::_serde::Deserialize<'de> for types::Edge>::deserialize::__Visitor<'de> as errors::_::_serde::de::Visitor<'de>>::visit_seq::bb6,canon-utils/analysis/src/types.rs,53,35
674,CALL_SITE,<types::_::<impl errors::_::_serde::Deserialize<'de> for types::Edge>::deserialize::__Visitor<'de> as errors::_::_serde::de::Visitor<'de>>::visit_seq::bb6::call3,canon-utils/analysis/src/types.rs,53,35
675,BASIC_BLOCK,<types::_::<impl errors::_::_serde::Deserialize<'de> for types::Edge>::deserialize::__Visitor<'de> as errors::_::_serde::de::Visitor<'de>>::visit_seq::bb7,canon-utils/analysis/src/types.rs,53,35
676,CALL_SITE,<types::_::<impl errors::_::_serde::Deserialize<'de> for types::Edge>::deserialize::__Visitor<'de> as errors::_::_serde::de::Visitor<'de>>::visit_seq::bb7::call4,canon-utils/analysis/src/types.rs,53,35
677,BASIC_BLOCK,<types::_::<impl errors::_::_serde::Deserialize<'de> for types::Edge>::deserialize::__Visitor<'de> as errors::_::_serde::de::Visitor<'de>>::visit_seq::bb8,canon-utils/analysis/src/lib.rs,1,1
678,BASIC_BLOCK,<types::_::<impl errors::_::_serde::Deserialize<'de> for types::Edge>::deserialize::__Visitor<'de> as errors::_::_serde::de::Visitor<'de>>::visit_seq::bb9,canon-utils/analysis/src/types.rs,53,35
679,CALL_SITE,<types::_::<impl errors::_::_serde::Deserialize<'de> for types::Edge>::deserialize::__Visitor<'de> as errors::_::_serde::de::Visitor<'de>>::visit_seq::bb9::call5,canon-utils/analysis/src/types.rs,53,35
680,METHOD,<types::_::<impl errors::_::_serde::Deserialize<'de> for types::Edge>::deserialize::__Visitor<'de> as errors::_::_serde::de::Visitor<'de>>::visit_seq::fn,canon-utils/analysis/src/types.rs,53,35
681,PARAM,<types::_::<impl errors::_::_serde::Deserialize<'de> for types::Edge>::deserialize::__Visitor<'de> as errors::_::_serde::de::Visitor<'de>>::visit_seq::param0,canon-utils/analysis/src/types.rs,53,35
682,PARAM,<types::_::<impl errors::_::_serde::Deserialize<'de> for types::Edge>::deserialize::__Visitor<'de> as errors::_::_serde::de::Visitor<'de>>::visit_seq::param1,canon-utils/analysis/src/types.rs,53,35
683,BASIC_BLOCK,<types::_::<impl errors::_::_serde::Deserialize<'de> for types::EdgeKind>::deserialize::__Field as errors::_::_serde::Deserialize<'de>>::deserialize::bb0,canon-utils/analysis/src/types.rs,21,41
684,CALL_SITE,<types::_::<impl errors::_::_serde::Deserialize<'de> for types::EdgeKind>::deserialize::__Field as errors::_::_serde::Deserialize<'de>>::deserialize::bb0::call0,canon-utils/analysis/src/types.rs,21,41
685,BASIC_BLOCK,<types::_::<impl errors::_::_serde::Deserialize<'de> for types::EdgeKind>::deserialize::__Field as errors::_::_serde::Deserialize<'de>>::deserialize::bb1,canon-utils/analysis/src/types.rs,21,52
686,METHOD,<types::_::<impl errors::_::_serde::Deserialize<'de> for types::EdgeKind>::deserialize::__Field as errors::_::_serde::Deserialize<'de>>::deserialize::fn,canon-utils/analysis/src/types.rs,21,41
687,PARAM,<types::_::<impl errors::_::_serde::Deserialize<'de> for types::EdgeKind>::deserialize::__Field as errors::_::_serde::Deserialize<'de>>::deserialize::param0,canon-utils/analysis/src/types.rs,21,41
688,BASIC_BLOCK,<types::_::<impl errors::_::_serde::Deserialize<'de> for types::EdgeKind>::deserialize::__FieldVisitor as errors::_::_serde::de::Visitor<'de>>::expecting::bb0,canon-utils/analysis/src/types.rs,21,41
689,CALL_SITE,<types::_::<impl errors::_::_serde::Deserialize<'de> for types::EdgeKind>::deserialize::__FieldVisitor as errors::_::_serde::de::Visitor<'de>>::expecting::bb0::call0,canon-utils/analysis/src/types.rs,21,41
690,BASIC_BLOCK,<types::_::<impl errors::_::_serde::Deserialize<'de> for types::EdgeKind>::deserialize::__FieldVisitor as errors::_::_serde::de::Visitor<'de>>::expecting::bb1,canon-utils/analysis/src/types.rs,21,52
691,METHOD,<types::_::<impl errors::_::_serde::Deserialize<'de> for types::EdgeKind>::deserialize::__FieldVisitor as errors::_::_serde::de::Visitor<'de>>::expecting::fn,canon-utils/analysis/src/types.rs,21,41
692,PARAM,<types::_::<impl errors::_::_serde::Deserialize<'de> for types::EdgeKind>::deserialize::__FieldVisitor as errors::_::_serde::de::Visitor<'de>>::expecting::param0,canon-utils/analysis/src/types.rs,21,41
693,PARAM,<types::_::<impl errors::_::_serde::Deserialize<'de> for types::EdgeKind>::deserialize::__FieldVisitor as errors::_::_serde::de::Visitor<'de>>::expecting::param1,canon-utils/analysis/src/types.rs,21,41
694,BASIC_BLOCK,<types::_::<impl errors::_::_serde::Deserialize<'de> for types::EdgeKind>::deserialize::__FieldVisitor as errors::_::_serde::de::Visitor<'de>>::visit_bytes::bb0,canon-utils/analysis/src/types.rs,21,41
695,BASIC_BLOCK,<types::_::<impl errors::_::_serde::Deserialize<'de> for types::EdgeKind>::deserialize::__FieldVisitor as errors::_::_serde::de::Visitor<'de>>::visit_bytes::bb1,canon-utils/analysis/src/types.rs,21,41
696,BASIC_BLOCK,<types::_::<impl errors::_::_serde::Deserialize<'de> for types::EdgeKind>::deserialize::__FieldVisitor as errors::_::_serde::de::Visitor<'de>>::visit_bytes::bb10,canon-utils/analysis/src/types.rs,21,41
697,BASIC_BLOCK,<types::_::<impl errors::_::_serde::Deserialize<'de> for types::EdgeKind>::deserialize::__FieldVisitor as errors::_::_serde::de::Visitor<'de>>::visit_bytes::bb100,canon-utils/analysis/src/types.rs,21,41
698,BASIC_BLOCK,<types::_::<impl errors::_::_serde::Deserialize<'de> for types::EdgeKind>::deserialize::__FieldVisitor as errors::_::_serde::de::Visitor<'de>>::visit_bytes::bb101,canon-utils/analysis/src/types.rs,21,41
699,BASIC_BLOCK,<types::_::<impl errors::_::_serde::Deserialize<'de> for types::EdgeKind>::deserialize::__FieldVisitor as errors::_::_serde::de::Visitor<'de>>::visit_bytes::bb102,canon-utils/analysis/src/types.rs,21,41
700,BASIC_BLOCK,<types::_::<impl errors::_::_serde::Deserialize<'de> for types::EdgeKind>::deserialize::__FieldVisitor as errors::_::_serde::de::Visitor<'de>>::visit_bytes::bb103,canon-utils/analysis/src/types.rs,21,41
701,BASIC_BLOCK,<types::_::<impl errors::_::_serde::Deserialize<'de> for types::EdgeKind>::deserialize::__FieldVisitor as errors::_::_serde::de::Visitor<'de>>::visit_bytes::bb104,canon-utils/analysis/src/types.rs,21,41
702,BASIC_BLOCK,<types::_::<impl errors::_::_serde::Deserialize<'de> for types::EdgeKind>::deserialize::__FieldVisitor as errors::_::_serde::de::Visitor<'de>>::visit_bytes::bb105,canon-utils/analysis/src/types.rs,21,41
703,BASIC_BLOCK,<types::_::<impl errors::_::_serde::Deserialize<'de> for types::EdgeKind>::deserialize::__FieldVisitor as errors::_::_serde::de::Visitor<'de>>::visit_bytes::bb106,canon-utils/analysis/src/types.rs,21,41
704,BASIC_BLOCK,<types::_::<impl errors::_::_serde::Deserialize<'de> for types::EdgeKind>::deserialize::__FieldVisitor as errors::_::_serde::de::Visitor<'de>>::visit_bytes::bb107,canon-utils/analysis/src/types.rs,21,41
705,BASIC_BLOCK,<types::_::<impl errors::_::_serde::Deserialize<'de> for types::EdgeKind>::deserialize::__FieldVisitor as errors::_::_serde::de::Visitor<'de>>::visit_bytes::bb108,canon-utils/analysis/src/types.rs,21,41
706,BASIC_BLOCK,<types::_::<impl errors::_::_serde::Deserialize<'de> for types::EdgeKind>::deserialize::__FieldVisitor as errors::_::_serde::de::Visitor<'de>>::visit_bytes::bb109,canon-utils/analysis/src/types.rs,21,41
707,BASIC_BLOCK,<types::_::<impl errors::_::_serde::Deserialize<'de> for types::EdgeKind>::deserialize::__FieldVisitor as errors::_::_serde::de::Visitor<'de>>::visit_bytes::bb11,canon-utils/analysis/src/types.rs,21,41
708,BASIC_BLOCK,<types::_::<impl errors::_::_serde::Deserialize<'de> for types::EdgeKind>::deserialize::__FieldVisitor as errors::_::_serde::de::Visitor<'de>>::visit_bytes::bb110,canon-utils/analysis/src/types.rs,21,41
709,BASIC_BLOCK,<types::_::<impl errors::_::_serde::Deserialize<'de> for types::EdgeKind>::deserialize::__FieldVisitor as errors::_::_serde::de::Visitor<'de>>::visit_bytes::bb111,canon-utils/analysis/src/types.rs,21,41
710,BASIC_BLOCK,<types::_::<impl errors::_::_serde::Deserialize<'de> for types::EdgeKind>::deserialize::__FieldVisitor as errors::_::_serde::de::Visitor<'de>>::visit_bytes::bb112,canon-utils/analysis/src/types.rs,21,41
711,BASIC_BLOCK,<types::_::<impl errors::_::_serde::Deserialize<'de> for types::EdgeKind>::deserialize::__FieldVisitor as errors::_::_serde::de::Visitor<'de>>::visit_bytes::bb113,canon-utils/analysis/src/types.rs,21,41
712,BASIC_BLOCK,<types::_::<impl errors::_::_serde::Deserialize<'de> for types::EdgeKind>::deserialize::__FieldVisitor as errors::_::_serde::de::Visitor<'de>>::visit_bytes::bb114,canon-utils/analysis/src/types.rs,21,41
713,BASIC_BLOCK,<types::_::<impl errors::_::_serde::Deserialize<'de> for types::EdgeKind>::deserialize::__FieldVisitor as errors::_::_serde::de::Visitor<'de>>::visit_bytes::bb115,canon-utils/analysis/src/types.rs,21,41
714,BASIC_BLOCK,<types::_::<impl errors::_::_serde::Deserialize<'de> for types::EdgeKind>::deserialize::__FieldVisitor as errors::_::_serde::de::Visitor<'de>>::visit_bytes::bb116,canon-utils/analysis/src/types.rs,21,41
715,BASIC_BLOCK,<types::_::<impl errors::_::_serde::Deserialize<'de> for types::EdgeKind>::deserialize::__FieldVisitor as errors::_::_serde::de::Visitor<'de>>::visit_bytes::bb117,canon-utils/analysis/src/types.rs,21,41
716,BASIC_BLOCK,<types::_::<impl errors::_::_serde::Deserialize<'de> for types::EdgeKind>::deserialize::__FieldVisitor as errors::_::_serde::de::Visitor<'de>>::visit_bytes::bb118,canon-utils/analysis/src/types.rs,21,41
717,BASIC_BLOCK,<types::_::<impl errors::_::_serde::Deserialize<'de> for types::EdgeKind>::deserialize::__FieldVisitor as errors::_::_serde::de::Visitor<'de>>::visit_bytes::bb119,canon-utils/analysis/src/types.rs,21,41
718,BASIC_BLOCK,<types::_::<impl errors::_::_serde::Deserialize<'de> for types::EdgeKind>::deserialize::__FieldVisitor as errors::_::_serde::de::Visitor<'de>>::visit_bytes::bb12,canon-utils/analysis/src/types.rs,21,41
719,BASIC_BLOCK,<types::_::<impl errors::_::_serde::Deserialize<'de> for types::EdgeKind>::deserialize::__FieldVisitor as errors::_::_serde::de::Visitor<'de>>::visit_bytes::bb120,canon-utils/analysis/src/types.rs,21,41
720,BASIC_BLOCK,<types::_::<impl errors::_::_serde::Deserialize<'de> for types::EdgeKind>::deserialize::__FieldVisitor as errors::_::_serde::de::Visitor<'de>>::visit_bytes::bb121,canon-utils/analysis/src/types.rs,21,41
721,BASIC_BLOCK,<types::_::<impl errors::_::_serde::Deserialize<'de> for types::EdgeKind>::deserialize::__FieldVisitor as errors::_::_serde::de::Visitor<'de>>::visit_bytes::bb122,canon-utils/analysis/src/types.rs,21,41
722,BASIC_BLOCK,<types::_::<impl errors::_::_serde::Deserialize<'de> for types::EdgeKind>::deserialize::__FieldVisitor as errors::_::_serde::de::Visitor<'de>>::visit_bytes::bb123,canon-utils/analysis/src/types.rs,21,41
723,BASIC_BLOCK,<types::_::<impl errors::_::_serde::Deserialize<'de> for types::EdgeKind>::deserialize::__FieldVisitor as errors::_::_serde::de::Visitor<'de>>::visit_bytes::bb124,canon-utils/analysis/src/types.rs,21,41
724,BASIC_BLOCK,<types::_::<impl errors::_::_serde::Deserialize<'de> for types::EdgeKind>::deserialize::__FieldVisitor as errors::_::_serde::de::Visitor<'de>>::visit_bytes::bb125,canon-utils/analysis/src/types.rs,21,41
725,BASIC_BLOCK,<types::_::<impl errors::_::_serde::Deserialize<'de> for types::EdgeKind>::deserialize::__FieldVisitor as errors::_::_serde::de::Visitor<'de>>::visit_bytes::bb126,canon-utils/analysis/src/types.rs,21,41
726,BASIC_BLOCK,<types::_::<impl errors::_::_serde::Deserialize<'de> for types::EdgeKind>::deserialize::__FieldVisitor as errors::_::_serde::de::Visitor<'de>>::visit_bytes::bb127,canon-utils/analysis/src/types.rs,21,41
727,BASIC_BLOCK,<types::_::<impl errors::_::_serde::Deserialize<'de> for types::EdgeKind>::deserialize::__FieldVisitor as errors::_::_serde::de::Visitor<'de>>::visit_bytes::bb128,canon-utils/analysis/src/types.rs,21,41
728,BASIC_BLOCK,<types::_::<impl errors::_::_serde::Deserialize<'de> for types::EdgeKind>::deserialize::__FieldVisitor as errors::_::_serde::de::Visitor<'de>>::visit_bytes::bb129,canon-utils/analysis/src/types.rs,21,41
729,BASIC_BLOCK,<types::_::<impl errors::_::_serde::Deserialize<'de> for types::EdgeKind>::deserialize::__FieldVisitor as errors::_::_serde::de::Visitor<'de>>::visit_bytes::bb13,canon-utils/analysis/src/types.rs,21,41
730,BASIC_BLOCK,<types::_::<impl errors::_::_serde::Deserialize<'de> for types::EdgeKind>::deserialize::__FieldVisitor as errors::_::_serde::de::Visitor<'de>>::visit_bytes::bb130,canon-utils/analysis/src/types.rs,21,41
731,BASIC_BLOCK,<types::_::<impl errors::_::_serde::Deserialize<'de> for types::EdgeKind>::deserialize::__FieldVisitor as errors::_::_serde::de::Visitor<'de>>::visit_bytes::bb131,canon-utils/analysis/src/types.rs,21,41
732,BASIC_BLOCK,<types::_::<impl errors::_::_serde::Deserialize<'de> for types::EdgeKind>::deserialize::__FieldVisitor as errors::_::_serde::de::Visitor<'de>>::visit_bytes::bb132,canon-utils/analysis/src/types.rs,21,41
733,BASIC_BLOCK,<types::_::<impl errors::_::_serde::Deserialize<'de> for types::EdgeKind>::deserialize::__FieldVisitor as errors::_::_serde::de::Visitor<'de>>::visit_bytes::bb133,canon-utils/analysis/src/types.rs,21,41
734,BASIC_BLOCK,<types::_::<impl errors::_::_serde::Deserialize<'de> for types::EdgeKind>::deserialize::__FieldVisitor as errors::_::_serde::de::Visitor<'de>>::visit_bytes::bb134,canon-utils/analysis/src/types.rs,21,41
735,BASIC_BLOCK,<types::_::<impl errors::_::_serde::Deserialize<'de> for types::EdgeKind>::deserialize::__FieldVisitor as errors::_::_serde::de::Visitor<'de>>::visit_bytes::bb135,canon-utils/analysis/src/types.rs,21,41
736,BASIC_BLOCK,<types::_::<impl errors::_::_serde::Deserialize<'de> for types::EdgeKind>::deserialize::__FieldVisitor as errors::_::_serde::de::Visitor<'de>>::visit_bytes::bb136,canon-utils/analysis/src/types.rs,21,41
737,BASIC_BLOCK,<types::_::<impl errors::_::_serde::Deserialize<'de> for types::EdgeKind>::deserialize::__FieldVisitor as errors::_::_serde::de::Visitor<'de>>::visit_bytes::bb137,canon-utils/analysis/src/types.rs,21,51
738,BASIC_BLOCK,<types::_::<impl errors::_::_serde::Deserialize<'de> for types::EdgeKind>::deserialize::__FieldVisitor as errors::_::_serde::de::Visitor<'de>>::visit_bytes::bb138,canon-utils/analysis/src/types.rs,21,51
739,BASIC_BLOCK,<types::_::<impl errors::_::_serde::Deserialize<'de> for types::EdgeKind>::deserialize::__FieldVisitor as errors::_::_serde::de::Visitor<'de>>::visit_bytes::bb139,canon-utils/analysis/src/types.rs,21,51
740,BASIC_BLOCK,<types::_::<impl errors::_::_serde::Deserialize<'de> for types::EdgeKind>::deserialize::__FieldVisitor as errors::_::_serde::de::Visitor<'de>>::visit_bytes::bb14,canon-utils/analysis/src/types.rs,21,41
741,BASIC_BLOCK,<types::_::<impl errors::_::_serde::Deserialize<'de> for types::EdgeKind>::deserialize::__FieldVisitor as errors::_::_serde::de::Visitor<'de>>::visit_bytes::bb140,canon-utils/analysis/src/types.rs,21,51
742,BASIC_BLOCK,<types::_::<impl errors::_::_serde::Deserialize<'de> for types::EdgeKind>::deserialize::__FieldVisitor as errors::_::_serde::de::Visitor<'de>>::visit_bytes::bb141,canon-utils/analysis/src/types.rs,21,51
743,BASIC_BLOCK,<types::_::<impl errors::_::_serde::Deserialize<'de> for types::EdgeKind>::deserialize::__FieldVisitor as errors::_::_serde::de::Visitor<'de>>::visit_bytes::bb142,canon-utils/analysis/src/types.rs,21,51
744,BASIC_BLOCK,<types::_::<impl errors::_::_serde::Deserialize<'de> for types::EdgeKind>::deserialize::__FieldVisitor as errors::_::_serde::de::Visitor<'de>>::visit_bytes::bb143,canon-utils/analysis/src/types.rs,21,51
745,BASIC_BLOCK,<types::_::<impl errors::_::_serde::Deserialize<'de> for types::EdgeKind>::deserialize::__FieldVisitor as errors::_::_serde::de::Visitor<'de>>::visit_bytes::bb144,canon-utils/analysis/src/types.rs,21,51
746,BASIC_BLOCK,<types::_::<impl errors::_::_serde::Deserialize<'de> for types::EdgeKind>::deserialize::__FieldVisitor as errors::_::_serde::de::Visitor<'de>>::visit_bytes::bb145,canon-utils/analysis/src/types.rs,21,51
747,BASIC_BLOCK,<types::_::<impl errors::_::_serde::Deserialize<'de> for types::EdgeKind>::deserialize::__FieldVisitor as errors::_::_serde::de::Visitor<'de>>::visit_bytes::bb146,canon-utils/analysis/src/types.rs,21,51
748,BASIC_BLOCK,<types::_::<impl errors::_::_serde::Deserialize<'de> for types::EdgeKind>::deserialize::__FieldVisitor as errors::_::_serde::de::Visitor<'de>>::visit_bytes::bb147,canon-utils/analysis/src/types.rs,21,51
749,BASIC_BLOCK,<types::_::<impl errors::_::_serde::Deserialize<'de> for types::EdgeKind>::deserialize::__FieldVisitor as errors::_::_serde::de::Visitor<'de>>::visit_bytes::bb148,canon-utils/analysis/src/types.rs,21,51
750,BASIC_BLOCK,<types::_::<impl errors::_::_serde::Deserialize<'de> for types::EdgeKind>::deserialize::__FieldVisitor as errors::_::_serde::de::Visitor<'de>>::visit_bytes::bb149,canon-utils/analysis/src/types.rs,21,51
751,BASIC_BLOCK,<types::_::<impl errors::_::_serde::Deserialize<'de> for types::EdgeKind>::deserialize::__FieldVisitor as errors::_::_serde::de::Visitor<'de>>::visit_bytes::bb15,canon-utils/analysis/src/types.rs,21,41
752,BASIC_BLOCK,<types::_::<impl errors::_::_serde::Deserialize<'de> for types::EdgeKind>::deserialize::__FieldVisitor as errors::_::_serde::de::Visitor<'de>>::visit_bytes::bb150,canon-utils/analysis/src/types.rs,21,51
753,BASIC_BLOCK,<types::_::<impl errors::_::_serde::Deserialize<'de> for types::EdgeKind>::deserialize::__FieldVisitor as errors::_::_serde::de::Visitor<'de>>::visit_bytes::bb151,canon-utils/analysis/src/types.rs,21,51
754,BASIC_BLOCK,<types::_::<impl errors::_::_serde::Deserialize<'de> for types::EdgeKind>::deserialize::__FieldVisitor as errors::_::_serde::de::Visitor<'de>>::visit_bytes::bb152,canon-utils/analysis/src/types.rs,21,51
755,BASIC_BLOCK,<types::_::<impl errors::_::_serde::Deserialize<'de> for types::EdgeKind>::deserialize::__FieldVisitor as errors::_::_serde::de::Visitor<'de>>::visit_bytes::bb153,canon-utils/analysis/src/types.rs,21,51
756,BASIC_BLOCK,<types::_::<impl errors::_::_serde::Deserialize<'de> for types::EdgeKind>::deserialize::__FieldVisitor as errors::_::_serde::de::Visitor<'de>>::visit_bytes::bb154,canon-utils/analysis/src/types.rs,21,51
757,BASIC_BLOCK,<types::_::<impl errors::_::_serde::Deserialize<'de> for types::EdgeKind>::deserialize::__FieldVisitor as errors::_::_serde::de::Visitor<'de>>::visit_bytes::bb155,canon-utils/analysis/src/types.rs,21,41
758,CALL_SITE,<types::_::<impl errors::_::_serde::Deserialize<'de> for types::EdgeKind>::deserialize::__FieldVisitor as errors::_::_serde::de::Visitor<'de>>::visit_bytes::bb155::call1,canon-utils/analysis/src/types.rs,21,41
759,BASIC_BLOCK,<types::_::<impl errors::_::_serde::Deserialize<'de> for types::EdgeKind>::deserialize::__FieldVisitor as errors::_::_serde::de::Visitor<'de>>::visit_bytes::bb156,canon-utils/analysis/src/types.rs,21,41
760,CALL_SITE,<types::_::<impl errors::_::_serde::Deserialize<'de> for types::EdgeKind>::deserialize::__FieldVisitor as errors::_::_serde::de::Visitor<'de>>::visit_bytes::bb156::call2,canon-utils/analysis/src/types.rs,21,41
761,BASIC_BLOCK,<types::_::<impl errors::_::_serde::Deserialize<'de> for types::EdgeKind>::deserialize::__FieldVisitor as errors::_::_serde::de::Visitor<'de>>::visit_bytes::bb157,canon-utils/analysis/src/types.rs,21,51
762,BASIC_BLOCK,<types::_::<impl errors::_::_serde::Deserialize<'de> for types::EdgeKind>::deserialize::__FieldVisitor as errors::_::_serde::de::Visitor<'de>>::visit_bytes::bb158,canon-utils/analysis/src/types.rs,21,52
763,BASIC_BLOCK,<types::_::<impl errors::_::_serde::Deserialize<'de> for types::EdgeKind>::deserialize::__FieldVisitor as errors::_::_serde::de::Visitor<'de>>::visit_bytes::bb159,canon-utils/analysis/src/types.rs,21,51
764,BASIC_BLOCK,<types::_::<impl errors::_::_serde::Deserialize<'de> for types::EdgeKind>::deserialize::__FieldVisitor as errors::_::_serde::de::Visitor<'de>>::visit_bytes::bb16,canon-utils/analysis/src/types.rs,21,41
765,BASIC_BLOCK,<types::_::<impl errors::_::_serde::Deserialize<'de> for types::EdgeKind>::deserialize::__FieldVisitor as errors::_::_serde::de::Visitor<'de>>::visit_bytes::bb160,canon-utils/analysis/src/types.rs,21,41
766,BASIC_BLOCK,<types::_::<impl errors::_::_serde::Deserialize<'de> for types::EdgeKind>::deserialize::__FieldVisitor as errors::_::_serde::de::Visitor<'de>>::visit_bytes::bb17,canon-utils/analysis/src/types.rs,21,41
767,BASIC_BLOCK,<types::_::<impl errors::_::_serde::Deserialize<'de> for types::EdgeKind>::deserialize::__FieldVisitor as errors::_::_serde::de::Visitor<'de>>::visit_bytes::bb18,canon-utils/analysis/src/types.rs,21,41
768,BASIC_BLOCK,<types::_::<impl errors::_::_serde::Deserialize<'de> for types::EdgeKind>::deserialize::__FieldVisitor as errors::_::_serde::de::Visitor<'de>>::visit_bytes::bb19,canon-utils/analysis/src/types.rs,21,41
769,CALL_SITE,<types::_::<impl errors::_::_serde::Deserialize<'de> for types::EdgeKind>::deserialize::__FieldVisitor as errors::_::_serde::de::Visitor<'de>>::visit_bytes::bb1::call0,canon-utils/analysis/src/types.rs,21,41
770,BASIC_BLOCK,<types::_::<impl errors::_::_serde::Deserialize<'de> for types::EdgeKind>::deserialize::__FieldVisitor as errors::_::_serde::de::Visitor<'de>>::visit_bytes::bb2,canon-utils/analysis/src/types.rs,21,41
771,BASIC_BLOCK,<types::_::<impl errors::_::_serde::Deserialize<'de> for types::EdgeKind>::deserialize::__FieldVisitor as errors::_::_serde::de::Visitor<'de>>::visit_bytes::bb20,canon-utils/analysis/src/types.rs,21,41
772,BASIC_BLOCK,<types::_::<impl errors::_::_serde::Deserialize<'de> for types::EdgeKind>::deserialize::__FieldVisitor as errors::_::_serde::de::Visitor<'de>>::visit_bytes::bb21,canon-utils/analysis/src/types.rs,21,41
773,BASIC_BLOCK,<types::_::<impl errors::_::_serde::Deserialize<'de> for types::EdgeKind>::deserialize::__FieldVisitor as errors::_::_serde::de::Visitor<'de>>::visit_bytes::bb22,canon-utils/analysis/src/types.rs,21,41
774,BASIC_BLOCK,<types::_::<impl errors::_::_serde::Deserialize<'de> for types::EdgeKind>::deserialize::__FieldVisitor as errors::_::_serde::de::Visitor<'de>>::visit_bytes::bb23,canon-utils/analysis/src/types.rs,21,41
775,BASIC_BLOCK,<types::_::<impl errors::_::_serde::Deserialize<'de> for types::EdgeKind>::deserialize::__FieldVisitor as errors::_::_serde::de::Visitor<'de>>::visit_bytes::bb24,canon-utils/analysis/src/types.rs,21,41
776,BASIC_BLOCK,<types::_::<impl errors::_::_serde::Deserialize<'de> for types::EdgeKind>::deserialize::__FieldVisitor as errors::_::_serde::de::Visitor<'de>>::visit_bytes::bb25,canon-utils/analysis/src/types.rs,21,41
777,BASIC_BLOCK,<types::_::<impl errors::_::_serde::Deserialize<'de> for types::EdgeKind>::deserialize::__FieldVisitor as errors::_::_serde::de::Visitor<'de>>::visit_bytes::bb26,canon-utils/analysis/src/types.rs,21,41
778,BASIC_BLOCK,<types::_::<impl errors::_::_serde::Deserialize<'de> for types::EdgeKind>::deserialize::__FieldVisitor as errors::_::_serde::de::Visitor<'de>>::visit_bytes::bb27,canon-utils/analysis/src/types.rs,21,41
779,BASIC_BLOCK,<types::_::<impl errors::_::_serde::Deserialize<'de> for types::EdgeKind>::deserialize::__FieldVisitor as errors::_::_serde::de::Visitor<'de>>::visit_bytes::bb28,canon-utils/analysis/src/types.rs,21,41
780,BASIC_BLOCK,<types::_::<impl errors::_::_serde::Deserialize<'de> for types::EdgeKind>::deserialize::__FieldVisitor as errors::_::_serde::de::Visitor<'de>>::visit_bytes::bb29,canon-utils/analysis/src/types.rs,21,41
781,BASIC_BLOCK,<types::_::<impl errors::_::_serde::Deserialize<'de> for types::EdgeKind>::deserialize::__FieldVisitor as errors::_::_serde::de::Visitor<'de>>::visit_bytes::bb3,canon-utils/analysis/src/types.rs,21,41
782,BASIC_BLOCK,<types::_::<impl errors::_::_serde::Deserialize<'de> for types::EdgeKind>::deserialize::__FieldVisitor as errors::_::_serde::de::Visitor<'de>>::visit_bytes::bb30,canon-utils/analysis/src/types.rs,21,41
783,BASIC_BLOCK,<types::_::<impl errors::_::_serde::Deserialize<'de> for types::EdgeKind>::deserialize::__FieldVisitor as errors::_::_serde::de::Visitor<'de>>::visit_bytes::bb31,canon-utils/analysis/src/types.rs,21,41
784,BASIC_BLOCK,<types::_::<impl errors::_::_serde::Deserialize<'de> for types::EdgeKind>::deserialize::__FieldVisitor as errors::_::_serde::de::Visitor<'de>>::visit_bytes::bb32,canon-utils/analysis/src/types.rs,21,41
785,BASIC_BLOCK,<types::_::<impl errors::_::_serde::Deserialize<'de> for types::EdgeKind>::deserialize::__FieldVisitor as errors::_::_serde::de::Visitor<'de>>::visit_bytes::bb33,canon-utils/analysis/src/types.rs,21,41
786,BASIC_BLOCK,<types::_::<impl errors::_::_serde::Deserialize<'de> for types::EdgeKind>::deserialize::__FieldVisitor as errors::_::_serde::de::Visitor<'de>>::visit_bytes::bb34,canon-utils/analysis/src/types.rs,21,41
787,BASIC_BLOCK,<types::_::<impl errors::_::_serde::Deserialize<'de> for types::EdgeKind>::deserialize::__FieldVisitor as errors::_::_serde::de::Visitor<'de>>::visit_bytes::bb35,canon-utils/analysis/src/types.rs,21,41
788,BASIC_BLOCK,<types::_::<impl errors::_::_serde::Deserialize<'de> for types::EdgeKind>::deserialize::__FieldVisitor as errors::_::_serde::de::Visitor<'de>>::visit_bytes::bb36,canon-utils/analysis/src/types.rs,21,41
789,BASIC_BLOCK,<types::_::<impl errors::_::_serde::Deserialize<'de> for types::EdgeKind>::deserialize::__FieldVisitor as errors::_::_serde::de::Visitor<'de>>::visit_bytes::bb37,canon-utils/analysis/src/types.rs,21,41
790,BASIC_BLOCK,<types::_::<impl errors::_::_serde::Deserialize<'de> for types::EdgeKind>::deserialize::__FieldVisitor as errors::_::_serde::de::Visitor<'de>>::visit_bytes::bb38,canon-utils/analysis/src/types.rs,21,41
791,BASIC_BLOCK,<types::_::<impl errors::_::_serde::Deserialize<'de> for types::EdgeKind>::deserialize::__FieldVisitor as errors::_::_serde::de::Visitor<'de>>::visit_bytes::bb39,canon-utils/analysis/src/types.rs,21,41
792,BASIC_BLOCK,<types::_::<impl errors::_::_serde::Deserialize<'de> for types::EdgeKind>::deserialize::__FieldVisitor as errors::_::_serde::de::Visitor<'de>>::visit_bytes::bb4,canon-utils/analysis/src/types.rs,21,41
793,BASIC_BLOCK,<types::_::<impl errors::_::_serde::Deserialize<'de> for types::EdgeKind>::deserialize::__FieldVisitor as errors::_::_serde::de::Visitor<'de>>::visit_bytes::bb40,canon-utils/analysis/src/types.rs,21,41
794,BASIC_BLOCK,<types::_::<impl errors::_::_serde::Deserialize<'de> for types::EdgeKind>::deserialize::__FieldVisitor as errors::_::_serde::de::Visitor<'de>>::visit_bytes::bb41,canon-utils/analysis/src/types.rs,21,41
795,BASIC_BLOCK,<types::_::<impl errors::_::_serde::Deserialize<'de> for types::EdgeKind>::deserialize::__FieldVisitor as errors::_::_serde::de::Visitor<'de>>::visit_bytes::bb42,canon-utils/analysis/src/types.rs,21,41
796,BASIC_BLOCK,<types::_::<impl errors::_::_serde::Deserialize<'de> for types::EdgeKind>::deserialize::__FieldVisitor as errors::_::_serde::de::Visitor<'de>>::visit_bytes::bb43,canon-utils/analysis/src/types.rs,21,41
797,BASIC_BLOCK,<types::_::<impl errors::_::_serde::Deserialize<'de> for types::EdgeKind>::deserialize::__FieldVisitor as errors::_::_serde::de::Visitor<'de>>::visit_bytes::bb44,canon-utils/analysis/src/types.rs,21,41
798,BASIC_BLOCK,<types::_::<impl errors::_::_serde::Deserialize<'de> for types::EdgeKind>::deserialize::__FieldVisitor as errors::_::_serde::de::Visitor<'de>>::visit_bytes::bb45,canon-utils/analysis/src/types.rs,21,41
799,BASIC_BLOCK,<types::_::<impl errors::_::_serde::Deserialize<'de> for types::EdgeKind>::deserialize::__FieldVisitor as errors::_::_serde::de::Visitor<'de>>::visit_bytes::bb46,canon-utils/analysis/src/types.rs,21,41
800,BASIC_BLOCK,<types::_::<impl errors::_::_serde::Deserialize<'de> for types::EdgeKind>::deserialize::__FieldVisitor as errors::_::_serde::de::Visitor<'de>>::visit_bytes::bb47,canon-utils/analysis/src/types.rs,21,41
801,BASIC_BLOCK,<types::_::<impl errors::_::_serde::Deserialize<'de> for types::EdgeKind>::deserialize::__FieldVisitor as errors::_::_serde::de::Visitor<'de>>::visit_bytes::bb48,canon-utils/analysis/src/types.rs,21,41
802,BASIC_BLOCK,<types::_::<impl errors::_::_serde::Deserialize<'de> for types::EdgeKind>::deserialize::__FieldVisitor as errors::_::_serde::de::Visitor<'de>>::visit_bytes::bb49,canon-utils/analysis/src/types.rs,21,41
803,BASIC_BLOCK,<types::_::<impl errors::_::_serde::Deserialize<'de> for types::EdgeKind>::deserialize::__FieldVisitor as errors::_::_serde::de::Visitor<'de>>::visit_bytes::bb5,canon-utils/analysis/src/types.rs,21,41
804,BASIC_BLOCK,<types::_::<impl errors::_::_serde::Deserialize<'de> for types::EdgeKind>::deserialize::__FieldVisitor as errors::_::_serde::de::Visitor<'de>>::visit_bytes::bb50,canon-utils/analysis/src/types.rs,21,41
805,BASIC_BLOCK,<types::_::<impl errors::_::_serde::Deserialize<'de> for types::EdgeKind>::deserialize::__FieldVisitor as errors::_::_serde::de::Visitor<'de>>::visit_bytes::bb51,canon-utils/analysis/src/types.rs,21,41
806,BASIC_BLOCK,<types::_::<impl errors::_::_serde::Deserialize<'de> for types::EdgeKind>::deserialize::__FieldVisitor as errors::_::_serde::de::Visitor<'de>>::visit_bytes::bb52,canon-utils/analysis/src/types.rs,21,41
807,BASIC_BLOCK,<types::_::<impl errors::_::_serde::Deserialize<'de> for types::EdgeKind>::deserialize::__FieldVisitor as errors::_::_serde::de::Visitor<'de>>::visit_bytes::bb53,canon-utils/analysis/src/types.rs,21,41
808,BASIC_BLOCK,<types::_::<impl errors::_::_serde::Deserialize<'de> for types::EdgeKind>::deserialize::__FieldVisitor as errors::_::_serde::de::Visitor<'de>>::visit_bytes::bb54,canon-utils/analysis/src/types.rs,21,41
809,BASIC_BLOCK,<types::_::<impl errors::_::_serde::Deserialize<'de> for types::EdgeKind>::deserialize::__FieldVisitor as errors::_::_serde::de::Visitor<'de>>::visit_bytes::bb55,canon-utils/analysis/src/types.rs,21,41
810,BASIC_BLOCK,<types::_::<impl errors::_::_serde::Deserialize<'de> for types::EdgeKind>::deserialize::__FieldVisitor as errors::_::_serde::de::Visitor<'de>>::visit_bytes::bb56,canon-utils/analysis/src/types.rs,21,41
811,BASIC_BLOCK,<types::_::<impl errors::_::_serde::Deserialize<'de> for types::EdgeKind>::deserialize::__FieldVisitor as errors::_::_serde::de::Visitor<'de>>::visit_bytes::bb57,canon-utils/analysis/src/types.rs,21,41
812,BASIC_BLOCK,<types::_::<impl errors::_::_serde::Deserialize<'de> for types::EdgeKind>::deserialize::__FieldVisitor as errors::_::_serde::de::Visitor<'de>>::visit_bytes::bb58,canon-utils/analysis/src/types.rs,21,41
813,BASIC_BLOCK,<types::_::<impl errors::_::_serde::Deserialize<'de> for types::EdgeKind>::deserialize::__FieldVisitor as errors::_::_serde::de::Visitor<'de>>::visit_bytes::bb59,canon-utils/analysis/src/types.rs,21,41
814,BASIC_BLOCK,<types::_::<impl errors::_::_serde::Deserialize<'de> for types::EdgeKind>::deserialize::__FieldVisitor as errors::_::_serde::de::Visitor<'de>>::visit_bytes::bb6,canon-utils/analysis/src/types.rs,21,41
815,BASIC_BLOCK,<types::_::<impl errors::_::_serde::Deserialize<'de> for types::EdgeKind>::deserialize::__FieldVisitor as errors::_::_serde::de::Visitor<'de>>::visit_bytes::bb60,canon-utils/analysis/src/types.rs,21,41
816,BASIC_BLOCK,<types::_::<impl errors::_::_serde::Deserialize<'de> for types::EdgeKind>::deserialize::__FieldVisitor as errors::_::_serde::de::Visitor<'de>>::visit_bytes::bb61,canon-utils/analysis/src/types.rs,21,41
817,BASIC_BLOCK,<types::_::<impl errors::_::_serde::Deserialize<'de> for types::EdgeKind>::deserialize::__FieldVisitor as errors::_::_serde::de::Visitor<'de>>::visit_bytes::bb62,canon-utils/analysis/src/types.rs,21,41
818,BASIC_BLOCK,<types::_::<impl errors::_::_serde::Deserialize<'de> for types::EdgeKind>::deserialize::__FieldVisitor as errors::_::_serde::de::Visitor<'de>>::visit_bytes::bb63,canon-utils/analysis/src/types.rs,21,41
819,BASIC_BLOCK,<types::_::<impl errors::_::_serde::Deserialize<'de> for types::EdgeKind>::deserialize::__FieldVisitor as errors::_::_serde::de::Visitor<'de>>::visit_bytes::bb64,canon-utils/analysis/src/types.rs,21,41
820,BASIC_BLOCK,<types::_::<impl errors::_::_serde::Deserialize<'de> for types::EdgeKind>::deserialize::__FieldVisitor as errors::_::_serde::de::Visitor<'de>>::visit_bytes::bb65,canon-utils/analysis/src/types.rs,21,41
821,BASIC_BLOCK,<types::_::<impl errors::_::_serde::Deserialize<'de> for types::EdgeKind>::deserialize::__FieldVisitor as errors::_::_serde::de::Visitor<'de>>::visit_bytes::bb66,canon-utils/analysis/src/types.rs,21,41
822,BASIC_BLOCK,<types::_::<impl errors::_::_serde::Deserialize<'de> for types::EdgeKind>::deserialize::__FieldVisitor as errors::_::_serde::de::Visitor<'de>>::visit_bytes::bb67,canon-utils/analysis/src/types.rs,21,41
823,BASIC_BLOCK,<types::_::<impl errors::_::_serde::Deserialize<'de> for types::EdgeKind>::deserialize::__FieldVisitor as errors::_::_serde::de::Visitor<'de>>::visit_bytes::bb68,canon-utils/analysis/src/types.rs,21,41
824,BASIC_BLOCK,<types::_::<impl errors::_::_serde::Deserialize<'de> for types::EdgeKind>::deserialize::__FieldVisitor as errors::_::_serde::de::Visitor<'de>>::visit_bytes::bb69,canon-utils/analysis/src/types.rs,21,41
825,BASIC_BLOCK,<types::_::<impl errors::_::_serde::Deserialize<'de> for types::EdgeKind>::deserialize::__FieldVisitor as errors::_::_serde::de::Visitor<'de>>::visit_bytes::bb7,canon-utils/analysis/src/types.rs,21,41
826,BASIC_BLOCK,<types::_::<impl errors::_::_serde::Deserialize<'de> for types::EdgeKind>::deserialize::__FieldVisitor as errors::_::_serde::de::Visitor<'de>>::visit_bytes::bb70,canon-utils/analysis/src/types.rs,21,41
827,BASIC_BLOCK,<types::_::<impl errors::_::_serde::Deserialize<'de> for types::EdgeKind>::deserialize::__FieldVisitor as errors::_::_serde::de::Visitor<'de>>::visit_bytes::bb71,canon-utils/analysis/src/types.rs,21,41
828,BASIC_BLOCK,<types::_::<impl errors::_::_serde::Deserialize<'de> for types::EdgeKind>::deserialize::__FieldVisitor as errors::_::_serde::de::Visitor<'de>>::visit_bytes::bb72,canon-utils/analysis/src/types.rs,21,41
829,BASIC_BLOCK,<types::_::<impl errors::_::_serde::Deserialize<'de> for types::EdgeKind>::deserialize::__FieldVisitor as errors::_::_serde::de::Visitor<'de>>::visit_bytes::bb73,canon-utils/analysis/src/types.rs,21,41
830,BASIC_BLOCK,<types::_::<impl errors::_::_serde::Deserialize<'de> for types::EdgeKind>::deserialize::__FieldVisitor as errors::_::_serde::de::Visitor<'de>>::visit_bytes::bb74,canon-utils/analysis/src/types.rs,21,41
831,BASIC_BLOCK,<types::_::<impl errors::_::_serde::Deserialize<'de> for types::EdgeKind>::deserialize::__FieldVisitor as errors::_::_serde::de::Visitor<'de>>::visit_bytes::bb75,canon-utils/analysis/src/types.rs,21,41
832,BASIC_BLOCK,<types::_::<impl errors::_::_serde::Deserialize<'de> for types::EdgeKind>::deserialize::__FieldVisitor as errors::_::_serde::de::Visitor<'de>>::visit_bytes::bb76,canon-utils/analysis/src/types.rs,21,41
833,BASIC_BLOCK,<types::_::<impl errors::_::_serde::Deserialize<'de> for types::EdgeKind>::deserialize::__FieldVisitor as errors::_::_serde::de::Visitor<'de>>::visit_bytes::bb77,canon-utils/analysis/src/types.rs,21,41
834,BASIC_BLOCK,<types::_::<impl errors::_::_serde::Deserialize<'de> for types::EdgeKind>::deserialize::__FieldVisitor as errors::_::_serde::de::Visitor<'de>>::visit_bytes::bb78,canon-utils/analysis/src/types.rs,21,41
835,BASIC_BLOCK,<types::_::<impl errors::_::_serde::Deserialize<'de> for types::EdgeKind>::deserialize::__FieldVisitor as errors::_::_serde::de::Visitor<'de>>::visit_bytes::bb79,canon-utils/analysis/src/types.rs,21,41
836,BASIC_BLOCK,<types::_::<impl errors::_::_serde::Deserialize<'de> for types::EdgeKind>::deserialize::__FieldVisitor as errors::_::_serde::de::Visitor<'de>>::visit_bytes::bb8,canon-utils/analysis/src/types.rs,21,41
837,BASIC_BLOCK,<types::_::<impl errors::_::_serde::Deserialize<'de> for types::EdgeKind>::deserialize::__FieldVisitor as errors::_::_serde::de::Visitor<'de>>::visit_bytes::bb80,canon-utils/analysis/src/types.rs,21,41
838,BASIC_BLOCK,<types::_::<impl errors::_::_serde::Deserialize<'de> for types::EdgeKind>::deserialize::__FieldVisitor as errors::_::_serde::de::Visitor<'de>>::visit_bytes::bb81,canon-utils/analysis/src/types.rs,21,41
839,BASIC_BLOCK,<types::_::<impl errors::_::_serde::Deserialize<'de> for types::EdgeKind>::deserialize::__FieldVisitor as errors::_::_serde::de::Visitor<'de>>::visit_bytes::bb82,canon-utils/analysis/src/types.rs,21,41
840,BASIC_BLOCK,<types::_::<impl errors::_::_serde::Deserialize<'de> for types::EdgeKind>::deserialize::__FieldVisitor as errors::_::_serde::de::Visitor<'de>>::visit_bytes::bb83,canon-utils/analysis/src/types.rs,21,41
841,BASIC_BLOCK,<types::_::<impl errors::_::_serde::Deserialize<'de> for types::EdgeKind>::deserialize::__FieldVisitor as errors::_::_serde::de::Visitor<'de>>::visit_bytes::bb84,canon-utils/analysis/src/types.rs,21,41
842,BASIC_BLOCK,<types::_::<impl errors::_::_serde::Deserialize<'de> for types::EdgeKind>::deserialize::__FieldVisitor as errors::_::_serde::de::Visitor<'de>>::visit_bytes::bb85,canon-utils/analysis/src/types.rs,21,41
843,BASIC_BLOCK,<types::_::<impl errors::_::_serde::Deserialize<'de> for types::EdgeKind>::deserialize::__FieldVisitor as errors::_::_serde::de::Visitor<'de>>::visit_bytes::bb86,canon-utils/analysis/src/types.rs,21,41
844,BASIC_BLOCK,<types::_::<impl errors::_::_serde::Deserialize<'de> for types::EdgeKind>::deserialize::__FieldVisitor as errors::_::_serde::de::Visitor<'de>>::visit_bytes::bb87,canon-utils/analysis/src/types.rs,21,41
845,BASIC_BLOCK,<types::_::<impl errors::_::_serde::Deserialize<'de> for types::EdgeKind>::deserialize::__FieldVisitor as errors::_::_serde::de::Visitor<'de>>::visit_bytes::bb88,canon-utils/analysis/src/types.rs,21,41
846,BASIC_BLOCK,<types::_::<impl errors::_::_serde::Deserialize<'de> for types::EdgeKind>::deserialize::__FieldVisitor as errors::_::_serde::de::Visitor<'de>>::visit_bytes::bb89,canon-utils/analysis/src/types.rs,21,41
847,BASIC_BLOCK,<types::_::<impl errors::_::_serde::Deserialize<'de> for types::EdgeKind>::deserialize::__FieldVisitor as errors::_::_serde::de::Visitor<'de>>::visit_bytes::bb9,canon-utils/analysis/src/types.rs,21,41
848,BASIC_BLOCK,<types::_::<impl errors::_::_serde::Deserialize<'de> for types::EdgeKind>::deserialize::__FieldVisitor as errors::_::_serde::de::Visitor<'de>>::visit_bytes::bb90,canon-utils/analysis/src/types.rs,21,41
849,BASIC_BLOCK,<types::_::<impl errors::_::_serde::Deserialize<'de> for types::EdgeKind>::deserialize::__FieldVisitor as errors::_::_serde::de::Visitor<'de>>::visit_bytes::bb91,canon-utils/analysis/src/types.rs,21,41
850,BASIC_BLOCK,<types::_::<impl errors::_::_serde::Deserialize<'de> for types::EdgeKind>::deserialize::__FieldVisitor as errors::_::_serde::de::Visitor<'de>>::visit_bytes::bb92,canon-utils/analysis/src/types.rs,21,41
851,BASIC_BLOCK,<types::_::<impl errors::_::_serde::Deserialize<'de> for types::EdgeKind>::deserialize::__FieldVisitor as errors::_::_serde::de::Visitor<'de>>::visit_bytes::bb93,canon-utils/analysis/src/types.rs,21,41
852,BASIC_BLOCK,<types::_::<impl errors::_::_serde::Deserialize<'de> for types::EdgeKind>::deserialize::__FieldVisitor as errors::_::_serde::de::Visitor<'de>>::visit_bytes::bb94,canon-utils/analysis/src/types.rs,21,41
853,BASIC_BLOCK,<types::_::<impl errors::_::_serde::Deserialize<'de> for types::EdgeKind>::deserialize::__FieldVisitor as errors::_::_serde::de::Visitor<'de>>::visit_bytes::bb95,canon-utils/analysis/src/types.rs,21,41
854,BASIC_BLOCK,<types::_::<impl errors::_::_serde::Deserialize<'de> for types::EdgeKind>::deserialize::__FieldVisitor as errors::_::_serde::de::Visitor<'de>>::visit_bytes::bb96,canon-utils/analysis/src/types.rs,21,41
855,BASIC_BLOCK,<types::_::<impl errors::_::_serde::Deserialize<'de> for types::EdgeKind>::deserialize::__FieldVisitor as errors::_::_serde::de::Visitor<'de>>::visit_bytes::bb97,canon-utils/analysis/src/types.rs,21,41
856,BASIC_BLOCK,<types::_::<impl errors::_::_serde::Deserialize<'de> for types::EdgeKind>::deserialize::__FieldVisitor as errors::_::_serde::de::Visitor<'de>>::visit_bytes::bb98,canon-utils/analysis/src/types.rs,21,41
857,BASIC_BLOCK,<types::_::<impl errors::_::_serde::Deserialize<'de> for types::EdgeKind>::deserialize::__FieldVisitor as errors::_::_serde::de::Visitor<'de>>::visit_bytes::bb99,canon-utils/analysis/src/types.rs,21,41
858,METHOD,<types::_::<impl errors::_::_serde::Deserialize<'de> for types::EdgeKind>::deserialize::__FieldVisitor as errors::_::_serde::de::Visitor<'de>>::visit_bytes::fn,canon-utils/analysis/src/types.rs,21,41
859,PARAM,<types::_::<impl errors::_::_serde::Deserialize<'de> for types::EdgeKind>::deserialize::__FieldVisitor as errors::_::_serde::de::Visitor<'de>>::visit_bytes::param0,canon-utils/analysis/src/types.rs,21,41
860,PARAM,<types::_::<impl errors::_::_serde::Deserialize<'de> for types::EdgeKind>::deserialize::__FieldVisitor as errors::_::_serde::de::Visitor<'de>>::visit_bytes::param1,canon-utils/analysis/src/types.rs,21,41
861,BASIC_BLOCK,<types::_::<impl errors::_::_serde::Deserialize<'de> for types::EdgeKind>::deserialize::__FieldVisitor as errors::_::_serde::de::Visitor<'de>>::visit_str::bb0,canon-utils/analysis/src/types.rs,23,5
862,CALL_SITE,<types::_::<impl errors::_::_serde::Deserialize<'de> for types::EdgeKind>::deserialize::__FieldVisitor as errors::_::_serde::de::Visitor<'de>>::visit_str::bb0::call0,canon-utils/analysis/src/types.rs,23,5
863,BASIC_BLOCK,<types::_::<impl errors::_::_serde::Deserialize<'de> for types::EdgeKind>::deserialize::__FieldVisitor as errors::_::_serde::de::Visitor<'de>>::visit_str::bb1,canon-utils/analysis/src/types.rs,21,41
864,BASIC_BLOCK,<types::_::<impl errors::_::_serde::Deserialize<'de> for types::EdgeKind>::deserialize::__FieldVisitor as errors::_::_serde::de::Visitor<'de>>::visit_str::bb10,canon-utils/analysis/src/types.rs,21,51
865,BASIC_BLOCK,<types::_::<impl errors::_::_serde::Deserialize<'de> for types::EdgeKind>::deserialize::__FieldVisitor as errors::_::_serde::de::Visitor<'de>>::visit_str::bb11,canon-utils/analysis/src/types.rs,28,5
866,CALL_SITE,<types::_::<impl errors::_::_serde::Deserialize<'de> for types::EdgeKind>::deserialize::__FieldVisitor as errors::_::_serde::de::Visitor<'de>>::visit_str::bb11::call6,canon-utils/analysis/src/types.rs,28,5
867,BASIC_BLOCK,<types::_::<impl errors::_::_serde::Deserialize<'de> for types::EdgeKind>::deserialize::__FieldVisitor as errors::_::_serde::de::Visitor<'de>>::visit_str::bb12,canon-utils/analysis/src/types.rs,21,51
868,BASIC_BLOCK,<types::_::<impl errors::_::_serde::Deserialize<'de> for types::EdgeKind>::deserialize::__FieldVisitor as errors::_::_serde::de::Visitor<'de>>::visit_str::bb13,canon-utils/analysis/src/types.rs,29,5
869,CALL_SITE,<types::_::<impl errors::_::_serde::Deserialize<'de> for types::EdgeKind>::deserialize::__FieldVisitor as errors::_::_serde::de::Visitor<'de>>::visit_str::bb13::call7,canon-utils/analysis/src/types.rs,29,5
870,BASIC_BLOCK,<types::_::<impl errors::_::_serde::Deserialize<'de> for types::EdgeKind>::deserialize::__FieldVisitor as errors::_::_serde::de::Visitor<'de>>::visit_str::bb14,canon-utils/analysis/src/types.rs,21,51
871,BASIC_BLOCK,<types::_::<impl errors::_::_serde::Deserialize<'de> for types::EdgeKind>::deserialize::__FieldVisitor as errors::_::_serde::de::Visitor<'de>>::visit_str::bb15,canon-utils/analysis/src/types.rs,30,5
872,CALL_SITE,<types::_::<impl errors::_::_serde::Deserialize<'de> for types::EdgeKind>::deserialize::__FieldVisitor as errors::_::_serde::de::Visitor<'de>>::visit_str::bb15::call8,canon-utils/analysis/src/types.rs,30,5
873,BASIC_BLOCK,<types::_::<impl errors::_::_serde::Deserialize<'de> for types::EdgeKind>::deserialize::__FieldVisitor as errors::_::_serde::de::Visitor<'de>>::visit_str::bb16,canon-utils/analysis/src/types.rs,21,51
874,BASIC_BLOCK,<types::_::<impl errors::_::_serde::Deserialize<'de> for types::EdgeKind>::deserialize::__FieldVisitor as errors::_::_serde::de::Visitor<'de>>::visit_str::bb17,canon-utils/analysis/src/types.rs,31,5
875,CALL_SITE,<types::_::<impl errors::_::_serde::Deserialize<'de> for types::EdgeKind>::deserialize::__FieldVisitor as errors::_::_serde::de::Visitor<'de>>::visit_str::bb17::call9,canon-utils/analysis/src/types.rs,31,5
876,BASIC_BLOCK,<types::_::<impl errors::_::_serde::Deserialize<'de> for types::EdgeKind>::deserialize::__FieldVisitor as errors::_::_serde::de::Visitor<'de>>::visit_str::bb18,canon-utils/analysis/src/types.rs,21,51
877,BASIC_BLOCK,<types::_::<impl errors::_::_serde::Deserialize<'de> for types::EdgeKind>::deserialize::__FieldVisitor as errors::_::_serde::de::Visitor<'de>>::visit_str::bb19,canon-utils/analysis/src/types.rs,32,5
878,CALL_SITE,<types::_::<impl errors::_::_serde::Deserialize<'de> for types::EdgeKind>::deserialize::__FieldVisitor as errors::_::_serde::de::Visitor<'de>>::visit_str::bb19::call10,canon-utils/analysis/src/types.rs,32,5
879,CALL_SITE,<types::_::<impl errors::_::_serde::Deserialize<'de> for types::EdgeKind>::deserialize::__FieldVisitor as errors::_::_serde::de::Visitor<'de>>::visit_str::bb1::call1,canon-utils/analysis/src/types.rs,21,41
880,BASIC_BLOCK,<types::_::<impl errors::_::_serde::Deserialize<'de> for types::EdgeKind>::deserialize::__FieldVisitor as errors::_::_serde::de::Visitor<'de>>::visit_str::bb2,canon-utils/analysis/src/types.rs,21,51
881,BASIC_BLOCK,<types::_::<impl errors::_::_serde::Deserialize<'de> for types::EdgeKind>::deserialize::__FieldVisitor as errors::_::_serde::de::Visitor<'de>>::visit_str::bb20,canon-utils/analysis/src/types.rs,21,51
882,BASIC_BLOCK,<types::_::<impl errors::_::_serde::Deserialize<'de> for types::EdgeKind>::deserialize::__FieldVisitor as errors::_::_serde::de::Visitor<'de>>::visit_str::bb21,canon-utils/analysis/src/types.rs,33,5
883,CALL_SITE,<types::_::<impl errors::_::_serde::Deserialize<'de> for types::EdgeKind>::deserialize::__FieldVisitor as errors::_::_serde::de::Visitor<'de>>::visit_str::bb21::call11,canon-utils/analysis/src/types.rs,33,5
884,BASIC_BLOCK,<types::_::<impl errors::_::_serde::Deserialize<'de> for types::EdgeKind>::deserialize::__FieldVisitor as errors::_::_serde::de::Visitor<'de>>::visit_str::bb22,canon-utils/analysis/src/types.rs,21,51
885,BASIC_BLOCK,<types::_::<impl errors::_::_serde::Deserialize<'de> for types::EdgeKind>::deserialize::__FieldVisitor as errors::_::_serde::de::Visitor<'de>>::visit_str::bb23,canon-utils/analysis/src/types.rs,34,5
886,CALL_SITE,<types::_::<impl errors::_::_serde::Deserialize<'de> for types::EdgeKind>::deserialize::__FieldVisitor as errors::_::_serde::de::Visitor<'de>>::visit_str::bb23::call12,canon-utils/analysis/src/types.rs,34,5
887,BASIC_BLOCK,<types::_::<impl errors::_::_serde::Deserialize<'de> for types::EdgeKind>::deserialize::__FieldVisitor as errors::_::_serde::de::Visitor<'de>>::visit_str::bb24,canon-utils/analysis/src/types.rs,21,51
888,BASIC_BLOCK,<types::_::<impl errors::_::_serde::Deserialize<'de> for types::EdgeKind>::deserialize::__FieldVisitor as errors::_::_serde::de::Visitor<'de>>::visit_str::bb25,canon-utils/analysis/src/types.rs,35,5
889,CALL_SITE,<types::_::<impl errors::_::_serde::Deserialize<'de> for types::EdgeKind>::deserialize::__FieldVisitor as errors::_::_serde::de::Visitor<'de>>::visit_str::bb25::call13,canon-utils/analysis/src/types.rs,35,5
890,BASIC_BLOCK,<types::_::<impl errors::_::_serde::Deserialize<'de> for types::EdgeKind>::deserialize::__FieldVisitor as errors::_::_serde::de::Visitor<'de>>::visit_str::bb26,canon-utils/analysis/src/types.rs,21,51
891,BASIC_BLOCK,<types::_::<impl errors::_::_serde::Deserialize<'de> for types::EdgeKind>::deserialize::__FieldVisitor as errors::_::_serde::de::Visitor<'de>>::visit_str::bb27,canon-utils/analysis/src/types.rs,36,5
892,CALL_SITE,<types::_::<impl errors::_::_serde::Deserialize<'de> for types::EdgeKind>::deserialize::__FieldVisitor as errors::_::_serde::de::Visitor<'de>>::visit_str::bb27::call14,canon-utils/analysis/src/types.rs,36,5
893,BASIC_BLOCK,<types::_::<impl errors::_::_serde::Deserialize<'de> for types::EdgeKind>::deserialize::__FieldVisitor as errors::_::_serde::de::Visitor<'de>>::visit_str::bb28,canon-utils/analysis/src/types.rs,21,51
894,BASIC_BLOCK,<types::_::<impl errors::_::_serde::Deserialize<'de> for types::EdgeKind>::deserialize::__FieldVisitor as errors::_::_serde::de::Visitor<'de>>::visit_str::bb29,canon-utils/analysis/src/types.rs,37,5
895,CALL_SITE,<types::_::<impl errors::_::_serde::Deserialize<'de> for types::EdgeKind>::deserialize::__FieldVisitor as errors::_::_serde::de::Visitor<'de>>::visit_str::bb29::call15,canon-utils/analysis/src/types.rs,37,5
896,BASIC_BLOCK,<types::_::<impl errors::_::_serde::Deserialize<'de> for types::EdgeKind>::deserialize::__FieldVisitor as errors::_::_serde::de::Visitor<'de>>::visit_str::bb3,canon-utils/analysis/src/types.rs,24,5
897,BASIC_BLOCK,<types::_::<impl errors::_::_serde::Deserialize<'de> for types::EdgeKind>::deserialize::__FieldVisitor as errors::_::_serde::de::Visitor<'de>>::visit_str::bb30,canon-utils/analysis/src/types.rs,21,51
898,BASIC_BLOCK,<types::_::<impl errors::_::_serde::Deserialize<'de> for types::EdgeKind>::deserialize::__FieldVisitor as errors::_::_serde::de::Visitor<'de>>::visit_str::bb31,canon-utils/analysis/src/types.rs,38,5
899,CALL_SITE,<types::_::<impl errors::_::_serde::Deserialize<'de> for types::EdgeKind>::deserialize::__FieldVisitor as errors::_::_serde::de::Visitor<'de>>::visit_str::bb31::call16,canon-utils/analysis/src/types.rs,38,5
900,BASIC_BLOCK,<types::_::<impl errors::_::_serde::Deserialize<'de> for types::EdgeKind>::deserialize::__FieldVisitor as errors::_::_serde::de::Visitor<'de>>::visit_str::bb32,canon-utils/analysis/src/types.rs,21,51
901,BASIC_BLOCK,<types::_::<impl errors::_::_serde::Deserialize<'de> for types::EdgeKind>::deserialize::__FieldVisitor as errors::_::_serde::de::Visitor<'de>>::visit_str::bb33,canon-utils/analysis/src/types.rs,39,5
902,CALL_SITE,<types::_::<impl errors::_::_serde::Deserialize<'de> for types::EdgeKind>::deserialize::__FieldVisitor as errors::_::_serde::de::Visitor<'de>>::visit_str::bb33::call17,canon-utils/analysis/src/types.rs,39,5
903,BASIC_BLOCK,<types::_::<impl errors::_::_serde::Deserialize<'de> for types::EdgeKind>::deserialize::__FieldVisitor as errors::_::_serde::de::Visitor<'de>>::visit_str::bb34,canon-utils/analysis/src/types.rs,21,51
904,BASIC_BLOCK,<types::_::<impl errors::_::_serde::Deserialize<'de> for types::EdgeKind>::deserialize::__FieldVisitor as errors::_::_serde::de::Visitor<'de>>::visit_str::bb35,canon-utils/analysis/src/types.rs,40,5
905,CALL_SITE,<types::_::<impl errors::_::_serde::Deserialize<'de> for types::EdgeKind>::deserialize::__FieldVisitor as errors::_::_serde::de::Visitor<'de>>::visit_str::bb35::call18,canon-utils/analysis/src/types.rs,40,5
906,BASIC_BLOCK,<types::_::<impl errors::_::_serde::Deserialize<'de> for types::EdgeKind>::deserialize::__FieldVisitor as errors::_::_serde::de::Visitor<'de>>::visit_str::bb36,canon-utils/analysis/src/types.rs,21,51
907,BASIC_BLOCK,<types::_::<impl errors::_::_serde::Deserialize<'de> for types::EdgeKind>::deserialize::__FieldVisitor as errors::_::_serde::de::Visitor<'de>>::visit_str::bb37,canon-utils/analysis/src/types.rs,40,5
908,BASIC_BLOCK,<types::_::<impl errors::_::_serde::Deserialize<'de> for types::EdgeKind>::deserialize::__FieldVisitor as errors::_::_serde::de::Visitor<'de>>::visit_str::bb38,canon-utils/analysis/src/types.rs,39,5
909,BASIC_BLOCK,<types::_::<impl errors::_::_serde::Deserialize<'de> for types::EdgeKind>::deserialize::__FieldVisitor as errors::_::_serde::de::Visitor<'de>>::visit_str::bb39,canon-utils/analysis/src/types.rs,38,5
910,CALL_SITE,<types::_::<impl errors::_::_serde::Deserialize<'de> for types::EdgeKind>::deserialize::__FieldVisitor as errors::_::_serde::de::Visitor<'de>>::visit_str::bb3::call2,canon-utils/analysis/src/types.rs,24,5
911,BASIC_BLOCK,<types::_::<impl errors::_::_serde::Deserialize<'de> for types::EdgeKind>::deserialize::__FieldVisitor as errors::_::_serde::de::Visitor<'de>>::visit_str::bb4,canon-utils/analysis/src/types.rs,21,51
912,BASIC_BLOCK,<types::_::<impl errors::_::_serde::Deserialize<'de> for types::EdgeKind>::deserialize::__FieldVisitor as errors::_::_serde::de::Visitor<'de>>::visit_str::bb40,canon-utils/analysis/src/types.rs,37,5
913,BASIC_BLOCK,<types::_::<impl errors::_::_serde::Deserialize<'de> for types::EdgeKind>::deserialize::__FieldVisitor as errors::_::_serde::de::Visitor<'de>>::visit_str::bb41,canon-utils/analysis/src/types.rs,36,5
914,BASIC_BLOCK,<types::_::<impl errors::_::_serde::Deserialize<'de> for types::EdgeKind>::deserialize::__FieldVisitor as errors::_::_serde::de::Visitor<'de>>::visit_str::bb42,canon-utils/analysis/src/types.rs,35,5
915,BASIC_BLOCK,<types::_::<impl errors::_::_serde::Deserialize<'de> for types::EdgeKind>::deserialize::__FieldVisitor as errors::_::_serde::de::Visitor<'de>>::visit_str::bb43,canon-utils/analysis/src/types.rs,34,5
916,BASIC_BLOCK,<types::_::<impl errors::_::_serde::Deserialize<'de> for types::EdgeKind>::deserialize::__FieldVisitor as errors::_::_serde::de::Visitor<'de>>::visit_str::bb44,canon-utils/analysis/src/types.rs,33,5
917,BASIC_BLOCK,<types::_::<impl errors::_::_serde::Deserialize<'de> for types::EdgeKind>::deserialize::__FieldVisitor as errors::_::_serde::de::Visitor<'de>>::visit_str::bb45,canon-utils/analysis/src/types.rs,32,5
918,BASIC_BLOCK,<types::_::<impl errors::_::_serde::Deserialize<'de> for types::EdgeKind>::deserialize::__FieldVisitor as errors::_::_serde::de::Visitor<'de>>::visit_str::bb46,canon-utils/analysis/src/types.rs,31,5
919,BASIC_BLOCK,<types::_::<impl errors::_::_serde::Deserialize<'de> for types::EdgeKind>::deserialize::__FieldVisitor as errors::_::_serde::de::Visitor<'de>>::visit_str::bb47,canon-utils/analysis/src/types.rs,30,5
920,BASIC_BLOCK,<types::_::<impl errors::_::_serde::Deserialize<'de> for types::EdgeKind>::deserialize::__FieldVisitor as errors::_::_serde::de::Visitor<'de>>::visit_str::bb48,canon-utils/analysis/src/types.rs,29,5
921,BASIC_BLOCK,<types::_::<impl errors::_::_serde::Deserialize<'de> for types::EdgeKind>::deserialize::__FieldVisitor as errors::_::_serde::de::Visitor<'de>>::visit_str::bb49,canon-utils/analysis/src/types.rs,28,5
922,BASIC_BLOCK,<types::_::<impl errors::_::_serde::Deserialize<'de> for types::EdgeKind>::deserialize::__FieldVisitor as errors::_::_serde::de::Visitor<'de>>::visit_str::bb5,canon-utils/analysis/src/types.rs,25,5
923,BASIC_BLOCK,<types::_::<impl errors::_::_serde::Deserialize<'de> for types::EdgeKind>::deserialize::__FieldVisitor as errors::_::_serde::de::Visitor<'de>>::visit_str::bb50,canon-utils/analysis/src/types.rs,27,5
924,BASIC_BLOCK,<types::_::<impl errors::_::_serde::Deserialize<'de> for types::EdgeKind>::deserialize::__FieldVisitor as errors::_::_serde::de::Visitor<'de>>::visit_str::bb51,canon-utils/analysis/src/types.rs,26,5
925,BASIC_BLOCK,<types::_::<impl errors::_::_serde::Deserialize<'de> for types::EdgeKind>::deserialize::__FieldVisitor as errors::_::_serde::de::Visitor<'de>>::visit_str::bb52,canon-utils/analysis/src/types.rs,25,5
926,BASIC_BLOCK,<types::_::<impl errors::_::_serde::Deserialize<'de> for types::EdgeKind>::deserialize::__FieldVisitor as errors::_::_serde::de::Visitor<'de>>::visit_str::bb53,canon-utils/analysis/src/types.rs,24,5
927,BASIC_BLOCK,<types::_::<impl errors::_::_serde::Deserialize<'de> for types::EdgeKind>::deserialize::__FieldVisitor as errors::_::_serde::de::Visitor<'de>>::visit_str::bb54,canon-utils/analysis/src/types.rs,23,5
928,BASIC_BLOCK,<types::_::<impl errors::_::_serde::Deserialize<'de> for types::EdgeKind>::deserialize::__FieldVisitor as errors::_::_serde::de::Visitor<'de>>::visit_str::bb55,canon-utils/analysis/src/types.rs,21,51
929,BASIC_BLOCK,<types::_::<impl errors::_::_serde::Deserialize<'de> for types::EdgeKind>::deserialize::__FieldVisitor as errors::_::_serde::de::Visitor<'de>>::visit_str::bb56,canon-utils/analysis/src/types.rs,21,52
930,CALL_SITE,<types::_::<impl errors::_::_serde::Deserialize<'de> for types::EdgeKind>::deserialize::__FieldVisitor as errors::_::_serde::de::Visitor<'de>>::visit_str::bb5::call3,canon-utils/analysis/src/types.rs,25,5
931,BASIC_BLOCK,<types::_::<impl errors::_::_serde::Deserialize<'de> for types::EdgeKind>::deserialize::__FieldVisitor as errors::_::_serde::de::Visitor<'de>>::visit_str::bb6,canon-utils/analysis/src/types.rs,21,51
932,BASIC_BLOCK,<types::_::<impl errors::_::_serde::Deserialize<'de> for types::EdgeKind>::deserialize::__FieldVisitor as errors::_::_serde::de::Visitor<'de>>::visit_str::bb7,canon-utils/analysis/src/types.rs,26,5
933,CALL_SITE,<types::_::<impl errors::_::_serde::Deserialize<'de> for types::EdgeKind>::deserialize::__FieldVisitor as errors::_::_serde::de::Visitor<'de>>::visit_str::bb7::call4,canon-utils/analysis/src/types.rs,26,5
934,BASIC_BLOCK,<types::_::<impl errors::_::_serde::Deserialize<'de> for types::EdgeKind>::deserialize::__FieldVisitor as errors::_::_serde::de::Visitor<'de>>::visit_str::bb8,canon-utils/analysis/src/types.rs,21,51
935,BASIC_BLOCK,<types::_::<impl errors::_::_serde::Deserialize<'de> for types::EdgeKind>::deserialize::__FieldVisitor as errors::_::_serde::de::Visitor<'de>>::visit_str::bb9,canon-utils/analysis/src/types.rs,27,5
936,CALL_SITE,<types::_::<impl errors::_::_serde::Deserialize<'de> for types::EdgeKind>::deserialize::__FieldVisitor as errors::_::_serde::de::Visitor<'de>>::visit_str::bb9::call5,canon-utils/analysis/src/types.rs,27,5
937,METHOD,<types::_::<impl errors::_::_serde::Deserialize<'de> for types::EdgeKind>::deserialize::__FieldVisitor as errors::_::_serde::de::Visitor<'de>>::visit_str::fn,canon-utils/analysis/src/types.rs,21,41
938,PARAM,<types::_::<impl errors::_::_serde::Deserialize<'de> for types::EdgeKind>::deserialize::__FieldVisitor as errors::_::_serde::de::Visitor<'de>>::visit_str::param0,canon-utils/analysis/src/types.rs,21,41
939,PARAM,<types::_::<impl errors::_::_serde::Deserialize<'de> for types::EdgeKind>::deserialize::__FieldVisitor as errors::_::_serde::de::Visitor<'de>>::visit_str::param1,canon-utils/analysis/src/types.rs,21,41
940,BASIC_BLOCK,<types::_::<impl errors::_::_serde::Deserialize<'de> for types::EdgeKind>::deserialize::__FieldVisitor as errors::_::_serde::de::Visitor<'de>>::visit_u64::bb0,canon-utils/analysis/src/types.rs,21,41
941,BASIC_BLOCK,<types::_::<impl errors::_::_serde::Deserialize<'de> for types::EdgeKind>::deserialize::__FieldVisitor as errors::_::_serde::de::Visitor<'de>>::visit_u64::bb1,canon-utils/analysis/src/types.rs,21,41
942,BASIC_BLOCK,<types::_::<impl errors::_::_serde::Deserialize<'de> for types::EdgeKind>::deserialize::__FieldVisitor as errors::_::_serde::de::Visitor<'de>>::visit_u64::bb10,canon-utils/analysis/src/types.rs,21,51
943,BASIC_BLOCK,<types::_::<impl errors::_::_serde::Deserialize<'de> for types::EdgeKind>::deserialize::__FieldVisitor as errors::_::_serde::de::Visitor<'de>>::visit_u64::bb11,canon-utils/analysis/src/types.rs,21,51
944,BASIC_BLOCK,<types::_::<impl errors::_::_serde::Deserialize<'de> for types::EdgeKind>::deserialize::__FieldVisitor as errors::_::_serde::de::Visitor<'de>>::visit_u64::bb12,canon-utils/analysis/src/types.rs,21,51
945,BASIC_BLOCK,<types::_::<impl errors::_::_serde::Deserialize<'de> for types::EdgeKind>::deserialize::__FieldVisitor as errors::_::_serde::de::Visitor<'de>>::visit_u64::bb13,canon-utils/analysis/src/types.rs,21,51
946,BASIC_BLOCK,<types::_::<impl errors::_::_serde::Deserialize<'de> for types::EdgeKind>::deserialize::__FieldVisitor as errors::_::_serde::de::Visitor<'de>>::visit_u64::bb14,canon-utils/analysis/src/types.rs,21,51
947,BASIC_BLOCK,<types::_::<impl errors::_::_serde::Deserialize<'de> for types::EdgeKind>::deserialize::__FieldVisitor as errors::_::_serde::de::Visitor<'de>>::visit_u64::bb15,canon-utils/analysis/src/types.rs,21,51
948,BASIC_BLOCK,<types::_::<impl errors::_::_serde::Deserialize<'de> for types::EdgeKind>::deserialize::__FieldVisitor as errors::_::_serde::de::Visitor<'de>>::visit_u64::bb16,canon-utils/analysis/src/types.rs,21,51
949,BASIC_BLOCK,<types::_::<impl errors::_::_serde::Deserialize<'de> for types::EdgeKind>::deserialize::__FieldVisitor as errors::_::_serde::de::Visitor<'de>>::visit_u64::bb17,canon-utils/analysis/src/types.rs,21,51
950,BASIC_BLOCK,<types::_::<impl errors::_::_serde::Deserialize<'de> for types::EdgeKind>::deserialize::__FieldVisitor as errors::_::_serde::de::Visitor<'de>>::visit_u64::bb18,canon-utils/analysis/src/types.rs,21,51
951,BASIC_BLOCK,<types::_::<impl errors::_::_serde::Deserialize<'de> for types::EdgeKind>::deserialize::__FieldVisitor as errors::_::_serde::de::Visitor<'de>>::visit_u64::bb19,canon-utils/analysis/src/types.rs,21,51
952,CALL_SITE,<types::_::<impl errors::_::_serde::Deserialize<'de> for types::EdgeKind>::deserialize::__FieldVisitor as errors::_::_serde::de::Visitor<'de>>::visit_u64::bb1::call0,canon-utils/analysis/src/types.rs,21,41
953,BASIC_BLOCK,<types::_::<impl errors::_::_serde::Deserialize<'de> for types::EdgeKind>::deserialize::__FieldVisitor as errors::_::_serde::de::Visitor<'de>>::visit_u64::bb2,canon-utils/analysis/src/types.rs,21,51
954,BASIC_BLOCK,<types::_::<impl errors::_::_serde::Deserialize<'de> for types::EdgeKind>::deserialize::__FieldVisitor as errors::_::_serde::de::Visitor<'de>>::visit_u64::bb20,canon-utils/analysis/src/types.rs,21,51
955,BASIC_BLOCK,<types::_::<impl errors::_::_serde::Deserialize<'de> for types::EdgeKind>::deserialize::__FieldVisitor as errors::_::_serde::de::Visitor<'de>>::visit_u64::bb21,canon-utils/analysis/src/types.rs,21,52
956,BASIC_BLOCK,<types::_::<impl errors::_::_serde::Deserialize<'de> for types::EdgeKind>::deserialize::__FieldVisitor as errors::_::_serde::de::Visitor<'de>>::visit_u64::bb3,canon-utils/analysis/src/types.rs,21,51
957,BASIC_BLOCK,<types::_::<impl errors::_::_serde::Deserialize<'de> for types::EdgeKind>::deserialize::__FieldVisitor as errors::_::_serde::de::Visitor<'de>>::visit_u64::bb4,canon-utils/analysis/src/types.rs,21,51
958,BASIC_BLOCK,<types::_::<impl errors::_::_serde::Deserialize<'de> for types::EdgeKind>::deserialize::__FieldVisitor as errors::_::_serde::de::Visitor<'de>>::visit_u64::bb5,canon-utils/analysis/src/types.rs,21,51
959,BASIC_BLOCK,<types::_::<impl errors::_::_serde::Deserialize<'de> for types::EdgeKind>::deserialize::__FieldVisitor as errors::_::_serde::de::Visitor<'de>>::visit_u64::bb6,canon-utils/analysis/src/types.rs,21,51
960,BASIC_BLOCK,<types::_::<impl errors::_::_serde::Deserialize<'de> for types::EdgeKind>::deserialize::__FieldVisitor as errors::_::_serde::de::Visitor<'de>>::visit_u64::bb7,canon-utils/analysis/src/types.rs,21,51
961,BASIC_BLOCK,<types::_::<impl errors::_::_serde::Deserialize<'de> for types::EdgeKind>::deserialize::__FieldVisitor as errors::_::_serde::de::Visitor<'de>>::visit_u64::bb8,canon-utils/analysis/src/types.rs,21,51
962,BASIC_BLOCK,<types::_::<impl errors::_::_serde::Deserialize<'de> for types::EdgeKind>::deserialize::__FieldVisitor as errors::_::_serde::de::Visitor<'de>>::visit_u64::bb9,canon-utils/analysis/src/types.rs,21,51
963,METHOD,<types::_::<impl errors::_::_serde::Deserialize<'de> for types::EdgeKind>::deserialize::__FieldVisitor as errors::_::_serde::de::Visitor<'de>>::visit_u64::fn,canon-utils/analysis/src/types.rs,21,41
964,PARAM,<types::_::<impl errors::_::_serde::Deserialize<'de> for types::EdgeKind>::deserialize::__FieldVisitor as errors::_::_serde::de::Visitor<'de>>::visit_u64::param0,canon-utils/analysis/src/types.rs,21,41
965,PARAM,<types::_::<impl errors::_::_serde::Deserialize<'de> for types::EdgeKind>::deserialize::__FieldVisitor as errors::_::_serde::de::Visitor<'de>>::visit_u64::param1,canon-utils/analysis/src/types.rs,21,41
966,BASIC_BLOCK,<types::_::<impl errors::_::_serde::Deserialize<'de> for types::EdgeKind>::deserialize::__Visitor<'de> as errors::_::_serde::de::Visitor<'de>>::expecting::bb0,canon-utils/analysis/src/types.rs,21,41
967,CALL_SITE,<types::_::<impl errors::_::_serde::Deserialize<'de> for types::EdgeKind>::deserialize::__Visitor<'de> as errors::_::_serde::de::Visitor<'de>>::expecting::bb0::call0,canon-utils/analysis/src/types.rs,21,41
968,BASIC_BLOCK,<types::_::<impl errors::_::_serde::Deserialize<'de> for types::EdgeKind>::deserialize::__Visitor<'de> as errors::_::_serde::de::Visitor<'de>>::expecting::bb1,canon-utils/analysis/src/types.rs,21,52
969,METHOD,<types::_::<impl errors::_::_serde::Deserialize<'de> for types::EdgeKind>::deserialize::__Visitor<'de> as errors::_::_serde::de::Visitor<'de>>::expecting::fn,canon-utils/analysis/src/types.rs,21,41
970,PARAM,<types::_::<impl errors::_::_serde::Deserialize<'de> for types::EdgeKind>::deserialize::__Visitor<'de> as errors::_::_serde::de::Visitor<'de>>::expecting::param0,canon-utils/analysis/src/types.rs,21,41
971,PARAM,<types::_::<impl errors::_::_serde::Deserialize<'de> for types::EdgeKind>::deserialize::__Visitor<'de> as errors::_::_serde::de::Visitor<'de>>::expecting::param1,canon-utils/analysis/src/types.rs,21,41
972,BASIC_BLOCK,<types::_::<impl errors::_::_serde::Deserialize<'de> for types::EdgeKind>::deserialize::__Visitor<'de> as errors::_::_serde::de::Visitor<'de>>::visit_enum::bb0,canon-utils/analysis/src/types.rs,21,41
973,CALL_SITE,<types::_::<impl errors::_::_serde::Deserialize<'de> for types::EdgeKind>::deserialize::__Visitor<'de> as errors::_::_serde::de::Visitor<'de>>::visit_enum::bb0::call0,canon-utils/analysis/src/types.rs,21,41
974,BASIC_BLOCK,<types::_::<impl errors::_::_serde::Deserialize<'de> for types::EdgeKind>::deserialize::__Visitor<'de> as errors::_::_serde::de::Visitor<'de>>::visit_enum::bb1,canon-utils/analysis/src/types.rs,21,41
975,BASIC_BLOCK,<types::_::<impl errors::_::_serde::Deserialize<'de> for types::EdgeKind>::deserialize::__Visitor<'de> as errors::_::_serde::de::Visitor<'de>>::visit_enum::bb10,canon-utils/analysis/src/types.rs,21,41
976,CALL_SITE,<types::_::<impl errors::_::_serde::Deserialize<'de> for types::EdgeKind>::deserialize::__Visitor<'de> as errors::_::_serde::de::Visitor<'de>>::visit_enum::bb10::call7,canon-utils/analysis/src/types.rs,21,41
977,BASIC_BLOCK,<types::_::<impl errors::_::_serde::Deserialize<'de> for types::EdgeKind>::deserialize::__Visitor<'de> as errors::_::_serde::de::Visitor<'de>>::visit_enum::bb11,canon-utils/analysis/src/types.rs,21,41
978,CALL_SITE,<types::_::<impl errors::_::_serde::Deserialize<'de> for types::EdgeKind>::deserialize::__Visitor<'de> as errors::_::_serde::de::Visitor<'de>>::visit_enum::bb11::call8,canon-utils/analysis/src/types.rs,21,41
979,BASIC_BLOCK,<types::_::<impl errors::_::_serde::Deserialize<'de> for types::EdgeKind>::deserialize::__Visitor<'de> as errors::_::_serde::de::Visitor<'de>>::visit_enum::bb12,canon-utils/analysis/src/types.rs,21,41
980,CALL_SITE,<types::_::<impl errors::_::_serde::Deserialize<'de> for types::EdgeKind>::deserialize::__Visitor<'de> as errors::_::_serde::de::Visitor<'de>>::visit_enum::bb12::call9,canon-utils/analysis/src/types.rs,21,41
981,BASIC_BLOCK,<types::_::<impl errors::_::_serde::Deserialize<'de> for types::EdgeKind>::deserialize::__Visitor<'de> as errors::_::_serde::de::Visitor<'de>>::visit_enum::bb13,canon-utils/analysis/src/types.rs,21,41
982,CALL_SITE,<types::_::<impl errors::_::_serde::Deserialize<'de> for types::EdgeKind>::deserialize::__Visitor<'de> as errors::_::_serde::de::Visitor<'de>>::visit_enum::bb13::call10,canon-utils/analysis/src/types.rs,21,41
983,BASIC_BLOCK,<types::_::<impl errors::_::_serde::Deserialize<'de> for types::EdgeKind>::deserialize::__Visitor<'de> as errors::_::_serde::de::Visitor<'de>>::visit_enum::bb14,canon-utils/analysis/src/types.rs,21,41
984,CALL_SITE,<types::_::<impl errors::_::_serde::Deserialize<'de> for types::EdgeKind>::deserialize::__Visitor<'de> as errors::_::_serde::de::Visitor<'de>>::visit_enum::bb14::call11,canon-utils/analysis/src/types.rs,21,41
985,BASIC_BLOCK,<types::_::<impl errors::_::_serde::Deserialize<'de> for types::EdgeKind>::deserialize::__Visitor<'de> as errors::_::_serde::de::Visitor<'de>>::visit_enum::bb15,canon-utils/analysis/src/types.rs,21,41
986,CALL_SITE,<types::_::<impl errors::_::_serde::Deserialize<'de> for types::EdgeKind>::deserialize::__Visitor<'de> as errors::_::_serde::de::Visitor<'de>>::visit_enum::bb15::call12,canon-utils/analysis/src/types.rs,21,41
987,BASIC_BLOCK,<types::_::<impl errors::_::_serde::Deserialize<'de> for types::EdgeKind>::deserialize::__Visitor<'de> as errors::_::_serde::de::Visitor<'de>>::visit_enum::bb16,canon-utils/analysis/src/types.rs,21,41
988,CALL_SITE,<types::_::<impl errors::_::_serde::Deserialize<'de> for types::EdgeKind>::deserialize::__Visitor<'de> as errors::_::_serde::de::Visitor<'de>>::visit_enum::bb16::call13,canon-utils/analysis/src/types.rs,21,41
989,BASIC_BLOCK,<types::_::<impl errors::_::_serde::Deserialize<'de> for types::EdgeKind>::deserialize::__Visitor<'de> as errors::_::_serde::de::Visitor<'de>>::visit_enum::bb17,canon-utils/analysis/src/types.rs,21,41
990,CALL_SITE,<types::_::<impl errors::_::_serde::Deserialize<'de> for types::EdgeKind>::deserialize::__Visitor<'de> as errors::_::_serde::de::Visitor<'de>>::visit_enum::bb17::call14,canon-utils/analysis/src/types.rs,21,41
991,BASIC_BLOCK,<types::_::<impl errors::_::_serde::Deserialize<'de> for types::EdgeKind>::deserialize::__Visitor<'de> as errors::_::_serde::de::Visitor<'de>>::visit_enum::bb18,canon-utils/analysis/src/types.rs,21,41
992,CALL_SITE,<types::_::<impl errors::_::_serde::Deserialize<'de> for types::EdgeKind>::deserialize::__Visitor<'de> as errors::_::_serde::de::Visitor<'de>>::visit_enum::bb18::call15,canon-utils/analysis/src/types.rs,21,41
993,BASIC_BLOCK,<types::_::<impl errors::_::_serde::Deserialize<'de> for types::EdgeKind>::deserialize::__Visitor<'de> as errors::_::_serde::de::Visitor<'de>>::visit_enum::bb19,canon-utils/analysis/src/types.rs,21,41
994,CALL_SITE,<types::_::<impl errors::_::_serde::Deserialize<'de> for types::EdgeKind>::deserialize::__Visitor<'de> as errors::_::_serde::de::Visitor<'de>>::visit_enum::bb19::call16,canon-utils/analysis/src/types.rs,21,41
995,CALL_SITE,<types::_::<impl errors::_::_serde::Deserialize<'de> for types::EdgeKind>::deserialize::__Visitor<'de> as errors::_::_serde::de::Visitor<'de>>::visit_enum::bb1::call1,canon-utils/analysis/src/types.rs,21,41
996,BASIC_BLOCK,<types::_::<impl errors::_::_serde::Deserialize<'de> for types::EdgeKind>::deserialize::__Visitor<'de> as errors::_::_serde::de::Visitor<'de>>::visit_enum::bb2,canon-utils/analysis/src/types.rs,21,41
997,BASIC_BLOCK,<types::_::<impl errors::_::_serde::Deserialize<'de> for types::EdgeKind>::deserialize::__Visitor<'de> as errors::_::_serde::de::Visitor<'de>>::visit_enum::bb20,canon-utils/analysis/src/types.rs,21,41
998,CALL_SITE,<types::_::<impl errors::_::_serde::Deserialize<'de> for types::EdgeKind>::deserialize::__Visitor<'de> as errors::_::_serde::de::Visitor<'de>>::visit_enum::bb20::call17,canon-utils/analysis/src/types.rs,21,41
999,BASIC_BLOCK,<types::_::<impl errors::_::_serde::Deserialize<'de> for types::EdgeKind>::deserialize::__Visitor<'de> as errors::_::_serde::de::Visitor<'de>>::visit_enum::bb21,canon-utils/analysis/src/types.rs,21,41
1000,CALL_SITE,<types::_::<impl errors::_::_serde::Deserialize<'de> for types::EdgeKind>::deserialize::__Visitor<'de> as errors::_::_serde::de::Visitor<'de>>::visit_enum::bb21::call18,canon-utils/analysis/src/types.rs,21,41
1001,BASIC_BLOCK,<types::_::<impl errors::_::_serde::Deserialize<'de> for types::EdgeKind>::deserialize::__Visitor<'de> as errors::_::_serde::de::Visitor<'de>>::visit_enum::bb22,canon-utils/analysis/src/types.rs,21,41
1002,CALL_SITE,<types::_::<impl errors::_::_serde::Deserialize<'de> for types::EdgeKind>::deserialize::__Visitor<'de> as errors::_::_serde::de::Visitor<'de>>::visit_enum::bb22::call19,canon-utils/analysis/src/types.rs,21,41
1003,BASIC_BLOCK,<types::_::<impl errors::_::_serde::Deserialize<'de> for types::EdgeKind>::deserialize::__Visitor<'de> as errors::_::_serde::de::Visitor<'de>>::visit_enum::bb23,canon-utils/analysis/src/types.rs,21,41
1004,CALL_SITE,<types::_::<impl errors::_::_serde::Deserialize<'de> for types::EdgeKind>::deserialize::__Visitor<'de> as errors::_::_serde::de::Visitor<'de>>::visit_enum::bb23::call20,canon-utils/analysis/src/types.rs,21,41
1005,BASIC_BLOCK,<types::_::<impl errors::_::_serde::Deserialize<'de> for types::EdgeKind>::deserialize::__Visitor<'de> as errors::_::_serde::de::Visitor<'de>>::visit_enum::bb24,canon-utils/analysis/src/types.rs,21,41
1006,CALL_SITE,<types::_::<impl errors::_::_serde::Deserialize<'de> for types::EdgeKind>::deserialize::__Visitor<'de> as errors::_::_serde::de::Visitor<'de>>::visit_enum::bb24::call21,canon-utils/analysis/src/types.rs,21,41
1007,BASIC_BLOCK,<types::_::<impl errors::_::_serde::Deserialize<'de> for types::EdgeKind>::deserialize::__Visitor<'de> as errors::_::_serde::de::Visitor<'de>>::visit_enum::bb25,canon-utils/analysis/src/types.rs,21,41
1008,BASIC_BLOCK,<types::_::<impl errors::_::_serde::Deserialize<'de> for types::EdgeKind>::deserialize::__Visitor<'de> as errors::_::_serde::de::Visitor<'de>>::visit_enum::bb26,canon-utils/analysis/src/types.rs,21,51
1009,BASIC_BLOCK,<types::_::<impl errors::_::_serde::Deserialize<'de> for types::EdgeKind>::deserialize::__Visitor<'de> as errors::_::_serde::de::Visitor<'de>>::visit_enum::bb27,canon-utils/analysis/src/types.rs,21,41
1010,CALL_SITE,<types::_::<impl errors::_::_serde::Deserialize<'de> for types::EdgeKind>::deserialize::__Visitor<'de> as errors::_::_serde::de::Visitor<'de>>::visit_enum::bb27::call22,canon-utils/analysis/src/types.rs,21,41
1011,BASIC_BLOCK,<types::_::<impl errors::_::_serde::Deserialize<'de> for types::EdgeKind>::deserialize::__Visitor<'de> as errors::_::_serde::de::Visitor<'de>>::visit_enum::bb28,canon-utils/analysis/src/types.rs,21,41
1012,CALL_SITE,<types::_::<impl errors::_::_serde::Deserialize<'de> for types::EdgeKind>::deserialize::__Visitor<'de> as errors::_::_serde::de::Visitor<'de>>::visit_enum::bb28::call23,canon-utils/analysis/src/types.rs,21,41
1013,BASIC_BLOCK,<types::_::<impl errors::_::_serde::Deserialize<'de> for types::EdgeKind>::deserialize::__Visitor<'de> as errors::_::_serde::de::Visitor<'de>>::visit_enum::bb29,canon-utils/analysis/src/types.rs,21,41
1014,BASIC_BLOCK,<types::_::<impl errors::_::_serde::Deserialize<'de> for types::EdgeKind>::deserialize::__Visitor<'de> as errors::_::_serde::de::Visitor<'de>>::visit_enum::bb3,canon-utils/analysis/src/lib.rs,1,1
1015,BASIC_BLOCK,<types::_::<impl errors::_::_serde::Deserialize<'de> for types::EdgeKind>::deserialize::__Visitor<'de> as errors::_::_serde::de::Visitor<'de>>::visit_enum::bb30,canon-utils/analysis/src/types.rs,21,51
1016,BASIC_BLOCK,<types::_::<impl errors::_::_serde::Deserialize<'de> for types::EdgeKind>::deserialize::__Visitor<'de> as errors::_::_serde::de::Visitor<'de>>::visit_enum::bb31,canon-utils/analysis/src/types.rs,21,41
1017,CALL_SITE,<types::_::<impl errors::_::_serde::Deserialize<'de> for types::EdgeKind>::deserialize::__Visitor<'de> as errors::_::_serde::de::Visitor<'de>>::visit_enum::bb31::call24,canon-utils/analysis/src/types.rs,21,41
1018,BASIC_BLOCK,<types::_::<impl errors::_::_serde::Deserialize<'de> for types::EdgeKind>::deserialize::__Visitor<'de> as errors::_::_serde::de::Visitor<'de>>::visit_enum::bb32,canon-utils/analysis/src/types.rs,21,41
1019,CALL_SITE,<types::_::<impl errors::_::_serde::Deserialize<'de> for types::EdgeKind>::deserialize::__Visitor<'de> as errors::_::_serde::de::Visitor<'de>>::visit_enum::bb32::call25,canon-utils/analysis/src/types.rs,21,41
1020,BASIC_BLOCK,<types::_::<impl errors::_::_serde::Deserialize<'de> for types::EdgeKind>::deserialize::__Visitor<'de> as errors::_::_serde::de::Visitor<'de>>::visit_enum::bb33,canon-utils/analysis/src/types.rs,21,41
1021,BASIC_BLOCK,<types::_::<impl errors::_::_serde::Deserialize<'de> for types::EdgeKind>::deserialize::__Visitor<'de> as errors::_::_serde::de::Visitor<'de>>::visit_enum::bb34,canon-utils/analysis/src/types.rs,21,51
1022,BASIC_BLOCK,<types::_::<impl errors::_::_serde::Deserialize<'de> for types::EdgeKind>::deserialize::__Visitor<'de> as errors::_::_serde::de::Visitor<'de>>::visit_enum::bb35,canon-utils/analysis/src/types.rs,21,41
1023,CALL_SITE,<types::_::<impl errors::_::_serde::Deserialize<'de> for types::EdgeKind>::deserialize::__Visitor<'de> as errors::_::_serde::de::Visitor<'de>>::visit_enum::bb35::call26,canon-utils/analysis/src/types.rs,21,41
1024,BASIC_BLOCK,<types::_::<impl errors::_::_serde::Deserialize<'de> for types::EdgeKind>::deserialize::__Visitor<'de> as errors::_::_serde::de::Visitor<'de>>::visit_enum::bb36,canon-utils/analysis/src/types.rs,21,41
1025,CALL_SITE,<types::_::<impl errors::_::_serde::Deserialize<'de> for types::EdgeKind>::deserialize::__Visitor<'de> as errors::_::_serde::de::Visitor<'de>>::visit_enum::bb36::call27,canon-utils/analysis/src/types.rs,21,41
1026,BASIC_BLOCK,<types::_::<impl errors::_::_serde::Deserialize<'de> for types::EdgeKind>::deserialize::__Visitor<'de> as errors::_::_serde::de::Visitor<'de>>::visit_enum::bb37,canon-utils/analysis/src/types.rs,21,41
1027,BASIC_BLOCK,<types::_::<impl errors::_::_serde::Deserialize<'de> for types::EdgeKind>::deserialize::__Visitor<'de> as errors::_::_serde::de::Visitor<'de>>::visit_enum::bb38,canon-utils/analysis/src/types.rs,21,51
1028,BASIC_BLOCK,<types::_::<impl errors::_::_serde::Deserialize<'de> for types::EdgeKind>::deserialize::__Visitor<'de> as errors::_::_serde::de::Visitor<'de>>::visit_enum::bb39,canon-utils/analysis/src/types.rs,21,41
1029,CALL_SITE,<types::_::<impl errors::_::_serde::Deserialize<'de> for types::EdgeKind>::deserialize::__Visitor<'de> as errors::_::_serde::de::Visitor<'de>>::visit_enum::bb39::call28,canon-utils/analysis/src/types.rs,21,41
1030,BASIC_BLOCK,<types::_::<impl errors::_::_serde::Deserialize<'de> for types::EdgeKind>::deserialize::__Visitor<'de> as errors::_::_serde::de::Visitor<'de>>::visit_enum::bb4,canon-utils/analysis/src/types.rs,21,41
1031,BASIC_BLOCK,<types::_::<impl errors::_::_serde::Deserialize<'de> for types::EdgeKind>::deserialize::__Visitor<'de> as errors::_::_serde::de::Visitor<'de>>::visit_enum::bb40,canon-utils/analysis/src/types.rs,21,41
1032,CALL_SITE,<types::_::<impl errors::_::_serde::Deserialize<'de> for types::EdgeKind>::deserialize::__Visitor<'de> as errors::_::_serde::de::Visitor<'de>>::visit_enum::bb40::call29,canon-utils/analysis/src/types.rs,21,41
1033,BASIC_BLOCK,<types::_::<impl errors::_::_serde::Deserialize<'de> for types::EdgeKind>::deserialize::__Visitor<'de> as errors::_::_serde::de::Visitor<'de>>::visit_enum::bb41,canon-utils/analysis/src/types.rs,21,41
1034,BASIC_BLOCK,<types::_::<impl errors::_::_serde::Deserialize<'de> for types::EdgeKind>::deserialize::__Visitor<'de> as errors::_::_serde::de::Visitor<'de>>::visit_enum::bb42,canon-utils/analysis/src/types.rs,21,51
1035,BASIC_BLOCK,<types::_::<impl errors::_::_serde::Deserialize<'de> for types::EdgeKind>::deserialize::__Visitor<'de> as errors::_::_serde::de::Visitor<'de>>::visit_enum::bb43,canon-utils/analysis/src/types.rs,21,41
1036,CALL_SITE,<types::_::<impl errors::_::_serde::Deserialize<'de> for types::EdgeKind>::deserialize::__Visitor<'de> as errors::_::_serde::de::Visitor<'de>>::visit_enum::bb43::call30,canon-utils/analysis/src/types.rs,21,41
1037,BASIC_BLOCK,<types::_::<impl errors::_::_serde::Deserialize<'de> for types::EdgeKind>::deserialize::__Visitor<'de> as errors::_::_serde::de::Visitor<'de>>::visit_enum::bb44,canon-utils/analysis/src/types.rs,21,41
1038,CALL_SITE,<types::_::<impl errors::_::_serde::Deserialize<'de> for types::EdgeKind>::deserialize::__Visitor<'de> as errors::_::_serde::de::Visitor<'de>>::visit_enum::bb44::call31,canon-utils/analysis/src/types.rs,21,41
1039,BASIC_BLOCK,<types::_::<impl errors::_::_serde::Deserialize<'de> for types::EdgeKind>::deserialize::__Visitor<'de> as errors::_::_serde::de::Visitor<'de>>::visit_enum::bb45,canon-utils/analysis/src/types.rs,21,41
1040,BASIC_BLOCK,<types::_::<impl errors::_::_serde::Deserialize<'de> for types::EdgeKind>::deserialize::__Visitor<'de> as errors::_::_serde::de::Visitor<'de>>::visit_enum::bb46,canon-utils/analysis/src/types.rs,21,51
1041,BASIC_BLOCK,<types::_::<impl errors::_::_serde::Deserialize<'de> for types::EdgeKind>::deserialize::__Visitor<'de> as errors::_::_serde::de::Visitor<'de>>::visit_enum::bb47,canon-utils/analysis/src/types.rs,21,41
1042,CALL_SITE,<types::_::<impl errors::_::_serde::Deserialize<'de> for types::EdgeKind>::deserialize::__Visitor<'de> as errors::_::_serde::de::Visitor<'de>>::visit_enum::bb47::call32,canon-utils/analysis/src/types.rs,21,41
1043,BASIC_BLOCK,<types::_::<impl errors::_::_serde::Deserialize<'de> for types::EdgeKind>::deserialize::__Visitor<'de> as errors::_::_serde::de::Visitor<'de>>::visit_enum::bb48,canon-utils/analysis/src/types.rs,21,41
1044,CALL_SITE,<types::_::<impl errors::_::_serde::Deserialize<'de> for types::EdgeKind>::deserialize::__Visitor<'de> as errors::_::_serde::de::Visitor<'de>>::visit_enum::bb48::call33,canon-utils/analysis/src/types.rs,21,41
1045,BASIC_BLOCK,<types::_::<impl errors::_::_serde::Deserialize<'de> for types::EdgeKind>::deserialize::__Visitor<'de> as errors::_::_serde::de::Visitor<'de>>::visit_enum::bb49,canon-utils/analysis/src/types.rs,21,41
1046,BASIC_BLOCK,<types::_::<impl errors::_::_serde::Deserialize<'de> for types::EdgeKind>::deserialize::__Visitor<'de> as errors::_::_serde::de::Visitor<'de>>::visit_enum::bb5,canon-utils/analysis/src/types.rs,21,41
1047,BASIC_BLOCK,<types::_::<impl errors::_::_serde::Deserialize<'de> for types::EdgeKind>::deserialize::__Visitor<'de> as errors::_::_serde::de::Visitor<'de>>::visit_enum::bb50,canon-utils/analysis/src/types.rs,21,51
1048,BASIC_BLOCK,<types::_::<impl errors::_::_serde::Deserialize<'de> for types::EdgeKind>::deserialize::__Visitor<'de> as errors::_::_serde::de::Visitor<'de>>::visit_enum::bb51,canon-utils/analysis/src/types.rs,21,41
1049,CALL_SITE,<types::_::<impl errors::_::_serde::Deserialize<'de> for types::EdgeKind>::deserialize::__Visitor<'de> as errors::_::_serde::de::Visitor<'de>>::visit_enum::bb51::call34,canon-utils/analysis/src/types.rs,21,41
1050,BASIC_BLOCK,<types::_::<impl errors::_::_serde::Deserialize<'de> for types::EdgeKind>::deserialize::__Visitor<'de> as errors::_::_serde::de::Visitor<'de>>::visit_enum::bb52,canon-utils/analysis/src/types.rs,21,41
1051,CALL_SITE,<types::_::<impl errors::_::_serde::Deserialize<'de> for types::EdgeKind>::deserialize::__Visitor<'de> as errors::_::_serde::de::Visitor<'de>>::visit_enum::bb52::call35,canon-utils/analysis/src/types.rs,21,41
1052,BASIC_BLOCK,<types::_::<impl errors::_::_serde::Deserialize<'de> for types::EdgeKind>::deserialize::__Visitor<'de> as errors::_::_serde::de::Visitor<'de>>::visit_enum::bb53,canon-utils/analysis/src/types.rs,21,41
1053,BASIC_BLOCK,<types::_::<impl errors::_::_serde::Deserialize<'de> for types::EdgeKind>::deserialize::__Visitor<'de> as errors::_::_serde::de::Visitor<'de>>::visit_enum::bb54,canon-utils/analysis/src/types.rs,21,51
1054,BASIC_BLOCK,<types::_::<impl errors::_::_serde::Deserialize<'de> for types::EdgeKind>::deserialize::__Visitor<'de> as errors::_::_serde::de::Visitor<'de>>::visit_enum::bb55,canon-utils/analysis/src/types.rs,21,41
1055,CALL_SITE,<types::_::<impl errors::_::_serde::Deserialize<'de> for types::EdgeKind>::deserialize::__Visitor<'de> as errors::_::_serde::de::Visitor<'de>>::visit_enum::bb55::call36,canon-utils/analysis/src/types.rs,21,41
1056,BASIC_BLOCK,<types::_::<impl errors::_::_serde::Deserialize<'de> for types::EdgeKind>::deserialize::__Visitor<'de> as errors::_::_serde::de::Visitor<'de>>::visit_enum::bb56,canon-utils/analysis/src/types.rs,21,41
1057,CALL_SITE,<types::_::<impl errors::_::_serde::Deserialize<'de> for types::EdgeKind>::deserialize::__Visitor<'de> as errors::_::_serde::de::Visitor<'de>>::visit_enum::bb56::call37,canon-utils/analysis/src/types.rs,21,41
1058,BASIC_BLOCK,<types::_::<impl errors::_::_serde::Deserialize<'de> for types::EdgeKind>::deserialize::__Visitor<'de> as errors::_::_serde::de::Visitor<'de>>::visit_enum::bb57,canon-utils/analysis/src/types.rs,21,41
1059,BASIC_BLOCK,<types::_::<impl errors::_::_serde::Deserialize<'de> for types::EdgeKind>::deserialize::__Visitor<'de> as errors::_::_serde::de::Visitor<'de>>::visit_enum::bb58,canon-utils/analysis/src/types.rs,21,51
1060,BASIC_BLOCK,<types::_::<impl errors::_::_serde::Deserialize<'de> for types::EdgeKind>::deserialize::__Visitor<'de> as errors::_::_serde::de::Visitor<'de>>::visit_enum::bb59,canon-utils/analysis/src/types.rs,21,41
1061,CALL_SITE,<types::_::<impl errors::_::_serde::Deserialize<'de> for types::EdgeKind>::deserialize::__Visitor<'de> as errors::_::_serde::de::Visitor<'de>>::visit_enum::bb59::call38,canon-utils/analysis/src/types.rs,21,41
1062,CALL_SITE,<types::_::<impl errors::_::_serde::Deserialize<'de> for types::EdgeKind>::deserialize::__Visitor<'de> as errors::_::_serde::de::Visitor<'de>>::visit_enum::bb5::call2,canon-utils/analysis/src/types.rs,21,41
1063,BASIC_BLOCK,<types::_::<impl errors::_::_serde::Deserialize<'de> for types::EdgeKind>::deserialize::__Visitor<'de> as errors::_::_serde::de::Visitor<'de>>::visit_enum::bb6,canon-utils/analysis/src/types.rs,21,41
1064,BASIC_BLOCK,<types::_::<impl errors::_::_serde::Deserialize<'de> for types::EdgeKind>::deserialize::__Visitor<'de> as errors::_::_serde::de::Visitor<'de>>::visit_enum::bb60,canon-utils/analysis/src/types.rs,21,41
1065,CALL_SITE,<types::_::<impl errors::_::_serde::Deserialize<'de> for types::EdgeKind>::deserialize::__Visitor<'de> as errors::_::_serde::de::Visitor<'de>>::visit_enum::bb60::call39,canon-utils/analysis/src/types.rs,21,41
1066,BASIC_BLOCK,<types::_::<impl errors::_::_serde::Deserialize<'de> for types::EdgeKind>::deserialize::__Visitor<'de> as errors::_::_serde::de::Visitor<'de>>::visit_enum::bb61,canon-utils/analysis/src/types.rs,21,41
1067,BASIC_BLOCK,<types::_::<impl errors::_::_serde::Deserialize<'de> for types::EdgeKind>::deserialize::__Visitor<'de> as errors::_::_serde::de::Visitor<'de>>::visit_enum::bb62,canon-utils/analysis/src/types.rs,21,51
1068,BASIC_BLOCK,<types::_::<impl errors::_::_serde::Deserialize<'de> for types::EdgeKind>::deserialize::__Visitor<'de> as errors::_::_serde::de::Visitor<'de>>::visit_enum::bb63,canon-utils/analysis/src/types.rs,21,41
1069,CALL_SITE,<types::_::<impl errors::_::_serde::Deserialize<'de> for types::EdgeKind>::deserialize::__Visitor<'de> as errors::_::_serde::de::Visitor<'de>>::visit_enum::bb63::call40,canon-utils/analysis/src/types.rs,21,41
1070,BASIC_BLOCK,<types::_::<impl errors::_::_serde::Deserialize<'de> for types::EdgeKind>::deserialize::__Visitor<'de> as errors::_::_serde::de::Visitor<'de>>::visit_enum::bb64,canon-utils/analysis/src/types.rs,21,41
1071,CALL_SITE,<types::_::<impl errors::_::_serde::Deserialize<'de> for types::EdgeKind>::deserialize::__Visitor<'de> as errors::_::_serde::de::Visitor<'de>>::visit_enum::bb64::call41,canon-utils/analysis/src/types.rs,21,41
1072,BASIC_BLOCK,<types::_::<impl errors::_::_serde::Deserialize<'de> for types::EdgeKind>::deserialize::__Visitor<'de> as errors::_::_serde::de::Visitor<'de>>::visit_enum::bb65,canon-utils/analysis/src/types.rs,21,41
1073,BASIC_BLOCK,<types::_::<impl errors::_::_serde::Deserialize<'de> for types::EdgeKind>::deserialize::__Visitor<'de> as errors::_::_serde::de::Visitor<'de>>::visit_enum::bb66,canon-utils/analysis/src/types.rs,21,51
1074,BASIC_BLOCK,<types::_::<impl errors::_::_serde::Deserialize<'de> for types::EdgeKind>::deserialize::__Visitor<'de> as errors::_::_serde::de::Visitor<'de>>::visit_enum::bb67,canon-utils/analysis/src/types.rs,21,41
1075,CALL_SITE,<types::_::<impl errors::_::_serde::Deserialize<'de> for types::EdgeKind>::deserialize::__Visitor<'de> as errors::_::_serde::de::Visitor<'de>>::visit_enum::bb67::call42,canon-utils/analysis/src/types.rs,21,41
1076,BASIC_BLOCK,<types::_::<impl errors::_::_serde::Deserialize<'de> for types::EdgeKind>::deserialize::__Visitor<'de> as errors::_::_serde::de::Visitor<'de>>::visit_enum::bb68,canon-utils/analysis/src/types.rs,21,41
1077,CALL_SITE,<types::_::<impl errors::_::_serde::Deserialize<'de> for types::EdgeKind>::deserialize::__Visitor<'de> as errors::_::_serde::de::Visitor<'de>>::visit_enum::bb68::call43,canon-utils/analysis/src/types.rs,21,41
1078,BASIC_BLOCK,<types::_::<impl errors::_::_serde::Deserialize<'de> for types::EdgeKind>::deserialize::__Visitor<'de> as errors::_::_serde::de::Visitor<'de>>::visit_enum::bb69,canon-utils/analysis/src/types.rs,21,41
1079,CALL_SITE,<types::_::<impl errors::_::_serde::Deserialize<'de> for types::EdgeKind>::deserialize::__Visitor<'de> as errors::_::_serde::de::Visitor<'de>>::visit_enum::bb6::call3,canon-utils/analysis/src/types.rs,21,41
1080,BASIC_BLOCK,<types::_::<impl errors::_::_serde::Deserialize<'de> for types::EdgeKind>::deserialize::__Visitor<'de> as errors::_::_serde::de::Visitor<'de>>::visit_enum::bb7,canon-utils/analysis/src/types.rs,21,41
1081,BASIC_BLOCK,<types::_::<impl errors::_::_serde::Deserialize<'de> for types::EdgeKind>::deserialize::__Visitor<'de> as errors::_::_serde::de::Visitor<'de>>::visit_enum::bb70,canon-utils/analysis/src/types.rs,21,51
1082,BASIC_BLOCK,<types::_::<impl errors::_::_serde::Deserialize<'de> for types::EdgeKind>::deserialize::__Visitor<'de> as errors::_::_serde::de::Visitor<'de>>::visit_enum::bb71,canon-utils/analysis/src/types.rs,21,41
1083,CALL_SITE,<types::_::<impl errors::_::_serde::Deserialize<'de> for types::EdgeKind>::deserialize::__Visitor<'de> as errors::_::_serde::de::Visitor<'de>>::visit_enum::bb71::call44,canon-utils/analysis/src/types.rs,21,41
1084,BASIC_BLOCK,<types::_::<impl errors::_::_serde::Deserialize<'de> for types::EdgeKind>::deserialize::__Visitor<'de> as errors::_::_serde::de::Visitor<'de>>::visit_enum::bb72,canon-utils/analysis/src/types.rs,21,41
1085,CALL_SITE,<types::_::<impl errors::_::_serde::Deserialize<'de> for types::EdgeKind>::deserialize::__Visitor<'de> as errors::_::_serde::de::Visitor<'de>>::visit_enum::bb72::call45,canon-utils/analysis/src/types.rs,21,41
1086,BASIC_BLOCK,<types::_::<impl errors::_::_serde::Deserialize<'de> for types::EdgeKind>::deserialize::__Visitor<'de> as errors::_::_serde::de::Visitor<'de>>::visit_enum::bb73,canon-utils/analysis/src/types.rs,21,41
1087,BASIC_BLOCK,<types::_::<impl errors::_::_serde::Deserialize<'de> for types::EdgeKind>::deserialize::__Visitor<'de> as errors::_::_serde::de::Visitor<'de>>::visit_enum::bb74,canon-utils/analysis/src/types.rs,21,51
1088,BASIC_BLOCK,<types::_::<impl errors::_::_serde::Deserialize<'de> for types::EdgeKind>::deserialize::__Visitor<'de> as errors::_::_serde::de::Visitor<'de>>::visit_enum::bb75,canon-utils/analysis/src/types.rs,21,41
1089,CALL_SITE,<types::_::<impl errors::_::_serde::Deserialize<'de> for types::EdgeKind>::deserialize::__Visitor<'de> as errors::_::_serde::de::Visitor<'de>>::visit_enum::bb75::call46,canon-utils/analysis/src/types.rs,21,41
1090,BASIC_BLOCK,<types::_::<impl errors::_::_serde::Deserialize<'de> for types::EdgeKind>::deserialize::__Visitor<'de> as errors::_::_serde::de::Visitor<'de>>::visit_enum::bb76,canon-utils/analysis/src/types.rs,21,41
1091,CALL_SITE,<types::_::<impl errors::_::_serde::Deserialize<'de> for types::EdgeKind>::deserialize::__Visitor<'de> as errors::_::_serde::de::Visitor<'de>>::visit_enum::bb76::call47,canon-utils/analysis/src/types.rs,21,41
1092,BASIC_BLOCK,<types::_::<impl errors::_::_serde::Deserialize<'de> for types::EdgeKind>::deserialize::__Visitor<'de> as errors::_::_serde::de::Visitor<'de>>::visit_enum::bb77,canon-utils/analysis/src/types.rs,21,41
1093,BASIC_BLOCK,<types::_::<impl errors::_::_serde::Deserialize<'de> for types::EdgeKind>::deserialize::__Visitor<'de> as errors::_::_serde::de::Visitor<'de>>::visit_enum::bb78,canon-utils/analysis/src/types.rs,21,51
1094,BASIC_BLOCK,<types::_::<impl errors::_::_serde::Deserialize<'de> for types::EdgeKind>::deserialize::__Visitor<'de> as errors::_::_serde::de::Visitor<'de>>::visit_enum::bb79,canon-utils/analysis/src/types.rs,21,41
1095,CALL_SITE,<types::_::<impl errors::_::_serde::Deserialize<'de> for types::EdgeKind>::deserialize::__Visitor<'de> as errors::_::_serde::de::Visitor<'de>>::visit_enum::bb79::call48,canon-utils/analysis/src/types.rs,21,41
1096,CALL_SITE,<types::_::<impl errors::_::_serde::Deserialize<'de> for types::EdgeKind>::deserialize::__Visitor<'de> as errors::_::_serde::de::Visitor<'de>>::visit_enum::bb7::call4,canon-utils/analysis/src/types.rs,21,41
1097,BASIC_BLOCK,<types::_::<impl errors::_::_serde::Deserialize<'de> for types::EdgeKind>::deserialize::__Visitor<'de> as errors::_::_serde::de::Visitor<'de>>::visit_enum::bb8,canon-utils/analysis/src/types.rs,21,41
1098,BASIC_BLOCK,<types::_::<impl errors::_::_serde::Deserialize<'de> for types::EdgeKind>::deserialize::__Visitor<'de> as errors::_::_serde::de::Visitor<'de>>::visit_enum::bb80,canon-utils/analysis/src/types.rs,21,41
1099,CALL_SITE,<types::_::<impl errors::_::_serde::Deserialize<'de> for types::EdgeKind>::deserialize::__Visitor<'de> as errors::_::_serde::de::Visitor<'de>>::visit_enum::bb80::call49,canon-utils/analysis/src/types.rs,21,41
1100,BASIC_BLOCK,<types::_::<impl errors::_::_serde::Deserialize<'de> for types::EdgeKind>::deserialize::__Visitor<'de> as errors::_::_serde::de::Visitor<'de>>::visit_enum::bb81,canon-utils/analysis/src/types.rs,21,41
1101,BASIC_BLOCK,<types::_::<impl errors::_::_serde::Deserialize<'de> for types::EdgeKind>::deserialize::__Visitor<'de> as errors::_::_serde::de::Visitor<'de>>::visit_enum::bb82,canon-utils/analysis/src/types.rs,21,51
1102,BASIC_BLOCK,<types::_::<impl errors::_::_serde::Deserialize<'de> for types::EdgeKind>::deserialize::__Visitor<'de> as errors::_::_serde::de::Visitor<'de>>::visit_enum::bb83,canon-utils/analysis/src/types.rs,21,41
1103,CALL_SITE,<types::_::<impl errors::_::_serde::Deserialize<'de> for types::EdgeKind>::deserialize::__Visitor<'de> as errors::_::_serde::de::Visitor<'de>>::visit_enum::bb83::call50,canon-utils/analysis/src/types.rs,21,41
1104,BASIC_BLOCK,<types::_::<impl errors::_::_serde::Deserialize<'de> for types::EdgeKind>::deserialize::__Visitor<'de> as errors::_::_serde::de::Visitor<'de>>::visit_enum::bb84,canon-utils/analysis/src/types.rs,21,41
1105,CALL_SITE,<types::_::<impl errors::_::_serde::Deserialize<'de> for types::EdgeKind>::deserialize::__Visitor<'de> as errors::_::_serde::de::Visitor<'de>>::visit_enum::bb84::call51,canon-utils/analysis/src/types.rs,21,41
1106,BASIC_BLOCK,<types::_::<impl errors::_::_serde::Deserialize<'de> for types::EdgeKind>::deserialize::__Visitor<'de> as errors::_::_serde::de::Visitor<'de>>::visit_enum::bb85,canon-utils/analysis/src/types.rs,21,41
1107,BASIC_BLOCK,<types::_::<impl errors::_::_serde::Deserialize<'de> for types::EdgeKind>::deserialize::__Visitor<'de> as errors::_::_serde::de::Visitor<'de>>::visit_enum::bb86,canon-utils/analysis/src/types.rs,21,51
1108,BASIC_BLOCK,<types::_::<impl errors::_::_serde::Deserialize<'de> for types::EdgeKind>::deserialize::__Visitor<'de> as errors::_::_serde::de::Visitor<'de>>::visit_enum::bb87,canon-utils/analysis/src/types.rs,21,41
1109,CALL_SITE,<types::_::<impl errors::_::_serde::Deserialize<'de> for types::EdgeKind>::deserialize::__Visitor<'de> as errors::_::_serde::de::Visitor<'de>>::visit_enum::bb87::call52,canon-utils/analysis/src/types.rs,21,41
1110,BASIC_BLOCK,<types::_::<impl errors::_::_serde::Deserialize<'de> for types::EdgeKind>::deserialize::__Visitor<'de> as errors::_::_serde::de::Visitor<'de>>::visit_enum::bb88,canon-utils/analysis/src/types.rs,21,41
1111,CALL_SITE,<types::_::<impl errors::_::_serde::Deserialize<'de> for types::EdgeKind>::deserialize::__Visitor<'de> as errors::_::_serde::de::Visitor<'de>>::visit_enum::bb88::call53,canon-utils/analysis/src/types.rs,21,41
1112,BASIC_BLOCK,<types::_::<impl errors::_::_serde::Deserialize<'de> for types::EdgeKind>::deserialize::__Visitor<'de> as errors::_::_serde::de::Visitor<'de>>::visit_enum::bb89,canon-utils/analysis/src/types.rs,21,41
1113,CALL_SITE,<types::_::<impl errors::_::_serde::Deserialize<'de> for types::EdgeKind>::deserialize::__Visitor<'de> as errors::_::_serde::de::Visitor<'de>>::visit_enum::bb8::call5,canon-utils/analysis/src/types.rs,21,41
1114,BASIC_BLOCK,<types::_::<impl errors::_::_serde::Deserialize<'de> for types::EdgeKind>::deserialize::__Visitor<'de> as errors::_::_serde::de::Visitor<'de>>::visit_enum::bb9,canon-utils/analysis/src/types.rs,21,41
1115,BASIC_BLOCK,<types::_::<impl errors::_::_serde::Deserialize<'de> for types::EdgeKind>::deserialize::__Visitor<'de> as errors::_::_serde::de::Visitor<'de>>::visit_enum::bb90,canon-utils/analysis/src/types.rs,21,51
1116,BASIC_BLOCK,<types::_::<impl errors::_::_serde::Deserialize<'de> for types::EdgeKind>::deserialize::__Visitor<'de> as errors::_::_serde::de::Visitor<'de>>::visit_enum::bb91,canon-utils/analysis/src/types.rs,21,41
1117,CALL_SITE,<types::_::<impl errors::_::_serde::Deserialize<'de> for types::EdgeKind>::deserialize::__Visitor<'de> as errors::_::_serde::de::Visitor<'de>>::visit_enum::bb91::call54,canon-utils/analysis/src/types.rs,21,41
1118,BASIC_BLOCK,<types::_::<impl errors::_::_serde::Deserialize<'de> for types::EdgeKind>::deserialize::__Visitor<'de> as errors::_::_serde::de::Visitor<'de>>::visit_enum::bb92,canon-utils/analysis/src/types.rs,21,41
1119,CALL_SITE,<types::_::<impl errors::_::_serde::Deserialize<'de> for types::EdgeKind>::deserialize::__Visitor<'de> as errors::_::_serde::de::Visitor<'de>>::visit_enum::bb92::call55,canon-utils/analysis/src/types.rs,21,41
1120,BASIC_BLOCK,<types::_::<impl errors::_::_serde::Deserialize<'de> for types::EdgeKind>::deserialize::__Visitor<'de> as errors::_::_serde::de::Visitor<'de>>::visit_enum::bb93,canon-utils/analysis/src/types.rs,21,41
1121,BASIC_BLOCK,<types::_::<impl errors::_::_serde::Deserialize<'de> for types::EdgeKind>::deserialize::__Visitor<'de> as errors::_::_serde::de::Visitor<'de>>::visit_enum::bb94,canon-utils/analysis/src/types.rs,21,51
1122,BASIC_BLOCK,<types::_::<impl errors::_::_serde::Deserialize<'de> for types::EdgeKind>::deserialize::__Visitor<'de> as errors::_::_serde::de::Visitor<'de>>::visit_enum::bb95,canon-utils/analysis/src/types.rs,21,41
1123,CALL_SITE,<types::_::<impl errors::_::_serde::Deserialize<'de> for types::EdgeKind>::deserialize::__Visitor<'de> as errors::_::_serde::de::Visitor<'de>>::visit_enum::bb95::call56,canon-utils/analysis/src/types.rs,21,41
1124,BASIC_BLOCK,<types::_::<impl errors::_::_serde::Deserialize<'de> for types::EdgeKind>::deserialize::__Visitor<'de> as errors::_::_serde::de::Visitor<'de>>::visit_enum::bb96,canon-utils/analysis/src/types.rs,21,52
1125,CALL_SITE,<types::_::<impl errors::_::_serde::Deserialize<'de> for types::EdgeKind>::deserialize::__Visitor<'de> as errors::_::_serde::de::Visitor<'de>>::visit_enum::bb9::call6,canon-utils/analysis/src/types.rs,21,41
1126,METHOD,<types::_::<impl errors::_::_serde::Deserialize<'de> for types::EdgeKind>::deserialize::__Visitor<'de> as errors::_::_serde::de::Visitor<'de>>::visit_enum::fn,canon-utils/analysis/src/types.rs,21,41
1127,PARAM,<types::_::<impl errors::_::_serde::Deserialize<'de> for types::EdgeKind>::deserialize::__Visitor<'de> as errors::_::_serde::de::Visitor<'de>>::visit_enum::param0,canon-utils/analysis/src/types.rs,21,41
1128,PARAM,<types::_::<impl errors::_::_serde::Deserialize<'de> for types::EdgeKind>::deserialize::__Visitor<'de> as errors::_::_serde::de::Visitor<'de>>::visit_enum::param1,canon-utils/analysis/src/types.rs,21,41
1129,BASIC_BLOCK,<types::_::<impl errors::_::_serde::Deserialize<'de> for types::Metadata>::deserialize::__Field as errors::_::_serde::Deserialize<'de>>::deserialize::bb0,canon-utils/analysis/src/types.rs,60,35
1130,CALL_SITE,<types::_::<impl errors::_::_serde::Deserialize<'de> for types::Metadata>::deserialize::__Field as errors::_::_serde::Deserialize<'de>>::deserialize::bb0::call0,canon-utils/analysis/src/types.rs,60,35
1131,BASIC_BLOCK,<types::_::<impl errors::_::_serde::Deserialize<'de> for types::Metadata>::deserialize::__Field as errors::_::_serde::Deserialize<'de>>::deserialize::bb1,canon-utils/analysis/src/types.rs,60,46
1132,METHOD,<types::_::<impl errors::_::_serde::Deserialize<'de> for types::Metadata>::deserialize::__Field as errors::_::_serde::Deserialize<'de>>::deserialize::fn,canon-utils/analysis/src/types.rs,60,35
1133,PARAM,<types::_::<impl errors::_::_serde::Deserialize<'de> for types::Metadata>::deserialize::__Field as errors::_::_serde::Deserialize<'de>>::deserialize::param0,canon-utils/analysis/src/types.rs,60,35
1134,BASIC_BLOCK,<types::_::<impl errors::_::_serde::Deserialize<'de> for types::Metadata>::deserialize::__FieldVisitor as errors::_::_serde::de::Visitor<'de>>::expecting::bb0,canon-utils/analysis/src/types.rs,60,35
1135,CALL_SITE,<types::_::<impl errors::_::_serde::Deserialize<'de> for types::Metadata>::deserialize::__FieldVisitor as errors::_::_serde::de::Visitor<'de>>::expecting::bb0::call0,canon-utils/analysis/src/types.rs,60,35
1136,BASIC_BLOCK,<types::_::<impl errors::_::_serde::Deserialize<'de> for types::Metadata>::deserialize::__FieldVisitor as errors::_::_serde::de::Visitor<'de>>::expecting::bb1,canon-utils/analysis/src/types.rs,60,46
1137,METHOD,<types::_::<impl errors::_::_serde::Deserialize<'de> for types::Metadata>::deserialize::__FieldVisitor as errors::_::_serde::de::Visitor<'de>>::expecting::fn,canon-utils/analysis/src/types.rs,60,35
1138,PARAM,<types::_::<impl errors::_::_serde::Deserialize<'de> for types::Metadata>::deserialize::__FieldVisitor as errors::_::_serde::de::Visitor<'de>>::expecting::param0,canon-utils/analysis/src/types.rs,60,35
1139,PARAM,<types::_::<impl errors::_::_serde::Deserialize<'de> for types::Metadata>::deserialize::__FieldVisitor as errors::_::_serde::de::Visitor<'de>>::expecting::param1,canon-utils/analysis/src/types.rs,60,35
1140,BASIC_BLOCK,<types::_::<impl errors::_::_serde::Deserialize<'de> for types::Metadata>::deserialize::__FieldVisitor as errors::_::_serde::de::Visitor<'de>>::visit_bytes::bb0,canon-utils/analysis/src/types.rs,60,35
1141,BASIC_BLOCK,<types::_::<impl errors::_::_serde::Deserialize<'de> for types::Metadata>::deserialize::__FieldVisitor as errors::_::_serde::de::Visitor<'de>>::visit_bytes::bb1,canon-utils/analysis/src/types.rs,60,45
1142,BASIC_BLOCK,<types::_::<impl errors::_::_serde::Deserialize<'de> for types::Metadata>::deserialize::__FieldVisitor as errors::_::_serde::de::Visitor<'de>>::visit_bytes::bb10,canon-utils/analysis/src/types.rs,60,35
1143,BASIC_BLOCK,<types::_::<impl errors::_::_serde::Deserialize<'de> for types::Metadata>::deserialize::__FieldVisitor as errors::_::_serde::de::Visitor<'de>>::visit_bytes::bb11,canon-utils/analysis/src/types.rs,60,35
1144,BASIC_BLOCK,<types::_::<impl errors::_::_serde::Deserialize<'de> for types::Metadata>::deserialize::__FieldVisitor as errors::_::_serde::de::Visitor<'de>>::visit_bytes::bb12,canon-utils/analysis/src/types.rs,60,35
1145,BASIC_BLOCK,<types::_::<impl errors::_::_serde::Deserialize<'de> for types::Metadata>::deserialize::__FieldVisitor as errors::_::_serde::de::Visitor<'de>>::visit_bytes::bb13,canon-utils/analysis/src/types.rs,60,35
1146,BASIC_BLOCK,<types::_::<impl errors::_::_serde::Deserialize<'de> for types::Metadata>::deserialize::__FieldVisitor as errors::_::_serde::de::Visitor<'de>>::visit_bytes::bb14,canon-utils/analysis/src/types.rs,60,35
1147,BASIC_BLOCK,<types::_::<impl errors::_::_serde::Deserialize<'de> for types::Metadata>::deserialize::__FieldVisitor as errors::_::_serde::de::Visitor<'de>>::visit_bytes::bb15,canon-utils/analysis/src/types.rs,60,35
1148,BASIC_BLOCK,<types::_::<impl errors::_::_serde::Deserialize<'de> for types::Metadata>::deserialize::__FieldVisitor as errors::_::_serde::de::Visitor<'de>>::visit_bytes::bb16,canon-utils/analysis/src/types.rs,60,35
1149,BASIC_BLOCK,<types::_::<impl errors::_::_serde::Deserialize<'de> for types::Metadata>::deserialize::__FieldVisitor as errors::_::_serde::de::Visitor<'de>>::visit_bytes::bb17,canon-utils/analysis/src/types.rs,60,35
1150,BASIC_BLOCK,<types::_::<impl errors::_::_serde::Deserialize<'de> for types::Metadata>::deserialize::__FieldVisitor as errors::_::_serde::de::Visitor<'de>>::visit_bytes::bb18,canon-utils/analysis/src/types.rs,60,35
1151,BASIC_BLOCK,<types::_::<impl errors::_::_serde::Deserialize<'de> for types::Metadata>::deserialize::__FieldVisitor as errors::_::_serde::de::Visitor<'de>>::visit_bytes::bb19,canon-utils/analysis/src/types.rs,60,35
1152,BASIC_BLOCK,<types::_::<impl errors::_::_serde::Deserialize<'de> for types::Metadata>::deserialize::__FieldVisitor as errors::_::_serde::de::Visitor<'de>>::visit_bytes::bb2,canon-utils/analysis/src/types.rs,60,35
1153,BASIC_BLOCK,<types::_::<impl errors::_::_serde::Deserialize<'de> for types::Metadata>::deserialize::__FieldVisitor as errors::_::_serde::de::Visitor<'de>>::visit_bytes::bb20,canon-utils/analysis/src/types.rs,60,35
1154,BASIC_BLOCK,<types::_::<impl errors::_::_serde::Deserialize<'de> for types::Metadata>::deserialize::__FieldVisitor as errors::_::_serde::de::Visitor<'de>>::visit_bytes::bb21,canon-utils/analysis/src/types.rs,60,35
1155,BASIC_BLOCK,<types::_::<impl errors::_::_serde::Deserialize<'de> for types::Metadata>::deserialize::__FieldVisitor as errors::_::_serde::de::Visitor<'de>>::visit_bytes::bb22,canon-utils/analysis/src/types.rs,60,35
1156,BASIC_BLOCK,<types::_::<impl errors::_::_serde::Deserialize<'de> for types::Metadata>::deserialize::__FieldVisitor as errors::_::_serde::de::Visitor<'de>>::visit_bytes::bb23,canon-utils/analysis/src/types.rs,60,35
1157,BASIC_BLOCK,<types::_::<impl errors::_::_serde::Deserialize<'de> for types::Metadata>::deserialize::__FieldVisitor as errors::_::_serde::de::Visitor<'de>>::visit_bytes::bb24,canon-utils/analysis/src/types.rs,60,35
1158,BASIC_BLOCK,<types::_::<impl errors::_::_serde::Deserialize<'de> for types::Metadata>::deserialize::__FieldVisitor as errors::_::_serde::de::Visitor<'de>>::visit_bytes::bb25,canon-utils/analysis/src/types.rs,60,35
1159,BASIC_BLOCK,<types::_::<impl errors::_::_serde::Deserialize<'de> for types::Metadata>::deserialize::__FieldVisitor as errors::_::_serde::de::Visitor<'de>>::visit_bytes::bb26,canon-utils/analysis/src/types.rs,60,35
1160,BASIC_BLOCK,<types::_::<impl errors::_::_serde::Deserialize<'de> for types::Metadata>::deserialize::__FieldVisitor as errors::_::_serde::de::Visitor<'de>>::visit_bytes::bb27,canon-utils/analysis/src/types.rs,60,35
1161,BASIC_BLOCK,<types::_::<impl errors::_::_serde::Deserialize<'de> for types::Metadata>::deserialize::__FieldVisitor as errors::_::_serde::de::Visitor<'de>>::visit_bytes::bb28,canon-utils/analysis/src/types.rs,60,35
1162,BASIC_BLOCK,<types::_::<impl errors::_::_serde::Deserialize<'de> for types::Metadata>::deserialize::__FieldVisitor as errors::_::_serde::de::Visitor<'de>>::visit_bytes::bb29,canon-utils/analysis/src/types.rs,60,35
1163,BASIC_BLOCK,<types::_::<impl errors::_::_serde::Deserialize<'de> for types::Metadata>::deserialize::__FieldVisitor as errors::_::_serde::de::Visitor<'de>>::visit_bytes::bb3,canon-utils/analysis/src/types.rs,60,35
1164,BASIC_BLOCK,<types::_::<impl errors::_::_serde::Deserialize<'de> for types::Metadata>::deserialize::__FieldVisitor as errors::_::_serde::de::Visitor<'de>>::visit_bytes::bb30,canon-utils/analysis/src/types.rs,60,35
1165,BASIC_BLOCK,<types::_::<impl errors::_::_serde::Deserialize<'de> for types::Metadata>::deserialize::__FieldVisitor as errors::_::_serde::de::Visitor<'de>>::visit_bytes::bb31,canon-utils/analysis/src/types.rs,60,35
1166,BASIC_BLOCK,<types::_::<impl errors::_::_serde::Deserialize<'de> for types::Metadata>::deserialize::__FieldVisitor as errors::_::_serde::de::Visitor<'de>>::visit_bytes::bb32,canon-utils/analysis/src/types.rs,60,35
1167,BASIC_BLOCK,<types::_::<impl errors::_::_serde::Deserialize<'de> for types::Metadata>::deserialize::__FieldVisitor as errors::_::_serde::de::Visitor<'de>>::visit_bytes::bb33,canon-utils/analysis/src/types.rs,60,35
1168,BASIC_BLOCK,<types::_::<impl errors::_::_serde::Deserialize<'de> for types::Metadata>::deserialize::__FieldVisitor as errors::_::_serde::de::Visitor<'de>>::visit_bytes::bb34,canon-utils/analysis/src/types.rs,60,35
1169,BASIC_BLOCK,<types::_::<impl errors::_::_serde::Deserialize<'de> for types::Metadata>::deserialize::__FieldVisitor as errors::_::_serde::de::Visitor<'de>>::visit_bytes::bb35,canon-utils/analysis/src/types.rs,60,35
1170,BASIC_BLOCK,<types::_::<impl errors::_::_serde::Deserialize<'de> for types::Metadata>::deserialize::__FieldVisitor as errors::_::_serde::de::Visitor<'de>>::visit_bytes::bb36,canon-utils/analysis/src/types.rs,60,35
1171,BASIC_BLOCK,<types::_::<impl errors::_::_serde::Deserialize<'de> for types::Metadata>::deserialize::__FieldVisitor as errors::_::_serde::de::Visitor<'de>>::visit_bytes::bb37,canon-utils/analysis/src/types.rs,60,35
1172,BASIC_BLOCK,<types::_::<impl errors::_::_serde::Deserialize<'de> for types::Metadata>::deserialize::__FieldVisitor as errors::_::_serde::de::Visitor<'de>>::visit_bytes::bb38,canon-utils/analysis/src/types.rs,60,35
1173,BASIC_BLOCK,<types::_::<impl errors::_::_serde::Deserialize<'de> for types::Metadata>::deserialize::__FieldVisitor as errors::_::_serde::de::Visitor<'de>>::visit_bytes::bb39,canon-utils/analysis/src/types.rs,60,35
1174,BASIC_BLOCK,<types::_::<impl errors::_::_serde::Deserialize<'de> for types::Metadata>::deserialize::__FieldVisitor as errors::_::_serde::de::Visitor<'de>>::visit_bytes::bb4,canon-utils/analysis/src/types.rs,60,35
1175,BASIC_BLOCK,<types::_::<impl errors::_::_serde::Deserialize<'de> for types::Metadata>::deserialize::__FieldVisitor as errors::_::_serde::de::Visitor<'de>>::visit_bytes::bb40,canon-utils/analysis/src/types.rs,60,35
1176,BASIC_BLOCK,<types::_::<impl errors::_::_serde::Deserialize<'de> for types::Metadata>::deserialize::__FieldVisitor as errors::_::_serde::de::Visitor<'de>>::visit_bytes::bb41,canon-utils/analysis/src/types.rs,60,35
1177,BASIC_BLOCK,<types::_::<impl errors::_::_serde::Deserialize<'de> for types::Metadata>::deserialize::__FieldVisitor as errors::_::_serde::de::Visitor<'de>>::visit_bytes::bb42,canon-utils/analysis/src/types.rs,60,45
1178,BASIC_BLOCK,<types::_::<impl errors::_::_serde::Deserialize<'de> for types::Metadata>::deserialize::__FieldVisitor as errors::_::_serde::de::Visitor<'de>>::visit_bytes::bb43,canon-utils/analysis/src/types.rs,60,45
1179,BASIC_BLOCK,<types::_::<impl errors::_::_serde::Deserialize<'de> for types::Metadata>::deserialize::__FieldVisitor as errors::_::_serde::de::Visitor<'de>>::visit_bytes::bb44,canon-utils/analysis/src/types.rs,60,45
1180,BASIC_BLOCK,<types::_::<impl errors::_::_serde::Deserialize<'de> for types::Metadata>::deserialize::__FieldVisitor as errors::_::_serde::de::Visitor<'de>>::visit_bytes::bb45,canon-utils/analysis/src/types.rs,60,45
1181,BASIC_BLOCK,<types::_::<impl errors::_::_serde::Deserialize<'de> for types::Metadata>::deserialize::__FieldVisitor as errors::_::_serde::de::Visitor<'de>>::visit_bytes::bb46,canon-utils/analysis/src/types.rs,60,46
1182,BASIC_BLOCK,<types::_::<impl errors::_::_serde::Deserialize<'de> for types::Metadata>::deserialize::__FieldVisitor as errors::_::_serde::de::Visitor<'de>>::visit_bytes::bb5,canon-utils/analysis/src/types.rs,60,35
1183,BASIC_BLOCK,<types::_::<impl errors::_::_serde::Deserialize<'de> for types::Metadata>::deserialize::__FieldVisitor as errors::_::_serde::de::Visitor<'de>>::visit_bytes::bb6,canon-utils/analysis/src/types.rs,60,35
1184,BASIC_BLOCK,<types::_::<impl errors::_::_serde::Deserialize<'de> for types::Metadata>::deserialize::__FieldVisitor as errors::_::_serde::de::Visitor<'de>>::visit_bytes::bb7,canon-utils/analysis/src/types.rs,60,35
1185,BASIC_BLOCK,<types::_::<impl errors::_::_serde::Deserialize<'de> for types::Metadata>::deserialize::__FieldVisitor as errors::_::_serde::de::Visitor<'de>>::visit_bytes::bb8,canon-utils/analysis/src/types.rs,60,35
1186,BASIC_BLOCK,<types::_::<impl errors::_::_serde::Deserialize<'de> for types::Metadata>::deserialize::__FieldVisitor as errors::_::_serde::de::Visitor<'de>>::visit_bytes::bb9,canon-utils/analysis/src/types.rs,60,35
1187,METHOD,<types::_::<impl errors::_::_serde::Deserialize<'de> for types::Metadata>::deserialize::__FieldVisitor as errors::_::_serde::de::Visitor<'de>>::visit_bytes::fn,canon-utils/analysis/src/types.rs,60,35
1188,PARAM,<types::_::<impl errors::_::_serde::Deserialize<'de> for types::Metadata>::deserialize::__FieldVisitor as errors::_::_serde::de::Visitor<'de>>::visit_bytes::param0,canon-utils/analysis/src/types.rs,60,35
1189,PARAM,<types::_::<impl errors::_::_serde::Deserialize<'de> for types::Metadata>::deserialize::__FieldVisitor as errors::_::_serde::de::Visitor<'de>>::visit_bytes::param1,canon-utils/analysis/src/types.rs,60,35
1190,BASIC_BLOCK,<types::_::<impl errors::_::_serde::Deserialize<'de> for types::Metadata>::deserialize::__FieldVisitor as errors::_::_serde::de::Visitor<'de>>::visit_str::bb0,canon-utils/analysis/src/types.rs,62,9
1191,CALL_SITE,<types::_::<impl errors::_::_serde::Deserialize<'de> for types::Metadata>::deserialize::__FieldVisitor as errors::_::_serde::de::Visitor<'de>>::visit_str::bb0::call0,canon-utils/analysis/src/types.rs,62,9
1192,BASIC_BLOCK,<types::_::<impl errors::_::_serde::Deserialize<'de> for types::Metadata>::deserialize::__FieldVisitor as errors::_::_serde::de::Visitor<'de>>::visit_str::bb1,canon-utils/analysis/src/types.rs,60,45
1193,BASIC_BLOCK,<types::_::<impl errors::_::_serde::Deserialize<'de> for types::Metadata>::deserialize::__FieldVisitor as errors::_::_serde::de::Visitor<'de>>::visit_str::bb10,canon-utils/analysis/src/types.rs,64,9
1194,BASIC_BLOCK,<types::_::<impl errors::_::_serde::Deserialize<'de> for types::Metadata>::deserialize::__FieldVisitor as errors::_::_serde::de::Visitor<'de>>::visit_str::bb11,canon-utils/analysis/src/types.rs,63,9
1195,BASIC_BLOCK,<types::_::<impl errors::_::_serde::Deserialize<'de> for types::Metadata>::deserialize::__FieldVisitor as errors::_::_serde::de::Visitor<'de>>::visit_str::bb12,canon-utils/analysis/src/types.rs,62,9
1196,BASIC_BLOCK,<types::_::<impl errors::_::_serde::Deserialize<'de> for types::Metadata>::deserialize::__FieldVisitor as errors::_::_serde::de::Visitor<'de>>::visit_str::bb13,canon-utils/analysis/src/types.rs,60,46
1197,BASIC_BLOCK,<types::_::<impl errors::_::_serde::Deserialize<'de> for types::Metadata>::deserialize::__FieldVisitor as errors::_::_serde::de::Visitor<'de>>::visit_str::bb2,canon-utils/analysis/src/types.rs,60,45
1198,BASIC_BLOCK,<types::_::<impl errors::_::_serde::Deserialize<'de> for types::Metadata>::deserialize::__FieldVisitor as errors::_::_serde::de::Visitor<'de>>::visit_str::bb3,canon-utils/analysis/src/types.rs,63,9
1199,CALL_SITE,<types::_::<impl errors::_::_serde::Deserialize<'de> for types::Metadata>::deserialize::__FieldVisitor as errors::_::_serde::de::Visitor<'de>>::visit_str::bb3::call1,canon-utils/analysis/src/types.rs,63,9
1200,BASIC_BLOCK,<types::_::<impl errors::_::_serde::Deserialize<'de> for types::Metadata>::deserialize::__FieldVisitor as errors::_::_serde::de::Visitor<'de>>::visit_str::bb4,canon-utils/analysis/src/types.rs,60,45
1201,BASIC_BLOCK,<types::_::<impl errors::_::_serde::Deserialize<'de> for types::Metadata>::deserialize::__FieldVisitor as errors::_::_serde::de::Visitor<'de>>::visit_str::bb5,canon-utils/analysis/src/types.rs,64,9
1202,CALL_SITE,<types::_::<impl errors::_::_serde::Deserialize<'de> for types::Metadata>::deserialize::__FieldVisitor as errors::_::_serde::de::Visitor<'de>>::visit_str::bb5::call2,canon-utils/analysis/src/types.rs,64,9
1203,BASIC_BLOCK,<types::_::<impl errors::_::_serde::Deserialize<'de> for types::Metadata>::deserialize::__FieldVisitor as errors::_::_serde::de::Visitor<'de>>::visit_str::bb6,canon-utils/analysis/src/types.rs,60,45
1204,BASIC_BLOCK,<types::_::<impl errors::_::_serde::Deserialize<'de> for types::Metadata>::deserialize::__FieldVisitor as errors::_::_serde::de::Visitor<'de>>::visit_str::bb7,canon-utils/analysis/src/types.rs,65,9
1205,CALL_SITE,<types::_::<impl errors::_::_serde::Deserialize<'de> for types::Metadata>::deserialize::__FieldVisitor as errors::_::_serde::de::Visitor<'de>>::visit_str::bb7::call3,canon-utils/analysis/src/types.rs,65,9
1206,BASIC_BLOCK,<types::_::<impl errors::_::_serde::Deserialize<'de> for types::Metadata>::deserialize::__FieldVisitor as errors::_::_serde::de::Visitor<'de>>::visit_str::bb8,canon-utils/analysis/src/types.rs,60,45
1207,BASIC_BLOCK,<types::_::<impl errors::_::_serde::Deserialize<'de> for types::Metadata>::deserialize::__FieldVisitor as errors::_::_serde::de::Visitor<'de>>::visit_str::bb9,canon-utils/analysis/src/types.rs,65,9
1208,METHOD,<types::_::<impl errors::_::_serde::Deserialize<'de> for types::Metadata>::deserialize::__FieldVisitor as errors::_::_serde::de::Visitor<'de>>::visit_str::fn,canon-utils/analysis/src/types.rs,60,35
1209,PARAM,<types::_::<impl errors::_::_serde::Deserialize<'de> for types::Metadata>::deserialize::__FieldVisitor as errors::_::_serde::de::Visitor<'de>>::visit_str::param0,canon-utils/analysis/src/types.rs,60,35
1210,PARAM,<types::_::<impl errors::_::_serde::Deserialize<'de> for types::Metadata>::deserialize::__FieldVisitor as errors::_::_serde::de::Visitor<'de>>::visit_str::param1,canon-utils/analysis/src/types.rs,60,35
1211,BASIC_BLOCK,<types::_::<impl errors::_::_serde::Deserialize<'de> for types::Metadata>::deserialize::__FieldVisitor as errors::_::_serde::de::Visitor<'de>>::visit_u64::bb0,canon-utils/analysis/src/types.rs,60,35
1212,BASIC_BLOCK,<types::_::<impl errors::_::_serde::Deserialize<'de> for types::Metadata>::deserialize::__FieldVisitor as errors::_::_serde::de::Visitor<'de>>::visit_u64::bb1,canon-utils/analysis/src/types.rs,60,45
1213,BASIC_BLOCK,<types::_::<impl errors::_::_serde::Deserialize<'de> for types::Metadata>::deserialize::__FieldVisitor as errors::_::_serde::de::Visitor<'de>>::visit_u64::bb2,canon-utils/analysis/src/types.rs,60,45
1214,BASIC_BLOCK,<types::_::<impl errors::_::_serde::Deserialize<'de> for types::Metadata>::deserialize::__FieldVisitor as errors::_::_serde::de::Visitor<'de>>::visit_u64::bb3,canon-utils/analysis/src/types.rs,60,45
1215,BASIC_BLOCK,<types::_::<impl errors::_::_serde::Deserialize<'de> for types::Metadata>::deserialize::__FieldVisitor as errors::_::_serde::de::Visitor<'de>>::visit_u64::bb4,canon-utils/analysis/src/types.rs,60,45
1216,BASIC_BLOCK,<types::_::<impl errors::_::_serde::Deserialize<'de> for types::Metadata>::deserialize::__FieldVisitor as errors::_::_serde::de::Visitor<'de>>::visit_u64::bb5,canon-utils/analysis/src/types.rs,60,45
1217,BASIC_BLOCK,<types::_::<impl errors::_::_serde::Deserialize<'de> for types::Metadata>::deserialize::__FieldVisitor as errors::_::_serde::de::Visitor<'de>>::visit_u64::bb6,canon-utils/analysis/src/types.rs,60,46
1218,METHOD,<types::_::<impl errors::_::_serde::Deserialize<'de> for types::Metadata>::deserialize::__FieldVisitor as errors::_::_serde::de::Visitor<'de>>::visit_u64::fn,canon-utils/analysis/src/types.rs,60,35
1219,PARAM,<types::_::<impl errors::_::_serde::Deserialize<'de> for types::Metadata>::deserialize::__FieldVisitor as errors::_::_serde::de::Visitor<'de>>::visit_u64::param0,canon-utils/analysis/src/types.rs,60,35
1220,PARAM,<types::_::<impl errors::_::_serde::Deserialize<'de> for types::Metadata>::deserialize::__FieldVisitor as errors::_::_serde::de::Visitor<'de>>::visit_u64::param1,canon-utils/analysis/src/types.rs,60,35
1221,BASIC_BLOCK,<types::_::<impl errors::_::_serde::Deserialize<'de> for types::Metadata>::deserialize::__Visitor<'de> as errors::_::_serde::de::Visitor<'de>>::expecting::bb0,canon-utils/analysis/src/types.rs,60,35
1222,CALL_SITE,<types::_::<impl errors::_::_serde::Deserialize<'de> for types::Metadata>::deserialize::__Visitor<'de> as errors::_::_serde::de::Visitor<'de>>::expecting::bb0::call0,canon-utils/analysis/src/types.rs,60,35
1223,BASIC_BLOCK,<types::_::<impl errors::_::_serde::Deserialize<'de> for types::Metadata>::deserialize::__Visitor<'de> as errors::_::_serde::de::Visitor<'de>>::expecting::bb1,canon-utils/analysis/src/types.rs,60,46
1224,METHOD,<types::_::<impl errors::_::_serde::Deserialize<'de> for types::Metadata>::deserialize::__Visitor<'de> as errors::_::_serde::de::Visitor<'de>>::expecting::fn,canon-utils/analysis/src/types.rs,60,35
1225,PARAM,<types::_::<impl errors::_::_serde::Deserialize<'de> for types::Metadata>::deserialize::__Visitor<'de> as errors::_::_serde::de::Visitor<'de>>::expecting::param0,canon-utils/analysis/src/types.rs,60,35
1226,PARAM,<types::_::<impl errors::_::_serde::Deserialize<'de> for types::Metadata>::deserialize::__Visitor<'de> as errors::_::_serde::de::Visitor<'de>>::expecting::param1,canon-utils/analysis/src/types.rs,60,35
1227,BASIC_BLOCK,<types::_::<impl errors::_::_serde::Deserialize<'de> for types::Metadata>::deserialize::__Visitor<'de> as errors::_::_serde::de::Visitor<'de>>::visit_map::bb0,canon-utils/analysis/src/types.rs,60,35
1228,BASIC_BLOCK,<types::_::<impl errors::_::_serde::Deserialize<'de> for types::Metadata>::deserialize::__Visitor<'de> as errors::_::_serde::de::Visitor<'de>>::visit_map::bb1,canon-utils/analysis/src/types.rs,60,35
1229,BASIC_BLOCK,<types::_::<impl errors::_::_serde::Deserialize<'de> for types::Metadata>::deserialize::__Visitor<'de> as errors::_::_serde::de::Visitor<'de>>::visit_map::bb10,canon-utils/analysis/src/types.rs,60,35
1230,BASIC_BLOCK,<types::_::<impl errors::_::_serde::Deserialize<'de> for types::Metadata>::deserialize::__Visitor<'de> as errors::_::_serde::de::Visitor<'de>>::visit_map::bb100,canon-utils/analysis/src/types.rs,60,35
1231,BASIC_BLOCK,<types::_::<impl errors::_::_serde::Deserialize<'de> for types::Metadata>::deserialize::__Visitor<'de> as errors::_::_serde::de::Visitor<'de>>::visit_map::bb101,canon-utils/analysis/src/types.rs,60,35
1232,BASIC_BLOCK,<types::_::<impl errors::_::_serde::Deserialize<'de> for types::Metadata>::deserialize::__Visitor<'de> as errors::_::_serde::de::Visitor<'de>>::visit_map::bb102,canon-utils/analysis/src/types.rs,60,35
1233,BASIC_BLOCK,<types::_::<impl errors::_::_serde::Deserialize<'de> for types::Metadata>::deserialize::__Visitor<'de> as errors::_::_serde::de::Visitor<'de>>::visit_map::bb103,canon-utils/analysis/src/types.rs,60,35
1234,BASIC_BLOCK,<types::_::<impl errors::_::_serde::Deserialize<'de> for types::Metadata>::deserialize::__Visitor<'de> as errors::_::_serde::de::Visitor<'de>>::visit_map::bb104,canon-utils/analysis/src/types.rs,60,35
1235,BASIC_BLOCK,<types::_::<impl errors::_::_serde::Deserialize<'de> for types::Metadata>::deserialize::__Visitor<'de> as errors::_::_serde::de::Visitor<'de>>::visit_map::bb105,canon-utils/analysis/src/types.rs,60,35
1236,BASIC_BLOCK,<types::_::<impl errors::_::_serde::Deserialize<'de> for types::Metadata>::deserialize::__Visitor<'de> as errors::_::_serde::de::Visitor<'de>>::visit_map::bb106,canon-utils/analysis/src/types.rs,60,35
1237,BASIC_BLOCK,<types::_::<impl errors::_::_serde::Deserialize<'de> for types::Metadata>::deserialize::__Visitor<'de> as errors::_::_serde::de::Visitor<'de>>::visit_map::bb107,canon-utils/analysis/src/types.rs,60,35
1238,BASIC_BLOCK,<types::_::<impl errors::_::_serde::Deserialize<'de> for types::Metadata>::deserialize::__Visitor<'de> as errors::_::_serde::de::Visitor<'de>>::visit_map::bb108,canon-utils/analysis/src/types.rs,60,35
1239,CALL_SITE,<types::_::<impl errors::_::_serde::Deserialize<'de> for types::Metadata>::deserialize::__Visitor<'de> as errors::_::_serde::de::Visitor<'de>>::visit_map::bb10::call4,canon-utils/analysis/src/types.rs,60,35
1240,BASIC_BLOCK,<types::_::<impl errors::_::_serde::Deserialize<'de> for types::Metadata>::deserialize::__Visitor<'de> as errors::_::_serde::de::Visitor<'de>>::visit_map::bb11,canon-utils/analysis/src/types.rs,60,35
1241,CALL_SITE,<types::_::<impl errors::_::_serde::Deserialize<'de> for types::Metadata>::deserialize::__Visitor<'de> as errors::_::_serde::de::Visitor<'de>>::visit_map::bb11::call5,canon-utils/analysis/src/types.rs,60,35
1242,BASIC_BLOCK,<types::_::<impl errors::_::_serde::Deserialize<'de> for types::Metadata>::deserialize::__Visitor<'de> as errors::_::_serde::de::Visitor<'de>>::visit_map::bb12,canon-utils/analysis/src/types.rs,60,35
1243,CALL_SITE,<types::_::<impl errors::_::_serde::Deserialize<'de> for types::Metadata>::deserialize::__Visitor<'de> as errors::_::_serde::de::Visitor<'de>>::visit_map::bb12::call6,canon-utils/analysis/src/types.rs,60,35
1244,BASIC_BLOCK,<types::_::<impl errors::_::_serde::Deserialize<'de> for types::Metadata>::deserialize::__Visitor<'de> as errors::_::_serde::de::Visitor<'de>>::visit_map::bb13,canon-utils/analysis/src/types.rs,60,35
1245,CALL_SITE,<types::_::<impl errors::_::_serde::Deserialize<'de> for types::Metadata>::deserialize::__Visitor<'de> as errors::_::_serde::de::Visitor<'de>>::visit_map::bb13::call7,canon-utils/analysis/src/types.rs,60,35
1246,BASIC_BLOCK,<types::_::<impl errors::_::_serde::Deserialize<'de> for types::Metadata>::deserialize::__Visitor<'de> as errors::_::_serde::de::Visitor<'de>>::visit_map::bb14,canon-utils/analysis/src/types.rs,60,35
1247,BASIC_BLOCK,<types::_::<impl errors::_::_serde::Deserialize<'de> for types::Metadata>::deserialize::__Visitor<'de> as errors::_::_serde::de::Visitor<'de>>::visit_map::bb15,canon-utils/analysis/src/types.rs,60,35
1248,CALL_SITE,<types::_::<impl errors::_::_serde::Deserialize<'de> for types::Metadata>::deserialize::__Visitor<'de> as errors::_::_serde::de::Visitor<'de>>::visit_map::bb15::call8,canon-utils/analysis/src/types.rs,60,35
1249,BASIC_BLOCK,<types::_::<impl errors::_::_serde::Deserialize<'de> for types::Metadata>::deserialize::__Visitor<'de> as errors::_::_serde::de::Visitor<'de>>::visit_map::bb16,canon-utils/analysis/src/lib.rs,1,1
1250,BASIC_BLOCK,<types::_::<impl errors::_::_serde::Deserialize<'de> for types::Metadata>::deserialize::__Visitor<'de> as errors::_::_serde::de::Visitor<'de>>::visit_map::bb17,canon-utils/analysis/src/types.rs,60,35
1251,CALL_SITE,<types::_::<impl errors::_::_serde::Deserialize<'de> for types::Metadata>::deserialize::__Visitor<'de> as errors::_::_serde::de::Visitor<'de>>::visit_map::bb17::call9,canon-utils/analysis/src/types.rs,60,35
1252,BASIC_BLOCK,<types::_::<impl errors::_::_serde::Deserialize<'de> for types::Metadata>::deserialize::__Visitor<'de> as errors::_::_serde::de::Visitor<'de>>::visit_map::bb18,canon-utils/analysis/src/types.rs,60,35
1253,CALL_SITE,<types::_::<impl errors::_::_serde::Deserialize<'de> for types::Metadata>::deserialize::__Visitor<'de> as errors::_::_serde::de::Visitor<'de>>::visit_map::bb18::call10,canon-utils/analysis/src/types.rs,60,35
1254,BASIC_BLOCK,<types::_::<impl errors::_::_serde::Deserialize<'de> for types::Metadata>::deserialize::__Visitor<'de> as errors::_::_serde::de::Visitor<'de>>::visit_map::bb19,canon-utils/analysis/src/types.rs,60,35
1255,CALL_SITE,<types::_::<impl errors::_::_serde::Deserialize<'de> for types::Metadata>::deserialize::__Visitor<'de> as errors::_::_serde::de::Visitor<'de>>::visit_map::bb1::call0,canon-utils/analysis/src/types.rs,60,35
1256,BASIC_BLOCK,<types::_::<impl errors::_::_serde::Deserialize<'de> for types::Metadata>::deserialize::__Visitor<'de> as errors::_::_serde::de::Visitor<'de>>::visit_map::bb2,canon-utils/analysis/src/types.rs,60,35
1257,BASIC_BLOCK,<types::_::<impl errors::_::_serde::Deserialize<'de> for types::Metadata>::deserialize::__Visitor<'de> as errors::_::_serde::de::Visitor<'de>>::visit_map::bb20,canon-utils/analysis/src/types.rs,60,35
1258,BASIC_BLOCK,<types::_::<impl errors::_::_serde::Deserialize<'de> for types::Metadata>::deserialize::__Visitor<'de> as errors::_::_serde::de::Visitor<'de>>::visit_map::bb21,canon-utils/analysis/src/types.rs,60,35
1259,CALL_SITE,<types::_::<impl errors::_::_serde::Deserialize<'de> for types::Metadata>::deserialize::__Visitor<'de> as errors::_::_serde::de::Visitor<'de>>::visit_map::bb21::call11,canon-utils/analysis/src/types.rs,60,35
1260,BASIC_BLOCK,<types::_::<impl errors::_::_serde::Deserialize<'de> for types::Metadata>::deserialize::__Visitor<'de> as errors::_::_serde::de::Visitor<'de>>::visit_map::bb22,canon-utils/analysis/src/types.rs,60,35
1261,BASIC_BLOCK,<types::_::<impl errors::_::_serde::Deserialize<'de> for types::Metadata>::deserialize::__Visitor<'de> as errors::_::_serde::de::Visitor<'de>>::visit_map::bb23,canon-utils/analysis/src/types.rs,60,35
1262,BASIC_BLOCK,<types::_::<impl errors::_::_serde::Deserialize<'de> for types::Metadata>::deserialize::__Visitor<'de> as errors::_::_serde::de::Visitor<'de>>::visit_map::bb24,canon-utils/analysis/src/types.rs,60,35
1263,BASIC_BLOCK,<types::_::<impl errors::_::_serde::Deserialize<'de> for types::Metadata>::deserialize::__Visitor<'de> as errors::_::_serde::de::Visitor<'de>>::visit_map::bb25,canon-utils/analysis/src/types.rs,60,35
1264,CALL_SITE,<types::_::<impl errors::_::_serde::Deserialize<'de> for types::Metadata>::deserialize::__Visitor<'de> as errors::_::_serde::de::Visitor<'de>>::visit_map::bb25::call12,canon-utils/analysis/src/types.rs,60,35
1265,BASIC_BLOCK,<types::_::<impl errors::_::_serde::Deserialize<'de> for types::Metadata>::deserialize::__Visitor<'de> as errors::_::_serde::de::Visitor<'de>>::visit_map::bb26,canon-utils/analysis/src/lib.rs,1,1
1266,BASIC_BLOCK,<types::_::<impl errors::_::_serde::Deserialize<'de> for types::Metadata>::deserialize::__Visitor<'de> as errors::_::_serde::de::Visitor<'de>>::visit_map::bb27,canon-utils/analysis/src/types.rs,60,35
1267,CALL_SITE,<types::_::<impl errors::_::_serde::Deserialize<'de> for types::Metadata>::deserialize::__Visitor<'de> as errors::_::_serde::de::Visitor<'de>>::visit_map::bb27::call13,canon-utils/analysis/src/types.rs,60,35
1268,BASIC_BLOCK,<types::_::<impl errors::_::_serde::Deserialize<'de> for types::Metadata>::deserialize::__Visitor<'de> as errors::_::_serde::de::Visitor<'de>>::visit_map::bb28,canon-utils/analysis/src/types.rs,60,35
1269,CALL_SITE,<types::_::<impl errors::_::_serde::Deserialize<'de> for types::Metadata>::deserialize::__Visitor<'de> as errors::_::_serde::de::Visitor<'de>>::visit_map::bb28::call14,canon-utils/analysis/src/types.rs,60,35
1270,BASIC_BLOCK,<types::_::<impl errors::_::_serde::Deserialize<'de> for types::Metadata>::deserialize::__Visitor<'de> as errors::_::_serde::de::Visitor<'de>>::visit_map::bb29,canon-utils/analysis/src/types.rs,60,35
1271,CALL_SITE,<types::_::<impl errors::_::_serde::Deserialize<'de> for types::Metadata>::deserialize::__Visitor<'de> as errors::_::_serde::de::Visitor<'de>>::visit_map::bb2::call1,canon-utils/analysis/src/types.rs,60,35
1272,BASIC_BLOCK,<types::_::<impl errors::_::_serde::Deserialize<'de> for types::Metadata>::deserialize::__Visitor<'de> as errors::_::_serde::de::Visitor<'de>>::visit_map::bb3,canon-utils/analysis/src/types.rs,60,35
1273,BASIC_BLOCK,<types::_::<impl errors::_::_serde::Deserialize<'de> for types::Metadata>::deserialize::__Visitor<'de> as errors::_::_serde::de::Visitor<'de>>::visit_map::bb30,canon-utils/analysis/src/types.rs,60,35
1274,BASIC_BLOCK,<types::_::<impl errors::_::_serde::Deserialize<'de> for types::Metadata>::deserialize::__Visitor<'de> as errors::_::_serde::de::Visitor<'de>>::visit_map::bb31,canon-utils/analysis/src/types.rs,60,35
1275,CALL_SITE,<types::_::<impl errors::_::_serde::Deserialize<'de> for types::Metadata>::deserialize::__Visitor<'de> as errors::_::_serde::de::Visitor<'de>>::visit_map::bb31::call15,canon-utils/analysis/src/types.rs,60,35
1276,BASIC_BLOCK,<types::_::<impl errors::_::_serde::Deserialize<'de> for types::Metadata>::deserialize::__Visitor<'de> as errors::_::_serde::de::Visitor<'de>>::visit_map::bb32,canon-utils/analysis/src/types.rs,60,35
1277,BASIC_BLOCK,<types::_::<impl errors::_::_serde::Deserialize<'de> for types::Metadata>::deserialize::__Visitor<'de> as errors::_::_serde::de::Visitor<'de>>::visit_map::bb33,canon-utils/analysis/src/types.rs,60,35
1278,CALL_SITE,<types::_::<impl errors::_::_serde::Deserialize<'de> for types::Metadata>::deserialize::__Visitor<'de> as errors::_::_serde::de::Visitor<'de>>::visit_map::bb33::call16,canon-utils/analysis/src/types.rs,60,35
1279,BASIC_BLOCK,<types::_::<impl errors::_::_serde::Deserialize<'de> for types::Metadata>::deserialize::__Visitor<'de> as errors::_::_serde::de::Visitor<'de>>::visit_map::bb34,canon-utils/analysis/src/lib.rs,1,1
1280,BASIC_BLOCK,<types::_::<impl errors::_::_serde::Deserialize<'de> for types::Metadata>::deserialize::__Visitor<'de> as errors::_::_serde::de::Visitor<'de>>::visit_map::bb35,canon-utils/analysis/src/types.rs,60,35
1281,CALL_SITE,<types::_::<impl errors::_::_serde::Deserialize<'de> for types::Metadata>::deserialize::__Visitor<'de> as errors::_::_serde::de::Visitor<'de>>::visit_map::bb35::call17,canon-utils/analysis/src/types.rs,60,35
1282,BASIC_BLOCK,<types::_::<impl errors::_::_serde::Deserialize<'de> for types::Metadata>::deserialize::__Visitor<'de> as errors::_::_serde::de::Visitor<'de>>::visit_map::bb36,canon-utils/analysis/src/types.rs,60,35
1283,CALL_SITE,<types::_::<impl errors::_::_serde::Deserialize<'de> for types::Metadata>::deserialize::__Visitor<'de> as errors::_::_serde::de::Visitor<'de>>::visit_map::bb36::call18,canon-utils/analysis/src/types.rs,60,35
1284,BASIC_BLOCK,<types::_::<impl errors::_::_serde::Deserialize<'de> for types::Metadata>::deserialize::__Visitor<'de> as errors::_::_serde::de::Visitor<'de>>::visit_map::bb37,canon-utils/analysis/src/types.rs,60,35
1285,BASIC_BLOCK,<types::_::<impl errors::_::_serde::Deserialize<'de> for types::Metadata>::deserialize::__Visitor<'de> as errors::_::_serde::de::Visitor<'de>>::visit_map::bb38,canon-utils/analysis/src/types.rs,60,35
1286,BASIC_BLOCK,<types::_::<impl errors::_::_serde::Deserialize<'de> for types::Metadata>::deserialize::__Visitor<'de> as errors::_::_serde::de::Visitor<'de>>::visit_map::bb39,canon-utils/analysis/src/types.rs,60,35
1287,CALL_SITE,<types::_::<impl errors::_::_serde::Deserialize<'de> for types::Metadata>::deserialize::__Visitor<'de> as errors::_::_serde::de::Visitor<'de>>::visit_map::bb39::call19,canon-utils/analysis/src/types.rs,60,35
1288,BASIC_BLOCK,<types::_::<impl errors::_::_serde::Deserialize<'de> for types::Metadata>::deserialize::__Visitor<'de> as errors::_::_serde::de::Visitor<'de>>::visit_map::bb4,canon-utils/analysis/src/lib.rs,1,1
1289,BASIC_BLOCK,<types::_::<impl errors::_::_serde::Deserialize<'de> for types::Metadata>::deserialize::__Visitor<'de> as errors::_::_serde::de::Visitor<'de>>::visit_map::bb40,canon-utils/analysis/src/types.rs,60,35
1290,BASIC_BLOCK,<types::_::<impl errors::_::_serde::Deserialize<'de> for types::Metadata>::deserialize::__Visitor<'de> as errors::_::_serde::de::Visitor<'de>>::visit_map::bb41,canon-utils/analysis/src/types.rs,60,35
1291,CALL_SITE,<types::_::<impl errors::_::_serde::Deserialize<'de> for types::Metadata>::deserialize::__Visitor<'de> as errors::_::_serde::de::Visitor<'de>>::visit_map::bb41::call20,canon-utils/analysis/src/types.rs,60,35
1292,BASIC_BLOCK,<types::_::<impl errors::_::_serde::Deserialize<'de> for types::Metadata>::deserialize::__Visitor<'de> as errors::_::_serde::de::Visitor<'de>>::visit_map::bb42,canon-utils/analysis/src/lib.rs,1,1
1293,BASIC_BLOCK,<types::_::<impl errors::_::_serde::Deserialize<'de> for types::Metadata>::deserialize::__Visitor<'de> as errors::_::_serde::de::Visitor<'de>>::visit_map::bb43,canon-utils/analysis/src/types.rs,60,35
1294,CALL_SITE,<types::_::<impl errors::_::_serde::Deserialize<'de> for types::Metadata>::deserialize::__Visitor<'de> as errors::_::_serde::de::Visitor<'de>>::visit_map::bb43::call21,canon-utils/analysis/src/types.rs,60,35
1295,BASIC_BLOCK,<types::_::<impl errors::_::_serde::Deserialize<'de> for types::Metadata>::deserialize::__Visitor<'de> as errors::_::_serde::de::Visitor<'de>>::visit_map::bb44,canon-utils/analysis/src/types.rs,60,35
1296,CALL_SITE,<types::_::<impl errors::_::_serde::Deserialize<'de> for types::Metadata>::deserialize::__Visitor<'de> as errors::_::_serde::de::Visitor<'de>>::visit_map::bb44::call22,canon-utils/analysis/src/types.rs,60,35
1297,BASIC_BLOCK,<types::_::<impl errors::_::_serde::Deserialize<'de> for types::Metadata>::deserialize::__Visitor<'de> as errors::_::_serde::de::Visitor<'de>>::visit_map::bb45,canon-utils/analysis/src/types.rs,60,35
1298,BASIC_BLOCK,<types::_::<impl errors::_::_serde::Deserialize<'de> for types::Metadata>::deserialize::__Visitor<'de> as errors::_::_serde::de::Visitor<'de>>::visit_map::bb46,canon-utils/analysis/src/types.rs,60,35
1299,BASIC_BLOCK,<types::_::<impl errors::_::_serde::Deserialize<'de> for types::Metadata>::deserialize::__Visitor<'de> as errors::_::_serde::de::Visitor<'de>>::visit_map::bb47,canon-utils/analysis/src/types.rs,60,35
1300,CALL_SITE,<types::_::<impl errors::_::_serde::Deserialize<'de> for types::Metadata>::deserialize::__Visitor<'de> as errors::_::_serde::de::Visitor<'de>>::visit_map::bb47::call23,canon-utils/analysis/src/types.rs,60,35
1301,BASIC_BLOCK,<types::_::<impl errors::_::_serde::Deserialize<'de> for types::Metadata>::deserialize::__Visitor<'de> as errors::_::_serde::de::Visitor<'de>>::visit_map::bb48,canon-utils/analysis/src/types.rs,60,35
1302,BASIC_BLOCK,<types::_::<impl errors::_::_serde::Deserialize<'de> for types::Metadata>::deserialize::__Visitor<'de> as errors::_::_serde::de::Visitor<'de>>::visit_map::bb49,canon-utils/analysis/src/types.rs,60,35
1303,BASIC_BLOCK,<types::_::<impl errors::_::_serde::Deserialize<'de> for types::Metadata>::deserialize::__Visitor<'de> as errors::_::_serde::de::Visitor<'de>>::visit_map::bb5,canon-utils/analysis/src/types.rs,60,35
1304,BASIC_BLOCK,<types::_::<impl errors::_::_serde::Deserialize<'de> for types::Metadata>::deserialize::__Visitor<'de> as errors::_::_serde::de::Visitor<'de>>::visit_map::bb50,canon-utils/analysis/src/types.rs,60,35
1305,CALL_SITE,<types::_::<impl errors::_::_serde::Deserialize<'de> for types::Metadata>::deserialize::__Visitor<'de> as errors::_::_serde::de::Visitor<'de>>::visit_map::bb50::call24,canon-utils/analysis/src/types.rs,60,35
1306,BASIC_BLOCK,<types::_::<impl errors::_::_serde::Deserialize<'de> for types::Metadata>::deserialize::__Visitor<'de> as errors::_::_serde::de::Visitor<'de>>::visit_map::bb51,canon-utils/analysis/src/types.rs,60,35
1307,BASIC_BLOCK,<types::_::<impl errors::_::_serde::Deserialize<'de> for types::Metadata>::deserialize::__Visitor<'de> as errors::_::_serde::de::Visitor<'de>>::visit_map::bb52,canon-utils/analysis/src/types.rs,60,35
1308,CALL_SITE,<types::_::<impl errors::_::_serde::Deserialize<'de> for types::Metadata>::deserialize::__Visitor<'de> as errors::_::_serde::de::Visitor<'de>>::visit_map::bb52::call25,canon-utils/analysis/src/types.rs,60,35
1309,BASIC_BLOCK,<types::_::<impl errors::_::_serde::Deserialize<'de> for types::Metadata>::deserialize::__Visitor<'de> as errors::_::_serde::de::Visitor<'de>>::visit_map::bb53,canon-utils/analysis/src/types.rs,60,35
1310,CALL_SITE,<types::_::<impl errors::_::_serde::Deserialize<'de> for types::Metadata>::deserialize::__Visitor<'de> as errors::_::_serde::de::Visitor<'de>>::visit_map::bb53::call26,canon-utils/analysis/src/types.rs,60,35
1311,BASIC_BLOCK,<types::_::<impl errors::_::_serde::Deserialize<'de> for types::Metadata>::deserialize::__Visitor<'de> as errors::_::_serde::de::Visitor<'de>>::visit_map::bb54,canon-utils/analysis/src/types.rs,60,45
1312,BASIC_BLOCK,<types::_::<impl errors::_::_serde::Deserialize<'de> for types::Metadata>::deserialize::__Visitor<'de> as errors::_::_serde::de::Visitor<'de>>::visit_map::bb55,canon-utils/analysis/src/types.rs,60,35
1313,CALL_SITE,<types::_::<impl errors::_::_serde::Deserialize<'de> for types::Metadata>::deserialize::__Visitor<'de> as errors::_::_serde::de::Visitor<'de>>::visit_map::bb55::call27,canon-utils/analysis/src/types.rs,60,35
1314,BASIC_BLOCK,<types::_::<impl errors::_::_serde::Deserialize<'de> for types::Metadata>::deserialize::__Visitor<'de> as errors::_::_serde::de::Visitor<'de>>::visit_map::bb56,canon-utils/analysis/src/types.rs,60,35
1315,BASIC_BLOCK,<types::_::<impl errors::_::_serde::Deserialize<'de> for types::Metadata>::deserialize::__Visitor<'de> as errors::_::_serde::de::Visitor<'de>>::visit_map::bb57,canon-utils/analysis/src/types.rs,60,45
1316,BASIC_BLOCK,<types::_::<impl errors::_::_serde::Deserialize<'de> for types::Metadata>::deserialize::__Visitor<'de> as errors::_::_serde::de::Visitor<'de>>::visit_map::bb58,canon-utils/analysis/src/types.rs,60,35
1317,CALL_SITE,<types::_::<impl errors::_::_serde::Deserialize<'de> for types::Metadata>::deserialize::__Visitor<'de> as errors::_::_serde::de::Visitor<'de>>::visit_map::bb58::call28,canon-utils/analysis/src/types.rs,60,35
1318,BASIC_BLOCK,<types::_::<impl errors::_::_serde::Deserialize<'de> for types::Metadata>::deserialize::__Visitor<'de> as errors::_::_serde::de::Visitor<'de>>::visit_map::bb59,canon-utils/analysis/src/types.rs,60,35
1319,BASIC_BLOCK,<types::_::<impl errors::_::_serde::Deserialize<'de> for types::Metadata>::deserialize::__Visitor<'de> as errors::_::_serde::de::Visitor<'de>>::visit_map::bb6,canon-utils/analysis/src/types.rs,60,35
1320,BASIC_BLOCK,<types::_::<impl errors::_::_serde::Deserialize<'de> for types::Metadata>::deserialize::__Visitor<'de> as errors::_::_serde::de::Visitor<'de>>::visit_map::bb60,canon-utils/analysis/src/types.rs,60,35
1321,CALL_SITE,<types::_::<impl errors::_::_serde::Deserialize<'de> for types::Metadata>::deserialize::__Visitor<'de> as errors::_::_serde::de::Visitor<'de>>::visit_map::bb60::call29,canon-utils/analysis/src/types.rs,60,35
1322,BASIC_BLOCK,<types::_::<impl errors::_::_serde::Deserialize<'de> for types::Metadata>::deserialize::__Visitor<'de> as errors::_::_serde::de::Visitor<'de>>::visit_map::bb61,canon-utils/analysis/src/types.rs,60,45
1323,BASIC_BLOCK,<types::_::<impl errors::_::_serde::Deserialize<'de> for types::Metadata>::deserialize::__Visitor<'de> as errors::_::_serde::de::Visitor<'de>>::visit_map::bb62,canon-utils/analysis/src/types.rs,60,35
1324,CALL_SITE,<types::_::<impl errors::_::_serde::Deserialize<'de> for types::Metadata>::deserialize::__Visitor<'de> as errors::_::_serde::de::Visitor<'de>>::visit_map::bb62::call30,canon-utils/analysis/src/types.rs,60,35
1325,BASIC_BLOCK,<types::_::<impl errors::_::_serde::Deserialize<'de> for types::Metadata>::deserialize::__Visitor<'de> as errors::_::_serde::de::Visitor<'de>>::visit_map::bb63,canon-utils/analysis/src/types.rs,60,35
1326,BASIC_BLOCK,<types::_::<impl errors::_::_serde::Deserialize<'de> for types::Metadata>::deserialize::__Visitor<'de> as errors::_::_serde::de::Visitor<'de>>::visit_map::bb64,canon-utils/analysis/src/types.rs,60,45
1327,BASIC_BLOCK,<types::_::<impl errors::_::_serde::Deserialize<'de> for types::Metadata>::deserialize::__Visitor<'de> as errors::_::_serde::de::Visitor<'de>>::visit_map::bb65,canon-utils/analysis/src/types.rs,60,35
1328,CALL_SITE,<types::_::<impl errors::_::_serde::Deserialize<'de> for types::Metadata>::deserialize::__Visitor<'de> as errors::_::_serde::de::Visitor<'de>>::visit_map::bb65::call31,canon-utils/analysis/src/types.rs,60,35
1329,BASIC_BLOCK,<types::_::<impl errors::_::_serde::Deserialize<'de> for types::Metadata>::deserialize::__Visitor<'de> as errors::_::_serde::de::Visitor<'de>>::visit_map::bb66,canon-utils/analysis/src/types.rs,60,35
1330,BASIC_BLOCK,<types::_::<impl errors::_::_serde::Deserialize<'de> for types::Metadata>::deserialize::__Visitor<'de> as errors::_::_serde::de::Visitor<'de>>::visit_map::bb67,canon-utils/analysis/src/types.rs,60,35
1331,CALL_SITE,<types::_::<impl errors::_::_serde::Deserialize<'de> for types::Metadata>::deserialize::__Visitor<'de> as errors::_::_serde::de::Visitor<'de>>::visit_map::bb67::call32,canon-utils/analysis/src/types.rs,60,35
1332,BASIC_BLOCK,<types::_::<impl errors::_::_serde::Deserialize<'de> for types::Metadata>::deserialize::__Visitor<'de> as errors::_::_serde::de::Visitor<'de>>::visit_map::bb68,canon-utils/analysis/src/types.rs,60,45
1333,BASIC_BLOCK,<types::_::<impl errors::_::_serde::Deserialize<'de> for types::Metadata>::deserialize::__Visitor<'de> as errors::_::_serde::de::Visitor<'de>>::visit_map::bb69,canon-utils/analysis/src/types.rs,60,35
1334,CALL_SITE,<types::_::<impl errors::_::_serde::Deserialize<'de> for types::Metadata>::deserialize::__Visitor<'de> as errors::_::_serde::de::Visitor<'de>>::visit_map::bb69::call33,canon-utils/analysis/src/types.rs,60,35
1335,CALL_SITE,<types::_::<impl errors::_::_serde::Deserialize<'de> for types::Metadata>::deserialize::__Visitor<'de> as errors::_::_serde::de::Visitor<'de>>::visit_map::bb6::call2,canon-utils/analysis/src/types.rs,60,35
1336,BASIC_BLOCK,<types::_::<impl errors::_::_serde::Deserialize<'de> for types::Metadata>::deserialize::__Visitor<'de> as errors::_::_serde::de::Visitor<'de>>::visit_map::bb7,canon-utils/analysis/src/types.rs,60,35
1337,BASIC_BLOCK,<types::_::<impl errors::_::_serde::Deserialize<'de> for types::Metadata>::deserialize::__Visitor<'de> as errors::_::_serde::de::Visitor<'de>>::visit_map::bb70,canon-utils/analysis/src/types.rs,60,35
1338,BASIC_BLOCK,<types::_::<impl errors::_::_serde::Deserialize<'de> for types::Metadata>::deserialize::__Visitor<'de> as errors::_::_serde::de::Visitor<'de>>::visit_map::bb71,canon-utils/analysis/src/types.rs,60,45
1339,BASIC_BLOCK,<types::_::<impl errors::_::_serde::Deserialize<'de> for types::Metadata>::deserialize::__Visitor<'de> as errors::_::_serde::de::Visitor<'de>>::visit_map::bb72,canon-utils/analysis/src/types.rs,60,35
1340,CALL_SITE,<types::_::<impl errors::_::_serde::Deserialize<'de> for types::Metadata>::deserialize::__Visitor<'de> as errors::_::_serde::de::Visitor<'de>>::visit_map::bb72::call34,canon-utils/analysis/src/types.rs,60,35
1341,BASIC_BLOCK,<types::_::<impl errors::_::_serde::Deserialize<'de> for types::Metadata>::deserialize::__Visitor<'de> as errors::_::_serde::de::Visitor<'de>>::visit_map::bb73,canon-utils/analysis/src/types.rs,60,35
1342,BASIC_BLOCK,<types::_::<impl errors::_::_serde::Deserialize<'de> for types::Metadata>::deserialize::__Visitor<'de> as errors::_::_serde::de::Visitor<'de>>::visit_map::bb74,canon-utils/analysis/src/types.rs,60,35
1343,CALL_SITE,<types::_::<impl errors::_::_serde::Deserialize<'de> for types::Metadata>::deserialize::__Visitor<'de> as errors::_::_serde::de::Visitor<'de>>::visit_map::bb74::call35,canon-utils/analysis/src/types.rs,60,35
1344,BASIC_BLOCK,<types::_::<impl errors::_::_serde::Deserialize<'de> for types::Metadata>::deserialize::__Visitor<'de> as errors::_::_serde::de::Visitor<'de>>::visit_map::bb75,canon-utils/analysis/src/types.rs,60,45
1345,BASIC_BLOCK,<types::_::<impl errors::_::_serde::Deserialize<'de> for types::Metadata>::deserialize::__Visitor<'de> as errors::_::_serde::de::Visitor<'de>>::visit_map::bb76,canon-utils/analysis/src/types.rs,60,35
1346,CALL_SITE,<types::_::<impl errors::_::_serde::Deserialize<'de> for types::Metadata>::deserialize::__Visitor<'de> as errors::_::_serde::de::Visitor<'de>>::visit_map::bb76::call36,canon-utils/analysis/src/types.rs,60,35
1347,BASIC_BLOCK,<types::_::<impl errors::_::_serde::Deserialize<'de> for types::Metadata>::deserialize::__Visitor<'de> as errors::_::_serde::de::Visitor<'de>>::visit_map::bb77,canon-utils/analysis/src/types.rs,60,35
1348,BASIC_BLOCK,<types::_::<impl errors::_::_serde::Deserialize<'de> for types::Metadata>::deserialize::__Visitor<'de> as errors::_::_serde::de::Visitor<'de>>::visit_map::bb78,canon-utils/analysis/src/types.rs,60,45
1349,BASIC_BLOCK,<types::_::<impl errors::_::_serde::Deserialize<'de> for types::Metadata>::deserialize::__Visitor<'de> as errors::_::_serde::de::Visitor<'de>>::visit_map::bb79,canon-utils/analysis/src/types.rs,60,35
1350,CALL_SITE,<types::_::<impl errors::_::_serde::Deserialize<'de> for types::Metadata>::deserialize::__Visitor<'de> as errors::_::_serde::de::Visitor<'de>>::visit_map::bb79::call37,canon-utils/analysis/src/types.rs,60,35
1351,BASIC_BLOCK,<types::_::<impl errors::_::_serde::Deserialize<'de> for types::Metadata>::deserialize::__Visitor<'de> as errors::_::_serde::de::Visitor<'de>>::visit_map::bb8,canon-utils/analysis/src/types.rs,60,35
1352,BASIC_BLOCK,<types::_::<impl errors::_::_serde::Deserialize<'de> for types::Metadata>::deserialize::__Visitor<'de> as errors::_::_serde::de::Visitor<'de>>::visit_map::bb80,canon-utils/analysis/src/types.rs,60,45
1353,BASIC_BLOCK,<types::_::<impl errors::_::_serde::Deserialize<'de> for types::Metadata>::deserialize::__Visitor<'de> as errors::_::_serde::de::Visitor<'de>>::visit_map::bb81,canon-utils/analysis/src/types.rs,60,45
1354,BASIC_BLOCK,<types::_::<impl errors::_::_serde::Deserialize<'de> for types::Metadata>::deserialize::__Visitor<'de> as errors::_::_serde::de::Visitor<'de>>::visit_map::bb82,canon-utils/analysis/src/types.rs,60,46
1355,BASIC_BLOCK,<types::_::<impl errors::_::_serde::Deserialize<'de> for types::Metadata>::deserialize::__Visitor<'de> as errors::_::_serde::de::Visitor<'de>>::visit_map::bb83,canon-utils/analysis/src/types.rs,60,45
1356,BASIC_BLOCK,<types::_::<impl errors::_::_serde::Deserialize<'de> for types::Metadata>::deserialize::__Visitor<'de> as errors::_::_serde::de::Visitor<'de>>::visit_map::bb84,canon-utils/analysis/src/types.rs,60,45
1357,BASIC_BLOCK,<types::_::<impl errors::_::_serde::Deserialize<'de> for types::Metadata>::deserialize::__Visitor<'de> as errors::_::_serde::de::Visitor<'de>>::visit_map::bb85,canon-utils/analysis/src/types.rs,60,45
1358,BASIC_BLOCK,<types::_::<impl errors::_::_serde::Deserialize<'de> for types::Metadata>::deserialize::__Visitor<'de> as errors::_::_serde::de::Visitor<'de>>::visit_map::bb86,canon-utils/analysis/src/types.rs,60,35
1359,BASIC_BLOCK,<types::_::<impl errors::_::_serde::Deserialize<'de> for types::Metadata>::deserialize::__Visitor<'de> as errors::_::_serde::de::Visitor<'de>>::visit_map::bb87,canon-utils/analysis/src/types.rs,60,45
1360,BASIC_BLOCK,<types::_::<impl errors::_::_serde::Deserialize<'de> for types::Metadata>::deserialize::__Visitor<'de> as errors::_::_serde::de::Visitor<'de>>::visit_map::bb88,canon-utils/analysis/src/types.rs,60,45
1361,BASIC_BLOCK,<types::_::<impl errors::_::_serde::Deserialize<'de> for types::Metadata>::deserialize::__Visitor<'de> as errors::_::_serde::de::Visitor<'de>>::visit_map::bb89,canon-utils/analysis/src/types.rs,60,45
1362,BASIC_BLOCK,<types::_::<impl errors::_::_serde::Deserialize<'de> for types::Metadata>::deserialize::__Visitor<'de> as errors::_::_serde::de::Visitor<'de>>::visit_map::bb9,canon-utils/analysis/src/types.rs,60,35
1363,BASIC_BLOCK,<types::_::<impl errors::_::_serde::Deserialize<'de> for types::Metadata>::deserialize::__Visitor<'de> as errors::_::_serde::de::Visitor<'de>>::visit_map::bb90,canon-utils/analysis/src/types.rs,60,45
1364,BASIC_BLOCK,<types::_::<impl errors::_::_serde::Deserialize<'de> for types::Metadata>::deserialize::__Visitor<'de> as errors::_::_serde::de::Visitor<'de>>::visit_map::bb91,canon-utils/analysis/src/types.rs,60,45
1365,BASIC_BLOCK,<types::_::<impl errors::_::_serde::Deserialize<'de> for types::Metadata>::deserialize::__Visitor<'de> as errors::_::_serde::de::Visitor<'de>>::visit_map::bb92,canon-utils/analysis/src/types.rs,60,45
1366,BASIC_BLOCK,<types::_::<impl errors::_::_serde::Deserialize<'de> for types::Metadata>::deserialize::__Visitor<'de> as errors::_::_serde::de::Visitor<'de>>::visit_map::bb93,canon-utils/analysis/src/types.rs,60,45
1367,BASIC_BLOCK,<types::_::<impl errors::_::_serde::Deserialize<'de> for types::Metadata>::deserialize::__Visitor<'de> as errors::_::_serde::de::Visitor<'de>>::visit_map::bb94,canon-utils/analysis/src/types.rs,60,45
1368,BASIC_BLOCK,<types::_::<impl errors::_::_serde::Deserialize<'de> for types::Metadata>::deserialize::__Visitor<'de> as errors::_::_serde::de::Visitor<'de>>::visit_map::bb95,canon-utils/analysis/src/types.rs,60,45
1369,BASIC_BLOCK,<types::_::<impl errors::_::_serde::Deserialize<'de> for types::Metadata>::deserialize::__Visitor<'de> as errors::_::_serde::de::Visitor<'de>>::visit_map::bb96,canon-utils/analysis/src/types.rs,60,45
1370,BASIC_BLOCK,<types::_::<impl errors::_::_serde::Deserialize<'de> for types::Metadata>::deserialize::__Visitor<'de> as errors::_::_serde::de::Visitor<'de>>::visit_map::bb97,canon-utils/analysis/src/types.rs,60,45
1371,BASIC_BLOCK,<types::_::<impl errors::_::_serde::Deserialize<'de> for types::Metadata>::deserialize::__Visitor<'de> as errors::_::_serde::de::Visitor<'de>>::visit_map::bb98,canon-utils/analysis/src/types.rs,60,45
1372,BASIC_BLOCK,<types::_::<impl errors::_::_serde::Deserialize<'de> for types::Metadata>::deserialize::__Visitor<'de> as errors::_::_serde::de::Visitor<'de>>::visit_map::bb99,canon-utils/analysis/src/types.rs,60,35
1373,CALL_SITE,<types::_::<impl errors::_::_serde::Deserialize<'de> for types::Metadata>::deserialize::__Visitor<'de> as errors::_::_serde::de::Visitor<'de>>::visit_map::bb9::call3,canon-utils/analysis/src/types.rs,60,35
1374,METHOD,<types::_::<impl errors::_::_serde::Deserialize<'de> for types::Metadata>::deserialize::__Visitor<'de> as errors::_::_serde::de::Visitor<'de>>::visit_map::fn,canon-utils/analysis/src/types.rs,60,35
1375,PARAM,<types::_::<impl errors::_::_serde::Deserialize<'de> for types::Metadata>::deserialize::__Visitor<'de> as errors::_::_serde::de::Visitor<'de>>::visit_map::param0,canon-utils/analysis/src/types.rs,60,35
1376,PARAM,<types::_::<impl errors::_::_serde::Deserialize<'de> for types::Metadata>::deserialize::__Visitor<'de> as errors::_::_serde::de::Visitor<'de>>::visit_map::param1,canon-utils/analysis/src/types.rs,60,35
1377,BASIC_BLOCK,<types::_::<impl errors::_::_serde::Deserialize<'de> for types::Metadata>::deserialize::__Visitor<'de> as errors::_::_serde::de::Visitor<'de>>::visit_seq::bb0,canon-utils/analysis/src/types.rs,60,35
1378,CALL_SITE,<types::_::<impl errors::_::_serde::Deserialize<'de> for types::Metadata>::deserialize::__Visitor<'de> as errors::_::_serde::de::Visitor<'de>>::visit_seq::bb0::call0,canon-utils/analysis/src/types.rs,60,35
1379,BASIC_BLOCK,<types::_::<impl errors::_::_serde::Deserialize<'de> for types::Metadata>::deserialize::__Visitor<'de> as errors::_::_serde::de::Visitor<'de>>::visit_seq::bb1,canon-utils/analysis/src/types.rs,60,35
1380,BASIC_BLOCK,<types::_::<impl errors::_::_serde::Deserialize<'de> for types::Metadata>::deserialize::__Visitor<'de> as errors::_::_serde::de::Visitor<'de>>::visit_seq::bb10,canon-utils/analysis/src/types.rs,60,35
1381,BASIC_BLOCK,<types::_::<impl errors::_::_serde::Deserialize<'de> for types::Metadata>::deserialize::__Visitor<'de> as errors::_::_serde::de::Visitor<'de>>::visit_seq::bb11,canon-utils/analysis/src/types.rs,60,35
1382,BASIC_BLOCK,<types::_::<impl errors::_::_serde::Deserialize<'de> for types::Metadata>::deserialize::__Visitor<'de> as errors::_::_serde::de::Visitor<'de>>::visit_seq::bb12,canon-utils/analysis/src/types.rs,60,35
1383,CALL_SITE,<types::_::<impl errors::_::_serde::Deserialize<'de> for types::Metadata>::deserialize::__Visitor<'de> as errors::_::_serde::de::Visitor<'de>>::visit_seq::bb12::call6,canon-utils/analysis/src/types.rs,60,35
1384,BASIC_BLOCK,<types::_::<impl errors::_::_serde::Deserialize<'de> for types::Metadata>::deserialize::__Visitor<'de> as errors::_::_serde::de::Visitor<'de>>::visit_seq::bb13,canon-utils/analysis/src/types.rs,60,35
1385,CALL_SITE,<types::_::<impl errors::_::_serde::Deserialize<'de> for types::Metadata>::deserialize::__Visitor<'de> as errors::_::_serde::de::Visitor<'de>>::visit_seq::bb13::call7,canon-utils/analysis/src/types.rs,60,35
1386,BASIC_BLOCK,<types::_::<impl errors::_::_serde::Deserialize<'de> for types::Metadata>::deserialize::__Visitor<'de> as errors::_::_serde::de::Visitor<'de>>::visit_seq::bb14,canon-utils/analysis/src/types.rs,60,35
1387,CALL_SITE,<types::_::<impl errors::_::_serde::Deserialize<'de> for types::Metadata>::deserialize::__Visitor<'de> as errors::_::_serde::de::Visitor<'de>>::visit_seq::bb14::call8,canon-utils/analysis/src/types.rs,60,35
1388,BASIC_BLOCK,<types::_::<impl errors::_::_serde::Deserialize<'de> for types::Metadata>::deserialize::__Visitor<'de> as errors::_::_serde::de::Visitor<'de>>::visit_seq::bb15,canon-utils/analysis/src/lib.rs,1,1
1389,BASIC_BLOCK,<types::_::<impl errors::_::_serde::Deserialize<'de> for types::Metadata>::deserialize::__Visitor<'de> as errors::_::_serde::de::Visitor<'de>>::visit_seq::bb16,canon-utils/analysis/src/types.rs,60,35
1390,CALL_SITE,<types::_::<impl errors::_::_serde::Deserialize<'de> for types::Metadata>::deserialize::__Visitor<'de> as errors::_::_serde::de::Visitor<'de>>::visit_seq::bb16::call9,canon-utils/analysis/src/types.rs,60,35
1391,BASIC_BLOCK,<types::_::<impl errors::_::_serde::Deserialize<'de> for types::Metadata>::deserialize::__Visitor<'de> as errors::_::_serde::de::Visitor<'de>>::visit_seq::bb17,canon-utils/analysis/src/types.rs,60,35
1392,BASIC_BLOCK,<types::_::<impl errors::_::_serde::Deserialize<'de> for types::Metadata>::deserialize::__Visitor<'de> as errors::_::_serde::de::Visitor<'de>>::visit_seq::bb18,canon-utils/analysis/src/types.rs,60,35
1393,BASIC_BLOCK,<types::_::<impl errors::_::_serde::Deserialize<'de> for types::Metadata>::deserialize::__Visitor<'de> as errors::_::_serde::de::Visitor<'de>>::visit_seq::bb19,canon-utils/analysis/src/types.rs,60,35
1394,CALL_SITE,<types::_::<impl errors::_::_serde::Deserialize<'de> for types::Metadata>::deserialize::__Visitor<'de> as errors::_::_serde::de::Visitor<'de>>::visit_seq::bb19::call10,canon-utils/analysis/src/types.rs,60,35
1395,CALL_SITE,<types::_::<impl errors::_::_serde::Deserialize<'de> for types::Metadata>::deserialize::__Visitor<'de> as errors::_::_serde::de::Visitor<'de>>::visit_seq::bb1::call1,canon-utils/analysis/src/types.rs,60,35
1396,BASIC_BLOCK,<types::_::<impl errors::_::_serde::Deserialize<'de> for types::Metadata>::deserialize::__Visitor<'de> as errors::_::_serde::de::Visitor<'de>>::visit_seq::bb2,canon-utils/analysis/src/types.rs,60,35
1397,BASIC_BLOCK,<types::_::<impl errors::_::_serde::Deserialize<'de> for types::Metadata>::deserialize::__Visitor<'de> as errors::_::_serde::de::Visitor<'de>>::visit_seq::bb20,canon-utils/analysis/src/types.rs,60,35
1398,CALL_SITE,<types::_::<impl errors::_::_serde::Deserialize<'de> for types::Metadata>::deserialize::__Visitor<'de> as errors::_::_serde::de::Visitor<'de>>::visit_seq::bb20::call11,canon-utils/analysis/src/types.rs,60,35
1399,BASIC_BLOCK,<types::_::<impl errors::_::_serde::Deserialize<'de> for types::Metadata>::deserialize::__Visitor<'de> as errors::_::_serde::de::Visitor<'de>>::visit_seq::bb21,canon-utils/analysis/src/types.rs,60,35
1400,CALL_SITE,<types::_::<impl errors::_::_serde::Deserialize<'de> for types::Metadata>::deserialize::__Visitor<'de> as errors::_::_serde::de::Visitor<'de>>::visit_seq::bb21::call12,canon-utils/analysis/src/types.rs,60,35
1401,BASIC_BLOCK,<types::_::<impl errors::_::_serde::Deserialize<'de> for types::Metadata>::deserialize::__Visitor<'de> as errors::_::_serde::de::Visitor<'de>>::visit_seq::bb22,canon-utils/analysis/src/lib.rs,1,1
1402,BASIC_BLOCK,<types::_::<impl errors::_::_serde::Deserialize<'de> for types::Metadata>::deserialize::__Visitor<'de> as errors::_::_serde::de::Visitor<'de>>::visit_seq::bb23,canon-utils/analysis/src/types.rs,60,35
1403,CALL_SITE,<types::_::<impl errors::_::_serde::Deserialize<'de> for types::Metadata>::deserialize::__Visitor<'de> as errors::_::_serde::de::Visitor<'de>>::visit_seq::bb23::call13,canon-utils/analysis/src/types.rs,60,35
1404,BASIC_BLOCK,<types::_::<impl errors::_::_serde::Deserialize<'de> for types::Metadata>::deserialize::__Visitor<'de> as errors::_::_serde::de::Visitor<'de>>::visit_seq::bb24,canon-utils/analysis/src/types.rs,60,35
1405,BASIC_BLOCK,<types::_::<impl errors::_::_serde::Deserialize<'de> for types::Metadata>::deserialize::__Visitor<'de> as errors::_::_serde::de::Visitor<'de>>::visit_seq::bb25,canon-utils/analysis/src/types.rs,60,35
1406,BASIC_BLOCK,<types::_::<impl errors::_::_serde::Deserialize<'de> for types::Metadata>::deserialize::__Visitor<'de> as errors::_::_serde::de::Visitor<'de>>::visit_seq::bb26,canon-utils/analysis/src/types.rs,60,35
1407,CALL_SITE,<types::_::<impl errors::_::_serde::Deserialize<'de> for types::Metadata>::deserialize::__Visitor<'de> as errors::_::_serde::de::Visitor<'de>>::visit_seq::bb26::call14,canon-utils/analysis/src/types.rs,60,35
1408,BASIC_BLOCK,<types::_::<impl errors::_::_serde::Deserialize<'de> for types::Metadata>::deserialize::__Visitor<'de> as errors::_::_serde::de::Visitor<'de>>::visit_seq::bb27,canon-utils/analysis/src/types.rs,60,35
1409,CALL_SITE,<types::_::<impl errors::_::_serde::Deserialize<'de> for types::Metadata>::deserialize::__Visitor<'de> as errors::_::_serde::de::Visitor<'de>>::visit_seq::bb27::call15,canon-utils/analysis/src/types.rs,60,35
1410,BASIC_BLOCK,<types::_::<impl errors::_::_serde::Deserialize<'de> for types::Metadata>::deserialize::__Visitor<'de> as errors::_::_serde::de::Visitor<'de>>::visit_seq::bb28,canon-utils/analysis/src/types.rs,60,45
1411,BASIC_BLOCK,<types::_::<impl errors::_::_serde::Deserialize<'de> for types::Metadata>::deserialize::__Visitor<'de> as errors::_::_serde::de::Visitor<'de>>::visit_seq::bb29,canon-utils/analysis/src/types.rs,60,45
1412,BASIC_BLOCK,<types::_::<impl errors::_::_serde::Deserialize<'de> for types::Metadata>::deserialize::__Visitor<'de> as errors::_::_serde::de::Visitor<'de>>::visit_seq::bb3,canon-utils/analysis/src/lib.rs,1,1
1413,BASIC_BLOCK,<types::_::<impl errors::_::_serde::Deserialize<'de> for types::Metadata>::deserialize::__Visitor<'de> as errors::_::_serde::de::Visitor<'de>>::visit_seq::bb30,canon-utils/analysis/src/types.rs,60,45
1414,BASIC_BLOCK,<types::_::<impl errors::_::_serde::Deserialize<'de> for types::Metadata>::deserialize::__Visitor<'de> as errors::_::_serde::de::Visitor<'de>>::visit_seq::bb31,canon-utils/analysis/src/types.rs,60,45
1415,BASIC_BLOCK,<types::_::<impl errors::_::_serde::Deserialize<'de> for types::Metadata>::deserialize::__Visitor<'de> as errors::_::_serde::de::Visitor<'de>>::visit_seq::bb32,canon-utils/analysis/src/types.rs,60,46
1416,BASIC_BLOCK,<types::_::<impl errors::_::_serde::Deserialize<'de> for types::Metadata>::deserialize::__Visitor<'de> as errors::_::_serde::de::Visitor<'de>>::visit_seq::bb33,canon-utils/analysis/src/types.rs,60,45
1417,BASIC_BLOCK,<types::_::<impl errors::_::_serde::Deserialize<'de> for types::Metadata>::deserialize::__Visitor<'de> as errors::_::_serde::de::Visitor<'de>>::visit_seq::bb34,canon-utils/analysis/src/types.rs,60,45
1418,BASIC_BLOCK,<types::_::<impl errors::_::_serde::Deserialize<'de> for types::Metadata>::deserialize::__Visitor<'de> as errors::_::_serde::de::Visitor<'de>>::visit_seq::bb35,canon-utils/analysis/src/types.rs,60,35
1419,BASIC_BLOCK,<types::_::<impl errors::_::_serde::Deserialize<'de> for types::Metadata>::deserialize::__Visitor<'de> as errors::_::_serde::de::Visitor<'de>>::visit_seq::bb36,canon-utils/analysis/src/types.rs,60,35
1420,BASIC_BLOCK,<types::_::<impl errors::_::_serde::Deserialize<'de> for types::Metadata>::deserialize::__Visitor<'de> as errors::_::_serde::de::Visitor<'de>>::visit_seq::bb37,canon-utils/analysis/src/types.rs,60,35
1421,BASIC_BLOCK,<types::_::<impl errors::_::_serde::Deserialize<'de> for types::Metadata>::deserialize::__Visitor<'de> as errors::_::_serde::de::Visitor<'de>>::visit_seq::bb38,canon-utils/analysis/src/types.rs,60,35
1422,BASIC_BLOCK,<types::_::<impl errors::_::_serde::Deserialize<'de> for types::Metadata>::deserialize::__Visitor<'de> as errors::_::_serde::de::Visitor<'de>>::visit_seq::bb39,canon-utils/analysis/src/types.rs,60,35
1423,BASIC_BLOCK,<types::_::<impl errors::_::_serde::Deserialize<'de> for types::Metadata>::deserialize::__Visitor<'de> as errors::_::_serde::de::Visitor<'de>>::visit_seq::bb4,canon-utils/analysis/src/types.rs,60,35
1424,BASIC_BLOCK,<types::_::<impl errors::_::_serde::Deserialize<'de> for types::Metadata>::deserialize::__Visitor<'de> as errors::_::_serde::de::Visitor<'de>>::visit_seq::bb5,canon-utils/analysis/src/types.rs,60,35
1425,CALL_SITE,<types::_::<impl errors::_::_serde::Deserialize<'de> for types::Metadata>::deserialize::__Visitor<'de> as errors::_::_serde::de::Visitor<'de>>::visit_seq::bb5::call2,canon-utils/analysis/src/types.rs,60,35
1426,BASIC_BLOCK,<types::_::<impl errors::_::_serde::Deserialize<'de> for types::Metadata>::deserialize::__Visitor<'de> as errors::_::_serde::de::Visitor<'de>>::visit_seq::bb6,canon-utils/analysis/src/types.rs,60,35
1427,CALL_SITE,<types::_::<impl errors::_::_serde::Deserialize<'de> for types::Metadata>::deserialize::__Visitor<'de> as errors::_::_serde::de::Visitor<'de>>::visit_seq::bb6::call3,canon-utils/analysis/src/types.rs,60,35
1428,BASIC_BLOCK,<types::_::<impl errors::_::_serde::Deserialize<'de> for types::Metadata>::deserialize::__Visitor<'de> as errors::_::_serde::de::Visitor<'de>>::visit_seq::bb7,canon-utils/analysis/src/types.rs,60,35
1429,CALL_SITE,<types::_::<impl errors::_::_serde::Deserialize<'de> for types::Metadata>::deserialize::__Visitor<'de> as errors::_::_serde::de::Visitor<'de>>::visit_seq::bb7::call4,canon-utils/analysis/src/types.rs,60,35
1430,BASIC_BLOCK,<types::_::<impl errors::_::_serde::Deserialize<'de> for types::Metadata>::deserialize::__Visitor<'de> as errors::_::_serde::de::Visitor<'de>>::visit_seq::bb8,canon-utils/analysis/src/types.rs,60,45
1431,BASIC_BLOCK,<types::_::<impl errors::_::_serde::Deserialize<'de> for types::Metadata>::deserialize::__Visitor<'de> as errors::_::_serde::de::Visitor<'de>>::visit_seq::bb9,canon-utils/analysis/src/types.rs,60,35
1432,CALL_SITE,<types::_::<impl errors::_::_serde::Deserialize<'de> for types::Metadata>::deserialize::__Visitor<'de> as errors::_::_serde::de::Visitor<'de>>::visit_seq::bb9::call5,canon-utils/analysis/src/types.rs,60,35
1433,METHOD,<types::_::<impl errors::_::_serde::Deserialize<'de> for types::Metadata>::deserialize::__Visitor<'de> as errors::_::_serde::de::Visitor<'de>>::visit_seq::fn,canon-utils/analysis/src/types.rs,60,35
1434,PARAM,<types::_::<impl errors::_::_serde::Deserialize<'de> for types::Metadata>::deserialize::__Visitor<'de> as errors::_::_serde::de::Visitor<'de>>::visit_seq::param0,canon-utils/analysis/src/types.rs,60,35
1435,PARAM,<types::_::<impl errors::_::_serde::Deserialize<'de> for types::Metadata>::deserialize::__Visitor<'de> as errors::_::_serde::de::Visitor<'de>>::visit_seq::param1,canon-utils/analysis/src/types.rs,60,35
1436,BASIC_BLOCK,<types::_::<impl errors::_::_serde::Deserialize<'de> for types::Node>::deserialize::__Field as errors::_::_serde::Deserialize<'de>>::deserialize::bb0,canon-utils/analysis/src/types.rs,43,35
1437,CALL_SITE,<types::_::<impl errors::_::_serde::Deserialize<'de> for types::Node>::deserialize::__Field as errors::_::_serde::Deserialize<'de>>::deserialize::bb0::call0,canon-utils/analysis/src/types.rs,43,35
1438,BASIC_BLOCK,<types::_::<impl errors::_::_serde::Deserialize<'de> for types::Node>::deserialize::__Field as errors::_::_serde::Deserialize<'de>>::deserialize::bb1,canon-utils/analysis/src/types.rs,43,46
1439,METHOD,<types::_::<impl errors::_::_serde::Deserialize<'de> for types::Node>::deserialize::__Field as errors::_::_serde::Deserialize<'de>>::deserialize::fn,canon-utils/analysis/src/types.rs,43,35
1440,PARAM,<types::_::<impl errors::_::_serde::Deserialize<'de> for types::Node>::deserialize::__Field as errors::_::_serde::Deserialize<'de>>::deserialize::param0,canon-utils/analysis/src/types.rs,43,35
1441,BASIC_BLOCK,<types::_::<impl errors::_::_serde::Deserialize<'de> for types::Node>::deserialize::__FieldVisitor as errors::_::_serde::de::Visitor<'de>>::expecting::bb0,canon-utils/analysis/src/types.rs,43,35
1442,CALL_SITE,<types::_::<impl errors::_::_serde::Deserialize<'de> for types::Node>::deserialize::__FieldVisitor as errors::_::_serde::de::Visitor<'de>>::expecting::bb0::call0,canon-utils/analysis/src/types.rs,43,35
1443,BASIC_BLOCK,<types::_::<impl errors::_::_serde::Deserialize<'de> for types::Node>::deserialize::__FieldVisitor as errors::_::_serde::de::Visitor<'de>>::expecting::bb1,canon-utils/analysis/src/types.rs,43,46
1444,METHOD,<types::_::<impl errors::_::_serde::Deserialize<'de> for types::Node>::deserialize::__FieldVisitor as errors::_::_serde::de::Visitor<'de>>::expecting::fn,canon-utils/analysis/src/types.rs,43,35
1445,PARAM,<types::_::<impl errors::_::_serde::Deserialize<'de> for types::Node>::deserialize::__FieldVisitor as errors::_::_serde::de::Visitor<'de>>::expecting::param0,canon-utils/analysis/src/types.rs,43,35
1446,PARAM,<types::_::<impl errors::_::_serde::Deserialize<'de> for types::Node>::deserialize::__FieldVisitor as errors::_::_serde::de::Visitor<'de>>::expecting::param1,canon-utils/analysis/src/types.rs,43,35
1447,BASIC_BLOCK,<types::_::<impl errors::_::_serde::Deserialize<'de> for types::Node>::deserialize::__FieldVisitor as errors::_::_serde::de::Visitor<'de>>::visit_bytes::bb0,canon-utils/analysis/src/types.rs,43,35
1448,BASIC_BLOCK,<types::_::<impl errors::_::_serde::Deserialize<'de> for types::Node>::deserialize::__FieldVisitor as errors::_::_serde::de::Visitor<'de>>::visit_bytes::bb1,canon-utils/analysis/src/types.rs,43,45
1449,BASIC_BLOCK,<types::_::<impl errors::_::_serde::Deserialize<'de> for types::Node>::deserialize::__FieldVisitor as errors::_::_serde::de::Visitor<'de>>::visit_bytes::bb10,canon-utils/analysis/src/types.rs,43,35
1450,BASIC_BLOCK,<types::_::<impl errors::_::_serde::Deserialize<'de> for types::Node>::deserialize::__FieldVisitor as errors::_::_serde::de::Visitor<'de>>::visit_bytes::bb11,canon-utils/analysis/src/types.rs,43,35
1451,BASIC_BLOCK,<types::_::<impl errors::_::_serde::Deserialize<'de> for types::Node>::deserialize::__FieldVisitor as errors::_::_serde::de::Visitor<'de>>::visit_bytes::bb12,canon-utils/analysis/src/types.rs,43,35
1452,BASIC_BLOCK,<types::_::<impl errors::_::_serde::Deserialize<'de> for types::Node>::deserialize::__FieldVisitor as errors::_::_serde::de::Visitor<'de>>::visit_bytes::bb13,canon-utils/analysis/src/types.rs,43,35
1453,BASIC_BLOCK,<types::_::<impl errors::_::_serde::Deserialize<'de> for types::Node>::deserialize::__FieldVisitor as errors::_::_serde::de::Visitor<'de>>::visit_bytes::bb14,canon-utils/analysis/src/types.rs,43,35
1454,BASIC_BLOCK,<types::_::<impl errors::_::_serde::Deserialize<'de> for types::Node>::deserialize::__FieldVisitor as errors::_::_serde::de::Visitor<'de>>::visit_bytes::bb15,canon-utils/analysis/src/types.rs,43,35
1455,BASIC_BLOCK,<types::_::<impl errors::_::_serde::Deserialize<'de> for types::Node>::deserialize::__FieldVisitor as errors::_::_serde::de::Visitor<'de>>::visit_bytes::bb16,canon-utils/analysis/src/types.rs,43,35
1456,BASIC_BLOCK,<types::_::<impl errors::_::_serde::Deserialize<'de> for types::Node>::deserialize::__FieldVisitor as errors::_::_serde::de::Visitor<'de>>::visit_bytes::bb17,canon-utils/analysis/src/types.rs,43,35
1457,BASIC_BLOCK,<types::_::<impl errors::_::_serde::Deserialize<'de> for types::Node>::deserialize::__FieldVisitor as errors::_::_serde::de::Visitor<'de>>::visit_bytes::bb18,canon-utils/analysis/src/types.rs,43,35
1458,BASIC_BLOCK,<types::_::<impl errors::_::_serde::Deserialize<'de> for types::Node>::deserialize::__FieldVisitor as errors::_::_serde::de::Visitor<'de>>::visit_bytes::bb19,canon-utils/analysis/src/types.rs,43,35
1459,BASIC_BLOCK,<types::_::<impl errors::_::_serde::Deserialize<'de> for types::Node>::deserialize::__FieldVisitor as errors::_::_serde::de::Visitor<'de>>::visit_bytes::bb2,canon-utils/analysis/src/types.rs,43,35
1460,BASIC_BLOCK,<types::_::<impl errors::_::_serde::Deserialize<'de> for types::Node>::deserialize::__FieldVisitor as errors::_::_serde::de::Visitor<'de>>::visit_bytes::bb20,canon-utils/analysis/src/types.rs,43,35
1461,BASIC_BLOCK,<types::_::<impl errors::_::_serde::Deserialize<'de> for types::Node>::deserialize::__FieldVisitor as errors::_::_serde::de::Visitor<'de>>::visit_bytes::bb21,canon-utils/analysis/src/types.rs,43,35
1462,BASIC_BLOCK,<types::_::<impl errors::_::_serde::Deserialize<'de> for types::Node>::deserialize::__FieldVisitor as errors::_::_serde::de::Visitor<'de>>::visit_bytes::bb22,canon-utils/analysis/src/types.rs,43,35
1463,BASIC_BLOCK,<types::_::<impl errors::_::_serde::Deserialize<'de> for types::Node>::deserialize::__FieldVisitor as errors::_::_serde::de::Visitor<'de>>::visit_bytes::bb23,canon-utils/analysis/src/types.rs,43,35
1464,BASIC_BLOCK,<types::_::<impl errors::_::_serde::Deserialize<'de> for types::Node>::deserialize::__FieldVisitor as errors::_::_serde::de::Visitor<'de>>::visit_bytes::bb24,canon-utils/analysis/src/types.rs,43,35
1465,BASIC_BLOCK,<types::_::<impl errors::_::_serde::Deserialize<'de> for types::Node>::deserialize::__FieldVisitor as errors::_::_serde::de::Visitor<'de>>::visit_bytes::bb25,canon-utils/analysis/src/types.rs,43,35
1466,BASIC_BLOCK,<types::_::<impl errors::_::_serde::Deserialize<'de> for types::Node>::deserialize::__FieldVisitor as errors::_::_serde::de::Visitor<'de>>::visit_bytes::bb26,canon-utils/analysis/src/types.rs,43,35
1467,BASIC_BLOCK,<types::_::<impl errors::_::_serde::Deserialize<'de> for types::Node>::deserialize::__FieldVisitor as errors::_::_serde::de::Visitor<'de>>::visit_bytes::bb27,canon-utils/analysis/src/types.rs,43,45
1468,BASIC_BLOCK,<types::_::<impl errors::_::_serde::Deserialize<'de> for types::Node>::deserialize::__FieldVisitor as errors::_::_serde::de::Visitor<'de>>::visit_bytes::bb28,canon-utils/analysis/src/types.rs,43,45
1469,BASIC_BLOCK,<types::_::<impl errors::_::_serde::Deserialize<'de> for types::Node>::deserialize::__FieldVisitor as errors::_::_serde::de::Visitor<'de>>::visit_bytes::bb29,canon-utils/analysis/src/types.rs,43,45
1470,BASIC_BLOCK,<types::_::<impl errors::_::_serde::Deserialize<'de> for types::Node>::deserialize::__FieldVisitor as errors::_::_serde::de::Visitor<'de>>::visit_bytes::bb3,canon-utils/analysis/src/types.rs,43,35
1471,BASIC_BLOCK,<types::_::<impl errors::_::_serde::Deserialize<'de> for types::Node>::deserialize::__FieldVisitor as errors::_::_serde::de::Visitor<'de>>::visit_bytes::bb30,canon-utils/analysis/src/types.rs,43,45
1472,BASIC_BLOCK,<types::_::<impl errors::_::_serde::Deserialize<'de> for types::Node>::deserialize::__FieldVisitor as errors::_::_serde::de::Visitor<'de>>::visit_bytes::bb31,canon-utils/analysis/src/types.rs,43,45
1473,BASIC_BLOCK,<types::_::<impl errors::_::_serde::Deserialize<'de> for types::Node>::deserialize::__FieldVisitor as errors::_::_serde::de::Visitor<'de>>::visit_bytes::bb32,canon-utils/analysis/src/types.rs,43,45
1474,BASIC_BLOCK,<types::_::<impl errors::_::_serde::Deserialize<'de> for types::Node>::deserialize::__FieldVisitor as errors::_::_serde::de::Visitor<'de>>::visit_bytes::bb33,canon-utils/analysis/src/types.rs,43,46
1475,BASIC_BLOCK,<types::_::<impl errors::_::_serde::Deserialize<'de> for types::Node>::deserialize::__FieldVisitor as errors::_::_serde::de::Visitor<'de>>::visit_bytes::bb4,canon-utils/analysis/src/types.rs,43,35
1476,BASIC_BLOCK,<types::_::<impl errors::_::_serde::Deserialize<'de> for types::Node>::deserialize::__FieldVisitor as errors::_::_serde::de::Visitor<'de>>::visit_bytes::bb5,canon-utils/analysis/src/types.rs,43,35
1477,BASIC_BLOCK,<types::_::<impl errors::_::_serde::Deserialize<'de> for types::Node>::deserialize::__FieldVisitor as errors::_::_serde::de::Visitor<'de>>::visit_bytes::bb6,canon-utils/analysis/src/types.rs,43,35
1478,BASIC_BLOCK,<types::_::<impl errors::_::_serde::Deserialize<'de> for types::Node>::deserialize::__FieldVisitor as errors::_::_serde::de::Visitor<'de>>::visit_bytes::bb7,canon-utils/analysis/src/types.rs,43,35
1479,BASIC_BLOCK,<types::_::<impl errors::_::_serde::Deserialize<'de> for types::Node>::deserialize::__FieldVisitor as errors::_::_serde::de::Visitor<'de>>::visit_bytes::bb8,canon-utils/analysis/src/types.rs,43,35
1480,BASIC_BLOCK,<types::_::<impl errors::_::_serde::Deserialize<'de> for types::Node>::deserialize::__FieldVisitor as errors::_::_serde::de::Visitor<'de>>::visit_bytes::bb9,canon-utils/analysis/src/types.rs,43,35
1481,METHOD,<types::_::<impl errors::_::_serde::Deserialize<'de> for types::Node>::deserialize::__FieldVisitor as errors::_::_serde::de::Visitor<'de>>::visit_bytes::fn,canon-utils/analysis/src/types.rs,43,35
1482,PARAM,<types::_::<impl errors::_::_serde::Deserialize<'de> for types::Node>::deserialize::__FieldVisitor as errors::_::_serde::de::Visitor<'de>>::visit_bytes::param0,canon-utils/analysis/src/types.rs,43,35
1483,PARAM,<types::_::<impl errors::_::_serde::Deserialize<'de> for types::Node>::deserialize::__FieldVisitor as errors::_::_serde::de::Visitor<'de>>::visit_bytes::param1,canon-utils/analysis/src/types.rs,43,35
1484,BASIC_BLOCK,<types::_::<impl errors::_::_serde::Deserialize<'de> for types::Node>::deserialize::__FieldVisitor as errors::_::_serde::de::Visitor<'de>>::visit_str::bb0,canon-utils/analysis/src/types.rs,45,9
1485,CALL_SITE,<types::_::<impl errors::_::_serde::Deserialize<'de> for types::Node>::deserialize::__FieldVisitor as errors::_::_serde::de::Visitor<'de>>::visit_str::bb0::call0,canon-utils/analysis/src/types.rs,45,9
1486,BASIC_BLOCK,<types::_::<impl errors::_::_serde::Deserialize<'de> for types::Node>::deserialize::__FieldVisitor as errors::_::_serde::de::Visitor<'de>>::visit_str::bb1,canon-utils/analysis/src/types.rs,43,45
1487,BASIC_BLOCK,<types::_::<impl errors::_::_serde::Deserialize<'de> for types::Node>::deserialize::__FieldVisitor as errors::_::_serde::de::Visitor<'de>>::visit_str::bb10,canon-utils/analysis/src/types.rs,43,45
1488,BASIC_BLOCK,<types::_::<impl errors::_::_serde::Deserialize<'de> for types::Node>::deserialize::__FieldVisitor as errors::_::_serde::de::Visitor<'de>>::visit_str::bb11,canon-utils/analysis/src/types.rs,50,9
1489,CALL_SITE,<types::_::<impl errors::_::_serde::Deserialize<'de> for types::Node>::deserialize::__FieldVisitor as errors::_::_serde::de::Visitor<'de>>::visit_str::bb11::call5,canon-utils/analysis/src/types.rs,50,9
1490,BASIC_BLOCK,<types::_::<impl errors::_::_serde::Deserialize<'de> for types::Node>::deserialize::__FieldVisitor as errors::_::_serde::de::Visitor<'de>>::visit_str::bb12,canon-utils/analysis/src/types.rs,43,45
1491,BASIC_BLOCK,<types::_::<impl errors::_::_serde::Deserialize<'de> for types::Node>::deserialize::__FieldVisitor as errors::_::_serde::de::Visitor<'de>>::visit_str::bb13,canon-utils/analysis/src/types.rs,50,9
1492,BASIC_BLOCK,<types::_::<impl errors::_::_serde::Deserialize<'de> for types::Node>::deserialize::__FieldVisitor as errors::_::_serde::de::Visitor<'de>>::visit_str::bb14,canon-utils/analysis/src/types.rs,49,9
1493,BASIC_BLOCK,<types::_::<impl errors::_::_serde::Deserialize<'de> for types::Node>::deserialize::__FieldVisitor as errors::_::_serde::de::Visitor<'de>>::visit_str::bb15,canon-utils/analysis/src/types.rs,48,9
1494,BASIC_BLOCK,<types::_::<impl errors::_::_serde::Deserialize<'de> for types::Node>::deserialize::__FieldVisitor as errors::_::_serde::de::Visitor<'de>>::visit_str::bb16,canon-utils/analysis/src/types.rs,47,9
1495,BASIC_BLOCK,<types::_::<impl errors::_::_serde::Deserialize<'de> for types::Node>::deserialize::__FieldVisitor as errors::_::_serde::de::Visitor<'de>>::visit_str::bb17,canon-utils/analysis/src/types.rs,46,9
1496,BASIC_BLOCK,<types::_::<impl errors::_::_serde::Deserialize<'de> for types::Node>::deserialize::__FieldVisitor as errors::_::_serde::de::Visitor<'de>>::visit_str::bb18,canon-utils/analysis/src/types.rs,45,9
1497,BASIC_BLOCK,<types::_::<impl errors::_::_serde::Deserialize<'de> for types::Node>::deserialize::__FieldVisitor as errors::_::_serde::de::Visitor<'de>>::visit_str::bb19,canon-utils/analysis/src/types.rs,43,46
1498,BASIC_BLOCK,<types::_::<impl errors::_::_serde::Deserialize<'de> for types::Node>::deserialize::__FieldVisitor as errors::_::_serde::de::Visitor<'de>>::visit_str::bb2,canon-utils/analysis/src/types.rs,43,45
1499,BASIC_BLOCK,<types::_::<impl errors::_::_serde::Deserialize<'de> for types::Node>::deserialize::__FieldVisitor as errors::_::_serde::de::Visitor<'de>>::visit_str::bb3,canon-utils/analysis/src/types.rs,46,9
1500,CALL_SITE,<types::_::<impl errors::_::_serde::Deserialize<'de> for types::Node>::deserialize::__FieldVisitor as errors::_::_serde::de::Visitor<'de>>::visit_str::bb3::call1,canon-utils/analysis/src/types.rs,46,9
1501,BASIC_BLOCK,<types::_::<impl errors::_::_serde::Deserialize<'de> for types::Node>::deserialize::__FieldVisitor as errors::_::_serde::de::Visitor<'de>>::visit_str::bb4,canon-utils/analysis/src/types.rs,43,45
1502,BASIC_BLOCK,<types::_::<impl errors::_::_serde::Deserialize<'de> for types::Node>::deserialize::__FieldVisitor as errors::_::_serde::de::Visitor<'de>>::visit_str::bb5,canon-utils/analysis/src/types.rs,47,9
1503,CALL_SITE,<types::_::<impl errors::_::_serde::Deserialize<'de> for types::Node>::deserialize::__FieldVisitor as errors::_::_serde::de::Visitor<'de>>::visit_str::bb5::call2,canon-utils/analysis/src/types.rs,47,9
1504,BASIC_BLOCK,<types::_::<impl errors::_::_serde::Deserialize<'de> for types::Node>::deserialize::__FieldVisitor as errors::_::_serde::de::Visitor<'de>>::visit_str::bb6,canon-utils/analysis/src/types.rs,43,45
1505,BASIC_BLOCK,<types::_::<impl errors::_::_serde::Deserialize<'de> for types::Node>::deserialize::__FieldVisitor as errors::_::_serde::de::Visitor<'de>>::visit_str::bb7,canon-utils/analysis/src/types.rs,48,9
1506,CALL_SITE,<types::_::<impl errors::_::_serde::Deserialize<'de> for types::Node>::deserialize::__FieldVisitor as errors::_::_serde::de::Visitor<'de>>::visit_str::bb7::call3,canon-utils/analysis/src/types.rs,48,9
1507,BASIC_BLOCK,<types::_::<impl errors::_::_serde::Deserialize<'de> for types::Node>::deserialize::__FieldVisitor as errors::_::_serde::de::Visitor<'de>>::visit_str::bb8,canon-utils/analysis/src/types.rs,43,45
1508,BASIC_BLOCK,<types::_::<impl errors::_::_serde::Deserialize<'de> for types::Node>::deserialize::__FieldVisitor as errors::_::_serde::de::Visitor<'de>>::visit_str::bb9,canon-utils/analysis/src/types.rs,49,9
1509,CALL_SITE,<types::_::<impl errors::_::_serde::Deserialize<'de> for types::Node>::deserialize::__FieldVisitor as errors::_::_serde::de::Visitor<'de>>::visit_str::bb9::call4,canon-utils/analysis/src/types.rs,49,9
1510,METHOD,<types::_::<impl errors::_::_serde::Deserialize<'de> for types::Node>::deserialize::__FieldVisitor as errors::_::_serde::de::Visitor<'de>>::visit_str::fn,canon-utils/analysis/src/types.rs,43,35
1511,PARAM,<types::_::<impl errors::_::_serde::Deserialize<'de> for types::Node>::deserialize::__FieldVisitor as errors::_::_serde::de::Visitor<'de>>::visit_str::param0,canon-utils/analysis/src/types.rs,43,35
1512,PARAM,<types::_::<impl errors::_::_serde::Deserialize<'de> for types::Node>::deserialize::__FieldVisitor as errors::_::_serde::de::Visitor<'de>>::visit_str::param1,canon-utils/analysis/src/types.rs,43,35
1513,BASIC_BLOCK,<types::_::<impl errors::_::_serde::Deserialize<'de> for types::Node>::deserialize::__FieldVisitor as errors::_::_serde::de::Visitor<'de>>::visit_u64::bb0,canon-utils/analysis/src/types.rs,43,35
1514,BASIC_BLOCK,<types::_::<impl errors::_::_serde::Deserialize<'de> for types::Node>::deserialize::__FieldVisitor as errors::_::_serde::de::Visitor<'de>>::visit_u64::bb1,canon-utils/analysis/src/types.rs,43,45
1515,BASIC_BLOCK,<types::_::<impl errors::_::_serde::Deserialize<'de> for types::Node>::deserialize::__FieldVisitor as errors::_::_serde::de::Visitor<'de>>::visit_u64::bb2,canon-utils/analysis/src/types.rs,43,45
1516,BASIC_BLOCK,<types::_::<impl errors::_::_serde::Deserialize<'de> for types::Node>::deserialize::__FieldVisitor as errors::_::_serde::de::Visitor<'de>>::visit_u64::bb3,canon-utils/analysis/src/types.rs,43,45
1517,BASIC_BLOCK,<types::_::<impl errors::_::_serde::Deserialize<'de> for types::Node>::deserialize::__FieldVisitor as errors::_::_serde::de::Visitor<'de>>::visit_u64::bb4,canon-utils/analysis/src/types.rs,43,45
1518,BASIC_BLOCK,<types::_::<impl errors::_::_serde::Deserialize<'de> for types::Node>::deserialize::__FieldVisitor as errors::_::_serde::de::Visitor<'de>>::visit_u64::bb5,canon-utils/analysis/src/types.rs,43,45
1519,BASIC_BLOCK,<types::_::<impl errors::_::_serde::Deserialize<'de> for types::Node>::deserialize::__FieldVisitor as errors::_::_serde::de::Visitor<'de>>::visit_u64::bb6,canon-utils/analysis/src/types.rs,43,45
1520,BASIC_BLOCK,<types::_::<impl errors::_::_serde::Deserialize<'de> for types::Node>::deserialize::__FieldVisitor as errors::_::_serde::de::Visitor<'de>>::visit_u64::bb7,canon-utils/analysis/src/types.rs,43,45
1521,BASIC_BLOCK,<types::_::<impl errors::_::_serde::Deserialize<'de> for types::Node>::deserialize::__FieldVisitor as errors::_::_serde::de::Visitor<'de>>::visit_u64::bb8,canon-utils/analysis/src/types.rs,43,46
1522,METHOD,<types::_::<impl errors::_::_serde::Deserialize<'de> for types::Node>::deserialize::__FieldVisitor as errors::_::_serde::de::Visitor<'de>>::visit_u64::fn,canon-utils/analysis/src/types.rs,43,35
1523,PARAM,<types::_::<impl errors::_::_serde::Deserialize<'de> for types::Node>::deserialize::__FieldVisitor as errors::_::_serde::de::Visitor<'de>>::visit_u64::param0,canon-utils/analysis/src/types.rs,43,35
1524,PARAM,<types::_::<impl errors::_::_serde::Deserialize<'de> for types::Node>::deserialize::__FieldVisitor as errors::_::_serde::de::Visitor<'de>>::visit_u64::param1,canon-utils/analysis/src/types.rs,43,35
1525,BASIC_BLOCK,<types::_::<impl errors::_::_serde::Deserialize<'de> for types::Node>::deserialize::__Visitor<'de> as errors::_::_serde::de::Visitor<'de>>::expecting::bb0,canon-utils/analysis/src/types.rs,43,35
1526,CALL_SITE,<types::_::<impl errors::_::_serde::Deserialize<'de> for types::Node>::deserialize::__Visitor<'de> as errors::_::_serde::de::Visitor<'de>>::expecting::bb0::call0,canon-utils/analysis/src/types.rs,43,35
1527,BASIC_BLOCK,<types::_::<impl errors::_::_serde::Deserialize<'de> for types::Node>::deserialize::__Visitor<'de> as errors::_::_serde::de::Visitor<'de>>::expecting::bb1,canon-utils/analysis/src/types.rs,43,46
1528,METHOD,<types::_::<impl errors::_::_serde::Deserialize<'de> for types::Node>::deserialize::__Visitor<'de> as errors::_::_serde::de::Visitor<'de>>::expecting::fn,canon-utils/analysis/src/types.rs,43,35
1529,PARAM,<types::_::<impl errors::_::_serde::Deserialize<'de> for types::Node>::deserialize::__Visitor<'de> as errors::_::_serde::de::Visitor<'de>>::expecting::param0,canon-utils/analysis/src/types.rs,43,35
1530,PARAM,<types::_::<impl errors::_::_serde::Deserialize<'de> for types::Node>::deserialize::__Visitor<'de> as errors::_::_serde::de::Visitor<'de>>::expecting::param1,canon-utils/analysis/src/types.rs,43,35
1531,BASIC_BLOCK,<types::_::<impl errors::_::_serde::Deserialize<'de> for types::Node>::deserialize::__Visitor<'de> as errors::_::_serde::de::Visitor<'de>>::visit_map::bb0,canon-utils/analysis/src/types.rs,43,35
1532,BASIC_BLOCK,<types::_::<impl errors::_::_serde::Deserialize<'de> for types::Node>::deserialize::__Visitor<'de> as errors::_::_serde::de::Visitor<'de>>::visit_map::bb1,canon-utils/analysis/src/types.rs,43,35
1533,BASIC_BLOCK,<types::_::<impl errors::_::_serde::Deserialize<'de> for types::Node>::deserialize::__Visitor<'de> as errors::_::_serde::de::Visitor<'de>>::visit_map::bb10,canon-utils/analysis/src/types.rs,43,35
1534,BASIC_BLOCK,<types::_::<impl errors::_::_serde::Deserialize<'de> for types::Node>::deserialize::__Visitor<'de> as errors::_::_serde::de::Visitor<'de>>::visit_map::bb100,canon-utils/analysis/src/types.rs,43,45
1535,BASIC_BLOCK,<types::_::<impl errors::_::_serde::Deserialize<'de> for types::Node>::deserialize::__Visitor<'de> as errors::_::_serde::de::Visitor<'de>>::visit_map::bb101,canon-utils/analysis/src/types.rs,43,35
1536,CALL_SITE,<types::_::<impl errors::_::_serde::Deserialize<'de> for types::Node>::deserialize::__Visitor<'de> as errors::_::_serde::de::Visitor<'de>>::visit_map::bb101::call49,canon-utils/analysis/src/types.rs,43,35
1537,BASIC_BLOCK,<types::_::<impl errors::_::_serde::Deserialize<'de> for types::Node>::deserialize::__Visitor<'de> as errors::_::_serde::de::Visitor<'de>>::visit_map::bb102,canon-utils/analysis/src/types.rs,43,35
1538,BASIC_BLOCK,<types::_::<impl errors::_::_serde::Deserialize<'de> for types::Node>::deserialize::__Visitor<'de> as errors::_::_serde::de::Visitor<'de>>::visit_map::bb103,canon-utils/analysis/src/types.rs,43,45
1539,BASIC_BLOCK,<types::_::<impl errors::_::_serde::Deserialize<'de> for types::Node>::deserialize::__Visitor<'de> as errors::_::_serde::de::Visitor<'de>>::visit_map::bb104,canon-utils/analysis/src/types.rs,43,35
1540,CALL_SITE,<types::_::<impl errors::_::_serde::Deserialize<'de> for types::Node>::deserialize::__Visitor<'de> as errors::_::_serde::de::Visitor<'de>>::visit_map::bb104::call50,canon-utils/analysis/src/types.rs,43,35
1541,BASIC_BLOCK,<types::_::<impl errors::_::_serde::Deserialize<'de> for types::Node>::deserialize::__Visitor<'de> as errors::_::_serde::de::Visitor<'de>>::visit_map::bb105,canon-utils/analysis/src/types.rs,43,35
1542,BASIC_BLOCK,<types::_::<impl errors::_::_serde::Deserialize<'de> for types::Node>::deserialize::__Visitor<'de> as errors::_::_serde::de::Visitor<'de>>::visit_map::bb106,canon-utils/analysis/src/types.rs,43,35
1543,CALL_SITE,<types::_::<impl errors::_::_serde::Deserialize<'de> for types::Node>::deserialize::__Visitor<'de> as errors::_::_serde::de::Visitor<'de>>::visit_map::bb106::call51,canon-utils/analysis/src/types.rs,43,35
1544,BASIC_BLOCK,<types::_::<impl errors::_::_serde::Deserialize<'de> for types::Node>::deserialize::__Visitor<'de> as errors::_::_serde::de::Visitor<'de>>::visit_map::bb107,canon-utils/analysis/src/types.rs,43,45
1545,BASIC_BLOCK,<types::_::<impl errors::_::_serde::Deserialize<'de> for types::Node>::deserialize::__Visitor<'de> as errors::_::_serde::de::Visitor<'de>>::visit_map::bb108,canon-utils/analysis/src/types.rs,43,35
1546,CALL_SITE,<types::_::<impl errors::_::_serde::Deserialize<'de> for types::Node>::deserialize::__Visitor<'de> as errors::_::_serde::de::Visitor<'de>>::visit_map::bb108::call52,canon-utils/analysis/src/types.rs,43,35
1547,BASIC_BLOCK,<types::_::<impl errors::_::_serde::Deserialize<'de> for types::Node>::deserialize::__Visitor<'de> as errors::_::_serde::de::Visitor<'de>>::visit_map::bb109,canon-utils/analysis/src/types.rs,43,35
1548,CALL_SITE,<types::_::<impl errors::_::_serde::Deserialize<'de> for types::Node>::deserialize::__Visitor<'de> as errors::_::_serde::de::Visitor<'de>>::visit_map::bb10::call4,canon-utils/analysis/src/types.rs,43,35
1549,BASIC_BLOCK,<types::_::<impl errors::_::_serde::Deserialize<'de> for types::Node>::deserialize::__Visitor<'de> as errors::_::_serde::de::Visitor<'de>>::visit_map::bb11,canon-utils/analysis/src/types.rs,43,35
1550,BASIC_BLOCK,<types::_::<impl errors::_::_serde::Deserialize<'de> for types::Node>::deserialize::__Visitor<'de> as errors::_::_serde::de::Visitor<'de>>::visit_map::bb110,canon-utils/analysis/src/types.rs,43,45
1551,BASIC_BLOCK,<types::_::<impl errors::_::_serde::Deserialize<'de> for types::Node>::deserialize::__Visitor<'de> as errors::_::_serde::de::Visitor<'de>>::visit_map::bb111,canon-utils/analysis/src/types.rs,43,35
1552,CALL_SITE,<types::_::<impl errors::_::_serde::Deserialize<'de> for types::Node>::deserialize::__Visitor<'de> as errors::_::_serde::de::Visitor<'de>>::visit_map::bb111::call53,canon-utils/analysis/src/types.rs,43,35
1553,BASIC_BLOCK,<types::_::<impl errors::_::_serde::Deserialize<'de> for types::Node>::deserialize::__Visitor<'de> as errors::_::_serde::de::Visitor<'de>>::visit_map::bb112,canon-utils/analysis/src/types.rs,43,45
1554,BASIC_BLOCK,<types::_::<impl errors::_::_serde::Deserialize<'de> for types::Node>::deserialize::__Visitor<'de> as errors::_::_serde::de::Visitor<'de>>::visit_map::bb113,canon-utils/analysis/src/types.rs,43,45
1555,BASIC_BLOCK,<types::_::<impl errors::_::_serde::Deserialize<'de> for types::Node>::deserialize::__Visitor<'de> as errors::_::_serde::de::Visitor<'de>>::visit_map::bb114,canon-utils/analysis/src/types.rs,43,45
1556,BASIC_BLOCK,<types::_::<impl errors::_::_serde::Deserialize<'de> for types::Node>::deserialize::__Visitor<'de> as errors::_::_serde::de::Visitor<'de>>::visit_map::bb115,canon-utils/analysis/src/types.rs,43,45
1557,BASIC_BLOCK,<types::_::<impl errors::_::_serde::Deserialize<'de> for types::Node>::deserialize::__Visitor<'de> as errors::_::_serde::de::Visitor<'de>>::visit_map::bb116,canon-utils/analysis/src/types.rs,43,46
1558,BASIC_BLOCK,<types::_::<impl errors::_::_serde::Deserialize<'de> for types::Node>::deserialize::__Visitor<'de> as errors::_::_serde::de::Visitor<'de>>::visit_map::bb117,canon-utils/analysis/src/types.rs,43,45
1559,BASIC_BLOCK,<types::_::<impl errors::_::_serde::Deserialize<'de> for types::Node>::deserialize::__Visitor<'de> as errors::_::_serde::de::Visitor<'de>>::visit_map::bb118,canon-utils/analysis/src/types.rs,43,45
1560,BASIC_BLOCK,<types::_::<impl errors::_::_serde::Deserialize<'de> for types::Node>::deserialize::__Visitor<'de> as errors::_::_serde::de::Visitor<'de>>::visit_map::bb119,canon-utils/analysis/src/types.rs,43,45
1561,CALL_SITE,<types::_::<impl errors::_::_serde::Deserialize<'de> for types::Node>::deserialize::__Visitor<'de> as errors::_::_serde::de::Visitor<'de>>::visit_map::bb11::call5,canon-utils/analysis/src/types.rs,43,35
1562,BASIC_BLOCK,<types::_::<impl errors::_::_serde::Deserialize<'de> for types::Node>::deserialize::__Visitor<'de> as errors::_::_serde::de::Visitor<'de>>::visit_map::bb12,canon-utils/analysis/src/types.rs,43,35
1563,BASIC_BLOCK,<types::_::<impl errors::_::_serde::Deserialize<'de> for types::Node>::deserialize::__Visitor<'de> as errors::_::_serde::de::Visitor<'de>>::visit_map::bb120,canon-utils/analysis/src/types.rs,43,45
1564,BASIC_BLOCK,<types::_::<impl errors::_::_serde::Deserialize<'de> for types::Node>::deserialize::__Visitor<'de> as errors::_::_serde::de::Visitor<'de>>::visit_map::bb121,canon-utils/analysis/src/types.rs,43,35
1565,BASIC_BLOCK,<types::_::<impl errors::_::_serde::Deserialize<'de> for types::Node>::deserialize::__Visitor<'de> as errors::_::_serde::de::Visitor<'de>>::visit_map::bb122,canon-utils/analysis/src/types.rs,43,45
1566,BASIC_BLOCK,<types::_::<impl errors::_::_serde::Deserialize<'de> for types::Node>::deserialize::__Visitor<'de> as errors::_::_serde::de::Visitor<'de>>::visit_map::bb123,canon-utils/analysis/src/types.rs,43,45
1567,BASIC_BLOCK,<types::_::<impl errors::_::_serde::Deserialize<'de> for types::Node>::deserialize::__Visitor<'de> as errors::_::_serde::de::Visitor<'de>>::visit_map::bb124,canon-utils/analysis/src/types.rs,43,45
1568,BASIC_BLOCK,<types::_::<impl errors::_::_serde::Deserialize<'de> for types::Node>::deserialize::__Visitor<'de> as errors::_::_serde::de::Visitor<'de>>::visit_map::bb125,canon-utils/analysis/src/types.rs,43,45
1569,BASIC_BLOCK,<types::_::<impl errors::_::_serde::Deserialize<'de> for types::Node>::deserialize::__Visitor<'de> as errors::_::_serde::de::Visitor<'de>>::visit_map::bb126,canon-utils/analysis/src/types.rs,43,45
1570,BASIC_BLOCK,<types::_::<impl errors::_::_serde::Deserialize<'de> for types::Node>::deserialize::__Visitor<'de> as errors::_::_serde::de::Visitor<'de>>::visit_map::bb127,canon-utils/analysis/src/types.rs,43,45
1571,BASIC_BLOCK,<types::_::<impl errors::_::_serde::Deserialize<'de> for types::Node>::deserialize::__Visitor<'de> as errors::_::_serde::de::Visitor<'de>>::visit_map::bb128,canon-utils/analysis/src/types.rs,43,45
1572,BASIC_BLOCK,<types::_::<impl errors::_::_serde::Deserialize<'de> for types::Node>::deserialize::__Visitor<'de> as errors::_::_serde::de::Visitor<'de>>::visit_map::bb129,canon-utils/analysis/src/types.rs,43,45
1573,CALL_SITE,<types::_::<impl errors::_::_serde::Deserialize<'de> for types::Node>::deserialize::__Visitor<'de> as errors::_::_serde::de::Visitor<'de>>::visit_map::bb12::call6,canon-utils/analysis/src/types.rs,43,35
1574,BASIC_BLOCK,<types::_::<impl errors::_::_serde::Deserialize<'de> for types::Node>::deserialize::__Visitor<'de> as errors::_::_serde::de::Visitor<'de>>::visit_map::bb13,canon-utils/analysis/src/types.rs,43,35
1575,BASIC_BLOCK,<types::_::<impl errors::_::_serde::Deserialize<'de> for types::Node>::deserialize::__Visitor<'de> as errors::_::_serde::de::Visitor<'de>>::visit_map::bb130,canon-utils/analysis/src/types.rs,43,45
1576,BASIC_BLOCK,<types::_::<impl errors::_::_serde::Deserialize<'de> for types::Node>::deserialize::__Visitor<'de> as errors::_::_serde::de::Visitor<'de>>::visit_map::bb131,canon-utils/analysis/src/types.rs,43,45
1577,BASIC_BLOCK,<types::_::<impl errors::_::_serde::Deserialize<'de> for types::Node>::deserialize::__Visitor<'de> as errors::_::_serde::de::Visitor<'de>>::visit_map::bb132,canon-utils/analysis/src/types.rs,43,45
1578,BASIC_BLOCK,<types::_::<impl errors::_::_serde::Deserialize<'de> for types::Node>::deserialize::__Visitor<'de> as errors::_::_serde::de::Visitor<'de>>::visit_map::bb133,canon-utils/analysis/src/types.rs,43,35
1579,BASIC_BLOCK,<types::_::<impl errors::_::_serde::Deserialize<'de> for types::Node>::deserialize::__Visitor<'de> as errors::_::_serde::de::Visitor<'de>>::visit_map::bb134,canon-utils/analysis/src/types.rs,43,35
1580,BASIC_BLOCK,<types::_::<impl errors::_::_serde::Deserialize<'de> for types::Node>::deserialize::__Visitor<'de> as errors::_::_serde::de::Visitor<'de>>::visit_map::bb135,canon-utils/analysis/src/types.rs,43,35
1581,BASIC_BLOCK,<types::_::<impl errors::_::_serde::Deserialize<'de> for types::Node>::deserialize::__Visitor<'de> as errors::_::_serde::de::Visitor<'de>>::visit_map::bb136,canon-utils/analysis/src/types.rs,43,35
1582,BASIC_BLOCK,<types::_::<impl errors::_::_serde::Deserialize<'de> for types::Node>::deserialize::__Visitor<'de> as errors::_::_serde::de::Visitor<'de>>::visit_map::bb137,canon-utils/analysis/src/types.rs,43,35
1583,BASIC_BLOCK,<types::_::<impl errors::_::_serde::Deserialize<'de> for types::Node>::deserialize::__Visitor<'de> as errors::_::_serde::de::Visitor<'de>>::visit_map::bb138,canon-utils/analysis/src/types.rs,43,35
1584,BASIC_BLOCK,<types::_::<impl errors::_::_serde::Deserialize<'de> for types::Node>::deserialize::__Visitor<'de> as errors::_::_serde::de::Visitor<'de>>::visit_map::bb139,canon-utils/analysis/src/types.rs,43,35
1585,CALL_SITE,<types::_::<impl errors::_::_serde::Deserialize<'de> for types::Node>::deserialize::__Visitor<'de> as errors::_::_serde::de::Visitor<'de>>::visit_map::bb13::call7,canon-utils/analysis/src/types.rs,43,35
1586,BASIC_BLOCK,<types::_::<impl errors::_::_serde::Deserialize<'de> for types::Node>::deserialize::__Visitor<'de> as errors::_::_serde::de::Visitor<'de>>::visit_map::bb14,canon-utils/analysis/src/types.rs,43,35
1587,BASIC_BLOCK,<types::_::<impl errors::_::_serde::Deserialize<'de> for types::Node>::deserialize::__Visitor<'de> as errors::_::_serde::de::Visitor<'de>>::visit_map::bb140,canon-utils/analysis/src/types.rs,43,35
1588,BASIC_BLOCK,<types::_::<impl errors::_::_serde::Deserialize<'de> for types::Node>::deserialize::__Visitor<'de> as errors::_::_serde::de::Visitor<'de>>::visit_map::bb141,canon-utils/analysis/src/types.rs,43,35
1589,BASIC_BLOCK,<types::_::<impl errors::_::_serde::Deserialize<'de> for types::Node>::deserialize::__Visitor<'de> as errors::_::_serde::de::Visitor<'de>>::visit_map::bb142,canon-utils/analysis/src/types.rs,43,35
1590,BASIC_BLOCK,<types::_::<impl errors::_::_serde::Deserialize<'de> for types::Node>::deserialize::__Visitor<'de> as errors::_::_serde::de::Visitor<'de>>::visit_map::bb143,canon-utils/analysis/src/types.rs,43,35
1591,BASIC_BLOCK,<types::_::<impl errors::_::_serde::Deserialize<'de> for types::Node>::deserialize::__Visitor<'de> as errors::_::_serde::de::Visitor<'de>>::visit_map::bb144,canon-utils/analysis/src/types.rs,43,35
1592,BASIC_BLOCK,<types::_::<impl errors::_::_serde::Deserialize<'de> for types::Node>::deserialize::__Visitor<'de> as errors::_::_serde::de::Visitor<'de>>::visit_map::bb145,canon-utils/analysis/src/types.rs,43,35
1593,BASIC_BLOCK,<types::_::<impl errors::_::_serde::Deserialize<'de> for types::Node>::deserialize::__Visitor<'de> as errors::_::_serde::de::Visitor<'de>>::visit_map::bb146,canon-utils/analysis/src/types.rs,43,35
1594,CALL_SITE,<types::_::<impl errors::_::_serde::Deserialize<'de> for types::Node>::deserialize::__Visitor<'de> as errors::_::_serde::de::Visitor<'de>>::visit_map::bb14::call8,canon-utils/analysis/src/types.rs,43,35
1595,BASIC_BLOCK,<types::_::<impl errors::_::_serde::Deserialize<'de> for types::Node>::deserialize::__Visitor<'de> as errors::_::_serde::de::Visitor<'de>>::visit_map::bb15,canon-utils/analysis/src/types.rs,43,35
1596,CALL_SITE,<types::_::<impl errors::_::_serde::Deserialize<'de> for types::Node>::deserialize::__Visitor<'de> as errors::_::_serde::de::Visitor<'de>>::visit_map::bb15::call9,canon-utils/analysis/src/types.rs,43,35
1597,BASIC_BLOCK,<types::_::<impl errors::_::_serde::Deserialize<'de> for types::Node>::deserialize::__Visitor<'de> as errors::_::_serde::de::Visitor<'de>>::visit_map::bb16,canon-utils/analysis/src/types.rs,43,35
1598,BASIC_BLOCK,<types::_::<impl errors::_::_serde::Deserialize<'de> for types::Node>::deserialize::__Visitor<'de> as errors::_::_serde::de::Visitor<'de>>::visit_map::bb17,canon-utils/analysis/src/types.rs,43,35
1599,CALL_SITE,<types::_::<impl errors::_::_serde::Deserialize<'de> for types::Node>::deserialize::__Visitor<'de> as errors::_::_serde::de::Visitor<'de>>::visit_map::bb17::call10,canon-utils/analysis/src/types.rs,43,35
1600,BASIC_BLOCK,<types::_::<impl errors::_::_serde::Deserialize<'de> for types::Node>::deserialize::__Visitor<'de> as errors::_::_serde::de::Visitor<'de>>::visit_map::bb18,canon-utils/analysis/src/lib.rs,1,1
1601,BASIC_BLOCK,<types::_::<impl errors::_::_serde::Deserialize<'de> for types::Node>::deserialize::__Visitor<'de> as errors::_::_serde::de::Visitor<'de>>::visit_map::bb19,canon-utils/analysis/src/types.rs,43,35
1602,CALL_SITE,<types::_::<impl errors::_::_serde::Deserialize<'de> for types::Node>::deserialize::__Visitor<'de> as errors::_::_serde::de::Visitor<'de>>::visit_map::bb19::call11,canon-utils/analysis/src/types.rs,43,35
1603,CALL_SITE,<types::_::<impl errors::_::_serde::Deserialize<'de> for types::Node>::deserialize::__Visitor<'de> as errors::_::_serde::de::Visitor<'de>>::visit_map::bb1::call0,canon-utils/analysis/src/types.rs,43,35
1604,BASIC_BLOCK,<types::_::<impl errors::_::_serde::Deserialize<'de> for types::Node>::deserialize::__Visitor<'de> as errors::_::_serde::de::Visitor<'de>>::visit_map::bb2,canon-utils/analysis/src/types.rs,43,35
1605,BASIC_BLOCK,<types::_::<impl errors::_::_serde::Deserialize<'de> for types::Node>::deserialize::__Visitor<'de> as errors::_::_serde::de::Visitor<'de>>::visit_map::bb20,canon-utils/analysis/src/types.rs,43,35
1606,CALL_SITE,<types::_::<impl errors::_::_serde::Deserialize<'de> for types::Node>::deserialize::__Visitor<'de> as errors::_::_serde::de::Visitor<'de>>::visit_map::bb20::call12,canon-utils/analysis/src/types.rs,43,35
1607,BASIC_BLOCK,<types::_::<impl errors::_::_serde::Deserialize<'de> for types::Node>::deserialize::__Visitor<'de> as errors::_::_serde::de::Visitor<'de>>::visit_map::bb21,canon-utils/analysis/src/types.rs,43,35
1608,BASIC_BLOCK,<types::_::<impl errors::_::_serde::Deserialize<'de> for types::Node>::deserialize::__Visitor<'de> as errors::_::_serde::de::Visitor<'de>>::visit_map::bb22,canon-utils/analysis/src/types.rs,43,35
1609,BASIC_BLOCK,<types::_::<impl errors::_::_serde::Deserialize<'de> for types::Node>::deserialize::__Visitor<'de> as errors::_::_serde::de::Visitor<'de>>::visit_map::bb23,canon-utils/analysis/src/types.rs,43,35
1610,CALL_SITE,<types::_::<impl errors::_::_serde::Deserialize<'de> for types::Node>::deserialize::__Visitor<'de> as errors::_::_serde::de::Visitor<'de>>::visit_map::bb23::call13,canon-utils/analysis/src/types.rs,43,35
1611,BASIC_BLOCK,<types::_::<impl errors::_::_serde::Deserialize<'de> for types::Node>::deserialize::__Visitor<'de> as errors::_::_serde::de::Visitor<'de>>::visit_map::bb24,canon-utils/analysis/src/types.rs,43,35
1612,BASIC_BLOCK,<types::_::<impl errors::_::_serde::Deserialize<'de> for types::Node>::deserialize::__Visitor<'de> as errors::_::_serde::de::Visitor<'de>>::visit_map::bb25,canon-utils/analysis/src/types.rs,43,35
1613,CALL_SITE,<types::_::<impl errors::_::_serde::Deserialize<'de> for types::Node>::deserialize::__Visitor<'de> as errors::_::_serde::de::Visitor<'de>>::visit_map::bb25::call14,canon-utils/analysis/src/types.rs,43,35
1614,BASIC_BLOCK,<types::_::<impl errors::_::_serde::Deserialize<'de> for types::Node>::deserialize::__Visitor<'de> as errors::_::_serde::de::Visitor<'de>>::visit_map::bb26,canon-utils/analysis/src/lib.rs,1,1
1615,BASIC_BLOCK,<types::_::<impl errors::_::_serde::Deserialize<'de> for types::Node>::deserialize::__Visitor<'de> as errors::_::_serde::de::Visitor<'de>>::visit_map::bb27,canon-utils/analysis/src/types.rs,43,35
1616,CALL_SITE,<types::_::<impl errors::_::_serde::Deserialize<'de> for types::Node>::deserialize::__Visitor<'de> as errors::_::_serde::de::Visitor<'de>>::visit_map::bb27::call15,canon-utils/analysis/src/types.rs,43,35
1617,BASIC_BLOCK,<types::_::<impl errors::_::_serde::Deserialize<'de> for types::Node>::deserialize::__Visitor<'de> as errors::_::_serde::de::Visitor<'de>>::visit_map::bb28,canon-utils/analysis/src/types.rs,43,35
1618,CALL_SITE,<types::_::<impl errors::_::_serde::Deserialize<'de> for types::Node>::deserialize::__Visitor<'de> as errors::_::_serde::de::Visitor<'de>>::visit_map::bb28::call16,canon-utils/analysis/src/types.rs,43,35
1619,BASIC_BLOCK,<types::_::<impl errors::_::_serde::Deserialize<'de> for types::Node>::deserialize::__Visitor<'de> as errors::_::_serde::de::Visitor<'de>>::visit_map::bb29,canon-utils/analysis/src/types.rs,43,35
1620,CALL_SITE,<types::_::<impl errors::_::_serde::Deserialize<'de> for types::Node>::deserialize::__Visitor<'de> as errors::_::_serde::de::Visitor<'de>>::visit_map::bb2::call1,canon-utils/analysis/src/types.rs,43,35
1621,BASIC_BLOCK,<types::_::<impl errors::_::_serde::Deserialize<'de> for types::Node>::deserialize::__Visitor<'de> as errors::_::_serde::de::Visitor<'de>>::visit_map::bb3,canon-utils/analysis/src/types.rs,43,35
1622,BASIC_BLOCK,<types::_::<impl errors::_::_serde::Deserialize<'de> for types::Node>::deserialize::__Visitor<'de> as errors::_::_serde::de::Visitor<'de>>::visit_map::bb30,canon-utils/analysis/src/types.rs,43,35
1623,BASIC_BLOCK,<types::_::<impl errors::_::_serde::Deserialize<'de> for types::Node>::deserialize::__Visitor<'de> as errors::_::_serde::de::Visitor<'de>>::visit_map::bb31,canon-utils/analysis/src/types.rs,43,35
1624,CALL_SITE,<types::_::<impl errors::_::_serde::Deserialize<'de> for types::Node>::deserialize::__Visitor<'de> as errors::_::_serde::de::Visitor<'de>>::visit_map::bb31::call17,canon-utils/analysis/src/types.rs,43,35
1625,BASIC_BLOCK,<types::_::<impl errors::_::_serde::Deserialize<'de> for types::Node>::deserialize::__Visitor<'de> as errors::_::_serde::de::Visitor<'de>>::visit_map::bb32,canon-utils/analysis/src/types.rs,43,35
1626,BASIC_BLOCK,<types::_::<impl errors::_::_serde::Deserialize<'de> for types::Node>::deserialize::__Visitor<'de> as errors::_::_serde::de::Visitor<'de>>::visit_map::bb33,canon-utils/analysis/src/types.rs,43,35
1627,CALL_SITE,<types::_::<impl errors::_::_serde::Deserialize<'de> for types::Node>::deserialize::__Visitor<'de> as errors::_::_serde::de::Visitor<'de>>::visit_map::bb33::call18,canon-utils/analysis/src/types.rs,43,35
1628,BASIC_BLOCK,<types::_::<impl errors::_::_serde::Deserialize<'de> for types::Node>::deserialize::__Visitor<'de> as errors::_::_serde::de::Visitor<'de>>::visit_map::bb34,canon-utils/analysis/src/lib.rs,1,1
1629,BASIC_BLOCK,<types::_::<impl errors::_::_serde::Deserialize<'de> for types::Node>::deserialize::__Visitor<'de> as errors::_::_serde::de::Visitor<'de>>::visit_map::bb35,canon-utils/analysis/src/types.rs,43,35
1630,CALL_SITE,<types::_::<impl errors::_::_serde::Deserialize<'de> for types::Node>::deserialize::__Visitor<'de> as errors::_::_serde::de::Visitor<'de>>::visit_map::bb35::call19,canon-utils/analysis/src/types.rs,43,35
1631,BASIC_BLOCK,<types::_::<impl errors::_::_serde::Deserialize<'de> for types::Node>::deserialize::__Visitor<'de> as errors::_::_serde::de::Visitor<'de>>::visit_map::bb36,canon-utils/analysis/src/types.rs,43,35
1632,CALL_SITE,<types::_::<impl errors::_::_serde::Deserialize<'de> for types::Node>::deserialize::__Visitor<'de> as errors::_::_serde::de::Visitor<'de>>::visit_map::bb36::call20,canon-utils/analysis/src/types.rs,43,35
1633,BASIC_BLOCK,<types::_::<impl errors::_::_serde::Deserialize<'de> for types::Node>::deserialize::__Visitor<'de> as errors::_::_serde::de::Visitor<'de>>::visit_map::bb37,canon-utils/analysis/src/types.rs,43,35
1634,BASIC_BLOCK,<types::_::<impl errors::_::_serde::Deserialize<'de> for types::Node>::deserialize::__Visitor<'de> as errors::_::_serde::de::Visitor<'de>>::visit_map::bb38,canon-utils/analysis/src/types.rs,43,35
1635,BASIC_BLOCK,<types::_::<impl errors::_::_serde::Deserialize<'de> for types::Node>::deserialize::__Visitor<'de> as errors::_::_serde::de::Visitor<'de>>::visit_map::bb39,canon-utils/analysis/src/types.rs,43,35
1636,CALL_SITE,<types::_::<impl errors::_::_serde::Deserialize<'de> for types::Node>::deserialize::__Visitor<'de> as errors::_::_serde::de::Visitor<'de>>::visit_map::bb39::call21,canon-utils/analysis/src/types.rs,43,35
1637,BASIC_BLOCK,<types::_::<impl errors::_::_serde::Deserialize<'de> for types::Node>::deserialize::__Visitor<'de> as errors::_::_serde::de::Visitor<'de>>::visit_map::bb4,canon-utils/analysis/src/lib.rs,1,1
1638,BASIC_BLOCK,<types::_::<impl errors::_::_serde::Deserialize<'de> for types::Node>::deserialize::__Visitor<'de> as errors::_::_serde::de::Visitor<'de>>::visit_map::bb40,canon-utils/analysis/src/types.rs,43,35
1639,BASIC_BLOCK,<types::_::<impl errors::_::_serde::Deserialize<'de> for types::Node>::deserialize::__Visitor<'de> as errors::_::_serde::de::Visitor<'de>>::visit_map::bb41,canon-utils/analysis/src/types.rs,43,35
1640,BASIC_BLOCK,<types::_::<impl errors::_::_serde::Deserialize<'de> for types::Node>::deserialize::__Visitor<'de> as errors::_::_serde::de::Visitor<'de>>::visit_map::bb42,canon-utils/analysis/src/types.rs,43,35
1641,BASIC_BLOCK,<types::_::<impl errors::_::_serde::Deserialize<'de> for types::Node>::deserialize::__Visitor<'de> as errors::_::_serde::de::Visitor<'de>>::visit_map::bb43,canon-utils/analysis/src/types.rs,43,35
1642,CALL_SITE,<types::_::<impl errors::_::_serde::Deserialize<'de> for types::Node>::deserialize::__Visitor<'de> as errors::_::_serde::de::Visitor<'de>>::visit_map::bb43::call22,canon-utils/analysis/src/types.rs,43,35
1643,BASIC_BLOCK,<types::_::<impl errors::_::_serde::Deserialize<'de> for types::Node>::deserialize::__Visitor<'de> as errors::_::_serde::de::Visitor<'de>>::visit_map::bb44,canon-utils/analysis/src/lib.rs,1,1
1644,BASIC_BLOCK,<types::_::<impl errors::_::_serde::Deserialize<'de> for types::Node>::deserialize::__Visitor<'de> as errors::_::_serde::de::Visitor<'de>>::visit_map::bb45,canon-utils/analysis/src/types.rs,43,35
1645,CALL_SITE,<types::_::<impl errors::_::_serde::Deserialize<'de> for types::Node>::deserialize::__Visitor<'de> as errors::_::_serde::de::Visitor<'de>>::visit_map::bb45::call23,canon-utils/analysis/src/types.rs,43,35
1646,BASIC_BLOCK,<types::_::<impl errors::_::_serde::Deserialize<'de> for types::Node>::deserialize::__Visitor<'de> as errors::_::_serde::de::Visitor<'de>>::visit_map::bb46,canon-utils/analysis/src/types.rs,43,35
1647,CALL_SITE,<types::_::<impl errors::_::_serde::Deserialize<'de> for types::Node>::deserialize::__Visitor<'de> as errors::_::_serde::de::Visitor<'de>>::visit_map::bb46::call24,canon-utils/analysis/src/types.rs,43,35
1648,BASIC_BLOCK,<types::_::<impl errors::_::_serde::Deserialize<'de> for types::Node>::deserialize::__Visitor<'de> as errors::_::_serde::de::Visitor<'de>>::visit_map::bb47,canon-utils/analysis/src/types.rs,43,35
1649,BASIC_BLOCK,<types::_::<impl errors::_::_serde::Deserialize<'de> for types::Node>::deserialize::__Visitor<'de> as errors::_::_serde::de::Visitor<'de>>::visit_map::bb48,canon-utils/analysis/src/types.rs,43,35
1650,BASIC_BLOCK,<types::_::<impl errors::_::_serde::Deserialize<'de> for types::Node>::deserialize::__Visitor<'de> as errors::_::_serde::de::Visitor<'de>>::visit_map::bb49,canon-utils/analysis/src/types.rs,43,35
1651,CALL_SITE,<types::_::<impl errors::_::_serde::Deserialize<'de> for types::Node>::deserialize::__Visitor<'de> as errors::_::_serde::de::Visitor<'de>>::visit_map::bb49::call25,canon-utils/analysis/src/types.rs,43,35
1652,BASIC_BLOCK,<types::_::<impl errors::_::_serde::Deserialize<'de> for types::Node>::deserialize::__Visitor<'de> as errors::_::_serde::de::Visitor<'de>>::visit_map::bb5,canon-utils/analysis/src/types.rs,43,35
1653,BASIC_BLOCK,<types::_::<impl errors::_::_serde::Deserialize<'de> for types::Node>::deserialize::__Visitor<'de> as errors::_::_serde::de::Visitor<'de>>::visit_map::bb50,canon-utils/analysis/src/types.rs,43,35
1654,BASIC_BLOCK,<types::_::<impl errors::_::_serde::Deserialize<'de> for types::Node>::deserialize::__Visitor<'de> as errors::_::_serde::de::Visitor<'de>>::visit_map::bb51,canon-utils/analysis/src/types.rs,43,35
1655,BASIC_BLOCK,<types::_::<impl errors::_::_serde::Deserialize<'de> for types::Node>::deserialize::__Visitor<'de> as errors::_::_serde::de::Visitor<'de>>::visit_map::bb52,canon-utils/analysis/src/types.rs,43,35
1656,BASIC_BLOCK,<types::_::<impl errors::_::_serde::Deserialize<'de> for types::Node>::deserialize::__Visitor<'de> as errors::_::_serde::de::Visitor<'de>>::visit_map::bb53,canon-utils/analysis/src/types.rs,43,35
1657,CALL_SITE,<types::_::<impl errors::_::_serde::Deserialize<'de> for types::Node>::deserialize::__Visitor<'de> as errors::_::_serde::de::Visitor<'de>>::visit_map::bb53::call26,canon-utils/analysis/src/types.rs,43,35
1658,BASIC_BLOCK,<types::_::<impl errors::_::_serde::Deserialize<'de> for types::Node>::deserialize::__Visitor<'de> as errors::_::_serde::de::Visitor<'de>>::visit_map::bb54,canon-utils/analysis/src/lib.rs,1,1
1659,BASIC_BLOCK,<types::_::<impl errors::_::_serde::Deserialize<'de> for types::Node>::deserialize::__Visitor<'de> as errors::_::_serde::de::Visitor<'de>>::visit_map::bb55,canon-utils/analysis/src/types.rs,43,35
1660,CALL_SITE,<types::_::<impl errors::_::_serde::Deserialize<'de> for types::Node>::deserialize::__Visitor<'de> as errors::_::_serde::de::Visitor<'de>>::visit_map::bb55::call27,canon-utils/analysis/src/types.rs,43,35
1661,BASIC_BLOCK,<types::_::<impl errors::_::_serde::Deserialize<'de> for types::Node>::deserialize::__Visitor<'de> as errors::_::_serde::de::Visitor<'de>>::visit_map::bb56,canon-utils/analysis/src/types.rs,43,35
1662,CALL_SITE,<types::_::<impl errors::_::_serde::Deserialize<'de> for types::Node>::deserialize::__Visitor<'de> as errors::_::_serde::de::Visitor<'de>>::visit_map::bb56::call28,canon-utils/analysis/src/types.rs,43,35
1663,BASIC_BLOCK,<types::_::<impl errors::_::_serde::Deserialize<'de> for types::Node>::deserialize::__Visitor<'de> as errors::_::_serde::de::Visitor<'de>>::visit_map::bb57,canon-utils/analysis/src/types.rs,43,35
1664,BASIC_BLOCK,<types::_::<impl errors::_::_serde::Deserialize<'de> for types::Node>::deserialize::__Visitor<'de> as errors::_::_serde::de::Visitor<'de>>::visit_map::bb58,canon-utils/analysis/src/types.rs,43,35
1665,BASIC_BLOCK,<types::_::<impl errors::_::_serde::Deserialize<'de> for types::Node>::deserialize::__Visitor<'de> as errors::_::_serde::de::Visitor<'de>>::visit_map::bb59,canon-utils/analysis/src/types.rs,43,35
1666,CALL_SITE,<types::_::<impl errors::_::_serde::Deserialize<'de> for types::Node>::deserialize::__Visitor<'de> as errors::_::_serde::de::Visitor<'de>>::visit_map::bb59::call29,canon-utils/analysis/src/types.rs,43,35
1667,BASIC_BLOCK,<types::_::<impl errors::_::_serde::Deserialize<'de> for types::Node>::deserialize::__Visitor<'de> as errors::_::_serde::de::Visitor<'de>>::visit_map::bb6,canon-utils/analysis/src/types.rs,43,35
1668,BASIC_BLOCK,<types::_::<impl errors::_::_serde::Deserialize<'de> for types::Node>::deserialize::__Visitor<'de> as errors::_::_serde::de::Visitor<'de>>::visit_map::bb60,canon-utils/analysis/src/types.rs,43,35
1669,BASIC_BLOCK,<types::_::<impl errors::_::_serde::Deserialize<'de> for types::Node>::deserialize::__Visitor<'de> as errors::_::_serde::de::Visitor<'de>>::visit_map::bb61,canon-utils/analysis/src/types.rs,43,35
1670,CALL_SITE,<types::_::<impl errors::_::_serde::Deserialize<'de> for types::Node>::deserialize::__Visitor<'de> as errors::_::_serde::de::Visitor<'de>>::visit_map::bb61::call30,canon-utils/analysis/src/types.rs,43,35
1671,BASIC_BLOCK,<types::_::<impl errors::_::_serde::Deserialize<'de> for types::Node>::deserialize::__Visitor<'de> as errors::_::_serde::de::Visitor<'de>>::visit_map::bb62,canon-utils/analysis/src/lib.rs,1,1
1672,BASIC_BLOCK,<types::_::<impl errors::_::_serde::Deserialize<'de> for types::Node>::deserialize::__Visitor<'de> as errors::_::_serde::de::Visitor<'de>>::visit_map::bb63,canon-utils/analysis/src/types.rs,43,35
1673,CALL_SITE,<types::_::<impl errors::_::_serde::Deserialize<'de> for types::Node>::deserialize::__Visitor<'de> as errors::_::_serde::de::Visitor<'de>>::visit_map::bb63::call31,canon-utils/analysis/src/types.rs,43,35
1674,BASIC_BLOCK,<types::_::<impl errors::_::_serde::Deserialize<'de> for types::Node>::deserialize::__Visitor<'de> as errors::_::_serde::de::Visitor<'de>>::visit_map::bb64,canon-utils/analysis/src/types.rs,43,35
1675,CALL_SITE,<types::_::<impl errors::_::_serde::Deserialize<'de> for types::Node>::deserialize::__Visitor<'de> as errors::_::_serde::de::Visitor<'de>>::visit_map::bb64::call32,canon-utils/analysis/src/types.rs,43,35
1676,BASIC_BLOCK,<types::_::<impl errors::_::_serde::Deserialize<'de> for types::Node>::deserialize::__Visitor<'de> as errors::_::_serde::de::Visitor<'de>>::visit_map::bb65,canon-utils/analysis/src/types.rs,43,35
1677,BASIC_BLOCK,<types::_::<impl errors::_::_serde::Deserialize<'de> for types::Node>::deserialize::__Visitor<'de> as errors::_::_serde::de::Visitor<'de>>::visit_map::bb66,canon-utils/analysis/src/types.rs,43,35
1678,BASIC_BLOCK,<types::_::<impl errors::_::_serde::Deserialize<'de> for types::Node>::deserialize::__Visitor<'de> as errors::_::_serde::de::Visitor<'de>>::visit_map::bb67,canon-utils/analysis/src/types.rs,43,35
1679,CALL_SITE,<types::_::<impl errors::_::_serde::Deserialize<'de> for types::Node>::deserialize::__Visitor<'de> as errors::_::_serde::de::Visitor<'de>>::visit_map::bb67::call33,canon-utils/analysis/src/types.rs,43,35
1680,BASIC_BLOCK,<types::_::<impl errors::_::_serde::Deserialize<'de> for types::Node>::deserialize::__Visitor<'de> as errors::_::_serde::de::Visitor<'de>>::visit_map::bb68,canon-utils/analysis/src/types.rs,43,35
1681,CALL_SITE,<types::_::<impl errors::_::_serde::Deserialize<'de> for types::Node>::deserialize::__Visitor<'de> as errors::_::_serde::de::Visitor<'de>>::visit_map::bb68::call34,canon-utils/analysis/src/types.rs,43,35
1682,BASIC_BLOCK,<types::_::<impl errors::_::_serde::Deserialize<'de> for types::Node>::deserialize::__Visitor<'de> as errors::_::_serde::de::Visitor<'de>>::visit_map::bb69,canon-utils/analysis/src/types.rs,43,35
1683,CALL_SITE,<types::_::<impl errors::_::_serde::Deserialize<'de> for types::Node>::deserialize::__Visitor<'de> as errors::_::_serde::de::Visitor<'de>>::visit_map::bb6::call2,canon-utils/analysis/src/types.rs,43,35
1684,BASIC_BLOCK,<types::_::<impl errors::_::_serde::Deserialize<'de> for types::Node>::deserialize::__Visitor<'de> as errors::_::_serde::de::Visitor<'de>>::visit_map::bb7,canon-utils/analysis/src/types.rs,43,35
1685,BASIC_BLOCK,<types::_::<impl errors::_::_serde::Deserialize<'de> for types::Node>::deserialize::__Visitor<'de> as errors::_::_serde::de::Visitor<'de>>::visit_map::bb70,canon-utils/analysis/src/types.rs,43,35
1686,CALL_SITE,<types::_::<impl errors::_::_serde::Deserialize<'de> for types::Node>::deserialize::__Visitor<'de> as errors::_::_serde::de::Visitor<'de>>::visit_map::bb70::call35,canon-utils/analysis/src/types.rs,43,35
1687,BASIC_BLOCK,<types::_::<impl errors::_::_serde::Deserialize<'de> for types::Node>::deserialize::__Visitor<'de> as errors::_::_serde::de::Visitor<'de>>::visit_map::bb71,canon-utils/analysis/src/types.rs,43,35
1688,CALL_SITE,<types::_::<impl errors::_::_serde::Deserialize<'de> for types::Node>::deserialize::__Visitor<'de> as errors::_::_serde::de::Visitor<'de>>::visit_map::bb71::call36,canon-utils/analysis/src/types.rs,43,35
1689,BASIC_BLOCK,<types::_::<impl errors::_::_serde::Deserialize<'de> for types::Node>::deserialize::__Visitor<'de> as errors::_::_serde::de::Visitor<'de>>::visit_map::bb72,canon-utils/analysis/src/types.rs,43,45
1690,BASIC_BLOCK,<types::_::<impl errors::_::_serde::Deserialize<'de> for types::Node>::deserialize::__Visitor<'de> as errors::_::_serde::de::Visitor<'de>>::visit_map::bb73,canon-utils/analysis/src/types.rs,43,35
1691,CALL_SITE,<types::_::<impl errors::_::_serde::Deserialize<'de> for types::Node>::deserialize::__Visitor<'de> as errors::_::_serde::de::Visitor<'de>>::visit_map::bb73::call37,canon-utils/analysis/src/types.rs,43,35
1692,BASIC_BLOCK,<types::_::<impl errors::_::_serde::Deserialize<'de> for types::Node>::deserialize::__Visitor<'de> as errors::_::_serde::de::Visitor<'de>>::visit_map::bb74,canon-utils/analysis/src/types.rs,43,35
1693,BASIC_BLOCK,<types::_::<impl errors::_::_serde::Deserialize<'de> for types::Node>::deserialize::__Visitor<'de> as errors::_::_serde::de::Visitor<'de>>::visit_map::bb75,canon-utils/analysis/src/types.rs,43,45
1694,BASIC_BLOCK,<types::_::<impl errors::_::_serde::Deserialize<'de> for types::Node>::deserialize::__Visitor<'de> as errors::_::_serde::de::Visitor<'de>>::visit_map::bb76,canon-utils/analysis/src/types.rs,43,35
1695,CALL_SITE,<types::_::<impl errors::_::_serde::Deserialize<'de> for types::Node>::deserialize::__Visitor<'de> as errors::_::_serde::de::Visitor<'de>>::visit_map::bb76::call38,canon-utils/analysis/src/types.rs,43,35
1696,BASIC_BLOCK,<types::_::<impl errors::_::_serde::Deserialize<'de> for types::Node>::deserialize::__Visitor<'de> as errors::_::_serde::de::Visitor<'de>>::visit_map::bb77,canon-utils/analysis/src/types.rs,43,35
1697,BASIC_BLOCK,<types::_::<impl errors::_::_serde::Deserialize<'de> for types::Node>::deserialize::__Visitor<'de> as errors::_::_serde::de::Visitor<'de>>::visit_map::bb78,canon-utils/analysis/src/types.rs,43,35
1698,CALL_SITE,<types::_::<impl errors::_::_serde::Deserialize<'de> for types::Node>::deserialize::__Visitor<'de> as errors::_::_serde::de::Visitor<'de>>::visit_map::bb78::call39,canon-utils/analysis/src/types.rs,43,35
1699,BASIC_BLOCK,<types::_::<impl errors::_::_serde::Deserialize<'de> for types::Node>::deserialize::__Visitor<'de> as errors::_::_serde::de::Visitor<'de>>::visit_map::bb79,canon-utils/analysis/src/types.rs,43,45
1700,BASIC_BLOCK,<types::_::<impl errors::_::_serde::Deserialize<'de> for types::Node>::deserialize::__Visitor<'de> as errors::_::_serde::de::Visitor<'de>>::visit_map::bb8,canon-utils/analysis/src/types.rs,43,35
1701,BASIC_BLOCK,<types::_::<impl errors::_::_serde::Deserialize<'de> for types::Node>::deserialize::__Visitor<'de> as errors::_::_serde::de::Visitor<'de>>::visit_map::bb80,canon-utils/analysis/src/types.rs,43,35
1702,CALL_SITE,<types::_::<impl errors::_::_serde::Deserialize<'de> for types::Node>::deserialize::__Visitor<'de> as errors::_::_serde::de::Visitor<'de>>::visit_map::bb80::call40,canon-utils/analysis/src/types.rs,43,35
1703,BASIC_BLOCK,<types::_::<impl errors::_::_serde::Deserialize<'de> for types::Node>::deserialize::__Visitor<'de> as errors::_::_serde::de::Visitor<'de>>::visit_map::bb81,canon-utils/analysis/src/types.rs,43,35
1704,BASIC_BLOCK,<types::_::<impl errors::_::_serde::Deserialize<'de> for types::Node>::deserialize::__Visitor<'de> as errors::_::_serde::de::Visitor<'de>>::visit_map::bb82,canon-utils/analysis/src/types.rs,43,45
1705,BASIC_BLOCK,<types::_::<impl errors::_::_serde::Deserialize<'de> for types::Node>::deserialize::__Visitor<'de> as errors::_::_serde::de::Visitor<'de>>::visit_map::bb83,canon-utils/analysis/src/types.rs,43,35
1706,CALL_SITE,<types::_::<impl errors::_::_serde::Deserialize<'de> for types::Node>::deserialize::__Visitor<'de> as errors::_::_serde::de::Visitor<'de>>::visit_map::bb83::call41,canon-utils/analysis/src/types.rs,43,35
1707,BASIC_BLOCK,<types::_::<impl errors::_::_serde::Deserialize<'de> for types::Node>::deserialize::__Visitor<'de> as errors::_::_serde::de::Visitor<'de>>::visit_map::bb84,canon-utils/analysis/src/types.rs,43,35
1708,BASIC_BLOCK,<types::_::<impl errors::_::_serde::Deserialize<'de> for types::Node>::deserialize::__Visitor<'de> as errors::_::_serde::de::Visitor<'de>>::visit_map::bb85,canon-utils/analysis/src/types.rs,43,35
1709,CALL_SITE,<types::_::<impl errors::_::_serde::Deserialize<'de> for types::Node>::deserialize::__Visitor<'de> as errors::_::_serde::de::Visitor<'de>>::visit_map::bb85::call42,canon-utils/analysis/src/types.rs,43,35
1710,BASIC_BLOCK,<types::_::<impl errors::_::_serde::Deserialize<'de> for types::Node>::deserialize::__Visitor<'de> as errors::_::_serde::de::Visitor<'de>>::visit_map::bb86,canon-utils/analysis/src/types.rs,43,45
1711,BASIC_BLOCK,<types::_::<impl errors::_::_serde::Deserialize<'de> for types::Node>::deserialize::__Visitor<'de> as errors::_::_serde::de::Visitor<'de>>::visit_map::bb87,canon-utils/analysis/src/types.rs,43,35
1712,CALL_SITE,<types::_::<impl errors::_::_serde::Deserialize<'de> for types::Node>::deserialize::__Visitor<'de> as errors::_::_serde::de::Visitor<'de>>::visit_map::bb87::call43,canon-utils/analysis/src/types.rs,43,35
1713,BASIC_BLOCK,<types::_::<impl errors::_::_serde::Deserialize<'de> for types::Node>::deserialize::__Visitor<'de> as errors::_::_serde::de::Visitor<'de>>::visit_map::bb88,canon-utils/analysis/src/types.rs,43,35
1714,BASIC_BLOCK,<types::_::<impl errors::_::_serde::Deserialize<'de> for types::Node>::deserialize::__Visitor<'de> as errors::_::_serde::de::Visitor<'de>>::visit_map::bb89,canon-utils/analysis/src/types.rs,43,45
1715,BASIC_BLOCK,<types::_::<impl errors::_::_serde::Deserialize<'de> for types::Node>::deserialize::__Visitor<'de> as errors::_::_serde::de::Visitor<'de>>::visit_map::bb9,canon-utils/analysis/src/types.rs,43,35
1716,BASIC_BLOCK,<types::_::<impl errors::_::_serde::Deserialize<'de> for types::Node>::deserialize::__Visitor<'de> as errors::_::_serde::de::Visitor<'de>>::visit_map::bb90,canon-utils/analysis/src/types.rs,43,35
1717,CALL_SITE,<types::_::<impl errors::_::_serde::Deserialize<'de> for types::Node>::deserialize::__Visitor<'de> as errors::_::_serde::de::Visitor<'de>>::visit_map::bb90::call44,canon-utils/analysis/src/types.rs,43,35
1718,BASIC_BLOCK,<types::_::<impl errors::_::_serde::Deserialize<'de> for types::Node>::deserialize::__Visitor<'de> as errors::_::_serde::de::Visitor<'de>>::visit_map::bb91,canon-utils/analysis/src/types.rs,43,35
1719,BASIC_BLOCK,<types::_::<impl errors::_::_serde::Deserialize<'de> for types::Node>::deserialize::__Visitor<'de> as errors::_::_serde::de::Visitor<'de>>::visit_map::bb92,canon-utils/analysis/src/types.rs,43,35
1720,CALL_SITE,<types::_::<impl errors::_::_serde::Deserialize<'de> for types::Node>::deserialize::__Visitor<'de> as errors::_::_serde::de::Visitor<'de>>::visit_map::bb92::call45,canon-utils/analysis/src/types.rs,43,35
1721,BASIC_BLOCK,<types::_::<impl errors::_::_serde::Deserialize<'de> for types::Node>::deserialize::__Visitor<'de> as errors::_::_serde::de::Visitor<'de>>::visit_map::bb93,canon-utils/analysis/src/types.rs,43,45
1722,BASIC_BLOCK,<types::_::<impl errors::_::_serde::Deserialize<'de> for types::Node>::deserialize::__Visitor<'de> as errors::_::_serde::de::Visitor<'de>>::visit_map::bb94,canon-utils/analysis/src/types.rs,43,35
1723,CALL_SITE,<types::_::<impl errors::_::_serde::Deserialize<'de> for types::Node>::deserialize::__Visitor<'de> as errors::_::_serde::de::Visitor<'de>>::visit_map::bb94::call46,canon-utils/analysis/src/types.rs,43,35
1724,BASIC_BLOCK,<types::_::<impl errors::_::_serde::Deserialize<'de> for types::Node>::deserialize::__Visitor<'de> as errors::_::_serde::de::Visitor<'de>>::visit_map::bb95,canon-utils/analysis/src/types.rs,43,35
1725,BASIC_BLOCK,<types::_::<impl errors::_::_serde::Deserialize<'de> for types::Node>::deserialize::__Visitor<'de> as errors::_::_serde::de::Visitor<'de>>::visit_map::bb96,canon-utils/analysis/src/types.rs,43,45
1726,BASIC_BLOCK,<types::_::<impl errors::_::_serde::Deserialize<'de> for types::Node>::deserialize::__Visitor<'de> as errors::_::_serde::de::Visitor<'de>>::visit_map::bb97,canon-utils/analysis/src/types.rs,43,35
1727,CALL_SITE,<types::_::<impl errors::_::_serde::Deserialize<'de> for types::Node>::deserialize::__Visitor<'de> as errors::_::_serde::de::Visitor<'de>>::visit_map::bb97::call47,canon-utils/analysis/src/types.rs,43,35
1728,BASIC_BLOCK,<types::_::<impl errors::_::_serde::Deserialize<'de> for types::Node>::deserialize::__Visitor<'de> as errors::_::_serde::de::Visitor<'de>>::visit_map::bb98,canon-utils/analysis/src/types.rs,43,35
1729,BASIC_BLOCK,<types::_::<impl errors::_::_serde::Deserialize<'de> for types::Node>::deserialize::__Visitor<'de> as errors::_::_serde::de::Visitor<'de>>::visit_map::bb99,canon-utils/analysis/src/types.rs,43,35
1730,CALL_SITE,<types::_::<impl errors::_::_serde::Deserialize<'de> for types::Node>::deserialize::__Visitor<'de> as errors::_::_serde::de::Visitor<'de>>::visit_map::bb99::call48,canon-utils/analysis/src/types.rs,43,35
1731,CALL_SITE,<types::_::<impl errors::_::_serde::Deserialize<'de> for types::Node>::deserialize::__Visitor<'de> as errors::_::_serde::de::Visitor<'de>>::visit_map::bb9::call3,canon-utils/analysis/src/types.rs,43,35
1732,METHOD,<types::_::<impl errors::_::_serde::Deserialize<'de> for types::Node>::deserialize::__Visitor<'de> as errors::_::_serde::de::Visitor<'de>>::visit_map::fn,canon-utils/analysis/src/types.rs,43,35
1733,PARAM,<types::_::<impl errors::_::_serde::Deserialize<'de> for types::Node>::deserialize::__Visitor<'de> as errors::_::_serde::de::Visitor<'de>>::visit_map::param0,canon-utils/analysis/src/types.rs,43,35
1734,PARAM,<types::_::<impl errors::_::_serde::Deserialize<'de> for types::Node>::deserialize::__Visitor<'de> as errors::_::_serde::de::Visitor<'de>>::visit_map::param1,canon-utils/analysis/src/types.rs,43,35
1735,BASIC_BLOCK,<types::_::<impl errors::_::_serde::Deserialize<'de> for types::Node>::deserialize::__Visitor<'de> as errors::_::_serde::de::Visitor<'de>>::visit_seq::bb0,canon-utils/analysis/src/types.rs,43,35
1736,CALL_SITE,<types::_::<impl errors::_::_serde::Deserialize<'de> for types::Node>::deserialize::__Visitor<'de> as errors::_::_serde::de::Visitor<'de>>::visit_seq::bb0::call0,canon-utils/analysis/src/types.rs,43,35
1737,BASIC_BLOCK,<types::_::<impl errors::_::_serde::Deserialize<'de> for types::Node>::deserialize::__Visitor<'de> as errors::_::_serde::de::Visitor<'de>>::visit_seq::bb1,canon-utils/analysis/src/types.rs,43,35
1738,BASIC_BLOCK,<types::_::<impl errors::_::_serde::Deserialize<'de> for types::Node>::deserialize::__Visitor<'de> as errors::_::_serde::de::Visitor<'de>>::visit_seq::bb10,canon-utils/analysis/src/types.rs,43,35
1739,BASIC_BLOCK,<types::_::<impl errors::_::_serde::Deserialize<'de> for types::Node>::deserialize::__Visitor<'de> as errors::_::_serde::de::Visitor<'de>>::visit_seq::bb11,canon-utils/analysis/src/types.rs,43,35
1740,BASIC_BLOCK,<types::_::<impl errors::_::_serde::Deserialize<'de> for types::Node>::deserialize::__Visitor<'de> as errors::_::_serde::de::Visitor<'de>>::visit_seq::bb12,canon-utils/analysis/src/types.rs,43,35
1741,CALL_SITE,<types::_::<impl errors::_::_serde::Deserialize<'de> for types::Node>::deserialize::__Visitor<'de> as errors::_::_serde::de::Visitor<'de>>::visit_seq::bb12::call6,canon-utils/analysis/src/types.rs,43,35
1742,BASIC_BLOCK,<types::_::<impl errors::_::_serde::Deserialize<'de> for types::Node>::deserialize::__Visitor<'de> as errors::_::_serde::de::Visitor<'de>>::visit_seq::bb13,canon-utils/analysis/src/types.rs,43,35
1743,CALL_SITE,<types::_::<impl errors::_::_serde::Deserialize<'de> for types::Node>::deserialize::__Visitor<'de> as errors::_::_serde::de::Visitor<'de>>::visit_seq::bb13::call7,canon-utils/analysis/src/types.rs,43,35
1744,BASIC_BLOCK,<types::_::<impl errors::_::_serde::Deserialize<'de> for types::Node>::deserialize::__Visitor<'de> as errors::_::_serde::de::Visitor<'de>>::visit_seq::bb14,canon-utils/analysis/src/types.rs,43,35
1745,CALL_SITE,<types::_::<impl errors::_::_serde::Deserialize<'de> for types::Node>::deserialize::__Visitor<'de> as errors::_::_serde::de::Visitor<'de>>::visit_seq::bb14::call8,canon-utils/analysis/src/types.rs,43,35
1746,BASIC_BLOCK,<types::_::<impl errors::_::_serde::Deserialize<'de> for types::Node>::deserialize::__Visitor<'de> as errors::_::_serde::de::Visitor<'de>>::visit_seq::bb15,canon-utils/analysis/src/lib.rs,1,1
1747,BASIC_BLOCK,<types::_::<impl errors::_::_serde::Deserialize<'de> for types::Node>::deserialize::__Visitor<'de> as errors::_::_serde::de::Visitor<'de>>::visit_seq::bb16,canon-utils/analysis/src/types.rs,43,35
1748,CALL_SITE,<types::_::<impl errors::_::_serde::Deserialize<'de> for types::Node>::deserialize::__Visitor<'de> as errors::_::_serde::de::Visitor<'de>>::visit_seq::bb16::call9,canon-utils/analysis/src/types.rs,43,35
1749,BASIC_BLOCK,<types::_::<impl errors::_::_serde::Deserialize<'de> for types::Node>::deserialize::__Visitor<'de> as errors::_::_serde::de::Visitor<'de>>::visit_seq::bb17,canon-utils/analysis/src/types.rs,43,35
1750,BASIC_BLOCK,<types::_::<impl errors::_::_serde::Deserialize<'de> for types::Node>::deserialize::__Visitor<'de> as errors::_::_serde::de::Visitor<'de>>::visit_seq::bb18,canon-utils/analysis/src/types.rs,43,35
1751,BASIC_BLOCK,<types::_::<impl errors::_::_serde::Deserialize<'de> for types::Node>::deserialize::__Visitor<'de> as errors::_::_serde::de::Visitor<'de>>::visit_seq::bb19,canon-utils/analysis/src/types.rs,43,35
1752,CALL_SITE,<types::_::<impl errors::_::_serde::Deserialize<'de> for types::Node>::deserialize::__Visitor<'de> as errors::_::_serde::de::Visitor<'de>>::visit_seq::bb19::call10,canon-utils/analysis/src/types.rs,43,35
1753,CALL_SITE,<types::_::<impl errors::_::_serde::Deserialize<'de> for types::Node>::deserialize::__Visitor<'de> as errors::_::_serde::de::Visitor<'de>>::visit_seq::bb1::call1,canon-utils/analysis/src/types.rs,43,35
1754,BASIC_BLOCK,<types::_::<impl errors::_::_serde::Deserialize<'de> for types::Node>::deserialize::__Visitor<'de> as errors::_::_serde::de::Visitor<'de>>::visit_seq::bb2,canon-utils/analysis/src/types.rs,43,35
1755,BASIC_BLOCK,<types::_::<impl errors::_::_serde::Deserialize<'de> for types::Node>::deserialize::__Visitor<'de> as errors::_::_serde::de::Visitor<'de>>::visit_seq::bb20,canon-utils/analysis/src/types.rs,43,35
1756,CALL_SITE,<types::_::<impl errors::_::_serde::Deserialize<'de> for types::Node>::deserialize::__Visitor<'de> as errors::_::_serde::de::Visitor<'de>>::visit_seq::bb20::call11,canon-utils/analysis/src/types.rs,43,35
1757,BASIC_BLOCK,<types::_::<impl errors::_::_serde::Deserialize<'de> for types::Node>::deserialize::__Visitor<'de> as errors::_::_serde::de::Visitor<'de>>::visit_seq::bb21,canon-utils/analysis/src/types.rs,43,35
1758,CALL_SITE,<types::_::<impl errors::_::_serde::Deserialize<'de> for types::Node>::deserialize::__Visitor<'de> as errors::_::_serde::de::Visitor<'de>>::visit_seq::bb21::call12,canon-utils/analysis/src/types.rs,43,35
1759,BASIC_BLOCK,<types::_::<impl errors::_::_serde::Deserialize<'de> for types::Node>::deserialize::__Visitor<'de> as errors::_::_serde::de::Visitor<'de>>::visit_seq::bb22,canon-utils/analysis/src/types.rs,43,45
1760,BASIC_BLOCK,<types::_::<impl errors::_::_serde::Deserialize<'de> for types::Node>::deserialize::__Visitor<'de> as errors::_::_serde::de::Visitor<'de>>::visit_seq::bb23,canon-utils/analysis/src/types.rs,43,35
1761,CALL_SITE,<types::_::<impl errors::_::_serde::Deserialize<'de> for types::Node>::deserialize::__Visitor<'de> as errors::_::_serde::de::Visitor<'de>>::visit_seq::bb23::call13,canon-utils/analysis/src/types.rs,43,35
1762,BASIC_BLOCK,<types::_::<impl errors::_::_serde::Deserialize<'de> for types::Node>::deserialize::__Visitor<'de> as errors::_::_serde::de::Visitor<'de>>::visit_seq::bb24,canon-utils/analysis/src/types.rs,43,35
1763,BASIC_BLOCK,<types::_::<impl errors::_::_serde::Deserialize<'de> for types::Node>::deserialize::__Visitor<'de> as errors::_::_serde::de::Visitor<'de>>::visit_seq::bb25,canon-utils/analysis/src/types.rs,43,35
1764,BASIC_BLOCK,<types::_::<impl errors::_::_serde::Deserialize<'de> for types::Node>::deserialize::__Visitor<'de> as errors::_::_serde::de::Visitor<'de>>::visit_seq::bb26,canon-utils/analysis/src/types.rs,43,35
1765,CALL_SITE,<types::_::<impl errors::_::_serde::Deserialize<'de> for types::Node>::deserialize::__Visitor<'de> as errors::_::_serde::de::Visitor<'de>>::visit_seq::bb26::call14,canon-utils/analysis/src/types.rs,43,35
1766,BASIC_BLOCK,<types::_::<impl errors::_::_serde::Deserialize<'de> for types::Node>::deserialize::__Visitor<'de> as errors::_::_serde::de::Visitor<'de>>::visit_seq::bb27,canon-utils/analysis/src/types.rs,43,35
1767,CALL_SITE,<types::_::<impl errors::_::_serde::Deserialize<'de> for types::Node>::deserialize::__Visitor<'de> as errors::_::_serde::de::Visitor<'de>>::visit_seq::bb27::call15,canon-utils/analysis/src/types.rs,43,35
1768,BASIC_BLOCK,<types::_::<impl errors::_::_serde::Deserialize<'de> for types::Node>::deserialize::__Visitor<'de> as errors::_::_serde::de::Visitor<'de>>::visit_seq::bb28,canon-utils/analysis/src/types.rs,43,35
1769,CALL_SITE,<types::_::<impl errors::_::_serde::Deserialize<'de> for types::Node>::deserialize::__Visitor<'de> as errors::_::_serde::de::Visitor<'de>>::visit_seq::bb28::call16,canon-utils/analysis/src/types.rs,43,35
1770,BASIC_BLOCK,<types::_::<impl errors::_::_serde::Deserialize<'de> for types::Node>::deserialize::__Visitor<'de> as errors::_::_serde::de::Visitor<'de>>::visit_seq::bb29,canon-utils/analysis/src/types.rs,43,45
1771,BASIC_BLOCK,<types::_::<impl errors::_::_serde::Deserialize<'de> for types::Node>::deserialize::__Visitor<'de> as errors::_::_serde::de::Visitor<'de>>::visit_seq::bb3,canon-utils/analysis/src/lib.rs,1,1
1772,BASIC_BLOCK,<types::_::<impl errors::_::_serde::Deserialize<'de> for types::Node>::deserialize::__Visitor<'de> as errors::_::_serde::de::Visitor<'de>>::visit_seq::bb30,canon-utils/analysis/src/types.rs,43,35
1773,CALL_SITE,<types::_::<impl errors::_::_serde::Deserialize<'de> for types::Node>::deserialize::__Visitor<'de> as errors::_::_serde::de::Visitor<'de>>::visit_seq::bb30::call17,canon-utils/analysis/src/types.rs,43,35
1774,BASIC_BLOCK,<types::_::<impl errors::_::_serde::Deserialize<'de> for types::Node>::deserialize::__Visitor<'de> as errors::_::_serde::de::Visitor<'de>>::visit_seq::bb31,canon-utils/analysis/src/types.rs,43,35
1775,BASIC_BLOCK,<types::_::<impl errors::_::_serde::Deserialize<'de> for types::Node>::deserialize::__Visitor<'de> as errors::_::_serde::de::Visitor<'de>>::visit_seq::bb32,canon-utils/analysis/src/types.rs,43,35
1776,BASIC_BLOCK,<types::_::<impl errors::_::_serde::Deserialize<'de> for types::Node>::deserialize::__Visitor<'de> as errors::_::_serde::de::Visitor<'de>>::visit_seq::bb33,canon-utils/analysis/src/types.rs,43,35
1777,CALL_SITE,<types::_::<impl errors::_::_serde::Deserialize<'de> for types::Node>::deserialize::__Visitor<'de> as errors::_::_serde::de::Visitor<'de>>::visit_seq::bb33::call18,canon-utils/analysis/src/types.rs,43,35
1778,BASIC_BLOCK,<types::_::<impl errors::_::_serde::Deserialize<'de> for types::Node>::deserialize::__Visitor<'de> as errors::_::_serde::de::Visitor<'de>>::visit_seq::bb34,canon-utils/analysis/src/types.rs,43,35
1779,CALL_SITE,<types::_::<impl errors::_::_serde::Deserialize<'de> for types::Node>::deserialize::__Visitor<'de> as errors::_::_serde::de::Visitor<'de>>::visit_seq::bb34::call19,canon-utils/analysis/src/types.rs,43,35
1780,BASIC_BLOCK,<types::_::<impl errors::_::_serde::Deserialize<'de> for types::Node>::deserialize::__Visitor<'de> as errors::_::_serde::de::Visitor<'de>>::visit_seq::bb35,canon-utils/analysis/src/types.rs,43,35
1781,CALL_SITE,<types::_::<impl errors::_::_serde::Deserialize<'de> for types::Node>::deserialize::__Visitor<'de> as errors::_::_serde::de::Visitor<'de>>::visit_seq::bb35::call20,canon-utils/analysis/src/types.rs,43,35
1782,BASIC_BLOCK,<types::_::<impl errors::_::_serde::Deserialize<'de> for types::Node>::deserialize::__Visitor<'de> as errors::_::_serde::de::Visitor<'de>>::visit_seq::bb36,canon-utils/analysis/src/lib.rs,1,1
1783,BASIC_BLOCK,<types::_::<impl errors::_::_serde::Deserialize<'de> for types::Node>::deserialize::__Visitor<'de> as errors::_::_serde::de::Visitor<'de>>::visit_seq::bb37,canon-utils/analysis/src/types.rs,43,35
1784,CALL_SITE,<types::_::<impl errors::_::_serde::Deserialize<'de> for types::Node>::deserialize::__Visitor<'de> as errors::_::_serde::de::Visitor<'de>>::visit_seq::bb37::call21,canon-utils/analysis/src/types.rs,43,35
1785,BASIC_BLOCK,<types::_::<impl errors::_::_serde::Deserialize<'de> for types::Node>::deserialize::__Visitor<'de> as errors::_::_serde::de::Visitor<'de>>::visit_seq::bb38,canon-utils/analysis/src/types.rs,43,35
1786,BASIC_BLOCK,<types::_::<impl errors::_::_serde::Deserialize<'de> for types::Node>::deserialize::__Visitor<'de> as errors::_::_serde::de::Visitor<'de>>::visit_seq::bb39,canon-utils/analysis/src/types.rs,43,35
1787,BASIC_BLOCK,<types::_::<impl errors::_::_serde::Deserialize<'de> for types::Node>::deserialize::__Visitor<'de> as errors::_::_serde::de::Visitor<'de>>::visit_seq::bb4,canon-utils/analysis/src/types.rs,43,35
1788,BASIC_BLOCK,<types::_::<impl errors::_::_serde::Deserialize<'de> for types::Node>::deserialize::__Visitor<'de> as errors::_::_serde::de::Visitor<'de>>::visit_seq::bb40,canon-utils/analysis/src/types.rs,43,35
1789,CALL_SITE,<types::_::<impl errors::_::_serde::Deserialize<'de> for types::Node>::deserialize::__Visitor<'de> as errors::_::_serde::de::Visitor<'de>>::visit_seq::bb40::call22,canon-utils/analysis/src/types.rs,43,35
1790,BASIC_BLOCK,<types::_::<impl errors::_::_serde::Deserialize<'de> for types::Node>::deserialize::__Visitor<'de> as errors::_::_serde::de::Visitor<'de>>::visit_seq::bb41,canon-utils/analysis/src/types.rs,43,35
1791,CALL_SITE,<types::_::<impl errors::_::_serde::Deserialize<'de> for types::Node>::deserialize::__Visitor<'de> as errors::_::_serde::de::Visitor<'de>>::visit_seq::bb41::call23,canon-utils/analysis/src/types.rs,43,35
1792,BASIC_BLOCK,<types::_::<impl errors::_::_serde::Deserialize<'de> for types::Node>::deserialize::__Visitor<'de> as errors::_::_serde::de::Visitor<'de>>::visit_seq::bb42,canon-utils/analysis/src/types.rs,43,45
1793,BASIC_BLOCK,<types::_::<impl errors::_::_serde::Deserialize<'de> for types::Node>::deserialize::__Visitor<'de> as errors::_::_serde::de::Visitor<'de>>::visit_seq::bb43,canon-utils/analysis/src/lib.rs,1,1
1794,BASIC_BLOCK,<types::_::<impl errors::_::_serde::Deserialize<'de> for types::Node>::deserialize::__Visitor<'de> as errors::_::_serde::de::Visitor<'de>>::visit_seq::bb44,canon-utils/analysis/src/types.rs,43,45
1795,BASIC_BLOCK,<types::_::<impl errors::_::_serde::Deserialize<'de> for types::Node>::deserialize::__Visitor<'de> as errors::_::_serde::de::Visitor<'de>>::visit_seq::bb45,canon-utils/analysis/src/types.rs,43,45
1796,BASIC_BLOCK,<types::_::<impl errors::_::_serde::Deserialize<'de> for types::Node>::deserialize::__Visitor<'de> as errors::_::_serde::de::Visitor<'de>>::visit_seq::bb46,canon-utils/analysis/src/types.rs,43,45
1797,BASIC_BLOCK,<types::_::<impl errors::_::_serde::Deserialize<'de> for types::Node>::deserialize::__Visitor<'de> as errors::_::_serde::de::Visitor<'de>>::visit_seq::bb47,canon-utils/analysis/src/types.rs,43,46
1798,BASIC_BLOCK,<types::_::<impl errors::_::_serde::Deserialize<'de> for types::Node>::deserialize::__Visitor<'de> as errors::_::_serde::de::Visitor<'de>>::visit_seq::bb48,canon-utils/analysis/src/types.rs,43,45
1799,BASIC_BLOCK,<types::_::<impl errors::_::_serde::Deserialize<'de> for types::Node>::deserialize::__Visitor<'de> as errors::_::_serde::de::Visitor<'de>>::visit_seq::bb49,canon-utils/analysis/src/types.rs,43,45
1800,BASIC_BLOCK,<types::_::<impl errors::_::_serde::Deserialize<'de> for types::Node>::deserialize::__Visitor<'de> as errors::_::_serde::de::Visitor<'de>>::visit_seq::bb5,canon-utils/analysis/src/types.rs,43,35
1801,BASIC_BLOCK,<types::_::<impl errors::_::_serde::Deserialize<'de> for types::Node>::deserialize::__Visitor<'de> as errors::_::_serde::de::Visitor<'de>>::visit_seq::bb50,canon-utils/analysis/src/types.rs,43,45
1802,BASIC_BLOCK,<types::_::<impl errors::_::_serde::Deserialize<'de> for types::Node>::deserialize::__Visitor<'de> as errors::_::_serde::de::Visitor<'de>>::visit_seq::bb51,canon-utils/analysis/src/types.rs,43,35
1803,BASIC_BLOCK,<types::_::<impl errors::_::_serde::Deserialize<'de> for types::Node>::deserialize::__Visitor<'de> as errors::_::_serde::de::Visitor<'de>>::visit_seq::bb52,canon-utils/analysis/src/types.rs,43,35
1804,BASIC_BLOCK,<types::_::<impl errors::_::_serde::Deserialize<'de> for types::Node>::deserialize::__Visitor<'de> as errors::_::_serde::de::Visitor<'de>>::visit_seq::bb53,canon-utils/analysis/src/types.rs,43,35
1805,BASIC_BLOCK,<types::_::<impl errors::_::_serde::Deserialize<'de> for types::Node>::deserialize::__Visitor<'de> as errors::_::_serde::de::Visitor<'de>>::visit_seq::bb54,canon-utils/analysis/src/types.rs,43,35
1806,BASIC_BLOCK,<types::_::<impl errors::_::_serde::Deserialize<'de> for types::Node>::deserialize::__Visitor<'de> as errors::_::_serde::de::Visitor<'de>>::visit_seq::bb55,canon-utils/analysis/src/types.rs,43,35
1807,BASIC_BLOCK,<types::_::<impl errors::_::_serde::Deserialize<'de> for types::Node>::deserialize::__Visitor<'de> as errors::_::_serde::de::Visitor<'de>>::visit_seq::bb56,canon-utils/analysis/src/types.rs,43,35
1808,BASIC_BLOCK,<types::_::<impl errors::_::_serde::Deserialize<'de> for types::Node>::deserialize::__Visitor<'de> as errors::_::_serde::de::Visitor<'de>>::visit_seq::bb57,canon-utils/analysis/src/types.rs,43,35
1809,CALL_SITE,<types::_::<impl errors::_::_serde::Deserialize<'de> for types::Node>::deserialize::__Visitor<'de> as errors::_::_serde::de::Visitor<'de>>::visit_seq::bb5::call2,canon-utils/analysis/src/types.rs,43,35
1810,BASIC_BLOCK,<types::_::<impl errors::_::_serde::Deserialize<'de> for types::Node>::deserialize::__Visitor<'de> as errors::_::_serde::de::Visitor<'de>>::visit_seq::bb6,canon-utils/analysis/src/types.rs,43,35
1811,CALL_SITE,<types::_::<impl errors::_::_serde::Deserialize<'de> for types::Node>::deserialize::__Visitor<'de> as errors::_::_serde::de::Visitor<'de>>::visit_seq::bb6::call3,canon-utils/analysis/src/types.rs,43,35
1812,BASIC_BLOCK,<types::_::<impl errors::_::_serde::Deserialize<'de> for types::Node>::deserialize::__Visitor<'de> as errors::_::_serde::de::Visitor<'de>>::visit_seq::bb7,canon-utils/analysis/src/types.rs,43,35
1813,CALL_SITE,<types::_::<impl errors::_::_serde::Deserialize<'de> for types::Node>::deserialize::__Visitor<'de> as errors::_::_serde::de::Visitor<'de>>::visit_seq::bb7::call4,canon-utils/analysis/src/types.rs,43,35
1814,BASIC_BLOCK,<types::_::<impl errors::_::_serde::Deserialize<'de> for types::Node>::deserialize::__Visitor<'de> as errors::_::_serde::de::Visitor<'de>>::visit_seq::bb8,canon-utils/analysis/src/lib.rs,1,1
1815,BASIC_BLOCK,<types::_::<impl errors::_::_serde::Deserialize<'de> for types::Node>::deserialize::__Visitor<'de> as errors::_::_serde::de::Visitor<'de>>::visit_seq::bb9,canon-utils/analysis/src/types.rs,43,35
1816,CALL_SITE,<types::_::<impl errors::_::_serde::Deserialize<'de> for types::Node>::deserialize::__Visitor<'de> as errors::_::_serde::de::Visitor<'de>>::visit_seq::bb9::call5,canon-utils/analysis/src/types.rs,43,35
1817,METHOD,<types::_::<impl errors::_::_serde::Deserialize<'de> for types::Node>::deserialize::__Visitor<'de> as errors::_::_serde::de::Visitor<'de>>::visit_seq::fn,canon-utils/analysis/src/types.rs,43,35
1818,PARAM,<types::_::<impl errors::_::_serde::Deserialize<'de> for types::Node>::deserialize::__Visitor<'de> as errors::_::_serde::de::Visitor<'de>>::visit_seq::param0,canon-utils/analysis/src/types.rs,43,35
1819,PARAM,<types::_::<impl errors::_::_serde::Deserialize<'de> for types::Node>::deserialize::__Visitor<'de> as errors::_::_serde::de::Visitor<'de>>::visit_seq::param1,canon-utils/analysis/src/types.rs,43,35
1820,BASIC_BLOCK,<types::_::<impl errors::_::_serde::Deserialize<'de> for types::NodeKind>::deserialize::__Field as errors::_::_serde::Deserialize<'de>>::deserialize::bb0,canon-utils/analysis/src/types.rs,3,41
1821,CALL_SITE,<types::_::<impl errors::_::_serde::Deserialize<'de> for types::NodeKind>::deserialize::__Field as errors::_::_serde::Deserialize<'de>>::deserialize::bb0::call0,canon-utils/analysis/src/types.rs,3,41
1822,BASIC_BLOCK,<types::_::<impl errors::_::_serde::Deserialize<'de> for types::NodeKind>::deserialize::__Field as errors::_::_serde::Deserialize<'de>>::deserialize::bb1,canon-utils/analysis/src/types.rs,3,52
1823,METHOD,<types::_::<impl errors::_::_serde::Deserialize<'de> for types::NodeKind>::deserialize::__Field as errors::_::_serde::Deserialize<'de>>::deserialize::fn,canon-utils/analysis/src/types.rs,3,41
1824,PARAM,<types::_::<impl errors::_::_serde::Deserialize<'de> for types::NodeKind>::deserialize::__Field as errors::_::_serde::Deserialize<'de>>::deserialize::param0,canon-utils/analysis/src/types.rs,3,41
1825,BASIC_BLOCK,<types::_::<impl errors::_::_serde::Deserialize<'de> for types::NodeKind>::deserialize::__FieldVisitor as errors::_::_serde::de::Visitor<'de>>::expecting::bb0,canon-utils/analysis/src/types.rs,3,41
1826,CALL_SITE,<types::_::<impl errors::_::_serde::Deserialize<'de> for types::NodeKind>::deserialize::__FieldVisitor as errors::_::_serde::de::Visitor<'de>>::expecting::bb0::call0,canon-utils/analysis/src/types.rs,3,41
1827,BASIC_BLOCK,<types::_::<impl errors::_::_serde::Deserialize<'de> for types::NodeKind>::deserialize::__FieldVisitor as errors::_::_serde::de::Visitor<'de>>::expecting::bb1,canon-utils/analysis/src/types.rs,3,52
1828,METHOD,<types::_::<impl errors::_::_serde::Deserialize<'de> for types::NodeKind>::deserialize::__FieldVisitor as errors::_::_serde::de::Visitor<'de>>::expecting::fn,canon-utils/analysis/src/types.rs,3,41
1829,PARAM,<types::_::<impl errors::_::_serde::Deserialize<'de> for types::NodeKind>::deserialize::__FieldVisitor as errors::_::_serde::de::Visitor<'de>>::expecting::param0,canon-utils/analysis/src/types.rs,3,41
1830,PARAM,<types::_::<impl errors::_::_serde::Deserialize<'de> for types::NodeKind>::deserialize::__FieldVisitor as errors::_::_serde::de::Visitor<'de>>::expecting::param1,canon-utils/analysis/src/types.rs,3,41
1831,BASIC_BLOCK,<types::_::<impl errors::_::_serde::Deserialize<'de> for types::NodeKind>::deserialize::__FieldVisitor as errors::_::_serde::de::Visitor<'de>>::visit_bytes::bb0,canon-utils/analysis/src/types.rs,3,41
1832,BASIC_BLOCK,<types::_::<impl errors::_::_serde::Deserialize<'de> for types::NodeKind>::deserialize::__FieldVisitor as errors::_::_serde::de::Visitor<'de>>::visit_bytes::bb1,canon-utils/analysis/src/types.rs,3,41
1833,BASIC_BLOCK,<types::_::<impl errors::_::_serde::Deserialize<'de> for types::NodeKind>::deserialize::__FieldVisitor as errors::_::_serde::de::Visitor<'de>>::visit_bytes::bb10,canon-utils/analysis/src/types.rs,3,41
1834,BASIC_BLOCK,<types::_::<impl errors::_::_serde::Deserialize<'de> for types::NodeKind>::deserialize::__FieldVisitor as errors::_::_serde::de::Visitor<'de>>::visit_bytes::bb11,canon-utils/analysis/src/types.rs,3,41
1835,BASIC_BLOCK,<types::_::<impl errors::_::_serde::Deserialize<'de> for types::NodeKind>::deserialize::__FieldVisitor as errors::_::_serde::de::Visitor<'de>>::visit_bytes::bb12,canon-utils/analysis/src/types.rs,3,41
1836,BASIC_BLOCK,<types::_::<impl errors::_::_serde::Deserialize<'de> for types::NodeKind>::deserialize::__FieldVisitor as errors::_::_serde::de::Visitor<'de>>::visit_bytes::bb13,canon-utils/analysis/src/types.rs,3,41
1837,BASIC_BLOCK,<types::_::<impl errors::_::_serde::Deserialize<'de> for types::NodeKind>::deserialize::__FieldVisitor as errors::_::_serde::de::Visitor<'de>>::visit_bytes::bb14,canon-utils/analysis/src/types.rs,3,41
1838,BASIC_BLOCK,<types::_::<impl errors::_::_serde::Deserialize<'de> for types::NodeKind>::deserialize::__FieldVisitor as errors::_::_serde::de::Visitor<'de>>::visit_bytes::bb15,canon-utils/analysis/src/types.rs,3,41
1839,BASIC_BLOCK,<types::_::<impl errors::_::_serde::Deserialize<'de> for types::NodeKind>::deserialize::__FieldVisitor as errors::_::_serde::de::Visitor<'de>>::visit_bytes::bb16,canon-utils/analysis/src/types.rs,3,41
1840,BASIC_BLOCK,<types::_::<impl errors::_::_serde::Deserialize<'de> for types::NodeKind>::deserialize::__FieldVisitor as errors::_::_serde::de::Visitor<'de>>::visit_bytes::bb17,canon-utils/analysis/src/types.rs,3,41
1841,BASIC_BLOCK,<types::_::<impl errors::_::_serde::Deserialize<'de> for types::NodeKind>::deserialize::__FieldVisitor as errors::_::_serde::de::Visitor<'de>>::visit_bytes::bb18,canon-utils/analysis/src/types.rs,3,41
1842,BASIC_BLOCK,<types::_::<impl errors::_::_serde::Deserialize<'de> for types::NodeKind>::deserialize::__FieldVisitor as errors::_::_serde::de::Visitor<'de>>::visit_bytes::bb19,canon-utils/analysis/src/types.rs,3,41
1843,CALL_SITE,<types::_::<impl errors::_::_serde::Deserialize<'de> for types::NodeKind>::deserialize::__FieldVisitor as errors::_::_serde::de::Visitor<'de>>::visit_bytes::bb1::call0,canon-utils/analysis/src/types.rs,3,41
1844,BASIC_BLOCK,<types::_::<impl errors::_::_serde::Deserialize<'de> for types::NodeKind>::deserialize::__FieldVisitor as errors::_::_serde::de::Visitor<'de>>::visit_bytes::bb2,canon-utils/analysis/src/types.rs,3,41
1845,BASIC_BLOCK,<types::_::<impl errors::_::_serde::Deserialize<'de> for types::NodeKind>::deserialize::__FieldVisitor as errors::_::_serde::de::Visitor<'de>>::visit_bytes::bb20,canon-utils/analysis/src/types.rs,3,41
1846,BASIC_BLOCK,<types::_::<impl errors::_::_serde::Deserialize<'de> for types::NodeKind>::deserialize::__FieldVisitor as errors::_::_serde::de::Visitor<'de>>::visit_bytes::bb21,canon-utils/analysis/src/types.rs,3,41
1847,BASIC_BLOCK,<types::_::<impl errors::_::_serde::Deserialize<'de> for types::NodeKind>::deserialize::__FieldVisitor as errors::_::_serde::de::Visitor<'de>>::visit_bytes::bb22,canon-utils/analysis/src/types.rs,3,41
1848,BASIC_BLOCK,<types::_::<impl errors::_::_serde::Deserialize<'de> for types::NodeKind>::deserialize::__FieldVisitor as errors::_::_serde::de::Visitor<'de>>::visit_bytes::bb23,canon-utils/analysis/src/types.rs,3,41
1849,BASIC_BLOCK,<types::_::<impl errors::_::_serde::Deserialize<'de> for types::NodeKind>::deserialize::__FieldVisitor as errors::_::_serde::de::Visitor<'de>>::visit_bytes::bb24,canon-utils/analysis/src/types.rs,3,41
1850,BASIC_BLOCK,<types::_::<impl errors::_::_serde::Deserialize<'de> for types::NodeKind>::deserialize::__FieldVisitor as errors::_::_serde::de::Visitor<'de>>::visit_bytes::bb25,canon-utils/analysis/src/types.rs,3,41
1851,BASIC_BLOCK,<types::_::<impl errors::_::_serde::Deserialize<'de> for types::NodeKind>::deserialize::__FieldVisitor as errors::_::_serde::de::Visitor<'de>>::visit_bytes::bb26,canon-utils/analysis/src/types.rs,3,41
1852,BASIC_BLOCK,<types::_::<impl errors::_::_serde::Deserialize<'de> for types::NodeKind>::deserialize::__FieldVisitor as errors::_::_serde::de::Visitor<'de>>::visit_bytes::bb27,canon-utils/analysis/src/types.rs,3,41
1853,BASIC_BLOCK,<types::_::<impl errors::_::_serde::Deserialize<'de> for types::NodeKind>::deserialize::__FieldVisitor as errors::_::_serde::de::Visitor<'de>>::visit_bytes::bb28,canon-utils/analysis/src/types.rs,3,41
1854,BASIC_BLOCK,<types::_::<impl errors::_::_serde::Deserialize<'de> for types::NodeKind>::deserialize::__FieldVisitor as errors::_::_serde::de::Visitor<'de>>::visit_bytes::bb29,canon-utils/analysis/src/types.rs,3,41
1855,BASIC_BLOCK,<types::_::<impl errors::_::_serde::Deserialize<'de> for types::NodeKind>::deserialize::__FieldVisitor as errors::_::_serde::de::Visitor<'de>>::visit_bytes::bb3,canon-utils/analysis/src/types.rs,3,41
1856,BASIC_BLOCK,<types::_::<impl errors::_::_serde::Deserialize<'de> for types::NodeKind>::deserialize::__FieldVisitor as errors::_::_serde::de::Visitor<'de>>::visit_bytes::bb30,canon-utils/analysis/src/types.rs,3,41
1857,BASIC_BLOCK,<types::_::<impl errors::_::_serde::Deserialize<'de> for types::NodeKind>::deserialize::__FieldVisitor as errors::_::_serde::de::Visitor<'de>>::visit_bytes::bb31,canon-utils/analysis/src/types.rs,3,41
1858,BASIC_BLOCK,<types::_::<impl errors::_::_serde::Deserialize<'de> for types::NodeKind>::deserialize::__FieldVisitor as errors::_::_serde::de::Visitor<'de>>::visit_bytes::bb32,canon-utils/analysis/src/types.rs,3,41
1859,BASIC_BLOCK,<types::_::<impl errors::_::_serde::Deserialize<'de> for types::NodeKind>::deserialize::__FieldVisitor as errors::_::_serde::de::Visitor<'de>>::visit_bytes::bb33,canon-utils/analysis/src/types.rs,3,41
1860,BASIC_BLOCK,<types::_::<impl errors::_::_serde::Deserialize<'de> for types::NodeKind>::deserialize::__FieldVisitor as errors::_::_serde::de::Visitor<'de>>::visit_bytes::bb34,canon-utils/analysis/src/types.rs,3,41
1861,BASIC_BLOCK,<types::_::<impl errors::_::_serde::Deserialize<'de> for types::NodeKind>::deserialize::__FieldVisitor as errors::_::_serde::de::Visitor<'de>>::visit_bytes::bb35,canon-utils/analysis/src/types.rs,3,41
1862,BASIC_BLOCK,<types::_::<impl errors::_::_serde::Deserialize<'de> for types::NodeKind>::deserialize::__FieldVisitor as errors::_::_serde::de::Visitor<'de>>::visit_bytes::bb36,canon-utils/analysis/src/types.rs,3,41
1863,BASIC_BLOCK,<types::_::<impl errors::_::_serde::Deserialize<'de> for types::NodeKind>::deserialize::__FieldVisitor as errors::_::_serde::de::Visitor<'de>>::visit_bytes::bb37,canon-utils/analysis/src/types.rs,3,41
1864,BASIC_BLOCK,<types::_::<impl errors::_::_serde::Deserialize<'de> for types::NodeKind>::deserialize::__FieldVisitor as errors::_::_serde::de::Visitor<'de>>::visit_bytes::bb38,canon-utils/analysis/src/types.rs,3,41
1865,BASIC_BLOCK,<types::_::<impl errors::_::_serde::Deserialize<'de> for types::NodeKind>::deserialize::__FieldVisitor as errors::_::_serde::de::Visitor<'de>>::visit_bytes::bb39,canon-utils/analysis/src/types.rs,3,41
1866,BASIC_BLOCK,<types::_::<impl errors::_::_serde::Deserialize<'de> for types::NodeKind>::deserialize::__FieldVisitor as errors::_::_serde::de::Visitor<'de>>::visit_bytes::bb4,canon-utils/analysis/src/types.rs,3,41
1867,BASIC_BLOCK,<types::_::<impl errors::_::_serde::Deserialize<'de> for types::NodeKind>::deserialize::__FieldVisitor as errors::_::_serde::de::Visitor<'de>>::visit_bytes::bb40,canon-utils/analysis/src/types.rs,3,41
1868,BASIC_BLOCK,<types::_::<impl errors::_::_serde::Deserialize<'de> for types::NodeKind>::deserialize::__FieldVisitor as errors::_::_serde::de::Visitor<'de>>::visit_bytes::bb41,canon-utils/analysis/src/types.rs,3,41
1869,BASIC_BLOCK,<types::_::<impl errors::_::_serde::Deserialize<'de> for types::NodeKind>::deserialize::__FieldVisitor as errors::_::_serde::de::Visitor<'de>>::visit_bytes::bb42,canon-utils/analysis/src/types.rs,3,41
1870,BASIC_BLOCK,<types::_::<impl errors::_::_serde::Deserialize<'de> for types::NodeKind>::deserialize::__FieldVisitor as errors::_::_serde::de::Visitor<'de>>::visit_bytes::bb43,canon-utils/analysis/src/types.rs,3,41
1871,BASIC_BLOCK,<types::_::<impl errors::_::_serde::Deserialize<'de> for types::NodeKind>::deserialize::__FieldVisitor as errors::_::_serde::de::Visitor<'de>>::visit_bytes::bb44,canon-utils/analysis/src/types.rs,3,41
1872,BASIC_BLOCK,<types::_::<impl errors::_::_serde::Deserialize<'de> for types::NodeKind>::deserialize::__FieldVisitor as errors::_::_serde::de::Visitor<'de>>::visit_bytes::bb45,canon-utils/analysis/src/types.rs,3,41
1873,BASIC_BLOCK,<types::_::<impl errors::_::_serde::Deserialize<'de> for types::NodeKind>::deserialize::__FieldVisitor as errors::_::_serde::de::Visitor<'de>>::visit_bytes::bb46,canon-utils/analysis/src/types.rs,3,41
1874,BASIC_BLOCK,<types::_::<impl errors::_::_serde::Deserialize<'de> for types::NodeKind>::deserialize::__FieldVisitor as errors::_::_serde::de::Visitor<'de>>::visit_bytes::bb47,canon-utils/analysis/src/types.rs,3,41
1875,BASIC_BLOCK,<types::_::<impl errors::_::_serde::Deserialize<'de> for types::NodeKind>::deserialize::__FieldVisitor as errors::_::_serde::de::Visitor<'de>>::visit_bytes::bb48,canon-utils/analysis/src/types.rs,3,41
1876,BASIC_BLOCK,<types::_::<impl errors::_::_serde::Deserialize<'de> for types::NodeKind>::deserialize::__FieldVisitor as errors::_::_serde::de::Visitor<'de>>::visit_bytes::bb49,canon-utils/analysis/src/types.rs,3,41
1877,BASIC_BLOCK,<types::_::<impl errors::_::_serde::Deserialize<'de> for types::NodeKind>::deserialize::__FieldVisitor as errors::_::_serde::de::Visitor<'de>>::visit_bytes::bb5,canon-utils/analysis/src/types.rs,3,41
1878,BASIC_BLOCK,<types::_::<impl errors::_::_serde::Deserialize<'de> for types::NodeKind>::deserialize::__FieldVisitor as errors::_::_serde::de::Visitor<'de>>::visit_bytes::bb50,canon-utils/analysis/src/types.rs,3,41
1879,BASIC_BLOCK,<types::_::<impl errors::_::_serde::Deserialize<'de> for types::NodeKind>::deserialize::__FieldVisitor as errors::_::_serde::de::Visitor<'de>>::visit_bytes::bb51,canon-utils/analysis/src/types.rs,3,41
1880,BASIC_BLOCK,<types::_::<impl errors::_::_serde::Deserialize<'de> for types::NodeKind>::deserialize::__FieldVisitor as errors::_::_serde::de::Visitor<'de>>::visit_bytes::bb52,canon-utils/analysis/src/types.rs,3,41
1881,BASIC_BLOCK,<types::_::<impl errors::_::_serde::Deserialize<'de> for types::NodeKind>::deserialize::__FieldVisitor as errors::_::_serde::de::Visitor<'de>>::visit_bytes::bb53,canon-utils/analysis/src/types.rs,3,41
1882,BASIC_BLOCK,<types::_::<impl errors::_::_serde::Deserialize<'de> for types::NodeKind>::deserialize::__FieldVisitor as errors::_::_serde::de::Visitor<'de>>::visit_bytes::bb54,canon-utils/analysis/src/types.rs,3,41
1883,BASIC_BLOCK,<types::_::<impl errors::_::_serde::Deserialize<'de> for types::NodeKind>::deserialize::__FieldVisitor as errors::_::_serde::de::Visitor<'de>>::visit_bytes::bb55,canon-utils/analysis/src/types.rs,3,41
1884,BASIC_BLOCK,<types::_::<impl errors::_::_serde::Deserialize<'de> for types::NodeKind>::deserialize::__FieldVisitor as errors::_::_serde::de::Visitor<'de>>::visit_bytes::bb56,canon-utils/analysis/src/types.rs,3,41
1885,BASIC_BLOCK,<types::_::<impl errors::_::_serde::Deserialize<'de> for types::NodeKind>::deserialize::__FieldVisitor as errors::_::_serde::de::Visitor<'de>>::visit_bytes::bb57,canon-utils/analysis/src/types.rs,3,41
1886,BASIC_BLOCK,<types::_::<impl errors::_::_serde::Deserialize<'de> for types::NodeKind>::deserialize::__FieldVisitor as errors::_::_serde::de::Visitor<'de>>::visit_bytes::bb58,canon-utils/analysis/src/types.rs,3,41
1887,BASIC_BLOCK,<types::_::<impl errors::_::_serde::Deserialize<'de> for types::NodeKind>::deserialize::__FieldVisitor as errors::_::_serde::de::Visitor<'de>>::visit_bytes::bb59,canon-utils/analysis/src/types.rs,3,41
1888,BASIC_BLOCK,<types::_::<impl errors::_::_serde::Deserialize<'de> for types::NodeKind>::deserialize::__FieldVisitor as errors::_::_serde::de::Visitor<'de>>::visit_bytes::bb6,canon-utils/analysis/src/types.rs,3,41
1889,BASIC_BLOCK,<types::_::<impl errors::_::_serde::Deserialize<'de> for types::NodeKind>::deserialize::__FieldVisitor as errors::_::_serde::de::Visitor<'de>>::visit_bytes::bb60,canon-utils/analysis/src/types.rs,3,41
1890,BASIC_BLOCK,<types::_::<impl errors::_::_serde::Deserialize<'de> for types::NodeKind>::deserialize::__FieldVisitor as errors::_::_serde::de::Visitor<'de>>::visit_bytes::bb61,canon-utils/analysis/src/types.rs,3,41
1891,BASIC_BLOCK,<types::_::<impl errors::_::_serde::Deserialize<'de> for types::NodeKind>::deserialize::__FieldVisitor as errors::_::_serde::de::Visitor<'de>>::visit_bytes::bb62,canon-utils/analysis/src/types.rs,3,41
1892,BASIC_BLOCK,<types::_::<impl errors::_::_serde::Deserialize<'de> for types::NodeKind>::deserialize::__FieldVisitor as errors::_::_serde::de::Visitor<'de>>::visit_bytes::bb63,canon-utils/analysis/src/types.rs,3,41
1893,BASIC_BLOCK,<types::_::<impl errors::_::_serde::Deserialize<'de> for types::NodeKind>::deserialize::__FieldVisitor as errors::_::_serde::de::Visitor<'de>>::visit_bytes::bb64,canon-utils/analysis/src/types.rs,3,41
1894,BASIC_BLOCK,<types::_::<impl errors::_::_serde::Deserialize<'de> for types::NodeKind>::deserialize::__FieldVisitor as errors::_::_serde::de::Visitor<'de>>::visit_bytes::bb65,canon-utils/analysis/src/types.rs,3,41
1895,BASIC_BLOCK,<types::_::<impl errors::_::_serde::Deserialize<'de> for types::NodeKind>::deserialize::__FieldVisitor as errors::_::_serde::de::Visitor<'de>>::visit_bytes::bb66,canon-utils/analysis/src/types.rs,3,41
1896,BASIC_BLOCK,<types::_::<impl errors::_::_serde::Deserialize<'de> for types::NodeKind>::deserialize::__FieldVisitor as errors::_::_serde::de::Visitor<'de>>::visit_bytes::bb67,canon-utils/analysis/src/types.rs,3,41
1897,BASIC_BLOCK,<types::_::<impl errors::_::_serde::Deserialize<'de> for types::NodeKind>::deserialize::__FieldVisitor as errors::_::_serde::de::Visitor<'de>>::visit_bytes::bb68,canon-utils/analysis/src/types.rs,3,41
1898,BASIC_BLOCK,<types::_::<impl errors::_::_serde::Deserialize<'de> for types::NodeKind>::deserialize::__FieldVisitor as errors::_::_serde::de::Visitor<'de>>::visit_bytes::bb69,canon-utils/analysis/src/types.rs,3,41
1899,BASIC_BLOCK,<types::_::<impl errors::_::_serde::Deserialize<'de> for types::NodeKind>::deserialize::__FieldVisitor as errors::_::_serde::de::Visitor<'de>>::visit_bytes::bb7,canon-utils/analysis/src/types.rs,3,41
1900,BASIC_BLOCK,<types::_::<impl errors::_::_serde::Deserialize<'de> for types::NodeKind>::deserialize::__FieldVisitor as errors::_::_serde::de::Visitor<'de>>::visit_bytes::bb70,canon-utils/analysis/src/types.rs,3,41
1901,BASIC_BLOCK,<types::_::<impl errors::_::_serde::Deserialize<'de> for types::NodeKind>::deserialize::__FieldVisitor as errors::_::_serde::de::Visitor<'de>>::visit_bytes::bb71,canon-utils/analysis/src/types.rs,3,41
1902,BASIC_BLOCK,<types::_::<impl errors::_::_serde::Deserialize<'de> for types::NodeKind>::deserialize::__FieldVisitor as errors::_::_serde::de::Visitor<'de>>::visit_bytes::bb72,canon-utils/analysis/src/types.rs,3,41
1903,BASIC_BLOCK,<types::_::<impl errors::_::_serde::Deserialize<'de> for types::NodeKind>::deserialize::__FieldVisitor as errors::_::_serde::de::Visitor<'de>>::visit_bytes::bb73,canon-utils/analysis/src/types.rs,3,41
1904,BASIC_BLOCK,<types::_::<impl errors::_::_serde::Deserialize<'de> for types::NodeKind>::deserialize::__FieldVisitor as errors::_::_serde::de::Visitor<'de>>::visit_bytes::bb74,canon-utils/analysis/src/types.rs,3,41
1905,BASIC_BLOCK,<types::_::<impl errors::_::_serde::Deserialize<'de> for types::NodeKind>::deserialize::__FieldVisitor as errors::_::_serde::de::Visitor<'de>>::visit_bytes::bb75,canon-utils/analysis/src/types.rs,3,41
1906,BASIC_BLOCK,<types::_::<impl errors::_::_serde::Deserialize<'de> for types::NodeKind>::deserialize::__FieldVisitor as errors::_::_serde::de::Visitor<'de>>::visit_bytes::bb76,canon-utils/analysis/src/types.rs,3,41
1907,BASIC_BLOCK,<types::_::<impl errors::_::_serde::Deserialize<'de> for types::NodeKind>::deserialize::__FieldVisitor as errors::_::_serde::de::Visitor<'de>>::visit_bytes::bb77,canon-utils/analysis/src/types.rs,3,41
1908,BASIC_BLOCK,<types::_::<impl errors::_::_serde::Deserialize<'de> for types::NodeKind>::deserialize::__FieldVisitor as errors::_::_serde::de::Visitor<'de>>::visit_bytes::bb78,canon-utils/analysis/src/types.rs,3,41
1909,BASIC_BLOCK,<types::_::<impl errors::_::_serde::Deserialize<'de> for types::NodeKind>::deserialize::__FieldVisitor as errors::_::_serde::de::Visitor<'de>>::visit_bytes::bb79,canon-utils/analysis/src/types.rs,3,41
1910,BASIC_BLOCK,<types::_::<impl errors::_::_serde::Deserialize<'de> for types::NodeKind>::deserialize::__FieldVisitor as errors::_::_serde::de::Visitor<'de>>::visit_bytes::bb8,canon-utils/analysis/src/types.rs,3,41
1911,BASIC_BLOCK,<types::_::<impl errors::_::_serde::Deserialize<'de> for types::NodeKind>::deserialize::__FieldVisitor as errors::_::_serde::de::Visitor<'de>>::visit_bytes::bb80,canon-utils/analysis/src/types.rs,3,51
1912,BASIC_BLOCK,<types::_::<impl errors::_::_serde::Deserialize<'de> for types::NodeKind>::deserialize::__FieldVisitor as errors::_::_serde::de::Visitor<'de>>::visit_bytes::bb81,canon-utils/analysis/src/types.rs,3,51
1913,BASIC_BLOCK,<types::_::<impl errors::_::_serde::Deserialize<'de> for types::NodeKind>::deserialize::__FieldVisitor as errors::_::_serde::de::Visitor<'de>>::visit_bytes::bb82,canon-utils/analysis/src/types.rs,3,51
1914,BASIC_BLOCK,<types::_::<impl errors::_::_serde::Deserialize<'de> for types::NodeKind>::deserialize::__FieldVisitor as errors::_::_serde::de::Visitor<'de>>::visit_bytes::bb83,canon-utils/analysis/src/types.rs,3,51
1915,BASIC_BLOCK,<types::_::<impl errors::_::_serde::Deserialize<'de> for types::NodeKind>::deserialize::__FieldVisitor as errors::_::_serde::de::Visitor<'de>>::visit_bytes::bb84,canon-utils/analysis/src/types.rs,3,51
1916,BASIC_BLOCK,<types::_::<impl errors::_::_serde::Deserialize<'de> for types::NodeKind>::deserialize::__FieldVisitor as errors::_::_serde::de::Visitor<'de>>::visit_bytes::bb85,canon-utils/analysis/src/types.rs,3,51
1917,BASIC_BLOCK,<types::_::<impl errors::_::_serde::Deserialize<'de> for types::NodeKind>::deserialize::__FieldVisitor as errors::_::_serde::de::Visitor<'de>>::visit_bytes::bb86,canon-utils/analysis/src/types.rs,3,51
1918,BASIC_BLOCK,<types::_::<impl errors::_::_serde::Deserialize<'de> for types::NodeKind>::deserialize::__FieldVisitor as errors::_::_serde::de::Visitor<'de>>::visit_bytes::bb87,canon-utils/analysis/src/types.rs,3,51
1919,BASIC_BLOCK,<types::_::<impl errors::_::_serde::Deserialize<'de> for types::NodeKind>::deserialize::__FieldVisitor as errors::_::_serde::de::Visitor<'de>>::visit_bytes::bb88,canon-utils/analysis/src/types.rs,3,51
1920,BASIC_BLOCK,<types::_::<impl errors::_::_serde::Deserialize<'de> for types::NodeKind>::deserialize::__FieldVisitor as errors::_::_serde::de::Visitor<'de>>::visit_bytes::bb89,canon-utils/analysis/src/types.rs,3,51
1921,BASIC_BLOCK,<types::_::<impl errors::_::_serde::Deserialize<'de> for types::NodeKind>::deserialize::__FieldVisitor as errors::_::_serde::de::Visitor<'de>>::visit_bytes::bb9,canon-utils/analysis/src/types.rs,3,41
1922,BASIC_BLOCK,<types::_::<impl errors::_::_serde::Deserialize<'de> for types::NodeKind>::deserialize::__FieldVisitor as errors::_::_serde::de::Visitor<'de>>::visit_bytes::bb90,canon-utils/analysis/src/types.rs,3,51
1923,BASIC_BLOCK,<types::_::<impl errors::_::_serde::Deserialize<'de> for types::NodeKind>::deserialize::__FieldVisitor as errors::_::_serde::de::Visitor<'de>>::visit_bytes::bb91,canon-utils/analysis/src/types.rs,3,51
1924,BASIC_BLOCK,<types::_::<impl errors::_::_serde::Deserialize<'de> for types::NodeKind>::deserialize::__FieldVisitor as errors::_::_serde::de::Visitor<'de>>::visit_bytes::bb92,canon-utils/analysis/src/types.rs,3,51
1925,BASIC_BLOCK,<types::_::<impl errors::_::_serde::Deserialize<'de> for types::NodeKind>::deserialize::__FieldVisitor as errors::_::_serde::de::Visitor<'de>>::visit_bytes::bb93,canon-utils/analysis/src/types.rs,3,51
1926,BASIC_BLOCK,<types::_::<impl errors::_::_serde::Deserialize<'de> for types::NodeKind>::deserialize::__FieldVisitor as errors::_::_serde::de::Visitor<'de>>::visit_bytes::bb94,canon-utils/analysis/src/types.rs,3,41
1927,CALL_SITE,<types::_::<impl errors::_::_serde::Deserialize<'de> for types::NodeKind>::deserialize::__FieldVisitor as errors::_::_serde::de::Visitor<'de>>::visit_bytes::bb94::call1,canon-utils/analysis/src/types.rs,3,41
1928,BASIC_BLOCK,<types::_::<impl errors::_::_serde::Deserialize<'de> for types::NodeKind>::deserialize::__FieldVisitor as errors::_::_serde::de::Visitor<'de>>::visit_bytes::bb95,canon-utils/analysis/src/types.rs,3,41
1929,CALL_SITE,<types::_::<impl errors::_::_serde::Deserialize<'de> for types::NodeKind>::deserialize::__FieldVisitor as errors::_::_serde::de::Visitor<'de>>::visit_bytes::bb95::call2,canon-utils/analysis/src/types.rs,3,41
1930,BASIC_BLOCK,<types::_::<impl errors::_::_serde::Deserialize<'de> for types::NodeKind>::deserialize::__FieldVisitor as errors::_::_serde::de::Visitor<'de>>::visit_bytes::bb96,canon-utils/analysis/src/types.rs,3,51
1931,BASIC_BLOCK,<types::_::<impl errors::_::_serde::Deserialize<'de> for types::NodeKind>::deserialize::__FieldVisitor as errors::_::_serde::de::Visitor<'de>>::visit_bytes::bb97,canon-utils/analysis/src/types.rs,3,52
1932,BASIC_BLOCK,<types::_::<impl errors::_::_serde::Deserialize<'de> for types::NodeKind>::deserialize::__FieldVisitor as errors::_::_serde::de::Visitor<'de>>::visit_bytes::bb98,canon-utils/analysis/src/types.rs,3,51
1933,BASIC_BLOCK,<types::_::<impl errors::_::_serde::Deserialize<'de> for types::NodeKind>::deserialize::__FieldVisitor as errors::_::_serde::de::Visitor<'de>>::visit_bytes::bb99,canon-utils/analysis/src/types.rs,3,41
1934,METHOD,<types::_::<impl errors::_::_serde::Deserialize<'de> for types::NodeKind>::deserialize::__FieldVisitor as errors::_::_serde::de::Visitor<'de>>::visit_bytes::fn,canon-utils/analysis/src/types.rs,3,41
1935,PARAM,<types::_::<impl errors::_::_serde::Deserialize<'de> for types::NodeKind>::deserialize::__FieldVisitor as errors::_::_serde::de::Visitor<'de>>::visit_bytes::param0,canon-utils/analysis/src/types.rs,3,41
1936,PARAM,<types::_::<impl errors::_::_serde::Deserialize<'de> for types::NodeKind>::deserialize::__FieldVisitor as errors::_::_serde::de::Visitor<'de>>::visit_bytes::param1,canon-utils/analysis/src/types.rs,3,41
1937,BASIC_BLOCK,<types::_::<impl errors::_::_serde::Deserialize<'de> for types::NodeKind>::deserialize::__FieldVisitor as errors::_::_serde::de::Visitor<'de>>::visit_str::bb0,canon-utils/analysis/src/types.rs,5,5
1938,CALL_SITE,<types::_::<impl errors::_::_serde::Deserialize<'de> for types::NodeKind>::deserialize::__FieldVisitor as errors::_::_serde::de::Visitor<'de>>::visit_str::bb0::call0,canon-utils/analysis/src/types.rs,5,5
1939,BASIC_BLOCK,<types::_::<impl errors::_::_serde::Deserialize<'de> for types::NodeKind>::deserialize::__FieldVisitor as errors::_::_serde::de::Visitor<'de>>::visit_str::bb1,canon-utils/analysis/src/types.rs,3,41
1940,BASIC_BLOCK,<types::_::<impl errors::_::_serde::Deserialize<'de> for types::NodeKind>::deserialize::__FieldVisitor as errors::_::_serde::de::Visitor<'de>>::visit_str::bb10,canon-utils/analysis/src/types.rs,3,51
1941,BASIC_BLOCK,<types::_::<impl errors::_::_serde::Deserialize<'de> for types::NodeKind>::deserialize::__FieldVisitor as errors::_::_serde::de::Visitor<'de>>::visit_str::bb11,canon-utils/analysis/src/types.rs,10,5
1942,CALL_SITE,<types::_::<impl errors::_::_serde::Deserialize<'de> for types::NodeKind>::deserialize::__FieldVisitor as errors::_::_serde::de::Visitor<'de>>::visit_str::bb11::call6,canon-utils/analysis/src/types.rs,10,5
1943,BASIC_BLOCK,<types::_::<impl errors::_::_serde::Deserialize<'de> for types::NodeKind>::deserialize::__FieldVisitor as errors::_::_serde::de::Visitor<'de>>::visit_str::bb12,canon-utils/analysis/src/types.rs,3,51
1944,BASIC_BLOCK,<types::_::<impl errors::_::_serde::Deserialize<'de> for types::NodeKind>::deserialize::__FieldVisitor as errors::_::_serde::de::Visitor<'de>>::visit_str::bb13,canon-utils/analysis/src/types.rs,11,5
1945,CALL_SITE,<types::_::<impl errors::_::_serde::Deserialize<'de> for types::NodeKind>::deserialize::__FieldVisitor as errors::_::_serde::de::Visitor<'de>>::visit_str::bb13::call7,canon-utils/analysis/src/types.rs,11,5
1946,BASIC_BLOCK,<types::_::<impl errors::_::_serde::Deserialize<'de> for types::NodeKind>::deserialize::__FieldVisitor as errors::_::_serde::de::Visitor<'de>>::visit_str::bb14,canon-utils/analysis/src/types.rs,3,51
1947,BASIC_BLOCK,<types::_::<impl errors::_::_serde::Deserialize<'de> for types::NodeKind>::deserialize::__FieldVisitor as errors::_::_serde::de::Visitor<'de>>::visit_str::bb15,canon-utils/analysis/src/types.rs,12,5
1948,CALL_SITE,<types::_::<impl errors::_::_serde::Deserialize<'de> for types::NodeKind>::deserialize::__FieldVisitor as errors::_::_serde::de::Visitor<'de>>::visit_str::bb15::call8,canon-utils/analysis/src/types.rs,12,5
1949,BASIC_BLOCK,<types::_::<impl errors::_::_serde::Deserialize<'de> for types::NodeKind>::deserialize::__FieldVisitor as errors::_::_serde::de::Visitor<'de>>::visit_str::bb16,canon-utils/analysis/src/types.rs,3,51
1950,BASIC_BLOCK,<types::_::<impl errors::_::_serde::Deserialize<'de> for types::NodeKind>::deserialize::__FieldVisitor as errors::_::_serde::de::Visitor<'de>>::visit_str::bb17,canon-utils/analysis/src/types.rs,13,5
1951,CALL_SITE,<types::_::<impl errors::_::_serde::Deserialize<'de> for types::NodeKind>::deserialize::__FieldVisitor as errors::_::_serde::de::Visitor<'de>>::visit_str::bb17::call9,canon-utils/analysis/src/types.rs,13,5
1952,BASIC_BLOCK,<types::_::<impl errors::_::_serde::Deserialize<'de> for types::NodeKind>::deserialize::__FieldVisitor as errors::_::_serde::de::Visitor<'de>>::visit_str::bb18,canon-utils/analysis/src/types.rs,3,51
1953,BASIC_BLOCK,<types::_::<impl errors::_::_serde::Deserialize<'de> for types::NodeKind>::deserialize::__FieldVisitor as errors::_::_serde::de::Visitor<'de>>::visit_str::bb19,canon-utils/analysis/src/types.rs,14,5
1954,CALL_SITE,<types::_::<impl errors::_::_serde::Deserialize<'de> for types::NodeKind>::deserialize::__FieldVisitor as errors::_::_serde::de::Visitor<'de>>::visit_str::bb19::call10,canon-utils/analysis/src/types.rs,14,5
1955,CALL_SITE,<types::_::<impl errors::_::_serde::Deserialize<'de> for types::NodeKind>::deserialize::__FieldVisitor as errors::_::_serde::de::Visitor<'de>>::visit_str::bb1::call1,canon-utils/analysis/src/types.rs,3,41
1956,BASIC_BLOCK,<types::_::<impl errors::_::_serde::Deserialize<'de> for types::NodeKind>::deserialize::__FieldVisitor as errors::_::_serde::de::Visitor<'de>>::visit_str::bb2,canon-utils/analysis/src/types.rs,3,51
1957,BASIC_BLOCK,<types::_::<impl errors::_::_serde::Deserialize<'de> for types::NodeKind>::deserialize::__FieldVisitor as errors::_::_serde::de::Visitor<'de>>::visit_str::bb20,canon-utils/analysis/src/types.rs,3,51
1958,BASIC_BLOCK,<types::_::<impl errors::_::_serde::Deserialize<'de> for types::NodeKind>::deserialize::__FieldVisitor as errors::_::_serde::de::Visitor<'de>>::visit_str::bb21,canon-utils/analysis/src/types.rs,15,5
1959,CALL_SITE,<types::_::<impl errors::_::_serde::Deserialize<'de> for types::NodeKind>::deserialize::__FieldVisitor as errors::_::_serde::de::Visitor<'de>>::visit_str::bb21::call11,canon-utils/analysis/src/types.rs,15,5
1960,BASIC_BLOCK,<types::_::<impl errors::_::_serde::Deserialize<'de> for types::NodeKind>::deserialize::__FieldVisitor as errors::_::_serde::de::Visitor<'de>>::visit_str::bb22,canon-utils/analysis/src/types.rs,3,51
1961,BASIC_BLOCK,<types::_::<impl errors::_::_serde::Deserialize<'de> for types::NodeKind>::deserialize::__FieldVisitor as errors::_::_serde::de::Visitor<'de>>::visit_str::bb23,canon-utils/analysis/src/types.rs,16,5
1962,CALL_SITE,<types::_::<impl errors::_::_serde::Deserialize<'de> for types::NodeKind>::deserialize::__FieldVisitor as errors::_::_serde::de::Visitor<'de>>::visit_str::bb23::call12,canon-utils/analysis/src/types.rs,16,5
1963,BASIC_BLOCK,<types::_::<impl errors::_::_serde::Deserialize<'de> for types::NodeKind>::deserialize::__FieldVisitor as errors::_::_serde::de::Visitor<'de>>::visit_str::bb24,canon-utils/analysis/src/types.rs,3,51
1964,BASIC_BLOCK,<types::_::<impl errors::_::_serde::Deserialize<'de> for types::NodeKind>::deserialize::__FieldVisitor as errors::_::_serde::de::Visitor<'de>>::visit_str::bb25,canon-utils/analysis/src/types.rs,17,5
1965,CALL_SITE,<types::_::<impl errors::_::_serde::Deserialize<'de> for types::NodeKind>::deserialize::__FieldVisitor as errors::_::_serde::de::Visitor<'de>>::visit_str::bb25::call13,canon-utils/analysis/src/types.rs,17,5
1966,BASIC_BLOCK,<types::_::<impl errors::_::_serde::Deserialize<'de> for types::NodeKind>::deserialize::__FieldVisitor as errors::_::_serde::de::Visitor<'de>>::visit_str::bb26,canon-utils/analysis/src/types.rs,3,51
1967,BASIC_BLOCK,<types::_::<impl errors::_::_serde::Deserialize<'de> for types::NodeKind>::deserialize::__FieldVisitor as errors::_::_serde::de::Visitor<'de>>::visit_str::bb27,canon-utils/analysis/src/types.rs,18,5
1968,CALL_SITE,<types::_::<impl errors::_::_serde::Deserialize<'de> for types::NodeKind>::deserialize::__FieldVisitor as errors::_::_serde::de::Visitor<'de>>::visit_str::bb27::call14,canon-utils/analysis/src/types.rs,18,5
1969,BASIC_BLOCK,<types::_::<impl errors::_::_serde::Deserialize<'de> for types::NodeKind>::deserialize::__FieldVisitor as errors::_::_serde::de::Visitor<'de>>::visit_str::bb28,canon-utils/analysis/src/types.rs,3,51
1970,BASIC_BLOCK,<types::_::<impl errors::_::_serde::Deserialize<'de> for types::NodeKind>::deserialize::__FieldVisitor as errors::_::_serde::de::Visitor<'de>>::visit_str::bb29,canon-utils/analysis/src/types.rs,18,5
1971,BASIC_BLOCK,<types::_::<impl errors::_::_serde::Deserialize<'de> for types::NodeKind>::deserialize::__FieldVisitor as errors::_::_serde::de::Visitor<'de>>::visit_str::bb3,canon-utils/analysis/src/types.rs,6,5
1972,BASIC_BLOCK,<types::_::<impl errors::_::_serde::Deserialize<'de> for types::NodeKind>::deserialize::__FieldVisitor as errors::_::_serde::de::Visitor<'de>>::visit_str::bb30,canon-utils/analysis/src/types.rs,17,5
1973,BASIC_BLOCK,<types::_::<impl errors::_::_serde::Deserialize<'de> for types::NodeKind>::deserialize::__FieldVisitor as errors::_::_serde::de::Visitor<'de>>::visit_str::bb31,canon-utils/analysis/src/types.rs,16,5
1974,BASIC_BLOCK,<types::_::<impl errors::_::_serde::Deserialize<'de> for types::NodeKind>::deserialize::__FieldVisitor as errors::_::_serde::de::Visitor<'de>>::visit_str::bb32,canon-utils/analysis/src/types.rs,15,5
1975,BASIC_BLOCK,<types::_::<impl errors::_::_serde::Deserialize<'de> for types::NodeKind>::deserialize::__FieldVisitor as errors::_::_serde::de::Visitor<'de>>::visit_str::bb33,canon-utils/analysis/src/types.rs,14,5
1976,BASIC_BLOCK,<types::_::<impl errors::_::_serde::Deserialize<'de> for types::NodeKind>::deserialize::__FieldVisitor as errors::_::_serde::de::Visitor<'de>>::visit_str::bb34,canon-utils/analysis/src/types.rs,13,5
1977,BASIC_BLOCK,<types::_::<impl errors::_::_serde::Deserialize<'de> for types::NodeKind>::deserialize::__FieldVisitor as errors::_::_serde::de::Visitor<'de>>::visit_str::bb35,canon-utils/analysis/src/types.rs,12,5
1978,BASIC_BLOCK,<types::_::<impl errors::_::_serde::Deserialize<'de> for types::NodeKind>::deserialize::__FieldVisitor as errors::_::_serde::de::Visitor<'de>>::visit_str::bb36,canon-utils/analysis/src/types.rs,11,5
1979,BASIC_BLOCK,<types::_::<impl errors::_::_serde::Deserialize<'de> for types::NodeKind>::deserialize::__FieldVisitor as errors::_::_serde::de::Visitor<'de>>::visit_str::bb37,canon-utils/analysis/src/types.rs,10,5
1980,BASIC_BLOCK,<types::_::<impl errors::_::_serde::Deserialize<'de> for types::NodeKind>::deserialize::__FieldVisitor as errors::_::_serde::de::Visitor<'de>>::visit_str::bb38,canon-utils/analysis/src/types.rs,9,5
1981,BASIC_BLOCK,<types::_::<impl errors::_::_serde::Deserialize<'de> for types::NodeKind>::deserialize::__FieldVisitor as errors::_::_serde::de::Visitor<'de>>::visit_str::bb39,canon-utils/analysis/src/types.rs,8,5
1982,CALL_SITE,<types::_::<impl errors::_::_serde::Deserialize<'de> for types::NodeKind>::deserialize::__FieldVisitor as errors::_::_serde::de::Visitor<'de>>::visit_str::bb3::call2,canon-utils/analysis/src/types.rs,6,5
1983,BASIC_BLOCK,<types::_::<impl errors::_::_serde::Deserialize<'de> for types::NodeKind>::deserialize::__FieldVisitor as errors::_::_serde::de::Visitor<'de>>::visit_str::bb4,canon-utils/analysis/src/types.rs,3,51
1984,BASIC_BLOCK,<types::_::<impl errors::_::_serde::Deserialize<'de> for types::NodeKind>::deserialize::__FieldVisitor as errors::_::_serde::de::Visitor<'de>>::visit_str::bb40,canon-utils/analysis/src/types.rs,7,5
1985,BASIC_BLOCK,<types::_::<impl errors::_::_serde::Deserialize<'de> for types::NodeKind>::deserialize::__FieldVisitor as errors::_::_serde::de::Visitor<'de>>::visit_str::bb41,canon-utils/analysis/src/types.rs,6,5
1986,BASIC_BLOCK,<types::_::<impl errors::_::_serde::Deserialize<'de> for types::NodeKind>::deserialize::__FieldVisitor as errors::_::_serde::de::Visitor<'de>>::visit_str::bb42,canon-utils/analysis/src/types.rs,5,5
1987,BASIC_BLOCK,<types::_::<impl errors::_::_serde::Deserialize<'de> for types::NodeKind>::deserialize::__FieldVisitor as errors::_::_serde::de::Visitor<'de>>::visit_str::bb43,canon-utils/analysis/src/types.rs,3,51
1988,BASIC_BLOCK,<types::_::<impl errors::_::_serde::Deserialize<'de> for types::NodeKind>::deserialize::__FieldVisitor as errors::_::_serde::de::Visitor<'de>>::visit_str::bb44,canon-utils/analysis/src/types.rs,3,52
1989,BASIC_BLOCK,<types::_::<impl errors::_::_serde::Deserialize<'de> for types::NodeKind>::deserialize::__FieldVisitor as errors::_::_serde::de::Visitor<'de>>::visit_str::bb5,canon-utils/analysis/src/types.rs,7,5
1990,CALL_SITE,<types::_::<impl errors::_::_serde::Deserialize<'de> for types::NodeKind>::deserialize::__FieldVisitor as errors::_::_serde::de::Visitor<'de>>::visit_str::bb5::call3,canon-utils/analysis/src/types.rs,7,5
1991,BASIC_BLOCK,<types::_::<impl errors::_::_serde::Deserialize<'de> for types::NodeKind>::deserialize::__FieldVisitor as errors::_::_serde::de::Visitor<'de>>::visit_str::bb6,canon-utils/analysis/src/types.rs,3,51
1992,BASIC_BLOCK,<types::_::<impl errors::_::_serde::Deserialize<'de> for types::NodeKind>::deserialize::__FieldVisitor as errors::_::_serde::de::Visitor<'de>>::visit_str::bb7,canon-utils/analysis/src/types.rs,8,5
1993,CALL_SITE,<types::_::<impl errors::_::_serde::Deserialize<'de> for types::NodeKind>::deserialize::__FieldVisitor as errors::_::_serde::de::Visitor<'de>>::visit_str::bb7::call4,canon-utils/analysis/src/types.rs,8,5
1994,BASIC_BLOCK,<types::_::<impl errors::_::_serde::Deserialize<'de> for types::NodeKind>::deserialize::__FieldVisitor as errors::_::_serde::de::Visitor<'de>>::visit_str::bb8,canon-utils/analysis/src/types.rs,3,51
1995,BASIC_BLOCK,<types::_::<impl errors::_::_serde::Deserialize<'de> for types::NodeKind>::deserialize::__FieldVisitor as errors::_::_serde::de::Visitor<'de>>::visit_str::bb9,canon-utils/analysis/src/types.rs,9,5
1996,CALL_SITE,<types::_::<impl errors::_::_serde::Deserialize<'de> for types::NodeKind>::deserialize::__FieldVisitor as errors::_::_serde::de::Visitor<'de>>::visit_str::bb9::call5,canon-utils/analysis/src/types.rs,9,5
1997,METHOD,<types::_::<impl errors::_::_serde::Deserialize<'de> for types::NodeKind>::deserialize::__FieldVisitor as errors::_::_serde::de::Visitor<'de>>::visit_str::fn,canon-utils/analysis/src/types.rs,3,41
1998,PARAM,<types::_::<impl errors::_::_serde::Deserialize<'de> for types::NodeKind>::deserialize::__FieldVisitor as errors::_::_serde::de::Visitor<'de>>::visit_str::param0,canon-utils/analysis/src/types.rs,3,41
1999,PARAM,<types::_::<impl errors::_::_serde::Deserialize<'de> for types::NodeKind>::deserialize::__FieldVisitor as errors::_::_serde::de::Visitor<'de>>::visit_str::param1,canon-utils/analysis/src/types.rs,3,41
2000,BASIC_BLOCK,<types::_::<impl errors::_::_serde::Deserialize<'de> for types::NodeKind>::deserialize::__FieldVisitor as errors::_::_serde::de::Visitor<'de>>::visit_u64::bb0,canon-utils/analysis/src/types.rs,3,41
2001,BASIC_BLOCK,<types::_::<impl errors::_::_serde::Deserialize<'de> for types::NodeKind>::deserialize::__FieldVisitor as errors::_::_serde::de::Visitor<'de>>::visit_u64::bb1,canon-utils/analysis/src/types.rs,3,41
2002,BASIC_BLOCK,<types::_::<impl errors::_::_serde::Deserialize<'de> for types::NodeKind>::deserialize::__FieldVisitor as errors::_::_serde::de::Visitor<'de>>::visit_u64::bb10,canon-utils/analysis/src/types.rs,3,51
2003,BASIC_BLOCK,<types::_::<impl errors::_::_serde::Deserialize<'de> for types::NodeKind>::deserialize::__FieldVisitor as errors::_::_serde::de::Visitor<'de>>::visit_u64::bb11,canon-utils/analysis/src/types.rs,3,51
2004,BASIC_BLOCK,<types::_::<impl errors::_::_serde::Deserialize<'de> for types::NodeKind>::deserialize::__FieldVisitor as errors::_::_serde::de::Visitor<'de>>::visit_u64::bb12,canon-utils/analysis/src/types.rs,3,51
2005,BASIC_BLOCK,<types::_::<impl errors::_::_serde::Deserialize<'de> for types::NodeKind>::deserialize::__FieldVisitor as errors::_::_serde::de::Visitor<'de>>::visit_u64::bb13,canon-utils/analysis/src/types.rs,3,51
2006,BASIC_BLOCK,<types::_::<impl errors::_::_serde::Deserialize<'de> for types::NodeKind>::deserialize::__FieldVisitor as errors::_::_serde::de::Visitor<'de>>::visit_u64::bb14,canon-utils/analysis/src/types.rs,3,51
2007,BASIC_BLOCK,<types::_::<impl errors::_::_serde::Deserialize<'de> for types::NodeKind>::deserialize::__FieldVisitor as errors::_::_serde::de::Visitor<'de>>::visit_u64::bb15,canon-utils/analysis/src/types.rs,3,51
2008,BASIC_BLOCK,<types::_::<impl errors::_::_serde::Deserialize<'de> for types::NodeKind>::deserialize::__FieldVisitor as errors::_::_serde::de::Visitor<'de>>::visit_u64::bb16,canon-utils/analysis/src/types.rs,3,51
2009,BASIC_BLOCK,<types::_::<impl errors::_::_serde::Deserialize<'de> for types::NodeKind>::deserialize::__FieldVisitor as errors::_::_serde::de::Visitor<'de>>::visit_u64::bb17,canon-utils/analysis/src/types.rs,3,52
2010,CALL_SITE,<types::_::<impl errors::_::_serde::Deserialize<'de> for types::NodeKind>::deserialize::__FieldVisitor as errors::_::_serde::de::Visitor<'de>>::visit_u64::bb1::call0,canon-utils/analysis/src/types.rs,3,41
2011,BASIC_BLOCK,<types::_::<impl errors::_::_serde::Deserialize<'de> for types::NodeKind>::deserialize::__FieldVisitor as errors::_::_serde::de::Visitor<'de>>::visit_u64::bb2,canon-utils/analysis/src/types.rs,3,51
2012,BASIC_BLOCK,<types::_::<impl errors::_::_serde::Deserialize<'de> for types::NodeKind>::deserialize::__FieldVisitor as errors::_::_serde::de::Visitor<'de>>::visit_u64::bb3,canon-utils/analysis/src/types.rs,3,51
2013,BASIC_BLOCK,<types::_::<impl errors::_::_serde::Deserialize<'de> for types::NodeKind>::deserialize::__FieldVisitor as errors::_::_serde::de::Visitor<'de>>::visit_u64::bb4,canon-utils/analysis/src/types.rs,3,51
2014,BASIC_BLOCK,<types::_::<impl errors::_::_serde::Deserialize<'de> for types::NodeKind>::deserialize::__FieldVisitor as errors::_::_serde::de::Visitor<'de>>::visit_u64::bb5,canon-utils/analysis/src/types.rs,3,51
2015,BASIC_BLOCK,<types::_::<impl errors::_::_serde::Deserialize<'de> for types::NodeKind>::deserialize::__FieldVisitor as errors::_::_serde::de::Visitor<'de>>::visit_u64::bb6,canon-utils/analysis/src/types.rs,3,51
2016,BASIC_BLOCK,<types::_::<impl errors::_::_serde::Deserialize<'de> for types::NodeKind>::deserialize::__FieldVisitor as errors::_::_serde::de::Visitor<'de>>::visit_u64::bb7,canon-utils/analysis/src/types.rs,3,51
2017,BASIC_BLOCK,<types::_::<impl errors::_::_serde::Deserialize<'de> for types::NodeKind>::deserialize::__FieldVisitor as errors::_::_serde::de::Visitor<'de>>::visit_u64::bb8,canon-utils/analysis/src/types.rs,3,51
2018,BASIC_BLOCK,<types::_::<impl errors::_::_serde::Deserialize<'de> for types::NodeKind>::deserialize::__FieldVisitor as errors::_::_serde::de::Visitor<'de>>::visit_u64::bb9,canon-utils/analysis/src/types.rs,3,51
2019,METHOD,<types::_::<impl errors::_::_serde::Deserialize<'de> for types::NodeKind>::deserialize::__FieldVisitor as errors::_::_serde::de::Visitor<'de>>::visit_u64::fn,canon-utils/analysis/src/types.rs,3,41
2020,PARAM,<types::_::<impl errors::_::_serde::Deserialize<'de> for types::NodeKind>::deserialize::__FieldVisitor as errors::_::_serde::de::Visitor<'de>>::visit_u64::param0,canon-utils/analysis/src/types.rs,3,41
2021,PARAM,<types::_::<impl errors::_::_serde::Deserialize<'de> for types::NodeKind>::deserialize::__FieldVisitor as errors::_::_serde::de::Visitor<'de>>::visit_u64::param1,canon-utils/analysis/src/types.rs,3,41
2022,BASIC_BLOCK,<types::_::<impl errors::_::_serde::Deserialize<'de> for types::NodeKind>::deserialize::__Visitor<'de> as errors::_::_serde::de::Visitor<'de>>::expecting::bb0,canon-utils/analysis/src/types.rs,3,41
2023,CALL_SITE,<types::_::<impl errors::_::_serde::Deserialize<'de> for types::NodeKind>::deserialize::__Visitor<'de> as errors::_::_serde::de::Visitor<'de>>::expecting::bb0::call0,canon-utils/analysis/src/types.rs,3,41
2024,BASIC_BLOCK,<types::_::<impl errors::_::_serde::Deserialize<'de> for types::NodeKind>::deserialize::__Visitor<'de> as errors::_::_serde::de::Visitor<'de>>::expecting::bb1,canon-utils/analysis/src/types.rs,3,52
2025,METHOD,<types::_::<impl errors::_::_serde::Deserialize<'de> for types::NodeKind>::deserialize::__Visitor<'de> as errors::_::_serde::de::Visitor<'de>>::expecting::fn,canon-utils/analysis/src/types.rs,3,41
2026,PARAM,<types::_::<impl errors::_::_serde::Deserialize<'de> for types::NodeKind>::deserialize::__Visitor<'de> as errors::_::_serde::de::Visitor<'de>>::expecting::param0,canon-utils/analysis/src/types.rs,3,41
2027,PARAM,<types::_::<impl errors::_::_serde::Deserialize<'de> for types::NodeKind>::deserialize::__Visitor<'de> as errors::_::_serde::de::Visitor<'de>>::expecting::param1,canon-utils/analysis/src/types.rs,3,41
2028,BASIC_BLOCK,<types::_::<impl errors::_::_serde::Deserialize<'de> for types::NodeKind>::deserialize::__Visitor<'de> as errors::_::_serde::de::Visitor<'de>>::visit_enum::bb0,canon-utils/analysis/src/types.rs,3,41
2029,CALL_SITE,<types::_::<impl errors::_::_serde::Deserialize<'de> for types::NodeKind>::deserialize::__Visitor<'de> as errors::_::_serde::de::Visitor<'de>>::visit_enum::bb0::call0,canon-utils/analysis/src/types.rs,3,41
2030,BASIC_BLOCK,<types::_::<impl errors::_::_serde::Deserialize<'de> for types::NodeKind>::deserialize::__Visitor<'de> as errors::_::_serde::de::Visitor<'de>>::visit_enum::bb1,canon-utils/analysis/src/types.rs,3,41
2031,BASIC_BLOCK,<types::_::<impl errors::_::_serde::Deserialize<'de> for types::NodeKind>::deserialize::__Visitor<'de> as errors::_::_serde::de::Visitor<'de>>::visit_enum::bb10,canon-utils/analysis/src/types.rs,3,41
2032,CALL_SITE,<types::_::<impl errors::_::_serde::Deserialize<'de> for types::NodeKind>::deserialize::__Visitor<'de> as errors::_::_serde::de::Visitor<'de>>::visit_enum::bb10::call7,canon-utils/analysis/src/types.rs,3,41
2033,BASIC_BLOCK,<types::_::<impl errors::_::_serde::Deserialize<'de> for types::NodeKind>::deserialize::__Visitor<'de> as errors::_::_serde::de::Visitor<'de>>::visit_enum::bb11,canon-utils/analysis/src/types.rs,3,41
2034,CALL_SITE,<types::_::<impl errors::_::_serde::Deserialize<'de> for types::NodeKind>::deserialize::__Visitor<'de> as errors::_::_serde::de::Visitor<'de>>::visit_enum::bb11::call8,canon-utils/analysis/src/types.rs,3,41
2035,BASIC_BLOCK,<types::_::<impl errors::_::_serde::Deserialize<'de> for types::NodeKind>::deserialize::__Visitor<'de> as errors::_::_serde::de::Visitor<'de>>::visit_enum::bb12,canon-utils/analysis/src/types.rs,3,41
2036,CALL_SITE,<types::_::<impl errors::_::_serde::Deserialize<'de> for types::NodeKind>::deserialize::__Visitor<'de> as errors::_::_serde::de::Visitor<'de>>::visit_enum::bb12::call9,canon-utils/analysis/src/types.rs,3,41
2037,BASIC_BLOCK,<types::_::<impl errors::_::_serde::Deserialize<'de> for types::NodeKind>::deserialize::__Visitor<'de> as errors::_::_serde::de::Visitor<'de>>::visit_enum::bb13,canon-utils/analysis/src/types.rs,3,41
2038,CALL_SITE,<types::_::<impl errors::_::_serde::Deserialize<'de> for types::NodeKind>::deserialize::__Visitor<'de> as errors::_::_serde::de::Visitor<'de>>::visit_enum::bb13::call10,canon-utils/analysis/src/types.rs,3,41
2039,BASIC_BLOCK,<types::_::<impl errors::_::_serde::Deserialize<'de> for types::NodeKind>::deserialize::__Visitor<'de> as errors::_::_serde::de::Visitor<'de>>::visit_enum::bb14,canon-utils/analysis/src/types.rs,3,41
2040,CALL_SITE,<types::_::<impl errors::_::_serde::Deserialize<'de> for types::NodeKind>::deserialize::__Visitor<'de> as errors::_::_serde::de::Visitor<'de>>::visit_enum::bb14::call11,canon-utils/analysis/src/types.rs,3,41
2041,BASIC_BLOCK,<types::_::<impl errors::_::_serde::Deserialize<'de> for types::NodeKind>::deserialize::__Visitor<'de> as errors::_::_serde::de::Visitor<'de>>::visit_enum::bb15,canon-utils/analysis/src/types.rs,3,41
2042,CALL_SITE,<types::_::<impl errors::_::_serde::Deserialize<'de> for types::NodeKind>::deserialize::__Visitor<'de> as errors::_::_serde::de::Visitor<'de>>::visit_enum::bb15::call12,canon-utils/analysis/src/types.rs,3,41
2043,BASIC_BLOCK,<types::_::<impl errors::_::_serde::Deserialize<'de> for types::NodeKind>::deserialize::__Visitor<'de> as errors::_::_serde::de::Visitor<'de>>::visit_enum::bb16,canon-utils/analysis/src/types.rs,3,41
2044,CALL_SITE,<types::_::<impl errors::_::_serde::Deserialize<'de> for types::NodeKind>::deserialize::__Visitor<'de> as errors::_::_serde::de::Visitor<'de>>::visit_enum::bb16::call13,canon-utils/analysis/src/types.rs,3,41
2045,BASIC_BLOCK,<types::_::<impl errors::_::_serde::Deserialize<'de> for types::NodeKind>::deserialize::__Visitor<'de> as errors::_::_serde::de::Visitor<'de>>::visit_enum::bb17,canon-utils/analysis/src/types.rs,3,41
2046,CALL_SITE,<types::_::<impl errors::_::_serde::Deserialize<'de> for types::NodeKind>::deserialize::__Visitor<'de> as errors::_::_serde::de::Visitor<'de>>::visit_enum::bb17::call14,canon-utils/analysis/src/types.rs,3,41
2047,BASIC_BLOCK,<types::_::<impl errors::_::_serde::Deserialize<'de> for types::NodeKind>::deserialize::__Visitor<'de> as errors::_::_serde::de::Visitor<'de>>::visit_enum::bb18,canon-utils/analysis/src/types.rs,3,41
2048,CALL_SITE,<types::_::<impl errors::_::_serde::Deserialize<'de> for types::NodeKind>::deserialize::__Visitor<'de> as errors::_::_serde::de::Visitor<'de>>::visit_enum::bb18::call15,canon-utils/analysis/src/types.rs,3,41
2049,BASIC_BLOCK,<types::_::<impl errors::_::_serde::Deserialize<'de> for types::NodeKind>::deserialize::__Visitor<'de> as errors::_::_serde::de::Visitor<'de>>::visit_enum::bb19,canon-utils/analysis/src/types.rs,3,41
2050,CALL_SITE,<types::_::<impl errors::_::_serde::Deserialize<'de> for types::NodeKind>::deserialize::__Visitor<'de> as errors::_::_serde::de::Visitor<'de>>::visit_enum::bb19::call16,canon-utils/analysis/src/types.rs,3,41
2051,CALL_SITE,<types::_::<impl errors::_::_serde::Deserialize<'de> for types::NodeKind>::deserialize::__Visitor<'de> as errors::_::_serde::de::Visitor<'de>>::visit_enum::bb1::call1,canon-utils/analysis/src/types.rs,3,41
2052,BASIC_BLOCK,<types::_::<impl errors::_::_serde::Deserialize<'de> for types::NodeKind>::deserialize::__Visitor<'de> as errors::_::_serde::de::Visitor<'de>>::visit_enum::bb2,canon-utils/analysis/src/types.rs,3,41
2053,BASIC_BLOCK,<types::_::<impl errors::_::_serde::Deserialize<'de> for types::NodeKind>::deserialize::__Visitor<'de> as errors::_::_serde::de::Visitor<'de>>::visit_enum::bb20,canon-utils/analysis/src/types.rs,3,41
2054,CALL_SITE,<types::_::<impl errors::_::_serde::Deserialize<'de> for types::NodeKind>::deserialize::__Visitor<'de> as errors::_::_serde::de::Visitor<'de>>::visit_enum::bb20::call17,canon-utils/analysis/src/types.rs,3,41
2055,BASIC_BLOCK,<types::_::<impl errors::_::_serde::Deserialize<'de> for types::NodeKind>::deserialize::__Visitor<'de> as errors::_::_serde::de::Visitor<'de>>::visit_enum::bb21,canon-utils/analysis/src/types.rs,3,41
2056,BASIC_BLOCK,<types::_::<impl errors::_::_serde::Deserialize<'de> for types::NodeKind>::deserialize::__Visitor<'de> as errors::_::_serde::de::Visitor<'de>>::visit_enum::bb22,canon-utils/analysis/src/types.rs,3,51
2057,BASIC_BLOCK,<types::_::<impl errors::_::_serde::Deserialize<'de> for types::NodeKind>::deserialize::__Visitor<'de> as errors::_::_serde::de::Visitor<'de>>::visit_enum::bb23,canon-utils/analysis/src/types.rs,3,41
2058,CALL_SITE,<types::_::<impl errors::_::_serde::Deserialize<'de> for types::NodeKind>::deserialize::__Visitor<'de> as errors::_::_serde::de::Visitor<'de>>::visit_enum::bb23::call18,canon-utils/analysis/src/types.rs,3,41
2059,BASIC_BLOCK,<types::_::<impl errors::_::_serde::Deserialize<'de> for types::NodeKind>::deserialize::__Visitor<'de> as errors::_::_serde::de::Visitor<'de>>::visit_enum::bb24,canon-utils/analysis/src/types.rs,3,41
2060,CALL_SITE,<types::_::<impl errors::_::_serde::Deserialize<'de> for types::NodeKind>::deserialize::__Visitor<'de> as errors::_::_serde::de::Visitor<'de>>::visit_enum::bb24::call19,canon-utils/analysis/src/types.rs,3,41
2061,BASIC_BLOCK,<types::_::<impl errors::_::_serde::Deserialize<'de> for types::NodeKind>::deserialize::__Visitor<'de> as errors::_::_serde::de::Visitor<'de>>::visit_enum::bb25,canon-utils/analysis/src/types.rs,3,41
2062,BASIC_BLOCK,<types::_::<impl errors::_::_serde::Deserialize<'de> for types::NodeKind>::deserialize::__Visitor<'de> as errors::_::_serde::de::Visitor<'de>>::visit_enum::bb26,canon-utils/analysis/src/types.rs,3,51
2063,BASIC_BLOCK,<types::_::<impl errors::_::_serde::Deserialize<'de> for types::NodeKind>::deserialize::__Visitor<'de> as errors::_::_serde::de::Visitor<'de>>::visit_enum::bb27,canon-utils/analysis/src/types.rs,3,41
2064,CALL_SITE,<types::_::<impl errors::_::_serde::Deserialize<'de> for types::NodeKind>::deserialize::__Visitor<'de> as errors::_::_serde::de::Visitor<'de>>::visit_enum::bb27::call20,canon-utils/analysis/src/types.rs,3,41
2065,BASIC_BLOCK,<types::_::<impl errors::_::_serde::Deserialize<'de> for types::NodeKind>::deserialize::__Visitor<'de> as errors::_::_serde::de::Visitor<'de>>::visit_enum::bb28,canon-utils/analysis/src/types.rs,3,41
2066,CALL_SITE,<types::_::<impl errors::_::_serde::Deserialize<'de> for types::NodeKind>::deserialize::__Visitor<'de> as errors::_::_serde::de::Visitor<'de>>::visit_enum::bb28::call21,canon-utils/analysis/src/types.rs,3,41
2067,BASIC_BLOCK,<types::_::<impl errors::_::_serde::Deserialize<'de> for types::NodeKind>::deserialize::__Visitor<'de> as errors::_::_serde::de::Visitor<'de>>::visit_enum::bb29,canon-utils/analysis/src/types.rs,3,41
2068,BASIC_BLOCK,<types::_::<impl errors::_::_serde::Deserialize<'de> for types::NodeKind>::deserialize::__Visitor<'de> as errors::_::_serde::de::Visitor<'de>>::visit_enum::bb3,canon-utils/analysis/src/lib.rs,1,1
2069,BASIC_BLOCK,<types::_::<impl errors::_::_serde::Deserialize<'de> for types::NodeKind>::deserialize::__Visitor<'de> as errors::_::_serde::de::Visitor<'de>>::visit_enum::bb30,canon-utils/analysis/src/types.rs,3,51
2070,BASIC_BLOCK,<types::_::<impl errors::_::_serde::Deserialize<'de> for types::NodeKind>::deserialize::__Visitor<'de> as errors::_::_serde::de::Visitor<'de>>::visit_enum::bb31,canon-utils/analysis/src/types.rs,3,41
2071,CALL_SITE,<types::_::<impl errors::_::_serde::Deserialize<'de> for types::NodeKind>::deserialize::__Visitor<'de> as errors::_::_serde::de::Visitor<'de>>::visit_enum::bb31::call22,canon-utils/analysis/src/types.rs,3,41
2072,BASIC_BLOCK,<types::_::<impl errors::_::_serde::Deserialize<'de> for types::NodeKind>::deserialize::__Visitor<'de> as errors::_::_serde::de::Visitor<'de>>::visit_enum::bb32,canon-utils/analysis/src/types.rs,3,41
2073,CALL_SITE,<types::_::<impl errors::_::_serde::Deserialize<'de> for types::NodeKind>::deserialize::__Visitor<'de> as errors::_::_serde::de::Visitor<'de>>::visit_enum::bb32::call23,canon-utils/analysis/src/types.rs,3,41
2074,BASIC_BLOCK,<types::_::<impl errors::_::_serde::Deserialize<'de> for types::NodeKind>::deserialize::__Visitor<'de> as errors::_::_serde::de::Visitor<'de>>::visit_enum::bb33,canon-utils/analysis/src/types.rs,3,41
2075,BASIC_BLOCK,<types::_::<impl errors::_::_serde::Deserialize<'de> for types::NodeKind>::deserialize::__Visitor<'de> as errors::_::_serde::de::Visitor<'de>>::visit_enum::bb34,canon-utils/analysis/src/types.rs,3,51
2076,BASIC_BLOCK,<types::_::<impl errors::_::_serde::Deserialize<'de> for types::NodeKind>::deserialize::__Visitor<'de> as errors::_::_serde::de::Visitor<'de>>::visit_enum::bb35,canon-utils/analysis/src/types.rs,3,41
2077,CALL_SITE,<types::_::<impl errors::_::_serde::Deserialize<'de> for types::NodeKind>::deserialize::__Visitor<'de> as errors::_::_serde::de::Visitor<'de>>::visit_enum::bb35::call24,canon-utils/analysis/src/types.rs,3,41
2078,BASIC_BLOCK,<types::_::<impl errors::_::_serde::Deserialize<'de> for types::NodeKind>::deserialize::__Visitor<'de> as errors::_::_serde::de::Visitor<'de>>::visit_enum::bb36,canon-utils/analysis/src/types.rs,3,41
2079,CALL_SITE,<types::_::<impl errors::_::_serde::Deserialize<'de> for types::NodeKind>::deserialize::__Visitor<'de> as errors::_::_serde::de::Visitor<'de>>::visit_enum::bb36::call25,canon-utils/analysis/src/types.rs,3,41
2080,BASIC_BLOCK,<types::_::<impl errors::_::_serde::Deserialize<'de> for types::NodeKind>::deserialize::__Visitor<'de> as errors::_::_serde::de::Visitor<'de>>::visit_enum::bb37,canon-utils/analysis/src/types.rs,3,41
2081,BASIC_BLOCK,<types::_::<impl errors::_::_serde::Deserialize<'de> for types::NodeKind>::deserialize::__Visitor<'de> as errors::_::_serde::de::Visitor<'de>>::visit_enum::bb38,canon-utils/analysis/src/types.rs,3,51
2082,BASIC_BLOCK,<types::_::<impl errors::_::_serde::Deserialize<'de> for types::NodeKind>::deserialize::__Visitor<'de> as errors::_::_serde::de::Visitor<'de>>::visit_enum::bb39,canon-utils/analysis/src/types.rs,3,41
2083,CALL_SITE,<types::_::<impl errors::_::_serde::Deserialize<'de> for types::NodeKind>::deserialize::__Visitor<'de> as errors::_::_serde::de::Visitor<'de>>::visit_enum::bb39::call26,canon-utils/analysis/src/types.rs,3,41
2084,BASIC_BLOCK,<types::_::<impl errors::_::_serde::Deserialize<'de> for types::NodeKind>::deserialize::__Visitor<'de> as errors::_::_serde::de::Visitor<'de>>::visit_enum::bb4,canon-utils/analysis/src/types.rs,3,41
2085,BASIC_BLOCK,<types::_::<impl errors::_::_serde::Deserialize<'de> for types::NodeKind>::deserialize::__Visitor<'de> as errors::_::_serde::de::Visitor<'de>>::visit_enum::bb40,canon-utils/analysis/src/types.rs,3,41
2086,CALL_SITE,<types::_::<impl errors::_::_serde::Deserialize<'de> for types::NodeKind>::deserialize::__Visitor<'de> as errors::_::_serde::de::Visitor<'de>>::visit_enum::bb40::call27,canon-utils/analysis/src/types.rs,3,41
2087,BASIC_BLOCK,<types::_::<impl errors::_::_serde::Deserialize<'de> for types::NodeKind>::deserialize::__Visitor<'de> as errors::_::_serde::de::Visitor<'de>>::visit_enum::bb41,canon-utils/analysis/src/types.rs,3,41
2088,BASIC_BLOCK,<types::_::<impl errors::_::_serde::Deserialize<'de> for types::NodeKind>::deserialize::__Visitor<'de> as errors::_::_serde::de::Visitor<'de>>::visit_enum::bb42,canon-utils/analysis/src/types.rs,3,51
2089,BASIC_BLOCK,<types::_::<impl errors::_::_serde::Deserialize<'de> for types::NodeKind>::deserialize::__Visitor<'de> as errors::_::_serde::de::Visitor<'de>>::visit_enum::bb43,canon-utils/analysis/src/types.rs,3,41
2090,CALL_SITE,<types::_::<impl errors::_::_serde::Deserialize<'de> for types::NodeKind>::deserialize::__Visitor<'de> as errors::_::_serde::de::Visitor<'de>>::visit_enum::bb43::call28,canon-utils/analysis/src/types.rs,3,41
2091,BASIC_BLOCK,<types::_::<impl errors::_::_serde::Deserialize<'de> for types::NodeKind>::deserialize::__Visitor<'de> as errors::_::_serde::de::Visitor<'de>>::visit_enum::bb44,canon-utils/analysis/src/types.rs,3,41
2092,CALL_SITE,<types::_::<impl errors::_::_serde::Deserialize<'de> for types::NodeKind>::deserialize::__Visitor<'de> as errors::_::_serde::de::Visitor<'de>>::visit_enum::bb44::call29,canon-utils/analysis/src/types.rs,3,41
2093,BASIC_BLOCK,<types::_::<impl errors::_::_serde::Deserialize<'de> for types::NodeKind>::deserialize::__Visitor<'de> as errors::_::_serde::de::Visitor<'de>>::visit_enum::bb45,canon-utils/analysis/src/types.rs,3,41
2094,BASIC_BLOCK,<types::_::<impl errors::_::_serde::Deserialize<'de> for types::NodeKind>::deserialize::__Visitor<'de> as errors::_::_serde::de::Visitor<'de>>::visit_enum::bb46,canon-utils/analysis/src/types.rs,3,51
2095,BASIC_BLOCK,<types::_::<impl errors::_::_serde::Deserialize<'de> for types::NodeKind>::deserialize::__Visitor<'de> as errors::_::_serde::de::Visitor<'de>>::visit_enum::bb47,canon-utils/analysis/src/types.rs,3,41
2096,CALL_SITE,<types::_::<impl errors::_::_serde::Deserialize<'de> for types::NodeKind>::deserialize::__Visitor<'de> as errors::_::_serde::de::Visitor<'de>>::visit_enum::bb47::call30,canon-utils/analysis/src/types.rs,3,41
2097,BASIC_BLOCK,<types::_::<impl errors::_::_serde::Deserialize<'de> for types::NodeKind>::deserialize::__Visitor<'de> as errors::_::_serde::de::Visitor<'de>>::visit_enum::bb48,canon-utils/analysis/src/types.rs,3,41
2098,CALL_SITE,<types::_::<impl errors::_::_serde::Deserialize<'de> for types::NodeKind>::deserialize::__Visitor<'de> as errors::_::_serde::de::Visitor<'de>>::visit_enum::bb48::call31,canon-utils/analysis/src/types.rs,3,41
2099,BASIC_BLOCK,<types::_::<impl errors::_::_serde::Deserialize<'de> for types::NodeKind>::deserialize::__Visitor<'de> as errors::_::_serde::de::Visitor<'de>>::visit_enum::bb49,canon-utils/analysis/src/types.rs,3,41
2100,BASIC_BLOCK,<types::_::<impl errors::_::_serde::Deserialize<'de> for types::NodeKind>::deserialize::__Visitor<'de> as errors::_::_serde::de::Visitor<'de>>::visit_enum::bb5,canon-utils/analysis/src/types.rs,3,41
2101,BASIC_BLOCK,<types::_::<impl errors::_::_serde::Deserialize<'de> for types::NodeKind>::deserialize::__Visitor<'de> as errors::_::_serde::de::Visitor<'de>>::visit_enum::bb50,canon-utils/analysis/src/types.rs,3,51
2102,BASIC_BLOCK,<types::_::<impl errors::_::_serde::Deserialize<'de> for types::NodeKind>::deserialize::__Visitor<'de> as errors::_::_serde::de::Visitor<'de>>::visit_enum::bb51,canon-utils/analysis/src/types.rs,3,41
2103,CALL_SITE,<types::_::<impl errors::_::_serde::Deserialize<'de> for types::NodeKind>::deserialize::__Visitor<'de> as errors::_::_serde::de::Visitor<'de>>::visit_enum::bb51::call32,canon-utils/analysis/src/types.rs,3,41
2104,BASIC_BLOCK,<types::_::<impl errors::_::_serde::Deserialize<'de> for types::NodeKind>::deserialize::__Visitor<'de> as errors::_::_serde::de::Visitor<'de>>::visit_enum::bb52,canon-utils/analysis/src/types.rs,3,41
2105,CALL_SITE,<types::_::<impl errors::_::_serde::Deserialize<'de> for types::NodeKind>::deserialize::__Visitor<'de> as errors::_::_serde::de::Visitor<'de>>::visit_enum::bb52::call33,canon-utils/analysis/src/types.rs,3,41
2106,BASIC_BLOCK,<types::_::<impl errors::_::_serde::Deserialize<'de> for types::NodeKind>::deserialize::__Visitor<'de> as errors::_::_serde::de::Visitor<'de>>::visit_enum::bb53,canon-utils/analysis/src/types.rs,3,41
2107,BASIC_BLOCK,<types::_::<impl errors::_::_serde::Deserialize<'de> for types::NodeKind>::deserialize::__Visitor<'de> as errors::_::_serde::de::Visitor<'de>>::visit_enum::bb54,canon-utils/analysis/src/types.rs,3,51
2108,BASIC_BLOCK,<types::_::<impl errors::_::_serde::Deserialize<'de> for types::NodeKind>::deserialize::__Visitor<'de> as errors::_::_serde::de::Visitor<'de>>::visit_enum::bb55,canon-utils/analysis/src/types.rs,3,41
2109,CALL_SITE,<types::_::<impl errors::_::_serde::Deserialize<'de> for types::NodeKind>::deserialize::__Visitor<'de> as errors::_::_serde::de::Visitor<'de>>::visit_enum::bb55::call34,canon-utils/analysis/src/types.rs,3,41
2110,BASIC_BLOCK,<types::_::<impl errors::_::_serde::Deserialize<'de> for types::NodeKind>::deserialize::__Visitor<'de> as errors::_::_serde::de::Visitor<'de>>::visit_enum::bb56,canon-utils/analysis/src/types.rs,3,41
2111,CALL_SITE,<types::_::<impl errors::_::_serde::Deserialize<'de> for types::NodeKind>::deserialize::__Visitor<'de> as errors::_::_serde::de::Visitor<'de>>::visit_enum::bb56::call35,canon-utils/analysis/src/types.rs,3,41
2112,BASIC_BLOCK,<types::_::<impl errors::_::_serde::Deserialize<'de> for types::NodeKind>::deserialize::__Visitor<'de> as errors::_::_serde::de::Visitor<'de>>::visit_enum::bb57,canon-utils/analysis/src/types.rs,3,41
2113,BASIC_BLOCK,<types::_::<impl errors::_::_serde::Deserialize<'de> for types::NodeKind>::deserialize::__Visitor<'de> as errors::_::_serde::de::Visitor<'de>>::visit_enum::bb58,canon-utils/analysis/src/types.rs,3,51
2114,BASIC_BLOCK,<types::_::<impl errors::_::_serde::Deserialize<'de> for types::NodeKind>::deserialize::__Visitor<'de> as errors::_::_serde::de::Visitor<'de>>::visit_enum::bb59,canon-utils/analysis/src/types.rs,3,41
2115,CALL_SITE,<types::_::<impl errors::_::_serde::Deserialize<'de> for types::NodeKind>::deserialize::__Visitor<'de> as errors::_::_serde::de::Visitor<'de>>::visit_enum::bb59::call36,canon-utils/analysis/src/types.rs,3,41
2116,CALL_SITE,<types::_::<impl errors::_::_serde::Deserialize<'de> for types::NodeKind>::deserialize::__Visitor<'de> as errors::_::_serde::de::Visitor<'de>>::visit_enum::bb5::call2,canon-utils/analysis/src/types.rs,3,41
2117,BASIC_BLOCK,<types::_::<impl errors::_::_serde::Deserialize<'de> for types::NodeKind>::deserialize::__Visitor<'de> as errors::_::_serde::de::Visitor<'de>>::visit_enum::bb6,canon-utils/analysis/src/types.rs,3,41
2118,BASIC_BLOCK,<types::_::<impl errors::_::_serde::Deserialize<'de> for types::NodeKind>::deserialize::__Visitor<'de> as errors::_::_serde::de::Visitor<'de>>::visit_enum::bb60,canon-utils/analysis/src/types.rs,3,41
2119,CALL_SITE,<types::_::<impl errors::_::_serde::Deserialize<'de> for types::NodeKind>::deserialize::__Visitor<'de> as errors::_::_serde::de::Visitor<'de>>::visit_enum::bb60::call37,canon-utils/analysis/src/types.rs,3,41
2120,BASIC_BLOCK,<types::_::<impl errors::_::_serde::Deserialize<'de> for types::NodeKind>::deserialize::__Visitor<'de> as errors::_::_serde::de::Visitor<'de>>::visit_enum::bb61,canon-utils/analysis/src/types.rs,3,41
2121,BASIC_BLOCK,<types::_::<impl errors::_::_serde::Deserialize<'de> for types::NodeKind>::deserialize::__Visitor<'de> as errors::_::_serde::de::Visitor<'de>>::visit_enum::bb62,canon-utils/analysis/src/types.rs,3,51
2122,BASIC_BLOCK,<types::_::<impl errors::_::_serde::Deserialize<'de> for types::NodeKind>::deserialize::__Visitor<'de> as errors::_::_serde::de::Visitor<'de>>::visit_enum::bb63,canon-utils/analysis/src/types.rs,3,41
2123,CALL_SITE,<types::_::<impl errors::_::_serde::Deserialize<'de> for types::NodeKind>::deserialize::__Visitor<'de> as errors::_::_serde::de::Visitor<'de>>::visit_enum::bb63::call38,canon-utils/analysis/src/types.rs,3,41
2124,BASIC_BLOCK,<types::_::<impl errors::_::_serde::Deserialize<'de> for types::NodeKind>::deserialize::__Visitor<'de> as errors::_::_serde::de::Visitor<'de>>::visit_enum::bb64,canon-utils/analysis/src/types.rs,3,41
2125,CALL_SITE,<types::_::<impl errors::_::_serde::Deserialize<'de> for types::NodeKind>::deserialize::__Visitor<'de> as errors::_::_serde::de::Visitor<'de>>::visit_enum::bb64::call39,canon-utils/analysis/src/types.rs,3,41
2126,BASIC_BLOCK,<types::_::<impl errors::_::_serde::Deserialize<'de> for types::NodeKind>::deserialize::__Visitor<'de> as errors::_::_serde::de::Visitor<'de>>::visit_enum::bb65,canon-utils/analysis/src/types.rs,3,41
2127,BASIC_BLOCK,<types::_::<impl errors::_::_serde::Deserialize<'de> for types::NodeKind>::deserialize::__Visitor<'de> as errors::_::_serde::de::Visitor<'de>>::visit_enum::bb66,canon-utils/analysis/src/types.rs,3,51
2128,BASIC_BLOCK,<types::_::<impl errors::_::_serde::Deserialize<'de> for types::NodeKind>::deserialize::__Visitor<'de> as errors::_::_serde::de::Visitor<'de>>::visit_enum::bb67,canon-utils/analysis/src/types.rs,3,41
2129,CALL_SITE,<types::_::<impl errors::_::_serde::Deserialize<'de> for types::NodeKind>::deserialize::__Visitor<'de> as errors::_::_serde::de::Visitor<'de>>::visit_enum::bb67::call40,canon-utils/analysis/src/types.rs,3,41
2130,BASIC_BLOCK,<types::_::<impl errors::_::_serde::Deserialize<'de> for types::NodeKind>::deserialize::__Visitor<'de> as errors::_::_serde::de::Visitor<'de>>::visit_enum::bb68,canon-utils/analysis/src/types.rs,3,41
2131,CALL_SITE,<types::_::<impl errors::_::_serde::Deserialize<'de> for types::NodeKind>::deserialize::__Visitor<'de> as errors::_::_serde::de::Visitor<'de>>::visit_enum::bb68::call41,canon-utils/analysis/src/types.rs,3,41
2132,BASIC_BLOCK,<types::_::<impl errors::_::_serde::Deserialize<'de> for types::NodeKind>::deserialize::__Visitor<'de> as errors::_::_serde::de::Visitor<'de>>::visit_enum::bb69,canon-utils/analysis/src/types.rs,3,41
2133,CALL_SITE,<types::_::<impl errors::_::_serde::Deserialize<'de> for types::NodeKind>::deserialize::__Visitor<'de> as errors::_::_serde::de::Visitor<'de>>::visit_enum::bb6::call3,canon-utils/analysis/src/types.rs,3,41
2134,BASIC_BLOCK,<types::_::<impl errors::_::_serde::Deserialize<'de> for types::NodeKind>::deserialize::__Visitor<'de> as errors::_::_serde::de::Visitor<'de>>::visit_enum::bb7,canon-utils/analysis/src/types.rs,3,41
2135,BASIC_BLOCK,<types::_::<impl errors::_::_serde::Deserialize<'de> for types::NodeKind>::deserialize::__Visitor<'de> as errors::_::_serde::de::Visitor<'de>>::visit_enum::bb70,canon-utils/analysis/src/types.rs,3,51
2136,BASIC_BLOCK,<types::_::<impl errors::_::_serde::Deserialize<'de> for types::NodeKind>::deserialize::__Visitor<'de> as errors::_::_serde::de::Visitor<'de>>::visit_enum::bb71,canon-utils/analysis/src/types.rs,3,41
2137,CALL_SITE,<types::_::<impl errors::_::_serde::Deserialize<'de> for types::NodeKind>::deserialize::__Visitor<'de> as errors::_::_serde::de::Visitor<'de>>::visit_enum::bb71::call42,canon-utils/analysis/src/types.rs,3,41
2138,BASIC_BLOCK,<types::_::<impl errors::_::_serde::Deserialize<'de> for types::NodeKind>::deserialize::__Visitor<'de> as errors::_::_serde::de::Visitor<'de>>::visit_enum::bb72,canon-utils/analysis/src/types.rs,3,41
2139,CALL_SITE,<types::_::<impl errors::_::_serde::Deserialize<'de> for types::NodeKind>::deserialize::__Visitor<'de> as errors::_::_serde::de::Visitor<'de>>::visit_enum::bb72::call43,canon-utils/analysis/src/types.rs,3,41
2140,BASIC_BLOCK,<types::_::<impl errors::_::_serde::Deserialize<'de> for types::NodeKind>::deserialize::__Visitor<'de> as errors::_::_serde::de::Visitor<'de>>::visit_enum::bb73,canon-utils/analysis/src/types.rs,3,41
2141,BASIC_BLOCK,<types::_::<impl errors::_::_serde::Deserialize<'de> for types::NodeKind>::deserialize::__Visitor<'de> as errors::_::_serde::de::Visitor<'de>>::visit_enum::bb74,canon-utils/analysis/src/types.rs,3,51
2142,BASIC_BLOCK,<types::_::<impl errors::_::_serde::Deserialize<'de> for types::NodeKind>::deserialize::__Visitor<'de> as errors::_::_serde::de::Visitor<'de>>::visit_enum::bb75,canon-utils/analysis/src/types.rs,3,41
2143,CALL_SITE,<types::_::<impl errors::_::_serde::Deserialize<'de> for types::NodeKind>::deserialize::__Visitor<'de> as errors::_::_serde::de::Visitor<'de>>::visit_enum::bb75::call44,canon-utils/analysis/src/types.rs,3,41
2144,BASIC_BLOCK,<types::_::<impl errors::_::_serde::Deserialize<'de> for types::NodeKind>::deserialize::__Visitor<'de> as errors::_::_serde::de::Visitor<'de>>::visit_enum::bb76,canon-utils/analysis/src/types.rs,3,52
2145,CALL_SITE,<types::_::<impl errors::_::_serde::Deserialize<'de> for types::NodeKind>::deserialize::__Visitor<'de> as errors::_::_serde::de::Visitor<'de>>::visit_enum::bb7::call4,canon-utils/analysis/src/types.rs,3,41
2146,BASIC_BLOCK,<types::_::<impl errors::_::_serde::Deserialize<'de> for types::NodeKind>::deserialize::__Visitor<'de> as errors::_::_serde::de::Visitor<'de>>::visit_enum::bb8,canon-utils/analysis/src/types.rs,3,41
2147,CALL_SITE,<types::_::<impl errors::_::_serde::Deserialize<'de> for types::NodeKind>::deserialize::__Visitor<'de> as errors::_::_serde::de::Visitor<'de>>::visit_enum::bb8::call5,canon-utils/analysis/src/types.rs,3,41
2148,BASIC_BLOCK,<types::_::<impl errors::_::_serde::Deserialize<'de> for types::NodeKind>::deserialize::__Visitor<'de> as errors::_::_serde::de::Visitor<'de>>::visit_enum::bb9,canon-utils/analysis/src/types.rs,3,41
2149,CALL_SITE,<types::_::<impl errors::_::_serde::Deserialize<'de> for types::NodeKind>::deserialize::__Visitor<'de> as errors::_::_serde::de::Visitor<'de>>::visit_enum::bb9::call6,canon-utils/analysis/src/types.rs,3,41
2150,METHOD,<types::_::<impl errors::_::_serde::Deserialize<'de> for types::NodeKind>::deserialize::__Visitor<'de> as errors::_::_serde::de::Visitor<'de>>::visit_enum::fn,canon-utils/analysis/src/types.rs,3,41
2151,PARAM,<types::_::<impl errors::_::_serde::Deserialize<'de> for types::NodeKind>::deserialize::__Visitor<'de> as errors::_::_serde::de::Visitor<'de>>::visit_enum::param0,canon-utils/analysis/src/types.rs,3,41
2152,PARAM,<types::_::<impl errors::_::_serde::Deserialize<'de> for types::NodeKind>::deserialize::__Visitor<'de> as errors::_::_serde::de::Visitor<'de>>::visit_enum::param1,canon-utils/analysis/src/types.rs,3,41
2153,MODULE,csr,canon-utils/analysis/src/lib.rs,7,1
2154,STRUCT,csr::CsrGraph,canon-utils/analysis/src/csr.rs,9,1
2155,FIELD,csr::CsrGraph::col_idx,canon-utils/analysis/src/csr.rs,9,1
2156,FIELD,csr::CsrGraph::row_ptr,canon-utils/analysis/src/csr.rs,9,1
2157,BASIC_BLOCK,csr::build_csr::bb0,canon-utils/analysis/src/csr.rs,15,44
2158,CALL_SITE,csr::build_csr::bb0::call0,canon-utils/analysis/src/csr.rs,15,44
2159,BASIC_BLOCK,csr::build_csr::bb1,canon-utils/analysis/src/csr.rs,16,17
2160,BASIC_BLOCK,csr::build_csr::bb10,canon-utils/analysis/src/csr.rs,20,33
2161,CALL_SITE,csr::build_csr::bb10::call6,canon-utils/analysis/src/csr.rs,20,33
2162,BASIC_BLOCK,csr::build_csr::bb11,canon-utils/analysis/src/csr.rs,22,17
2163,CALL_SITE,csr::build_csr::bb11::call7,canon-utils/analysis/src/csr.rs,22,17
2164,BASIC_BLOCK,csr::build_csr::bb12,canon-utils/analysis/src/csr.rs,22,5
2165,BASIC_BLOCK,csr::build_csr::bb13,canon-utils/analysis/src/csr.rs,22,17
2166,CALL_SITE,csr::build_csr::bb13::call8,canon-utils/analysis/src/csr.rs,22,17
2167,BASIC_BLOCK,csr::build_csr::bb14,canon-utils/analysis/src/csr.rs,22,17
2168,BASIC_BLOCK,csr::build_csr::bb15,canon-utils/analysis/src/csr.rs,23,16
2169,CALL_SITE,csr::build_csr::bb15::call9,canon-utils/analysis/src/csr.rs,23,16
2170,BASIC_BLOCK,csr::build_csr::bb16,canon-utils/analysis/src/csr.rs,32,12
2171,CALL_SITE,csr::build_csr::bb16::call10,canon-utils/analysis/src/csr.rs,32,12
2172,BASIC_BLOCK,csr::build_csr::bb17,canon-utils/analysis/src/csr.rs,24,41
2173,CALL_SITE,csr::build_csr::bb17::call11,canon-utils/analysis/src/csr.rs,24,41
2174,BASIC_BLOCK,csr::build_csr::bb18,canon-utils/analysis/src/csr.rs,24,28
2175,CALL_SITE,csr::build_csr::bb18::call12,canon-utils/analysis/src/csr.rs,24,28
2176,BASIC_BLOCK,csr::build_csr::bb19,canon-utils/analysis/src/csr.rs,24,28
2177,CALL_SITE,csr::build_csr::bb19::call13,canon-utils/analysis/src/csr.rs,24,28
2178,CALL_SITE,csr::build_csr::bb1::call1,canon-utils/analysis/src/csr.rs,16,17
2179,BASIC_BLOCK,csr::build_csr::bb2,canon-utils/analysis/src/csr.rs,16,5
2180,BASIC_BLOCK,csr::build_csr::bb20,canon-utils/analysis/src/csr.rs,24,9
2181,BASIC_BLOCK,csr::build_csr::bb21,canon-utils/analysis/src/csr.rs,24,28
2182,CALL_SITE,csr::build_csr::bb21::call14,canon-utils/analysis/src/csr.rs,24,28
2183,BASIC_BLOCK,csr::build_csr::bb22,canon-utils/analysis/src/csr.rs,24,28
2184,BASIC_BLOCK,csr::build_csr::bb23,canon-utils/analysis/src/csr.rs,25,16
2185,BASIC_BLOCK,csr::build_csr::bb24,canon-utils/analysis/src/csr.rs,28,13
2186,CALL_SITE,csr::build_csr::bb24::call15,canon-utils/analysis/src/csr.rs,28,13
2187,BASIC_BLOCK,csr::build_csr::bb25,canon-utils/analysis/src/csr.rs,29,13
2188,BASIC_BLOCK,csr::build_csr::bb26,canon-utils/analysis/src/csr.rs,24,9
2189,BASIC_BLOCK,csr::build_csr::bb27,canon-utils/analysis/src/csr.rs,34,1
2190,BASIC_BLOCK,csr::build_csr::bb28,canon-utils/analysis/src/csr.rs,34,2
2191,BASIC_BLOCK,csr::build_csr::bb29,canon-utils/analysis/src/csr.rs,34,1
2192,BASIC_BLOCK,csr::build_csr::bb3,canon-utils/analysis/src/csr.rs,16,17
2193,BASIC_BLOCK,csr::build_csr::bb30,canon-utils/analysis/src/csr.rs,34,1
2194,BASIC_BLOCK,csr::build_csr::bb31,canon-utils/analysis/src/csr.rs,34,1
2195,BASIC_BLOCK,csr::build_csr::bb32,canon-utils/analysis/src/csr.rs,14,1
2196,BASIC_BLOCK,csr::build_csr::bb33,canon-utils/analysis/src/csr.rs,17,9
2197,CALL_SITE,csr::build_csr::bb3::call2,canon-utils/analysis/src/csr.rs,16,17
2198,BASIC_BLOCK,csr::build_csr::bb4,canon-utils/analysis/src/csr.rs,16,17
2199,BASIC_BLOCK,csr::build_csr::bb5,canon-utils/analysis/src/lib.rs,1,1
2200,BASIC_BLOCK,csr::build_csr::bb6,canon-utils/analysis/src/csr.rs,17,9
2201,CALL_SITE,csr::build_csr::bb6::call3,canon-utils/analysis/src/csr.rs,17,9
2202,BASIC_BLOCK,csr::build_csr::bb7,canon-utils/analysis/src/csr.rs,19,34
2203,BASIC_BLOCK,csr::build_csr::bb8,/home/cicero-arch-omen/.rustup/toolchains/nightly-x86_64-unknown-linux-gnu/lib/rustlib/src/rust/library/alloc/src/macros.rs,47,9
2204,CALL_SITE,csr::build_csr::bb8::call4,/home/cicero-arch-omen/.rustup/toolchains/nightly-x86_64-unknown-linux-gnu/lib/rustlib/src/rust/library/alloc/src/macros.rs,47,9
2205,BASIC_BLOCK,csr::build_csr::bb9,canon-utils/analysis/src/csr.rs,20,52
2206,CALL_SITE,csr::build_csr::bb9::call5,canon-utils/analysis/src/csr.rs,20,52
2207,FUNCTION,csr::build_csr::fn,canon-utils/analysis/src/csr.rs,14,1
2208,PARAM,csr::build_csr::param0,canon-utils/analysis/src/csr.rs,14,18
2209,PARAM,csr::build_csr::param1,canon-utils/analysis/src/csr.rs,14,35
2210,BASIC_BLOCK,csr::find_path::bb0,canon-utils/analysis/src/csr.rs,43,22
2211,CALL_SITE,csr::find_path::bb0::call0,canon-utils/analysis/src/csr.rs,43,22
2212,BASIC_BLOCK,csr::find_path::bb1,canon-utils/analysis/src/csr.rs,43,22
2213,BASIC_BLOCK,csr::find_path::bb10,canon-utils/analysis/src/csr.rs,51,28
2214,CALL_SITE,csr::find_path::bb10::call6,canon-utils/analysis/src/csr.rs,51,28
2215,BASIC_BLOCK,csr::find_path::bb11,canon-utils/analysis/src/csr.rs,51,15
2216,BASIC_BLOCK,csr::find_path::bb12,canon-utils/analysis/src/csr.rs,52,12
2217,BASIC_BLOCK,csr::find_path::bb13,canon-utils/analysis/src/csr.rs,53,42
2218,CALL_SITE,csr::find_path::bb13::call7,canon-utils/analysis/src/csr.rs,53,42
2219,BASIC_BLOCK,csr::find_path::bb14,canon-utils/analysis/src/csr.rs,53,25
2220,CALL_SITE,csr::find_path::bb14::call8,canon-utils/analysis/src/csr.rs,53,25
2221,BASIC_BLOCK,csr::find_path::bb15,canon-utils/analysis/src/csr.rs,65,1
2222,BASIC_BLOCK,csr::find_path::bb16,canon-utils/analysis/src/csr.rs,55,36
2223,CALL_SITE,csr::find_path::bb16::call9,canon-utils/analysis/src/csr.rs,55,36
2224,BASIC_BLOCK,csr::find_path::bb17,canon-utils/analysis/src/csr.rs,56,35
2225,BASIC_BLOCK,csr::find_path::bb18,canon-utils/analysis/src/csr.rs,56,34
2226,CALL_SITE,csr::find_path::bb18::call10,canon-utils/analysis/src/csr.rs,56,34
2227,BASIC_BLOCK,csr::find_path::bb19,canon-utils/analysis/src/csr.rs,57,34
2228,CALL_SITE,csr::find_path::bb19::call11,canon-utils/analysis/src/csr.rs,57,34
2229,CALL_SITE,csr::find_path::bb1::call1,canon-utils/analysis/src/csr.rs,43,22
2230,BASIC_BLOCK,csr::find_path::bb2,canon-utils/analysis/src/csr.rs,44,8
2231,BASIC_BLOCK,csr::find_path::bb20,canon-utils/analysis/src/csr.rs,57,22
2232,CALL_SITE,csr::find_path::bb20::call12,canon-utils/analysis/src/csr.rs,57,22
2233,BASIC_BLOCK,csr::find_path::bb21,canon-utils/analysis/src/csr.rs,57,9
2234,BASIC_BLOCK,csr::find_path::bb22,canon-utils/analysis/src/csr.rs,57,22
2235,CALL_SITE,csr::find_path::bb22::call13,canon-utils/analysis/src/csr.rs,57,22
2236,BASIC_BLOCK,csr::find_path::bb23,canon-utils/analysis/src/csr.rs,57,22
2237,BASIC_BLOCK,csr::find_path::bb24,canon-utils/analysis/src/csr.rs,57,22
2238,BASIC_BLOCK,csr::find_path::bb25,canon-utils/analysis/src/csr.rs,58,20
2239,CALL_SITE,csr::find_path::bb25::call14,canon-utils/analysis/src/csr.rs,58,20
2240,BASIC_BLOCK,csr::find_path::bb26,canon-utils/analysis/src/csr.rs,58,16
2241,CALL_SITE,csr::find_path::bb26::call15,canon-utils/analysis/src/csr.rs,58,16
2242,BASIC_BLOCK,csr::find_path::bb27,canon-utils/analysis/src/csr.rs,58,16
2243,BASIC_BLOCK,csr::find_path::bb28,canon-utils/analysis/src/csr.rs,59,21
2244,CALL_SITE,csr::find_path::bb28::call16,canon-utils/analysis/src/csr.rs,59,21
2245,BASIC_BLOCK,csr::find_path::bb29,canon-utils/analysis/src/csr.rs,60,17
2246,CALL_SITE,csr::find_path::bb29::call17,canon-utils/analysis/src/csr.rs,60,17
2247,BASIC_BLOCK,csr::find_path::bb3,canon-utils/analysis/src/csr.rs,44,40
2248,BASIC_BLOCK,csr::find_path::bb30,canon-utils/analysis/src/csr.rs,65,1
2249,BASIC_BLOCK,csr::find_path::bb31,canon-utils/analysis/src/csr.rs,65,1
2250,BASIC_BLOCK,csr::find_path::bb32,canon-utils/analysis/src/csr.rs,65,1
2251,BASIC_BLOCK,csr::find_path::bb33,canon-utils/analysis/src/csr.rs,65,2
2252,BASIC_BLOCK,csr::find_path::bb34,canon-utils/analysis/src/csr.rs,65,1
2253,BASIC_BLOCK,csr::find_path::bb35,canon-utils/analysis/src/csr.rs,65,1
2254,BASIC_BLOCK,csr::find_path::bb36,canon-utils/analysis/src/csr.rs,42,1
2255,BASIC_BLOCK,csr::find_path::bb37,canon-utils/analysis/src/csr.rs,60,17
2256,BASIC_BLOCK,csr::find_path::bb4,canon-utils/analysis/src/lib.rs,1,1
2257,BASIC_BLOCK,csr::find_path::bb5,/home/cicero-arch-omen/.rustup/toolchains/nightly-x86_64-unknown-linux-gnu/lib/rustlib/src/rust/library/alloc/src/macros.rs,47,9
2258,CALL_SITE,csr::find_path::bb5::call2,/home/cicero-arch-omen/.rustup/toolchains/nightly-x86_64-unknown-linux-gnu/lib/rustlib/src/rust/library/alloc/src/macros.rs,47,9
2259,BASIC_BLOCK,csr::find_path::bb6,canon-utils/analysis/src/csr.rs,48,54
2260,CALL_SITE,csr::find_path::bb6::call3,canon-utils/analysis/src/csr.rs,48,54
2261,BASIC_BLOCK,csr::find_path::bb7,canon-utils/analysis/src/csr.rs,49,5
2262,CALL_SITE,csr::find_path::bb7::call4,canon-utils/analysis/src/csr.rs,49,5
2263,BASIC_BLOCK,csr::find_path::bb8,canon-utils/analysis/src/csr.rs,50,9
2264,CALL_SITE,csr::find_path::bb8::call5,canon-utils/analysis/src/csr.rs,50,9
2265,BASIC_BLOCK,csr::find_path::bb9,canon-utils/analysis/src/csr.rs,51,5
2266,FUNCTION,csr::find_path::fn,canon-utils/analysis/src/csr.rs,42,1
2267,PARAM,csr::find_path::param0,canon-utils/analysis/src/csr.rs,42,18
2268,PARAM,csr::find_path::param1,canon-utils/analysis/src/csr.rs,42,34
2269,PARAM,csr::find_path::param2,canon-utils/analysis/src/csr.rs,42,46
2270,BASIC_BLOCK,csr::load_csr::bb0,canon-utils/analysis/src/csr.rs,37,32
2271,CALL_SITE,csr::load_csr::bb0::call0,canon-utils/analysis/src/csr.rs,37,32
2272,BASIC_BLOCK,csr::load_csr::bb1,canon-utils/analysis/src/csr.rs,37,19
2273,BASIC_BLOCK,csr::load_csr::bb10,canon-utils/analysis/src/csr.rs,40,2
2274,BASIC_BLOCK,csr::load_csr::bb11,canon-utils/analysis/src/csr.rs,38,19
2275,CALL_SITE,csr::load_csr::bb11::call7,canon-utils/analysis/src/csr.rs,38,19
2276,BASIC_BLOCK,csr::load_csr::bb12,canon-utils/analysis/src/csr.rs,40,1
2277,BASIC_BLOCK,csr::load_csr::bb13,canon-utils/analysis/src/csr.rs,40,2
2278,BASIC_BLOCK,csr::load_csr::bb14,canon-utils/analysis/src/csr.rs,40,1
2279,BASIC_BLOCK,csr::load_csr::bb15,canon-utils/analysis/src/csr.rs,36,1
2280,CALL_SITE,csr::load_csr::bb1::call1,canon-utils/analysis/src/csr.rs,37,19
2281,BASIC_BLOCK,csr::load_csr::bb2,canon-utils/analysis/src/csr.rs,37,19
2282,CALL_SITE,csr::load_csr::bb2::call2,canon-utils/analysis/src/csr.rs,37,19
2283,BASIC_BLOCK,csr::load_csr::bb3,canon-utils/analysis/src/csr.rs,37,19
2284,BASIC_BLOCK,csr::load_csr::bb4,canon-utils/analysis/src/lib.rs,1,1
2285,BASIC_BLOCK,csr::load_csr::bb5,canon-utils/analysis/src/csr.rs,38,32
2286,CALL_SITE,csr::load_csr::bb5::call3,canon-utils/analysis/src/csr.rs,38,32
2287,BASIC_BLOCK,csr::load_csr::bb6,canon-utils/analysis/src/csr.rs,37,19
2288,CALL_SITE,csr::load_csr::bb6::call4,canon-utils/analysis/src/csr.rs,37,19
2289,BASIC_BLOCK,csr::load_csr::bb7,canon-utils/analysis/src/csr.rs,38,19
2290,CALL_SITE,csr::load_csr::bb7::call5,canon-utils/analysis/src/csr.rs,38,19
2291,BASIC_BLOCK,csr::load_csr::bb8,canon-utils/analysis/src/csr.rs,38,19
2292,CALL_SITE,csr::load_csr::bb8::call6,canon-utils/analysis/src/csr.rs,38,19
2293,BASIC_BLOCK,csr::load_csr::bb9,canon-utils/analysis/src/csr.rs,38,19
2294,FUNCTION,csr::load_csr::fn,canon-utils/analysis/src/csr.rs,36,1
2295,PARAM,csr::load_csr::param0,canon-utils/analysis/src/csr.rs,36,17
2296,BASIC_BLOCK,csr::read_bin_u32::bb0,canon-utils/analysis/src/csr.rs,85,20
2297,CALL_SITE,csr::read_bin_u32::bb0::call0,canon-utils/analysis/src/csr.rs,85,20
2298,BASIC_BLOCK,csr::read_bin_u32::bb1,canon-utils/analysis/src/csr.rs,85,20
2299,BASIC_BLOCK,csr::read_bin_u32::bb10,canon-utils/analysis/src/csr.rs,87,5
2300,CALL_SITE,csr::read_bin_u32::bb10::call7,canon-utils/analysis/src/csr.rs,87,5
2301,BASIC_BLOCK,csr::read_bin_u32::bb11,canon-utils/analysis/src/csr.rs,88,8
2302,BASIC_BLOCK,csr::read_bin_u32::bb12,canon-utils/analysis/src/csr.rs,88,8
2303,BASIC_BLOCK,csr::read_bin_u32::bb13,/home/cicero-arch-omen/.cargo/registry/src/index.crates.io-1949cf8c6b5b557f/anyhow-1.0.102/src/macros.rs,207,55
2304,CALL_SITE,csr::read_bin_u32::bb13::call8,/home/cicero-arch-omen/.cargo/registry/src/index.crates.io-1949cf8c6b5b557f/anyhow-1.0.102/src/macros.rs,207,55
2305,BASIC_BLOCK,csr::read_bin_u32::bb14,/home/cicero-arch-omen/.cargo/registry/src/index.crates.io-1949cf8c6b5b557f/anyhow-1.0.102/src/macros.rs,207,25
2306,CALL_SITE,csr::read_bin_u32::bb14::call9,/home/cicero-arch-omen/.cargo/registry/src/index.crates.io-1949cf8c6b5b557f/anyhow-1.0.102/src/macros.rs,207,25
2307,BASIC_BLOCK,csr::read_bin_u32::bb15,/home/cicero-arch-omen/.cargo/registry/src/index.crates.io-1949cf8c6b5b557f/anyhow-1.0.102/src/macros.rs,206,9
2308,CALL_SITE,csr::read_bin_u32::bb15::call10,/home/cicero-arch-omen/.cargo/registry/src/index.crates.io-1949cf8c6b5b557f/anyhow-1.0.102/src/macros.rs,206,9
2309,BASIC_BLOCK,csr::read_bin_u32::bb16,canon-utils/analysis/src/lib.rs,1,1
2310,BASIC_BLOCK,csr::read_bin_u32::bb17,canon-utils/analysis/src/csr.rs,91,38
2311,CALL_SITE,csr::read_bin_u32::bb17::call11,canon-utils/analysis/src/csr.rs,91,38
2312,BASIC_BLOCK,csr::read_bin_u32::bb18,canon-utils/analysis/src/csr.rs,91,38
2313,BASIC_BLOCK,csr::read_bin_u32::bb19,canon-utils/analysis/src/csr.rs,91,19
2314,CALL_SITE,csr::read_bin_u32::bb19::call12,canon-utils/analysis/src/csr.rs,91,19
2315,CALL_SITE,csr::read_bin_u32::bb1::call1,canon-utils/analysis/src/csr.rs,85,20
2316,BASIC_BLOCK,csr::read_bin_u32::bb2,canon-utils/analysis/src/csr.rs,85,20
2317,BASIC_BLOCK,csr::read_bin_u32::bb20,canon-utils/analysis/src/csr.rs,92,18
2318,CALL_SITE,csr::read_bin_u32::bb20::call13,canon-utils/analysis/src/csr.rs,92,18
2319,BASIC_BLOCK,csr::read_bin_u32::bb21,canon-utils/analysis/src/csr.rs,92,18
2320,CALL_SITE,csr::read_bin_u32::bb21::call14,canon-utils/analysis/src/csr.rs,92,18
2321,BASIC_BLOCK,csr::read_bin_u32::bb22,canon-utils/analysis/src/csr.rs,92,18
2322,CALL_SITE,csr::read_bin_u32::bb22::call15,canon-utils/analysis/src/csr.rs,92,18
2323,BASIC_BLOCK,csr::read_bin_u32::bb23,canon-utils/analysis/src/csr.rs,92,5
2324,BASIC_BLOCK,csr::read_bin_u32::bb24,canon-utils/analysis/src/csr.rs,92,18
2325,CALL_SITE,csr::read_bin_u32::bb24::call16,canon-utils/analysis/src/csr.rs,92,18
2326,BASIC_BLOCK,csr::read_bin_u32::bb25,canon-utils/analysis/src/csr.rs,92,18
2327,BASIC_BLOCK,csr::read_bin_u32::bb26,canon-utils/analysis/src/csr.rs,93,38
2328,BASIC_BLOCK,csr::read_bin_u32::bb27,canon-utils/analysis/src/csr.rs,96,1
2329,BASIC_BLOCK,csr::read_bin_u32::bb28,canon-utils/analysis/src/csr.rs,93,48
2330,BASIC_BLOCK,csr::read_bin_u32::bb29,canon-utils/analysis/src/csr.rs,93,58
2331,BASIC_BLOCK,csr::read_bin_u32::bb3,canon-utils/analysis/src/lib.rs,1,1
2332,BASIC_BLOCK,csr::read_bin_u32::bb30,canon-utils/analysis/src/csr.rs,93,68
2333,BASIC_BLOCK,csr::read_bin_u32::bb31,canon-utils/analysis/src/csr.rs,93,18
2334,CALL_SITE,csr::read_bin_u32::bb31::call17,canon-utils/analysis/src/csr.rs,93,18
2335,BASIC_BLOCK,csr::read_bin_u32::bb32,canon-utils/analysis/src/csr.rs,93,9
2336,CALL_SITE,csr::read_bin_u32::bb32::call18,canon-utils/analysis/src/csr.rs,93,9
2337,BASIC_BLOCK,csr::read_bin_u32::bb33,canon-utils/analysis/src/csr.rs,96,1
2338,BASIC_BLOCK,csr::read_bin_u32::bb34,canon-utils/analysis/src/csr.rs,96,1
2339,BASIC_BLOCK,csr::read_bin_u32::bb35,canon-utils/analysis/src/csr.rs,96,1
2340,BASIC_BLOCK,csr::read_bin_u32::bb36,canon-utils/analysis/src/csr.rs,96,2
2341,BASIC_BLOCK,csr::read_bin_u32::bb37,canon-utils/analysis/src/csr.rs,96,1
2342,BASIC_BLOCK,csr::read_bin_u32::bb38,canon-utils/analysis/src/csr.rs,96,1
2343,BASIC_BLOCK,csr::read_bin_u32::bb39,canon-utils/analysis/src/csr.rs,96,1
2344,BASIC_BLOCK,csr::read_bin_u32::bb4,canon-utils/analysis/src/csr.rs,86,21
2345,BASIC_BLOCK,csr::read_bin_u32::bb40,canon-utils/analysis/src/csr.rs,84,1
2346,BASIC_BLOCK,csr::read_bin_u32::bb41,canon-utils/analysis/src/csr.rs,87,5
2347,BASIC_BLOCK,csr::read_bin_u32::bb42,canon-utils/analysis/src/csr.rs,93,9
2348,CALL_SITE,csr::read_bin_u32::bb4::call2,canon-utils/analysis/src/csr.rs,86,21
2349,BASIC_BLOCK,csr::read_bin_u32::bb5,canon-utils/analysis/src/csr.rs,85,20
2350,CALL_SITE,csr::read_bin_u32::bb5::call3,canon-utils/analysis/src/csr.rs,85,20
2351,BASIC_BLOCK,csr::read_bin_u32::bb6,canon-utils/analysis/src/csr.rs,87,5
2352,CALL_SITE,csr::read_bin_u32::bb6::call4,canon-utils/analysis/src/csr.rs,87,5
2353,BASIC_BLOCK,csr::read_bin_u32::bb7,canon-utils/analysis/src/csr.rs,87,5
2354,CALL_SITE,csr::read_bin_u32::bb7::call5,canon-utils/analysis/src/csr.rs,87,5
2355,BASIC_BLOCK,csr::read_bin_u32::bb8,canon-utils/analysis/src/csr.rs,87,5
2356,BASIC_BLOCK,csr::read_bin_u32::bb9,canon-utils/analysis/src/csr.rs,88,8
2357,CALL_SITE,csr::read_bin_u32::bb9::call6,canon-utils/analysis/src/csr.rs,88,8
2358,FUNCTION,csr::read_bin_u32::fn,canon-utils/analysis/src/csr.rs,84,1
2359,PARAM,csr::read_bin_u32::param0,canon-utils/analysis/src/csr.rs,84,17
2360,BASIC_BLOCK,csr::reconstruct_path::bb0,canon-utils/analysis/src/csr.rs,68,20
2361,CALL_SITE,csr::reconstruct_path::bb0::call0,canon-utils/analysis/src/csr.rs,68,20
2362,BASIC_BLOCK,csr::reconstruct_path::bb1,canon-utils/analysis/src/csr.rs,70,5
2363,BASIC_BLOCK,csr::reconstruct_path::bb10,canon-utils/analysis/src/csr.rs,82,2
2364,BASIC_BLOCK,csr::reconstruct_path::bb11,canon-utils/analysis/src/csr.rs,82,1
2365,BASIC_BLOCK,csr::reconstruct_path::bb12,canon-utils/analysis/src/csr.rs,67,1
2366,BASIC_BLOCK,csr::reconstruct_path::bb2,canon-utils/analysis/src/csr.rs,71,9
2367,CALL_SITE,csr::reconstruct_path::bb2::call1,canon-utils/analysis/src/csr.rs,71,9
2368,BASIC_BLOCK,csr::reconstruct_path::bb3,canon-utils/analysis/src/csr.rs,72,12
2369,BASIC_BLOCK,csr::reconstruct_path::bb4,canon-utils/analysis/src/csr.rs,75,24
2370,BASIC_BLOCK,csr::reconstruct_path::bb5,canon-utils/analysis/src/csr.rs,75,18
2371,BASIC_BLOCK,csr::reconstruct_path::bb6,canon-utils/analysis/src/csr.rs,75,24
2372,BASIC_BLOCK,csr::reconstruct_path::bb7,canon-utils/analysis/src/csr.rs,70,5
2373,BASIC_BLOCK,csr::reconstruct_path::bb8,canon-utils/analysis/src/csr.rs,80,5
2374,CALL_SITE,csr::reconstruct_path::bb8::call2,canon-utils/analysis/src/csr.rs,80,5
2375,BASIC_BLOCK,csr::reconstruct_path::bb9,canon-utils/analysis/src/csr.rs,80,5
2376,CALL_SITE,csr::reconstruct_path::bb9::call3,canon-utils/analysis/src/csr.rs,80,5
2377,FUNCTION,csr::reconstruct_path::fn,canon-utils/analysis/src/csr.rs,67,1
2378,PARAM,csr::reconstruct_path::param0,canon-utils/analysis/src/csr.rs,67,21
2379,PARAM,csr::reconstruct_path::param1,canon-utils/analysis/src/csr.rs,67,43
2380,PARAM,csr::reconstruct_path::param2,canon-utils/analysis/src/csr.rs,67,55
2381,MODULE,emit,canon-utils/analysis/src/lib.rs,9,1
2382,STRUCT,emit::OutputConfig,canon-utils/analysis/src/emit.rs,9,1
2383,FIELD,emit::OutputConfig::output_dir,canon-utils/analysis/src/emit.rs,9,1
2384,BASIC_BLOCK,emit::_::<impl errors::_::_serde::Deserialize<'de> for emit::OutputConfig>::deserialize::FIELDS::bb0,canon-utils/analysis/src/emit.rs,8,35
2385,ENUM,emit::_::<impl errors::_::_serde::Deserialize<'de> for emit::OutputConfig>::deserialize::__Field,canon-utils/analysis/src/emit.rs,8,35
2386,STRUCT,emit::_::<impl errors::_::_serde::Deserialize<'de> for emit::OutputConfig>::deserialize::__FieldVisitor,canon-utils/analysis/src/emit.rs,8,35
2387,STRUCT,emit::_::<impl errors::_::_serde::Deserialize<'de> for emit::OutputConfig>::deserialize::__Visitor,canon-utils/analysis/src/emit.rs,8,35
2388,FIELD,emit::_::<impl errors::_::_serde::Deserialize<'de> for emit::OutputConfig>::deserialize::__Visitor::lifetime,canon-utils/analysis/src/emit.rs,8,35
2389,FIELD,emit::_::<impl errors::_::_serde::Deserialize<'de> for emit::OutputConfig>::deserialize::__Visitor::marker,canon-utils/analysis/src/emit.rs,8,35
2390,BASIC_BLOCK,emit::_::<impl errors::_::_serde::Deserialize<'de> for emit::OutputConfig>::deserialize::bb0,canon-utils/analysis/src/emit.rs,8,35
2391,CALL_SITE,emit::_::<impl errors::_::_serde::Deserialize<'de> for emit::OutputConfig>::deserialize::bb0::call0,canon-utils/analysis/src/emit.rs,8,35
2392,BASIC_BLOCK,emit::_::<impl errors::_::_serde::Deserialize<'de> for emit::OutputConfig>::deserialize::bb1,canon-utils/analysis/src/emit.rs,8,46
2393,METHOD,emit::_::<impl errors::_::_serde::Deserialize<'de> for emit::OutputConfig>::deserialize::fn,canon-utils/analysis/src/emit.rs,8,35
2394,PARAM,emit::_::<impl errors::_::_serde::Deserialize<'de> for emit::OutputConfig>::deserialize::param0,canon-utils/analysis/src/emit.rs,8,35
2395,BASIC_BLOCK,emit::_::<impl errors::_::_serde::Serialize for emit::OutputConfig>::serialize::bb0,canon-utils/analysis/src/emit.rs,8,24
2396,BASIC_BLOCK,emit::_::<impl errors::_::_serde::Serialize for emit::OutputConfig>::serialize::bb1,canon-utils/analysis/src/emit.rs,8,24
2397,BASIC_BLOCK,emit::_::<impl errors::_::_serde::Serialize for emit::OutputConfig>::serialize::bb10,canon-utils/analysis/src/emit.rs,8,24
2398,CALL_SITE,emit::_::<impl errors::_::_serde::Serialize for emit::OutputConfig>::serialize::bb10::call6,canon-utils/analysis/src/emit.rs,8,24
2399,BASIC_BLOCK,emit::_::<impl errors::_::_serde::Serialize for emit::OutputConfig>::serialize::bb11,canon-utils/analysis/src/emit.rs,8,32
2400,BASIC_BLOCK,emit::_::<impl errors::_::_serde::Serialize for emit::OutputConfig>::serialize::bb12,canon-utils/analysis/src/emit.rs,8,32
2401,BASIC_BLOCK,emit::_::<impl errors::_::_serde::Serialize for emit::OutputConfig>::serialize::bb13,canon-utils/analysis/src/emit.rs,8,32
2402,BASIC_BLOCK,emit::_::<impl errors::_::_serde::Serialize for emit::OutputConfig>::serialize::bb14,canon-utils/analysis/src/emit.rs,8,33
2403,BASIC_BLOCK,emit::_::<impl errors::_::_serde::Serialize for emit::OutputConfig>::serialize::bb15,canon-utils/analysis/src/emit.rs,8,24
2404,BASIC_BLOCK,emit::_::<impl errors::_::_serde::Serialize for emit::OutputConfig>::serialize::bb16,canon-utils/analysis/src/emit.rs,8,32
2405,BASIC_BLOCK,emit::_::<impl errors::_::_serde::Serialize for emit::OutputConfig>::serialize::bb17,canon-utils/analysis/src/emit.rs,8,32
2406,BASIC_BLOCK,emit::_::<impl errors::_::_serde::Serialize for emit::OutputConfig>::serialize::bb18,canon-utils/analysis/src/emit.rs,8,32
2407,BASIC_BLOCK,emit::_::<impl errors::_::_serde::Serialize for emit::OutputConfig>::serialize::bb19,canon-utils/analysis/src/emit.rs,8,32
2408,CALL_SITE,emit::_::<impl errors::_::_serde::Serialize for emit::OutputConfig>::serialize::bb1::call0,canon-utils/analysis/src/emit.rs,8,24
2409,BASIC_BLOCK,emit::_::<impl errors::_::_serde::Serialize for emit::OutputConfig>::serialize::bb2,canon-utils/analysis/src/emit.rs,8,24
2410,CALL_SITE,emit::_::<impl errors::_::_serde::Serialize for emit::OutputConfig>::serialize::bb2::call1,canon-utils/analysis/src/emit.rs,8,24
2411,BASIC_BLOCK,emit::_::<impl errors::_::_serde::Serialize for emit::OutputConfig>::serialize::bb3,canon-utils/analysis/src/emit.rs,8,24
2412,BASIC_BLOCK,emit::_::<impl errors::_::_serde::Serialize for emit::OutputConfig>::serialize::bb4,canon-utils/analysis/src/lib.rs,1,1
2413,BASIC_BLOCK,emit::_::<impl errors::_::_serde::Serialize for emit::OutputConfig>::serialize::bb5,canon-utils/analysis/src/emit.rs,8,24
2414,CALL_SITE,emit::_::<impl errors::_::_serde::Serialize for emit::OutputConfig>::serialize::bb5::call2,canon-utils/analysis/src/emit.rs,8,24
2415,BASIC_BLOCK,emit::_::<impl errors::_::_serde::Serialize for emit::OutputConfig>::serialize::bb6,canon-utils/analysis/src/emit.rs,8,24
2416,CALL_SITE,emit::_::<impl errors::_::_serde::Serialize for emit::OutputConfig>::serialize::bb6::call3,canon-utils/analysis/src/emit.rs,8,24
2417,BASIC_BLOCK,emit::_::<impl errors::_::_serde::Serialize for emit::OutputConfig>::serialize::bb7,canon-utils/analysis/src/emit.rs,8,24
2418,CALL_SITE,emit::_::<impl errors::_::_serde::Serialize for emit::OutputConfig>::serialize::bb7::call4,canon-utils/analysis/src/emit.rs,8,24
2419,BASIC_BLOCK,emit::_::<impl errors::_::_serde::Serialize for emit::OutputConfig>::serialize::bb8,canon-utils/analysis/src/emit.rs,8,24
2420,BASIC_BLOCK,emit::_::<impl errors::_::_serde::Serialize for emit::OutputConfig>::serialize::bb9,canon-utils/analysis/src/emit.rs,8,24
2421,CALL_SITE,emit::_::<impl errors::_::_serde::Serialize for emit::OutputConfig>::serialize::bb9::call5,canon-utils/analysis/src/emit.rs,8,24
2422,METHOD,emit::_::<impl errors::_::_serde::Serialize for emit::OutputConfig>::serialize::fn,canon-utils/analysis/src/emit.rs,8,24
2423,PARAM,emit::_::<impl errors::_::_serde::Serialize for emit::OutputConfig>::serialize::param0,canon-utils/analysis/src/emit.rs,8,24
2424,PARAM,emit::_::<impl errors::_::_serde::Serialize for emit::OutputConfig>::serialize::param1,canon-utils/analysis/src/emit.rs,8,24
2425,BASIC_BLOCK,emit::_::bb0,canon-utils/analysis/src/emit.rs,8,24
2426,BASIC_BLOCK,emit::_::bb0,canon-utils/analysis/src/emit.rs,8,35
2427,BASIC_BLOCK,emit::edge_kind_str::bb0,canon-utils/analysis/src/emit.rs,83,5
2428,BASIC_BLOCK,emit::edge_kind_str::bb1,canon-utils/analysis/src/emit.rs,83,11
2429,BASIC_BLOCK,emit::edge_kind_str::bb10,canon-utils/analysis/src/emit.rs,93,47
2430,BASIC_BLOCK,emit::edge_kind_str::bb11,canon-utils/analysis/src/emit.rs,92,43
2431,BASIC_BLOCK,emit::edge_kind_str::bb12,canon-utils/analysis/src/emit.rs,91,43
2432,BASIC_BLOCK,emit::edge_kind_str::bb13,canon-utils/analysis/src/emit.rs,90,41
2433,BASIC_BLOCK,emit::edge_kind_str::bb14,canon-utils/analysis/src/emit.rs,89,41
2434,BASIC_BLOCK,emit::edge_kind_str::bb15,canon-utils/analysis/src/emit.rs,88,44
2435,BASIC_BLOCK,emit::edge_kind_str::bb16,canon-utils/analysis/src/emit.rs,87,45
2436,BASIC_BLOCK,emit::edge_kind_str::bb17,canon-utils/analysis/src/emit.rs,86,45
2437,BASIC_BLOCK,emit::edge_kind_str::bb18,canon-utils/analysis/src/emit.rs,85,46
2438,BASIC_BLOCK,emit::edge_kind_str::bb19,canon-utils/analysis/src/emit.rs,84,45
2439,BASIC_BLOCK,emit::edge_kind_str::bb2,canon-utils/analysis/src/emit.rs,101,49
2440,BASIC_BLOCK,emit::edge_kind_str::bb20,canon-utils/analysis/src/emit.rs,103,2
2441,BASIC_BLOCK,emit::edge_kind_str::bb3,canon-utils/analysis/src/emit.rs,100,52
2442,BASIC_BLOCK,emit::edge_kind_str::bb4,canon-utils/analysis/src/emit.rs,99,44
2443,BASIC_BLOCK,emit::edge_kind_str::bb5,canon-utils/analysis/src/emit.rs,98,47
2444,BASIC_BLOCK,emit::edge_kind_str::bb6,canon-utils/analysis/src/emit.rs,97,47
2445,BASIC_BLOCK,emit::edge_kind_str::bb7,canon-utils/analysis/src/emit.rs,96,43
2446,BASIC_BLOCK,emit::edge_kind_str::bb8,canon-utils/analysis/src/emit.rs,95,43
2447,BASIC_BLOCK,emit::edge_kind_str::bb9,canon-utils/analysis/src/emit.rs,94,45
2448,FUNCTION,emit::edge_kind_str::fn,canon-utils/analysis/src/emit.rs,82,1
2449,PARAM,emit::edge_kind_str::param0,canon-utils/analysis/src/emit.rs,82,18
2450,BASIC_BLOCK,emit::node_kind_str::bb0,canon-utils/analysis/src/emit.rs,64,5
2451,BASIC_BLOCK,emit::node_kind_str::bb1,canon-utils/analysis/src/emit.rs,64,11
2452,BASIC_BLOCK,emit::node_kind_str::bb10,canon-utils/analysis/src/emit.rs,70,41
2453,BASIC_BLOCK,emit::node_kind_str::bb11,canon-utils/analysis/src/emit.rs,69,42
2454,BASIC_BLOCK,emit::node_kind_str::bb12,canon-utils/analysis/src/emit.rs,68,41
2455,BASIC_BLOCK,emit::node_kind_str::bb13,canon-utils/analysis/src/emit.rs,67,43
2456,BASIC_BLOCK,emit::node_kind_str::bb14,canon-utils/analysis/src/emit.rs,66,43
2457,BASIC_BLOCK,emit::node_kind_str::bb15,canon-utils/analysis/src/emit.rs,65,45
2458,BASIC_BLOCK,emit::node_kind_str::bb16,canon-utils/analysis/src/emit.rs,80,2
2459,BASIC_BLOCK,emit::node_kind_str::bb2,canon-utils/analysis/src/emit.rs,78,42
2460,BASIC_BLOCK,emit::node_kind_str::bb3,canon-utils/analysis/src/emit.rs,77,45
2461,BASIC_BLOCK,emit::node_kind_str::bb4,canon-utils/analysis/src/emit.rs,76,47
2462,BASIC_BLOCK,emit::node_kind_str::bb5,canon-utils/analysis/src/emit.rs,75,41
2463,BASIC_BLOCK,emit::node_kind_str::bb6,canon-utils/analysis/src/emit.rs,74,43
2464,BASIC_BLOCK,emit::node_kind_str::bb7,canon-utils/analysis/src/emit.rs,73,45
2465,BASIC_BLOCK,emit::node_kind_str::bb8,canon-utils/analysis/src/emit.rs,72,42
2466,BASIC_BLOCK,emit::node_kind_str::bb9,canon-utils/analysis/src/emit.rs,71,42
2467,FUNCTION,emit::node_kind_str::fn,canon-utils/analysis/src/emit.rs,63,1
2468,PARAM,emit::node_kind_str::param0,canon-utils/analysis/src/emit.rs,63,18
2469,BASIC_BLOCK,emit::sanitize_csv_field::bb0,canon-utils/analysis/src/emit.rs,106,19
2470,CALL_SITE,emit::sanitize_csv_field::bb0::call0,canon-utils/analysis/src/emit.rs,106,19
2471,BASIC_BLOCK,emit::sanitize_csv_field::bb1,canon-utils/analysis/src/emit.rs,106,19
2472,BASIC_BLOCK,emit::sanitize_csv_field::bb10,canon-utils/analysis/src/emit.rs,107,5
2473,BASIC_BLOCK,emit::sanitize_csv_field::bb11,canon-utils/analysis/src/emit.rs,108,35
2474,BASIC_BLOCK,emit::sanitize_csv_field::bb12,canon-utils/analysis/src/emit.rs,111,2
2475,BASIC_BLOCK,emit::sanitize_csv_field::bb13,canon-utils/analysis/src/emit.rs,111,1
2476,BASIC_BLOCK,emit::sanitize_csv_field::bb14,canon-utils/analysis/src/emit.rs,106,60
2477,BASIC_BLOCK,emit::sanitize_csv_field::bb15,canon-utils/analysis/src/emit.rs,105,1
2478,CALL_SITE,emit::sanitize_csv_field::bb1::call1,canon-utils/analysis/src/emit.rs,106,19
2479,BASIC_BLOCK,emit::sanitize_csv_field::bb2,canon-utils/analysis/src/emit.rs,106,19
2480,CALL_SITE,emit::sanitize_csv_field::bb2::call2,canon-utils/analysis/src/emit.rs,106,19
2481,BASIC_BLOCK,emit::sanitize_csv_field::bb3,canon-utils/analysis/src/emit.rs,106,60
2482,BASIC_BLOCK,emit::sanitize_csv_field::bb4,canon-utils/analysis/src/emit.rs,107,8
2483,CALL_SITE,emit::sanitize_csv_field::bb4::call3,canon-utils/analysis/src/emit.rs,107,8
2484,BASIC_BLOCK,emit::sanitize_csv_field::bb5,canon-utils/analysis/src/emit.rs,107,8
2485,CALL_SITE,emit::sanitize_csv_field::bb5::call4,canon-utils/analysis/src/emit.rs,107,8
2486,BASIC_BLOCK,emit::sanitize_csv_field::bb6,canon-utils/analysis/src/emit.rs,107,8
2487,BASIC_BLOCK,emit::sanitize_csv_field::bb7,canon-utils/analysis/src/emit.rs,108,15
2488,CALL_SITE,emit::sanitize_csv_field::bb7::call5,canon-utils/analysis/src/emit.rs,108,15
2489,BASIC_BLOCK,emit::sanitize_csv_field::bb8,canon-utils/analysis/src/emit.rs,108,15
2490,CALL_SITE,emit::sanitize_csv_field::bb8::call6,canon-utils/analysis/src/emit.rs,108,15
2491,BASIC_BLOCK,emit::sanitize_csv_field::bb9,canon-utils/analysis/src/emit.rs,108,9
2492,FUNCTION,emit::sanitize_csv_field::fn,canon-utils/analysis/src/emit.rs,105,1
2493,PARAM,emit::sanitize_csv_field::param0,canon-utils/analysis/src/emit.rs,105,23
2494,BASIC_BLOCK,emit::write_bin_u32::bb0,canon-utils/analysis/src/emit.rs,156,20
2495,CALL_SITE,emit::write_bin_u32::bb0::call0,canon-utils/analysis/src/emit.rs,156,20
2496,BASIC_BLOCK,emit::write_bin_u32::bb1,canon-utils/analysis/src/emit.rs,156,20
2497,BASIC_BLOCK,emit::write_bin_u32::bb10,canon-utils/analysis/src/emit.rs,161,1
2498,BASIC_BLOCK,emit::write_bin_u32::bb11,canon-utils/analysis/src/emit.rs,158,9
2499,CALL_SITE,emit::write_bin_u32::bb11::call6,canon-utils/analysis/src/emit.rs,158,9
2500,BASIC_BLOCK,emit::write_bin_u32::bb12,canon-utils/analysis/src/emit.rs,158,9
2501,CALL_SITE,emit::write_bin_u32::bb12::call7,canon-utils/analysis/src/emit.rs,158,9
2502,BASIC_BLOCK,emit::write_bin_u32::bb13,canon-utils/analysis/src/emit.rs,158,9
2503,BASIC_BLOCK,emit::write_bin_u32::bb14,canon-utils/analysis/src/emit.rs,158,9
2504,CALL_SITE,emit::write_bin_u32::bb14::call8,canon-utils/analysis/src/emit.rs,158,9
2505,BASIC_BLOCK,emit::write_bin_u32::bb15,canon-utils/analysis/src/emit.rs,161,1
2506,BASIC_BLOCK,emit::write_bin_u32::bb16,canon-utils/analysis/src/emit.rs,161,2
2507,BASIC_BLOCK,emit::write_bin_u32::bb17,canon-utils/analysis/src/emit.rs,161,1
2508,BASIC_BLOCK,emit::write_bin_u32::bb18,canon-utils/analysis/src/emit.rs,155,1
2509,CALL_SITE,emit::write_bin_u32::bb1::call1,canon-utils/analysis/src/emit.rs,156,20
2510,BASIC_BLOCK,emit::write_bin_u32::bb2,canon-utils/analysis/src/emit.rs,156,20
2511,BASIC_BLOCK,emit::write_bin_u32::bb3,canon-utils/analysis/src/lib.rs,1,1
2512,BASIC_BLOCK,emit::write_bin_u32::bb4,canon-utils/analysis/src/emit.rs,157,19
2513,CALL_SITE,emit::write_bin_u32::bb4::call2,canon-utils/analysis/src/emit.rs,157,19
2514,BASIC_BLOCK,emit::write_bin_u32::bb5,canon-utils/analysis/src/emit.rs,156,20
2515,CALL_SITE,emit::write_bin_u32::bb5::call3,canon-utils/analysis/src/emit.rs,156,20
2516,BASIC_BLOCK,emit::write_bin_u32::bb6,canon-utils/analysis/src/emit.rs,157,5
2517,BASIC_BLOCK,emit::write_bin_u32::bb7,canon-utils/analysis/src/emit.rs,157,19
2518,CALL_SITE,emit::write_bin_u32::bb7::call4,canon-utils/analysis/src/emit.rs,157,19
2519,BASIC_BLOCK,emit::write_bin_u32::bb8,canon-utils/analysis/src/emit.rs,157,19
2520,BASIC_BLOCK,emit::write_bin_u32::bb9,canon-utils/analysis/src/emit.rs,158,25
2521,CALL_SITE,emit::write_bin_u32::bb9::call5,canon-utils/analysis/src/emit.rs,158,25
2522,FUNCTION,emit::write_bin_u32::fn,canon-utils/analysis/src/emit.rs,155,1
2523,PARAM,emit::write_bin_u32::param0,canon-utils/analysis/src/emit.rs,155,18
2524,PARAM,emit::write_bin_u32::param1,canon-utils/analysis/src/emit.rs,155,33
2525,BASIC_BLOCK,emit::write_edges_csv::bb0,canon-utils/analysis/src/emit.rs,48,16
2526,CALL_SITE,emit::write_edges_csv::bb0::call0,canon-utils/analysis/src/emit.rs,48,16
2527,BASIC_BLOCK,emit::write_edges_csv::bb1,canon-utils/analysis/src/emit.rs,49,20
2528,BASIC_BLOCK,emit::write_edges_csv::bb10,canon-utils/analysis/src/emit.rs,51,17
2529,CALL_SITE,emit::write_edges_csv::bb10::call7,canon-utils/analysis/src/emit.rs,51,17
2530,BASIC_BLOCK,emit::write_edges_csv::bb11,canon-utils/analysis/src/emit.rs,50,5
2531,CALL_SITE,emit::write_edges_csv::bb11::call8,canon-utils/analysis/src/emit.rs,50,5
2532,BASIC_BLOCK,emit::write_edges_csv::bb12,canon-utils/analysis/src/emit.rs,51,5
2533,BASIC_BLOCK,emit::write_edges_csv::bb13,canon-utils/analysis/src/emit.rs,51,17
2534,CALL_SITE,emit::write_edges_csv::bb13::call9,canon-utils/analysis/src/emit.rs,51,17
2535,BASIC_BLOCK,emit::write_edges_csv::bb14,canon-utils/analysis/src/emit.rs,51,17
2536,BASIC_BLOCK,emit::write_edges_csv::bb15,canon-utils/analysis/src/emit.rs,57,13
2537,CALL_SITE,emit::write_edges_csv::bb15::call10,canon-utils/analysis/src/emit.rs,57,13
2538,BASIC_BLOCK,emit::write_edges_csv::bb16,canon-utils/analysis/src/emit.rs,61,1
2539,BASIC_BLOCK,emit::write_edges_csv::bb17,canon-utils/analysis/src/emit.rs,54,14
2540,CALL_SITE,emit::write_edges_csv::bb17::call11,canon-utils/analysis/src/emit.rs,54,14
2541,BASIC_BLOCK,emit::write_edges_csv::bb18,canon-utils/analysis/src/emit.rs,54,17
2542,CALL_SITE,emit::write_edges_csv::bb18::call12,canon-utils/analysis/src/emit.rs,54,17
2543,BASIC_BLOCK,emit::write_edges_csv::bb19,canon-utils/analysis/src/emit.rs,54,20
2544,CALL_SITE,emit::write_edges_csv::bb19::call13,canon-utils/analysis/src/emit.rs,54,20
2545,CALL_SITE,emit::write_edges_csv::bb1::call1,canon-utils/analysis/src/emit.rs,49,20
2546,BASIC_BLOCK,emit::write_edges_csv::bb2,canon-utils/analysis/src/emit.rs,49,20
2547,BASIC_BLOCK,emit::write_edges_csv::bb20,/home/cicero-arch-omen/.rustup/toolchains/nightly-x86_64-unknown-linux-gnu/lib/rustlib/src/rust/library/core/src/macros/mod.rs,649,24
2548,CALL_SITE,emit::write_edges_csv::bb20::call14,/home/cicero-arch-omen/.rustup/toolchains/nightly-x86_64-unknown-linux-gnu/lib/rustlib/src/rust/library/core/src/macros/mod.rs,649,24
2549,BASIC_BLOCK,emit::write_edges_csv::bb21,/home/cicero-arch-omen/.rustup/toolchains/nightly-x86_64-unknown-linux-gnu/lib/rustlib/src/rust/library/core/src/macros/mod.rs,649,9
2550,CALL_SITE,emit::write_edges_csv::bb21::call15,/home/cicero-arch-omen/.rustup/toolchains/nightly-x86_64-unknown-linux-gnu/lib/rustlib/src/rust/library/core/src/macros/mod.rs,649,9
2551,BASIC_BLOCK,emit::write_edges_csv::bb22,canon-utils/analysis/src/emit.rs,52,9
2552,CALL_SITE,emit::write_edges_csv::bb22::call16,canon-utils/analysis/src/emit.rs,52,9
2553,BASIC_BLOCK,emit::write_edges_csv::bb23,canon-utils/analysis/src/emit.rs,52,9
2554,BASIC_BLOCK,emit::write_edges_csv::bb24,canon-utils/analysis/src/emit.rs,52,9
2555,CALL_SITE,emit::write_edges_csv::bb24::call17,canon-utils/analysis/src/emit.rs,52,9
2556,BASIC_BLOCK,emit::write_edges_csv::bb25,canon-utils/analysis/src/emit.rs,61,1
2557,BASIC_BLOCK,emit::write_edges_csv::bb26,canon-utils/analysis/src/emit.rs,61,2
2558,BASIC_BLOCK,emit::write_edges_csv::bb27,canon-utils/analysis/src/emit.rs,61,1
2559,BASIC_BLOCK,emit::write_edges_csv::bb28,canon-utils/analysis/src/emit.rs,47,1
2560,BASIC_BLOCK,emit::write_edges_csv::bb29,canon-utils/analysis/src/emit.rs,50,5
2561,CALL_SITE,emit::write_edges_csv::bb2::call2,canon-utils/analysis/src/emit.rs,49,20
2562,BASIC_BLOCK,emit::write_edges_csv::bb3,canon-utils/analysis/src/emit.rs,49,20
2563,BASIC_BLOCK,emit::write_edges_csv::bb30,canon-utils/analysis/src/emit.rs,52,9
2564,BASIC_BLOCK,emit::write_edges_csv::bb4,canon-utils/analysis/src/lib.rs,1,1
2565,BASIC_BLOCK,emit::write_edges_csv::bb5,/home/cicero-arch-omen/.rustup/toolchains/nightly-x86_64-unknown-linux-gnu/lib/rustlib/src/rust/library/core/src/macros/mod.rs,649,24
2566,CALL_SITE,emit::write_edges_csv::bb5::call3,/home/cicero-arch-omen/.rustup/toolchains/nightly-x86_64-unknown-linux-gnu/lib/rustlib/src/rust/library/core/src/macros/mod.rs,649,24
2567,BASIC_BLOCK,emit::write_edges_csv::bb6,canon-utils/analysis/src/emit.rs,49,20
2568,CALL_SITE,emit::write_edges_csv::bb6::call4,canon-utils/analysis/src/emit.rs,49,20
2569,BASIC_BLOCK,emit::write_edges_csv::bb7,/home/cicero-arch-omen/.rustup/toolchains/nightly-x86_64-unknown-linux-gnu/lib/rustlib/src/rust/library/core/src/macros/mod.rs,649,9
2570,CALL_SITE,emit::write_edges_csv::bb7::call5,/home/cicero-arch-omen/.rustup/toolchains/nightly-x86_64-unknown-linux-gnu/lib/rustlib/src/rust/library/core/src/macros/mod.rs,649,9
2571,BASIC_BLOCK,emit::write_edges_csv::bb8,canon-utils/analysis/src/emit.rs,50,5
2572,CALL_SITE,emit::write_edges_csv::bb8::call6,canon-utils/analysis/src/emit.rs,50,5
2573,BASIC_BLOCK,emit::write_edges_csv::bb9,canon-utils/analysis/src/emit.rs,50,5
2574,FUNCTION,emit::write_edges_csv::fn,canon-utils/analysis/src/emit.rs,47,1
2575,PARAM,emit::write_edges_csv::param0,canon-utils/analysis/src/emit.rs,47,20
2576,PARAM,emit::write_edges_csv::param1,canon-utils/analysis/src/emit.rs,47,39
2577,BASIC_BLOCK,emit::write_kinds::bb0,canon-utils/analysis/src/emit.rs,150,15
2578,CALL_SITE,emit::write_kinds::bb0::call0,canon-utils/analysis/src/emit.rs,150,15
2579,BASIC_BLOCK,emit::write_kinds::bb1,canon-utils/analysis/src/emit.rs,150,50
2580,BASIC_BLOCK,emit::write_kinds::bb10,canon-utils/analysis/src/emit.rs,151,5
2581,CALL_SITE,emit::write_kinds::bb10::call8,canon-utils/analysis/src/emit.rs,151,5
2582,BASIC_BLOCK,emit::write_kinds::bb11,canon-utils/analysis/src/emit.rs,151,5
2583,BASIC_BLOCK,emit::write_kinds::bb12,canon-utils/analysis/src/emit.rs,153,2
2584,BASIC_BLOCK,emit::write_kinds::bb13,canon-utils/analysis/src/emit.rs,151,5
2585,CALL_SITE,emit::write_kinds::bb13::call9,canon-utils/analysis/src/emit.rs,151,5
2586,BASIC_BLOCK,emit::write_kinds::bb14,canon-utils/analysis/src/emit.rs,153,2
2587,BASIC_BLOCK,emit::write_kinds::bb15,canon-utils/analysis/src/emit.rs,113,1
2588,BASIC_BLOCK,emit::write_kinds::bb16,canon-utils/analysis/src/emit.rs,151,71
2589,BASIC_BLOCK,emit::write_kinds::bb17,canon-utils/analysis/src/emit.rs,151,71
2590,BASIC_BLOCK,emit::write_kinds::bb18,canon-utils/analysis/src/emit.rs,150,71
2591,BASIC_BLOCK,emit::write_kinds::bb19,canon-utils/analysis/src/emit.rs,150,71
2592,CALL_SITE,emit::write_kinds::bb1::call1,canon-utils/analysis/src/emit.rs,150,50
2593,BASIC_BLOCK,emit::write_kinds::bb2,canon-utils/analysis/src/emit.rs,150,5
2594,CALL_SITE,emit::write_kinds::bb2::call2,canon-utils/analysis/src/emit.rs,150,5
2595,BASIC_BLOCK,emit::write_kinds::bb3,canon-utils/analysis/src/emit.rs,150,5
2596,CALL_SITE,emit::write_kinds::bb3::call3,canon-utils/analysis/src/emit.rs,150,5
2597,BASIC_BLOCK,emit::write_kinds::bb4,canon-utils/analysis/src/emit.rs,150,5
2598,BASIC_BLOCK,emit::write_kinds::bb5,canon-utils/analysis/src/lib.rs,1,1
2599,BASIC_BLOCK,emit::write_kinds::bb6,canon-utils/analysis/src/emit.rs,151,15
2600,CALL_SITE,emit::write_kinds::bb6::call4,canon-utils/analysis/src/emit.rs,151,15
2601,BASIC_BLOCK,emit::write_kinds::bb7,canon-utils/analysis/src/emit.rs,150,5
2602,CALL_SITE,emit::write_kinds::bb7::call5,canon-utils/analysis/src/emit.rs,150,5
2603,BASIC_BLOCK,emit::write_kinds::bb8,canon-utils/analysis/src/emit.rs,151,50
2604,CALL_SITE,emit::write_kinds::bb8::call6,canon-utils/analysis/src/emit.rs,151,50
2605,BASIC_BLOCK,emit::write_kinds::bb9,canon-utils/analysis/src/emit.rs,151,5
2606,CALL_SITE,emit::write_kinds::bb9::call7,canon-utils/analysis/src/emit.rs,151,5
2607,FUNCTION,emit::write_kinds::fn,canon-utils/analysis/src/emit.rs,113,1
2608,PARAM,emit::write_kinds::param0,canon-utils/analysis/src/emit.rs,113,16
2609,BASIC_BLOCK,emit::write_nodes_csv::bb0,canon-utils/analysis/src/emit.rs,27,16
2610,CALL_SITE,emit::write_nodes_csv::bb0::call0,canon-utils/analysis/src/emit.rs,27,16
2611,BASIC_BLOCK,emit::write_nodes_csv::bb1,canon-utils/analysis/src/emit.rs,28,20
2612,BASIC_BLOCK,emit::write_nodes_csv::bb10,canon-utils/analysis/src/emit.rs,30,17
2613,CALL_SITE,emit::write_nodes_csv::bb10::call7,canon-utils/analysis/src/emit.rs,30,17
2614,BASIC_BLOCK,emit::write_nodes_csv::bb11,canon-utils/analysis/src/emit.rs,29,5
2615,CALL_SITE,emit::write_nodes_csv::bb11::call8,canon-utils/analysis/src/emit.rs,29,5
2616,BASIC_BLOCK,emit::write_nodes_csv::bb12,canon-utils/analysis/src/emit.rs,30,5
2617,BASIC_BLOCK,emit::write_nodes_csv::bb13,canon-utils/analysis/src/emit.rs,30,17
2618,CALL_SITE,emit::write_nodes_csv::bb13::call9,canon-utils/analysis/src/emit.rs,30,17
2619,BASIC_BLOCK,emit::write_nodes_csv::bb14,canon-utils/analysis/src/emit.rs,30,17
2620,BASIC_BLOCK,emit::write_nodes_csv::bb15,canon-utils/analysis/src/emit.rs,31,41
2621,CALL_SITE,emit::write_nodes_csv::bb15::call10,canon-utils/analysis/src/emit.rs,31,41
2622,BASIC_BLOCK,emit::write_nodes_csv::bb16,canon-utils/analysis/src/emit.rs,45,1
2623,BASIC_BLOCK,emit::write_nodes_csv::bb17,canon-utils/analysis/src/emit.rs,31,22
2624,CALL_SITE,emit::write_nodes_csv::bb17::call11,canon-utils/analysis/src/emit.rs,31,22
2625,BASIC_BLOCK,emit::write_nodes_csv::bb18,canon-utils/analysis/src/emit.rs,32,45
2626,CALL_SITE,emit::write_nodes_csv::bb18::call12,canon-utils/analysis/src/emit.rs,32,45
2627,BASIC_BLOCK,emit::write_nodes_csv::bb19,canon-utils/analysis/src/emit.rs,32,26
2628,CALL_SITE,emit::write_nodes_csv::bb19::call13,canon-utils/analysis/src/emit.rs,32,26
2629,CALL_SITE,emit::write_nodes_csv::bb1::call1,canon-utils/analysis/src/emit.rs,28,20
2630,BASIC_BLOCK,emit::write_nodes_csv::bb2,canon-utils/analysis/src/emit.rs,28,20
2631,BASIC_BLOCK,emit::write_nodes_csv::bb20,canon-utils/analysis/src/emit.rs,37,13
2632,CALL_SITE,emit::write_nodes_csv::bb20::call14,canon-utils/analysis/src/emit.rs,37,13
2633,BASIC_BLOCK,emit::write_nodes_csv::bb21,canon-utils/analysis/src/emit.rs,35,14
2634,CALL_SITE,emit::write_nodes_csv::bb21::call15,canon-utils/analysis/src/emit.rs,35,14
2635,BASIC_BLOCK,emit::write_nodes_csv::bb22,canon-utils/analysis/src/emit.rs,35,17
2636,CALL_SITE,emit::write_nodes_csv::bb22::call16,canon-utils/analysis/src/emit.rs,35,17
2637,BASIC_BLOCK,emit::write_nodes_csv::bb23,canon-utils/analysis/src/emit.rs,35,20
2638,CALL_SITE,emit::write_nodes_csv::bb23::call17,canon-utils/analysis/src/emit.rs,35,20
2639,BASIC_BLOCK,emit::write_nodes_csv::bb24,canon-utils/analysis/src/emit.rs,35,23
2640,CALL_SITE,emit::write_nodes_csv::bb24::call18,canon-utils/analysis/src/emit.rs,35,23
2641,BASIC_BLOCK,emit::write_nodes_csv::bb25,canon-utils/analysis/src/emit.rs,35,26
2642,CALL_SITE,emit::write_nodes_csv::bb25::call19,canon-utils/analysis/src/emit.rs,35,26
2643,BASIC_BLOCK,emit::write_nodes_csv::bb26,canon-utils/analysis/src/emit.rs,35,29
2644,CALL_SITE,emit::write_nodes_csv::bb26::call20,canon-utils/analysis/src/emit.rs,35,29
2645,BASIC_BLOCK,emit::write_nodes_csv::bb27,/home/cicero-arch-omen/.rustup/toolchains/nightly-x86_64-unknown-linux-gnu/lib/rustlib/src/rust/library/core/src/macros/mod.rs,649,24
2646,CALL_SITE,emit::write_nodes_csv::bb27::call21,/home/cicero-arch-omen/.rustup/toolchains/nightly-x86_64-unknown-linux-gnu/lib/rustlib/src/rust/library/core/src/macros/mod.rs,649,24
2647,BASIC_BLOCK,emit::write_nodes_csv::bb28,/home/cicero-arch-omen/.rustup/toolchains/nightly-x86_64-unknown-linux-gnu/lib/rustlib/src/rust/library/core/src/macros/mod.rs,649,9
2648,CALL_SITE,emit::write_nodes_csv::bb28::call22,/home/cicero-arch-omen/.rustup/toolchains/nightly-x86_64-unknown-linux-gnu/lib/rustlib/src/rust/library/core/src/macros/mod.rs,649,9
2649,BASIC_BLOCK,emit::write_nodes_csv::bb29,canon-utils/analysis/src/emit.rs,33,9
2650,CALL_SITE,emit::write_nodes_csv::bb29::call23,canon-utils/analysis/src/emit.rs,33,9
2651,CALL_SITE,emit::write_nodes_csv::bb2::call2,canon-utils/analysis/src/emit.rs,28,20
2652,BASIC_BLOCK,emit::write_nodes_csv::bb3,canon-utils/analysis/src/emit.rs,28,20
2653,BASIC_BLOCK,emit::write_nodes_csv::bb30,canon-utils/analysis/src/emit.rs,33,9
2654,BASIC_BLOCK,emit::write_nodes_csv::bb31,canon-utils/analysis/src/emit.rs,43,5
2655,BASIC_BLOCK,emit::write_nodes_csv::bb32,canon-utils/analysis/src/emit.rs,33,9
2656,CALL_SITE,emit::write_nodes_csv::bb32::call24,canon-utils/analysis/src/emit.rs,33,9
2657,BASIC_BLOCK,emit::write_nodes_csv::bb33,canon-utils/analysis/src/emit.rs,43,5
2658,BASIC_BLOCK,emit::write_nodes_csv::bb34,canon-utils/analysis/src/emit.rs,43,5
2659,BASIC_BLOCK,emit::write_nodes_csv::bb35,canon-utils/analysis/src/emit.rs,43,5
2660,BASIC_BLOCK,emit::write_nodes_csv::bb36,canon-utils/analysis/src/emit.rs,45,1
2661,BASIC_BLOCK,emit::write_nodes_csv::bb37,canon-utils/analysis/src/emit.rs,45,2
2662,BASIC_BLOCK,emit::write_nodes_csv::bb38,canon-utils/analysis/src/emit.rs,43,5
2663,BASIC_BLOCK,emit::write_nodes_csv::bb39,canon-utils/analysis/src/emit.rs,43,5
2664,BASIC_BLOCK,emit::write_nodes_csv::bb4,canon-utils/analysis/src/lib.rs,1,1
2665,BASIC_BLOCK,emit::write_nodes_csv::bb40,canon-utils/analysis/src/emit.rs,45,1
2666,BASIC_BLOCK,emit::write_nodes_csv::bb41,canon-utils/analysis/src/emit.rs,26,1
2667,BASIC_BLOCK,emit::write_nodes_csv::bb42,canon-utils/analysis/src/emit.rs,29,5
2668,BASIC_BLOCK,emit::write_nodes_csv::bb5,/home/cicero-arch-omen/.rustup/toolchains/nightly-x86_64-unknown-linux-gnu/lib/rustlib/src/rust/library/core/src/macros/mod.rs,649,24
2669,CALL_SITE,emit::write_nodes_csv::bb5::call3,/home/cicero-arch-omen/.rustup/toolchains/nightly-x86_64-unknown-linux-gnu/lib/rustlib/src/rust/library/core/src/macros/mod.rs,649,24
2670,BASIC_BLOCK,emit::write_nodes_csv::bb6,canon-utils/analysis/src/emit.rs,28,20
2671,CALL_SITE,emit::write_nodes_csv::bb6::call4,canon-utils/analysis/src/emit.rs,28,20
2672,BASIC_BLOCK,emit::write_nodes_csv::bb7,/home/cicero-arch-omen/.rustup/toolchains/nightly-x86_64-unknown-linux-gnu/lib/rustlib/src/rust/library/core/src/macros/mod.rs,649,9
2673,CALL_SITE,emit::write_nodes_csv::bb7::call5,/home/cicero-arch-omen/.rustup/toolchains/nightly-x86_64-unknown-linux-gnu/lib/rustlib/src/rust/library/core/src/macros/mod.rs,649,9
2674,BASIC_BLOCK,emit::write_nodes_csv::bb8,canon-utils/analysis/src/emit.rs,29,5
2675,CALL_SITE,emit::write_nodes_csv::bb8::call6,canon-utils/analysis/src/emit.rs,29,5
2676,BASIC_BLOCK,emit::write_nodes_csv::bb9,canon-utils/analysis/src/emit.rs,29,5
2677,FUNCTION,emit::write_nodes_csv::fn,canon-utils/analysis/src/emit.rs,26,1
2678,PARAM,emit::write_nodes_csv::param0,canon-utils/analysis/src/emit.rs,26,20
2679,PARAM,emit::write_nodes_csv::param1,canon-utils/analysis/src/emit.rs,26,39
2680,BASIC_BLOCK,emit::write_outputs::bb0,canon-utils/analysis/src/emit.rs,14,5
2681,CALL_SITE,emit::write_outputs::bb0::call0,canon-utils/analysis/src/emit.rs,14,5
2682,BASIC_BLOCK,emit::write_outputs::bb1,canon-utils/analysis/src/emit.rs,14,5
2683,BASIC_BLOCK,emit::write_outputs::bb10,canon-utils/analysis/src/emit.rs,15,5
2684,CALL_SITE,emit::write_outputs::bb10::call7,canon-utils/analysis/src/emit.rs,15,5
2685,BASIC_BLOCK,emit::write_outputs::bb11,canon-utils/analysis/src/emit.rs,16,5
2686,CALL_SITE,emit::write_outputs::bb11::call8,canon-utils/analysis/src/emit.rs,16,5
2687,BASIC_BLOCK,emit::write_outputs::bb12,canon-utils/analysis/src/emit.rs,16,5
2688,CALL_SITE,emit::write_outputs::bb12::call9,canon-utils/analysis/src/emit.rs,16,5
2689,BASIC_BLOCK,emit::write_outputs::bb13,canon-utils/analysis/src/emit.rs,16,5
2690,BASIC_BLOCK,emit::write_outputs::bb14,canon-utils/analysis/src/emit.rs,17,5
2691,CALL_SITE,emit::write_outputs::bb14::call10,canon-utils/analysis/src/emit.rs,17,5
2692,BASIC_BLOCK,emit::write_outputs::bb15,canon-utils/analysis/src/emit.rs,16,5
2693,CALL_SITE,emit::write_outputs::bb15::call11,canon-utils/analysis/src/emit.rs,16,5
2694,BASIC_BLOCK,emit::write_outputs::bb16,canon-utils/analysis/src/emit.rs,17,5
2695,CALL_SITE,emit::write_outputs::bb16::call12,canon-utils/analysis/src/emit.rs,17,5
2696,BASIC_BLOCK,emit::write_outputs::bb17,canon-utils/analysis/src/emit.rs,17,5
2697,BASIC_BLOCK,emit::write_outputs::bb18,canon-utils/analysis/src/emit.rs,18,19
2698,CALL_SITE,emit::write_outputs::bb18::call13,canon-utils/analysis/src/emit.rs,18,19
2699,BASIC_BLOCK,emit::write_outputs::bb19,canon-utils/analysis/src/emit.rs,17,5
2700,CALL_SITE,emit::write_outputs::bb19::call14,canon-utils/analysis/src/emit.rs,17,5
2701,CALL_SITE,emit::write_outputs::bb1::call1,canon-utils/analysis/src/emit.rs,14,5
2702,BASIC_BLOCK,emit::write_outputs::bb2,canon-utils/analysis/src/emit.rs,14,5
2703,BASIC_BLOCK,emit::write_outputs::bb20,canon-utils/analysis/src/emit.rs,18,55
2704,CALL_SITE,emit::write_outputs::bb20::call15,canon-utils/analysis/src/emit.rs,18,55
2705,BASIC_BLOCK,emit::write_outputs::bb21,canon-utils/analysis/src/emit.rs,18,5
2706,CALL_SITE,emit::write_outputs::bb21::call16,canon-utils/analysis/src/emit.rs,18,5
2707,BASIC_BLOCK,emit::write_outputs::bb22,canon-utils/analysis/src/emit.rs,18,5
2708,CALL_SITE,emit::write_outputs::bb22::call17,canon-utils/analysis/src/emit.rs,18,5
2709,BASIC_BLOCK,emit::write_outputs::bb23,canon-utils/analysis/src/emit.rs,18,5
2710,BASIC_BLOCK,emit::write_outputs::bb24,canon-utils/analysis/src/emit.rs,19,19
2711,CALL_SITE,emit::write_outputs::bb24::call18,canon-utils/analysis/src/emit.rs,19,19
2712,BASIC_BLOCK,emit::write_outputs::bb25,canon-utils/analysis/src/emit.rs,18,5
2713,CALL_SITE,emit::write_outputs::bb25::call19,canon-utils/analysis/src/emit.rs,18,5
2714,BASIC_BLOCK,emit::write_outputs::bb26,canon-utils/analysis/src/emit.rs,19,55
2715,CALL_SITE,emit::write_outputs::bb26::call20,canon-utils/analysis/src/emit.rs,19,55
2716,BASIC_BLOCK,emit::write_outputs::bb27,canon-utils/analysis/src/emit.rs,19,5
2717,CALL_SITE,emit::write_outputs::bb27::call21,canon-utils/analysis/src/emit.rs,19,5
2718,BASIC_BLOCK,emit::write_outputs::bb28,canon-utils/analysis/src/emit.rs,19,5
2719,CALL_SITE,emit::write_outputs::bb28::call22,canon-utils/analysis/src/emit.rs,19,5
2720,BASIC_BLOCK,emit::write_outputs::bb29,canon-utils/analysis/src/emit.rs,19,5
2721,BASIC_BLOCK,emit::write_outputs::bb3,canon-utils/analysis/src/lib.rs,1,1
2722,BASIC_BLOCK,emit::write_outputs::bb30,canon-utils/analysis/src/emit.rs,20,25
2723,CALL_SITE,emit::write_outputs::bb30::call23,canon-utils/analysis/src/emit.rs,20,25
2724,BASIC_BLOCK,emit::write_outputs::bb31,canon-utils/analysis/src/emit.rs,19,5
2725,CALL_SITE,emit::write_outputs::bb31::call24,canon-utils/analysis/src/emit.rs,19,5
2726,BASIC_BLOCK,emit::write_outputs::bb32,canon-utils/analysis/src/emit.rs,21,16
2727,CALL_SITE,emit::write_outputs::bb32::call25,canon-utils/analysis/src/emit.rs,21,16
2728,BASIC_BLOCK,emit::write_outputs::bb33,canon-utils/analysis/src/emit.rs,21,16
2729,CALL_SITE,emit::write_outputs::bb33::call26,canon-utils/analysis/src/emit.rs,21,16
2730,BASIC_BLOCK,emit::write_outputs::bb34,canon-utils/analysis/src/emit.rs,21,16
2731,BASIC_BLOCK,emit::write_outputs::bb35,canon-utils/analysis/src/emit.rs,22,5
2732,CALL_SITE,emit::write_outputs::bb35::call27,canon-utils/analysis/src/emit.rs,22,5
2733,BASIC_BLOCK,emit::write_outputs::bb36,canon-utils/analysis/src/emit.rs,21,16
2734,CALL_SITE,emit::write_outputs::bb36::call28,canon-utils/analysis/src/emit.rs,21,16
2735,BASIC_BLOCK,emit::write_outputs::bb37,canon-utils/analysis/src/lib.rs,1,1
2736,BASIC_BLOCK,emit::write_outputs::bb38,canon-utils/analysis/src/emit.rs,22,5
2737,CALL_SITE,emit::write_outputs::bb38::call29,canon-utils/analysis/src/emit.rs,22,5
2738,BASIC_BLOCK,emit::write_outputs::bb39,canon-utils/analysis/src/emit.rs,24,2
2739,BASIC_BLOCK,emit::write_outputs::bb4,canon-utils/analysis/src/emit.rs,15,33
2740,BASIC_BLOCK,emit::write_outputs::bb40,canon-utils/analysis/src/emit.rs,24,2
2741,BASIC_BLOCK,emit::write_outputs::bb41,canon-utils/analysis/src/emit.rs,13,1
2742,BASIC_BLOCK,emit::write_outputs::bb42,canon-utils/analysis/src/emit.rs,24,1
2743,BASIC_BLOCK,emit::write_outputs::bb43,canon-utils/analysis/src/emit.rs,24,1
2744,BASIC_BLOCK,emit::write_outputs::bb44,canon-utils/analysis/src/emit.rs,19,73
2745,BASIC_BLOCK,emit::write_outputs::bb45,canon-utils/analysis/src/emit.rs,19,73
2746,BASIC_BLOCK,emit::write_outputs::bb46,canon-utils/analysis/src/emit.rs,18,73
2747,BASIC_BLOCK,emit::write_outputs::bb47,canon-utils/analysis/src/emit.rs,18,73
2748,CALL_SITE,emit::write_outputs::bb4::call2,canon-utils/analysis/src/emit.rs,15,33
2749,BASIC_BLOCK,emit::write_outputs::bb5,canon-utils/analysis/src/emit.rs,14,5
2750,CALL_SITE,emit::write_outputs::bb5::call3,canon-utils/analysis/src/emit.rs,14,5
2751,BASIC_BLOCK,emit::write_outputs::bb6,canon-utils/analysis/src/emit.rs,15,5
2752,CALL_SITE,emit::write_outputs::bb6::call4,canon-utils/analysis/src/emit.rs,15,5
2753,BASIC_BLOCK,emit::write_outputs::bb7,canon-utils/analysis/src/emit.rs,15,5
2754,CALL_SITE,emit::write_outputs::bb7::call5,canon-utils/analysis/src/emit.rs,15,5
2755,BASIC_BLOCK,emit::write_outputs::bb8,canon-utils/analysis/src/emit.rs,15,5
2756,BASIC_BLOCK,emit::write_outputs::bb9,canon-utils/analysis/src/emit.rs,16,33
2757,CALL_SITE,emit::write_outputs::bb9::call6,canon-utils/analysis/src/emit.rs,16,33
2758,FUNCTION,emit::write_outputs::fn,canon-utils/analysis/src/emit.rs,13,1
2759,PARAM,emit::write_outputs::param0,canon-utils/analysis/src/emit.rs,13,22
2760,PARAM,emit::write_outputs::param1,canon-utils/analysis/src/emit.rs,13,56
2761,MODULE,errors,canon-utils/analysis/src/lib.rs,8,1
2762,STRUCT,errors::ErrorPayload,canon-utils/analysis/src/errors.rs,12,1
2763,FIELD,errors::ErrorPayload::errors,canon-utils/analysis/src/errors.rs,12,1
2764,STRUCT,errors::ErrorSpan,canon-utils/analysis/src/errors.rs,168,1
2765,FIELD,errors::ErrorSpan::col_end,canon-utils/analysis/src/errors.rs,168,1
2766,FIELD,errors::ErrorSpan::col_start,canon-utils/analysis/src/errors.rs,168,1
2767,FIELD,errors::ErrorSpan::file,canon-utils/analysis/src/errors.rs,168,1
2768,FIELD,errors::ErrorSpan::line_end,canon-utils/analysis/src/errors.rs,168,1
2769,FIELD,errors::ErrorSpan::line_start,canon-utils/analysis/src/errors.rs,168,1
2770,STRUCT,errors::RepairSurfaceEntry,canon-utils/analysis/src/errors.rs,17,1
2771,FIELD,errors::RepairSurfaceEntry::error_count,canon-utils/analysis/src/errors.rs,17,1
2772,FIELD,errors::RepairSurfaceEntry::file,canon-utils/analysis/src/errors.rs,17,1
2773,FIELD,errors::RepairSurfaceEntry::line,canon-utils/analysis/src/errors.rs,17,1
2774,FIELD,errors::RepairSurfaceEntry::node_id,canon-utils/analysis/src/errors.rs,17,1
2775,FIELD,errors::RepairSurfaceEntry::symbol,canon-utils/analysis/src/errors.rs,17,1
2776,BASIC_BLOCK,errors::_::<impl errors::_::_serde::Deserialize<'de> for errors::ErrorPayload>::deserialize::FIELDS::bb0,canon-utils/analysis/src/errors.rs,11,17
2777,ENUM,errors::_::<impl errors::_::_serde::Deserialize<'de> for errors::ErrorPayload>::deserialize::__Field,canon-utils/analysis/src/errors.rs,11,17
2778,STRUCT,errors::_::<impl errors::_::_serde::Deserialize<'de> for errors::ErrorPayload>::deserialize::__FieldVisitor,canon-utils/analysis/src/errors.rs,11,17
2779,STRUCT,errors::_::<impl errors::_::_serde::Deserialize<'de> for errors::ErrorPayload>::deserialize::__Visitor,canon-utils/analysis/src/errors.rs,11,17
2780,FIELD,errors::_::<impl errors::_::_serde::Deserialize<'de> for errors::ErrorPayload>::deserialize::__Visitor::lifetime,canon-utils/analysis/src/errors.rs,11,17
2781,FIELD,errors::_::<impl errors::_::_serde::Deserialize<'de> for errors::ErrorPayload>::deserialize::__Visitor::marker,canon-utils/analysis/src/errors.rs,11,17
2782,BASIC_BLOCK,errors::_::<impl errors::_::_serde::Deserialize<'de> for errors::ErrorPayload>::deserialize::bb0,canon-utils/analysis/src/errors.rs,11,17
2783,CALL_SITE,errors::_::<impl errors::_::_serde::Deserialize<'de> for errors::ErrorPayload>::deserialize::bb0::call0,canon-utils/analysis/src/errors.rs,11,17
2784,BASIC_BLOCK,errors::_::<impl errors::_::_serde::Deserialize<'de> for errors::ErrorPayload>::deserialize::bb1,canon-utils/analysis/src/errors.rs,11,28
2785,METHOD,errors::_::<impl errors::_::_serde::Deserialize<'de> for errors::ErrorPayload>::deserialize::fn,canon-utils/analysis/src/errors.rs,11,17
2786,PARAM,errors::_::<impl errors::_::_serde::Deserialize<'de> for errors::ErrorPayload>::deserialize::param0,canon-utils/analysis/src/errors.rs,11,17
2787,BASIC_BLOCK,errors::_::<impl errors::_::_serde::Serialize for errors::RepairSurfaceEntry>::serialize::bb0,canon-utils/analysis/src/errors.rs,16,24
2788,BASIC_BLOCK,errors::_::<impl errors::_::_serde::Serialize for errors::RepairSurfaceEntry>::serialize::bb1,canon-utils/analysis/src/errors.rs,16,24
2789,BASIC_BLOCK,errors::_::<impl errors::_::_serde::Serialize for errors::RepairSurfaceEntry>::serialize::bb10,canon-utils/analysis/src/errors.rs,16,24
2790,CALL_SITE,errors::_::<impl errors::_::_serde::Serialize for errors::RepairSurfaceEntry>::serialize::bb10::call3,canon-utils/analysis/src/errors.rs,16,24
2791,BASIC_BLOCK,errors::_::<impl errors::_::_serde::Serialize for errors::RepairSurfaceEntry>::serialize::bb11,canon-utils/analysis/src/errors.rs,16,24
2792,CALL_SITE,errors::_::<impl errors::_::_serde::Serialize for errors::RepairSurfaceEntry>::serialize::bb11::call4,canon-utils/analysis/src/errors.rs,16,24
2793,BASIC_BLOCK,errors::_::<impl errors::_::_serde::Serialize for errors::RepairSurfaceEntry>::serialize::bb12,canon-utils/analysis/src/errors.rs,16,24
2794,BASIC_BLOCK,errors::_::<impl errors::_::_serde::Serialize for errors::RepairSurfaceEntry>::serialize::bb13,canon-utils/analysis/src/errors.rs,16,24
2795,CALL_SITE,errors::_::<impl errors::_::_serde::Serialize for errors::RepairSurfaceEntry>::serialize::bb13::call5,canon-utils/analysis/src/errors.rs,16,24
2796,BASIC_BLOCK,errors::_::<impl errors::_::_serde::Serialize for errors::RepairSurfaceEntry>::serialize::bb14,canon-utils/analysis/src/errors.rs,16,24
2797,CALL_SITE,errors::_::<impl errors::_::_serde::Serialize for errors::RepairSurfaceEntry>::serialize::bb14::call6,canon-utils/analysis/src/errors.rs,16,24
2798,BASIC_BLOCK,errors::_::<impl errors::_::_serde::Serialize for errors::RepairSurfaceEntry>::serialize::bb15,canon-utils/analysis/src/errors.rs,16,24
2799,CALL_SITE,errors::_::<impl errors::_::_serde::Serialize for errors::RepairSurfaceEntry>::serialize::bb15::call7,canon-utils/analysis/src/errors.rs,16,24
2800,BASIC_BLOCK,errors::_::<impl errors::_::_serde::Serialize for errors::RepairSurfaceEntry>::serialize::bb16,canon-utils/analysis/src/errors.rs,16,24
2801,BASIC_BLOCK,errors::_::<impl errors::_::_serde::Serialize for errors::RepairSurfaceEntry>::serialize::bb17,canon-utils/analysis/src/errors.rs,16,24
2802,CALL_SITE,errors::_::<impl errors::_::_serde::Serialize for errors::RepairSurfaceEntry>::serialize::bb17::call8,canon-utils/analysis/src/errors.rs,16,24
2803,BASIC_BLOCK,errors::_::<impl errors::_::_serde::Serialize for errors::RepairSurfaceEntry>::serialize::bb18,canon-utils/analysis/src/errors.rs,16,24
2804,CALL_SITE,errors::_::<impl errors::_::_serde::Serialize for errors::RepairSurfaceEntry>::serialize::bb18::call9,canon-utils/analysis/src/errors.rs,16,24
2805,BASIC_BLOCK,errors::_::<impl errors::_::_serde::Serialize for errors::RepairSurfaceEntry>::serialize::bb19,canon-utils/analysis/src/errors.rs,16,24
2806,CALL_SITE,errors::_::<impl errors::_::_serde::Serialize for errors::RepairSurfaceEntry>::serialize::bb19::call10,canon-utils/analysis/src/errors.rs,16,24
2807,BASIC_BLOCK,errors::_::<impl errors::_::_serde::Serialize for errors::RepairSurfaceEntry>::serialize::bb2,canon-utils/analysis/src/errors.rs,16,24
2808,BASIC_BLOCK,errors::_::<impl errors::_::_serde::Serialize for errors::RepairSurfaceEntry>::serialize::bb20,canon-utils/analysis/src/errors.rs,16,24
2809,BASIC_BLOCK,errors::_::<impl errors::_::_serde::Serialize for errors::RepairSurfaceEntry>::serialize::bb21,canon-utils/analysis/src/errors.rs,16,24
2810,CALL_SITE,errors::_::<impl errors::_::_serde::Serialize for errors::RepairSurfaceEntry>::serialize::bb21::call11,canon-utils/analysis/src/errors.rs,16,24
2811,BASIC_BLOCK,errors::_::<impl errors::_::_serde::Serialize for errors::RepairSurfaceEntry>::serialize::bb22,canon-utils/analysis/src/errors.rs,16,24
2812,CALL_SITE,errors::_::<impl errors::_::_serde::Serialize for errors::RepairSurfaceEntry>::serialize::bb22::call12,canon-utils/analysis/src/errors.rs,16,24
2813,BASIC_BLOCK,errors::_::<impl errors::_::_serde::Serialize for errors::RepairSurfaceEntry>::serialize::bb23,canon-utils/analysis/src/errors.rs,16,24
2814,CALL_SITE,errors::_::<impl errors::_::_serde::Serialize for errors::RepairSurfaceEntry>::serialize::bb23::call13,canon-utils/analysis/src/errors.rs,16,24
2815,BASIC_BLOCK,errors::_::<impl errors::_::_serde::Serialize for errors::RepairSurfaceEntry>::serialize::bb24,canon-utils/analysis/src/errors.rs,16,24
2816,BASIC_BLOCK,errors::_::<impl errors::_::_serde::Serialize for errors::RepairSurfaceEntry>::serialize::bb25,canon-utils/analysis/src/errors.rs,16,24
2817,CALL_SITE,errors::_::<impl errors::_::_serde::Serialize for errors::RepairSurfaceEntry>::serialize::bb25::call14,canon-utils/analysis/src/errors.rs,16,24
2818,BASIC_BLOCK,errors::_::<impl errors::_::_serde::Serialize for errors::RepairSurfaceEntry>::serialize::bb26,canon-utils/analysis/src/errors.rs,16,24
2819,CALL_SITE,errors::_::<impl errors::_::_serde::Serialize for errors::RepairSurfaceEntry>::serialize::bb26::call15,canon-utils/analysis/src/errors.rs,16,24
2820,BASIC_BLOCK,errors::_::<impl errors::_::_serde::Serialize for errors::RepairSurfaceEntry>::serialize::bb27,canon-utils/analysis/src/errors.rs,16,24
2821,CALL_SITE,errors::_::<impl errors::_::_serde::Serialize for errors::RepairSurfaceEntry>::serialize::bb27::call16,canon-utils/analysis/src/errors.rs,16,24
2822,BASIC_BLOCK,errors::_::<impl errors::_::_serde::Serialize for errors::RepairSurfaceEntry>::serialize::bb28,canon-utils/analysis/src/errors.rs,16,24
2823,BASIC_BLOCK,errors::_::<impl errors::_::_serde::Serialize for errors::RepairSurfaceEntry>::serialize::bb29,canon-utils/analysis/src/errors.rs,16,24
2824,CALL_SITE,errors::_::<impl errors::_::_serde::Serialize for errors::RepairSurfaceEntry>::serialize::bb29::call17,canon-utils/analysis/src/errors.rs,16,24
2825,BASIC_BLOCK,errors::_::<impl errors::_::_serde::Serialize for errors::RepairSurfaceEntry>::serialize::bb3,canon-utils/analysis/src/errors.rs,16,24
2826,BASIC_BLOCK,errors::_::<impl errors::_::_serde::Serialize for errors::RepairSurfaceEntry>::serialize::bb30,canon-utils/analysis/src/errors.rs,16,24
2827,CALL_SITE,errors::_::<impl errors::_::_serde::Serialize for errors::RepairSurfaceEntry>::serialize::bb30::call18,canon-utils/analysis/src/errors.rs,16,24
2828,BASIC_BLOCK,errors::_::<impl errors::_::_serde::Serialize for errors::RepairSurfaceEntry>::serialize::bb31,canon-utils/analysis/src/errors.rs,16,39
2829,BASIC_BLOCK,errors::_::<impl errors::_::_serde::Serialize for errors::RepairSurfaceEntry>::serialize::bb32,canon-utils/analysis/src/errors.rs,16,39
2830,BASIC_BLOCK,errors::_::<impl errors::_::_serde::Serialize for errors::RepairSurfaceEntry>::serialize::bb33,canon-utils/analysis/src/errors.rs,16,39
2831,BASIC_BLOCK,errors::_::<impl errors::_::_serde::Serialize for errors::RepairSurfaceEntry>::serialize::bb34,canon-utils/analysis/src/errors.rs,16,40
2832,BASIC_BLOCK,errors::_::<impl errors::_::_serde::Serialize for errors::RepairSurfaceEntry>::serialize::bb35,canon-utils/analysis/src/errors.rs,16,24
2833,BASIC_BLOCK,errors::_::<impl errors::_::_serde::Serialize for errors::RepairSurfaceEntry>::serialize::bb36,canon-utils/analysis/src/errors.rs,16,39
2834,BASIC_BLOCK,errors::_::<impl errors::_::_serde::Serialize for errors::RepairSurfaceEntry>::serialize::bb37,canon-utils/analysis/src/errors.rs,16,39
2835,BASIC_BLOCK,errors::_::<impl errors::_::_serde::Serialize for errors::RepairSurfaceEntry>::serialize::bb38,canon-utils/analysis/src/errors.rs,16,39
2836,BASIC_BLOCK,errors::_::<impl errors::_::_serde::Serialize for errors::RepairSurfaceEntry>::serialize::bb39,canon-utils/analysis/src/errors.rs,16,39
2837,BASIC_BLOCK,errors::_::<impl errors::_::_serde::Serialize for errors::RepairSurfaceEntry>::serialize::bb4,canon-utils/analysis/src/errors.rs,16,24
2838,BASIC_BLOCK,errors::_::<impl errors::_::_serde::Serialize for errors::RepairSurfaceEntry>::serialize::bb40,canon-utils/analysis/src/errors.rs,16,24
2839,BASIC_BLOCK,errors::_::<impl errors::_::_serde::Serialize for errors::RepairSurfaceEntry>::serialize::bb41,canon-utils/analysis/src/errors.rs,16,24
2840,BASIC_BLOCK,errors::_::<impl errors::_::_serde::Serialize for errors::RepairSurfaceEntry>::serialize::bb42,canon-utils/analysis/src/errors.rs,16,24
2841,BASIC_BLOCK,errors::_::<impl errors::_::_serde::Serialize for errors::RepairSurfaceEntry>::serialize::bb43,canon-utils/analysis/src/errors.rs,16,24
2842,BASIC_BLOCK,errors::_::<impl errors::_::_serde::Serialize for errors::RepairSurfaceEntry>::serialize::bb44,canon-utils/analysis/src/errors.rs,16,24
2843,BASIC_BLOCK,errors::_::<impl errors::_::_serde::Serialize for errors::RepairSurfaceEntry>::serialize::bb5,canon-utils/analysis/src/errors.rs,16,24
2844,CALL_SITE,errors::_::<impl errors::_::_serde::Serialize for errors::RepairSurfaceEntry>::serialize::bb5::call0,canon-utils/analysis/src/errors.rs,16,24
2845,BASIC_BLOCK,errors::_::<impl errors::_::_serde::Serialize for errors::RepairSurfaceEntry>::serialize::bb6,canon-utils/analysis/src/errors.rs,16,24
2846,CALL_SITE,errors::_::<impl errors::_::_serde::Serialize for errors::RepairSurfaceEntry>::serialize::bb6::call1,canon-utils/analysis/src/errors.rs,16,24
2847,BASIC_BLOCK,errors::_::<impl errors::_::_serde::Serialize for errors::RepairSurfaceEntry>::serialize::bb7,canon-utils/analysis/src/errors.rs,16,24
2848,BASIC_BLOCK,errors::_::<impl errors::_::_serde::Serialize for errors::RepairSurfaceEntry>::serialize::bb8,canon-utils/analysis/src/lib.rs,1,1
2849,BASIC_BLOCK,errors::_::<impl errors::_::_serde::Serialize for errors::RepairSurfaceEntry>::serialize::bb9,canon-utils/analysis/src/errors.rs,16,24
2850,CALL_SITE,errors::_::<impl errors::_::_serde::Serialize for errors::RepairSurfaceEntry>::serialize::bb9::call2,canon-utils/analysis/src/errors.rs,16,24
2851,METHOD,errors::_::<impl errors::_::_serde::Serialize for errors::RepairSurfaceEntry>::serialize::fn,canon-utils/analysis/src/errors.rs,16,24
2852,PARAM,errors::_::<impl errors::_::_serde::Serialize for errors::RepairSurfaceEntry>::serialize::param0,canon-utils/analysis/src/errors.rs,16,24
2853,PARAM,errors::_::<impl errors::_::_serde::Serialize for errors::RepairSurfaceEntry>::serialize::param1,canon-utils/analysis/src/errors.rs,16,24
2854,BASIC_BLOCK,errors::_::bb0,canon-utils/analysis/src/errors.rs,11,17
2855,BASIC_BLOCK,errors::_::bb0,canon-utils/analysis/src/errors.rs,16,24
2856,BASIC_BLOCK,errors::augment_with_errors::bb0,canon-utils/analysis/src/errors.rs,26,9
2857,CALL_SITE,errors::augment_with_errors::bb0::call0,canon-utils/analysis/src/errors.rs,26,9
2858,BASIC_BLOCK,errors::augment_with_errors::bb1,canon-utils/analysis/src/errors.rs,26,9
2859,BASIC_BLOCK,errors::augment_with_errors::bb10,canon-utils/analysis/src/errors.rs,30,96
2860,BASIC_BLOCK,errors::augment_with_errors::bb100,canon-utils/analysis/src/errors.rs,106,13
2861,BASIC_BLOCK,errors::augment_with_errors::bb101,canon-utils/analysis/src/errors.rs,106,26
2862,CALL_SITE,errors::augment_with_errors::bb101::call78,canon-utils/analysis/src/errors.rs,106,26
2863,BASIC_BLOCK,errors::augment_with_errors::bb102,canon-utils/analysis/src/errors.rs,106,26
2864,BASIC_BLOCK,errors::augment_with_errors::bb103,canon-utils/analysis/src/errors.rs,107,17
2865,CALL_SITE,errors::augment_with_errors::bb103::call79,canon-utils/analysis/src/errors.rs,107,17
2866,BASIC_BLOCK,errors::augment_with_errors::bb104,canon-utils/analysis/src/errors.rs,108,13
2867,BASIC_BLOCK,errors::augment_with_errors::bb105,canon-utils/analysis/src/errors.rs,110,5
2868,BASIC_BLOCK,errors::augment_with_errors::bb106,canon-utils/analysis/src/errors.rs,110,5
2869,BASIC_BLOCK,errors::augment_with_errors::bb107,canon-utils/analysis/src/errors.rs,113,25
2870,CALL_SITE,errors::augment_with_errors::bb107::call80,canon-utils/analysis/src/errors.rs,113,25
2871,BASIC_BLOCK,errors::augment_with_errors::bb108,canon-utils/analysis/src/errors.rs,113,45
2872,CALL_SITE,errors::augment_with_errors::bb108::call81,canon-utils/analysis/src/errors.rs,113,45
2873,BASIC_BLOCK,errors::augment_with_errors::bb109,canon-utils/analysis/src/errors.rs,113,15
2874,CALL_SITE,errors::augment_with_errors::bb109::call82,canon-utils/analysis/src/errors.rs,113,15
2875,CALL_SITE,errors::augment_with_errors::bb10::call6,canon-utils/analysis/src/errors.rs,30,96
2876,BASIC_BLOCK,errors::augment_with_errors::bb11,canon-utils/analysis/src/errors.rs,30,32
2877,BASIC_BLOCK,errors::augment_with_errors::bb110,canon-utils/analysis/src/errors.rs,115,18
2878,CALL_SITE,errors::augment_with_errors::bb110::call83,canon-utils/analysis/src/errors.rs,115,18
2879,BASIC_BLOCK,errors::augment_with_errors::bb111,canon-utils/analysis/src/errors.rs,115,18
2880,CALL_SITE,errors::augment_with_errors::bb111::call84,canon-utils/analysis/src/errors.rs,115,18
2881,BASIC_BLOCK,errors::augment_with_errors::bb112,canon-utils/analysis/src/errors.rs,115,18
2882,CALL_SITE,errors::augment_with_errors::bb112::call85,canon-utils/analysis/src/errors.rs,115,18
2883,BASIC_BLOCK,errors::augment_with_errors::bb113,canon-utils/analysis/src/errors.rs,116,21
2884,CALL_SITE,errors::augment_with_errors::bb113::call86,canon-utils/analysis/src/errors.rs,116,21
2885,BASIC_BLOCK,errors::augment_with_errors::bb114,canon-utils/analysis/src/errors.rs,117,21
2886,CALL_SITE,errors::augment_with_errors::bb114::call87,canon-utils/analysis/src/errors.rs,117,21
2887,BASIC_BLOCK,errors::augment_with_errors::bb115,canon-utils/analysis/src/errors.rs,118,23
2888,CALL_SITE,errors::augment_with_errors::bb115::call88,canon-utils/analysis/src/errors.rs,118,23
2889,BASIC_BLOCK,errors::augment_with_errors::bb116,canon-utils/analysis/src/errors.rs,121,5
2890,CALL_SITE,errors::augment_with_errors::bb116::call89,canon-utils/analysis/src/errors.rs,121,5
2891,BASIC_BLOCK,errors::augment_with_errors::bb117,canon-utils/analysis/src/errors.rs,121,5
2892,CALL_SITE,errors::augment_with_errors::bb117::call90,canon-utils/analysis/src/errors.rs,121,5
2893,BASIC_BLOCK,errors::augment_with_errors::bb118,canon-utils/analysis/src/errors.rs,121,5
2894,BASIC_BLOCK,errors::augment_with_errors::bb119,canon-utils/analysis/src/errors.rs,123,19
2895,CALL_SITE,errors::augment_with_errors::bb119::call91,canon-utils/analysis/src/errors.rs,123,19
2896,CALL_SITE,errors::augment_with_errors::bb11::call7,canon-utils/analysis/src/errors.rs,30,32
2897,BASIC_BLOCK,errors::augment_with_errors::bb12,canon-utils/analysis/src/errors.rs,31,8
2898,BASIC_BLOCK,errors::augment_with_errors::bb120,canon-utils/analysis/src/errors.rs,121,5
2899,CALL_SITE,errors::augment_with_errors::bb120::call92,canon-utils/analysis/src/errors.rs,121,5
2900,BASIC_BLOCK,errors::augment_with_errors::bb121,canon-utils/analysis/src/errors.rs,124,38
2901,CALL_SITE,errors::augment_with_errors::bb121::call93,canon-utils/analysis/src/errors.rs,124,38
2902,BASIC_BLOCK,errors::augment_with_errors::bb122,canon-utils/analysis/src/errors.rs,124,5
2903,CALL_SITE,errors::augment_with_errors::bb122::call94,canon-utils/analysis/src/errors.rs,124,5
2904,BASIC_BLOCK,errors::augment_with_errors::bb123,canon-utils/analysis/src/errors.rs,124,5
2905,CALL_SITE,errors::augment_with_errors::bb123::call95,canon-utils/analysis/src/errors.rs,124,5
2906,BASIC_BLOCK,errors::augment_with_errors::bb124,canon-utils/analysis/src/errors.rs,124,5
2907,BASIC_BLOCK,errors::augment_with_errors::bb125,canon-utils/analysis/src/errors.rs,127,1
2908,BASIC_BLOCK,errors::augment_with_errors::bb126,canon-utils/analysis/src/errors.rs,124,5
2909,CALL_SITE,errors::augment_with_errors::bb126::call96,canon-utils/analysis/src/errors.rs,124,5
2910,BASIC_BLOCK,errors::augment_with_errors::bb127,canon-utils/analysis/src/errors.rs,127,1
2911,BASIC_BLOCK,errors::augment_with_errors::bb128,canon-utils/analysis/src/errors.rs,127,1
2912,BASIC_BLOCK,errors::augment_with_errors::bb129,canon-utils/analysis/src/errors.rs,127,1
2913,CALL_SITE,errors::augment_with_errors::bb12::call8,canon-utils/analysis/src/errors.rs,31,8
2914,BASIC_BLOCK,errors::augment_with_errors::bb13,canon-utils/analysis/src/errors.rs,31,8
2915,BASIC_BLOCK,errors::augment_with_errors::bb130,canon-utils/analysis/src/errors.rs,127,1
2916,BASIC_BLOCK,errors::augment_with_errors::bb131,canon-utils/analysis/src/errors.rs,127,1
2917,BASIC_BLOCK,errors::augment_with_errors::bb132,canon-utils/analysis/src/errors.rs,127,1
2918,BASIC_BLOCK,errors::augment_with_errors::bb133,canon-utils/analysis/src/errors.rs,127,1
2919,BASIC_BLOCK,errors::augment_with_errors::bb134,canon-utils/analysis/src/errors.rs,127,1
2920,BASIC_BLOCK,errors::augment_with_errors::bb135,canon-utils/analysis/src/errors.rs,127,1
2921,BASIC_BLOCK,errors::augment_with_errors::bb136,canon-utils/analysis/src/errors.rs,127,1
2922,BASIC_BLOCK,errors::augment_with_errors::bb137,canon-utils/analysis/src/lib.rs,1,1
2923,BASIC_BLOCK,errors::augment_with_errors::bb138,canon-utils/analysis/src/errors.rs,127,1
2924,BASIC_BLOCK,errors::augment_with_errors::bb139,canon-utils/analysis/src/errors.rs,127,1
2925,BASIC_BLOCK,errors::augment_with_errors::bb14,canon-utils/analysis/src/lib.rs,1,1
2926,BASIC_BLOCK,errors::augment_with_errors::bb140,canon-utils/analysis/src/errors.rs,127,2
2927,BASIC_BLOCK,errors::augment_with_errors::bb141,canon-utils/analysis/src/errors.rs,127,1
2928,BASIC_BLOCK,errors::augment_with_errors::bb142,canon-utils/analysis/src/errors.rs,127,1
2929,BASIC_BLOCK,errors::augment_with_errors::bb143,canon-utils/analysis/src/errors.rs,119,5
2930,BASIC_BLOCK,errors::augment_with_errors::bb144,canon-utils/analysis/src/errors.rs,108,13
2931,BASIC_BLOCK,errors::augment_with_errors::bb145,canon-utils/analysis/src/errors.rs,93,9
2932,BASIC_BLOCK,errors::augment_with_errors::bb146,canon-utils/analysis/src/errors.rs,110,5
2933,BASIC_BLOCK,errors::augment_with_errors::bb147,canon-utils/analysis/src/errors.rs,127,1
2934,BASIC_BLOCK,errors::augment_with_errors::bb148,canon-utils/analysis/src/errors.rs,127,1
2935,BASIC_BLOCK,errors::augment_with_errors::bb149,canon-utils/analysis/src/errors.rs,127,1
2936,BASIC_BLOCK,errors::augment_with_errors::bb15,canon-utils/analysis/src/errors.rs,35,36
2937,BASIC_BLOCK,errors::augment_with_errors::bb150,canon-utils/analysis/src/errors.rs,127,1
2938,BASIC_BLOCK,errors::augment_with_errors::bb151,canon-utils/analysis/src/errors.rs,25,1
2939,BASIC_BLOCK,errors::augment_with_errors::bb152,canon-utils/analysis/src/errors.rs,110,5
2940,BASIC_BLOCK,errors::augment_with_errors::bb153,canon-utils/analysis/src/errors.rs,127,1
2941,BASIC_BLOCK,errors::augment_with_errors::bb154,canon-utils/analysis/src/errors.rs,127,1
2942,BASIC_BLOCK,errors::augment_with_errors::bb155,canon-utils/analysis/src/errors.rs,127,1
2943,BASIC_BLOCK,errors::augment_with_errors::bb156,canon-utils/analysis/src/errors.rs,110,5
2944,BASIC_BLOCK,errors::augment_with_errors::bb157,canon-utils/analysis/src/errors.rs,110,5
2945,BASIC_BLOCK,errors::augment_with_errors::bb158,canon-utils/analysis/src/errors.rs,127,1
2946,BASIC_BLOCK,errors::augment_with_errors::bb159,canon-utils/analysis/src/errors.rs,127,1
2947,CALL_SITE,errors::augment_with_errors::bb15::call9,canon-utils/analysis/src/errors.rs,35,36
2948,BASIC_BLOCK,errors::augment_with_errors::bb16,canon-utils/analysis/src/errors.rs,35,21
2949,BASIC_BLOCK,errors::augment_with_errors::bb160,canon-utils/analysis/src/errors.rs,63,5
2950,BASIC_BLOCK,errors::augment_with_errors::bb161,canon-utils/analysis/src/errors.rs,63,5
2951,BASIC_BLOCK,errors::augment_with_errors::bb162,canon-utils/analysis/src/errors.rs,63,5
2952,BASIC_BLOCK,errors::augment_with_errors::bb163,canon-utils/analysis/src/errors.rs,63,5
2953,BASIC_BLOCK,errors::augment_with_errors::bb164,canon-utils/analysis/src/errors.rs,63,5
2954,BASIC_BLOCK,errors::augment_with_errors::bb165,canon-utils/analysis/src/errors.rs,63,5
2955,BASIC_BLOCK,errors::augment_with_errors::bb166,canon-utils/analysis/src/errors.rs,63,5
2956,BASIC_BLOCK,errors::augment_with_errors::bb167,canon-utils/analysis/src/errors.rs,127,1
2957,BASIC_BLOCK,errors::augment_with_errors::bb168,canon-utils/analysis/src/errors.rs,127,1
2958,BASIC_BLOCK,errors::augment_with_errors::bb169,canon-utils/analysis/src/errors.rs,127,1
2959,CALL_SITE,errors::augment_with_errors::bb16::call10,canon-utils/analysis/src/errors.rs,35,21
2960,BASIC_BLOCK,errors::augment_with_errors::bb17,canon-utils/analysis/src/errors.rs,35,21
2961,BASIC_BLOCK,errors::augment_with_errors::bb170,canon-utils/analysis/src/errors.rs,127,1
2962,BASIC_BLOCK,errors::augment_with_errors::bb171,canon-utils/analysis/src/errors.rs,30,108
2963,BASIC_BLOCK,errors::augment_with_errors::bb172,canon-utils/analysis/src/errors.rs,30,108
2964,BASIC_BLOCK,errors::augment_with_errors::bb173,canon-utils/analysis/src/errors.rs,35,21
2965,BASIC_BLOCK,errors::augment_with_errors::bb174,canon-utils/analysis/src/errors.rs,36,21
2966,BASIC_BLOCK,errors::augment_with_errors::bb175,canon-utils/analysis/src/errors.rs,61,13
2967,BASIC_BLOCK,errors::augment_with_errors::bb176,canon-utils/analysis/src/errors.rs,94,13
2968,BASIC_BLOCK,errors::augment_with_errors::bb177,canon-utils/analysis/src/errors.rs,99,13
2969,BASIC_BLOCK,errors::augment_with_errors::bb178,canon-utils/analysis/src/errors.rs,103,17
2970,BASIC_BLOCK,errors::augment_with_errors::bb179,canon-utils/analysis/src/errors.rs,107,17
2971,CALL_SITE,errors::augment_with_errors::bb17::call11,canon-utils/analysis/src/errors.rs,35,21
2972,BASIC_BLOCK,errors::augment_with_errors::bb18,canon-utils/analysis/src/errors.rs,35,21
2973,BASIC_BLOCK,errors::augment_with_errors::bb180,canon-utils/analysis/src/errors.rs,121,5
2974,BASIC_BLOCK,errors::augment_with_errors::bb19,canon-utils/analysis/src/errors.rs,36,36
2975,CALL_SITE,errors::augment_with_errors::bb19::call12,canon-utils/analysis/src/errors.rs,36,36
2976,BASIC_BLOCK,errors::augment_with_errors::bb2,canon-utils/analysis/src/errors.rs,29,19
2977,BASIC_BLOCK,errors::augment_with_errors::bb20,canon-utils/analysis/src/errors.rs,35,21
2978,CALL_SITE,errors::augment_with_errors::bb20::call13,canon-utils/analysis/src/errors.rs,35,21
2979,BASIC_BLOCK,errors::augment_with_errors::bb21,canon-utils/analysis/src/errors.rs,36,21
2980,CALL_SITE,errors::augment_with_errors::bb21::call14,canon-utils/analysis/src/errors.rs,36,21
2981,BASIC_BLOCK,errors::augment_with_errors::bb22,canon-utils/analysis/src/errors.rs,36,21
2982,CALL_SITE,errors::augment_with_errors::bb22::call15,canon-utils/analysis/src/errors.rs,36,21
2983,BASIC_BLOCK,errors::augment_with_errors::bb23,canon-utils/analysis/src/errors.rs,36,21
2984,BASIC_BLOCK,errors::augment_with_errors::bb24,canon-utils/analysis/src/errors.rs,38,23
2985,CALL_SITE,errors::augment_with_errors::bb24::call16,canon-utils/analysis/src/errors.rs,38,23
2986,BASIC_BLOCK,errors::augment_with_errors::bb25,canon-utils/analysis/src/errors.rs,36,21
2987,CALL_SITE,errors::augment_with_errors::bb25::call17,canon-utils/analysis/src/errors.rs,36,21
2988,BASIC_BLOCK,errors::augment_with_errors::bb26,canon-utils/analysis/src/errors.rs,38,23
2989,CALL_SITE,errors::augment_with_errors::bb26::call18,canon-utils/analysis/src/errors.rs,38,23
2990,BASIC_BLOCK,errors::augment_with_errors::bb27,canon-utils/analysis/src/errors.rs,38,23
2991,CALL_SITE,errors::augment_with_errors::bb27::call19,canon-utils/analysis/src/errors.rs,38,23
2992,BASIC_BLOCK,errors::augment_with_errors::bb28,canon-utils/analysis/src/errors.rs,38,23
2993,CALL_SITE,errors::augment_with_errors::bb28::call20,canon-utils/analysis/src/errors.rs,38,23
2994,BASIC_BLOCK,errors::augment_with_errors::bb29,canon-utils/analysis/src/errors.rs,38,23
2995,CALL_SITE,errors::augment_with_errors::bb29::call21,canon-utils/analysis/src/errors.rs,38,23
2996,CALL_SITE,errors::augment_with_errors::bb2::call1,canon-utils/analysis/src/errors.rs,29,19
2997,BASIC_BLOCK,errors::augment_with_errors::bb3,canon-utils/analysis/src/lib.rs,1,1
2998,BASIC_BLOCK,errors::augment_with_errors::bb30,canon-utils/analysis/src/errors.rs,38,23
2999,CALL_SITE,errors::augment_with_errors::bb30::call22,canon-utils/analysis/src/errors.rs,38,23
3000,BASIC_BLOCK,errors::augment_with_errors::bb31,canon-utils/analysis/src/errors.rs,39,51
3001,CALL_SITE,errors::augment_with_errors::bb31::call23,canon-utils/analysis/src/errors.rs,39,51
3002,BASIC_BLOCK,errors::augment_with_errors::bb32,canon-utils/analysis/src/errors.rs,40,56
3003,CALL_SITE,errors::augment_with_errors::bb32::call24,canon-utils/analysis/src/errors.rs,40,56
3004,BASIC_BLOCK,errors::augment_with_errors::bb33,canon-utils/analysis/src/errors.rs,42,23
3005,CALL_SITE,errors::augment_with_errors::bb33::call25,canon-utils/analysis/src/errors.rs,42,23
3006,BASIC_BLOCK,errors::augment_with_errors::bb34,canon-utils/analysis/src/errors.rs,42,23
3007,CALL_SITE,errors::augment_with_errors::bb34::call26,canon-utils/analysis/src/errors.rs,42,23
3008,BASIC_BLOCK,errors::augment_with_errors::bb35,canon-utils/analysis/src/errors.rs,42,23
3009,CALL_SITE,errors::augment_with_errors::bb35::call27,canon-utils/analysis/src/errors.rs,42,23
3010,BASIC_BLOCK,errors::augment_with_errors::bb36,canon-utils/analysis/src/errors.rs,42,23
3011,CALL_SITE,errors::augment_with_errors::bb36::call28,canon-utils/analysis/src/errors.rs,42,23
3012,BASIC_BLOCK,errors::augment_with_errors::bb37,canon-utils/analysis/src/errors.rs,42,5
3013,BASIC_BLOCK,errors::augment_with_errors::bb38,canon-utils/analysis/src/errors.rs,42,23
3014,CALL_SITE,errors::augment_with_errors::bb38::call29,canon-utils/analysis/src/errors.rs,42,23
3015,BASIC_BLOCK,errors::augment_with_errors::bb39,canon-utils/analysis/src/errors.rs,42,23
3016,BASIC_BLOCK,errors::augment_with_errors::bb4,canon-utils/analysis/src/errors.rs,29,19
3017,BASIC_BLOCK,errors::augment_with_errors::bb40,canon-utils/analysis/src/errors.rs,43,20
3018,CALL_SITE,errors::augment_with_errors::bb40::call30,canon-utils/analysis/src/errors.rs,43,20
3019,BASIC_BLOCK,errors::augment_with_errors::bb41,canon-utils/analysis/src/errors.rs,65,27
3020,CALL_SITE,errors::augment_with_errors::bb41::call31,canon-utils/analysis/src/errors.rs,65,27
3021,BASIC_BLOCK,errors::augment_with_errors::bb42,canon-utils/analysis/src/errors.rs,44,36
3022,CALL_SITE,errors::augment_with_errors::bb42::call32,canon-utils/analysis/src/errors.rs,44,36
3023,BASIC_BLOCK,errors::augment_with_errors::bb43,canon-utils/analysis/src/errors.rs,44,36
3024,CALL_SITE,errors::augment_with_errors::bb43::call33,canon-utils/analysis/src/errors.rs,44,36
3025,BASIC_BLOCK,errors::augment_with_errors::bb44,canon-utils/analysis/src/errors.rs,44,36
3026,CALL_SITE,errors::augment_with_errors::bb44::call34,canon-utils/analysis/src/errors.rs,44,36
3027,BASIC_BLOCK,errors::augment_with_errors::bb45,canon-utils/analysis/src/errors.rs,48,20
3028,CALL_SITE,errors::augment_with_errors::bb45::call35,canon-utils/analysis/src/errors.rs,48,20
3029,BASIC_BLOCK,errors::augment_with_errors::bb46,canon-utils/analysis/src/errors.rs,48,20
3030,CALL_SITE,errors::augment_with_errors::bb46::call36,canon-utils/analysis/src/errors.rs,48,20
3031,BASIC_BLOCK,errors::augment_with_errors::bb47,canon-utils/analysis/src/errors.rs,48,20
3032,CALL_SITE,errors::augment_with_errors::bb47::call37,canon-utils/analysis/src/errors.rs,48,20
3033,BASIC_BLOCK,errors::augment_with_errors::bb48,canon-utils/analysis/src/errors.rs,48,20
3034,CALL_SITE,errors::augment_with_errors::bb48::call38,canon-utils/analysis/src/errors.rs,48,20
3035,BASIC_BLOCK,errors::augment_with_errors::bb49,canon-utils/analysis/src/errors.rs,49,38
3036,CALL_SITE,errors::augment_with_errors::bb49::call39,canon-utils/analysis/src/errors.rs,49,38
3037,CALL_SITE,errors::augment_with_errors::bb4::call2,canon-utils/analysis/src/errors.rs,29,19
3038,BASIC_BLOCK,errors::augment_with_errors::bb5,canon-utils/analysis/src/errors.rs,29,19
3039,BASIC_BLOCK,errors::augment_with_errors::bb50,canon-utils/analysis/src/errors.rs,49,46
3040,CALL_SITE,errors::augment_with_errors::bb50::call40,canon-utils/analysis/src/errors.rs,49,46
3041,BASIC_BLOCK,errors::augment_with_errors::bb51,/home/cicero-arch-omen/.rustup/toolchains/nightly-x86_64-unknown-linux-gnu/lib/rustlib/src/rust/library/alloc/src/macros.rs,114,33
3042,CALL_SITE,errors::augment_with_errors::bb51::call41,/home/cicero-arch-omen/.rustup/toolchains/nightly-x86_64-unknown-linux-gnu/lib/rustlib/src/rust/library/alloc/src/macros.rs,114,33
3043,BASIC_BLOCK,errors::augment_with_errors::bb52,/home/cicero-arch-omen/.rustup/toolchains/nightly-x86_64-unknown-linux-gnu/lib/rustlib/src/rust/library/alloc/src/macros.rs,114,13
3044,CALL_SITE,errors::augment_with_errors::bb52::call42,/home/cicero-arch-omen/.rustup/toolchains/nightly-x86_64-unknown-linux-gnu/lib/rustlib/src/rust/library/alloc/src/macros.rs,114,13
3045,BASIC_BLOCK,errors::augment_with_errors::bb53,/home/cicero-arch-omen/.rustup/toolchains/nightly-x86_64-unknown-linux-gnu/lib/rustlib/src/rust/library/alloc/src/macros.rs,113,9
3046,CALL_SITE,errors::augment_with_errors::bb53::call43,/home/cicero-arch-omen/.rustup/toolchains/nightly-x86_64-unknown-linux-gnu/lib/rustlib/src/rust/library/alloc/src/macros.rs,113,9
3047,BASIC_BLOCK,errors::augment_with_errors::bb54,canon-utils/analysis/src/errors.rs,51,19
3048,CALL_SITE,errors::augment_with_errors::bb54::call44,canon-utils/analysis/src/errors.rs,51,19
3049,BASIC_BLOCK,errors::augment_with_errors::bb55,canon-utils/analysis/src/errors.rs,52,9
3050,CALL_SITE,errors::augment_with_errors::bb55::call45,canon-utils/analysis/src/errors.rs,52,9
3051,BASIC_BLOCK,errors::augment_with_errors::bb56,canon-utils/analysis/src/errors.rs,60,16
3052,BASIC_BLOCK,errors::augment_with_errors::bb57,canon-utils/analysis/src/errors.rs,61,13
3053,CALL_SITE,errors::augment_with_errors::bb57::call46,canon-utils/analysis/src/errors.rs,61,13
3054,BASIC_BLOCK,errors::augment_with_errors::bb58,canon-utils/analysis/src/errors.rs,42,5
3055,BASIC_BLOCK,errors::augment_with_errors::bb59,canon-utils/analysis/src/errors.rs,66,27
3056,CALL_SITE,errors::augment_with_errors::bb59::call47,canon-utils/analysis/src/errors.rs,66,27
3057,BASIC_BLOCK,errors::augment_with_errors::bb6,canon-utils/analysis/src/lib.rs,1,1
3058,BASIC_BLOCK,errors::augment_with_errors::bb60,canon-utils/analysis/src/errors.rs,66,5
3059,BASIC_BLOCK,errors::augment_with_errors::bb61,canon-utils/analysis/src/errors.rs,66,27
3060,CALL_SITE,errors::augment_with_errors::bb61::call48,canon-utils/analysis/src/errors.rs,66,27
3061,BASIC_BLOCK,errors::augment_with_errors::bb62,canon-utils/analysis/src/errors.rs,66,27
3062,BASIC_BLOCK,errors::augment_with_errors::bb63,canon-utils/analysis/src/errors.rs,67,55
3063,CALL_SITE,errors::augment_with_errors::bb63::call49,canon-utils/analysis/src/errors.rs,67,55
3064,BASIC_BLOCK,errors::augment_with_errors::bb64,canon-utils/analysis/src/errors.rs,111,5
3065,CALL_SITE,errors::augment_with_errors::bb64::call50,canon-utils/analysis/src/errors.rs,111,5
3066,BASIC_BLOCK,errors::augment_with_errors::bb65,canon-utils/analysis/src/errors.rs,67,36
3067,CALL_SITE,errors::augment_with_errors::bb65::call51,canon-utils/analysis/src/errors.rs,67,36
3068,BASIC_BLOCK,errors::augment_with_errors::bb66,canon-utils/analysis/src/errors.rs,68,52
3069,CALL_SITE,errors::augment_with_errors::bb66::call52,canon-utils/analysis/src/errors.rs,68,52
3070,BASIC_BLOCK,errors::augment_with_errors::bb67,canon-utils/analysis/src/errors.rs,68,33
3071,CALL_SITE,errors::augment_with_errors::bb67::call53,canon-utils/analysis/src/errors.rs,68,33
3072,BASIC_BLOCK,errors::augment_with_errors::bb68,canon-utils/analysis/src/errors.rs,68,9
3073,CALL_SITE,errors::augment_with_errors::bb68::call54,canon-utils/analysis/src/errors.rs,68,9
3074,BASIC_BLOCK,errors::augment_with_errors::bb69,canon-utils/analysis/src/errors.rs,70,30
3075,CALL_SITE,errors::augment_with_errors::bb69::call55,canon-utils/analysis/src/errors.rs,70,30
3076,BASIC_BLOCK,errors::augment_with_errors::bb7,canon-utils/analysis/src/errors.rs,30,53
3077,BASIC_BLOCK,errors::augment_with_errors::bb70,canon-utils/analysis/src/errors.rs,70,30
3078,BASIC_BLOCK,errors::augment_with_errors::bb71,canon-utils/analysis/src/errors.rs,71,43
3079,CALL_SITE,errors::augment_with_errors::bb71::call56,canon-utils/analysis/src/errors.rs,71,43
3080,BASIC_BLOCK,errors::augment_with_errors::bb72,canon-utils/analysis/src/errors.rs,71,28
3081,CALL_SITE,errors::augment_with_errors::bb72::call57,canon-utils/analysis/src/errors.rs,71,28
3082,BASIC_BLOCK,errors::augment_with_errors::bb73,canon-utils/analysis/src/errors.rs,72,45
3083,CALL_SITE,errors::augment_with_errors::bb73::call58,canon-utils/analysis/src/errors.rs,72,45
3084,BASIC_BLOCK,errors::augment_with_errors::bb74,canon-utils/analysis/src/errors.rs,72,27
3085,CALL_SITE,errors::augment_with_errors::bb74::call59,canon-utils/analysis/src/errors.rs,72,27
3086,BASIC_BLOCK,errors::augment_with_errors::bb75,canon-utils/analysis/src/errors.rs,72,27
3087,CALL_SITE,errors::augment_with_errors::bb75::call60,canon-utils/analysis/src/errors.rs,72,27
3088,BASIC_BLOCK,errors::augment_with_errors::bb76,canon-utils/analysis/src/errors.rs,72,27
3089,CALL_SITE,errors::augment_with_errors::bb76::call61,canon-utils/analysis/src/errors.rs,72,27
3090,BASIC_BLOCK,errors::augment_with_errors::bb77,canon-utils/analysis/src/errors.rs,75,16
3091,CALL_SITE,errors::augment_with_errors::bb77::call62,canon-utils/analysis/src/errors.rs,75,16
3092,BASIC_BLOCK,errors::augment_with_errors::bb78,canon-utils/analysis/src/errors.rs,75,16
3093,BASIC_BLOCK,errors::augment_with_errors::bb79,canon-utils/analysis/src/errors.rs,75,13
3094,CALL_SITE,errors::augment_with_errors::bb7::call3,canon-utils/analysis/src/errors.rs,30,53
3095,BASIC_BLOCK,errors::augment_with_errors::bb8,canon-utils/analysis/src/errors.rs,29,19
3096,BASIC_BLOCK,errors::augment_with_errors::bb80,canon-utils/analysis/src/errors.rs,78,58
3097,CALL_SITE,errors::augment_with_errors::bb80::call63,canon-utils/analysis/src/errors.rs,78,58
3098,BASIC_BLOCK,errors::augment_with_errors::bb81,canon-utils/analysis/src/errors.rs,78,34
3099,CALL_SITE,errors::augment_with_errors::bb81::call64,canon-utils/analysis/src/errors.rs,78,34
3100,BASIC_BLOCK,errors::augment_with_errors::bb82,canon-utils/analysis/src/errors.rs,78,34
3101,CALL_SITE,errors::augment_with_errors::bb82::call65,canon-utils/analysis/src/errors.rs,78,34
3102,BASIC_BLOCK,errors::augment_with_errors::bb83,canon-utils/analysis/src/errors.rs,75,13
3103,BASIC_BLOCK,errors::augment_with_errors::bb84,canon-utils/analysis/src/errors.rs,93,9
3104,BASIC_BLOCK,errors::augment_with_errors::bb85,canon-utils/analysis/src/errors.rs,94,13
3105,CALL_SITE,errors::augment_with_errors::bb85::call66,canon-utils/analysis/src/errors.rs,94,13
3106,BASIC_BLOCK,errors::augment_with_errors::bb86,canon-utils/analysis/src/errors.rs,94,13
3107,CALL_SITE,errors::augment_with_errors::bb86::call67,canon-utils/analysis/src/errors.rs,94,13
3108,BASIC_BLOCK,errors::augment_with_errors::bb87,canon-utils/analysis/src/errors.rs,94,13
3109,CALL_SITE,errors::augment_with_errors::bb87::call68,canon-utils/analysis/src/errors.rs,94,13
3110,BASIC_BLOCK,errors::augment_with_errors::bb88,canon-utils/analysis/src/errors.rs,94,13
3111,CALL_SITE,errors::augment_with_errors::bb88::call69,canon-utils/analysis/src/errors.rs,94,13
3112,BASIC_BLOCK,errors::augment_with_errors::bb89,canon-utils/analysis/src/errors.rs,97,48
3113,CALL_SITE,errors::augment_with_errors::bb89::call70,canon-utils/analysis/src/errors.rs,97,48
3114,CALL_SITE,errors::augment_with_errors::bb8::call4,canon-utils/analysis/src/errors.rs,29,19
3115,BASIC_BLOCK,errors::augment_with_errors::bb9,canon-utils/analysis/src/errors.rs,30,32
3116,BASIC_BLOCK,errors::augment_with_errors::bb90,canon-utils/analysis/src/errors.rs,97,29
3117,CALL_SITE,errors::augment_with_errors::bb90::call71,canon-utils/analysis/src/errors.rs,97,29
3118,BASIC_BLOCK,errors::augment_with_errors::bb91,canon-utils/analysis/src/errors.rs,98,16
3119,BASIC_BLOCK,errors::augment_with_errors::bb92,canon-utils/analysis/src/errors.rs,99,13
3120,CALL_SITE,errors::augment_with_errors::bb92::call72,canon-utils/analysis/src/errors.rs,99,13
3121,BASIC_BLOCK,errors::augment_with_errors::bb93,canon-utils/analysis/src/errors.rs,101,12
3122,CALL_SITE,errors::augment_with_errors::bb93::call73,canon-utils/analysis/src/errors.rs,101,12
3123,BASIC_BLOCK,errors::augment_with_errors::bb94,canon-utils/analysis/src/errors.rs,101,12
3124,BASIC_BLOCK,errors::augment_with_errors::bb95,canon-utils/analysis/src/errors.rs,102,52
3125,CALL_SITE,errors::augment_with_errors::bb95::call74,canon-utils/analysis/src/errors.rs,102,52
3126,BASIC_BLOCK,errors::augment_with_errors::bb96,canon-utils/analysis/src/errors.rs,102,34
3127,CALL_SITE,errors::augment_with_errors::bb96::call75,canon-utils/analysis/src/errors.rs,102,34
3128,BASIC_BLOCK,errors::augment_with_errors::bb97,canon-utils/analysis/src/errors.rs,102,20
3129,BASIC_BLOCK,errors::augment_with_errors::bb98,canon-utils/analysis/src/errors.rs,103,17
3130,CALL_SITE,errors::augment_with_errors::bb98::call76,canon-utils/analysis/src/errors.rs,103,17
3131,BASIC_BLOCK,errors::augment_with_errors::bb99,canon-utils/analysis/src/errors.rs,106,26
3132,CALL_SITE,errors::augment_with_errors::bb99::call77,canon-utils/analysis/src/errors.rs,106,26
3133,CALL_SITE,errors::augment_with_errors::bb9::call5,canon-utils/analysis/src/errors.rs,30,32
3134,FUNCTION,errors::augment_with_errors::fn,canon-utils/analysis/src/errors.rs,25,1
3135,PARAM,errors::augment_with_errors::param0,canon-utils/analysis/src/errors.rs,25,28
3136,PARAM,errors::augment_with_errors::param1,canon-utils/analysis/src/errors.rs,25,47
3137,BASIC_BLOCK,errors::compute_repair_surface::bb0,canon-utils/analysis/src/errors.rs,140,47
3138,CALL_SITE,errors::compute_repair_surface::bb0::call0,canon-utils/analysis/src/errors.rs,140,47
3139,BASIC_BLOCK,errors::compute_repair_surface::bb1,canon-utils/analysis/src/errors.rs,141,14
3140,BASIC_BLOCK,errors::compute_repair_surface::bb10,/home/cicero-arch-omen/.rustup/toolchains/nightly-x86_64-unknown-linux-gnu/lib/rustlib/src/rust/library/core/src/macros/mod.rs,433,9
3141,BASIC_BLOCK,errors::compute_repair_surface::bb11,canon-utils/analysis/src/errors.rs,143,13
3142,CALL_SITE,errors::compute_repair_surface::bb11::call4,canon-utils/analysis/src/errors.rs,143,13
3143,BASIC_BLOCK,errors::compute_repair_surface::bb12,canon-utils/analysis/src/errors.rs,147,23
3144,CALL_SITE,errors::compute_repair_surface::bb12::call5,canon-utils/analysis/src/errors.rs,147,23
3145,BASIC_BLOCK,errors::compute_repair_surface::bb13,canon-utils/analysis/src/errors.rs,147,5
3146,BASIC_BLOCK,errors::compute_repair_surface::bb14,canon-utils/analysis/src/errors.rs,147,23
3147,CALL_SITE,errors::compute_repair_surface::bb14::call6,canon-utils/analysis/src/errors.rs,147,23
3148,BASIC_BLOCK,errors::compute_repair_surface::bb15,canon-utils/analysis/src/errors.rs,147,23
3149,BASIC_BLOCK,errors::compute_repair_surface::bb16,canon-utils/analysis/src/errors.rs,148,10
3150,CALL_SITE,errors::compute_repair_surface::bb16::call7,canon-utils/analysis/src/errors.rs,148,10
3151,BASIC_BLOCK,errors::compute_repair_surface::bb17,canon-utils/analysis/src/errors.rs,149,5
3152,BASIC_BLOCK,errors::compute_repair_surface::bb18,canon-utils/analysis/src/errors.rs,148,10
3153,CALL_SITE,errors::compute_repair_surface::bb18::call8,canon-utils/analysis/src/errors.rs,148,10
3154,BASIC_BLOCK,errors::compute_repair_surface::bb19,canon-utils/analysis/src/errors.rs,148,9
3155,CALL_SITE,errors::compute_repair_surface::bb1::call1,canon-utils/analysis/src/errors.rs,141,14
3156,BASIC_BLOCK,errors::compute_repair_surface::bb2,canon-utils/analysis/src/errors.rs,141,5
3157,BASIC_BLOCK,errors::compute_repair_surface::bb20,canon-utils/analysis/src/errors.rs,147,5
3158,BASIC_BLOCK,errors::compute_repair_surface::bb21,canon-utils/analysis/src/errors.rs,151,48
3159,CALL_SITE,errors::compute_repair_surface::bb21::call9,canon-utils/analysis/src/errors.rs,151,48
3160,BASIC_BLOCK,errors::compute_repair_surface::bb22,canon-utils/analysis/src/errors.rs,152,27
3161,CALL_SITE,errors::compute_repair_surface::bb22::call10,canon-utils/analysis/src/errors.rs,152,27
3162,BASIC_BLOCK,errors::compute_repair_surface::bb23,canon-utils/analysis/src/errors.rs,152,5
3163,BASIC_BLOCK,errors::compute_repair_surface::bb24,canon-utils/analysis/src/errors.rs,152,27
3164,CALL_SITE,errors::compute_repair_surface::bb24::call11,canon-utils/analysis/src/errors.rs,152,27
3165,BASIC_BLOCK,errors::compute_repair_surface::bb25,canon-utils/analysis/src/errors.rs,152,27
3166,BASIC_BLOCK,errors::compute_repair_surface::bb26,canon-utils/analysis/src/errors.rs,153,29
3167,CALL_SITE,errors::compute_repair_surface::bb26::call12,canon-utils/analysis/src/errors.rs,153,29
3168,BASIC_BLOCK,errors::compute_repair_surface::bb27,canon-utils/analysis/src/errors.rs,162,5
3169,BASIC_BLOCK,errors::compute_repair_surface::bb28,canon-utils/analysis/src/errors.rs,153,29
3170,CALL_SITE,errors::compute_repair_surface::bb28::call13,canon-utils/analysis/src/errors.rs,153,29
3171,BASIC_BLOCK,errors::compute_repair_surface::bb29,canon-utils/analysis/src/errors.rs,153,29
3172,CALL_SITE,errors::compute_repair_surface::bb29::call14,canon-utils/analysis/src/errors.rs,153,29
3173,BASIC_BLOCK,errors::compute_repair_surface::bb3,canon-utils/analysis/src/errors.rs,141,14
3174,BASIC_BLOCK,errors::compute_repair_surface::bb30,canon-utils/analysis/src/errors.rs,153,16
3175,BASIC_BLOCK,errors::compute_repair_surface::bb31,canon-utils/analysis/src/errors.rs,156,25
3176,CALL_SITE,errors::compute_repair_surface::bb31::call15,canon-utils/analysis/src/errors.rs,156,25
3177,BASIC_BLOCK,errors::compute_repair_surface::bb32,canon-utils/analysis/src/errors.rs,157,23
3178,CALL_SITE,errors::compute_repair_surface::bb32::call16,canon-utils/analysis/src/errors.rs,157,23
3179,BASIC_BLOCK,errors::compute_repair_surface::bb33,canon-utils/analysis/src/errors.rs,154,13
3180,CALL_SITE,errors::compute_repair_surface::bb33::call17,canon-utils/analysis/src/errors.rs,154,13
3181,BASIC_BLOCK,errors::compute_repair_surface::bb34,canon-utils/analysis/src/errors.rs,163,5
3182,CALL_SITE,errors::compute_repair_surface::bb34::call18,canon-utils/analysis/src/errors.rs,163,5
3183,BASIC_BLOCK,errors::compute_repair_surface::bb35,canon-utils/analysis/src/errors.rs,163,5
3184,CALL_SITE,errors::compute_repair_surface::bb35::call19,canon-utils/analysis/src/errors.rs,163,5
3185,BASIC_BLOCK,errors::compute_repair_surface::bb36,canon-utils/analysis/src/errors.rs,165,2
3186,BASIC_BLOCK,errors::compute_repair_surface::bb37,canon-utils/analysis/src/errors.rs,160,13
3187,BASIC_BLOCK,errors::compute_repair_surface::bb38,canon-utils/analysis/src/errors.rs,162,5
3188,BASIC_BLOCK,errors::compute_repair_surface::bb39,canon-utils/analysis/src/errors.rs,165,1
3189,CALL_SITE,errors::compute_repair_surface::bb3::call2,canon-utils/analysis/src/errors.rs,141,14
3190,BASIC_BLOCK,errors::compute_repair_surface::bb4,canon-utils/analysis/src/errors.rs,141,14
3191,BASIC_BLOCK,errors::compute_repair_surface::bb40,canon-utils/analysis/src/errors.rs,149,5
3192,BASIC_BLOCK,errors::compute_repair_surface::bb41,canon-utils/analysis/src/errors.rs,139,1
3193,BASIC_BLOCK,errors::compute_repair_surface::bb42,canon-utils/analysis/src/errors.rs,165,1
3194,BASIC_BLOCK,errors::compute_repair_surface::bb43,canon-utils/analysis/src/errors.rs,165,1
3195,BASIC_BLOCK,errors::compute_repair_surface::bb44,canon-utils/analysis/src/errors.rs,165,1
3196,BASIC_BLOCK,errors::compute_repair_surface::bb45,canon-utils/analysis/src/errors.rs,165,1
3197,BASIC_BLOCK,errors::compute_repair_surface::bb46,canon-utils/analysis/src/errors.rs,143,13
3198,BASIC_BLOCK,errors::compute_repair_surface::bb47,canon-utils/analysis/src/errors.rs,154,13
3199,BASIC_BLOCK,errors::compute_repair_surface::bb5,canon-utils/analysis/src/lib.rs,1,1
3200,BASIC_BLOCK,errors::compute_repair_surface::bb6,/home/cicero-arch-omen/.rustup/toolchains/nightly-x86_64-unknown-linux-gnu/lib/rustlib/src/rust/library/core/src/macros/mod.rs,433,9
3201,BASIC_BLOCK,errors::compute_repair_surface::bb7,canon-utils/analysis/src/errors.rs,146,47
3202,CALL_SITE,errors::compute_repair_surface::bb7::call3,canon-utils/analysis/src/errors.rs,146,47
3203,BASIC_BLOCK,errors::compute_repair_surface::bb8,/home/cicero-arch-omen/.rustup/toolchains/nightly-x86_64-unknown-linux-gnu/lib/rustlib/src/rust/library/core/src/macros/mod.rs,435,18
3204,BASIC_BLOCK,errors::compute_repair_surface::bb9,/home/cicero-arch-omen/.rustup/toolchains/nightly-x86_64-unknown-linux-gnu/lib/rustlib/src/rust/library/core/src/macros/mod.rs,434,39
3205,FUNCTION,errors::compute_repair_surface::fn,canon-utils/analysis/src/errors.rs,139,1
3206,PARAM,errors::compute_repair_surface::param0,canon-utils/analysis/src/errors.rs,139,27
3207,BASIC_BLOCK,errors::files_match::bb0,canon-utils/analysis/src/errors.rs,220,8
3208,CALL_SITE,errors::files_match::bb0::call0,canon-utils/analysis/src/errors.rs,220,8
3209,BASIC_BLOCK,errors::files_match::bb1,canon-utils/analysis/src/errors.rs,220,8
3210,BASIC_BLOCK,errors::files_match::bb2,canon-utils/analysis/src/errors.rs,224,2
3211,BASIC_BLOCK,errors::files_match::bb3,canon-utils/analysis/src/errors.rs,223,5
3212,CALL_SITE,errors::files_match::bb3::call1,canon-utils/analysis/src/errors.rs,223,5
3213,BASIC_BLOCK,errors::files_match::bb4,canon-utils/analysis/src/errors.rs,223,5
3214,BASIC_BLOCK,errors::files_match::bb5,canon-utils/analysis/src/errors.rs,223,5
3215,BASIC_BLOCK,errors::files_match::bb6,canon-utils/analysis/src/errors.rs,223,39
3216,CALL_SITE,errors::files_match::bb6::call2,canon-utils/analysis/src/errors.rs,223,39
3217,BASIC_BLOCK,errors::files_match::bb7,canon-utils/analysis/src/errors.rs,224,2
3218,FUNCTION,errors::files_match::fn,canon-utils/analysis/src/errors.rs,219,1
3219,PARAM,errors::files_match::param0,canon-utils/analysis/src/errors.rs,219,16
3220,PARAM,errors::files_match::param1,canon-utils/analysis/src/errors.rs,219,33
3221,BASIC_BLOCK,errors::find_nearest_node::bb0,canon-utils/analysis/src/errors.rs,201,36
3222,CALL_SITE,errors::find_nearest_node::bb0::call0,canon-utils/analysis/src/errors.rs,201,36
3223,BASIC_BLOCK,errors::find_nearest_node::bb1,canon-utils/analysis/src/errors.rs,201,21
3224,BASIC_BLOCK,errors::find_nearest_node::bb10,canon-utils/analysis/src/errors.rs,210,5
3225,CALL_SITE,errors::find_nearest_node::bb10::call8,canon-utils/analysis/src/errors.rs,210,5
3226,BASIC_BLOCK,errors::find_nearest_node::bb11,canon-utils/analysis/src/errors.rs,216,5
3227,CALL_SITE,errors::find_nearest_node::bb11::call9,canon-utils/analysis/src/errors.rs,216,5
3228,BASIC_BLOCK,errors::find_nearest_node::bb12,canon-utils/analysis/src/errors.rs,216,5
3229,CALL_SITE,errors::find_nearest_node::bb12::call10,canon-utils/analysis/src/errors.rs,216,5
3230,BASIC_BLOCK,errors::find_nearest_node::bb13,canon-utils/analysis/src/errors.rs,216,5
3231,CALL_SITE,errors::find_nearest_node::bb13::call11,canon-utils/analysis/src/errors.rs,216,5
3232,BASIC_BLOCK,errors::find_nearest_node::bb14,canon-utils/analysis/src/errors.rs,217,1
3233,BASIC_BLOCK,errors::find_nearest_node::bb15,canon-utils/analysis/src/errors.rs,217,1
3234,BASIC_BLOCK,errors::find_nearest_node::bb16,canon-utils/analysis/src/errors.rs,217,1
3235,BASIC_BLOCK,errors::find_nearest_node::bb17,canon-utils/analysis/src/errors.rs,217,2
3236,BASIC_BLOCK,errors::find_nearest_node::bb18,canon-utils/analysis/src/errors.rs,217,1
3237,BASIC_BLOCK,errors::find_nearest_node::bb19,canon-utils/analysis/src/errors.rs,217,1
3238,CALL_SITE,errors::find_nearest_node::bb1::call1,canon-utils/analysis/src/errors.rs,201,21
3239,BASIC_BLOCK,errors::find_nearest_node::bb2,canon-utils/analysis/src/errors.rs,202,38
3240,BASIC_BLOCK,errors::find_nearest_node::bb20,canon-utils/analysis/src/errors.rs,200,1
3241,CALL_SITE,errors::find_nearest_node::bb2::call2,canon-utils/analysis/src/errors.rs,202,38
3242,BASIC_BLOCK,errors::find_nearest_node::bb3,canon-utils/analysis/src/errors.rs,202,38
3243,CALL_SITE,errors::find_nearest_node::bb3::call3,canon-utils/analysis/src/errors.rs,202,38
3244,BASIC_BLOCK,errors::find_nearest_node::bb4,canon-utils/analysis/src/errors.rs,202,38
3245,CALL_SITE,errors::find_nearest_node::bb4::call4,canon-utils/analysis/src/errors.rs,202,38
3246,BASIC_BLOCK,errors::find_nearest_node::bb5,canon-utils/analysis/src/errors.rs,202,38
3247,CALL_SITE,errors::find_nearest_node::bb5::call5,canon-utils/analysis/src/errors.rs,202,38
3248,BASIC_BLOCK,errors::find_nearest_node::bb6,canon-utils/analysis/src/errors.rs,207,8
3249,CALL_SITE,errors::find_nearest_node::bb6::call6,canon-utils/analysis/src/errors.rs,207,8
3250,BASIC_BLOCK,errors::find_nearest_node::bb7,canon-utils/analysis/src/errors.rs,207,8
3251,BASIC_BLOCK,errors::find_nearest_node::bb8,canon-utils/analysis/src/errors.rs,217,1
3252,BASIC_BLOCK,errors::find_nearest_node::bb9,canon-utils/analysis/src/errors.rs,210,5
3253,CALL_SITE,errors::find_nearest_node::bb9::call7,canon-utils/analysis/src/errors.rs,210,5
3254,FUNCTION,errors::find_nearest_node::fn,canon-utils/analysis/src/errors.rs,200,1
3255,PARAM,errors::find_nearest_node::param0,canon-utils/analysis/src/errors.rs,200,26
3256,PARAM,errors::find_nearest_node::param1,canon-utils/analysis/src/errors.rs,200,45
3257,PARAM,errors::find_nearest_node::param2,canon-utils/analysis/src/errors.rs,200,63
3258,BASIC_BLOCK,errors::find_nodes_at_span::bb0,canon-utils/analysis/src/errors.rs,191,36
3259,CALL_SITE,errors::find_nodes_at_span::bb0::call0,canon-utils/analysis/src/errors.rs,191,36
3260,BASIC_BLOCK,errors::find_nodes_at_span::bb1,canon-utils/analysis/src/errors.rs,191,21
3261,BASIC_BLOCK,errors::find_nodes_at_span::bb10,canon-utils/analysis/src/errors.rs,190,1
3262,CALL_SITE,errors::find_nodes_at_span::bb1::call1,canon-utils/analysis/src/errors.rs,191,21
3263,BASIC_BLOCK,errors::find_nodes_at_span::bb2,canon-utils/analysis/src/errors.rs,192,5
3264,CALL_SITE,errors::find_nodes_at_span::bb2::call2,canon-utils/analysis/src/errors.rs,192,5
3265,BASIC_BLOCK,errors::find_nodes_at_span::bb3,canon-utils/analysis/src/errors.rs,192,5
3266,CALL_SITE,errors::find_nodes_at_span::bb3::call3,canon-utils/analysis/src/errors.rs,192,5
3267,BASIC_BLOCK,errors::find_nodes_at_span::bb4,canon-utils/analysis/src/errors.rs,192,5
3268,CALL_SITE,errors::find_nodes_at_span::bb4::call4,canon-utils/analysis/src/errors.rs,192,5
3269,BASIC_BLOCK,errors::find_nodes_at_span::bb5,canon-utils/analysis/src/errors.rs,192,5
3270,CALL_SITE,errors::find_nodes_at_span::bb5::call5,canon-utils/analysis/src/errors.rs,192,5
3271,BASIC_BLOCK,errors::find_nodes_at_span::bb6,canon-utils/analysis/src/errors.rs,192,5
3272,CALL_SITE,errors::find_nodes_at_span::bb6::call6,canon-utils/analysis/src/errors.rs,192,5
3273,BASIC_BLOCK,errors::find_nodes_at_span::bb7,canon-utils/analysis/src/errors.rs,198,1
3274,BASIC_BLOCK,errors::find_nodes_at_span::bb8,canon-utils/analysis/src/errors.rs,198,2
3275,BASIC_BLOCK,errors::find_nodes_at_span::bb9,canon-utils/analysis/src/errors.rs,198,1
3276,FUNCTION,errors::find_nodes_at_span::fn,canon-utils/analysis/src/errors.rs,190,1
3277,PARAM,errors::find_nodes_at_span::param0,canon-utils/analysis/src/errors.rs,190,27
3278,PARAM,errors::find_nodes_at_span::param1,canon-utils/analysis/src/errors.rs,190,46
3279,PARAM,errors::find_nodes_at_span::param2,canon-utils/analysis/src/errors.rs,190,64
3280,BASIC_BLOCK,errors::normalize_file::bb0,canon-utils/analysis/src/errors.rs,227,24
3281,CALL_SITE,errors::normalize_file::bb0::call0,canon-utils/analysis/src/errors.rs,227,24
3282,BASIC_BLOCK,errors::normalize_file::bb1,canon-utils/analysis/src/errors.rs,227,12
3283,BASIC_BLOCK,errors::normalize_file::bb10,canon-utils/analysis/src/errors.rs,233,24
3284,CALL_SITE,errors::normalize_file::bb10::call6,canon-utils/analysis/src/errors.rs,233,24
3285,BASIC_BLOCK,errors::normalize_file::bb11,canon-utils/analysis/src/errors.rs,233,12
3286,BASIC_BLOCK,errors::normalize_file::bb12,canon-utils/analysis/src/errors.rs,234,27
3287,CALL_SITE,errors::normalize_file::bb12::call7,canon-utils/analysis/src/errors.rs,234,27
3288,BASIC_BLOCK,errors::normalize_file::bb13,canon-utils/analysis/src/errors.rs,234,21
3289,BASIC_BLOCK,errors::normalize_file::bb14,canon-utils/analysis/src/errors.rs,235,31
3290,CALL_SITE,errors::normalize_file::bb14::call8,canon-utils/analysis/src/errors.rs,235,31
3291,BASIC_BLOCK,errors::normalize_file::bb15,canon-utils/analysis/src/errors.rs,235,28
3292,CALL_SITE,errors::normalize_file::bb15::call9,canon-utils/analysis/src/errors.rs,235,28
3293,BASIC_BLOCK,errors::normalize_file::bb16,canon-utils/analysis/src/errors.rs,235,16
3294,BASIC_BLOCK,errors::normalize_file::bb17,canon-utils/analysis/src/errors.rs,236,31
3295,BASIC_BLOCK,errors::normalize_file::bb18,canon-utils/analysis/src/errors.rs,236,23
3296,CALL_SITE,errors::normalize_file::bb18::call10,canon-utils/analysis/src/errors.rs,236,23
3297,BASIC_BLOCK,errors::normalize_file::bb19,canon-utils/analysis/src/errors.rs,236,20
3298,CALL_SITE,errors::normalize_file::bb19::call11,canon-utils/analysis/src/errors.rs,236,20
3299,BASIC_BLOCK,errors::normalize_file::bb2,canon-utils/analysis/src/errors.rs,228,27
3300,BASIC_BLOCK,errors::normalize_file::bb20,canon-utils/analysis/src/errors.rs,239,5
3301,CALL_SITE,errors::normalize_file::bb20::call12,canon-utils/analysis/src/errors.rs,239,5
3302,BASIC_BLOCK,errors::normalize_file::bb21,canon-utils/analysis/src/errors.rs,240,2
3303,BASIC_BLOCK,errors::normalize_file::bb22,canon-utils/analysis/src/errors.rs,226,1
3304,CALL_SITE,errors::normalize_file::bb2::call1,canon-utils/analysis/src/errors.rs,228,27
3305,BASIC_BLOCK,errors::normalize_file::bb3,canon-utils/analysis/src/errors.rs,228,21
3306,BASIC_BLOCK,errors::normalize_file::bb4,canon-utils/analysis/src/errors.rs,229,31
3307,CALL_SITE,errors::normalize_file::bb4::call2,canon-utils/analysis/src/errors.rs,229,31
3308,BASIC_BLOCK,errors::normalize_file::bb5,canon-utils/analysis/src/errors.rs,229,28
3309,CALL_SITE,errors::normalize_file::bb5::call3,canon-utils/analysis/src/errors.rs,229,28
3310,BASIC_BLOCK,errors::normalize_file::bb6,canon-utils/analysis/src/errors.rs,229,16
3311,BASIC_BLOCK,errors::normalize_file::bb7,canon-utils/analysis/src/errors.rs,230,31
3312,BASIC_BLOCK,errors::normalize_file::bb8,canon-utils/analysis/src/errors.rs,230,23
3313,CALL_SITE,errors::normalize_file::bb8::call4,canon-utils/analysis/src/errors.rs,230,23
3314,BASIC_BLOCK,errors::normalize_file::bb9,canon-utils/analysis/src/errors.rs,230,20
3315,CALL_SITE,errors::normalize_file::bb9::call5,canon-utils/analysis/src/errors.rs,230,20
3316,FUNCTION,errors::normalize_file::fn,canon-utils/analysis/src/errors.rs,226,1
3317,PARAM,errors::normalize_file::param0,canon-utils/analysis/src/errors.rs,226,19
3318,BASIC_BLOCK,errors::parse_edge_kind::bb0,canon-utils/analysis/src/errors.rs,305,9
3319,CALL_SITE,errors::parse_edge_kind::bb0::call0,canon-utils/analysis/src/errors.rs,305,9
3320,BASIC_BLOCK,errors::parse_edge_kind::bb1,/home/cicero-arch-omen/.cargo/registry/src/index.crates.io-1949cf8c6b5b557f/anyhow-1.0.102/src/macros.rs,207,55
3321,BASIC_BLOCK,errors::parse_edge_kind::bb10,canon-utils/analysis/src/errors.rs,309,42
3322,BASIC_BLOCK,errors::parse_edge_kind::bb11,canon-utils/analysis/src/errors.rs,310,9
3323,CALL_SITE,errors::parse_edge_kind::bb11::call6,canon-utils/analysis/src/errors.rs,310,9
3324,BASIC_BLOCK,errors::parse_edge_kind::bb12,canon-utils/analysis/src/errors.rs,310,36
3325,BASIC_BLOCK,errors::parse_edge_kind::bb13,canon-utils/analysis/src/errors.rs,311,9
3326,CALL_SITE,errors::parse_edge_kind::bb13::call7,canon-utils/analysis/src/errors.rs,311,9
3327,BASIC_BLOCK,errors::parse_edge_kind::bb14,canon-utils/analysis/src/errors.rs,311,36
3328,BASIC_BLOCK,errors::parse_edge_kind::bb15,canon-utils/analysis/src/errors.rs,312,9
3329,CALL_SITE,errors::parse_edge_kind::bb15::call8,canon-utils/analysis/src/errors.rs,312,9
3330,BASIC_BLOCK,errors::parse_edge_kind::bb16,canon-utils/analysis/src/errors.rs,312,40
3331,BASIC_BLOCK,errors::parse_edge_kind::bb17,canon-utils/analysis/src/errors.rs,313,9
3332,CALL_SITE,errors::parse_edge_kind::bb17::call9,canon-utils/analysis/src/errors.rs,313,9
3333,BASIC_BLOCK,errors::parse_edge_kind::bb18,canon-utils/analysis/src/errors.rs,313,40
3334,BASIC_BLOCK,errors::parse_edge_kind::bb19,canon-utils/analysis/src/errors.rs,314,9
3335,CALL_SITE,errors::parse_edge_kind::bb19::call10,canon-utils/analysis/src/errors.rs,314,9
3336,CALL_SITE,errors::parse_edge_kind::bb1::call1,/home/cicero-arch-omen/.cargo/registry/src/index.crates.io-1949cf8c6b5b557f/anyhow-1.0.102/src/macros.rs,207,55
3337,BASIC_BLOCK,errors::parse_edge_kind::bb2,canon-utils/analysis/src/errors.rs,305,45
3338,BASIC_BLOCK,errors::parse_edge_kind::bb20,canon-utils/analysis/src/errors.rs,314,48
3339,BASIC_BLOCK,errors::parse_edge_kind::bb21,canon-utils/analysis/src/errors.rs,315,9
3340,CALL_SITE,errors::parse_edge_kind::bb21::call11,canon-utils/analysis/src/errors.rs,315,9
3341,BASIC_BLOCK,errors::parse_edge_kind::bb22,canon-utils/analysis/src/errors.rs,315,45
3342,BASIC_BLOCK,errors::parse_edge_kind::bb23,canon-utils/analysis/src/errors.rs,316,9
3343,CALL_SITE,errors::parse_edge_kind::bb23::call12,canon-utils/analysis/src/errors.rs,316,9
3344,BASIC_BLOCK,errors::parse_edge_kind::bb24,canon-utils/analysis/src/errors.rs,316,40
3345,BASIC_BLOCK,errors::parse_edge_kind::bb25,canon-utils/analysis/src/errors.rs,317,9
3346,CALL_SITE,errors::parse_edge_kind::bb25::call13,canon-utils/analysis/src/errors.rs,317,9
3347,BASIC_BLOCK,errors::parse_edge_kind::bb26,canon-utils/analysis/src/errors.rs,317,40
3348,BASIC_BLOCK,errors::parse_edge_kind::bb27,canon-utils/analysis/src/errors.rs,318,9
3349,CALL_SITE,errors::parse_edge_kind::bb27::call14,canon-utils/analysis/src/errors.rs,318,9
3350,BASIC_BLOCK,errors::parse_edge_kind::bb28,canon-utils/analysis/src/errors.rs,318,48
3351,BASIC_BLOCK,errors::parse_edge_kind::bb29,canon-utils/analysis/src/errors.rs,319,9
3352,CALL_SITE,errors::parse_edge_kind::bb29::call15,canon-utils/analysis/src/errors.rs,319,9
3353,BASIC_BLOCK,errors::parse_edge_kind::bb3,canon-utils/analysis/src/errors.rs,306,9
3354,BASIC_BLOCK,errors::parse_edge_kind::bb30,canon-utils/analysis/src/errors.rs,319,50
3355,BASIC_BLOCK,errors::parse_edge_kind::bb31,canon-utils/analysis/src/errors.rs,320,9
3356,CALL_SITE,errors::parse_edge_kind::bb31::call16,canon-utils/analysis/src/errors.rs,320,9
3357,BASIC_BLOCK,errors::parse_edge_kind::bb32,canon-utils/analysis/src/errors.rs,320,42
3358,BASIC_BLOCK,errors::parse_edge_kind::bb33,canon-utils/analysis/src/errors.rs,321,9
3359,CALL_SITE,errors::parse_edge_kind::bb33::call17,canon-utils/analysis/src/errors.rs,321,9
3360,BASIC_BLOCK,errors::parse_edge_kind::bb34,canon-utils/analysis/src/errors.rs,321,60
3361,BASIC_BLOCK,errors::parse_edge_kind::bb35,canon-utils/analysis/src/errors.rs,322,9
3362,CALL_SITE,errors::parse_edge_kind::bb35::call18,canon-utils/analysis/src/errors.rs,322,9
3363,BASIC_BLOCK,errors::parse_edge_kind::bb36,canon-utils/analysis/src/errors.rs,322,54
3364,BASIC_BLOCK,errors::parse_edge_kind::bb37,canon-utils/analysis/src/errors.rs,322,9
3365,BASIC_BLOCK,errors::parse_edge_kind::bb38,canon-utils/analysis/src/errors.rs,321,9
3366,BASIC_BLOCK,errors::parse_edge_kind::bb39,canon-utils/analysis/src/errors.rs,320,9
3367,CALL_SITE,errors::parse_edge_kind::bb3::call2,canon-utils/analysis/src/errors.rs,306,9
3368,BASIC_BLOCK,errors::parse_edge_kind::bb4,canon-utils/analysis/src/errors.rs,306,47
3369,BASIC_BLOCK,errors::parse_edge_kind::bb40,canon-utils/analysis/src/errors.rs,319,9
3370,BASIC_BLOCK,errors::parse_edge_kind::bb41,canon-utils/analysis/src/errors.rs,318,9
3371,BASIC_BLOCK,errors::parse_edge_kind::bb42,canon-utils/analysis/src/errors.rs,317,9
3372,BASIC_BLOCK,errors::parse_edge_kind::bb43,canon-utils/analysis/src/errors.rs,316,9
3373,BASIC_BLOCK,errors::parse_edge_kind::bb44,canon-utils/analysis/src/errors.rs,315,9
3374,BASIC_BLOCK,errors::parse_edge_kind::bb45,canon-utils/analysis/src/errors.rs,314,9
3375,BASIC_BLOCK,errors::parse_edge_kind::bb46,canon-utils/analysis/src/errors.rs,313,9
3376,BASIC_BLOCK,errors::parse_edge_kind::bb47,canon-utils/analysis/src/errors.rs,312,9
3377,BASIC_BLOCK,errors::parse_edge_kind::bb48,canon-utils/analysis/src/errors.rs,311,9
3378,BASIC_BLOCK,errors::parse_edge_kind::bb49,canon-utils/analysis/src/errors.rs,310,9
3379,BASIC_BLOCK,errors::parse_edge_kind::bb5,canon-utils/analysis/src/errors.rs,307,9
3380,BASIC_BLOCK,errors::parse_edge_kind::bb50,canon-utils/analysis/src/errors.rs,309,9
3381,BASIC_BLOCK,errors::parse_edge_kind::bb51,canon-utils/analysis/src/errors.rs,308,9
3382,BASIC_BLOCK,errors::parse_edge_kind::bb52,canon-utils/analysis/src/errors.rs,307,9
3383,BASIC_BLOCK,errors::parse_edge_kind::bb53,canon-utils/analysis/src/errors.rs,306,9
3384,BASIC_BLOCK,errors::parse_edge_kind::bb54,canon-utils/analysis/src/errors.rs,305,9
3385,BASIC_BLOCK,errors::parse_edge_kind::bb55,/home/cicero-arch-omen/.cargo/registry/src/index.crates.io-1949cf8c6b5b557f/anyhow-1.0.102/src/macros.rs,207,25
3386,CALL_SITE,errors::parse_edge_kind::bb55::call19,/home/cicero-arch-omen/.cargo/registry/src/index.crates.io-1949cf8c6b5b557f/anyhow-1.0.102/src/macros.rs,207,25
3387,BASIC_BLOCK,errors::parse_edge_kind::bb56,/home/cicero-arch-omen/.cargo/registry/src/index.crates.io-1949cf8c6b5b557f/anyhow-1.0.102/src/macros.rs,206,9
3388,CALL_SITE,errors::parse_edge_kind::bb56::call20,/home/cicero-arch-omen/.cargo/registry/src/index.crates.io-1949cf8c6b5b557f/anyhow-1.0.102/src/macros.rs,206,9
3389,BASIC_BLOCK,errors::parse_edge_kind::bb57,canon-utils/analysis/src/errors.rs,323,46
3390,BASIC_BLOCK,errors::parse_edge_kind::bb58,canon-utils/analysis/src/errors.rs,325,2
3391,CALL_SITE,errors::parse_edge_kind::bb5::call3,canon-utils/analysis/src/errors.rs,307,9
3392,BASIC_BLOCK,errors::parse_edge_kind::bb6,canon-utils/analysis/src/errors.rs,307,45
3393,BASIC_BLOCK,errors::parse_edge_kind::bb7,canon-utils/analysis/src/errors.rs,308,9
3394,CALL_SITE,errors::parse_edge_kind::bb7::call4,canon-utils/analysis/src/errors.rs,308,9
3395,BASIC_BLOCK,errors::parse_edge_kind::bb8,canon-utils/analysis/src/errors.rs,308,45
3396,BASIC_BLOCK,errors::parse_edge_kind::bb9,canon-utils/analysis/src/errors.rs,309,9
3397,CALL_SITE,errors::parse_edge_kind::bb9::call5,canon-utils/analysis/src/errors.rs,309,9
3398,FUNCTION,errors::parse_edge_kind::fn,canon-utils/analysis/src/errors.rs,303,1
3399,PARAM,errors::parse_edge_kind::param0,canon-utils/analysis/src/errors.rs,303,20
3400,BASIC_BLOCK,errors::parse_node_kind::bb0,canon-utils/analysis/src/errors.rs,285,9
3401,CALL_SITE,errors::parse_node_kind::bb0::call0,canon-utils/analysis/src/errors.rs,285,9
3402,BASIC_BLOCK,errors::parse_node_kind::bb1,/home/cicero-arch-omen/.cargo/registry/src/index.crates.io-1949cf8c6b5b557f/anyhow-1.0.102/src/macros.rs,207,55
3403,BASIC_BLOCK,errors::parse_node_kind::bb10,canon-utils/analysis/src/errors.rs,289,38
3404,BASIC_BLOCK,errors::parse_node_kind::bb11,canon-utils/analysis/src/errors.rs,290,9
3405,CALL_SITE,errors::parse_node_kind::bb11::call6,canon-utils/analysis/src/errors.rs,290,9
3406,BASIC_BLOCK,errors::parse_node_kind::bb12,canon-utils/analysis/src/errors.rs,290,36
3407,BASIC_BLOCK,errors::parse_node_kind::bb13,canon-utils/analysis/src/errors.rs,291,9
3408,CALL_SITE,errors::parse_node_kind::bb13::call7,canon-utils/analysis/src/errors.rs,291,9
3409,BASIC_BLOCK,errors::parse_node_kind::bb14,canon-utils/analysis/src/errors.rs,291,38
3410,BASIC_BLOCK,errors::parse_node_kind::bb15,canon-utils/analysis/src/errors.rs,292,9
3411,CALL_SITE,errors::parse_node_kind::bb15::call8,canon-utils/analysis/src/errors.rs,292,9
3412,BASIC_BLOCK,errors::parse_node_kind::bb16,canon-utils/analysis/src/errors.rs,292,38
3413,BASIC_BLOCK,errors::parse_node_kind::bb17,canon-utils/analysis/src/errors.rs,293,9
3414,CALL_SITE,errors::parse_node_kind::bb17::call9,canon-utils/analysis/src/errors.rs,293,9
3415,BASIC_BLOCK,errors::parse_node_kind::bb18,canon-utils/analysis/src/errors.rs,293,44
3416,BASIC_BLOCK,errors::parse_node_kind::bb19,canon-utils/analysis/src/errors.rs,294,9
3417,CALL_SITE,errors::parse_node_kind::bb19::call10,canon-utils/analysis/src/errors.rs,294,9
3418,CALL_SITE,errors::parse_node_kind::bb1::call1,/home/cicero-arch-omen/.cargo/registry/src/index.crates.io-1949cf8c6b5b557f/anyhow-1.0.102/src/macros.rs,207,55
3419,BASIC_BLOCK,errors::parse_node_kind::bb2,canon-utils/analysis/src/errors.rs,285,44
3420,BASIC_BLOCK,errors::parse_node_kind::bb20,canon-utils/analysis/src/errors.rs,294,40
3421,BASIC_BLOCK,errors::parse_node_kind::bb21,canon-utils/analysis/src/errors.rs,295,9
3422,CALL_SITE,errors::parse_node_kind::bb21::call11,canon-utils/analysis/src/errors.rs,295,9
3423,BASIC_BLOCK,errors::parse_node_kind::bb22,canon-utils/analysis/src/errors.rs,295,36
3424,BASIC_BLOCK,errors::parse_node_kind::bb23,canon-utils/analysis/src/errors.rs,296,9
3425,CALL_SITE,errors::parse_node_kind::bb23::call12,canon-utils/analysis/src/errors.rs,296,9
3426,BASIC_BLOCK,errors::parse_node_kind::bb24,canon-utils/analysis/src/errors.rs,296,49
3427,BASIC_BLOCK,errors::parse_node_kind::bb25,canon-utils/analysis/src/errors.rs,297,9
3428,CALL_SITE,errors::parse_node_kind::bb25::call13,canon-utils/analysis/src/errors.rs,297,9
3429,BASIC_BLOCK,errors::parse_node_kind::bb26,canon-utils/analysis/src/errors.rs,297,45
3430,BASIC_BLOCK,errors::parse_node_kind::bb27,canon-utils/analysis/src/errors.rs,298,9
3431,CALL_SITE,errors::parse_node_kind::bb27::call14,canon-utils/analysis/src/errors.rs,298,9
3432,BASIC_BLOCK,errors::parse_node_kind::bb28,canon-utils/analysis/src/errors.rs,298,38
3433,BASIC_BLOCK,errors::parse_node_kind::bb29,canon-utils/analysis/src/errors.rs,298,9
3434,BASIC_BLOCK,errors::parse_node_kind::bb3,canon-utils/analysis/src/errors.rs,286,9
3435,BASIC_BLOCK,errors::parse_node_kind::bb30,canon-utils/analysis/src/errors.rs,297,9
3436,BASIC_BLOCK,errors::parse_node_kind::bb31,canon-utils/analysis/src/errors.rs,296,9
3437,BASIC_BLOCK,errors::parse_node_kind::bb32,canon-utils/analysis/src/errors.rs,295,9
3438,BASIC_BLOCK,errors::parse_node_kind::bb33,canon-utils/analysis/src/errors.rs,294,9
3439,BASIC_BLOCK,errors::parse_node_kind::bb34,canon-utils/analysis/src/errors.rs,293,9
3440,BASIC_BLOCK,errors::parse_node_kind::bb35,canon-utils/analysis/src/errors.rs,292,9
3441,BASIC_BLOCK,errors::parse_node_kind::bb36,canon-utils/analysis/src/errors.rs,291,9
3442,BASIC_BLOCK,errors::parse_node_kind::bb37,canon-utils/analysis/src/errors.rs,290,9
3443,BASIC_BLOCK,errors::parse_node_kind::bb38,canon-utils/analysis/src/errors.rs,289,9
3444,BASIC_BLOCK,errors::parse_node_kind::bb39,canon-utils/analysis/src/errors.rs,288,9
3445,CALL_SITE,errors::parse_node_kind::bb3::call2,canon-utils/analysis/src/errors.rs,286,9
3446,BASIC_BLOCK,errors::parse_node_kind::bb4,canon-utils/analysis/src/errors.rs,286,40
3447,BASIC_BLOCK,errors::parse_node_kind::bb40,canon-utils/analysis/src/errors.rs,287,9
3448,BASIC_BLOCK,errors::parse_node_kind::bb41,canon-utils/analysis/src/errors.rs,286,9
3449,BASIC_BLOCK,errors::parse_node_kind::bb42,canon-utils/analysis/src/errors.rs,285,9
3450,BASIC_BLOCK,errors::parse_node_kind::bb43,/home/cicero-arch-omen/.cargo/registry/src/index.crates.io-1949cf8c6b5b557f/anyhow-1.0.102/src/macros.rs,207,25
3451,CALL_SITE,errors::parse_node_kind::bb43::call15,/home/cicero-arch-omen/.cargo/registry/src/index.crates.io-1949cf8c6b5b557f/anyhow-1.0.102/src/macros.rs,207,25
3452,BASIC_BLOCK,errors::parse_node_kind::bb44,/home/cicero-arch-omen/.cargo/registry/src/index.crates.io-1949cf8c6b5b557f/anyhow-1.0.102/src/macros.rs,206,9
3453,CALL_SITE,errors::parse_node_kind::bb44::call16,/home/cicero-arch-omen/.cargo/registry/src/index.crates.io-1949cf8c6b5b557f/anyhow-1.0.102/src/macros.rs,206,9
3454,BASIC_BLOCK,errors::parse_node_kind::bb45,canon-utils/analysis/src/errors.rs,299,46
3455,BASIC_BLOCK,errors::parse_node_kind::bb46,canon-utils/analysis/src/errors.rs,301,2
3456,BASIC_BLOCK,errors::parse_node_kind::bb5,canon-utils/analysis/src/errors.rs,287,9
3457,CALL_SITE,errors::parse_node_kind::bb5::call3,canon-utils/analysis/src/errors.rs,287,9
3458,BASIC_BLOCK,errors::parse_node_kind::bb6,canon-utils/analysis/src/errors.rs,287,40
3459,BASIC_BLOCK,errors::parse_node_kind::bb7,canon-utils/analysis/src/errors.rs,288,9
3460,CALL_SITE,errors::parse_node_kind::bb7::call4,canon-utils/analysis/src/errors.rs,288,9
3461,BASIC_BLOCK,errors::parse_node_kind::bb8,canon-utils/analysis/src/errors.rs,288,36
3462,BASIC_BLOCK,errors::parse_node_kind::bb9,canon-utils/analysis/src/errors.rs,289,9
3463,CALL_SITE,errors::parse_node_kind::bb9::call5,canon-utils/analysis/src/errors.rs,289,9
3464,FUNCTION,errors::parse_node_kind::fn,canon-utils/analysis/src/errors.rs,283,1
3465,PARAM,errors::parse_node_kind::param0,canon-utils/analysis/src/errors.rs,283,20
3466,BASIC_BLOCK,errors::primary_span::bb0,canon-utils/analysis/src/errors.rs,177,17
3467,CALL_SITE,errors::primary_span::bb0::call0,canon-utils/analysis/src/errors.rs,177,17
3468,BASIC_BLOCK,errors::primary_span::bb1,canon-utils/analysis/src/errors.rs,177,17
3469,BASIC_BLOCK,errors::primary_span::bb10,canon-utils/analysis/src/errors.rs,178,16
3470,CALL_SITE,errors::primary_span::bb10::call7,canon-utils/analysis/src/errors.rs,178,16
3471,BASIC_BLOCK,errors::primary_span::bb11,canon-utils/analysis/src/errors.rs,178,16
3472,CALL_SITE,errors::primary_span::bb11::call8,canon-utils/analysis/src/errors.rs,178,16
3473,BASIC_BLOCK,errors::primary_span::bb12,canon-utils/analysis/src/errors.rs,178,16
3474,CALL_SITE,errors::primary_span::bb12::call9,canon-utils/analysis/src/errors.rs,178,16
3475,BASIC_BLOCK,errors::primary_span::bb13,canon-utils/analysis/src/errors.rs,178,16
3476,CALL_SITE,errors::primary_span::bb13::call10,canon-utils/analysis/src/errors.rs,178,16
3477,BASIC_BLOCK,errors::primary_span::bb14,canon-utils/analysis/src/errors.rs,178,16
3478,BASIC_BLOCK,errors::primary_span::bb15,canon-utils/analysis/src/errors.rs,180,15
3479,CALL_SITE,errors::primary_span::bb15::call11,canon-utils/analysis/src/errors.rs,180,15
3480,BASIC_BLOCK,errors::primary_span::bb16,canon-utils/analysis/src/errors.rs,178,16
3481,CALL_SITE,errors::primary_span::bb16::call12,canon-utils/analysis/src/errors.rs,178,16
3482,BASIC_BLOCK,errors::primary_span::bb17,canon-utils/analysis/src/errors.rs,180,15
3483,CALL_SITE,errors::primary_span::bb17::call13,canon-utils/analysis/src/errors.rs,180,15
3484,BASIC_BLOCK,errors::primary_span::bb18,canon-utils/analysis/src/errors.rs,180,15
3485,CALL_SITE,errors::primary_span::bb18::call14,canon-utils/analysis/src/errors.rs,180,15
3486,BASIC_BLOCK,errors::primary_span::bb19,canon-utils/analysis/src/errors.rs,180,15
3487,CALL_SITE,errors::primary_span::bb19::call15,canon-utils/analysis/src/errors.rs,180,15
3488,CALL_SITE,errors::primary_span::bb1::call1,canon-utils/analysis/src/errors.rs,177,17
3489,BASIC_BLOCK,errors::primary_span::bb2,canon-utils/analysis/src/errors.rs,177,17
3490,BASIC_BLOCK,errors::primary_span::bb20,canon-utils/analysis/src/errors.rs,181,21
3491,CALL_SITE,errors::primary_span::bb20::call16,canon-utils/analysis/src/errors.rs,181,21
3492,BASIC_BLOCK,errors::primary_span::bb21,canon-utils/analysis/src/errors.rs,181,21
3493,CALL_SITE,errors::primary_span::bb21::call17,canon-utils/analysis/src/errors.rs,181,21
3494,BASIC_BLOCK,errors::primary_span::bb22,canon-utils/analysis/src/errors.rs,181,21
3495,CALL_SITE,errors::primary_span::bb22::call18,canon-utils/analysis/src/errors.rs,181,21
3496,BASIC_BLOCK,errors::primary_span::bb23,canon-utils/analysis/src/errors.rs,182,19
3497,CALL_SITE,errors::primary_span::bb23::call19,canon-utils/analysis/src/errors.rs,182,19
3498,BASIC_BLOCK,errors::primary_span::bb24,canon-utils/analysis/src/errors.rs,182,19
3499,CALL_SITE,errors::primary_span::bb24::call20,canon-utils/analysis/src/errors.rs,182,19
3500,BASIC_BLOCK,errors::primary_span::bb25,canon-utils/analysis/src/errors.rs,182,19
3501,CALL_SITE,errors::primary_span::bb25::call21,canon-utils/analysis/src/errors.rs,182,19
3502,BASIC_BLOCK,errors::primary_span::bb26,canon-utils/analysis/src/errors.rs,183,20
3503,CALL_SITE,errors::primary_span::bb26::call22,canon-utils/analysis/src/errors.rs,183,20
3504,BASIC_BLOCK,errors::primary_span::bb27,canon-utils/analysis/src/errors.rs,183,20
3505,CALL_SITE,errors::primary_span::bb27::call23,canon-utils/analysis/src/errors.rs,183,20
3506,BASIC_BLOCK,errors::primary_span::bb28,canon-utils/analysis/src/errors.rs,183,20
3507,CALL_SITE,errors::primary_span::bb28::call24,canon-utils/analysis/src/errors.rs,183,20
3508,BASIC_BLOCK,errors::primary_span::bb29,canon-utils/analysis/src/errors.rs,184,18
3509,CALL_SITE,errors::primary_span::bb29::call25,canon-utils/analysis/src/errors.rs,184,18
3510,BASIC_BLOCK,errors::primary_span::bb3,canon-utils/analysis/src/lib.rs,1,1
3511,BASIC_BLOCK,errors::primary_span::bb30,canon-utils/analysis/src/errors.rs,184,18
3512,CALL_SITE,errors::primary_span::bb30::call26,canon-utils/analysis/src/errors.rs,184,18
3513,BASIC_BLOCK,errors::primary_span::bb31,canon-utils/analysis/src/errors.rs,184,18
3514,CALL_SITE,errors::primary_span::bb31::call27,canon-utils/analysis/src/errors.rs,184,18
3515,BASIC_BLOCK,errors::primary_span::bb32,canon-utils/analysis/src/errors.rs,188,2
3516,BASIC_BLOCK,errors::primary_span::bb33,canon-utils/analysis/src/errors.rs,188,2
3517,BASIC_BLOCK,errors::primary_span::bb34,canon-utils/analysis/src/errors.rs,185,5
3518,BASIC_BLOCK,errors::primary_span::bb35,canon-utils/analysis/src/errors.rs,176,1
3519,BASIC_BLOCK,errors::primary_span::bb4,canon-utils/analysis/src/errors.rs,177,17
3520,CALL_SITE,errors::primary_span::bb4::call2,canon-utils/analysis/src/errors.rs,177,17
3521,BASIC_BLOCK,errors::primary_span::bb5,canon-utils/analysis/src/errors.rs,177,17
3522,CALL_SITE,errors::primary_span::bb5::call3,canon-utils/analysis/src/errors.rs,177,17
3523,BASIC_BLOCK,errors::primary_span::bb6,canon-utils/analysis/src/errors.rs,177,17
3524,CALL_SITE,errors::primary_span::bb6::call4,canon-utils/analysis/src/errors.rs,177,17
3525,BASIC_BLOCK,errors::primary_span::bb7,canon-utils/analysis/src/errors.rs,177,17
3526,BASIC_BLOCK,errors::primary_span::bb8,canon-utils/analysis/src/errors.rs,178,16
3527,CALL_SITE,errors::primary_span::bb8::call5,canon-utils/analysis/src/errors.rs,178,16
3528,BASIC_BLOCK,errors::primary_span::bb9,canon-utils/analysis/src/errors.rs,177,17
3529,CALL_SITE,errors::primary_span::bb9::call6,canon-utils/analysis/src/errors.rs,177,17
3530,FUNCTION,errors::primary_span::fn,canon-utils/analysis/src/errors.rs,176,1
3531,PARAM,errors::primary_span::param0,canon-utils/analysis/src/errors.rs,176,17
3532,BASIC_BLOCK,errors::read_edges_csv::bb0,canon-utils/analysis/src/errors.rs,265,19
3533,CALL_SITE,errors::read_edges_csv::bb0::call0,canon-utils/analysis/src/errors.rs,265,19
3534,BASIC_BLOCK,errors::read_edges_csv::bb1,canon-utils/analysis/src/errors.rs,265,19
3535,BASIC_BLOCK,errors::read_edges_csv::bb10,canon-utils/analysis/src/errors.rs,267,5
3536,BASIC_BLOCK,errors::read_edges_csv::bb11,canon-utils/analysis/src/errors.rs,267,24
3537,CALL_SITE,errors::read_edges_csv::bb11::call8,canon-utils/analysis/src/errors.rs,267,24
3538,BASIC_BLOCK,errors::read_edges_csv::bb12,canon-utils/analysis/src/errors.rs,267,24
3539,BASIC_BLOCK,errors::read_edges_csv::bb13,canon-utils/analysis/src/errors.rs,268,12
3540,BASIC_BLOCK,errors::read_edges_csv::bb14,canon-utils/analysis/src/errors.rs,281,1
3541,BASIC_BLOCK,errors::read_edges_csv::bb15,canon-utils/analysis/src/errors.rs,268,24
3542,CALL_SITE,errors::read_edges_csv::bb15::call9,canon-utils/analysis/src/errors.rs,268,24
3543,BASIC_BLOCK,errors::read_edges_csv::bb16,canon-utils/analysis/src/errors.rs,268,24
3544,CALL_SITE,errors::read_edges_csv::bb16::call10,canon-utils/analysis/src/errors.rs,268,24
3545,BASIC_BLOCK,errors::read_edges_csv::bb17,canon-utils/analysis/src/errors.rs,268,24
3546,BASIC_BLOCK,errors::read_edges_csv::bb18,canon-utils/analysis/src/errors.rs,271,32
3547,CALL_SITE,errors::read_edges_csv::bb18::call11,canon-utils/analysis/src/errors.rs,271,32
3548,BASIC_BLOCK,errors::read_edges_csv::bb19,canon-utils/analysis/src/errors.rs,271,32
3549,CALL_SITE,errors::read_edges_csv::bb19::call12,canon-utils/analysis/src/errors.rs,271,32
3550,CALL_SITE,errors::read_edges_csv::bb1::call1,canon-utils/analysis/src/errors.rs,265,19
3551,BASIC_BLOCK,errors::read_edges_csv::bb2,canon-utils/analysis/src/errors.rs,265,19
3552,BASIC_BLOCK,errors::read_edges_csv::bb20,canon-utils/analysis/src/errors.rs,272,12
3553,CALL_SITE,errors::read_edges_csv::bb20::call13,canon-utils/analysis/src/errors.rs,272,12
3554,BASIC_BLOCK,errors::read_edges_csv::bb21,canon-utils/analysis/src/errors.rs,272,12
3555,BASIC_BLOCK,errors::read_edges_csv::bb22,/home/cicero-arch-omen/.cargo/registry/src/index.crates.io-1949cf8c6b5b557f/anyhow-1.0.102/src/macros.rs,207,55
3556,CALL_SITE,errors::read_edges_csv::bb22::call14,/home/cicero-arch-omen/.cargo/registry/src/index.crates.io-1949cf8c6b5b557f/anyhow-1.0.102/src/macros.rs,207,55
3557,BASIC_BLOCK,errors::read_edges_csv::bb23,/home/cicero-arch-omen/.cargo/registry/src/index.crates.io-1949cf8c6b5b557f/anyhow-1.0.102/src/macros.rs,207,25
3558,CALL_SITE,errors::read_edges_csv::bb23::call15,/home/cicero-arch-omen/.cargo/registry/src/index.crates.io-1949cf8c6b5b557f/anyhow-1.0.102/src/macros.rs,207,25
3559,BASIC_BLOCK,errors::read_edges_csv::bb24,/home/cicero-arch-omen/.cargo/registry/src/index.crates.io-1949cf8c6b5b557f/anyhow-1.0.102/src/macros.rs,206,9
3560,CALL_SITE,errors::read_edges_csv::bb24::call16,/home/cicero-arch-omen/.cargo/registry/src/index.crates.io-1949cf8c6b5b557f/anyhow-1.0.102/src/macros.rs,206,9
3561,BASIC_BLOCK,errors::read_edges_csv::bb25,canon-utils/analysis/src/lib.rs,1,1
3562,BASIC_BLOCK,errors::read_edges_csv::bb26,canon-utils/analysis/src/errors.rs,275,24
3563,CALL_SITE,errors::read_edges_csv::bb26::call17,canon-utils/analysis/src/errors.rs,275,24
3564,BASIC_BLOCK,errors::read_edges_csv::bb27,canon-utils/analysis/src/errors.rs,275,19
3565,CALL_SITE,errors::read_edges_csv::bb27::call18,canon-utils/analysis/src/errors.rs,275,19
3566,BASIC_BLOCK,errors::read_edges_csv::bb28,canon-utils/analysis/src/errors.rs,275,19
3567,CALL_SITE,errors::read_edges_csv::bb28::call19,canon-utils/analysis/src/errors.rs,275,19
3568,BASIC_BLOCK,errors::read_edges_csv::bb29,canon-utils/analysis/src/errors.rs,275,19
3569,BASIC_BLOCK,errors::read_edges_csv::bb3,canon-utils/analysis/src/lib.rs,1,1
3570,BASIC_BLOCK,errors::read_edges_csv::bb30,canon-utils/analysis/src/errors.rs,276,24
3571,CALL_SITE,errors::read_edges_csv::bb30::call20,canon-utils/analysis/src/errors.rs,276,24
3572,BASIC_BLOCK,errors::read_edges_csv::bb31,canon-utils/analysis/src/errors.rs,275,19
3573,CALL_SITE,errors::read_edges_csv::bb31::call21,canon-utils/analysis/src/errors.rs,275,19
3574,BASIC_BLOCK,errors::read_edges_csv::bb32,canon-utils/analysis/src/errors.rs,276,19
3575,CALL_SITE,errors::read_edges_csv::bb32::call22,canon-utils/analysis/src/errors.rs,276,19
3576,BASIC_BLOCK,errors::read_edges_csv::bb33,canon-utils/analysis/src/errors.rs,276,19
3577,CALL_SITE,errors::read_edges_csv::bb33::call23,canon-utils/analysis/src/errors.rs,276,19
3578,BASIC_BLOCK,errors::read_edges_csv::bb34,canon-utils/analysis/src/errors.rs,276,19
3579,BASIC_BLOCK,errors::read_edges_csv::bb35,canon-utils/analysis/src/errors.rs,277,41
3580,CALL_SITE,errors::read_edges_csv::bb35::call24,canon-utils/analysis/src/errors.rs,277,41
3581,BASIC_BLOCK,errors::read_edges_csv::bb36,canon-utils/analysis/src/errors.rs,276,19
3582,CALL_SITE,errors::read_edges_csv::bb36::call25,canon-utils/analysis/src/errors.rs,276,19
3583,BASIC_BLOCK,errors::read_edges_csv::bb37,canon-utils/analysis/src/errors.rs,277,20
3584,CALL_SITE,errors::read_edges_csv::bb37::call26,canon-utils/analysis/src/errors.rs,277,20
3585,BASIC_BLOCK,errors::read_edges_csv::bb38,canon-utils/analysis/src/errors.rs,277,20
3586,CALL_SITE,errors::read_edges_csv::bb38::call27,canon-utils/analysis/src/errors.rs,277,20
3587,BASIC_BLOCK,errors::read_edges_csv::bb39,canon-utils/analysis/src/errors.rs,277,20
3588,BASIC_BLOCK,errors::read_edges_csv::bb4,canon-utils/analysis/src/errors.rs,266,21
3589,BASIC_BLOCK,errors::read_edges_csv::bb40,canon-utils/analysis/src/errors.rs,278,9
3590,CALL_SITE,errors::read_edges_csv::bb40::call28,canon-utils/analysis/src/errors.rs,278,9
3591,BASIC_BLOCK,errors::read_edges_csv::bb41,canon-utils/analysis/src/errors.rs,277,20
3592,CALL_SITE,errors::read_edges_csv::bb41::call29,canon-utils/analysis/src/errors.rs,277,20
3593,BASIC_BLOCK,errors::read_edges_csv::bb42,canon-utils/analysis/src/errors.rs,279,5
3594,BASIC_BLOCK,errors::read_edges_csv::bb43,canon-utils/analysis/src/errors.rs,279,5
3595,BASIC_BLOCK,errors::read_edges_csv::bb44,canon-utils/analysis/src/errors.rs,281,1
3596,BASIC_BLOCK,errors::read_edges_csv::bb45,canon-utils/analysis/src/errors.rs,281,1
3597,BASIC_BLOCK,errors::read_edges_csv::bb46,canon-utils/analysis/src/errors.rs,281,2
3598,BASIC_BLOCK,errors::read_edges_csv::bb47,canon-utils/analysis/src/errors.rs,279,5
3599,BASIC_BLOCK,errors::read_edges_csv::bb48,canon-utils/analysis/src/errors.rs,281,1
3600,BASIC_BLOCK,errors::read_edges_csv::bb49,canon-utils/analysis/src/errors.rs,281,1
3601,CALL_SITE,errors::read_edges_csv::bb4::call2,canon-utils/analysis/src/errors.rs,266,21
3602,BASIC_BLOCK,errors::read_edges_csv::bb5,canon-utils/analysis/src/errors.rs,265,19
3603,BASIC_BLOCK,errors::read_edges_csv::bb50,canon-utils/analysis/src/errors.rs,264,1
3604,BASIC_BLOCK,errors::read_edges_csv::bb51,canon-utils/analysis/src/errors.rs,275,19
3605,BASIC_BLOCK,errors::read_edges_csv::bb52,canon-utils/analysis/src/errors.rs,276,19
3606,BASIC_BLOCK,errors::read_edges_csv::bb53,canon-utils/analysis/src/errors.rs,277,20
3607,CALL_SITE,errors::read_edges_csv::bb5::call3,canon-utils/analysis/src/errors.rs,265,19
3608,BASIC_BLOCK,errors::read_edges_csv::bb6,canon-utils/analysis/src/errors.rs,267,24
3609,CALL_SITE,errors::read_edges_csv::bb6::call4,canon-utils/analysis/src/errors.rs,267,24
3610,BASIC_BLOCK,errors::read_edges_csv::bb7,canon-utils/analysis/src/errors.rs,267,24
3611,CALL_SITE,errors::read_edges_csv::bb7::call5,canon-utils/analysis/src/errors.rs,267,24
3612,BASIC_BLOCK,errors::read_edges_csv::bb8,canon-utils/analysis/src/errors.rs,267,24
3613,CALL_SITE,errors::read_edges_csv::bb8::call6,canon-utils/analysis/src/errors.rs,267,24
3614,BASIC_BLOCK,errors::read_edges_csv::bb9,canon-utils/analysis/src/errors.rs,267,24
3615,CALL_SITE,errors::read_edges_csv::bb9::call7,canon-utils/analysis/src/errors.rs,267,24
3616,FUNCTION,errors::read_edges_csv::fn,canon-utils/analysis/src/errors.rs,264,1
3617,PARAM,errors::read_edges_csv::param0,canon-utils/analysis/src/errors.rs,264,19
3618,BASIC_BLOCK,errors::read_nodes_csv::bb0,canon-utils/analysis/src/errors.rs,243,19
3619,CALL_SITE,errors::read_nodes_csv::bb0::call0,canon-utils/analysis/src/errors.rs,243,19
3620,BASIC_BLOCK,errors::read_nodes_csv::bb1,canon-utils/analysis/src/errors.rs,243,19
3621,BASIC_BLOCK,errors::read_nodes_csv::bb10,canon-utils/analysis/src/errors.rs,245,5
3622,BASIC_BLOCK,errors::read_nodes_csv::bb11,canon-utils/analysis/src/errors.rs,245,24
3623,CALL_SITE,errors::read_nodes_csv::bb11::call8,canon-utils/analysis/src/errors.rs,245,24
3624,BASIC_BLOCK,errors::read_nodes_csv::bb12,canon-utils/analysis/src/errors.rs,245,24
3625,BASIC_BLOCK,errors::read_nodes_csv::bb13,canon-utils/analysis/src/errors.rs,246,12
3626,BASIC_BLOCK,errors::read_nodes_csv::bb14,canon-utils/analysis/src/errors.rs,262,1
3627,BASIC_BLOCK,errors::read_nodes_csv::bb15,canon-utils/analysis/src/errors.rs,246,24
3628,CALL_SITE,errors::read_nodes_csv::bb15::call9,canon-utils/analysis/src/errors.rs,246,24
3629,BASIC_BLOCK,errors::read_nodes_csv::bb16,canon-utils/analysis/src/errors.rs,246,24
3630,CALL_SITE,errors::read_nodes_csv::bb16::call10,canon-utils/analysis/src/errors.rs,246,24
3631,BASIC_BLOCK,errors::read_nodes_csv::bb17,canon-utils/analysis/src/errors.rs,246,24
3632,BASIC_BLOCK,errors::read_nodes_csv::bb18,canon-utils/analysis/src/errors.rs,249,32
3633,CALL_SITE,errors::read_nodes_csv::bb18::call11,canon-utils/analysis/src/errors.rs,249,32
3634,BASIC_BLOCK,errors::read_nodes_csv::bb19,canon-utils/analysis/src/errors.rs,249,32
3635,CALL_SITE,errors::read_nodes_csv::bb19::call12,canon-utils/analysis/src/errors.rs,249,32
3636,CALL_SITE,errors::read_nodes_csv::bb1::call1,canon-utils/analysis/src/errors.rs,243,19
3637,BASIC_BLOCK,errors::read_nodes_csv::bb2,canon-utils/analysis/src/errors.rs,243,19
3638,BASIC_BLOCK,errors::read_nodes_csv::bb20,canon-utils/analysis/src/errors.rs,250,12
3639,CALL_SITE,errors::read_nodes_csv::bb20::call13,canon-utils/analysis/src/errors.rs,250,12
3640,BASIC_BLOCK,errors::read_nodes_csv::bb21,canon-utils/analysis/src/errors.rs,250,12
3641,BASIC_BLOCK,errors::read_nodes_csv::bb22,/home/cicero-arch-omen/.cargo/registry/src/index.crates.io-1949cf8c6b5b557f/anyhow-1.0.102/src/macros.rs,207,55
3642,CALL_SITE,errors::read_nodes_csv::bb22::call14,/home/cicero-arch-omen/.cargo/registry/src/index.crates.io-1949cf8c6b5b557f/anyhow-1.0.102/src/macros.rs,207,55
3643,BASIC_BLOCK,errors::read_nodes_csv::bb23,/home/cicero-arch-omen/.cargo/registry/src/index.crates.io-1949cf8c6b5b557f/anyhow-1.0.102/src/macros.rs,207,25
3644,CALL_SITE,errors::read_nodes_csv::bb23::call15,/home/cicero-arch-omen/.cargo/registry/src/index.crates.io-1949cf8c6b5b557f/anyhow-1.0.102/src/macros.rs,207,25
3645,BASIC_BLOCK,errors::read_nodes_csv::bb24,/home/cicero-arch-omen/.cargo/registry/src/index.crates.io-1949cf8c6b5b557f/anyhow-1.0.102/src/macros.rs,206,9
3646,CALL_SITE,errors::read_nodes_csv::bb24::call16,/home/cicero-arch-omen/.cargo/registry/src/index.crates.io-1949cf8c6b5b557f/anyhow-1.0.102/src/macros.rs,206,9
3647,BASIC_BLOCK,errors::read_nodes_csv::bb25,canon-utils/analysis/src/lib.rs,1,1
3648,BASIC_BLOCK,errors::read_nodes_csv::bb26,canon-utils/analysis/src/errors.rs,253,23
3649,CALL_SITE,errors::read_nodes_csv::bb26::call17,canon-utils/analysis/src/errors.rs,253,23
3650,BASIC_BLOCK,errors::read_nodes_csv::bb27,canon-utils/analysis/src/errors.rs,253,18
3651,CALL_SITE,errors::read_nodes_csv::bb27::call18,canon-utils/analysis/src/errors.rs,253,18
3652,BASIC_BLOCK,errors::read_nodes_csv::bb28,canon-utils/analysis/src/errors.rs,253,18
3653,CALL_SITE,errors::read_nodes_csv::bb28::call19,canon-utils/analysis/src/errors.rs,253,18
3654,BASIC_BLOCK,errors::read_nodes_csv::bb29,canon-utils/analysis/src/errors.rs,253,18
3655,BASIC_BLOCK,errors::read_nodes_csv::bb3,canon-utils/analysis/src/lib.rs,1,1
3656,BASIC_BLOCK,errors::read_nodes_csv::bb30,canon-utils/analysis/src/errors.rs,254,41
3657,CALL_SITE,errors::read_nodes_csv::bb30::call20,canon-utils/analysis/src/errors.rs,254,41
3658,BASIC_BLOCK,errors::read_nodes_csv::bb31,canon-utils/analysis/src/errors.rs,253,18
3659,CALL_SITE,errors::read_nodes_csv::bb31::call21,canon-utils/analysis/src/errors.rs,253,18
3660,BASIC_BLOCK,errors::read_nodes_csv::bb32,canon-utils/analysis/src/errors.rs,254,20
3661,CALL_SITE,errors::read_nodes_csv::bb32::call22,canon-utils/analysis/src/errors.rs,254,20
3662,BASIC_BLOCK,errors::read_nodes_csv::bb33,canon-utils/analysis/src/errors.rs,254,20
3663,CALL_SITE,errors::read_nodes_csv::bb33::call23,canon-utils/analysis/src/errors.rs,254,20
3664,BASIC_BLOCK,errors::read_nodes_csv::bb34,canon-utils/analysis/src/errors.rs,254,20
3665,BASIC_BLOCK,errors::read_nodes_csv::bb35,canon-utils/analysis/src/errors.rs,255,29
3666,CALL_SITE,errors::read_nodes_csv::bb35::call24,canon-utils/analysis/src/errors.rs,255,29
3667,BASIC_BLOCK,errors::read_nodes_csv::bb36,canon-utils/analysis/src/errors.rs,254,20
3668,CALL_SITE,errors::read_nodes_csv::bb36::call25,canon-utils/analysis/src/errors.rs,254,20
3669,BASIC_BLOCK,errors::read_nodes_csv::bb37,canon-utils/analysis/src/errors.rs,255,29
3670,BASIC_BLOCK,errors::read_nodes_csv::bb38,canon-utils/analysis/src/errors.rs,255,28
3671,CALL_SITE,errors::read_nodes_csv::bb38::call26,canon-utils/analysis/src/errors.rs,255,28
3672,BASIC_BLOCK,errors::read_nodes_csv::bb39,canon-utils/analysis/src/errors.rs,255,23
3673,CALL_SITE,errors::read_nodes_csv::bb39::call27,canon-utils/analysis/src/errors.rs,255,23
3674,BASIC_BLOCK,errors::read_nodes_csv::bb4,canon-utils/analysis/src/errors.rs,244,21
3675,BASIC_BLOCK,errors::read_nodes_csv::bb40,canon-utils/analysis/src/errors.rs,255,23
3676,CALL_SITE,errors::read_nodes_csv::bb40::call28,canon-utils/analysis/src/errors.rs,255,23
3677,BASIC_BLOCK,errors::read_nodes_csv::bb41,canon-utils/analysis/src/errors.rs,255,23
3678,BASIC_BLOCK,errors::read_nodes_csv::bb42,canon-utils/analysis/src/errors.rs,256,25
3679,CALL_SITE,errors::read_nodes_csv::bb42::call29,canon-utils/analysis/src/errors.rs,256,25
3680,BASIC_BLOCK,errors::read_nodes_csv::bb43,canon-utils/analysis/src/errors.rs,255,23
3681,CALL_SITE,errors::read_nodes_csv::bb43::call30,canon-utils/analysis/src/errors.rs,255,23
3682,BASIC_BLOCK,errors::read_nodes_csv::bb44,canon-utils/analysis/src/errors.rs,256,25
3683,BASIC_BLOCK,errors::read_nodes_csv::bb45,canon-utils/analysis/src/errors.rs,256,24
3684,CALL_SITE,errors::read_nodes_csv::bb45::call31,canon-utils/analysis/src/errors.rs,256,24
3685,BASIC_BLOCK,errors::read_nodes_csv::bb46,canon-utils/analysis/src/errors.rs,256,19
3686,CALL_SITE,errors::read_nodes_csv::bb46::call32,canon-utils/analysis/src/errors.rs,256,19
3687,BASIC_BLOCK,errors::read_nodes_csv::bb47,canon-utils/analysis/src/errors.rs,256,19
3688,CALL_SITE,errors::read_nodes_csv::bb47::call33,canon-utils/analysis/src/errors.rs,256,19
3689,BASIC_BLOCK,errors::read_nodes_csv::bb48,canon-utils/analysis/src/errors.rs,256,19
3690,BASIC_BLOCK,errors::read_nodes_csv::bb49,canon-utils/analysis/src/errors.rs,257,26
3691,CALL_SITE,errors::read_nodes_csv::bb49::call34,canon-utils/analysis/src/errors.rs,257,26
3692,CALL_SITE,errors::read_nodes_csv::bb4::call2,canon-utils/analysis/src/errors.rs,244,21
3693,BASIC_BLOCK,errors::read_nodes_csv::bb5,canon-utils/analysis/src/errors.rs,243,19
3694,BASIC_BLOCK,errors::read_nodes_csv::bb50,canon-utils/analysis/src/errors.rs,256,19
3695,CALL_SITE,errors::read_nodes_csv::bb50::call35,canon-utils/analysis/src/errors.rs,256,19
3696,BASIC_BLOCK,errors::read_nodes_csv::bb51,canon-utils/analysis/src/errors.rs,257,26
3697,BASIC_BLOCK,errors::read_nodes_csv::bb52,canon-utils/analysis/src/errors.rs,257,25
3698,CALL_SITE,errors::read_nodes_csv::bb52::call36,canon-utils/analysis/src/errors.rs,257,25
3699,BASIC_BLOCK,errors::read_nodes_csv::bb53,canon-utils/analysis/src/errors.rs,257,20
3700,CALL_SITE,errors::read_nodes_csv::bb53::call37,canon-utils/analysis/src/errors.rs,257,20
3701,BASIC_BLOCK,errors::read_nodes_csv::bb54,canon-utils/analysis/src/errors.rs,258,31
3702,CALL_SITE,errors::read_nodes_csv::bb54::call38,canon-utils/analysis/src/errors.rs,258,31
3703,BASIC_BLOCK,errors::read_nodes_csv::bb55,canon-utils/analysis/src/errors.rs,258,31
3704,BASIC_BLOCK,errors::read_nodes_csv::bb56,canon-utils/analysis/src/errors.rs,258,27
3705,CALL_SITE,errors::read_nodes_csv::bb56::call39,canon-utils/analysis/src/errors.rs,258,27
3706,BASIC_BLOCK,errors::read_nodes_csv::bb57,canon-utils/analysis/src/errors.rs,258,22
3707,CALL_SITE,errors::read_nodes_csv::bb57::call40,canon-utils/analysis/src/errors.rs,258,22
3708,BASIC_BLOCK,errors::read_nodes_csv::bb58,canon-utils/analysis/src/errors.rs,259,9
3709,CALL_SITE,errors::read_nodes_csv::bb58::call41,canon-utils/analysis/src/errors.rs,259,9
3710,BASIC_BLOCK,errors::read_nodes_csv::bb59,canon-utils/analysis/src/errors.rs,260,5
3711,CALL_SITE,errors::read_nodes_csv::bb5::call3,canon-utils/analysis/src/errors.rs,243,19
3712,BASIC_BLOCK,errors::read_nodes_csv::bb6,canon-utils/analysis/src/errors.rs,245,24
3713,BASIC_BLOCK,errors::read_nodes_csv::bb60,canon-utils/analysis/src/errors.rs,260,5
3714,BASIC_BLOCK,errors::read_nodes_csv::bb61,canon-utils/analysis/src/errors.rs,262,1
3715,BASIC_BLOCK,errors::read_nodes_csv::bb62,canon-utils/analysis/src/errors.rs,262,1
3716,BASIC_BLOCK,errors::read_nodes_csv::bb63,canon-utils/analysis/src/errors.rs,262,2
3717,BASIC_BLOCK,errors::read_nodes_csv::bb64,canon-utils/analysis/src/errors.rs,260,5
3718,BASIC_BLOCK,errors::read_nodes_csv::bb65,canon-utils/analysis/src/errors.rs,262,1
3719,BASIC_BLOCK,errors::read_nodes_csv::bb66,canon-utils/analysis/src/errors.rs,262,1
3720,BASIC_BLOCK,errors::read_nodes_csv::bb67,canon-utils/analysis/src/errors.rs,242,1
3721,BASIC_BLOCK,errors::read_nodes_csv::bb68,canon-utils/analysis/src/errors.rs,260,5
3722,BASIC_BLOCK,errors::read_nodes_csv::bb69,canon-utils/analysis/src/errors.rs,260,5
3723,CALL_SITE,errors::read_nodes_csv::bb6::call4,canon-utils/analysis/src/errors.rs,245,24
3724,BASIC_BLOCK,errors::read_nodes_csv::bb7,canon-utils/analysis/src/errors.rs,245,24
3725,BASIC_BLOCK,errors::read_nodes_csv::bb70,canon-utils/analysis/src/errors.rs,253,18
3726,BASIC_BLOCK,errors::read_nodes_csv::bb71,canon-utils/analysis/src/errors.rs,254,20
3727,BASIC_BLOCK,errors::read_nodes_csv::bb72,canon-utils/analysis/src/errors.rs,255,23
3728,BASIC_BLOCK,errors::read_nodes_csv::bb73,canon-utils/analysis/src/errors.rs,256,19
3729,CALL_SITE,errors::read_nodes_csv::bb7::call5,canon-utils/analysis/src/errors.rs,245,24
3730,BASIC_BLOCK,errors::read_nodes_csv::bb8,canon-utils/analysis/src/errors.rs,245,24
3731,CALL_SITE,errors::read_nodes_csv::bb8::call6,canon-utils/analysis/src/errors.rs,245,24
3732,BASIC_BLOCK,errors::read_nodes_csv::bb9,canon-utils/analysis/src/errors.rs,245,24
3733,CALL_SITE,errors::read_nodes_csv::bb9::call7,canon-utils/analysis/src/errors.rs,245,24
3734,FUNCTION,errors::read_nodes_csv::fn,canon-utils/analysis/src/errors.rs,242,1
3735,PARAM,errors::read_nodes_csv::param0,canon-utils/analysis/src/errors.rs,242,19
3736,BASIC_BLOCK,errors::write_repair_surface::bb0,canon-utils/analysis/src/errors.rs,130,16
3737,CALL_SITE,errors::write_repair_surface::bb0::call0,canon-utils/analysis/src/errors.rs,130,16
3738,BASIC_BLOCK,errors::write_repair_surface::bb1,/home/cicero-arch-omen/.cargo/registry/src/index.crates.io-1949cf8c6b5b557f/serde_json-1.0.149/src/macros.rs,270,30
3739,BASIC_BLOCK,errors::write_repair_surface::bb10,/home/cicero-arch-omen/.cargo/registry/src/index.crates.io-1949cf8c6b5b557f/serde_json-1.0.149/src/macros.rs,148,17
3740,CALL_SITE,errors::write_repair_surface::bb10::call9,/home/cicero-arch-omen/.cargo/registry/src/index.crates.io-1949cf8c6b5b557f/serde_json-1.0.149/src/macros.rs,148,17
3741,BASIC_BLOCK,errors::write_repair_surface::bb11,/home/cicero-arch-omen/.cargo/registry/src/index.crates.io-1949cf8c6b5b557f/serde_json-1.0.149/src/macros.rs,148,58
3742,BASIC_BLOCK,errors::write_repair_surface::bb12,canon-utils/analysis/src/errors.rs,135,21
3743,CALL_SITE,errors::write_repair_surface::bb12::call10,canon-utils/analysis/src/errors.rs,135,21
3744,BASIC_BLOCK,errors::write_repair_surface::bb13,canon-utils/analysis/src/errors.rs,135,21
3745,CALL_SITE,errors::write_repair_surface::bb13::call11,canon-utils/analysis/src/errors.rs,135,21
3746,BASIC_BLOCK,errors::write_repair_surface::bb14,canon-utils/analysis/src/errors.rs,135,21
3747,BASIC_BLOCK,errors::write_repair_surface::bb15,canon-utils/analysis/src/lib.rs,1,1
3748,BASIC_BLOCK,errors::write_repair_surface::bb16,canon-utils/analysis/src/errors.rs,135,5
3749,CALL_SITE,errors::write_repair_surface::bb16::call12,canon-utils/analysis/src/errors.rs,135,5
3750,BASIC_BLOCK,errors::write_repair_surface::bb17,canon-utils/analysis/src/errors.rs,135,21
3751,CALL_SITE,errors::write_repair_surface::bb17::call13,canon-utils/analysis/src/errors.rs,135,21
3752,BASIC_BLOCK,errors::write_repair_surface::bb18,canon-utils/analysis/src/errors.rs,135,60
3753,BASIC_BLOCK,errors::write_repair_surface::bb19,canon-utils/analysis/src/errors.rs,135,5
3754,CALL_SITE,errors::write_repair_surface::bb19::call14,canon-utils/analysis/src/errors.rs,135,5
3755,CALL_SITE,errors::write_repair_surface::bb1::call1,/home/cicero-arch-omen/.cargo/registry/src/index.crates.io-1949cf8c6b5b557f/serde_json-1.0.149/src/macros.rs,270,30
3756,BASIC_BLOCK,errors::write_repair_surface::bb2,/home/cicero-arch-omen/.cargo/registry/src/index.crates.io-1949cf8c6b5b557f/serde_json-1.0.149/src/macros.rs,148,32
3757,BASIC_BLOCK,errors::write_repair_surface::bb20,canon-utils/analysis/src/errors.rs,135,5
3758,BASIC_BLOCK,errors::write_repair_surface::bb21,canon-utils/analysis/src/errors.rs,137,1
3759,BASIC_BLOCK,errors::write_repair_surface::bb22,canon-utils/analysis/src/errors.rs,135,5
3760,CALL_SITE,errors::write_repair_surface::bb22::call15,canon-utils/analysis/src/errors.rs,135,5
3761,BASIC_BLOCK,errors::write_repair_surface::bb23,canon-utils/analysis/src/errors.rs,137,2
3762,BASIC_BLOCK,errors::write_repair_surface::bb24,canon-utils/analysis/src/lib.rs,1,1
3763,BASIC_BLOCK,errors::write_repair_surface::bb25,canon-utils/analysis/src/errors.rs,137,2
3764,BASIC_BLOCK,errors::write_repair_surface::bb26,canon-utils/analysis/src/errors.rs,137,2
3765,BASIC_BLOCK,errors::write_repair_surface::bb27,canon-utils/analysis/src/errors.rs,135,60
3766,BASIC_BLOCK,errors::write_repair_surface::bb28,canon-utils/analysis/src/errors.rs,137,1
3767,BASIC_BLOCK,errors::write_repair_surface::bb29,/home/cicero-arch-omen/.cargo/registry/src/index.crates.io-1949cf8c6b5b557f/serde_json-1.0.149/src/macros.rs,273,9
3768,CALL_SITE,errors::write_repair_surface::bb2::call2,/home/cicero-arch-omen/.cargo/registry/src/index.crates.io-1949cf8c6b5b557f/serde_json-1.0.149/src/macros.rs,148,32
3769,BASIC_BLOCK,errors::write_repair_surface::bb3,/home/cicero-arch-omen/.cargo/registry/src/index.crates.io-1949cf8c6b5b557f/serde_json-1.0.149/src/macros.rs,279,9
3770,BASIC_BLOCK,errors::write_repair_surface::bb30,canon-utils/analysis/src/errors.rs,129,1
3771,BASIC_BLOCK,errors::write_repair_surface::bb31,canon-utils/analysis/src/errors.rs,137,1
3772,BASIC_BLOCK,errors::write_repair_surface::bb32,canon-utils/analysis/src/errors.rs,135,60
3773,BASIC_BLOCK,errors::write_repair_surface::bb33,canon-utils/analysis/src/errors.rs,135,60
3774,BASIC_BLOCK,errors::write_repair_surface::bb34,/home/cicero-arch-omen/.cargo/registry/src/index.crates.io-1949cf8c6b5b557f/serde_json-1.0.149/src/macros.rs,148,57
3775,BASIC_BLOCK,errors::write_repair_surface::bb35,/home/cicero-arch-omen/.cargo/registry/src/index.crates.io-1949cf8c6b5b557f/serde_json-1.0.149/src/macros.rs,148,57
3776,BASIC_BLOCK,errors::write_repair_surface::bb36,/home/cicero-arch-omen/.cargo/registry/src/index.crates.io-1949cf8c6b5b557f/serde_json-1.0.149/src/macros.rs,148,57
3777,BASIC_BLOCK,errors::write_repair_surface::bb37,/home/cicero-arch-omen/.cargo/registry/src/index.crates.io-1949cf8c6b5b557f/serde_json-1.0.149/src/macros.rs,148,57
3778,BASIC_BLOCK,errors::write_repair_surface::bb38,canon-utils/analysis/src/errors.rs,137,1
3779,BASIC_BLOCK,errors::write_repair_surface::bb39,canon-utils/analysis/src/errors.rs,137,1
3780,CALL_SITE,errors::write_repair_surface::bb3::call3,/home/cicero-arch-omen/.cargo/registry/src/index.crates.io-1949cf8c6b5b557f/serde_json-1.0.149/src/macros.rs,279,9
3781,BASIC_BLOCK,errors::write_repair_surface::bb4,/home/cicero-arch-omen/.cargo/registry/src/index.crates.io-1949cf8c6b5b557f/serde_json-1.0.149/src/macros.rs,279,9
3782,BASIC_BLOCK,errors::write_repair_surface::bb40,canon-utils/analysis/src/errors.rs,135,5
3783,CALL_SITE,errors::write_repair_surface::bb4::call4,/home/cicero-arch-omen/.cargo/registry/src/index.crates.io-1949cf8c6b5b557f/serde_json-1.0.149/src/macros.rs,279,9
3784,BASIC_BLOCK,errors::write_repair_surface::bb5,/home/cicero-arch-omen/.cargo/registry/src/index.crates.io-1949cf8c6b5b557f/serde_json-1.0.149/src/macros.rs,148,17
3785,CALL_SITE,errors::write_repair_surface::bb5::call5,/home/cicero-arch-omen/.cargo/registry/src/index.crates.io-1949cf8c6b5b557f/serde_json-1.0.149/src/macros.rs,148,17
3786,BASIC_BLOCK,errors::write_repair_surface::bb6,/home/cicero-arch-omen/.cargo/registry/src/index.crates.io-1949cf8c6b5b557f/serde_json-1.0.149/src/macros.rs,148,58
3787,BASIC_BLOCK,errors::write_repair_surface::bb7,/home/cicero-arch-omen/.cargo/registry/src/index.crates.io-1949cf8c6b5b557f/serde_json-1.0.149/src/macros.rs,148,32
3788,CALL_SITE,errors::write_repair_surface::bb7::call6,/home/cicero-arch-omen/.cargo/registry/src/index.crates.io-1949cf8c6b5b557f/serde_json-1.0.149/src/macros.rs,148,32
3789,BASIC_BLOCK,errors::write_repair_surface::bb8,/home/cicero-arch-omen/.cargo/registry/src/index.crates.io-1949cf8c6b5b557f/serde_json-1.0.149/src/macros.rs,279,9
3790,CALL_SITE,errors::write_repair_surface::bb8::call7,/home/cicero-arch-omen/.cargo/registry/src/index.crates.io-1949cf8c6b5b557f/serde_json-1.0.149/src/macros.rs,279,9
3791,BASIC_BLOCK,errors::write_repair_surface::bb9,/home/cicero-arch-omen/.cargo/registry/src/index.crates.io-1949cf8c6b5b557f/serde_json-1.0.149/src/macros.rs,279,9
3792,CALL_SITE,errors::write_repair_surface::bb9::call8,/home/cicero-arch-omen/.cargo/registry/src/index.crates.io-1949cf8c6b5b557f/serde_json-1.0.149/src/macros.rs,279,9
3793,FUNCTION,errors::write_repair_surface::fn,canon-utils/analysis/src/errors.rs,129,1
3794,PARAM,errors::write_repair_surface::param0,canon-utils/analysis/src/errors.rs,129,29
3795,PARAM,errors::write_repair_surface::param1,canon-utils/analysis/src/errors.rs,129,48
3796,MODULE,extract,canon-utils/analysis/src/lib.rs,10,1
3797,STRUCT,extract::NodeSpec,canon-utils/analysis/src/extract.rs,22,1
3798,FIELD,extract::NodeSpec::column,canon-utils/analysis/src/extract.rs,22,1
3799,FIELD,extract::NodeSpec::file,canon-utils/analysis/src/extract.rs,22,1
3800,FIELD,extract::NodeSpec::kind,canon-utils/analysis/src/extract.rs,22,1
3801,FIELD,extract::NodeSpec::kind_id,canon-utils/analysis/src/extract.rs,22,1
3802,FIELD,extract::NodeSpec::line,canon-utils/analysis/src/extract.rs,22,1
3803,FIELD,extract::NodeSpec::symbol,canon-utils/analysis/src/extract.rs,22,1
3804,STRUCT,extract::UpgGraph,canon-utils/analysis/src/extract.rs,14,1
3805,FIELD,extract::UpgGraph::csr,canon-utils/analysis/src/extract.rs,14,1
3806,FIELD,extract::UpgGraph::edges,canon-utils/analysis/src/extract.rs,14,1
3807,FIELD,extract::UpgGraph::metadata,canon-utils/analysis/src/extract.rs,14,1
3808,FIELD,extract::UpgGraph::nodes,canon-utils/analysis/src/extract.rs,14,1
3809,BASIC_BLOCK,extract::build_edges::bb0,canon-utils/analysis/src/extract.rs,374,21
3810,CALL_SITE,extract::build_edges::bb0::call0,canon-utils/analysis/src/extract.rs,374,21
3811,BASIC_BLOCK,extract::build_edges::bb1,canon-utils/analysis/src/extract.rs,376,27
3812,BASIC_BLOCK,extract::build_edges::bb10,canon-utils/analysis/src/extract.rs,393,31
3813,BASIC_BLOCK,extract::build_edges::bb100,canon-utils/analysis/src/extract.rs,458,28
3814,BASIC_BLOCK,extract::build_edges::bb101,canon-utils/analysis/src/extract.rs,459,25
3815,CALL_SITE,extract::build_edges::bb101::call65,canon-utils/analysis/src/extract.rs,459,25
3816,BASIC_BLOCK,extract::build_edges::bb102,canon-utils/analysis/src/extract.rs,465,17
3817,BASIC_BLOCK,extract::build_edges::bb103,canon-utils/analysis/src/extract.rs,466,24
3818,BASIC_BLOCK,extract::build_edges::bb104,canon-utils/analysis/src/extract.rs,467,65
3819,CALL_SITE,extract::build_edges::bb104::call66,canon-utils/analysis/src/extract.rs,467,65
3820,BASIC_BLOCK,extract::build_edges::bb105,canon-utils/analysis/src/extract.rs,467,50
3821,CALL_SITE,extract::build_edges::bb105::call67,canon-utils/analysis/src/extract.rs,467,50
3822,BASIC_BLOCK,extract::build_edges::bb106,canon-utils/analysis/src/extract.rs,467,60
3823,CALL_SITE,extract::build_edges::bb106::call68,canon-utils/analysis/src/extract.rs,467,60
3824,BASIC_BLOCK,extract::build_edges::bb107,/home/cicero-arch-omen/.rustup/toolchains/nightly-x86_64-unknown-linux-gnu/lib/rustlib/src/rust/library/alloc/src/macros.rs,114,33
3825,CALL_SITE,extract::build_edges::bb107::call69,/home/cicero-arch-omen/.rustup/toolchains/nightly-x86_64-unknown-linux-gnu/lib/rustlib/src/rust/library/alloc/src/macros.rs,114,33
3826,BASIC_BLOCK,extract::build_edges::bb108,/home/cicero-arch-omen/.rustup/toolchains/nightly-x86_64-unknown-linux-gnu/lib/rustlib/src/rust/library/alloc/src/macros.rs,114,13
3827,CALL_SITE,extract::build_edges::bb108::call70,/home/cicero-arch-omen/.rustup/toolchains/nightly-x86_64-unknown-linux-gnu/lib/rustlib/src/rust/library/alloc/src/macros.rs,114,13
3828,BASIC_BLOCK,extract::build_edges::bb109,/home/cicero-arch-omen/.rustup/toolchains/nightly-x86_64-unknown-linux-gnu/lib/rustlib/src/rust/library/alloc/src/macros.rs,113,9
3829,CALL_SITE,extract::build_edges::bb109::call71,/home/cicero-arch-omen/.rustup/toolchains/nightly-x86_64-unknown-linux-gnu/lib/rustlib/src/rust/library/alloc/src/macros.rs,113,9
3830,CALL_SITE,extract::build_edges::bb10::call5,canon-utils/analysis/src/extract.rs,393,31
3831,BASIC_BLOCK,extract::build_edges::bb11,canon-utils/analysis/src/extract.rs,379,33
3832,BASIC_BLOCK,extract::build_edges::bb110,canon-utils/analysis/src/extract.rs,468,43
3833,CALL_SITE,extract::build_edges::bb110::call72,canon-utils/analysis/src/extract.rs,468,43
3834,BASIC_BLOCK,extract::build_edges::bb111,canon-utils/analysis/src/extract.rs,468,28
3835,BASIC_BLOCK,extract::build_edges::bb112,canon-utils/analysis/src/extract.rs,469,25
3836,CALL_SITE,extract::build_edges::bb112::call73,canon-utils/analysis/src/extract.rs,469,25
3837,BASIC_BLOCK,extract::build_edges::bb113,canon-utils/analysis/src/extract.rs,475,17
3838,BASIC_BLOCK,extract::build_edges::bb114,/home/cicero-arch-omen/.rustup/toolchains/nightly-x86_64-unknown-linux-gnu/lib/rustlib/src/rust/library/core/src/macros/mod.rs,433,9
3839,BASIC_BLOCK,extract::build_edges::bb115,/home/cicero-arch-omen/.rustup/toolchains/nightly-x86_64-unknown-linux-gnu/lib/rustlib/src/rust/library/core/src/macros/mod.rs,435,18
3840,BASIC_BLOCK,extract::build_edges::bb116,/home/cicero-arch-omen/.rustup/toolchains/nightly-x86_64-unknown-linux-gnu/lib/rustlib/src/rust/library/core/src/macros/mod.rs,434,39
3841,BASIC_BLOCK,extract::build_edges::bb117,/home/cicero-arch-omen/.rustup/toolchains/nightly-x86_64-unknown-linux-gnu/lib/rustlib/src/rust/library/core/src/macros/mod.rs,433,9
3842,BASIC_BLOCK,extract::build_edges::bb118,canon-utils/analysis/src/extract.rs,477,28
3843,BASIC_BLOCK,extract::build_edges::bb119,canon-utils/analysis/src/extract.rs,478,25
3844,CALL_SITE,extract::build_edges::bb119::call74,canon-utils/analysis/src/extract.rs,478,25
3845,CALL_SITE,extract::build_edges::bb11::call6,canon-utils/analysis/src/extract.rs,379,33
3846,BASIC_BLOCK,extract::build_edges::bb12,canon-utils/analysis/src/extract.rs,379,33
3847,BASIC_BLOCK,extract::build_edges::bb120,canon-utils/analysis/src/extract.rs,485,24
3848,BASIC_BLOCK,extract::build_edges::bb121,canon-utils/analysis/src/extract.rs,486,55
3849,CALL_SITE,extract::build_edges::bb121::call75,canon-utils/analysis/src/extract.rs,486,55
3850,BASIC_BLOCK,extract::build_edges::bb122,canon-utils/analysis/src/extract.rs,486,28
3851,BASIC_BLOCK,extract::build_edges::bb123,canon-utils/analysis/src/extract.rs,487,63
3852,CALL_SITE,extract::build_edges::bb123::call76,canon-utils/analysis/src/extract.rs,487,63
3853,BASIC_BLOCK,extract::build_edges::bb124,canon-utils/analysis/src/extract.rs,487,54
3854,CALL_SITE,extract::build_edges::bb124::call77,canon-utils/analysis/src/extract.rs,487,54
3855,BASIC_BLOCK,extract::build_edges::bb125,/home/cicero-arch-omen/.rustup/toolchains/nightly-x86_64-unknown-linux-gnu/lib/rustlib/src/rust/library/alloc/src/macros.rs,114,33
3856,CALL_SITE,extract::build_edges::bb125::call78,/home/cicero-arch-omen/.rustup/toolchains/nightly-x86_64-unknown-linux-gnu/lib/rustlib/src/rust/library/alloc/src/macros.rs,114,33
3857,BASIC_BLOCK,extract::build_edges::bb126,/home/cicero-arch-omen/.rustup/toolchains/nightly-x86_64-unknown-linux-gnu/lib/rustlib/src/rust/library/alloc/src/macros.rs,114,13
3858,CALL_SITE,extract::build_edges::bb126::call79,/home/cicero-arch-omen/.rustup/toolchains/nightly-x86_64-unknown-linux-gnu/lib/rustlib/src/rust/library/alloc/src/macros.rs,114,13
3859,BASIC_BLOCK,extract::build_edges::bb127,/home/cicero-arch-omen/.rustup/toolchains/nightly-x86_64-unknown-linux-gnu/lib/rustlib/src/rust/library/alloc/src/macros.rs,114,73
3860,BASIC_BLOCK,extract::build_edges::bb128,/home/cicero-arch-omen/.rustup/toolchains/nightly-x86_64-unknown-linux-gnu/lib/rustlib/src/rust/library/alloc/src/macros.rs,113,9
3861,CALL_SITE,extract::build_edges::bb128::call80,/home/cicero-arch-omen/.rustup/toolchains/nightly-x86_64-unknown-linux-gnu/lib/rustlib/src/rust/library/alloc/src/macros.rs,113,9
3862,BASIC_BLOCK,extract::build_edges::bb129,canon-utils/analysis/src/extract.rs,488,47
3863,CALL_SITE,extract::build_edges::bb129::call81,canon-utils/analysis/src/extract.rs,488,47
3864,CALL_SITE,extract::build_edges::bb12::call7,canon-utils/analysis/src/extract.rs,379,33
3865,BASIC_BLOCK,extract::build_edges::bb13,canon-utils/analysis/src/extract.rs,380,24
3866,BASIC_BLOCK,extract::build_edges::bb130,canon-utils/analysis/src/extract.rs,488,32
3867,BASIC_BLOCK,extract::build_edges::bb131,canon-utils/analysis/src/extract.rs,489,29
3868,CALL_SITE,extract::build_edges::bb131::call82,canon-utils/analysis/src/extract.rs,489,29
3869,BASIC_BLOCK,extract::build_edges::bb132,canon-utils/analysis/src/extract.rs,495,21
3870,BASIC_BLOCK,extract::build_edges::bb133,canon-utils/analysis/src/extract.rs,498,9
3871,BASIC_BLOCK,extract::build_edges::bb134,canon-utils/analysis/src/extract.rs,498,9
3872,BASIC_BLOCK,extract::build_edges::bb135,canon-utils/analysis/src/extract.rs,495,21
3873,BASIC_BLOCK,extract::build_edges::bb136,/home/cicero-arch-omen/.rustup/toolchains/nightly-x86_64-unknown-linux-gnu/lib/rustlib/src/rust/library/alloc/src/macros.rs,114,73
3874,BASIC_BLOCK,extract::build_edges::bb137,canon-utils/analysis/src/extract.rs,475,17
3875,BASIC_BLOCK,extract::build_edges::bb138,canon-utils/analysis/src/extract.rs,465,17
3876,BASIC_BLOCK,extract::build_edges::bb139,canon-utils/analysis/src/extract.rs,498,9
3877,BASIC_BLOCK,extract::build_edges::bb14,canon-utils/analysis/src/extract.rs,381,62
3878,BASIC_BLOCK,extract::build_edges::bb140,canon-utils/analysis/src/extract.rs,499,5
3879,BASIC_BLOCK,extract::build_edges::bb141,canon-utils/analysis/src/extract.rs,420,21
3880,BASIC_BLOCK,extract::build_edges::bb142,canon-utils/analysis/src/extract.rs,420,21
3881,BASIC_BLOCK,extract::build_edges::bb143,canon-utils/analysis/src/extract.rs,422,13
3882,BASIC_BLOCK,extract::build_edges::bb144,canon-utils/analysis/src/extract.rs,405,21
3883,BASIC_BLOCK,extract::build_edges::bb145,canon-utils/analysis/src/extract.rs,389,21
3884,BASIC_BLOCK,extract::build_edges::bb146,canon-utils/analysis/src/extract.rs,389,21
3885,BASIC_BLOCK,extract::build_edges::bb147,canon-utils/analysis/src/extract.rs,502,1
3886,BASIC_BLOCK,extract::build_edges::bb148,canon-utils/analysis/src/extract.rs,369,1
3887,BASIC_BLOCK,extract::build_edges::bb149,canon-utils/analysis/src/extract.rs,383,29
3888,CALL_SITE,extract::build_edges::bb14::call8,canon-utils/analysis/src/extract.rs,381,62
3889,BASIC_BLOCK,extract::build_edges::bb15,canon-utils/analysis/src/extract.rs,381,34
3890,BASIC_BLOCK,extract::build_edges::bb150,canon-utils/analysis/src/extract.rs,399,29
3891,BASIC_BLOCK,extract::build_edges::bb151,canon-utils/analysis/src/extract.rs,414,29
3892,BASIC_BLOCK,extract::build_edges::bb152,canon-utils/analysis/src/extract.rs,435,53
3893,BASIC_BLOCK,extract::build_edges::bb153,canon-utils/analysis/src/extract.rs,449,17
3894,BASIC_BLOCK,extract::build_edges::bb154,canon-utils/analysis/src/extract.rs,459,25
3895,BASIC_BLOCK,extract::build_edges::bb155,canon-utils/analysis/src/extract.rs,469,25
3896,BASIC_BLOCK,extract::build_edges::bb156,canon-utils/analysis/src/extract.rs,478,25
3897,BASIC_BLOCK,extract::build_edges::bb157,canon-utils/analysis/src/extract.rs,489,29
3898,CALL_SITE,extract::build_edges::bb15::call9,canon-utils/analysis/src/extract.rs,381,34
3899,BASIC_BLOCK,extract::build_edges::bb16,canon-utils/analysis/src/extract.rs,381,34
3900,CALL_SITE,extract::build_edges::bb16::call10,canon-utils/analysis/src/extract.rs,381,34
3901,BASIC_BLOCK,extract::build_edges::bb17,canon-utils/analysis/src/extract.rs,381,21
3902,BASIC_BLOCK,extract::build_edges::bb18,canon-utils/analysis/src/extract.rs,381,34
3903,CALL_SITE,extract::build_edges::bb18::call11,canon-utils/analysis/src/extract.rs,381,34
3904,BASIC_BLOCK,extract::build_edges::bb19,canon-utils/analysis/src/extract.rs,381,34
3905,CALL_SITE,extract::build_edges::bb1::call1,canon-utils/analysis/src/extract.rs,376,27
3906,BASIC_BLOCK,extract::build_edges::bb2,canon-utils/analysis/src/extract.rs,376,5
3907,BASIC_BLOCK,extract::build_edges::bb20,canon-utils/analysis/src/extract.rs,382,49
3908,CALL_SITE,extract::build_edges::bb20::call12,canon-utils/analysis/src/extract.rs,382,49
3909,BASIC_BLOCK,extract::build_edges::bb21,canon-utils/analysis/src/extract.rs,389,21
3910,BASIC_BLOCK,extract::build_edges::bb22,canon-utils/analysis/src/extract.rs,382,32
3911,BASIC_BLOCK,extract::build_edges::bb23,canon-utils/analysis/src/extract.rs,383,29
3912,CALL_SITE,extract::build_edges::bb23::call13,canon-utils/analysis/src/extract.rs,383,29
3913,BASIC_BLOCK,extract::build_edges::bb24,canon-utils/analysis/src/extract.rs,389,21
3914,BASIC_BLOCK,extract::build_edges::bb25,canon-utils/analysis/src/extract.rs,393,31
3915,CALL_SITE,extract::build_edges::bb25::call14,canon-utils/analysis/src/extract.rs,393,31
3916,BASIC_BLOCK,extract::build_edges::bb26,canon-utils/analysis/src/extract.rs,394,24
3917,BASIC_BLOCK,extract::build_edges::bb27,canon-utils/analysis/src/extract.rs,395,24
3918,BASIC_BLOCK,extract::build_edges::bb28,canon-utils/analysis/src/extract.rs,396,41
3919,CALL_SITE,extract::build_edges::bb28::call15,canon-utils/analysis/src/extract.rs,396,41
3920,BASIC_BLOCK,extract::build_edges::bb29,canon-utils/analysis/src/extract.rs,396,41
3921,CALL_SITE,extract::build_edges::bb29::call16,canon-utils/analysis/src/extract.rs,396,41
3922,BASIC_BLOCK,extract::build_edges::bb3,canon-utils/analysis/src/extract.rs,376,27
3923,BASIC_BLOCK,extract::build_edges::bb30,canon-utils/analysis/src/extract.rs,397,42
3924,CALL_SITE,extract::build_edges::bb30::call17,canon-utils/analysis/src/extract.rs,397,42
3925,BASIC_BLOCK,extract::build_edges::bb31,canon-utils/analysis/src/extract.rs,398,49
3926,CALL_SITE,extract::build_edges::bb31::call18,canon-utils/analysis/src/extract.rs,398,49
3927,BASIC_BLOCK,extract::build_edges::bb32,canon-utils/analysis/src/extract.rs,398,32
3928,BASIC_BLOCK,extract::build_edges::bb33,canon-utils/analysis/src/extract.rs,399,29
3929,CALL_SITE,extract::build_edges::bb33::call19,canon-utils/analysis/src/extract.rs,399,29
3930,BASIC_BLOCK,extract::build_edges::bb34,canon-utils/analysis/src/extract.rs,405,21
3931,BASIC_BLOCK,extract::build_edges::bb35,/home/cicero-arch-omen/.rustup/toolchains/nightly-x86_64-unknown-linux-gnu/lib/rustlib/src/rust/library/alloc/src/macros.rs,114,33
3932,CALL_SITE,extract::build_edges::bb35::call20,/home/cicero-arch-omen/.rustup/toolchains/nightly-x86_64-unknown-linux-gnu/lib/rustlib/src/rust/library/alloc/src/macros.rs,114,33
3933,BASIC_BLOCK,extract::build_edges::bb36,/home/cicero-arch-omen/.rustup/toolchains/nightly-x86_64-unknown-linux-gnu/lib/rustlib/src/rust/library/alloc/src/macros.rs,114,13
3934,CALL_SITE,extract::build_edges::bb36::call21,/home/cicero-arch-omen/.rustup/toolchains/nightly-x86_64-unknown-linux-gnu/lib/rustlib/src/rust/library/alloc/src/macros.rs,114,13
3935,BASIC_BLOCK,extract::build_edges::bb37,/home/cicero-arch-omen/.rustup/toolchains/nightly-x86_64-unknown-linux-gnu/lib/rustlib/src/rust/library/alloc/src/macros.rs,113,9
3936,CALL_SITE,extract::build_edges::bb37::call22,/home/cicero-arch-omen/.rustup/toolchains/nightly-x86_64-unknown-linux-gnu/lib/rustlib/src/rust/library/alloc/src/macros.rs,113,9
3937,BASIC_BLOCK,extract::build_edges::bb38,canon-utils/analysis/src/extract.rs,410,29
3938,CALL_SITE,extract::build_edges::bb38::call23,canon-utils/analysis/src/extract.rs,410,29
3939,BASIC_BLOCK,extract::build_edges::bb39,canon-utils/analysis/src/extract.rs,410,29
3940,CALL_SITE,extract::build_edges::bb39::call24,canon-utils/analysis/src/extract.rs,410,29
3941,CALL_SITE,extract::build_edges::bb3::call2,canon-utils/analysis/src/extract.rs,376,27
3942,BASIC_BLOCK,extract::build_edges::bb4,canon-utils/analysis/src/extract.rs,376,27
3943,BASIC_BLOCK,extract::build_edges::bb40,canon-utils/analysis/src/extract.rs,411,24
3944,BASIC_BLOCK,extract::build_edges::bb41,canon-utils/analysis/src/extract.rs,412,69
3945,CALL_SITE,extract::build_edges::bb41::call25,canon-utils/analysis/src/extract.rs,412,69
3946,BASIC_BLOCK,extract::build_edges::bb42,canon-utils/analysis/src/extract.rs,412,41
3947,CALL_SITE,extract::build_edges::bb42::call26,canon-utils/analysis/src/extract.rs,412,41
3948,BASIC_BLOCK,extract::build_edges::bb43,canon-utils/analysis/src/extract.rs,412,41
3949,CALL_SITE,extract::build_edges::bb43::call27,canon-utils/analysis/src/extract.rs,412,41
3950,BASIC_BLOCK,extract::build_edges::bb44,canon-utils/analysis/src/extract.rs,412,21
3951,BASIC_BLOCK,extract::build_edges::bb45,canon-utils/analysis/src/extract.rs,412,41
3952,CALL_SITE,extract::build_edges::bb45::call28,canon-utils/analysis/src/extract.rs,412,41
3953,BASIC_BLOCK,extract::build_edges::bb46,canon-utils/analysis/src/extract.rs,412,41
3954,BASIC_BLOCK,extract::build_edges::bb47,canon-utils/analysis/src/extract.rs,413,49
3955,CALL_SITE,extract::build_edges::bb47::call29,canon-utils/analysis/src/extract.rs,413,49
3956,BASIC_BLOCK,extract::build_edges::bb48,canon-utils/analysis/src/extract.rs,420,21
3957,BASIC_BLOCK,extract::build_edges::bb49,canon-utils/analysis/src/extract.rs,413,32
3958,BASIC_BLOCK,extract::build_edges::bb5,canon-utils/analysis/src/lib.rs,1,1
3959,BASIC_BLOCK,extract::build_edges::bb50,canon-utils/analysis/src/extract.rs,414,29
3960,CALL_SITE,extract::build_edges::bb50::call30,canon-utils/analysis/src/extract.rs,414,29
3961,BASIC_BLOCK,extract::build_edges::bb51,canon-utils/analysis/src/extract.rs,420,21
3962,BASIC_BLOCK,extract::build_edges::bb52,canon-utils/analysis/src/extract.rs,422,13
3963,BASIC_BLOCK,extract::build_edges::bb53,canon-utils/analysis/src/extract.rs,426,31
3964,CALL_SITE,extract::build_edges::bb53::call31,canon-utils/analysis/src/extract.rs,426,31
3965,BASIC_BLOCK,extract::build_edges::bb54,canon-utils/analysis/src/extract.rs,426,13
3966,BASIC_BLOCK,extract::build_edges::bb55,canon-utils/analysis/src/extract.rs,429,13
3967,CALL_SITE,extract::build_edges::bb55::call32,canon-utils/analysis/src/extract.rs,429,13
3968,BASIC_BLOCK,extract::build_edges::bb56,canon-utils/analysis/src/extract.rs,429,13
3969,BASIC_BLOCK,extract::build_edges::bb57,canon-utils/analysis/src/extract.rs,432,26
3970,CALL_SITE,extract::build_edges::bb57::call33,canon-utils/analysis/src/extract.rs,432,26
3971,BASIC_BLOCK,extract::build_edges::bb58,canon-utils/analysis/src/extract.rs,432,20
3972,BASIC_BLOCK,extract::build_edges::bb59,canon-utils/analysis/src/extract.rs,432,20
3973,BASIC_BLOCK,extract::build_edges::bb6,canon-utils/analysis/src/extract.rs,377,15
3974,BASIC_BLOCK,extract::build_edges::bb60,canon-utils/analysis/src/extract.rs,436,21
3975,CALL_SITE,extract::build_edges::bb60::call34,canon-utils/analysis/src/extract.rs,436,21
3976,BASIC_BLOCK,extract::build_edges::bb61,canon-utils/analysis/src/extract.rs,435,53
3977,CALL_SITE,extract::build_edges::bb61::call35,canon-utils/analysis/src/extract.rs,435,53
3978,BASIC_BLOCK,extract::build_edges::bb62,canon-utils/analysis/src/extract.rs,436,48
3979,BASIC_BLOCK,extract::build_edges::bb63,canon-utils/analysis/src/extract.rs,439,34
3980,CALL_SITE,extract::build_edges::bb63::call36,canon-utils/analysis/src/extract.rs,439,34
3981,BASIC_BLOCK,extract::build_edges::bb64,/home/cicero-arch-omen/.rustup/toolchains/nightly-x86_64-unknown-linux-gnu/lib/rustlib/src/rust/library/alloc/src/macros.rs,114,33
3982,CALL_SITE,extract::build_edges::bb64::call37,/home/cicero-arch-omen/.rustup/toolchains/nightly-x86_64-unknown-linux-gnu/lib/rustlib/src/rust/library/alloc/src/macros.rs,114,33
3983,BASIC_BLOCK,extract::build_edges::bb65,/home/cicero-arch-omen/.rustup/toolchains/nightly-x86_64-unknown-linux-gnu/lib/rustlib/src/rust/library/alloc/src/macros.rs,114,13
3984,CALL_SITE,extract::build_edges::bb65::call38,/home/cicero-arch-omen/.rustup/toolchains/nightly-x86_64-unknown-linux-gnu/lib/rustlib/src/rust/library/alloc/src/macros.rs,114,13
3985,BASIC_BLOCK,extract::build_edges::bb66,/home/cicero-arch-omen/.rustup/toolchains/nightly-x86_64-unknown-linux-gnu/lib/rustlib/src/rust/library/alloc/src/macros.rs,113,9
3986,CALL_SITE,extract::build_edges::bb66::call39,/home/cicero-arch-omen/.rustup/toolchains/nightly-x86_64-unknown-linux-gnu/lib/rustlib/src/rust/library/alloc/src/macros.rs,113,9
3987,BASIC_BLOCK,extract::build_edges::bb67,canon-utils/analysis/src/extract.rs,440,21
3988,CALL_SITE,extract::build_edges::bb67::call40,canon-utils/analysis/src/extract.rs,440,21
3989,BASIC_BLOCK,extract::build_edges::bb68,canon-utils/analysis/src/extract.rs,440,21
3990,CALL_SITE,extract::build_edges::bb68::call41,canon-utils/analysis/src/extract.rs,440,21
3991,BASIC_BLOCK,extract::build_edges::bb69,canon-utils/analysis/src/extract.rs,442,26
3992,CALL_SITE,extract::build_edges::bb69::call42,canon-utils/analysis/src/extract.rs,442,26
3993,CALL_SITE,extract::build_edges::bb6::call3,canon-utils/analysis/src/extract.rs,377,15
3994,BASIC_BLOCK,extract::build_edges::bb7,canon-utils/analysis/src/extract.rs,502,2
3995,BASIC_BLOCK,extract::build_edges::bb70,canon-utils/analysis/src/extract.rs,442,26
3996,CALL_SITE,extract::build_edges::bb70::call43,canon-utils/analysis/src/extract.rs,442,26
3997,BASIC_BLOCK,extract::build_edges::bb71,canon-utils/analysis/src/extract.rs,442,26
3998,CALL_SITE,extract::build_edges::bb71::call44,canon-utils/analysis/src/extract.rs,442,26
3999,BASIC_BLOCK,extract::build_edges::bb72,canon-utils/analysis/src/extract.rs,442,26
4000,CALL_SITE,extract::build_edges::bb72::call45,canon-utils/analysis/src/extract.rs,442,26
4001,BASIC_BLOCK,extract::build_edges::bb73,canon-utils/analysis/src/extract.rs,442,9
4002,BASIC_BLOCK,extract::build_edges::bb74,canon-utils/analysis/src/extract.rs,442,26
4003,CALL_SITE,extract::build_edges::bb74::call46,canon-utils/analysis/src/extract.rs,442,26
4004,BASIC_BLOCK,extract::build_edges::bb75,canon-utils/analysis/src/extract.rs,442,26
4005,BASIC_BLOCK,extract::build_edges::bb76,canon-utils/analysis/src/extract.rs,443,38
4006,CALL_SITE,extract::build_edges::bb76::call47,canon-utils/analysis/src/extract.rs,443,38
4007,BASIC_BLOCK,extract::build_edges::bb77,canon-utils/analysis/src/extract.rs,499,5
4008,BASIC_BLOCK,extract::build_edges::bb78,canon-utils/analysis/src/extract.rs,443,48
4009,CALL_SITE,extract::build_edges::bb78::call48,canon-utils/analysis/src/extract.rs,443,48
4010,BASIC_BLOCK,extract::build_edges::bb79,/home/cicero-arch-omen/.rustup/toolchains/nightly-x86_64-unknown-linux-gnu/lib/rustlib/src/rust/library/alloc/src/macros.rs,114,33
4011,CALL_SITE,extract::build_edges::bb79::call49,/home/cicero-arch-omen/.rustup/toolchains/nightly-x86_64-unknown-linux-gnu/lib/rustlib/src/rust/library/alloc/src/macros.rs,114,33
4012,BASIC_BLOCK,extract::build_edges::bb8,canon-utils/analysis/src/extract.rs,377,9
4013,BASIC_BLOCK,extract::build_edges::bb80,/home/cicero-arch-omen/.rustup/toolchains/nightly-x86_64-unknown-linux-gnu/lib/rustlib/src/rust/library/alloc/src/macros.rs,114,13
4014,CALL_SITE,extract::build_edges::bb80::call50,/home/cicero-arch-omen/.rustup/toolchains/nightly-x86_64-unknown-linux-gnu/lib/rustlib/src/rust/library/alloc/src/macros.rs,114,13
4015,BASIC_BLOCK,extract::build_edges::bb81,/home/cicero-arch-omen/.rustup/toolchains/nightly-x86_64-unknown-linux-gnu/lib/rustlib/src/rust/library/alloc/src/macros.rs,113,9
4016,CALL_SITE,extract::build_edges::bb81::call51,/home/cicero-arch-omen/.rustup/toolchains/nightly-x86_64-unknown-linux-gnu/lib/rustlib/src/rust/library/alloc/src/macros.rs,113,9
4017,BASIC_BLOCK,extract::build_edges::bb82,canon-utils/analysis/src/extract.rs,444,31
4018,CALL_SITE,extract::build_edges::bb82::call52,canon-utils/analysis/src/extract.rs,444,31
4019,BASIC_BLOCK,extract::build_edges::bb83,canon-utils/analysis/src/extract.rs,444,25
4020,BASIC_BLOCK,extract::build_edges::bb84,canon-utils/analysis/src/extract.rs,448,20
4021,BASIC_BLOCK,extract::build_edges::bb85,canon-utils/analysis/src/extract.rs,449,17
4022,CALL_SITE,extract::build_edges::bb85::call53,canon-utils/analysis/src/extract.rs,449,17
4023,BASIC_BLOCK,extract::build_edges::bb86,canon-utils/analysis/src/extract.rs,455,20
4024,BASIC_BLOCK,extract::build_edges::bb87,canon-utils/analysis/src/extract.rs,456,29
4025,CALL_SITE,extract::build_edges::bb87::call54,canon-utils/analysis/src/extract.rs,456,29
4026,BASIC_BLOCK,extract::build_edges::bb88,canon-utils/analysis/src/extract.rs,456,29
4027,CALL_SITE,extract::build_edges::bb88::call55,canon-utils/analysis/src/extract.rs,456,29
4028,BASIC_BLOCK,extract::build_edges::bb89,canon-utils/analysis/src/extract.rs,456,17
4029,BASIC_BLOCK,extract::build_edges::bb9,canon-utils/analysis/src/extract.rs,409,42
4030,BASIC_BLOCK,extract::build_edges::bb90,canon-utils/analysis/src/extract.rs,456,29
4031,CALL_SITE,extract::build_edges::bb90::call56,canon-utils/analysis/src/extract.rs,456,29
4032,BASIC_BLOCK,extract::build_edges::bb91,canon-utils/analysis/src/extract.rs,456,29
4033,BASIC_BLOCK,extract::build_edges::bb92,canon-utils/analysis/src/extract.rs,457,63
4034,CALL_SITE,extract::build_edges::bb92::call57,canon-utils/analysis/src/extract.rs,457,63
4035,BASIC_BLOCK,extract::build_edges::bb93,canon-utils/analysis/src/extract.rs,466,39
4036,CALL_SITE,extract::build_edges::bb93::call58,canon-utils/analysis/src/extract.rs,466,39
4037,BASIC_BLOCK,extract::build_edges::bb94,canon-utils/analysis/src/extract.rs,457,48
4038,CALL_SITE,extract::build_edges::bb94::call59,canon-utils/analysis/src/extract.rs,457,48
4039,BASIC_BLOCK,extract::build_edges::bb95,canon-utils/analysis/src/extract.rs,457,58
4040,CALL_SITE,extract::build_edges::bb95::call60,canon-utils/analysis/src/extract.rs,457,58
4041,BASIC_BLOCK,extract::build_edges::bb96,/home/cicero-arch-omen/.rustup/toolchains/nightly-x86_64-unknown-linux-gnu/lib/rustlib/src/rust/library/alloc/src/macros.rs,114,33
4042,CALL_SITE,extract::build_edges::bb96::call61,/home/cicero-arch-omen/.rustup/toolchains/nightly-x86_64-unknown-linux-gnu/lib/rustlib/src/rust/library/alloc/src/macros.rs,114,33
4043,BASIC_BLOCK,extract::build_edges::bb97,/home/cicero-arch-omen/.rustup/toolchains/nightly-x86_64-unknown-linux-gnu/lib/rustlib/src/rust/library/alloc/src/macros.rs,114,13
4044,CALL_SITE,extract::build_edges::bb97::call62,/home/cicero-arch-omen/.rustup/toolchains/nightly-x86_64-unknown-linux-gnu/lib/rustlib/src/rust/library/alloc/src/macros.rs,114,13
4045,BASIC_BLOCK,extract::build_edges::bb98,/home/cicero-arch-omen/.rustup/toolchains/nightly-x86_64-unknown-linux-gnu/lib/rustlib/src/rust/library/alloc/src/macros.rs,113,9
4046,CALL_SITE,extract::build_edges::bb98::call63,/home/cicero-arch-omen/.rustup/toolchains/nightly-x86_64-unknown-linux-gnu/lib/rustlib/src/rust/library/alloc/src/macros.rs,113,9
4047,BASIC_BLOCK,extract::build_edges::bb99,canon-utils/analysis/src/extract.rs,458,43
4048,CALL_SITE,extract::build_edges::bb99::call64,canon-utils/analysis/src/extract.rs,458,43
4049,CALL_SITE,extract::build_edges::bb9::call4,canon-utils/analysis/src/extract.rs,409,42
4050,FUNCTION,extract::build_edges::fn,canon-utils/analysis/src/extract.rs,369,1
4051,PARAM,extract::build_edges::param0,canon-utils/analysis/src/extract.rs,370,5
4052,PARAM,extract::build_edges::param1,canon-utils/analysis/src/extract.rs,371,5
4053,PARAM,extract::build_edges::param2,canon-utils/analysis/src/extract.rs,372,5
4054,BASIC_BLOCK,extract::extract_and_write::bb0,canon-utils/analysis/src/extract.rs,32,34
4055,CALL_SITE,extract::extract_and_write::bb0::call0,canon-utils/analysis/src/extract.rs,32,34
4056,BASIC_BLOCK,extract::extract_and_write::bb1,canon-utils/analysis/src/extract.rs,32,17
4057,BASIC_BLOCK,extract::extract_and_write::bb10,canon-utils/analysis/src/extract.rs,35,2
4058,BASIC_BLOCK,extract::extract_and_write::bb11,canon-utils/analysis/src/extract.rs,33,5
4059,CALL_SITE,extract::extract_and_write::bb11::call7,canon-utils/analysis/src/extract.rs,33,5
4060,BASIC_BLOCK,extract::extract_and_write::bb12,canon-utils/analysis/src/extract.rs,35,1
4061,BASIC_BLOCK,extract::extract_and_write::bb13,canon-utils/analysis/src/extract.rs,35,2
4062,BASIC_BLOCK,extract::extract_and_write::bb14,canon-utils/analysis/src/extract.rs,35,1
4063,BASIC_BLOCK,extract::extract_and_write::bb15,canon-utils/analysis/src/extract.rs,31,1
4064,CALL_SITE,extract::extract_and_write::bb1::call1,canon-utils/analysis/src/extract.rs,32,17
4065,BASIC_BLOCK,extract::extract_and_write::bb2,canon-utils/analysis/src/extract.rs,32,17
4066,CALL_SITE,extract::extract_and_write::bb2::call2,canon-utils/analysis/src/extract.rs,32,17
4067,BASIC_BLOCK,extract::extract_and_write::bb3,canon-utils/analysis/src/extract.rs,32,17
4068,BASIC_BLOCK,extract::extract_and_write::bb4,canon-utils/analysis/src/lib.rs,1,1
4069,BASIC_BLOCK,extract::extract_and_write::bb5,canon-utils/analysis/src/extract.rs,33,40
4070,CALL_SITE,extract::extract_and_write::bb5::call3,canon-utils/analysis/src/extract.rs,33,40
4071,BASIC_BLOCK,extract::extract_and_write::bb6,canon-utils/analysis/src/extract.rs,32,17
4072,CALL_SITE,extract::extract_and_write::bb6::call4,canon-utils/analysis/src/extract.rs,32,17
4073,BASIC_BLOCK,extract::extract_and_write::bb7,canon-utils/analysis/src/extract.rs,33,5
4074,CALL_SITE,extract::extract_and_write::bb7::call5,canon-utils/analysis/src/extract.rs,33,5
4075,BASIC_BLOCK,extract::extract_and_write::bb8,canon-utils/analysis/src/extract.rs,33,5
4076,CALL_SITE,extract::extract_and_write::bb8::call6,canon-utils/analysis/src/extract.rs,33,5
4077,BASIC_BLOCK,extract::extract_and_write::bb9,canon-utils/analysis/src/extract.rs,33,5
4078,FUNCTION,extract::extract_and_write::fn,canon-utils/analysis/src/extract.rs,31,1
4079,PARAM,extract::extract_and_write::param0,canon-utils/analysis/src/extract.rs,31,26
4080,PARAM,extract::extract_and_write::param1,canon-utils/analysis/src/extract.rs,31,43
4081,BASIC_BLOCK,extract::extract_upg::bb0,canon-utils/analysis/src/extract.rs,38,19
4082,CALL_SITE,extract::extract_upg::bb0::call0,canon-utils/analysis/src/extract.rs,38,19
4083,BASIC_BLOCK,extract::extract_upg::bb1,canon-utils/analysis/src/extract.rs,38,19
4084,BASIC_BLOCK,extract::extract_upg::bb10,canon-utils/analysis/src/lib.rs,1,1
4085,BASIC_BLOCK,extract::extract_upg::bb11,canon-utils/analysis/src/extract.rs,47,20
4086,CALL_SITE,extract::extract_upg::bb11::call8,canon-utils/analysis/src/extract.rs,47,20
4087,BASIC_BLOCK,extract::extract_upg::bb12,canon-utils/analysis/src/extract.rs,51,5
4088,BASIC_BLOCK,extract::extract_upg::bb13,canon-utils/analysis/src/extract.rs,48,33
4089,CALL_SITE,extract::extract_upg::bb13::call9,canon-utils/analysis/src/extract.rs,48,33
4090,BASIC_BLOCK,extract::extract_upg::bb14,canon-utils/analysis/src/extract.rs,48,9
4091,CALL_SITE,extract::extract_upg::bb14::call10,canon-utils/analysis/src/extract.rs,48,9
4092,BASIC_BLOCK,extract::extract_upg::bb15,canon-utils/analysis/src/extract.rs,49,64
4093,CALL_SITE,extract::extract_upg::bb15::call11,canon-utils/analysis/src/extract.rs,49,64
4094,BASIC_BLOCK,extract::extract_upg::bb16,canon-utils/analysis/src/extract.rs,49,27
4095,CALL_SITE,extract::extract_upg::bb16::call12,canon-utils/analysis/src/extract.rs,49,27
4096,BASIC_BLOCK,extract::extract_upg::bb17,canon-utils/analysis/src/extract.rs,49,9
4097,CALL_SITE,extract::extract_upg::bb17::call13,canon-utils/analysis/src/extract.rs,49,9
4098,BASIC_BLOCK,extract::extract_upg::bb18,canon-utils/analysis/src/extract.rs,50,58
4099,CALL_SITE,extract::extract_upg::bb18::call14,canon-utils/analysis/src/extract.rs,50,58
4100,BASIC_BLOCK,extract::extract_upg::bb19,canon-utils/analysis/src/extract.rs,50,27
4101,CALL_SITE,extract::extract_upg::bb19::call15,canon-utils/analysis/src/extract.rs,50,27
4102,CALL_SITE,extract::extract_upg::bb1::call1,canon-utils/analysis/src/extract.rs,38,19
4103,BASIC_BLOCK,extract::extract_upg::bb2,canon-utils/analysis/src/extract.rs,38,19
4104,BASIC_BLOCK,extract::extract_upg::bb20,canon-utils/analysis/src/extract.rs,50,27
4105,CALL_SITE,extract::extract_upg::bb20::call16,canon-utils/analysis/src/extract.rs,50,27
4106,BASIC_BLOCK,extract::extract_upg::bb21,canon-utils/analysis/src/extract.rs,50,27
4107,BASIC_BLOCK,extract::extract_upg::bb22,canon-utils/analysis/src/extract.rs,50,9
4108,CALL_SITE,extract::extract_upg::bb22::call17,canon-utils/analysis/src/extract.rs,50,9
4109,BASIC_BLOCK,extract::extract_upg::bb23,canon-utils/analysis/src/extract.rs,50,27
4110,CALL_SITE,extract::extract_upg::bb23::call18,canon-utils/analysis/src/extract.rs,50,27
4111,BASIC_BLOCK,extract::extract_upg::bb24,canon-utils/analysis/src/extract.rs,51,5
4112,BASIC_BLOCK,extract::extract_upg::bb25,canon-utils/analysis/src/extract.rs,51,5
4113,BASIC_BLOCK,extract::extract_upg::bb26,canon-utils/analysis/src/extract.rs,53,5
4114,CALL_SITE,extract::extract_upg::bb26::call19,canon-utils/analysis/src/extract.rs,53,5
4115,BASIC_BLOCK,extract::extract_upg::bb27,canon-utils/analysis/src/extract.rs,53,5
4116,CALL_SITE,extract::extract_upg::bb27::call20,canon-utils/analysis/src/extract.rs,53,5
4117,BASIC_BLOCK,extract::extract_upg::bb28,canon-utils/analysis/src/extract.rs,54,51
4118,CALL_SITE,extract::extract_upg::bb28::call21,canon-utils/analysis/src/extract.rs,54,51
4119,BASIC_BLOCK,extract::extract_upg::bb29,canon-utils/analysis/src/extract.rs,54,32
4120,CALL_SITE,extract::extract_upg::bb29::call22,canon-utils/analysis/src/extract.rs,54,32
4121,CALL_SITE,extract::extract_upg::bb2::call2,canon-utils/analysis/src/extract.rs,38,19
4122,BASIC_BLOCK,extract::extract_upg::bb3,canon-utils/analysis/src/extract.rs,43,41
4123,BASIC_BLOCK,extract::extract_upg::bb30,canon-utils/analysis/src/extract.rs,55,51
4124,CALL_SITE,extract::extract_upg::bb30::call23,canon-utils/analysis/src/extract.rs,55,51
4125,BASIC_BLOCK,extract::extract_upg::bb31,canon-utils/analysis/src/extract.rs,56,24
4126,CALL_SITE,extract::extract_upg::bb31::call24,canon-utils/analysis/src/extract.rs,56,24
4127,BASIC_BLOCK,extract::extract_upg::bb32,canon-utils/analysis/src/extract.rs,56,24
4128,CALL_SITE,extract::extract_upg::bb32::call25,canon-utils/analysis/src/extract.rs,56,24
4129,BASIC_BLOCK,extract::extract_upg::bb33,canon-utils/analysis/src/extract.rs,56,24
4130,CALL_SITE,extract::extract_upg::bb33::call26,canon-utils/analysis/src/extract.rs,56,24
4131,BASIC_BLOCK,extract::extract_upg::bb34,canon-utils/analysis/src/extract.rs,56,5
4132,BASIC_BLOCK,extract::extract_upg::bb35,canon-utils/analysis/src/extract.rs,56,24
4133,CALL_SITE,extract::extract_upg::bb35::call27,canon-utils/analysis/src/extract.rs,56,24
4134,BASIC_BLOCK,extract::extract_upg::bb36,canon-utils/analysis/src/extract.rs,56,24
4135,BASIC_BLOCK,extract::extract_upg::bb37,canon-utils/analysis/src/extract.rs,58,29
4136,CALL_SITE,extract::extract_upg::bb37::call28,canon-utils/analysis/src/extract.rs,58,29
4137,BASIC_BLOCK,extract::extract_upg::bb38,canon-utils/analysis/src/extract.rs,67,5
4138,BASIC_BLOCK,extract::extract_upg::bb39,canon-utils/analysis/src/extract.rs,58,9
4139,CALL_SITE,extract::extract_upg::bb39::call29,canon-utils/analysis/src/extract.rs,58,9
4140,CALL_SITE,extract::extract_upg::bb3::call3,canon-utils/analysis/src/extract.rs,43,41
4141,BASIC_BLOCK,extract::extract_upg::bb4,canon-utils/analysis/src/extract.rs,44,47
4142,BASIC_BLOCK,extract::extract_upg::bb40,canon-utils/analysis/src/extract.rs,59,9
4143,CALL_SITE,extract::extract_upg::bb40::call30,canon-utils/analysis/src/extract.rs,59,9
4144,BASIC_BLOCK,extract::extract_upg::bb41,canon-utils/analysis/src/extract.rs,56,5
4145,BASIC_BLOCK,extract::extract_upg::bb42,canon-utils/analysis/src/extract.rs,69,34
4146,CALL_SITE,extract::extract_upg::bb42::call31,canon-utils/analysis/src/extract.rs,69,34
4147,BASIC_BLOCK,extract::extract_upg::bb43,canon-utils/analysis/src/extract.rs,69,17
4148,CALL_SITE,extract::extract_upg::bb43::call32,canon-utils/analysis/src/extract.rs,69,17
4149,BASIC_BLOCK,extract::extract_upg::bb44,canon-utils/analysis/src/extract.rs,69,17
4150,CALL_SITE,extract::extract_upg::bb44::call33,canon-utils/analysis/src/extract.rs,69,17
4151,BASIC_BLOCK,extract::extract_upg::bb45,canon-utils/analysis/src/extract.rs,69,17
4152,BASIC_BLOCK,extract::extract_upg::bb46,canon-utils/analysis/src/extract.rs,70,25
4153,CALL_SITE,extract::extract_upg::bb46::call34,canon-utils/analysis/src/extract.rs,70,25
4154,BASIC_BLOCK,extract::extract_upg::bb47,canon-utils/analysis/src/extract.rs,69,17
4155,CALL_SITE,extract::extract_upg::bb47::call35,canon-utils/analysis/src/extract.rs,69,17
4156,BASIC_BLOCK,extract::extract_upg::bb48,canon-utils/analysis/src/extract.rs,84,1
4157,BASIC_BLOCK,extract::extract_upg::bb49,canon-utils/analysis/src/extract.rs,70,45
4158,CALL_SITE,extract::extract_upg::bb49::call36,canon-utils/analysis/src/extract.rs,70,45
4159,CALL_SITE,extract::extract_upg::bb4::call4,canon-utils/analysis/src/extract.rs,44,47
4160,BASIC_BLOCK,extract::extract_upg::bb5,canon-utils/analysis/src/extract.rs,46,19
4161,BASIC_BLOCK,extract::extract_upg::bb50,canon-utils/analysis/src/extract.rs,70,15
4162,CALL_SITE,extract::extract_upg::bb50::call37,canon-utils/analysis/src/extract.rs,70,15
4163,BASIC_BLOCK,extract::extract_upg::bb51,canon-utils/analysis/src/extract.rs,73,21
4164,CALL_SITE,extract::extract_upg::bb51::call38,canon-utils/analysis/src/extract.rs,73,21
4165,BASIC_BLOCK,extract::extract_upg::bb52,canon-utils/analysis/src/extract.rs,74,21
4166,CALL_SITE,extract::extract_upg::bb52::call39,canon-utils/analysis/src/extract.rs,74,21
4167,BASIC_BLOCK,extract::extract_upg::bb53,canon-utils/analysis/src/extract.rs,75,23
4168,CALL_SITE,extract::extract_upg::bb53::call40,canon-utils/analysis/src/extract.rs,75,23
4169,BASIC_BLOCK,extract::extract_upg::bb54,canon-utils/analysis/src/extract.rs,84,1
4170,BASIC_BLOCK,extract::extract_upg::bb55,canon-utils/analysis/src/extract.rs,84,1
4171,BASIC_BLOCK,extract::extract_upg::bb56,canon-utils/analysis/src/extract.rs,84,2
4172,BASIC_BLOCK,extract::extract_upg::bb57,canon-utils/analysis/src/extract.rs,84,1
4173,BASIC_BLOCK,extract::extract_upg::bb58,canon-utils/analysis/src/lib.rs,1,1
4174,BASIC_BLOCK,extract::extract_upg::bb59,canon-utils/analysis/src/extract.rs,51,5
4175,CALL_SITE,extract::extract_upg::bb5::call5,canon-utils/analysis/src/extract.rs,46,19
4176,BASIC_BLOCK,extract::extract_upg::bb6,canon-utils/analysis/src/extract.rs,46,19
4177,BASIC_BLOCK,extract::extract_upg::bb60,canon-utils/analysis/src/extract.rs,84,1
4178,BASIC_BLOCK,extract::extract_upg::bb61,canon-utils/analysis/src/extract.rs,84,1
4179,BASIC_BLOCK,extract::extract_upg::bb62,canon-utils/analysis/src/extract.rs,84,1
4180,BASIC_BLOCK,extract::extract_upg::bb63,canon-utils/analysis/src/extract.rs,84,2
4181,BASIC_BLOCK,extract::extract_upg::bb64,canon-utils/analysis/src/extract.rs,84,2
4182,BASIC_BLOCK,extract::extract_upg::bb65,canon-utils/analysis/src/extract.rs,76,5
4183,BASIC_BLOCK,extract::extract_upg::bb66,canon-utils/analysis/src/extract.rs,84,1
4184,BASIC_BLOCK,extract::extract_upg::bb67,canon-utils/analysis/src/extract.rs,84,1
4185,BASIC_BLOCK,extract::extract_upg::bb68,canon-utils/analysis/src/extract.rs,67,5
4186,BASIC_BLOCK,extract::extract_upg::bb69,canon-utils/analysis/src/extract.rs,84,1
4187,CALL_SITE,extract::extract_upg::bb6::call6,canon-utils/analysis/src/extract.rs,46,19
4188,BASIC_BLOCK,extract::extract_upg::bb7,canon-utils/analysis/src/extract.rs,46,5
4189,BASIC_BLOCK,extract::extract_upg::bb70,canon-utils/analysis/src/extract.rs,51,5
4190,BASIC_BLOCK,extract::extract_upg::bb71,canon-utils/analysis/src/extract.rs,51,5
4191,BASIC_BLOCK,extract::extract_upg::bb72,canon-utils/analysis/src/extract.rs,84,1
4192,BASIC_BLOCK,extract::extract_upg::bb73,canon-utils/analysis/src/extract.rs,37,1
4193,BASIC_BLOCK,extract::extract_upg::bb74,canon-utils/analysis/src/extract.rs,84,1
4194,BASIC_BLOCK,extract::extract_upg::bb75,canon-utils/analysis/src/extract.rs,67,5
4195,BASIC_BLOCK,extract::extract_upg::bb76,canon-utils/analysis/src/extract.rs,67,5
4196,BASIC_BLOCK,extract::extract_upg::bb77,canon-utils/analysis/src/extract.rs,67,5
4197,BASIC_BLOCK,extract::extract_upg::bb78,canon-utils/analysis/src/extract.rs,67,5
4198,BASIC_BLOCK,extract::extract_upg::bb79,canon-utils/analysis/src/extract.rs,84,1
4199,BASIC_BLOCK,extract::extract_upg::bb8,canon-utils/analysis/src/extract.rs,46,19
4200,BASIC_BLOCK,extract::extract_upg::bb80,canon-utils/analysis/src/extract.rs,84,1
4201,BASIC_BLOCK,extract::extract_upg::bb81,canon-utils/analysis/src/extract.rs,84,1
4202,BASIC_BLOCK,extract::extract_upg::bb82,canon-utils/analysis/src/extract.rs,84,1
4203,BASIC_BLOCK,extract::extract_upg::bb83,canon-utils/analysis/src/extract.rs,84,1
4204,BASIC_BLOCK,extract::extract_upg::bb84,canon-utils/analysis/src/extract.rs,84,1
4205,CALL_SITE,extract::extract_upg::bb8::call7,canon-utils/analysis/src/extract.rs,46,19
4206,BASIC_BLOCK,extract::extract_upg::bb9,canon-utils/analysis/src/extract.rs,46,19
4207,FUNCTION,extract::extract_upg::fn,canon-utils/analysis/src/extract.rs,37,1
4208,PARAM,extract::extract_upg::param0,canon-utils/analysis/src/extract.rs,37,20
4209,PARAM,extract::extract_upg::param1,canon-utils/analysis/src/extract.rs,37,37
4210,BASIC_BLOCK,extract::field_nodes::bb0,canon-utils/analysis/src/extract.rs,576,21
4211,CALL_SITE,extract::field_nodes::bb0::call0,canon-utils/analysis/src/extract.rs,576,21
4212,BASIC_BLOCK,extract::field_nodes::bb1,canon-utils/analysis/src/extract.rs,577,18
4213,BASIC_BLOCK,extract::field_nodes::bb10,canon-utils/analysis/src/extract.rs,580,9
4214,CALL_SITE,extract::field_nodes::bb10::call6,canon-utils/analysis/src/extract.rs,580,9
4215,BASIC_BLOCK,extract::field_nodes::bb11,canon-utils/analysis/src/extract.rs,577,5
4216,BASIC_BLOCK,extract::field_nodes::bb12,canon-utils/analysis/src/extract.rs,590,2
4217,BASIC_BLOCK,extract::field_nodes::bb13,canon-utils/analysis/src/extract.rs,588,5
4218,BASIC_BLOCK,extract::field_nodes::bb14,canon-utils/analysis/src/extract.rs,588,5
4219,BASIC_BLOCK,extract::field_nodes::bb15,canon-utils/analysis/src/extract.rs,590,1
4220,BASIC_BLOCK,extract::field_nodes::bb16,canon-utils/analysis/src/extract.rs,575,1
4221,BASIC_BLOCK,extract::field_nodes::bb17,canon-utils/analysis/src/extract.rs,588,5
4222,BASIC_BLOCK,extract::field_nodes::bb18,canon-utils/analysis/src/extract.rs,588,5
4223,BASIC_BLOCK,extract::field_nodes::bb19,canon-utils/analysis/src/extract.rs,588,5
4224,CALL_SITE,extract::field_nodes::bb1::call1,canon-utils/analysis/src/extract.rs,577,18
4225,BASIC_BLOCK,extract::field_nodes::bb2,canon-utils/analysis/src/extract.rs,577,18
4226,CALL_SITE,extract::field_nodes::bb2::call2,canon-utils/analysis/src/extract.rs,577,18
4227,BASIC_BLOCK,extract::field_nodes::bb3,canon-utils/analysis/src/extract.rs,577,5
4228,BASIC_BLOCK,extract::field_nodes::bb4,canon-utils/analysis/src/extract.rs,577,18
4229,CALL_SITE,extract::field_nodes::bb4::call3,canon-utils/analysis/src/extract.rs,577,18
4230,BASIC_BLOCK,extract::field_nodes::bb5,canon-utils/analysis/src/extract.rs,577,18
4231,BASIC_BLOCK,extract::field_nodes::bb6,canon-utils/analysis/src/extract.rs,577,18
4232,BASIC_BLOCK,extract::field_nodes::bb7,canon-utils/analysis/src/extract.rs,578,20
4233,CALL_SITE,extract::field_nodes::bb7::call4,canon-utils/analysis/src/extract.rs,578,20
4234,BASIC_BLOCK,extract::field_nodes::bb8,canon-utils/analysis/src/extract.rs,588,5
4235,BASIC_BLOCK,extract::field_nodes::bb9,canon-utils/analysis/src/extract.rs,579,36
4236,CALL_SITE,extract::field_nodes::bb9::call5,canon-utils/analysis/src/extract.rs,579,36
4237,FUNCTION,extract::field_nodes::fn,canon-utils/analysis/src/extract.rs,575,1
4238,PARAM,extract::field_nodes::param0,canon-utils/analysis/src/extract.rs,575,16
4239,PARAM,extract::field_nodes::param1,canon-utils/analysis/src/extract.rs,575,33
4240,PARAM,extract::field_nodes::param2,canon-utils/analysis/src/extract.rs,575,48
4241,BASIC_BLOCK,extract::field_symbols::bb0,canon-utils/analysis/src/extract.rs,593,19
4242,CALL_SITE,extract::field_symbols::bb0::call0,canon-utils/analysis/src/extract.rs,593,19
4243,BASIC_BLOCK,extract::field_symbols::bb1,canon-utils/analysis/src/extract.rs,594,19
4244,BASIC_BLOCK,extract::field_symbols::bb10,canon-utils/analysis/src/extract.rs,596,22
4245,CALL_SITE,extract::field_symbols::bb10::call6,canon-utils/analysis/src/extract.rs,596,22
4246,BASIC_BLOCK,extract::field_symbols::bb11,canon-utils/analysis/src/extract.rs,596,22
4247,CALL_SITE,extract::field_symbols::bb11::call7,canon-utils/analysis/src/extract.rs,596,22
4248,BASIC_BLOCK,extract::field_symbols::bb12,canon-utils/analysis/src/extract.rs,596,9
4249,BASIC_BLOCK,extract::field_symbols::bb13,canon-utils/analysis/src/extract.rs,596,22
4250,CALL_SITE,extract::field_symbols::bb13::call8,canon-utils/analysis/src/extract.rs,596,22
4251,BASIC_BLOCK,extract::field_symbols::bb14,canon-utils/analysis/src/extract.rs,596,22
4252,BASIC_BLOCK,extract::field_symbols::bb15,canon-utils/analysis/src/extract.rs,597,24
4253,CALL_SITE,extract::field_symbols::bb15::call9,canon-utils/analysis/src/extract.rs,597,24
4254,BASIC_BLOCK,extract::field_symbols::bb16,canon-utils/analysis/src/extract.rs,598,31
4255,CALL_SITE,extract::field_symbols::bb16::call10,canon-utils/analysis/src/extract.rs,598,31
4256,BASIC_BLOCK,extract::field_symbols::bb17,canon-utils/analysis/src/extract.rs,598,39
4257,CALL_SITE,extract::field_symbols::bb17::call11,canon-utils/analysis/src/extract.rs,598,39
4258,BASIC_BLOCK,extract::field_symbols::bb18,/home/cicero-arch-omen/.rustup/toolchains/nightly-x86_64-unknown-linux-gnu/lib/rustlib/src/rust/library/alloc/src/macros.rs,114,33
4259,CALL_SITE,extract::field_symbols::bb18::call12,/home/cicero-arch-omen/.rustup/toolchains/nightly-x86_64-unknown-linux-gnu/lib/rustlib/src/rust/library/alloc/src/macros.rs,114,33
4260,BASIC_BLOCK,extract::field_symbols::bb19,/home/cicero-arch-omen/.rustup/toolchains/nightly-x86_64-unknown-linux-gnu/lib/rustlib/src/rust/library/alloc/src/macros.rs,114,13
4261,CALL_SITE,extract::field_symbols::bb19::call13,/home/cicero-arch-omen/.rustup/toolchains/nightly-x86_64-unknown-linux-gnu/lib/rustlib/src/rust/library/alloc/src/macros.rs,114,13
4262,CALL_SITE,extract::field_symbols::bb1::call1,canon-utils/analysis/src/extract.rs,594,19
4263,BASIC_BLOCK,extract::field_symbols::bb2,canon-utils/analysis/src/extract.rs,595,20
4264,BASIC_BLOCK,extract::field_symbols::bb20,/home/cicero-arch-omen/.rustup/toolchains/nightly-x86_64-unknown-linux-gnu/lib/rustlib/src/rust/library/alloc/src/macros.rs,113,9
4265,CALL_SITE,extract::field_symbols::bb20::call14,/home/cicero-arch-omen/.rustup/toolchains/nightly-x86_64-unknown-linux-gnu/lib/rustlib/src/rust/library/alloc/src/macros.rs,113,9
4266,BASIC_BLOCK,extract::field_symbols::bb21,canon-utils/analysis/src/extract.rs,598,13
4267,CALL_SITE,extract::field_symbols::bb21::call15,canon-utils/analysis/src/extract.rs,598,13
4268,BASIC_BLOCK,extract::field_symbols::bb22,canon-utils/analysis/src/extract.rs,599,9
4269,BASIC_BLOCK,extract::field_symbols::bb23,canon-utils/analysis/src/extract.rs,599,9
4270,BASIC_BLOCK,extract::field_symbols::bb24,canon-utils/analysis/src/extract.rs,602,1
4271,BASIC_BLOCK,extract::field_symbols::bb25,canon-utils/analysis/src/extract.rs,592,1
4272,CALL_SITE,extract::field_symbols::bb2::call2,canon-utils/analysis/src/extract.rs,595,20
4273,BASIC_BLOCK,extract::field_symbols::bb3,canon-utils/analysis/src/extract.rs,595,20
4274,CALL_SITE,extract::field_symbols::bb3::call3,canon-utils/analysis/src/extract.rs,595,20
4275,BASIC_BLOCK,extract::field_symbols::bb4,canon-utils/analysis/src/extract.rs,595,5
4276,BASIC_BLOCK,extract::field_symbols::bb5,canon-utils/analysis/src/extract.rs,595,20
4277,CALL_SITE,extract::field_symbols::bb5::call4,canon-utils/analysis/src/extract.rs,595,20
4278,BASIC_BLOCK,extract::field_symbols::bb6,canon-utils/analysis/src/extract.rs,595,20
4279,BASIC_BLOCK,extract::field_symbols::bb7,canon-utils/analysis/src/lib.rs,1,1
4280,BASIC_BLOCK,extract::field_symbols::bb8,canon-utils/analysis/src/extract.rs,596,22
4281,CALL_SITE,extract::field_symbols::bb8::call5,canon-utils/analysis/src/extract.rs,596,22
4282,BASIC_BLOCK,extract::field_symbols::bb9,canon-utils/analysis/src/extract.rs,602,2
4283,FUNCTION,extract::field_symbols::fn,canon-utils/analysis/src/extract.rs,592,1
4284,PARAM,extract::field_symbols::param0,canon-utils/analysis/src/extract.rs,592,18
4285,PARAM,extract::field_symbols::param1,canon-utils/analysis/src/extract.rs,592,35
4286,PARAM,extract::field_symbols::param2,canon-utils/analysis/src/extract.rs,592,50
4287,BASIC_BLOCK,extract::local_def_ids::bb0,canon-utils/analysis/src/extract.rs,528,23
4288,CALL_SITE,extract::local_def_ids::bb0::call0,canon-utils/analysis/src/extract.rs,528,23
4289,BASIC_BLOCK,extract::local_def_ids::bb1,canon-utils/analysis/src/extract.rs,529,5
4290,CALL_SITE,extract::local_def_ids::bb1::call1,canon-utils/analysis/src/extract.rs,529,5
4291,BASIC_BLOCK,extract::local_def_ids::bb2,canon-utils/analysis/src/extract.rs,529,5
4292,CALL_SITE,extract::local_def_ids::bb2::call2,canon-utils/analysis/src/extract.rs,529,5
4293,BASIC_BLOCK,extract::local_def_ids::bb3,canon-utils/analysis/src/extract.rs,529,5
4294,CALL_SITE,extract::local_def_ids::bb3::call3,canon-utils/analysis/src/extract.rs,529,5
4295,BASIC_BLOCK,extract::local_def_ids::bb4,canon-utils/analysis/src/extract.rs,529,5
4296,CALL_SITE,extract::local_def_ids::bb4::call4,canon-utils/analysis/src/extract.rs,529,5
4297,BASIC_BLOCK,extract::local_def_ids::bb5,canon-utils/analysis/src/extract.rs,529,5
4298,CALL_SITE,extract::local_def_ids::bb5::call5,canon-utils/analysis/src/extract.rs,529,5
4299,BASIC_BLOCK,extract::local_def_ids::bb6,canon-utils/analysis/src/extract.rs,535,2
4300,FUNCTION,extract::local_def_ids::fn,canon-utils/analysis/src/extract.rs,527,1
4301,PARAM,extract::local_def_ids::param0,canon-utils/analysis/src/extract.rs,527,18
4302,BASIC_BLOCK,extract::merge_with_existing::bb0,canon-utils/analysis/src/extract.rs,87,22
4303,CALL_SITE,extract::merge_with_existing::bb0::call0,canon-utils/analysis/src/extract.rs,87,22
4304,BASIC_BLOCK,extract::merge_with_existing::bb1,canon-utils/analysis/src/extract.rs,88,22
4305,BASIC_BLOCK,extract::merge_with_existing::bb10,canon-utils/analysis/src/extract.rs,92,21
4306,CALL_SITE,extract::merge_with_existing::bb10::call7,canon-utils/analysis/src/extract.rs,92,21
4307,BASIC_BLOCK,extract::merge_with_existing::bb11,canon-utils/analysis/src/extract.rs,92,21
4308,BASIC_BLOCK,extract::merge_with_existing::bb12,canon-utils/analysis/src/lib.rs,1,1
4309,BASIC_BLOCK,extract::merge_with_existing::bb13,canon-utils/analysis/src/extract.rs,93,21
4310,CALL_SITE,extract::merge_with_existing::bb13::call8,canon-utils/analysis/src/extract.rs,93,21
4311,BASIC_BLOCK,extract::merge_with_existing::bb14,canon-utils/analysis/src/extract.rs,92,21
4312,CALL_SITE,extract::merge_with_existing::bb14::call9,canon-utils/analysis/src/extract.rs,92,21
4313,BASIC_BLOCK,extract::merge_with_existing::bb15,canon-utils/analysis/src/extract.rs,93,21
4314,CALL_SITE,extract::merge_with_existing::bb15::call10,canon-utils/analysis/src/extract.rs,93,21
4315,BASIC_BLOCK,extract::merge_with_existing::bb16,canon-utils/analysis/src/extract.rs,93,21
4316,BASIC_BLOCK,extract::merge_with_existing::bb17,canon-utils/analysis/src/extract.rs,94,18
4317,CALL_SITE,extract::merge_with_existing::bb17::call11,canon-utils/analysis/src/extract.rs,94,18
4318,BASIC_BLOCK,extract::merge_with_existing::bb18,canon-utils/analysis/src/extract.rs,93,21
4319,CALL_SITE,extract::merge_with_existing::bb18::call12,canon-utils/analysis/src/extract.rs,93,21
4320,BASIC_BLOCK,extract::merge_with_existing::bb19,canon-utils/analysis/src/extract.rs,119,1
4321,CALL_SITE,extract::merge_with_existing::bb1::call1,canon-utils/analysis/src/extract.rs,88,22
4322,BASIC_BLOCK,extract::merge_with_existing::bb2,canon-utils/analysis/src/extract.rs,89,9
4323,BASIC_BLOCK,extract::merge_with_existing::bb20,canon-utils/analysis/src/extract.rs,96,17
4324,CALL_SITE,extract::merge_with_existing::bb20::call13,canon-utils/analysis/src/extract.rs,96,17
4325,BASIC_BLOCK,extract::merge_with_existing::bb21,canon-utils/analysis/src/extract.rs,96,5
4326,BASIC_BLOCK,extract::merge_with_existing::bb22,canon-utils/analysis/src/extract.rs,96,17
4327,CALL_SITE,extract::merge_with_existing::bb22::call14,canon-utils/analysis/src/extract.rs,96,17
4328,BASIC_BLOCK,extract::merge_with_existing::bb23,canon-utils/analysis/src/extract.rs,96,17
4329,BASIC_BLOCK,extract::merge_with_existing::bb24,canon-utils/analysis/src/extract.rs,97,9
4330,BASIC_BLOCK,extract::merge_with_existing::bb25,canon-utils/analysis/src/extract.rs,100,17
4331,CALL_SITE,extract::merge_with_existing::bb25::call15,canon-utils/analysis/src/extract.rs,100,17
4332,BASIC_BLOCK,extract::merge_with_existing::bb26,canon-utils/analysis/src/extract.rs,96,5
4333,BASIC_BLOCK,extract::merge_with_existing::bb27,canon-utils/analysis/src/extract.rs,100,5
4334,BASIC_BLOCK,extract::merge_with_existing::bb28,canon-utils/analysis/src/extract.rs,100,17
4335,CALL_SITE,extract::merge_with_existing::bb28::call16,canon-utils/analysis/src/extract.rs,100,17
4336,BASIC_BLOCK,extract::merge_with_existing::bb29,canon-utils/analysis/src/extract.rs,100,17
4337,CALL_SITE,extract::merge_with_existing::bb2::call2,canon-utils/analysis/src/extract.rs,89,9
4338,BASIC_BLOCK,extract::merge_with_existing::bb3,canon-utils/analysis/src/extract.rs,89,9
4339,BASIC_BLOCK,extract::merge_with_existing::bb30,canon-utils/analysis/src/extract.rs,101,9
4340,BASIC_BLOCK,extract::merge_with_existing::bb31,canon-utils/analysis/src/extract.rs,104,5
4341,CALL_SITE,extract::merge_with_existing::bb31::call17,canon-utils/analysis/src/extract.rs,104,5
4342,BASIC_BLOCK,extract::merge_with_existing::bb32,canon-utils/analysis/src/extract.rs,102,9
4343,BASIC_BLOCK,extract::merge_with_existing::bb33,canon-utils/analysis/src/extract.rs,100,5
4344,BASIC_BLOCK,extract::merge_with_existing::bb34,canon-utils/analysis/src/extract.rs,105,5
4345,CALL_SITE,extract::merge_with_existing::bb34::call18,canon-utils/analysis/src/extract.rs,105,5
4346,BASIC_BLOCK,extract::merge_with_existing::bb35,canon-utils/analysis/src/extract.rs,106,25
4347,CALL_SITE,extract::merge_with_existing::bb35::call19,canon-utils/analysis/src/extract.rs,106,25
4348,BASIC_BLOCK,extract::merge_with_existing::bb36,canon-utils/analysis/src/extract.rs,106,45
4349,CALL_SITE,extract::merge_with_existing::bb36::call20,canon-utils/analysis/src/extract.rs,106,45
4350,BASIC_BLOCK,extract::merge_with_existing::bb37,canon-utils/analysis/src/extract.rs,106,15
4351,CALL_SITE,extract::merge_with_existing::bb37::call21,canon-utils/analysis/src/extract.rs,106,15
4352,BASIC_BLOCK,extract::merge_with_existing::bb38,canon-utils/analysis/src/extract.rs,109,21
4353,CALL_SITE,extract::merge_with_existing::bb38::call22,canon-utils/analysis/src/extract.rs,109,21
4354,BASIC_BLOCK,extract::merge_with_existing::bb39,canon-utils/analysis/src/extract.rs,110,21
4355,CALL_SITE,extract::merge_with_existing::bb39::call23,canon-utils/analysis/src/extract.rs,110,21
4356,CALL_SITE,extract::merge_with_existing::bb3::call3,canon-utils/analysis/src/extract.rs,89,9
4357,BASIC_BLOCK,extract::merge_with_existing::bb4,canon-utils/analysis/src/extract.rs,89,9
4358,BASIC_BLOCK,extract::merge_with_existing::bb40,canon-utils/analysis/src/extract.rs,119,1
4359,BASIC_BLOCK,extract::merge_with_existing::bb41,canon-utils/analysis/src/extract.rs,119,1
4360,BASIC_BLOCK,extract::merge_with_existing::bb42,canon-utils/analysis/src/extract.rs,119,1
4361,BASIC_BLOCK,extract::merge_with_existing::bb43,canon-utils/analysis/src/extract.rs,119,2
4362,BASIC_BLOCK,extract::merge_with_existing::bb44,canon-utils/analysis/src/extract.rs,112,5
4363,BASIC_BLOCK,extract::merge_with_existing::bb45,canon-utils/analysis/src/extract.rs,119,1
4364,BASIC_BLOCK,extract::merge_with_existing::bb46,canon-utils/analysis/src/extract.rs,119,1
4365,BASIC_BLOCK,extract::merge_with_existing::bb47,canon-utils/analysis/src/extract.rs,119,1
4366,BASIC_BLOCK,extract::merge_with_existing::bb48,canon-utils/analysis/src/extract.rs,86,1
4367,BASIC_BLOCK,extract::merge_with_existing::bb49,canon-utils/analysis/src/extract.rs,119,1
4368,BASIC_BLOCK,extract::merge_with_existing::bb5,canon-utils/analysis/src/extract.rs,89,33
4369,BASIC_BLOCK,extract::merge_with_existing::bb50,canon-utils/analysis/src/extract.rs,119,1
4370,BASIC_BLOCK,extract::merge_with_existing::bb51,canon-utils/analysis/src/extract.rs,119,1
4371,BASIC_BLOCK,extract::merge_with_existing::bb52,canon-utils/analysis/src/extract.rs,119,1
4372,BASIC_BLOCK,extract::merge_with_existing::bb53,canon-utils/analysis/src/extract.rs,119,1
4373,BASIC_BLOCK,extract::merge_with_existing::bb54,canon-utils/analysis/src/extract.rs,119,1
4374,BASIC_BLOCK,extract::merge_with_existing::bb55,canon-utils/analysis/src/extract.rs,119,1
4375,BASIC_BLOCK,extract::merge_with_existing::bb56,canon-utils/analysis/src/extract.rs,119,1
4376,BASIC_BLOCK,extract::merge_with_existing::bb57,canon-utils/analysis/src/extract.rs,119,1
4377,BASIC_BLOCK,extract::merge_with_existing::bb58,canon-utils/analysis/src/extract.rs,119,1
4378,BASIC_BLOCK,extract::merge_with_existing::bb59,canon-utils/analysis/src/extract.rs,119,1
4379,CALL_SITE,extract::merge_with_existing::bb5::call4,canon-utils/analysis/src/extract.rs,89,33
4380,BASIC_BLOCK,extract::merge_with_existing::bb6,canon-utils/analysis/src/extract.rs,89,33
4381,BASIC_BLOCK,extract::merge_with_existing::bb60,canon-utils/analysis/src/extract.rs,119,1
4382,BASIC_BLOCK,extract::merge_with_existing::bb61,canon-utils/analysis/src/extract.rs,119,1
4383,BASIC_BLOCK,extract::merge_with_existing::bb62,canon-utils/analysis/src/extract.rs,119,1
4384,BASIC_BLOCK,extract::merge_with_existing::bb63,canon-utils/analysis/src/extract.rs,119,1
4385,BASIC_BLOCK,extract::merge_with_existing::bb64,canon-utils/analysis/src/extract.rs,119,1
4386,BASIC_BLOCK,extract::merge_with_existing::bb65,canon-utils/analysis/src/extract.rs,119,1
4387,BASIC_BLOCK,extract::merge_with_existing::bb66,canon-utils/analysis/src/extract.rs,119,1
4388,BASIC_BLOCK,extract::merge_with_existing::bb67,canon-utils/analysis/src/extract.rs,119,1
4389,BASIC_BLOCK,extract::merge_with_existing::bb68,canon-utils/analysis/src/extract.rs,119,1
4390,BASIC_BLOCK,extract::merge_with_existing::bb69,canon-utils/analysis/src/extract.rs,119,1
4391,CALL_SITE,extract::merge_with_existing::bb6::call5,canon-utils/analysis/src/extract.rs,89,33
4392,BASIC_BLOCK,extract::merge_with_existing::bb7,canon-utils/analysis/src/extract.rs,89,33
4393,BASIC_BLOCK,extract::merge_with_existing::bb70,canon-utils/analysis/src/extract.rs,119,1
4394,BASIC_BLOCK,extract::merge_with_existing::bb71,canon-utils/analysis/src/extract.rs,119,1
4395,BASIC_BLOCK,extract::merge_with_existing::bb72,canon-utils/analysis/src/extract.rs,119,1
4396,BASIC_BLOCK,extract::merge_with_existing::bb73,canon-utils/analysis/src/extract.rs,119,1
4397,BASIC_BLOCK,extract::merge_with_existing::bb74,canon-utils/analysis/src/extract.rs,119,1
4398,BASIC_BLOCK,extract::merge_with_existing::bb75,canon-utils/analysis/src/extract.rs,119,1
4399,BASIC_BLOCK,extract::merge_with_existing::bb76,canon-utils/analysis/src/extract.rs,119,1
4400,BASIC_BLOCK,extract::merge_with_existing::bb77,canon-utils/analysis/src/extract.rs,119,1
4401,BASIC_BLOCK,extract::merge_with_existing::bb78,canon-utils/analysis/src/extract.rs,119,1
4402,BASIC_BLOCK,extract::merge_with_existing::bb79,canon-utils/analysis/src/extract.rs,119,1
4403,BASIC_BLOCK,extract::merge_with_existing::bb8,canon-utils/analysis/src/extract.rs,92,21
4404,BASIC_BLOCK,extract::merge_with_existing::bb80,canon-utils/analysis/src/extract.rs,119,1
4405,BASIC_BLOCK,extract::merge_with_existing::bb81,canon-utils/analysis/src/extract.rs,119,1
4406,BASIC_BLOCK,extract::merge_with_existing::bb82,canon-utils/analysis/src/extract.rs,119,1
4407,BASIC_BLOCK,extract::merge_with_existing::bb83,canon-utils/analysis/src/extract.rs,119,1
4408,BASIC_BLOCK,extract::merge_with_existing::bb84,canon-utils/analysis/src/extract.rs,119,1
4409,BASIC_BLOCK,extract::merge_with_existing::bb85,canon-utils/analysis/src/extract.rs,119,1
4410,BASIC_BLOCK,extract::merge_with_existing::bb86,canon-utils/analysis/src/extract.rs,119,1
4411,BASIC_BLOCK,extract::merge_with_existing::bb87,canon-utils/analysis/src/extract.rs,119,1
4412,BASIC_BLOCK,extract::merge_with_existing::bb88,canon-utils/analysis/src/extract.rs,119,1
4413,BASIC_BLOCK,extract::merge_with_existing::bb89,canon-utils/analysis/src/extract.rs,119,1
4414,CALL_SITE,extract::merge_with_existing::bb8::call6,canon-utils/analysis/src/extract.rs,92,21
4415,BASIC_BLOCK,extract::merge_with_existing::bb9,canon-utils/analysis/src/lib.rs,1,1
4416,BASIC_BLOCK,extract::merge_with_existing::bb90,canon-utils/analysis/src/extract.rs,119,1
4417,BASIC_BLOCK,extract::merge_with_existing::bb91,canon-utils/analysis/src/extract.rs,92,21
4418,FUNCTION,extract::merge_with_existing::fn,canon-utils/analysis/src/extract.rs,86,1
4419,PARAM,extract::merge_with_existing::param0,canon-utils/analysis/src/extract.rs,86,24
4420,PARAM,extract::merge_with_existing::param1,canon-utils/analysis/src/extract.rs,86,43
4421,BASIC_BLOCK,extract::mir_nodes_for_def::bb0,canon-utils/analysis/src/extract.rs,321,27
4422,CALL_SITE,extract::mir_nodes_for_def::bb0::call0,canon-utils/analysis/src/extract.rs,321,27
4423,BASIC_BLOCK,extract::mir_nodes_for_def::bb1,canon-utils/analysis/src/extract.rs,322,9
4424,BASIC_BLOCK,extract::mir_nodes_for_def::bb10,canon-utils/analysis/src/lib.rs,1,1
4425,BASIC_BLOCK,extract::mir_nodes_for_def::bb11,canon-utils/analysis/src/extract.rs,327,16
4426,BASIC_BLOCK,extract::mir_nodes_for_def::bb12,canon-utils/analysis/src/extract.rs,331,17
4427,CALL_SITE,extract::mir_nodes_for_def::bb12::call5,canon-utils/analysis/src/extract.rs,331,17
4428,BASIC_BLOCK,extract::mir_nodes_for_def::bb13,canon-utils/analysis/src/extract.rs,330,49
4429,CALL_SITE,extract::mir_nodes_for_def::bb13::call6,canon-utils/analysis/src/extract.rs,330,49
4430,BASIC_BLOCK,extract::mir_nodes_for_def::bb14,canon-utils/analysis/src/extract.rs,331,44
4431,BASIC_BLOCK,extract::mir_nodes_for_def::bb15,canon-utils/analysis/src/extract.rs,333,21
4432,CALL_SITE,extract::mir_nodes_for_def::bb15::call7,canon-utils/analysis/src/extract.rs,333,21
4433,BASIC_BLOCK,extract::mir_nodes_for_def::bb16,canon-utils/analysis/src/extract.rs,334,22
4434,CALL_SITE,extract::mir_nodes_for_def::bb16::call8,canon-utils/analysis/src/extract.rs,334,22
4435,BASIC_BLOCK,extract::mir_nodes_for_def::bb17,canon-utils/analysis/src/extract.rs,334,22
4436,CALL_SITE,extract::mir_nodes_for_def::bb17::call9,canon-utils/analysis/src/extract.rs,334,22
4437,BASIC_BLOCK,extract::mir_nodes_for_def::bb18,canon-utils/analysis/src/extract.rs,334,22
4438,CALL_SITE,extract::mir_nodes_for_def::bb18::call10,canon-utils/analysis/src/extract.rs,334,22
4439,BASIC_BLOCK,extract::mir_nodes_for_def::bb19,canon-utils/analysis/src/extract.rs,334,22
4440,CALL_SITE,extract::mir_nodes_for_def::bb19::call11,canon-utils/analysis/src/extract.rs,334,22
4441,BASIC_BLOCK,extract::mir_nodes_for_def::bb2,canon-utils/analysis/src/extract.rs,321,9
4442,BASIC_BLOCK,extract::mir_nodes_for_def::bb20,canon-utils/analysis/src/extract.rs,334,5
4443,BASIC_BLOCK,extract::mir_nodes_for_def::bb21,canon-utils/analysis/src/extract.rs,334,22
4444,CALL_SITE,extract::mir_nodes_for_def::bb21::call12,canon-utils/analysis/src/extract.rs,334,22
4445,BASIC_BLOCK,extract::mir_nodes_for_def::bb22,canon-utils/analysis/src/extract.rs,334,22
4446,BASIC_BLOCK,extract::mir_nodes_for_def::bb23,canon-utils/analysis/src/extract.rs,335,20
4447,CALL_SITE,extract::mir_nodes_for_def::bb23::call13,canon-utils/analysis/src/extract.rs,335,20
4448,BASIC_BLOCK,extract::mir_nodes_for_def::bb24,canon-utils/analysis/src/extract.rs,348,22
4449,CALL_SITE,extract::mir_nodes_for_def::bb24::call14,canon-utils/analysis/src/extract.rs,348,22
4450,BASIC_BLOCK,extract::mir_nodes_for_def::bb25,canon-utils/analysis/src/extract.rs,335,20
4451,CALL_SITE,extract::mir_nodes_for_def::bb25::call15,canon-utils/analysis/src/extract.rs,335,20
4452,BASIC_BLOCK,extract::mir_nodes_for_def::bb26,canon-utils/analysis/src/extract.rs,335,20
4453,CALL_SITE,extract::mir_nodes_for_def::bb26::call16,canon-utils/analysis/src/extract.rs,335,20
4454,BASIC_BLOCK,extract::mir_nodes_for_def::bb27,canon-utils/analysis/src/extract.rs,336,36
4455,CALL_SITE,extract::mir_nodes_for_def::bb27::call17,canon-utils/analysis/src/extract.rs,336,36
4456,BASIC_BLOCK,extract::mir_nodes_for_def::bb28,canon-utils/analysis/src/extract.rs,340,30
4457,CALL_SITE,extract::mir_nodes_for_def::bb28::call18,canon-utils/analysis/src/extract.rs,340,30
4458,BASIC_BLOCK,extract::mir_nodes_for_def::bb29,canon-utils/analysis/src/extract.rs,340,40
4459,CALL_SITE,extract::mir_nodes_for_def::bb29::call19,canon-utils/analysis/src/extract.rs,340,40
4460,BASIC_BLOCK,extract::mir_nodes_for_def::bb3,canon-utils/analysis/src/extract.rs,324,9
4461,BASIC_BLOCK,extract::mir_nodes_for_def::bb30,/home/cicero-arch-omen/.rustup/toolchains/nightly-x86_64-unknown-linux-gnu/lib/rustlib/src/rust/library/alloc/src/macros.rs,114,33
4462,CALL_SITE,extract::mir_nodes_for_def::bb30::call20,/home/cicero-arch-omen/.rustup/toolchains/nightly-x86_64-unknown-linux-gnu/lib/rustlib/src/rust/library/alloc/src/macros.rs,114,33
4463,BASIC_BLOCK,extract::mir_nodes_for_def::bb31,/home/cicero-arch-omen/.rustup/toolchains/nightly-x86_64-unknown-linux-gnu/lib/rustlib/src/rust/library/alloc/src/macros.rs,114,13
4464,CALL_SITE,extract::mir_nodes_for_def::bb31::call21,/home/cicero-arch-omen/.rustup/toolchains/nightly-x86_64-unknown-linux-gnu/lib/rustlib/src/rust/library/alloc/src/macros.rs,114,13
4465,BASIC_BLOCK,extract::mir_nodes_for_def::bb32,/home/cicero-arch-omen/.rustup/toolchains/nightly-x86_64-unknown-linux-gnu/lib/rustlib/src/rust/library/alloc/src/macros.rs,113,9
4466,CALL_SITE,extract::mir_nodes_for_def::bb32::call22,/home/cicero-arch-omen/.rustup/toolchains/nightly-x86_64-unknown-linux-gnu/lib/rustlib/src/rust/library/alloc/src/macros.rs,113,9
4467,BASIC_BLOCK,extract::mir_nodes_for_def::bb33,canon-utils/analysis/src/extract.rs,337,9
4468,CALL_SITE,extract::mir_nodes_for_def::bb33::call23,canon-utils/analysis/src/extract.rs,337,9
4469,BASIC_BLOCK,extract::mir_nodes_for_def::bb34,canon-utils/analysis/src/extract.rs,334,5
4470,BASIC_BLOCK,extract::mir_nodes_for_def::bb35,canon-utils/analysis/src/extract.rs,348,22
4471,CALL_SITE,extract::mir_nodes_for_def::bb35::call24,canon-utils/analysis/src/extract.rs,348,22
4472,BASIC_BLOCK,extract::mir_nodes_for_def::bb36,canon-utils/analysis/src/extract.rs,348,22
4473,CALL_SITE,extract::mir_nodes_for_def::bb36::call25,canon-utils/analysis/src/extract.rs,348,22
4474,BASIC_BLOCK,extract::mir_nodes_for_def::bb37,canon-utils/analysis/src/extract.rs,348,22
4475,CALL_SITE,extract::mir_nodes_for_def::bb37::call26,canon-utils/analysis/src/extract.rs,348,22
4476,BASIC_BLOCK,extract::mir_nodes_for_def::bb38,canon-utils/analysis/src/extract.rs,348,5
4477,BASIC_BLOCK,extract::mir_nodes_for_def::bb39,canon-utils/analysis/src/extract.rs,348,22
4478,CALL_SITE,extract::mir_nodes_for_def::bb39::call27,canon-utils/analysis/src/extract.rs,348,22
4479,CALL_SITE,extract::mir_nodes_for_def::bb3::call1,canon-utils/analysis/src/extract.rs,324,9
4480,BASIC_BLOCK,extract::mir_nodes_for_def::bb4,canon-utils/analysis/src/extract.rs,322,19
4481,BASIC_BLOCK,extract::mir_nodes_for_def::bb40,canon-utils/analysis/src/extract.rs,348,22
4482,BASIC_BLOCK,extract::mir_nodes_for_def::bb41,canon-utils/analysis/src/extract.rs,349,16
4483,BASIC_BLOCK,extract::mir_nodes_for_def::bb42,canon-utils/analysis/src/extract.rs,367,2
4484,BASIC_BLOCK,extract::mir_nodes_for_def::bb43,/home/cicero-arch-omen/.rustup/toolchains/nightly-x86_64-unknown-linux-gnu/lib/rustlib/src/rust/library/core/src/macros/mod.rs,433,9
4485,BASIC_BLOCK,extract::mir_nodes_for_def::bb44,/home/cicero-arch-omen/.rustup/toolchains/nightly-x86_64-unknown-linux-gnu/lib/rustlib/src/rust/library/core/src/macros/mod.rs,435,18
4486,BASIC_BLOCK,extract::mir_nodes_for_def::bb45,/home/cicero-arch-omen/.rustup/toolchains/nightly-x86_64-unknown-linux-gnu/lib/rustlib/src/rust/library/core/src/macros/mod.rs,434,39
4487,BASIC_BLOCK,extract::mir_nodes_for_def::bb46,/home/cicero-arch-omen/.rustup/toolchains/nightly-x86_64-unknown-linux-gnu/lib/rustlib/src/rust/library/core/src/macros/mod.rs,433,9
4488,BASIC_BLOCK,extract::mir_nodes_for_def::bb47,canon-utils/analysis/src/extract.rs,352,44
4489,CALL_SITE,extract::mir_nodes_for_def::bb47::call28,canon-utils/analysis/src/extract.rs,352,44
4490,BASIC_BLOCK,extract::mir_nodes_for_def::bb48,canon-utils/analysis/src/extract.rs,356,38
4491,CALL_SITE,extract::mir_nodes_for_def::bb48::call29,canon-utils/analysis/src/extract.rs,356,38
4492,BASIC_BLOCK,extract::mir_nodes_for_def::bb49,canon-utils/analysis/src/extract.rs,356,48
4493,CALL_SITE,extract::mir_nodes_for_def::bb49::call30,canon-utils/analysis/src/extract.rs,356,48
4494,CALL_SITE,extract::mir_nodes_for_def::bb4::call2,canon-utils/analysis/src/extract.rs,322,19
4495,BASIC_BLOCK,extract::mir_nodes_for_def::bb5,canon-utils/analysis/src/extract.rs,324,9
4496,BASIC_BLOCK,extract::mir_nodes_for_def::bb50,canon-utils/analysis/src/extract.rs,356,59
4497,CALL_SITE,extract::mir_nodes_for_def::bb50::call31,canon-utils/analysis/src/extract.rs,356,59
4498,BASIC_BLOCK,extract::mir_nodes_for_def::bb51,/home/cicero-arch-omen/.rustup/toolchains/nightly-x86_64-unknown-linux-gnu/lib/rustlib/src/rust/library/alloc/src/macros.rs,114,33
4499,CALL_SITE,extract::mir_nodes_for_def::bb51::call32,/home/cicero-arch-omen/.rustup/toolchains/nightly-x86_64-unknown-linux-gnu/lib/rustlib/src/rust/library/alloc/src/macros.rs,114,33
4500,BASIC_BLOCK,extract::mir_nodes_for_def::bb52,/home/cicero-arch-omen/.rustup/toolchains/nightly-x86_64-unknown-linux-gnu/lib/rustlib/src/rust/library/alloc/src/macros.rs,114,13
4501,CALL_SITE,extract::mir_nodes_for_def::bb52::call33,/home/cicero-arch-omen/.rustup/toolchains/nightly-x86_64-unknown-linux-gnu/lib/rustlib/src/rust/library/alloc/src/macros.rs,114,13
4502,BASIC_BLOCK,extract::mir_nodes_for_def::bb53,/home/cicero-arch-omen/.rustup/toolchains/nightly-x86_64-unknown-linux-gnu/lib/rustlib/src/rust/library/alloc/src/macros.rs,113,9
4503,CALL_SITE,extract::mir_nodes_for_def::bb53::call34,/home/cicero-arch-omen/.rustup/toolchains/nightly-x86_64-unknown-linux-gnu/lib/rustlib/src/rust/library/alloc/src/macros.rs,113,9
4504,BASIC_BLOCK,extract::mir_nodes_for_def::bb54,canon-utils/analysis/src/extract.rs,353,17
4505,CALL_SITE,extract::mir_nodes_for_def::bb54::call35,canon-utils/analysis/src/extract.rs,353,17
4506,BASIC_BLOCK,extract::mir_nodes_for_def::bb55,canon-utils/analysis/src/extract.rs,361,17
4507,BASIC_BLOCK,extract::mir_nodes_for_def::bb56,canon-utils/analysis/src/extract.rs,350,13
4508,BASIC_BLOCK,extract::mir_nodes_for_def::bb57,canon-utils/analysis/src/extract.rs,367,2
4509,BASIC_BLOCK,extract::mir_nodes_for_def::bb58,canon-utils/analysis/src/extract.rs,367,1
4510,BASIC_BLOCK,extract::mir_nodes_for_def::bb59,canon-utils/analysis/src/extract.rs,320,1
4511,BASIC_BLOCK,extract::mir_nodes_for_def::bb6,canon-utils/analysis/src/extract.rs,327,22
4512,BASIC_BLOCK,extract::mir_nodes_for_def::bb60,canon-utils/analysis/src/extract.rs,362,13
4513,BASIC_BLOCK,extract::mir_nodes_for_def::bb61,canon-utils/analysis/src/extract.rs,362,13
4514,BASIC_BLOCK,extract::mir_nodes_for_def::bb62,canon-utils/analysis/src/extract.rs,345,5
4515,BASIC_BLOCK,extract::mir_nodes_for_def::bb63,canon-utils/analysis/src/extract.rs,345,5
4516,CALL_SITE,extract::mir_nodes_for_def::bb6::call3,canon-utils/analysis/src/extract.rs,327,22
4517,BASIC_BLOCK,extract::mir_nodes_for_def::bb7,canon-utils/analysis/src/extract.rs,325,19
4518,CALL_SITE,extract::mir_nodes_for_def::bb7::call4,canon-utils/analysis/src/extract.rs,325,19
4519,BASIC_BLOCK,extract::mir_nodes_for_def::bb8,canon-utils/analysis/src/extract.rs,367,2
4520,BASIC_BLOCK,extract::mir_nodes_for_def::bb9,canon-utils/analysis/src/extract.rs,327,16
4521,FUNCTION,extract::mir_nodes_for_def::fn,canon-utils/analysis/src/extract.rs,320,1
4522,PARAM,extract::mir_nodes_for_def::param0,canon-utils/analysis/src/extract.rs,320,22
4523,PARAM,extract::mir_nodes_for_def::param1,canon-utils/analysis/src/extract.rs,320,39
4524,PARAM,extract::mir_nodes_for_def::param2,canon-utils/analysis/src/extract.rs,320,54
4525,BASIC_BLOCK,extract::param_nodes::bb0,canon-utils/analysis/src/extract.rs,538,21
4526,CALL_SITE,extract::param_nodes::bb0::call0,canon-utils/analysis/src/extract.rs,538,21
4527,BASIC_BLOCK,extract::param_nodes::bb1,canon-utils/analysis/src/extract.rs,539,23
4528,BASIC_BLOCK,extract::param_nodes::bb10,canon-utils/analysis/src/extract.rs,546,5
4529,BASIC_BLOCK,extract::param_nodes::bb11,canon-utils/analysis/src/extract.rs,546,25
4530,CALL_SITE,extract::param_nodes::bb11::call6,canon-utils/analysis/src/extract.rs,546,25
4531,BASIC_BLOCK,extract::param_nodes::bb12,canon-utils/analysis/src/extract.rs,546,25
4532,BASIC_BLOCK,extract::param_nodes::bb13,canon-utils/analysis/src/extract.rs,546,25
4533,BASIC_BLOCK,extract::param_nodes::bb14,canon-utils/analysis/src/extract.rs,547,36
4534,CALL_SITE,extract::param_nodes::bb14::call7,canon-utils/analysis/src/extract.rs,547,36
4535,BASIC_BLOCK,extract::param_nodes::bb15,canon-utils/analysis/src/extract.rs,558,2
4536,BASIC_BLOCK,extract::param_nodes::bb16,canon-utils/analysis/src/extract.rs,551,30
4537,CALL_SITE,extract::param_nodes::bb16::call8,canon-utils/analysis/src/extract.rs,551,30
4538,BASIC_BLOCK,extract::param_nodes::bb17,canon-utils/analysis/src/extract.rs,551,43
4539,CALL_SITE,extract::param_nodes::bb17::call9,canon-utils/analysis/src/extract.rs,551,43
4540,BASIC_BLOCK,extract::param_nodes::bb18,/home/cicero-arch-omen/.rustup/toolchains/nightly-x86_64-unknown-linux-gnu/lib/rustlib/src/rust/library/alloc/src/macros.rs,114,33
4541,CALL_SITE,extract::param_nodes::bb18::call10,/home/cicero-arch-omen/.rustup/toolchains/nightly-x86_64-unknown-linux-gnu/lib/rustlib/src/rust/library/alloc/src/macros.rs,114,33
4542,BASIC_BLOCK,extract::param_nodes::bb19,/home/cicero-arch-omen/.rustup/toolchains/nightly-x86_64-unknown-linux-gnu/lib/rustlib/src/rust/library/alloc/src/macros.rs,114,13
4543,CALL_SITE,extract::param_nodes::bb19::call11,/home/cicero-arch-omen/.rustup/toolchains/nightly-x86_64-unknown-linux-gnu/lib/rustlib/src/rust/library/alloc/src/macros.rs,114,13
4544,CALL_SITE,extract::param_nodes::bb1::call1,canon-utils/analysis/src/extract.rs,539,23
4545,BASIC_BLOCK,extract::param_nodes::bb2,canon-utils/analysis/src/extract.rs,539,9
4546,BASIC_BLOCK,extract::param_nodes::bb20,/home/cicero-arch-omen/.rustup/toolchains/nightly-x86_64-unknown-linux-gnu/lib/rustlib/src/rust/library/alloc/src/macros.rs,113,9
4547,CALL_SITE,extract::param_nodes::bb20::call12,/home/cicero-arch-omen/.rustup/toolchains/nightly-x86_64-unknown-linux-gnu/lib/rustlib/src/rust/library/alloc/src/macros.rs,113,9
4548,BASIC_BLOCK,extract::param_nodes::bb21,canon-utils/analysis/src/extract.rs,548,9
4549,CALL_SITE,extract::param_nodes::bb21::call13,canon-utils/analysis/src/extract.rs,548,9
4550,BASIC_BLOCK,extract::param_nodes::bb22,canon-utils/analysis/src/extract.rs,546,5
4551,BASIC_BLOCK,extract::param_nodes::bb23,canon-utils/analysis/src/extract.rs,558,2
4552,BASIC_BLOCK,extract::param_nodes::bb24,canon-utils/analysis/src/extract.rs,558,1
4553,BASIC_BLOCK,extract::param_nodes::bb25,canon-utils/analysis/src/extract.rs,537,1
4554,BASIC_BLOCK,extract::param_nodes::bb26,canon-utils/analysis/src/extract.rs,556,5
4555,BASIC_BLOCK,extract::param_nodes::bb27,canon-utils/analysis/src/extract.rs,556,5
4556,BASIC_BLOCK,extract::param_nodes::bb3,canon-utils/analysis/src/extract.rs,542,22
4557,CALL_SITE,extract::param_nodes::bb3::call2,canon-utils/analysis/src/extract.rs,542,22
4558,BASIC_BLOCK,extract::param_nodes::bb4,canon-utils/analysis/src/extract.rs,540,9
4559,BASIC_BLOCK,extract::param_nodes::bb5,canon-utils/analysis/src/extract.rs,542,9
4560,BASIC_BLOCK,extract::param_nodes::bb6,canon-utils/analysis/src/extract.rs,546,25
4561,CALL_SITE,extract::param_nodes::bb6::call3,canon-utils/analysis/src/extract.rs,546,25
4562,BASIC_BLOCK,extract::param_nodes::bb7,canon-utils/analysis/src/lib.rs,1,1
4563,BASIC_BLOCK,extract::param_nodes::bb8,canon-utils/analysis/src/extract.rs,546,25
4564,CALL_SITE,extract::param_nodes::bb8::call4,canon-utils/analysis/src/extract.rs,546,25
4565,BASIC_BLOCK,extract::param_nodes::bb9,canon-utils/analysis/src/extract.rs,546,25
4566,CALL_SITE,extract::param_nodes::bb9::call5,canon-utils/analysis/src/extract.rs,546,25
4567,FUNCTION,extract::param_nodes::fn,canon-utils/analysis/src/extract.rs,537,1
4568,PARAM,extract::param_nodes::param0,canon-utils/analysis/src/extract.rs,537,16
4569,PARAM,extract::param_nodes::param1,canon-utils/analysis/src/extract.rs,537,33
4570,PARAM,extract::param_nodes::param2,canon-utils/analysis/src/extract.rs,537,48
4571,BASIC_BLOCK,extract::param_symbols::bb0,canon-utils/analysis/src/extract.rs,561,23
4572,CALL_SITE,extract::param_symbols::bb0::call0,canon-utils/analysis/src/extract.rs,561,23
4573,BASIC_BLOCK,extract::param_symbols::bb1,canon-utils/analysis/src/extract.rs,561,9
4574,BASIC_BLOCK,extract::param_symbols::bb10,canon-utils/analysis/src/extract.rs,573,2
4575,BASIC_BLOCK,extract::param_symbols::bb11,canon-utils/analysis/src/extract.rs,560,1
4576,BASIC_BLOCK,extract::param_symbols::bb2,canon-utils/analysis/src/extract.rs,564,22
4577,CALL_SITE,extract::param_symbols::bb2::call1,canon-utils/analysis/src/extract.rs,564,22
4578,BASIC_BLOCK,extract::param_symbols::bb3,canon-utils/analysis/src/extract.rs,562,16
4579,CALL_SITE,extract::param_symbols::bb3::call2,canon-utils/analysis/src/extract.rs,562,16
4580,BASIC_BLOCK,extract::param_symbols::bb4,canon-utils/analysis/src/extract.rs,564,9
4581,BASIC_BLOCK,extract::param_symbols::bb5,canon-utils/analysis/src/extract.rs,568,5
4582,CALL_SITE,extract::param_symbols::bb5::call3,canon-utils/analysis/src/extract.rs,568,5
4583,BASIC_BLOCK,extract::param_symbols::bb6,canon-utils/analysis/src/extract.rs,565,16
4584,CALL_SITE,extract::param_symbols::bb6::call4,canon-utils/analysis/src/extract.rs,565,16
4585,BASIC_BLOCK,extract::param_symbols::bb7,canon-utils/analysis/src/extract.rs,568,5
4586,CALL_SITE,extract::param_symbols::bb7::call5,canon-utils/analysis/src/extract.rs,568,5
4587,BASIC_BLOCK,extract::param_symbols::bb8,canon-utils/analysis/src/extract.rs,568,5
4588,CALL_SITE,extract::param_symbols::bb8::call6,canon-utils/analysis/src/extract.rs,568,5
4589,BASIC_BLOCK,extract::param_symbols::bb9,canon-utils/analysis/src/extract.rs,568,5
4590,CALL_SITE,extract::param_symbols::bb9::call7,canon-utils/analysis/src/extract.rs,568,5
4591,FUNCTION,extract::param_symbols::fn,canon-utils/analysis/src/extract.rs,560,1
4592,PARAM,extract::param_symbols::param0,canon-utils/analysis/src/extract.rs,560,18
4593,PARAM,extract::param_symbols::param1,canon-utils/analysis/src/extract.rs,560,35
4594,PARAM,extract::param_symbols::param2,canon-utils/analysis/src/extract.rs,560,50
4595,BASIC_BLOCK,extract::parse_edge_kind::bb0,canon-utils/analysis/src/extract.rs,212,9
4596,CALL_SITE,extract::parse_edge_kind::bb0::call0,canon-utils/analysis/src/extract.rs,212,9
4597,BASIC_BLOCK,extract::parse_edge_kind::bb1,/home/cicero-arch-omen/.cargo/registry/src/index.crates.io-1949cf8c6b5b557f/anyhow-1.0.102/src/macros.rs,207,55
4598,BASIC_BLOCK,extract::parse_edge_kind::bb10,canon-utils/analysis/src/extract.rs,216,42
4599,BASIC_BLOCK,extract::parse_edge_kind::bb11,canon-utils/analysis/src/extract.rs,217,9
4600,CALL_SITE,extract::parse_edge_kind::bb11::call6,canon-utils/analysis/src/extract.rs,217,9
4601,BASIC_BLOCK,extract::parse_edge_kind::bb12,canon-utils/analysis/src/extract.rs,217,36
4602,BASIC_BLOCK,extract::parse_edge_kind::bb13,canon-utils/analysis/src/extract.rs,218,9
4603,CALL_SITE,extract::parse_edge_kind::bb13::call7,canon-utils/analysis/src/extract.rs,218,9
4604,BASIC_BLOCK,extract::parse_edge_kind::bb14,canon-utils/analysis/src/extract.rs,218,36
4605,BASIC_BLOCK,extract::parse_edge_kind::bb15,canon-utils/analysis/src/extract.rs,219,9
4606,CALL_SITE,extract::parse_edge_kind::bb15::call8,canon-utils/analysis/src/extract.rs,219,9
4607,BASIC_BLOCK,extract::parse_edge_kind::bb16,canon-utils/analysis/src/extract.rs,219,40
4608,BASIC_BLOCK,extract::parse_edge_kind::bb17,canon-utils/analysis/src/extract.rs,220,9
4609,CALL_SITE,extract::parse_edge_kind::bb17::call9,canon-utils/analysis/src/extract.rs,220,9
4610,BASIC_BLOCK,extract::parse_edge_kind::bb18,canon-utils/analysis/src/extract.rs,220,40
4611,BASIC_BLOCK,extract::parse_edge_kind::bb19,canon-utils/analysis/src/extract.rs,221,9
4612,CALL_SITE,extract::parse_edge_kind::bb19::call10,canon-utils/analysis/src/extract.rs,221,9
4613,CALL_SITE,extract::parse_edge_kind::bb1::call1,/home/cicero-arch-omen/.cargo/registry/src/index.crates.io-1949cf8c6b5b557f/anyhow-1.0.102/src/macros.rs,207,55
4614,BASIC_BLOCK,extract::parse_edge_kind::bb2,canon-utils/analysis/src/extract.rs,212,45
4615,BASIC_BLOCK,extract::parse_edge_kind::bb20,canon-utils/analysis/src/extract.rs,221,48
4616,BASIC_BLOCK,extract::parse_edge_kind::bb21,canon-utils/analysis/src/extract.rs,222,9
4617,CALL_SITE,extract::parse_edge_kind::bb21::call11,canon-utils/analysis/src/extract.rs,222,9
4618,BASIC_BLOCK,extract::parse_edge_kind::bb22,canon-utils/analysis/src/extract.rs,222,45
4619,BASIC_BLOCK,extract::parse_edge_kind::bb23,canon-utils/analysis/src/extract.rs,223,9
4620,CALL_SITE,extract::parse_edge_kind::bb23::call12,canon-utils/analysis/src/extract.rs,223,9
4621,BASIC_BLOCK,extract::parse_edge_kind::bb24,canon-utils/analysis/src/extract.rs,223,40
4622,BASIC_BLOCK,extract::parse_edge_kind::bb25,canon-utils/analysis/src/extract.rs,224,9
4623,CALL_SITE,extract::parse_edge_kind::bb25::call13,canon-utils/analysis/src/extract.rs,224,9
4624,BASIC_BLOCK,extract::parse_edge_kind::bb26,canon-utils/analysis/src/extract.rs,224,40
4625,BASIC_BLOCK,extract::parse_edge_kind::bb27,canon-utils/analysis/src/extract.rs,225,9
4626,CALL_SITE,extract::parse_edge_kind::bb27::call14,canon-utils/analysis/src/extract.rs,225,9
4627,BASIC_BLOCK,extract::parse_edge_kind::bb28,canon-utils/analysis/src/extract.rs,225,48
4628,BASIC_BLOCK,extract::parse_edge_kind::bb29,canon-utils/analysis/src/extract.rs,226,9
4629,CALL_SITE,extract::parse_edge_kind::bb29::call15,canon-utils/analysis/src/extract.rs,226,9
4630,BASIC_BLOCK,extract::parse_edge_kind::bb3,canon-utils/analysis/src/extract.rs,213,9
4631,BASIC_BLOCK,extract::parse_edge_kind::bb30,canon-utils/analysis/src/extract.rs,226,50
4632,BASIC_BLOCK,extract::parse_edge_kind::bb31,canon-utils/analysis/src/extract.rs,227,9
4633,CALL_SITE,extract::parse_edge_kind::bb31::call16,canon-utils/analysis/src/extract.rs,227,9
4634,BASIC_BLOCK,extract::parse_edge_kind::bb32,canon-utils/analysis/src/extract.rs,227,42
4635,BASIC_BLOCK,extract::parse_edge_kind::bb33,canon-utils/analysis/src/extract.rs,228,9
4636,CALL_SITE,extract::parse_edge_kind::bb33::call17,canon-utils/analysis/src/extract.rs,228,9
4637,BASIC_BLOCK,extract::parse_edge_kind::bb34,canon-utils/analysis/src/extract.rs,228,60
4638,BASIC_BLOCK,extract::parse_edge_kind::bb35,canon-utils/analysis/src/extract.rs,229,9
4639,CALL_SITE,extract::parse_edge_kind::bb35::call18,canon-utils/analysis/src/extract.rs,229,9
4640,BASIC_BLOCK,extract::parse_edge_kind::bb36,canon-utils/analysis/src/extract.rs,229,54
4641,BASIC_BLOCK,extract::parse_edge_kind::bb37,canon-utils/analysis/src/extract.rs,229,9
4642,BASIC_BLOCK,extract::parse_edge_kind::bb38,canon-utils/analysis/src/extract.rs,228,9
4643,BASIC_BLOCK,extract::parse_edge_kind::bb39,canon-utils/analysis/src/extract.rs,227,9
4644,CALL_SITE,extract::parse_edge_kind::bb3::call2,canon-utils/analysis/src/extract.rs,213,9
4645,BASIC_BLOCK,extract::parse_edge_kind::bb4,canon-utils/analysis/src/extract.rs,213,47
4646,BASIC_BLOCK,extract::parse_edge_kind::bb40,canon-utils/analysis/src/extract.rs,226,9
4647,BASIC_BLOCK,extract::parse_edge_kind::bb41,canon-utils/analysis/src/extract.rs,225,9
4648,BASIC_BLOCK,extract::parse_edge_kind::bb42,canon-utils/analysis/src/extract.rs,224,9
4649,BASIC_BLOCK,extract::parse_edge_kind::bb43,canon-utils/analysis/src/extract.rs,223,9
4650,BASIC_BLOCK,extract::parse_edge_kind::bb44,canon-utils/analysis/src/extract.rs,222,9
4651,BASIC_BLOCK,extract::parse_edge_kind::bb45,canon-utils/analysis/src/extract.rs,221,9
4652,BASIC_BLOCK,extract::parse_edge_kind::bb46,canon-utils/analysis/src/extract.rs,220,9
4653,BASIC_BLOCK,extract::parse_edge_kind::bb47,canon-utils/analysis/src/extract.rs,219,9
4654,BASIC_BLOCK,extract::parse_edge_kind::bb48,canon-utils/analysis/src/extract.rs,218,9
4655,BASIC_BLOCK,extract::parse_edge_kind::bb49,canon-utils/analysis/src/extract.rs,217,9
4656,BASIC_BLOCK,extract::parse_edge_kind::bb5,canon-utils/analysis/src/extract.rs,214,9
4657,BASIC_BLOCK,extract::parse_edge_kind::bb50,canon-utils/analysis/src/extract.rs,216,9
4658,BASIC_BLOCK,extract::parse_edge_kind::bb51,canon-utils/analysis/src/extract.rs,215,9
4659,BASIC_BLOCK,extract::parse_edge_kind::bb52,canon-utils/analysis/src/extract.rs,214,9
4660,BASIC_BLOCK,extract::parse_edge_kind::bb53,canon-utils/analysis/src/extract.rs,213,9
4661,BASIC_BLOCK,extract::parse_edge_kind::bb54,canon-utils/analysis/src/extract.rs,212,9
4662,BASIC_BLOCK,extract::parse_edge_kind::bb55,/home/cicero-arch-omen/.cargo/registry/src/index.crates.io-1949cf8c6b5b557f/anyhow-1.0.102/src/macros.rs,207,25
4663,CALL_SITE,extract::parse_edge_kind::bb55::call19,/home/cicero-arch-omen/.cargo/registry/src/index.crates.io-1949cf8c6b5b557f/anyhow-1.0.102/src/macros.rs,207,25
4664,BASIC_BLOCK,extract::parse_edge_kind::bb56,/home/cicero-arch-omen/.cargo/registry/src/index.crates.io-1949cf8c6b5b557f/anyhow-1.0.102/src/macros.rs,206,9
4665,CALL_SITE,extract::parse_edge_kind::bb56::call20,/home/cicero-arch-omen/.cargo/registry/src/index.crates.io-1949cf8c6b5b557f/anyhow-1.0.102/src/macros.rs,206,9
4666,BASIC_BLOCK,extract::parse_edge_kind::bb57,canon-utils/analysis/src/extract.rs,230,54
4667,BASIC_BLOCK,extract::parse_edge_kind::bb58,canon-utils/analysis/src/extract.rs,232,2
4668,CALL_SITE,extract::parse_edge_kind::bb5::call3,canon-utils/analysis/src/extract.rs,214,9
4669,BASIC_BLOCK,extract::parse_edge_kind::bb6,canon-utils/analysis/src/extract.rs,214,45
4670,BASIC_BLOCK,extract::parse_edge_kind::bb7,canon-utils/analysis/src/extract.rs,215,9
4671,CALL_SITE,extract::parse_edge_kind::bb7::call4,canon-utils/analysis/src/extract.rs,215,9
4672,BASIC_BLOCK,extract::parse_edge_kind::bb8,canon-utils/analysis/src/extract.rs,215,45
4673,BASIC_BLOCK,extract::parse_edge_kind::bb9,canon-utils/analysis/src/extract.rs,216,9
4674,CALL_SITE,extract::parse_edge_kind::bb9::call5,canon-utils/analysis/src/extract.rs,216,9
4675,FUNCTION,extract::parse_edge_kind::fn,canon-utils/analysis/src/extract.rs,210,1
4676,PARAM,extract::parse_edge_kind::param0,canon-utils/analysis/src/extract.rs,210,20
4677,BASIC_BLOCK,extract::parse_node_kind::bb0,canon-utils/analysis/src/extract.rs,192,9
4678,CALL_SITE,extract::parse_node_kind::bb0::call0,canon-utils/analysis/src/extract.rs,192,9
4679,BASIC_BLOCK,extract::parse_node_kind::bb1,/home/cicero-arch-omen/.cargo/registry/src/index.crates.io-1949cf8c6b5b557f/anyhow-1.0.102/src/macros.rs,207,55
4680,BASIC_BLOCK,extract::parse_node_kind::bb10,canon-utils/analysis/src/extract.rs,196,38
4681,BASIC_BLOCK,extract::parse_node_kind::bb11,canon-utils/analysis/src/extract.rs,197,9
4682,CALL_SITE,extract::parse_node_kind::bb11::call6,canon-utils/analysis/src/extract.rs,197,9
4683,BASIC_BLOCK,extract::parse_node_kind::bb12,canon-utils/analysis/src/extract.rs,197,36
4684,BASIC_BLOCK,extract::parse_node_kind::bb13,canon-utils/analysis/src/extract.rs,198,9
4685,CALL_SITE,extract::parse_node_kind::bb13::call7,canon-utils/analysis/src/extract.rs,198,9
4686,BASIC_BLOCK,extract::parse_node_kind::bb14,canon-utils/analysis/src/extract.rs,198,38
4687,BASIC_BLOCK,extract::parse_node_kind::bb15,canon-utils/analysis/src/extract.rs,199,9
4688,CALL_SITE,extract::parse_node_kind::bb15::call8,canon-utils/analysis/src/extract.rs,199,9
4689,BASIC_BLOCK,extract::parse_node_kind::bb16,canon-utils/analysis/src/extract.rs,199,38
4690,BASIC_BLOCK,extract::parse_node_kind::bb17,canon-utils/analysis/src/extract.rs,200,9
4691,CALL_SITE,extract::parse_node_kind::bb17::call9,canon-utils/analysis/src/extract.rs,200,9
4692,BASIC_BLOCK,extract::parse_node_kind::bb18,canon-utils/analysis/src/extract.rs,200,44
4693,BASIC_BLOCK,extract::parse_node_kind::bb19,canon-utils/analysis/src/extract.rs,201,9
4694,CALL_SITE,extract::parse_node_kind::bb19::call10,canon-utils/analysis/src/extract.rs,201,9
4695,CALL_SITE,extract::parse_node_kind::bb1::call1,/home/cicero-arch-omen/.cargo/registry/src/index.crates.io-1949cf8c6b5b557f/anyhow-1.0.102/src/macros.rs,207,55
4696,BASIC_BLOCK,extract::parse_node_kind::bb2,canon-utils/analysis/src/extract.rs,192,44
4697,BASIC_BLOCK,extract::parse_node_kind::bb20,canon-utils/analysis/src/extract.rs,201,40
4698,BASIC_BLOCK,extract::parse_node_kind::bb21,canon-utils/analysis/src/extract.rs,202,9
4699,CALL_SITE,extract::parse_node_kind::bb21::call11,canon-utils/analysis/src/extract.rs,202,9
4700,BASIC_BLOCK,extract::parse_node_kind::bb22,canon-utils/analysis/src/extract.rs,202,36
4701,BASIC_BLOCK,extract::parse_node_kind::bb23,canon-utils/analysis/src/extract.rs,203,9
4702,CALL_SITE,extract::parse_node_kind::bb23::call12,canon-utils/analysis/src/extract.rs,203,9
4703,BASIC_BLOCK,extract::parse_node_kind::bb24,canon-utils/analysis/src/extract.rs,203,49
4704,BASIC_BLOCK,extract::parse_node_kind::bb25,canon-utils/analysis/src/extract.rs,204,9
4705,CALL_SITE,extract::parse_node_kind::bb25::call13,canon-utils/analysis/src/extract.rs,204,9
4706,BASIC_BLOCK,extract::parse_node_kind::bb26,canon-utils/analysis/src/extract.rs,204,45
4707,BASIC_BLOCK,extract::parse_node_kind::bb27,canon-utils/analysis/src/extract.rs,205,9
4708,CALL_SITE,extract::parse_node_kind::bb27::call14,canon-utils/analysis/src/extract.rs,205,9
4709,BASIC_BLOCK,extract::parse_node_kind::bb28,canon-utils/analysis/src/extract.rs,205,38
4710,BASIC_BLOCK,extract::parse_node_kind::bb29,canon-utils/analysis/src/extract.rs,205,9
4711,BASIC_BLOCK,extract::parse_node_kind::bb3,canon-utils/analysis/src/extract.rs,193,9
4712,BASIC_BLOCK,extract::parse_node_kind::bb30,canon-utils/analysis/src/extract.rs,204,9
4713,BASIC_BLOCK,extract::parse_node_kind::bb31,canon-utils/analysis/src/extract.rs,203,9
4714,BASIC_BLOCK,extract::parse_node_kind::bb32,canon-utils/analysis/src/extract.rs,202,9
4715,BASIC_BLOCK,extract::parse_node_kind::bb33,canon-utils/analysis/src/extract.rs,201,9
4716,BASIC_BLOCK,extract::parse_node_kind::bb34,canon-utils/analysis/src/extract.rs,200,9
4717,BASIC_BLOCK,extract::parse_node_kind::bb35,canon-utils/analysis/src/extract.rs,199,9
4718,BASIC_BLOCK,extract::parse_node_kind::bb36,canon-utils/analysis/src/extract.rs,198,9
4719,BASIC_BLOCK,extract::parse_node_kind::bb37,canon-utils/analysis/src/extract.rs,197,9
4720,BASIC_BLOCK,extract::parse_node_kind::bb38,canon-utils/analysis/src/extract.rs,196,9
4721,BASIC_BLOCK,extract::parse_node_kind::bb39,canon-utils/analysis/src/extract.rs,195,9
4722,CALL_SITE,extract::parse_node_kind::bb3::call2,canon-utils/analysis/src/extract.rs,193,9
4723,BASIC_BLOCK,extract::parse_node_kind::bb4,canon-utils/analysis/src/extract.rs,193,40
4724,BASIC_BLOCK,extract::parse_node_kind::bb40,canon-utils/analysis/src/extract.rs,194,9
4725,BASIC_BLOCK,extract::parse_node_kind::bb41,canon-utils/analysis/src/extract.rs,193,9
4726,BASIC_BLOCK,extract::parse_node_kind::bb42,canon-utils/analysis/src/extract.rs,192,9
4727,BASIC_BLOCK,extract::parse_node_kind::bb43,/home/cicero-arch-omen/.cargo/registry/src/index.crates.io-1949cf8c6b5b557f/anyhow-1.0.102/src/macros.rs,207,25
4728,CALL_SITE,extract::parse_node_kind::bb43::call15,/home/cicero-arch-omen/.cargo/registry/src/index.crates.io-1949cf8c6b5b557f/anyhow-1.0.102/src/macros.rs,207,25
4729,BASIC_BLOCK,extract::parse_node_kind::bb44,/home/cicero-arch-omen/.cargo/registry/src/index.crates.io-1949cf8c6b5b557f/anyhow-1.0.102/src/macros.rs,206,9
4730,CALL_SITE,extract::parse_node_kind::bb44::call16,/home/cicero-arch-omen/.cargo/registry/src/index.crates.io-1949cf8c6b5b557f/anyhow-1.0.102/src/macros.rs,206,9
4731,BASIC_BLOCK,extract::parse_node_kind::bb45,canon-utils/analysis/src/extract.rs,206,54
4732,BASIC_BLOCK,extract::parse_node_kind::bb46,canon-utils/analysis/src/extract.rs,208,2
4733,BASIC_BLOCK,extract::parse_node_kind::bb5,canon-utils/analysis/src/extract.rs,194,9
4734,CALL_SITE,extract::parse_node_kind::bb5::call3,canon-utils/analysis/src/extract.rs,194,9
4735,BASIC_BLOCK,extract::parse_node_kind::bb6,canon-utils/analysis/src/extract.rs,194,40
4736,BASIC_BLOCK,extract::parse_node_kind::bb7,canon-utils/analysis/src/extract.rs,195,9
4737,CALL_SITE,extract::parse_node_kind::bb7::call4,canon-utils/analysis/src/extract.rs,195,9
4738,BASIC_BLOCK,extract::parse_node_kind::bb8,canon-utils/analysis/src/extract.rs,195,36
4739,BASIC_BLOCK,extract::parse_node_kind::bb9,canon-utils/analysis/src/extract.rs,196,9
4740,CALL_SITE,extract::parse_node_kind::bb9::call5,canon-utils/analysis/src/extract.rs,196,9
4741,FUNCTION,extract::parse_node_kind::fn,canon-utils/analysis/src/extract.rs,190,1
4742,PARAM,extract::parse_node_kind::param0,canon-utils/analysis/src/extract.rs,190,20
4743,BASIC_BLOCK,extract::read_edges_csv::bb0,canon-utils/analysis/src/extract.rs,163,19
4744,CALL_SITE,extract::read_edges_csv::bb0::call0,canon-utils/analysis/src/extract.rs,163,19
4745,BASIC_BLOCK,extract::read_edges_csv::bb1,canon-utils/analysis/src/extract.rs,163,19
4746,BASIC_BLOCK,extract::read_edges_csv::bb10,canon-utils/analysis/src/extract.rs,165,5
4747,BASIC_BLOCK,extract::read_edges_csv::bb11,canon-utils/analysis/src/extract.rs,165,24
4748,CALL_SITE,extract::read_edges_csv::bb11::call8,canon-utils/analysis/src/extract.rs,165,24
4749,BASIC_BLOCK,extract::read_edges_csv::bb12,canon-utils/analysis/src/extract.rs,165,24
4750,BASIC_BLOCK,extract::read_edges_csv::bb13,canon-utils/analysis/src/extract.rs,166,12
4751,BASIC_BLOCK,extract::read_edges_csv::bb14,canon-utils/analysis/src/extract.rs,188,1
4752,BASIC_BLOCK,extract::read_edges_csv::bb15,canon-utils/analysis/src/extract.rs,166,24
4753,CALL_SITE,extract::read_edges_csv::bb15::call9,canon-utils/analysis/src/extract.rs,166,24
4754,BASIC_BLOCK,extract::read_edges_csv::bb16,canon-utils/analysis/src/extract.rs,166,24
4755,CALL_SITE,extract::read_edges_csv::bb16::call10,canon-utils/analysis/src/extract.rs,166,24
4756,BASIC_BLOCK,extract::read_edges_csv::bb17,canon-utils/analysis/src/extract.rs,166,24
4757,BASIC_BLOCK,extract::read_edges_csv::bb18,canon-utils/analysis/src/extract.rs,169,32
4758,CALL_SITE,extract::read_edges_csv::bb18::call11,canon-utils/analysis/src/extract.rs,169,32
4759,BASIC_BLOCK,extract::read_edges_csv::bb19,canon-utils/analysis/src/extract.rs,169,32
4760,CALL_SITE,extract::read_edges_csv::bb19::call12,canon-utils/analysis/src/extract.rs,169,32
4761,CALL_SITE,extract::read_edges_csv::bb1::call1,canon-utils/analysis/src/extract.rs,163,19
4762,BASIC_BLOCK,extract::read_edges_csv::bb2,canon-utils/analysis/src/extract.rs,163,19
4763,BASIC_BLOCK,extract::read_edges_csv::bb20,canon-utils/analysis/src/extract.rs,170,12
4764,CALL_SITE,extract::read_edges_csv::bb20::call13,canon-utils/analysis/src/extract.rs,170,12
4765,BASIC_BLOCK,extract::read_edges_csv::bb21,canon-utils/analysis/src/extract.rs,170,12
4766,BASIC_BLOCK,extract::read_edges_csv::bb22,canon-utils/analysis/src/extract.rs,173,30
4767,CALL_SITE,extract::read_edges_csv::bb22::call14,canon-utils/analysis/src/extract.rs,173,30
4768,BASIC_BLOCK,extract::read_edges_csv::bb23,canon-utils/analysis/src/extract.rs,173,25
4769,CALL_SITE,extract::read_edges_csv::bb23::call15,canon-utils/analysis/src/extract.rs,173,25
4770,BASIC_BLOCK,extract::read_edges_csv::bb24,canon-utils/analysis/src/extract.rs,173,19
4771,BASIC_BLOCK,extract::read_edges_csv::bb25,canon-utils/analysis/src/extract.rs,177,30
4772,CALL_SITE,extract::read_edges_csv::bb25::call16,canon-utils/analysis/src/extract.rs,177,30
4773,BASIC_BLOCK,extract::read_edges_csv::bb26,canon-utils/analysis/src/extract.rs,177,25
4774,CALL_SITE,extract::read_edges_csv::bb26::call17,canon-utils/analysis/src/extract.rs,177,25
4775,BASIC_BLOCK,extract::read_edges_csv::bb27,canon-utils/analysis/src/extract.rs,177,19
4776,BASIC_BLOCK,extract::read_edges_csv::bb28,canon-utils/analysis/src/extract.rs,181,47
4777,CALL_SITE,extract::read_edges_csv::bb28::call18,canon-utils/analysis/src/extract.rs,181,47
4778,BASIC_BLOCK,extract::read_edges_csv::bb29,canon-utils/analysis/src/extract.rs,181,26
4779,CALL_SITE,extract::read_edges_csv::bb29::call19,canon-utils/analysis/src/extract.rs,181,26
4780,BASIC_BLOCK,extract::read_edges_csv::bb3,canon-utils/analysis/src/lib.rs,1,1
4781,BASIC_BLOCK,extract::read_edges_csv::bb30,canon-utils/analysis/src/extract.rs,181,20
4782,BASIC_BLOCK,extract::read_edges_csv::bb31,canon-utils/analysis/src/extract.rs,184,10
4783,BASIC_BLOCK,extract::read_edges_csv::bb32,canon-utils/analysis/src/extract.rs,185,9
4784,CALL_SITE,extract::read_edges_csv::bb32::call20,canon-utils/analysis/src/extract.rs,185,9
4785,BASIC_BLOCK,extract::read_edges_csv::bb33,canon-utils/analysis/src/extract.rs,186,5
4786,BASIC_BLOCK,extract::read_edges_csv::bb34,canon-utils/analysis/src/extract.rs,184,10
4787,BASIC_BLOCK,extract::read_edges_csv::bb35,canon-utils/analysis/src/extract.rs,186,5
4788,BASIC_BLOCK,extract::read_edges_csv::bb36,canon-utils/analysis/src/extract.rs,188,2
4789,BASIC_BLOCK,extract::read_edges_csv::bb37,canon-utils/analysis/src/extract.rs,186,5
4790,BASIC_BLOCK,extract::read_edges_csv::bb38,canon-utils/analysis/src/extract.rs,188,1
4791,BASIC_BLOCK,extract::read_edges_csv::bb39,canon-utils/analysis/src/extract.rs,188,1
4792,BASIC_BLOCK,extract::read_edges_csv::bb4,canon-utils/analysis/src/extract.rs,164,21
4793,BASIC_BLOCK,extract::read_edges_csv::bb40,canon-utils/analysis/src/extract.rs,162,1
4794,CALL_SITE,extract::read_edges_csv::bb4::call2,canon-utils/analysis/src/extract.rs,164,21
4795,BASIC_BLOCK,extract::read_edges_csv::bb5,canon-utils/analysis/src/extract.rs,163,19
4796,CALL_SITE,extract::read_edges_csv::bb5::call3,canon-utils/analysis/src/extract.rs,163,19
4797,BASIC_BLOCK,extract::read_edges_csv::bb6,canon-utils/analysis/src/extract.rs,165,24
4798,CALL_SITE,extract::read_edges_csv::bb6::call4,canon-utils/analysis/src/extract.rs,165,24
4799,BASIC_BLOCK,extract::read_edges_csv::bb7,canon-utils/analysis/src/extract.rs,165,24
4800,CALL_SITE,extract::read_edges_csv::bb7::call5,canon-utils/analysis/src/extract.rs,165,24
4801,BASIC_BLOCK,extract::read_edges_csv::bb8,canon-utils/analysis/src/extract.rs,165,24
4802,CALL_SITE,extract::read_edges_csv::bb8::call6,canon-utils/analysis/src/extract.rs,165,24
4803,BASIC_BLOCK,extract::read_edges_csv::bb9,canon-utils/analysis/src/extract.rs,165,24
4804,CALL_SITE,extract::read_edges_csv::bb9::call7,canon-utils/analysis/src/extract.rs,165,24
4805,FUNCTION,extract::read_edges_csv::fn,canon-utils/analysis/src/extract.rs,162,1
4806,PARAM,extract::read_edges_csv::param0,canon-utils/analysis/src/extract.rs,162,19
4807,BASIC_BLOCK,extract::read_nodes_csv::bb0,canon-utils/analysis/src/extract.rs,122,19
4808,CALL_SITE,extract::read_nodes_csv::bb0::call0,canon-utils/analysis/src/extract.rs,122,19
4809,BASIC_BLOCK,extract::read_nodes_csv::bb1,canon-utils/analysis/src/extract.rs,122,19
4810,BASIC_BLOCK,extract::read_nodes_csv::bb10,canon-utils/analysis/src/extract.rs,124,5
4811,BASIC_BLOCK,extract::read_nodes_csv::bb11,canon-utils/analysis/src/extract.rs,124,24
4812,CALL_SITE,extract::read_nodes_csv::bb11::call8,canon-utils/analysis/src/extract.rs,124,24
4813,BASIC_BLOCK,extract::read_nodes_csv::bb12,canon-utils/analysis/src/extract.rs,124,24
4814,BASIC_BLOCK,extract::read_nodes_csv::bb13,canon-utils/analysis/src/extract.rs,125,12
4815,BASIC_BLOCK,extract::read_nodes_csv::bb14,canon-utils/analysis/src/extract.rs,160,1
4816,BASIC_BLOCK,extract::read_nodes_csv::bb15,canon-utils/analysis/src/extract.rs,125,24
4817,CALL_SITE,extract::read_nodes_csv::bb15::call9,canon-utils/analysis/src/extract.rs,125,24
4818,BASIC_BLOCK,extract::read_nodes_csv::bb16,canon-utils/analysis/src/extract.rs,125,24
4819,CALL_SITE,extract::read_nodes_csv::bb16::call10,canon-utils/analysis/src/extract.rs,125,24
4820,BASIC_BLOCK,extract::read_nodes_csv::bb17,canon-utils/analysis/src/extract.rs,125,24
4821,BASIC_BLOCK,extract::read_nodes_csv::bb18,canon-utils/analysis/src/extract.rs,128,32
4822,CALL_SITE,extract::read_nodes_csv::bb18::call11,canon-utils/analysis/src/extract.rs,128,32
4823,BASIC_BLOCK,extract::read_nodes_csv::bb19,canon-utils/analysis/src/extract.rs,128,32
4824,CALL_SITE,extract::read_nodes_csv::bb19::call12,canon-utils/analysis/src/extract.rs,128,32
4825,CALL_SITE,extract::read_nodes_csv::bb1::call1,canon-utils/analysis/src/extract.rs,122,19
4826,BASIC_BLOCK,extract::read_nodes_csv::bb2,canon-utils/analysis/src/extract.rs,122,19
4827,BASIC_BLOCK,extract::read_nodes_csv::bb20,canon-utils/analysis/src/extract.rs,129,12
4828,CALL_SITE,extract::read_nodes_csv::bb20::call13,canon-utils/analysis/src/extract.rs,129,12
4829,BASIC_BLOCK,extract::read_nodes_csv::bb21,canon-utils/analysis/src/extract.rs,129,12
4830,BASIC_BLOCK,extract::read_nodes_csv::bb22,canon-utils/analysis/src/extract.rs,132,29
4831,CALL_SITE,extract::read_nodes_csv::bb22::call14,canon-utils/analysis/src/extract.rs,132,29
4832,BASIC_BLOCK,extract::read_nodes_csv::bb23,canon-utils/analysis/src/extract.rs,132,24
4833,CALL_SITE,extract::read_nodes_csv::bb23::call15,canon-utils/analysis/src/extract.rs,132,24
4834,BASIC_BLOCK,extract::read_nodes_csv::bb24,canon-utils/analysis/src/extract.rs,132,18
4835,BASIC_BLOCK,extract::read_nodes_csv::bb25,canon-utils/analysis/src/extract.rs,136,47
4836,CALL_SITE,extract::read_nodes_csv::bb25::call16,canon-utils/analysis/src/extract.rs,136,47
4837,BASIC_BLOCK,extract::read_nodes_csv::bb26,canon-utils/analysis/src/extract.rs,136,26
4838,CALL_SITE,extract::read_nodes_csv::bb26::call17,canon-utils/analysis/src/extract.rs,136,26
4839,BASIC_BLOCK,extract::read_nodes_csv::bb27,canon-utils/analysis/src/extract.rs,136,20
4840,BASIC_BLOCK,extract::read_nodes_csv::bb28,canon-utils/analysis/src/extract.rs,139,10
4841,BASIC_BLOCK,extract::read_nodes_csv::bb29,canon-utils/analysis/src/extract.rs,140,35
4842,CALL_SITE,extract::read_nodes_csv::bb29::call18,canon-utils/analysis/src/extract.rs,140,35
4843,BASIC_BLOCK,extract::read_nodes_csv::bb3,canon-utils/analysis/src/lib.rs,1,1
4844,BASIC_BLOCK,extract::read_nodes_csv::bb30,canon-utils/analysis/src/extract.rs,140,35
4845,BASIC_BLOCK,extract::read_nodes_csv::bb31,canon-utils/analysis/src/extract.rs,140,34
4846,CALL_SITE,extract::read_nodes_csv::bb31::call19,canon-utils/analysis/src/extract.rs,140,34
4847,BASIC_BLOCK,extract::read_nodes_csv::bb32,canon-utils/analysis/src/extract.rs,140,29
4848,CALL_SITE,extract::read_nodes_csv::bb32::call20,canon-utils/analysis/src/extract.rs,140,29
4849,BASIC_BLOCK,extract::read_nodes_csv::bb33,canon-utils/analysis/src/extract.rs,140,23
4850,BASIC_BLOCK,extract::read_nodes_csv::bb34,canon-utils/analysis/src/extract.rs,144,31
4851,CALL_SITE,extract::read_nodes_csv::bb34::call21,canon-utils/analysis/src/extract.rs,144,31
4852,BASIC_BLOCK,extract::read_nodes_csv::bb35,canon-utils/analysis/src/extract.rs,144,31
4853,BASIC_BLOCK,extract::read_nodes_csv::bb36,canon-utils/analysis/src/extract.rs,144,30
4854,CALL_SITE,extract::read_nodes_csv::bb36::call22,canon-utils/analysis/src/extract.rs,144,30
4855,BASIC_BLOCK,extract::read_nodes_csv::bb37,canon-utils/analysis/src/extract.rs,144,25
4856,CALL_SITE,extract::read_nodes_csv::bb37::call23,canon-utils/analysis/src/extract.rs,144,25
4857,BASIC_BLOCK,extract::read_nodes_csv::bb38,canon-utils/analysis/src/extract.rs,144,19
4858,BASIC_BLOCK,extract::read_nodes_csv::bb39,canon-utils/analysis/src/extract.rs,148,26
4859,CALL_SITE,extract::read_nodes_csv::bb39::call24,canon-utils/analysis/src/extract.rs,148,26
4860,BASIC_BLOCK,extract::read_nodes_csv::bb4,canon-utils/analysis/src/extract.rs,123,21
4861,BASIC_BLOCK,extract::read_nodes_csv::bb40,canon-utils/analysis/src/extract.rs,148,26
4862,BASIC_BLOCK,extract::read_nodes_csv::bb41,canon-utils/analysis/src/extract.rs,148,25
4863,CALL_SITE,extract::read_nodes_csv::bb41::call25,canon-utils/analysis/src/extract.rs,148,25
4864,BASIC_BLOCK,extract::read_nodes_csv::bb42,canon-utils/analysis/src/extract.rs,148,20
4865,CALL_SITE,extract::read_nodes_csv::bb42::call26,canon-utils/analysis/src/extract.rs,148,20
4866,BASIC_BLOCK,extract::read_nodes_csv::bb43,canon-utils/analysis/src/extract.rs,149,31
4867,CALL_SITE,extract::read_nodes_csv::bb43::call27,canon-utils/analysis/src/extract.rs,149,31
4868,BASIC_BLOCK,extract::read_nodes_csv::bb44,canon-utils/analysis/src/extract.rs,149,31
4869,BASIC_BLOCK,extract::read_nodes_csv::bb45,canon-utils/analysis/src/extract.rs,149,27
4870,CALL_SITE,extract::read_nodes_csv::bb45::call28,canon-utils/analysis/src/extract.rs,149,27
4871,BASIC_BLOCK,extract::read_nodes_csv::bb46,canon-utils/analysis/src/extract.rs,149,22
4872,CALL_SITE,extract::read_nodes_csv::bb46::call29,canon-utils/analysis/src/extract.rs,149,22
4873,BASIC_BLOCK,extract::read_nodes_csv::bb47,canon-utils/analysis/src/extract.rs,150,9
4874,CALL_SITE,extract::read_nodes_csv::bb47::call30,canon-utils/analysis/src/extract.rs,150,9
4875,BASIC_BLOCK,extract::read_nodes_csv::bb48,canon-utils/analysis/src/extract.rs,158,5
4876,BASIC_BLOCK,extract::read_nodes_csv::bb49,canon-utils/analysis/src/extract.rs,139,10
4877,CALL_SITE,extract::read_nodes_csv::bb4::call2,canon-utils/analysis/src/extract.rs,123,21
4878,BASIC_BLOCK,extract::read_nodes_csv::bb5,canon-utils/analysis/src/extract.rs,122,19
4879,BASIC_BLOCK,extract::read_nodes_csv::bb50,canon-utils/analysis/src/extract.rs,158,5
4880,BASIC_BLOCK,extract::read_nodes_csv::bb51,canon-utils/analysis/src/extract.rs,160,2
4881,BASIC_BLOCK,extract::read_nodes_csv::bb52,canon-utils/analysis/src/extract.rs,158,5
4882,BASIC_BLOCK,extract::read_nodes_csv::bb53,canon-utils/analysis/src/extract.rs,160,1
4883,BASIC_BLOCK,extract::read_nodes_csv::bb54,canon-utils/analysis/src/extract.rs,160,1
4884,BASIC_BLOCK,extract::read_nodes_csv::bb55,canon-utils/analysis/src/extract.rs,121,1
4885,BASIC_BLOCK,extract::read_nodes_csv::bb56,canon-utils/analysis/src/extract.rs,158,5
4886,BASIC_BLOCK,extract::read_nodes_csv::bb57,canon-utils/analysis/src/extract.rs,158,5
4887,CALL_SITE,extract::read_nodes_csv::bb5::call3,canon-utils/analysis/src/extract.rs,122,19
4888,BASIC_BLOCK,extract::read_nodes_csv::bb6,canon-utils/analysis/src/extract.rs,124,24
4889,CALL_SITE,extract::read_nodes_csv::bb6::call4,canon-utils/analysis/src/extract.rs,124,24
4890,BASIC_BLOCK,extract::read_nodes_csv::bb7,canon-utils/analysis/src/extract.rs,124,24
4891,CALL_SITE,extract::read_nodes_csv::bb7::call5,canon-utils/analysis/src/extract.rs,124,24
4892,BASIC_BLOCK,extract::read_nodes_csv::bb8,canon-utils/analysis/src/extract.rs,124,24
4893,CALL_SITE,extract::read_nodes_csv::bb8::call6,canon-utils/analysis/src/extract.rs,124,24
4894,BASIC_BLOCK,extract::read_nodes_csv::bb9,canon-utils/analysis/src/extract.rs,124,24
4895,CALL_SITE,extract::read_nodes_csv::bb9::call7,canon-utils/analysis/src/extract.rs,124,24
4896,FUNCTION,extract::read_nodes_csv::fn,canon-utils/analysis/src/extract.rs,121,1
4897,PARAM,extract::read_nodes_csv::param0,canon-utils/analysis/src/extract.rs,121,19
4898,BASIC_BLOCK,extract::span_info::bb0,canon-utils/analysis/src/extract.rs,505,14
4899,CALL_SITE,extract::span_info::bb0::call0,canon-utils/analysis/src/extract.rs,505,14
4900,BASIC_BLOCK,extract::span_info::bb1,canon-utils/analysis/src/extract.rs,505,14
4901,BASIC_BLOCK,extract::span_info::bb10,canon-utils/analysis/src/extract.rs,508,8
4902,CALL_SITE,extract::span_info::bb10::call10,canon-utils/analysis/src/extract.rs,508,8
4903,BASIC_BLOCK,extract::span_info::bb11,canon-utils/analysis/src/extract.rs,508,8
4904,BASIC_BLOCK,extract::span_info::bb12,canon-utils/analysis/src/extract.rs,509,30
4905,CALL_SITE,extract::span_info::bb12::call11,canon-utils/analysis/src/extract.rs,509,30
4906,BASIC_BLOCK,extract::span_info::bb13,canon-utils/analysis/src/extract.rs,509,30
4907,CALL_SITE,extract::span_info::bb13::call12,canon-utils/analysis/src/extract.rs,509,30
4908,BASIC_BLOCK,extract::span_info::bb14,canon-utils/analysis/src/extract.rs,509,16
4909,BASIC_BLOCK,extract::span_info::bb15,canon-utils/analysis/src/extract.rs,510,30
4910,BASIC_BLOCK,extract::span_info::bb16,canon-utils/analysis/src/extract.rs,510,29
4911,CALL_SITE,extract::span_info::bb16::call13,canon-utils/analysis/src/extract.rs,510,29
4912,BASIC_BLOCK,extract::span_info::bb17,canon-utils/analysis/src/extract.rs,511,32
4913,CALL_SITE,extract::span_info::bb17::call14,canon-utils/analysis/src/extract.rs,511,32
4914,BASIC_BLOCK,extract::span_info::bb18,canon-utils/analysis/src/extract.rs,511,20
4915,BASIC_BLOCK,extract::span_info::bb19,canon-utils/analysis/src/extract.rs,512,28
4916,CALL_SITE,extract::span_info::bb19::call15,canon-utils/analysis/src/extract.rs,512,28
4917,CALL_SITE,extract::span_info::bb1::call1,canon-utils/analysis/src/extract.rs,505,14
4918,BASIC_BLOCK,extract::span_info::bb2,canon-utils/analysis/src/extract.rs,506,34
4919,BASIC_BLOCK,extract::span_info::bb20,canon-utils/analysis/src/extract.rs,512,24
4920,CALL_SITE,extract::span_info::bb20::call16,canon-utils/analysis/src/extract.rs,512,24
4921,BASIC_BLOCK,extract::span_info::bb21,canon-utils/analysis/src/extract.rs,512,17
4922,BASIC_BLOCK,extract::span_info::bb22,canon-utils/analysis/src/extract.rs,511,13
4923,BASIC_BLOCK,extract::span_info::bb23,canon-utils/analysis/src/extract.rs,512,46
4924,BASIC_BLOCK,extract::span_info::bb24,canon-utils/analysis/src/extract.rs,516,8
4925,CALL_SITE,extract::span_info::bb24::call17,canon-utils/analysis/src/extract.rs,516,8
4926,BASIC_BLOCK,extract::span_info::bb25,canon-utils/analysis/src/extract.rs,516,8
4927,CALL_SITE,extract::span_info::bb25::call18,canon-utils/analysis/src/extract.rs,516,8
4928,BASIC_BLOCK,extract::span_info::bb26,canon-utils/analysis/src/extract.rs,516,8
4929,BASIC_BLOCK,extract::span_info::bb27,canon-utils/analysis/src/extract.rs,516,31
4930,CALL_SITE,extract::span_info::bb27::call19,canon-utils/analysis/src/extract.rs,516,31
4931,BASIC_BLOCK,extract::span_info::bb28,canon-utils/analysis/src/extract.rs,516,31
4932,CALL_SITE,extract::span_info::bb28::call20,canon-utils/analysis/src/extract.rs,516,31
4933,BASIC_BLOCK,extract::span_info::bb29,canon-utils/analysis/src/extract.rs,516,31
4934,CALL_SITE,extract::span_info::bb2::call2,canon-utils/analysis/src/extract.rs,506,34
4935,BASIC_BLOCK,extract::span_info::bb3,canon-utils/analysis/src/extract.rs,506,15
4936,BASIC_BLOCK,extract::span_info::bb30,canon-utils/analysis/src/extract.rs,517,16
4937,CALL_SITE,extract::span_info::bb30::call21,canon-utils/analysis/src/extract.rs,517,16
4938,BASIC_BLOCK,extract::span_info::bb31,canon-utils/analysis/src/extract.rs,517,16
4939,CALL_SITE,extract::span_info::bb31::call22,canon-utils/analysis/src/extract.rs,517,16
4940,BASIC_BLOCK,extract::span_info::bb32,canon-utils/analysis/src/extract.rs,517,16
4941,CALL_SITE,extract::span_info::bb32::call23,canon-utils/analysis/src/extract.rs,517,16
4942,BASIC_BLOCK,extract::span_info::bb33,canon-utils/analysis/src/extract.rs,517,16
4943,CALL_SITE,extract::span_info::bb33::call24,canon-utils/analysis/src/extract.rs,517,16
4944,BASIC_BLOCK,extract::span_info::bb34,canon-utils/analysis/src/extract.rs,517,9
4945,BASIC_BLOCK,extract::span_info::bb35,canon-utils/analysis/src/extract.rs,517,58
4946,BASIC_BLOCK,extract::span_info::bb36,canon-utils/analysis/src/extract.rs,517,57
4947,BASIC_BLOCK,extract::span_info::bb37,canon-utils/analysis/src/extract.rs,519,8
4948,CALL_SITE,extract::span_info::bb37::call25,canon-utils/analysis/src/extract.rs,519,8
4949,BASIC_BLOCK,extract::span_info::bb38,canon-utils/analysis/src/extract.rs,519,8
4950,CALL_SITE,extract::span_info::bb38::call26,canon-utils/analysis/src/extract.rs,519,8
4951,BASIC_BLOCK,extract::span_info::bb39,canon-utils/analysis/src/extract.rs,519,8
4952,CALL_SITE,extract::span_info::bb3::call3,canon-utils/analysis/src/extract.rs,506,15
4953,BASIC_BLOCK,extract::span_info::bb4,canon-utils/analysis/src/extract.rs,507,36
4954,BASIC_BLOCK,extract::span_info::bb40,canon-utils/analysis/src/extract.rs,520,16
4955,CALL_SITE,extract::span_info::bb40::call27,canon-utils/analysis/src/extract.rs,520,16
4956,BASIC_BLOCK,extract::span_info::bb41,canon-utils/analysis/src/extract.rs,520,16
4957,CALL_SITE,extract::span_info::bb41::call28,canon-utils/analysis/src/extract.rs,520,16
4958,BASIC_BLOCK,extract::span_info::bb42,canon-utils/analysis/src/extract.rs,520,9
4959,BASIC_BLOCK,extract::span_info::bb43,canon-utils/analysis/src/extract.rs,519,5
4960,BASIC_BLOCK,extract::span_info::bb44,canon-utils/analysis/src/extract.rs,520,37
4961,BASIC_BLOCK,extract::span_info::bb45,canon-utils/analysis/src/extract.rs,523,15
4962,CALL_SITE,extract::span_info::bb45::call29,canon-utils/analysis/src/extract.rs,523,15
4963,BASIC_BLOCK,extract::span_info::bb46,canon-utils/analysis/src/extract.rs,523,15
4964,BASIC_BLOCK,extract::span_info::bb47,canon-utils/analysis/src/extract.rs,525,1
4965,BASIC_BLOCK,extract::span_info::bb48,canon-utils/analysis/src/extract.rs,525,2
4966,BASIC_BLOCK,extract::span_info::bb49,canon-utils/analysis/src/extract.rs,517,58
4967,CALL_SITE,extract::span_info::bb4::call4,canon-utils/analysis/src/extract.rs,507,36
4968,BASIC_BLOCK,extract::span_info::bb5,canon-utils/analysis/src/extract.rs,507,29
4969,BASIC_BLOCK,extract::span_info::bb50,canon-utils/analysis/src/extract.rs,525,1
4970,BASIC_BLOCK,extract::span_info::bb51,canon-utils/analysis/src/extract.rs,525,1
4971,BASIC_BLOCK,extract::span_info::bb52,canon-utils/analysis/src/extract.rs,504,1
4972,BASIC_BLOCK,extract::span_info::bb53,canon-utils/analysis/src/extract.rs,504,1
4973,CALL_SITE,extract::span_info::bb5::call5,canon-utils/analysis/src/extract.rs,507,29
4974,BASIC_BLOCK,extract::span_info::bb6,/home/cicero-arch-omen/.rustup/toolchains/nightly-x86_64-unknown-linux-gnu/lib/rustlib/src/rust/library/alloc/src/macros.rs,114,33
4975,CALL_SITE,extract::span_info::bb6::call6,/home/cicero-arch-omen/.rustup/toolchains/nightly-x86_64-unknown-linux-gnu/lib/rustlib/src/rust/library/alloc/src/macros.rs,114,33
4976,BASIC_BLOCK,extract::span_info::bb7,/home/cicero-arch-omen/.rustup/toolchains/nightly-x86_64-unknown-linux-gnu/lib/rustlib/src/rust/library/alloc/src/macros.rs,114,13
4977,CALL_SITE,extract::span_info::bb7::call7,/home/cicero-arch-omen/.rustup/toolchains/nightly-x86_64-unknown-linux-gnu/lib/rustlib/src/rust/library/alloc/src/macros.rs,114,13
4978,BASIC_BLOCK,extract::span_info::bb8,/home/cicero-arch-omen/.rustup/toolchains/nightly-x86_64-unknown-linux-gnu/lib/rustlib/src/rust/library/alloc/src/macros.rs,113,9
4979,CALL_SITE,extract::span_info::bb8::call8,/home/cicero-arch-omen/.rustup/toolchains/nightly-x86_64-unknown-linux-gnu/lib/rustlib/src/rust/library/alloc/src/macros.rs,113,9
4980,BASIC_BLOCK,extract::span_info::bb9,canon-utils/analysis/src/extract.rs,508,8
4981,CALL_SITE,extract::span_info::bb9::call9,canon-utils/analysis/src/extract.rs,508,8
4982,FUNCTION,extract::span_info::fn,canon-utils/analysis/src/extract.rs,504,1
4983,PARAM,extract::span_info::param0,canon-utils/analysis/src/extract.rs,504,14
4984,PARAM,extract::span_info::param1,canon-utils/analysis/src/extract.rs,504,31
4985,BASIC_BLOCK,extract::structure_nodes_for_def::bb0,canon-utils/analysis/src/extract.rs,235,21
4986,CALL_SITE,extract::structure_nodes_for_def::bb0::call0,canon-utils/analysis/src/extract.rs,235,21
4987,BASIC_BLOCK,extract::structure_nodes_for_def::bb1,canon-utils/analysis/src/extract.rs,236,16
4988,BASIC_BLOCK,extract::structure_nodes_for_def::bb10,canon-utils/analysis/src/extract.rs,255,34
4989,CALL_SITE,extract::structure_nodes_for_def::bb10::call9,canon-utils/analysis/src/extract.rs,255,34
4990,BASIC_BLOCK,extract::structure_nodes_for_def::bb11,canon-utils/analysis/src/extract.rs,244,34
4991,CALL_SITE,extract::structure_nodes_for_def::bb11::call10,canon-utils/analysis/src/extract.rs,244,34
4992,BASIC_BLOCK,extract::structure_nodes_for_def::bb12,/home/cicero-arch-omen/.rustup/toolchains/nightly-x86_64-unknown-linux-gnu/lib/rustlib/src/rust/library/alloc/src/macros.rs,114,33
4993,CALL_SITE,extract::structure_nodes_for_def::bb12::call11,/home/cicero-arch-omen/.rustup/toolchains/nightly-x86_64-unknown-linux-gnu/lib/rustlib/src/rust/library/alloc/src/macros.rs,114,33
4994,BASIC_BLOCK,extract::structure_nodes_for_def::bb13,/home/cicero-arch-omen/.rustup/toolchains/nightly-x86_64-unknown-linux-gnu/lib/rustlib/src/rust/library/alloc/src/macros.rs,114,13
4995,CALL_SITE,extract::structure_nodes_for_def::bb13::call12,/home/cicero-arch-omen/.rustup/toolchains/nightly-x86_64-unknown-linux-gnu/lib/rustlib/src/rust/library/alloc/src/macros.rs,114,13
4996,BASIC_BLOCK,extract::structure_nodes_for_def::bb14,/home/cicero-arch-omen/.rustup/toolchains/nightly-x86_64-unknown-linux-gnu/lib/rustlib/src/rust/library/alloc/src/macros.rs,113,9
4997,CALL_SITE,extract::structure_nodes_for_def::bb14::call13,/home/cicero-arch-omen/.rustup/toolchains/nightly-x86_64-unknown-linux-gnu/lib/rustlib/src/rust/library/alloc/src/macros.rs,113,9
4998,BASIC_BLOCK,extract::structure_nodes_for_def::bb15,canon-utils/analysis/src/extract.rs,241,13
4999,CALL_SITE,extract::structure_nodes_for_def::bb15::call14,canon-utils/analysis/src/extract.rs,241,13
5000,BASIC_BLOCK,extract::structure_nodes_for_def::bb16,canon-utils/analysis/src/extract.rs,249,26
5001,CALL_SITE,extract::structure_nodes_for_def::bb16::call15,canon-utils/analysis/src/extract.rs,249,26
5002,BASIC_BLOCK,extract::structure_nodes_for_def::bb17,canon-utils/analysis/src/extract.rs,249,13
5003,CALL_SITE,extract::structure_nodes_for_def::bb17::call16,canon-utils/analysis/src/extract.rs,249,13
5004,BASIC_BLOCK,extract::structure_nodes_for_def::bb18,/home/cicero-arch-omen/.rustup/toolchains/nightly-x86_64-unknown-linux-gnu/lib/rustlib/src/rust/library/alloc/src/macros.rs,114,33
5005,CALL_SITE,extract::structure_nodes_for_def::bb18::call17,/home/cicero-arch-omen/.rustup/toolchains/nightly-x86_64-unknown-linux-gnu/lib/rustlib/src/rust/library/alloc/src/macros.rs,114,33
5006,BASIC_BLOCK,extract::structure_nodes_for_def::bb19,/home/cicero-arch-omen/.rustup/toolchains/nightly-x86_64-unknown-linux-gnu/lib/rustlib/src/rust/library/alloc/src/macros.rs,114,13
5007,CALL_SITE,extract::structure_nodes_for_def::bb19::call18,/home/cicero-arch-omen/.rustup/toolchains/nightly-x86_64-unknown-linux-gnu/lib/rustlib/src/rust/library/alloc/src/macros.rs,114,13
5008,CALL_SITE,extract::structure_nodes_for_def::bb1::call1,canon-utils/analysis/src/extract.rs,236,16
5009,BASIC_BLOCK,extract::structure_nodes_for_def::bb2,canon-utils/analysis/src/extract.rs,237,32
5010,BASIC_BLOCK,extract::structure_nodes_for_def::bb20,/home/cicero-arch-omen/.rustup/toolchains/nightly-x86_64-unknown-linux-gnu/lib/rustlib/src/rust/library/alloc/src/macros.rs,113,9
5011,CALL_SITE,extract::structure_nodes_for_def::bb20::call19,/home/cicero-arch-omen/.rustup/toolchains/nightly-x86_64-unknown-linux-gnu/lib/rustlib/src/rust/library/alloc/src/macros.rs,113,9
5012,BASIC_BLOCK,extract::structure_nodes_for_def::bb21,canon-utils/analysis/src/extract.rs,252,13
5013,CALL_SITE,extract::structure_nodes_for_def::bb21::call20,canon-utils/analysis/src/extract.rs,252,13
5014,BASIC_BLOCK,extract::structure_nodes_for_def::bb22,canon-utils/analysis/src/extract.rs,260,26
5015,CALL_SITE,extract::structure_nodes_for_def::bb22::call21,canon-utils/analysis/src/extract.rs,260,26
5016,BASIC_BLOCK,extract::structure_nodes_for_def::bb23,canon-utils/analysis/src/extract.rs,260,13
5017,CALL_SITE,extract::structure_nodes_for_def::bb23::call22,canon-utils/analysis/src/extract.rs,260,13
5018,BASIC_BLOCK,extract::structure_nodes_for_def::bb24,canon-utils/analysis/src/extract.rs,263,13
5019,CALL_SITE,extract::structure_nodes_for_def::bb24::call23,canon-utils/analysis/src/extract.rs,263,13
5020,BASIC_BLOCK,extract::structure_nodes_for_def::bb25,canon-utils/analysis/src/extract.rs,271,26
5021,CALL_SITE,extract::structure_nodes_for_def::bb25::call24,canon-utils/analysis/src/extract.rs,271,26
5022,BASIC_BLOCK,extract::structure_nodes_for_def::bb26,canon-utils/analysis/src/extract.rs,271,13
5023,CALL_SITE,extract::structure_nodes_for_def::bb26::call25,canon-utils/analysis/src/extract.rs,271,13
5024,BASIC_BLOCK,extract::structure_nodes_for_def::bb27,canon-utils/analysis/src/extract.rs,274,13
5025,CALL_SITE,extract::structure_nodes_for_def::bb27::call26,canon-utils/analysis/src/extract.rs,274,13
5026,BASIC_BLOCK,extract::structure_nodes_for_def::bb28,canon-utils/analysis/src/extract.rs,282,26
5027,CALL_SITE,extract::structure_nodes_for_def::bb28::call27,canon-utils/analysis/src/extract.rs,282,26
5028,BASIC_BLOCK,extract::structure_nodes_for_def::bb29,canon-utils/analysis/src/extract.rs,282,13
5029,CALL_SITE,extract::structure_nodes_for_def::bb29::call28,canon-utils/analysis/src/extract.rs,282,13
5030,CALL_SITE,extract::structure_nodes_for_def::bb2::call2,canon-utils/analysis/src/extract.rs,237,32
5031,BASIC_BLOCK,extract::structure_nodes_for_def::bb3,canon-utils/analysis/src/extract.rs,239,11
5032,BASIC_BLOCK,extract::structure_nodes_for_def::bb30,canon-utils/analysis/src/extract.rs,285,13
5033,CALL_SITE,extract::structure_nodes_for_def::bb30::call29,canon-utils/analysis/src/extract.rs,285,13
5034,BASIC_BLOCK,extract::structure_nodes_for_def::bb31,canon-utils/analysis/src/extract.rs,295,13
5035,CALL_SITE,extract::structure_nodes_for_def::bb31::call30,canon-utils/analysis/src/extract.rs,295,13
5036,BASIC_BLOCK,extract::structure_nodes_for_def::bb32,canon-utils/analysis/src/extract.rs,305,13
5037,CALL_SITE,extract::structure_nodes_for_def::bb32::call31,canon-utils/analysis/src/extract.rs,305,13
5038,BASIC_BLOCK,extract::structure_nodes_for_def::bb33,canon-utils/analysis/src/extract.rs,318,1
5039,BASIC_BLOCK,extract::structure_nodes_for_def::bb34,canon-utils/analysis/src/extract.rs,318,2
5040,BASIC_BLOCK,extract::structure_nodes_for_def::bb35,canon-utils/analysis/src/extract.rs,234,1
5041,BASIC_BLOCK,extract::structure_nodes_for_def::bb36,canon-utils/analysis/src/extract.rs,318,1
5042,BASIC_BLOCK,extract::structure_nodes_for_def::bb37,canon-utils/analysis/src/extract.rs,318,1
5043,BASIC_BLOCK,extract::structure_nodes_for_def::bb38,canon-utils/analysis/src/extract.rs,318,1
5044,BASIC_BLOCK,extract::structure_nodes_for_def::bb39,canon-utils/analysis/src/extract.rs,318,1
5045,CALL_SITE,extract::structure_nodes_for_def::bb3::call3,canon-utils/analysis/src/extract.rs,239,11
5046,BASIC_BLOCK,extract::structure_nodes_for_def::bb4,canon-utils/analysis/src/extract.rs,239,5
5047,BASIC_BLOCK,extract::structure_nodes_for_def::bb40,canon-utils/analysis/src/extract.rs,318,1
5048,BASIC_BLOCK,extract::structure_nodes_for_def::bb41,canon-utils/analysis/src/extract.rs,249,13
5049,BASIC_BLOCK,extract::structure_nodes_for_def::bb42,canon-utils/analysis/src/extract.rs,260,13
5050,BASIC_BLOCK,extract::structure_nodes_for_def::bb43,canon-utils/analysis/src/extract.rs,271,13
5051,BASIC_BLOCK,extract::structure_nodes_for_def::bb44,canon-utils/analysis/src/extract.rs,282,13
5052,BASIC_BLOCK,extract::structure_nodes_for_def::bb45,canon-utils/analysis/src/extract.rs,285,13
5053,BASIC_BLOCK,extract::structure_nodes_for_def::bb46,canon-utils/analysis/src/extract.rs,295,13
5054,BASIC_BLOCK,extract::structure_nodes_for_def::bb47,canon-utils/analysis/src/extract.rs,305,13
5055,BASIC_BLOCK,extract::structure_nodes_for_def::bb5,canon-utils/analysis/src/extract.rs,308,25
5056,CALL_SITE,extract::structure_nodes_for_def::bb5::call4,canon-utils/analysis/src/extract.rs,308,25
5057,BASIC_BLOCK,extract::structure_nodes_for_def::bb6,canon-utils/analysis/src/extract.rs,298,25
5058,CALL_SITE,extract::structure_nodes_for_def::bb6::call5,canon-utils/analysis/src/extract.rs,298,25
5059,BASIC_BLOCK,extract::structure_nodes_for_def::bb7,canon-utils/analysis/src/extract.rs,288,25
5060,CALL_SITE,extract::structure_nodes_for_def::bb7::call6,canon-utils/analysis/src/extract.rs,288,25
5061,BASIC_BLOCK,extract::structure_nodes_for_def::bb8,canon-utils/analysis/src/extract.rs,277,25
5062,CALL_SITE,extract::structure_nodes_for_def::bb8::call7,canon-utils/analysis/src/extract.rs,277,25
5063,BASIC_BLOCK,extract::structure_nodes_for_def::bb9,canon-utils/analysis/src/extract.rs,266,25
5064,CALL_SITE,extract::structure_nodes_for_def::bb9::call8,canon-utils/analysis/src/extract.rs,266,25
5065,FUNCTION,extract::structure_nodes_for_def::fn,canon-utils/analysis/src/extract.rs,234,1
5066,PARAM,extract::structure_nodes_for_def::param0,canon-utils/analysis/src/extract.rs,234,28
5067,PARAM,extract::structure_nodes_for_def::param1,canon-utils/analysis/src/extract.rs,234,45
5068,PARAM,extract::structure_nodes_for_def::param2,canon-utils/analysis/src/extract.rs,234,60
5069,BASIC_BLOCK,extract::unwind_target::bb0,canon-utils/analysis/src/extract.rs,605,11
5070,CALL_SITE,extract::unwind_target::bb0::call0,canon-utils/analysis/src/extract.rs,605,11
5071,BASIC_BLOCK,extract::unwind_target::bb1,canon-utils/analysis/src/extract.rs,605,5
5072,BASIC_BLOCK,extract::unwind_target::bb2,canon-utils/analysis/src/extract.rs,605,11
5073,BASIC_BLOCK,extract::unwind_target::bb3,canon-utils/analysis/src/extract.rs,605,5
5074,BASIC_BLOCK,extract::unwind_target::bb4,canon-utils/analysis/src/extract.rs,610,17
5075,BASIC_BLOCK,extract::unwind_target::bb5,canon-utils/analysis/src/extract.rs,609,48
5076,BASIC_BLOCK,extract::unwind_target::bb6,canon-utils/analysis/src/extract.rs,606,57
5077,BASIC_BLOCK,extract::unwind_target::bb7,canon-utils/analysis/src/extract.rs,612,2
5078,FUNCTION,extract::unwind_target::fn,canon-utils/analysis/src/extract.rs,604,1
5079,PARAM,extract::unwind_target::param0,canon-utils/analysis/src/extract.rs,604,18
5080,MODULE,types,canon-utils/analysis/src/lib.rs,11,1
5081,STRUCT,types::Edge,canon-utils/analysis/src/types.rs,54,1
5082,FIELD,types::Edge::dst,canon-utils/analysis/src/types.rs,54,1
5083,FIELD,types::Edge::kind,canon-utils/analysis/src/types.rs,54,1
5084,FIELD,types::Edge::src,canon-utils/analysis/src/types.rs,54,1
5085,ENUM,types::EdgeKind,canon-utils/analysis/src/types.rs,22,1
5086,STRUCT,types::Metadata,canon-utils/analysis/src/types.rs,61,1
5087,FIELD,types::Metadata::edge_count,canon-utils/analysis/src/types.rs,61,1
5088,FIELD,types::Metadata::generated_by,canon-utils/analysis/src/types.rs,61,1
5089,FIELD,types::Metadata::node_count,canon-utils/analysis/src/types.rs,61,1
5090,FIELD,types::Metadata::project,canon-utils/analysis/src/types.rs,61,1
5091,STRUCT,types::Node,canon-utils/analysis/src/types.rs,44,1
5092,FIELD,types::Node::column,canon-utils/analysis/src/types.rs,44,1
5093,FIELD,types::Node::file,canon-utils/analysis/src/types.rs,44,1
5094,FIELD,types::Node::id,canon-utils/analysis/src/types.rs,44,1
5095,FIELD,types::Node::kind,canon-utils/analysis/src/types.rs,44,1
5096,FIELD,types::Node::line,canon-utils/analysis/src/types.rs,44,1
5097,FIELD,types::Node::symbol,canon-utils/analysis/src/types.rs,44,1
5098,ENUM,types::NodeKind,canon-utils/analysis/src/types.rs,4,1
5099,BASIC_BLOCK,types::_::<impl errors::_::_serde::Deserialize<'de> for types::Edge>::deserialize::FIELDS::bb0,canon-utils/analysis/src/types.rs,53,35
5100,ENUM,types::_::<impl errors::_::_serde::Deserialize<'de> for types::Edge>::deserialize::__Field,canon-utils/analysis/src/types.rs,53,35
5101,STRUCT,types::_::<impl errors::_::_serde::Deserialize<'de> for types::Edge>::deserialize::__FieldVisitor,canon-utils/analysis/src/types.rs,53,35
5102,STRUCT,types::_::<impl errors::_::_serde::Deserialize<'de> for types::Edge>::deserialize::__Visitor,canon-utils/analysis/src/types.rs,53,35
5103,FIELD,types::_::<impl errors::_::_serde::Deserialize<'de> for types::Edge>::deserialize::__Visitor::lifetime,canon-utils/analysis/src/types.rs,53,35
5104,FIELD,types::_::<impl errors::_::_serde::Deserialize<'de> for types::Edge>::deserialize::__Visitor::marker,canon-utils/analysis/src/types.rs,53,35
5105,BASIC_BLOCK,types::_::<impl errors::_::_serde::Deserialize<'de> for types::Edge>::deserialize::bb0,canon-utils/analysis/src/types.rs,53,35
5106,CALL_SITE,types::_::<impl errors::_::_serde::Deserialize<'de> for types::Edge>::deserialize::bb0::call0,canon-utils/analysis/src/types.rs,53,35
5107,BASIC_BLOCK,types::_::<impl errors::_::_serde::Deserialize<'de> for types::Edge>::deserialize::bb1,canon-utils/analysis/src/types.rs,53,46
5108,METHOD,types::_::<impl errors::_::_serde::Deserialize<'de> for types::Edge>::deserialize::fn,canon-utils/analysis/src/types.rs,53,35
5109,PARAM,types::_::<impl errors::_::_serde::Deserialize<'de> for types::Edge>::deserialize::param0,canon-utils/analysis/src/types.rs,53,35
5110,BASIC_BLOCK,types::_::<impl errors::_::_serde::Deserialize<'de> for types::EdgeKind>::deserialize::VARIANTS::bb0,canon-utils/analysis/src/types.rs,21,41
5111,ENUM,types::_::<impl errors::_::_serde::Deserialize<'de> for types::EdgeKind>::deserialize::__Field,canon-utils/analysis/src/types.rs,21,41
5112,STRUCT,types::_::<impl errors::_::_serde::Deserialize<'de> for types::EdgeKind>::deserialize::__FieldVisitor,canon-utils/analysis/src/types.rs,21,41
5113,STRUCT,types::_::<impl errors::_::_serde::Deserialize<'de> for types::EdgeKind>::deserialize::__Visitor,canon-utils/analysis/src/types.rs,21,41
5114,FIELD,types::_::<impl errors::_::_serde::Deserialize<'de> for types::EdgeKind>::deserialize::__Visitor::lifetime,canon-utils/analysis/src/types.rs,21,41
5115,FIELD,types::_::<impl errors::_::_serde::Deserialize<'de> for types::EdgeKind>::deserialize::__Visitor::marker,canon-utils/analysis/src/types.rs,21,41
5116,BASIC_BLOCK,types::_::<impl errors::_::_serde::Deserialize<'de> for types::EdgeKind>::deserialize::bb0,canon-utils/analysis/src/types.rs,21,41
5117,CALL_SITE,types::_::<impl errors::_::_serde::Deserialize<'de> for types::EdgeKind>::deserialize::bb0::call0,canon-utils/analysis/src/types.rs,21,41
5118,BASIC_BLOCK,types::_::<impl errors::_::_serde::Deserialize<'de> for types::EdgeKind>::deserialize::bb1,canon-utils/analysis/src/types.rs,21,52
5119,METHOD,types::_::<impl errors::_::_serde::Deserialize<'de> for types::EdgeKind>::deserialize::fn,canon-utils/analysis/src/types.rs,21,41
5120,PARAM,types::_::<impl errors::_::_serde::Deserialize<'de> for types::EdgeKind>::deserialize::param0,canon-utils/analysis/src/types.rs,21,41
5121,BASIC_BLOCK,types::_::<impl errors::_::_serde::Deserialize<'de> for types::Metadata>::deserialize::FIELDS::bb0,canon-utils/analysis/src/types.rs,60,35
5122,ENUM,types::_::<impl errors::_::_serde::Deserialize<'de> for types::Metadata>::deserialize::__Field,canon-utils/analysis/src/types.rs,60,35
5123,STRUCT,types::_::<impl errors::_::_serde::Deserialize<'de> for types::Metadata>::deserialize::__FieldVisitor,canon-utils/analysis/src/types.rs,60,35
5124,STRUCT,types::_::<impl errors::_::_serde::Deserialize<'de> for types::Metadata>::deserialize::__Visitor,canon-utils/analysis/src/types.rs,60,35
5125,FIELD,types::_::<impl errors::_::_serde::Deserialize<'de> for types::Metadata>::deserialize::__Visitor::lifetime,canon-utils/analysis/src/types.rs,60,35
5126,FIELD,types::_::<impl errors::_::_serde::Deserialize<'de> for types::Metadata>::deserialize::__Visitor::marker,canon-utils/analysis/src/types.rs,60,35
5127,BASIC_BLOCK,types::_::<impl errors::_::_serde::Deserialize<'de> for types::Metadata>::deserialize::bb0,canon-utils/analysis/src/types.rs,60,35
5128,CALL_SITE,types::_::<impl errors::_::_serde::Deserialize<'de> for types::Metadata>::deserialize::bb0::call0,canon-utils/analysis/src/types.rs,60,35
5129,BASIC_BLOCK,types::_::<impl errors::_::_serde::Deserialize<'de> for types::Metadata>::deserialize::bb1,canon-utils/analysis/src/types.rs,60,46
5130,METHOD,types::_::<impl errors::_::_serde::Deserialize<'de> for types::Metadata>::deserialize::fn,canon-utils/analysis/src/types.rs,60,35
5131,PARAM,types::_::<impl errors::_::_serde::Deserialize<'de> for types::Metadata>::deserialize::param0,canon-utils/analysis/src/types.rs,60,35
5132,BASIC_BLOCK,types::_::<impl errors::_::_serde::Deserialize<'de> for types::Node>::deserialize::FIELDS::bb0,canon-utils/analysis/src/types.rs,43,35
5133,ENUM,types::_::<impl errors::_::_serde::Deserialize<'de> for types::Node>::deserialize::__Field,canon-utils/analysis/src/types.rs,43,35
5134,STRUCT,types::_::<impl errors::_::_serde::Deserialize<'de> for types::Node>::deserialize::__FieldVisitor,canon-utils/analysis/src/types.rs,43,35
5135,STRUCT,types::_::<impl errors::_::_serde::Deserialize<'de> for types::Node>::deserialize::__Visitor,canon-utils/analysis/src/types.rs,43,35
5136,FIELD,types::_::<impl errors::_::_serde::Deserialize<'de> for types::Node>::deserialize::__Visitor::lifetime,canon-utils/analysis/src/types.rs,43,35
5137,FIELD,types::_::<impl errors::_::_serde::Deserialize<'de> for types::Node>::deserialize::__Visitor::marker,canon-utils/analysis/src/types.rs,43,35
5138,BASIC_BLOCK,types::_::<impl errors::_::_serde::Deserialize<'de> for types::Node>::deserialize::bb0,canon-utils/analysis/src/types.rs,43,35
5139,CALL_SITE,types::_::<impl errors::_::_serde::Deserialize<'de> for types::Node>::deserialize::bb0::call0,canon-utils/analysis/src/types.rs,43,35
5140,BASIC_BLOCK,types::_::<impl errors::_::_serde::Deserialize<'de> for types::Node>::deserialize::bb1,canon-utils/analysis/src/types.rs,43,46
5141,METHOD,types::_::<impl errors::_::_serde::Deserialize<'de> for types::Node>::deserialize::fn,canon-utils/analysis/src/types.rs,43,35
5142,PARAM,types::_::<impl errors::_::_serde::Deserialize<'de> for types::Node>::deserialize::param0,canon-utils/analysis/src/types.rs,43,35
5143,BASIC_BLOCK,types::_::<impl errors::_::_serde::Deserialize<'de> for types::NodeKind>::deserialize::VARIANTS::bb0,canon-utils/analysis/src/types.rs,3,41
5144,ENUM,types::_::<impl errors::_::_serde::Deserialize<'de> for types::NodeKind>::deserialize::__Field,canon-utils/analysis/src/types.rs,3,41
5145,STRUCT,types::_::<impl errors::_::_serde::Deserialize<'de> for types::NodeKind>::deserialize::__FieldVisitor,canon-utils/analysis/src/types.rs,3,41
5146,STRUCT,types::_::<impl errors::_::_serde::Deserialize<'de> for types::NodeKind>::deserialize::__Visitor,canon-utils/analysis/src/types.rs,3,41
5147,FIELD,types::_::<impl errors::_::_serde::Deserialize<'de> for types::NodeKind>::deserialize::__Visitor::lifetime,canon-utils/analysis/src/types.rs,3,41
5148,FIELD,types::_::<impl errors::_::_serde::Deserialize<'de> for types::NodeKind>::deserialize::__Visitor::marker,canon-utils/analysis/src/types.rs,3,41
5149,BASIC_BLOCK,types::_::<impl errors::_::_serde::Deserialize<'de> for types::NodeKind>::deserialize::bb0,canon-utils/analysis/src/types.rs,3,41
5150,CALL_SITE,types::_::<impl errors::_::_serde::Deserialize<'de> for types::NodeKind>::deserialize::bb0::call0,canon-utils/analysis/src/types.rs,3,41
5151,BASIC_BLOCK,types::_::<impl errors::_::_serde::Deserialize<'de> for types::NodeKind>::deserialize::bb1,canon-utils/analysis/src/types.rs,3,52
5152,METHOD,types::_::<impl errors::_::_serde::Deserialize<'de> for types::NodeKind>::deserialize::fn,canon-utils/analysis/src/types.rs,3,41
5153,PARAM,types::_::<impl errors::_::_serde::Deserialize<'de> for types::NodeKind>::deserialize::param0,canon-utils/analysis/src/types.rs,3,41
5154,BASIC_BLOCK,types::_::<impl errors::_::_serde::Serialize for types::Edge>::serialize::bb0,canon-utils/analysis/src/types.rs,53,24
5155,BASIC_BLOCK,types::_::<impl errors::_::_serde::Serialize for types::Edge>::serialize::bb1,canon-utils/analysis/src/types.rs,53,24
5156,BASIC_BLOCK,types::_::<impl errors::_::_serde::Serialize for types::Edge>::serialize::bb10,canon-utils/analysis/src/types.rs,53,24
5157,BASIC_BLOCK,types::_::<impl errors::_::_serde::Serialize for types::Edge>::serialize::bb11,canon-utils/analysis/src/types.rs,53,24
5158,CALL_SITE,types::_::<impl errors::_::_serde::Serialize for types::Edge>::serialize::bb11::call5,canon-utils/analysis/src/types.rs,53,24
5159,BASIC_BLOCK,types::_::<impl errors::_::_serde::Serialize for types::Edge>::serialize::bb12,canon-utils/analysis/src/types.rs,53,24
5160,CALL_SITE,types::_::<impl errors::_::_serde::Serialize for types::Edge>::serialize::bb12::call6,canon-utils/analysis/src/types.rs,53,24
5161,BASIC_BLOCK,types::_::<impl errors::_::_serde::Serialize for types::Edge>::serialize::bb13,canon-utils/analysis/src/types.rs,53,24
5162,CALL_SITE,types::_::<impl errors::_::_serde::Serialize for types::Edge>::serialize::bb13::call7,canon-utils/analysis/src/types.rs,53,24
5163,BASIC_BLOCK,types::_::<impl errors::_::_serde::Serialize for types::Edge>::serialize::bb14,canon-utils/analysis/src/types.rs,53,24
5164,BASIC_BLOCK,types::_::<impl errors::_::_serde::Serialize for types::Edge>::serialize::bb15,canon-utils/analysis/src/types.rs,53,24
5165,CALL_SITE,types::_::<impl errors::_::_serde::Serialize for types::Edge>::serialize::bb15::call8,canon-utils/analysis/src/types.rs,53,24
5166,BASIC_BLOCK,types::_::<impl errors::_::_serde::Serialize for types::Edge>::serialize::bb16,canon-utils/analysis/src/types.rs,53,24
5167,CALL_SITE,types::_::<impl errors::_::_serde::Serialize for types::Edge>::serialize::bb16::call9,canon-utils/analysis/src/types.rs,53,24
5168,BASIC_BLOCK,types::_::<impl errors::_::_serde::Serialize for types::Edge>::serialize::bb17,canon-utils/analysis/src/types.rs,53,24
5169,CALL_SITE,types::_::<impl errors::_::_serde::Serialize for types::Edge>::serialize::bb17::call10,canon-utils/analysis/src/types.rs,53,24
5170,BASIC_BLOCK,types::_::<impl errors::_::_serde::Serialize for types::Edge>::serialize::bb18,canon-utils/analysis/src/types.rs,53,24
5171,BASIC_BLOCK,types::_::<impl errors::_::_serde::Serialize for types::Edge>::serialize::bb19,canon-utils/analysis/src/types.rs,53,24
5172,CALL_SITE,types::_::<impl errors::_::_serde::Serialize for types::Edge>::serialize::bb19::call11,canon-utils/analysis/src/types.rs,53,24
5173,BASIC_BLOCK,types::_::<impl errors::_::_serde::Serialize for types::Edge>::serialize::bb2,canon-utils/analysis/src/types.rs,53,24
5174,BASIC_BLOCK,types::_::<impl errors::_::_serde::Serialize for types::Edge>::serialize::bb20,canon-utils/analysis/src/types.rs,53,24
5175,CALL_SITE,types::_::<impl errors::_::_serde::Serialize for types::Edge>::serialize::bb20::call12,canon-utils/analysis/src/types.rs,53,24
5176,BASIC_BLOCK,types::_::<impl errors::_::_serde::Serialize for types::Edge>::serialize::bb21,canon-utils/analysis/src/types.rs,53,32
5177,BASIC_BLOCK,types::_::<impl errors::_::_serde::Serialize for types::Edge>::serialize::bb22,canon-utils/analysis/src/types.rs,53,32
5178,BASIC_BLOCK,types::_::<impl errors::_::_serde::Serialize for types::Edge>::serialize::bb23,canon-utils/analysis/src/types.rs,53,32
5179,BASIC_BLOCK,types::_::<impl errors::_::_serde::Serialize for types::Edge>::serialize::bb24,canon-utils/analysis/src/types.rs,53,33
5180,BASIC_BLOCK,types::_::<impl errors::_::_serde::Serialize for types::Edge>::serialize::bb25,canon-utils/analysis/src/types.rs,53,24
5181,BASIC_BLOCK,types::_::<impl errors::_::_serde::Serialize for types::Edge>::serialize::bb26,canon-utils/analysis/src/types.rs,53,32
5182,BASIC_BLOCK,types::_::<impl errors::_::_serde::Serialize for types::Edge>::serialize::bb27,canon-utils/analysis/src/types.rs,53,32
5183,BASIC_BLOCK,types::_::<impl errors::_::_serde::Serialize for types::Edge>::serialize::bb28,canon-utils/analysis/src/types.rs,53,32
5184,BASIC_BLOCK,types::_::<impl errors::_::_serde::Serialize for types::Edge>::serialize::bb29,canon-utils/analysis/src/types.rs,53,32
5185,BASIC_BLOCK,types::_::<impl errors::_::_serde::Serialize for types::Edge>::serialize::bb3,canon-utils/analysis/src/types.rs,53,24
5186,BASIC_BLOCK,types::_::<impl errors::_::_serde::Serialize for types::Edge>::serialize::bb30,canon-utils/analysis/src/types.rs,53,24
5187,BASIC_BLOCK,types::_::<impl errors::_::_serde::Serialize for types::Edge>::serialize::bb31,canon-utils/analysis/src/types.rs,53,24
5188,BASIC_BLOCK,types::_::<impl errors::_::_serde::Serialize for types::Edge>::serialize::bb32,canon-utils/analysis/src/types.rs,53,24
5189,CALL_SITE,types::_::<impl errors::_::_serde::Serialize for types::Edge>::serialize::bb3::call0,canon-utils/analysis/src/types.rs,53,24
5190,BASIC_BLOCK,types::_::<impl errors::_::_serde::Serialize for types::Edge>::serialize::bb4,canon-utils/analysis/src/types.rs,53,24
5191,CALL_SITE,types::_::<impl errors::_::_serde::Serialize for types::Edge>::serialize::bb4::call1,canon-utils/analysis/src/types.rs,53,24
5192,BASIC_BLOCK,types::_::<impl errors::_::_serde::Serialize for types::Edge>::serialize::bb5,canon-utils/analysis/src/types.rs,53,24
5193,BASIC_BLOCK,types::_::<impl errors::_::_serde::Serialize for types::Edge>::serialize::bb6,canon-utils/analysis/src/lib.rs,1,1
5194,BASIC_BLOCK,types::_::<impl errors::_::_serde::Serialize for types::Edge>::serialize::bb7,canon-utils/analysis/src/types.rs,53,24
5195,CALL_SITE,types::_::<impl errors::_::_serde::Serialize for types::Edge>::serialize::bb7::call2,canon-utils/analysis/src/types.rs,53,24
5196,BASIC_BLOCK,types::_::<impl errors::_::_serde::Serialize for types::Edge>::serialize::bb8,canon-utils/analysis/src/types.rs,53,24
5197,CALL_SITE,types::_::<impl errors::_::_serde::Serialize for types::Edge>::serialize::bb8::call3,canon-utils/analysis/src/types.rs,53,24
5198,BASIC_BLOCK,types::_::<impl errors::_::_serde::Serialize for types::Edge>::serialize::bb9,canon-utils/analysis/src/types.rs,53,24
5199,CALL_SITE,types::_::<impl errors::_::_serde::Serialize for types::Edge>::serialize::bb9::call4,canon-utils/analysis/src/types.rs,53,24
5200,METHOD,types::_::<impl errors::_::_serde::Serialize for types::Edge>::serialize::fn,canon-utils/analysis/src/types.rs,53,24
5201,PARAM,types::_::<impl errors::_::_serde::Serialize for types::Edge>::serialize::param0,canon-utils/analysis/src/types.rs,53,24
5202,PARAM,types::_::<impl errors::_::_serde::Serialize for types::Edge>::serialize::param1,canon-utils/analysis/src/types.rs,53,24
5203,BASIC_BLOCK,types::_::<impl errors::_::_serde::Serialize for types::EdgeKind>::serialize::bb0,canon-utils/analysis/src/types.rs,21,30
5204,BASIC_BLOCK,types::_::<impl errors::_::_serde::Serialize for types::EdgeKind>::serialize::bb1,canon-utils/analysis/src/types.rs,21,30
5205,BASIC_BLOCK,types::_::<impl errors::_::_serde::Serialize for types::EdgeKind>::serialize::bb10,canon-utils/analysis/src/types.rs,21,30
5206,CALL_SITE,types::_::<impl errors::_::_serde::Serialize for types::EdgeKind>::serialize::bb10::call8,canon-utils/analysis/src/types.rs,21,30
5207,BASIC_BLOCK,types::_::<impl errors::_::_serde::Serialize for types::EdgeKind>::serialize::bb11,canon-utils/analysis/src/types.rs,21,30
5208,CALL_SITE,types::_::<impl errors::_::_serde::Serialize for types::EdgeKind>::serialize::bb11::call9,canon-utils/analysis/src/types.rs,21,30
5209,BASIC_BLOCK,types::_::<impl errors::_::_serde::Serialize for types::EdgeKind>::serialize::bb12,canon-utils/analysis/src/types.rs,21,30
5210,CALL_SITE,types::_::<impl errors::_::_serde::Serialize for types::EdgeKind>::serialize::bb12::call10,canon-utils/analysis/src/types.rs,21,30
5211,BASIC_BLOCK,types::_::<impl errors::_::_serde::Serialize for types::EdgeKind>::serialize::bb13,canon-utils/analysis/src/types.rs,21,30
5212,CALL_SITE,types::_::<impl errors::_::_serde::Serialize for types::EdgeKind>::serialize::bb13::call11,canon-utils/analysis/src/types.rs,21,30
5213,BASIC_BLOCK,types::_::<impl errors::_::_serde::Serialize for types::EdgeKind>::serialize::bb14,canon-utils/analysis/src/types.rs,21,30
5214,CALL_SITE,types::_::<impl errors::_::_serde::Serialize for types::EdgeKind>::serialize::bb14::call12,canon-utils/analysis/src/types.rs,21,30
5215,BASIC_BLOCK,types::_::<impl errors::_::_serde::Serialize for types::EdgeKind>::serialize::bb15,canon-utils/analysis/src/types.rs,21,30
5216,CALL_SITE,types::_::<impl errors::_::_serde::Serialize for types::EdgeKind>::serialize::bb15::call13,canon-utils/analysis/src/types.rs,21,30
5217,BASIC_BLOCK,types::_::<impl errors::_::_serde::Serialize for types::EdgeKind>::serialize::bb16,canon-utils/analysis/src/types.rs,21,30
5218,CALL_SITE,types::_::<impl errors::_::_serde::Serialize for types::EdgeKind>::serialize::bb16::call14,canon-utils/analysis/src/types.rs,21,30
5219,BASIC_BLOCK,types::_::<impl errors::_::_serde::Serialize for types::EdgeKind>::serialize::bb17,canon-utils/analysis/src/types.rs,21,30
5220,CALL_SITE,types::_::<impl errors::_::_serde::Serialize for types::EdgeKind>::serialize::bb17::call15,canon-utils/analysis/src/types.rs,21,30
5221,BASIC_BLOCK,types::_::<impl errors::_::_serde::Serialize for types::EdgeKind>::serialize::bb18,canon-utils/analysis/src/types.rs,21,30
5222,CALL_SITE,types::_::<impl errors::_::_serde::Serialize for types::EdgeKind>::serialize::bb18::call16,canon-utils/analysis/src/types.rs,21,30
5223,BASIC_BLOCK,types::_::<impl errors::_::_serde::Serialize for types::EdgeKind>::serialize::bb19,canon-utils/analysis/src/types.rs,21,30
5224,CALL_SITE,types::_::<impl errors::_::_serde::Serialize for types::EdgeKind>::serialize::bb19::call17,canon-utils/analysis/src/types.rs,21,30
5225,BASIC_BLOCK,types::_::<impl errors::_::_serde::Serialize for types::EdgeKind>::serialize::bb2,canon-utils/analysis/src/types.rs,21,30
5226,BASIC_BLOCK,types::_::<impl errors::_::_serde::Serialize for types::EdgeKind>::serialize::bb20,canon-utils/analysis/src/types.rs,21,39
5227,CALL_SITE,types::_::<impl errors::_::_serde::Serialize for types::EdgeKind>::serialize::bb2::call0,canon-utils/analysis/src/types.rs,21,30
5228,BASIC_BLOCK,types::_::<impl errors::_::_serde::Serialize for types::EdgeKind>::serialize::bb3,canon-utils/analysis/src/types.rs,21,30
5229,CALL_SITE,types::_::<impl errors::_::_serde::Serialize for types::EdgeKind>::serialize::bb3::call1,canon-utils/analysis/src/types.rs,21,30
5230,BASIC_BLOCK,types::_::<impl errors::_::_serde::Serialize for types::EdgeKind>::serialize::bb4,canon-utils/analysis/src/types.rs,21,30
5231,CALL_SITE,types::_::<impl errors::_::_serde::Serialize for types::EdgeKind>::serialize::bb4::call2,canon-utils/analysis/src/types.rs,21,30
5232,BASIC_BLOCK,types::_::<impl errors::_::_serde::Serialize for types::EdgeKind>::serialize::bb5,canon-utils/analysis/src/types.rs,21,30
5233,CALL_SITE,types::_::<impl errors::_::_serde::Serialize for types::EdgeKind>::serialize::bb5::call3,canon-utils/analysis/src/types.rs,21,30
5234,BASIC_BLOCK,types::_::<impl errors::_::_serde::Serialize for types::EdgeKind>::serialize::bb6,canon-utils/analysis/src/types.rs,21,30
5235,CALL_SITE,types::_::<impl errors::_::_serde::Serialize for types::EdgeKind>::serialize::bb6::call4,canon-utils/analysis/src/types.rs,21,30
5236,BASIC_BLOCK,types::_::<impl errors::_::_serde::Serialize for types::EdgeKind>::serialize::bb7,canon-utils/analysis/src/types.rs,21,30
5237,CALL_SITE,types::_::<impl errors::_::_serde::Serialize for types::EdgeKind>::serialize::bb7::call5,canon-utils/analysis/src/types.rs,21,30
5238,BASIC_BLOCK,types::_::<impl errors::_::_serde::Serialize for types::EdgeKind>::serialize::bb8,canon-utils/analysis/src/types.rs,21,30
5239,CALL_SITE,types::_::<impl errors::_::_serde::Serialize for types::EdgeKind>::serialize::bb8::call6,canon-utils/analysis/src/types.rs,21,30
5240,BASIC_BLOCK,types::_::<impl errors::_::_serde::Serialize for types::EdgeKind>::serialize::bb9,canon-utils/analysis/src/types.rs,21,30
5241,CALL_SITE,types::_::<impl errors::_::_serde::Serialize for types::EdgeKind>::serialize::bb9::call7,canon-utils/analysis/src/types.rs,21,30
5242,METHOD,types::_::<impl errors::_::_serde::Serialize for types::EdgeKind>::serialize::fn,canon-utils/analysis/src/types.rs,21,30
5243,PARAM,types::_::<impl errors::_::_serde::Serialize for types::EdgeKind>::serialize::param0,canon-utils/analysis/src/types.rs,21,30
5244,PARAM,types::_::<impl errors::_::_serde::Serialize for types::EdgeKind>::serialize::param1,canon-utils/analysis/src/types.rs,21,30
5245,BASIC_BLOCK,types::_::<impl errors::_::_serde::Serialize for types::Metadata>::serialize::bb0,canon-utils/analysis/src/types.rs,60,24
5246,BASIC_BLOCK,types::_::<impl errors::_::_serde::Serialize for types::Metadata>::serialize::bb1,canon-utils/analysis/src/types.rs,60,24
5247,BASIC_BLOCK,types::_::<impl errors::_::_serde::Serialize for types::Metadata>::serialize::bb10,canon-utils/analysis/src/types.rs,60,24
5248,CALL_SITE,types::_::<impl errors::_::_serde::Serialize for types::Metadata>::serialize::bb10::call4,canon-utils/analysis/src/types.rs,60,24
5249,BASIC_BLOCK,types::_::<impl errors::_::_serde::Serialize for types::Metadata>::serialize::bb11,canon-utils/analysis/src/types.rs,60,24
5250,BASIC_BLOCK,types::_::<impl errors::_::_serde::Serialize for types::Metadata>::serialize::bb12,canon-utils/analysis/src/types.rs,60,24
5251,CALL_SITE,types::_::<impl errors::_::_serde::Serialize for types::Metadata>::serialize::bb12::call5,canon-utils/analysis/src/types.rs,60,24
5252,BASIC_BLOCK,types::_::<impl errors::_::_serde::Serialize for types::Metadata>::serialize::bb13,canon-utils/analysis/src/types.rs,60,24
5253,CALL_SITE,types::_::<impl errors::_::_serde::Serialize for types::Metadata>::serialize::bb13::call6,canon-utils/analysis/src/types.rs,60,24
5254,BASIC_BLOCK,types::_::<impl errors::_::_serde::Serialize for types::Metadata>::serialize::bb14,canon-utils/analysis/src/types.rs,60,24
5255,CALL_SITE,types::_::<impl errors::_::_serde::Serialize for types::Metadata>::serialize::bb14::call7,canon-utils/analysis/src/types.rs,60,24
5256,BASIC_BLOCK,types::_::<impl errors::_::_serde::Serialize for types::Metadata>::serialize::bb15,canon-utils/analysis/src/types.rs,60,24
5257,BASIC_BLOCK,types::_::<impl errors::_::_serde::Serialize for types::Metadata>::serialize::bb16,canon-utils/analysis/src/types.rs,60,24
5258,CALL_SITE,types::_::<impl errors::_::_serde::Serialize for types::Metadata>::serialize::bb16::call8,canon-utils/analysis/src/types.rs,60,24
5259,BASIC_BLOCK,types::_::<impl errors::_::_serde::Serialize for types::Metadata>::serialize::bb17,canon-utils/analysis/src/types.rs,60,24
5260,CALL_SITE,types::_::<impl errors::_::_serde::Serialize for types::Metadata>::serialize::bb17::call9,canon-utils/analysis/src/types.rs,60,24
5261,BASIC_BLOCK,types::_::<impl errors::_::_serde::Serialize for types::Metadata>::serialize::bb18,canon-utils/analysis/src/types.rs,60,24
5262,CALL_SITE,types::_::<impl errors::_::_serde::Serialize for types::Metadata>::serialize::bb18::call10,canon-utils/analysis/src/types.rs,60,24
5263,BASIC_BLOCK,types::_::<impl errors::_::_serde::Serialize for types::Metadata>::serialize::bb19,canon-utils/analysis/src/types.rs,60,24
5264,BASIC_BLOCK,types::_::<impl errors::_::_serde::Serialize for types::Metadata>::serialize::bb2,canon-utils/analysis/src/types.rs,60,24
5265,BASIC_BLOCK,types::_::<impl errors::_::_serde::Serialize for types::Metadata>::serialize::bb20,canon-utils/analysis/src/types.rs,60,24
5266,CALL_SITE,types::_::<impl errors::_::_serde::Serialize for types::Metadata>::serialize::bb20::call11,canon-utils/analysis/src/types.rs,60,24
5267,BASIC_BLOCK,types::_::<impl errors::_::_serde::Serialize for types::Metadata>::serialize::bb21,canon-utils/analysis/src/types.rs,60,24
5268,CALL_SITE,types::_::<impl errors::_::_serde::Serialize for types::Metadata>::serialize::bb21::call12,canon-utils/analysis/src/types.rs,60,24
5269,BASIC_BLOCK,types::_::<impl errors::_::_serde::Serialize for types::Metadata>::serialize::bb22,canon-utils/analysis/src/types.rs,60,24
5270,CALL_SITE,types::_::<impl errors::_::_serde::Serialize for types::Metadata>::serialize::bb22::call13,canon-utils/analysis/src/types.rs,60,24
5271,BASIC_BLOCK,types::_::<impl errors::_::_serde::Serialize for types::Metadata>::serialize::bb23,canon-utils/analysis/src/types.rs,60,24
5272,BASIC_BLOCK,types::_::<impl errors::_::_serde::Serialize for types::Metadata>::serialize::bb24,canon-utils/analysis/src/types.rs,60,24
5273,CALL_SITE,types::_::<impl errors::_::_serde::Serialize for types::Metadata>::serialize::bb24::call14,canon-utils/analysis/src/types.rs,60,24
5274,BASIC_BLOCK,types::_::<impl errors::_::_serde::Serialize for types::Metadata>::serialize::bb25,canon-utils/analysis/src/types.rs,60,24
5275,CALL_SITE,types::_::<impl errors::_::_serde::Serialize for types::Metadata>::serialize::bb25::call15,canon-utils/analysis/src/types.rs,60,24
5276,BASIC_BLOCK,types::_::<impl errors::_::_serde::Serialize for types::Metadata>::serialize::bb26,canon-utils/analysis/src/types.rs,60,32
5277,BASIC_BLOCK,types::_::<impl errors::_::_serde::Serialize for types::Metadata>::serialize::bb27,canon-utils/analysis/src/types.rs,60,32
5278,BASIC_BLOCK,types::_::<impl errors::_::_serde::Serialize for types::Metadata>::serialize::bb28,canon-utils/analysis/src/types.rs,60,32
5279,BASIC_BLOCK,types::_::<impl errors::_::_serde::Serialize for types::Metadata>::serialize::bb29,canon-utils/analysis/src/types.rs,60,33
5280,BASIC_BLOCK,types::_::<impl errors::_::_serde::Serialize for types::Metadata>::serialize::bb3,canon-utils/analysis/src/types.rs,60,24
5281,BASIC_BLOCK,types::_::<impl errors::_::_serde::Serialize for types::Metadata>::serialize::bb30,canon-utils/analysis/src/types.rs,60,24
5282,BASIC_BLOCK,types::_::<impl errors::_::_serde::Serialize for types::Metadata>::serialize::bb31,canon-utils/analysis/src/types.rs,60,32
5283,BASIC_BLOCK,types::_::<impl errors::_::_serde::Serialize for types::Metadata>::serialize::bb32,canon-utils/analysis/src/types.rs,60,32
5284,BASIC_BLOCK,types::_::<impl errors::_::_serde::Serialize for types::Metadata>::serialize::bb33,canon-utils/analysis/src/types.rs,60,32
5285,BASIC_BLOCK,types::_::<impl errors::_::_serde::Serialize for types::Metadata>::serialize::bb34,canon-utils/analysis/src/types.rs,60,32
5286,BASIC_BLOCK,types::_::<impl errors::_::_serde::Serialize for types::Metadata>::serialize::bb35,canon-utils/analysis/src/types.rs,60,24
5287,BASIC_BLOCK,types::_::<impl errors::_::_serde::Serialize for types::Metadata>::serialize::bb36,canon-utils/analysis/src/types.rs,60,24
5288,BASIC_BLOCK,types::_::<impl errors::_::_serde::Serialize for types::Metadata>::serialize::bb37,canon-utils/analysis/src/types.rs,60,24
5289,BASIC_BLOCK,types::_::<impl errors::_::_serde::Serialize for types::Metadata>::serialize::bb38,canon-utils/analysis/src/types.rs,60,24
5290,BASIC_BLOCK,types::_::<impl errors::_::_serde::Serialize for types::Metadata>::serialize::bb4,canon-utils/analysis/src/types.rs,60,24
5291,CALL_SITE,types::_::<impl errors::_::_serde::Serialize for types::Metadata>::serialize::bb4::call0,canon-utils/analysis/src/types.rs,60,24
5292,BASIC_BLOCK,types::_::<impl errors::_::_serde::Serialize for types::Metadata>::serialize::bb5,canon-utils/analysis/src/types.rs,60,24
5293,CALL_SITE,types::_::<impl errors::_::_serde::Serialize for types::Metadata>::serialize::bb5::call1,canon-utils/analysis/src/types.rs,60,24
5294,BASIC_BLOCK,types::_::<impl errors::_::_serde::Serialize for types::Metadata>::serialize::bb6,canon-utils/analysis/src/types.rs,60,24
5295,BASIC_BLOCK,types::_::<impl errors::_::_serde::Serialize for types::Metadata>::serialize::bb7,canon-utils/analysis/src/lib.rs,1,1
5296,BASIC_BLOCK,types::_::<impl errors::_::_serde::Serialize for types::Metadata>::serialize::bb8,canon-utils/analysis/src/types.rs,60,24
5297,CALL_SITE,types::_::<impl errors::_::_serde::Serialize for types::Metadata>::serialize::bb8::call2,canon-utils/analysis/src/types.rs,60,24
5298,BASIC_BLOCK,types::_::<impl errors::_::_serde::Serialize for types::Metadata>::serialize::bb9,canon-utils/analysis/src/types.rs,60,24
5299,CALL_SITE,types::_::<impl errors::_::_serde::Serialize for types::Metadata>::serialize::bb9::call3,canon-utils/analysis/src/types.rs,60,24
5300,METHOD,types::_::<impl errors::_::_serde::Serialize for types::Metadata>::serialize::fn,canon-utils/analysis/src/types.rs,60,24
5301,PARAM,types::_::<impl errors::_::_serde::Serialize for types::Metadata>::serialize::param0,canon-utils/analysis/src/types.rs,60,24
5302,PARAM,types::_::<impl errors::_::_serde::Serialize for types::Metadata>::serialize::param1,canon-utils/analysis/src/types.rs,60,24
5303,BASIC_BLOCK,types::_::<impl errors::_::_serde::Serialize for types::Node>::serialize::bb0,canon-utils/analysis/src/types.rs,43,24
5304,BASIC_BLOCK,types::_::<impl errors::_::_serde::Serialize for types::Node>::serialize::bb1,canon-utils/analysis/src/types.rs,43,24
5305,BASIC_BLOCK,types::_::<impl errors::_::_serde::Serialize for types::Node>::serialize::bb10,canon-utils/analysis/src/types.rs,43,24
5306,CALL_SITE,types::_::<impl errors::_::_serde::Serialize for types::Node>::serialize::bb10::call2,canon-utils/analysis/src/types.rs,43,24
5307,BASIC_BLOCK,types::_::<impl errors::_::_serde::Serialize for types::Node>::serialize::bb11,canon-utils/analysis/src/types.rs,43,24
5308,CALL_SITE,types::_::<impl errors::_::_serde::Serialize for types::Node>::serialize::bb11::call3,canon-utils/analysis/src/types.rs,43,24
5309,BASIC_BLOCK,types::_::<impl errors::_::_serde::Serialize for types::Node>::serialize::bb12,canon-utils/analysis/src/types.rs,43,24
5310,CALL_SITE,types::_::<impl errors::_::_serde::Serialize for types::Node>::serialize::bb12::call4,canon-utils/analysis/src/types.rs,43,24
5311,BASIC_BLOCK,types::_::<impl errors::_::_serde::Serialize for types::Node>::serialize::bb13,canon-utils/analysis/src/types.rs,43,24
5312,BASIC_BLOCK,types::_::<impl errors::_::_serde::Serialize for types::Node>::serialize::bb14,canon-utils/analysis/src/types.rs,43,24
5313,CALL_SITE,types::_::<impl errors::_::_serde::Serialize for types::Node>::serialize::bb14::call5,canon-utils/analysis/src/types.rs,43,24
5314,BASIC_BLOCK,types::_::<impl errors::_::_serde::Serialize for types::Node>::serialize::bb15,canon-utils/analysis/src/types.rs,43,24
5315,CALL_SITE,types::_::<impl errors::_::_serde::Serialize for types::Node>::serialize::bb15::call6,canon-utils/analysis/src/types.rs,43,24
5316,BASIC_BLOCK,types::_::<impl errors::_::_serde::Serialize for types::Node>::serialize::bb16,canon-utils/analysis/src/types.rs,43,24
5317,CALL_SITE,types::_::<impl errors::_::_serde::Serialize for types::Node>::serialize::bb16::call7,canon-utils/analysis/src/types.rs,43,24
5318,BASIC_BLOCK,types::_::<impl errors::_::_serde::Serialize for types::Node>::serialize::bb17,canon-utils/analysis/src/types.rs,43,24
5319,BASIC_BLOCK,types::_::<impl errors::_::_serde::Serialize for types::Node>::serialize::bb18,canon-utils/analysis/src/types.rs,43,24
5320,CALL_SITE,types::_::<impl errors::_::_serde::Serialize for types::Node>::serialize::bb18::call8,canon-utils/analysis/src/types.rs,43,24
5321,BASIC_BLOCK,types::_::<impl errors::_::_serde::Serialize for types::Node>::serialize::bb19,canon-utils/analysis/src/types.rs,43,24
5322,CALL_SITE,types::_::<impl errors::_::_serde::Serialize for types::Node>::serialize::bb19::call9,canon-utils/analysis/src/types.rs,43,24
5323,BASIC_BLOCK,types::_::<impl errors::_::_serde::Serialize for types::Node>::serialize::bb2,canon-utils/analysis/src/types.rs,43,24
5324,BASIC_BLOCK,types::_::<impl errors::_::_serde::Serialize for types::Node>::serialize::bb20,canon-utils/analysis/src/types.rs,43,24
5325,CALL_SITE,types::_::<impl errors::_::_serde::Serialize for types::Node>::serialize::bb20::call10,canon-utils/analysis/src/types.rs,43,24
5326,BASIC_BLOCK,types::_::<impl errors::_::_serde::Serialize for types::Node>::serialize::bb21,canon-utils/analysis/src/types.rs,43,24
5327,BASIC_BLOCK,types::_::<impl errors::_::_serde::Serialize for types::Node>::serialize::bb22,canon-utils/analysis/src/types.rs,43,24
5328,CALL_SITE,types::_::<impl errors::_::_serde::Serialize for types::Node>::serialize::bb22::call11,canon-utils/analysis/src/types.rs,43,24
5329,BASIC_BLOCK,types::_::<impl errors::_::_serde::Serialize for types::Node>::serialize::bb23,canon-utils/analysis/src/types.rs,43,24
5330,CALL_SITE,types::_::<impl errors::_::_serde::Serialize for types::Node>::serialize::bb23::call12,canon-utils/analysis/src/types.rs,43,24
5331,BASIC_BLOCK,types::_::<impl errors::_::_serde::Serialize for types::Node>::serialize::bb24,canon-utils/analysis/src/types.rs,43,24
5332,CALL_SITE,types::_::<impl errors::_::_serde::Serialize for types::Node>::serialize::bb24::call13,canon-utils/analysis/src/types.rs,43,24
5333,BASIC_BLOCK,types::_::<impl errors::_::_serde::Serialize for types::Node>::serialize::bb25,canon-utils/analysis/src/types.rs,43,24
5334,BASIC_BLOCK,types::_::<impl errors::_::_serde::Serialize for types::Node>::serialize::bb26,canon-utils/analysis/src/types.rs,43,24
5335,CALL_SITE,types::_::<impl errors::_::_serde::Serialize for types::Node>::serialize::bb26::call14,canon-utils/analysis/src/types.rs,43,24
5336,BASIC_BLOCK,types::_::<impl errors::_::_serde::Serialize for types::Node>::serialize::bb27,canon-utils/analysis/src/types.rs,43,24
5337,CALL_SITE,types::_::<impl errors::_::_serde::Serialize for types::Node>::serialize::bb27::call15,canon-utils/analysis/src/types.rs,43,24
5338,BASIC_BLOCK,types::_::<impl errors::_::_serde::Serialize for types::Node>::serialize::bb28,canon-utils/analysis/src/types.rs,43,24
5339,CALL_SITE,types::_::<impl errors::_::_serde::Serialize for types::Node>::serialize::bb28::call16,canon-utils/analysis/src/types.rs,43,24
5340,BASIC_BLOCK,types::_::<impl errors::_::_serde::Serialize for types::Node>::serialize::bb29,canon-utils/analysis/src/types.rs,43,24
5341,BASIC_BLOCK,types::_::<impl errors::_::_serde::Serialize for types::Node>::serialize::bb3,canon-utils/analysis/src/types.rs,43,24
5342,BASIC_BLOCK,types::_::<impl errors::_::_serde::Serialize for types::Node>::serialize::bb30,canon-utils/analysis/src/types.rs,43,24
5343,CALL_SITE,types::_::<impl errors::_::_serde::Serialize for types::Node>::serialize::bb30::call17,canon-utils/analysis/src/types.rs,43,24
5344,BASIC_BLOCK,types::_::<impl errors::_::_serde::Serialize for types::Node>::serialize::bb31,canon-utils/analysis/src/types.rs,43,24
5345,CALL_SITE,types::_::<impl errors::_::_serde::Serialize for types::Node>::serialize::bb31::call18,canon-utils/analysis/src/types.rs,43,24
5346,BASIC_BLOCK,types::_::<impl errors::_::_serde::Serialize for types::Node>::serialize::bb32,canon-utils/analysis/src/types.rs,43,24
5347,CALL_SITE,types::_::<impl errors::_::_serde::Serialize for types::Node>::serialize::bb32::call19,canon-utils/analysis/src/types.rs,43,24
5348,BASIC_BLOCK,types::_::<impl errors::_::_serde::Serialize for types::Node>::serialize::bb33,canon-utils/analysis/src/types.rs,43,24
5349,BASIC_BLOCK,types::_::<impl errors::_::_serde::Serialize for types::Node>::serialize::bb34,canon-utils/analysis/src/types.rs,43,24
5350,CALL_SITE,types::_::<impl errors::_::_serde::Serialize for types::Node>::serialize::bb34::call20,canon-utils/analysis/src/types.rs,43,24
5351,BASIC_BLOCK,types::_::<impl errors::_::_serde::Serialize for types::Node>::serialize::bb35,canon-utils/analysis/src/types.rs,43,24
5352,CALL_SITE,types::_::<impl errors::_::_serde::Serialize for types::Node>::serialize::bb35::call21,canon-utils/analysis/src/types.rs,43,24
5353,BASIC_BLOCK,types::_::<impl errors::_::_serde::Serialize for types::Node>::serialize::bb36,canon-utils/analysis/src/types.rs,43,32
5354,BASIC_BLOCK,types::_::<impl errors::_::_serde::Serialize for types::Node>::serialize::bb37,canon-utils/analysis/src/types.rs,43,32
5355,BASIC_BLOCK,types::_::<impl errors::_::_serde::Serialize for types::Node>::serialize::bb38,canon-utils/analysis/src/types.rs,43,32
5356,BASIC_BLOCK,types::_::<impl errors::_::_serde::Serialize for types::Node>::serialize::bb39,canon-utils/analysis/src/types.rs,43,33
5357,BASIC_BLOCK,types::_::<impl errors::_::_serde::Serialize for types::Node>::serialize::bb4,canon-utils/analysis/src/types.rs,43,24
5358,BASIC_BLOCK,types::_::<impl errors::_::_serde::Serialize for types::Node>::serialize::bb40,canon-utils/analysis/src/types.rs,43,24
5359,BASIC_BLOCK,types::_::<impl errors::_::_serde::Serialize for types::Node>::serialize::bb41,canon-utils/analysis/src/types.rs,43,32
5360,BASIC_BLOCK,types::_::<impl errors::_::_serde::Serialize for types::Node>::serialize::bb42,canon-utils/analysis/src/types.rs,43,32
5361,BASIC_BLOCK,types::_::<impl errors::_::_serde::Serialize for types::Node>::serialize::bb43,canon-utils/analysis/src/types.rs,43,32
5362,BASIC_BLOCK,types::_::<impl errors::_::_serde::Serialize for types::Node>::serialize::bb44,canon-utils/analysis/src/types.rs,43,32
5363,BASIC_BLOCK,types::_::<impl errors::_::_serde::Serialize for types::Node>::serialize::bb45,canon-utils/analysis/src/types.rs,43,24
5364,BASIC_BLOCK,types::_::<impl errors::_::_serde::Serialize for types::Node>::serialize::bb46,canon-utils/analysis/src/types.rs,43,24
5365,BASIC_BLOCK,types::_::<impl errors::_::_serde::Serialize for types::Node>::serialize::bb47,canon-utils/analysis/src/types.rs,43,24
5366,BASIC_BLOCK,types::_::<impl errors::_::_serde::Serialize for types::Node>::serialize::bb48,canon-utils/analysis/src/types.rs,43,24
5367,BASIC_BLOCK,types::_::<impl errors::_::_serde::Serialize for types::Node>::serialize::bb49,canon-utils/analysis/src/types.rs,43,24
5368,BASIC_BLOCK,types::_::<impl errors::_::_serde::Serialize for types::Node>::serialize::bb5,canon-utils/analysis/src/types.rs,43,24
5369,BASIC_BLOCK,types::_::<impl errors::_::_serde::Serialize for types::Node>::serialize::bb50,canon-utils/analysis/src/types.rs,43,24
5370,BASIC_BLOCK,types::_::<impl errors::_::_serde::Serialize for types::Node>::serialize::bb6,canon-utils/analysis/src/types.rs,43,24
5371,CALL_SITE,types::_::<impl errors::_::_serde::Serialize for types::Node>::serialize::bb6::call0,canon-utils/analysis/src/types.rs,43,24
5372,BASIC_BLOCK,types::_::<impl errors::_::_serde::Serialize for types::Node>::serialize::bb7,canon-utils/analysis/src/types.rs,43,24
5373,CALL_SITE,types::_::<impl errors::_::_serde::Serialize for types::Node>::serialize::bb7::call1,canon-utils/analysis/src/types.rs,43,24
5374,BASIC_BLOCK,types::_::<impl errors::_::_serde::Serialize for types::Node>::serialize::bb8,canon-utils/analysis/src/types.rs,43,24
5375,BASIC_BLOCK,types::_::<impl errors::_::_serde::Serialize for types::Node>::serialize::bb9,canon-utils/analysis/src/lib.rs,1,1
5376,METHOD,types::_::<impl errors::_::_serde::Serialize for types::Node>::serialize::fn,canon-utils/analysis/src/types.rs,43,24
5377,PARAM,types::_::<impl errors::_::_serde::Serialize for types::Node>::serialize::param0,canon-utils/analysis/src/types.rs,43,24
5378,PARAM,types::_::<impl errors::_::_serde::Serialize for types::Node>::serialize::param1,canon-utils/analysis/src/types.rs,43,24
5379,BASIC_BLOCK,types::_::<impl errors::_::_serde::Serialize for types::NodeKind>::serialize::bb0,canon-utils/analysis/src/types.rs,3,30
5380,BASIC_BLOCK,types::_::<impl errors::_::_serde::Serialize for types::NodeKind>::serialize::bb1,canon-utils/analysis/src/types.rs,3,30
5381,BASIC_BLOCK,types::_::<impl errors::_::_serde::Serialize for types::NodeKind>::serialize::bb10,canon-utils/analysis/src/types.rs,3,30
5382,CALL_SITE,types::_::<impl errors::_::_serde::Serialize for types::NodeKind>::serialize::bb10::call8,canon-utils/analysis/src/types.rs,3,30
5383,BASIC_BLOCK,types::_::<impl errors::_::_serde::Serialize for types::NodeKind>::serialize::bb11,canon-utils/analysis/src/types.rs,3,30
5384,CALL_SITE,types::_::<impl errors::_::_serde::Serialize for types::NodeKind>::serialize::bb11::call9,canon-utils/analysis/src/types.rs,3,30
5385,BASIC_BLOCK,types::_::<impl errors::_::_serde::Serialize for types::NodeKind>::serialize::bb12,canon-utils/analysis/src/types.rs,3,30
5386,CALL_SITE,types::_::<impl errors::_::_serde::Serialize for types::NodeKind>::serialize::bb12::call10,canon-utils/analysis/src/types.rs,3,30
5387,BASIC_BLOCK,types::_::<impl errors::_::_serde::Serialize for types::NodeKind>::serialize::bb13,canon-utils/analysis/src/types.rs,3,30
5388,CALL_SITE,types::_::<impl errors::_::_serde::Serialize for types::NodeKind>::serialize::bb13::call11,canon-utils/analysis/src/types.rs,3,30
5389,BASIC_BLOCK,types::_::<impl errors::_::_serde::Serialize for types::NodeKind>::serialize::bb14,canon-utils/analysis/src/types.rs,3,30
5390,CALL_SITE,types::_::<impl errors::_::_serde::Serialize for types::NodeKind>::serialize::bb14::call12,canon-utils/analysis/src/types.rs,3,30
5391,BASIC_BLOCK,types::_::<impl errors::_::_serde::Serialize for types::NodeKind>::serialize::bb15,canon-utils/analysis/src/types.rs,3,30
5392,CALL_SITE,types::_::<impl errors::_::_serde::Serialize for types::NodeKind>::serialize::bb15::call13,canon-utils/analysis/src/types.rs,3,30
5393,BASIC_BLOCK,types::_::<impl errors::_::_serde::Serialize for types::NodeKind>::serialize::bb16,canon-utils/analysis/src/types.rs,3,39
5394,BASIC_BLOCK,types::_::<impl errors::_::_serde::Serialize for types::NodeKind>::serialize::bb2,canon-utils/analysis/src/types.rs,3,30
5395,CALL_SITE,types::_::<impl errors::_::_serde::Serialize for types::NodeKind>::serialize::bb2::call0,canon-utils/analysis/src/types.rs,3,30
5396,BASIC_BLOCK,types::_::<impl errors::_::_serde::Serialize for types::NodeKind>::serialize::bb3,canon-utils/analysis/src/types.rs,3,30
5397,CALL_SITE,types::_::<impl errors::_::_serde::Serialize for types::NodeKind>::serialize::bb3::call1,canon-utils/analysis/src/types.rs,3,30
5398,BASIC_BLOCK,types::_::<impl errors::_::_serde::Serialize for types::NodeKind>::serialize::bb4,canon-utils/analysis/src/types.rs,3,30
5399,CALL_SITE,types::_::<impl errors::_::_serde::Serialize for types::NodeKind>::serialize::bb4::call2,canon-utils/analysis/src/types.rs,3,30
5400,BASIC_BLOCK,types::_::<impl errors::_::_serde::Serialize for types::NodeKind>::serialize::bb5,canon-utils/analysis/src/types.rs,3,30
5401,CALL_SITE,types::_::<impl errors::_::_serde::Serialize for types::NodeKind>::serialize::bb5::call3,canon-utils/analysis/src/types.rs,3,30
5402,BASIC_BLOCK,types::_::<impl errors::_::_serde::Serialize for types::NodeKind>::serialize::bb6,canon-utils/analysis/src/types.rs,3,30
5403,CALL_SITE,types::_::<impl errors::_::_serde::Serialize for types::NodeKind>::serialize::bb6::call4,canon-utils/analysis/src/types.rs,3,30
5404,BASIC_BLOCK,types::_::<impl errors::_::_serde::Serialize for types::NodeKind>::serialize::bb7,canon-utils/analysis/src/types.rs,3,30
5405,CALL_SITE,types::_::<impl errors::_::_serde::Serialize for types::NodeKind>::serialize::bb7::call5,canon-utils/analysis/src/types.rs,3,30
5406,BASIC_BLOCK,types::_::<impl errors::_::_serde::Serialize for types::NodeKind>::serialize::bb8,canon-utils/analysis/src/types.rs,3,30
5407,CALL_SITE,types::_::<impl errors::_::_serde::Serialize for types::NodeKind>::serialize::bb8::call6,canon-utils/analysis/src/types.rs,3,30
5408,BASIC_BLOCK,types::_::<impl errors::_::_serde::Serialize for types::NodeKind>::serialize::bb9,canon-utils/analysis/src/types.rs,3,30
5409,CALL_SITE,types::_::<impl errors::_::_serde::Serialize for types::NodeKind>::serialize::bb9::call7,canon-utils/analysis/src/types.rs,3,30
5410,METHOD,types::_::<impl errors::_::_serde::Serialize for types::NodeKind>::serialize::fn,canon-utils/analysis/src/types.rs,3,30
5411,PARAM,types::_::<impl errors::_::_serde::Serialize for types::NodeKind>::serialize::param0,canon-utils/analysis/src/types.rs,3,30
5412,PARAM,types::_::<impl errors::_::_serde::Serialize for types::NodeKind>::serialize::param1,canon-utils/analysis/src/types.rs,3,30
5413,BASIC_BLOCK,types::_::bb0,canon-utils/analysis/src/types.rs,3,30
5414,BASIC_BLOCK,types::_::bb0,canon-utils/analysis/src/types.rs,3,41
5415,BASIC_BLOCK,types::_::bb0,canon-utils/analysis/src/types.rs,21,30
5416,BASIC_BLOCK,types::_::bb0,canon-utils/analysis/src/types.rs,21,41
5417,BASIC_BLOCK,types::_::bb0,canon-utils/analysis/src/types.rs,43,24
5418,BASIC_BLOCK,types::_::bb0,canon-utils/analysis/src/types.rs,43,35
5419,BASIC_BLOCK,types::_::bb0,canon-utils/analysis/src/types.rs,53,24
5420,BASIC_BLOCK,types::_::bb0,canon-utils/analysis/src/types.rs,53,35
5421,BASIC_BLOCK,types::_::bb0,canon-utils/analysis/src/types.rs,60,24
5422,BASIC_BLOCK,types::_::bb0,canon-utils/analysis/src/types.rs,60,35
5423,ERROR,error::dead_code::0,canon-utils/analysis/src/extract.rs,86,4
5424,ERROR,error::dead_code::1,canon-utils/analysis/src/extract.rs,121,4
5425,ERROR,error::dead_code::2,canon-utils/analysis/src/extract.rs,162,4
5426,ERROR,error::dead_code::3,canon-utils/analysis/src/extract.rs,190,4
5427,ERROR,error::dead_code::4,canon-utils/analysis/src/extract.rs,210,4
5428,ERROR,error::unknown::5,unknown,0,0
5429,ERROR,error::dead_code::0,canon-utils/analysis/src/extract.rs,86,4
5430,ERROR,error::dead_code::1,canon-utils/analysis/src/extract.rs,121,4
5431,ERROR,error::dead_code::2,canon-utils/analysis/src/extract.rs,162,4
5432,ERROR,error::dead_code::3,canon-utils/analysis/src/extract.rs,190,4
5433,ERROR,error::dead_code::4,canon-utils/analysis/src/extract.rs,210,4
5434,ERROR,error::unknown::5,unknown,0,0
