node_id,node_kind,symbol,file,line,column
0,MODULE,,gpjson-rs/src/lib.rs,1,1
1,IMPL,<GPJsonError as std::convert::From<gpu::CudaError>>,gpjson-rs/src/lib.rs,69,1
2,BASIC_BLOCK,<GPJsonError as std::convert::From<gpu::CudaError>>::from::bb0,gpjson-rs/src/lib.rs,72,6
3,METHOD,<GPJsonError as std::convert::From<gpu::CudaError>>::from::fn,gpjson-rs/src/lib.rs,70,5
4,PARAM,<GPJsonError as std::convert::From<gpu::CudaError>>::from::param0,gpjson-rs/src/lib.rs,70,13
5,IMPL,<GPJsonError as std::convert::From<jsonpath::JSONPathError>>,gpjson-rs/src/lib.rs,63,1
6,BASIC_BLOCK,<GPJsonError as std::convert::From<jsonpath::JSONPathError>>::from::bb0,gpjson-rs/src/lib.rs,66,6
7,METHOD,<GPJsonError as std::convert::From<jsonpath::JSONPathError>>::from::fn,gpjson-rs/src/lib.rs,64,5
8,PARAM,<GPJsonError as std::convert::From<jsonpath::JSONPathError>>::from::param0,gpjson-rs/src/lib.rs,64,13
9,IMPL,<GPJsonError as std::convert::From<std::io::Error>>,gpjson-rs/src/lib.rs,57,1
10,BASIC_BLOCK,<GPJsonError as std::convert::From<std::io::Error>>::from::bb0,gpjson-rs/src/lib.rs,60,6
11,METHOD,<GPJsonError as std::convert::From<std::io::Error>>::from::fn,gpjson-rs/src/lib.rs,58,5
12,PARAM,<GPJsonError as std::convert::From<std::io::Error>>::from::param0,gpjson-rs/src/lib.rs,58,13
13,IMPL,<GPJsonError as std::error::Error>,gpjson-rs/src/lib.rs,47,1
14,BASIC_BLOCK,<GPJsonError as std::error::Error>::source::bb0,gpjson-rs/src/lib.rs,49,9
15,BASIC_BLOCK,<GPJsonError as std::error::Error>::source::bb1,gpjson-rs/src/lib.rs,52,18
16,BASIC_BLOCK,<GPJsonError as std::error::Error>::source::bb2,gpjson-rs/src/lib.rs,51,51
17,BASIC_BLOCK,<GPJsonError as std::error::Error>::source::bb3,gpjson-rs/src/lib.rs,50,45
18,BASIC_BLOCK,<GPJsonError as std::error::Error>::source::bb4,gpjson-rs/src/lib.rs,54,6
19,METHOD,<GPJsonError as std::error::Error>::source::fn,gpjson-rs/src/lib.rs,48,5
20,PARAM,<GPJsonError as std::error::Error>::source::param0,gpjson-rs/src/lib.rs,48,15
21,BASIC_BLOCK,<GPJsonError as std::fmt::Debug>::fmt::bb0,gpjson-rs/src/lib.rs,26,10
22,BASIC_BLOCK,<GPJsonError as std::fmt::Debug>::fmt::bb1,gpjson-rs/src/lib.rs,26,10
23,BASIC_BLOCK,<GPJsonError as std::fmt::Debug>::fmt::bb2,gpjson-rs/src/lib.rs,26,10
24,CALL_SITE,<GPJsonError as std::fmt::Debug>::fmt::bb2::call0,gpjson-rs/src/lib.rs,26,10
25,BASIC_BLOCK,<GPJsonError as std::fmt::Debug>::fmt::bb3,gpjson-rs/src/lib.rs,26,10
26,CALL_SITE,<GPJsonError as std::fmt::Debug>::fmt::bb3::call1,gpjson-rs/src/lib.rs,26,10
27,BASIC_BLOCK,<GPJsonError as std::fmt::Debug>::fmt::bb4,gpjson-rs/src/lib.rs,26,10
28,CALL_SITE,<GPJsonError as std::fmt::Debug>::fmt::bb4::call2,gpjson-rs/src/lib.rs,26,10
29,BASIC_BLOCK,<GPJsonError as std::fmt::Debug>::fmt::bb5,gpjson-rs/src/lib.rs,26,10
30,CALL_SITE,<GPJsonError as std::fmt::Debug>::fmt::bb5::call3,gpjson-rs/src/lib.rs,26,10
31,BASIC_BLOCK,<GPJsonError as std::fmt::Debug>::fmt::bb6,gpjson-rs/src/lib.rs,26,10
32,CALL_SITE,<GPJsonError as std::fmt::Debug>::fmt::bb6::call4,gpjson-rs/src/lib.rs,26,10
33,BASIC_BLOCK,<GPJsonError as std::fmt::Debug>::fmt::bb7,gpjson-rs/src/lib.rs,26,15
34,METHOD,<GPJsonError as std::fmt::Debug>::fmt::fn,gpjson-rs/src/lib.rs,26,10
35,PARAM,<GPJsonError as std::fmt::Debug>::fmt::param0,gpjson-rs/src/lib.rs,26,10
36,PARAM,<GPJsonError as std::fmt::Debug>::fmt::param1,gpjson-rs/src/lib.rs,26,10
37,IMPL,<GPJsonError as std::fmt::Display>,gpjson-rs/src/lib.rs,35,1
38,BASIC_BLOCK,<GPJsonError as std::fmt::Display>::fmt::bb0,gpjson-rs/src/lib.rs,37,9
39,BASIC_BLOCK,<GPJsonError as std::fmt::Display>::fmt::bb1,gpjson-rs/src/lib.rs,37,15
40,BASIC_BLOCK,<GPJsonError as std::fmt::Display>::fmt::bb10,/home/cicero-arch-omen/.rustup/toolchains/nightly-x86_64-unknown-linux-gnu/lib/rustlib/src/rust/library/core/src/macros/mod.rs,608,9
41,CALL_SITE,<GPJsonError as std::fmt::Display>::fmt::bb10::call8,/home/cicero-arch-omen/.rustup/toolchains/nightly-x86_64-unknown-linux-gnu/lib/rustlib/src/rust/library/core/src/macros/mod.rs,608,9
42,BASIC_BLOCK,<GPJsonError as std::fmt::Display>::fmt::bb11,/home/cicero-arch-omen/.rustup/toolchains/nightly-x86_64-unknown-linux-gnu/lib/rustlib/src/rust/library/core/src/macros/mod.rs,608,24
43,CALL_SITE,<GPJsonError as std::fmt::Display>::fmt::bb11::call9,/home/cicero-arch-omen/.rustup/toolchains/nightly-x86_64-unknown-linux-gnu/lib/rustlib/src/rust/library/core/src/macros/mod.rs,608,24
44,BASIC_BLOCK,<GPJsonError as std::fmt::Display>::fmt::bb12,/home/cicero-arch-omen/.rustup/toolchains/nightly-x86_64-unknown-linux-gnu/lib/rustlib/src/rust/library/core/src/macros/mod.rs,608,9
45,CALL_SITE,<GPJsonError as std::fmt::Display>::fmt::bb12::call10,/home/cicero-arch-omen/.rustup/toolchains/nightly-x86_64-unknown-linux-gnu/lib/rustlib/src/rust/library/core/src/macros/mod.rs,608,9
46,BASIC_BLOCK,<GPJsonError as std::fmt::Display>::fmt::bb13,gpjson-rs/src/lib.rs,41,67
47,CALL_SITE,<GPJsonError as std::fmt::Display>::fmt::bb13::call11,gpjson-rs/src/lib.rs,41,67
48,BASIC_BLOCK,<GPJsonError as std::fmt::Display>::fmt::bb14,/home/cicero-arch-omen/.rustup/toolchains/nightly-x86_64-unknown-linux-gnu/lib/rustlib/src/rust/library/core/src/macros/mod.rs,608,24
49,CALL_SITE,<GPJsonError as std::fmt::Display>::fmt::bb14::call12,/home/cicero-arch-omen/.rustup/toolchains/nightly-x86_64-unknown-linux-gnu/lib/rustlib/src/rust/library/core/src/macros/mod.rs,608,24
50,BASIC_BLOCK,<GPJsonError as std::fmt::Display>::fmt::bb15,/home/cicero-arch-omen/.rustup/toolchains/nightly-x86_64-unknown-linux-gnu/lib/rustlib/src/rust/library/core/src/macros/mod.rs,608,9
51,CALL_SITE,<GPJsonError as std::fmt::Display>::fmt::bb15::call13,/home/cicero-arch-omen/.rustup/toolchains/nightly-x86_64-unknown-linux-gnu/lib/rustlib/src/rust/library/core/src/macros/mod.rs,608,9
52,BASIC_BLOCK,<GPJsonError as std::fmt::Display>::fmt::bb16,/home/cicero-arch-omen/.rustup/toolchains/nightly-x86_64-unknown-linux-gnu/lib/rustlib/src/rust/library/core/src/macros/mod.rs,608,24
53,CALL_SITE,<GPJsonError as std::fmt::Display>::fmt::bb16::call14,/home/cicero-arch-omen/.rustup/toolchains/nightly-x86_64-unknown-linux-gnu/lib/rustlib/src/rust/library/core/src/macros/mod.rs,608,24
54,BASIC_BLOCK,<GPJsonError as std::fmt::Display>::fmt::bb17,/home/cicero-arch-omen/.rustup/toolchains/nightly-x86_64-unknown-linux-gnu/lib/rustlib/src/rust/library/core/src/macros/mod.rs,608,9
55,CALL_SITE,<GPJsonError as std::fmt::Display>::fmt::bb17::call15,/home/cicero-arch-omen/.rustup/toolchains/nightly-x86_64-unknown-linux-gnu/lib/rustlib/src/rust/library/core/src/macros/mod.rs,608,9
56,BASIC_BLOCK,<GPJsonError as std::fmt::Display>::fmt::bb18,gpjson-rs/src/lib.rs,44,6
57,BASIC_BLOCK,<GPJsonError as std::fmt::Display>::fmt::bb2,gpjson-rs/src/lib.rs,42,70
58,CALL_SITE,<GPJsonError as std::fmt::Display>::fmt::bb2::call0,gpjson-rs/src/lib.rs,42,70
59,BASIC_BLOCK,<GPJsonError as std::fmt::Display>::fmt::bb3,gpjson-rs/src/lib.rs,41,62
60,CALL_SITE,<GPJsonError as std::fmt::Display>::fmt::bb3::call1,gpjson-rs/src/lib.rs,41,62
61,BASIC_BLOCK,<GPJsonError as std::fmt::Display>::fmt::bb4,gpjson-rs/src/lib.rs,40,84
62,CALL_SITE,<GPJsonError as std::fmt::Display>::fmt::bb4::call2,gpjson-rs/src/lib.rs,40,84
63,BASIC_BLOCK,<GPJsonError as std::fmt::Display>::fmt::bb5,gpjson-rs/src/lib.rs,39,70
64,CALL_SITE,<GPJsonError as std::fmt::Display>::fmt::bb5::call3,gpjson-rs/src/lib.rs,39,70
65,BASIC_BLOCK,<GPJsonError as std::fmt::Display>::fmt::bb6,gpjson-rs/src/lib.rs,38,58
66,CALL_SITE,<GPJsonError as std::fmt::Display>::fmt::bb6::call4,gpjson-rs/src/lib.rs,38,58
67,BASIC_BLOCK,<GPJsonError as std::fmt::Display>::fmt::bb7,/home/cicero-arch-omen/.rustup/toolchains/nightly-x86_64-unknown-linux-gnu/lib/rustlib/src/rust/library/core/src/macros/mod.rs,608,24
68,CALL_SITE,<GPJsonError as std::fmt::Display>::fmt::bb7::call5,/home/cicero-arch-omen/.rustup/toolchains/nightly-x86_64-unknown-linux-gnu/lib/rustlib/src/rust/library/core/src/macros/mod.rs,608,24
69,BASIC_BLOCK,<GPJsonError as std::fmt::Display>::fmt::bb8,/home/cicero-arch-omen/.rustup/toolchains/nightly-x86_64-unknown-linux-gnu/lib/rustlib/src/rust/library/core/src/macros/mod.rs,608,9
70,CALL_SITE,<GPJsonError as std::fmt::Display>::fmt::bb8::call6,/home/cicero-arch-omen/.rustup/toolchains/nightly-x86_64-unknown-linux-gnu/lib/rustlib/src/rust/library/core/src/macros/mod.rs,608,9
71,BASIC_BLOCK,<GPJsonError as std::fmt::Display>::fmt::bb9,/home/cicero-arch-omen/.rustup/toolchains/nightly-x86_64-unknown-linux-gnu/lib/rustlib/src/rust/library/core/src/macros/mod.rs,608,24
72,CALL_SITE,<GPJsonError as std::fmt::Display>::fmt::bb9::call7,/home/cicero-arch-omen/.rustup/toolchains/nightly-x86_64-unknown-linux-gnu/lib/rustlib/src/rust/library/core/src/macros/mod.rs,608,24
73,METHOD,<GPJsonError as std::fmt::Display>::fmt::fn,gpjson-rs/src/lib.rs,36,5
74,PARAM,<GPJsonError as std::fmt::Display>::fmt::param0,gpjson-rs/src/lib.rs,36,12
75,PARAM,<GPJsonError as std::fmt::Display>::fmt::param1,gpjson-rs/src/lib.rs,36,19
76,BASIC_BLOCK,<GpjsonQueryResult as std::clone::Clone>::clone::bb0,gpjson-rs/src/lib.rs,77,5
77,CALL_SITE,<GpjsonQueryResult as std::clone::Clone>::clone::bb0::call0,gpjson-rs/src/lib.rs,77,5
78,BASIC_BLOCK,<GpjsonQueryResult as std::clone::Clone>::clone::bb1,gpjson-rs/src/lib.rs,80,5
79,CALL_SITE,<GpjsonQueryResult as std::clone::Clone>::clone::bb1::call1,gpjson-rs/src/lib.rs,80,5
80,BASIC_BLOCK,<GpjsonQueryResult as std::clone::Clone>::clone::bb2,gpjson-rs/src/lib.rs,75,22
81,BASIC_BLOCK,<GpjsonQueryResult as std::clone::Clone>::clone::bb3,gpjson-rs/src/lib.rs,75,21
82,BASIC_BLOCK,<GpjsonQueryResult as std::clone::Clone>::clone::bb4,gpjson-rs/src/lib.rs,75,17
83,METHOD,<GpjsonQueryResult as std::clone::Clone>::clone::fn,gpjson-rs/src/lib.rs,75,17
84,PARAM,<GpjsonQueryResult as std::clone::Clone>::clone::param0,gpjson-rs/src/lib.rs,75,17
85,BASIC_BLOCK,<GpjsonQueryResult as std::fmt::Debug>::fmt::bb0,gpjson-rs/src/lib.rs,75,10
86,CALL_SITE,<GpjsonQueryResult as std::fmt::Debug>::fmt::bb0::call0,gpjson-rs/src/lib.rs,75,10
87,BASIC_BLOCK,<GpjsonQueryResult as std::fmt::Debug>::fmt::bb1,gpjson-rs/src/lib.rs,75,15
88,METHOD,<GpjsonQueryResult as std::fmt::Debug>::fmt::fn,gpjson-rs/src/lib.rs,75,10
89,PARAM,<GpjsonQueryResult as std::fmt::Debug>::fmt::param0,gpjson-rs/src/lib.rs,75,10
90,PARAM,<GpjsonQueryResult as std::fmt::Debug>::fmt::param1,gpjson-rs/src/lib.rs,75,10
91,BASIC_BLOCK,<QueryOptions as std::clone::Clone>::clone::bb0,gpjson-rs/src/lib.rs,21,22
92,METHOD,<QueryOptions as std::clone::Clone>::clone::fn,gpjson-rs/src/lib.rs,21,17
93,PARAM,<QueryOptions as std::clone::Clone>::clone::param0,gpjson-rs/src/lib.rs,21,17
94,BASIC_BLOCK,<QueryOptions as std::default::Default>::default::bb0,gpjson-rs/src/lib.rs,23,5
95,CALL_SITE,<QueryOptions as std::default::Default>::default::bb0::call0,gpjson-rs/src/lib.rs,23,5
96,BASIC_BLOCK,<QueryOptions as std::default::Default>::default::bb1,gpjson-rs/src/lib.rs,21,37
97,METHOD,<QueryOptions as std::default::Default>::default::fn,gpjson-rs/src/lib.rs,21,30
98,BASIC_BLOCK,<QueryOptions as std::fmt::Debug>::fmt::bb0,gpjson-rs/src/lib.rs,21,10
99,CALL_SITE,<QueryOptions as std::fmt::Debug>::fmt::bb0::call0,gpjson-rs/src/lib.rs,21,10
100,BASIC_BLOCK,<QueryOptions as std::fmt::Debug>::fmt::bb1,gpjson-rs/src/lib.rs,21,15
101,METHOD,<QueryOptions as std::fmt::Debug>::fmt::fn,gpjson-rs/src/lib.rs,21,10
102,PARAM,<QueryOptions as std::fmt::Debug>::fmt::param0,gpjson-rs/src/lib.rs,21,10
103,PARAM,<QueryOptions as std::fmt::Debug>::fmt::param1,gpjson-rs/src/lib.rs,21,10
104,BASIC_BLOCK,<gpu::CudaError as std::fmt::Debug>::fmt::bb0,gpjson-rs/src/gpu.rs,80,10
105,CALL_SITE,<gpu::CudaError as std::fmt::Debug>::fmt::bb0::call0,gpjson-rs/src/gpu.rs,80,10
106,BASIC_BLOCK,<gpu::CudaError as std::fmt::Debug>::fmt::bb1,gpjson-rs/src/gpu.rs,80,15
107,METHOD,<gpu::CudaError as std::fmt::Debug>::fmt::fn,gpjson-rs/src/gpu.rs,80,10
108,PARAM,<gpu::CudaError as std::fmt::Debug>::fmt::param0,gpjson-rs/src/gpu.rs,80,10
109,PARAM,<gpu::CudaError as std::fmt::Debug>::fmt::param1,gpjson-rs/src/gpu.rs,80,10
110,BASIC_BLOCK,<gpu::DeviceBuffer as std::fmt::Debug>::fmt::bb0,gpjson-rs/src/gpu.rs,94,10
111,CALL_SITE,<gpu::DeviceBuffer as std::fmt::Debug>::fmt::bb0::call0,gpjson-rs/src/gpu.rs,94,10
112,BASIC_BLOCK,<gpu::DeviceBuffer as std::fmt::Debug>::fmt::bb1,gpjson-rs/src/gpu.rs,94,15
113,METHOD,<gpu::DeviceBuffer as std::fmt::Debug>::fmt::fn,gpjson-rs/src/gpu.rs,94,10
114,PARAM,<gpu::DeviceBuffer as std::fmt::Debug>::fmt::param0,gpjson-rs/src/gpu.rs,94,10
115,PARAM,<gpu::DeviceBuffer as std::fmt::Debug>::fmt::param1,gpjson-rs/src/gpu.rs,94,10
116,IMPL,<gpu::DeviceBuffer as std::marker::Send>,gpjson-rs/src/gpu.rs,100,1
117,IMPL,<gpu::DeviceBuffer as std::marker::Sync>,gpjson-rs/src/gpu.rs,101,1
118,IMPL,<gpu::DeviceBuffer as std::ops::Drop>,gpjson-rs/src/gpu.rs,139,1
119,BASIC_BLOCK,<gpu::DeviceBuffer as std::ops::Drop>::drop::bb0,gpjson-rs/src/gpu.rs,141,13
120,CALL_SITE,<gpu::DeviceBuffer as std::ops::Drop>::drop::bb0::call0,gpjson-rs/src/gpu.rs,141,13
121,BASIC_BLOCK,<gpu::DeviceBuffer as std::ops::Drop>::drop::bb1,gpjson-rs/src/gpu.rs,141,13
122,BASIC_BLOCK,<gpu::DeviceBuffer as std::ops::Drop>::drop::bb2,gpjson-rs/src/gpu.rs,143,25
123,CALL_SITE,<gpu::DeviceBuffer as std::ops::Drop>::drop::bb2::call1,gpjson-rs/src/gpu.rs,143,25
124,BASIC_BLOCK,<gpu::DeviceBuffer as std::ops::Drop>::drop::bb3,gpjson-rs/src/gpu.rs,145,24
125,CALL_SITE,<gpu::DeviceBuffer as std::ops::Drop>::drop::bb3::call2,gpjson-rs/src/gpu.rs,145,24
126,BASIC_BLOCK,<gpu::DeviceBuffer as std::ops::Drop>::drop::bb4,gpjson-rs/src/gpu.rs,141,9
127,BASIC_BLOCK,<gpu::DeviceBuffer as std::ops::Drop>::drop::bb5,gpjson-rs/src/gpu.rs,147,6
128,METHOD,<gpu::DeviceBuffer as std::ops::Drop>::drop::fn,gpjson-rs/src/gpu.rs,140,5
129,PARAM,<gpu::DeviceBuffer as std::ops::Drop>::drop::param0,gpjson-rs/src/gpu.rs,140,13
130,IMPL,<jsonpath::JSONPathError as std::error::Error>,gpjson-rs/src/jsonpath.rs,30,1
131,BASIC_BLOCK,<jsonpath::JSONPathError as std::fmt::Debug>::fmt::bb0,gpjson-rs/src/jsonpath.rs,15,10
132,BASIC_BLOCK,<jsonpath::JSONPathError as std::fmt::Debug>::fmt::bb1,gpjson-rs/src/jsonpath.rs,15,10
133,BASIC_BLOCK,<jsonpath::JSONPathError as std::fmt::Debug>::fmt::bb2,gpjson-rs/src/jsonpath.rs,15,10
134,CALL_SITE,<jsonpath::JSONPathError as std::fmt::Debug>::fmt::bb2::call0,gpjson-rs/src/jsonpath.rs,15,10
135,BASIC_BLOCK,<jsonpath::JSONPathError as std::fmt::Debug>::fmt::bb3,gpjson-rs/src/jsonpath.rs,15,10
136,CALL_SITE,<jsonpath::JSONPathError as std::fmt::Debug>::fmt::bb3::call1,gpjson-rs/src/jsonpath.rs,15,10
137,BASIC_BLOCK,<jsonpath::JSONPathError as std::fmt::Debug>::fmt::bb4,gpjson-rs/src/jsonpath.rs,15,15
138,METHOD,<jsonpath::JSONPathError as std::fmt::Debug>::fmt::fn,gpjson-rs/src/jsonpath.rs,15,10
139,PARAM,<jsonpath::JSONPathError as std::fmt::Debug>::fmt::param0,gpjson-rs/src/jsonpath.rs,15,10
140,PARAM,<jsonpath::JSONPathError as std::fmt::Debug>::fmt::param1,gpjson-rs/src/jsonpath.rs,15,10
141,IMPL,<jsonpath::JSONPathError as std::fmt::Display>,gpjson-rs/src/jsonpath.rs,21,1
142,BASIC_BLOCK,<jsonpath::JSONPathError as std::fmt::Display>::fmt::bb0,gpjson-rs/src/jsonpath.rs,23,9
143,BASIC_BLOCK,<jsonpath::JSONPathError as std::fmt::Display>::fmt::bb1,gpjson-rs/src/jsonpath.rs,23,15
144,BASIC_BLOCK,<jsonpath::JSONPathError as std::fmt::Display>::fmt::bb2,gpjson-rs/src/jsonpath.rs,25,59
145,CALL_SITE,<jsonpath::JSONPathError as std::fmt::Display>::fmt::bb2::call0,gpjson-rs/src/jsonpath.rs,25,59
146,BASIC_BLOCK,<jsonpath::JSONPathError as std::fmt::Display>::fmt::bb3,gpjson-rs/src/jsonpath.rs,24,55
147,CALL_SITE,<jsonpath::JSONPathError as std::fmt::Display>::fmt::bb3::call1,gpjson-rs/src/jsonpath.rs,24,55
148,BASIC_BLOCK,<jsonpath::JSONPathError as std::fmt::Display>::fmt::bb4,/home/cicero-arch-omen/.rustup/toolchains/nightly-x86_64-unknown-linux-gnu/lib/rustlib/src/rust/library/core/src/macros/mod.rs,608,24
149,CALL_SITE,<jsonpath::JSONPathError as std::fmt::Display>::fmt::bb4::call2,/home/cicero-arch-omen/.rustup/toolchains/nightly-x86_64-unknown-linux-gnu/lib/rustlib/src/rust/library/core/src/macros/mod.rs,608,24
150,BASIC_BLOCK,<jsonpath::JSONPathError as std::fmt::Display>::fmt::bb5,/home/cicero-arch-omen/.rustup/toolchains/nightly-x86_64-unknown-linux-gnu/lib/rustlib/src/rust/library/core/src/macros/mod.rs,608,9
151,CALL_SITE,<jsonpath::JSONPathError as std::fmt::Display>::fmt::bb5::call3,/home/cicero-arch-omen/.rustup/toolchains/nightly-x86_64-unknown-linux-gnu/lib/rustlib/src/rust/library/core/src/macros/mod.rs,608,9
152,BASIC_BLOCK,<jsonpath::JSONPathError as std::fmt::Display>::fmt::bb6,/home/cicero-arch-omen/.rustup/toolchains/nightly-x86_64-unknown-linux-gnu/lib/rustlib/src/rust/library/core/src/macros/mod.rs,608,24
153,CALL_SITE,<jsonpath::JSONPathError as std::fmt::Display>::fmt::bb6::call4,/home/cicero-arch-omen/.rustup/toolchains/nightly-x86_64-unknown-linux-gnu/lib/rustlib/src/rust/library/core/src/macros/mod.rs,608,24
154,BASIC_BLOCK,<jsonpath::JSONPathError as std::fmt::Display>::fmt::bb7,/home/cicero-arch-omen/.rustup/toolchains/nightly-x86_64-unknown-linux-gnu/lib/rustlib/src/rust/library/core/src/macros/mod.rs,608,9
155,CALL_SITE,<jsonpath::JSONPathError as std::fmt::Display>::fmt::bb7::call5,/home/cicero-arch-omen/.rustup/toolchains/nightly-x86_64-unknown-linux-gnu/lib/rustlib/src/rust/library/core/src/macros/mod.rs,608,9
156,BASIC_BLOCK,<jsonpath::JSONPathError as std::fmt::Display>::fmt::bb8,gpjson-rs/src/jsonpath.rs,27,6
157,METHOD,<jsonpath::JSONPathError as std::fmt::Display>::fmt::fn,gpjson-rs/src/jsonpath.rs,22,5
158,PARAM,<jsonpath::JSONPathError as std::fmt::Display>::fmt::param0,gpjson-rs/src/jsonpath.rs,22,12
159,PARAM,<jsonpath::JSONPathError as std::fmt::Display>::fmt::param1,gpjson-rs/src/jsonpath.rs,22,19
160,BASIC_BLOCK,<jsonpath::JSONPathResult as std::clone::Clone>::clone::bb0,gpjson-rs/src/jsonpath.rs,165,5
161,CALL_SITE,<jsonpath::JSONPathResult as std::clone::Clone>::clone::bb0::call0,gpjson-rs/src/jsonpath.rs,165,5
162,BASIC_BLOCK,<jsonpath::JSONPathResult as std::clone::Clone>::clone::bb1,gpjson-rs/src/jsonpath.rs,163,22
163,METHOD,<jsonpath::JSONPathResult as std::clone::Clone>::clone::fn,gpjson-rs/src/jsonpath.rs,163,17
164,PARAM,<jsonpath::JSONPathResult as std::clone::Clone>::clone::param0,gpjson-rs/src/jsonpath.rs,163,17
165,BASIC_BLOCK,<jsonpath::JSONPathResult as std::fmt::Debug>::fmt::bb0,gpjson-rs/src/jsonpath.rs,163,10
166,CALL_SITE,<jsonpath::JSONPathResult as std::fmt::Debug>::fmt::bb0::call0,gpjson-rs/src/jsonpath.rs,163,10
167,BASIC_BLOCK,<jsonpath::JSONPathResult as std::fmt::Debug>::fmt::bb1,gpjson-rs/src/jsonpath.rs,163,15
168,METHOD,<jsonpath::JSONPathResult as std::fmt::Debug>::fmt::fn,gpjson-rs/src/jsonpath.rs,163,10
169,PARAM,<jsonpath::JSONPathResult as std::fmt::Debug>::fmt::param0,gpjson-rs/src/jsonpath.rs,163,10
170,PARAM,<jsonpath::JSONPathResult as std::fmt::Debug>::fmt::param1,gpjson-rs/src/jsonpath.rs,163,10
171,BASIC_BLOCK,<jsonpath::Opcode as std::clone::Clone>::clone::bb0,gpjson-rs/src/jsonpath.rs,3,22
172,METHOD,<jsonpath::Opcode as std::clone::Clone>::clone::fn,gpjson-rs/src/jsonpath.rs,3,17
173,PARAM,<jsonpath::Opcode as std::clone::Clone>::clone::param0,gpjson-rs/src/jsonpath.rs,3,17
174,BASIC_BLOCK,<jsonpath::Opcode as std::cmp::Eq>::assert_receiver_is_total_eq::bb0,gpjson-rs/src/jsonpath.rs,3,43
175,METHOD,<jsonpath::Opcode as std::cmp::Eq>::assert_receiver_is_total_eq::fn,gpjson-rs/src/jsonpath.rs,3,41
176,PARAM,<jsonpath::Opcode as std::cmp::Eq>::assert_receiver_is_total_eq::param0,gpjson-rs/src/jsonpath.rs,3,41
177,BASIC_BLOCK,<jsonpath::Opcode as std::cmp::PartialEq>::eq::bb0,gpjson-rs/src/jsonpath.rs,3,39
178,METHOD,<jsonpath::Opcode as std::cmp::PartialEq>::eq::fn,gpjson-rs/src/jsonpath.rs,3,30
179,PARAM,<jsonpath::Opcode as std::cmp::PartialEq>::eq::param0,gpjson-rs/src/jsonpath.rs,3,30
180,PARAM,<jsonpath::Opcode as std::cmp::PartialEq>::eq::param1,gpjson-rs/src/jsonpath.rs,3,30
181,BASIC_BLOCK,<jsonpath::Opcode as std::fmt::Debug>::fmt::bb0,gpjson-rs/src/jsonpath.rs,3,10
182,BASIC_BLOCK,<jsonpath::Opcode as std::fmt::Debug>::fmt::bb1,gpjson-rs/src/jsonpath.rs,3,10
183,BASIC_BLOCK,<jsonpath::Opcode as std::fmt::Debug>::fmt::bb10,gpjson-rs/src/jsonpath.rs,3,15
184,BASIC_BLOCK,<jsonpath::Opcode as std::fmt::Debug>::fmt::bb2,gpjson-rs/src/jsonpath.rs,3,14
185,BASIC_BLOCK,<jsonpath::Opcode as std::fmt::Debug>::fmt::bb3,gpjson-rs/src/jsonpath.rs,3,14
186,BASIC_BLOCK,<jsonpath::Opcode as std::fmt::Debug>::fmt::bb4,gpjson-rs/src/jsonpath.rs,3,14
187,BASIC_BLOCK,<jsonpath::Opcode as std::fmt::Debug>::fmt::bb5,gpjson-rs/src/jsonpath.rs,3,14
188,BASIC_BLOCK,<jsonpath::Opcode as std::fmt::Debug>::fmt::bb6,gpjson-rs/src/jsonpath.rs,3,14
189,BASIC_BLOCK,<jsonpath::Opcode as std::fmt::Debug>::fmt::bb7,gpjson-rs/src/jsonpath.rs,3,14
190,BASIC_BLOCK,<jsonpath::Opcode as std::fmt::Debug>::fmt::bb8,gpjson-rs/src/jsonpath.rs,3,14
191,BASIC_BLOCK,<jsonpath::Opcode as std::fmt::Debug>::fmt::bb9,gpjson-rs/src/jsonpath.rs,3,10
192,CALL_SITE,<jsonpath::Opcode as std::fmt::Debug>::fmt::bb9::call0,gpjson-rs/src/jsonpath.rs,3,10
193,METHOD,<jsonpath::Opcode as std::fmt::Debug>::fmt::fn,gpjson-rs/src/jsonpath.rs,3,10
194,PARAM,<jsonpath::Opcode as std::fmt::Debug>::fmt::param0,gpjson-rs/src/jsonpath.rs,3,10
195,PARAM,<jsonpath::Opcode as std::fmt::Debug>::fmt::param1,gpjson-rs/src/jsonpath.rs,3,10
196,BASIC_BLOCK,BLOCK_SIZE::bb0,gpjson-rs/src/lib.rs,17,1
197,BASIC_BLOCK,CARRY_INDEX_SIZE::bb0,gpjson-rs/src/lib.rs,18,33
198,BASIC_BLOCK,CARRY_INDEX_SIZE::bb1,gpjson-rs/src/lib.rs,18,1
199,ENUM,GPJsonError,gpjson-rs/src/lib.rs,27,1
200,FIELD,GPJsonError::0,gpjson-rs/src/lib.rs,27,1
201,FIELD,GPJsonError::0,gpjson-rs/src/lib.rs,27,1
202,FIELD,GPJsonError::0,gpjson-rs/src/lib.rs,27,1
203,FIELD,GPJsonError::0,gpjson-rs/src/lib.rs,27,1
204,FIELD,GPJsonError::0,gpjson-rs/src/lib.rs,27,1
205,BASIC_BLOCK,GRID_SIZE::bb0,gpjson-rs/src/lib.rs,16,1
206,STRUCT,GpjsonQueryResult,gpjson-rs/src/lib.rs,76,1
207,IMPL,GpjsonQueryResult,gpjson-rs/src/lib.rs,83,1
208,FIELD,GpjsonQueryResult::file,gpjson-rs/src/lib.rs,76,1
209,BASIC_BLOCK,GpjsonQueryResult::line_values::bb0,gpjson-rs/src/lib.rs,108,23
210,CALL_SITE,GpjsonQueryResult::line_values::bb0::call0,gpjson-rs/src/lib.rs,108,23
211,BASIC_BLOCK,GpjsonQueryResult::line_values::bb1,gpjson-rs/src/lib.rs,109,18
212,BASIC_BLOCK,GpjsonQueryResult::line_values::bb10,gpjson-rs/src/lib.rs,107,5
213,BASIC_BLOCK,GpjsonQueryResult::line_values::bb11,gpjson-rs/src/lib.rs,110,13
214,CALL_SITE,GpjsonQueryResult::line_values::bb1::call1,gpjson-rs/src/lib.rs,109,18
215,BASIC_BLOCK,GpjsonQueryResult::line_values::bb2,gpjson-rs/src/lib.rs,109,9
216,BASIC_BLOCK,GpjsonQueryResult::line_values::bb3,gpjson-rs/src/lib.rs,109,18
217,CALL_SITE,GpjsonQueryResult::line_values::bb3::call2,gpjson-rs/src/lib.rs,109,18
218,BASIC_BLOCK,GpjsonQueryResult::line_values::bb4,gpjson-rs/src/lib.rs,109,18
219,BASIC_BLOCK,GpjsonQueryResult::line_values::bb5,gpjson-rs/src/lib.rs,109,18
220,BASIC_BLOCK,GpjsonQueryResult::line_values::bb6,gpjson-rs/src/lib.rs,110,22
221,CALL_SITE,GpjsonQueryResult::line_values::bb6::call3,gpjson-rs/src/lib.rs,110,22
222,BASIC_BLOCK,GpjsonQueryResult::line_values::bb7,gpjson-rs/src/lib.rs,113,6
223,BASIC_BLOCK,GpjsonQueryResult::line_values::bb8,gpjson-rs/src/lib.rs,110,13
224,CALL_SITE,GpjsonQueryResult::line_values::bb8::call4,gpjson-rs/src/lib.rs,110,13
225,BASIC_BLOCK,GpjsonQueryResult::line_values::bb9,gpjson-rs/src/lib.rs,113,5
226,METHOD,GpjsonQueryResult::line_values::fn,gpjson-rs/src/lib.rs,107,5
227,PARAM,GpjsonQueryResult::line_values::param0,gpjson-rs/src/lib.rs,107,24
228,PARAM,GpjsonQueryResult::line_values::param1,gpjson-rs/src/lib.rs,107,31
229,FIELD,GpjsonQueryResult::number_of_lines,gpjson-rs/src/lib.rs,76,1
230,FIELD,GpjsonQueryResult::results_per_line,gpjson-rs/src/lib.rs,76,1
231,BASIC_BLOCK,GpjsonQueryResult::value::bb0,gpjson-rs/src/lib.rs,85,12
232,BASIC_BLOCK,GpjsonQueryResult::value::bb1,gpjson-rs/src/lib.rs,1,1
233,BASIC_BLOCK,GpjsonQueryResult::value::bb10,gpjson-rs/src/lib.rs,1,1
234,BASIC_BLOCK,GpjsonQueryResult::value::bb11,gpjson-rs/src/lib.rs,97,31
235,BASIC_BLOCK,GpjsonQueryResult::value::bb12,gpjson-rs/src/lib.rs,97,30
236,CALL_SITE,GpjsonQueryResult::value::bb12::call1,gpjson-rs/src/lib.rs,97,30
237,BASIC_BLOCK,GpjsonQueryResult::value::bb13,gpjson-rs/src/lib.rs,100,12
238,BASIC_BLOCK,GpjsonQueryResult::value::bb14,gpjson-rs/src/lib.rs,100,34
239,CALL_SITE,GpjsonQueryResult::value::bb14::call2,gpjson-rs/src/lib.rs,100,34
240,BASIC_BLOCK,GpjsonQueryResult::value::bb15,gpjson-rs/src/lib.rs,100,34
241,CALL_SITE,GpjsonQueryResult::value::bb15::call3,gpjson-rs/src/lib.rs,100,34
242,BASIC_BLOCK,GpjsonQueryResult::value::bb16,gpjson-rs/src/lib.rs,100,28
243,BASIC_BLOCK,GpjsonQueryResult::value::bb17,gpjson-rs/src/lib.rs,1,1
244,BASIC_BLOCK,GpjsonQueryResult::value::bb18,gpjson-rs/src/lib.rs,103,22
245,CALL_SITE,GpjsonQueryResult::value::bb18::call4,gpjson-rs/src/lib.rs,103,22
246,BASIC_BLOCK,GpjsonQueryResult::value::bb19,gpjson-rs/src/lib.rs,103,31
247,CALL_SITE,GpjsonQueryResult::value::bb19::call5,gpjson-rs/src/lib.rs,103,31
248,BASIC_BLOCK,GpjsonQueryResult::value::bb2,gpjson-rs/src/lib.rs,88,12
249,BASIC_BLOCK,GpjsonQueryResult::value::bb20,gpjson-rs/src/lib.rs,104,14
250,CALL_SITE,GpjsonQueryResult::value::bb20::call6,gpjson-rs/src/lib.rs,104,14
251,BASIC_BLOCK,GpjsonQueryResult::value::bb21,gpjson-rs/src/lib.rs,104,14
252,CALL_SITE,GpjsonQueryResult::value::bb21::call7,gpjson-rs/src/lib.rs,104,14
253,BASIC_BLOCK,GpjsonQueryResult::value::bb22,gpjson-rs/src/lib.rs,105,5
254,BASIC_BLOCK,GpjsonQueryResult::value::bb23,gpjson-rs/src/lib.rs,105,6
255,BASIC_BLOCK,GpjsonQueryResult::value::bb24,gpjson-rs/src/lib.rs,105,5
256,BASIC_BLOCK,GpjsonQueryResult::value::bb25,gpjson-rs/src/lib.rs,84,5
257,BASIC_BLOCK,GpjsonQueryResult::value::bb3,gpjson-rs/src/lib.rs,1,1
258,BASIC_BLOCK,GpjsonQueryResult::value::bb4,gpjson-rs/src/lib.rs,92,19
259,BASIC_BLOCK,GpjsonQueryResult::value::bb5,gpjson-rs/src/lib.rs,92,19
260,BASIC_BLOCK,GpjsonQueryResult::value::bb6,gpjson-rs/src/lib.rs,92,60
261,BASIC_BLOCK,GpjsonQueryResult::value::bb7,gpjson-rs/src/lib.rs,92,19
262,BASIC_BLOCK,GpjsonQueryResult::value::bb8,gpjson-rs/src/lib.rs,93,32
263,CALL_SITE,GpjsonQueryResult::value::bb8::call0,gpjson-rs/src/lib.rs,93,32
264,BASIC_BLOCK,GpjsonQueryResult::value::bb9,gpjson-rs/src/lib.rs,94,12
265,METHOD,GpjsonQueryResult::value::fn,gpjson-rs/src/lib.rs,84,5
266,PARAM,GpjsonQueryResult::value::param0,gpjson-rs/src/lib.rs,84,18
267,PARAM,GpjsonQueryResult::value::param1,gpjson-rs/src/lib.rs,84,25
268,PARAM,GpjsonQueryResult::value::param2,gpjson-rs/src/lib.rs,84,44
269,FIELD,GpjsonQueryResult::values,gpjson-rs/src/lib.rs,76,1
270,BASIC_BLOCK,MAX_NUM_LEVELS::bb0,gpjson-rs/src/lib.rs,19,1
271,STRUCT,QueryOptions,gpjson-rs/src/lib.rs,22,1
272,FIELD,QueryOptions::disable_fallback,gpjson-rs/src/lib.rs,22,1
273,MODULE,gpu,gpjson-rs/src/lib.rs,1,1
274,BASIC_BLOCK,gpu::CUDA_MEMCPY_DEVICE_TO_HOST::bb0,gpjson-rs/src/gpu.rs,78,1
275,BASIC_BLOCK,gpu::CUDA_MEMCPY_HOST_TO_DEVICE::bb0,gpjson-rs/src/gpu.rs,77,1
276,STRUCT,gpu::CudaError,gpjson-rs/src/gpu.rs,81,1
277,FIELD,gpu::CudaError::code,gpjson-rs/src/gpu.rs,81,1
278,FIELD,gpu::CudaError::context,gpjson-rs/src/gpu.rs,81,1
279,STRUCT,gpu::DeviceBuffer,gpjson-rs/src/gpu.rs,95,1
280,IMPL,gpu::DeviceBuffer,gpjson-rs/src/gpu.rs,103,1
281,BASIC_BLOCK,gpu::DeviceBuffer::as_ptr::bb0,gpjson-rs/src/gpu.rs,114,6
282,METHOD,gpu::DeviceBuffer::as_ptr::fn,gpjson-rs/src/gpu.rs,112,5
283,PARAM,gpu::DeviceBuffer::as_ptr::param0,gpjson-rs/src/gpu.rs,112,19
284,FIELD,gpu::DeviceBuffer::bytes,gpjson-rs/src/gpu.rs,95,1
285,BASIC_BLOCK,gpu::DeviceBuffer::copy_from_host::bb0,gpjson-rs/src/gpu.rs,123,17
286,CALL_SITE,gpu::DeviceBuffer::copy_from_host::bb0::call0,gpjson-rs/src/gpu.rs,123,17
287,BASIC_BLOCK,gpu::DeviceBuffer::copy_from_host::bb1,gpjson-rs/src/gpu.rs,122,13
288,CALL_SITE,gpu::DeviceBuffer::copy_from_host::bb1::call1,gpjson-rs/src/gpu.rs,122,13
289,BASIC_BLOCK,gpu::DeviceBuffer::copy_from_host::bb2,gpjson-rs/src/gpu.rs,127,6
290,METHOD,gpu::DeviceBuffer::copy_from_host::fn,gpjson-rs/src/gpu.rs,120,5
291,PARAM,gpu::DeviceBuffer::copy_from_host::param0,gpjson-rs/src/gpu.rs,120,27
292,PARAM,gpu::DeviceBuffer::copy_from_host::param1,gpjson-rs/src/gpu.rs,120,34
293,PARAM,gpu::DeviceBuffer::copy_from_host::param2,gpjson-rs/src/gpu.rs,120,54
294,BASIC_BLOCK,gpu::DeviceBuffer::copy_to_host::bb0,gpjson-rs/src/gpu.rs,132,17
295,CALL_SITE,gpu::DeviceBuffer::copy_to_host::bb0::call0,gpjson-rs/src/gpu.rs,132,17
296,BASIC_BLOCK,gpu::DeviceBuffer::copy_to_host::bb1,gpjson-rs/src/gpu.rs,131,13
297,CALL_SITE,gpu::DeviceBuffer::copy_to_host::bb1::call1,gpjson-rs/src/gpu.rs,131,13
298,BASIC_BLOCK,gpu::DeviceBuffer::copy_to_host::bb2,gpjson-rs/src/gpu.rs,136,6
299,METHOD,gpu::DeviceBuffer::copy_to_host::fn,gpjson-rs/src/gpu.rs,129,5
300,PARAM,gpu::DeviceBuffer::copy_to_host::param0,gpjson-rs/src/gpu.rs,129,25
301,PARAM,gpu::DeviceBuffer::copy_to_host::param1,gpjson-rs/src/gpu.rs,129,32
302,PARAM,gpu::DeviceBuffer::copy_to_host::param2,gpjson-rs/src/gpu.rs,129,50
303,BASIC_BLOCK,gpu::DeviceBuffer::memset::bb0,gpjson-rs/src/gpu.rs,117,29
304,CALL_SITE,gpu::DeviceBuffer::memset::bb0::call0,gpjson-rs/src/gpu.rs,117,29
305,BASIC_BLOCK,gpu::DeviceBuffer::memset::bb1,gpjson-rs/src/gpu.rs,117,18
306,CALL_SITE,gpu::DeviceBuffer::memset::bb1::call1,gpjson-rs/src/gpu.rs,117,18
307,BASIC_BLOCK,gpu::DeviceBuffer::memset::bb2,gpjson-rs/src/gpu.rs,118,6
308,METHOD,gpu::DeviceBuffer::memset::fn,gpjson-rs/src/gpu.rs,116,5
309,PARAM,gpu::DeviceBuffer::memset::param0,gpjson-rs/src/gpu.rs,116,19
310,PARAM,gpu::DeviceBuffer::memset::param1,gpjson-rs/src/gpu.rs,116,26
311,BASIC_BLOCK,gpu::DeviceBuffer::new::bb0,gpjson-rs/src/gpu.rs,105,36
312,CALL_SITE,gpu::DeviceBuffer::new::bb0::call0,gpjson-rs/src/gpu.rs,105,36
313,BASIC_BLOCK,gpu::DeviceBuffer::new::bb1,gpjson-rs/src/gpu.rs,107,24
314,CALL_SITE,gpu::DeviceBuffer::new::bb1::call1,gpjson-rs/src/gpu.rs,107,24
315,BASIC_BLOCK,gpu::DeviceBuffer::new::bb2,gpjson-rs/src/gpu.rs,107,13
316,CALL_SITE,gpu::DeviceBuffer::new::bb2::call2,gpjson-rs/src/gpu.rs,107,13
317,BASIC_BLOCK,gpu::DeviceBuffer::new::bb3,gpjson-rs/src/gpu.rs,107,13
318,CALL_SITE,gpu::DeviceBuffer::new::bb3::call3,gpjson-rs/src/gpu.rs,107,13
319,BASIC_BLOCK,gpu::DeviceBuffer::new::bb4,gpjson-rs/src/gpu.rs,107,13
320,BASIC_BLOCK,gpu::DeviceBuffer::new::bb5,gpjson-rs/src/gpu.rs,107,13
321,BASIC_BLOCK,gpu::DeviceBuffer::new::bb6,gpjson-rs/src/gpu.rs,110,6
322,BASIC_BLOCK,gpu::DeviceBuffer::new::bb7,gpjson-rs/src/gpu.rs,107,13
323,CALL_SITE,gpu::DeviceBuffer::new::bb7::call4,gpjson-rs/src/gpu.rs,107,13
324,BASIC_BLOCK,gpu::DeviceBuffer::new::bb8,gpjson-rs/src/gpu.rs,110,6
325,METHOD,gpu::DeviceBuffer::new::fn,gpjson-rs/src/gpu.rs,104,5
326,PARAM,gpu::DeviceBuffer::new::param0,gpjson-rs/src/gpu.rs,104,16
327,FIELD,gpu::DeviceBuffer::ptr,gpjson-rs/src/gpu.rs,95,1
328,BASIC_BLOCK,gpu::cuda_check::bb0,gpjson-rs/src/gpu.rs,87,8
329,BASIC_BLOCK,gpu::cuda_check::bb1,gpjson-rs/src/gpu.rs,87,5
330,BASIC_BLOCK,gpu::cuda_check::bb2,gpjson-rs/src/gpu.rs,87,5
331,BASIC_BLOCK,gpu::cuda_check::bb3,gpjson-rs/src/gpu.rs,92,2
332,FUNCTION,gpu::cuda_check::fn,gpjson-rs/src/gpu.rs,86,1
333,PARAM,gpu::cuda_check::param0,gpjson-rs/src/gpu.rs,86,19
334,PARAM,gpu::cuda_check::param1,gpjson-rs/src/gpu.rs,86,30
335,BASIC_BLOCK,gpu::device_synchronize::bb0,gpjson-rs/src/gpu.rs,151,25
336,CALL_SITE,gpu::device_synchronize::bb0::call0,gpjson-rs/src/gpu.rs,151,25
337,BASIC_BLOCK,gpu::device_synchronize::bb1,gpjson-rs/src/gpu.rs,151,14
338,CALL_SITE,gpu::device_synchronize::bb1::call1,gpjson-rs/src/gpu.rs,151,14
339,BASIC_BLOCK,gpu::device_synchronize::bb2,gpjson-rs/src/gpu.rs,152,2
340,FUNCTION,gpu::device_synchronize::fn,gpjson-rs/src/gpu.rs,150,1
341,FUNCTION,gpu::gpjson_create_combined_escape_carry_newline_count_index::fn,gpjson-rs/src/gpu.rs,12,5
342,FUNCTION,gpu::gpjson_create_combined_escape_newline_index::fn,gpjson-rs/src/gpu.rs,19,5
343,FUNCTION,gpu::gpjson_create_leveled_bitmaps::fn,gpjson-rs/src/gpu.rs,51,5
344,FUNCTION,gpu::gpjson_create_leveled_bitmaps_carry_index::fn,gpjson-rs/src/gpu.rs,44,5
345,FUNCTION,gpu::gpjson_create_quote_index::fn,gpjson-rs/src/gpu.rs,29,5
346,FUNCTION,gpu::gpjson_create_string_index::fn,gpjson-rs/src/gpu.rs,38,5
347,FUNCTION,gpu::gpjson_cuda_device_synchronize::fn,gpjson-rs/src/gpu.rs,10,5
348,FUNCTION,gpu::gpjson_cuda_free::fn,gpjson-rs/src/gpu.rs,7,5
349,FUNCTION,gpu::gpjson_cuda_malloc::fn,gpjson-rs/src/gpu.rs,6,5
350,FUNCTION,gpu::gpjson_cuda_memcpy::fn,gpjson-rs/src/gpu.rs,8,5
351,FUNCTION,gpu::gpjson_cuda_memset::fn,gpjson-rs/src/gpu.rs,9,5
352,FUNCTION,gpu::gpjson_find_value::fn,gpjson-rs/src/gpu.rs,62,5
353,BASIC_BLOCK,gpu::kernel_combined_escape_carry_newline_count_index::bb0,gpjson-rs/src/gpu.rs,162,13
354,CALL_SITE,gpu::kernel_combined_escape_carry_newline_count_index::bb0::call0,gpjson-rs/src/gpu.rs,162,13
355,BASIC_BLOCK,gpu::kernel_combined_escape_carry_newline_count_index::bb1,gpjson-rs/src/gpu.rs,161,9
356,CALL_SITE,gpu::kernel_combined_escape_carry_newline_count_index::bb1::call1,gpjson-rs/src/gpu.rs,161,9
357,BASIC_BLOCK,gpu::kernel_combined_escape_carry_newline_count_index::bb2,gpjson-rs/src/gpu.rs,171,2
358,FUNCTION,gpu::kernel_combined_escape_carry_newline_count_index::fn,gpjson-rs/src/gpu.rs,154,1
359,PARAM,gpu::kernel_combined_escape_carry_newline_count_index::param0,gpjson-rs/src/gpu.rs,155,5
360,PARAM,gpu::kernel_combined_escape_carry_newline_count_index::param1,gpjson-rs/src/gpu.rs,156,5
361,PARAM,gpu::kernel_combined_escape_carry_newline_count_index::param2,gpjson-rs/src/gpu.rs,157,5
362,PARAM,gpu::kernel_combined_escape_carry_newline_count_index::param3,gpjson-rs/src/gpu.rs,158,5
363,BASIC_BLOCK,gpu::kernel_combined_escape_newline_index::bb0,gpjson-rs/src/gpu.rs,184,13
364,CALL_SITE,gpu::kernel_combined_escape_newline_index::bb0::call0,gpjson-rs/src/gpu.rs,184,13
365,BASIC_BLOCK,gpu::kernel_combined_escape_newline_index::bb1,gpjson-rs/src/gpu.rs,183,9
366,CALL_SITE,gpu::kernel_combined_escape_newline_index::bb1::call1,gpjson-rs/src/gpu.rs,183,9
367,BASIC_BLOCK,gpu::kernel_combined_escape_newline_index::bb2,gpjson-rs/src/gpu.rs,196,2
368,FUNCTION,gpu::kernel_combined_escape_newline_index::fn,gpjson-rs/src/gpu.rs,173,1
369,PARAM,gpu::kernel_combined_escape_newline_index::param0,gpjson-rs/src/gpu.rs,174,5
370,PARAM,gpu::kernel_combined_escape_newline_index::param1,gpjson-rs/src/gpu.rs,175,5
371,PARAM,gpu::kernel_combined_escape_newline_index::param2,gpjson-rs/src/gpu.rs,176,5
372,PARAM,gpu::kernel_combined_escape_newline_index::param3,gpjson-rs/src/gpu.rs,177,5
373,PARAM,gpu::kernel_combined_escape_newline_index::param4,gpjson-rs/src/gpu.rs,178,5
374,PARAM,gpu::kernel_combined_escape_newline_index::param5,gpjson-rs/src/gpu.rs,179,5
375,PARAM,gpu::kernel_combined_escape_newline_index::param6,gpjson-rs/src/gpu.rs,180,5
376,BASIC_BLOCK,gpu::kernel_create_leveled_bitmaps::bb0,gpjson-rs/src/gpu.rs,260,13
377,CALL_SITE,gpu::kernel_create_leveled_bitmaps::bb0::call0,gpjson-rs/src/gpu.rs,260,13
378,BASIC_BLOCK,gpu::kernel_create_leveled_bitmaps::bb1,gpjson-rs/src/gpu.rs,259,9
379,CALL_SITE,gpu::kernel_create_leveled_bitmaps::bb1::call1,gpjson-rs/src/gpu.rs,259,9
380,BASIC_BLOCK,gpu::kernel_create_leveled_bitmaps::bb2,gpjson-rs/src/gpu.rs,273,2
381,FUNCTION,gpu::kernel_create_leveled_bitmaps::fn,gpjson-rs/src/gpu.rs,248,1
382,PARAM,gpu::kernel_create_leveled_bitmaps::param0,gpjson-rs/src/gpu.rs,249,5
383,PARAM,gpu::kernel_create_leveled_bitmaps::param1,gpjson-rs/src/gpu.rs,250,5
384,PARAM,gpu::kernel_create_leveled_bitmaps::param2,gpjson-rs/src/gpu.rs,251,5
385,PARAM,gpu::kernel_create_leveled_bitmaps::param3,gpjson-rs/src/gpu.rs,252,5
386,PARAM,gpu::kernel_create_leveled_bitmaps::param4,gpjson-rs/src/gpu.rs,253,5
387,PARAM,gpu::kernel_create_leveled_bitmaps::param5,gpjson-rs/src/gpu.rs,254,5
388,PARAM,gpu::kernel_create_leveled_bitmaps::param6,gpjson-rs/src/gpu.rs,255,5
389,PARAM,gpu::kernel_create_leveled_bitmaps::param7,gpjson-rs/src/gpu.rs,256,5
390,BASIC_BLOCK,gpu::kernel_create_leveled_bitmaps_carry_index::bb0,gpjson-rs/src/gpu.rs,242,13
391,CALL_SITE,gpu::kernel_create_leveled_bitmaps_carry_index::bb0::call0,gpjson-rs/src/gpu.rs,242,13
392,BASIC_BLOCK,gpu::kernel_create_leveled_bitmaps_carry_index::bb1,gpjson-rs/src/gpu.rs,241,9
393,CALL_SITE,gpu::kernel_create_leveled_bitmaps_carry_index::bb1::call1,gpjson-rs/src/gpu.rs,241,9
394,BASIC_BLOCK,gpu::kernel_create_leveled_bitmaps_carry_index::bb2,gpjson-rs/src/gpu.rs,246,2
395,FUNCTION,gpu::kernel_create_leveled_bitmaps_carry_index::fn,gpjson-rs/src/gpu.rs,234,1
396,PARAM,gpu::kernel_create_leveled_bitmaps_carry_index::param0,gpjson-rs/src/gpu.rs,235,5
397,PARAM,gpu::kernel_create_leveled_bitmaps_carry_index::param1,gpjson-rs/src/gpu.rs,236,5
398,PARAM,gpu::kernel_create_leveled_bitmaps_carry_index::param2,gpjson-rs/src/gpu.rs,237,5
399,PARAM,gpu::kernel_create_leveled_bitmaps_carry_index::param3,gpjson-rs/src/gpu.rs,238,5
400,BASIC_BLOCK,gpu::kernel_create_quote_index::bb0,gpjson-rs/src/gpu.rs,208,13
401,CALL_SITE,gpu::kernel_create_quote_index::bb0::call0,gpjson-rs/src/gpu.rs,208,13
402,BASIC_BLOCK,gpu::kernel_create_quote_index::bb1,gpjson-rs/src/gpu.rs,207,9
403,CALL_SITE,gpu::kernel_create_quote_index::bb1::call1,gpjson-rs/src/gpu.rs,207,9
404,BASIC_BLOCK,gpu::kernel_create_quote_index::bb2,gpjson-rs/src/gpu.rs,219,2
405,FUNCTION,gpu::kernel_create_quote_index::fn,gpjson-rs/src/gpu.rs,198,1
406,PARAM,gpu::kernel_create_quote_index::param0,gpjson-rs/src/gpu.rs,199,5
407,PARAM,gpu::kernel_create_quote_index::param1,gpjson-rs/src/gpu.rs,200,5
408,PARAM,gpu::kernel_create_quote_index::param2,gpjson-rs/src/gpu.rs,201,5
409,PARAM,gpu::kernel_create_quote_index::param3,gpjson-rs/src/gpu.rs,202,5
410,PARAM,gpu::kernel_create_quote_index::param4,gpjson-rs/src/gpu.rs,203,5
411,PARAM,gpu::kernel_create_quote_index::param5,gpjson-rs/src/gpu.rs,204,5
412,BASIC_BLOCK,gpu::kernel_create_string_index::bb0,gpjson-rs/src/gpu.rs,228,13
413,CALL_SITE,gpu::kernel_create_string_index::bb0::call0,gpjson-rs/src/gpu.rs,228,13
414,BASIC_BLOCK,gpu::kernel_create_string_index::bb1,gpjson-rs/src/gpu.rs,227,9
415,CALL_SITE,gpu::kernel_create_string_index::bb1::call1,gpjson-rs/src/gpu.rs,227,9
416,BASIC_BLOCK,gpu::kernel_create_string_index::bb2,gpjson-rs/src/gpu.rs,232,2
417,FUNCTION,gpu::kernel_create_string_index::fn,gpjson-rs/src/gpu.rs,221,1
418,PARAM,gpu::kernel_create_string_index::param0,gpjson-rs/src/gpu.rs,222,5
419,PARAM,gpu::kernel_create_string_index::param1,gpjson-rs/src/gpu.rs,223,5
420,PARAM,gpu::kernel_create_string_index::param2,gpjson-rs/src/gpu.rs,224,5
421,BASIC_BLOCK,gpu::kernel_find_value::bb0,gpjson-rs/src/gpu.rs,290,13
422,CALL_SITE,gpu::kernel_find_value::bb0::call0,gpjson-rs/src/gpu.rs,290,13
423,BASIC_BLOCK,gpu::kernel_find_value::bb1,gpjson-rs/src/gpu.rs,289,9
424,CALL_SITE,gpu::kernel_find_value::bb1::call1,gpjson-rs/src/gpu.rs,289,9
425,BASIC_BLOCK,gpu::kernel_find_value::bb2,gpjson-rs/src/gpu.rs,306,2
426,FUNCTION,gpu::kernel_find_value::fn,gpjson-rs/src/gpu.rs,275,1
427,PARAM,gpu::kernel_find_value::param0,gpjson-rs/src/gpu.rs,276,5
428,PARAM,gpu::kernel_find_value::param1,gpjson-rs/src/gpu.rs,277,5
429,PARAM,gpu::kernel_find_value::param10,gpjson-rs/src/gpu.rs,286,5
430,PARAM,gpu::kernel_find_value::param2,gpjson-rs/src/gpu.rs,278,5
431,PARAM,gpu::kernel_find_value::param3,gpjson-rs/src/gpu.rs,279,5
432,PARAM,gpu::kernel_find_value::param4,gpjson-rs/src/gpu.rs,280,5
433,PARAM,gpu::kernel_find_value::param5,gpjson-rs/src/gpu.rs,281,5
434,PARAM,gpu::kernel_find_value::param6,gpjson-rs/src/gpu.rs,282,5
435,PARAM,gpu::kernel_find_value::param7,gpjson-rs/src/gpu.rs,283,5
436,PARAM,gpu::kernel_find_value::param8,gpjson-rs/src/gpu.rs,284,5
437,PARAM,gpu::kernel_find_value::param9,gpjson-rs/src/gpu.rs,285,5
438,MODULE,jsonpath,gpjson-rs/src/lib.rs,2,1
439,STRUCT,jsonpath::IRBuilder,gpjson-rs/src/jsonpath.rs,76,1
440,IMPL,jsonpath::IRBuilder,gpjson-rs/src/jsonpath.rs,83,1
441,FIELD,jsonpath::IRBuilder::buffer,gpjson-rs/src/jsonpath.rs,76,1
442,BASIC_BLOCK,jsonpath::IRBuilder::buffer::bb0,gpjson-rs/src/jsonpath.rs,156,6
443,METHOD,jsonpath::IRBuilder::buffer::fn,gpjson-rs/src/jsonpath.rs,154,5
444,PARAM,jsonpath::IRBuilder::buffer::param0,gpjson-rs/src/jsonpath.rs,154,19
445,BASIC_BLOCK,jsonpath::IRBuilder::buffer_mut::bb0,gpjson-rs/src/jsonpath.rs,160,6
446,METHOD,jsonpath::IRBuilder::buffer_mut::fn,gpjson-rs/src/jsonpath.rs,158,5
447,PARAM,jsonpath::IRBuilder::buffer_mut::param0,gpjson-rs/src/jsonpath.rs,158,23
448,FIELD,jsonpath::IRBuilder::current_level,gpjson-rs/src/jsonpath.rs,76,1
449,BASIC_BLOCK,jsonpath::IRBuilder::current_level::bb0,gpjson-rs/src/jsonpath.rs,137,6
450,METHOD,jsonpath::IRBuilder::current_level::fn,gpjson-rs/src/jsonpath.rs,135,5
451,PARAM,jsonpath::IRBuilder::current_level::param0,gpjson-rs/src/jsonpath.rs,135,26
452,BASIC_BLOCK,jsonpath::IRBuilder::down::bb0,gpjson-rs/src/jsonpath.rs,104,9
453,CALL_SITE,jsonpath::IRBuilder::down::bb0::call0,gpjson-rs/src/jsonpath.rs,104,9
454,BASIC_BLOCK,jsonpath::IRBuilder::down::bb1,gpjson-rs/src/jsonpath.rs,105,9
455,BASIC_BLOCK,jsonpath::IRBuilder::down::bb2,gpjson-rs/src/jsonpath.rs,106,6
456,METHOD,jsonpath::IRBuilder::down::fn,gpjson-rs/src/jsonpath.rs,103,5
457,PARAM,jsonpath::IRBuilder::down::param0,gpjson-rs/src/jsonpath.rs,103,17
458,BASIC_BLOCK,jsonpath::IRBuilder::end::bb0,gpjson-rs/src/jsonpath.rs,119,12
459,BASIC_BLOCK,jsonpath::IRBuilder::end::bb1,/home/cicero-arch-omen/.rustup/toolchains/nightly-x86_64-unknown-linux-gnu/lib/rustlib/src/rust/library/core/src/panic.rs,62,38
460,CALL_SITE,jsonpath::IRBuilder::end::bb1::call0,/home/cicero-arch-omen/.rustup/toolchains/nightly-x86_64-unknown-linux-gnu/lib/rustlib/src/rust/library/core/src/panic.rs,62,38
461,BASIC_BLOCK,jsonpath::IRBuilder::end::bb2,/home/cicero-arch-omen/.rustup/toolchains/nightly-x86_64-unknown-linux-gnu/lib/rustlib/src/rust/library/core/src/panic.rs,62,9
462,CALL_SITE,jsonpath::IRBuilder::end::bb2::call1,/home/cicero-arch-omen/.rustup/toolchains/nightly-x86_64-unknown-linux-gnu/lib/rustlib/src/rust/library/core/src/panic.rs,62,9
463,BASIC_BLOCK,jsonpath::IRBuilder::end::bb3,gpjson-rs/src/jsonpath.rs,123,9
464,CALL_SITE,jsonpath::IRBuilder::end::bb3::call2,gpjson-rs/src/jsonpath.rs,123,9
465,BASIC_BLOCK,jsonpath::IRBuilder::end::bb4,gpjson-rs/src/jsonpath.rs,124,6
466,METHOD,jsonpath::IRBuilder::end::fn,gpjson-rs/src/jsonpath.rs,118,5
467,PARAM,jsonpath::IRBuilder::end::param0,gpjson-rs/src/jsonpath.rs,118,16
468,FIELD,jsonpath::IRBuilder::ended,gpjson-rs/src/jsonpath.rs,76,1
469,BASIC_BLOCK,jsonpath::IRBuilder::expression_string_equals::bb0,gpjson-rs/src/jsonpath.rs,127,9
470,CALL_SITE,jsonpath::IRBuilder::expression_string_equals::bb0::call0,gpjson-rs/src/jsonpath.rs,127,9
471,BASIC_BLOCK,jsonpath::IRBuilder::expression_string_equals::bb1,gpjson-rs/src/jsonpath.rs,128,26
472,BASIC_BLOCK,jsonpath::IRBuilder::expression_string_equals::bb10,gpjson-rs/src/jsonpath.rs,126,5
473,CALL_SITE,jsonpath::IRBuilder::expression_string_equals::bb1::call1,gpjson-rs/src/jsonpath.rs,128,26
474,BASIC_BLOCK,jsonpath::IRBuilder::expression_string_equals::bb2,gpjson-rs/src/jsonpath.rs,129,9
475,CALL_SITE,jsonpath::IRBuilder::expression_string_equals::bb2::call2,gpjson-rs/src/jsonpath.rs,129,9
476,BASIC_BLOCK,jsonpath::IRBuilder::expression_string_equals::bb3,gpjson-rs/src/jsonpath.rs,130,9
477,CALL_SITE,jsonpath::IRBuilder::expression_string_equals::bb3::call3,gpjson-rs/src/jsonpath.rs,130,9
478,BASIC_BLOCK,jsonpath::IRBuilder::expression_string_equals::bb4,gpjson-rs/src/jsonpath.rs,131,9
479,CALL_SITE,jsonpath::IRBuilder::expression_string_equals::bb4::call4,gpjson-rs/src/jsonpath.rs,131,9
480,BASIC_BLOCK,jsonpath::IRBuilder::expression_string_equals::bb5,gpjson-rs/src/jsonpath.rs,132,34
481,CALL_SITE,jsonpath::IRBuilder::expression_string_equals::bb5::call5,gpjson-rs/src/jsonpath.rs,132,34
482,BASIC_BLOCK,jsonpath::IRBuilder::expression_string_equals::bb6,gpjson-rs/src/jsonpath.rs,132,9
483,CALL_SITE,jsonpath::IRBuilder::expression_string_equals::bb6::call6,gpjson-rs/src/jsonpath.rs,132,9
484,BASIC_BLOCK,jsonpath::IRBuilder::expression_string_equals::bb7,gpjson-rs/src/jsonpath.rs,133,5
485,BASIC_BLOCK,jsonpath::IRBuilder::expression_string_equals::bb8,gpjson-rs/src/jsonpath.rs,133,6
486,BASIC_BLOCK,jsonpath::IRBuilder::expression_string_equals::bb9,gpjson-rs/src/jsonpath.rs,133,5
487,METHOD,jsonpath::IRBuilder::expression_string_equals::fn,gpjson-rs/src/jsonpath.rs,126,5
488,PARAM,jsonpath::IRBuilder::expression_string_equals::param0,gpjson-rs/src/jsonpath.rs,126,37
489,PARAM,jsonpath::IRBuilder::expression_string_equals::param1,gpjson-rs/src/jsonpath.rs,126,48
490,BASIC_BLOCK,jsonpath::IRBuilder::index::bb0,gpjson-rs/src/jsonpath.rs,99,9
491,CALL_SITE,jsonpath::IRBuilder::index::bb0::call0,gpjson-rs/src/jsonpath.rs,99,9
492,BASIC_BLOCK,jsonpath::IRBuilder::index::bb1,gpjson-rs/src/jsonpath.rs,100,9
493,CALL_SITE,jsonpath::IRBuilder::index::bb1::call1,gpjson-rs/src/jsonpath.rs,100,9
494,BASIC_BLOCK,jsonpath::IRBuilder::index::bb2,gpjson-rs/src/jsonpath.rs,101,6
495,METHOD,jsonpath::IRBuilder::index::fn,gpjson-rs/src/jsonpath.rs,98,5
496,PARAM,jsonpath::IRBuilder::index::param0,gpjson-rs/src/jsonpath.rs,98,18
497,PARAM,jsonpath::IRBuilder::index::param1,gpjson-rs/src/jsonpath.rs,98,29
498,BASIC_BLOCK,jsonpath::IRBuilder::into_result::bb0,gpjson-rs/src/jsonpath.rs,144,13
499,BASIC_BLOCK,jsonpath::IRBuilder::into_result::bb1,/home/cicero-arch-omen/.rustup/toolchains/nightly-x86_64-unknown-linux-gnu/lib/rustlib/src/rust/library/core/src/panic.rs,62,38
500,CALL_SITE,jsonpath::IRBuilder::into_result::bb1::call0,/home/cicero-arch-omen/.rustup/toolchains/nightly-x86_64-unknown-linux-gnu/lib/rustlib/src/rust/library/core/src/panic.rs,62,38
501,BASIC_BLOCK,jsonpath::IRBuilder::into_result::bb2,/home/cicero-arch-omen/.rustup/toolchains/nightly-x86_64-unknown-linux-gnu/lib/rustlib/src/rust/library/core/src/panic.rs,62,9
502,CALL_SITE,jsonpath::IRBuilder::into_result::bb2::call1,/home/cicero-arch-omen/.rustup/toolchains/nightly-x86_64-unknown-linux-gnu/lib/rustlib/src/rust/library/core/src/panic.rs,62,9
503,BASIC_BLOCK,jsonpath::IRBuilder::into_result::bb3,gpjson-rs/src/jsonpath.rs,148,17
504,CALL_SITE,jsonpath::IRBuilder::into_result::bb3::call2,gpjson-rs/src/jsonpath.rs,148,17
505,BASIC_BLOCK,jsonpath::IRBuilder::into_result::bb4,gpjson-rs/src/jsonpath.rs,152,5
506,BASIC_BLOCK,jsonpath::IRBuilder::into_result::bb5,gpjson-rs/src/jsonpath.rs,152,6
507,BASIC_BLOCK,jsonpath::IRBuilder::into_result::bb6,gpjson-rs/src/jsonpath.rs,152,5
508,BASIC_BLOCK,jsonpath::IRBuilder::into_result::bb7,gpjson-rs/src/jsonpath.rs,143,5
509,METHOD,jsonpath::IRBuilder::into_result::fn,gpjson-rs/src/jsonpath.rs,143,5
510,PARAM,jsonpath::IRBuilder::into_result::param0,gpjson-rs/src/jsonpath.rs,143,24
511,BASIC_BLOCK,jsonpath::IRBuilder::new::bb0,gpjson-rs/src/jsonpath.rs,86,21
512,CALL_SITE,jsonpath::IRBuilder::new::bb0::call0,gpjson-rs/src/jsonpath.rs,86,21
513,BASIC_BLOCK,jsonpath::IRBuilder::new::bb1,gpjson-rs/src/jsonpath.rs,91,6
514,METHOD,jsonpath::IRBuilder::new::fn,gpjson-rs/src/jsonpath.rs,84,5
515,FIELD,jsonpath::IRBuilder::num_result_stores,gpjson-rs/src/jsonpath.rs,76,1
516,BASIC_BLOCK,jsonpath::IRBuilder::num_result_stores::bb0,gpjson-rs/src/jsonpath.rs,141,6
517,METHOD,jsonpath::IRBuilder::num_result_stores::fn,gpjson-rs/src/jsonpath.rs,139,5
518,PARAM,jsonpath::IRBuilder::num_result_stores::param0,gpjson-rs/src/jsonpath.rs,139,30
519,BASIC_BLOCK,jsonpath::IRBuilder::property::bb0,gpjson-rs/src/jsonpath.rs,94,9
520,CALL_SITE,jsonpath::IRBuilder::property::bb0::call0,gpjson-rs/src/jsonpath.rs,94,9
521,BASIC_BLOCK,jsonpath::IRBuilder::property::bb1,gpjson-rs/src/jsonpath.rs,95,9
522,CALL_SITE,jsonpath::IRBuilder::property::bb1::call1,gpjson-rs/src/jsonpath.rs,95,9
523,BASIC_BLOCK,jsonpath::IRBuilder::property::bb2,gpjson-rs/src/jsonpath.rs,96,6
524,METHOD,jsonpath::IRBuilder::property::fn,gpjson-rs/src/jsonpath.rs,93,5
525,PARAM,jsonpath::IRBuilder::property::param0,gpjson-rs/src/jsonpath.rs,93,21
526,PARAM,jsonpath::IRBuilder::property::param1,gpjson-rs/src/jsonpath.rs,93,32
527,BASIC_BLOCK,jsonpath::IRBuilder::store_result::bb0,gpjson-rs/src/jsonpath.rs,114,9
528,CALL_SITE,jsonpath::IRBuilder::store_result::bb0::call0,gpjson-rs/src/jsonpath.rs,114,9
529,BASIC_BLOCK,jsonpath::IRBuilder::store_result::bb1,gpjson-rs/src/jsonpath.rs,115,9
530,BASIC_BLOCK,jsonpath::IRBuilder::store_result::bb2,gpjson-rs/src/jsonpath.rs,116,6
531,METHOD,jsonpath::IRBuilder::store_result::fn,gpjson-rs/src/jsonpath.rs,113,5
532,PARAM,jsonpath::IRBuilder::store_result::param0,gpjson-rs/src/jsonpath.rs,113,25
533,BASIC_BLOCK,jsonpath::IRBuilder::up::bb0,gpjson-rs/src/jsonpath.rs,109,9
534,CALL_SITE,jsonpath::IRBuilder::up::bb0::call0,gpjson-rs/src/jsonpath.rs,109,9
535,BASIC_BLOCK,jsonpath::IRBuilder::up::bb1,gpjson-rs/src/jsonpath.rs,110,9
536,BASIC_BLOCK,jsonpath::IRBuilder::up::bb2,gpjson-rs/src/jsonpath.rs,111,6
537,METHOD,jsonpath::IRBuilder::up::fn,gpjson-rs/src/jsonpath.rs,108,5
538,PARAM,jsonpath::IRBuilder::up::param0,gpjson-rs/src/jsonpath.rs,108,15
539,STRUCT,jsonpath::IRByteOutputBuffer,gpjson-rs/src/jsonpath.rs,32,1
540,IMPL,jsonpath::IRByteOutputBuffer,gpjson-rs/src/jsonpath.rs,36,1
541,FIELD,jsonpath::IRByteOutputBuffer::buffer,gpjson-rs/src/jsonpath.rs,32,1
542,BASIC_BLOCK,jsonpath::IRByteOutputBuffer::len::bb0,gpjson-rs/src/jsonpath.rs,68,9
543,CALL_SITE,jsonpath::IRByteOutputBuffer::len::bb0::call0,gpjson-rs/src/jsonpath.rs,68,9
544,BASIC_BLOCK,jsonpath::IRByteOutputBuffer::len::bb1,gpjson-rs/src/jsonpath.rs,69,6
545,METHOD,jsonpath::IRByteOutputBuffer::len::fn,gpjson-rs/src/jsonpath.rs,67,5
546,PARAM,jsonpath::IRByteOutputBuffer::len::param0,gpjson-rs/src/jsonpath.rs,67,16
547,BASIC_BLOCK,jsonpath::IRByteOutputBuffer::new::bb0,gpjson-rs/src/jsonpath.rs,38,24
548,CALL_SITE,jsonpath::IRByteOutputBuffer::new::bb0::call0,gpjson-rs/src/jsonpath.rs,38,24
549,BASIC_BLOCK,jsonpath::IRByteOutputBuffer::new::bb1,gpjson-rs/src/jsonpath.rs,39,6
550,METHOD,jsonpath::IRByteOutputBuffer::new::fn,gpjson-rs/src/jsonpath.rs,37,5
551,BASIC_BLOCK,jsonpath::IRByteOutputBuffer::to_vec::bb0,gpjson-rs/src/jsonpath.rs,72,9
552,CALL_SITE,jsonpath::IRByteOutputBuffer::to_vec::bb0::call0,gpjson-rs/src/jsonpath.rs,72,9
553,BASIC_BLOCK,jsonpath::IRByteOutputBuffer::to_vec::bb1,gpjson-rs/src/jsonpath.rs,73,6
554,METHOD,jsonpath::IRByteOutputBuffer::to_vec::fn,gpjson-rs/src/jsonpath.rs,71,5
555,PARAM,jsonpath::IRByteOutputBuffer::to_vec::param0,gpjson-rs/src/jsonpath.rs,71,19
556,BASIC_BLOCK,jsonpath::IRByteOutputBuffer::write_byte::bb0,gpjson-rs/src/jsonpath.rs,46,9
557,CALL_SITE,jsonpath::IRByteOutputBuffer::write_byte::bb0::call0,gpjson-rs/src/jsonpath.rs,46,9
558,BASIC_BLOCK,jsonpath::IRByteOutputBuffer::write_byte::bb1,gpjson-rs/src/jsonpath.rs,47,6
559,METHOD,jsonpath::IRByteOutputBuffer::write_byte::fn,gpjson-rs/src/jsonpath.rs,45,5
560,PARAM,jsonpath::IRByteOutputBuffer::write_byte::param0,gpjson-rs/src/jsonpath.rs,45,23
561,PARAM,jsonpath::IRByteOutputBuffer::write_byte::param1,gpjson-rs/src/jsonpath.rs,45,34
562,BASIC_BLOCK,jsonpath::IRByteOutputBuffer::write_bytes::bb0,gpjson-rs/src/jsonpath.rs,50,9
563,CALL_SITE,jsonpath::IRByteOutputBuffer::write_bytes::bb0::call0,gpjson-rs/src/jsonpath.rs,50,9
564,BASIC_BLOCK,jsonpath::IRByteOutputBuffer::write_bytes::bb1,gpjson-rs/src/jsonpath.rs,51,6
565,METHOD,jsonpath::IRByteOutputBuffer::write_bytes::fn,gpjson-rs/src/jsonpath.rs,49,5
566,PARAM,jsonpath::IRByteOutputBuffer::write_bytes::param0,gpjson-rs/src/jsonpath.rs,49,24
567,PARAM,jsonpath::IRByteOutputBuffer::write_bytes::param1,gpjson-rs/src/jsonpath.rs,49,35
568,BASIC_BLOCK,jsonpath::IRByteOutputBuffer::write_opcode::bb0,gpjson-rs/src/jsonpath.rs,42,9
569,CALL_SITE,jsonpath::IRByteOutputBuffer::write_opcode::bb0::call0,gpjson-rs/src/jsonpath.rs,42,9
570,BASIC_BLOCK,jsonpath::IRByteOutputBuffer::write_opcode::bb1,gpjson-rs/src/jsonpath.rs,43,6
571,METHOD,jsonpath::IRByteOutputBuffer::write_opcode::fn,gpjson-rs/src/jsonpath.rs,41,5
572,PARAM,jsonpath::IRByteOutputBuffer::write_opcode::param0,gpjson-rs/src/jsonpath.rs,41,25
573,PARAM,jsonpath::IRByteOutputBuffer::write_opcode::param1,gpjson-rs/src/jsonpath.rs,41,36
574,BASIC_BLOCK,jsonpath::IRByteOutputBuffer::write_string::bb0,gpjson-rs/src/jsonpath.rs,62,21
575,CALL_SITE,jsonpath::IRByteOutputBuffer::write_string::bb0::call0,gpjson-rs/src/jsonpath.rs,62,21
576,BASIC_BLOCK,jsonpath::IRByteOutputBuffer::write_string::bb1,gpjson-rs/src/jsonpath.rs,63,9
577,CALL_SITE,jsonpath::IRByteOutputBuffer::write_string::bb1::call1,gpjson-rs/src/jsonpath.rs,63,9
578,BASIC_BLOCK,jsonpath::IRByteOutputBuffer::write_string::bb2,gpjson-rs/src/jsonpath.rs,64,9
579,CALL_SITE,jsonpath::IRByteOutputBuffer::write_string::bb2::call2,gpjson-rs/src/jsonpath.rs,64,9
580,BASIC_BLOCK,jsonpath::IRByteOutputBuffer::write_string::bb3,gpjson-rs/src/jsonpath.rs,65,6
581,METHOD,jsonpath::IRByteOutputBuffer::write_string::fn,gpjson-rs/src/jsonpath.rs,61,5
582,PARAM,jsonpath::IRByteOutputBuffer::write_string::param0,gpjson-rs/src/jsonpath.rs,61,25
583,PARAM,jsonpath::IRByteOutputBuffer::write_string::param1,gpjson-rs/src/jsonpath.rs,61,36
584,BASIC_BLOCK,jsonpath::IRByteOutputBuffer::write_varint::bb0,gpjson-rs/src/jsonpath.rs,54,9
585,BASIC_BLOCK,jsonpath::IRByteOutputBuffer::write_varint::bb1,gpjson-rs/src/jsonpath.rs,54,15
586,BASIC_BLOCK,jsonpath::IRByteOutputBuffer::write_varint::bb2,gpjson-rs/src/jsonpath.rs,55,13
587,CALL_SITE,jsonpath::IRByteOutputBuffer::write_varint::bb2::call0,gpjson-rs/src/jsonpath.rs,55,13
588,BASIC_BLOCK,jsonpath::IRByteOutputBuffer::write_varint::bb3,gpjson-rs/src/jsonpath.rs,56,13
589,BASIC_BLOCK,jsonpath::IRByteOutputBuffer::write_varint::bb4,gpjson-rs/src/jsonpath.rs,54,9
590,BASIC_BLOCK,jsonpath::IRByteOutputBuffer::write_varint::bb5,gpjson-rs/src/jsonpath.rs,58,9
591,CALL_SITE,jsonpath::IRByteOutputBuffer::write_varint::bb5::call1,gpjson-rs/src/jsonpath.rs,58,9
592,BASIC_BLOCK,jsonpath::IRByteOutputBuffer::write_varint::bb6,gpjson-rs/src/jsonpath.rs,59,6
593,METHOD,jsonpath::IRByteOutputBuffer::write_varint::fn,gpjson-rs/src/jsonpath.rs,53,5
594,PARAM,jsonpath::IRByteOutputBuffer::write_varint::param0,gpjson-rs/src/jsonpath.rs,53,25
595,PARAM,jsonpath::IRByteOutputBuffer::write_varint::param1,gpjson-rs/src/jsonpath.rs,53,36
596,ENUM,jsonpath::JSONPathError,gpjson-rs/src/jsonpath.rs,16,1
597,FIELD,jsonpath::JSONPathError::0,gpjson-rs/src/jsonpath.rs,16,1
598,FIELD,jsonpath::JSONPathError::0,gpjson-rs/src/jsonpath.rs,16,1
599,STRUCT,jsonpath::JSONPathParser,gpjson-rs/src/jsonpath.rs,269,1
600,IMPL,jsonpath::JSONPathParser,gpjson-rs/src/jsonpath.rs,276,1
601,BASIC_BLOCK,jsonpath::JSONPathParser::compile::bb0,gpjson-rs/src/jsonpath.rs,287,9
602,CALL_SITE,jsonpath::JSONPathParser::compile::bb0::call0,gpjson-rs/src/jsonpath.rs,287,9
603,BASIC_BLOCK,jsonpath::JSONPathParser::compile::bb1,gpjson-rs/src/jsonpath.rs,287,9
604,BASIC_BLOCK,jsonpath::JSONPathParser::compile::bb10,gpjson-rs/src/jsonpath.rs,290,13
605,CALL_SITE,jsonpath::JSONPathParser::compile::bb10::call6,gpjson-rs/src/jsonpath.rs,290,13
606,BASIC_BLOCK,jsonpath::JSONPathParser::compile::bb11,gpjson-rs/src/jsonpath.rs,292,9
607,CALL_SITE,jsonpath::JSONPathParser::compile::bb11::call7,gpjson-rs/src/jsonpath.rs,292,9
608,BASIC_BLOCK,jsonpath::JSONPathParser::compile::bb12,gpjson-rs/src/jsonpath.rs,295,17
609,CALL_SITE,jsonpath::JSONPathParser::compile::bb12::call8,gpjson-rs/src/jsonpath.rs,295,17
610,BASIC_BLOCK,jsonpath::JSONPathParser::compile::bb13,gpjson-rs/src/jsonpath.rs,295,17
611,CALL_SITE,jsonpath::JSONPathParser::compile::bb13::call9,gpjson-rs/src/jsonpath.rs,295,17
612,BASIC_BLOCK,jsonpath::JSONPathParser::compile::bb14,gpjson-rs/src/jsonpath.rs,297,26
613,CALL_SITE,jsonpath::JSONPathParser::compile::bb14::call10,gpjson-rs/src/jsonpath.rs,297,26
614,BASIC_BLOCK,jsonpath::JSONPathParser::compile::bb15,gpjson-rs/src/jsonpath.rs,301,5
615,BASIC_BLOCK,jsonpath::JSONPathParser::compile::bb16,gpjson-rs/src/jsonpath.rs,301,5
616,BASIC_BLOCK,jsonpath::JSONPathParser::compile::bb17,gpjson-rs/src/jsonpath.rs,301,6
617,BASIC_BLOCK,jsonpath::JSONPathParser::compile::bb18,gpjson-rs/src/jsonpath.rs,298,9
618,BASIC_BLOCK,jsonpath::JSONPathParser::compile::bb19,gpjson-rs/src/jsonpath.rs,301,5
619,CALL_SITE,jsonpath::JSONPathParser::compile::bb1::call1,gpjson-rs/src/jsonpath.rs,287,9
620,BASIC_BLOCK,jsonpath::JSONPathParser::compile::bb2,gpjson-rs/src/jsonpath.rs,287,9
621,BASIC_BLOCK,jsonpath::JSONPathParser::compile::bb20,gpjson-rs/src/jsonpath.rs,286,5
622,BASIC_BLOCK,jsonpath::JSONPathParser::compile::bb21,gpjson-rs/src/jsonpath.rs,287,9
623,BASIC_BLOCK,jsonpath::JSONPathParser::compile::bb22,gpjson-rs/src/jsonpath.rs,288,9
624,BASIC_BLOCK,jsonpath::JSONPathParser::compile::bb23,gpjson-rs/src/jsonpath.rs,290,13
625,BASIC_BLOCK,jsonpath::JSONPathParser::compile::bb3,gpjson-rs/src/lib.rs,1,1
626,BASIC_BLOCK,jsonpath::JSONPathParser::compile::bb4,gpjson-rs/src/jsonpath.rs,288,9
627,CALL_SITE,jsonpath::JSONPathParser::compile::bb4::call2,gpjson-rs/src/jsonpath.rs,288,9
628,BASIC_BLOCK,jsonpath::JSONPathParser::compile::bb5,gpjson-rs/src/jsonpath.rs,287,9
629,CALL_SITE,jsonpath::JSONPathParser::compile::bb5::call3,gpjson-rs/src/jsonpath.rs,287,9
630,BASIC_BLOCK,jsonpath::JSONPathParser::compile::bb6,gpjson-rs/src/jsonpath.rs,288,9
631,CALL_SITE,jsonpath::JSONPathParser::compile::bb6::call4,gpjson-rs/src/jsonpath.rs,288,9
632,BASIC_BLOCK,jsonpath::JSONPathParser::compile::bb7,gpjson-rs/src/jsonpath.rs,288,9
633,BASIC_BLOCK,jsonpath::JSONPathParser::compile::bb8,gpjson-rs/src/jsonpath.rs,289,13
634,BASIC_BLOCK,jsonpath::JSONPathParser::compile::bb9,gpjson-rs/src/jsonpath.rs,288,9
635,CALL_SITE,jsonpath::JSONPathParser::compile::bb9::call5,gpjson-rs/src/jsonpath.rs,288,9
636,METHOD,jsonpath::JSONPathParser::compile::fn,gpjson-rs/src/jsonpath.rs,286,5
637,PARAM,jsonpath::JSONPathParser::compile::param0,gpjson-rs/src/jsonpath.rs,286,20
638,BASIC_BLOCK,jsonpath::JSONPathParser::compile_dot_expression::bb0,gpjson-rs/src/jsonpath.rs,312,9
639,CALL_SITE,jsonpath::JSONPathParser::compile_dot_expression::bb0::call0,gpjson-rs/src/jsonpath.rs,312,9
640,BASIC_BLOCK,jsonpath::JSONPathParser::compile_dot_expression::bb1,gpjson-rs/src/jsonpath.rs,312,9
641,BASIC_BLOCK,jsonpath::JSONPathParser::compile_dot_expression::bb10,gpjson-rs/src/lib.rs,1,1
642,BASIC_BLOCK,jsonpath::JSONPathParser::compile_dot_expression::bb11,gpjson-rs/src/jsonpath.rs,316,24
643,CALL_SITE,jsonpath::JSONPathParser::compile_dot_expression::bb11::call6,gpjson-rs/src/jsonpath.rs,316,24
644,BASIC_BLOCK,jsonpath::JSONPathParser::compile_dot_expression::bb12,gpjson-rs/src/jsonpath.rs,316,24
645,BASIC_BLOCK,jsonpath::JSONPathParser::compile_dot_expression::bb13,gpjson-rs/src/jsonpath.rs,317,12
646,CALL_SITE,jsonpath::JSONPathParser::compile_dot_expression::bb13::call7,gpjson-rs/src/jsonpath.rs,317,12
647,BASIC_BLOCK,jsonpath::JSONPathParser::compile_dot_expression::bb14,gpjson-rs/src/jsonpath.rs,316,24
648,CALL_SITE,jsonpath::JSONPathParser::compile_dot_expression::bb14::call8,gpjson-rs/src/jsonpath.rs,316,24
649,BASIC_BLOCK,jsonpath::JSONPathParser::compile_dot_expression::bb15,gpjson-rs/src/jsonpath.rs,317,12
650,BASIC_BLOCK,jsonpath::JSONPathParser::compile_dot_expression::bb16,gpjson-rs/src/jsonpath.rs,318,24
651,CALL_SITE,jsonpath::JSONPathParser::compile_dot_expression::bb16::call9,gpjson-rs/src/jsonpath.rs,318,24
652,BASIC_BLOCK,jsonpath::JSONPathParser::compile_dot_expression::bb17,gpjson-rs/src/lib.rs,1,1
653,BASIC_BLOCK,jsonpath::JSONPathParser::compile_dot_expression::bb18,gpjson-rs/src/jsonpath.rs,320,33
654,CALL_SITE,jsonpath::JSONPathParser::compile_dot_expression::bb18::call10,gpjson-rs/src/jsonpath.rs,320,33
655,BASIC_BLOCK,jsonpath::JSONPathParser::compile_dot_expression::bb19,gpjson-rs/src/jsonpath.rs,320,9
656,CALL_SITE,jsonpath::JSONPathParser::compile_dot_expression::bb19::call11,gpjson-rs/src/jsonpath.rs,320,9
657,CALL_SITE,jsonpath::JSONPathParser::compile_dot_expression::bb1::call1,gpjson-rs/src/jsonpath.rs,312,9
658,BASIC_BLOCK,jsonpath::JSONPathParser::compile_dot_expression::bb2,gpjson-rs/src/jsonpath.rs,312,9
659,BASIC_BLOCK,jsonpath::JSONPathParser::compile_dot_expression::bb20,gpjson-rs/src/jsonpath.rs,321,12
660,CALL_SITE,jsonpath::JSONPathParser::compile_dot_expression::bb20::call12,gpjson-rs/src/jsonpath.rs,321,12
661,BASIC_BLOCK,jsonpath::JSONPathParser::compile_dot_expression::bb21,gpjson-rs/src/jsonpath.rs,321,12
662,BASIC_BLOCK,jsonpath::JSONPathParser::compile_dot_expression::bb22,gpjson-rs/src/jsonpath.rs,322,13
663,CALL_SITE,jsonpath::JSONPathParser::compile_dot_expression::bb22::call13,gpjson-rs/src/jsonpath.rs,322,13
664,BASIC_BLOCK,jsonpath::JSONPathParser::compile_dot_expression::bb23,gpjson-rs/src/jsonpath.rs,322,13
665,CALL_SITE,jsonpath::JSONPathParser::compile_dot_expression::bb23::call14,gpjson-rs/src/jsonpath.rs,322,13
666,BASIC_BLOCK,jsonpath::JSONPathParser::compile_dot_expression::bb24,gpjson-rs/src/jsonpath.rs,322,13
667,BASIC_BLOCK,jsonpath::JSONPathParser::compile_dot_expression::bb25,gpjson-rs/src/jsonpath.rs,322,13
668,CALL_SITE,jsonpath::JSONPathParser::compile_dot_expression::bb25::call15,gpjson-rs/src/jsonpath.rs,322,13
669,BASIC_BLOCK,jsonpath::JSONPathParser::compile_dot_expression::bb26,gpjson-rs/src/jsonpath.rs,325,5
670,BASIC_BLOCK,jsonpath::JSONPathParser::compile_dot_expression::bb27,gpjson-rs/src/jsonpath.rs,325,5
671,BASIC_BLOCK,jsonpath::JSONPathParser::compile_dot_expression::bb28,gpjson-rs/src/jsonpath.rs,325,6
672,BASIC_BLOCK,jsonpath::JSONPathParser::compile_dot_expression::bb29,gpjson-rs/src/jsonpath.rs,325,5
673,BASIC_BLOCK,jsonpath::JSONPathParser::compile_dot_expression::bb3,gpjson-rs/src/lib.rs,1,1
674,BASIC_BLOCK,jsonpath::JSONPathParser::compile_dot_expression::bb30,gpjson-rs/src/jsonpath.rs,311,5
675,BASIC_BLOCK,jsonpath::JSONPathParser::compile_dot_expression::bb31,gpjson-rs/src/jsonpath.rs,314,24
676,CALL_SITE,jsonpath::JSONPathParser::compile_dot_expression::bb31::call16,gpjson-rs/src/jsonpath.rs,314,24
677,BASIC_BLOCK,jsonpath::JSONPathParser::compile_dot_expression::bb32,gpjson-rs/src/jsonpath.rs,316,24
678,CALL_SITE,jsonpath::JSONPathParser::compile_dot_expression::bb32::call17,gpjson-rs/src/jsonpath.rs,316,24
679,BASIC_BLOCK,jsonpath::JSONPathParser::compile_dot_expression::bb33,gpjson-rs/src/jsonpath.rs,322,13
680,BASIC_BLOCK,jsonpath::JSONPathParser::compile_dot_expression::bb4,gpjson-rs/src/jsonpath.rs,313,12
681,CALL_SITE,jsonpath::JSONPathParser::compile_dot_expression::bb4::call2,gpjson-rs/src/jsonpath.rs,313,12
682,BASIC_BLOCK,jsonpath::JSONPathParser::compile_dot_expression::bb5,gpjson-rs/src/jsonpath.rs,312,9
683,CALL_SITE,jsonpath::JSONPathParser::compile_dot_expression::bb5::call3,gpjson-rs/src/jsonpath.rs,312,9
684,BASIC_BLOCK,jsonpath::JSONPathParser::compile_dot_expression::bb6,gpjson-rs/src/jsonpath.rs,313,12
685,CALL_SITE,jsonpath::JSONPathParser::compile_dot_expression::bb6::call4,gpjson-rs/src/jsonpath.rs,313,12
686,BASIC_BLOCK,jsonpath::JSONPathParser::compile_dot_expression::bb7,gpjson-rs/src/jsonpath.rs,313,12
687,BASIC_BLOCK,jsonpath::JSONPathParser::compile_dot_expression::bb8,gpjson-rs/src/jsonpath.rs,313,12
688,BASIC_BLOCK,jsonpath::JSONPathParser::compile_dot_expression::bb9,gpjson-rs/src/jsonpath.rs,313,12
689,CALL_SITE,jsonpath::JSONPathParser::compile_dot_expression::bb9::call5,gpjson-rs/src/jsonpath.rs,313,12
690,METHOD,jsonpath::JSONPathParser::compile_dot_expression::fn,gpjson-rs/src/jsonpath.rs,311,5
691,PARAM,jsonpath::JSONPathParser::compile_dot_expression::param0,gpjson-rs/src/jsonpath.rs,311,31
692,BASIC_BLOCK,jsonpath::JSONPathParser::compile_filter_expression::bb0,gpjson-rs/src/jsonpath.rs,410,9
693,CALL_SITE,jsonpath::JSONPathParser::compile_filter_expression::bb0::call0,gpjson-rs/src/jsonpath.rs,410,9
694,BASIC_BLOCK,jsonpath::JSONPathParser::compile_filter_expression::bb1,gpjson-rs/src/jsonpath.rs,410,9
695,BASIC_BLOCK,jsonpath::JSONPathParser::compile_filter_expression::bb10,gpjson-rs/src/jsonpath.rs,412,9
696,CALL_SITE,jsonpath::JSONPathParser::compile_filter_expression::bb10::call7,gpjson-rs/src/jsonpath.rs,412,9
697,BASIC_BLOCK,jsonpath::JSONPathParser::compile_filter_expression::bb11,gpjson-rs/src/jsonpath.rs,412,9
698,BASIC_BLOCK,jsonpath::JSONPathParser::compile_filter_expression::bb12,gpjson-rs/src/jsonpath.rs,412,9
699,CALL_SITE,jsonpath::JSONPathParser::compile_filter_expression::bb12::call8,gpjson-rs/src/jsonpath.rs,412,9
700,BASIC_BLOCK,jsonpath::JSONPathParser::compile_filter_expression::bb13,gpjson-rs/src/jsonpath.rs,414,15
701,CALL_SITE,jsonpath::JSONPathParser::compile_filter_expression::bb13::call9,gpjson-rs/src/jsonpath.rs,414,15
702,BASIC_BLOCK,jsonpath::JSONPathParser::compile_filter_expression::bb14,gpjson-rs/src/jsonpath.rs,414,15
703,CALL_SITE,jsonpath::JSONPathParser::compile_filter_expression::bb14::call10,gpjson-rs/src/jsonpath.rs,414,15
704,BASIC_BLOCK,jsonpath::JSONPathParser::compile_filter_expression::bb15,gpjson-rs/src/jsonpath.rs,414,15
705,BASIC_BLOCK,jsonpath::JSONPathParser::compile_filter_expression::bb16,gpjson-rs/src/jsonpath.rs,414,15
706,BASIC_BLOCK,jsonpath::JSONPathParser::compile_filter_expression::bb17,gpjson-rs/src/jsonpath.rs,414,15
707,CALL_SITE,jsonpath::JSONPathParser::compile_filter_expression::bb17::call11,gpjson-rs/src/jsonpath.rs,414,15
708,BASIC_BLOCK,jsonpath::JSONPathParser::compile_filter_expression::bb18,gpjson-rs/src/jsonpath.rs,416,15
709,CALL_SITE,jsonpath::JSONPathParser::compile_filter_expression::bb18::call12,gpjson-rs/src/jsonpath.rs,416,15
710,BASIC_BLOCK,jsonpath::JSONPathParser::compile_filter_expression::bb19,gpjson-rs/src/jsonpath.rs,416,15
711,CALL_SITE,jsonpath::JSONPathParser::compile_filter_expression::bb1::call1,gpjson-rs/src/jsonpath.rs,410,9
712,BASIC_BLOCK,jsonpath::JSONPathParser::compile_filter_expression::bb2,gpjson-rs/src/jsonpath.rs,410,9
713,BASIC_BLOCK,jsonpath::JSONPathParser::compile_filter_expression::bb20,gpjson-rs/src/jsonpath.rs,416,9
714,BASIC_BLOCK,jsonpath::JSONPathParser::compile_filter_expression::bb21,gpjson-rs/src/jsonpath.rs,416,15
715,CALL_SITE,jsonpath::JSONPathParser::compile_filter_expression::bb21::call13,gpjson-rs/src/jsonpath.rs,416,15
716,BASIC_BLOCK,jsonpath::JSONPathParser::compile_filter_expression::bb22,gpjson-rs/src/jsonpath.rs,424,29
717,CALL_SITE,jsonpath::JSONPathParser::compile_filter_expression::bb22::call14,gpjson-rs/src/jsonpath.rs,424,29
718,BASIC_BLOCK,jsonpath::JSONPathParser::compile_filter_expression::bb23,gpjson-rs/src/jsonpath.rs,418,17
719,CALL_SITE,jsonpath::JSONPathParser::compile_filter_expression::bb23::call15,gpjson-rs/src/jsonpath.rs,418,17
720,BASIC_BLOCK,jsonpath::JSONPathParser::compile_filter_expression::bb24,gpjson-rs/src/jsonpath.rs,418,17
721,CALL_SITE,jsonpath::JSONPathParser::compile_filter_expression::bb24::call16,gpjson-rs/src/jsonpath.rs,418,17
722,BASIC_BLOCK,jsonpath::JSONPathParser::compile_filter_expression::bb25,gpjson-rs/src/jsonpath.rs,418,17
723,BASIC_BLOCK,jsonpath::JSONPathParser::compile_filter_expression::bb26,gpjson-rs/src/jsonpath.rs,419,17
724,CALL_SITE,jsonpath::JSONPathParser::compile_filter_expression::bb26::call17,gpjson-rs/src/jsonpath.rs,419,17
725,BASIC_BLOCK,jsonpath::JSONPathParser::compile_filter_expression::bb27,gpjson-rs/src/jsonpath.rs,418,17
726,CALL_SITE,jsonpath::JSONPathParser::compile_filter_expression::bb27::call18,gpjson-rs/src/jsonpath.rs,418,17
727,BASIC_BLOCK,jsonpath::JSONPathParser::compile_filter_expression::bb28,gpjson-rs/src/jsonpath.rs,419,17
728,CALL_SITE,jsonpath::JSONPathParser::compile_filter_expression::bb28::call19,gpjson-rs/src/jsonpath.rs,419,17
729,BASIC_BLOCK,jsonpath::JSONPathParser::compile_filter_expression::bb29,gpjson-rs/src/jsonpath.rs,419,17
730,BASIC_BLOCK,jsonpath::JSONPathParser::compile_filter_expression::bb3,gpjson-rs/src/lib.rs,1,1
731,BASIC_BLOCK,jsonpath::JSONPathParser::compile_filter_expression::bb30,gpjson-rs/src/jsonpath.rs,419,17
732,CALL_SITE,jsonpath::JSONPathParser::compile_filter_expression::bb30::call20,gpjson-rs/src/jsonpath.rs,419,17
733,BASIC_BLOCK,jsonpath::JSONPathParser::compile_filter_expression::bb31,gpjson-rs/src/jsonpath.rs,420,23
734,CALL_SITE,jsonpath::JSONPathParser::compile_filter_expression::bb31::call21,gpjson-rs/src/jsonpath.rs,420,23
735,BASIC_BLOCK,jsonpath::JSONPathParser::compile_filter_expression::bb32,gpjson-rs/src/jsonpath.rs,420,23
736,CALL_SITE,jsonpath::JSONPathParser::compile_filter_expression::bb32::call22,gpjson-rs/src/jsonpath.rs,420,23
737,BASIC_BLOCK,jsonpath::JSONPathParser::compile_filter_expression::bb33,gpjson-rs/src/jsonpath.rs,420,23
738,BASIC_BLOCK,jsonpath::JSONPathParser::compile_filter_expression::bb34,gpjson-rs/src/jsonpath.rs,420,23
739,BASIC_BLOCK,jsonpath::JSONPathParser::compile_filter_expression::bb35,gpjson-rs/src/jsonpath.rs,420,23
740,CALL_SITE,jsonpath::JSONPathParser::compile_filter_expression::bb35::call23,gpjson-rs/src/jsonpath.rs,420,23
741,BASIC_BLOCK,jsonpath::JSONPathParser::compile_filter_expression::bb36,gpjson-rs/src/jsonpath.rs,421,32
742,CALL_SITE,jsonpath::JSONPathParser::compile_filter_expression::bb36::call24,gpjson-rs/src/jsonpath.rs,421,32
743,BASIC_BLOCK,jsonpath::JSONPathParser::compile_filter_expression::bb37,gpjson-rs/src/jsonpath.rs,421,32
744,BASIC_BLOCK,jsonpath::JSONPathParser::compile_filter_expression::bb38,gpjson-rs/src/jsonpath.rs,422,50
745,CALL_SITE,jsonpath::JSONPathParser::compile_filter_expression::bb38::call25,gpjson-rs/src/jsonpath.rs,422,50
746,BASIC_BLOCK,jsonpath::JSONPathParser::compile_filter_expression::bb39,gpjson-rs/src/jsonpath.rs,421,32
747,CALL_SITE,jsonpath::JSONPathParser::compile_filter_expression::bb39::call26,gpjson-rs/src/jsonpath.rs,421,32
748,BASIC_BLOCK,jsonpath::JSONPathParser::compile_filter_expression::bb4,gpjson-rs/src/jsonpath.rs,411,9
749,BASIC_BLOCK,jsonpath::JSONPathParser::compile_filter_expression::bb40,gpjson-rs/src/jsonpath.rs,422,17
750,CALL_SITE,jsonpath::JSONPathParser::compile_filter_expression::bb40::call27,gpjson-rs/src/jsonpath.rs,422,17
751,BASIC_BLOCK,jsonpath::JSONPathParser::compile_filter_expression::bb41,gpjson-rs/src/jsonpath.rs,423,13
752,BASIC_BLOCK,jsonpath::JSONPathParser::compile_filter_expression::bb42,gpjson-rs/src/jsonpath.rs,427,9
753,CALL_SITE,jsonpath::JSONPathParser::compile_filter_expression::bb42::call28,gpjson-rs/src/jsonpath.rs,427,9
754,BASIC_BLOCK,jsonpath::JSONPathParser::compile_filter_expression::bb43,gpjson-rs/src/lib.rs,1,1
755,BASIC_BLOCK,jsonpath::JSONPathParser::compile_filter_expression::bb44,gpjson-rs/src/jsonpath.rs,427,9
756,CALL_SITE,jsonpath::JSONPathParser::compile_filter_expression::bb44::call29,gpjson-rs/src/jsonpath.rs,427,9
757,BASIC_BLOCK,jsonpath::JSONPathParser::compile_filter_expression::bb45,gpjson-rs/src/jsonpath.rs,427,9
758,BASIC_BLOCK,jsonpath::JSONPathParser::compile_filter_expression::bb46,gpjson-rs/src/jsonpath.rs,429,6
759,BASIC_BLOCK,jsonpath::JSONPathParser::compile_filter_expression::bb47,gpjson-rs/src/jsonpath.rs,427,9
760,CALL_SITE,jsonpath::JSONPathParser::compile_filter_expression::bb47::call30,gpjson-rs/src/jsonpath.rs,427,9
761,BASIC_BLOCK,jsonpath::JSONPathParser::compile_filter_expression::bb48,gpjson-rs/src/jsonpath.rs,429,6
762,BASIC_BLOCK,jsonpath::JSONPathParser::compile_filter_expression::bb49,gpjson-rs/src/jsonpath.rs,423,13
763,CALL_SITE,jsonpath::JSONPathParser::compile_filter_expression::bb4::call2,gpjson-rs/src/jsonpath.rs,411,9
764,BASIC_BLOCK,jsonpath::JSONPathParser::compile_filter_expression::bb5,gpjson-rs/src/jsonpath.rs,410,9
765,BASIC_BLOCK,jsonpath::JSONPathParser::compile_filter_expression::bb50,gpjson-rs/src/jsonpath.rs,409,5
766,BASIC_BLOCK,jsonpath::JSONPathParser::compile_filter_expression::bb51,gpjson-rs/src/jsonpath.rs,416,15
767,CALL_SITE,jsonpath::JSONPathParser::compile_filter_expression::bb51::call31,gpjson-rs/src/jsonpath.rs,416,15
768,BASIC_BLOCK,jsonpath::JSONPathParser::compile_filter_expression::bb52,gpjson-rs/src/jsonpath.rs,421,32
769,CALL_SITE,jsonpath::JSONPathParser::compile_filter_expression::bb52::call32,gpjson-rs/src/jsonpath.rs,421,32
770,CALL_SITE,jsonpath::JSONPathParser::compile_filter_expression::bb5::call3,gpjson-rs/src/jsonpath.rs,410,9
771,BASIC_BLOCK,jsonpath::JSONPathParser::compile_filter_expression::bb6,gpjson-rs/src/jsonpath.rs,411,9
772,CALL_SITE,jsonpath::JSONPathParser::compile_filter_expression::bb6::call4,gpjson-rs/src/jsonpath.rs,411,9
773,BASIC_BLOCK,jsonpath::JSONPathParser::compile_filter_expression::bb7,gpjson-rs/src/jsonpath.rs,411,9
774,BASIC_BLOCK,jsonpath::JSONPathParser::compile_filter_expression::bb8,gpjson-rs/src/jsonpath.rs,412,9
775,CALL_SITE,jsonpath::JSONPathParser::compile_filter_expression::bb8::call5,gpjson-rs/src/jsonpath.rs,412,9
776,BASIC_BLOCK,jsonpath::JSONPathParser::compile_filter_expression::bb9,gpjson-rs/src/jsonpath.rs,411,9
777,CALL_SITE,jsonpath::JSONPathParser::compile_filter_expression::bb9::call6,gpjson-rs/src/jsonpath.rs,411,9
778,METHOD,jsonpath::JSONPathParser::compile_filter_expression::fn,gpjson-rs/src/jsonpath.rs,409,5
779,PARAM,jsonpath::JSONPathParser::compile_filter_expression::param0,gpjson-rs/src/jsonpath.rs,409,34
780,BASIC_BLOCK,jsonpath::JSONPathParser::compile_index_expression::bb0,gpjson-rs/src/jsonpath.rs,328,9
781,CALL_SITE,jsonpath::JSONPathParser::compile_index_expression::bb0::call0,gpjson-rs/src/jsonpath.rs,328,9
782,BASIC_BLOCK,jsonpath::JSONPathParser::compile_index_expression::bb1,gpjson-rs/src/jsonpath.rs,328,9
783,BASIC_BLOCK,jsonpath::JSONPathParser::compile_index_expression::bb10,gpjson-rs/src/jsonpath.rs,330,29
784,BASIC_BLOCK,jsonpath::JSONPathParser::compile_index_expression::bb11,gpjson-rs/src/jsonpath.rs,331,28
785,CALL_SITE,jsonpath::JSONPathParser::compile_index_expression::bb11::call6,gpjson-rs/src/jsonpath.rs,331,28
786,BASIC_BLOCK,jsonpath::JSONPathParser::compile_index_expression::bb12,gpjson-rs/src/jsonpath.rs,331,28
787,CALL_SITE,jsonpath::JSONPathParser::compile_index_expression::bb12::call7,gpjson-rs/src/jsonpath.rs,331,28
788,BASIC_BLOCK,jsonpath::JSONPathParser::compile_index_expression::bb13,gpjson-rs/src/jsonpath.rs,331,28
789,BASIC_BLOCK,jsonpath::JSONPathParser::compile_index_expression::bb14,gpjson-rs/src/jsonpath.rs,332,16
790,CALL_SITE,jsonpath::JSONPathParser::compile_index_expression::bb14::call8,gpjson-rs/src/jsonpath.rs,332,16
791,BASIC_BLOCK,jsonpath::JSONPathParser::compile_index_expression::bb15,gpjson-rs/src/jsonpath.rs,331,28
792,CALL_SITE,jsonpath::JSONPathParser::compile_index_expression::bb15::call9,gpjson-rs/src/jsonpath.rs,331,28
793,BASIC_BLOCK,jsonpath::JSONPathParser::compile_index_expression::bb16,gpjson-rs/src/jsonpath.rs,332,16
794,BASIC_BLOCK,jsonpath::JSONPathParser::compile_index_expression::bb17,gpjson-rs/src/jsonpath.rs,333,28
795,CALL_SITE,jsonpath::JSONPathParser::compile_index_expression::bb17::call10,gpjson-rs/src/jsonpath.rs,333,28
796,BASIC_BLOCK,jsonpath::JSONPathParser::compile_index_expression::bb18,gpjson-rs/src/jsonpath.rs,336,9
797,BASIC_BLOCK,jsonpath::JSONPathParser::compile_index_expression::bb19,gpjson-rs/src/jsonpath.rs,335,37
798,CALL_SITE,jsonpath::JSONPathParser::compile_index_expression::bb19::call11,gpjson-rs/src/jsonpath.rs,335,37
799,CALL_SITE,jsonpath::JSONPathParser::compile_index_expression::bb1::call1,gpjson-rs/src/jsonpath.rs,328,9
800,BASIC_BLOCK,jsonpath::JSONPathParser::compile_index_expression::bb2,gpjson-rs/src/jsonpath.rs,328,9
801,BASIC_BLOCK,jsonpath::JSONPathParser::compile_index_expression::bb20,gpjson-rs/src/jsonpath.rs,335,13
802,CALL_SITE,jsonpath::JSONPathParser::compile_index_expression::bb20::call12,gpjson-rs/src/jsonpath.rs,335,13
803,BASIC_BLOCK,jsonpath::JSONPathParser::compile_index_expression::bb21,gpjson-rs/src/jsonpath.rs,336,9
804,BASIC_BLOCK,jsonpath::JSONPathParser::compile_index_expression::bb22,gpjson-rs/src/jsonpath.rs,336,19
805,CALL_SITE,jsonpath::JSONPathParser::compile_index_expression::bb22::call13,gpjson-rs/src/jsonpath.rs,336,19
806,BASIC_BLOCK,jsonpath::JSONPathParser::compile_index_expression::bb23,gpjson-rs/src/jsonpath.rs,336,19
807,BASIC_BLOCK,jsonpath::JSONPathParser::compile_index_expression::bb24,gpjson-rs/src/jsonpath.rs,337,25
808,CALL_SITE,jsonpath::JSONPathParser::compile_index_expression::bb24::call14,gpjson-rs/src/jsonpath.rs,337,25
809,BASIC_BLOCK,jsonpath::JSONPathParser::compile_index_expression::bb25,gpjson-rs/src/jsonpath.rs,337,25
810,CALL_SITE,jsonpath::JSONPathParser::compile_index_expression::bb25::call15,gpjson-rs/src/jsonpath.rs,337,25
811,BASIC_BLOCK,jsonpath::JSONPathParser::compile_index_expression::bb26,gpjson-rs/src/jsonpath.rs,337,25
812,BASIC_BLOCK,jsonpath::JSONPathParser::compile_index_expression::bb27,gpjson-rs/src/jsonpath.rs,338,19
813,CALL_SITE,jsonpath::JSONPathParser::compile_index_expression::bb27::call16,gpjson-rs/src/jsonpath.rs,338,19
814,BASIC_BLOCK,jsonpath::JSONPathParser::compile_index_expression::bb28,gpjson-rs/src/jsonpath.rs,337,25
815,CALL_SITE,jsonpath::JSONPathParser::compile_index_expression::bb28::call17,gpjson-rs/src/jsonpath.rs,337,25
816,BASIC_BLOCK,jsonpath::JSONPathParser::compile_index_expression::bb29,gpjson-rs/src/jsonpath.rs,338,19
817,CALL_SITE,jsonpath::JSONPathParser::compile_index_expression::bb29::call18,gpjson-rs/src/jsonpath.rs,338,19
818,BASIC_BLOCK,jsonpath::JSONPathParser::compile_index_expression::bb3,gpjson-rs/src/lib.rs,1,1
819,BASIC_BLOCK,jsonpath::JSONPathParser::compile_index_expression::bb30,gpjson-rs/src/jsonpath.rs,338,19
820,BASIC_BLOCK,jsonpath::JSONPathParser::compile_index_expression::bb31,gpjson-rs/src/jsonpath.rs,338,13
821,BASIC_BLOCK,jsonpath::JSONPathParser::compile_index_expression::bb32,gpjson-rs/src/jsonpath.rs,338,19
822,CALL_SITE,jsonpath::JSONPathParser::compile_index_expression::bb32::call19,gpjson-rs/src/jsonpath.rs,338,19
823,BASIC_BLOCK,jsonpath::JSONPathParser::compile_index_expression::bb33,gpjson-rs/src/jsonpath.rs,345,33
824,CALL_SITE,jsonpath::JSONPathParser::compile_index_expression::bb33::call20,gpjson-rs/src/jsonpath.rs,345,33
825,BASIC_BLOCK,jsonpath::JSONPathParser::compile_index_expression::bb34,gpjson-rs/src/jsonpath.rs,344,25
826,CALL_SITE,jsonpath::JSONPathParser::compile_index_expression::bb34::call21,gpjson-rs/src/jsonpath.rs,344,25
827,BASIC_BLOCK,jsonpath::JSONPathParser::compile_index_expression::bb35,gpjson-rs/src/jsonpath.rs,343,36
828,CALL_SITE,jsonpath::JSONPathParser::compile_index_expression::bb35::call22,gpjson-rs/src/jsonpath.rs,343,36
829,BASIC_BLOCK,jsonpath::JSONPathParser::compile_index_expression::bb36,gpjson-rs/src/jsonpath.rs,340,21
830,CALL_SITE,jsonpath::JSONPathParser::compile_index_expression::bb36::call23,gpjson-rs/src/jsonpath.rs,340,21
831,BASIC_BLOCK,jsonpath::JSONPathParser::compile_index_expression::bb37,gpjson-rs/src/jsonpath.rs,340,21
832,CALL_SITE,jsonpath::JSONPathParser::compile_index_expression::bb37::call24,gpjson-rs/src/jsonpath.rs,340,21
833,BASIC_BLOCK,jsonpath::JSONPathParser::compile_index_expression::bb38,gpjson-rs/src/jsonpath.rs,340,21
834,BASIC_BLOCK,jsonpath::JSONPathParser::compile_index_expression::bb39,gpjson-rs/src/jsonpath.rs,341,21
835,BASIC_BLOCK,jsonpath::JSONPathParser::compile_index_expression::bb4,gpjson-rs/src/jsonpath.rs,329,20
836,BASIC_BLOCK,jsonpath::JSONPathParser::compile_index_expression::bb40,gpjson-rs/src/jsonpath.rs,340,21
837,CALL_SITE,jsonpath::JSONPathParser::compile_index_expression::bb40::call25,gpjson-rs/src/jsonpath.rs,340,21
838,BASIC_BLOCK,jsonpath::JSONPathParser::compile_index_expression::bb41,gpjson-rs/src/lib.rs,1,1
839,BASIC_BLOCK,jsonpath::JSONPathParser::compile_index_expression::bb42,gpjson-rs/src/lib.rs,1,1
840,BASIC_BLOCK,jsonpath::JSONPathParser::compile_index_expression::bb43,gpjson-rs/src/jsonpath.rs,347,19
841,BASIC_BLOCK,jsonpath::JSONPathParser::compile_index_expression::bb44,gpjson-rs/src/jsonpath.rs,348,24
842,CALL_SITE,jsonpath::JSONPathParser::compile_index_expression::bb44::call26,gpjson-rs/src/jsonpath.rs,348,24
843,BASIC_BLOCK,jsonpath::JSONPathParser::compile_index_expression::bb45,gpjson-rs/src/lib.rs,1,1
844,BASIC_BLOCK,jsonpath::JSONPathParser::compile_index_expression::bb46,gpjson-rs/src/jsonpath.rs,349,19
845,BASIC_BLOCK,jsonpath::JSONPathParser::compile_index_expression::bb47,gpjson-rs/src/jsonpath.rs,350,13
846,CALL_SITE,jsonpath::JSONPathParser::compile_index_expression::bb47::call27,gpjson-rs/src/jsonpath.rs,350,13
847,BASIC_BLOCK,jsonpath::JSONPathParser::compile_index_expression::bb48,gpjson-rs/src/jsonpath.rs,350,13
848,CALL_SITE,jsonpath::JSONPathParser::compile_index_expression::bb48::call28,gpjson-rs/src/jsonpath.rs,350,13
849,BASIC_BLOCK,jsonpath::JSONPathParser::compile_index_expression::bb49,gpjson-rs/src/jsonpath.rs,350,13
850,CALL_SITE,jsonpath::JSONPathParser::compile_index_expression::bb4::call2,gpjson-rs/src/jsonpath.rs,329,20
851,BASIC_BLOCK,jsonpath::JSONPathParser::compile_index_expression::bb5,gpjson-rs/src/jsonpath.rs,328,9
852,BASIC_BLOCK,jsonpath::JSONPathParser::compile_index_expression::bb50,gpjson-rs/src/jsonpath.rs,350,13
853,CALL_SITE,jsonpath::JSONPathParser::compile_index_expression::bb50::call29,gpjson-rs/src/jsonpath.rs,350,13
854,BASIC_BLOCK,jsonpath::JSONPathParser::compile_index_expression::bb51,gpjson-rs/src/jsonpath.rs,352,24
855,CALL_SITE,jsonpath::JSONPathParser::compile_index_expression::bb51::call30,gpjson-rs/src/jsonpath.rs,352,24
856,BASIC_BLOCK,jsonpath::JSONPathParser::compile_index_expression::bb52,gpjson-rs/src/lib.rs,1,1
857,BASIC_BLOCK,jsonpath::JSONPathParser::compile_index_expression::bb53,gpjson-rs/src/jsonpath.rs,357,9
858,CALL_SITE,jsonpath::JSONPathParser::compile_index_expression::bb53::call31,gpjson-rs/src/jsonpath.rs,357,9
859,BASIC_BLOCK,jsonpath::JSONPathParser::compile_index_expression::bb54,gpjson-rs/src/jsonpath.rs,357,9
860,CALL_SITE,jsonpath::JSONPathParser::compile_index_expression::bb54::call32,gpjson-rs/src/jsonpath.rs,357,9
861,BASIC_BLOCK,jsonpath::JSONPathParser::compile_index_expression::bb55,gpjson-rs/src/jsonpath.rs,357,9
862,BASIC_BLOCK,jsonpath::JSONPathParser::compile_index_expression::bb56,gpjson-rs/src/jsonpath.rs,359,12
863,CALL_SITE,jsonpath::JSONPathParser::compile_index_expression::bb56::call33,gpjson-rs/src/jsonpath.rs,359,12
864,BASIC_BLOCK,jsonpath::JSONPathParser::compile_index_expression::bb57,gpjson-rs/src/jsonpath.rs,357,9
865,CALL_SITE,jsonpath::JSONPathParser::compile_index_expression::bb57::call34,gpjson-rs/src/jsonpath.rs,357,9
866,BASIC_BLOCK,jsonpath::JSONPathParser::compile_index_expression::bb58,gpjson-rs/src/jsonpath.rs,359,12
867,BASIC_BLOCK,jsonpath::JSONPathParser::compile_index_expression::bb59,gpjson-rs/src/jsonpath.rs,360,13
868,CALL_SITE,jsonpath::JSONPathParser::compile_index_expression::bb59::call35,gpjson-rs/src/jsonpath.rs,360,13
869,CALL_SITE,jsonpath::JSONPathParser::compile_index_expression::bb5::call3,gpjson-rs/src/jsonpath.rs,328,9
870,BASIC_BLOCK,jsonpath::JSONPathParser::compile_index_expression::bb6,gpjson-rs/src/jsonpath.rs,329,20
871,BASIC_BLOCK,jsonpath::JSONPathParser::compile_index_expression::bb60,gpjson-rs/src/jsonpath.rs,360,13
872,CALL_SITE,jsonpath::JSONPathParser::compile_index_expression::bb60::call36,gpjson-rs/src/jsonpath.rs,360,13
873,BASIC_BLOCK,jsonpath::JSONPathParser::compile_index_expression::bb61,gpjson-rs/src/jsonpath.rs,360,13
874,BASIC_BLOCK,jsonpath::JSONPathParser::compile_index_expression::bb62,gpjson-rs/src/jsonpath.rs,360,13
875,CALL_SITE,jsonpath::JSONPathParser::compile_index_expression::bb62::call37,gpjson-rs/src/jsonpath.rs,360,13
876,BASIC_BLOCK,jsonpath::JSONPathParser::compile_index_expression::bb63,gpjson-rs/src/jsonpath.rs,364,6
877,BASIC_BLOCK,jsonpath::JSONPathParser::compile_index_expression::bb64,gpjson-rs/src/jsonpath.rs,364,6
878,BASIC_BLOCK,jsonpath::JSONPathParser::compile_index_expression::bb65,gpjson-rs/src/jsonpath.rs,336,9
879,BASIC_BLOCK,jsonpath::JSONPathParser::compile_index_expression::bb66,gpjson-rs/src/jsonpath.rs,327,5
880,CALL_SITE,jsonpath::JSONPathParser::compile_index_expression::bb6::call4,gpjson-rs/src/jsonpath.rs,329,20
881,BASIC_BLOCK,jsonpath::JSONPathParser::compile_index_expression::bb7,gpjson-rs/src/jsonpath.rs,329,20
882,BASIC_BLOCK,jsonpath::JSONPathParser::compile_index_expression::bb8,gpjson-rs/src/jsonpath.rs,330,12
883,BASIC_BLOCK,jsonpath::JSONPathParser::compile_index_expression::bb9,gpjson-rs/src/jsonpath.rs,329,20
884,CALL_SITE,jsonpath::JSONPathParser::compile_index_expression::bb9::call5,gpjson-rs/src/jsonpath.rs,329,20
885,METHOD,jsonpath::JSONPathParser::compile_index_expression::fn,gpjson-rs/src/jsonpath.rs,327,5
886,PARAM,jsonpath::JSONPathParser::compile_index_expression::param0,gpjson-rs/src/jsonpath.rs,327,33
887,BASIC_BLOCK,jsonpath::JSONPathParser::compile_index_range_expression::bb0,gpjson-rs/src/jsonpath.rs,367,9
888,CALL_SITE,jsonpath::JSONPathParser::compile_index_range_expression::bb0::call0,gpjson-rs/src/jsonpath.rs,367,9
889,BASIC_BLOCK,jsonpath::JSONPathParser::compile_index_range_expression::bb1,gpjson-rs/src/jsonpath.rs,367,9
890,BASIC_BLOCK,jsonpath::JSONPathParser::compile_index_range_expression::bb10,gpjson-rs/src/jsonpath.rs,369,9
891,CALL_SITE,jsonpath::JSONPathParser::compile_index_range_expression::bb10::call7,gpjson-rs/src/jsonpath.rs,369,9
892,BASIC_BLOCK,jsonpath::JSONPathParser::compile_index_range_expression::bb11,gpjson-rs/src/jsonpath.rs,369,9
893,BASIC_BLOCK,jsonpath::JSONPathParser::compile_index_range_expression::bb12,gpjson-rs/src/jsonpath.rs,373,18
894,CALL_SITE,jsonpath::JSONPathParser::compile_index_range_expression::bb12::call8,gpjson-rs/src/jsonpath.rs,373,18
895,BASIC_BLOCK,jsonpath::JSONPathParser::compile_index_range_expression::bb13,gpjson-rs/src/jsonpath.rs,369,9
896,CALL_SITE,jsonpath::JSONPathParser::compile_index_range_expression::bb13::call9,gpjson-rs/src/jsonpath.rs,369,9
897,BASIC_BLOCK,jsonpath::JSONPathParser::compile_index_range_expression::bb14,gpjson-rs/src/jsonpath.rs,373,9
898,BASIC_BLOCK,jsonpath::JSONPathParser::compile_index_range_expression::bb15,gpjson-rs/src/jsonpath.rs,373,18
899,CALL_SITE,jsonpath::JSONPathParser::compile_index_range_expression::bb15::call10,gpjson-rs/src/jsonpath.rs,373,18
900,BASIC_BLOCK,jsonpath::JSONPathParser::compile_index_range_expression::bb16,gpjson-rs/src/jsonpath.rs,373,18
901,BASIC_BLOCK,jsonpath::JSONPathParser::compile_index_range_expression::bb17,gpjson-rs/src/jsonpath.rs,374,31
902,CALL_SITE,jsonpath::JSONPathParser::compile_index_range_expression::bb17::call11,gpjson-rs/src/jsonpath.rs,374,31
903,BASIC_BLOCK,jsonpath::JSONPathParser::compile_index_range_expression::bb18,gpjson-rs/src/jsonpath.rs,405,26
904,BASIC_BLOCK,jsonpath::JSONPathParser::compile_index_range_expression::bb19,gpjson-rs/src/jsonpath.rs,375,13
905,CALL_SITE,jsonpath::JSONPathParser::compile_index_range_expression::bb19::call12,gpjson-rs/src/jsonpath.rs,375,13
906,CALL_SITE,jsonpath::JSONPathParser::compile_index_range_expression::bb1::call1,gpjson-rs/src/jsonpath.rs,367,9
907,BASIC_BLOCK,jsonpath::JSONPathParser::compile_index_range_expression::bb2,gpjson-rs/src/jsonpath.rs,367,9
908,BASIC_BLOCK,jsonpath::JSONPathParser::compile_index_range_expression::bb20,gpjson-rs/src/jsonpath.rs,376,13
909,CALL_SITE,jsonpath::JSONPathParser::compile_index_range_expression::bb20::call13,gpjson-rs/src/jsonpath.rs,376,13
910,BASIC_BLOCK,jsonpath::JSONPathParser::compile_index_range_expression::bb21,gpjson-rs/src/jsonpath.rs,378,13
911,CALL_SITE,jsonpath::JSONPathParser::compile_index_range_expression::bb21::call14,gpjson-rs/src/jsonpath.rs,378,13
912,BASIC_BLOCK,jsonpath::JSONPathParser::compile_index_range_expression::bb22,gpjson-rs/src/jsonpath.rs,382,16
913,CALL_SITE,jsonpath::JSONPathParser::compile_index_range_expression::bb22::call15,gpjson-rs/src/jsonpath.rs,382,16
914,BASIC_BLOCK,jsonpath::JSONPathParser::compile_index_range_expression::bb23,gpjson-rs/src/jsonpath.rs,382,16
915,BASIC_BLOCK,jsonpath::JSONPathParser::compile_index_range_expression::bb24,gpjson-rs/src/jsonpath.rs,383,17
916,CALL_SITE,jsonpath::JSONPathParser::compile_index_range_expression::bb24::call16,gpjson-rs/src/jsonpath.rs,383,17
917,BASIC_BLOCK,jsonpath::JSONPathParser::compile_index_range_expression::bb25,gpjson-rs/src/jsonpath.rs,383,17
918,CALL_SITE,jsonpath::JSONPathParser::compile_index_range_expression::bb25::call17,gpjson-rs/src/jsonpath.rs,383,17
919,BASIC_BLOCK,jsonpath::JSONPathParser::compile_index_range_expression::bb26,gpjson-rs/src/jsonpath.rs,383,17
920,BASIC_BLOCK,jsonpath::JSONPathParser::compile_index_range_expression::bb27,gpjson-rs/src/jsonpath.rs,383,17
921,CALL_SITE,jsonpath::JSONPathParser::compile_index_range_expression::bb27::call18,gpjson-rs/src/jsonpath.rs,383,17
922,BASIC_BLOCK,jsonpath::JSONPathParser::compile_index_range_expression::bb28,gpjson-rs/src/jsonpath.rs,386,29
923,CALL_SITE,jsonpath::JSONPathParser::compile_index_range_expression::bb28::call19,gpjson-rs/src/jsonpath.rs,386,29
924,BASIC_BLOCK,jsonpath::JSONPathParser::compile_index_range_expression::bb29,gpjson-rs/src/jsonpath.rs,390,13
925,CALL_SITE,jsonpath::JSONPathParser::compile_index_range_expression::bb29::call20,gpjson-rs/src/jsonpath.rs,390,13
926,BASIC_BLOCK,jsonpath::JSONPathParser::compile_index_range_expression::bb3,gpjson-rs/src/lib.rs,1,1
927,BASIC_BLOCK,jsonpath::JSONPathParser::compile_index_range_expression::bb30,gpjson-rs/src/jsonpath.rs,392,13
928,CALL_SITE,jsonpath::JSONPathParser::compile_index_range_expression::bb30::call21,gpjson-rs/src/jsonpath.rs,392,13
929,BASIC_BLOCK,jsonpath::JSONPathParser::compile_index_range_expression::bb31,gpjson-rs/src/jsonpath.rs,394,29
930,CALL_SITE,jsonpath::JSONPathParser::compile_index_range_expression::bb31::call22,gpjson-rs/src/jsonpath.rs,394,29
931,BASIC_BLOCK,jsonpath::JSONPathParser::compile_index_range_expression::bb32,gpjson-rs/src/jsonpath.rs,395,24
932,BASIC_BLOCK,jsonpath::JSONPathParser::compile_index_range_expression::bb33,gpjson-rs/src/jsonpath.rs,396,22
933,CALL_SITE,jsonpath::JSONPathParser::compile_index_range_expression::bb33::call23,gpjson-rs/src/jsonpath.rs,396,22
934,BASIC_BLOCK,jsonpath::JSONPathParser::compile_index_range_expression::bb34,gpjson-rs/src/jsonpath.rs,396,13
935,BASIC_BLOCK,jsonpath::JSONPathParser::compile_index_range_expression::bb35,gpjson-rs/src/jsonpath.rs,396,22
936,CALL_SITE,jsonpath::JSONPathParser::compile_index_range_expression::bb35::call24,gpjson-rs/src/jsonpath.rs,396,22
937,BASIC_BLOCK,jsonpath::JSONPathParser::compile_index_range_expression::bb36,gpjson-rs/src/jsonpath.rs,396,22
938,BASIC_BLOCK,jsonpath::JSONPathParser::compile_index_range_expression::bb37,gpjson-rs/src/jsonpath.rs,397,17
939,CALL_SITE,jsonpath::JSONPathParser::compile_index_range_expression::bb37::call25,gpjson-rs/src/jsonpath.rs,397,17
940,BASIC_BLOCK,jsonpath::JSONPathParser::compile_index_range_expression::bb38,gpjson-rs/src/jsonpath.rs,400,21
941,BASIC_BLOCK,jsonpath::JSONPathParser::compile_index_range_expression::bb39,gpjson-rs/src/jsonpath.rs,400,16
942,BASIC_BLOCK,jsonpath::JSONPathParser::compile_index_range_expression::bb4,gpjson-rs/src/jsonpath.rs,368,25
943,BASIC_BLOCK,jsonpath::JSONPathParser::compile_index_range_expression::bb40,gpjson-rs/src/jsonpath.rs,400,13
944,BASIC_BLOCK,jsonpath::JSONPathParser::compile_index_range_expression::bb41,gpjson-rs/src/jsonpath.rs,407,6
945,BASIC_BLOCK,jsonpath::JSONPathParser::compile_index_range_expression::bb42,gpjson-rs/src/jsonpath.rs,407,6
946,CALL_SITE,jsonpath::JSONPathParser::compile_index_range_expression::bb4::call2,gpjson-rs/src/jsonpath.rs,368,25
947,BASIC_BLOCK,jsonpath::JSONPathParser::compile_index_range_expression::bb5,gpjson-rs/src/jsonpath.rs,367,9
948,CALL_SITE,jsonpath::JSONPathParser::compile_index_range_expression::bb5::call3,gpjson-rs/src/jsonpath.rs,367,9
949,BASIC_BLOCK,jsonpath::JSONPathParser::compile_index_range_expression::bb6,gpjson-rs/src/jsonpath.rs,368,25
950,CALL_SITE,jsonpath::JSONPathParser::compile_index_range_expression::bb6::call4,gpjson-rs/src/jsonpath.rs,368,25
951,BASIC_BLOCK,jsonpath::JSONPathParser::compile_index_range_expression::bb7,gpjson-rs/src/jsonpath.rs,368,25
952,BASIC_BLOCK,jsonpath::JSONPathParser::compile_index_range_expression::bb8,gpjson-rs/src/jsonpath.rs,369,9
953,CALL_SITE,jsonpath::JSONPathParser::compile_index_range_expression::bb8::call5,gpjson-rs/src/jsonpath.rs,369,9
954,BASIC_BLOCK,jsonpath::JSONPathParser::compile_index_range_expression::bb9,gpjson-rs/src/jsonpath.rs,368,25
955,CALL_SITE,jsonpath::JSONPathParser::compile_index_range_expression::bb9::call6,gpjson-rs/src/jsonpath.rs,368,25
956,METHOD,jsonpath::JSONPathParser::compile_index_range_expression::fn,gpjson-rs/src/jsonpath.rs,366,5
957,PARAM,jsonpath::JSONPathParser::compile_index_range_expression::param0,gpjson-rs/src/jsonpath.rs,366,39
958,PARAM,jsonpath::JSONPathParser::compile_index_range_expression::param1,gpjson-rs/src/jsonpath.rs,366,50
959,BASIC_BLOCK,jsonpath::JSONPathParser::compile_next_expression::bb0,gpjson-rs/src/jsonpath.rs,304,15
960,CALL_SITE,jsonpath::JSONPathParser::compile_next_expression::bb0::call0,gpjson-rs/src/jsonpath.rs,304,15
961,BASIC_BLOCK,jsonpath::JSONPathParser::compile_next_expression::bb1,gpjson-rs/src/jsonpath.rs,304,15
962,BASIC_BLOCK,jsonpath::JSONPathParser::compile_next_expression::bb10,gpjson-rs/src/jsonpath.rs,309,6
963,CALL_SITE,jsonpath::JSONPathParser::compile_next_expression::bb1::call1,gpjson-rs/src/jsonpath.rs,304,15
964,BASIC_BLOCK,jsonpath::JSONPathParser::compile_next_expression::bb2,gpjson-rs/src/jsonpath.rs,304,15
965,BASIC_BLOCK,jsonpath::JSONPathParser::compile_next_expression::bb3,gpjson-rs/src/jsonpath.rs,304,15
966,BASIC_BLOCK,jsonpath::JSONPathParser::compile_next_expression::bb4,gpjson-rs/src/jsonpath.rs,304,9
967,BASIC_BLOCK,jsonpath::JSONPathParser::compile_next_expression::bb5,gpjson-rs/src/jsonpath.rs,304,15
968,CALL_SITE,jsonpath::JSONPathParser::compile_next_expression::bb5::call2,gpjson-rs/src/jsonpath.rs,304,15
969,BASIC_BLOCK,jsonpath::JSONPathParser::compile_next_expression::bb6,gpjson-rs/src/jsonpath.rs,307,22
970,CALL_SITE,jsonpath::JSONPathParser::compile_next_expression::bb6::call3,gpjson-rs/src/jsonpath.rs,307,22
971,BASIC_BLOCK,jsonpath::JSONPathParser::compile_next_expression::bb7,gpjson-rs/src/jsonpath.rs,306,21
972,CALL_SITE,jsonpath::JSONPathParser::compile_next_expression::bb7::call4,gpjson-rs/src/jsonpath.rs,306,21
973,BASIC_BLOCK,jsonpath::JSONPathParser::compile_next_expression::bb8,gpjson-rs/src/jsonpath.rs,305,21
974,CALL_SITE,jsonpath::JSONPathParser::compile_next_expression::bb8::call5,gpjson-rs/src/jsonpath.rs,305,21
975,BASIC_BLOCK,jsonpath::JSONPathParser::compile_next_expression::bb9,gpjson-rs/src/jsonpath.rs,309,5
976,METHOD,jsonpath::JSONPathParser::compile_next_expression::fn,gpjson-rs/src/jsonpath.rs,303,5
977,PARAM,jsonpath::JSONPathParser::compile_next_expression::param0,gpjson-rs/src/jsonpath.rs,303,32
978,BASIC_BLOCK,jsonpath::JSONPathParser::create_index_ir::bb0,gpjson-rs/src/jsonpath.rs,438,9
979,CALL_SITE,jsonpath::JSONPathParser::create_index_ir::bb0::call0,gpjson-rs/src/jsonpath.rs,438,9
980,BASIC_BLOCK,jsonpath::JSONPathParser::create_index_ir::bb1,gpjson-rs/src/jsonpath.rs,439,9
981,CALL_SITE,jsonpath::JSONPathParser::create_index_ir::bb1::call1,gpjson-rs/src/jsonpath.rs,439,9
982,BASIC_BLOCK,jsonpath::JSONPathParser::create_index_ir::bb2,gpjson-rs/src/jsonpath.rs,440,9
983,BASIC_BLOCK,jsonpath::JSONPathParser::create_index_ir::bb3,gpjson-rs/src/jsonpath.rs,441,6
984,METHOD,jsonpath::JSONPathParser::create_index_ir::fn,gpjson-rs/src/jsonpath.rs,437,5
985,PARAM,jsonpath::JSONPathParser::create_index_ir::param0,gpjson-rs/src/jsonpath.rs,437,24
986,PARAM,jsonpath::JSONPathParser::create_index_ir::param1,gpjson-rs/src/jsonpath.rs,437,35
987,BASIC_BLOCK,jsonpath::JSONPathParser::create_property_ir::bb0,gpjson-rs/src/jsonpath.rs,432,9
988,CALL_SITE,jsonpath::JSONPathParser::create_property_ir::bb0::call0,gpjson-rs/src/jsonpath.rs,432,9
989,BASIC_BLOCK,jsonpath::JSONPathParser::create_property_ir::bb1,gpjson-rs/src/jsonpath.rs,433,9
990,CALL_SITE,jsonpath::JSONPathParser::create_property_ir::bb1::call1,gpjson-rs/src/jsonpath.rs,433,9
991,BASIC_BLOCK,jsonpath::JSONPathParser::create_property_ir::bb2,gpjson-rs/src/jsonpath.rs,434,9
992,BASIC_BLOCK,jsonpath::JSONPathParser::create_property_ir::bb3,gpjson-rs/src/jsonpath.rs,435,6
993,METHOD,jsonpath::JSONPathParser::create_property_ir::fn,gpjson-rs/src/jsonpath.rs,431,5
994,PARAM,jsonpath::JSONPathParser::create_property_ir::param0,gpjson-rs/src/jsonpath.rs,431,27
995,PARAM,jsonpath::JSONPathParser::create_property_ir::param1,gpjson-rs/src/jsonpath.rs,431,38
996,FIELD,jsonpath::JSONPathParser::ir,gpjson-rs/src/jsonpath.rs,269,1
997,FIELD,jsonpath::JSONPathParser::max_level,gpjson-rs/src/jsonpath.rs,269,1
998,BASIC_BLOCK,jsonpath::JSONPathParser::new::bb0,gpjson-rs/src/jsonpath.rs,279,22
999,CALL_SITE,jsonpath::JSONPathParser::new::bb0::call0,gpjson-rs/src/jsonpath.rs,279,22
1000,BASIC_BLOCK,jsonpath::JSONPathParser::new::bb1,gpjson-rs/src/jsonpath.rs,280,17
1001,CALL_SITE,jsonpath::JSONPathParser::new::bb1::call1,gpjson-rs/src/jsonpath.rs,280,17
1002,BASIC_BLOCK,jsonpath::JSONPathParser::new::bb2,gpjson-rs/src/jsonpath.rs,284,6
1003,BASIC_BLOCK,jsonpath::JSONPathParser::new::bb3,gpjson-rs/src/jsonpath.rs,283,9
1004,BASIC_BLOCK,jsonpath::JSONPathParser::new::bb4,gpjson-rs/src/jsonpath.rs,277,5
1005,METHOD,jsonpath::JSONPathParser::new::fn,gpjson-rs/src/jsonpath.rs,277,5
1006,PARAM,jsonpath::JSONPathParser::new::param0,gpjson-rs/src/jsonpath.rs,277,16
1007,BASIC_BLOCK,jsonpath::JSONPathParser::read_integer::bb0,gpjson-rs/src/jsonpath.rs,489,25
1008,CALL_SITE,jsonpath::JSONPathParser::read_integer::bb0::call0,gpjson-rs/src/jsonpath.rs,489,25
1009,BASIC_BLOCK,jsonpath::JSONPathParser::read_integer::bb1,gpjson-rs/src/jsonpath.rs,490,15
1010,BASIC_BLOCK,jsonpath::JSONPathParser::read_integer::bb10,gpjson-rs/src/jsonpath.rs,493,17
1011,CALL_SITE,jsonpath::JSONPathParser::read_integer::bb10::call6,gpjson-rs/src/jsonpath.rs,493,17
1012,BASIC_BLOCK,jsonpath::JSONPathParser::read_integer::bb11,gpjson-rs/src/jsonpath.rs,493,17
1013,CALL_SITE,jsonpath::JSONPathParser::read_integer::bb11::call7,gpjson-rs/src/jsonpath.rs,493,17
1014,BASIC_BLOCK,jsonpath::JSONPathParser::read_integer::bb12,gpjson-rs/src/jsonpath.rs,493,17
1015,BASIC_BLOCK,jsonpath::JSONPathParser::read_integer::bb13,gpjson-rs/src/lib.rs,1,1
1016,BASIC_BLOCK,jsonpath::JSONPathParser::read_integer::bb14,gpjson-rs/src/jsonpath.rs,493,17
1017,CALL_SITE,jsonpath::JSONPathParser::read_integer::bb14::call8,gpjson-rs/src/jsonpath.rs,493,17
1018,BASIC_BLOCK,jsonpath::JSONPathParser::read_integer::bb15,gpjson-rs/src/jsonpath.rs,496,16
1019,CALL_SITE,jsonpath::JSONPathParser::read_integer::bb15::call9,gpjson-rs/src/jsonpath.rs,496,16
1020,BASIC_BLOCK,jsonpath::JSONPathParser::read_integer::bb16,gpjson-rs/src/jsonpath.rs,496,16
1021,BASIC_BLOCK,jsonpath::JSONPathParser::read_integer::bb17,gpjson-rs/src/jsonpath.rs,499,24
1022,CALL_SITE,jsonpath::JSONPathParser::read_integer::bb17::call10,gpjson-rs/src/jsonpath.rs,499,24
1023,BASIC_BLOCK,jsonpath::JSONPathParser::read_integer::bb18,gpjson-rs/src/lib.rs,1,1
1024,BASIC_BLOCK,jsonpath::JSONPathParser::read_integer::bb19,gpjson-rs/src/jsonpath.rs,501,23
1025,CALL_SITE,jsonpath::JSONPathParser::read_integer::bb19::call11,gpjson-rs/src/jsonpath.rs,501,23
1026,CALL_SITE,jsonpath::JSONPathParser::read_integer::bb1::call1,gpjson-rs/src/jsonpath.rs,490,15
1027,BASIC_BLOCK,jsonpath::JSONPathParser::read_integer::bb2,gpjson-rs/src/jsonpath.rs,490,15
1028,BASIC_BLOCK,jsonpath::JSONPathParser::read_integer::bb20,gpjson-rs/src/jsonpath.rs,502,17
1029,CALL_SITE,jsonpath::JSONPathParser::read_integer::bb20::call12,gpjson-rs/src/jsonpath.rs,502,17
1030,BASIC_BLOCK,jsonpath::JSONPathParser::read_integer::bb21,gpjson-rs/src/jsonpath.rs,503,9
1031,CALL_SITE,jsonpath::JSONPathParser::read_integer::bb21::call13,gpjson-rs/src/jsonpath.rs,503,9
1032,BASIC_BLOCK,jsonpath::JSONPathParser::read_integer::bb22,gpjson-rs/src/jsonpath.rs,503,9
1033,CALL_SITE,jsonpath::JSONPathParser::read_integer::bb22::call14,gpjson-rs/src/jsonpath.rs,503,9
1034,BASIC_BLOCK,jsonpath::JSONPathParser::read_integer::bb23,gpjson-rs/src/jsonpath.rs,503,9
1035,CALL_SITE,jsonpath::JSONPathParser::read_integer::bb23::call15,gpjson-rs/src/jsonpath.rs,503,9
1036,BASIC_BLOCK,jsonpath::JSONPathParser::read_integer::bb24,gpjson-rs/src/jsonpath.rs,504,5
1037,BASIC_BLOCK,jsonpath::JSONPathParser::read_integer::bb25,gpjson-rs/src/jsonpath.rs,504,5
1038,BASIC_BLOCK,jsonpath::JSONPathParser::read_integer::bb26,gpjson-rs/src/jsonpath.rs,504,5
1039,BASIC_BLOCK,jsonpath::JSONPathParser::read_integer::bb27,gpjson-rs/src/jsonpath.rs,504,6
1040,BASIC_BLOCK,jsonpath::JSONPathParser::read_integer::bb28,gpjson-rs/src/jsonpath.rs,504,5
1041,BASIC_BLOCK,jsonpath::JSONPathParser::read_integer::bb29,gpjson-rs/src/jsonpath.rs,504,5
1042,BASIC_BLOCK,jsonpath::JSONPathParser::read_integer::bb3,gpjson-rs/src/jsonpath.rs,491,21
1043,BASIC_BLOCK,jsonpath::JSONPathParser::read_integer::bb30,gpjson-rs/src/jsonpath.rs,485,5
1044,BASIC_BLOCK,jsonpath::JSONPathParser::read_integer::bb31,gpjson-rs/src/jsonpath.rs,489,25
1045,BASIC_BLOCK,jsonpath::JSONPathParser::read_integer::bb32,gpjson-rs/src/jsonpath.rs,491,21
1046,BASIC_BLOCK,jsonpath::JSONPathParser::read_integer::bb33,gpjson-rs/src/jsonpath.rs,493,17
1047,CALL_SITE,jsonpath::JSONPathParser::read_integer::bb3::call2,gpjson-rs/src/jsonpath.rs,491,21
1048,BASIC_BLOCK,jsonpath::JSONPathParser::read_integer::bb4,gpjson-rs/src/jsonpath.rs,491,21
1049,CALL_SITE,jsonpath::JSONPathParser::read_integer::bb4::call3,gpjson-rs/src/jsonpath.rs,491,21
1050,BASIC_BLOCK,jsonpath::JSONPathParser::read_integer::bb5,gpjson-rs/src/jsonpath.rs,491,21
1051,BASIC_BLOCK,jsonpath::JSONPathParser::read_integer::bb6,gpjson-rs/src/lib.rs,1,1
1052,BASIC_BLOCK,jsonpath::JSONPathParser::read_integer::bb7,gpjson-rs/src/jsonpath.rs,492,16
1053,CALL_SITE,jsonpath::JSONPathParser::read_integer::bb7::call4,gpjson-rs/src/jsonpath.rs,492,16
1054,BASIC_BLOCK,jsonpath::JSONPathParser::read_integer::bb8,gpjson-rs/src/jsonpath.rs,491,21
1055,CALL_SITE,jsonpath::JSONPathParser::read_integer::bb8::call5,gpjson-rs/src/jsonpath.rs,491,21
1056,BASIC_BLOCK,jsonpath::JSONPathParser::read_integer::bb9,gpjson-rs/src/jsonpath.rs,492,16
1057,METHOD,jsonpath::JSONPathParser::read_integer::fn,gpjson-rs/src/jsonpath.rs,485,5
1058,PARAM,jsonpath::JSONPathParser::read_integer::param0,gpjson-rs/src/jsonpath.rs,485,24
1059,PARAM,jsonpath::JSONPathParser::read_integer::param1,gpjson-rs/src/jsonpath.rs,485,35
1060,BASIC_BLOCK,jsonpath::JSONPathParser::read_property::bb0,gpjson-rs/src/jsonpath.rs,444,25
1061,CALL_SITE,jsonpath::JSONPathParser::read_property::bb0::call0,gpjson-rs/src/jsonpath.rs,444,25
1062,BASIC_BLOCK,jsonpath::JSONPathParser::read_property::bb1,gpjson-rs/src/jsonpath.rs,445,15
1063,BASIC_BLOCK,jsonpath::JSONPathParser::read_property::bb10,gpjson-rs/src/lib.rs,1,1
1064,BASIC_BLOCK,jsonpath::JSONPathParser::read_property::bb11,gpjson-rs/src/jsonpath.rs,449,23
1065,BASIC_BLOCK,jsonpath::JSONPathParser::read_property::bb12,gpjson-rs/src/jsonpath.rs,449,36
1066,BASIC_BLOCK,jsonpath::JSONPathParser::read_property::bb13,gpjson-rs/src/jsonpath.rs,452,13
1067,CALL_SITE,jsonpath::JSONPathParser::read_property::bb13::call6,gpjson-rs/src/jsonpath.rs,452,13
1068,BASIC_BLOCK,jsonpath::JSONPathParser::read_property::bb14,gpjson-rs/src/jsonpath.rs,452,13
1069,CALL_SITE,jsonpath::JSONPathParser::read_property::bb14::call7,gpjson-rs/src/jsonpath.rs,452,13
1070,BASIC_BLOCK,jsonpath::JSONPathParser::read_property::bb15,gpjson-rs/src/jsonpath.rs,452,13
1071,BASIC_BLOCK,jsonpath::JSONPathParser::read_property::bb16,gpjson-rs/src/jsonpath.rs,445,9
1072,BASIC_BLOCK,jsonpath::JSONPathParser::read_property::bb17,gpjson-rs/src/jsonpath.rs,452,13
1073,CALL_SITE,jsonpath::JSONPathParser::read_property::bb17::call8,gpjson-rs/src/jsonpath.rs,452,13
1074,BASIC_BLOCK,jsonpath::JSONPathParser::read_property::bb18,gpjson-rs/src/jsonpath.rs,454,23
1075,CALL_SITE,jsonpath::JSONPathParser::read_property::bb18::call9,gpjson-rs/src/jsonpath.rs,454,23
1076,BASIC_BLOCK,jsonpath::JSONPathParser::read_property::bb19,gpjson-rs/src/jsonpath.rs,455,12
1077,CALL_SITE,jsonpath::JSONPathParser::read_property::bb19::call10,gpjson-rs/src/jsonpath.rs,455,12
1078,CALL_SITE,jsonpath::JSONPathParser::read_property::bb1::call1,gpjson-rs/src/jsonpath.rs,445,15
1079,BASIC_BLOCK,jsonpath::JSONPathParser::read_property::bb2,gpjson-rs/src/jsonpath.rs,445,15
1080,BASIC_BLOCK,jsonpath::JSONPathParser::read_property::bb20,gpjson-rs/src/jsonpath.rs,456,6
1081,BASIC_BLOCK,jsonpath::JSONPathParser::read_property::bb21,gpjson-rs/src/jsonpath.rs,456,6
1082,BASIC_BLOCK,jsonpath::JSONPathParser::read_property::bb3,gpjson-rs/src/jsonpath.rs,446,21
1083,CALL_SITE,jsonpath::JSONPathParser::read_property::bb3::call2,gpjson-rs/src/jsonpath.rs,446,21
1084,BASIC_BLOCK,jsonpath::JSONPathParser::read_property::bb4,gpjson-rs/src/jsonpath.rs,446,21
1085,CALL_SITE,jsonpath::JSONPathParser::read_property::bb4::call3,gpjson-rs/src/jsonpath.rs,446,21
1086,BASIC_BLOCK,jsonpath::JSONPathParser::read_property::bb5,gpjson-rs/src/jsonpath.rs,446,21
1087,BASIC_BLOCK,jsonpath::JSONPathParser::read_property::bb6,gpjson-rs/src/lib.rs,1,1
1088,BASIC_BLOCK,jsonpath::JSONPathParser::read_property::bb7,gpjson-rs/src/jsonpath.rs,447,16
1089,BASIC_BLOCK,jsonpath::JSONPathParser::read_property::bb8,gpjson-rs/src/jsonpath.rs,446,21
1090,CALL_SITE,jsonpath::JSONPathParser::read_property::bb8::call4,gpjson-rs/src/jsonpath.rs,446,21
1091,BASIC_BLOCK,jsonpath::JSONPathParser::read_property::bb9,gpjson-rs/src/jsonpath.rs,448,28
1092,CALL_SITE,jsonpath::JSONPathParser::read_property::bb9::call5,gpjson-rs/src/jsonpath.rs,448,28
1093,METHOD,jsonpath::JSONPathParser::read_property::fn,gpjson-rs/src/jsonpath.rs,443,5
1094,PARAM,jsonpath::JSONPathParser::read_property::param0,gpjson-rs/src/jsonpath.rs,443,22
1095,BASIC_BLOCK,jsonpath::JSONPathParser::read_quoted_string::bb0,gpjson-rs/src/jsonpath.rs,459,21
1096,CALL_SITE,jsonpath::JSONPathParser::read_quoted_string::bb0::call0,gpjson-rs/src/jsonpath.rs,459,21
1097,BASIC_BLOCK,jsonpath::JSONPathParser::read_quoted_string::bb1,gpjson-rs/src/jsonpath.rs,459,21
1098,BASIC_BLOCK,jsonpath::JSONPathParser::read_quoted_string::bb10,gpjson-rs/src/jsonpath.rs,467,9
1099,BASIC_BLOCK,jsonpath::JSONPathParser::read_quoted_string::bb11,gpjson-rs/src/jsonpath.rs,467,15
1100,CALL_SITE,jsonpath::JSONPathParser::read_quoted_string::bb11::call5,gpjson-rs/src/jsonpath.rs,467,15
1101,BASIC_BLOCK,jsonpath::JSONPathParser::read_quoted_string::bb12,gpjson-rs/src/jsonpath.rs,467,15
1102,BASIC_BLOCK,jsonpath::JSONPathParser::read_quoted_string::bb13,gpjson-rs/src/jsonpath.rs,468,21
1103,CALL_SITE,jsonpath::JSONPathParser::read_quoted_string::bb13::call6,gpjson-rs/src/jsonpath.rs,468,21
1104,BASIC_BLOCK,jsonpath::JSONPathParser::read_quoted_string::bb14,gpjson-rs/src/jsonpath.rs,468,21
1105,CALL_SITE,jsonpath::JSONPathParser::read_quoted_string::bb14::call7,gpjson-rs/src/jsonpath.rs,468,21
1106,BASIC_BLOCK,jsonpath::JSONPathParser::read_quoted_string::bb15,gpjson-rs/src/jsonpath.rs,468,21
1107,BASIC_BLOCK,jsonpath::JSONPathParser::read_quoted_string::bb16,gpjson-rs/src/jsonpath.rs,469,16
1108,BASIC_BLOCK,jsonpath::JSONPathParser::read_quoted_string::bb17,gpjson-rs/src/jsonpath.rs,468,21
1109,CALL_SITE,jsonpath::JSONPathParser::read_quoted_string::bb17::call8,gpjson-rs/src/jsonpath.rs,468,21
1110,BASIC_BLOCK,jsonpath::JSONPathParser::read_quoted_string::bb18,gpjson-rs/src/jsonpath.rs,469,13
1111,BASIC_BLOCK,jsonpath::JSONPathParser::read_quoted_string::bb19,gpjson-rs/src/jsonpath.rs,471,23
1112,CALL_SITE,jsonpath::JSONPathParser::read_quoted_string::bb1::call1,gpjson-rs/src/jsonpath.rs,459,21
1113,BASIC_BLOCK,jsonpath::JSONPathParser::read_quoted_string::bb2,gpjson-rs/src/jsonpath.rs,459,21
1114,BASIC_BLOCK,jsonpath::JSONPathParser::read_quoted_string::bb20,gpjson-rs/src/jsonpath.rs,471,20
1115,BASIC_BLOCK,jsonpath::JSONPathParser::read_quoted_string::bb21,gpjson-rs/src/jsonpath.rs,473,23
1116,BASIC_BLOCK,jsonpath::JSONPathParser::read_quoted_string::bb22,gpjson-rs/src/jsonpath.rs,476,13
1117,CALL_SITE,jsonpath::JSONPathParser::read_quoted_string::bb22::call9,gpjson-rs/src/jsonpath.rs,476,13
1118,BASIC_BLOCK,jsonpath::JSONPathParser::read_quoted_string::bb23,gpjson-rs/src/jsonpath.rs,476,13
1119,CALL_SITE,jsonpath::JSONPathParser::read_quoted_string::bb23::call10,gpjson-rs/src/jsonpath.rs,476,13
1120,BASIC_BLOCK,jsonpath::JSONPathParser::read_quoted_string::bb24,gpjson-rs/src/jsonpath.rs,476,13
1121,BASIC_BLOCK,jsonpath::JSONPathParser::read_quoted_string::bb25,gpjson-rs/src/jsonpath.rs,467,9
1122,BASIC_BLOCK,jsonpath::JSONPathParser::read_quoted_string::bb26,gpjson-rs/src/jsonpath.rs,476,13
1123,CALL_SITE,jsonpath::JSONPathParser::read_quoted_string::bb26::call11,gpjson-rs/src/jsonpath.rs,476,13
1124,BASIC_BLOCK,jsonpath::JSONPathParser::read_quoted_string::bb27,gpjson-rs/src/jsonpath.rs,479,23
1125,CALL_SITE,jsonpath::JSONPathParser::read_quoted_string::bb27::call12,gpjson-rs/src/jsonpath.rs,479,23
1126,BASIC_BLOCK,jsonpath::JSONPathParser::read_quoted_string::bb28,gpjson-rs/src/jsonpath.rs,480,9
1127,CALL_SITE,jsonpath::JSONPathParser::read_quoted_string::bb28::call13,gpjson-rs/src/jsonpath.rs,480,9
1128,BASIC_BLOCK,jsonpath::JSONPathParser::read_quoted_string::bb29,gpjson-rs/src/jsonpath.rs,480,9
1129,CALL_SITE,jsonpath::JSONPathParser::read_quoted_string::bb29::call14,gpjson-rs/src/jsonpath.rs,480,9
1130,BASIC_BLOCK,jsonpath::JSONPathParser::read_quoted_string::bb3,gpjson-rs/src/lib.rs,1,1
1131,BASIC_BLOCK,jsonpath::JSONPathParser::read_quoted_string::bb30,gpjson-rs/src/jsonpath.rs,480,9
1132,BASIC_BLOCK,jsonpath::JSONPathParser::read_quoted_string::bb31,gpjson-rs/src/jsonpath.rs,482,12
1133,CALL_SITE,jsonpath::JSONPathParser::read_quoted_string::bb31::call15,gpjson-rs/src/jsonpath.rs,482,12
1134,BASIC_BLOCK,jsonpath::JSONPathParser::read_quoted_string::bb32,gpjson-rs/src/jsonpath.rs,480,9
1135,CALL_SITE,jsonpath::JSONPathParser::read_quoted_string::bb32::call16,gpjson-rs/src/jsonpath.rs,480,9
1136,BASIC_BLOCK,jsonpath::JSONPathParser::read_quoted_string::bb33,gpjson-rs/src/jsonpath.rs,483,6
1137,BASIC_BLOCK,jsonpath::JSONPathParser::read_quoted_string::bb34,gpjson-rs/src/jsonpath.rs,483,6
1138,BASIC_BLOCK,jsonpath::JSONPathParser::read_quoted_string::bb4,gpjson-rs/src/jsonpath.rs,460,12
1139,BASIC_BLOCK,jsonpath::JSONPathParser::read_quoted_string::bb5,gpjson-rs/src/jsonpath.rs,459,21
1140,CALL_SITE,jsonpath::JSONPathParser::read_quoted_string::bb5::call2,gpjson-rs/src/jsonpath.rs,459,21
1141,BASIC_BLOCK,jsonpath::JSONPathParser::read_quoted_string::bb6,gpjson-rs/src/jsonpath.rs,460,30
1142,BASIC_BLOCK,jsonpath::JSONPathParser::read_quoted_string::bb7,gpjson-rs/src/jsonpath.rs,461,24
1143,CALL_SITE,jsonpath::JSONPathParser::read_quoted_string::bb7::call3,gpjson-rs/src/jsonpath.rs,461,24
1144,BASIC_BLOCK,jsonpath::JSONPathParser::read_quoted_string::bb8,gpjson-rs/src/lib.rs,1,1
1145,BASIC_BLOCK,jsonpath::JSONPathParser::read_quoted_string::bb9,gpjson-rs/src/jsonpath.rs,464,25
1146,CALL_SITE,jsonpath::JSONPathParser::read_quoted_string::bb9::call4,gpjson-rs/src/jsonpath.rs,464,25
1147,METHOD,jsonpath::JSONPathParser::read_quoted_string::fn,gpjson-rs/src/jsonpath.rs,458,5
1148,PARAM,jsonpath::JSONPathParser::read_quoted_string::param0,gpjson-rs/src/jsonpath.rs,458,27
1149,FIELD,jsonpath::JSONPathParser::scanner,gpjson-rs/src/jsonpath.rs,269,1
1150,FIELD,jsonpath::JSONPathParser::skip_terminal_store,gpjson-rs/src/jsonpath.rs,269,1
1151,STRUCT,jsonpath::JSONPathResult,gpjson-rs/src/jsonpath.rs,164,1
1152,FIELD,jsonpath::JSONPathResult::ir,gpjson-rs/src/jsonpath.rs,164,1
1153,FIELD,jsonpath::JSONPathResult::max_depth,gpjson-rs/src/jsonpath.rs,164,1
1154,FIELD,jsonpath::JSONPathResult::num_results,gpjson-rs/src/jsonpath.rs,164,1
1155,STRUCT,jsonpath::JSONPathScanner,gpjson-rs/src/jsonpath.rs,170,1
1156,IMPL,jsonpath::JSONPathScanner,gpjson-rs/src/jsonpath.rs,176,1
1157,FIELD,jsonpath::JSONPathScanner::bytes,gpjson-rs/src/jsonpath.rs,170,1
1158,BASIC_BLOCK,jsonpath::JSONPathScanner::error::bb0,gpjson-rs/src/jsonpath.rs,244,33
1159,CALL_SITE,jsonpath::JSONPathScanner::error::bb0::call0,gpjson-rs/src/jsonpath.rs,244,33
1160,BASIC_BLOCK,jsonpath::JSONPathScanner::error::bb1,gpjson-rs/src/jsonpath.rs,245,41
1161,CALL_SITE,jsonpath::JSONPathScanner::error::bb1::call1,gpjson-rs/src/jsonpath.rs,245,41
1162,BASIC_BLOCK,jsonpath::JSONPathScanner::error::bb2,gpjson-rs/src/jsonpath.rs,245,47
1163,CALL_SITE,jsonpath::JSONPathScanner::error::bb2::call2,gpjson-rs/src/jsonpath.rs,245,47
1164,BASIC_BLOCK,jsonpath::JSONPathScanner::error::bb3,gpjson-rs/src/jsonpath.rs,245,52
1165,CALL_SITE,jsonpath::JSONPathScanner::error::bb3::call3,gpjson-rs/src/jsonpath.rs,245,52
1166,BASIC_BLOCK,jsonpath::JSONPathScanner::error::bb4,/home/cicero-arch-omen/.rustup/toolchains/nightly-x86_64-unknown-linux-gnu/lib/rustlib/src/rust/library/alloc/src/macros.rs,114,33
1167,CALL_SITE,jsonpath::JSONPathScanner::error::bb4::call4,/home/cicero-arch-omen/.rustup/toolchains/nightly-x86_64-unknown-linux-gnu/lib/rustlib/src/rust/library/alloc/src/macros.rs,114,33
1168,BASIC_BLOCK,jsonpath::JSONPathScanner::error::bb5,/home/cicero-arch-omen/.rustup/toolchains/nightly-x86_64-unknown-linux-gnu/lib/rustlib/src/rust/library/alloc/src/macros.rs,114,13
1169,CALL_SITE,jsonpath::JSONPathScanner::error::bb5::call5,/home/cicero-arch-omen/.rustup/toolchains/nightly-x86_64-unknown-linux-gnu/lib/rustlib/src/rust/library/alloc/src/macros.rs,114,13
1170,BASIC_BLOCK,jsonpath::JSONPathScanner::error::bb6,/home/cicero-arch-omen/.rustup/toolchains/nightly-x86_64-unknown-linux-gnu/lib/rustlib/src/rust/library/alloc/src/macros.rs,113,9
1171,CALL_SITE,jsonpath::JSONPathScanner::error::bb6::call6,/home/cicero-arch-omen/.rustup/toolchains/nightly-x86_64-unknown-linux-gnu/lib/rustlib/src/rust/library/alloc/src/macros.rs,113,9
1172,BASIC_BLOCK,jsonpath::JSONPathScanner::error::bb7,gpjson-rs/src/jsonpath.rs,246,6
1173,METHOD,jsonpath::JSONPathScanner::error::fn,gpjson-rs/src/jsonpath.rs,243,5
1174,PARAM,jsonpath::JSONPathScanner::error::param0,gpjson-rs/src/jsonpath.rs,243,18
1175,PARAM,jsonpath::JSONPathScanner::error::param1,gpjson-rs/src/jsonpath.rs,243,25
1176,BASIC_BLOCK,jsonpath::JSONPathScanner::error_next::bb0,gpjson-rs/src/jsonpath.rs,249,34
1177,BASIC_BLOCK,jsonpath::JSONPathScanner::error_next::bb1,gpjson-rs/src/jsonpath.rs,249,33
1178,CALL_SITE,jsonpath::JSONPathScanner::error_next::bb1::call0,gpjson-rs/src/jsonpath.rs,249,33
1179,BASIC_BLOCK,jsonpath::JSONPathScanner::error_next::bb2,gpjson-rs/src/jsonpath.rs,250,64
1180,BASIC_BLOCK,jsonpath::JSONPathScanner::error_next::bb3,gpjson-rs/src/jsonpath.rs,250,41
1181,CALL_SITE,jsonpath::JSONPathScanner::error_next::bb3::call1,gpjson-rs/src/jsonpath.rs,250,41
1182,BASIC_BLOCK,jsonpath::JSONPathScanner::error_next::bb4,gpjson-rs/src/jsonpath.rs,250,47
1183,CALL_SITE,jsonpath::JSONPathScanner::error_next::bb4::call2,gpjson-rs/src/jsonpath.rs,250,47
1184,BASIC_BLOCK,jsonpath::JSONPathScanner::error_next::bb5,gpjson-rs/src/jsonpath.rs,250,52
1185,CALL_SITE,jsonpath::JSONPathScanner::error_next::bb5::call3,gpjson-rs/src/jsonpath.rs,250,52
1186,BASIC_BLOCK,jsonpath::JSONPathScanner::error_next::bb6,/home/cicero-arch-omen/.rustup/toolchains/nightly-x86_64-unknown-linux-gnu/lib/rustlib/src/rust/library/alloc/src/macros.rs,114,33
1187,CALL_SITE,jsonpath::JSONPathScanner::error_next::bb6::call4,/home/cicero-arch-omen/.rustup/toolchains/nightly-x86_64-unknown-linux-gnu/lib/rustlib/src/rust/library/alloc/src/macros.rs,114,33
1188,BASIC_BLOCK,jsonpath::JSONPathScanner::error_next::bb7,/home/cicero-arch-omen/.rustup/toolchains/nightly-x86_64-unknown-linux-gnu/lib/rustlib/src/rust/library/alloc/src/macros.rs,114,13
1189,CALL_SITE,jsonpath::JSONPathScanner::error_next::bb7::call5,/home/cicero-arch-omen/.rustup/toolchains/nightly-x86_64-unknown-linux-gnu/lib/rustlib/src/rust/library/alloc/src/macros.rs,114,13
1190,BASIC_BLOCK,jsonpath::JSONPathScanner::error_next::bb8,/home/cicero-arch-omen/.rustup/toolchains/nightly-x86_64-unknown-linux-gnu/lib/rustlib/src/rust/library/alloc/src/macros.rs,113,9
1191,CALL_SITE,jsonpath::JSONPathScanner::error_next::bb8::call6,/home/cicero-arch-omen/.rustup/toolchains/nightly-x86_64-unknown-linux-gnu/lib/rustlib/src/rust/library/alloc/src/macros.rs,113,9
1192,BASIC_BLOCK,jsonpath::JSONPathScanner::error_next::bb9,gpjson-rs/src/jsonpath.rs,251,6
1193,METHOD,jsonpath::JSONPathScanner::error_next::fn,gpjson-rs/src/jsonpath.rs,248,5
1194,PARAM,jsonpath::JSONPathScanner::error_next::param0,gpjson-rs/src/jsonpath.rs,248,23
1195,PARAM,jsonpath::JSONPathScanner::error_next::param1,gpjson-rs/src/jsonpath.rs,248,30
1196,BASIC_BLOCK,jsonpath::JSONPathScanner::expect_char::bb0,gpjson-rs/src/jsonpath.rs,221,20
1197,CALL_SITE,jsonpath::JSONPathScanner::expect_char::bb0::call0,gpjson-rs/src/jsonpath.rs,221,20
1198,BASIC_BLOCK,jsonpath::JSONPathScanner::expect_char::bb1,gpjson-rs/src/jsonpath.rs,221,20
1199,BASIC_BLOCK,jsonpath::JSONPathScanner::expect_char::bb10,/home/cicero-arch-omen/.rustup/toolchains/nightly-x86_64-unknown-linux-gnu/lib/rustlib/src/rust/library/alloc/src/macros.rs,114,13
1200,CALL_SITE,jsonpath::JSONPathScanner::expect_char::bb10::call7,/home/cicero-arch-omen/.rustup/toolchains/nightly-x86_64-unknown-linux-gnu/lib/rustlib/src/rust/library/alloc/src/macros.rs,114,13
1201,BASIC_BLOCK,jsonpath::JSONPathScanner::expect_char::bb11,/home/cicero-arch-omen/.rustup/toolchains/nightly-x86_64-unknown-linux-gnu/lib/rustlib/src/rust/library/alloc/src/macros.rs,113,9
1202,CALL_SITE,jsonpath::JSONPathScanner::expect_char::bb11::call8,/home/cicero-arch-omen/.rustup/toolchains/nightly-x86_64-unknown-linux-gnu/lib/rustlib/src/rust/library/alloc/src/macros.rs,113,9
1203,BASIC_BLOCK,jsonpath::JSONPathScanner::expect_char::bb12,gpjson-rs/src/lib.rs,1,1
1204,BASIC_BLOCK,jsonpath::JSONPathScanner::expect_char::bb13,gpjson-rs/src/jsonpath.rs,229,6
1205,BASIC_BLOCK,jsonpath::JSONPathScanner::expect_char::bb14,gpjson-rs/src/jsonpath.rs,229,6
1206,CALL_SITE,jsonpath::JSONPathScanner::expect_char::bb1::call1,gpjson-rs/src/jsonpath.rs,221,20
1207,BASIC_BLOCK,jsonpath::JSONPathScanner::expect_char::bb2,gpjson-rs/src/jsonpath.rs,221,20
1208,BASIC_BLOCK,jsonpath::JSONPathScanner::expect_char::bb3,gpjson-rs/src/jsonpath.rs,221,20
1209,BASIC_BLOCK,jsonpath::JSONPathScanner::expect_char::bb4,gpjson-rs/src/jsonpath.rs,222,12
1210,BASIC_BLOCK,jsonpath::JSONPathScanner::expect_char::bb5,gpjson-rs/src/jsonpath.rs,221,20
1211,CALL_SITE,jsonpath::JSONPathScanner::expect_char::bb5::call2,gpjson-rs/src/jsonpath.rs,221,20
1212,BASIC_BLOCK,jsonpath::JSONPathScanner::expect_char::bb6,gpjson-rs/src/jsonpath.rs,224,38
1213,CALL_SITE,jsonpath::JSONPathScanner::expect_char::bb6::call3,gpjson-rs/src/jsonpath.rs,224,38
1214,BASIC_BLOCK,jsonpath::JSONPathScanner::expect_char::bb7,gpjson-rs/src/jsonpath.rs,224,58
1215,CALL_SITE,jsonpath::JSONPathScanner::expect_char::bb7::call4,gpjson-rs/src/jsonpath.rs,224,58
1216,BASIC_BLOCK,jsonpath::JSONPathScanner::expect_char::bb8,gpjson-rs/src/jsonpath.rs,224,65
1217,CALL_SITE,jsonpath::JSONPathScanner::expect_char::bb8::call5,gpjson-rs/src/jsonpath.rs,224,65
1218,BASIC_BLOCK,jsonpath::JSONPathScanner::expect_char::bb9,/home/cicero-arch-omen/.rustup/toolchains/nightly-x86_64-unknown-linux-gnu/lib/rustlib/src/rust/library/alloc/src/macros.rs,114,33
1219,CALL_SITE,jsonpath::JSONPathScanner::expect_char::bb9::call6,/home/cicero-arch-omen/.rustup/toolchains/nightly-x86_64-unknown-linux-gnu/lib/rustlib/src/rust/library/alloc/src/macros.rs,114,33
1220,METHOD,jsonpath::JSONPathScanner::expect_char::fn,gpjson-rs/src/jsonpath.rs,220,5
1221,PARAM,jsonpath::JSONPathScanner::expect_char::param0,gpjson-rs/src/jsonpath.rs,220,24
1222,PARAM,jsonpath::JSONPathScanner::expect_char::param1,gpjson-rs/src/jsonpath.rs,220,35
1223,BASIC_BLOCK,jsonpath::JSONPathScanner::has_next::bb0,gpjson-rs/src/jsonpath.rs,186,9
1224,BASIC_BLOCK,jsonpath::JSONPathScanner::has_next::bb1,gpjson-rs/src/jsonpath.rs,186,31
1225,CALL_SITE,jsonpath::JSONPathScanner::has_next::bb1::call0,gpjson-rs/src/jsonpath.rs,186,31
1226,BASIC_BLOCK,jsonpath::JSONPathScanner::has_next::bb2,gpjson-rs/src/jsonpath.rs,187,6
1227,METHOD,jsonpath::JSONPathScanner::has_next::fn,gpjson-rs/src/jsonpath.rs,185,5
1228,PARAM,jsonpath::JSONPathScanner::has_next::param0,gpjson-rs/src/jsonpath.rs,185,21
1229,BASIC_BLOCK,jsonpath::JSONPathScanner::mark::bb0,gpjson-rs/src/jsonpath.rs,259,9
1230,CALL_SITE,jsonpath::JSONPathScanner::mark::bb0::call0,gpjson-rs/src/jsonpath.rs,259,9
1231,BASIC_BLOCK,jsonpath::JSONPathScanner::mark::bb1,gpjson-rs/src/jsonpath.rs,260,6
1232,METHOD,jsonpath::JSONPathScanner::mark::fn,gpjson-rs/src/jsonpath.rs,258,5
1233,PARAM,jsonpath::JSONPathScanner::mark::param0,gpjson-rs/src/jsonpath.rs,258,17
1234,FIELD,jsonpath::JSONPathScanner::marks,gpjson-rs/src/jsonpath.rs,170,1
1235,BASIC_BLOCK,jsonpath::JSONPathScanner::new::bb0,gpjson-rs/src/jsonpath.rs,179,20
1236,CALL_SITE,jsonpath::JSONPathScanner::new::bb0::call0,gpjson-rs/src/jsonpath.rs,179,20
1237,BASIC_BLOCK,jsonpath::JSONPathScanner::new::bb1,gpjson-rs/src/jsonpath.rs,179,20
1238,CALL_SITE,jsonpath::JSONPathScanner::new::bb1::call1,gpjson-rs/src/jsonpath.rs,179,20
1239,BASIC_BLOCK,jsonpath::JSONPathScanner::new::bb2,gpjson-rs/src/jsonpath.rs,181,20
1240,CALL_SITE,jsonpath::JSONPathScanner::new::bb2::call2,gpjson-rs/src/jsonpath.rs,181,20
1241,BASIC_BLOCK,jsonpath::JSONPathScanner::new::bb3,gpjson-rs/src/jsonpath.rs,183,6
1242,BASIC_BLOCK,jsonpath::JSONPathScanner::new::bb4,gpjson-rs/src/jsonpath.rs,182,9
1243,BASIC_BLOCK,jsonpath::JSONPathScanner::new::bb5,gpjson-rs/src/jsonpath.rs,177,5
1244,METHOD,jsonpath::JSONPathScanner::new::fn,gpjson-rs/src/jsonpath.rs,177,5
1245,PARAM,jsonpath::JSONPathScanner::new::param0,gpjson-rs/src/jsonpath.rs,177,16
1246,BASIC_BLOCK,jsonpath::JSONPathScanner::next::bb0,gpjson-rs/src/jsonpath.rs,190,13
1247,CALL_SITE,jsonpath::JSONPathScanner::next::bb0::call0,gpjson-rs/src/jsonpath.rs,190,13
1248,BASIC_BLOCK,jsonpath::JSONPathScanner::next::bb1,gpjson-rs/src/jsonpath.rs,190,13
1249,BASIC_BLOCK,jsonpath::JSONPathScanner::next::bb10,gpjson-rs/src/jsonpath.rs,198,6
1250,BASIC_BLOCK,jsonpath::JSONPathScanner::next::bb2,gpjson-rs/src/jsonpath.rs,196,9
1251,BASIC_BLOCK,jsonpath::JSONPathScanner::next::bb3,gpjson-rs/src/jsonpath.rs,192,49
1252,CALL_SITE,jsonpath::JSONPathScanner::next::bb3::call1,gpjson-rs/src/jsonpath.rs,192,49
1253,BASIC_BLOCK,jsonpath::JSONPathScanner::next::bb4,/home/cicero-arch-omen/.rustup/toolchains/nightly-x86_64-unknown-linux-gnu/lib/rustlib/src/rust/library/alloc/src/macros.rs,114,33
1254,CALL_SITE,jsonpath::JSONPathScanner::next::bb4::call2,/home/cicero-arch-omen/.rustup/toolchains/nightly-x86_64-unknown-linux-gnu/lib/rustlib/src/rust/library/alloc/src/macros.rs,114,33
1255,BASIC_BLOCK,jsonpath::JSONPathScanner::next::bb5,/home/cicero-arch-omen/.rustup/toolchains/nightly-x86_64-unknown-linux-gnu/lib/rustlib/src/rust/library/alloc/src/macros.rs,114,13
1256,CALL_SITE,jsonpath::JSONPathScanner::next::bb5::call3,/home/cicero-arch-omen/.rustup/toolchains/nightly-x86_64-unknown-linux-gnu/lib/rustlib/src/rust/library/alloc/src/macros.rs,114,13
1257,BASIC_BLOCK,jsonpath::JSONPathScanner::next::bb6,/home/cicero-arch-omen/.rustup/toolchains/nightly-x86_64-unknown-linux-gnu/lib/rustlib/src/rust/library/alloc/src/macros.rs,113,9
1258,CALL_SITE,jsonpath::JSONPathScanner::next::bb6::call4,/home/cicero-arch-omen/.rustup/toolchains/nightly-x86_64-unknown-linux-gnu/lib/rustlib/src/rust/library/alloc/src/macros.rs,113,9
1259,BASIC_BLOCK,jsonpath::JSONPathScanner::next::bb7,gpjson-rs/src/jsonpath.rs,198,6
1260,BASIC_BLOCK,jsonpath::JSONPathScanner::next::bb8,gpjson-rs/src/jsonpath.rs,197,22
1261,CALL_SITE,jsonpath::JSONPathScanner::next::bb8::call5,gpjson-rs/src/jsonpath.rs,197,22
1262,BASIC_BLOCK,jsonpath::JSONPathScanner::next::bb9,gpjson-rs/src/jsonpath.rs,198,6
1263,METHOD,jsonpath::JSONPathScanner::next::fn,gpjson-rs/src/jsonpath.rs,189,5
1264,PARAM,jsonpath::JSONPathScanner::next::param0,gpjson-rs/src/jsonpath.rs,189,17
1265,BASIC_BLOCK,jsonpath::JSONPathScanner::peek::bb0,gpjson-rs/src/jsonpath.rs,201,13
1266,CALL_SITE,jsonpath::JSONPathScanner::peek::bb0::call0,gpjson-rs/src/jsonpath.rs,201,13
1267,BASIC_BLOCK,jsonpath::JSONPathScanner::peek::bb1,gpjson-rs/src/jsonpath.rs,201,13
1268,BASIC_BLOCK,jsonpath::JSONPathScanner::peek::bb10,gpjson-rs/src/jsonpath.rs,208,6
1269,BASIC_BLOCK,jsonpath::JSONPathScanner::peek::bb2,gpjson-rs/src/jsonpath.rs,207,23
1270,BASIC_BLOCK,jsonpath::JSONPathScanner::peek::bb3,gpjson-rs/src/jsonpath.rs,203,49
1271,CALL_SITE,jsonpath::JSONPathScanner::peek::bb3::call1,gpjson-rs/src/jsonpath.rs,203,49
1272,BASIC_BLOCK,jsonpath::JSONPathScanner::peek::bb4,/home/cicero-arch-omen/.rustup/toolchains/nightly-x86_64-unknown-linux-gnu/lib/rustlib/src/rust/library/alloc/src/macros.rs,114,33
1273,CALL_SITE,jsonpath::JSONPathScanner::peek::bb4::call2,/home/cicero-arch-omen/.rustup/toolchains/nightly-x86_64-unknown-linux-gnu/lib/rustlib/src/rust/library/alloc/src/macros.rs,114,33
1274,BASIC_BLOCK,jsonpath::JSONPathScanner::peek::bb5,/home/cicero-arch-omen/.rustup/toolchains/nightly-x86_64-unknown-linux-gnu/lib/rustlib/src/rust/library/alloc/src/macros.rs,114,13
1275,CALL_SITE,jsonpath::JSONPathScanner::peek::bb5::call3,/home/cicero-arch-omen/.rustup/toolchains/nightly-x86_64-unknown-linux-gnu/lib/rustlib/src/rust/library/alloc/src/macros.rs,114,13
1276,BASIC_BLOCK,jsonpath::JSONPathScanner::peek::bb6,/home/cicero-arch-omen/.rustup/toolchains/nightly-x86_64-unknown-linux-gnu/lib/rustlib/src/rust/library/alloc/src/macros.rs,113,9
1277,CALL_SITE,jsonpath::JSONPathScanner::peek::bb6::call4,/home/cicero-arch-omen/.rustup/toolchains/nightly-x86_64-unknown-linux-gnu/lib/rustlib/src/rust/library/alloc/src/macros.rs,113,9
1278,BASIC_BLOCK,jsonpath::JSONPathScanner::peek::bb7,gpjson-rs/src/jsonpath.rs,208,6
1279,BASIC_BLOCK,jsonpath::JSONPathScanner::peek::bb8,gpjson-rs/src/jsonpath.rs,207,22
1280,CALL_SITE,jsonpath::JSONPathScanner::peek::bb8::call5,gpjson-rs/src/jsonpath.rs,207,22
1281,BASIC_BLOCK,jsonpath::JSONPathScanner::peek::bb9,gpjson-rs/src/jsonpath.rs,208,6
1282,METHOD,jsonpath::JSONPathScanner::peek::fn,gpjson-rs/src/jsonpath.rs,200,5
1283,PARAM,jsonpath::JSONPathScanner::peek::param0,gpjson-rs/src/jsonpath.rs,200,17
1284,FIELD,jsonpath::JSONPathScanner::position,gpjson-rs/src/jsonpath.rs,170,1
1285,BASIC_BLOCK,jsonpath::JSONPathScanner::position::bb0,gpjson-rs/src/jsonpath.rs,212,6
1286,METHOD,jsonpath::JSONPathScanner::position::fn,gpjson-rs/src/jsonpath.rs,210,5
1287,PARAM,jsonpath::JSONPathScanner::position::param0,gpjson-rs/src/jsonpath.rs,210,21
1288,BASIC_BLOCK,jsonpath::JSONPathScanner::reset::bb0,gpjson-rs/src/jsonpath.rs,263,28
1289,CALL_SITE,jsonpath::JSONPathScanner::reset::bb0::call0,gpjson-rs/src/jsonpath.rs,263,28
1290,BASIC_BLOCK,jsonpath::JSONPathScanner::reset::bb1,gpjson-rs/src/jsonpath.rs,263,16
1291,BASIC_BLOCK,jsonpath::JSONPathScanner::reset::bb2,gpjson-rs/src/jsonpath.rs,263,9
1292,BASIC_BLOCK,jsonpath::JSONPathScanner::reset::bb3,gpjson-rs/src/jsonpath.rs,266,6
1293,BASIC_BLOCK,jsonpath::JSONPathScanner::reset::bb4,gpjson-rs/src/jsonpath.rs,262,5
1294,METHOD,jsonpath::JSONPathScanner::reset::fn,gpjson-rs/src/jsonpath.rs,262,5
1295,PARAM,jsonpath::JSONPathScanner::reset::param0,gpjson-rs/src/jsonpath.rs,262,18
1296,BASIC_BLOCK,jsonpath::JSONPathScanner::skip_if_char::bb0,gpjson-rs/src/jsonpath.rs,232,13
1297,CALL_SITE,jsonpath::JSONPathScanner::skip_if_char::bb0::call0,gpjson-rs/src/jsonpath.rs,232,13
1298,BASIC_BLOCK,jsonpath::JSONPathScanner::skip_if_char::bb1,gpjson-rs/src/jsonpath.rs,232,13
1299,BASIC_BLOCK,jsonpath::JSONPathScanner::skip_if_char::bb10,gpjson-rs/src/lib.rs,1,1
1300,BASIC_BLOCK,jsonpath::JSONPathScanner::skip_if_char::bb11,gpjson-rs/src/jsonpath.rs,241,6
1301,BASIC_BLOCK,jsonpath::JSONPathScanner::skip_if_char::bb12,gpjson-rs/src/jsonpath.rs,241,6
1302,BASIC_BLOCK,jsonpath::JSONPathScanner::skip_if_char::bb2,gpjson-rs/src/jsonpath.rs,235,20
1303,CALL_SITE,jsonpath::JSONPathScanner::skip_if_char::bb2::call1,gpjson-rs/src/jsonpath.rs,235,20
1304,BASIC_BLOCK,jsonpath::JSONPathScanner::skip_if_char::bb3,gpjson-rs/src/lib.rs,1,1
1305,BASIC_BLOCK,jsonpath::JSONPathScanner::skip_if_char::bb4,gpjson-rs/src/jsonpath.rs,235,20
1306,CALL_SITE,jsonpath::JSONPathScanner::skip_if_char::bb4::call2,gpjson-rs/src/jsonpath.rs,235,20
1307,BASIC_BLOCK,jsonpath::JSONPathScanner::skip_if_char::bb5,gpjson-rs/src/jsonpath.rs,235,20
1308,BASIC_BLOCK,jsonpath::JSONPathScanner::skip_if_char::bb6,gpjson-rs/src/jsonpath.rs,235,20
1309,BASIC_BLOCK,jsonpath::JSONPathScanner::skip_if_char::bb7,gpjson-rs/src/jsonpath.rs,236,12
1310,BASIC_BLOCK,jsonpath::JSONPathScanner::skip_if_char::bb8,gpjson-rs/src/jsonpath.rs,235,20
1311,CALL_SITE,jsonpath::JSONPathScanner::skip_if_char::bb8::call3,gpjson-rs/src/jsonpath.rs,235,20
1312,BASIC_BLOCK,jsonpath::JSONPathScanner::skip_if_char::bb9,gpjson-rs/src/jsonpath.rs,237,13
1313,METHOD,jsonpath::JSONPathScanner::skip_if_char::fn,gpjson-rs/src/jsonpath.rs,231,5
1314,PARAM,jsonpath::JSONPathScanner::skip_if_char::param0,gpjson-rs/src/jsonpath.rs,231,25
1315,PARAM,jsonpath::JSONPathScanner::skip_if_char::param1,gpjson-rs/src/jsonpath.rs,231,36
1316,BASIC_BLOCK,jsonpath::JSONPathScanner::substring::bb0,gpjson-rs/src/jsonpath.rs,215,21
1317,BASIC_BLOCK,jsonpath::JSONPathScanner::substring::bb1,gpjson-rs/src/jsonpath.rs,216,19
1318,BASIC_BLOCK,jsonpath::JSONPathScanner::substring::bb2,gpjson-rs/src/jsonpath.rs,217,44
1319,CALL_SITE,jsonpath::JSONPathScanner::substring::bb2::call0,gpjson-rs/src/jsonpath.rs,217,44
1320,BASIC_BLOCK,jsonpath::JSONPathScanner::substring::bb3,gpjson-rs/src/jsonpath.rs,217,9
1321,CALL_SITE,jsonpath::JSONPathScanner::substring::bb3::call1,gpjson-rs/src/jsonpath.rs,217,9
1322,BASIC_BLOCK,jsonpath::JSONPathScanner::substring::bb4,gpjson-rs/src/jsonpath.rs,217,9
1323,CALL_SITE,jsonpath::JSONPathScanner::substring::bb4::call2,gpjson-rs/src/jsonpath.rs,217,9
1324,BASIC_BLOCK,jsonpath::JSONPathScanner::substring::bb5,gpjson-rs/src/jsonpath.rs,218,5
1325,BASIC_BLOCK,jsonpath::JSONPathScanner::substring::bb6,gpjson-rs/src/jsonpath.rs,218,6
1326,BASIC_BLOCK,jsonpath::JSONPathScanner::substring::bb7,gpjson-rs/src/jsonpath.rs,218,5
1327,BASIC_BLOCK,jsonpath::JSONPathScanner::substring::bb8,gpjson-rs/src/jsonpath.rs,214,5
1328,METHOD,jsonpath::JSONPathScanner::substring::fn,gpjson-rs/src/jsonpath.rs,214,5
1329,PARAM,jsonpath::JSONPathScanner::substring::param0,gpjson-rs/src/jsonpath.rs,214,22
1330,PARAM,jsonpath::JSONPathScanner::substring::param1,gpjson-rs/src/jsonpath.rs,214,29
1331,PARAM,jsonpath::JSONPathScanner::substring::param2,gpjson-rs/src/jsonpath.rs,214,43
1332,BASIC_BLOCK,jsonpath::JSONPathScanner::unsupported_next::bb0,gpjson-rs/src/jsonpath.rs,254,34
1333,BASIC_BLOCK,jsonpath::JSONPathScanner::unsupported_next::bb1,gpjson-rs/src/jsonpath.rs,254,33
1334,CALL_SITE,jsonpath::JSONPathScanner::unsupported_next::bb1::call0,gpjson-rs/src/jsonpath.rs,254,33
1335,BASIC_BLOCK,jsonpath::JSONPathScanner::unsupported_next::bb2,gpjson-rs/src/jsonpath.rs,255,68
1336,BASIC_BLOCK,jsonpath::JSONPathScanner::unsupported_next::bb3,gpjson-rs/src/jsonpath.rs,255,45
1337,CALL_SITE,jsonpath::JSONPathScanner::unsupported_next::bb3::call1,gpjson-rs/src/jsonpath.rs,255,45
1338,BASIC_BLOCK,jsonpath::JSONPathScanner::unsupported_next::bb4,gpjson-rs/src/jsonpath.rs,255,51
1339,CALL_SITE,jsonpath::JSONPathScanner::unsupported_next::bb4::call2,gpjson-rs/src/jsonpath.rs,255,51
1340,BASIC_BLOCK,jsonpath::JSONPathScanner::unsupported_next::bb5,gpjson-rs/src/jsonpath.rs,255,56
1341,CALL_SITE,jsonpath::JSONPathScanner::unsupported_next::bb5::call3,gpjson-rs/src/jsonpath.rs,255,56
1342,BASIC_BLOCK,jsonpath::JSONPathScanner::unsupported_next::bb6,/home/cicero-arch-omen/.rustup/toolchains/nightly-x86_64-unknown-linux-gnu/lib/rustlib/src/rust/library/alloc/src/macros.rs,114,33
1343,CALL_SITE,jsonpath::JSONPathScanner::unsupported_next::bb6::call4,/home/cicero-arch-omen/.rustup/toolchains/nightly-x86_64-unknown-linux-gnu/lib/rustlib/src/rust/library/alloc/src/macros.rs,114,33
1344,BASIC_BLOCK,jsonpath::JSONPathScanner::unsupported_next::bb7,/home/cicero-arch-omen/.rustup/toolchains/nightly-x86_64-unknown-linux-gnu/lib/rustlib/src/rust/library/alloc/src/macros.rs,114,13
1345,CALL_SITE,jsonpath::JSONPathScanner::unsupported_next::bb7::call5,/home/cicero-arch-omen/.rustup/toolchains/nightly-x86_64-unknown-linux-gnu/lib/rustlib/src/rust/library/alloc/src/macros.rs,114,13
1346,BASIC_BLOCK,jsonpath::JSONPathScanner::unsupported_next::bb8,/home/cicero-arch-omen/.rustup/toolchains/nightly-x86_64-unknown-linux-gnu/lib/rustlib/src/rust/library/alloc/src/macros.rs,113,9
1347,CALL_SITE,jsonpath::JSONPathScanner::unsupported_next::bb8::call6,/home/cicero-arch-omen/.rustup/toolchains/nightly-x86_64-unknown-linux-gnu/lib/rustlib/src/rust/library/alloc/src/macros.rs,113,9
1348,BASIC_BLOCK,jsonpath::JSONPathScanner::unsupported_next::bb9,gpjson-rs/src/jsonpath.rs,256,6
1349,METHOD,jsonpath::JSONPathScanner::unsupported_next::fn,gpjson-rs/src/jsonpath.rs,253,5
1350,PARAM,jsonpath::JSONPathScanner::unsupported_next::param0,gpjson-rs/src/jsonpath.rs,253,29
1351,PARAM,jsonpath::JSONPathScanner::unsupported_next::param1,gpjson-rs/src/jsonpath.rs,253,36
1352,ENUM,jsonpath::Opcode,gpjson-rs/src/jsonpath.rs,5,1
1353,BASIC_BLOCK,main::bb0,gpjson-rs/src/lib.rs,1,1
1354,CALL_SITE,main::bb0::call0,gpjson-rs/src/lib.rs,1,1
1355,BASIC_BLOCK,main::bb1,gpjson-rs/src/lib.rs,1,1
1356,FUNCTION,main::fn,gpjson-rs/src/lib.rs,1,1
1357,BASIC_BLOCK,query_file::bb0,gpjson-rs/src/lib.rs,121,8
1358,CALL_SITE,query_file::bb0::call0,gpjson-rs/src/lib.rs,121,8
1359,BASIC_BLOCK,query_file::bb1,gpjson-rs/src/lib.rs,121,8
1360,BASIC_BLOCK,query_file::bb10,gpjson-rs/src/lib.rs,129,8
1361,BASIC_BLOCK,query_file::bb100,gpjson-rs/src/lib.rs,184,5
1362,CALL_SITE,query_file::bb100::call68,gpjson-rs/src/lib.rs,184,5
1363,BASIC_BLOCK,query_file::bb101,gpjson-rs/src/lib.rs,184,5
1364,CALL_SITE,query_file::bb101::call69,gpjson-rs/src/lib.rs,184,5
1365,BASIC_BLOCK,query_file::bb102,gpjson-rs/src/lib.rs,184,5
1366,BASIC_BLOCK,query_file::bb103,gpjson-rs/src/lib.rs,190,18
1367,CALL_SITE,query_file::bb103::call70,gpjson-rs/src/lib.rs,190,18
1368,BASIC_BLOCK,query_file::bb104,gpjson-rs/src/lib.rs,184,5
1369,CALL_SITE,query_file::bb104::call71,gpjson-rs/src/lib.rs,184,5
1370,BASIC_BLOCK,query_file::bb105,gpjson-rs/src/lib.rs,190,18
1371,CALL_SITE,query_file::bb105::call72,gpjson-rs/src/lib.rs,190,18
1372,BASIC_BLOCK,query_file::bb106,gpjson-rs/src/lib.rs,190,18
1373,CALL_SITE,query_file::bb106::call73,gpjson-rs/src/lib.rs,190,18
1374,BASIC_BLOCK,query_file::bb107,gpjson-rs/src/lib.rs,190,5
1375,BASIC_BLOCK,query_file::bb108,gpjson-rs/src/lib.rs,190,18
1376,CALL_SITE,query_file::bb108::call74,gpjson-rs/src/lib.rs,190,18
1377,BASIC_BLOCK,query_file::bb109,gpjson-rs/src/lib.rs,190,18
1378,BASIC_BLOCK,query_file::bb11,gpjson-rs/src/lib.rs,131,13
1379,BASIC_BLOCK,query_file::bb110,gpjson-rs/src/lib.rs,193,15
1380,CALL_SITE,query_file::bb110::call75,gpjson-rs/src/lib.rs,193,15
1381,BASIC_BLOCK,query_file::bb111,gpjson-rs/src/lib.rs,197,9
1382,CALL_SITE,query_file::bb111::call76,gpjson-rs/src/lib.rs,197,9
1383,BASIC_BLOCK,query_file::bb112,gpjson-rs/src/lib.rs,190,5
1384,BASIC_BLOCK,query_file::bb113,gpjson-rs/src/lib.rs,198,9
1385,CALL_SITE,query_file::bb113::call77,gpjson-rs/src/lib.rs,198,9
1386,BASIC_BLOCK,query_file::bb114,gpjson-rs/src/lib.rs,198,9
1387,BASIC_BLOCK,query_file::bb115,gpjson-rs/src/lib.rs,196,5
1388,CALL_SITE,query_file::bb115::call78,gpjson-rs/src/lib.rs,196,5
1389,BASIC_BLOCK,query_file::bb116,gpjson-rs/src/lib.rs,196,5
1390,CALL_SITE,query_file::bb116::call79,gpjson-rs/src/lib.rs,196,5
1391,BASIC_BLOCK,query_file::bb117,gpjson-rs/src/lib.rs,196,5
1392,BASIC_BLOCK,query_file::bb118,gpjson-rs/src/lib.rs,201,8
1393,BASIC_BLOCK,query_file::bb119,gpjson-rs/src/lib.rs,196,5
1394,CALL_SITE,query_file::bb119::call80,gpjson-rs/src/lib.rs,196,5
1395,CALL_SITE,query_file::bb11::call6,gpjson-rs/src/lib.rs,131,13
1396,BASIC_BLOCK,query_file::bb12,gpjson-rs/src/lib.rs,1,1
1397,BASIC_BLOCK,query_file::bb120,gpjson-rs/src/lib.rs,203,13
1398,CALL_SITE,query_file::bb120::call81,gpjson-rs/src/lib.rs,203,13
1399,BASIC_BLOCK,query_file::bb121,gpjson-rs/src/lib.rs,209,50
1400,BASIC_BLOCK,query_file::bb122,gpjson-rs/src/lib.rs,1,1
1401,BASIC_BLOCK,query_file::bb123,gpjson-rs/src/lib.rs,209,32
1402,CALL_SITE,query_file::bb123::call82,gpjson-rs/src/lib.rs,209,32
1403,BASIC_BLOCK,query_file::bb124,gpjson-rs/src/lib.rs,209,32
1404,CALL_SITE,query_file::bb124::call83,gpjson-rs/src/lib.rs,209,32
1405,BASIC_BLOCK,query_file::bb125,gpjson-rs/src/lib.rs,209,32
1406,BASIC_BLOCK,query_file::bb126,gpjson-rs/src/lib.rs,210,5
1407,CALL_SITE,query_file::bb126::call84,gpjson-rs/src/lib.rs,210,5
1408,BASIC_BLOCK,query_file::bb127,gpjson-rs/src/lib.rs,209,32
1409,CALL_SITE,query_file::bb127::call85,gpjson-rs/src/lib.rs,209,32
1410,BASIC_BLOCK,query_file::bb128,gpjson-rs/src/lib.rs,210,5
1411,CALL_SITE,query_file::bb128::call86,gpjson-rs/src/lib.rs,210,5
1412,BASIC_BLOCK,query_file::bb129,gpjson-rs/src/lib.rs,210,5
1413,BASIC_BLOCK,query_file::bb13,gpjson-rs/src/lib.rs,135,24
1414,BASIC_BLOCK,query_file::bb130,gpjson-rs/src/lib.rs,213,9
1415,CALL_SITE,query_file::bb130::call87,gpjson-rs/src/lib.rs,213,9
1416,BASIC_BLOCK,query_file::bb131,gpjson-rs/src/lib.rs,210,5
1417,CALL_SITE,query_file::bb131::call88,gpjson-rs/src/lib.rs,210,5
1418,BASIC_BLOCK,query_file::bb132,gpjson-rs/src/lib.rs,215,9
1419,CALL_SITE,query_file::bb132::call89,gpjson-rs/src/lib.rs,215,9
1420,BASIC_BLOCK,query_file::bb133,gpjson-rs/src/lib.rs,216,9
1421,CALL_SITE,query_file::bb133::call90,gpjson-rs/src/lib.rs,216,9
1422,BASIC_BLOCK,query_file::bb134,gpjson-rs/src/lib.rs,217,9
1423,CALL_SITE,query_file::bb134::call91,gpjson-rs/src/lib.rs,217,9
1424,BASIC_BLOCK,query_file::bb135,gpjson-rs/src/lib.rs,219,9
1425,CALL_SITE,query_file::bb135::call92,gpjson-rs/src/lib.rs,219,9
1426,BASIC_BLOCK,query_file::bb136,gpjson-rs/src/lib.rs,212,5
1427,CALL_SITE,query_file::bb136::call93,gpjson-rs/src/lib.rs,212,5
1428,BASIC_BLOCK,query_file::bb137,gpjson-rs/src/lib.rs,212,5
1429,CALL_SITE,query_file::bb137::call94,gpjson-rs/src/lib.rs,212,5
1430,BASIC_BLOCK,query_file::bb138,gpjson-rs/src/lib.rs,212,5
1431,BASIC_BLOCK,query_file::bb139,gpjson-rs/src/lib.rs,223,9
1432,CALL_SITE,query_file::bb139::call95,gpjson-rs/src/lib.rs,223,9
1433,CALL_SITE,query_file::bb13::call7,gpjson-rs/src/lib.rs,135,24
1434,BASIC_BLOCK,query_file::bb14,gpjson-rs/src/lib.rs,140,18
1435,BASIC_BLOCK,query_file::bb140,gpjson-rs/src/lib.rs,212,5
1436,CALL_SITE,query_file::bb140::call96,gpjson-rs/src/lib.rs,212,5
1437,BASIC_BLOCK,query_file::bb141,gpjson-rs/src/lib.rs,225,9
1438,CALL_SITE,query_file::bb141::call97,gpjson-rs/src/lib.rs,225,9
1439,BASIC_BLOCK,query_file::bb142,gpjson-rs/src/lib.rs,226,9
1440,CALL_SITE,query_file::bb142::call98,gpjson-rs/src/lib.rs,226,9
1441,BASIC_BLOCK,query_file::bb143,gpjson-rs/src/lib.rs,227,9
1442,CALL_SITE,query_file::bb143::call99,gpjson-rs/src/lib.rs,227,9
1443,BASIC_BLOCK,query_file::bb144,gpjson-rs/src/lib.rs,222,5
1444,CALL_SITE,query_file::bb144::call100,gpjson-rs/src/lib.rs,222,5
1445,BASIC_BLOCK,query_file::bb145,gpjson-rs/src/lib.rs,222,5
1446,CALL_SITE,query_file::bb145::call101,gpjson-rs/src/lib.rs,222,5
1447,BASIC_BLOCK,query_file::bb146,gpjson-rs/src/lib.rs,222,5
1448,BASIC_BLOCK,query_file::bb147,/home/cicero-arch-omen/.rustup/toolchains/nightly-x86_64-unknown-linux-gnu/lib/rustlib/src/rust/library/alloc/src/macros.rs,47,9
1449,CALL_SITE,query_file::bb147::call102,/home/cicero-arch-omen/.rustup/toolchains/nightly-x86_64-unknown-linux-gnu/lib/rustlib/src/rust/library/alloc/src/macros.rs,47,9
1450,BASIC_BLOCK,query_file::bb148,gpjson-rs/src/lib.rs,222,5
1451,CALL_SITE,query_file::bb148::call103,gpjson-rs/src/lib.rs,222,5
1452,BASIC_BLOCK,query_file::bb149,gpjson-rs/src/lib.rs,233,9
1453,CALL_SITE,query_file::bb149::call104,gpjson-rs/src/lib.rs,233,9
1454,CALL_SITE,query_file::bb14::call8,gpjson-rs/src/lib.rs,140,18
1455,BASIC_BLOCK,query_file::bb15,gpjson-rs/src/lib.rs,140,5
1456,BASIC_BLOCK,query_file::bb150,gpjson-rs/src/lib.rs,234,9
1457,CALL_SITE,query_file::bb150::call105,gpjson-rs/src/lib.rs,234,9
1458,BASIC_BLOCK,query_file::bb151,gpjson-rs/src/lib.rs,232,5
1459,CALL_SITE,query_file::bb151::call106,gpjson-rs/src/lib.rs,232,5
1460,BASIC_BLOCK,query_file::bb152,gpjson-rs/src/lib.rs,232,5
1461,CALL_SITE,query_file::bb152::call107,gpjson-rs/src/lib.rs,232,5
1462,BASIC_BLOCK,query_file::bb153,gpjson-rs/src/lib.rs,232,5
1463,BASIC_BLOCK,query_file::bb154,gpjson-rs/src/lib.rs,238,18
1464,CALL_SITE,query_file::bb154::call108,gpjson-rs/src/lib.rs,238,18
1465,BASIC_BLOCK,query_file::bb155,gpjson-rs/src/lib.rs,232,5
1466,CALL_SITE,query_file::bb155::call109,gpjson-rs/src/lib.rs,232,5
1467,BASIC_BLOCK,query_file::bb156,gpjson-rs/src/lib.rs,238,18
1468,CALL_SITE,query_file::bb156::call110,gpjson-rs/src/lib.rs,238,18
1469,BASIC_BLOCK,query_file::bb157,gpjson-rs/src/lib.rs,238,18
1470,CALL_SITE,query_file::bb157::call111,gpjson-rs/src/lib.rs,238,18
1471,BASIC_BLOCK,query_file::bb158,gpjson-rs/src/lib.rs,238,5
1472,BASIC_BLOCK,query_file::bb159,gpjson-rs/src/lib.rs,238,18
1473,CALL_SITE,query_file::bb159::call112,gpjson-rs/src/lib.rs,238,18
1474,BASIC_BLOCK,query_file::bb16,gpjson-rs/src/lib.rs,140,18
1475,BASIC_BLOCK,query_file::bb160,gpjson-rs/src/lib.rs,238,18
1476,BASIC_BLOCK,query_file::bb161,gpjson-rs/src/lib.rs,238,5
1477,BASIC_BLOCK,query_file::bb162,gpjson-rs/src/lib.rs,245,9
1478,CALL_SITE,query_file::bb162::call113,gpjson-rs/src/lib.rs,245,9
1479,BASIC_BLOCK,query_file::bb163,gpjson-rs/src/lib.rs,246,9
1480,CALL_SITE,query_file::bb163::call114,gpjson-rs/src/lib.rs,246,9
1481,BASIC_BLOCK,query_file::bb164,gpjson-rs/src/lib.rs,244,5
1482,CALL_SITE,query_file::bb164::call115,gpjson-rs/src/lib.rs,244,5
1483,BASIC_BLOCK,query_file::bb165,gpjson-rs/src/lib.rs,244,5
1484,CALL_SITE,query_file::bb165::call116,gpjson-rs/src/lib.rs,244,5
1485,BASIC_BLOCK,query_file::bb166,gpjson-rs/src/lib.rs,244,5
1486,BASIC_BLOCK,query_file::bb167,gpjson-rs/src/lib.rs,251,9
1487,CALL_SITE,query_file::bb167::call117,gpjson-rs/src/lib.rs,251,9
1488,BASIC_BLOCK,query_file::bb168,gpjson-rs/src/lib.rs,244,5
1489,CALL_SITE,query_file::bb168::call118,gpjson-rs/src/lib.rs,244,5
1490,BASIC_BLOCK,query_file::bb169,gpjson-rs/src/lib.rs,252,9
1491,CALL_SITE,query_file::bb169::call119,gpjson-rs/src/lib.rs,252,9
1492,CALL_SITE,query_file::bb16::call9,gpjson-rs/src/lib.rs,140,18
1493,BASIC_BLOCK,query_file::bb17,gpjson-rs/src/lib.rs,140,18
1494,BASIC_BLOCK,query_file::bb170,gpjson-rs/src/lib.rs,249,5
1495,CALL_SITE,query_file::bb170::call120,gpjson-rs/src/lib.rs,249,5
1496,BASIC_BLOCK,query_file::bb171,gpjson-rs/src/lib.rs,249,5
1497,CALL_SITE,query_file::bb171::call121,gpjson-rs/src/lib.rs,249,5
1498,BASIC_BLOCK,query_file::bb172,gpjson-rs/src/lib.rs,249,5
1499,BASIC_BLOCK,query_file::bb173,gpjson-rs/src/lib.rs,255,24
1500,CALL_SITE,query_file::bb173::call122,gpjson-rs/src/lib.rs,255,24
1501,BASIC_BLOCK,query_file::bb174,gpjson-rs/src/lib.rs,249,5
1502,CALL_SITE,query_file::bb174::call123,gpjson-rs/src/lib.rs,249,5
1503,BASIC_BLOCK,query_file::bb175,gpjson-rs/src/lib.rs,255,24
1504,CALL_SITE,query_file::bb175::call124,gpjson-rs/src/lib.rs,255,24
1505,BASIC_BLOCK,query_file::bb176,gpjson-rs/src/lib.rs,255,24
1506,BASIC_BLOCK,query_file::bb177,gpjson-rs/src/lib.rs,255,23
1507,BASIC_BLOCK,query_file::bb178,gpjson-rs/src/lib.rs,255,22
1508,BASIC_BLOCK,query_file::bb179,gpjson-rs/src/lib.rs,255,22
1509,BASIC_BLOCK,query_file::bb18,gpjson-rs/src/lib.rs,141,42
1510,BASIC_BLOCK,query_file::bb180,gpjson-rs/src/lib.rs,256,32
1511,BASIC_BLOCK,query_file::bb181,gpjson-rs/src/lib.rs,258,52
1512,BASIC_BLOCK,query_file::bb182,gpjson-rs/src/lib.rs,258,34
1513,CALL_SITE,query_file::bb182::call125,gpjson-rs/src/lib.rs,258,34
1514,BASIC_BLOCK,query_file::bb183,gpjson-rs/src/lib.rs,258,34
1515,CALL_SITE,query_file::bb183::call126,gpjson-rs/src/lib.rs,258,34
1516,BASIC_BLOCK,query_file::bb184,gpjson-rs/src/lib.rs,258,34
1517,BASIC_BLOCK,query_file::bb185,gpjson-rs/src/lib.rs,259,5
1518,CALL_SITE,query_file::bb185::call127,gpjson-rs/src/lib.rs,259,5
1519,BASIC_BLOCK,query_file::bb186,gpjson-rs/src/lib.rs,258,34
1520,CALL_SITE,query_file::bb186::call128,gpjson-rs/src/lib.rs,258,34
1521,BASIC_BLOCK,query_file::bb187,gpjson-rs/src/lib.rs,259,5
1522,CALL_SITE,query_file::bb187::call129,gpjson-rs/src/lib.rs,259,5
1523,BASIC_BLOCK,query_file::bb188,gpjson-rs/src/lib.rs,259,5
1524,BASIC_BLOCK,query_file::bb189,gpjson-rs/src/lib.rs,261,30
1525,CALL_SITE,query_file::bb189::call130,gpjson-rs/src/lib.rs,261,30
1526,CALL_SITE,query_file::bb18::call10,gpjson-rs/src/lib.rs,141,42
1527,BASIC_BLOCK,query_file::bb19,gpjson-rs/src/lib.rs,148,8
1528,BASIC_BLOCK,query_file::bb190,gpjson-rs/src/lib.rs,259,5
1529,CALL_SITE,query_file::bb190::call131,gpjson-rs/src/lib.rs,259,5
1530,BASIC_BLOCK,query_file::bb191,gpjson-rs/src/lib.rs,261,30
1531,CALL_SITE,query_file::bb191::call132,gpjson-rs/src/lib.rs,261,30
1532,BASIC_BLOCK,query_file::bb192,gpjson-rs/src/lib.rs,261,30
1533,BASIC_BLOCK,query_file::bb193,gpjson-rs/src/lib.rs,264,9
1534,CALL_SITE,query_file::bb193::call133,gpjson-rs/src/lib.rs,264,9
1535,BASIC_BLOCK,query_file::bb194,gpjson-rs/src/lib.rs,261,30
1536,CALL_SITE,query_file::bb194::call134,gpjson-rs/src/lib.rs,261,30
1537,BASIC_BLOCK,query_file::bb195,gpjson-rs/src/lib.rs,266,9
1538,CALL_SITE,query_file::bb195::call135,gpjson-rs/src/lib.rs,266,9
1539,BASIC_BLOCK,query_file::bb196,gpjson-rs/src/lib.rs,267,9
1540,CALL_SITE,query_file::bb196::call136,gpjson-rs/src/lib.rs,267,9
1541,BASIC_BLOCK,query_file::bb197,gpjson-rs/src/lib.rs,263,5
1542,CALL_SITE,query_file::bb197::call137,gpjson-rs/src/lib.rs,263,5
1543,BASIC_BLOCK,query_file::bb198,gpjson-rs/src/lib.rs,263,5
1544,CALL_SITE,query_file::bb198::call138,gpjson-rs/src/lib.rs,263,5
1545,BASIC_BLOCK,query_file::bb199,gpjson-rs/src/lib.rs,263,5
1546,BASIC_BLOCK,query_file::bb2,gpjson-rs/src/lib.rs,123,13
1547,BASIC_BLOCK,query_file::bb20,gpjson-rs/src/lib.rs,141,22
1548,BASIC_BLOCK,query_file::bb200,/home/cicero-arch-omen/.rustup/toolchains/nightly-x86_64-unknown-linux-gnu/lib/rustlib/src/rust/library/alloc/src/macros.rs,47,9
1549,CALL_SITE,query_file::bb200::call139,/home/cicero-arch-omen/.rustup/toolchains/nightly-x86_64-unknown-linux-gnu/lib/rustlib/src/rust/library/alloc/src/macros.rs,47,9
1550,BASIC_BLOCK,query_file::bb201,gpjson-rs/src/lib.rs,263,5
1551,CALL_SITE,query_file::bb201::call140,gpjson-rs/src/lib.rs,263,5
1552,BASIC_BLOCK,query_file::bb202,gpjson-rs/src/lib.rs,272,9
1553,CALL_SITE,query_file::bb202::call141,gpjson-rs/src/lib.rs,272,9
1554,BASIC_BLOCK,query_file::bb203,gpjson-rs/src/lib.rs,273,9
1555,CALL_SITE,query_file::bb203::call142,gpjson-rs/src/lib.rs,273,9
1556,BASIC_BLOCK,query_file::bb204,gpjson-rs/src/lib.rs,271,5
1557,CALL_SITE,query_file::bb204::call143,gpjson-rs/src/lib.rs,271,5
1558,BASIC_BLOCK,query_file::bb205,gpjson-rs/src/lib.rs,271,5
1559,CALL_SITE,query_file::bb205::call144,gpjson-rs/src/lib.rs,271,5
1560,BASIC_BLOCK,query_file::bb206,gpjson-rs/src/lib.rs,271,5
1561,BASIC_BLOCK,query_file::bb207,gpjson-rs/src/lib.rs,277,18
1562,CALL_SITE,query_file::bb207::call145,gpjson-rs/src/lib.rs,277,18
1563,BASIC_BLOCK,query_file::bb208,gpjson-rs/src/lib.rs,271,5
1564,CALL_SITE,query_file::bb208::call146,gpjson-rs/src/lib.rs,271,5
1565,BASIC_BLOCK,query_file::bb209,gpjson-rs/src/lib.rs,277,18
1566,CALL_SITE,query_file::bb209::call147,gpjson-rs/src/lib.rs,277,18
1567,CALL_SITE,query_file::bb20::call11,gpjson-rs/src/lib.rs,141,22
1568,BASIC_BLOCK,query_file::bb21,gpjson-rs/src/lib.rs,141,22
1569,BASIC_BLOCK,query_file::bb210,gpjson-rs/src/lib.rs,277,18
1570,CALL_SITE,query_file::bb210::call148,gpjson-rs/src/lib.rs,277,18
1571,BASIC_BLOCK,query_file::bb211,gpjson-rs/src/lib.rs,277,5
1572,BASIC_BLOCK,query_file::bb212,gpjson-rs/src/lib.rs,277,18
1573,CALL_SITE,query_file::bb212::call149,gpjson-rs/src/lib.rs,277,18
1574,BASIC_BLOCK,query_file::bb213,gpjson-rs/src/lib.rs,277,18
1575,BASIC_BLOCK,query_file::bb214,gpjson-rs/src/lib.rs,280,17
1576,CALL_SITE,query_file::bb214::call150,gpjson-rs/src/lib.rs,280,17
1577,BASIC_BLOCK,query_file::bb215,gpjson-rs/src/lib.rs,284,9
1578,CALL_SITE,query_file::bb215::call151,gpjson-rs/src/lib.rs,284,9
1579,BASIC_BLOCK,query_file::bb216,gpjson-rs/src/lib.rs,277,5
1580,BASIC_BLOCK,query_file::bb217,gpjson-rs/src/lib.rs,285,9
1581,CALL_SITE,query_file::bb217::call152,gpjson-rs/src/lib.rs,285,9
1582,BASIC_BLOCK,query_file::bb218,gpjson-rs/src/lib.rs,283,5
1583,CALL_SITE,query_file::bb218::call153,gpjson-rs/src/lib.rs,283,5
1584,BASIC_BLOCK,query_file::bb219,gpjson-rs/src/lib.rs,283,5
1585,CALL_SITE,query_file::bb219::call154,gpjson-rs/src/lib.rs,283,5
1586,CALL_SITE,query_file::bb21::call12,gpjson-rs/src/lib.rs,141,22
1587,BASIC_BLOCK,query_file::bb22,gpjson-rs/src/lib.rs,141,22
1588,BASIC_BLOCK,query_file::bb220,gpjson-rs/src/lib.rs,283,5
1589,BASIC_BLOCK,query_file::bb221,gpjson-rs/src/lib.rs,289,9
1590,CALL_SITE,query_file::bb221::call155,gpjson-rs/src/lib.rs,289,9
1591,BASIC_BLOCK,query_file::bb222,gpjson-rs/src/lib.rs,283,5
1592,CALL_SITE,query_file::bb222::call156,gpjson-rs/src/lib.rs,283,5
1593,BASIC_BLOCK,query_file::bb223,gpjson-rs/src/lib.rs,291,9
1594,CALL_SITE,query_file::bb223::call157,gpjson-rs/src/lib.rs,291,9
1595,BASIC_BLOCK,query_file::bb224,gpjson-rs/src/lib.rs,292,9
1596,CALL_SITE,query_file::bb224::call158,gpjson-rs/src/lib.rs,292,9
1597,BASIC_BLOCK,query_file::bb225,gpjson-rs/src/lib.rs,293,9
1598,CALL_SITE,query_file::bb225::call159,gpjson-rs/src/lib.rs,293,9
1599,BASIC_BLOCK,query_file::bb226,gpjson-rs/src/lib.rs,288,5
1600,CALL_SITE,query_file::bb226::call160,gpjson-rs/src/lib.rs,288,5
1601,BASIC_BLOCK,query_file::bb227,gpjson-rs/src/lib.rs,288,5
1602,CALL_SITE,query_file::bb227::call161,gpjson-rs/src/lib.rs,288,5
1603,BASIC_BLOCK,query_file::bb228,gpjson-rs/src/lib.rs,288,5
1604,BASIC_BLOCK,query_file::bb229,gpjson-rs/src/lib.rs,299,5
1605,CALL_SITE,query_file::bb229::call162,gpjson-rs/src/lib.rs,299,5
1606,CALL_SITE,query_file::bb22::call13,gpjson-rs/src/lib.rs,141,22
1607,BASIC_BLOCK,query_file::bb23,gpjson-rs/src/lib.rs,141,22
1608,BASIC_BLOCK,query_file::bb230,gpjson-rs/src/lib.rs,288,5
1609,CALL_SITE,query_file::bb230::call163,gpjson-rs/src/lib.rs,288,5
1610,BASIC_BLOCK,query_file::bb231,gpjson-rs/src/lib.rs,299,5
1611,CALL_SITE,query_file::bb231::call164,gpjson-rs/src/lib.rs,299,5
1612,BASIC_BLOCK,query_file::bb232,gpjson-rs/src/lib.rs,299,5
1613,BASIC_BLOCK,query_file::bb233,gpjson-rs/src/lib.rs,301,28
1614,CALL_SITE,query_file::bb233::call165,gpjson-rs/src/lib.rs,301,28
1615,BASIC_BLOCK,query_file::bb234,gpjson-rs/src/lib.rs,299,5
1616,CALL_SITE,query_file::bb234::call166,gpjson-rs/src/lib.rs,299,5
1617,BASIC_BLOCK,query_file::bb235,gpjson-rs/src/lib.rs,302,22
1618,BASIC_BLOCK,query_file::bb236,gpjson-rs/src/lib.rs,302,22
1619,BASIC_BLOCK,query_file::bb237,gpjson-rs/src/lib.rs,304,43
1620,BASIC_BLOCK,query_file::bb238,gpjson-rs/src/lib.rs,304,25
1621,CALL_SITE,query_file::bb238::call167,gpjson-rs/src/lib.rs,304,25
1622,BASIC_BLOCK,query_file::bb239,gpjson-rs/src/lib.rs,304,25
1623,CALL_SITE,query_file::bb239::call168,gpjson-rs/src/lib.rs,304,25
1624,BASIC_BLOCK,query_file::bb24,gpjson-rs/src/lib.rs,142,21
1625,BASIC_BLOCK,query_file::bb240,gpjson-rs/src/lib.rs,304,25
1626,BASIC_BLOCK,query_file::bb241,gpjson-rs/src/lib.rs,305,42
1627,CALL_SITE,query_file::bb241::call169,gpjson-rs/src/lib.rs,305,42
1628,BASIC_BLOCK,query_file::bb242,gpjson-rs/src/lib.rs,304,25
1629,CALL_SITE,query_file::bb242::call170,gpjson-rs/src/lib.rs,304,25
1630,BASIC_BLOCK,query_file::bb243,gpjson-rs/src/lib.rs,305,24
1631,CALL_SITE,query_file::bb243::call171,gpjson-rs/src/lib.rs,305,24
1632,BASIC_BLOCK,query_file::bb244,gpjson-rs/src/lib.rs,305,24
1633,CALL_SITE,query_file::bb244::call172,gpjson-rs/src/lib.rs,305,24
1634,BASIC_BLOCK,query_file::bb245,gpjson-rs/src/lib.rs,305,24
1635,BASIC_BLOCK,query_file::bb246,gpjson-rs/src/lib.rs,307,42
1636,CALL_SITE,query_file::bb246::call173,gpjson-rs/src/lib.rs,307,42
1637,BASIC_BLOCK,query_file::bb247,gpjson-rs/src/lib.rs,305,24
1638,CALL_SITE,query_file::bb247::call174,gpjson-rs/src/lib.rs,305,24
1639,BASIC_BLOCK,query_file::bb248,gpjson-rs/src/lib.rs,307,23
1640,CALL_SITE,query_file::bb248::call175,gpjson-rs/src/lib.rs,307,23
1641,BASIC_BLOCK,query_file::bb249,gpjson-rs/src/lib.rs,309,18
1642,CALL_SITE,query_file::bb249::call176,gpjson-rs/src/lib.rs,309,18
1643,CALL_SITE,query_file::bb24::call14,gpjson-rs/src/lib.rs,142,21
1644,BASIC_BLOCK,query_file::bb25,gpjson-rs/src/lib.rs,141,22
1645,BASIC_BLOCK,query_file::bb250,gpjson-rs/src/lib.rs,309,18
1646,CALL_SITE,query_file::bb250::call177,gpjson-rs/src/lib.rs,309,18
1647,BASIC_BLOCK,query_file::bb251,gpjson-rs/src/lib.rs,309,18
1648,CALL_SITE,query_file::bb251::call178,gpjson-rs/src/lib.rs,309,18
1649,BASIC_BLOCK,query_file::bb252,gpjson-rs/src/lib.rs,309,5
1650,BASIC_BLOCK,query_file::bb253,gpjson-rs/src/lib.rs,309,18
1651,CALL_SITE,query_file::bb253::call179,gpjson-rs/src/lib.rs,309,18
1652,BASIC_BLOCK,query_file::bb254,gpjson-rs/src/lib.rs,309,18
1653,BASIC_BLOCK,query_file::bb255,gpjson-rs/src/lib.rs,310,9
1654,CALL_SITE,query_file::bb255::call180,gpjson-rs/src/lib.rs,310,9
1655,BASIC_BLOCK,query_file::bb256,gpjson-rs/src/lib.rs,342,1
1656,BASIC_BLOCK,query_file::bb257,gpjson-rs/src/lib.rs,310,9
1657,CALL_SITE,query_file::bb257::call181,gpjson-rs/src/lib.rs,310,9
1658,BASIC_BLOCK,query_file::bb258,gpjson-rs/src/lib.rs,310,9
1659,BASIC_BLOCK,query_file::bb259,gpjson-rs/src/lib.rs,311,37
1660,CALL_SITE,query_file::bb259::call182,gpjson-rs/src/lib.rs,311,37
1661,CALL_SITE,query_file::bb25::call15,gpjson-rs/src/lib.rs,141,22
1662,BASIC_BLOCK,query_file::bb26,gpjson-rs/src/lib.rs,1,1
1663,BASIC_BLOCK,query_file::bb260,gpjson-rs/src/lib.rs,310,9
1664,CALL_SITE,query_file::bb260::call183,gpjson-rs/src/lib.rs,310,9
1665,BASIC_BLOCK,query_file::bb261,gpjson-rs/src/lib.rs,311,73
1666,CALL_SITE,query_file::bb261::call184,gpjson-rs/src/lib.rs,311,73
1667,BASIC_BLOCK,query_file::bb262,gpjson-rs/src/lib.rs,311,9
1668,CALL_SITE,query_file::bb262::call185,gpjson-rs/src/lib.rs,311,9
1669,BASIC_BLOCK,query_file::bb263,gpjson-rs/src/lib.rs,311,9
1670,CALL_SITE,query_file::bb263::call186,gpjson-rs/src/lib.rs,311,9
1671,BASIC_BLOCK,query_file::bb264,gpjson-rs/src/lib.rs,311,9
1672,BASIC_BLOCK,query_file::bb265,gpjson-rs/src/lib.rs,314,13
1673,CALL_SITE,query_file::bb265::call187,gpjson-rs/src/lib.rs,314,13
1674,BASIC_BLOCK,query_file::bb266,gpjson-rs/src/lib.rs,311,9
1675,CALL_SITE,query_file::bb266::call188,gpjson-rs/src/lib.rs,311,9
1676,BASIC_BLOCK,query_file::bb267,gpjson-rs/src/lib.rs,316,13
1677,CALL_SITE,query_file::bb267::call189,gpjson-rs/src/lib.rs,316,13
1678,BASIC_BLOCK,query_file::bb268,gpjson-rs/src/lib.rs,318,13
1679,CALL_SITE,query_file::bb268::call190,gpjson-rs/src/lib.rs,318,13
1680,BASIC_BLOCK,query_file::bb269,gpjson-rs/src/lib.rs,319,13
1681,CALL_SITE,query_file::bb269::call191,gpjson-rs/src/lib.rs,319,13
1682,BASIC_BLOCK,query_file::bb27,gpjson-rs/src/lib.rs,143,45
1683,BASIC_BLOCK,query_file::bb270,gpjson-rs/src/lib.rs,322,13
1684,CALL_SITE,query_file::bb270::call192,gpjson-rs/src/lib.rs,322,13
1685,BASIC_BLOCK,query_file::bb271,gpjson-rs/src/lib.rs,324,13
1686,CALL_SITE,query_file::bb271::call193,gpjson-rs/src/lib.rs,324,13
1687,BASIC_BLOCK,query_file::bb272,gpjson-rs/src/lib.rs,313,9
1688,CALL_SITE,query_file::bb272::call194,gpjson-rs/src/lib.rs,313,9
1689,BASIC_BLOCK,query_file::bb273,gpjson-rs/src/lib.rs,313,9
1690,CALL_SITE,query_file::bb273::call195,gpjson-rs/src/lib.rs,313,9
1691,BASIC_BLOCK,query_file::bb274,gpjson-rs/src/lib.rs,313,9
1692,BASIC_BLOCK,query_file::bb275,/home/cicero-arch-omen/.rustup/toolchains/nightly-x86_64-unknown-linux-gnu/lib/rustlib/src/rust/library/alloc/src/macros.rs,47,9
1693,CALL_SITE,query_file::bb275::call196,/home/cicero-arch-omen/.rustup/toolchains/nightly-x86_64-unknown-linux-gnu/lib/rustlib/src/rust/library/alloc/src/macros.rs,47,9
1694,BASIC_BLOCK,query_file::bb276,gpjson-rs/src/lib.rs,313,9
1695,CALL_SITE,query_file::bb276::call197,gpjson-rs/src/lib.rs,313,9
1696,BASIC_BLOCK,query_file::bb277,gpjson-rs/src/lib.rs,329,13
1697,CALL_SITE,query_file::bb277::call198,gpjson-rs/src/lib.rs,329,13
1698,BASIC_BLOCK,query_file::bb278,gpjson-rs/src/lib.rs,330,13
1699,CALL_SITE,query_file::bb278::call199,gpjson-rs/src/lib.rs,330,13
1700,BASIC_BLOCK,query_file::bb279,gpjson-rs/src/lib.rs,330,13
1701,CALL_SITE,query_file::bb27::call16,gpjson-rs/src/lib.rs,143,45
1702,BASIC_BLOCK,query_file::bb28,gpjson-rs/src/lib.rs,143,26
1703,BASIC_BLOCK,query_file::bb280,gpjson-rs/src/lib.rs,328,9
1704,CALL_SITE,query_file::bb280::call200,gpjson-rs/src/lib.rs,328,9
1705,BASIC_BLOCK,query_file::bb281,gpjson-rs/src/lib.rs,328,9
1706,CALL_SITE,query_file::bb281::call201,gpjson-rs/src/lib.rs,328,9
1707,BASIC_BLOCK,query_file::bb282,gpjson-rs/src/lib.rs,328,9
1708,BASIC_BLOCK,query_file::bb283,gpjson-rs/src/lib.rs,334,19
1709,CALL_SITE,query_file::bb283::call202,gpjson-rs/src/lib.rs,334,19
1710,BASIC_BLOCK,query_file::bb284,gpjson-rs/src/lib.rs,328,9
1711,CALL_SITE,query_file::bb284::call203,gpjson-rs/src/lib.rs,328,9
1712,BASIC_BLOCK,query_file::bb285,gpjson-rs/src/lib.rs,339,5
1713,BASIC_BLOCK,query_file::bb286,gpjson-rs/src/lib.rs,333,9
1714,CALL_SITE,query_file::bb286::call204,gpjson-rs/src/lib.rs,333,9
1715,BASIC_BLOCK,query_file::bb287,gpjson-rs/src/lib.rs,309,5
1716,BASIC_BLOCK,query_file::bb288,gpjson-rs/src/lib.rs,342,1
1717,BASIC_BLOCK,query_file::bb289,gpjson-rs/src/lib.rs,342,1
1718,CALL_SITE,query_file::bb28::call17,gpjson-rs/src/lib.rs,143,26
1719,BASIC_BLOCK,query_file::bb29,gpjson-rs/src/lib.rs,144,23
1720,BASIC_BLOCK,query_file::bb290,gpjson-rs/src/lib.rs,342,1
1721,BASIC_BLOCK,query_file::bb291,gpjson-rs/src/lib.rs,342,1
1722,BASIC_BLOCK,query_file::bb292,gpjson-rs/src/lib.rs,342,1
1723,BASIC_BLOCK,query_file::bb293,gpjson-rs/src/lib.rs,342,1
1724,BASIC_BLOCK,query_file::bb294,gpjson-rs/src/lib.rs,342,1
1725,BASIC_BLOCK,query_file::bb295,gpjson-rs/src/lib.rs,342,1
1726,BASIC_BLOCK,query_file::bb296,gpjson-rs/src/lib.rs,342,1
1727,BASIC_BLOCK,query_file::bb297,gpjson-rs/src/lib.rs,342,1
1728,BASIC_BLOCK,query_file::bb298,gpjson-rs/src/lib.rs,342,1
1729,BASIC_BLOCK,query_file::bb299,gpjson-rs/src/lib.rs,342,1
1730,CALL_SITE,query_file::bb29::call18,gpjson-rs/src/lib.rs,144,23
1731,CALL_SITE,query_file::bb2::call1,gpjson-rs/src/lib.rs,123,13
1732,BASIC_BLOCK,query_file::bb3,gpjson-rs/src/lib.rs,1,1
1733,BASIC_BLOCK,query_file::bb30,gpjson-rs/src/lib.rs,145,9
1734,BASIC_BLOCK,query_file::bb300,gpjson-rs/src/lib.rs,342,1
1735,BASIC_BLOCK,query_file::bb301,gpjson-rs/src/lib.rs,342,1
1736,BASIC_BLOCK,query_file::bb302,gpjson-rs/src/lib.rs,342,1
1737,BASIC_BLOCK,query_file::bb303,gpjson-rs/src/lib.rs,1,1
1738,BASIC_BLOCK,query_file::bb304,gpjson-rs/src/lib.rs,342,1
1739,BASIC_BLOCK,query_file::bb305,gpjson-rs/src/lib.rs,342,1
1740,BASIC_BLOCK,query_file::bb306,gpjson-rs/src/lib.rs,342,1
1741,BASIC_BLOCK,query_file::bb307,gpjson-rs/src/lib.rs,342,1
1742,BASIC_BLOCK,query_file::bb308,gpjson-rs/src/lib.rs,342,1
1743,BASIC_BLOCK,query_file::bb309,gpjson-rs/src/lib.rs,342,1
1744,CALL_SITE,query_file::bb30::call19,gpjson-rs/src/lib.rs,145,9
1745,BASIC_BLOCK,query_file::bb31,gpjson-rs/src/lib.rs,140,5
1746,BASIC_BLOCK,query_file::bb310,gpjson-rs/src/lib.rs,342,1
1747,BASIC_BLOCK,query_file::bb311,gpjson-rs/src/lib.rs,342,1
1748,BASIC_BLOCK,query_file::bb312,gpjson-rs/src/lib.rs,342,1
1749,BASIC_BLOCK,query_file::bb313,gpjson-rs/src/lib.rs,342,1
1750,BASIC_BLOCK,query_file::bb314,gpjson-rs/src/lib.rs,342,1
1751,BASIC_BLOCK,query_file::bb315,gpjson-rs/src/lib.rs,342,1
1752,BASIC_BLOCK,query_file::bb316,gpjson-rs/src/lib.rs,342,1
1753,BASIC_BLOCK,query_file::bb317,gpjson-rs/src/lib.rs,342,1
1754,BASIC_BLOCK,query_file::bb318,gpjson-rs/src/lib.rs,342,1
1755,BASIC_BLOCK,query_file::bb319,gpjson-rs/src/lib.rs,342,1
1756,BASIC_BLOCK,query_file::bb32,gpjson-rs/src/lib.rs,150,13
1757,BASIC_BLOCK,query_file::bb320,gpjson-rs/src/lib.rs,342,1
1758,BASIC_BLOCK,query_file::bb321,gpjson-rs/src/lib.rs,1,1
1759,BASIC_BLOCK,query_file::bb322,gpjson-rs/src/lib.rs,342,2
1760,BASIC_BLOCK,query_file::bb323,gpjson-rs/src/lib.rs,342,1
1761,BASIC_BLOCK,query_file::bb324,gpjson-rs/src/lib.rs,342,1
1762,BASIC_BLOCK,query_file::bb325,gpjson-rs/src/lib.rs,342,1
1763,BASIC_BLOCK,query_file::bb326,gpjson-rs/src/lib.rs,342,1
1764,BASIC_BLOCK,query_file::bb327,gpjson-rs/src/lib.rs,342,1
1765,BASIC_BLOCK,query_file::bb328,gpjson-rs/src/lib.rs,342,1
1766,BASIC_BLOCK,query_file::bb329,gpjson-rs/src/lib.rs,342,1
1767,CALL_SITE,query_file::bb32::call20,gpjson-rs/src/lib.rs,150,13
1768,BASIC_BLOCK,query_file::bb33,gpjson-rs/src/lib.rs,154,8
1769,BASIC_BLOCK,query_file::bb330,gpjson-rs/src/lib.rs,342,1
1770,BASIC_BLOCK,query_file::bb331,gpjson-rs/src/lib.rs,342,1
1771,BASIC_BLOCK,query_file::bb332,gpjson-rs/src/lib.rs,342,1
1772,BASIC_BLOCK,query_file::bb333,gpjson-rs/src/lib.rs,342,1
1773,BASIC_BLOCK,query_file::bb334,gpjson-rs/src/lib.rs,342,1
1774,BASIC_BLOCK,query_file::bb335,gpjson-rs/src/lib.rs,342,1
1775,BASIC_BLOCK,query_file::bb336,gpjson-rs/src/lib.rs,342,1
1776,BASIC_BLOCK,query_file::bb337,gpjson-rs/src/lib.rs,342,1
1777,BASIC_BLOCK,query_file::bb338,gpjson-rs/src/lib.rs,342,1
1778,BASIC_BLOCK,query_file::bb339,gpjson-rs/src/lib.rs,116,1
1779,BASIC_BLOCK,query_file::bb34,gpjson-rs/src/lib.rs,1,1
1780,BASIC_BLOCK,query_file::bb340,gpjson-rs/src/lib.rs,342,1
1781,BASIC_BLOCK,query_file::bb341,gpjson-rs/src/lib.rs,342,1
1782,BASIC_BLOCK,query_file::bb342,gpjson-rs/src/lib.rs,342,1
1783,BASIC_BLOCK,query_file::bb343,gpjson-rs/src/lib.rs,339,5
1784,BASIC_BLOCK,query_file::bb344,gpjson-rs/src/lib.rs,339,5
1785,BASIC_BLOCK,query_file::bb345,gpjson-rs/src/lib.rs,146,5
1786,BASIC_BLOCK,query_file::bb346,gpjson-rs/src/lib.rs,146,5
1787,BASIC_BLOCK,query_file::bb347,gpjson-rs/src/lib.rs,342,1
1788,BASIC_BLOCK,query_file::bb348,gpjson-rs/src/lib.rs,342,1
1789,BASIC_BLOCK,query_file::bb349,gpjson-rs/src/lib.rs,342,1
1790,BASIC_BLOCK,query_file::bb35,gpjson-rs/src/lib.rs,156,24
1791,BASIC_BLOCK,query_file::bb350,gpjson-rs/src/lib.rs,342,1
1792,BASIC_BLOCK,query_file::bb351,gpjson-rs/src/lib.rs,127,16
1793,BASIC_BLOCK,query_file::bb352,gpjson-rs/src/lib.rs,163,23
1794,BASIC_BLOCK,query_file::bb353,gpjson-rs/src/lib.rs,164,5
1795,BASIC_BLOCK,query_file::bb354,gpjson-rs/src/lib.rs,168,31
1796,BASIC_BLOCK,query_file::bb355,gpjson-rs/src/lib.rs,169,5
1797,BASIC_BLOCK,query_file::bb356,gpjson-rs/src/lib.rs,170,31
1798,BASIC_BLOCK,query_file::bb357,gpjson-rs/src/lib.rs,171,31
1799,BASIC_BLOCK,query_file::bb358,gpjson-rs/src/lib.rs,172,32
1800,BASIC_BLOCK,query_file::bb359,gpjson-rs/src/lib.rs,174,5
1801,CALL_SITE,query_file::bb35::call21,gpjson-rs/src/lib.rs,156,24
1802,BASIC_BLOCK,query_file::bb36,gpjson-rs/src/lib.rs,161,20
1803,BASIC_BLOCK,query_file::bb360,gpjson-rs/src/lib.rs,176,5
1804,BASIC_BLOCK,query_file::bb361,gpjson-rs/src/lib.rs,184,5
1805,BASIC_BLOCK,query_file::bb362,gpjson-rs/src/lib.rs,196,5
1806,BASIC_BLOCK,query_file::bb363,gpjson-rs/src/lib.rs,209,32
1807,BASIC_BLOCK,query_file::bb364,gpjson-rs/src/lib.rs,210,5
1808,BASIC_BLOCK,query_file::bb365,gpjson-rs/src/lib.rs,212,5
1809,BASIC_BLOCK,query_file::bb366,gpjson-rs/src/lib.rs,222,5
1810,BASIC_BLOCK,query_file::bb367,gpjson-rs/src/lib.rs,232,5
1811,BASIC_BLOCK,query_file::bb368,gpjson-rs/src/lib.rs,244,5
1812,BASIC_BLOCK,query_file::bb369,gpjson-rs/src/lib.rs,249,5
1813,CALL_SITE,query_file::bb36::call22,gpjson-rs/src/lib.rs,161,20
1814,BASIC_BLOCK,query_file::bb37,gpjson-rs/src/lib.rs,156,50
1815,BASIC_BLOCK,query_file::bb370,gpjson-rs/src/lib.rs,258,34
1816,BASIC_BLOCK,query_file::bb371,gpjson-rs/src/lib.rs,259,5
1817,BASIC_BLOCK,query_file::bb372,gpjson-rs/src/lib.rs,261,30
1818,BASIC_BLOCK,query_file::bb373,gpjson-rs/src/lib.rs,263,5
1819,BASIC_BLOCK,query_file::bb374,gpjson-rs/src/lib.rs,271,5
1820,BASIC_BLOCK,query_file::bb375,gpjson-rs/src/lib.rs,283,5
1821,BASIC_BLOCK,query_file::bb376,gpjson-rs/src/lib.rs,288,5
1822,BASIC_BLOCK,query_file::bb377,gpjson-rs/src/lib.rs,299,5
1823,BASIC_BLOCK,query_file::bb378,gpjson-rs/src/lib.rs,304,25
1824,BASIC_BLOCK,query_file::bb379,gpjson-rs/src/lib.rs,305,24
1825,CALL_SITE,query_file::bb37::call23,gpjson-rs/src/lib.rs,156,50
1826,BASIC_BLOCK,query_file::bb38,/home/cicero-arch-omen/.rustup/toolchains/nightly-x86_64-unknown-linux-gnu/lib/rustlib/src/rust/library/alloc/src/macros.rs,114,33
1827,BASIC_BLOCK,query_file::bb380,gpjson-rs/src/lib.rs,310,9
1828,BASIC_BLOCK,query_file::bb381,gpjson-rs/src/lib.rs,311,9
1829,BASIC_BLOCK,query_file::bb382,gpjson-rs/src/lib.rs,313,9
1830,CALL_SITE,query_file::bb38::call24,/home/cicero-arch-omen/.rustup/toolchains/nightly-x86_64-unknown-linux-gnu/lib/rustlib/src/rust/library/alloc/src/macros.rs,114,33
1831,BASIC_BLOCK,query_file::bb39,/home/cicero-arch-omen/.rustup/toolchains/nightly-x86_64-unknown-linux-gnu/lib/rustlib/src/rust/library/alloc/src/macros.rs,114,13
1832,CALL_SITE,query_file::bb39::call25,/home/cicero-arch-omen/.rustup/toolchains/nightly-x86_64-unknown-linux-gnu/lib/rustlib/src/rust/library/alloc/src/macros.rs,114,13
1833,BASIC_BLOCK,query_file::bb4,gpjson-rs/src/lib.rs,127,16
1834,BASIC_BLOCK,query_file::bb40,/home/cicero-arch-omen/.rustup/toolchains/nightly-x86_64-unknown-linux-gnu/lib/rustlib/src/rust/library/alloc/src/macros.rs,113,9
1835,CALL_SITE,query_file::bb40::call26,/home/cicero-arch-omen/.rustup/toolchains/nightly-x86_64-unknown-linux-gnu/lib/rustlib/src/rust/library/alloc/src/macros.rs,113,9
1836,BASIC_BLOCK,query_file::bb41,gpjson-rs/src/lib.rs,1,1
1837,BASIC_BLOCK,query_file::bb42,gpjson-rs/src/lib.rs,163,41
1838,CALL_SITE,query_file::bb42::call27,gpjson-rs/src/lib.rs,163,41
1839,BASIC_BLOCK,query_file::bb43,gpjson-rs/src/lib.rs,163,41
1840,CALL_SITE,query_file::bb43::call28,gpjson-rs/src/lib.rs,163,41
1841,BASIC_BLOCK,query_file::bb44,gpjson-rs/src/lib.rs,163,23
1842,CALL_SITE,query_file::bb44::call29,gpjson-rs/src/lib.rs,163,23
1843,BASIC_BLOCK,query_file::bb45,gpjson-rs/src/lib.rs,163,23
1844,CALL_SITE,query_file::bb45::call30,gpjson-rs/src/lib.rs,163,23
1845,BASIC_BLOCK,query_file::bb46,gpjson-rs/src/lib.rs,163,23
1846,BASIC_BLOCK,query_file::bb47,gpjson-rs/src/lib.rs,164,32
1847,CALL_SITE,query_file::bb47::call31,gpjson-rs/src/lib.rs,164,32
1848,BASIC_BLOCK,query_file::bb48,gpjson-rs/src/lib.rs,163,23
1849,CALL_SITE,query_file::bb48::call32,gpjson-rs/src/lib.rs,163,23
1850,BASIC_BLOCK,query_file::bb49,gpjson-rs/src/lib.rs,164,32
1851,CALL_SITE,query_file::bb49::call33,gpjson-rs/src/lib.rs,164,32
1852,CALL_SITE,query_file::bb4::call2,gpjson-rs/src/lib.rs,127,16
1853,BASIC_BLOCK,query_file::bb5,gpjson-rs/src/lib.rs,127,16
1854,BASIC_BLOCK,query_file::bb50,gpjson-rs/src/lib.rs,164,68
1855,CALL_SITE,query_file::bb50::call34,gpjson-rs/src/lib.rs,164,68
1856,BASIC_BLOCK,query_file::bb51,gpjson-rs/src/lib.rs,164,68
1857,CALL_SITE,query_file::bb51::call35,gpjson-rs/src/lib.rs,164,68
1858,BASIC_BLOCK,query_file::bb52,gpjson-rs/src/lib.rs,164,5
1859,CALL_SITE,query_file::bb52::call36,gpjson-rs/src/lib.rs,164,5
1860,BASIC_BLOCK,query_file::bb53,gpjson-rs/src/lib.rs,164,5
1861,CALL_SITE,query_file::bb53::call37,gpjson-rs/src/lib.rs,164,5
1862,BASIC_BLOCK,query_file::bb54,gpjson-rs/src/lib.rs,164,5
1863,BASIC_BLOCK,query_file::bb55,gpjson-rs/src/lib.rs,166,25
1864,CALL_SITE,query_file::bb55::call38,gpjson-rs/src/lib.rs,166,25
1865,BASIC_BLOCK,query_file::bb56,gpjson-rs/src/lib.rs,164,5
1866,CALL_SITE,query_file::bb56::call39,gpjson-rs/src/lib.rs,164,5
1867,BASIC_BLOCK,query_file::bb57,gpjson-rs/src/lib.rs,166,25
1868,CALL_SITE,query_file::bb57::call40,gpjson-rs/src/lib.rs,166,25
1869,BASIC_BLOCK,query_file::bb58,gpjson-rs/src/lib.rs,166,25
1870,BASIC_BLOCK,query_file::bb59,gpjson-rs/src/lib.rs,166,24
1871,CALL_SITE,query_file::bb5::call3,gpjson-rs/src/lib.rs,127,16
1872,BASIC_BLOCK,query_file::bb6,gpjson-rs/src/lib.rs,127,16
1873,BASIC_BLOCK,query_file::bb60,gpjson-rs/src/lib.rs,166,23
1874,BASIC_BLOCK,query_file::bb61,gpjson-rs/src/lib.rs,166,23
1875,BASIC_BLOCK,query_file::bb62,gpjson-rs/src/lib.rs,168,49
1876,BASIC_BLOCK,query_file::bb63,gpjson-rs/src/lib.rs,168,31
1877,CALL_SITE,query_file::bb63::call41,gpjson-rs/src/lib.rs,168,31
1878,BASIC_BLOCK,query_file::bb64,gpjson-rs/src/lib.rs,168,31
1879,CALL_SITE,query_file::bb64::call42,gpjson-rs/src/lib.rs,168,31
1880,BASIC_BLOCK,query_file::bb65,gpjson-rs/src/lib.rs,168,31
1881,BASIC_BLOCK,query_file::bb66,gpjson-rs/src/lib.rs,169,5
1882,CALL_SITE,query_file::bb66::call43,gpjson-rs/src/lib.rs,169,5
1883,BASIC_BLOCK,query_file::bb67,gpjson-rs/src/lib.rs,168,31
1884,CALL_SITE,query_file::bb67::call44,gpjson-rs/src/lib.rs,168,31
1885,BASIC_BLOCK,query_file::bb68,gpjson-rs/src/lib.rs,169,5
1886,CALL_SITE,query_file::bb68::call45,gpjson-rs/src/lib.rs,169,5
1887,BASIC_BLOCK,query_file::bb69,gpjson-rs/src/lib.rs,169,5
1888,BASIC_BLOCK,query_file::bb7,gpjson-rs/src/lib.rs,1,1
1889,BASIC_BLOCK,query_file::bb70,gpjson-rs/src/lib.rs,170,31
1890,CALL_SITE,query_file::bb70::call46,gpjson-rs/src/lib.rs,170,31
1891,BASIC_BLOCK,query_file::bb71,gpjson-rs/src/lib.rs,169,5
1892,CALL_SITE,query_file::bb71::call47,gpjson-rs/src/lib.rs,169,5
1893,BASIC_BLOCK,query_file::bb72,gpjson-rs/src/lib.rs,170,31
1894,CALL_SITE,query_file::bb72::call48,gpjson-rs/src/lib.rs,170,31
1895,BASIC_BLOCK,query_file::bb73,gpjson-rs/src/lib.rs,170,31
1896,BASIC_BLOCK,query_file::bb74,gpjson-rs/src/lib.rs,171,49
1897,BASIC_BLOCK,query_file::bb75,gpjson-rs/src/lib.rs,170,31
1898,CALL_SITE,query_file::bb75::call49,gpjson-rs/src/lib.rs,170,31
1899,BASIC_BLOCK,query_file::bb76,gpjson-rs/src/lib.rs,171,31
1900,CALL_SITE,query_file::bb76::call50,gpjson-rs/src/lib.rs,171,31
1901,BASIC_BLOCK,query_file::bb77,gpjson-rs/src/lib.rs,171,31
1902,CALL_SITE,query_file::bb77::call51,gpjson-rs/src/lib.rs,171,31
1903,BASIC_BLOCK,query_file::bb78,gpjson-rs/src/lib.rs,171,31
1904,BASIC_BLOCK,query_file::bb79,gpjson-rs/src/lib.rs,172,50
1905,BASIC_BLOCK,query_file::bb8,gpjson-rs/src/lib.rs,128,20
1906,BASIC_BLOCK,query_file::bb80,gpjson-rs/src/lib.rs,171,31
1907,CALL_SITE,query_file::bb80::call52,gpjson-rs/src/lib.rs,171,31
1908,BASIC_BLOCK,query_file::bb81,gpjson-rs/src/lib.rs,172,32
1909,CALL_SITE,query_file::bb81::call53,gpjson-rs/src/lib.rs,172,32
1910,BASIC_BLOCK,query_file::bb82,gpjson-rs/src/lib.rs,172,32
1911,CALL_SITE,query_file::bb82::call54,gpjson-rs/src/lib.rs,172,32
1912,BASIC_BLOCK,query_file::bb83,gpjson-rs/src/lib.rs,172,32
1913,BASIC_BLOCK,query_file::bb84,gpjson-rs/src/lib.rs,174,5
1914,CALL_SITE,query_file::bb84::call55,gpjson-rs/src/lib.rs,174,5
1915,BASIC_BLOCK,query_file::bb85,gpjson-rs/src/lib.rs,172,32
1916,CALL_SITE,query_file::bb85::call56,gpjson-rs/src/lib.rs,172,32
1917,BASIC_BLOCK,query_file::bb86,gpjson-rs/src/lib.rs,174,5
1918,CALL_SITE,query_file::bb86::call57,gpjson-rs/src/lib.rs,174,5
1919,BASIC_BLOCK,query_file::bb87,gpjson-rs/src/lib.rs,174,5
1920,BASIC_BLOCK,query_file::bb88,gpjson-rs/src/lib.rs,177,9
1921,CALL_SITE,query_file::bb88::call58,gpjson-rs/src/lib.rs,177,9
1922,BASIC_BLOCK,query_file::bb89,gpjson-rs/src/lib.rs,174,5
1923,CALL_SITE,query_file::bb89::call59,gpjson-rs/src/lib.rs,174,5
1924,CALL_SITE,query_file::bb8::call4,gpjson-rs/src/lib.rs,128,20
1925,BASIC_BLOCK,query_file::bb9,gpjson-rs/src/lib.rs,127,16
1926,BASIC_BLOCK,query_file::bb90,gpjson-rs/src/lib.rs,179,9
1927,CALL_SITE,query_file::bb90::call60,gpjson-rs/src/lib.rs,179,9
1928,BASIC_BLOCK,query_file::bb91,gpjson-rs/src/lib.rs,180,9
1929,CALL_SITE,query_file::bb91::call61,gpjson-rs/src/lib.rs,180,9
1930,BASIC_BLOCK,query_file::bb92,gpjson-rs/src/lib.rs,176,5
1931,CALL_SITE,query_file::bb92::call62,gpjson-rs/src/lib.rs,176,5
1932,BASIC_BLOCK,query_file::bb93,gpjson-rs/src/lib.rs,176,5
1933,CALL_SITE,query_file::bb93::call63,gpjson-rs/src/lib.rs,176,5
1934,BASIC_BLOCK,query_file::bb94,gpjson-rs/src/lib.rs,176,5
1935,BASIC_BLOCK,query_file::bb95,/home/cicero-arch-omen/.rustup/toolchains/nightly-x86_64-unknown-linux-gnu/lib/rustlib/src/rust/library/alloc/src/macros.rs,47,9
1936,CALL_SITE,query_file::bb95::call64,/home/cicero-arch-omen/.rustup/toolchains/nightly-x86_64-unknown-linux-gnu/lib/rustlib/src/rust/library/alloc/src/macros.rs,47,9
1937,BASIC_BLOCK,query_file::bb96,gpjson-rs/src/lib.rs,176,5
1938,CALL_SITE,query_file::bb96::call65,gpjson-rs/src/lib.rs,176,5
1939,BASIC_BLOCK,query_file::bb97,gpjson-rs/src/lib.rs,185,9
1940,CALL_SITE,query_file::bb97::call66,gpjson-rs/src/lib.rs,185,9
1941,BASIC_BLOCK,query_file::bb98,gpjson-rs/src/lib.rs,186,9
1942,CALL_SITE,query_file::bb98::call67,gpjson-rs/src/lib.rs,186,9
1943,BASIC_BLOCK,query_file::bb99,gpjson-rs/src/lib.rs,186,9
1944,CALL_SITE,query_file::bb9::call5,gpjson-rs/src/lib.rs,127,16
1945,FUNCTION,query_file::fn,gpjson-rs/src/lib.rs,116,1
1946,PARAM,query_file::param0,gpjson-rs/src/lib.rs,117,5
1947,PARAM,query_file::param1,gpjson-rs/src/lib.rs,118,5
1948,PARAM,query_file::param2,gpjson-rs/src/lib.rs,119,5
1949,BASIC_BLOCK,query_file_single::bb0,gpjson-rs/src/lib.rs,349,38
1950,CALL_SITE,query_file_single::bb0::call0,gpjson-rs/src/lib.rs,349,38
1951,BASIC_BLOCK,query_file_single::bb1,gpjson-rs/src/lib.rs,349,19
1952,BASIC_BLOCK,query_file_single::bb10,gpjson-rs/src/lib.rs,350,8
1953,CALL_SITE,query_file_single::bb10::call6,gpjson-rs/src/lib.rs,350,8
1954,BASIC_BLOCK,query_file_single::bb11,gpjson-rs/src/lib.rs,351,1
1955,BASIC_BLOCK,query_file_single::bb12,gpjson-rs/src/lib.rs,351,1
1956,BASIC_BLOCK,query_file_single::bb13,gpjson-rs/src/lib.rs,351,2
1957,BASIC_BLOCK,query_file_single::bb14,gpjson-rs/src/lib.rs,351,1
1958,BASIC_BLOCK,query_file_single::bb15,gpjson-rs/src/lib.rs,349,67
1959,BASIC_BLOCK,query_file_single::bb16,gpjson-rs/src/lib.rs,349,65
1960,BASIC_BLOCK,query_file_single::bb17,gpjson-rs/src/lib.rs,344,1
1961,BASIC_BLOCK,query_file_single::bb18,gpjson-rs/src/lib.rs,351,1
1962,BASIC_BLOCK,query_file_single::bb19,gpjson-rs/src/lib.rs,351,1
1963,CALL_SITE,query_file_single::bb1::call1,gpjson-rs/src/lib.rs,349,19
1964,BASIC_BLOCK,query_file_single::bb2,gpjson-rs/src/lib.rs,349,19
1965,CALL_SITE,query_file_single::bb2::call2,gpjson-rs/src/lib.rs,349,19
1966,BASIC_BLOCK,query_file_single::bb3,gpjson-rs/src/lib.rs,349,19
1967,BASIC_BLOCK,query_file_single::bb4,gpjson-rs/src/lib.rs,349,19
1968,BASIC_BLOCK,query_file_single::bb5,gpjson-rs/src/lib.rs,349,67
1969,BASIC_BLOCK,query_file_single::bb6,gpjson-rs/src/lib.rs,349,19
1970,CALL_SITE,query_file_single::bb6::call3,gpjson-rs/src/lib.rs,349,19
1971,BASIC_BLOCK,query_file_single::bb7,gpjson-rs/src/lib.rs,349,67
1972,BASIC_BLOCK,query_file_single::bb8,gpjson-rs/src/lib.rs,350,8
1973,CALL_SITE,query_file_single::bb8::call4,gpjson-rs/src/lib.rs,350,8
1974,BASIC_BLOCK,query_file_single::bb9,gpjson-rs/src/lib.rs,350,8
1975,CALL_SITE,query_file_single::bb9::call5,gpjson-rs/src/lib.rs,350,8
1976,FUNCTION,query_file_single::fn,gpjson-rs/src/lib.rs,344,1
1977,PARAM,query_file_single::param0,gpjson-rs/src/lib.rs,345,5
1978,PARAM,query_file_single::param1,gpjson-rs/src/lib.rs,346,5
1979,PARAM,query_file_single::param2,gpjson-rs/src/lib.rs,347,5
