src_id,dst_id,edge_kind
18174,18278,HAS_FIELD
18174,18279,HAS_FIELD
18174,18276,HAS_FIELD
18174,18277,HAS_FIELD
18284,18286,HAS_FIELD
18284,18285,HAS_FIELD
18353,18354,HAS_FIELD
18358,18360,HAS_FIELD
18358,18359,HAS_FIELD
12469,12471,HAS_FIELD
12469,12470,HAS_FIELD
18435,18436,HAS_FIELD
18440,18442,HAS_FIELD
18440,18441,HAS_FIELD
18458,18524,HAS_FIELD
18458,18497,HAS_FIELD
18528,18530,HAS_FIELD
18528,18529,HAS_FIELD
18895,18896,HAS_FIELD
18895,18897,HAS_FIELD
18925,18927,HAS_FIELD
18925,18926,HAS_FIELD
18621,18624,HAS_FIELD
18621,18622,HAS_FIELD
18621,18623,HAS_FIELD
18903,18905,HAS_FIELD
18903,18904,HAS_FIELD
18898,18899,HAS_FIELD
18626,18894,HAS_FIELD
18626,18784,HAS_FIELD
18626,18630,HAS_FIELD
18626,18724,HAS_FIELD
18626,18808,HAS_FIELD
18626,18627,HAS_FIELD
18626,18869,HAS_FIELD
18626,18723,HAS_FIELD
18626,18868,HAS_FIELD
18626,18628,HAS_FIELD
18626,18722,HAS_FIELD
18626,18629,HAS_FIELD
18626,18837,HAS_FIELD
18626,18893,HAS_FIELD
18626,18721,HAS_FIELD
18626,18631,HAS_FIELD
18626,18632,HAS_FIELD
18914,18916,HAS_FIELD
18914,18915,HAS_FIELD
19250,19251,HAS_PARAM
19250,19252,HAS_PARAM
19250,19253,HAS_PARAM
19250,19194,HAS_BLOCK
19194,19196,FLOW
19250,19196,HAS_BLOCK
19196,19211,FLOW
19196,19236,FLOW
19196,19236,UNWIND
19250,19211,HAS_BLOCK
19211,19226,FLOW
19211,19236,FLOW
19211,19236,UNWIND
19250,19226,HAS_BLOCK
19226,19238,FLOW
19226,19236,FLOW
19226,19236,UNWIND
19250,19238,HAS_BLOCK
19238,19240,FLOW
19238,19236,FLOW
19238,19236,UNWIND
19250,19240,HAS_BLOCK
19240,19242,FLOW
19240,19235,FLOW
19240,19235,UNWIND
19250,19242,HAS_BLOCK
19242,19244,FLOW
19242,19235,FLOW
19242,19235,UNWIND
19250,19244,HAS_BLOCK
19244,19246,FLOW
19244,19234,FLOW
19244,19234,UNWIND
19250,19246,HAS_BLOCK
19246,19248,FLOW
19246,19234,FLOW
19246,19234,UNWIND
19250,19248,HAS_BLOCK
19248,19197,FLOW
19248,19233,FLOW
19248,19233,UNWIND
19250,19197,HAS_BLOCK
19197,19198,FLOW
19250,19198,HAS_BLOCK
19198,19200,FLOW
19198,19233,FLOW
19198,19233,UNWIND
19250,19200,HAS_BLOCK
19200,19203,FLOW
19200,19202,FLOW
19200,19201,FLOW
19250,19201,HAS_BLOCK
19250,19202,HAS_BLOCK
19202,19204,FLOW
19250,19203,HAS_BLOCK
19203,19232,FLOW
19250,19204,HAS_BLOCK
19204,19206,FLOW
19204,19233,FLOW
19204,19233,UNWIND
19250,19206,HAS_BLOCK
19206,19228,FLOW
19206,19207,FLOW
19250,19207,HAS_BLOCK
19207,19209,FLOW
19207,19233,FLOW
19207,19233,UNWIND
19250,19209,HAS_BLOCK
19209,19213,FLOW
19209,19212,FLOW
19250,19212,HAS_BLOCK
19212,19214,FLOW
19250,19213,HAS_BLOCK
19213,19214,FLOW
19250,19214,HAS_BLOCK
19214,19215,FLOW
19214,19228,FLOW
19250,19215,HAS_BLOCK
19215,19217,FLOW
19215,19216,FLOW
19250,19216,HAS_BLOCK
19216,19218,FLOW
19250,19217,HAS_BLOCK
19217,19218,FLOW
19250,19218,HAS_BLOCK
19218,19220,FLOW
19218,19233,FLOW
19218,19233,UNWIND
19250,19220,HAS_BLOCK
19220,19222,FLOW
19220,19233,FLOW
19220,19233,UNWIND
19220,19350,CALL
19250,19222,HAS_BLOCK
19222,19224,FLOW
19222,19233,FLOW
19222,19233,UNWIND
19250,19224,HAS_BLOCK
19224,19227,FLOW
19224,19233,FLOW
19224,19233,UNWIND
19250,19227,HAS_BLOCK
19227,19204,FLOW
19250,19228,HAS_BLOCK
19228,19229,FLOW
19228,19233,FLOW
19228,19233,UNWIND
19250,19229,HAS_BLOCK
19229,19231,FLOW
19229,19233,FLOW
19229,19233,UNWIND
19250,19231,HAS_BLOCK
19231,19198,FLOW
19250,19232,HAS_BLOCK
19232,19250,RETURN
19250,19233,HAS_BLOCK
19233,19234,FLOW
19250,19234,HAS_BLOCK
19234,19235,FLOW
19250,19235,HAS_BLOCK
19235,19236,FLOW
19250,19236,HAS_BLOCK
19236,19237,FLOW
19250,19237,HAS_BLOCK
19350,19351,HAS_PARAM
19350,19329,HAS_BLOCK
19329,19340,FLOW
19329,19339,FLOW
19329,19338,FLOW
19329,19337,FLOW
19329,19336,FLOW
19329,19335,FLOW
19329,19334,FLOW
19329,19333,FLOW
19329,19332,FLOW
19329,19331,FLOW
19329,19349,FLOW
19329,19348,FLOW
19329,19347,FLOW
19329,19346,FLOW
19329,19345,FLOW
19329,19344,FLOW
19329,19343,FLOW
19329,19341,FLOW
19329,19330,FLOW
19350,19330,HAS_BLOCK
19350,19341,HAS_BLOCK
19341,19342,FLOW
19350,19343,HAS_BLOCK
19343,19342,FLOW
19350,19344,HAS_BLOCK
19344,19342,FLOW
19350,19345,HAS_BLOCK
19345,19342,FLOW
19350,19346,HAS_BLOCK
19346,19342,FLOW
19350,19347,HAS_BLOCK
19347,19342,FLOW
19350,19348,HAS_BLOCK
19348,19342,FLOW
19350,19349,HAS_BLOCK
19349,19342,FLOW
19350,19331,HAS_BLOCK
19331,19342,FLOW
19350,19332,HAS_BLOCK
19332,19342,FLOW
19350,19333,HAS_BLOCK
19333,19342,FLOW
19350,19334,HAS_BLOCK
19334,19342,FLOW
19350,19335,HAS_BLOCK
19335,19342,FLOW
19350,19336,HAS_BLOCK
19336,19342,FLOW
19350,19337,HAS_BLOCK
19337,19342,FLOW
19350,19338,HAS_BLOCK
19338,19342,FLOW
19350,19339,HAS_BLOCK
19339,19342,FLOW
19350,19340,HAS_BLOCK
19340,19342,FLOW
19350,19342,HAS_BLOCK
19342,19350,RETURN
19325,19326,HAS_PARAM
19325,19327,HAS_PARAM
19325,19328,HAS_PARAM
19325,19310,HAS_BLOCK
19310,19313,FLOW
19310,19311,FLOW
19325,19311,HAS_BLOCK
19311,19317,FLOW
19325,19313,HAS_BLOCK
19313,19315,FLOW
19325,19315,HAS_BLOCK
19325,19317,HAS_BLOCK
19317,19318,FLOW
19325,19318,HAS_BLOCK
19318,19320,FLOW
19325,19320,HAS_BLOCK
19320,19322,FLOW
19325,19322,HAS_BLOCK
19322,19324,FLOW
19325,19324,HAS_BLOCK
19324,19325,RETURN
19473,19474,HAS_PARAM
19473,19475,HAS_PARAM
19473,19476,HAS_PARAM
19473,19352,HAS_BLOCK
19352,19354,FLOW
19473,19354,HAS_BLOCK
19354,19373,FLOW
19473,19373,HAS_BLOCK
19373,19358,FLOW
19373,19389,FLOW
19473,19389,HAS_BLOCK
19389,19407,FLOW
19473,19407,HAS_BLOCK
19407,19427,FLOW
19473,19427,HAS_BLOCK
19427,19447,FLOW
19473,19447,HAS_BLOCK
19447,19466,FLOW
19473,19466,HAS_BLOCK
19466,19469,FLOW
19473,19469,HAS_BLOCK
19469,19471,FLOW
19473,19471,HAS_BLOCK
19471,19355,FLOW
19473,19355,HAS_BLOCK
19355,19357,FLOW
19473,19357,HAS_BLOCK
19357,19467,FLOW
19473,19358,HAS_BLOCK
19358,19360,FLOW
19473,19360,HAS_BLOCK
19360,19362,FLOW
19473,19362,HAS_BLOCK
19362,19364,FLOW
19473,19364,HAS_BLOCK
19364,19366,FLOW
19473,19366,HAS_BLOCK
19366,19377,FLOW
19366,19367,FLOW
19473,19367,HAS_BLOCK
19367,19369,FLOW
19473,19369,HAS_BLOCK
19369,19371,FLOW
19473,19371,HAS_BLOCK
19371,19374,FLOW
19473,19374,HAS_BLOCK
19374,19376,FLOW
19473,19376,HAS_BLOCK
19376,19467,FLOW
19473,19377,HAS_BLOCK
19377,19379,FLOW
19473,19379,HAS_BLOCK
19379,19381,FLOW
19473,19381,HAS_BLOCK
19381,19383,FLOW
19473,19383,HAS_BLOCK
19383,19384,FLOW
19473,19384,HAS_BLOCK
19384,19386,FLOW
19473,19386,HAS_BLOCK
19386,19390,FLOW
19386,19388,FLOW
19386,19387,FLOW
19473,19387,HAS_BLOCK
19473,19388,HAS_BLOCK
19388,19392,FLOW
19473,19390,HAS_BLOCK
19390,19403,FLOW
19473,19392,HAS_BLOCK
19392,19393,FLOW
19473,19393,HAS_BLOCK
19393,19384,FLOW
19393,19394,FLOW
19473,19394,HAS_BLOCK
19394,19396,FLOW
19473,19396,HAS_BLOCK
19396,19398,FLOW
19473,19398,HAS_BLOCK
19398,19400,FLOW
19473,19400,HAS_BLOCK
19400,19402,FLOW
19473,19402,HAS_BLOCK
19402,19467,FLOW
19473,19403,HAS_BLOCK
19403,19405,FLOW
19473,19405,HAS_BLOCK
19405,19425,FLOW
19405,19408,FLOW
19473,19408,HAS_BLOCK
19408,19410,FLOW
19473,19410,HAS_BLOCK
19410,19412,FLOW
19473,19412,HAS_BLOCK
19412,19414,FLOW
19473,19414,HAS_BLOCK
19414,19416,FLOW
19473,19416,HAS_BLOCK
19416,19418,FLOW
19473,19418,HAS_BLOCK
19418,19420,FLOW
19473,19420,HAS_BLOCK
19420,19422,FLOW
19473,19422,HAS_BLOCK
19422,19424,FLOW
19473,19424,HAS_BLOCK
19424,19467,FLOW
19473,19425,HAS_BLOCK
19425,19428,FLOW
19473,19428,HAS_BLOCK
19428,19430,FLOW
19473,19430,HAS_BLOCK
19430,19448,FLOW
19430,19431,FLOW
19473,19431,HAS_BLOCK
19431,19433,FLOW
19473,19433,HAS_BLOCK
19433,19435,FLOW
19473,19435,HAS_BLOCK
19435,19437,FLOW
19473,19437,HAS_BLOCK
19437,19439,FLOW
19473,19439,HAS_BLOCK
19439,19441,FLOW
19473,19441,HAS_BLOCK
19441,19443,FLOW
19473,19443,HAS_BLOCK
19443,19445,FLOW
19473,19445,HAS_BLOCK
19445,19467,FLOW
19473,19448,HAS_BLOCK
19448,19450,FLOW
19473,19450,HAS_BLOCK
19450,19452,FLOW
19473,19452,HAS_BLOCK
19452,19454,FLOW
19473,19454,HAS_BLOCK
19454,19464,FLOW
19454,19455,FLOW
19473,19455,HAS_BLOCK
19455,19457,FLOW
19473,19457,HAS_BLOCK
19457,19459,FLOW
19473,19459,HAS_BLOCK
19459,19461,FLOW
19473,19461,HAS_BLOCK
19461,19463,FLOW
19473,19463,HAS_BLOCK
19463,19467,FLOW
19473,19464,HAS_BLOCK
19464,19467,FLOW
19473,19467,HAS_BLOCK
19467,19473,RETURN
19308,19309,HAS_PARAM
19308,19254,HAS_BLOCK
19254,19256,FLOW
19308,19256,HAS_BLOCK
19256,19274,FLOW
19308,19274,HAS_BLOCK
19274,19292,FLOW
19274,19298,FLOW
19274,19296,FLOW
19308,19292,HAS_BLOCK
19292,19299,FLOW
19308,19298,HAS_BLOCK
19298,19299,FLOW
19308,19299,HAS_BLOCK
19299,19301,FLOW
19308,19301,HAS_BLOCK
19301,19303,FLOW
19301,19294,FLOW
19301,19294,UNWIND
19308,19303,HAS_BLOCK
19303,19304,FLOW
19303,19280,FLOW
19308,19304,HAS_BLOCK
19304,19306,FLOW
19304,19294,FLOW
19304,19294,UNWIND
19308,19306,HAS_BLOCK
19306,19257,FLOW
19306,19294,FLOW
19306,19294,UNWIND
19308,19257,HAS_BLOCK
19257,19258,FLOW
19257,19280,FLOW
19308,19258,HAS_BLOCK
19258,19260,FLOW
19258,19294,FLOW
19258,19294,UNWIND
19308,19260,HAS_BLOCK
19260,19262,FLOW
19260,19294,FLOW
19260,19294,UNWIND
19308,19262,HAS_BLOCK
19262,19263,FLOW
19262,19280,FLOW
19308,19263,HAS_BLOCK
19263,19265,FLOW
19263,19294,FLOW
19263,19294,UNWIND
19308,19265,HAS_BLOCK
19265,19267,FLOW
19265,19294,FLOW
19265,19294,UNWIND
19308,19267,HAS_BLOCK
19267,19268,FLOW
19267,19280,FLOW
19308,19268,HAS_BLOCK
19268,19270,FLOW
19268,19294,FLOW
19268,19294,UNWIND
19308,19270,HAS_BLOCK
19270,19272,FLOW
19270,19294,FLOW
19270,19294,UNWIND
19308,19272,HAS_BLOCK
19272,19275,FLOW
19272,19280,FLOW
19308,19275,HAS_BLOCK
19275,19277,FLOW
19275,19294,FLOW
19275,19294,UNWIND
19308,19277,HAS_BLOCK
19277,19279,FLOW
19277,19294,FLOW
19277,19294,UNWIND
19308,19279,HAS_BLOCK
19279,19281,FLOW
19279,19280,FLOW
19308,19280,HAS_BLOCK
19280,19285,FLOW
19308,19281,HAS_BLOCK
19281,19283,FLOW
19281,19294,FLOW
19281,19294,UNWIND
19308,19283,HAS_BLOCK
19283,19297,FLOW
19283,19294,FLOW
19283,19294,UNWIND
19308,19285,HAS_BLOCK
19285,19293,FLOW
19285,19286,FLOW
19308,19286,HAS_BLOCK
19286,19288,FLOW
19286,19294,FLOW
19286,19294,UNWIND
19308,19288,HAS_BLOCK
19288,19290,FLOW
19288,19294,FLOW
19288,19294,UNWIND
19308,19290,HAS_BLOCK
19290,19294,FLOW
19290,19294,UNWIND
19308,19293,HAS_BLOCK
19293,19308,RETURN
19308,19294,HAS_BLOCK
19294,19295,FLOW
19308,19295,HAS_BLOCK
19308,19296,HAS_BLOCK
19308,19297,HAS_BLOCK
19297,19285,FLOW
19482,19483,HAS_FIELD
19663,19665,HAS_FIELD
19663,19664,HAS_FIELD
19622,19623,HAS_FIELD
19704,19706,HAS_FIELD
19704,19705,HAS_FIELD
19624,19625,HAS_FIELD
19712,19714,HAS_FIELD
19712,19713,HAS_FIELD
22133,22134,FLOW
22149,22150,FLOW
22139,22140,FLOW
22141,22142,FLOW
22135,22136,FLOW
22137,22138,FLOW
22143,22144,FLOW
22147,22148,FLOW
22145,22146,FLOW
19734,19736,HAS_FIELD
19734,19735,HAS_FIELD
19637,19647,HAS_FIELD
19637,19647,HAS_FIELD
19637,19654,HAS_FIELD
19637,19652,HAS_FIELD
19637,19656,HAS_FIELD
19637,19652,HAS_FIELD
19637,19656,HAS_FIELD
19637,19652,HAS_FIELD
19637,19653,HAS_FIELD
19637,19647,HAS_FIELD
19637,19647,HAS_FIELD
19637,19647,HAS_FIELD
19637,19647,HAS_FIELD
19637,19647,HAS_FIELD
19637,19647,HAS_FIELD
19637,19649,HAS_FIELD
19637,19648,HAS_FIELD
19637,19647,HAS_FIELD
19637,19647,HAS_FIELD
19637,19657,HAS_FIELD
19745,19747,HAS_FIELD
19745,19746,HAS_FIELD
17989,17999,HAS_FIELD
17989,17994,HAS_FIELD
17989,17999,HAS_FIELD
17989,17994,HAS_FIELD
17989,17999,HAS_FIELD
17989,17994,HAS_FIELD
17989,17999,HAS_FIELD
17989,17994,HAS_FIELD
17989,17999,HAS_FIELD
17989,17994,HAS_FIELD
19588,19610,HAS_FIELD
19588,19618,HAS_FIELD
19588,19614,HAS_FIELD
19588,19610,HAS_FIELD
19588,19614,HAS_FIELD
19588,19591,HAS_FIELD
19588,19607,HAS_FIELD
19588,19593,HAS_FIELD
19588,19603,HAS_FIELD
19588,19595,HAS_FIELD
19588,19605,HAS_FIELD
19588,19603,HAS_FIELD
19588,19612,HAS_FIELD
19588,19611,HAS_FIELD
19588,19593,HAS_FIELD
19588,19603,HAS_FIELD
19588,19595,HAS_FIELD
19588,19608,HAS_FIELD
19588,19603,HAS_FIELD
19588,19615,HAS_FIELD
19588,19596,HAS_FIELD
19588,19618,HAS_FIELD
19588,19606,HAS_FIELD
19588,19603,HAS_FIELD
19588,19603,HAS_FIELD
19588,19597,HAS_FIELD
19588,19616,HAS_FIELD
19588,19604,HAS_FIELD
19588,19591,HAS_FIELD
19588,19591,HAS_FIELD
19685,19687,HAS_FIELD
19685,19686,HAS_FIELD
16831,16851,HAS_FIELD
16831,16841,HAS_FIELD
16831,16851,HAS_FIELD
16831,16841,HAS_FIELD
16831,16851,HAS_FIELD
16831,16841,HAS_FIELD
16831,16851,HAS_FIELD
16831,16841,HAS_FIELD
16831,16851,HAS_FIELD
16831,16841,HAS_FIELD
16831,16851,HAS_FIELD
16831,16841,HAS_FIELD
16831,16851,HAS_FIELD
16831,16841,HAS_FIELD
16831,16851,HAS_FIELD
16831,16841,HAS_FIELD
16831,16851,HAS_FIELD
16831,16841,HAS_FIELD
16831,16851,HAS_FIELD
16831,16841,HAS_FIELD
19626,19633,HAS_FIELD
19626,19632,HAS_FIELD
19626,19629,HAS_FIELD
19626,19635,HAS_FIELD
19626,19631,HAS_FIELD
19626,19635,HAS_FIELD
19626,19631,HAS_FIELD
19626,19629,HAS_FIELD
19626,19629,HAS_FIELD
19723,19725,HAS_FIELD
19723,19724,HAS_FIELD
17324,17330,HAS_FIELD
17324,17327,HAS_FIELD
17324,17330,HAS_FIELD
17324,17327,HAS_FIELD
17324,17330,HAS_FIELD
17324,17327,HAS_FIELD
19658,19662,HAS_FIELD
19658,19660,HAS_FIELD
19658,19661,HAS_FIELD
19658,19660,HAS_FIELD
19756,19758,HAS_FIELD
19756,19757,HAS_FIELD
18151,18155,HAS_FIELD
18151,18153,HAS_FIELD
18151,18155,HAS_FIELD
18151,18153,HAS_FIELD
19619,19620,HAS_FIELD
19619,19621,HAS_FIELD
19696,19698,HAS_FIELD
19696,19697,HAS_FIELD
19484,19560,HAS_FIELD
19484,19499,HAS_FIELD
19484,19508,HAS_FIELD
19484,19504,HAS_FIELD
19484,19505,HAS_FIELD
19484,19500,HAS_FIELD
19484,19569,HAS_FIELD
19484,19527,HAS_FIELD
19484,19560,HAS_FIELD
19484,19536,HAS_FIELD
19484,19510,HAS_FIELD
19484,19507,HAS_FIELD
19484,19494,HAS_FIELD
19484,19527,HAS_FIELD
19484,19573,HAS_FIELD
19484,19560,HAS_FIELD
19484,19536,HAS_FIELD
19484,19586,HAS_FIELD
19484,19507,HAS_FIELD
19484,19494,HAS_FIELD
19484,19527,HAS_FIELD
19484,19560,HAS_FIELD
19484,19536,HAS_FIELD
19484,19542,HAS_FIELD
19484,19494,HAS_FIELD
19484,19527,HAS_FIELD
19484,19560,HAS_FIELD
19484,19536,HAS_FIELD
19484,19502,HAS_FIELD
19484,19527,HAS_FIELD
19484,19560,HAS_FIELD
19484,19583,HAS_FIELD
19484,19503,HAS_FIELD
19484,19527,HAS_FIELD
19484,19529,HAS_FIELD
19484,19528,HAS_FIELD
19484,19536,HAS_FIELD
19484,19494,HAS_FIELD
19484,19527,HAS_FIELD
19484,19560,HAS_FIELD
19484,19572,HAS_FIELD
19484,19497,HAS_FIELD
19484,19494,HAS_FIELD
19484,19527,HAS_FIELD
19484,19536,HAS_FIELD
19484,19563,HAS_FIELD
19484,19571,HAS_FIELD
19484,19587,HAS_FIELD
19484,19541,HAS_FIELD
19484,19560,HAS_FIELD
19484,19583,HAS_FIELD
19484,19527,HAS_FIELD
19484,19560,HAS_FIELD
19484,19583,HAS_FIELD
19484,19527,HAS_FIELD
19484,19560,HAS_FIELD
19484,19498,HAS_FIELD
19484,19538,HAS_FIELD
19484,19502,HAS_FIELD
19484,19541,HAS_FIELD
19484,19560,HAS_FIELD
19484,19510,HAS_FIELD
19484,19569,HAS_FIELD
19484,19575,HAS_FIELD
19484,19560,HAS_FIELD
19484,19560,HAS_FIELD
19484,19583,HAS_FIELD
19484,19585,HAS_FIELD
19484,19494,HAS_FIELD
19484,19527,HAS_FIELD
19484,19560,HAS_FIELD
19484,19583,HAS_FIELD
19484,19585,HAS_FIELD
19484,19494,HAS_FIELD
19484,19527,HAS_FIELD
19484,19569,HAS_FIELD
19484,19486,HAS_FIELD
19484,19527,HAS_FIELD
19484,19574,HAS_FIELD
19484,19560,HAS_FIELD
19484,19486,HAS_FIELD
19484,19527,HAS_FIELD
19484,19560,HAS_FIELD
19484,19536,HAS_FIELD
19484,19583,HAS_FIELD
19484,19494,HAS_FIELD
19484,19527,HAS_FIELD
19484,19560,HAS_FIELD
19484,19569,HAS_FIELD
19484,19576,HAS_FIELD
19484,19569,HAS_FIELD
19484,19495,HAS_FIELD
19484,19562,HAS_FIELD
19484,19561,HAS_FIELD
19484,19570,HAS_FIELD
19484,19537,HAS_FIELD
19484,19497,HAS_FIELD
19484,19541,HAS_FIELD
19484,19527,HAS_FIELD
19484,19569,HAS_FIELD
19484,19560,HAS_FIELD
19484,19583,HAS_FIELD
19484,19527,HAS_FIELD
19674,19676,HAS_FIELD
19674,19675,HAS_FIELD
16402,16466,HAS_FIELD
16402,16434,HAS_FIELD
16402,16466,HAS_FIELD
16402,16434,HAS_FIELD
16402,16466,HAS_FIELD
16402,16434,HAS_FIELD
16402,16466,HAS_FIELD
16402,16434,HAS_FIELD
16402,16466,HAS_FIELD
16402,16434,HAS_FIELD
16402,16466,HAS_FIELD
16402,16434,HAS_FIELD
16402,16466,HAS_FIELD
16402,16434,HAS_FIELD
16402,16466,HAS_FIELD
16402,16434,HAS_FIELD
16402,16466,HAS_FIELD
16402,16434,HAS_FIELD
16402,16466,HAS_FIELD
16402,16434,HAS_FIELD
16402,16466,HAS_FIELD
16402,16434,HAS_FIELD
16402,16466,HAS_FIELD
16402,16434,HAS_FIELD
16402,16466,HAS_FIELD
16402,16434,HAS_FIELD
16402,16466,HAS_FIELD
16402,16434,HAS_FIELD
16402,16466,HAS_FIELD
16402,16434,HAS_FIELD
16402,16466,HAS_FIELD
16402,16434,HAS_FIELD
16402,16466,HAS_FIELD
16402,16434,HAS_FIELD
16402,16466,HAS_FIELD
16402,16434,HAS_FIELD
16402,16466,HAS_FIELD
16402,16434,HAS_FIELD
16402,16466,HAS_FIELD
16402,16434,HAS_FIELD
16402,16466,HAS_FIELD
16402,16434,HAS_FIELD
16402,16466,HAS_FIELD
16402,16434,HAS_FIELD
16402,16466,HAS_FIELD
16402,16434,HAS_FIELD
16402,16466,HAS_FIELD
16402,16434,HAS_FIELD
16402,16466,HAS_FIELD
16402,16434,HAS_FIELD
16402,16466,HAS_FIELD
16402,16434,HAS_FIELD
16402,16466,HAS_FIELD
16402,16434,HAS_FIELD
16402,16466,HAS_FIELD
16402,16434,HAS_FIELD
16402,16466,HAS_FIELD
16402,16434,HAS_FIELD
16402,16466,HAS_FIELD
16402,16434,HAS_FIELD
16402,16466,HAS_FIELD
16402,16434,HAS_FIELD
16402,16466,HAS_FIELD
16402,16434,HAS_FIELD
19480,19477,HAS_BLOCK
19477,19479,FLOW
19480,19479,HAS_BLOCK
19479,19480,RETURN
11777,11778,HAS_PARAM
11777,11779,HAS_PARAM
11777,11774,HAS_BLOCK
11774,11776,FLOW
11777,11776,HAS_BLOCK
11776,11777,RETURN
11767,11768,HAS_PARAM
11767,11754,HAS_BLOCK
11754,11756,FLOW
11767,11756,HAS_BLOCK
11756,11758,FLOW
11756,11765,FLOW
11756,11765,UNWIND
11767,11758,HAS_BLOCK
11758,11760,FLOW
11758,11764,FLOW
11758,11764,UNWIND
11767,11760,HAS_BLOCK
11760,11762,FLOW
11760,11763,FLOW
11760,11763,UNWIND
11767,11762,HAS_BLOCK
11762,11767,RETURN
11767,11763,HAS_BLOCK
11763,11764,FLOW
11767,11764,HAS_BLOCK
11764,11765,FLOW
11767,11765,HAS_BLOCK
11765,11766,FLOW
11767,11766,HAS_BLOCK
18347,18348,HAS_PARAM
18347,18349,HAS_PARAM
18347,18292,HAS_BLOCK
18292,18293,FLOW
18292,18332,FLOW
18292,18332,UNWIND
18347,18293,HAS_BLOCK
18293,18311,FLOW
18293,18332,FLOW
18293,18332,UNWIND
18347,18311,HAS_BLOCK
18311,18327,FLOW
18311,18332,FLOW
18311,18332,UNWIND
18347,18327,HAS_BLOCK
18327,18337,FLOW
18327,18332,FLOW
18327,18332,UNWIND
18347,18337,HAS_BLOCK
18337,18339,FLOW
18337,18332,FLOW
18337,18332,UNWIND
18347,18339,HAS_BLOCK
18339,18341,FLOW
18347,18341,HAS_BLOCK
18341,18343,FLOW
18341,18345,FLOW
18341,18342,FLOW
18347,18342,HAS_BLOCK
18347,18343,HAS_BLOCK
18343,18294,FLOW
18343,18330,FLOW
18343,18330,UNWIND
18347,18345,HAS_BLOCK
18345,18325,FLOW
18347,18294,HAS_BLOCK
18294,18296,FLOW
18294,18330,FLOW
18294,18330,UNWIND
18347,18296,HAS_BLOCK
18296,18297,FLOW
18296,18299,FLOW
18296,18342,FLOW
18347,18297,HAS_BLOCK
18297,18301,FLOW
18297,18330,FLOW
18297,18330,UNWIND
18347,18299,HAS_BLOCK
18299,18333,FLOW
18299,18330,FLOW
18299,18330,UNWIND
18347,18301,HAS_BLOCK
18301,18303,FLOW
18301,18330,FLOW
18301,18330,UNWIND
18347,18303,HAS_BLOCK
18303,18304,FLOW
18303,18306,FLOW
18303,18342,FLOW
18347,18304,HAS_BLOCK
18304,18308,FLOW
18304,18330,FLOW
18304,18330,UNWIND
18347,18306,HAS_BLOCK
18306,18334,FLOW
18306,18330,FLOW
18306,18330,UNWIND
18347,18308,HAS_BLOCK
18308,18310,FLOW
18308,18330,FLOW
18308,18330,UNWIND
18347,18310,HAS_BLOCK
18310,18312,FLOW
18310,18314,FLOW
18310,18342,FLOW
18347,18312,HAS_BLOCK
18312,18316,FLOW
18312,18330,FLOW
18312,18330,UNWIND
18347,18314,HAS_BLOCK
18314,18335,FLOW
18314,18330,FLOW
18314,18330,UNWIND
18347,18316,HAS_BLOCK
18316,18318,FLOW
18316,18330,FLOW
18316,18330,UNWIND
18347,18318,HAS_BLOCK
18318,18319,FLOW
18318,18321,FLOW
18318,18342,FLOW
18347,18319,HAS_BLOCK
18319,18323,FLOW
18319,18330,FLOW
18319,18330,UNWIND
18347,18321,HAS_BLOCK
18321,18336,FLOW
18321,18330,FLOW
18321,18330,UNWIND
18347,18323,HAS_BLOCK
18323,18326,FLOW
18347,18324,HAS_BLOCK
18324,18325,FLOW
18347,18325,HAS_BLOCK
18325,18326,FLOW
18347,18326,HAS_BLOCK
18326,18347,RETURN
18347,18328,HAS_BLOCK
18347,18329,HAS_BLOCK
18329,18328,FLOW
18347,18330,HAS_BLOCK
18330,18328,FLOW
18330,18329,FLOW
18347,18331,HAS_BLOCK
18331,18328,FLOW
18347,18332,HAS_BLOCK
18332,18328,FLOW
18332,18331,FLOW
18347,18333,HAS_BLOCK
18333,18324,FLOW
18347,18334,HAS_BLOCK
18334,18324,FLOW
18347,18335,HAS_BLOCK
18335,18324,FLOW
18347,18336,HAS_BLOCK
18336,18324,FLOW
18290,18291,HAS_PARAM
18290,18287,HAS_BLOCK
18287,18289,FLOW
18290,18289,HAS_BLOCK
18289,18290,RETURN
11788,11789,HAS_PARAM
11788,11790,HAS_PARAM
11788,11785,HAS_BLOCK
11785,11787,FLOW
11788,11787,HAS_BLOCK
11787,11788,RETURN
11860,11861,HAS_PARAM
11860,11862,HAS_PARAM
11860,11853,HAS_BLOCK
11853,11858,FLOW
11853,11857,FLOW
11853,11856,FLOW
11853,11855,FLOW
11853,11854,FLOW
11860,11854,HAS_BLOCK
11854,11859,FLOW
11860,11855,HAS_BLOCK
11855,11859,FLOW
11860,11856,HAS_BLOCK
11856,11859,FLOW
11860,11857,HAS_BLOCK
11857,11859,FLOW
11860,11858,HAS_BLOCK
11858,11859,FLOW
11860,11859,HAS_BLOCK
11859,11860,RETURN
11850,11851,HAS_PARAM
11850,11852,HAS_PARAM
11850,11832,HAS_BLOCK
11832,11837,FLOW
11850,11834,HAS_BLOCK
11834,11838,FLOW
11850,11839,HAS_BLOCK
11839,11838,FLOW
11850,11840,HAS_BLOCK
11840,11836,FLOW
11850,11842,HAS_BLOCK
11842,11838,FLOW
11850,11843,HAS_BLOCK
11843,11835,FLOW
11850,11845,HAS_BLOCK
11845,11838,FLOW
11850,11846,HAS_BLOCK
11846,11849,FLOW
11850,11848,HAS_BLOCK
11848,11838,FLOW
11850,11849,HAS_BLOCK
11849,11834,FLOW
11849,11848,FLOW
11850,11835,HAS_BLOCK
11835,11846,FLOW
11835,11845,FLOW
11850,11836,HAS_BLOCK
11836,11843,FLOW
11836,11842,FLOW
11850,11837,HAS_BLOCK
11837,11840,FLOW
11837,11839,FLOW
11850,11838,HAS_BLOCK
11838,11850,RETURN
11829,11830,HAS_PARAM
11829,11831,HAS_PARAM
11829,11791,HAS_BLOCK
11791,11802,FLOW
11791,11803,FLOW
11829,11792,HAS_BLOCK
11792,11822,FLOW
11829,11803,HAS_BLOCK
11803,11814,FLOW
11803,11794,FLOW
11803,11792,FLOW
11829,11814,HAS_BLOCK
11814,11823,FLOW
11814,11792,FLOW
11829,11823,HAS_BLOCK
11823,11824,FLOW
11823,11792,FLOW
11829,11824,HAS_BLOCK
11824,11825,FLOW
11824,11792,FLOW
11829,11825,HAS_BLOCK
11825,11826,FLOW
11825,11792,FLOW
11829,11826,HAS_BLOCK
11826,11827,FLOW
11826,11792,FLOW
11829,11827,HAS_BLOCK
11827,11828,FLOW
11827,11792,FLOW
11829,11828,HAS_BLOCK
11828,11793,FLOW
11828,11792,FLOW
11829,11793,HAS_BLOCK
11793,11821,FLOW
11793,11792,FLOW
11829,11794,HAS_BLOCK
11794,11795,FLOW
11794,11792,FLOW
11829,11795,HAS_BLOCK
11795,11796,FLOW
11795,11792,FLOW
11829,11796,HAS_BLOCK
11796,11797,FLOW
11796,11792,FLOW
11829,11797,HAS_BLOCK
11797,11798,FLOW
11797,11792,FLOW
11829,11798,HAS_BLOCK
11798,11799,FLOW
11798,11792,FLOW
11829,11799,HAS_BLOCK
11799,11800,FLOW
11799,11792,FLOW
11829,11800,HAS_BLOCK
11800,11801,FLOW
11800,11792,FLOW
11829,11801,HAS_BLOCK
11801,11818,FLOW
11801,11792,FLOW
11829,11802,HAS_BLOCK
11802,11792,FLOW
11802,11804,FLOW
11829,11804,HAS_BLOCK
11804,11805,FLOW
11804,11811,FLOW
11804,11792,FLOW
11829,11805,HAS_BLOCK
11805,11806,FLOW
11805,11792,FLOW
11829,11806,HAS_BLOCK
11806,11807,FLOW
11806,11792,FLOW
11829,11807,HAS_BLOCK
11807,11808,FLOW
11807,11792,FLOW
11829,11808,HAS_BLOCK
11808,11809,FLOW
11808,11792,FLOW
11829,11809,HAS_BLOCK
11809,11810,FLOW
11809,11792,FLOW
11829,11810,HAS_BLOCK
11810,11820,FLOW
11810,11792,FLOW
11829,11811,HAS_BLOCK
11811,11812,FLOW
11811,11792,FLOW
11829,11812,HAS_BLOCK
11812,11813,FLOW
11812,11792,FLOW
11829,11813,HAS_BLOCK
11813,11815,FLOW
11813,11792,FLOW
11829,11815,HAS_BLOCK
11815,11816,FLOW
11815,11792,FLOW
11829,11816,HAS_BLOCK
11816,11817,FLOW
11816,11792,FLOW
11829,11817,HAS_BLOCK
11817,11819,FLOW
11817,11792,FLOW
11829,11818,HAS_BLOCK
11818,11822,FLOW
11829,11819,HAS_BLOCK
11819,11822,FLOW
11829,11820,HAS_BLOCK
11820,11822,FLOW
11829,11821,HAS_BLOCK
11821,11822,FLOW
11829,11822,HAS_BLOCK
11822,11829,RETURN
11783,11784,HAS_PARAM
11783,11780,HAS_BLOCK
11780,11782,FLOW
11783,11782,HAS_BLOCK
11782,11783,RETURN
11866,11867,HAS_PARAM
11866,11868,HAS_PARAM
11866,11863,HAS_BLOCK
11863,11865,FLOW
11866,11865,HAS_BLOCK
11865,11866,RETURN
12098,12099,HAS_PARAM
12098,12100,HAS_PARAM
12098,12038,HAS_BLOCK
12038,12040,FLOW
12038,12082,FLOW
12038,12082,UNWIND
12098,12040,HAS_BLOCK
12040,12057,FLOW
12040,12082,FLOW
12040,12082,UNWIND
12098,12057,HAS_BLOCK
12057,12084,FLOW
12057,12089,FLOW
12057,12073,FLOW
12098,12073,HAS_BLOCK
12098,12084,HAS_BLOCK
12084,12091,FLOW
12084,12093,FLOW
12084,12073,FLOW
12098,12089,HAS_BLOCK
12089,12085,FLOW
12089,12082,FLOW
12089,12082,UNWIND
12098,12091,HAS_BLOCK
12091,12095,FLOW
12091,12082,FLOW
12091,12082,UNWIND
12098,12093,HAS_BLOCK
12093,12096,FLOW
12093,12081,FLOW
12093,12081,UNWIND
12098,12095,HAS_BLOCK
12095,12077,FLOW
12098,12096,HAS_BLOCK
12096,12041,FLOW
12096,12081,FLOW
12096,12081,UNWIND
12098,12041,HAS_BLOCK
12041,12042,FLOW
12041,12043,FLOW
12041,12073,FLOW
12098,12042,HAS_BLOCK
12042,12045,FLOW
12042,12047,FLOW
12042,12073,FLOW
12098,12043,HAS_BLOCK
12043,12086,FLOW
12043,12081,FLOW
12043,12081,UNWIND
12098,12045,HAS_BLOCK
12045,12049,FLOW
12045,12081,FLOW
12045,12081,UNWIND
12098,12047,HAS_BLOCK
12047,12050,FLOW
12047,12080,FLOW
12047,12080,UNWIND
12098,12049,HAS_BLOCK
12049,12076,FLOW
12098,12050,HAS_BLOCK
12050,12052,FLOW
12050,12080,FLOW
12050,12080,UNWIND
12098,12052,HAS_BLOCK
12052,12053,FLOW
12052,12054,FLOW
12052,12073,FLOW
12098,12053,HAS_BLOCK
12053,12058,FLOW
12053,12060,FLOW
12053,12073,FLOW
12098,12054,HAS_BLOCK
12054,12087,FLOW
12054,12080,FLOW
12054,12080,UNWIND
12098,12058,HAS_BLOCK
12058,12062,FLOW
12058,12080,FLOW
12058,12080,UNWIND
12098,12060,HAS_BLOCK
12060,12063,FLOW
12060,12079,FLOW
12060,12079,UNWIND
12098,12062,HAS_BLOCK
12062,12075,FLOW
12098,12063,HAS_BLOCK
12063,12065,FLOW
12063,12079,FLOW
12063,12079,UNWIND
12098,12065,HAS_BLOCK
12065,12066,FLOW
12065,12067,FLOW
12065,12073,FLOW
12098,12066,HAS_BLOCK
12066,12069,FLOW
12066,12071,FLOW
12066,12073,FLOW
12098,12067,HAS_BLOCK
12067,12088,FLOW
12067,12079,FLOW
12067,12079,UNWIND
12098,12069,HAS_BLOCK
12069,12072,FLOW
12069,12079,FLOW
12069,12079,UNWIND
12098,12071,HAS_BLOCK
12071,12078,FLOW
12098,12072,HAS_BLOCK
12072,12074,FLOW
12098,12074,HAS_BLOCK
12074,12075,FLOW
12074,12080,FLOW
12074,12080,UNWIND
12098,12075,HAS_BLOCK
12075,12076,FLOW
12075,12081,FLOW
12075,12081,UNWIND
12098,12076,HAS_BLOCK
12076,12077,FLOW
12076,12082,FLOW
12076,12082,UNWIND
12098,12077,HAS_BLOCK
12077,12078,FLOW
12098,12078,HAS_BLOCK
12078,12098,RETURN
12098,12079,HAS_BLOCK
12079,12080,FLOW
12098,12080,HAS_BLOCK
12080,12081,FLOW
12098,12081,HAS_BLOCK
12081,12082,FLOW
12098,12082,HAS_BLOCK
12082,12083,FLOW
12098,12083,HAS_BLOCK
12098,12085,HAS_BLOCK
12085,12077,FLOW
12098,12086,HAS_BLOCK
12086,12076,FLOW
12098,12087,HAS_BLOCK
12087,12075,FLOW
12098,12088,HAS_BLOCK
12088,12074,FLOW
12035,12036,HAS_PARAM
12035,12037,HAS_PARAM
12035,11869,HAS_BLOCK
11869,11870,FLOW
12035,11870,HAS_BLOCK
11870,11917,FLOW
11870,11886,FLOW
11870,11886,UNWIND
12035,11917,HAS_BLOCK
11917,11933,FLOW
11917,11886,FLOW
11917,11886,UNWIND
12035,11933,HAS_BLOCK
11933,11963,FLOW
11933,11979,FLOW
11933,11948,FLOW
12035,11948,HAS_BLOCK
12035,11963,HAS_BLOCK
11963,12010,FLOW
11963,11995,FLOW
11963,11948,FLOW
12035,11979,HAS_BLOCK
11979,11893,FLOW
11979,11886,FLOW
11979,11886,UNWIND
12035,11995,HAS_BLOCK
11995,11974,FLOW
11995,11976,FLOW
11995,11948,FLOW
12035,12010,HAS_BLOCK
12010,11905,FLOW
12010,11895,FLOW
12010,11883,FLOW
12010,11871,FLOW
12010,12023,FLOW
12010,11948,FLOW
12035,12023,HAS_BLOCK
12023,11969,FLOW
12023,11886,FLOW
12023,11886,UNWIND
12035,11871,HAS_BLOCK
11871,11954,FLOW
11871,11886,FLOW
11871,11886,UNWIND
12035,11883,HAS_BLOCK
11883,11939,FLOW
11883,11886,FLOW
11883,11886,UNWIND
12035,11895,HAS_BLOCK
11895,11923,FLOW
11895,11886,FLOW
11895,11886,UNWIND
12035,11905,HAS_BLOCK
11905,11907,FLOW
11905,11886,FLOW
11905,11886,UNWIND
12035,11907,HAS_BLOCK
11907,11911,FLOW
11907,11908,FLOW
12035,11908,HAS_BLOCK
11908,11910,FLOW
11908,11886,FLOW
11908,11886,UNWIND
12035,11910,HAS_BLOCK
11910,11872,FLOW
12035,11911,HAS_BLOCK
11911,11913,FLOW
11911,11886,FLOW
11911,11886,UNWIND
12035,11913,HAS_BLOCK
11913,11915,FLOW
11913,11886,FLOW
11913,11886,UNWIND
12035,11915,HAS_BLOCK
11915,11918,FLOW
11915,11919,FLOW
11915,11948,FLOW
12035,11918,HAS_BLOCK
11918,11921,FLOW
11918,11922,FLOW
11918,11922,UNWIND
12035,11919,HAS_BLOCK
11919,11896,FLOW
11919,11886,FLOW
11919,11886,UNWIND
12035,11921,HAS_BLOCK
11921,11870,FLOW
12035,11922,HAS_BLOCK
11922,11886,FLOW
12035,11923,HAS_BLOCK
11923,11927,FLOW
11923,11924,FLOW
12035,11924,HAS_BLOCK
11924,11926,FLOW
11924,11886,FLOW
11924,11886,UNWIND
12035,11926,HAS_BLOCK
11926,11872,FLOW
12035,11927,HAS_BLOCK
11927,11929,FLOW
11927,11886,FLOW
11927,11886,UNWIND
12035,11929,HAS_BLOCK
11929,11931,FLOW
11929,11886,FLOW
11929,11886,UNWIND
12035,11931,HAS_BLOCK
11931,11934,FLOW
11931,11935,FLOW
11931,11948,FLOW
12035,11934,HAS_BLOCK
11934,11937,FLOW
11934,11938,FLOW
11934,11938,UNWIND
12035,11935,HAS_BLOCK
11935,11897,FLOW
11935,11886,FLOW
11935,11886,UNWIND
12035,11937,HAS_BLOCK
11937,11870,FLOW
12035,11938,HAS_BLOCK
11938,11886,FLOW
12035,11939,HAS_BLOCK
11939,11943,FLOW
11939,11940,FLOW
12035,11940,HAS_BLOCK
11940,11942,FLOW
11940,11886,FLOW
11940,11886,UNWIND
12035,11942,HAS_BLOCK
11942,11872,FLOW
12035,11943,HAS_BLOCK
11943,11945,FLOW
11943,11886,FLOW
11943,11886,UNWIND
12035,11945,HAS_BLOCK
11945,11947,FLOW
11945,11886,FLOW
11945,11886,UNWIND
12035,11947,HAS_BLOCK
11947,11949,FLOW
11947,11950,FLOW
11947,11948,FLOW
12035,11949,HAS_BLOCK
11949,11952,FLOW
11949,11953,FLOW
11949,11953,UNWIND
12035,11950,HAS_BLOCK
11950,11898,FLOW
11950,11886,FLOW
11950,11886,UNWIND
12035,11952,HAS_BLOCK
11952,11870,FLOW
12035,11953,HAS_BLOCK
11953,11886,FLOW
12035,11954,HAS_BLOCK
11954,11958,FLOW
11954,11955,FLOW
12035,11955,HAS_BLOCK
11955,11957,FLOW
11955,11886,FLOW
11955,11886,UNWIND
12035,11957,HAS_BLOCK
11957,11872,FLOW
12035,11958,HAS_BLOCK
11958,11960,FLOW
11958,11886,FLOW
11958,11886,UNWIND
12035,11960,HAS_BLOCK
11960,11962,FLOW
11960,11886,FLOW
11960,11886,UNWIND
12035,11962,HAS_BLOCK
11962,11964,FLOW
11962,11965,FLOW
11962,11948,FLOW
12035,11964,HAS_BLOCK
11964,11967,FLOW
11964,11968,FLOW
11964,11968,UNWIND
12035,11965,HAS_BLOCK
11965,11899,FLOW
11965,11886,FLOW
11965,11886,UNWIND
12035,11967,HAS_BLOCK
11967,11870,FLOW
12035,11968,HAS_BLOCK
11968,11886,FLOW
12035,11969,HAS_BLOCK
11969,11971,FLOW
11969,11886,FLOW
11969,11886,UNWIND
12035,11971,HAS_BLOCK
11971,11870,FLOW
11971,11972,FLOW
11971,11948,FLOW
12035,11972,HAS_BLOCK
11972,11900,FLOW
11972,11886,FLOW
11972,11886,UNWIND
12035,11974,HAS_BLOCK
11974,11977,FLOW
11974,11886,FLOW
11974,11886,UNWIND
12035,11976,HAS_BLOCK
11976,11984,FLOW
12035,11977,HAS_BLOCK
11977,11980,FLOW
11977,11886,FLOW
11977,11886,UNWIND
12035,11980,HAS_BLOCK
11980,11981,FLOW
11980,11982,FLOW
11980,11948,FLOW
12035,11981,HAS_BLOCK
11981,11984,FLOW
12035,11982,HAS_BLOCK
11982,11901,FLOW
11982,11886,FLOW
11982,11886,UNWIND
12035,11984,HAS_BLOCK
11984,11985,FLOW
11984,11987,FLOW
11984,11948,FLOW
12035,11985,HAS_BLOCK
11985,11988,FLOW
11985,12025,FLOW
11985,12025,UNWIND
12035,11987,HAS_BLOCK
11987,11996,FLOW
12035,11988,HAS_BLOCK
11988,11990,FLOW
11988,12025,FLOW
11988,12025,UNWIND
12035,11990,HAS_BLOCK
11990,11991,FLOW
11990,11992,FLOW
11990,11948,FLOW
12035,11991,HAS_BLOCK
11991,11996,FLOW
12035,11992,HAS_BLOCK
11992,11902,FLOW
11992,12025,FLOW
11992,12025,UNWIND
12035,11996,HAS_BLOCK
11996,11997,FLOW
11996,11999,FLOW
11996,11948,FLOW
12035,11997,HAS_BLOCK
11997,12000,FLOW
11997,12024,FLOW
11997,12024,UNWIND
12035,11999,HAS_BLOCK
11999,12006,FLOW
12035,12000,HAS_BLOCK
12000,12002,FLOW
12000,12024,FLOW
12000,12024,UNWIND
12035,12002,HAS_BLOCK
12002,12003,FLOW
12002,12004,FLOW
12002,11948,FLOW
12035,12003,HAS_BLOCK
12003,12006,FLOW
12035,12004,HAS_BLOCK
12004,11903,FLOW
12004,12024,FLOW
12004,12024,UNWIND
12035,12006,HAS_BLOCK
12006,12007,FLOW
12006,12009,FLOW
12006,11948,FLOW
12035,12007,HAS_BLOCK
12007,12011,FLOW
12007,12022,FLOW
12007,12022,UNWIND
12035,12009,HAS_BLOCK
12009,12018,FLOW
12035,12011,HAS_BLOCK
12011,12013,FLOW
12011,12022,FLOW
12011,12022,UNWIND
12035,12013,HAS_BLOCK
12013,12014,FLOW
12013,12015,FLOW
12013,11948,FLOW
12035,12014,HAS_BLOCK
12014,12018,FLOW
12035,12015,HAS_BLOCK
12015,12017,FLOW
12015,12022,FLOW
12015,12022,UNWIND
12035,12017,HAS_BLOCK
12017,12019,FLOW
12017,12024,FLOW
12017,12024,UNWIND
12035,12018,HAS_BLOCK
12018,12021,FLOW
12035,12019,HAS_BLOCK
12019,12020,FLOW
12019,12025,FLOW
12019,12025,UNWIND
12035,12020,HAS_BLOCK
12020,11872,FLOW
12020,11886,FLOW
12020,11886,UNWIND
12035,12021,HAS_BLOCK
12021,12035,RETURN
12035,12022,HAS_BLOCK
12022,12024,FLOW
12035,12024,HAS_BLOCK
12024,12025,FLOW
12035,12025,HAS_BLOCK
12025,11886,FLOW
12035,12026,HAS_BLOCK
12026,11887,FLOW
12026,12027,FLOW
12035,12027,HAS_BLOCK
12027,11889,FLOW
12027,12028,FLOW
12035,12028,HAS_BLOCK
12028,11891,FLOW
12028,12029,FLOW
12035,12029,HAS_BLOCK
12029,12030,FLOW
12035,12030,HAS_BLOCK
12035,12031,HAS_BLOCK
12031,11874,FLOW
12031,11873,FLOW
12031,11948,FLOW
12035,12032,HAS_BLOCK
12032,12031,FLOW
12032,12033,FLOW
12035,12033,HAS_BLOCK
12033,12031,FLOW
12033,12026,FLOW
12033,12026,UNWIND
12035,11872,HAS_BLOCK
11872,12032,FLOW
11872,12031,FLOW
11872,11948,FLOW
12035,11873,HAS_BLOCK
11873,11877,FLOW
11873,11876,FLOW
11873,11948,FLOW
12035,11874,HAS_BLOCK
11874,11873,FLOW
11874,11875,FLOW
12035,11875,HAS_BLOCK
11875,11873,FLOW
11875,12027,FLOW
11875,12027,UNWIND
12035,11876,HAS_BLOCK
11876,11880,FLOW
11876,11879,FLOW
11876,11948,FLOW
12035,11877,HAS_BLOCK
11877,11876,FLOW
11877,11878,FLOW
12035,11878,HAS_BLOCK
11878,11876,FLOW
11878,12028,FLOW
11878,12028,UNWIND
12035,11879,HAS_BLOCK
11879,12021,FLOW
12035,11880,HAS_BLOCK
11880,11879,FLOW
11880,11881,FLOW
12035,11881,HAS_BLOCK
11881,11879,FLOW
11881,12029,FLOW
11881,12029,UNWIND
12035,11884,HAS_BLOCK
11884,12026,FLOW
11884,11885,FLOW
12035,11885,HAS_BLOCK
11885,12026,FLOW
12035,11886,HAS_BLOCK
11886,11884,FLOW
11886,12026,FLOW
12035,11887,HAS_BLOCK
11887,12027,FLOW
11887,11888,FLOW
12035,11888,HAS_BLOCK
11888,12027,FLOW
12035,11889,HAS_BLOCK
11889,12028,FLOW
11889,11890,FLOW
12035,11890,HAS_BLOCK
11890,12028,FLOW
12035,11891,HAS_BLOCK
11891,12029,FLOW
11891,11892,FLOW
12035,11892,HAS_BLOCK
11892,12029,FLOW
12035,11893,HAS_BLOCK
11893,11872,FLOW
12035,11896,HAS_BLOCK
11896,11872,FLOW
12035,11897,HAS_BLOCK
11897,11872,FLOW
12035,11898,HAS_BLOCK
11898,11872,FLOW
12035,11899,HAS_BLOCK
11899,11872,FLOW
12035,11900,HAS_BLOCK
11900,11872,FLOW
12035,11901,HAS_BLOCK
11901,11872,FLOW
12035,11902,HAS_BLOCK
11902,12020,FLOW
12035,11903,HAS_BLOCK
11903,12019,FLOW
18197,18180,HAS_BLOCK
18180,18182,FLOW
18197,18182,HAS_BLOCK
18182,18187,FLOW
18182,18195,FLOW
18182,18195,UNWIND
18197,18187,HAS_BLOCK
18187,18183,FLOW
18197,18188,HAS_BLOCK
18188,18190,FLOW
18188,18194,FLOW
18188,18194,UNWIND
18197,18190,HAS_BLOCK
18190,18192,FLOW
18190,18193,FLOW
18190,18193,UNWIND
18197,18192,HAS_BLOCK
18192,18197,RETURN
18197,18193,HAS_BLOCK
18193,18194,FLOW
18197,18194,HAS_BLOCK
18194,18195,FLOW
18197,18195,HAS_BLOCK
18195,18196,FLOW
18197,18196,HAS_BLOCK
18197,18183,HAS_BLOCK
18183,18184,FLOW
18197,18184,HAS_BLOCK
18184,18188,FLOW
18184,18195,FLOW
18184,18195,UNWIND
18274,18275,HAS_PARAM
18274,18271,HAS_BLOCK
18271,18273,FLOW
18274,18273,HAS_BLOCK
18273,18274,RETURN
18178,18179,HAS_PARAM
18178,18175,HAS_BLOCK
18175,18177,FLOW
18178,18177,HAS_BLOCK
18177,18178,RETURN
18268,18269,HAS_PARAM
18268,18270,HAS_PARAM
18268,18258,HAS_BLOCK
18258,18260,FLOW
18258,18438,CALL
18268,18260,HAS_BLOCK
18260,18262,FLOW
18268,18262,HAS_BLOCK
18262,18263,FLOW
18268,18263,HAS_BLOCK
18263,18265,FLOW
18268,18265,HAS_BLOCK
18265,18267,FLOW
18268,18267,HAS_BLOCK
18267,18268,RETURN
18255,18256,HAS_PARAM
18255,18257,HAS_PARAM
18255,18198,HAS_BLOCK
18198,18200,FLOW
18198,18245,FLOW
18198,18245,UNWIND
18255,18200,HAS_BLOCK
18200,18216,FLOW
18200,18245,FLOW
18200,18245,UNWIND
18255,18216,HAS_BLOCK
18216,18236,FLOW
18216,18245,FLOW
18216,18245,UNWIND
18255,18236,HAS_BLOCK
18236,18246,FLOW
18236,18245,FLOW
18236,18245,UNWIND
18255,18246,HAS_BLOCK
18246,18248,FLOW
18246,18245,FLOW
18246,18245,UNWIND
18255,18248,HAS_BLOCK
18248,18250,FLOW
18248,18241,FLOW
18248,18241,UNWIND
18255,18250,HAS_BLOCK
18250,18251,FLOW
18255,18251,HAS_BLOCK
18251,18253,FLOW
18251,18241,FLOW
18251,18241,UNWIND
18255,18253,HAS_BLOCK
18253,18202,FLOW
18253,18201,FLOW
18253,18254,FLOW
18255,18254,HAS_BLOCK
18255,18201,HAS_BLOCK
18201,18204,FLOW
18201,18241,FLOW
18201,18241,UNWIND
18255,18202,HAS_BLOCK
18202,18208,FLOW
18202,18241,FLOW
18202,18241,UNWIND
18255,18204,HAS_BLOCK
18204,18206,FLOW
18204,18241,FLOW
18204,18241,UNWIND
18255,18206,HAS_BLOCK
18206,18207,FLOW
18206,18241,FLOW
18206,18241,UNWIND
18255,18207,HAS_BLOCK
18207,18251,FLOW
18255,18208,HAS_BLOCK
18208,18210,FLOW
18208,18241,FLOW
18208,18241,UNWIND
18255,18210,HAS_BLOCK
18210,18211,FLOW
18255,18211,HAS_BLOCK
18211,18213,FLOW
18211,18241,FLOW
18211,18241,UNWIND
18255,18213,HAS_BLOCK
18213,18217,FLOW
18213,18214,FLOW
18213,18254,FLOW
18255,18214,HAS_BLOCK
18214,18219,FLOW
18214,18241,FLOW
18214,18241,UNWIND
18255,18217,HAS_BLOCK
18217,18225,FLOW
18217,18241,FLOW
18217,18241,UNWIND
18255,18219,HAS_BLOCK
18219,18221,FLOW
18219,18241,FLOW
18219,18241,UNWIND
18255,18221,HAS_BLOCK
18221,18223,FLOW
18221,18241,FLOW
18221,18241,UNWIND
18255,18223,HAS_BLOCK
18223,18224,FLOW
18223,18241,FLOW
18223,18241,UNWIND
18255,18224,HAS_BLOCK
18224,18211,FLOW
18255,18225,HAS_BLOCK
18225,18227,FLOW
18225,18241,FLOW
18225,18241,UNWIND
18255,18227,HAS_BLOCK
18227,18229,FLOW
18227,18241,FLOW
18227,18241,UNWIND
18255,18229,HAS_BLOCK
18229,18231,FLOW
18229,18241,FLOW
18229,18241,UNWIND
18255,18231,HAS_BLOCK
18231,18233,FLOW
18231,18240,FLOW
18231,18240,UNWIND
18255,18233,HAS_BLOCK
18233,18237,FLOW
18233,18240,FLOW
18233,18240,UNWIND
18255,18237,HAS_BLOCK
18237,18239,FLOW
18237,18240,FLOW
18237,18240,UNWIND
18255,18239,HAS_BLOCK
18239,18255,RETURN
18255,18240,HAS_BLOCK
18240,18241,FLOW
18255,18241,HAS_BLOCK
18241,18245,FLOW
18255,18242,HAS_BLOCK
18242,18243,FLOW
18255,18243,HAS_BLOCK
18255,18244,HAS_BLOCK
18244,18242,FLOW
18255,18245,HAS_BLOCK
18245,18242,FLOW
18245,18244,FLOW
11773,11770,HAS_BLOCK
11770,11772,FLOW
11770,18197,CALL
11773,11772,HAS_BLOCK
11772,11773,RETURN
12176,12177,HAS_PARAM
12176,12178,HAS_PARAM
12176,12137,HAS_BLOCK
12137,12157,FLOW
12137,12155,FLOW
12137,12153,FLOW
12137,12151,FLOW
12137,12149,FLOW
12137,12147,FLOW
12137,12145,FLOW
12137,12143,FLOW
12137,12141,FLOW
12137,12139,FLOW
12137,12174,FLOW
12137,12172,FLOW
12137,12170,FLOW
12137,12168,FLOW
12137,12166,FLOW
12137,12164,FLOW
12137,12162,FLOW
12137,12159,FLOW
12137,12138,FLOW
12176,12138,HAS_BLOCK
12176,12159,HAS_BLOCK
12159,12160,FLOW
12176,12162,HAS_BLOCK
12162,12160,FLOW
12176,12164,HAS_BLOCK
12164,12160,FLOW
12176,12166,HAS_BLOCK
12166,12160,FLOW
12176,12168,HAS_BLOCK
12168,12160,FLOW
12176,12170,HAS_BLOCK
12170,12160,FLOW
12176,12172,HAS_BLOCK
12172,12160,FLOW
12176,12174,HAS_BLOCK
12174,12160,FLOW
12176,12139,HAS_BLOCK
12139,12160,FLOW
12176,12141,HAS_BLOCK
12141,12160,FLOW
12176,12143,HAS_BLOCK
12143,12160,FLOW
12176,12145,HAS_BLOCK
12145,12160,FLOW
12176,12147,HAS_BLOCK
12147,12160,FLOW
12176,12149,HAS_BLOCK
12149,12160,FLOW
12176,12151,HAS_BLOCK
12151,12160,FLOW
12176,12153,HAS_BLOCK
12153,12160,FLOW
12176,12155,HAS_BLOCK
12155,12160,FLOW
12176,12157,HAS_BLOCK
12157,12160,FLOW
12176,12160,HAS_BLOCK
12160,12176,RETURN
12124,12125,HAS_PARAM
12124,12101,HAS_BLOCK
12101,12112,FLOW
12101,12111,FLOW
12101,12110,FLOW
12101,12109,FLOW
12101,12108,FLOW
12101,12107,FLOW
12101,12106,FLOW
12101,12105,FLOW
12101,12104,FLOW
12101,12103,FLOW
12101,12123,FLOW
12101,12121,FLOW
12101,12120,FLOW
12101,12119,FLOW
12101,12118,FLOW
12101,12117,FLOW
12101,12116,FLOW
12101,12113,FLOW
12101,12102,FLOW
12124,12102,HAS_BLOCK
12124,12113,HAS_BLOCK
12113,12115,FLOW
12124,12116,HAS_BLOCK
12116,12115,FLOW
12124,12117,HAS_BLOCK
12117,12115,FLOW
12124,12118,HAS_BLOCK
12118,12115,FLOW
12124,12119,HAS_BLOCK
12119,12115,FLOW
12124,12120,HAS_BLOCK
12120,12115,FLOW
12124,12121,HAS_BLOCK
12121,12114,FLOW
12124,12123,HAS_BLOCK
12123,12115,FLOW
12124,12103,HAS_BLOCK
12103,12115,FLOW
12124,12104,HAS_BLOCK
12104,12115,FLOW
12124,12105,HAS_BLOCK
12105,12115,FLOW
12124,12106,HAS_BLOCK
12106,12115,FLOW
12124,12107,HAS_BLOCK
12107,12115,FLOW
12124,12108,HAS_BLOCK
12108,12115,FLOW
12124,12109,HAS_BLOCK
12109,12115,FLOW
12124,12110,HAS_BLOCK
12110,12115,FLOW
12124,12111,HAS_BLOCK
12111,12115,FLOW
12124,12112,HAS_BLOCK
12112,12115,FLOW
12124,12114,HAS_BLOCK
12114,12115,FLOW
12124,12115,HAS_BLOCK
12115,12124,RETURN
12134,12135,HAS_PARAM
12134,12136,HAS_PARAM
12134,12126,HAS_BLOCK
12126,12128,FLOW
12126,12127,FLOW
12134,12127,HAS_BLOCK
12127,12130,FLOW
12127,12129,FLOW
12134,12128,HAS_BLOCK
12128,12133,FLOW
12134,12129,HAS_BLOCK
12129,12133,FLOW
12134,12130,HAS_BLOCK
12130,12131,FLOW
12130,12129,FLOW
12134,12131,HAS_BLOCK
12131,12133,FLOW
12134,12133,HAS_BLOCK
12133,12134,RETURN
18428,18429,HAS_PARAM
18428,18430,HAS_PARAM
18428,18366,HAS_BLOCK
18366,18386,FLOW
18366,18384,FLOW
18366,18382,FLOW
18366,18380,FLOW
18366,18378,FLOW
18366,18376,FLOW
18366,18374,FLOW
18366,18372,FLOW
18366,18370,FLOW
18366,18368,FLOW
18366,18426,FLOW
18366,18425,FLOW
18366,18423,FLOW
18366,18421,FLOW
18366,18419,FLOW
18366,18417,FLOW
18366,18407,FLOW
18366,18388,FLOW
18366,18367,FLOW
18428,18367,HAS_BLOCK
18428,18388,HAS_BLOCK
18388,18410,FLOW
18428,18407,HAS_BLOCK
18407,18410,FLOW
18428,18417,HAS_BLOCK
18417,18410,FLOW
18428,18419,HAS_BLOCK
18419,18410,FLOW
18428,18421,HAS_BLOCK
18421,18410,FLOW
18428,18423,HAS_BLOCK
18423,18410,FLOW
18428,18425,HAS_BLOCK
18425,18389,FLOW
18425,18415,FLOW
18425,18415,UNWIND
18428,18426,HAS_BLOCK
18426,18410,FLOW
18428,18368,HAS_BLOCK
18368,18410,FLOW
18428,18370,HAS_BLOCK
18370,18410,FLOW
18428,18372,HAS_BLOCK
18372,18410,FLOW
18428,18374,HAS_BLOCK
18374,18410,FLOW
18428,18376,HAS_BLOCK
18376,18410,FLOW
18428,18378,HAS_BLOCK
18378,18410,FLOW
18428,18380,HAS_BLOCK
18380,18410,FLOW
18428,18382,HAS_BLOCK
18382,18410,FLOW
18428,18384,HAS_BLOCK
18384,18410,FLOW
18428,18386,HAS_BLOCK
18386,18410,FLOW
18428,18389,HAS_BLOCK
18389,18391,FLOW
18389,18415,FLOW
18389,18415,UNWIND
18428,18391,HAS_BLOCK
18391,18393,FLOW
18428,18393,HAS_BLOCK
18393,18394,FLOW
18393,18396,FLOW
18393,18367,FLOW
18428,18394,HAS_BLOCK
18394,18398,FLOW
18394,18413,FLOW
18394,18413,UNWIND
18428,18396,HAS_BLOCK
18396,18409,FLOW
18428,18398,HAS_BLOCK
18398,18400,FLOW
18398,18413,FLOW
18398,18413,UNWIND
18428,18400,HAS_BLOCK
18400,18401,FLOW
18400,18403,FLOW
18400,18367,FLOW
18428,18401,HAS_BLOCK
18401,18408,FLOW
18401,18413,FLOW
18401,18413,UNWIND
18428,18403,HAS_BLOCK
18403,18405,FLOW
18403,18413,FLOW
18403,18413,UNWIND
18428,18405,HAS_BLOCK
18405,18409,FLOW
18428,18408,HAS_BLOCK
18408,18410,FLOW
18428,18409,HAS_BLOCK
18409,18410,FLOW
18428,18410,HAS_BLOCK
18410,18428,RETURN
18428,18411,HAS_BLOCK
18428,18412,HAS_BLOCK
18412,18411,FLOW
18428,18413,HAS_BLOCK
18413,18411,FLOW
18413,18412,FLOW
18428,18414,HAS_BLOCK
18414,18411,FLOW
18428,18415,HAS_BLOCK
18415,18411,FLOW
18415,18414,FLOW
18364,18365,HAS_PARAM
18364,18361,HAS_BLOCK
18361,18363,FLOW
18364,18363,HAS_BLOCK
18363,18364,RETURN
12187,12188,HAS_PARAM
12187,12189,HAS_PARAM
12187,12184,HAS_BLOCK
12184,12186,FLOW
12187,12186,HAS_BLOCK
12186,12187,RETURN
12457,12458,HAS_PARAM
12457,12459,HAS_PARAM
12457,12434,HAS_BLOCK
12434,12445,FLOW
12434,12444,FLOW
12434,12443,FLOW
12434,12442,FLOW
12434,12441,FLOW
12434,12440,FLOW
12434,12439,FLOW
12434,12438,FLOW
12434,12437,FLOW
12434,12436,FLOW
12434,12456,FLOW
12434,12455,FLOW
12434,12454,FLOW
12434,12453,FLOW
12434,12452,FLOW
12434,12451,FLOW
12434,12450,FLOW
12434,12447,FLOW
12434,12435,FLOW
12457,12435,HAS_BLOCK
12435,12448,FLOW
12457,12447,HAS_BLOCK
12447,12449,FLOW
12457,12450,HAS_BLOCK
12450,12449,FLOW
12457,12451,HAS_BLOCK
12451,12449,FLOW
12457,12452,HAS_BLOCK
12452,12449,FLOW
12457,12453,HAS_BLOCK
12453,12449,FLOW
12457,12454,HAS_BLOCK
12454,12449,FLOW
12457,12455,HAS_BLOCK
12455,12449,FLOW
12457,12456,HAS_BLOCK
12456,12449,FLOW
12457,12436,HAS_BLOCK
12436,12449,FLOW
12457,12437,HAS_BLOCK
12437,12449,FLOW
12457,12438,HAS_BLOCK
12438,12449,FLOW
12457,12439,HAS_BLOCK
12439,12449,FLOW
12457,12440,HAS_BLOCK
12440,12449,FLOW
12457,12441,HAS_BLOCK
12441,12449,FLOW
12457,12442,HAS_BLOCK
12442,12449,FLOW
12457,12443,HAS_BLOCK
12443,12449,FLOW
12457,12444,HAS_BLOCK
12444,12449,FLOW
12457,12445,HAS_BLOCK
12445,12449,FLOW
12457,12448,HAS_BLOCK
12448,12449,FLOW
12457,12449,HAS_BLOCK
12449,12457,RETURN
12431,12432,HAS_PARAM
12431,12433,HAS_PARAM
12431,12355,HAS_BLOCK
12355,12421,FLOW
12431,12357,HAS_BLOCK
12357,12422,FLOW
12431,12374,HAS_BLOCK
12374,12423,FLOW
12431,12390,HAS_BLOCK
12390,12420,FLOW
12431,12405,HAS_BLOCK
12405,12423,FLOW
12431,12416,HAS_BLOCK
12416,12419,FLOW
12431,12425,HAS_BLOCK
12425,12423,FLOW
12431,12426,HAS_BLOCK
12426,12418,FLOW
12431,12428,HAS_BLOCK
12428,12423,FLOW
12431,12429,HAS_BLOCK
12429,12417,FLOW
12431,12358,HAS_BLOCK
12358,12423,FLOW
12431,12359,HAS_BLOCK
12359,12415,FLOW
12431,12361,HAS_BLOCK
12361,12423,FLOW
12431,12362,HAS_BLOCK
12362,12414,FLOW
12431,12364,HAS_BLOCK
12364,12423,FLOW
12431,12365,HAS_BLOCK
12365,12413,FLOW
12431,12367,HAS_BLOCK
12367,12423,FLOW
12431,12368,HAS_BLOCK
12368,12412,FLOW
12431,12370,HAS_BLOCK
12370,12423,FLOW
12431,12371,HAS_BLOCK
12371,12411,FLOW
12431,12375,HAS_BLOCK
12375,12423,FLOW
12431,12376,HAS_BLOCK
12376,12410,FLOW
12431,12378,HAS_BLOCK
12378,12423,FLOW
12431,12379,HAS_BLOCK
12379,12409,FLOW
12431,12381,HAS_BLOCK
12381,12423,FLOW
12431,12382,HAS_BLOCK
12382,12408,FLOW
12431,12384,HAS_BLOCK
12384,12423,FLOW
12431,12385,HAS_BLOCK
12385,12407,FLOW
12431,12387,HAS_BLOCK
12387,12423,FLOW
12431,12388,HAS_BLOCK
12388,12406,FLOW
12431,12391,HAS_BLOCK
12391,12423,FLOW
12431,12392,HAS_BLOCK
12392,12403,FLOW
12431,12394,HAS_BLOCK
12394,12423,FLOW
12431,12395,HAS_BLOCK
12395,12402,FLOW
12431,12397,HAS_BLOCK
12397,12423,FLOW
12431,12398,HAS_BLOCK
12398,12401,FLOW
12431,12400,HAS_BLOCK
12400,12423,FLOW
12431,12401,HAS_BLOCK
12401,12357,FLOW
12401,12400,FLOW
12431,12402,HAS_BLOCK
12402,12398,FLOW
12402,12397,FLOW
12431,12403,HAS_BLOCK
12403,12395,FLOW
12403,12394,FLOW
12431,12406,HAS_BLOCK
12406,12392,FLOW
12406,12391,FLOW
12431,12407,HAS_BLOCK
12407,12388,FLOW
12407,12387,FLOW
12431,12408,HAS_BLOCK
12408,12385,FLOW
12408,12384,FLOW
12431,12409,HAS_BLOCK
12409,12382,FLOW
12409,12381,FLOW
12431,12410,HAS_BLOCK
12410,12379,FLOW
12410,12378,FLOW
12431,12411,HAS_BLOCK
12411,12376,FLOW
12411,12375,FLOW
12431,12412,HAS_BLOCK
12412,12371,FLOW
12412,12370,FLOW
12431,12413,HAS_BLOCK
12413,12368,FLOW
12413,12367,FLOW
12431,12414,HAS_BLOCK
12414,12365,FLOW
12414,12364,FLOW
12431,12415,HAS_BLOCK
12415,12362,FLOW
12415,12361,FLOW
12431,12417,HAS_BLOCK
12417,12359,FLOW
12417,12358,FLOW
12431,12418,HAS_BLOCK
12418,12429,FLOW
12418,12428,FLOW
12431,12419,HAS_BLOCK
12419,12426,FLOW
12419,12425,FLOW
12431,12420,HAS_BLOCK
12420,12416,FLOW
12420,12405,FLOW
12431,12421,HAS_BLOCK
12421,12390,FLOW
12421,12374,FLOW
12431,12422,HAS_BLOCK
12422,12423,FLOW
12431,12423,HAS_BLOCK
12423,12431,RETURN
12352,12353,HAS_PARAM
12352,12354,HAS_PARAM
12352,12190,HAS_BLOCK
12190,12274,FLOW
12190,12264,FLOW
12352,12191,HAS_BLOCK
12191,12251,FLOW
12352,12264,HAS_BLOCK
12264,12275,FLOW
12264,12341,FLOW
12264,12260,FLOW
12264,12268,FLOW
12264,12191,FLOW
12352,12275,HAS_BLOCK
12275,12286,FLOW
12275,12191,FLOW
12352,12286,HAS_BLOCK
12286,12297,FLOW
12286,12191,FLOW
12352,12297,HAS_BLOCK
12297,12308,FLOW
12297,12191,FLOW
12352,12308,HAS_BLOCK
12308,12319,FLOW
12308,12191,FLOW
12352,12319,HAS_BLOCK
12319,12330,FLOW
12319,12191,FLOW
12352,12330,HAS_BLOCK
12330,12250,FLOW
12330,12191,FLOW
12352,12341,HAS_BLOCK
12341,12192,FLOW
12341,12191,FLOW
12352,12192,HAS_BLOCK
12192,12203,FLOW
12192,12191,FLOW
12352,12203,HAS_BLOCK
12203,12214,FLOW
12203,12191,FLOW
12352,12214,HAS_BLOCK
12214,12225,FLOW
12214,12247,FLOW
12214,12191,FLOW
12352,12225,HAS_BLOCK
12225,12236,FLOW
12225,12191,FLOW
12352,12236,HAS_BLOCK
12236,12248,FLOW
12236,12191,FLOW
12352,12247,HAS_BLOCK
12247,12259,FLOW
12247,12191,FLOW
12352,12259,HAS_BLOCK
12259,12240,FLOW
12259,12191,FLOW
12352,12260,HAS_BLOCK
12260,12261,FLOW
12260,12191,FLOW
12352,12261,HAS_BLOCK
12261,12262,FLOW
12261,12191,FLOW
12352,12262,HAS_BLOCK
12262,12265,FLOW
12262,12191,FLOW
12352,12265,HAS_BLOCK
12265,12266,FLOW
12265,12191,FLOW
12352,12266,HAS_BLOCK
12266,12267,FLOW
12266,12191,FLOW
12352,12267,HAS_BLOCK
12267,12239,FLOW
12267,12191,FLOW
12352,12268,HAS_BLOCK
12268,12269,FLOW
12268,12191,FLOW
12352,12269,HAS_BLOCK
12269,12270,FLOW
12269,12191,FLOW
12352,12270,HAS_BLOCK
12270,12271,FLOW
12270,12191,FLOW
12352,12271,HAS_BLOCK
12271,12272,FLOW
12271,12191,FLOW
12352,12272,HAS_BLOCK
12272,12273,FLOW
12272,12191,FLOW
12352,12273,HAS_BLOCK
12273,12234,FLOW
12273,12191,FLOW
12352,12274,HAS_BLOCK
12274,12312,FLOW
12274,12276,FLOW
12352,12276,HAS_BLOCK
12276,12277,FLOW
12276,12284,FLOW
12276,12292,FLOW
12276,12304,FLOW
12276,12191,FLOW
12352,12277,HAS_BLOCK
12277,12278,FLOW
12277,12191,FLOW
12352,12278,HAS_BLOCK
12278,12279,FLOW
12278,12191,FLOW
12352,12279,HAS_BLOCK
12279,12280,FLOW
12279,12191,FLOW
12352,12280,HAS_BLOCK
12280,12281,FLOW
12280,12191,FLOW
12352,12281,HAS_BLOCK
12281,12282,FLOW
12281,12191,FLOW
12352,12282,HAS_BLOCK
12282,12283,FLOW
12282,12191,FLOW
12352,12283,HAS_BLOCK
12283,12249,FLOW
12283,12191,FLOW
12352,12284,HAS_BLOCK
12284,12285,FLOW
12284,12191,FLOW
12352,12285,HAS_BLOCK
12285,12287,FLOW
12285,12191,FLOW
12352,12287,HAS_BLOCK
12287,12288,FLOW
12287,12191,FLOW
12352,12288,HAS_BLOCK
12288,12289,FLOW
12288,12191,FLOW
12352,12289,HAS_BLOCK
12289,12290,FLOW
12289,12191,FLOW
12352,12290,HAS_BLOCK
12290,12291,FLOW
12290,12191,FLOW
12352,12291,HAS_BLOCK
12291,12243,FLOW
12291,12191,FLOW
12352,12292,HAS_BLOCK
12292,12293,FLOW
12292,12191,FLOW
12352,12293,HAS_BLOCK
12293,12294,FLOW
12293,12191,FLOW
12352,12294,HAS_BLOCK
12294,12295,FLOW
12294,12300,FLOW
12294,12191,FLOW
12352,12295,HAS_BLOCK
12295,12296,FLOW
12295,12191,FLOW
12352,12296,HAS_BLOCK
12296,12298,FLOW
12296,12191,FLOW
12352,12298,HAS_BLOCK
12298,12299,FLOW
12298,12191,FLOW
12352,12299,HAS_BLOCK
12299,12241,FLOW
12299,12191,FLOW
12352,12300,HAS_BLOCK
12300,12301,FLOW
12300,12191,FLOW
12352,12301,HAS_BLOCK
12301,12302,FLOW
12301,12191,FLOW
12352,12302,HAS_BLOCK
12302,12303,FLOW
12302,12191,FLOW
12352,12303,HAS_BLOCK
12303,12235,FLOW
12303,12191,FLOW
12352,12304,HAS_BLOCK
12304,12305,FLOW
12304,12191,FLOW
12352,12305,HAS_BLOCK
12305,12306,FLOW
12305,12191,FLOW
12352,12306,HAS_BLOCK
12306,12307,FLOW
12306,12191,FLOW
12352,12307,HAS_BLOCK
12307,12309,FLOW
12307,12191,FLOW
12352,12309,HAS_BLOCK
12309,12310,FLOW
12309,12191,FLOW
12352,12310,HAS_BLOCK
12310,12311,FLOW
12310,12191,FLOW
12352,12311,HAS_BLOCK
12311,12237,FLOW
12311,12191,FLOW
12352,12312,HAS_BLOCK
12312,12320,FLOW
12312,12313,FLOW
12352,12313,HAS_BLOCK
12313,12314,FLOW
12313,12191,FLOW
12352,12314,HAS_BLOCK
12314,12315,FLOW
12314,12191,FLOW
12352,12315,HAS_BLOCK
12315,12316,FLOW
12315,12191,FLOW
12352,12316,HAS_BLOCK
12316,12317,FLOW
12316,12191,FLOW
12352,12317,HAS_BLOCK
12317,12318,FLOW
12317,12191,FLOW
12352,12318,HAS_BLOCK
12318,12246,FLOW
12318,12191,FLOW
12352,12320,HAS_BLOCK
12320,12333,FLOW
12320,12321,FLOW
12352,12321,HAS_BLOCK
12321,12322,FLOW
12321,12191,FLOW
12352,12322,HAS_BLOCK
12322,12323,FLOW
12322,12191,FLOW
12352,12323,HAS_BLOCK
12323,12324,FLOW
12323,12191,FLOW
12352,12324,HAS_BLOCK
12324,12325,FLOW
12324,12191,FLOW
12352,12325,HAS_BLOCK
12325,12326,FLOW
12325,12191,FLOW
12352,12326,HAS_BLOCK
12326,12327,FLOW
12326,12191,FLOW
12352,12327,HAS_BLOCK
12327,12328,FLOW
12327,12191,FLOW
12352,12328,HAS_BLOCK
12328,12329,FLOW
12328,12191,FLOW
12352,12329,HAS_BLOCK
12329,12331,FLOW
12329,12191,FLOW
12352,12331,HAS_BLOCK
12331,12332,FLOW
12331,12191,FLOW
12352,12332,HAS_BLOCK
12332,12245,FLOW
12332,12191,FLOW
12352,12333,HAS_BLOCK
12333,12210,FLOW
12333,12334,FLOW
12352,12334,HAS_BLOCK
12334,12335,FLOW
12334,12344,FLOW
12334,12193,FLOW
12334,12201,FLOW
12334,12191,FLOW
12352,12335,HAS_BLOCK
12335,12336,FLOW
12335,12191,FLOW
12352,12336,HAS_BLOCK
12336,12337,FLOW
12336,12191,FLOW
12352,12337,HAS_BLOCK
12337,12338,FLOW
12337,12191,FLOW
12352,12338,HAS_BLOCK
12338,12339,FLOW
12338,12191,FLOW
12352,12339,HAS_BLOCK
12339,12340,FLOW
12339,12191,FLOW
12352,12340,HAS_BLOCK
12340,12342,FLOW
12340,12191,FLOW
12352,12342,HAS_BLOCK
12342,12343,FLOW
12342,12191,FLOW
12352,12343,HAS_BLOCK
12343,12244,FLOW
12343,12191,FLOW
12352,12344,HAS_BLOCK
12344,12345,FLOW
12344,12191,FLOW
12352,12345,HAS_BLOCK
12345,12346,FLOW
12345,12191,FLOW
12352,12346,HAS_BLOCK
12346,12347,FLOW
12346,12191,FLOW
12352,12347,HAS_BLOCK
12347,12348,FLOW
12347,12191,FLOW
12352,12348,HAS_BLOCK
12348,12349,FLOW
12348,12191,FLOW
12352,12349,HAS_BLOCK
12349,12350,FLOW
12349,12191,FLOW
12352,12350,HAS_BLOCK
12350,12351,FLOW
12350,12191,FLOW
12352,12351,HAS_BLOCK
12351,12238,FLOW
12351,12191,FLOW
12352,12193,HAS_BLOCK
12193,12194,FLOW
12193,12191,FLOW
12352,12194,HAS_BLOCK
12194,12195,FLOW
12194,12191,FLOW
12352,12195,HAS_BLOCK
12195,12196,FLOW
12195,12191,FLOW
12352,12196,HAS_BLOCK
12196,12197,FLOW
12196,12191,FLOW
12352,12197,HAS_BLOCK
12197,12198,FLOW
12197,12191,FLOW
12352,12198,HAS_BLOCK
12198,12199,FLOW
12198,12191,FLOW
12352,12199,HAS_BLOCK
12199,12200,FLOW
12199,12191,FLOW
12352,12200,HAS_BLOCK
12200,12233,FLOW
12200,12191,FLOW
12352,12201,HAS_BLOCK
12201,12202,FLOW
12201,12191,FLOW
12352,12202,HAS_BLOCK
12202,12204,FLOW
12202,12191,FLOW
12352,12204,HAS_BLOCK
12204,12205,FLOW
12204,12191,FLOW
12352,12205,HAS_BLOCK
12205,12206,FLOW
12205,12191,FLOW
12352,12206,HAS_BLOCK
12206,12207,FLOW
12206,12191,FLOW
12352,12207,HAS_BLOCK
12207,12208,FLOW
12207,12191,FLOW
12352,12208,HAS_BLOCK
12208,12209,FLOW
12208,12191,FLOW
12352,12209,HAS_BLOCK
12209,12231,FLOW
12209,12191,FLOW
12352,12210,HAS_BLOCK
12210,12217,FLOW
12210,12211,FLOW
12352,12211,HAS_BLOCK
12211,12212,FLOW
12211,12191,FLOW
12352,12212,HAS_BLOCK
12212,12213,FLOW
12212,12191,FLOW
12352,12213,HAS_BLOCK
12213,12215,FLOW
12213,12191,FLOW
12352,12215,HAS_BLOCK
12215,12216,FLOW
12215,12191,FLOW
12352,12216,HAS_BLOCK
12216,12242,FLOW
12216,12191,FLOW
12352,12217,HAS_BLOCK
12217,12191,FLOW
12217,12218,FLOW
12352,12218,HAS_BLOCK
12218,12219,FLOW
12218,12191,FLOW
12352,12219,HAS_BLOCK
12219,12220,FLOW
12219,12191,FLOW
12352,12220,HAS_BLOCK
12220,12221,FLOW
12220,12191,FLOW
12352,12221,HAS_BLOCK
12221,12222,FLOW
12221,12191,FLOW
12352,12222,HAS_BLOCK
12222,12223,FLOW
12222,12191,FLOW
12352,12223,HAS_BLOCK
12223,12224,FLOW
12223,12191,FLOW
12352,12224,HAS_BLOCK
12224,12226,FLOW
12224,12191,FLOW
12352,12226,HAS_BLOCK
12226,12227,FLOW
12226,12191,FLOW
12352,12227,HAS_BLOCK
12227,12228,FLOW
12227,12191,FLOW
12352,12228,HAS_BLOCK
12228,12229,FLOW
12228,12191,FLOW
12352,12229,HAS_BLOCK
12229,12230,FLOW
12229,12191,FLOW
12352,12230,HAS_BLOCK
12230,12232,FLOW
12230,12191,FLOW
12352,12231,HAS_BLOCK
12231,12256,FLOW
12352,12232,HAS_BLOCK
12232,12256,FLOW
12352,12233,HAS_BLOCK
12233,12256,FLOW
12352,12234,HAS_BLOCK
12234,12256,FLOW
12352,12235,HAS_BLOCK
12235,12256,FLOW
12352,12237,HAS_BLOCK
12237,12256,FLOW
12352,12238,HAS_BLOCK
12238,12256,FLOW
12352,12239,HAS_BLOCK
12239,12256,FLOW
12352,12240,HAS_BLOCK
12240,12256,FLOW
12352,12241,HAS_BLOCK
12241,12256,FLOW
12352,12242,HAS_BLOCK
12242,12256,FLOW
12352,12243,HAS_BLOCK
12243,12256,FLOW
12352,12244,HAS_BLOCK
12244,12256,FLOW
12352,12245,HAS_BLOCK
12245,12256,FLOW
12352,12246,HAS_BLOCK
12246,12256,FLOW
12352,12248,HAS_BLOCK
12248,12256,FLOW
12352,12249,HAS_BLOCK
12249,12256,FLOW
12352,12250,HAS_BLOCK
12250,12256,FLOW
12352,12251,HAS_BLOCK
12251,12253,FLOW
12251,12257,FLOW
12251,12257,UNWIND
12352,12253,HAS_BLOCK
12253,12255,FLOW
12253,12257,FLOW
12253,12257,UNWIND
12352,12255,HAS_BLOCK
12255,12256,FLOW
12352,12256,HAS_BLOCK
12256,12352,RETURN
12352,12257,HAS_BLOCK
12257,12258,FLOW
12352,12258,HAS_BLOCK
12182,12183,HAS_PARAM
12182,12179,HAS_BLOCK
12179,12181,FLOW
12182,12181,HAS_BLOCK
12181,12182,RETURN
12463,12464,HAS_PARAM
12463,12465,HAS_PARAM
12463,12460,HAS_BLOCK
12460,12462,FLOW
12463,12462,HAS_BLOCK
12462,12463,RETURN
12620,12621,HAS_PARAM
12620,12622,HAS_PARAM
12620,12472,HAS_BLOCK
12472,12474,FLOW
12620,12474,HAS_BLOCK
12474,12496,FLOW
12620,12496,HAS_BLOCK
12496,12530,FLOW
12496,12546,FLOW
12496,12514,FLOW
12620,12514,HAS_BLOCK
12620,12530,HAS_BLOCK
12530,12503,FLOW
12530,12501,FLOW
12530,12499,FLOW
12530,12497,FLOW
12530,12493,FLOW
12530,12491,FLOW
12530,12489,FLOW
12530,12487,FLOW
12530,12485,FLOW
12530,12483,FLOW
12530,12481,FLOW
12530,12479,FLOW
12530,12477,FLOW
12530,12475,FLOW
12530,12614,FLOW
12530,12597,FLOW
12530,12580,FLOW
12530,12563,FLOW
12530,12514,FLOW
12620,12546,HAS_BLOCK
12546,12618,FLOW
12620,12563,HAS_BLOCK
12563,12610,FLOW
12620,12580,HAS_BLOCK
12580,12604,FLOW
12620,12597,HAS_BLOCK
12597,12598,FLOW
12620,12614,HAS_BLOCK
12614,12590,FLOW
12620,12475,HAS_BLOCK
12475,12584,FLOW
12620,12477,HAS_BLOCK
12477,12576,FLOW
12620,12479,HAS_BLOCK
12479,12618,FLOW
12620,12481,HAS_BLOCK
12481,12570,FLOW
12620,12483,HAS_BLOCK
12483,12564,FLOW
12620,12485,HAS_BLOCK
12485,12556,FLOW
12620,12487,HAS_BLOCK
12487,12550,FLOW
12620,12489,HAS_BLOCK
12489,12543,FLOW
12620,12491,HAS_BLOCK
12491,12537,FLOW
12620,12493,HAS_BLOCK
12493,12531,FLOW
12620,12497,HAS_BLOCK
12497,12524,FLOW
12620,12499,HAS_BLOCK
12499,12518,FLOW
12620,12501,HAS_BLOCK
12501,12511,FLOW
12620,12503,HAS_BLOCK
12503,12505,FLOW
12620,12505,HAS_BLOCK
12505,12507,FLOW
12620,12507,HAS_BLOCK
12507,12508,FLOW
12507,12509,FLOW
12507,12514,FLOW
12620,12508,HAS_BLOCK
12508,12618,FLOW
12620,12509,HAS_BLOCK
12509,12618,FLOW
12620,12511,HAS_BLOCK
12511,12513,FLOW
12620,12513,HAS_BLOCK
12513,12515,FLOW
12513,12516,FLOW
12513,12514,FLOW
12620,12515,HAS_BLOCK
12515,12618,FLOW
12620,12516,HAS_BLOCK
12516,12618,FLOW
12620,12518,HAS_BLOCK
12518,12520,FLOW
12620,12520,HAS_BLOCK
12520,12521,FLOW
12520,12522,FLOW
12520,12514,FLOW
12620,12521,HAS_BLOCK
12521,12618,FLOW
12620,12522,HAS_BLOCK
12522,12618,FLOW
12620,12524,HAS_BLOCK
12524,12526,FLOW
12620,12526,HAS_BLOCK
12526,12527,FLOW
12526,12528,FLOW
12526,12514,FLOW
12620,12527,HAS_BLOCK
12527,12618,FLOW
12620,12528,HAS_BLOCK
12528,12618,FLOW
12620,12531,HAS_BLOCK
12531,12533,FLOW
12620,12533,HAS_BLOCK
12533,12534,FLOW
12533,12535,FLOW
12533,12514,FLOW
12620,12534,HAS_BLOCK
12534,12618,FLOW
12620,12535,HAS_BLOCK
12535,12618,FLOW
12620,12537,HAS_BLOCK
12537,12539,FLOW
12620,12539,HAS_BLOCK
12539,12540,FLOW
12539,12541,FLOW
12539,12514,FLOW
12620,12540,HAS_BLOCK
12540,12618,FLOW
12620,12541,HAS_BLOCK
12541,12618,FLOW
12620,12543,HAS_BLOCK
12543,12545,FLOW
12620,12545,HAS_BLOCK
12545,12547,FLOW
12545,12548,FLOW
12545,12514,FLOW
12620,12547,HAS_BLOCK
12547,12618,FLOW
12620,12548,HAS_BLOCK
12548,12618,FLOW
12620,12550,HAS_BLOCK
12550,12552,FLOW
12620,12552,HAS_BLOCK
12552,12553,FLOW
12552,12554,FLOW
12552,12514,FLOW
12620,12553,HAS_BLOCK
12553,12618,FLOW
12620,12554,HAS_BLOCK
12554,12618,FLOW
12620,12556,HAS_BLOCK
12556,12558,FLOW
12620,12558,HAS_BLOCK
12558,12559,FLOW
12558,12560,FLOW
12558,12514,FLOW
12620,12559,HAS_BLOCK
12559,12618,FLOW
12620,12560,HAS_BLOCK
12560,12618,FLOW
12620,12564,HAS_BLOCK
12564,12566,FLOW
12620,12566,HAS_BLOCK
12566,12567,FLOW
12566,12568,FLOW
12566,12514,FLOW
12620,12567,HAS_BLOCK
12567,12618,FLOW
12620,12568,HAS_BLOCK
12568,12618,FLOW
12620,12570,HAS_BLOCK
12570,12572,FLOW
12620,12572,HAS_BLOCK
12572,12573,FLOW
12572,12574,FLOW
12572,12514,FLOW
12620,12573,HAS_BLOCK
12573,12618,FLOW
12620,12574,HAS_BLOCK
12574,12618,FLOW
12620,12576,HAS_BLOCK
12576,12578,FLOW
12620,12578,HAS_BLOCK
12578,12581,FLOW
12578,12582,FLOW
12578,12514,FLOW
12620,12581,HAS_BLOCK
12581,12618,FLOW
12620,12582,HAS_BLOCK
12582,12618,FLOW
12620,12584,HAS_BLOCK
12584,12586,FLOW
12620,12586,HAS_BLOCK
12586,12587,FLOW
12586,12588,FLOW
12586,12514,FLOW
12620,12587,HAS_BLOCK
12587,12618,FLOW
12620,12588,HAS_BLOCK
12588,12618,FLOW
12620,12590,HAS_BLOCK
12590,12592,FLOW
12620,12592,HAS_BLOCK
12592,12593,FLOW
12592,12594,FLOW
12592,12514,FLOW
12620,12593,HAS_BLOCK
12593,12618,FLOW
12620,12594,HAS_BLOCK
12594,12618,FLOW
12620,12598,HAS_BLOCK
12598,12600,FLOW
12620,12600,HAS_BLOCK
12600,12601,FLOW
12600,12602,FLOW
12600,12514,FLOW
12620,12601,HAS_BLOCK
12601,12618,FLOW
12620,12602,HAS_BLOCK
12602,12618,FLOW
12620,12604,HAS_BLOCK
12604,12606,FLOW
12620,12606,HAS_BLOCK
12606,12607,FLOW
12606,12608,FLOW
12606,12514,FLOW
12620,12607,HAS_BLOCK
12607,12618,FLOW
12620,12608,HAS_BLOCK
12608,12618,FLOW
12620,12610,HAS_BLOCK
12610,12612,FLOW
12620,12612,HAS_BLOCK
12612,12615,FLOW
12612,12616,FLOW
12612,12514,FLOW
12620,12615,HAS_BLOCK
12615,12618,FLOW
12620,12616,HAS_BLOCK
12616,12618,FLOW
12620,12618,HAS_BLOCK
12618,12620,RETURN
9,10,HAS_PARAM
9,11,HAS_PARAM
9,6,HAS_BLOCK
6,8,FLOW
9,8,HAS_BLOCK
8,9,RETURN
37,38,HAS_PARAM
37,39,HAS_PARAM
37,33,HAS_BLOCK
33,35,FLOW
33,34,FLOW
37,34,HAS_BLOCK
34,36,FLOW
37,35,HAS_BLOCK
35,36,FLOW
37,36,HAS_BLOCK
36,37,RETURN
30,31,HAS_PARAM
30,32,HAS_PARAM
30,24,HAS_BLOCK
24,28,FLOW
30,26,HAS_BLOCK
26,29,FLOW
30,27,HAS_BLOCK
27,29,FLOW
30,28,HAS_BLOCK
28,26,FLOW
28,27,FLOW
30,29,HAS_BLOCK
29,30,RETURN
21,22,HAS_PARAM
21,23,HAS_PARAM
21,12,HAS_BLOCK
12,13,FLOW
12,14,FLOW
21,13,HAS_BLOCK
13,20,FLOW
21,14,HAS_BLOCK
14,15,FLOW
14,13,FLOW
21,15,HAS_BLOCK
15,16,FLOW
15,13,FLOW
21,16,HAS_BLOCK
16,17,FLOW
16,13,FLOW
21,17,HAS_BLOCK
17,18,FLOW
17,13,FLOW
21,18,HAS_BLOCK
18,19,FLOW
18,13,FLOW
21,19,HAS_BLOCK
19,20,FLOW
21,20,HAS_BLOCK
20,21,RETURN
4,5,HAS_PARAM
4,1,HAS_BLOCK
1,3,FLOW
4,3,HAS_BLOCK
3,4,RETURN
43,44,HAS_PARAM
43,45,HAS_PARAM
43,40,HAS_BLOCK
40,42,FLOW
43,42,HAS_BLOCK
42,43,RETURN
126,127,HAS_PARAM
126,128,HAS_PARAM
126,108,HAS_BLOCK
108,110,FLOW
108,112,FLOW
108,112,UNWIND
126,110,HAS_BLOCK
110,116,FLOW
110,112,FLOW
110,112,UNWIND
126,116,HAS_BLOCK
116,118,FLOW
116,119,FLOW
116,117,FLOW
126,117,HAS_BLOCK
126,118,HAS_BLOCK
118,121,FLOW
118,123,FLOW
118,117,FLOW
126,119,HAS_BLOCK
119,114,FLOW
119,112,FLOW
119,112,UNWIND
126,121,HAS_BLOCK
121,124,FLOW
121,112,FLOW
121,112,UNWIND
126,123,HAS_BLOCK
123,111,FLOW
126,124,HAS_BLOCK
124,125,FLOW
126,125,HAS_BLOCK
125,111,FLOW
126,111,HAS_BLOCK
111,126,RETURN
126,112,HAS_BLOCK
112,113,FLOW
126,113,HAS_BLOCK
126,114,HAS_BLOCK
114,125,FLOW
105,106,HAS_PARAM
105,107,HAS_PARAM
105,46,HAS_BLOCK
46,47,FLOW
105,47,HAS_BLOCK
47,64,FLOW
47,93,FLOW
47,93,UNWIND
105,64,HAS_BLOCK
64,81,FLOW
64,93,FLOW
64,93,UNWIND
105,81,HAS_BLOCK
81,98,FLOW
81,99,FLOW
81,92,FLOW
105,92,HAS_BLOCK
105,98,HAS_BLOCK
98,102,FLOW
98,101,FLOW
98,92,FLOW
105,99,HAS_BLOCK
99,94,FLOW
99,93,FLOW
99,93,UNWIND
105,101,HAS_BLOCK
101,71,FLOW
101,73,FLOW
101,92,FLOW
105,102,HAS_BLOCK
102,48,FLOW
102,103,FLOW
102,92,FLOW
105,103,HAS_BLOCK
103,66,FLOW
103,93,FLOW
103,93,UNWIND
105,48,HAS_BLOCK
48,50,FLOW
48,93,FLOW
48,93,UNWIND
105,50,HAS_BLOCK
50,54,FLOW
50,51,FLOW
105,51,HAS_BLOCK
51,53,FLOW
51,93,FLOW
51,93,UNWIND
105,53,HAS_BLOCK
53,89,FLOW
105,54,HAS_BLOCK
54,56,FLOW
54,93,FLOW
54,93,UNWIND
105,56,HAS_BLOCK
56,58,FLOW
56,93,FLOW
56,93,UNWIND
105,58,HAS_BLOCK
58,59,FLOW
58,60,FLOW
58,92,FLOW
105,59,HAS_BLOCK
59,62,FLOW
59,65,FLOW
59,65,UNWIND
105,60,HAS_BLOCK
60,95,FLOW
60,93,FLOW
60,93,UNWIND
105,62,HAS_BLOCK
62,47,FLOW
105,65,HAS_BLOCK
65,93,FLOW
105,66,HAS_BLOCK
66,68,FLOW
66,93,FLOW
66,93,UNWIND
105,68,HAS_BLOCK
68,47,FLOW
68,69,FLOW
68,92,FLOW
105,69,HAS_BLOCK
69,96,FLOW
69,93,FLOW
69,93,UNWIND
105,71,HAS_BLOCK
71,74,FLOW
71,93,FLOW
71,93,UNWIND
105,73,HAS_BLOCK
73,82,FLOW
105,74,HAS_BLOCK
74,76,FLOW
74,93,FLOW
74,93,UNWIND
105,76,HAS_BLOCK
76,77,FLOW
76,78,FLOW
76,92,FLOW
105,77,HAS_BLOCK
77,82,FLOW
105,78,HAS_BLOCK
78,97,FLOW
78,93,FLOW
78,93,UNWIND
105,82,HAS_BLOCK
82,83,FLOW
105,83,HAS_BLOCK
83,105,RETURN
105,84,HAS_BLOCK
84,85,FLOW
105,85,HAS_BLOCK
105,86,HAS_BLOCK
86,83,FLOW
105,87,HAS_BLOCK
87,86,FLOW
87,88,FLOW
105,88,HAS_BLOCK
88,86,FLOW
88,84,FLOW
88,84,UNWIND
105,89,HAS_BLOCK
89,87,FLOW
89,86,FLOW
89,92,FLOW
105,90,HAS_BLOCK
90,84,FLOW
90,91,FLOW
105,91,HAS_BLOCK
91,84,FLOW
105,93,HAS_BLOCK
93,90,FLOW
93,84,FLOW
105,94,HAS_BLOCK
94,89,FLOW
105,95,HAS_BLOCK
95,89,FLOW
105,96,HAS_BLOCK
96,89,FLOW
105,97,HAS_BLOCK
97,89,FLOW
12636,12637,HAS_PARAM
12636,12638,HAS_PARAM
12636,12633,HAS_BLOCK
12633,12635,FLOW
12636,12635,HAS_BLOCK
12635,12636,RETURN
12624,12625,HAS_PARAM
12624,12623,HAS_BLOCK
12623,12624,RETURN
12630,12631,HAS_PARAM
12630,12632,HAS_PARAM
12630,12629,HAS_BLOCK
12629,12630,RETURN
12627,12628,HAS_PARAM
12627,12626,HAS_BLOCK
12626,12627,RETURN
12642,12643,HAS_PARAM
12642,12644,HAS_PARAM
12642,12639,HAS_BLOCK
12639,12641,FLOW
12642,12641,HAS_BLOCK
12641,12642,RETURN
18451,18452,HAS_PARAM
18451,18453,HAS_PARAM
18451,18448,HAS_BLOCK
18448,18450,FLOW
18451,18450,HAS_BLOCK
18450,18451,RETURN
18446,18447,HAS_PARAM
18446,18443,HAS_BLOCK
18443,18445,FLOW
18446,18445,HAS_BLOCK
18445,18446,RETURN
12648,12649,HAS_PARAM
12648,12650,HAS_PARAM
12648,12645,HAS_BLOCK
12645,12647,FLOW
12648,12647,HAS_BLOCK
12647,12648,RETURN
12661,12662,HAS_PARAM
12661,12663,HAS_PARAM
12661,12651,HAS_BLOCK
12651,12653,FLOW
12661,12653,HAS_BLOCK
12653,12655,FLOW
12661,12655,HAS_BLOCK
12655,12657,FLOW
12655,12658,FLOW
12655,12656,FLOW
12661,12656,HAS_BLOCK
12661,12657,HAS_BLOCK
12657,12660,FLOW
12661,12658,HAS_BLOCK
12658,12660,FLOW
12661,12660,HAS_BLOCK
12660,12661,RETURN
12682,12683,HAS_PARAM
12682,12684,HAS_PARAM
12682,12664,HAS_BLOCK
12664,12666,FLOW
12664,12668,FLOW
12664,12668,UNWIND
12682,12666,HAS_BLOCK
12666,12672,FLOW
12666,12668,FLOW
12666,12668,UNWIND
12682,12672,HAS_BLOCK
12672,12674,FLOW
12672,12675,FLOW
12672,12673,FLOW
12682,12673,HAS_BLOCK
12682,12674,HAS_BLOCK
12674,12677,FLOW
12674,12679,FLOW
12674,12673,FLOW
12682,12675,HAS_BLOCK
12675,12670,FLOW
12675,12668,FLOW
12675,12668,UNWIND
12682,12677,HAS_BLOCK
12677,12680,FLOW
12677,12668,FLOW
12677,12668,UNWIND
12682,12679,HAS_BLOCK
12679,12667,FLOW
12682,12680,HAS_BLOCK
12680,12681,FLOW
12682,12681,HAS_BLOCK
12681,12667,FLOW
12682,12667,HAS_BLOCK
12667,12682,RETURN
12682,12668,HAS_BLOCK
12668,12669,FLOW
12682,12669,HAS_BLOCK
12682,12670,HAS_BLOCK
12670,12681,FLOW
18438,18439,HAS_PARAM
18438,18437,HAS_BLOCK
18437,18438,RETURN
12706,12707,HAS_PARAM
12706,12708,HAS_PARAM
12706,12703,HAS_BLOCK
12703,12705,FLOW
12706,12705,HAS_BLOCK
12705,12706,RETURN
12692,12693,HAS_PARAM
12692,12685,HAS_BLOCK
12685,12687,FLOW
12692,12687,HAS_BLOCK
12687,12689,FLOW
12687,12690,FLOW
12687,12690,UNWIND
12692,12689,HAS_BLOCK
12689,12692,RETURN
12692,12690,HAS_BLOCK
12690,12691,FLOW
12692,12691,HAS_BLOCK
18563,18564,HAS_PARAM
18563,18565,HAS_PARAM
18563,18536,HAS_BLOCK
18536,18537,FLOW
18536,18548,FLOW
18536,18548,UNWIND
18563,18537,HAS_BLOCK
18537,18550,FLOW
18537,18548,FLOW
18537,18548,UNWIND
18563,18550,HAS_BLOCK
18550,18552,FLOW
18563,18552,HAS_BLOCK
18552,18554,FLOW
18552,18556,FLOW
18552,18553,FLOW
18563,18553,HAS_BLOCK
18563,18554,HAS_BLOCK
18554,18558,FLOW
18554,18546,FLOW
18554,18546,UNWIND
18563,18556,HAS_BLOCK
18556,18542,FLOW
18563,18558,HAS_BLOCK
18558,18560,FLOW
18558,18546,FLOW
18558,18546,UNWIND
18563,18560,HAS_BLOCK
18560,18561,FLOW
18560,18538,FLOW
18560,18553,FLOW
18563,18561,HAS_BLOCK
18561,18541,FLOW
18561,18546,FLOW
18561,18546,UNWIND
18563,18538,HAS_BLOCK
18538,18540,FLOW
18538,18546,FLOW
18538,18546,UNWIND
18563,18540,HAS_BLOCK
18540,18542,FLOW
18563,18541,HAS_BLOCK
18541,18543,FLOW
18563,18542,HAS_BLOCK
18542,18543,FLOW
18563,18543,HAS_BLOCK
18543,18563,RETURN
18563,18544,HAS_BLOCK
18563,18545,HAS_BLOCK
18545,18544,FLOW
18563,18546,HAS_BLOCK
18546,18544,FLOW
18546,18545,FLOW
18563,18547,HAS_BLOCK
18547,18544,FLOW
18563,18548,HAS_BLOCK
18548,18544,FLOW
18548,18547,FLOW
18534,18535,HAS_PARAM
18534,18531,HAS_BLOCK
18531,18533,FLOW
18534,18533,HAS_BLOCK
18533,18534,RETURN
12717,12718,HAS_PARAM
12717,12719,HAS_PARAM
12717,12714,HAS_BLOCK
12714,12716,FLOW
12717,12716,HAS_BLOCK
12716,12717,RETURN
12743,12744,HAS_PARAM
12743,12745,HAS_PARAM
12743,12739,HAS_BLOCK
12739,12741,FLOW
12739,12740,FLOW
12743,12740,HAS_BLOCK
12740,12742,FLOW
12743,12741,HAS_BLOCK
12741,12742,FLOW
12743,12742,HAS_BLOCK
12742,12743,RETURN
12736,12737,HAS_PARAM
12736,12738,HAS_PARAM
12736,12730,HAS_BLOCK
12730,12734,FLOW
12736,12732,HAS_BLOCK
12732,12735,FLOW
12736,12733,HAS_BLOCK
12733,12735,FLOW
12736,12734,HAS_BLOCK
12734,12732,FLOW
12734,12733,FLOW
12736,12735,HAS_BLOCK
12735,12736,RETURN
12727,12728,HAS_PARAM
12727,12729,HAS_PARAM
12727,12720,HAS_BLOCK
12720,12721,FLOW
12720,12722,FLOW
12727,12721,HAS_BLOCK
12721,12726,FLOW
12727,12722,HAS_BLOCK
12722,12723,FLOW
12722,12721,FLOW
12727,12723,HAS_BLOCK
12723,12724,FLOW
12723,12721,FLOW
12727,12724,HAS_BLOCK
12724,12725,FLOW
12724,12721,FLOW
12727,12725,HAS_BLOCK
12725,12726,FLOW
12727,12726,HAS_BLOCK
12726,12727,RETURN
12712,12713,HAS_PARAM
12712,12709,HAS_BLOCK
12709,12711,FLOW
12712,12711,HAS_BLOCK
12711,12712,RETURN
12749,12750,HAS_PARAM
12749,12751,HAS_PARAM
12749,12746,HAS_BLOCK
12746,12748,FLOW
12749,12748,HAS_BLOCK
12748,12749,RETURN
12838,12839,HAS_PARAM
12838,12840,HAS_PARAM
12838,12817,HAS_BLOCK
12817,12819,FLOW
12817,12823,FLOW
12817,12823,UNWIND
12838,12819,HAS_BLOCK
12819,12827,FLOW
12819,12823,FLOW
12819,12823,UNWIND
12838,12827,HAS_BLOCK
12827,12829,FLOW
12827,12830,FLOW
12827,12828,FLOW
12838,12828,HAS_BLOCK
12838,12829,HAS_BLOCK
12829,12832,FLOW
12829,12834,FLOW
12829,12828,FLOW
12838,12830,HAS_BLOCK
12830,12825,FLOW
12830,12823,FLOW
12830,12823,UNWIND
12838,12832,HAS_BLOCK
12832,12836,FLOW
12832,12823,FLOW
12832,12823,UNWIND
12838,12834,HAS_BLOCK
12834,12837,FLOW
12834,12822,FLOW
12834,12822,UNWIND
12838,12836,HAS_BLOCK
12836,12820,FLOW
12838,12837,HAS_BLOCK
12837,12821,FLOW
12838,12820,HAS_BLOCK
12820,12821,FLOW
12838,12821,HAS_BLOCK
12821,12838,RETURN
12838,12822,HAS_BLOCK
12822,12823,FLOW
12838,12823,HAS_BLOCK
12823,12824,FLOW
12838,12824,HAS_BLOCK
12838,12825,HAS_BLOCK
12825,12820,FLOW
12814,12815,HAS_PARAM
12814,12816,HAS_PARAM
12814,12752,HAS_BLOCK
12752,12753,FLOW
12814,12753,HAS_BLOCK
12753,12770,FLOW
12753,12802,FLOW
12753,12802,UNWIND
12814,12770,HAS_BLOCK
12770,12787,FLOW
12770,12802,FLOW
12770,12802,UNWIND
12814,12787,HAS_BLOCK
12787,12807,FLOW
12787,12808,FLOW
12787,12799,FLOW
12814,12799,HAS_BLOCK
12814,12807,HAS_BLOCK
12807,12811,FLOW
12807,12810,FLOW
12807,12799,FLOW
12814,12808,HAS_BLOCK
12808,12803,FLOW
12808,12802,FLOW
12808,12802,UNWIND
12814,12810,HAS_BLOCK
12810,12777,FLOW
12810,12779,FLOW
12810,12799,FLOW
12814,12811,HAS_BLOCK
12811,12754,FLOW
12811,12812,FLOW
12811,12799,FLOW
12814,12812,HAS_BLOCK
12812,12772,FLOW
12812,12802,FLOW
12812,12802,UNWIND
12814,12754,HAS_BLOCK
12754,12756,FLOW
12754,12802,FLOW
12754,12802,UNWIND
12814,12756,HAS_BLOCK
12756,12760,FLOW
12756,12757,FLOW
12814,12757,HAS_BLOCK
12757,12759,FLOW
12757,12802,FLOW
12757,12802,UNWIND
12814,12759,HAS_BLOCK
12759,12798,FLOW
12814,12760,HAS_BLOCK
12760,12762,FLOW
12760,12802,FLOW
12760,12802,UNWIND
12814,12762,HAS_BLOCK
12762,12764,FLOW
12762,12802,FLOW
12762,12802,UNWIND
12814,12764,HAS_BLOCK
12764,12765,FLOW
12764,12766,FLOW
12764,12799,FLOW
12814,12765,HAS_BLOCK
12765,12768,FLOW
12765,12771,FLOW
12765,12771,UNWIND
12814,12766,HAS_BLOCK
12766,12804,FLOW
12766,12802,FLOW
12766,12802,UNWIND
12814,12768,HAS_BLOCK
12768,12753,FLOW
12814,12771,HAS_BLOCK
12771,12802,FLOW
12814,12772,HAS_BLOCK
12772,12774,FLOW
12772,12802,FLOW
12772,12802,UNWIND
12814,12774,HAS_BLOCK
12774,12753,FLOW
12774,12775,FLOW
12774,12799,FLOW
12814,12775,HAS_BLOCK
12775,12805,FLOW
12775,12802,FLOW
12775,12802,UNWIND
12814,12777,HAS_BLOCK
12777,12780,FLOW
12777,12802,FLOW
12777,12802,UNWIND
12814,12779,HAS_BLOCK
12779,12788,FLOW
12814,12780,HAS_BLOCK
12780,12782,FLOW
12780,12802,FLOW
12780,12802,UNWIND
12814,12782,HAS_BLOCK
12782,12783,FLOW
12782,12784,FLOW
12782,12799,FLOW
12814,12783,HAS_BLOCK
12783,12788,FLOW
12814,12784,HAS_BLOCK
12784,12806,FLOW
12784,12802,FLOW
12784,12802,UNWIND
12814,12788,HAS_BLOCK
12788,12790,FLOW
12788,12792,FLOW
12788,12792,UNWIND
12814,12790,HAS_BLOCK
12790,12791,FLOW
12814,12791,HAS_BLOCK
12791,12814,RETURN
12814,12792,HAS_BLOCK
12792,12802,FLOW
12814,12793,HAS_BLOCK
12793,12794,FLOW
12814,12794,HAS_BLOCK
12814,12795,HAS_BLOCK
12795,12791,FLOW
12814,12796,HAS_BLOCK
12796,12795,FLOW
12796,12797,FLOW
12814,12797,HAS_BLOCK
12797,12795,FLOW
12797,12793,FLOW
12797,12793,UNWIND
12814,12798,HAS_BLOCK
12798,12796,FLOW
12798,12795,FLOW
12798,12799,FLOW
12814,12800,HAS_BLOCK
12800,12793,FLOW
12800,12801,FLOW
12814,12801,HAS_BLOCK
12801,12793,FLOW
12814,12802,HAS_BLOCK
12802,12800,FLOW
12802,12793,FLOW
12814,12803,HAS_BLOCK
12803,12798,FLOW
12814,12804,HAS_BLOCK
12804,12798,FLOW
12814,12805,HAS_BLOCK
12805,12798,FLOW
12814,12806,HAS_BLOCK
12806,12798,FLOW
12702,12695,HAS_BLOCK
12695,12697,FLOW
12702,12697,HAS_BLOCK
12697,12699,FLOW
12697,12700,FLOW
12697,12700,UNWIND
12702,12699,HAS_BLOCK
12699,12702,RETURN
12702,12700,HAS_BLOCK
12700,12701,FLOW
12702,12701,HAS_BLOCK
18501,18498,HAS_BLOCK
18498,18500,FLOW
18501,18500,HAS_BLOCK
18500,18501,RETURN
18476,18477,HAS_PARAM
18476,18478,HAS_PARAM
18476,18459,HAS_BLOCK
18459,18461,FLOW
18476,18461,HAS_BLOCK
18461,18463,FLOW
18461,18464,FLOW
18461,18462,FLOW
18476,18463,HAS_BLOCK
18463,18475,FLOW
18476,18464,HAS_BLOCK
18464,18466,FLOW
18476,18466,HAS_BLOCK
18466,18468,FLOW
18476,18468,HAS_BLOCK
18468,18470,FLOW
18476,18470,HAS_BLOCK
18470,18472,FLOW
18476,18472,HAS_BLOCK
18472,18474,FLOW
18476,18474,HAS_BLOCK
18474,18475,FLOW
18476,18475,HAS_BLOCK
18475,18476,RETURN
18476,18462,HAS_BLOCK
18494,18495,HAS_PARAM
18494,18496,HAS_PARAM
18494,18489,HAS_BLOCK
18489,18491,FLOW
18494,18491,HAS_BLOCK
18491,18493,FLOW
18494,18493,HAS_BLOCK
18493,18494,RETURN
18522,18523,HAS_PARAM
18522,18502,HAS_BLOCK
18502,18504,FLOW
18522,18504,HAS_BLOCK
18504,18509,FLOW
18522,18509,HAS_BLOCK
18509,18511,FLOW
18522,18511,HAS_BLOCK
18511,18513,FLOW
18522,18513,HAS_BLOCK
18513,18515,FLOW
18522,18515,HAS_BLOCK
18515,18516,FLOW
18522,18516,HAS_BLOCK
18516,18518,FLOW
18522,18518,HAS_BLOCK
18518,18505,FLOW
18518,18520,FLOW
18518,18519,FLOW
18522,18519,HAS_BLOCK
18522,18520,HAS_BLOCK
18520,18506,FLOW
18522,18505,HAS_BLOCK
18505,18522,RETURN
18522,18506,HAS_BLOCK
18506,18516,FLOW
18487,18488,HAS_PARAM
18487,18484,HAS_BLOCK
18484,18486,FLOW
18487,18486,HAS_BLOCK
18486,18487,RETURN
18482,18483,HAS_PARAM
18482,18479,HAS_BLOCK
18479,18481,FLOW
18482,18481,HAS_BLOCK
18481,18482,RETURN
12955,12956,HAS_PARAM
12955,12957,HAS_PARAM
12955,12952,HAS_BLOCK
12952,12954,FLOW
12955,12954,HAS_BLOCK
12954,12955,RETURN
12940,12941,HAS_PARAM
12940,12935,HAS_BLOCK
12935,12937,FLOW
12940,12937,HAS_BLOCK
12937,12939,FLOW
12940,12939,HAS_BLOCK
12939,12940,RETURN
12949,12950,HAS_PARAM
12949,12951,HAS_PARAM
12949,12942,HAS_BLOCK
12942,12944,FLOW
12949,12944,HAS_BLOCK
12944,12947,FLOW
12944,12945,FLOW
12949,12945,HAS_BLOCK
12945,12948,FLOW
12949,12947,HAS_BLOCK
12947,12948,FLOW
12949,12948,HAS_BLOCK
12948,12949,RETURN
19185,19186,HAS_PARAM
19185,19187,HAS_PARAM
19185,19148,HAS_BLOCK
19148,19149,FLOW
19148,19170,FLOW
19148,19170,UNWIND
19185,19149,HAS_BLOCK
19149,19165,FLOW
19149,19170,FLOW
19149,19170,UNWIND
19185,19165,HAS_BLOCK
19165,19174,FLOW
19165,19170,FLOW
19165,19170,UNWIND
19185,19174,HAS_BLOCK
19174,19176,FLOW
19185,19176,HAS_BLOCK
19176,19178,FLOW
19176,19180,FLOW
19176,19177,FLOW
19185,19177,HAS_BLOCK
19185,19178,HAS_BLOCK
19178,19182,FLOW
19178,19168,FLOW
19178,19168,UNWIND
19185,19180,HAS_BLOCK
19180,19163,FLOW
19185,19182,HAS_BLOCK
19182,19184,FLOW
19182,19168,FLOW
19182,19168,UNWIND
19185,19184,HAS_BLOCK
19184,19150,FLOW
19184,19152,FLOW
19184,19177,FLOW
19185,19150,HAS_BLOCK
19150,19154,FLOW
19150,19168,FLOW
19150,19168,UNWIND
19185,19152,HAS_BLOCK
19152,19171,FLOW
19152,19168,FLOW
19152,19168,UNWIND
19185,19154,HAS_BLOCK
19154,19156,FLOW
19154,19168,FLOW
19154,19168,UNWIND
19185,19156,HAS_BLOCK
19156,19157,FLOW
19156,19159,FLOW
19156,19177,FLOW
19185,19157,HAS_BLOCK
19157,19161,FLOW
19157,19168,FLOW
19157,19168,UNWIND
19185,19159,HAS_BLOCK
19159,19172,FLOW
19159,19168,FLOW
19159,19168,UNWIND
19185,19161,HAS_BLOCK
19161,19164,FLOW
19185,19162,HAS_BLOCK
19162,19163,FLOW
19185,19163,HAS_BLOCK
19163,19164,FLOW
19185,19164,HAS_BLOCK
19164,19185,RETURN
19185,19166,HAS_BLOCK
19185,19167,HAS_BLOCK
19167,19166,FLOW
19185,19168,HAS_BLOCK
19168,19166,FLOW
19168,19167,FLOW
19185,19169,HAS_BLOCK
19169,19166,FLOW
19185,19170,HAS_BLOCK
19170,19166,FLOW
19170,19169,FLOW
19185,19171,HAS_BLOCK
19171,19162,FLOW
19185,19172,HAS_BLOCK
19172,19162,FLOW
18931,18932,HAS_PARAM
18931,18928,HAS_BLOCK
18928,18930,FLOW
18931,18930,HAS_BLOCK
18930,18931,RETURN
14339,14340,HAS_PARAM
14339,14341,HAS_PARAM
14339,14336,HAS_BLOCK
14336,14338,FLOW
14339,14338,HAS_BLOCK
14338,14339,RETURN
14375,14376,HAS_PARAM
14375,14377,HAS_PARAM
14375,14370,HAS_BLOCK
14370,14373,FLOW
14370,14372,FLOW
14370,14371,FLOW
14375,14371,HAS_BLOCK
14371,14374,FLOW
14375,14372,HAS_BLOCK
14372,14374,FLOW
14375,14373,HAS_BLOCK
14373,14374,FLOW
14375,14374,HAS_BLOCK
14374,14375,RETURN
14367,14368,HAS_PARAM
14367,14369,HAS_PARAM
14367,14357,HAS_BLOCK
14357,14365,FLOW
14367,14359,HAS_BLOCK
14359,14366,FLOW
14367,14360,HAS_BLOCK
14360,14366,FLOW
14367,14361,HAS_BLOCK
14361,14364,FLOW
14367,14363,HAS_BLOCK
14363,14366,FLOW
14367,14364,HAS_BLOCK
14364,14359,FLOW
14364,14363,FLOW
14367,14365,HAS_BLOCK
14365,14361,FLOW
14365,14360,FLOW
14367,14366,HAS_BLOCK
14366,14367,RETURN
14354,14355,HAS_PARAM
14354,14356,HAS_PARAM
14354,14342,HAS_BLOCK
14342,14348,FLOW
14342,14346,FLOW
14354,14343,HAS_BLOCK
14343,14345,FLOW
14354,14346,HAS_BLOCK
14346,14347,FLOW
14346,14343,FLOW
14354,14347,HAS_BLOCK
14347,14344,FLOW
14347,14343,FLOW
14354,14348,HAS_BLOCK
14348,14343,FLOW
14348,14349,FLOW
14354,14349,HAS_BLOCK
14349,14350,FLOW
14349,14343,FLOW
14354,14350,HAS_BLOCK
14350,14351,FLOW
14350,14343,FLOW
14354,14351,HAS_BLOCK
14351,14352,FLOW
14351,14343,FLOW
14354,14352,HAS_BLOCK
14352,14353,FLOW
14352,14343,FLOW
14354,14353,HAS_BLOCK
14353,14345,FLOW
14354,14344,HAS_BLOCK
14344,14345,FLOW
14354,14345,HAS_BLOCK
14345,14354,RETURN
14334,14335,HAS_PARAM
14334,14331,HAS_BLOCK
14331,14333,FLOW
14334,14333,HAS_BLOCK
14333,14334,RETURN
14381,14382,HAS_PARAM
14381,14383,HAS_PARAM
14381,14378,HAS_BLOCK
14378,14380,FLOW
14381,14380,HAS_BLOCK
14380,14381,RETURN
14502,14503,HAS_PARAM
14502,14504,HAS_PARAM
14502,14472,HAS_BLOCK
14472,14474,FLOW
14472,14485,FLOW
14472,14485,UNWIND
14502,14474,HAS_BLOCK
14474,14488,FLOW
14474,14485,FLOW
14474,14485,UNWIND
14502,14488,HAS_BLOCK
14488,14492,FLOW
14488,14493,FLOW
14488,14491,FLOW
14502,14491,HAS_BLOCK
14502,14492,HAS_BLOCK
14492,14495,FLOW
14492,14497,FLOW
14492,14491,FLOW
14502,14493,HAS_BLOCK
14493,14489,FLOW
14493,14485,FLOW
14493,14485,UNWIND
14502,14495,HAS_BLOCK
14495,14499,FLOW
14495,14485,FLOW
14495,14485,UNWIND
14502,14497,HAS_BLOCK
14497,14500,FLOW
14497,14485,FLOW
14497,14485,UNWIND
14502,14499,HAS_BLOCK
14499,14483,FLOW
14502,14500,HAS_BLOCK
14500,14475,FLOW
14500,14485,FLOW
14500,14485,UNWIND
14502,14475,HAS_BLOCK
14475,14476,FLOW
14475,14477,FLOW
14475,14491,FLOW
14502,14476,HAS_BLOCK
14476,14479,FLOW
14476,14481,FLOW
14476,14491,FLOW
14502,14477,HAS_BLOCK
14477,14490,FLOW
14477,14485,FLOW
14477,14485,UNWIND
14502,14479,HAS_BLOCK
14479,14482,FLOW
14479,14485,FLOW
14479,14485,UNWIND
14502,14481,HAS_BLOCK
14481,14484,FLOW
14502,14482,HAS_BLOCK
14482,14483,FLOW
14502,14483,HAS_BLOCK
14483,14484,FLOW
14502,14484,HAS_BLOCK
14484,14502,RETURN
14502,14485,HAS_BLOCK
14485,14486,FLOW
14502,14486,HAS_BLOCK
14502,14489,HAS_BLOCK
14489,14483,FLOW
14502,14490,HAS_BLOCK
14490,14483,FLOW
14469,14470,HAS_PARAM
14469,14471,HAS_PARAM
14469,14384,HAS_BLOCK
14384,14385,FLOW
14469,14385,HAS_BLOCK
14385,14403,FLOW
14385,14456,FLOW
14385,14456,UNWIND
14469,14403,HAS_BLOCK
14403,14419,FLOW
14403,14456,FLOW
14403,14456,UNWIND
14469,14419,HAS_BLOCK
14419,14449,FLOW
14419,14460,FLOW
14419,14435,FLOW
14469,14435,HAS_BLOCK
14469,14449,HAS_BLOCK
14449,14466,FLOW
14449,14465,FLOW
14449,14435,FLOW
14469,14460,HAS_BLOCK
14460,14457,FLOW
14460,14456,FLOW
14460,14456,UNWIND
14469,14465,HAS_BLOCK
14465,14425,FLOW
14465,14427,FLOW
14465,14435,FLOW
14469,14466,HAS_BLOCK
14466,14388,FLOW
14466,14386,FLOW
14466,14467,FLOW
14466,14435,FLOW
14469,14467,HAS_BLOCK
14467,14420,FLOW
14467,14456,FLOW
14467,14456,UNWIND
14469,14386,HAS_BLOCK
14386,14404,FLOW
14386,14456,FLOW
14386,14456,UNWIND
14469,14388,HAS_BLOCK
14388,14390,FLOW
14388,14456,FLOW
14388,14456,UNWIND
14469,14390,HAS_BLOCK
14390,14394,FLOW
14390,14391,FLOW
14469,14391,HAS_BLOCK
14391,14393,FLOW
14391,14456,FLOW
14391,14456,UNWIND
14469,14393,HAS_BLOCK
14393,14453,FLOW
14469,14394,HAS_BLOCK
14394,14396,FLOW
14394,14456,FLOW
14394,14456,UNWIND
14469,14396,HAS_BLOCK
14396,14398,FLOW
14396,14456,FLOW
14396,14456,UNWIND
14469,14398,HAS_BLOCK
14398,14399,FLOW
14398,14400,FLOW
14398,14435,FLOW
14469,14399,HAS_BLOCK
14399,14385,FLOW
14469,14400,HAS_BLOCK
14400,14458,FLOW
14400,14456,FLOW
14400,14456,UNWIND
14469,14404,HAS_BLOCK
14404,14408,FLOW
14404,14405,FLOW
14469,14405,HAS_BLOCK
14405,14407,FLOW
14405,14456,FLOW
14405,14456,UNWIND
14469,14407,HAS_BLOCK
14407,14453,FLOW
14469,14408,HAS_BLOCK
14408,14410,FLOW
14408,14456,FLOW
14408,14456,UNWIND
14469,14410,HAS_BLOCK
14410,14412,FLOW
14410,14456,FLOW
14410,14456,UNWIND
14469,14412,HAS_BLOCK
14412,14413,FLOW
14412,14414,FLOW
14412,14435,FLOW
14469,14413,HAS_BLOCK
14413,14416,FLOW
14413,14417,FLOW
14413,14417,UNWIND
14469,14414,HAS_BLOCK
14414,14459,FLOW
14414,14456,FLOW
14414,14456,UNWIND
14469,14416,HAS_BLOCK
14416,14385,FLOW
14469,14417,HAS_BLOCK
14417,14456,FLOW
14469,14420,HAS_BLOCK
14420,14422,FLOW
14420,14456,FLOW
14420,14456,UNWIND
14469,14422,HAS_BLOCK
14422,14385,FLOW
14422,14423,FLOW
14422,14435,FLOW
14469,14423,HAS_BLOCK
14423,14461,FLOW
14423,14456,FLOW
14423,14456,UNWIND
14469,14425,HAS_BLOCK
14425,14428,FLOW
14425,14456,FLOW
14425,14456,UNWIND
14469,14427,HAS_BLOCK
14427,14434,FLOW
14469,14428,HAS_BLOCK
14428,14430,FLOW
14428,14456,FLOW
14428,14456,UNWIND
14469,14430,HAS_BLOCK
14430,14431,FLOW
14430,14432,FLOW
14430,14435,FLOW
14469,14431,HAS_BLOCK
14431,14434,FLOW
14469,14432,HAS_BLOCK
14432,14462,FLOW
14432,14456,FLOW
14432,14456,UNWIND
14469,14434,HAS_BLOCK
14434,14436,FLOW
14434,14438,FLOW
14434,14435,FLOW
14469,14436,HAS_BLOCK
14436,14439,FLOW
14436,14456,FLOW
14436,14456,UNWIND
14469,14438,HAS_BLOCK
14438,14445,FLOW
14469,14439,HAS_BLOCK
14439,14441,FLOW
14439,14456,FLOW
14439,14456,UNWIND
14469,14441,HAS_BLOCK
14441,14442,FLOW
14441,14443,FLOW
14441,14435,FLOW
14469,14442,HAS_BLOCK
14442,14445,FLOW
14469,14443,HAS_BLOCK
14443,14463,FLOW
14443,14456,FLOW
14443,14456,UNWIND
14469,14445,HAS_BLOCK
14445,14446,FLOW
14469,14446,HAS_BLOCK
14446,14469,RETURN
14469,14447,HAS_BLOCK
14447,14448,FLOW
14469,14448,HAS_BLOCK
14469,14450,HAS_BLOCK
14450,14446,FLOW
14469,14451,HAS_BLOCK
14451,14450,FLOW
14451,14452,FLOW
14469,14452,HAS_BLOCK
14452,14450,FLOW
14452,14447,FLOW
14452,14447,UNWIND
14469,14453,HAS_BLOCK
14453,14451,FLOW
14453,14450,FLOW
14453,14435,FLOW
14469,14454,HAS_BLOCK
14454,14447,FLOW
14454,14455,FLOW
14469,14455,HAS_BLOCK
14455,14447,FLOW
14469,14456,HAS_BLOCK
14456,14454,FLOW
14456,14447,FLOW
14469,14457,HAS_BLOCK
14457,14453,FLOW
14469,14458,HAS_BLOCK
14458,14453,FLOW
14469,14459,HAS_BLOCK
14459,14453,FLOW
14469,14461,HAS_BLOCK
14461,14453,FLOW
14469,14462,HAS_BLOCK
14462,14453,FLOW
14469,14463,HAS_BLOCK
14463,14453,FLOW
12867,12868,HAS_PARAM
12867,12869,HAS_PARAM
12867,12864,HAS_BLOCK
12864,12866,FLOW
12867,12866,HAS_BLOCK
12866,12867,RETURN
12851,12852,HAS_PARAM
12851,12841,HAS_BLOCK
12841,12843,FLOW
12851,12843,HAS_BLOCK
12843,12845,FLOW
12843,12849,FLOW
12843,12849,UNWIND
12851,12845,HAS_BLOCK
12845,12847,FLOW
12845,12848,FLOW
12845,12848,UNWIND
12851,12847,HAS_BLOCK
12847,12851,RETURN
12851,12848,HAS_BLOCK
12848,12849,FLOW
12851,12849,HAS_BLOCK
12849,12850,FLOW
12851,12850,HAS_BLOCK
12863,12853,HAS_BLOCK
12853,12855,FLOW
12863,12855,HAS_BLOCK
12855,12857,FLOW
12855,12861,FLOW
12855,12861,UNWIND
12863,12857,HAS_BLOCK
12857,12859,FLOW
12857,12860,FLOW
12857,12860,UNWIND
12863,12859,HAS_BLOCK
12859,12863,RETURN
12863,12860,HAS_BLOCK
12860,12861,FLOW
12863,12861,HAS_BLOCK
12861,12862,FLOW
12863,12862,HAS_BLOCK
18979,18980,HAS_PARAM
18979,18981,HAS_PARAM
18979,18933,HAS_BLOCK
18933,18934,FLOW
18933,18963,FLOW
18933,18963,UNWIND
18979,18934,HAS_BLOCK
18934,18952,FLOW
18934,18963,FLOW
18934,18963,UNWIND
18979,18952,HAS_BLOCK
18952,18964,FLOW
18952,18963,FLOW
18952,18963,UNWIND
18979,18964,HAS_BLOCK
18964,18969,FLOW
18964,18963,FLOW
18964,18963,UNWIND
18979,18969,HAS_BLOCK
18969,18971,FLOW
18979,18971,HAS_BLOCK
18971,18973,FLOW
18971,18975,FLOW
18971,18972,FLOW
18979,18972,HAS_BLOCK
18979,18973,HAS_BLOCK
18973,18977,FLOW
18973,18961,FLOW
18973,18961,UNWIND
18979,18975,HAS_BLOCK
18975,18957,FLOW
18979,18977,HAS_BLOCK
18977,18935,FLOW
18977,18961,FLOW
18977,18961,UNWIND
18979,18935,HAS_BLOCK
18935,18936,FLOW
18935,18938,FLOW
18935,18972,FLOW
18979,18936,HAS_BLOCK
18936,18940,FLOW
18936,18961,FLOW
18936,18961,UNWIND
18979,18938,HAS_BLOCK
18938,18965,FLOW
18938,18961,FLOW
18938,18961,UNWIND
18979,18940,HAS_BLOCK
18940,18942,FLOW
18940,18961,FLOW
18940,18961,UNWIND
18979,18942,HAS_BLOCK
18942,18943,FLOW
18942,18945,FLOW
18942,18972,FLOW
18979,18943,HAS_BLOCK
18943,18947,FLOW
18943,18961,FLOW
18943,18961,UNWIND
18979,18945,HAS_BLOCK
18945,18966,FLOW
18945,18961,FLOW
18945,18961,UNWIND
18979,18947,HAS_BLOCK
18947,18949,FLOW
18947,18961,FLOW
18947,18961,UNWIND
18979,18949,HAS_BLOCK
18949,18950,FLOW
18949,18953,FLOW
18949,18972,FLOW
18979,18950,HAS_BLOCK
18950,18955,FLOW
18950,18961,FLOW
18950,18961,UNWIND
18979,18953,HAS_BLOCK
18953,18967,FLOW
18953,18961,FLOW
18953,18961,UNWIND
18979,18955,HAS_BLOCK
18955,18958,FLOW
18979,18956,HAS_BLOCK
18956,18957,FLOW
18979,18957,HAS_BLOCK
18957,18958,FLOW
18979,18958,HAS_BLOCK
18958,18979,RETURN
18979,18959,HAS_BLOCK
18979,18960,HAS_BLOCK
18960,18959,FLOW
18979,18961,HAS_BLOCK
18961,18959,FLOW
18961,18960,FLOW
18979,18962,HAS_BLOCK
18962,18959,FLOW
18979,18963,HAS_BLOCK
18963,18959,FLOW
18963,18962,FLOW
18979,18965,HAS_BLOCK
18965,18956,FLOW
18979,18966,HAS_BLOCK
18966,18956,FLOW
18979,18967,HAS_BLOCK
18967,18956,FLOW
18909,18910,HAS_PARAM
18909,18906,HAS_BLOCK
18906,18908,FLOW
18909,18908,HAS_BLOCK
18908,18909,RETURN
12992,12993,HAS_PARAM
12992,12994,HAS_PARAM
12992,12989,HAS_BLOCK
12989,12991,FLOW
12992,12991,HAS_BLOCK
12991,12992,RETURN
13045,13046,HAS_PARAM
13045,13047,HAS_PARAM
13045,13039,HAS_BLOCK
13039,13043,FLOW
13039,13042,FLOW
13039,13041,FLOW
13039,13040,FLOW
13045,13040,HAS_BLOCK
13040,13044,FLOW
13045,13041,HAS_BLOCK
13041,13044,FLOW
13045,13042,HAS_BLOCK
13042,13044,FLOW
13045,13043,HAS_BLOCK
13043,13044,FLOW
13045,13044,HAS_BLOCK
13044,13045,RETURN
13036,13037,HAS_PARAM
13036,13038,HAS_PARAM
13036,13022,HAS_BLOCK
13022,13035,FLOW
13036,13024,HAS_BLOCK
13024,13025,FLOW
13036,13026,HAS_BLOCK
13026,13025,FLOW
13036,13027,HAS_BLOCK
13027,13034,FLOW
13036,13029,HAS_BLOCK
13029,13025,FLOW
13036,13030,HAS_BLOCK
13030,13033,FLOW
13036,13032,HAS_BLOCK
13032,13025,FLOW
13036,13033,HAS_BLOCK
13033,13024,FLOW
13033,13032,FLOW
13036,13034,HAS_BLOCK
13034,13030,FLOW
13034,13029,FLOW
13036,13035,HAS_BLOCK
13035,13027,FLOW
13035,13026,FLOW
13036,13025,HAS_BLOCK
13025,13036,RETURN
13019,13020,HAS_PARAM
13019,13021,HAS_PARAM
13019,12995,HAS_BLOCK
12995,13002,FLOW
12995,13007,FLOW
13019,12996,HAS_BLOCK
12996,13011,FLOW
13019,13007,HAS_BLOCK
13007,13012,FLOW
13007,13018,FLOW
13007,12996,FLOW
13019,13012,HAS_BLOCK
13012,13013,FLOW
13012,12996,FLOW
13019,13013,HAS_BLOCK
13013,13014,FLOW
13013,12996,FLOW
13019,13014,HAS_BLOCK
13014,13015,FLOW
13014,12996,FLOW
13019,13015,HAS_BLOCK
13015,13016,FLOW
13015,12996,FLOW
13019,13016,HAS_BLOCK
13016,13017,FLOW
13016,12996,FLOW
13019,13017,HAS_BLOCK
13017,13010,FLOW
13017,12996,FLOW
13019,13018,HAS_BLOCK
13018,12997,FLOW
13018,12996,FLOW
13019,12997,HAS_BLOCK
12997,12998,FLOW
12997,12996,FLOW
13019,12998,HAS_BLOCK
12998,12999,FLOW
12998,12996,FLOW
13019,12999,HAS_BLOCK
12999,13000,FLOW
12999,12996,FLOW
13019,13000,HAS_BLOCK
13000,13001,FLOW
13000,12996,FLOW
13019,13001,HAS_BLOCK
13001,13009,FLOW
13001,12996,FLOW
13019,13002,HAS_BLOCK
13002,12996,FLOW
13002,13003,FLOW
13019,13003,HAS_BLOCK
13003,13004,FLOW
13003,12996,FLOW
13019,13004,HAS_BLOCK
13004,13005,FLOW
13004,12996,FLOW
13019,13005,HAS_BLOCK
13005,13006,FLOW
13005,12996,FLOW
13019,13006,HAS_BLOCK
13006,13008,FLOW
13006,12996,FLOW
13019,13008,HAS_BLOCK
13008,13011,FLOW
13019,13009,HAS_BLOCK
13009,13011,FLOW
13019,13010,HAS_BLOCK
13010,13011,FLOW
13019,13011,HAS_BLOCK
13011,13019,RETURN
12987,12988,HAS_PARAM
12987,12984,HAS_BLOCK
12984,12986,FLOW
12987,12986,HAS_BLOCK
12986,12987,RETURN
13051,13052,HAS_PARAM
13051,13053,HAS_PARAM
13051,13048,HAS_BLOCK
13048,13050,FLOW
13051,13050,HAS_BLOCK
13050,13051,RETURN
13233,13234,HAS_PARAM
13233,13235,HAS_PARAM
13233,13187,HAS_BLOCK
13187,13189,FLOW
13187,13217,FLOW
13187,13217,UNWIND
13233,13189,HAS_BLOCK
13189,13206,FLOW
13189,13217,FLOW
13189,13217,UNWIND
13233,13206,HAS_BLOCK
13206,13223,FLOW
13206,13224,FLOW
13206,13218,FLOW
13233,13218,HAS_BLOCK
13233,13223,HAS_BLOCK
13223,13226,FLOW
13223,13228,FLOW
13223,13218,FLOW
13233,13224,HAS_BLOCK
13224,13220,FLOW
13224,13217,FLOW
13224,13217,UNWIND
13233,13226,HAS_BLOCK
13226,13230,FLOW
13226,13217,FLOW
13226,13217,UNWIND
13233,13228,HAS_BLOCK
13228,13231,FLOW
13228,13216,FLOW
13228,13216,UNWIND
13233,13230,HAS_BLOCK
13230,13213,FLOW
13233,13231,HAS_BLOCK
13231,13190,FLOW
13231,13216,FLOW
13231,13216,UNWIND
13233,13190,HAS_BLOCK
13190,13191,FLOW
13190,13192,FLOW
13190,13218,FLOW
13233,13191,HAS_BLOCK
13191,13194,FLOW
13191,13196,FLOW
13191,13218,FLOW
13233,13192,HAS_BLOCK
13192,13221,FLOW
13192,13216,FLOW
13192,13216,UNWIND
13233,13194,HAS_BLOCK
13194,13198,FLOW
13194,13216,FLOW
13194,13216,UNWIND
13233,13196,HAS_BLOCK
13196,13199,FLOW
13196,13215,FLOW
13196,13215,UNWIND
13233,13198,HAS_BLOCK
13198,13212,FLOW
13233,13199,HAS_BLOCK
13199,13201,FLOW
13199,13215,FLOW
13199,13215,UNWIND
13233,13201,HAS_BLOCK
13201,13202,FLOW
13201,13203,FLOW
13201,13218,FLOW
13233,13202,HAS_BLOCK
13202,13207,FLOW
13202,13209,FLOW
13202,13218,FLOW
13233,13203,HAS_BLOCK
13203,13222,FLOW
13203,13215,FLOW
13203,13215,UNWIND
13233,13207,HAS_BLOCK
13207,13210,FLOW
13207,13215,FLOW
13207,13215,UNWIND
13233,13209,HAS_BLOCK
13209,13214,FLOW
13233,13210,HAS_BLOCK
13210,13211,FLOW
13233,13211,HAS_BLOCK
13211,13212,FLOW
13211,13216,FLOW
13211,13216,UNWIND
13233,13212,HAS_BLOCK
13212,13213,FLOW
13212,13217,FLOW
13212,13217,UNWIND
13233,13213,HAS_BLOCK
13213,13214,FLOW
13233,13214,HAS_BLOCK
13214,13233,RETURN
13233,13215,HAS_BLOCK
13215,13216,FLOW
13233,13216,HAS_BLOCK
13216,13217,FLOW
13233,13217,HAS_BLOCK
13217,13219,FLOW
13233,13219,HAS_BLOCK
13233,13220,HAS_BLOCK
13220,13213,FLOW
13233,13221,HAS_BLOCK
13221,13212,FLOW
13233,13222,HAS_BLOCK
13222,13211,FLOW
13184,13185,HAS_PARAM
13184,13186,HAS_PARAM
13184,13054,HAS_BLOCK
13054,13055,FLOW
13184,13055,HAS_BLOCK
13055,13073,FLOW
13055,13170,FLOW
13055,13170,UNWIND
13184,13073,HAS_BLOCK
13073,13089,FLOW
13073,13170,FLOW
13073,13170,UNWIND
13184,13089,HAS_BLOCK
13089,13120,FLOW
13089,13135,FLOW
13089,13104,FLOW
13184,13104,HAS_BLOCK
13184,13120,HAS_BLOCK
13120,13161,FLOW
13120,13150,FLOW
13120,13104,FLOW
13184,13135,HAS_BLOCK
13135,13176,FLOW
13135,13170,FLOW
13135,13170,UNWIND
13184,13150,HAS_BLOCK
13150,13114,FLOW
13150,13116,FLOW
13150,13104,FLOW
13184,13161,HAS_BLOCK
13161,13060,FLOW
13161,13058,FLOW
13161,13056,FLOW
13161,13172,FLOW
13161,13104,FLOW
13184,13172,HAS_BLOCK
13172,13109,FLOW
13172,13170,FLOW
13172,13170,UNWIND
13184,13056,HAS_BLOCK
13056,13094,FLOW
13056,13170,FLOW
13056,13170,UNWIND
13184,13058,HAS_BLOCK
13058,13078,FLOW
13058,13170,FLOW
13058,13170,UNWIND
13184,13060,HAS_BLOCK
13060,13062,FLOW
13060,13170,FLOW
13060,13170,UNWIND
13184,13062,HAS_BLOCK
13062,13066,FLOW
13062,13063,FLOW
13184,13063,HAS_BLOCK
13063,13065,FLOW
13063,13170,FLOW
13063,13170,UNWIND
13184,13065,HAS_BLOCK
13065,13160,FLOW
13184,13066,HAS_BLOCK
13066,13068,FLOW
13066,13170,FLOW
13066,13170,UNWIND
13184,13068,HAS_BLOCK
13068,13070,FLOW
13068,13170,FLOW
13068,13170,UNWIND
13184,13070,HAS_BLOCK
13070,13071,FLOW
13070,13074,FLOW
13070,13104,FLOW
13184,13071,HAS_BLOCK
13071,13076,FLOW
13071,13077,FLOW
13071,13077,UNWIND
13184,13074,HAS_BLOCK
13074,13177,FLOW
13074,13170,FLOW
13074,13170,UNWIND
13184,13076,HAS_BLOCK
13076,13055,FLOW
13184,13077,HAS_BLOCK
13077,13170,FLOW
13184,13078,HAS_BLOCK
13078,13082,FLOW
13078,13079,FLOW
13184,13079,HAS_BLOCK
13079,13081,FLOW
13079,13170,FLOW
13079,13170,UNWIND
13184,13081,HAS_BLOCK
13081,13160,FLOW
13184,13082,HAS_BLOCK
13082,13084,FLOW
13082,13170,FLOW
13082,13170,UNWIND
13184,13084,HAS_BLOCK
13084,13086,FLOW
13084,13170,FLOW
13084,13170,UNWIND
13184,13086,HAS_BLOCK
13086,13087,FLOW
13086,13090,FLOW
13086,13104,FLOW
13184,13087,HAS_BLOCK
13087,13092,FLOW
13087,13093,FLOW
13087,13093,UNWIND
13184,13090,HAS_BLOCK
13090,13178,FLOW
13090,13170,FLOW
13090,13170,UNWIND
13184,13092,HAS_BLOCK
13092,13055,FLOW
13184,13093,HAS_BLOCK
13093,13170,FLOW
13184,13094,HAS_BLOCK
13094,13098,FLOW
13094,13095,FLOW
13184,13095,HAS_BLOCK
13095,13097,FLOW
13095,13170,FLOW
13095,13170,UNWIND
13184,13097,HAS_BLOCK
13097,13160,FLOW
13184,13098,HAS_BLOCK
13098,13100,FLOW
13098,13170,FLOW
13098,13170,UNWIND
13184,13100,HAS_BLOCK
13100,13102,FLOW
13100,13170,FLOW
13100,13170,UNWIND
13184,13102,HAS_BLOCK
13102,13103,FLOW
13102,13105,FLOW
13102,13104,FLOW
13184,13103,HAS_BLOCK
13103,13107,FLOW
13103,13108,FLOW
13103,13108,UNWIND
13184,13105,HAS_BLOCK
13105,13179,FLOW
13105,13170,FLOW
13105,13170,UNWIND
13184,13107,HAS_BLOCK
13107,13055,FLOW
13184,13108,HAS_BLOCK
13108,13170,FLOW
13184,13109,HAS_BLOCK
13109,13111,FLOW
13109,13170,FLOW
13109,13170,UNWIND
13184,13111,HAS_BLOCK
13111,13055,FLOW
13111,13112,FLOW
13111,13104,FLOW
13184,13112,HAS_BLOCK
13112,13180,FLOW
13112,13170,FLOW
13112,13170,UNWIND
13184,13114,HAS_BLOCK
13114,13117,FLOW
13114,13170,FLOW
13114,13170,UNWIND
13184,13116,HAS_BLOCK
13116,13124,FLOW
13184,13117,HAS_BLOCK
13117,13119,FLOW
13117,13170,FLOW
13117,13170,UNWIND
13184,13119,HAS_BLOCK
13119,13121,FLOW
13119,13122,FLOW
13119,13104,FLOW
13184,13121,HAS_BLOCK
13121,13124,FLOW
13184,13122,HAS_BLOCK
13122,13181,FLOW
13122,13170,FLOW
13122,13170,UNWIND
13184,13124,HAS_BLOCK
13124,13125,FLOW
13124,13127,FLOW
13124,13104,FLOW
13184,13125,HAS_BLOCK
13125,13128,FLOW
13125,13152,FLOW
13125,13152,UNWIND
13184,13127,HAS_BLOCK
13127,13134,FLOW
13184,13128,HAS_BLOCK
13128,13130,FLOW
13128,13152,FLOW
13128,13152,UNWIND
13184,13130,HAS_BLOCK
13130,13131,FLOW
13130,13132,FLOW
13130,13104,FLOW
13184,13131,HAS_BLOCK
13131,13134,FLOW
13184,13132,HAS_BLOCK
13132,13182,FLOW
13132,13152,FLOW
13132,13152,UNWIND
13184,13134,HAS_BLOCK
13134,13136,FLOW
13134,13138,FLOW
13134,13104,FLOW
13184,13136,HAS_BLOCK
13136,13139,FLOW
13136,13151,FLOW
13136,13151,UNWIND
13184,13138,HAS_BLOCK
13138,13146,FLOW
13184,13139,HAS_BLOCK
13139,13141,FLOW
13139,13151,FLOW
13139,13151,UNWIND
13184,13141,HAS_BLOCK
13141,13142,FLOW
13141,13143,FLOW
13141,13104,FLOW
13184,13142,HAS_BLOCK
13142,13146,FLOW
13184,13143,HAS_BLOCK
13143,13145,FLOW
13143,13151,FLOW
13143,13151,UNWIND
13184,13145,HAS_BLOCK
13145,13147,FLOW
13145,13152,FLOW
13145,13152,UNWIND
13184,13146,HAS_BLOCK
13146,13148,FLOW
13184,13147,HAS_BLOCK
13147,13160,FLOW
13147,13170,FLOW
13147,13170,UNWIND
13184,13148,HAS_BLOCK
13148,13184,RETURN
13184,13151,HAS_BLOCK
13151,13152,FLOW
13184,13152,HAS_BLOCK
13152,13170,FLOW
13184,13153,HAS_BLOCK
13153,13171,FLOW
13153,13154,FLOW
13184,13154,HAS_BLOCK
13154,13174,FLOW
13154,13155,FLOW
13184,13155,HAS_BLOCK
13155,13156,FLOW
13184,13156,HAS_BLOCK
13184,13157,HAS_BLOCK
13157,13163,FLOW
13157,13162,FLOW
13157,13104,FLOW
13184,13158,HAS_BLOCK
13158,13157,FLOW
13158,13159,FLOW
13184,13159,HAS_BLOCK
13159,13157,FLOW
13159,13153,FLOW
13159,13153,UNWIND
13184,13160,HAS_BLOCK
13160,13158,FLOW
13160,13157,FLOW
13160,13104,FLOW
13184,13162,HAS_BLOCK
13162,13166,FLOW
13162,13165,FLOW
13162,13104,FLOW
13184,13163,HAS_BLOCK
13163,13162,FLOW
13163,13164,FLOW
13184,13164,HAS_BLOCK
13164,13162,FLOW
13164,13154,FLOW
13164,13154,UNWIND
13184,13165,HAS_BLOCK
13165,13148,FLOW
13184,13166,HAS_BLOCK
13166,13165,FLOW
13166,13167,FLOW
13184,13167,HAS_BLOCK
13167,13165,FLOW
13167,13155,FLOW
13167,13155,UNWIND
13184,13168,HAS_BLOCK
13168,13153,FLOW
13168,13169,FLOW
13184,13169,HAS_BLOCK
13169,13153,FLOW
13184,13170,HAS_BLOCK
13170,13168,FLOW
13170,13153,FLOW
13184,13171,HAS_BLOCK
13171,13154,FLOW
13171,13173,FLOW
13184,13173,HAS_BLOCK
13173,13154,FLOW
13184,13174,HAS_BLOCK
13174,13155,FLOW
13174,13175,FLOW
13184,13175,HAS_BLOCK
13175,13155,FLOW
13184,13176,HAS_BLOCK
13176,13160,FLOW
13184,13177,HAS_BLOCK
13177,13160,FLOW
13184,13178,HAS_BLOCK
13178,13160,FLOW
13184,13179,HAS_BLOCK
13179,13160,FLOW
13184,13180,HAS_BLOCK
13180,13160,FLOW
13184,13181,HAS_BLOCK
13181,13160,FLOW
13184,13182,HAS_BLOCK
13182,13147,FLOW
12975,12976,HAS_PARAM
12975,12977,HAS_PARAM
12975,12972,HAS_BLOCK
12972,12974,FLOW
12975,12974,HAS_BLOCK
12974,12975,RETURN
12961,12962,HAS_PARAM
12961,12958,HAS_BLOCK
12958,12960,FLOW
12961,12960,HAS_BLOCK
12960,12961,RETURN
12969,12970,HAS_PARAM
12969,12971,HAS_PARAM
12969,12966,HAS_BLOCK
12966,12968,FLOW
12969,12968,HAS_BLOCK
12968,12969,RETURN
12964,12965,HAS_PARAM
12964,12963,HAS_BLOCK
12963,12964,RETURN
12981,12982,HAS_PARAM
12981,12983,HAS_PARAM
12981,12978,HAS_BLOCK
12978,12980,FLOW
12981,12980,HAS_BLOCK
12980,12981,RETURN
18618,18619,HAS_PARAM
18618,18620,HAS_PARAM
18618,18571,HAS_BLOCK
18571,18573,FLOW
18618,18573,HAS_BLOCK
18573,18595,FLOW
18618,18595,HAS_BLOCK
18595,18590,FLOW
18595,18588,FLOW
18595,18586,FLOW
18595,18584,FLOW
18595,18582,FLOW
18595,18580,FLOW
18595,18578,FLOW
18595,18576,FLOW
18595,18574,FLOW
18595,18616,FLOW
18595,18614,FLOW
18595,18612,FLOW
18595,18610,FLOW
18595,18608,FLOW
18595,18606,FLOW
18595,18605,FLOW
18618,18605,HAS_BLOCK
18618,18606,HAS_BLOCK
18606,18604,FLOW
18618,18608,HAS_BLOCK
18608,18604,FLOW
18618,18610,HAS_BLOCK
18610,18604,FLOW
18618,18612,HAS_BLOCK
18612,18602,FLOW
18618,18614,HAS_BLOCK
18614,18604,FLOW
18618,18616,HAS_BLOCK
18616,18604,FLOW
18618,18574,HAS_BLOCK
18574,18604,FLOW
18618,18576,HAS_BLOCK
18576,18604,FLOW
18618,18578,HAS_BLOCK
18578,18604,FLOW
18618,18580,HAS_BLOCK
18580,18604,FLOW
18618,18582,HAS_BLOCK
18582,18600,FLOW
18618,18584,HAS_BLOCK
18584,18598,FLOW
18618,18586,HAS_BLOCK
18586,18592,FLOW
18618,18588,HAS_BLOCK
18588,18604,FLOW
18618,18590,HAS_BLOCK
18590,18604,FLOW
18618,18592,HAS_BLOCK
18592,18596,FLOW
18618,18596,HAS_BLOCK
18596,18604,FLOW
18618,18598,HAS_BLOCK
18598,18604,FLOW
18618,18600,HAS_BLOCK
18600,18604,FLOW
18618,18602,HAS_BLOCK
18602,18604,FLOW
18618,18604,HAS_BLOCK
18604,18618,RETURN
12932,12933,HAS_PARAM
12932,12934,HAS_PARAM
12932,12929,HAS_BLOCK
12929,12931,FLOW
12932,12931,HAS_BLOCK
12931,12932,RETURN
12922,12923,HAS_PARAM
12922,12870,HAS_BLOCK
12870,12872,FLOW
12922,12872,HAS_BLOCK
12872,12891,FLOW
12872,12907,FLOW
12872,12907,UNWIND
12922,12891,HAS_BLOCK
12891,12903,FLOW
12891,12906,FLOW
12891,12906,UNWIND
12922,12903,HAS_BLOCK
12903,12910,FLOW
12903,12905,FLOW
12903,12905,UNWIND
12922,12910,HAS_BLOCK
12910,12912,FLOW
12910,12904,FLOW
12910,12904,UNWIND
12922,12912,HAS_BLOCK
12912,12914,FLOW
12912,12901,FLOW
12912,12901,UNWIND
12922,12914,HAS_BLOCK
12914,12916,FLOW
12914,12900,FLOW
12914,12900,UNWIND
12922,12916,HAS_BLOCK
12916,12918,FLOW
12916,12899,FLOW
12916,12899,UNWIND
12922,12918,HAS_BLOCK
12918,12920,FLOW
12918,12898,FLOW
12918,12898,UNWIND
12922,12920,HAS_BLOCK
12920,12873,FLOW
12920,12897,FLOW
12920,12897,UNWIND
12922,12873,HAS_BLOCK
12873,12875,FLOW
12873,12896,FLOW
12873,12896,UNWIND
12922,12875,HAS_BLOCK
12875,12877,FLOW
12875,12895,FLOW
12875,12895,UNWIND
12922,12877,HAS_BLOCK
12877,12879,FLOW
12877,12894,FLOW
12877,12894,UNWIND
12922,12879,HAS_BLOCK
12879,12881,FLOW
12879,12893,FLOW
12879,12893,UNWIND
12922,12881,HAS_BLOCK
12881,12883,FLOW
12881,12892,FLOW
12881,12892,UNWIND
12922,12883,HAS_BLOCK
12883,12885,FLOW
12883,12889,FLOW
12883,12889,UNWIND
12922,12885,HAS_BLOCK
12885,12887,FLOW
12885,12888,FLOW
12885,12888,UNWIND
12922,12887,HAS_BLOCK
12887,12922,RETURN
12922,12888,HAS_BLOCK
12888,12889,FLOW
12922,12889,HAS_BLOCK
12889,12892,FLOW
12922,12892,HAS_BLOCK
12892,12893,FLOW
12922,12893,HAS_BLOCK
12893,12894,FLOW
12922,12894,HAS_BLOCK
12894,12895,FLOW
12922,12895,HAS_BLOCK
12895,12896,FLOW
12922,12896,HAS_BLOCK
12896,12897,FLOW
12922,12897,HAS_BLOCK
12897,12898,FLOW
12922,12898,HAS_BLOCK
12898,12899,FLOW
12922,12899,HAS_BLOCK
12899,12900,FLOW
12922,12900,HAS_BLOCK
12900,12901,FLOW
12922,12901,HAS_BLOCK
12901,12904,FLOW
12922,12904,HAS_BLOCK
12904,12905,FLOW
12922,12905,HAS_BLOCK
12905,12906,FLOW
12922,12906,HAS_BLOCK
12906,12907,FLOW
12922,12907,HAS_BLOCK
12907,12908,FLOW
12922,12908,HAS_BLOCK
19145,19146,HAS_PARAM
19145,19147,HAS_PARAM
19145,18982,HAS_BLOCK
18982,18983,FLOW
18982,19139,FLOW
18982,19139,UNWIND
19145,18983,HAS_BLOCK
18983,19007,FLOW
18983,19139,FLOW
18983,19139,UNWIND
19145,19007,HAS_BLOCK
19007,19026,FLOW
19007,19139,FLOW
19007,19139,UNWIND
19145,19026,HAS_BLOCK
19026,19044,FLOW
19026,19139,FLOW
19026,19139,UNWIND
19145,19044,HAS_BLOCK
19044,19063,FLOW
19044,19139,FLOW
19044,19139,UNWIND
19145,19063,HAS_BLOCK
19063,19081,FLOW
19063,19139,FLOW
19063,19139,UNWIND
19145,19081,HAS_BLOCK
19081,19100,FLOW
19081,19139,FLOW
19081,19139,UNWIND
19145,19100,HAS_BLOCK
19100,19118,FLOW
19100,19139,FLOW
19100,19139,UNWIND
19145,19118,HAS_BLOCK
19118,19134,FLOW
19118,19139,FLOW
19118,19139,UNWIND
19145,19134,HAS_BLOCK
19134,18984,FLOW
19134,19139,FLOW
19134,19139,UNWIND
19145,18984,HAS_BLOCK
18984,18995,FLOW
18984,19139,FLOW
18984,19139,UNWIND
19145,18995,HAS_BLOCK
18995,18997,FLOW
18995,19139,FLOW
18995,19139,UNWIND
19145,18997,HAS_BLOCK
18997,18998,FLOW
18997,19139,FLOW
18997,19139,UNWIND
19145,18998,HAS_BLOCK
18998,18999,FLOW
18998,19139,FLOW
18998,19139,UNWIND
19145,18999,HAS_BLOCK
18999,19000,FLOW
18999,19139,FLOW
18999,19139,UNWIND
19145,19000,HAS_BLOCK
19000,19001,FLOW
19000,19139,FLOW
19000,19139,UNWIND
19145,19001,HAS_BLOCK
19001,19003,FLOW
19001,19139,FLOW
19001,19139,UNWIND
19145,19003,HAS_BLOCK
19003,19005,FLOW
19145,19005,HAS_BLOCK
19005,19008,FLOW
19005,19010,FLOW
19005,19006,FLOW
19145,19006,HAS_BLOCK
19145,19008,HAS_BLOCK
19008,19012,FLOW
19008,19137,FLOW
19008,19137,UNWIND
19145,19010,HAS_BLOCK
19010,19132,FLOW
19145,19012,HAS_BLOCK
19012,19014,FLOW
19012,19137,FLOW
19012,19137,UNWIND
19145,19014,HAS_BLOCK
19014,19015,FLOW
19014,19017,FLOW
19014,19006,FLOW
19145,19015,HAS_BLOCK
19015,19019,FLOW
19015,19137,FLOW
19015,19137,UNWIND
19145,19017,HAS_BLOCK
19017,19140,FLOW
19017,19137,FLOW
19017,19137,UNWIND
19145,19019,HAS_BLOCK
19019,19021,FLOW
19019,19137,FLOW
19019,19137,UNWIND
19145,19021,HAS_BLOCK
19021,19022,FLOW
19021,19024,FLOW
19021,19006,FLOW
19145,19022,HAS_BLOCK
19022,19027,FLOW
19022,19137,FLOW
19022,19137,UNWIND
19145,19024,HAS_BLOCK
19024,19141,FLOW
19024,19137,FLOW
19024,19137,UNWIND
19145,19027,HAS_BLOCK
19027,19029,FLOW
19027,19137,FLOW
19027,19137,UNWIND
19145,19029,HAS_BLOCK
19029,19030,FLOW
19029,19032,FLOW
19029,19006,FLOW
19145,19030,HAS_BLOCK
19030,19034,FLOW
19030,19137,FLOW
19030,19137,UNWIND
19145,19032,HAS_BLOCK
19032,19142,FLOW
19032,19137,FLOW
19032,19137,UNWIND
19145,19034,HAS_BLOCK
19034,19036,FLOW
19034,19137,FLOW
19034,19137,UNWIND
19145,19036,HAS_BLOCK
19036,19037,FLOW
19036,19039,FLOW
19036,19006,FLOW
19145,19037,HAS_BLOCK
19037,19041,FLOW
19037,19137,FLOW
19037,19137,UNWIND
19145,19039,HAS_BLOCK
19039,19143,FLOW
19039,19137,FLOW
19039,19137,UNWIND
19145,19041,HAS_BLOCK
19041,19043,FLOW
19041,19137,FLOW
19041,19137,UNWIND
19145,19043,HAS_BLOCK
19043,19045,FLOW
19043,19047,FLOW
19043,19006,FLOW
19145,19045,HAS_BLOCK
19045,19049,FLOW
19045,19137,FLOW
19045,19137,UNWIND
19145,19047,HAS_BLOCK
19047,19144,FLOW
19047,19137,FLOW
19047,19137,UNWIND
19145,19049,HAS_BLOCK
19049,19051,FLOW
19049,19137,FLOW
19049,19137,UNWIND
19145,19051,HAS_BLOCK
19051,19052,FLOW
19051,19054,FLOW
19051,19006,FLOW
19145,19052,HAS_BLOCK
19052,19056,FLOW
19052,19137,FLOW
19052,19137,UNWIND
19145,19054,HAS_BLOCK
19054,18985,FLOW
19054,19137,FLOW
19054,19137,UNWIND
19145,19056,HAS_BLOCK
19056,19058,FLOW
19056,19137,FLOW
19056,19137,UNWIND
19145,19058,HAS_BLOCK
19058,19059,FLOW
19058,19061,FLOW
19058,19006,FLOW
19145,19059,HAS_BLOCK
19059,19064,FLOW
19059,19137,FLOW
19059,19137,UNWIND
19145,19061,HAS_BLOCK
19061,18986,FLOW
19061,19137,FLOW
19061,19137,UNWIND
19145,19064,HAS_BLOCK
19064,19066,FLOW
19064,19137,FLOW
19064,19137,UNWIND
19145,19066,HAS_BLOCK
19066,19067,FLOW
19066,19069,FLOW
19066,19006,FLOW
19145,19067,HAS_BLOCK
19067,19071,FLOW
19067,19137,FLOW
19067,19137,UNWIND
19145,19069,HAS_BLOCK
19069,18987,FLOW
19069,19137,FLOW
19069,19137,UNWIND
19145,19071,HAS_BLOCK
19071,19073,FLOW
19071,19137,FLOW
19071,19137,UNWIND
19145,19073,HAS_BLOCK
19073,19074,FLOW
19073,19076,FLOW
19073,19006,FLOW
19145,19074,HAS_BLOCK
19074,19078,FLOW
19074,19137,FLOW
19074,19137,UNWIND
19145,19076,HAS_BLOCK
19076,18988,FLOW
19076,19137,FLOW
19076,19137,UNWIND
19145,19078,HAS_BLOCK
19078,19080,FLOW
19078,19137,FLOW
19078,19137,UNWIND
19145,19080,HAS_BLOCK
19080,19082,FLOW
19080,19084,FLOW
19080,19006,FLOW
19145,19082,HAS_BLOCK
19082,19086,FLOW
19082,19137,FLOW
19082,19137,UNWIND
19145,19084,HAS_BLOCK
19084,18989,FLOW
19084,19137,FLOW
19084,19137,UNWIND
19145,19086,HAS_BLOCK
19086,19088,FLOW
19086,19137,FLOW
19086,19137,UNWIND
19145,19088,HAS_BLOCK
19088,19089,FLOW
19088,19091,FLOW
19088,19006,FLOW
19145,19089,HAS_BLOCK
19089,19093,FLOW
19089,19137,FLOW
19089,19137,UNWIND
19145,19091,HAS_BLOCK
19091,18990,FLOW
19091,19137,FLOW
19091,19137,UNWIND
19145,19093,HAS_BLOCK
19093,19095,FLOW
19093,19137,FLOW
19093,19137,UNWIND
19145,19095,HAS_BLOCK
19095,19096,FLOW
19095,19098,FLOW
19095,19006,FLOW
19145,19096,HAS_BLOCK
19096,19101,FLOW
19096,19137,FLOW
19096,19137,UNWIND
19145,19098,HAS_BLOCK
19098,18991,FLOW
19098,19137,FLOW
19098,19137,UNWIND
19145,19101,HAS_BLOCK
19101,19103,FLOW
19101,19137,FLOW
19101,19137,UNWIND
19145,19103,HAS_BLOCK
19103,19104,FLOW
19103,19106,FLOW
19103,19006,FLOW
19145,19104,HAS_BLOCK
19104,19108,FLOW
19104,19137,FLOW
19104,19137,UNWIND
19145,19106,HAS_BLOCK
19106,18992,FLOW
19106,19137,FLOW
19106,19137,UNWIND
19145,19108,HAS_BLOCK
19108,19110,FLOW
19108,19137,FLOW
19108,19137,UNWIND
19145,19110,HAS_BLOCK
19110,19111,FLOW
19110,19113,FLOW
19110,19006,FLOW
19145,19111,HAS_BLOCK
19111,19115,FLOW
19111,19137,FLOW
19111,19137,UNWIND
19145,19113,HAS_BLOCK
19113,18993,FLOW
19113,19137,FLOW
19113,19137,UNWIND
19145,19115,HAS_BLOCK
19115,19117,FLOW
19115,19137,FLOW
19115,19137,UNWIND
19145,19117,HAS_BLOCK
19117,19119,FLOW
19117,19121,FLOW
19117,19006,FLOW
19145,19119,HAS_BLOCK
19119,19123,FLOW
19119,19137,FLOW
19119,19137,UNWIND
19145,19121,HAS_BLOCK
19121,18994,FLOW
19121,19137,FLOW
19121,19137,UNWIND
19145,19123,HAS_BLOCK
19123,19125,FLOW
19123,19137,FLOW
19123,19137,UNWIND
19145,19125,HAS_BLOCK
19125,19126,FLOW
19125,19128,FLOW
19125,19006,FLOW
19145,19126,HAS_BLOCK
19126,19130,FLOW
19126,19137,FLOW
19126,19137,UNWIND
19145,19128,HAS_BLOCK
19128,18996,FLOW
19128,19137,FLOW
19128,19137,UNWIND
19145,19130,HAS_BLOCK
19130,19133,FLOW
19145,19131,HAS_BLOCK
19131,19132,FLOW
19145,19132,HAS_BLOCK
19132,19133,FLOW
19145,19133,HAS_BLOCK
19133,19145,RETURN
19145,19135,HAS_BLOCK
19145,19136,HAS_BLOCK
19136,19135,FLOW
19145,19137,HAS_BLOCK
19137,19135,FLOW
19137,19136,FLOW
19145,19138,HAS_BLOCK
19138,19135,FLOW
19145,19139,HAS_BLOCK
19139,19135,FLOW
19139,19138,FLOW
19145,19140,HAS_BLOCK
19140,19131,FLOW
19145,19141,HAS_BLOCK
19141,19131,FLOW
19145,19142,HAS_BLOCK
19142,19131,FLOW
19145,19143,HAS_BLOCK
19143,19131,FLOW
19145,19144,HAS_BLOCK
19144,19131,FLOW
19145,18985,HAS_BLOCK
18985,19131,FLOW
19145,18986,HAS_BLOCK
18986,19131,FLOW
19145,18987,HAS_BLOCK
18987,19131,FLOW
19145,18988,HAS_BLOCK
18988,19131,FLOW
19145,18989,HAS_BLOCK
18989,19131,FLOW
19145,18990,HAS_BLOCK
18990,19131,FLOW
19145,18991,HAS_BLOCK
18991,19131,FLOW
19145,18992,HAS_BLOCK
18992,19131,FLOW
19145,18993,HAS_BLOCK
18993,19131,FLOW
19145,18994,HAS_BLOCK
18994,19131,FLOW
19145,18996,HAS_BLOCK
18996,19131,FLOW
18920,18921,HAS_PARAM
18920,18917,HAS_BLOCK
18917,18919,FLOW
18920,18919,HAS_BLOCK
18919,18920,RETURN
13244,13245,HAS_PARAM
13244,13246,HAS_PARAM
13244,13241,HAS_BLOCK
13241,13243,FLOW
13244,13243,HAS_BLOCK
13243,13244,RETURN
13516,13517,HAS_PARAM
13516,13518,HAS_PARAM
13516,13497,HAS_BLOCK
13497,13506,FLOW
13497,13505,FLOW
13497,13504,FLOW
13497,13503,FLOW
13497,13502,FLOW
13497,13501,FLOW
13497,13500,FLOW
13497,13499,FLOW
13497,13515,FLOW
13497,13514,FLOW
13497,13513,FLOW
13497,13512,FLOW
13497,13511,FLOW
13497,13510,FLOW
13497,13509,FLOW
13497,13508,FLOW
13497,13498,FLOW
13516,13498,HAS_BLOCK
13498,13507,FLOW
13516,13508,HAS_BLOCK
13508,13507,FLOW
13516,13509,HAS_BLOCK
13509,13507,FLOW
13516,13510,HAS_BLOCK
13510,13507,FLOW
13516,13511,HAS_BLOCK
13511,13507,FLOW
13516,13512,HAS_BLOCK
13512,13507,FLOW
13516,13513,HAS_BLOCK
13513,13507,FLOW
13516,13514,HAS_BLOCK
13514,13507,FLOW
13516,13515,HAS_BLOCK
13515,13507,FLOW
13516,13499,HAS_BLOCK
13499,13507,FLOW
13516,13500,HAS_BLOCK
13500,13507,FLOW
13516,13501,HAS_BLOCK
13501,13507,FLOW
13516,13502,HAS_BLOCK
13502,13507,FLOW
13516,13503,HAS_BLOCK
13503,13507,FLOW
13516,13504,HAS_BLOCK
13504,13507,FLOW
13516,13505,HAS_BLOCK
13505,13507,FLOW
13516,13506,HAS_BLOCK
13506,13507,FLOW
13516,13507,HAS_BLOCK
13507,13516,RETURN
13494,13495,HAS_PARAM
13494,13496,HAS_PARAM
13494,13428,HAS_BLOCK
13428,13484,FLOW
13494,13430,HAS_BLOCK
13430,13485,FLOW
13494,13446,HAS_BLOCK
13446,13485,FLOW
13494,13462,HAS_BLOCK
13462,13483,FLOW
13494,13475,HAS_BLOCK
13475,13485,FLOW
13494,13486,HAS_BLOCK
13486,13482,FLOW
13494,13488,HAS_BLOCK
13488,13485,FLOW
13494,13489,HAS_BLOCK
13489,13481,FLOW
13494,13491,HAS_BLOCK
13491,13485,FLOW
13494,13492,HAS_BLOCK
13492,13480,FLOW
13494,13431,HAS_BLOCK
13431,13485,FLOW
13494,13432,HAS_BLOCK
13432,13479,FLOW
13494,13434,HAS_BLOCK
13434,13485,FLOW
13494,13435,HAS_BLOCK
13435,13478,FLOW
13494,13437,HAS_BLOCK
13437,13485,FLOW
13494,13438,HAS_BLOCK
13438,13477,FLOW
13494,13440,HAS_BLOCK
13440,13485,FLOW
13494,13441,HAS_BLOCK
13441,13476,FLOW
13494,13443,HAS_BLOCK
13443,13485,FLOW
13494,13444,HAS_BLOCK
13444,13473,FLOW
13494,13447,HAS_BLOCK
13447,13485,FLOW
13494,13448,HAS_BLOCK
13448,13472,FLOW
13494,13450,HAS_BLOCK
13450,13485,FLOW
13494,13451,HAS_BLOCK
13451,13471,FLOW
13494,13453,HAS_BLOCK
13453,13485,FLOW
13494,13454,HAS_BLOCK
13454,13470,FLOW
13494,13456,HAS_BLOCK
13456,13485,FLOW
13494,13457,HAS_BLOCK
13457,13469,FLOW
13494,13459,HAS_BLOCK
13459,13485,FLOW
13494,13460,HAS_BLOCK
13460,13468,FLOW
13494,13463,HAS_BLOCK
13463,13485,FLOW
13494,13464,HAS_BLOCK
13464,13467,FLOW
13494,13466,HAS_BLOCK
13466,13485,FLOW
13494,13467,HAS_BLOCK
13467,13430,FLOW
13467,13466,FLOW
13494,13468,HAS_BLOCK
13468,13464,FLOW
13468,13463,FLOW
13494,13469,HAS_BLOCK
13469,13460,FLOW
13469,13459,FLOW
13494,13470,HAS_BLOCK
13470,13457,FLOW
13470,13456,FLOW
13494,13471,HAS_BLOCK
13471,13454,FLOW
13471,13453,FLOW
13494,13472,HAS_BLOCK
13472,13451,FLOW
13472,13450,FLOW
13494,13473,HAS_BLOCK
13473,13448,FLOW
13473,13447,FLOW
13494,13476,HAS_BLOCK
13476,13444,FLOW
13476,13443,FLOW
13494,13477,HAS_BLOCK
13477,13441,FLOW
13477,13440,FLOW
13494,13478,HAS_BLOCK
13478,13438,FLOW
13478,13437,FLOW
13494,13479,HAS_BLOCK
13479,13435,FLOW
13479,13434,FLOW
13494,13480,HAS_BLOCK
13480,13432,FLOW
13480,13431,FLOW
13494,13481,HAS_BLOCK
13481,13492,FLOW
13481,13491,FLOW
13494,13482,HAS_BLOCK
13482,13489,FLOW
13482,13488,FLOW
13494,13483,HAS_BLOCK
13483,13486,FLOW
13483,13475,FLOW
13494,13484,HAS_BLOCK
13484,13462,FLOW
13484,13446,FLOW
13494,13485,HAS_BLOCK
13485,13494,RETURN
13425,13426,HAS_PARAM
13425,13427,HAS_PARAM
13425,13247,HAS_BLOCK
13247,13414,FLOW
13247,13337,FLOW
13425,13248,HAS_BLOCK
13248,13334,FLOW
13425,13337,HAS_BLOCK
13337,13348,FLOW
13337,13248,FLOW
13425,13348,HAS_BLOCK
13348,13359,FLOW
13348,13248,FLOW
13425,13359,HAS_BLOCK
13359,13370,FLOW
13359,13248,FLOW
13425,13370,HAS_BLOCK
13370,13381,FLOW
13370,13248,FLOW
13425,13381,HAS_BLOCK
13381,13392,FLOW
13381,13248,FLOW
13425,13392,HAS_BLOCK
13392,13403,FLOW
13392,13248,FLOW
13425,13403,HAS_BLOCK
13403,13333,FLOW
13403,13248,FLOW
13425,13414,HAS_BLOCK
13414,13304,FLOW
13414,13249,FLOW
13425,13249,HAS_BLOCK
13249,13260,FLOW
13249,13248,FLOW
13425,13260,HAS_BLOCK
13260,13271,FLOW
13260,13248,FLOW
13425,13271,HAS_BLOCK
13271,13282,FLOW
13271,13248,FLOW
13425,13282,HAS_BLOCK
13282,13293,FLOW
13282,13248,FLOW
13425,13293,HAS_BLOCK
13293,13332,FLOW
13293,13248,FLOW
13425,13304,HAS_BLOCK
13304,13374,FLOW
13304,13315,FLOW
13425,13315,HAS_BLOCK
13315,13326,FLOW
13315,13344,FLOW
13315,13354,FLOW
13315,13364,FLOW
13315,13248,FLOW
13425,13326,HAS_BLOCK
13326,13335,FLOW
13326,13248,FLOW
13425,13335,HAS_BLOCK
13335,13336,FLOW
13335,13248,FLOW
13425,13336,HAS_BLOCK
13336,13338,FLOW
13336,13248,FLOW
13425,13338,HAS_BLOCK
13338,13339,FLOW
13338,13248,FLOW
13425,13339,HAS_BLOCK
13339,13340,FLOW
13339,13248,FLOW
13425,13340,HAS_BLOCK
13340,13341,FLOW
13340,13248,FLOW
13425,13341,HAS_BLOCK
13341,13342,FLOW
13341,13248,FLOW
13425,13342,HAS_BLOCK
13342,13343,FLOW
13342,13248,FLOW
13425,13343,HAS_BLOCK
13343,13331,FLOW
13343,13248,FLOW
13425,13344,HAS_BLOCK
13344,13345,FLOW
13344,13248,FLOW
13425,13345,HAS_BLOCK
13345,13346,FLOW
13345,13248,FLOW
13425,13346,HAS_BLOCK
13346,13347,FLOW
13346,13248,FLOW
13425,13347,HAS_BLOCK
13347,13349,FLOW
13347,13248,FLOW
13425,13349,HAS_BLOCK
13349,13350,FLOW
13349,13248,FLOW
13425,13350,HAS_BLOCK
13350,13351,FLOW
13350,13248,FLOW
13425,13351,HAS_BLOCK
13351,13352,FLOW
13351,13248,FLOW
13425,13352,HAS_BLOCK
13352,13353,FLOW
13352,13248,FLOW
13425,13353,HAS_BLOCK
13353,13327,FLOW
13353,13248,FLOW
13425,13354,HAS_BLOCK
13354,13355,FLOW
13354,13248,FLOW
13425,13355,HAS_BLOCK
13355,13356,FLOW
13355,13248,FLOW
13425,13356,HAS_BLOCK
13356,13357,FLOW
13356,13248,FLOW
13425,13357,HAS_BLOCK
13357,13358,FLOW
13357,13248,FLOW
13425,13358,HAS_BLOCK
13358,13360,FLOW
13358,13248,FLOW
13425,13360,HAS_BLOCK
13360,13361,FLOW
13360,13248,FLOW
13425,13361,HAS_BLOCK
13361,13362,FLOW
13361,13248,FLOW
13425,13362,HAS_BLOCK
13362,13363,FLOW
13362,13248,FLOW
13425,13363,HAS_BLOCK
13363,13325,FLOW
13363,13248,FLOW
13425,13364,HAS_BLOCK
13364,13365,FLOW
13364,13248,FLOW
13425,13365,HAS_BLOCK
13365,13366,FLOW
13365,13248,FLOW
13425,13366,HAS_BLOCK
13366,13367,FLOW
13366,13248,FLOW
13425,13367,HAS_BLOCK
13367,13368,FLOW
13367,13248,FLOW
13425,13368,HAS_BLOCK
13368,13369,FLOW
13368,13248,FLOW
13425,13369,HAS_BLOCK
13369,13371,FLOW
13369,13248,FLOW
13425,13371,HAS_BLOCK
13371,13372,FLOW
13371,13248,FLOW
13425,13372,HAS_BLOCK
13372,13373,FLOW
13372,13248,FLOW
13425,13373,HAS_BLOCK
13373,13324,FLOW
13373,13248,FLOW
13425,13374,HAS_BLOCK
13374,13255,FLOW
13374,13375,FLOW
13425,13375,HAS_BLOCK
13375,13376,FLOW
13375,13387,FLOW
13375,13398,FLOW
13375,13409,FLOW
13375,13420,FLOW
13375,13248,FLOW
13425,13376,HAS_BLOCK
13376,13377,FLOW
13376,13248,FLOW
13425,13377,HAS_BLOCK
13377,13378,FLOW
13377,13248,FLOW
13425,13378,HAS_BLOCK
13378,13379,FLOW
13378,13248,FLOW
13425,13379,HAS_BLOCK
13379,13380,FLOW
13379,13248,FLOW
13425,13380,HAS_BLOCK
13380,13382,FLOW
13380,13248,FLOW
13425,13382,HAS_BLOCK
13382,13383,FLOW
13382,13248,FLOW
13425,13383,HAS_BLOCK
13383,13384,FLOW
13383,13248,FLOW
13425,13384,HAS_BLOCK
13384,13385,FLOW
13384,13248,FLOW
13425,13385,HAS_BLOCK
13385,13386,FLOW
13385,13248,FLOW
13425,13386,HAS_BLOCK
13386,13330,FLOW
13386,13248,FLOW
13425,13387,HAS_BLOCK
13387,13388,FLOW
13387,13248,FLOW
13425,13388,HAS_BLOCK
13388,13389,FLOW
13388,13248,FLOW
13425,13389,HAS_BLOCK
13389,13390,FLOW
13389,13248,FLOW
13425,13390,HAS_BLOCK
13390,13391,FLOW
13390,13248,FLOW
13425,13391,HAS_BLOCK
13391,13393,FLOW
13391,13248,FLOW
13425,13393,HAS_BLOCK
13393,13394,FLOW
13393,13248,FLOW
13425,13394,HAS_BLOCK
13394,13395,FLOW
13394,13248,FLOW
13425,13395,HAS_BLOCK
13395,13396,FLOW
13395,13248,FLOW
13425,13396,HAS_BLOCK
13396,13397,FLOW
13396,13248,FLOW
13425,13397,HAS_BLOCK
13397,13329,FLOW
13397,13248,FLOW
13425,13398,HAS_BLOCK
13398,13399,FLOW
13398,13248,FLOW
13425,13399,HAS_BLOCK
13399,13400,FLOW
13399,13248,FLOW
13425,13400,HAS_BLOCK
13400,13401,FLOW
13400,13248,FLOW
13425,13401,HAS_BLOCK
13401,13402,FLOW
13401,13248,FLOW
13425,13402,HAS_BLOCK
13402,13404,FLOW
13402,13248,FLOW
13425,13404,HAS_BLOCK
13404,13405,FLOW
13404,13248,FLOW
13425,13405,HAS_BLOCK
13405,13406,FLOW
13405,13248,FLOW
13425,13406,HAS_BLOCK
13406,13407,FLOW
13406,13248,FLOW
13425,13407,HAS_BLOCK
13407,13408,FLOW
13407,13248,FLOW
13425,13408,HAS_BLOCK
13408,13328,FLOW
13408,13248,FLOW
13425,13409,HAS_BLOCK
13409,13410,FLOW
13409,13248,FLOW
13425,13410,HAS_BLOCK
13410,13411,FLOW
13410,13248,FLOW
13425,13411,HAS_BLOCK
13411,13412,FLOW
13411,13248,FLOW
13425,13412,HAS_BLOCK
13412,13413,FLOW
13412,13248,FLOW
13425,13413,HAS_BLOCK
13413,13415,FLOW
13413,13248,FLOW
13425,13415,HAS_BLOCK
13415,13416,FLOW
13415,13248,FLOW
13425,13416,HAS_BLOCK
13416,13417,FLOW
13416,13248,FLOW
13425,13417,HAS_BLOCK
13417,13418,FLOW
13417,13248,FLOW
13425,13418,HAS_BLOCK
13418,13419,FLOW
13418,13248,FLOW
13425,13419,HAS_BLOCK
13419,13320,FLOW
13419,13248,FLOW
13425,13420,HAS_BLOCK
13420,13421,FLOW
13420,13248,FLOW
13425,13421,HAS_BLOCK
13421,13422,FLOW
13421,13248,FLOW
13425,13422,HAS_BLOCK
13422,13423,FLOW
13422,13248,FLOW
13425,13423,HAS_BLOCK
13423,13424,FLOW
13423,13248,FLOW
13425,13424,HAS_BLOCK
13424,13250,FLOW
13424,13248,FLOW
13425,13250,HAS_BLOCK
13250,13251,FLOW
13250,13248,FLOW
13425,13251,HAS_BLOCK
13251,13252,FLOW
13251,13248,FLOW
13425,13252,HAS_BLOCK
13252,13253,FLOW
13252,13248,FLOW
13425,13253,HAS_BLOCK
13253,13254,FLOW
13253,13248,FLOW
13425,13254,HAS_BLOCK
13254,13319,FLOW
13254,13248,FLOW
13425,13255,HAS_BLOCK
13255,13281,FLOW
13255,13256,FLOW
13425,13256,HAS_BLOCK
13256,13257,FLOW
13256,13269,FLOW
13256,13248,FLOW
13425,13257,HAS_BLOCK
13257,13258,FLOW
13257,13248,FLOW
13425,13258,HAS_BLOCK
13258,13259,FLOW
13258,13248,FLOW
13425,13259,HAS_BLOCK
13259,13261,FLOW
13259,13248,FLOW
13425,13261,HAS_BLOCK
13261,13262,FLOW
13261,13248,FLOW
13425,13262,HAS_BLOCK
13262,13263,FLOW
13262,13248,FLOW
13425,13263,HAS_BLOCK
13263,13264,FLOW
13263,13248,FLOW
13425,13264,HAS_BLOCK
13264,13265,FLOW
13264,13248,FLOW
13425,13265,HAS_BLOCK
13265,13266,FLOW
13265,13248,FLOW
13425,13266,HAS_BLOCK
13266,13267,FLOW
13266,13248,FLOW
13425,13267,HAS_BLOCK
13267,13268,FLOW
13267,13248,FLOW
13425,13268,HAS_BLOCK
13268,13323,FLOW
13268,13248,FLOW
13425,13269,HAS_BLOCK
13269,13270,FLOW
13269,13248,FLOW
13425,13270,HAS_BLOCK
13270,13272,FLOW
13270,13248,FLOW
13425,13272,HAS_BLOCK
13272,13273,FLOW
13272,13248,FLOW
13425,13273,HAS_BLOCK
13273,13274,FLOW
13273,13248,FLOW
13425,13274,HAS_BLOCK
13274,13275,FLOW
13274,13248,FLOW
13425,13275,HAS_BLOCK
13275,13276,FLOW
13275,13248,FLOW
13425,13276,HAS_BLOCK
13276,13277,FLOW
13276,13248,FLOW
13425,13277,HAS_BLOCK
13277,13278,FLOW
13277,13248,FLOW
13425,13278,HAS_BLOCK
13278,13279,FLOW
13278,13248,FLOW
13425,13279,HAS_BLOCK
13279,13280,FLOW
13279,13248,FLOW
13425,13280,HAS_BLOCK
13280,13321,FLOW
13280,13248,FLOW
13425,13281,HAS_BLOCK
13281,13301,FLOW
13281,13283,FLOW
13425,13283,HAS_BLOCK
13283,13284,FLOW
13283,13292,FLOW
13283,13248,FLOW
13425,13284,HAS_BLOCK
13284,13285,FLOW
13284,13248,FLOW
13425,13285,HAS_BLOCK
13285,13286,FLOW
13285,13248,FLOW
13425,13286,HAS_BLOCK
13286,13287,FLOW
13286,13248,FLOW
13425,13287,HAS_BLOCK
13287,13288,FLOW
13287,13248,FLOW
13425,13288,HAS_BLOCK
13288,13289,FLOW
13288,13248,FLOW
13425,13289,HAS_BLOCK
13289,13290,FLOW
13289,13248,FLOW
13425,13290,HAS_BLOCK
13290,13291,FLOW
13290,13248,FLOW
13425,13291,HAS_BLOCK
13291,13322,FLOW
13291,13248,FLOW
13425,13292,HAS_BLOCK
13292,13294,FLOW
13292,13248,FLOW
13425,13294,HAS_BLOCK
13294,13295,FLOW
13294,13248,FLOW
13425,13295,HAS_BLOCK
13295,13296,FLOW
13295,13248,FLOW
13425,13296,HAS_BLOCK
13296,13297,FLOW
13296,13248,FLOW
13425,13297,HAS_BLOCK
13297,13298,FLOW
13297,13248,FLOW
13425,13298,HAS_BLOCK
13298,13299,FLOW
13298,13248,FLOW
13425,13299,HAS_BLOCK
13299,13300,FLOW
13299,13248,FLOW
13425,13300,HAS_BLOCK
13300,13318,FLOW
13300,13248,FLOW
13425,13301,HAS_BLOCK
13301,13248,FLOW
13301,13302,FLOW
13425,13302,HAS_BLOCK
13302,13303,FLOW
13302,13248,FLOW
13425,13303,HAS_BLOCK
13303,13305,FLOW
13303,13248,FLOW
13425,13305,HAS_BLOCK
13305,13306,FLOW
13305,13248,FLOW
13425,13306,HAS_BLOCK
13306,13307,FLOW
13306,13248,FLOW
13425,13307,HAS_BLOCK
13307,13308,FLOW
13307,13248,FLOW
13425,13308,HAS_BLOCK
13308,13309,FLOW
13308,13248,FLOW
13425,13309,HAS_BLOCK
13309,13310,FLOW
13309,13248,FLOW
13425,13310,HAS_BLOCK
13310,13311,FLOW
13310,13248,FLOW
13425,13311,HAS_BLOCK
13311,13312,FLOW
13311,13248,FLOW
13425,13312,HAS_BLOCK
13312,13313,FLOW
13312,13248,FLOW
13425,13313,HAS_BLOCK
13313,13314,FLOW
13313,13248,FLOW
13425,13314,HAS_BLOCK
13314,13316,FLOW
13314,13248,FLOW
13425,13316,HAS_BLOCK
13316,13317,FLOW
13316,13248,FLOW
13425,13317,HAS_BLOCK
13317,13334,FLOW
13425,13318,HAS_BLOCK
13318,13334,FLOW
13425,13319,HAS_BLOCK
13319,13334,FLOW
13425,13320,HAS_BLOCK
13320,13334,FLOW
13425,13321,HAS_BLOCK
13321,13334,FLOW
13425,13322,HAS_BLOCK
13322,13334,FLOW
13425,13323,HAS_BLOCK
13323,13334,FLOW
13425,13324,HAS_BLOCK
13324,13334,FLOW
13425,13325,HAS_BLOCK
13325,13334,FLOW
13425,13327,HAS_BLOCK
13327,13334,FLOW
13425,13328,HAS_BLOCK
13328,13334,FLOW
13425,13329,HAS_BLOCK
13329,13334,FLOW
13425,13330,HAS_BLOCK
13330,13334,FLOW
13425,13331,HAS_BLOCK
13331,13334,FLOW
13425,13332,HAS_BLOCK
13332,13334,FLOW
13425,13333,HAS_BLOCK
13333,13334,FLOW
13425,13334,HAS_BLOCK
13334,13425,RETURN
13239,13240,HAS_PARAM
13239,13236,HAS_BLOCK
13236,13238,FLOW
13239,13238,HAS_BLOCK
13238,13239,RETURN
13522,13523,HAS_PARAM
13522,13524,HAS_PARAM
13522,13519,HAS_BLOCK
13519,13521,FLOW
13522,13521,HAS_BLOCK
13521,13522,RETURN
14328,14329,HAS_PARAM
14328,14330,HAS_PARAM
14328,14091,HAS_BLOCK
14091,14093,FLOW
14091,14149,FLOW
14091,14149,UNWIND
14328,14093,HAS_BLOCK
14093,14192,FLOW
14093,14149,FLOW
14093,14149,UNWIND
14328,14192,HAS_BLOCK
14192,14225,FLOW
14192,14243,FLOW
14192,14209,FLOW
14328,14209,HAS_BLOCK
14328,14225,HAS_BLOCK
14225,14260,FLOW
14225,14278,FLOW
14225,14209,FLOW
14328,14243,HAS_BLOCK
14243,14164,FLOW
14243,14149,FLOW
14243,14149,UNWIND
14328,14260,HAS_BLOCK
14260,14296,FLOW
14260,14149,FLOW
14260,14149,UNWIND
14328,14278,HAS_BLOCK
14278,14312,FLOW
14278,14148,FLOW
14278,14148,UNWIND
14328,14296,HAS_BLOCK
14296,14127,FLOW
14328,14312,HAS_BLOCK
14312,14094,FLOW
14312,14148,FLOW
14312,14148,UNWIND
14328,14094,HAS_BLOCK
14094,14110,FLOW
14094,14121,FLOW
14094,14209,FLOW
14328,14110,HAS_BLOCK
14110,14133,FLOW
14110,14145,FLOW
14110,14209,FLOW
14328,14121,HAS_BLOCK
14121,14165,FLOW
14121,14148,FLOW
14121,14148,UNWIND
14328,14133,HAS_BLOCK
14133,14162,FLOW
14133,14148,FLOW
14133,14148,UNWIND
14328,14145,HAS_BLOCK
14145,14173,FLOW
14145,14147,FLOW
14145,14147,UNWIND
14328,14162,HAS_BLOCK
14162,14126,FLOW
14328,14173,HAS_BLOCK
14173,14185,FLOW
14173,14147,FLOW
14173,14147,UNWIND
14328,14185,HAS_BLOCK
14185,14188,FLOW
14185,14189,FLOW
14185,14209,FLOW
14328,14188,HAS_BLOCK
14188,14193,FLOW
14188,14195,FLOW
14188,14209,FLOW
14328,14189,HAS_BLOCK
14189,14166,FLOW
14189,14147,FLOW
14189,14147,UNWIND
14328,14193,HAS_BLOCK
14193,14197,FLOW
14193,14147,FLOW
14193,14147,UNWIND
14328,14195,HAS_BLOCK
14195,14198,FLOW
14195,14146,FLOW
14195,14146,UNWIND
14328,14197,HAS_BLOCK
14197,14125,FLOW
14328,14198,HAS_BLOCK
14198,14200,FLOW
14198,14146,FLOW
14198,14146,UNWIND
14328,14200,HAS_BLOCK
14200,14201,FLOW
14200,14202,FLOW
14200,14209,FLOW
14328,14201,HAS_BLOCK
14201,14204,FLOW
14201,14206,FLOW
14201,14209,FLOW
14328,14202,HAS_BLOCK
14202,14167,FLOW
14202,14146,FLOW
14202,14146,UNWIND
14328,14204,HAS_BLOCK
14204,14208,FLOW
14204,14146,FLOW
14204,14146,UNWIND
14328,14206,HAS_BLOCK
14206,14210,FLOW
14206,14143,FLOW
14206,14143,UNWIND
14328,14208,HAS_BLOCK
14208,14124,FLOW
14328,14210,HAS_BLOCK
14210,14212,FLOW
14210,14143,FLOW
14210,14143,UNWIND
14328,14212,HAS_BLOCK
14212,14213,FLOW
14212,14214,FLOW
14212,14209,FLOW
14328,14213,HAS_BLOCK
14213,14216,FLOW
14213,14218,FLOW
14213,14209,FLOW
14328,14214,HAS_BLOCK
14214,14168,FLOW
14214,14143,FLOW
14214,14143,UNWIND
14328,14216,HAS_BLOCK
14216,14220,FLOW
14216,14143,FLOW
14216,14143,UNWIND
14328,14218,HAS_BLOCK
14218,14221,FLOW
14218,14142,FLOW
14218,14142,UNWIND
14328,14220,HAS_BLOCK
14220,14123,FLOW
14328,14221,HAS_BLOCK
14221,14223,FLOW
14221,14142,FLOW
14221,14142,UNWIND
14328,14223,HAS_BLOCK
14223,14224,FLOW
14223,14226,FLOW
14223,14209,FLOW
14328,14224,HAS_BLOCK
14224,14228,FLOW
14224,14230,FLOW
14224,14209,FLOW
14328,14226,HAS_BLOCK
14226,14169,FLOW
14226,14142,FLOW
14226,14142,UNWIND
14328,14228,HAS_BLOCK
14228,14170,FLOW
14228,14142,FLOW
14228,14142,UNWIND
14328,14230,HAS_BLOCK
14230,14151,FLOW
14328,14231,HAS_BLOCK
14231,14233,FLOW
14231,14140,FLOW
14231,14140,UNWIND
14328,14233,HAS_BLOCK
14233,14235,FLOW
14233,14140,FLOW
14233,14140,UNWIND
14328,14235,HAS_BLOCK
14235,14236,FLOW
14235,14237,FLOW
14235,14209,FLOW
14328,14236,HAS_BLOCK
14236,14239,FLOW
14236,14241,FLOW
14236,14209,FLOW
14328,14237,HAS_BLOCK
14237,14171,FLOW
14237,14140,FLOW
14237,14140,UNWIND
14328,14239,HAS_BLOCK
14239,14244,FLOW
14239,14140,FLOW
14239,14140,UNWIND
14328,14241,HAS_BLOCK
14241,14245,FLOW
14241,14139,FLOW
14241,14139,UNWIND
14328,14244,HAS_BLOCK
14244,14119,FLOW
14328,14245,HAS_BLOCK
14245,14247,FLOW
14245,14139,FLOW
14245,14139,UNWIND
14328,14247,HAS_BLOCK
14247,14248,FLOW
14247,14249,FLOW
14247,14209,FLOW
14328,14248,HAS_BLOCK
14248,14251,FLOW
14248,14253,FLOW
14248,14209,FLOW
14328,14249,HAS_BLOCK
14249,14172,FLOW
14249,14139,FLOW
14249,14139,UNWIND
14328,14251,HAS_BLOCK
14251,14255,FLOW
14251,14139,FLOW
14251,14139,UNWIND
14328,14253,HAS_BLOCK
14253,14256,FLOW
14253,14138,FLOW
14253,14138,UNWIND
14328,14255,HAS_BLOCK
14255,14118,FLOW
14328,14256,HAS_BLOCK
14256,14258,FLOW
14256,14138,FLOW
14256,14138,UNWIND
14328,14258,HAS_BLOCK
14258,14261,FLOW
14258,14262,FLOW
14258,14209,FLOW
14328,14261,HAS_BLOCK
14261,14264,FLOW
14261,14266,FLOW
14261,14209,FLOW
14328,14262,HAS_BLOCK
14262,14174,FLOW
14262,14138,FLOW
14262,14138,UNWIND
14328,14264,HAS_BLOCK
14264,14268,FLOW
14264,14138,FLOW
14264,14138,UNWIND
14328,14266,HAS_BLOCK
14266,14269,FLOW
14266,14137,FLOW
14266,14137,UNWIND
14328,14268,HAS_BLOCK
14268,14117,FLOW
14328,14269,HAS_BLOCK
14269,14271,FLOW
14269,14137,FLOW
14269,14137,UNWIND
14328,14271,HAS_BLOCK
14271,14272,FLOW
14271,14273,FLOW
14271,14209,FLOW
14328,14272,HAS_BLOCK
14272,14275,FLOW
14272,14279,FLOW
14272,14209,FLOW
14328,14273,HAS_BLOCK
14273,14175,FLOW
14273,14137,FLOW
14273,14137,UNWIND
14328,14275,HAS_BLOCK
14275,14281,FLOW
14275,14137,FLOW
14275,14137,UNWIND
14328,14279,HAS_BLOCK
14279,14282,FLOW
14279,14136,FLOW
14279,14136,UNWIND
14328,14281,HAS_BLOCK
14281,14116,FLOW
14328,14282,HAS_BLOCK
14282,14284,FLOW
14282,14136,FLOW
14282,14136,UNWIND
14328,14284,HAS_BLOCK
14284,14285,FLOW
14284,14286,FLOW
14284,14209,FLOW
14328,14285,HAS_BLOCK
14285,14288,FLOW
14285,14290,FLOW
14285,14209,FLOW
14328,14286,HAS_BLOCK
14286,14176,FLOW
14286,14136,FLOW
14286,14136,UNWIND
14328,14288,HAS_BLOCK
14288,14292,FLOW
14288,14136,FLOW
14288,14136,UNWIND
14328,14290,HAS_BLOCK
14290,14293,FLOW
14290,14135,FLOW
14290,14135,UNWIND
14328,14292,HAS_BLOCK
14292,14115,FLOW
14328,14293,HAS_BLOCK
14293,14297,FLOW
14293,14135,FLOW
14293,14135,UNWIND
14328,14297,HAS_BLOCK
14297,14298,FLOW
14297,14299,FLOW
14297,14209,FLOW
14328,14298,HAS_BLOCK
14298,14301,FLOW
14298,14303,FLOW
14298,14209,FLOW
14328,14299,HAS_BLOCK
14299,14177,FLOW
14299,14135,FLOW
14299,14135,UNWIND
14328,14301,HAS_BLOCK
14301,14178,FLOW
14301,14135,FLOW
14301,14135,UNWIND
14328,14303,HAS_BLOCK
14303,14153,FLOW
14328,14304,HAS_BLOCK
14304,14306,FLOW
14304,14134,FLOW
14304,14134,UNWIND
14328,14306,HAS_BLOCK
14306,14307,FLOW
14306,14308,FLOW
14306,14209,FLOW
14328,14307,HAS_BLOCK
14307,14310,FLOW
14307,14313,FLOW
14307,14209,FLOW
14328,14308,HAS_BLOCK
14308,14179,FLOW
14308,14134,FLOW
14308,14134,UNWIND
14328,14310,HAS_BLOCK
14310,14180,FLOW
14310,14134,FLOW
14310,14134,UNWIND
14328,14313,HAS_BLOCK
14313,14155,FLOW
14328,14314,HAS_BLOCK
14314,14316,FLOW
14314,14131,FLOW
14314,14131,UNWIND
14328,14316,HAS_BLOCK
14316,14317,FLOW
14316,14318,FLOW
14316,14209,FLOW
14328,14317,HAS_BLOCK
14317,14320,FLOW
14317,14322,FLOW
14317,14209,FLOW
14328,14318,HAS_BLOCK
14318,14181,FLOW
14318,14131,FLOW
14318,14131,UNWIND
14328,14320,HAS_BLOCK
14320,14182,FLOW
14320,14131,FLOW
14320,14131,UNWIND
14328,14322,HAS_BLOCK
14322,14157,FLOW
14328,14323,HAS_BLOCK
14323,14325,FLOW
14323,14130,FLOW
14323,14130,UNWIND
14328,14325,HAS_BLOCK
14325,14326,FLOW
14325,14095,FLOW
14325,14209,FLOW
14328,14326,HAS_BLOCK
14326,14097,FLOW
14326,14099,FLOW
14326,14209,FLOW
14328,14095,HAS_BLOCK
14095,14183,FLOW
14095,14130,FLOW
14095,14130,UNWIND
14328,14097,HAS_BLOCK
14097,14186,FLOW
14097,14130,FLOW
14097,14130,UNWIND
14328,14099,HAS_BLOCK
14099,14159,FLOW
14328,14100,HAS_BLOCK
14100,14102,FLOW
14100,14129,FLOW
14100,14129,UNWIND
14328,14102,HAS_BLOCK
14102,14103,FLOW
14102,14104,FLOW
14102,14209,FLOW
14328,14103,HAS_BLOCK
14103,14107,FLOW
14103,14109,FLOW
14103,14209,FLOW
14328,14104,HAS_BLOCK
14104,14106,FLOW
14104,14129,FLOW
14104,14129,UNWIND
14328,14106,HAS_BLOCK
14106,14111,FLOW
14106,14130,FLOW
14106,14130,UNWIND
14328,14107,HAS_BLOCK
14107,14187,FLOW
14107,14129,FLOW
14107,14129,UNWIND
14328,14109,HAS_BLOCK
14109,14163,FLOW
14328,14111,HAS_BLOCK
14111,14112,FLOW
14111,14131,FLOW
14111,14131,UNWIND
14328,14112,HAS_BLOCK
14112,14113,FLOW
14112,14134,FLOW
14112,14134,UNWIND
14328,14113,HAS_BLOCK
14113,14114,FLOW
14113,14135,FLOW
14113,14135,UNWIND
14328,14114,HAS_BLOCK
14114,14115,FLOW
14114,14136,FLOW
14114,14136,UNWIND
14328,14115,HAS_BLOCK
14115,14116,FLOW
14115,14137,FLOW
14115,14137,UNWIND
14328,14116,HAS_BLOCK
14116,14117,FLOW
14116,14138,FLOW
14116,14138,UNWIND
14328,14117,HAS_BLOCK
14117,14118,FLOW
14117,14139,FLOW
14117,14139,UNWIND
14328,14118,HAS_BLOCK
14118,14119,FLOW
14118,14140,FLOW
14118,14140,UNWIND
14328,14119,HAS_BLOCK
14119,14120,FLOW
14119,14141,FLOW
14119,14141,UNWIND
14328,14120,HAS_BLOCK
14120,14122,FLOW
14120,14142,FLOW
14120,14142,UNWIND
14328,14122,HAS_BLOCK
14122,14123,FLOW
14122,14143,FLOW
14122,14143,UNWIND
14328,14123,HAS_BLOCK
14123,14124,FLOW
14123,14146,FLOW
14123,14146,UNWIND
14328,14124,HAS_BLOCK
14124,14125,FLOW
14124,14147,FLOW
14124,14147,UNWIND
14328,14125,HAS_BLOCK
14125,14126,FLOW
14125,14148,FLOW
14125,14148,UNWIND
14328,14126,HAS_BLOCK
14126,14127,FLOW
14126,14149,FLOW
14126,14149,UNWIND
14328,14127,HAS_BLOCK
14127,14128,FLOW
14328,14128,HAS_BLOCK
14128,14328,RETURN
14328,14129,HAS_BLOCK
14129,14130,FLOW
14328,14130,HAS_BLOCK
14130,14131,FLOW
14328,14131,HAS_BLOCK
14131,14134,FLOW
14328,14134,HAS_BLOCK
14134,14135,FLOW
14328,14135,HAS_BLOCK
14135,14136,FLOW
14328,14136,HAS_BLOCK
14136,14137,FLOW
14328,14137,HAS_BLOCK
14137,14138,FLOW
14328,14138,HAS_BLOCK
14138,14139,FLOW
14328,14139,HAS_BLOCK
14139,14140,FLOW
14328,14140,HAS_BLOCK
14140,14141,FLOW
14328,14141,HAS_BLOCK
14141,14142,FLOW
14328,14142,HAS_BLOCK
14142,14143,FLOW
14328,14143,HAS_BLOCK
14143,14146,FLOW
14328,14146,HAS_BLOCK
14146,14147,FLOW
14328,14147,HAS_BLOCK
14147,14148,FLOW
14328,14148,HAS_BLOCK
14148,14149,FLOW
14328,14149,HAS_BLOCK
14149,14150,FLOW
14328,14150,HAS_BLOCK
14328,14151,HAS_BLOCK
14151,14231,FLOW
14151,14141,FLOW
14151,14141,UNWIND
14328,14153,HAS_BLOCK
14153,14304,FLOW
14153,14134,FLOW
14153,14134,UNWIND
14328,14155,HAS_BLOCK
14155,14314,FLOW
14155,14131,FLOW
14155,14131,UNWIND
14328,14157,HAS_BLOCK
14157,14323,FLOW
14157,14130,FLOW
14157,14130,UNWIND
14328,14159,HAS_BLOCK
14159,14100,FLOW
14159,14129,FLOW
14159,14129,UNWIND
14328,14163,HAS_BLOCK
14163,14128,FLOW
14328,14164,HAS_BLOCK
14164,14127,FLOW
14328,14165,HAS_BLOCK
14165,14126,FLOW
14328,14166,HAS_BLOCK
14166,14125,FLOW
14328,14167,HAS_BLOCK
14167,14124,FLOW
14328,14168,HAS_BLOCK
14168,14123,FLOW
14328,14169,HAS_BLOCK
14169,14122,FLOW
14328,14170,HAS_BLOCK
14170,14151,FLOW
14328,14171,HAS_BLOCK
14171,14119,FLOW
14328,14172,HAS_BLOCK
14172,14118,FLOW
14328,14174,HAS_BLOCK
14174,14117,FLOW
14328,14175,HAS_BLOCK
14175,14116,FLOW
14328,14176,HAS_BLOCK
14176,14115,FLOW
14328,14177,HAS_BLOCK
14177,14114,FLOW
14328,14178,HAS_BLOCK
14178,14153,FLOW
14328,14179,HAS_BLOCK
14179,14113,FLOW
14328,14180,HAS_BLOCK
14180,14155,FLOW
14328,14181,HAS_BLOCK
14181,14112,FLOW
14328,14182,HAS_BLOCK
14182,14157,FLOW
14328,14183,HAS_BLOCK
14183,14111,FLOW
14328,14186,HAS_BLOCK
14186,14159,FLOW
14328,14187,HAS_BLOCK
14187,14163,FLOW
14088,14089,HAS_PARAM
14088,14090,HAS_PARAM
14088,13525,HAS_BLOCK
13525,13526,FLOW
14088,13526,HAS_BLOCK
13526,13689,FLOW
13526,13924,FLOW
13526,13924,UNWIND
14088,13689,HAS_BLOCK
13689,13841,FLOW
13689,13924,FLOW
13689,13924,UNWIND
14088,13841,HAS_BLOCK
13841,14011,FLOW
13841,14026,FLOW
13841,13956,FLOW
14088,13956,HAS_BLOCK
14088,14011,HAS_BLOCK
14011,14057,FLOW
14011,14042,FLOW
14011,13956,FLOW
14088,14026,HAS_BLOCK
14026,13966,FLOW
14026,13924,FLOW
14026,13924,UNWIND
14088,14042,HAS_BLOCK
14042,13669,FLOW
14042,13673,FLOW
14042,13956,FLOW
14088,14057,HAS_BLOCK
14057,13771,FLOW
14057,13755,FLOW
14057,13739,FLOW
14057,13723,FLOW
14057,13706,FLOW
14057,13690,FLOW
14057,13672,FLOW
14057,13655,FLOW
14057,13639,FLOW
14057,13623,FLOW
14057,13607,FLOW
14057,13591,FLOW
14057,13575,FLOW
14057,13559,FLOW
14057,13543,FLOW
14057,13527,FLOW
14057,14072,FLOW
14057,13956,FLOW
14088,14072,HAS_BLOCK
14072,13664,FLOW
14072,13924,FLOW
14072,13924,UNWIND
14088,13527,HAS_BLOCK
13527,13648,FLOW
13527,13924,FLOW
13527,13924,UNWIND
14088,13543,HAS_BLOCK
13543,13632,FLOW
13543,13924,FLOW
13543,13924,UNWIND
14088,13559,HAS_BLOCK
13559,13616,FLOW
13559,13924,FLOW
13559,13924,UNWIND
14088,13575,HAS_BLOCK
13575,13600,FLOW
13575,13924,FLOW
13575,13924,UNWIND
14088,13591,HAS_BLOCK
13591,13584,FLOW
13591,13924,FLOW
13591,13924,UNWIND
14088,13607,HAS_BLOCK
13607,13568,FLOW
13607,13924,FLOW
13607,13924,UNWIND
14088,13623,HAS_BLOCK
13623,13552,FLOW
13623,13924,FLOW
13623,13924,UNWIND
14088,13639,HAS_BLOCK
13639,13536,FLOW
13639,13924,FLOW
13639,13924,UNWIND
14088,13655,HAS_BLOCK
13655,14081,FLOW
13655,13924,FLOW
13655,13924,UNWIND
14088,13672,HAS_BLOCK
13672,14066,FLOW
13672,13924,FLOW
13672,13924,UNWIND
14088,13690,HAS_BLOCK
13690,14051,FLOW
13690,13924,FLOW
13690,13924,UNWIND
14088,13706,HAS_BLOCK
13706,14035,FLOW
13706,13924,FLOW
13706,13924,UNWIND
14088,13723,HAS_BLOCK
13723,14020,FLOW
13723,13924,FLOW
13723,13924,UNWIND
14088,13739,HAS_BLOCK
13739,14005,FLOW
13739,13924,FLOW
13739,13924,UNWIND
14088,13755,HAS_BLOCK
13755,13910,FLOW
13755,13924,FLOW
13755,13924,UNWIND
14088,13771,HAS_BLOCK
13771,13787,FLOW
13771,13924,FLOW
13771,13924,UNWIND
14088,13787,HAS_BLOCK
13787,13828,FLOW
13787,13802,FLOW
14088,13802,HAS_BLOCK
13802,13817,FLOW
13802,13924,FLOW
13802,13924,UNWIND
14088,13817,HAS_BLOCK
13817,13827,FLOW
14088,13828,HAS_BLOCK
13828,13842,FLOW
13828,13924,FLOW
13828,13924,UNWIND
14088,13842,HAS_BLOCK
13842,13854,FLOW
13842,13924,FLOW
13842,13924,UNWIND
14088,13854,HAS_BLOCK
13854,13865,FLOW
13854,13876,FLOW
13854,13956,FLOW
14088,13865,HAS_BLOCK
13865,13888,FLOW
13865,13899,FLOW
13865,13899,UNWIND
14088,13876,HAS_BLOCK
13876,13967,FLOW
13876,13924,FLOW
13876,13924,UNWIND
14088,13888,HAS_BLOCK
13888,13526,FLOW
14088,13899,HAS_BLOCK
13899,13924,FLOW
14088,13910,HAS_BLOCK
13910,13944,FLOW
13910,13921,FLOW
14088,13921,HAS_BLOCK
13921,13933,FLOW
13921,13924,FLOW
13921,13924,UNWIND
14088,13933,HAS_BLOCK
13933,13827,FLOW
14088,13944,HAS_BLOCK
13944,13957,FLOW
13944,13924,FLOW
13944,13924,UNWIND
14088,13957,HAS_BLOCK
13957,13969,FLOW
13957,13924,FLOW
13957,13924,UNWIND
14088,13969,HAS_BLOCK
13969,13980,FLOW
13969,13991,FLOW
13969,13956,FLOW
14088,13980,HAS_BLOCK
13980,14003,FLOW
13980,14004,FLOW
13980,14004,UNWIND
14088,13991,HAS_BLOCK
13991,13970,FLOW
13991,13924,FLOW
13991,13924,UNWIND
14088,14003,HAS_BLOCK
14003,13526,FLOW
14088,14004,HAS_BLOCK
14004,13924,FLOW
14088,14005,HAS_BLOCK
14005,14009,FLOW
14005,14006,FLOW
14088,14006,HAS_BLOCK
14006,14008,FLOW
14006,13924,FLOW
14006,13924,UNWIND
14088,14008,HAS_BLOCK
14008,13827,FLOW
14088,14009,HAS_BLOCK
14009,14012,FLOW
14009,13924,FLOW
14009,13924,UNWIND
14088,14012,HAS_BLOCK
14012,14014,FLOW
14012,13924,FLOW
14012,13924,UNWIND
14088,14014,HAS_BLOCK
14014,14015,FLOW
14014,14016,FLOW
14014,13956,FLOW
14088,14015,HAS_BLOCK
14015,14018,FLOW
14015,14019,FLOW
14015,14019,UNWIND
14088,14016,HAS_BLOCK
14016,13971,FLOW
14016,13924,FLOW
14016,13924,UNWIND
14088,14018,HAS_BLOCK
14018,13526,FLOW
14088,14019,HAS_BLOCK
14019,13924,FLOW
14088,14020,HAS_BLOCK
14020,14024,FLOW
14020,14021,FLOW
14088,14021,HAS_BLOCK
14021,14023,FLOW
14021,13924,FLOW
14021,13924,UNWIND
14088,14023,HAS_BLOCK
14023,13827,FLOW
14088,14024,HAS_BLOCK
14024,14027,FLOW
14024,13924,FLOW
14024,13924,UNWIND
14088,14027,HAS_BLOCK
14027,14029,FLOW
14027,13924,FLOW
14027,13924,UNWIND
14088,14029,HAS_BLOCK
14029,14030,FLOW
14029,14031,FLOW
14029,13956,FLOW
14088,14030,HAS_BLOCK
14030,14033,FLOW
14030,14034,FLOW
14030,14034,UNWIND
14088,14031,HAS_BLOCK
14031,13972,FLOW
14031,13924,FLOW
14031,13924,UNWIND
14088,14033,HAS_BLOCK
14033,13526,FLOW
14088,14034,HAS_BLOCK
14034,13924,FLOW
14088,14035,HAS_BLOCK
14035,14039,FLOW
14035,14036,FLOW
14088,14036,HAS_BLOCK
14036,14038,FLOW
14036,13924,FLOW
14036,13924,UNWIND
14088,14038,HAS_BLOCK
14038,13827,FLOW
14088,14039,HAS_BLOCK
14039,14043,FLOW
14039,13924,FLOW
14039,13924,UNWIND
14088,14043,HAS_BLOCK
14043,14045,FLOW
14043,13924,FLOW
14043,13924,UNWIND
14088,14045,HAS_BLOCK
14045,14046,FLOW
14045,14047,FLOW
14045,13956,FLOW
14088,14046,HAS_BLOCK
14046,14049,FLOW
14046,14050,FLOW
14046,14050,UNWIND
14088,14047,HAS_BLOCK
14047,13973,FLOW
14047,13924,FLOW
14047,13924,UNWIND
14088,14049,HAS_BLOCK
14049,13526,FLOW
14088,14050,HAS_BLOCK
14050,13924,FLOW
14088,14051,HAS_BLOCK
14051,14055,FLOW
14051,14052,FLOW
14088,14052,HAS_BLOCK
14052,14054,FLOW
14052,13924,FLOW
14052,13924,UNWIND
14088,14054,HAS_BLOCK
14054,13827,FLOW
14088,14055,HAS_BLOCK
14055,14058,FLOW
14055,13924,FLOW
14055,13924,UNWIND
14088,14058,HAS_BLOCK
14058,14060,FLOW
14058,13924,FLOW
14058,13924,UNWIND
14088,14060,HAS_BLOCK
14060,14061,FLOW
14060,14062,FLOW
14060,13956,FLOW
14088,14061,HAS_BLOCK
14061,14064,FLOW
14061,14065,FLOW
14061,14065,UNWIND
14088,14062,HAS_BLOCK
14062,13974,FLOW
14062,13924,FLOW
14062,13924,UNWIND
14088,14064,HAS_BLOCK
14064,13526,FLOW
14088,14065,HAS_BLOCK
14065,13924,FLOW
14088,14066,HAS_BLOCK
14066,14070,FLOW
14066,14067,FLOW
14088,14067,HAS_BLOCK
14067,14069,FLOW
14067,13924,FLOW
14067,13924,UNWIND
14088,14069,HAS_BLOCK
14069,13827,FLOW
14088,14070,HAS_BLOCK
14070,14073,FLOW
14070,13924,FLOW
14070,13924,UNWIND
14088,14073,HAS_BLOCK
14073,14075,FLOW
14073,13924,FLOW
14073,13924,UNWIND
14088,14075,HAS_BLOCK
14075,14076,FLOW
14075,14077,FLOW
14075,13956,FLOW
14088,14076,HAS_BLOCK
14076,14079,FLOW
14076,14080,FLOW
14076,14080,UNWIND
14088,14077,HAS_BLOCK
14077,13975,FLOW
14077,13924,FLOW
14077,13924,UNWIND
14088,14079,HAS_BLOCK
14079,13526,FLOW
14088,14080,HAS_BLOCK
14080,13924,FLOW
14088,14081,HAS_BLOCK
14081,14085,FLOW
14081,14082,FLOW
14088,14082,HAS_BLOCK
14082,14084,FLOW
14082,13924,FLOW
14082,13924,UNWIND
14088,14084,HAS_BLOCK
14084,13827,FLOW
14088,14085,HAS_BLOCK
14085,13528,FLOW
14085,13924,FLOW
14085,13924,UNWIND
14088,13528,HAS_BLOCK
13528,13530,FLOW
13528,13924,FLOW
13528,13924,UNWIND
14088,13530,HAS_BLOCK
13530,13531,FLOW
13530,13532,FLOW
13530,13956,FLOW
14088,13531,HAS_BLOCK
13531,13534,FLOW
13531,13535,FLOW
13531,13535,UNWIND
14088,13532,HAS_BLOCK
13532,13976,FLOW
13532,13924,FLOW
13532,13924,UNWIND
14088,13534,HAS_BLOCK
13534,13526,FLOW
14088,13535,HAS_BLOCK
13535,13924,FLOW
14088,13536,HAS_BLOCK
13536,13540,FLOW
13536,13537,FLOW
14088,13537,HAS_BLOCK
13537,13539,FLOW
13537,13924,FLOW
13537,13924,UNWIND
14088,13539,HAS_BLOCK
13539,13827,FLOW
14088,13540,HAS_BLOCK
13540,13544,FLOW
13540,13924,FLOW
13540,13924,UNWIND
14088,13544,HAS_BLOCK
13544,13546,FLOW
13544,13924,FLOW
13544,13924,UNWIND
14088,13546,HAS_BLOCK
13546,13547,FLOW
13546,13548,FLOW
13546,13956,FLOW
14088,13547,HAS_BLOCK
13547,13550,FLOW
13547,13551,FLOW
13547,13551,UNWIND
14088,13548,HAS_BLOCK
13548,13977,FLOW
13548,13924,FLOW
13548,13924,UNWIND
14088,13550,HAS_BLOCK
13550,13526,FLOW
14088,13551,HAS_BLOCK
13551,13924,FLOW
14088,13552,HAS_BLOCK
13552,13556,FLOW
13552,13553,FLOW
14088,13553,HAS_BLOCK
13553,13555,FLOW
13553,13924,FLOW
13553,13924,UNWIND
14088,13555,HAS_BLOCK
13555,13827,FLOW
14088,13556,HAS_BLOCK
13556,13560,FLOW
13556,13924,FLOW
13556,13924,UNWIND
14088,13560,HAS_BLOCK
13560,13562,FLOW
13560,13924,FLOW
13560,13924,UNWIND
14088,13562,HAS_BLOCK
13562,13563,FLOW
13562,13564,FLOW
13562,13956,FLOW
14088,13563,HAS_BLOCK
13563,13566,FLOW
13563,13567,FLOW
13563,13567,UNWIND
14088,13564,HAS_BLOCK
13564,13978,FLOW
13564,13924,FLOW
13564,13924,UNWIND
14088,13566,HAS_BLOCK
13566,13526,FLOW
14088,13567,HAS_BLOCK
13567,13924,FLOW
14088,13568,HAS_BLOCK
13568,13572,FLOW
13568,13569,FLOW
14088,13569,HAS_BLOCK
13569,13571,FLOW
13569,13924,FLOW
13569,13924,UNWIND
14088,13571,HAS_BLOCK
13571,13827,FLOW
14088,13572,HAS_BLOCK
13572,13576,FLOW
13572,13924,FLOW
13572,13924,UNWIND
14088,13576,HAS_BLOCK
13576,13578,FLOW
13576,13924,FLOW
13576,13924,UNWIND
14088,13578,HAS_BLOCK
13578,13579,FLOW
13578,13580,FLOW
13578,13956,FLOW
14088,13579,HAS_BLOCK
13579,13582,FLOW
13579,13583,FLOW
13579,13583,UNWIND
14088,13580,HAS_BLOCK
13580,13979,FLOW
13580,13924,FLOW
13580,13924,UNWIND
14088,13582,HAS_BLOCK
13582,13526,FLOW
14088,13583,HAS_BLOCK
13583,13924,FLOW
14088,13584,HAS_BLOCK
13584,13588,FLOW
13584,13585,FLOW
14088,13585,HAS_BLOCK
13585,13587,FLOW
13585,13924,FLOW
13585,13924,UNWIND
14088,13587,HAS_BLOCK
13587,13827,FLOW
14088,13588,HAS_BLOCK
13588,13592,FLOW
13588,13924,FLOW
13588,13924,UNWIND
14088,13592,HAS_BLOCK
13592,13594,FLOW
13592,13924,FLOW
13592,13924,UNWIND
14088,13594,HAS_BLOCK
13594,13595,FLOW
13594,13596,FLOW
13594,13956,FLOW
14088,13595,HAS_BLOCK
13595,13598,FLOW
13595,13599,FLOW
13595,13599,UNWIND
14088,13596,HAS_BLOCK
13596,13981,FLOW
13596,13924,FLOW
13596,13924,UNWIND
14088,13598,HAS_BLOCK
13598,13526,FLOW
14088,13599,HAS_BLOCK
13599,13924,FLOW
14088,13600,HAS_BLOCK
13600,13604,FLOW
13600,13601,FLOW
14088,13601,HAS_BLOCK
13601,13603,FLOW
13601,13924,FLOW
13601,13924,UNWIND
14088,13603,HAS_BLOCK
13603,13827,FLOW
14088,13604,HAS_BLOCK
13604,13608,FLOW
13604,13924,FLOW
13604,13924,UNWIND
14088,13608,HAS_BLOCK
13608,13610,FLOW
13608,13924,FLOW
13608,13924,UNWIND
14088,13610,HAS_BLOCK
13610,13611,FLOW
13610,13612,FLOW
13610,13956,FLOW
14088,13611,HAS_BLOCK
13611,13614,FLOW
13611,13615,FLOW
13611,13615,UNWIND
14088,13612,HAS_BLOCK
13612,13982,FLOW
13612,13924,FLOW
13612,13924,UNWIND
14088,13614,HAS_BLOCK
13614,13526,FLOW
14088,13615,HAS_BLOCK
13615,13924,FLOW
14088,13616,HAS_BLOCK
13616,13620,FLOW
13616,13617,FLOW
14088,13617,HAS_BLOCK
13617,13619,FLOW
13617,13924,FLOW
13617,13924,UNWIND
14088,13619,HAS_BLOCK
13619,13827,FLOW
14088,13620,HAS_BLOCK
13620,13624,FLOW
13620,13924,FLOW
13620,13924,UNWIND
14088,13624,HAS_BLOCK
13624,13626,FLOW
13624,13924,FLOW
13624,13924,UNWIND
14088,13626,HAS_BLOCK
13626,13627,FLOW
13626,13628,FLOW
13626,13956,FLOW
14088,13627,HAS_BLOCK
13627,13630,FLOW
13627,13631,FLOW
13627,13631,UNWIND
14088,13628,HAS_BLOCK
13628,13983,FLOW
13628,13924,FLOW
13628,13924,UNWIND
14088,13630,HAS_BLOCK
13630,13526,FLOW
14088,13631,HAS_BLOCK
13631,13924,FLOW
14088,13632,HAS_BLOCK
13632,13636,FLOW
13632,13633,FLOW
14088,13633,HAS_BLOCK
13633,13635,FLOW
13633,13924,FLOW
13633,13924,UNWIND
14088,13635,HAS_BLOCK
13635,13827,FLOW
14088,13636,HAS_BLOCK
13636,13640,FLOW
13636,13924,FLOW
13636,13924,UNWIND
14088,13640,HAS_BLOCK
13640,13642,FLOW
13640,13924,FLOW
13640,13924,UNWIND
14088,13642,HAS_BLOCK
13642,13643,FLOW
13642,13644,FLOW
13642,13956,FLOW
14088,13643,HAS_BLOCK
13643,13646,FLOW
13643,13647,FLOW
13643,13647,UNWIND
14088,13644,HAS_BLOCK
13644,13984,FLOW
13644,13924,FLOW
13644,13924,UNWIND
14088,13646,HAS_BLOCK
13646,13526,FLOW
14088,13647,HAS_BLOCK
13647,13924,FLOW
14088,13648,HAS_BLOCK
13648,13652,FLOW
13648,13649,FLOW
14088,13649,HAS_BLOCK
13649,13651,FLOW
13649,13924,FLOW
13649,13924,UNWIND
14088,13651,HAS_BLOCK
13651,13827,FLOW
14088,13652,HAS_BLOCK
13652,13656,FLOW
13652,13924,FLOW
13652,13924,UNWIND
14088,13656,HAS_BLOCK
13656,13658,FLOW
13656,13924,FLOW
13656,13924,UNWIND
14088,13658,HAS_BLOCK
13658,13659,FLOW
13658,13660,FLOW
13658,13956,FLOW
14088,13659,HAS_BLOCK
13659,13662,FLOW
13659,13663,FLOW
13659,13663,UNWIND
14088,13660,HAS_BLOCK
13660,13985,FLOW
13660,13924,FLOW
13660,13924,UNWIND
14088,13662,HAS_BLOCK
13662,13526,FLOW
14088,13663,HAS_BLOCK
13663,13924,FLOW
14088,13664,HAS_BLOCK
13664,13666,FLOW
13664,13924,FLOW
13664,13924,UNWIND
14088,13666,HAS_BLOCK
13666,13526,FLOW
13666,13667,FLOW
13666,13956,FLOW
14088,13667,HAS_BLOCK
13667,13986,FLOW
13667,13924,FLOW
13667,13924,UNWIND
14088,13669,HAS_BLOCK
13669,13674,FLOW
13669,13924,FLOW
13669,13924,UNWIND
14088,13673,HAS_BLOCK
13673,13680,FLOW
14088,13674,HAS_BLOCK
13674,13676,FLOW
13674,13924,FLOW
13674,13924,UNWIND
14088,13676,HAS_BLOCK
13676,13677,FLOW
13676,13678,FLOW
13676,13956,FLOW
14088,13677,HAS_BLOCK
13677,13680,FLOW
14088,13678,HAS_BLOCK
13678,13987,FLOW
13678,13924,FLOW
13678,13924,UNWIND
14088,13680,HAS_BLOCK
13680,13681,FLOW
13680,13683,FLOW
13680,13956,FLOW
14088,13681,HAS_BLOCK
13681,13684,FLOW
13681,13920,FLOW
13681,13920,UNWIND
14088,13683,HAS_BLOCK
13683,13694,FLOW
14088,13684,HAS_BLOCK
13684,13686,FLOW
13684,13920,FLOW
13684,13920,UNWIND
14088,13686,HAS_BLOCK
13686,13691,FLOW
13686,13692,FLOW
13686,13956,FLOW
14088,13691,HAS_BLOCK
13691,13694,FLOW
14088,13692,HAS_BLOCK
13692,13988,FLOW
13692,13920,FLOW
13692,13920,UNWIND
14088,13694,HAS_BLOCK
13694,13695,FLOW
13694,13697,FLOW
13694,13956,FLOW
14088,13695,HAS_BLOCK
13695,13698,FLOW
13695,13918,FLOW
13695,13918,UNWIND
14088,13697,HAS_BLOCK
13697,13704,FLOW
14088,13698,HAS_BLOCK
13698,13700,FLOW
13698,13918,FLOW
13698,13918,UNWIND
14088,13700,HAS_BLOCK
13700,13701,FLOW
13700,13702,FLOW
13700,13956,FLOW
14088,13701,HAS_BLOCK
13701,13704,FLOW
14088,13702,HAS_BLOCK
13702,13989,FLOW
13702,13918,FLOW
13702,13918,UNWIND
14088,13704,HAS_BLOCK
13704,13707,FLOW
13704,13709,FLOW
13704,13956,FLOW
14088,13707,HAS_BLOCK
13707,13710,FLOW
13707,13916,FLOW
13707,13916,UNWIND
14088,13709,HAS_BLOCK
13709,13716,FLOW
14088,13710,HAS_BLOCK
13710,13712,FLOW
13710,13916,FLOW
13710,13916,UNWIND
14088,13712,HAS_BLOCK
13712,13713,FLOW
13712,13714,FLOW
13712,13956,FLOW
14088,13713,HAS_BLOCK
13713,13716,FLOW
14088,13714,HAS_BLOCK
13714,13990,FLOW
13714,13916,FLOW
13714,13916,UNWIND
14088,13716,HAS_BLOCK
13716,13717,FLOW
13716,13719,FLOW
13716,13956,FLOW
14088,13717,HAS_BLOCK
13717,13720,FLOW
13717,13914,FLOW
13717,13914,UNWIND
14088,13719,HAS_BLOCK
13719,13728,FLOW
14088,13720,HAS_BLOCK
13720,13724,FLOW
13720,13914,FLOW
13720,13914,UNWIND
14088,13724,HAS_BLOCK
13724,13725,FLOW
13724,13726,FLOW
13724,13956,FLOW
14088,13725,HAS_BLOCK
13725,13728,FLOW
14088,13726,HAS_BLOCK
13726,13992,FLOW
13726,13914,FLOW
13726,13914,UNWIND
14088,13728,HAS_BLOCK
13728,13729,FLOW
13728,13731,FLOW
13728,13956,FLOW
14088,13729,HAS_BLOCK
13729,13870,FLOW
13729,13912,FLOW
13729,13912,UNWIND
14088,13731,HAS_BLOCK
13731,13732,FLOW
14088,13732,HAS_BLOCK
13732,13733,FLOW
13732,13735,FLOW
13732,13956,FLOW
14088,13733,HAS_BLOCK
13733,13736,FLOW
13733,13909,FLOW
13733,13909,UNWIND
14088,13735,HAS_BLOCK
13735,13744,FLOW
14088,13736,HAS_BLOCK
13736,13740,FLOW
13736,13909,FLOW
13736,13909,UNWIND
14088,13740,HAS_BLOCK
13740,13741,FLOW
13740,13742,FLOW
13740,13956,FLOW
14088,13741,HAS_BLOCK
13741,13744,FLOW
14088,13742,HAS_BLOCK
13742,13993,FLOW
13742,13909,FLOW
13742,13909,UNWIND
14088,13744,HAS_BLOCK
13744,13745,FLOW
13744,13747,FLOW
13744,13956,FLOW
14088,13745,HAS_BLOCK
13745,13748,FLOW
13745,13856,FLOW
13745,13856,UNWIND
14088,13747,HAS_BLOCK
13747,13756,FLOW
14088,13748,HAS_BLOCK
13748,13750,FLOW
13748,13856,FLOW
13748,13856,UNWIND
14088,13750,HAS_BLOCK
13750,13751,FLOW
13750,13752,FLOW
13750,13956,FLOW
14088,13751,HAS_BLOCK
13751,13756,FLOW
14088,13752,HAS_BLOCK
13752,13994,FLOW
13752,13856,FLOW
13752,13856,UNWIND
14088,13756,HAS_BLOCK
13756,13757,FLOW
13756,13759,FLOW
13756,13956,FLOW
14088,13757,HAS_BLOCK
13757,13760,FLOW
13757,13855,FLOW
13757,13855,UNWIND
14088,13759,HAS_BLOCK
13759,13766,FLOW
14088,13760,HAS_BLOCK
13760,13762,FLOW
13760,13855,FLOW
13760,13855,UNWIND
14088,13762,HAS_BLOCK
13762,13763,FLOW
13762,13764,FLOW
13762,13956,FLOW
14088,13763,HAS_BLOCK
13763,13766,FLOW
14088,13764,HAS_BLOCK
13764,13995,FLOW
13764,13855,FLOW
13764,13855,UNWIND
14088,13766,HAS_BLOCK
13766,13767,FLOW
13766,13769,FLOW
13766,13956,FLOW
14088,13767,HAS_BLOCK
13767,13772,FLOW
13767,13852,FLOW
13767,13852,UNWIND
14088,13769,HAS_BLOCK
13769,13778,FLOW
14088,13772,HAS_BLOCK
13772,13774,FLOW
13772,13852,FLOW
13772,13852,UNWIND
14088,13774,HAS_BLOCK
13774,13775,FLOW
13774,13776,FLOW
13774,13956,FLOW
14088,13775,HAS_BLOCK
13775,13778,FLOW
14088,13776,HAS_BLOCK
13776,13996,FLOW
13776,13852,FLOW
13776,13852,UNWIND
14088,13778,HAS_BLOCK
13778,13779,FLOW
13778,13781,FLOW
13778,13956,FLOW
14088,13779,HAS_BLOCK
13779,13782,FLOW
13779,13851,FLOW
13779,13851,UNWIND
14088,13781,HAS_BLOCK
13781,13791,FLOW
14088,13782,HAS_BLOCK
13782,13784,FLOW
13782,13851,FLOW
13782,13851,UNWIND
14088,13784,HAS_BLOCK
13784,13785,FLOW
13784,13788,FLOW
13784,13956,FLOW
14088,13785,HAS_BLOCK
13785,13791,FLOW
14088,13788,HAS_BLOCK
13788,13790,FLOW
13788,13851,FLOW
13788,13851,UNWIND
14088,13790,HAS_BLOCK
13790,13815,FLOW
13790,13852,FLOW
13790,13852,UNWIND
14088,13791,HAS_BLOCK
13791,13792,FLOW
13791,13794,FLOW
13791,13956,FLOW
14088,13792,HAS_BLOCK
13792,13997,FLOW
13792,13850,FLOW
13792,13850,UNWIND
14088,13794,HAS_BLOCK
13794,13795,FLOW
14088,13795,HAS_BLOCK
13795,13796,FLOW
13795,13798,FLOW
13795,13956,FLOW
14088,13796,HAS_BLOCK
13796,13998,FLOW
13796,13849,FLOW
13796,13849,UNWIND
14088,13798,HAS_BLOCK
13798,13799,FLOW
14088,13799,HAS_BLOCK
13799,13800,FLOW
13799,13803,FLOW
13799,13956,FLOW
14088,13800,HAS_BLOCK
13800,13999,FLOW
13800,13848,FLOW
13800,13848,UNWIND
14088,13803,HAS_BLOCK
13803,13804,FLOW
14088,13804,HAS_BLOCK
13804,13805,FLOW
13804,13807,FLOW
13804,13956,FLOW
14088,13805,HAS_BLOCK
13805,14000,FLOW
13805,13847,FLOW
13805,13847,UNWIND
14088,13807,HAS_BLOCK
13807,13808,FLOW
14088,13808,HAS_BLOCK
13808,13809,FLOW
13808,13811,FLOW
13808,13956,FLOW
14088,13809,HAS_BLOCK
13809,14001,FLOW
13809,13846,FLOW
13809,13846,UNWIND
14088,13811,HAS_BLOCK
13811,13812,FLOW
14088,13812,HAS_BLOCK
13812,13814,FLOW
13812,13835,FLOW
13812,13835,UNWIND
14088,13814,HAS_BLOCK
13814,13834,FLOW
14088,13815,HAS_BLOCK
13815,13818,FLOW
13815,13855,FLOW
13815,13855,UNWIND
14088,13818,HAS_BLOCK
13818,13819,FLOW
13818,13856,FLOW
13818,13856,UNWIND
14088,13819,HAS_BLOCK
13819,13820,FLOW
13819,13909,FLOW
13819,13909,UNWIND
14088,13820,HAS_BLOCK
13820,13821,FLOW
13820,13912,FLOW
13820,13912,UNWIND
14088,13821,HAS_BLOCK
13821,13822,FLOW
13821,13914,FLOW
13821,13914,UNWIND
14088,13822,HAS_BLOCK
13822,13823,FLOW
13822,13916,FLOW
13822,13916,UNWIND
14088,13823,HAS_BLOCK
13823,13824,FLOW
13823,13918,FLOW
13823,13918,UNWIND
14088,13824,HAS_BLOCK
13824,13825,FLOW
13824,13920,FLOW
13824,13920,UNWIND
14088,13825,HAS_BLOCK
13825,13826,FLOW
13825,13924,FLOW
13825,13924,UNWIND
14088,13826,HAS_BLOCK
13826,13827,FLOW
14088,13827,HAS_BLOCK
13827,13829,FLOW
13827,13927,FLOW
13827,13927,UNWIND
14088,13829,HAS_BLOCK
13829,13830,FLOW
13829,13930,FLOW
13829,13930,UNWIND
14088,13830,HAS_BLOCK
13830,13831,FLOW
13830,13935,FLOW
13830,13935,UNWIND
14088,13831,HAS_BLOCK
13831,13832,FLOW
13831,13938,FLOW
13831,13938,UNWIND
14088,13832,HAS_BLOCK
13832,13833,FLOW
13832,13941,FLOW
13832,13941,UNWIND
14088,13833,HAS_BLOCK
13833,13872,FLOW
13833,13871,FLOW
13833,13956,FLOW
14088,13834,HAS_BLOCK
13834,14088,RETURN
14088,13835,HAS_BLOCK
13835,13836,FLOW
14088,13836,HAS_BLOCK
13836,13837,FLOW
14088,13837,HAS_BLOCK
13837,13838,FLOW
14088,13838,HAS_BLOCK
13838,13843,FLOW
14088,13843,HAS_BLOCK
13843,13844,FLOW
14088,13844,HAS_BLOCK
13844,13845,FLOW
14088,13845,HAS_BLOCK
13845,13846,FLOW
14088,13846,HAS_BLOCK
13846,13847,FLOW
14088,13847,HAS_BLOCK
13847,13848,FLOW
14088,13848,HAS_BLOCK
13848,13849,FLOW
14088,13849,HAS_BLOCK
13849,13850,FLOW
14088,13850,HAS_BLOCK
13850,13851,FLOW
14088,13851,HAS_BLOCK
13851,13852,FLOW
14088,13852,HAS_BLOCK
13852,13855,FLOW
14088,13855,HAS_BLOCK
13855,13856,FLOW
14088,13856,HAS_BLOCK
13856,13909,FLOW
14088,13857,HAS_BLOCK
13857,13942,FLOW
13857,13858,FLOW
14088,13858,HAS_BLOCK
13858,13945,FLOW
13858,13859,FLOW
14088,13859,HAS_BLOCK
13859,13947,FLOW
13859,13860,FLOW
14088,13860,HAS_BLOCK
13860,13949,FLOW
13860,13861,FLOW
14088,13861,HAS_BLOCK
13861,13951,FLOW
13861,13862,FLOW
14088,13862,HAS_BLOCK
13862,13953,FLOW
13862,13863,FLOW
14088,13863,HAS_BLOCK
13863,13958,FLOW
13863,13864,FLOW
14088,13864,HAS_BLOCK
13864,13960,FLOW
13864,13866,FLOW
14088,13866,HAS_BLOCK
13866,13962,FLOW
13866,13867,FLOW
14088,13867,HAS_BLOCK
13867,13964,FLOW
13867,13868,FLOW
14088,13868,HAS_BLOCK
13868,13869,FLOW
14088,13869,HAS_BLOCK
14088,13870,HAS_BLOCK
13870,13732,FLOW
14088,13871,HAS_BLOCK
13871,13875,FLOW
13871,13874,FLOW
13871,13956,FLOW
14088,13872,HAS_BLOCK
13872,13871,FLOW
13872,13873,FLOW
14088,13873,HAS_BLOCK
13873,13871,FLOW
13873,13857,FLOW
13873,13857,UNWIND
14088,13874,HAS_BLOCK
13874,13879,FLOW
13874,13878,FLOW
13874,13956,FLOW
14088,13875,HAS_BLOCK
13875,13874,FLOW
13875,13877,FLOW
14088,13877,HAS_BLOCK
13877,13874,FLOW
13877,13858,FLOW
13877,13858,UNWIND
14088,13878,HAS_BLOCK
13878,13882,FLOW
13878,13881,FLOW
13878,13956,FLOW
14088,13879,HAS_BLOCK
13879,13878,FLOW
13879,13880,FLOW
14088,13880,HAS_BLOCK
13880,13878,FLOW
13880,13859,FLOW
13880,13859,UNWIND
14088,13881,HAS_BLOCK
13881,13885,FLOW
13881,13884,FLOW
13881,13956,FLOW
14088,13882,HAS_BLOCK
13882,13881,FLOW
13882,13883,FLOW
14088,13883,HAS_BLOCK
13883,13881,FLOW
13883,13860,FLOW
13883,13860,UNWIND
14088,13884,HAS_BLOCK
13884,13890,FLOW
13884,13889,FLOW
13884,13956,FLOW
14088,13885,HAS_BLOCK
13885,13884,FLOW
13885,13886,FLOW
14088,13886,HAS_BLOCK
13886,13884,FLOW
13886,13861,FLOW
13886,13861,UNWIND
14088,13889,HAS_BLOCK
13889,13893,FLOW
13889,13892,FLOW
13889,13956,FLOW
14088,13890,HAS_BLOCK
13890,13889,FLOW
13890,13891,FLOW
14088,13891,HAS_BLOCK
13891,13889,FLOW
13891,13862,FLOW
13891,13862,UNWIND
14088,13892,HAS_BLOCK
13892,13896,FLOW
13892,13895,FLOW
13892,13956,FLOW
14088,13893,HAS_BLOCK
13893,13892,FLOW
13893,13894,FLOW
14088,13894,HAS_BLOCK
13894,13892,FLOW
13894,13863,FLOW
13894,13863,UNWIND
14088,13895,HAS_BLOCK
13895,13900,FLOW
13895,13898,FLOW
13895,13956,FLOW
14088,13896,HAS_BLOCK
13896,13895,FLOW
13896,13897,FLOW
14088,13897,HAS_BLOCK
13897,13895,FLOW
13897,13864,FLOW
13897,13864,UNWIND
14088,13898,HAS_BLOCK
13898,13903,FLOW
13898,13902,FLOW
13898,13956,FLOW
14088,13900,HAS_BLOCK
13900,13898,FLOW
13900,13901,FLOW
14088,13901,HAS_BLOCK
13901,13898,FLOW
13901,13866,FLOW
13901,13866,UNWIND
14088,13902,HAS_BLOCK
13902,13906,FLOW
13902,13905,FLOW
13902,13956,FLOW
14088,13903,HAS_BLOCK
13903,13902,FLOW
13903,13904,FLOW
14088,13904,HAS_BLOCK
13904,13902,FLOW
13904,13867,FLOW
13904,13867,UNWIND
14088,13905,HAS_BLOCK
13905,13834,FLOW
14088,13906,HAS_BLOCK
13906,13905,FLOW
13906,13907,FLOW
14088,13907,HAS_BLOCK
13907,13905,FLOW
13907,13868,FLOW
13907,13868,UNWIND
14088,13908,HAS_BLOCK
13908,13912,FLOW
14088,13909,HAS_BLOCK
13909,13912,FLOW
13909,13908,FLOW
14088,13911,HAS_BLOCK
13911,13914,FLOW
14088,13912,HAS_BLOCK
13912,13914,FLOW
13912,13911,FLOW
14088,13913,HAS_BLOCK
13913,13916,FLOW
14088,13914,HAS_BLOCK
13914,13916,FLOW
13914,13913,FLOW
14088,13915,HAS_BLOCK
13915,13918,FLOW
14088,13916,HAS_BLOCK
13916,13918,FLOW
13916,13915,FLOW
14088,13917,HAS_BLOCK
13917,13920,FLOW
14088,13918,HAS_BLOCK
13918,13920,FLOW
13918,13917,FLOW
14088,13919,HAS_BLOCK
13919,13924,FLOW
14088,13920,HAS_BLOCK
13920,13924,FLOW
13920,13919,FLOW
14088,13922,HAS_BLOCK
13922,13927,FLOW
13922,13923,FLOW
14088,13923,HAS_BLOCK
13923,13927,FLOW
14088,13924,HAS_BLOCK
13924,13922,FLOW
13924,13927,FLOW
14088,13925,HAS_BLOCK
13925,13930,FLOW
13925,13926,FLOW
14088,13926,HAS_BLOCK
13926,13930,FLOW
14088,13927,HAS_BLOCK
13927,13925,FLOW
13927,13930,FLOW
14088,13928,HAS_BLOCK
13928,13935,FLOW
13928,13929,FLOW
14088,13929,HAS_BLOCK
13929,13935,FLOW
14088,13930,HAS_BLOCK
13930,13928,FLOW
13930,13935,FLOW
14088,13931,HAS_BLOCK
13931,13938,FLOW
13931,13934,FLOW
14088,13934,HAS_BLOCK
13934,13938,FLOW
14088,13935,HAS_BLOCK
13935,13931,FLOW
13935,13938,FLOW
14088,13936,HAS_BLOCK
13936,13941,FLOW
13936,13937,FLOW
14088,13937,HAS_BLOCK
13937,13941,FLOW
14088,13938,HAS_BLOCK
13938,13936,FLOW
13938,13941,FLOW
14088,13939,HAS_BLOCK
13939,13857,FLOW
13939,13940,FLOW
14088,13940,HAS_BLOCK
13940,13857,FLOW
14088,13941,HAS_BLOCK
13941,13939,FLOW
13941,13857,FLOW
14088,13942,HAS_BLOCK
13942,13858,FLOW
13942,13943,FLOW
14088,13943,HAS_BLOCK
13943,13858,FLOW
14088,13945,HAS_BLOCK
13945,13859,FLOW
13945,13946,FLOW
14088,13946,HAS_BLOCK
13946,13859,FLOW
14088,13947,HAS_BLOCK
13947,13860,FLOW
13947,13948,FLOW
14088,13948,HAS_BLOCK
13948,13860,FLOW
14088,13949,HAS_BLOCK
13949,13861,FLOW
13949,13950,FLOW
14088,13950,HAS_BLOCK
13950,13861,FLOW
14088,13951,HAS_BLOCK
13951,13862,FLOW
13951,13952,FLOW
14088,13952,HAS_BLOCK
13952,13862,FLOW
14088,13953,HAS_BLOCK
13953,13863,FLOW
13953,13954,FLOW
14088,13954,HAS_BLOCK
13954,13863,FLOW
14088,13958,HAS_BLOCK
13958,13864,FLOW
13958,13959,FLOW
14088,13959,HAS_BLOCK
13959,13864,FLOW
14088,13960,HAS_BLOCK
13960,13866,FLOW
13960,13961,FLOW
14088,13961,HAS_BLOCK
13961,13866,FLOW
14088,13962,HAS_BLOCK
13962,13867,FLOW
13962,13963,FLOW
14088,13963,HAS_BLOCK
13963,13867,FLOW
14088,13964,HAS_BLOCK
13964,13868,FLOW
13964,13965,FLOW
14088,13965,HAS_BLOCK
13965,13868,FLOW
14088,13966,HAS_BLOCK
13966,13827,FLOW
14088,13967,HAS_BLOCK
13967,13827,FLOW
14088,13970,HAS_BLOCK
13970,13827,FLOW
14088,13971,HAS_BLOCK
13971,13827,FLOW
14088,13972,HAS_BLOCK
13972,13827,FLOW
14088,13973,HAS_BLOCK
13973,13827,FLOW
14088,13974,HAS_BLOCK
13974,13827,FLOW
14088,13975,HAS_BLOCK
13975,13827,FLOW
14088,13976,HAS_BLOCK
13976,13827,FLOW
14088,13977,HAS_BLOCK
13977,13827,FLOW
14088,13978,HAS_BLOCK
13978,13827,FLOW
14088,13979,HAS_BLOCK
13979,13827,FLOW
14088,13981,HAS_BLOCK
13981,13827,FLOW
14088,13982,HAS_BLOCK
13982,13827,FLOW
14088,13983,HAS_BLOCK
13983,13827,FLOW
14088,13984,HAS_BLOCK
13984,13827,FLOW
14088,13985,HAS_BLOCK
13985,13827,FLOW
14088,13986,HAS_BLOCK
13986,13827,FLOW
14088,13987,HAS_BLOCK
13987,13826,FLOW
14088,13988,HAS_BLOCK
13988,13825,FLOW
14088,13989,HAS_BLOCK
13989,13824,FLOW
14088,13990,HAS_BLOCK
13990,13823,FLOW
14088,13992,HAS_BLOCK
13992,13822,FLOW
14088,13993,HAS_BLOCK
13993,13820,FLOW
14088,13994,HAS_BLOCK
13994,13819,FLOW
14088,13995,HAS_BLOCK
13995,13818,FLOW
14088,13996,HAS_BLOCK
13996,13815,FLOW
14088,13997,HAS_BLOCK
13997,13795,FLOW
14088,13998,HAS_BLOCK
13998,13799,FLOW
14088,13999,HAS_BLOCK
13999,13804,FLOW
14088,14000,HAS_BLOCK
14000,13808,FLOW
14088,14001,HAS_BLOCK
14001,13812,FLOW
18777,18725,HAS_BLOCK
18725,18727,FLOW
18777,18727,HAS_BLOCK
18727,18746,FLOW
18727,18762,FLOW
18727,18762,UNWIND
18777,18746,HAS_BLOCK
18746,18758,FLOW
18746,18761,FLOW
18746,18761,UNWIND
18777,18758,HAS_BLOCK
18758,18765,FLOW
18758,18760,FLOW
18758,18760,UNWIND
18758,18501,CALL
18777,18765,HAS_BLOCK
18765,18767,FLOW
18765,18759,FLOW
18765,18759,UNWIND
18765,18501,CALL
18777,18767,HAS_BLOCK
18767,18769,FLOW
18767,18756,FLOW
18767,18756,UNWIND
18767,18501,CALL
18777,18769,HAS_BLOCK
18769,18771,FLOW
18769,18755,FLOW
18769,18755,UNWIND
18777,18771,HAS_BLOCK
18771,18773,FLOW
18771,18754,FLOW
18771,18754,UNWIND
18771,18197,CALL
18777,18773,HAS_BLOCK
18773,18775,FLOW
18773,18753,FLOW
18773,18753,UNWIND
18773,18197,CALL
18777,18775,HAS_BLOCK
18775,18728,FLOW
18775,18752,FLOW
18775,18752,UNWIND
18775,18197,CALL
18777,18728,HAS_BLOCK
18728,18730,FLOW
18728,18751,FLOW
18728,18751,UNWIND
18728,18197,CALL
18777,18730,HAS_BLOCK
18730,18732,FLOW
18730,18750,FLOW
18730,18750,UNWIND
18730,18197,CALL
18777,18732,HAS_BLOCK
18732,18734,FLOW
18732,18749,FLOW
18732,18749,UNWIND
18732,18197,CALL
18777,18734,HAS_BLOCK
18734,18736,FLOW
18734,18748,FLOW
18734,18748,UNWIND
18734,18197,CALL
18777,18736,HAS_BLOCK
18736,18738,FLOW
18736,18747,FLOW
18736,18747,UNWIND
18736,18197,CALL
18777,18738,HAS_BLOCK
18738,18740,FLOW
18738,18744,FLOW
18738,18744,UNWIND
18777,18740,HAS_BLOCK
18740,18742,FLOW
18740,18743,FLOW
18740,18743,UNWIND
18777,18742,HAS_BLOCK
18742,18777,RETURN
18777,18743,HAS_BLOCK
18743,18744,FLOW
18777,18744,HAS_BLOCK
18744,18747,FLOW
18777,18747,HAS_BLOCK
18747,18748,FLOW
18777,18748,HAS_BLOCK
18748,18749,FLOW
18777,18749,HAS_BLOCK
18749,18750,FLOW
18777,18750,HAS_BLOCK
18750,18751,FLOW
18777,18751,HAS_BLOCK
18751,18752,FLOW
18777,18752,HAS_BLOCK
18752,18753,FLOW
18777,18753,HAS_BLOCK
18753,18754,FLOW
18777,18754,HAS_BLOCK
18754,18755,FLOW
18777,18755,HAS_BLOCK
18755,18756,FLOW
18777,18756,HAS_BLOCK
18756,18759,FLOW
18777,18759,HAS_BLOCK
18759,18760,FLOW
18777,18760,HAS_BLOCK
18760,18761,FLOW
18777,18761,HAS_BLOCK
18761,18762,FLOW
18777,18762,HAS_BLOCK
18762,18763,FLOW
18777,18763,HAS_BLOCK
18817,18818,HAS_PARAM
18817,18819,HAS_PARAM
18817,18809,HAS_BLOCK
18809,18811,FLOW
18809,18816,FLOW
18809,18816,UNWIND
18817,18811,HAS_BLOCK
18811,18813,FLOW
18811,18816,FLOW
18811,18816,UNWIND
18817,18813,HAS_BLOCK
18813,18817,RETURN
18817,18814,HAS_BLOCK
18817,18815,HAS_BLOCK
18815,18814,FLOW
18817,18816,HAS_BLOCK
18816,18814,FLOW
18816,18815,FLOW
18781,18782,HAS_PARAM
18781,18783,HAS_PARAM
18781,18778,HAS_BLOCK
18778,18780,FLOW
18781,18780,HAS_BLOCK
18780,18781,RETURN
18665,18666,HAS_PARAM
18665,18667,HAS_PARAM
18665,18662,HAS_BLOCK
18662,18664,FLOW
18662,18476,CALL
18665,18664,HAS_BLOCK
18664,18665,RETURN
18678,18679,HAS_PARAM
18678,18680,HAS_PARAM
18678,18668,HAS_BLOCK
18668,18670,FLOW
18668,19308,CALL
18678,18670,HAS_BLOCK
18670,18672,FLOW
18670,18676,FLOW
18670,18676,UNWIND
18678,18672,HAS_BLOCK
18672,18674,FLOW
18672,18676,FLOW
18672,18676,UNWIND
18672,18476,CALL
18678,18674,HAS_BLOCK
18674,18675,FLOW
18678,18675,HAS_BLOCK
18675,18678,RETURN
18678,18676,HAS_BLOCK
18676,18677,FLOW
18678,18677,HAS_BLOCK
18659,18660,HAS_PARAM
18659,18661,HAS_PARAM
18659,18656,HAS_BLOCK
18656,18658,FLOW
18656,18476,CALL
18659,18658,HAS_BLOCK
18658,18659,RETURN
18712,18713,HAS_PARAM
18712,18714,HAS_PARAM
18712,18709,HAS_BLOCK
18709,18711,FLOW
18709,18494,CALL
18712,18711,HAS_BLOCK
18711,18712,RETURN
18718,18719,HAS_PARAM
18718,18720,HAS_PARAM
18718,18715,HAS_BLOCK
18715,18717,FLOW
18715,18494,CALL
18718,18717,HAS_BLOCK
18717,18718,RETURN
18706,18707,HAS_PARAM
18706,18708,HAS_PARAM
18706,18703,HAS_BLOCK
18703,18705,FLOW
18703,18494,CALL
18706,18705,HAS_BLOCK
18705,18706,RETURN
18700,18701,HAS_PARAM
18700,18702,HAS_PARAM
18700,18681,HAS_BLOCK
18681,18683,FLOW
18681,18687,FLOW
18681,18687,UNWIND
18700,18683,HAS_BLOCK
18683,18690,FLOW
18683,18685,FLOW
18683,18685,UNWIND
18700,18690,HAS_BLOCK
18690,18691,FLOW
18690,18692,FLOW
18690,18688,FLOW
18700,18691,HAS_BLOCK
18691,18697,FLOW
18691,18687,FLOW
18691,18687,UNWIND
18700,18692,HAS_BLOCK
18692,18694,FLOW
18692,18685,FLOW
18692,18685,UNWIND
18692,18817,CALL
18700,18694,HAS_BLOCK
18694,18696,FLOW
18694,18685,FLOW
18694,18685,UNWIND
18700,18696,HAS_BLOCK
18696,18698,FLOW
18700,18697,HAS_BLOCK
18697,18698,FLOW
18700,18698,HAS_BLOCK
18698,18700,RETURN
18700,18699,HAS_BLOCK
18700,18684,HAS_BLOCK
18684,18687,FLOW
18700,18685,HAS_BLOCK
18685,18687,FLOW
18685,18684,FLOW
18700,18686,HAS_BLOCK
18686,18699,FLOW
18700,18687,HAS_BLOCK
18687,18699,FLOW
18687,18686,FLOW
18700,18688,HAS_BLOCK
18847,18848,HAS_PARAM
18847,18838,HAS_BLOCK
18838,18840,FLOW
18838,18522,CALL
18847,18840,HAS_BLOCK
18840,18842,FLOW
18840,18522,CALL
18847,18842,HAS_BLOCK
18842,18844,FLOW
18842,18522,CALL
18847,18844,HAS_BLOCK
18844,18846,FLOW
18844,18866,CALL
18847,18846,HAS_BLOCK
18846,18847,RETURN
18866,18867,HAS_PARAM
18866,18849,HAS_BLOCK
18849,18851,FLOW
18866,18851,HAS_BLOCK
18851,18855,FLOW
18866,18855,HAS_BLOCK
18855,18856,FLOW
18866,18856,HAS_BLOCK
18856,18858,FLOW
18866,18858,HAS_BLOCK
18858,18861,FLOW
18858,18860,FLOW
18858,18859,FLOW
18866,18859,HAS_BLOCK
18866,18860,HAS_BLOCK
18860,18862,FLOW
18860,18856,FLOW
18866,18861,HAS_BLOCK
18861,18866,RETURN
18866,18862,HAS_BLOCK
18862,18864,FLOW
18866,18864,HAS_BLOCK
18864,18852,FLOW
18866,18852,HAS_BLOCK
18852,18856,FLOW
18834,18835,HAS_PARAM
18834,18836,HAS_PARAM
18834,18820,HAS_BLOCK
18820,18822,FLOW
18834,18822,HAS_BLOCK
18822,18824,FLOW
18822,19250,CALL
18834,18824,HAS_BLOCK
18824,18825,FLOW
18824,18827,FLOW
18824,18827,UNWIND
18834,18825,HAS_BLOCK
18825,18828,FLOW
18834,18827,HAS_BLOCK
18827,18833,FLOW
18834,18828,HAS_BLOCK
18828,18830,FLOW
18828,19250,CALL
18834,18830,HAS_BLOCK
18830,18831,FLOW
18830,18832,FLOW
18830,18832,UNWIND
18834,18831,HAS_BLOCK
18831,18834,RETURN
18834,18832,HAS_BLOCK
18832,18833,FLOW
18834,18833,HAS_BLOCK
18790,18791,HAS_PARAM
18790,18792,HAS_PARAM
18790,18785,HAS_BLOCK
18785,18787,FLOW
18790,18787,HAS_BLOCK
18787,18789,FLOW
18787,19325,CALL
18790,18789,HAS_BLOCK
18789,18790,RETURN
18638,18639,HAS_PARAM
18638,18640,HAS_PARAM
18638,18633,HAS_BLOCK
18633,18635,FLOW
18638,18635,HAS_BLOCK
18635,18637,FLOW
18635,19325,CALL
18638,18637,HAS_BLOCK
18637,18638,RETURN
18804,18805,HAS_PARAM
18804,18806,HAS_PARAM
18804,18807,HAS_PARAM
18804,18793,HAS_BLOCK
18793,18795,FLOW
18793,18790,CALL
18804,18795,HAS_BLOCK
18795,18797,FLOW
18804,18797,HAS_BLOCK
18797,18799,FLOW
18804,18799,HAS_BLOCK
18799,18801,FLOW
18804,18801,HAS_BLOCK
18801,18803,FLOW
18804,18803,HAS_BLOCK
18803,18804,RETURN
18652,18653,HAS_PARAM
18652,18654,HAS_PARAM
18652,18655,HAS_PARAM
18652,18641,HAS_BLOCK
18641,18643,FLOW
18641,18638,CALL
18652,18643,HAS_BLOCK
18643,18645,FLOW
18652,18645,HAS_BLOCK
18645,18647,FLOW
18652,18647,HAS_BLOCK
18647,18649,FLOW
18652,18649,HAS_BLOCK
18649,18651,FLOW
18652,18651,HAS_BLOCK
18651,18652,RETURN
18891,18892,HAS_PARAM
18891,18870,HAS_BLOCK
18870,18872,FLOW
18891,18872,HAS_BLOCK
18872,18878,FLOW
18872,19473,CALL
18891,18878,HAS_BLOCK
18878,18880,FLOW
18891,18880,HAS_BLOCK
18880,18882,FLOW
18880,18884,FLOW
18880,18881,FLOW
18891,18881,HAS_BLOCK
18891,18882,HAS_BLOCK
18882,18886,FLOW
18891,18884,HAS_BLOCK
18884,18876,FLOW
18891,18886,HAS_BLOCK
18886,18888,FLOW
18886,19473,CALL
18891,18888,HAS_BLOCK
18888,18890,FLOW
18891,18890,HAS_BLOCK
18890,18873,FLOW
18890,18874,FLOW
18890,18881,FLOW
18891,18873,HAS_BLOCK
18873,18876,FLOW
18891,18874,HAS_BLOCK
18874,18876,FLOW
18891,18876,HAS_BLOCK
18876,18891,RETURN
12928,12925,HAS_BLOCK
12925,12927,FLOW
12925,18777,CALL
12928,12927,HAS_BLOCK
12927,12928,RETURN
14518,14519,HAS_PARAM
14518,14520,HAS_PARAM
14518,14515,HAS_BLOCK
14515,14517,FLOW
14518,14517,HAS_BLOCK
14517,14518,RETURN
14506,14507,HAS_PARAM
14506,14505,HAS_BLOCK
14505,14506,RETURN
14512,14513,HAS_PARAM
14512,14514,HAS_PARAM
14512,14511,HAS_BLOCK
14511,14512,RETURN
14509,14510,HAS_PARAM
14509,14508,HAS_BLOCK
14508,14509,RETURN
14524,14525,HAS_PARAM
14524,14526,HAS_PARAM
14524,14521,HAS_BLOCK
14521,14523,FLOW
14524,14523,HAS_BLOCK
14523,14524,RETURN
19767,19768,HAS_PARAM
19767,19769,HAS_PARAM
19767,19764,HAS_BLOCK
19764,19766,FLOW
19767,19766,HAS_BLOCK
19766,19767,RETURN
19669,19670,HAS_PARAM
19669,19666,HAS_BLOCK
19666,19668,FLOW
19669,19668,HAS_BLOCK
19668,19669,RETURN
15811,15812,HAS_PARAM
15811,15813,HAS_PARAM
15811,15808,HAS_BLOCK
15808,15810,FLOW
15811,15810,HAS_BLOCK
15810,15811,RETURN
15824,15825,HAS_PARAM
15824,15826,HAS_PARAM
15824,15814,HAS_BLOCK
15814,15816,FLOW
15824,15816,HAS_BLOCK
15816,15818,FLOW
15824,15818,HAS_BLOCK
15818,15820,FLOW
15818,15821,FLOW
15818,15819,FLOW
15824,15819,HAS_BLOCK
15824,15820,HAS_BLOCK
15820,15823,FLOW
15824,15821,HAS_BLOCK
15821,15823,FLOW
15824,15823,HAS_BLOCK
15823,15824,RETURN
15845,15846,HAS_PARAM
15845,15847,HAS_PARAM
15845,15827,HAS_BLOCK
15827,15829,FLOW
15827,15831,FLOW
15827,15831,UNWIND
15845,15829,HAS_BLOCK
15829,15835,FLOW
15829,15831,FLOW
15829,15831,UNWIND
15845,15835,HAS_BLOCK
15835,15837,FLOW
15835,15838,FLOW
15835,15836,FLOW
15845,15836,HAS_BLOCK
15845,15837,HAS_BLOCK
15837,15840,FLOW
15837,15842,FLOW
15837,15836,FLOW
15845,15838,HAS_BLOCK
15838,15833,FLOW
15838,15831,FLOW
15838,15831,UNWIND
15845,15840,HAS_BLOCK
15840,15843,FLOW
15840,15831,FLOW
15840,15831,UNWIND
15845,15842,HAS_BLOCK
15842,15830,FLOW
15845,15843,HAS_BLOCK
15843,15844,FLOW
15845,15844,HAS_BLOCK
15844,15830,FLOW
15845,15830,HAS_BLOCK
15830,15845,RETURN
15845,15831,HAS_BLOCK
15831,15832,FLOW
15845,15832,HAS_BLOCK
15845,15833,HAS_BLOCK
15833,15844,FLOW
15417,15418,HAS_PARAM
15417,15419,HAS_PARAM
15417,15414,HAS_BLOCK
15414,15416,FLOW
15417,15416,HAS_BLOCK
15416,15417,RETURN
15405,15406,HAS_PARAM
15405,15404,HAS_BLOCK
15404,15405,RETURN
15411,15412,HAS_PARAM
15411,15413,HAS_PARAM
15411,15410,HAS_BLOCK
15410,15411,RETURN
15408,15409,HAS_PARAM
15408,15407,HAS_BLOCK
15407,15408,RETURN
15423,15424,HAS_PARAM
15423,15425,HAS_PARAM
15423,15420,HAS_BLOCK
15420,15422,FLOW
15423,15422,HAS_BLOCK
15422,15423,RETURN
21671,21672,HAS_PARAM
21671,21673,HAS_PARAM
21671,21668,HAS_BLOCK
21668,21670,FLOW
21671,21670,HAS_BLOCK
21670,21671,RETURN
19710,19711,HAS_PARAM
19710,19707,HAS_BLOCK
19707,19709,FLOW
19710,19709,HAS_BLOCK
19709,19710,RETURN
17098,17099,HAS_PARAM
17098,17100,HAS_PARAM
17098,17095,HAS_BLOCK
17095,17097,FLOW
17098,17097,HAS_BLOCK
17097,17098,RETURN
17111,17112,HAS_PARAM
17111,17113,HAS_PARAM
17111,17101,HAS_BLOCK
17101,17103,FLOW
17111,17103,HAS_BLOCK
17103,17105,FLOW
17111,17105,HAS_BLOCK
17105,17107,FLOW
17105,17108,FLOW
17105,17106,FLOW
17111,17106,HAS_BLOCK
17111,17107,HAS_BLOCK
17107,17110,FLOW
17111,17108,HAS_BLOCK
17108,17110,FLOW
17111,17110,HAS_BLOCK
17110,17111,RETURN
17132,17133,HAS_PARAM
17132,17134,HAS_PARAM
17132,17114,HAS_BLOCK
17114,17116,FLOW
17114,17118,FLOW
17114,17118,UNWIND
17132,17116,HAS_BLOCK
17116,17122,FLOW
17116,17118,FLOW
17116,17118,UNWIND
17132,17122,HAS_BLOCK
17122,17124,FLOW
17122,17125,FLOW
17122,17123,FLOW
17132,17123,HAS_BLOCK
17132,17124,HAS_BLOCK
17124,17127,FLOW
17124,17129,FLOW
17124,17123,FLOW
17132,17125,HAS_BLOCK
17125,17120,FLOW
17125,17118,FLOW
17125,17118,UNWIND
17132,17127,HAS_BLOCK
17127,17130,FLOW
17127,17118,FLOW
17127,17118,UNWIND
17132,17129,HAS_BLOCK
17129,17117,FLOW
17132,17130,HAS_BLOCK
17130,17131,FLOW
17132,17131,HAS_BLOCK
17131,17117,FLOW
17132,17117,HAS_BLOCK
17117,17132,RETURN
17132,17118,HAS_BLOCK
17118,17119,FLOW
17132,17119,HAS_BLOCK
17132,17120,HAS_BLOCK
17120,17131,FLOW
15439,15440,HAS_PARAM
15439,15441,HAS_PARAM
15439,15436,HAS_BLOCK
15436,15438,FLOW
15439,15438,HAS_BLOCK
15438,15439,RETURN
15427,15428,HAS_PARAM
15427,15426,HAS_BLOCK
15426,15427,RETURN
15433,15434,HAS_PARAM
15433,15435,HAS_PARAM
15433,15432,HAS_BLOCK
15432,15433,RETURN
15430,15431,HAS_PARAM
15430,15429,HAS_BLOCK
15429,15430,RETURN
15445,15446,HAS_PARAM
15445,15447,HAS_PARAM
15445,15442,HAS_BLOCK
15442,15444,FLOW
15445,15444,HAS_BLOCK
15444,15445,RETURN
21677,21678,HAS_PARAM
21677,21679,HAS_PARAM
21677,21674,HAS_BLOCK
21674,21676,FLOW
21677,21676,HAS_BLOCK
21676,21677,RETURN
19718,19719,HAS_PARAM
19718,19715,HAS_BLOCK
19715,19717,FLOW
19718,19717,HAS_BLOCK
19717,19718,RETURN
17138,17139,HAS_PARAM
17138,17140,HAS_PARAM
17138,17135,HAS_BLOCK
17135,17137,FLOW
17138,17137,HAS_BLOCK
17137,17138,RETURN
17151,17152,HAS_PARAM
17151,17153,HAS_PARAM
17151,17141,HAS_BLOCK
17141,17143,FLOW
17151,17143,HAS_BLOCK
17143,17145,FLOW
17151,17145,HAS_BLOCK
17145,17147,FLOW
17145,17148,FLOW
17145,17146,FLOW
17151,17146,HAS_BLOCK
17151,17147,HAS_BLOCK
17147,17150,FLOW
17151,17148,HAS_BLOCK
17148,17150,FLOW
17151,17150,HAS_BLOCK
17150,17151,RETURN
17172,17173,HAS_PARAM
17172,17174,HAS_PARAM
17172,17154,HAS_BLOCK
17154,17156,FLOW
17154,17158,FLOW
17154,17158,UNWIND
17172,17156,HAS_BLOCK
17156,17162,FLOW
17156,17158,FLOW
17156,17158,UNWIND
17172,17162,HAS_BLOCK
17162,17164,FLOW
17162,17165,FLOW
17162,17163,FLOW
17172,17163,HAS_BLOCK
17172,17164,HAS_BLOCK
17164,17167,FLOW
17164,17169,FLOW
17164,17163,FLOW
17172,17165,HAS_BLOCK
17165,17160,FLOW
17165,17158,FLOW
17165,17158,UNWIND
17172,17167,HAS_BLOCK
17167,17170,FLOW
17167,17158,FLOW
17167,17158,UNWIND
17172,17169,HAS_BLOCK
17169,17157,FLOW
17172,17170,HAS_BLOCK
17170,17171,FLOW
17172,17171,HAS_BLOCK
17171,17157,FLOW
17172,17157,HAS_BLOCK
17157,17172,RETURN
17172,17158,HAS_BLOCK
17158,17159,FLOW
17172,17159,HAS_BLOCK
17172,17160,HAS_BLOCK
17160,17171,FLOW
15590,15591,HAS_PARAM
15590,15592,HAS_PARAM
15590,15566,HAS_BLOCK
15566,15579,FLOW
15566,15577,FLOW
15566,15576,FLOW
15566,15575,FLOW
15566,15574,FLOW
15566,15573,FLOW
15566,15572,FLOW
15566,15571,FLOW
15566,15570,FLOW
15566,15569,FLOW
15566,15568,FLOW
15566,15589,FLOW
15566,15588,FLOW
15566,15587,FLOW
15566,15586,FLOW
15566,15585,FLOW
15566,15584,FLOW
15566,15583,FLOW
15566,15578,FLOW
15566,15567,FLOW
15590,15567,HAS_BLOCK
15590,15578,HAS_BLOCK
15578,15580,FLOW
15590,15583,HAS_BLOCK
15583,15580,FLOW
15590,15584,HAS_BLOCK
15584,15580,FLOW
15590,15585,HAS_BLOCK
15585,15580,FLOW
15590,15586,HAS_BLOCK
15586,15580,FLOW
15590,15587,HAS_BLOCK
15587,15580,FLOW
15590,15588,HAS_BLOCK
15588,15580,FLOW
15590,15589,HAS_BLOCK
15589,15580,FLOW
15590,15568,HAS_BLOCK
15568,15580,FLOW
15590,15569,HAS_BLOCK
15569,15580,FLOW
15590,15570,HAS_BLOCK
15570,15580,FLOW
15590,15571,HAS_BLOCK
15571,15580,FLOW
15590,15572,HAS_BLOCK
15572,15580,FLOW
15590,15573,HAS_BLOCK
15573,15580,FLOW
15590,15574,HAS_BLOCK
15574,15580,FLOW
15590,15575,HAS_BLOCK
15575,15580,FLOW
15590,15576,HAS_BLOCK
15576,15580,FLOW
15590,15577,HAS_BLOCK
15577,15580,FLOW
15590,15579,HAS_BLOCK
15579,15580,FLOW
15590,15580,HAS_BLOCK
15580,15582,FLOW
15590,15582,HAS_BLOCK
15582,15590,RETURN
15557,15558,HAS_PARAM
15557,15535,HAS_BLOCK
15535,15548,FLOW
15535,15546,FLOW
15535,15545,FLOW
15535,15544,FLOW
15535,15543,FLOW
15535,15542,FLOW
15535,15541,FLOW
15535,15540,FLOW
15535,15539,FLOW
15535,15538,FLOW
15535,15537,FLOW
15535,15556,FLOW
15535,15555,FLOW
15535,15554,FLOW
15535,15553,FLOW
15535,15552,FLOW
15535,15551,FLOW
15535,15550,FLOW
15535,15547,FLOW
15535,15536,FLOW
15557,15536,HAS_BLOCK
15557,15547,HAS_BLOCK
15547,15549,FLOW
15557,15550,HAS_BLOCK
15550,15549,FLOW
15557,15551,HAS_BLOCK
15551,15549,FLOW
15557,15552,HAS_BLOCK
15552,15549,FLOW
15557,15553,HAS_BLOCK
15553,15549,FLOW
15557,15554,HAS_BLOCK
15554,15549,FLOW
15557,15555,HAS_BLOCK
15555,15549,FLOW
15557,15556,HAS_BLOCK
15556,15549,FLOW
15557,15537,HAS_BLOCK
15537,15549,FLOW
15557,15538,HAS_BLOCK
15538,15549,FLOW
15557,15539,HAS_BLOCK
15539,15549,FLOW
15557,15540,HAS_BLOCK
15540,15549,FLOW
15557,15541,HAS_BLOCK
15541,15549,FLOW
15557,15542,HAS_BLOCK
15542,15549,FLOW
15557,15543,HAS_BLOCK
15543,15549,FLOW
15557,15544,HAS_BLOCK
15544,15549,FLOW
15557,15545,HAS_BLOCK
15545,15549,FLOW
15557,15546,HAS_BLOCK
15546,15549,FLOW
15557,15548,HAS_BLOCK
15548,15549,FLOW
15557,15549,HAS_BLOCK
15549,15557,RETURN
15563,15564,HAS_PARAM
15563,15565,HAS_PARAM
15563,15562,HAS_BLOCK
15562,15563,RETURN
15560,15561,HAS_PARAM
15560,15559,HAS_BLOCK
15559,15560,RETURN
15596,15597,HAS_PARAM
15596,15598,HAS_PARAM
15596,15593,HAS_BLOCK
15593,15595,FLOW
15596,15595,HAS_BLOCK
15595,15596,RETURN
21838,21839,HAS_PARAM
21838,21840,HAS_PARAM
21838,21797,HAS_BLOCK
21797,21820,FLOW
21797,21817,FLOW
21797,21815,FLOW
21797,21813,FLOW
21797,21811,FLOW
21797,21809,FLOW
21797,21807,FLOW
21797,21805,FLOW
21797,21803,FLOW
21797,21801,FLOW
21797,21799,FLOW
21797,21836,FLOW
21797,21834,FLOW
21797,21832,FLOW
21797,21830,FLOW
21797,21828,FLOW
21797,21826,FLOW
21797,21824,FLOW
21797,21819,FLOW
21797,21798,FLOW
21838,21798,HAS_BLOCK
21838,21819,HAS_BLOCK
21819,21822,FLOW
21838,21824,HAS_BLOCK
21824,21822,FLOW
21838,21826,HAS_BLOCK
21826,21822,FLOW
21838,21828,HAS_BLOCK
21828,21822,FLOW
21838,21830,HAS_BLOCK
21830,21822,FLOW
21838,21832,HAS_BLOCK
21832,21822,FLOW
21838,21834,HAS_BLOCK
21834,21822,FLOW
21838,21836,HAS_BLOCK
21836,21822,FLOW
21838,21799,HAS_BLOCK
21799,21822,FLOW
21838,21801,HAS_BLOCK
21801,21822,FLOW
21838,21803,HAS_BLOCK
21803,21822,FLOW
21838,21805,HAS_BLOCK
21805,21822,FLOW
21838,21807,HAS_BLOCK
21807,21822,FLOW
21838,21809,HAS_BLOCK
21809,21822,FLOW
21838,21811,HAS_BLOCK
21811,21822,FLOW
21838,21813,HAS_BLOCK
21813,21822,FLOW
21838,21815,HAS_BLOCK
21815,21822,FLOW
21838,21817,HAS_BLOCK
21817,21822,FLOW
21838,21820,HAS_BLOCK
21820,21822,FLOW
21838,21822,HAS_BLOCK
21822,21838,RETURN
19740,19741,HAS_PARAM
19740,19737,HAS_BLOCK
19737,19739,FLOW
19740,19739,HAS_BLOCK
19739,19740,RETURN
17378,17379,HAS_PARAM
17378,17380,HAS_PARAM
17378,17375,HAS_BLOCK
17375,17377,FLOW
17378,17377,HAS_BLOCK
17377,17378,RETURN
17569,17570,HAS_PARAM
17569,17571,HAS_PARAM
17569,17545,HAS_BLOCK
17545,17559,FLOW
17545,17556,FLOW
17545,17555,FLOW
17545,17554,FLOW
17545,17553,FLOW
17545,17552,FLOW
17545,17551,FLOW
17545,17550,FLOW
17545,17549,FLOW
17545,17548,FLOW
17545,17547,FLOW
17545,17568,FLOW
17545,17567,FLOW
17545,17566,FLOW
17545,17565,FLOW
17545,17564,FLOW
17545,17563,FLOW
17545,17562,FLOW
17545,17558,FLOW
17545,17546,FLOW
17569,17546,HAS_BLOCK
17546,17560,FLOW
17569,17558,HAS_BLOCK
17558,17561,FLOW
17569,17562,HAS_BLOCK
17562,17561,FLOW
17569,17563,HAS_BLOCK
17563,17561,FLOW
17569,17564,HAS_BLOCK
17564,17561,FLOW
17569,17565,HAS_BLOCK
17565,17561,FLOW
17569,17566,HAS_BLOCK
17566,17561,FLOW
17569,17567,HAS_BLOCK
17567,17561,FLOW
17569,17568,HAS_BLOCK
17568,17561,FLOW
17569,17547,HAS_BLOCK
17547,17561,FLOW
17569,17548,HAS_BLOCK
17548,17561,FLOW
17569,17549,HAS_BLOCK
17549,17561,FLOW
17569,17550,HAS_BLOCK
17550,17561,FLOW
17569,17551,HAS_BLOCK
17551,17561,FLOW
17569,17552,HAS_BLOCK
17552,17561,FLOW
17569,17553,HAS_BLOCK
17553,17561,FLOW
17569,17554,HAS_BLOCK
17554,17561,FLOW
17569,17555,HAS_BLOCK
17555,17561,FLOW
17569,17556,HAS_BLOCK
17556,17561,FLOW
17569,17559,HAS_BLOCK
17559,17561,FLOW
17569,17560,HAS_BLOCK
17560,17561,FLOW
17569,17561,HAS_BLOCK
17561,17569,RETURN
17542,17543,HAS_PARAM
17542,17544,HAS_PARAM
17542,17462,HAS_BLOCK
17462,17532,FLOW
17542,17464,HAS_BLOCK
17464,17533,FLOW
17542,17481,HAS_BLOCK
17481,17534,FLOW
17542,17497,HAS_BLOCK
17497,17531,FLOW
17542,17513,HAS_BLOCK
17513,17534,FLOW
17542,17524,HAS_BLOCK
17524,17530,FLOW
17542,17536,HAS_BLOCK
17536,17534,FLOW
17542,17537,HAS_BLOCK
17537,17529,FLOW
17542,17539,HAS_BLOCK
17539,17534,FLOW
17542,17540,HAS_BLOCK
17540,17528,FLOW
17542,17465,HAS_BLOCK
17465,17534,FLOW
17542,17466,HAS_BLOCK
17466,17527,FLOW
17542,17468,HAS_BLOCK
17468,17534,FLOW
17542,17469,HAS_BLOCK
17469,17526,FLOW
17542,17471,HAS_BLOCK
17471,17534,FLOW
17542,17472,HAS_BLOCK
17472,17525,FLOW
17542,17474,HAS_BLOCK
17474,17534,FLOW
17542,17475,HAS_BLOCK
17475,17523,FLOW
17542,17477,HAS_BLOCK
17477,17534,FLOW
17542,17478,HAS_BLOCK
17478,17522,FLOW
17542,17482,HAS_BLOCK
17482,17534,FLOW
17542,17483,HAS_BLOCK
17483,17521,FLOW
17542,17485,HAS_BLOCK
17485,17534,FLOW
17542,17486,HAS_BLOCK
17486,17520,FLOW
17542,17488,HAS_BLOCK
17488,17534,FLOW
17542,17489,HAS_BLOCK
17489,17519,FLOW
17542,17491,HAS_BLOCK
17491,17534,FLOW
17542,17492,HAS_BLOCK
17492,17518,FLOW
17542,17494,HAS_BLOCK
17494,17534,FLOW
17542,17495,HAS_BLOCK
17495,17517,FLOW
17542,17498,HAS_BLOCK
17498,17534,FLOW
17542,17499,HAS_BLOCK
17499,17516,FLOW
17542,17501,HAS_BLOCK
17501,17534,FLOW
17542,17502,HAS_BLOCK
17502,17515,FLOW
17542,17504,HAS_BLOCK
17504,17534,FLOW
17542,17505,HAS_BLOCK
17505,17514,FLOW
17542,17507,HAS_BLOCK
17507,17534,FLOW
17542,17508,HAS_BLOCK
17508,17511,FLOW
17542,17510,HAS_BLOCK
17510,17534,FLOW
17542,17511,HAS_BLOCK
17511,17464,FLOW
17511,17510,FLOW
17542,17514,HAS_BLOCK
17514,17508,FLOW
17514,17507,FLOW
17542,17515,HAS_BLOCK
17515,17505,FLOW
17515,17504,FLOW
17542,17516,HAS_BLOCK
17516,17502,FLOW
17516,17501,FLOW
17542,17517,HAS_BLOCK
17517,17499,FLOW
17517,17498,FLOW
17542,17518,HAS_BLOCK
17518,17495,FLOW
17518,17494,FLOW
17542,17519,HAS_BLOCK
17519,17492,FLOW
17519,17491,FLOW
17542,17520,HAS_BLOCK
17520,17489,FLOW
17520,17488,FLOW
17542,17521,HAS_BLOCK
17521,17486,FLOW
17521,17485,FLOW
17542,17522,HAS_BLOCK
17522,17483,FLOW
17522,17482,FLOW
17542,17523,HAS_BLOCK
17523,17478,FLOW
17523,17477,FLOW
17542,17525,HAS_BLOCK
17525,17475,FLOW
17525,17474,FLOW
17542,17526,HAS_BLOCK
17526,17472,FLOW
17526,17471,FLOW
17542,17527,HAS_BLOCK
17527,17469,FLOW
17527,17468,FLOW
17542,17528,HAS_BLOCK
17528,17466,FLOW
17528,17465,FLOW
17542,17529,HAS_BLOCK
17529,17540,FLOW
17529,17539,FLOW
17542,17530,HAS_BLOCK
17530,17537,FLOW
17530,17536,FLOW
17542,17531,HAS_BLOCK
17531,17524,FLOW
17531,17513,FLOW
17542,17532,HAS_BLOCK
17532,17497,FLOW
17532,17481,FLOW
17542,17533,HAS_BLOCK
17533,17534,FLOW
17542,17534,HAS_BLOCK
17534,17542,RETURN
17459,17460,HAS_PARAM
17459,17461,HAS_PARAM
17459,17381,HAS_BLOCK
17381,17390,FLOW
17381,17394,FLOW
17459,17382,HAS_BLOCK
17382,17448,FLOW
17459,17394,HAS_BLOCK
17394,17405,FLOW
17394,17438,FLOW
17394,17458,FLOW
17394,17387,FLOW
17394,17382,FLOW
17459,17405,HAS_BLOCK
17405,17416,FLOW
17405,17382,FLOW
17459,17416,HAS_BLOCK
17416,17427,FLOW
17416,17382,FLOW
17459,17427,HAS_BLOCK
17427,17447,FLOW
17427,17382,FLOW
17459,17438,HAS_BLOCK
17438,17450,FLOW
17438,17382,FLOW
17459,17450,HAS_BLOCK
17450,17457,FLOW
17450,17382,FLOW
17459,17457,HAS_BLOCK
17457,17446,FLOW
17457,17382,FLOW
17459,17458,HAS_BLOCK
17458,17383,FLOW
17458,17385,FLOW
17458,17382,FLOW
17459,17383,HAS_BLOCK
17383,17384,FLOW
17383,17382,FLOW
17459,17384,HAS_BLOCK
17384,17440,FLOW
17384,17382,FLOW
17459,17385,HAS_BLOCK
17385,17386,FLOW
17385,17382,FLOW
17459,17386,HAS_BLOCK
17386,17429,FLOW
17386,17382,FLOW
17459,17387,HAS_BLOCK
17387,17388,FLOW
17387,17382,FLOW
17459,17388,HAS_BLOCK
17388,17389,FLOW
17388,17382,FLOW
17459,17389,HAS_BLOCK
17389,17433,FLOW
17389,17382,FLOW
17459,17390,HAS_BLOCK
17390,17408,FLOW
17390,17391,FLOW
17459,17391,HAS_BLOCK
17391,17392,FLOW
17391,17396,FLOW
17391,17400,FLOW
17391,17404,FLOW
17391,17382,FLOW
17459,17392,HAS_BLOCK
17392,17395,FLOW
17392,17382,FLOW
17459,17395,HAS_BLOCK
17395,17445,FLOW
17395,17382,FLOW
17459,17396,HAS_BLOCK
17396,17397,FLOW
17396,17398,FLOW
17396,17399,FLOW
17396,17382,FLOW
17459,17397,HAS_BLOCK
17397,17443,FLOW
17397,17382,FLOW
17459,17398,HAS_BLOCK
17398,17442,FLOW
17398,17382,FLOW
17459,17399,HAS_BLOCK
17399,17441,FLOW
17399,17382,FLOW
17459,17400,HAS_BLOCK
17400,17401,FLOW
17400,17402,FLOW
17400,17403,FLOW
17400,17382,FLOW
17459,17401,HAS_BLOCK
17401,17436,FLOW
17401,17382,FLOW
17459,17402,HAS_BLOCK
17402,17435,FLOW
17402,17382,FLOW
17459,17403,HAS_BLOCK
17403,17434,FLOW
17403,17382,FLOW
17459,17404,HAS_BLOCK
17404,17406,FLOW
17404,17407,FLOW
17404,17382,FLOW
17459,17406,HAS_BLOCK
17406,17431,FLOW
17406,17382,FLOW
17459,17407,HAS_BLOCK
17407,17430,FLOW
17407,17382,FLOW
17459,17408,HAS_BLOCK
17408,17412,FLOW
17408,17409,FLOW
17459,17409,HAS_BLOCK
17409,17410,FLOW
17409,17411,FLOW
17409,17382,FLOW
17459,17410,HAS_BLOCK
17410,17444,FLOW
17410,17382,FLOW
17459,17411,HAS_BLOCK
17411,17437,FLOW
17411,17382,FLOW
17459,17412,HAS_BLOCK
17412,17382,FLOW
17412,17413,FLOW
17459,17413,HAS_BLOCK
17413,17414,FLOW
17413,17419,FLOW
17413,17423,FLOW
17413,17382,FLOW
17459,17414,HAS_BLOCK
17414,17415,FLOW
17414,17382,FLOW
17459,17415,HAS_BLOCK
17415,17417,FLOW
17415,17382,FLOW
17459,17417,HAS_BLOCK
17417,17418,FLOW
17417,17382,FLOW
17459,17418,HAS_BLOCK
17418,17439,FLOW
17418,17382,FLOW
17459,17419,HAS_BLOCK
17419,17420,FLOW
17419,17382,FLOW
17459,17420,HAS_BLOCK
17420,17421,FLOW
17420,17382,FLOW
17459,17421,HAS_BLOCK
17421,17422,FLOW
17421,17382,FLOW
17459,17422,HAS_BLOCK
17422,17432,FLOW
17422,17382,FLOW
17459,17423,HAS_BLOCK
17423,17424,FLOW
17423,17382,FLOW
17459,17424,HAS_BLOCK
17424,17425,FLOW
17424,17382,FLOW
17459,17425,HAS_BLOCK
17425,17426,FLOW
17425,17382,FLOW
17459,17426,HAS_BLOCK
17426,17428,FLOW
17426,17382,FLOW
17459,17428,HAS_BLOCK
17428,17454,FLOW
17459,17429,HAS_BLOCK
17429,17454,FLOW
17459,17430,HAS_BLOCK
17430,17454,FLOW
17459,17431,HAS_BLOCK
17431,17454,FLOW
17459,17432,HAS_BLOCK
17432,17454,FLOW
17459,17433,HAS_BLOCK
17433,17454,FLOW
17459,17434,HAS_BLOCK
17434,17454,FLOW
17459,17435,HAS_BLOCK
17435,17454,FLOW
17459,17436,HAS_BLOCK
17436,17454,FLOW
17459,17437,HAS_BLOCK
17437,17454,FLOW
17459,17439,HAS_BLOCK
17439,17454,FLOW
17459,17440,HAS_BLOCK
17440,17454,FLOW
17459,17441,HAS_BLOCK
17441,17454,FLOW
17459,17442,HAS_BLOCK
17442,17454,FLOW
17459,17443,HAS_BLOCK
17443,17454,FLOW
17459,17444,HAS_BLOCK
17444,17454,FLOW
17459,17445,HAS_BLOCK
17445,17454,FLOW
17459,17446,HAS_BLOCK
17446,17454,FLOW
17459,17447,HAS_BLOCK
17447,17454,FLOW
17459,17448,HAS_BLOCK
17448,17451,FLOW
17448,17455,FLOW
17448,17455,UNWIND
17459,17451,HAS_BLOCK
17451,17453,FLOW
17451,17455,FLOW
17451,17455,UNWIND
17459,17453,HAS_BLOCK
17453,17454,FLOW
17459,17454,HAS_BLOCK
17454,17459,RETURN
17459,17455,HAS_BLOCK
17455,17456,FLOW
17459,17456,HAS_BLOCK
17373,17374,HAS_PARAM
17373,17370,HAS_BLOCK
17370,17372,FLOW
17373,17372,HAS_BLOCK
17372,17373,RETURN
17575,17576,HAS_PARAM
17575,17577,HAS_PARAM
17575,17572,HAS_BLOCK
17572,17574,FLOW
17575,17574,HAS_BLOCK
17574,17575,RETURN
17740,17741,HAS_PARAM
17740,17742,HAS_PARAM
17740,17578,HAS_BLOCK
17578,17580,FLOW
17740,17580,HAS_BLOCK
17580,17605,FLOW
17740,17605,HAS_BLOCK
17605,17639,FLOW
17605,17656,FLOW
17605,17624,FLOW
17740,17624,HAS_BLOCK
17740,17639,HAS_BLOCK
17639,17614,FLOW
17639,17612,FLOW
17639,17610,FLOW
17639,17608,FLOW
17639,17606,FLOW
17639,17602,FLOW
17639,17600,FLOW
17639,17598,FLOW
17639,17596,FLOW
17639,17594,FLOW
17639,17592,FLOW
17639,17590,FLOW
17639,17588,FLOW
17639,17586,FLOW
17639,17581,FLOW
17639,17724,FLOW
17639,17706,FLOW
17639,17690,FLOW
17639,17672,FLOW
17639,17624,FLOW
17740,17656,HAS_BLOCK
17656,17584,FLOW
17740,17672,HAS_BLOCK
17672,17735,FLOW
17740,17690,HAS_BLOCK
17690,17729,FLOW
17740,17706,HAS_BLOCK
17706,17721,FLOW
17740,17724,HAS_BLOCK
17724,17715,FLOW
17740,17581,HAS_BLOCK
17581,17709,FLOW
17740,17586,HAS_BLOCK
17586,17701,FLOW
17740,17588,HAS_BLOCK
17588,17695,FLOW
17740,17590,HAS_BLOCK
17590,17687,FLOW
17740,17592,HAS_BLOCK
17592,17681,FLOW
17740,17594,HAS_BLOCK
17594,17675,FLOW
17740,17596,HAS_BLOCK
17596,17667,FLOW
17740,17598,HAS_BLOCK
17598,17661,FLOW
17740,17600,HAS_BLOCK
17600,17654,FLOW
17740,17602,HAS_BLOCK
17602,17648,FLOW
17740,17606,HAS_BLOCK
17606,17642,FLOW
17740,17608,HAS_BLOCK
17608,17635,FLOW
17740,17610,HAS_BLOCK
17610,17629,FLOW
17740,17612,HAS_BLOCK
17612,17622,FLOW
17740,17614,HAS_BLOCK
17614,17616,FLOW
17740,17616,HAS_BLOCK
17616,17618,FLOW
17740,17618,HAS_BLOCK
17618,17619,FLOW
17618,17620,FLOW
17618,17624,FLOW
17740,17619,HAS_BLOCK
17619,17584,FLOW
17740,17620,HAS_BLOCK
17620,17584,FLOW
17740,17622,HAS_BLOCK
17622,17625,FLOW
17740,17625,HAS_BLOCK
17625,17626,FLOW
17625,17627,FLOW
17625,17624,FLOW
17740,17626,HAS_BLOCK
17626,17584,FLOW
17740,17627,HAS_BLOCK
17627,17584,FLOW
17740,17629,HAS_BLOCK
17629,17631,FLOW
17740,17631,HAS_BLOCK
17631,17632,FLOW
17631,17633,FLOW
17631,17624,FLOW
17740,17632,HAS_BLOCK
17632,17584,FLOW
17740,17633,HAS_BLOCK
17633,17584,FLOW
17740,17635,HAS_BLOCK
17635,17637,FLOW
17740,17637,HAS_BLOCK
17637,17638,FLOW
17637,17640,FLOW
17637,17624,FLOW
17740,17638,HAS_BLOCK
17638,17584,FLOW
17740,17640,HAS_BLOCK
17640,17584,FLOW
17740,17642,HAS_BLOCK
17642,17644,FLOW
17740,17644,HAS_BLOCK
17644,17645,FLOW
17644,17646,FLOW
17644,17624,FLOW
17740,17645,HAS_BLOCK
17645,17584,FLOW
17740,17646,HAS_BLOCK
17646,17584,FLOW
17740,17648,HAS_BLOCK
17648,17650,FLOW
17740,17650,HAS_BLOCK
17650,17651,FLOW
17650,17652,FLOW
17650,17624,FLOW
17740,17651,HAS_BLOCK
17651,17584,FLOW
17740,17652,HAS_BLOCK
17652,17584,FLOW
17740,17654,HAS_BLOCK
17654,17657,FLOW
17740,17657,HAS_BLOCK
17657,17658,FLOW
17657,17659,FLOW
17657,17624,FLOW
17740,17658,HAS_BLOCK
17658,17584,FLOW
17740,17659,HAS_BLOCK
17659,17584,FLOW
17740,17661,HAS_BLOCK
17661,17663,FLOW
17740,17663,HAS_BLOCK
17663,17664,FLOW
17663,17665,FLOW
17663,17624,FLOW
17740,17664,HAS_BLOCK
17664,17584,FLOW
17740,17665,HAS_BLOCK
17665,17584,FLOW
17740,17667,HAS_BLOCK
17667,17669,FLOW
17740,17669,HAS_BLOCK
17669,17670,FLOW
17669,17673,FLOW
17669,17624,FLOW
17740,17670,HAS_BLOCK
17670,17584,FLOW
17740,17673,HAS_BLOCK
17673,17584,FLOW
17740,17675,HAS_BLOCK
17675,17677,FLOW
17740,17677,HAS_BLOCK
17677,17678,FLOW
17677,17679,FLOW
17677,17624,FLOW
17740,17678,HAS_BLOCK
17678,17584,FLOW
17740,17679,HAS_BLOCK
17679,17584,FLOW
17740,17681,HAS_BLOCK
17681,17683,FLOW
17740,17683,HAS_BLOCK
17683,17684,FLOW
17683,17685,FLOW
17683,17624,FLOW
17740,17684,HAS_BLOCK
17684,17584,FLOW
17740,17685,HAS_BLOCK
17685,17584,FLOW
17740,17687,HAS_BLOCK
17687,17691,FLOW
17740,17691,HAS_BLOCK
17691,17692,FLOW
17691,17693,FLOW
17691,17624,FLOW
17740,17692,HAS_BLOCK
17692,17584,FLOW
17740,17693,HAS_BLOCK
17693,17584,FLOW
17740,17695,HAS_BLOCK
17695,17697,FLOW
17740,17697,HAS_BLOCK
17697,17698,FLOW
17697,17699,FLOW
17697,17624,FLOW
17740,17698,HAS_BLOCK
17698,17584,FLOW
17740,17699,HAS_BLOCK
17699,17584,FLOW
17740,17701,HAS_BLOCK
17701,17703,FLOW
17740,17703,HAS_BLOCK
17703,17704,FLOW
17703,17707,FLOW
17703,17624,FLOW
17740,17704,HAS_BLOCK
17704,17584,FLOW
17740,17707,HAS_BLOCK
17707,17584,FLOW
17740,17709,HAS_BLOCK
17709,17711,FLOW
17740,17711,HAS_BLOCK
17711,17712,FLOW
17711,17713,FLOW
17711,17624,FLOW
17740,17712,HAS_BLOCK
17712,17584,FLOW
17740,17713,HAS_BLOCK
17713,17584,FLOW
17740,17715,HAS_BLOCK
17715,17717,FLOW
17740,17717,HAS_BLOCK
17717,17718,FLOW
17717,17719,FLOW
17717,17624,FLOW
17740,17718,HAS_BLOCK
17718,17584,FLOW
17740,17719,HAS_BLOCK
17719,17584,FLOW
17740,17721,HAS_BLOCK
17721,17725,FLOW
17740,17725,HAS_BLOCK
17725,17726,FLOW
17725,17727,FLOW
17725,17624,FLOW
17740,17726,HAS_BLOCK
17726,17584,FLOW
17740,17727,HAS_BLOCK
17727,17584,FLOW
17740,17729,HAS_BLOCK
17729,17731,FLOW
17740,17731,HAS_BLOCK
17731,17732,FLOW
17731,17733,FLOW
17731,17624,FLOW
17740,17732,HAS_BLOCK
17732,17584,FLOW
17740,17733,HAS_BLOCK
17733,17584,FLOW
17740,17735,HAS_BLOCK
17735,17737,FLOW
17740,17737,HAS_BLOCK
17737,17738,FLOW
17737,17582,FLOW
17737,17624,FLOW
17740,17738,HAS_BLOCK
17738,17584,FLOW
17740,17582,HAS_BLOCK
17582,17584,FLOW
17740,17584,HAS_BLOCK
17584,17740,RETURN
15758,15759,HAS_PARAM
15758,15760,HAS_PARAM
15758,15725,HAS_BLOCK
15725,15739,FLOW
15725,15737,FLOW
15725,15735,FLOW
15725,15733,FLOW
15725,15731,FLOW
15725,15729,FLOW
15725,15727,FLOW
15725,15756,FLOW
15725,15754,FLOW
15725,15752,FLOW
15725,15750,FLOW
15725,15748,FLOW
15725,15746,FLOW
15725,15744,FLOW
15725,15742,FLOW
15725,15726,FLOW
15758,15726,HAS_BLOCK
15758,15742,HAS_BLOCK
15742,15741,FLOW
15758,15744,HAS_BLOCK
15744,15741,FLOW
15758,15746,HAS_BLOCK
15746,15741,FLOW
15758,15748,HAS_BLOCK
15748,15741,FLOW
15758,15750,HAS_BLOCK
15750,15741,FLOW
15758,15752,HAS_BLOCK
15752,15741,FLOW
15758,15754,HAS_BLOCK
15754,15741,FLOW
15758,15756,HAS_BLOCK
15756,15741,FLOW
15758,15727,HAS_BLOCK
15727,15741,FLOW
15758,15729,HAS_BLOCK
15729,15741,FLOW
15758,15731,HAS_BLOCK
15731,15741,FLOW
15758,15733,HAS_BLOCK
15733,15741,FLOW
15758,15735,HAS_BLOCK
15735,15741,FLOW
15758,15737,HAS_BLOCK
15737,15741,FLOW
15758,15739,HAS_BLOCK
15739,15741,FLOW
15758,15741,HAS_BLOCK
15741,15758,RETURN
15651,15652,HAS_PARAM
15651,15599,HAS_BLOCK
15599,15613,FLOW
15599,15611,FLOW
15599,15609,FLOW
15599,15607,FLOW
15599,15605,FLOW
15599,15603,FLOW
15599,15601,FLOW
15599,15649,FLOW
15599,15647,FLOW
15599,15645,FLOW
15599,15643,FLOW
15599,15641,FLOW
15599,15639,FLOW
15599,15632,FLOW
15599,15619,FLOW
15599,15600,FLOW
15651,15600,HAS_BLOCK
15651,15619,HAS_BLOCK
15619,15636,FLOW
15651,15632,HAS_BLOCK
15632,15635,FLOW
15651,15639,HAS_BLOCK
15639,15634,FLOW
15651,15641,HAS_BLOCK
15641,15629,FLOW
15651,15643,HAS_BLOCK
15643,15628,FLOW
15651,15645,HAS_BLOCK
15645,15627,FLOW
15651,15647,HAS_BLOCK
15647,15626,FLOW
15651,15649,HAS_BLOCK
15649,15625,FLOW
15651,15601,HAS_BLOCK
15601,15624,FLOW
15651,15603,HAS_BLOCK
15603,15623,FLOW
15651,15605,HAS_BLOCK
15605,15622,FLOW
15651,15607,HAS_BLOCK
15607,15621,FLOW
15651,15609,HAS_BLOCK
15609,15617,FLOW
15651,15611,HAS_BLOCK
15611,15616,FLOW
15651,15613,HAS_BLOCK
15613,15615,FLOW
15651,15615,HAS_BLOCK
15615,15637,FLOW
15651,15616,HAS_BLOCK
15616,15637,FLOW
15651,15617,HAS_BLOCK
15617,15620,FLOW
15651,15620,HAS_BLOCK
15620,15637,FLOW
15651,15621,HAS_BLOCK
15621,15637,FLOW
15651,15622,HAS_BLOCK
15622,15637,FLOW
15651,15623,HAS_BLOCK
15623,15637,FLOW
15651,15624,HAS_BLOCK
15624,15637,FLOW
15651,15625,HAS_BLOCK
15625,15637,FLOW
15651,15626,HAS_BLOCK
15626,15637,FLOW
15651,15627,HAS_BLOCK
15627,15637,FLOW
15651,15628,HAS_BLOCK
15628,15637,FLOW
15651,15629,HAS_BLOCK
15629,15633,FLOW
15651,15633,HAS_BLOCK
15633,15637,FLOW
15651,15634,HAS_BLOCK
15634,15637,FLOW
15651,15635,HAS_BLOCK
15635,15637,FLOW
15651,15636,HAS_BLOCK
15636,15637,FLOW
15651,15637,HAS_BLOCK
15637,15651,RETURN
15722,15723,HAS_PARAM
15722,15724,HAS_PARAM
15722,15653,HAS_BLOCK
15653,15666,FLOW
15653,15654,FLOW
15722,15654,HAS_BLOCK
15654,15704,FLOW
15654,15717,FLOW
15654,15718,FLOW
15654,15719,FLOW
15654,15720,FLOW
15654,15721,FLOW
15654,15655,FLOW
15654,15656,FLOW
15654,15657,FLOW
15654,15658,FLOW
15654,15659,FLOW
15654,15660,FLOW
15654,15661,FLOW
15654,15662,FLOW
15654,15663,FLOW
15654,15687,FLOW
15722,15666,HAS_BLOCK
15666,15716,FLOW
15722,15687,HAS_BLOCK
15722,15704,HAS_BLOCK
15704,15694,FLOW
15704,15687,FLOW
15722,15717,HAS_BLOCK
15717,15692,FLOW
15717,15687,FLOW
15722,15718,HAS_BLOCK
15718,15690,FLOW
15718,15687,FLOW
15722,15719,HAS_BLOCK
15719,15688,FLOW
15719,15687,FLOW
15722,15720,HAS_BLOCK
15720,15685,FLOW
15720,15687,FLOW
15722,15721,HAS_BLOCK
15721,15683,FLOW
15721,15687,FLOW
15722,15655,HAS_BLOCK
15655,15681,FLOW
15655,15687,FLOW
15722,15656,HAS_BLOCK
15656,15679,FLOW
15656,15687,FLOW
15722,15657,HAS_BLOCK
15657,15677,FLOW
15657,15687,FLOW
15722,15658,HAS_BLOCK
15658,15675,FLOW
15658,15687,FLOW
15722,15659,HAS_BLOCK
15659,15673,FLOW
15659,15687,FLOW
15722,15660,HAS_BLOCK
15660,15671,FLOW
15660,15687,FLOW
15722,15661,HAS_BLOCK
15661,15669,FLOW
15661,15687,FLOW
15722,15662,HAS_BLOCK
15662,15667,FLOW
15662,15687,FLOW
15722,15663,HAS_BLOCK
15663,15664,FLOW
15663,15687,FLOW
15722,15664,HAS_BLOCK
15664,15716,FLOW
15722,15667,HAS_BLOCK
15667,15716,FLOW
15722,15669,HAS_BLOCK
15669,15716,FLOW
15722,15671,HAS_BLOCK
15671,15712,FLOW
15722,15673,HAS_BLOCK
15673,15716,FLOW
15722,15675,HAS_BLOCK
15675,15716,FLOW
15722,15677,HAS_BLOCK
15677,15716,FLOW
15722,15679,HAS_BLOCK
15679,15716,FLOW
15722,15681,HAS_BLOCK
15681,15716,FLOW
15722,15683,HAS_BLOCK
15683,15716,FLOW
15722,15685,HAS_BLOCK
15685,15708,FLOW
15722,15688,HAS_BLOCK
15688,15703,FLOW
15722,15690,HAS_BLOCK
15690,15696,FLOW
15722,15692,HAS_BLOCK
15692,15716,FLOW
15722,15694,HAS_BLOCK
15694,15716,FLOW
15722,15696,HAS_BLOCK
15696,15702,FLOW
15696,15697,FLOW
15722,15697,HAS_BLOCK
15697,15699,FLOW
15722,15699,HAS_BLOCK
15699,15702,FLOW
15699,15700,FLOW
15722,15700,HAS_BLOCK
15700,15716,FLOW
15722,15702,HAS_BLOCK
15702,15716,FLOW
15722,15703,HAS_BLOCK
15703,15707,FLOW
15703,15705,FLOW
15722,15705,HAS_BLOCK
15705,15716,FLOW
15722,15707,HAS_BLOCK
15707,15716,FLOW
15722,15708,HAS_BLOCK
15708,15711,FLOW
15708,15709,FLOW
15722,15709,HAS_BLOCK
15709,15716,FLOW
15722,15711,HAS_BLOCK
15711,15716,FLOW
15722,15712,HAS_BLOCK
15712,15715,FLOW
15712,15713,FLOW
15722,15713,HAS_BLOCK
15713,15716,FLOW
15722,15715,HAS_BLOCK
15715,15716,FLOW
15722,15716,HAS_BLOCK
15716,15722,RETURN
22034,22035,HAS_PARAM
22034,22036,HAS_PARAM
22034,21841,HAS_BLOCK
21841,21885,FLOW
21841,21883,FLOW
21841,21882,FLOW
21841,21878,FLOW
21841,21867,FLOW
21841,21855,FLOW
21841,21843,FLOW
21841,22021,FLOW
21841,22002,FLOW
21841,21983,FLOW
21841,21964,FLOW
21841,21947,FLOW
21841,21928,FLOW
21841,21909,FLOW
21841,21891,FLOW
21841,21842,FLOW
22034,21842,HAS_BLOCK
22034,21891,HAS_BLOCK
21891,22006,FLOW
21891,21851,FLOW
21891,21851,UNWIND
22034,21909,HAS_BLOCK
21909,21846,FLOW
22034,21928,HAS_BLOCK
21928,21846,FLOW
22034,21947,HAS_BLOCK
21947,21977,FLOW
21947,21857,FLOW
21947,21857,UNWIND
22034,21964,HAS_BLOCK
21964,21846,FLOW
22034,21983,HAS_BLOCK
21983,21846,FLOW
22034,22002,HAS_BLOCK
22002,21846,FLOW
22034,22021,HAS_BLOCK
22021,21846,FLOW
22034,21843,HAS_BLOCK
21843,21846,FLOW
22034,21855,HAS_BLOCK
21855,21846,FLOW
22034,21867,HAS_BLOCK
21867,21951,FLOW
21867,21861,FLOW
21867,21861,UNWIND
22034,21878,HAS_BLOCK
21878,21922,FLOW
21878,21865,FLOW
21878,21865,UNWIND
22034,21882,HAS_BLOCK
21882,21887,FLOW
21882,21871,FLOW
21882,21871,UNWIND
22034,21883,HAS_BLOCK
21883,21846,FLOW
22034,21885,HAS_BLOCK
21885,21846,FLOW
22034,21887,HAS_BLOCK
21887,21888,FLOW
21887,21871,FLOW
21887,21871,UNWIND
22034,21888,HAS_BLOCK
21888,21889,FLOW
21888,21871,FLOW
21888,21871,UNWIND
22034,21889,HAS_BLOCK
21889,21892,FLOW
21889,21871,FLOW
21889,21871,UNWIND
22034,21892,HAS_BLOCK
21892,21894,FLOW
22034,21894,HAS_BLOCK
21894,21895,FLOW
21894,21897,FLOW
21894,21842,FLOW
22034,21895,HAS_BLOCK
21895,21899,FLOW
21895,21869,FLOW
21895,21869,UNWIND
22034,21897,HAS_BLOCK
21897,21845,FLOW
22034,21899,HAS_BLOCK
21899,21901,FLOW
21899,21869,FLOW
21899,21869,UNWIND
22034,21901,HAS_BLOCK
21901,21902,FLOW
21901,21904,FLOW
21901,21842,FLOW
22034,21902,HAS_BLOCK
21902,21906,FLOW
21902,21869,FLOW
21902,21869,UNWIND
22034,21904,HAS_BLOCK
21904,21872,FLOW
21904,21869,FLOW
21904,21869,UNWIND
22034,21906,HAS_BLOCK
21906,21908,FLOW
21906,21869,FLOW
21906,21869,UNWIND
22034,21908,HAS_BLOCK
21908,21910,FLOW
21908,21912,FLOW
21908,21842,FLOW
22034,21910,HAS_BLOCK
21910,21914,FLOW
21910,21869,FLOW
21910,21869,UNWIND
22034,21912,HAS_BLOCK
21912,21873,FLOW
21912,21869,FLOW
21912,21869,UNWIND
22034,21914,HAS_BLOCK
21914,21916,FLOW
21914,21869,FLOW
21914,21869,UNWIND
22034,21916,HAS_BLOCK
21916,21917,FLOW
21916,21919,FLOW
21916,21842,FLOW
22034,21917,HAS_BLOCK
21917,21921,FLOW
21917,21869,FLOW
21917,21869,UNWIND
22034,21919,HAS_BLOCK
21919,21874,FLOW
21919,21869,FLOW
21919,21869,UNWIND
22034,21921,HAS_BLOCK
21921,21846,FLOW
22034,21922,HAS_BLOCK
21922,21923,FLOW
21922,21865,FLOW
21922,21865,UNWIND
22034,21923,HAS_BLOCK
21923,21925,FLOW
21923,21865,FLOW
21923,21865,UNWIND
22034,21925,HAS_BLOCK
21925,21929,FLOW
22034,21929,HAS_BLOCK
21929,21930,FLOW
21929,21932,FLOW
21929,21842,FLOW
22034,21930,HAS_BLOCK
21930,21934,FLOW
21930,21863,FLOW
21930,21863,UNWIND
22034,21932,HAS_BLOCK
21932,22032,FLOW
22034,21934,HAS_BLOCK
21934,21936,FLOW
21934,21863,FLOW
21934,21863,UNWIND
22034,21936,HAS_BLOCK
21936,21937,FLOW
21936,21939,FLOW
21936,21842,FLOW
22034,21937,HAS_BLOCK
21937,21941,FLOW
21937,21863,FLOW
21937,21863,UNWIND
22034,21939,HAS_BLOCK
21939,21875,FLOW
21939,21863,FLOW
21939,21863,UNWIND
22034,21941,HAS_BLOCK
21941,21943,FLOW
21941,21863,FLOW
21941,21863,UNWIND
22034,21943,HAS_BLOCK
21943,21944,FLOW
21943,21948,FLOW
21943,21842,FLOW
22034,21944,HAS_BLOCK
21944,21950,FLOW
21944,21863,FLOW
21944,21863,UNWIND
22034,21948,HAS_BLOCK
21948,21876,FLOW
21948,21863,FLOW
21948,21863,UNWIND
22034,21950,HAS_BLOCK
21950,21846,FLOW
22034,21951,HAS_BLOCK
21951,21952,FLOW
21951,21861,FLOW
21951,21861,UNWIND
22034,21952,HAS_BLOCK
21952,21954,FLOW
21952,21861,FLOW
21952,21861,UNWIND
22034,21954,HAS_BLOCK
21954,21956,FLOW
22034,21956,HAS_BLOCK
21956,21957,FLOW
21956,21959,FLOW
21956,21842,FLOW
22034,21957,HAS_BLOCK
21957,21961,FLOW
21957,21859,FLOW
21957,21859,UNWIND
22034,21959,HAS_BLOCK
21959,22030,FLOW
22034,21961,HAS_BLOCK
21961,21963,FLOW
21961,21859,FLOW
21961,21859,UNWIND
22034,21963,HAS_BLOCK
21963,21965,FLOW
21963,21967,FLOW
21963,21842,FLOW
22034,21965,HAS_BLOCK
21965,21969,FLOW
21965,21859,FLOW
21965,21859,UNWIND
22034,21967,HAS_BLOCK
21967,21877,FLOW
21967,21859,FLOW
21967,21859,UNWIND
22034,21969,HAS_BLOCK
21969,21971,FLOW
21969,21859,FLOW
21969,21859,UNWIND
22034,21971,HAS_BLOCK
21971,21972,FLOW
21971,21974,FLOW
21971,21842,FLOW
22034,21972,HAS_BLOCK
21972,21976,FLOW
21972,21859,FLOW
21972,21859,UNWIND
22034,21974,HAS_BLOCK
21974,21879,FLOW
21974,21859,FLOW
21974,21859,UNWIND
22034,21976,HAS_BLOCK
21976,21846,FLOW
22034,21977,HAS_BLOCK
21977,21978,FLOW
21977,21857,FLOW
21977,21857,UNWIND
22034,21978,HAS_BLOCK
21978,21980,FLOW
21978,21857,FLOW
21978,21857,UNWIND
22034,21980,HAS_BLOCK
21980,21984,FLOW
22034,21984,HAS_BLOCK
21984,21985,FLOW
21984,21987,FLOW
21984,21842,FLOW
22034,21985,HAS_BLOCK
21985,21989,FLOW
21985,21853,FLOW
21985,21853,UNWIND
22034,21987,HAS_BLOCK
21987,22028,FLOW
22034,21989,HAS_BLOCK
21989,21991,FLOW
21989,21853,FLOW
21989,21853,UNWIND
22034,21991,HAS_BLOCK
21991,21992,FLOW
21991,21994,FLOW
21991,21842,FLOW
22034,21992,HAS_BLOCK
21992,21996,FLOW
21992,21853,FLOW
21992,21853,UNWIND
22034,21994,HAS_BLOCK
21994,21880,FLOW
21994,21853,FLOW
21994,21853,UNWIND
22034,21996,HAS_BLOCK
21996,21998,FLOW
21996,21853,FLOW
21996,21853,UNWIND
22034,21998,HAS_BLOCK
21998,21999,FLOW
21998,22003,FLOW
21998,21842,FLOW
22034,21999,HAS_BLOCK
21999,22005,FLOW
21999,21853,FLOW
21999,21853,UNWIND
22034,22003,HAS_BLOCK
22003,21881,FLOW
22003,21853,FLOW
22003,21853,UNWIND
22034,22005,HAS_BLOCK
22005,21846,FLOW
22034,22006,HAS_BLOCK
22006,22008,FLOW
22006,21851,FLOW
22006,21851,UNWIND
22034,22008,HAS_BLOCK
22008,22010,FLOW
22034,22010,HAS_BLOCK
22010,22011,FLOW
22010,22013,FLOW
22010,21842,FLOW
22034,22011,HAS_BLOCK
22011,22015,FLOW
22011,21849,FLOW
22011,21849,UNWIND
22034,22013,HAS_BLOCK
22013,22026,FLOW
22034,22015,HAS_BLOCK
22015,22017,FLOW
22015,21849,FLOW
22015,21849,UNWIND
22034,22017,HAS_BLOCK
22017,22018,FLOW
22017,22022,FLOW
22017,21842,FLOW
22034,22018,HAS_BLOCK
22018,22025,FLOW
22018,21849,FLOW
22018,21849,UNWIND
22034,22022,HAS_BLOCK
22022,22024,FLOW
22022,21849,FLOW
22022,21849,UNWIND
22034,22024,HAS_BLOCK
22024,22026,FLOW
22034,22025,HAS_BLOCK
22025,21846,FLOW
22034,22026,HAS_BLOCK
22026,21846,FLOW
22034,22027,HAS_BLOCK
22027,22028,FLOW
22034,22028,HAS_BLOCK
22028,21846,FLOW
22034,22029,HAS_BLOCK
22029,22030,FLOW
22034,22030,HAS_BLOCK
22030,21846,FLOW
22034,22031,HAS_BLOCK
22031,22032,FLOW
22034,22032,HAS_BLOCK
22032,21846,FLOW
22034,21844,HAS_BLOCK
21844,21845,FLOW
22034,21845,HAS_BLOCK
21845,21846,FLOW
22034,21846,HAS_BLOCK
21846,22034,RETURN
22034,21847,HAS_BLOCK
22034,21848,HAS_BLOCK
21848,21847,FLOW
22034,21849,HAS_BLOCK
21849,21847,FLOW
21849,21848,FLOW
22034,21850,HAS_BLOCK
21850,21847,FLOW
22034,21851,HAS_BLOCK
21851,21847,FLOW
21851,21850,FLOW
22034,21852,HAS_BLOCK
21852,21847,FLOW
22034,21853,HAS_BLOCK
21853,21847,FLOW
21853,21852,FLOW
22034,21856,HAS_BLOCK
21856,21847,FLOW
22034,21857,HAS_BLOCK
21857,21847,FLOW
21857,21856,FLOW
22034,21858,HAS_BLOCK
21858,21847,FLOW
22034,21859,HAS_BLOCK
21859,21847,FLOW
21859,21858,FLOW
22034,21860,HAS_BLOCK
21860,21847,FLOW
22034,21861,HAS_BLOCK
21861,21847,FLOW
21861,21860,FLOW
22034,21862,HAS_BLOCK
21862,21847,FLOW
22034,21863,HAS_BLOCK
21863,21847,FLOW
21863,21862,FLOW
22034,21864,HAS_BLOCK
21864,21847,FLOW
22034,21865,HAS_BLOCK
21865,21847,FLOW
21865,21864,FLOW
22034,21868,HAS_BLOCK
21868,21847,FLOW
22034,21869,HAS_BLOCK
21869,21847,FLOW
21869,21868,FLOW
22034,21870,HAS_BLOCK
21870,21847,FLOW
22034,21871,HAS_BLOCK
21871,21847,FLOW
21871,21870,FLOW
22034,21872,HAS_BLOCK
21872,21844,FLOW
22034,21873,HAS_BLOCK
21873,21844,FLOW
22034,21874,HAS_BLOCK
21874,21844,FLOW
22034,21875,HAS_BLOCK
21875,22031,FLOW
22034,21876,HAS_BLOCK
21876,22031,FLOW
22034,21877,HAS_BLOCK
21877,22029,FLOW
22034,21879,HAS_BLOCK
21879,22029,FLOW
22034,21880,HAS_BLOCK
21880,22027,FLOW
22034,21881,HAS_BLOCK
21881,22027,FLOW
19751,19752,HAS_PARAM
19751,19748,HAS_BLOCK
19748,19750,FLOW
19751,19750,HAS_BLOCK
19750,19751,RETURN
17751,17752,HAS_PARAM
17751,17753,HAS_PARAM
17751,17748,HAS_BLOCK
17748,17750,FLOW
17751,17750,HAS_BLOCK
17750,17751,RETURN
17961,17962,HAS_PARAM
17961,17963,HAS_PARAM
17961,17941,HAS_BLOCK
17941,17949,FLOW
17941,17948,FLOW
17941,17947,FLOW
17941,17946,FLOW
17941,17945,FLOW
17941,17944,FLOW
17941,17943,FLOW
17941,17960,FLOW
17941,17959,FLOW
17941,17958,FLOW
17941,17957,FLOW
17941,17956,FLOW
17941,17955,FLOW
17941,17954,FLOW
17941,17953,FLOW
17941,17942,FLOW
17961,17942,HAS_BLOCK
17942,17950,FLOW
17961,17953,HAS_BLOCK
17953,17951,FLOW
17961,17954,HAS_BLOCK
17954,17951,FLOW
17961,17955,HAS_BLOCK
17955,17951,FLOW
17961,17956,HAS_BLOCK
17956,17951,FLOW
17961,17957,HAS_BLOCK
17957,17951,FLOW
17961,17958,HAS_BLOCK
17958,17951,FLOW
17961,17959,HAS_BLOCK
17959,17951,FLOW
17961,17960,HAS_BLOCK
17960,17951,FLOW
17961,17943,HAS_BLOCK
17943,17951,FLOW
17961,17944,HAS_BLOCK
17944,17951,FLOW
17961,17945,HAS_BLOCK
17945,17951,FLOW
17961,17946,HAS_BLOCK
17946,17951,FLOW
17961,17947,HAS_BLOCK
17947,17951,FLOW
17961,17948,HAS_BLOCK
17948,17951,FLOW
17961,17949,HAS_BLOCK
17949,17951,FLOW
17961,17950,HAS_BLOCK
17950,17951,FLOW
17961,17951,HAS_BLOCK
17951,17961,RETURN
17938,17939,HAS_PARAM
17938,17940,HAS_PARAM
17938,17874,HAS_BLOCK
17874,17927,FLOW
17938,17876,HAS_BLOCK
17876,17928,FLOW
17938,17893,HAS_BLOCK
17893,17929,FLOW
17938,17909,HAS_BLOCK
17909,17926,FLOW
17938,17921,HAS_BLOCK
17921,17929,FLOW
17938,17930,HAS_BLOCK
17930,17925,FLOW
17938,17932,HAS_BLOCK
17932,17929,FLOW
17938,17933,HAS_BLOCK
17933,17924,FLOW
17938,17935,HAS_BLOCK
17935,17929,FLOW
17938,17936,HAS_BLOCK
17936,17923,FLOW
17938,17877,HAS_BLOCK
17877,17929,FLOW
17938,17878,HAS_BLOCK
17878,17922,FLOW
17938,17880,HAS_BLOCK
17880,17929,FLOW
17938,17881,HAS_BLOCK
17881,17919,FLOW
17938,17883,HAS_BLOCK
17883,17929,FLOW
17938,17884,HAS_BLOCK
17884,17918,FLOW
17938,17886,HAS_BLOCK
17886,17929,FLOW
17938,17887,HAS_BLOCK
17887,17917,FLOW
17938,17889,HAS_BLOCK
17889,17929,FLOW
17938,17890,HAS_BLOCK
17890,17916,FLOW
17938,17894,HAS_BLOCK
17894,17929,FLOW
17938,17895,HAS_BLOCK
17895,17915,FLOW
17938,17897,HAS_BLOCK
17897,17929,FLOW
17938,17898,HAS_BLOCK
17898,17914,FLOW
17938,17900,HAS_BLOCK
17900,17929,FLOW
17938,17901,HAS_BLOCK
17901,17913,FLOW
17938,17903,HAS_BLOCK
17903,17929,FLOW
17938,17904,HAS_BLOCK
17904,17912,FLOW
17938,17906,HAS_BLOCK
17906,17929,FLOW
17938,17907,HAS_BLOCK
17907,17911,FLOW
17938,17910,HAS_BLOCK
17910,17929,FLOW
17938,17911,HAS_BLOCK
17911,17876,FLOW
17911,17910,FLOW
17938,17912,HAS_BLOCK
17912,17907,FLOW
17912,17906,FLOW
17938,17913,HAS_BLOCK
17913,17904,FLOW
17913,17903,FLOW
17938,17914,HAS_BLOCK
17914,17901,FLOW
17914,17900,FLOW
17938,17915,HAS_BLOCK
17915,17898,FLOW
17915,17897,FLOW
17938,17916,HAS_BLOCK
17916,17895,FLOW
17916,17894,FLOW
17938,17917,HAS_BLOCK
17917,17890,FLOW
17917,17889,FLOW
17938,17918,HAS_BLOCK
17918,17887,FLOW
17918,17886,FLOW
17938,17919,HAS_BLOCK
17919,17884,FLOW
17919,17883,FLOW
17938,17922,HAS_BLOCK
17922,17881,FLOW
17922,17880,FLOW
17938,17923,HAS_BLOCK
17923,17878,FLOW
17923,17877,FLOW
17938,17924,HAS_BLOCK
17924,17936,FLOW
17924,17935,FLOW
17938,17925,HAS_BLOCK
17925,17933,FLOW
17925,17932,FLOW
17938,17926,HAS_BLOCK
17926,17930,FLOW
17926,17921,FLOW
17938,17927,HAS_BLOCK
17927,17909,FLOW
17927,17893,FLOW
17938,17928,HAS_BLOCK
17928,17929,FLOW
17938,17929,HAS_BLOCK
17929,17938,RETURN
17871,17872,HAS_PARAM
17871,17873,HAS_PARAM
17871,17754,HAS_BLOCK
17754,17781,FLOW
17754,17783,FLOW
17871,17755,HAS_BLOCK
17755,17765,FLOW
17871,17783,HAS_BLOCK
17783,17794,FLOW
17783,17769,FLOW
17783,17755,FLOW
17871,17794,HAS_BLOCK
17794,17805,FLOW
17794,17755,FLOW
17871,17805,HAS_BLOCK
17805,17816,FLOW
17805,17755,FLOW
17871,17816,HAS_BLOCK
17816,17827,FLOW
17816,17755,FLOW
17871,17827,HAS_BLOCK
17827,17838,FLOW
17827,17755,FLOW
17871,17838,HAS_BLOCK
17838,17849,FLOW
17838,17755,FLOW
17871,17849,HAS_BLOCK
17849,17860,FLOW
17849,17755,FLOW
17871,17860,HAS_BLOCK
17860,17756,FLOW
17860,17755,FLOW
17871,17756,HAS_BLOCK
17756,17764,FLOW
17756,17755,FLOW
17871,17769,HAS_BLOCK
17769,17774,FLOW
17769,17755,FLOW
17871,17774,HAS_BLOCK
17774,17775,FLOW
17774,17755,FLOW
17871,17775,HAS_BLOCK
17775,17776,FLOW
17775,17755,FLOW
17871,17776,HAS_BLOCK
17776,17777,FLOW
17776,17755,FLOW
17871,17777,HAS_BLOCK
17777,17778,FLOW
17777,17755,FLOW
17871,17778,HAS_BLOCK
17778,17779,FLOW
17778,17755,FLOW
17871,17779,HAS_BLOCK
17779,17780,FLOW
17779,17755,FLOW
17871,17780,HAS_BLOCK
17780,17870,FLOW
17780,17755,FLOW
17871,17781,HAS_BLOCK
17781,17789,FLOW
17781,17784,FLOW
17871,17784,HAS_BLOCK
17784,17785,FLOW
17784,17787,FLOW
17784,17755,FLOW
17871,17785,HAS_BLOCK
17785,17786,FLOW
17785,17755,FLOW
17871,17786,HAS_BLOCK
17786,17763,FLOW
17786,17755,FLOW
17871,17787,HAS_BLOCK
17787,17788,FLOW
17787,17755,FLOW
17871,17788,HAS_BLOCK
17788,17762,FLOW
17788,17755,FLOW
17871,17789,HAS_BLOCK
17789,17802,FLOW
17789,17790,FLOW
17871,17790,HAS_BLOCK
17790,17791,FLOW
17790,17797,FLOW
17790,17755,FLOW
17871,17791,HAS_BLOCK
17791,17792,FLOW
17791,17755,FLOW
17871,17792,HAS_BLOCK
17792,17793,FLOW
17792,17755,FLOW
17871,17793,HAS_BLOCK
17793,17795,FLOW
17793,17755,FLOW
17871,17795,HAS_BLOCK
17795,17796,FLOW
17795,17755,FLOW
17871,17796,HAS_BLOCK
17796,17761,FLOW
17796,17755,FLOW
17871,17797,HAS_BLOCK
17797,17798,FLOW
17797,17755,FLOW
17871,17798,HAS_BLOCK
17798,17799,FLOW
17798,17755,FLOW
17871,17799,HAS_BLOCK
17799,17800,FLOW
17799,17755,FLOW
17871,17800,HAS_BLOCK
17800,17801,FLOW
17800,17755,FLOW
17871,17801,HAS_BLOCK
17801,17866,FLOW
17801,17755,FLOW
17871,17802,HAS_BLOCK
17802,17826,FLOW
17802,17803,FLOW
17871,17803,HAS_BLOCK
17803,17804,FLOW
17803,17809,FLOW
17803,17813,FLOW
17803,17818,FLOW
17803,17822,FLOW
17803,17755,FLOW
17871,17804,HAS_BLOCK
17804,17806,FLOW
17804,17755,FLOW
17871,17806,HAS_BLOCK
17806,17807,FLOW
17806,17755,FLOW
17871,17807,HAS_BLOCK
17807,17808,FLOW
17807,17755,FLOW
17871,17808,HAS_BLOCK
17808,17760,FLOW
17808,17755,FLOW
17871,17809,HAS_BLOCK
17809,17810,FLOW
17809,17755,FLOW
17871,17810,HAS_BLOCK
17810,17811,FLOW
17810,17755,FLOW
17871,17811,HAS_BLOCK
17811,17812,FLOW
17811,17755,FLOW
17871,17812,HAS_BLOCK
17812,17759,FLOW
17812,17755,FLOW
17871,17813,HAS_BLOCK
17813,17814,FLOW
17813,17755,FLOW
17871,17814,HAS_BLOCK
17814,17815,FLOW
17814,17755,FLOW
17871,17815,HAS_BLOCK
17815,17817,FLOW
17815,17755,FLOW
17871,17817,HAS_BLOCK
17817,17758,FLOW
17817,17755,FLOW
17871,17818,HAS_BLOCK
17818,17819,FLOW
17818,17755,FLOW
17871,17819,HAS_BLOCK
17819,17820,FLOW
17819,17755,FLOW
17871,17820,HAS_BLOCK
17820,17821,FLOW
17820,17755,FLOW
17871,17821,HAS_BLOCK
17821,17757,FLOW
17821,17755,FLOW
17871,17822,HAS_BLOCK
17822,17823,FLOW
17822,17755,FLOW
17871,17823,HAS_BLOCK
17823,17824,FLOW
17823,17755,FLOW
17871,17824,HAS_BLOCK
17824,17825,FLOW
17824,17755,FLOW
17871,17825,HAS_BLOCK
17825,17868,FLOW
17825,17755,FLOW
17871,17826,HAS_BLOCK
17826,17836,FLOW
17826,17828,FLOW
17871,17828,HAS_BLOCK
17828,17829,FLOW
17828,17755,FLOW
17871,17829,HAS_BLOCK
17829,17830,FLOW
17829,17755,FLOW
17871,17830,HAS_BLOCK
17830,17831,FLOW
17830,17755,FLOW
17871,17831,HAS_BLOCK
17831,17832,FLOW
17831,17755,FLOW
17871,17832,HAS_BLOCK
17832,17833,FLOW
17832,17755,FLOW
17871,17833,HAS_BLOCK
17833,17834,FLOW
17833,17755,FLOW
17871,17834,HAS_BLOCK
17834,17835,FLOW
17834,17755,FLOW
17871,17835,HAS_BLOCK
17835,17869,FLOW
17835,17755,FLOW
17871,17836,HAS_BLOCK
17836,17852,FLOW
17836,17837,FLOW
17871,17837,HAS_BLOCK
17837,17839,FLOW
17837,17845,FLOW
17837,17755,FLOW
17871,17839,HAS_BLOCK
17839,17840,FLOW
17839,17755,FLOW
17871,17840,HAS_BLOCK
17840,17841,FLOW
17840,17755,FLOW
17871,17841,HAS_BLOCK
17841,17842,FLOW
17841,17755,FLOW
17871,17842,HAS_BLOCK
17842,17843,FLOW
17842,17755,FLOW
17871,17843,HAS_BLOCK
17843,17844,FLOW
17843,17755,FLOW
17871,17844,HAS_BLOCK
17844,17867,FLOW
17844,17755,FLOW
17871,17845,HAS_BLOCK
17845,17846,FLOW
17845,17755,FLOW
17871,17846,HAS_BLOCK
17846,17847,FLOW
17846,17755,FLOW
17871,17847,HAS_BLOCK
17847,17848,FLOW
17847,17755,FLOW
17871,17848,HAS_BLOCK
17848,17850,FLOW
17848,17755,FLOW
17871,17850,HAS_BLOCK
17850,17851,FLOW
17850,17755,FLOW
17871,17851,HAS_BLOCK
17851,17864,FLOW
17851,17755,FLOW
17871,17852,HAS_BLOCK
17852,17755,FLOW
17852,17853,FLOW
17871,17853,HAS_BLOCK
17853,17854,FLOW
17853,17755,FLOW
17871,17854,HAS_BLOCK
17854,17855,FLOW
17854,17755,FLOW
17871,17855,HAS_BLOCK
17855,17856,FLOW
17855,17755,FLOW
17871,17856,HAS_BLOCK
17856,17857,FLOW
17856,17755,FLOW
17871,17857,HAS_BLOCK
17857,17858,FLOW
17857,17755,FLOW
17871,17858,HAS_BLOCK
17858,17859,FLOW
17858,17755,FLOW
17871,17859,HAS_BLOCK
17859,17861,FLOW
17859,17755,FLOW
17871,17861,HAS_BLOCK
17861,17862,FLOW
17861,17755,FLOW
17871,17862,HAS_BLOCK
17862,17863,FLOW
17862,17755,FLOW
17871,17863,HAS_BLOCK
17863,17865,FLOW
17863,17755,FLOW
17871,17864,HAS_BLOCK
17864,17771,FLOW
17871,17865,HAS_BLOCK
17865,17771,FLOW
17871,17866,HAS_BLOCK
17866,17771,FLOW
17871,17867,HAS_BLOCK
17867,17771,FLOW
17871,17868,HAS_BLOCK
17868,17771,FLOW
17871,17869,HAS_BLOCK
17869,17771,FLOW
17871,17870,HAS_BLOCK
17870,17771,FLOW
17871,17757,HAS_BLOCK
17757,17771,FLOW
17871,17758,HAS_BLOCK
17758,17771,FLOW
17871,17759,HAS_BLOCK
17759,17771,FLOW
17871,17760,HAS_BLOCK
17760,17771,FLOW
17871,17761,HAS_BLOCK
17761,17771,FLOW
17871,17762,HAS_BLOCK
17762,17771,FLOW
17871,17763,HAS_BLOCK
17763,17771,FLOW
17871,17764,HAS_BLOCK
17764,17771,FLOW
17871,17765,HAS_BLOCK
17765,17767,FLOW
17765,17772,FLOW
17765,17772,UNWIND
17871,17767,HAS_BLOCK
17767,17770,FLOW
17767,17772,FLOW
17767,17772,UNWIND
17871,17770,HAS_BLOCK
17770,17771,FLOW
17871,17771,HAS_BLOCK
17771,17871,RETURN
17871,17772,HAS_BLOCK
17772,17773,FLOW
17871,17773,HAS_BLOCK
17746,17747,HAS_PARAM
17746,17743,HAS_BLOCK
17743,17745,FLOW
17746,17745,HAS_BLOCK
17745,17746,RETURN
17967,17968,HAS_PARAM
17967,17969,HAS_PARAM
17967,17964,HAS_BLOCK
17964,17966,FLOW
17967,17966,HAS_BLOCK
17966,17967,RETURN
18060,18061,HAS_PARAM
18060,18062,HAS_PARAM
18060,18000,HAS_BLOCK
18000,18002,FLOW
18060,18002,HAS_BLOCK
18002,18024,FLOW
18060,18024,HAS_BLOCK
18024,18049,FLOW
18024,18050,FLOW
18024,18045,FLOW
18060,18045,HAS_BLOCK
18060,18049,HAS_BLOCK
18049,18025,FLOW
18049,18021,FLOW
18049,18019,FLOW
18049,18017,FLOW
18049,18015,FLOW
18049,18013,FLOW
18049,18011,FLOW
18049,18009,FLOW
18049,18007,FLOW
18049,18005,FLOW
18049,18003,FLOW
18049,18058,FLOW
18049,18056,FLOW
18049,18054,FLOW
18049,18052,FLOW
18049,18045,FLOW
18060,18050,HAS_BLOCK
18050,18048,FLOW
18060,18052,HAS_BLOCK
18052,18048,FLOW
18060,18054,HAS_BLOCK
18054,18046,FLOW
18060,18056,HAS_BLOCK
18056,18043,FLOW
18060,18058,HAS_BLOCK
18058,18048,FLOW
18060,18003,HAS_BLOCK
18003,18041,FLOW
18060,18005,HAS_BLOCK
18005,18039,FLOW
18060,18007,HAS_BLOCK
18007,18037,FLOW
18060,18009,HAS_BLOCK
18009,18035,FLOW
18060,18011,HAS_BLOCK
18011,18033,FLOW
18060,18013,HAS_BLOCK
18013,18031,FLOW
18060,18015,HAS_BLOCK
18015,18048,FLOW
18060,18017,HAS_BLOCK
18017,18048,FLOW
18060,18019,HAS_BLOCK
18019,18048,FLOW
18060,18021,HAS_BLOCK
18021,18029,FLOW
18060,18025,HAS_BLOCK
18025,18027,FLOW
18060,18027,HAS_BLOCK
18027,18048,FLOW
18060,18029,HAS_BLOCK
18029,18048,FLOW
18060,18031,HAS_BLOCK
18031,18048,FLOW
18060,18033,HAS_BLOCK
18033,18048,FLOW
18060,18035,HAS_BLOCK
18035,18048,FLOW
18060,18037,HAS_BLOCK
18037,18048,FLOW
18060,18039,HAS_BLOCK
18039,18048,FLOW
18060,18041,HAS_BLOCK
18041,18048,FLOW
18060,18043,HAS_BLOCK
18043,18048,FLOW
18060,18046,HAS_BLOCK
18046,18048,FLOW
18060,18048,HAS_BLOCK
18048,18060,RETURN
10579,10584,HAS_PARAM
10579,10589,HAS_PARAM
10579,10564,HAS_BLOCK
10564,10574,FLOW
10579,10574,HAS_BLOCK
10574,10579,RETURN
10782,10787,HAS_PARAM
10782,10792,HAS_PARAM
10782,10757,HAS_BLOCK
10757,10776,FLOW
10757,10772,FLOW
10757,10767,FLOW
10757,10762,FLOW
10782,10762,HAS_BLOCK
10762,10777,FLOW
10782,10767,HAS_BLOCK
10767,10777,FLOW
10782,10772,HAS_BLOCK
10772,10777,FLOW
10782,10776,HAS_BLOCK
10776,10777,FLOW
10782,10777,HAS_BLOCK
10777,10782,RETURN
10742,10747,HAS_PARAM
10742,10752,HAS_PARAM
10742,10692,HAS_BLOCK
10692,10737,FLOW
10742,10702,HAS_BLOCK
10702,10703,FLOW
10742,10708,HAS_BLOCK
10708,10703,FLOW
10742,10713,HAS_BLOCK
10713,10736,FLOW
10742,10722,HAS_BLOCK
10722,10703,FLOW
10742,10726,HAS_BLOCK
10726,10735,FLOW
10742,10731,HAS_BLOCK
10731,10703,FLOW
10742,10735,HAS_BLOCK
10735,10702,FLOW
10735,10731,FLOW
10742,10736,HAS_BLOCK
10736,10726,FLOW
10736,10722,FLOW
10742,10737,HAS_BLOCK
10737,10713,FLOW
10737,10708,FLOW
10742,10703,HAS_BLOCK
10703,10742,RETURN
10677,10682,HAS_PARAM
10677,10687,HAS_PARAM
10677,10594,HAS_BLOCK
10594,10604,FLOW
10594,10629,FLOW
10677,10599,HAS_BLOCK
10599,10637,FLOW
10677,10629,HAS_BLOCK
10629,10642,FLOW
10629,10599,FLOW
10677,10642,HAS_BLOCK
10642,10647,FLOW
10642,10599,FLOW
10677,10647,HAS_BLOCK
10647,10652,FLOW
10647,10599,FLOW
10677,10652,HAS_BLOCK
10652,10657,FLOW
10652,10599,FLOW
10677,10657,HAS_BLOCK
10657,10662,FLOW
10657,10599,FLOW
10677,10662,HAS_BLOCK
10662,10667,FLOW
10662,10599,FLOW
10677,10667,HAS_BLOCK
10667,10672,FLOW
10667,10599,FLOW
10677,10672,HAS_BLOCK
10672,10636,FLOW
10672,10599,FLOW
10677,10604,HAS_BLOCK
10604,10620,FLOW
10604,10608,FLOW
10677,10608,HAS_BLOCK
10608,10611,FLOW
10608,10599,FLOW
10677,10611,HAS_BLOCK
10611,10614,FLOW
10611,10599,FLOW
10677,10614,HAS_BLOCK
10614,10616,FLOW
10614,10599,FLOW
10677,10616,HAS_BLOCK
10616,10618,FLOW
10616,10599,FLOW
10677,10618,HAS_BLOCK
10618,10635,FLOW
10618,10599,FLOW
10677,10620,HAS_BLOCK
10620,10599,FLOW
10620,10622,FLOW
10677,10622,HAS_BLOCK
10622,10623,FLOW
10622,10599,FLOW
10677,10623,HAS_BLOCK
10623,10624,FLOW
10623,10599,FLOW
10677,10624,HAS_BLOCK
10624,10630,FLOW
10624,10599,FLOW
10677,10630,HAS_BLOCK
10630,10631,FLOW
10630,10599,FLOW
10677,10631,HAS_BLOCK
10631,10632,FLOW
10631,10599,FLOW
10677,10632,HAS_BLOCK
10632,10633,FLOW
10632,10599,FLOW
10677,10633,HAS_BLOCK
10633,10634,FLOW
10633,10599,FLOW
10677,10634,HAS_BLOCK
10634,10637,FLOW
10677,10635,HAS_BLOCK
10635,10637,FLOW
10677,10636,HAS_BLOCK
10636,10637,FLOW
10677,10637,HAS_BLOCK
10637,10677,RETURN
10554,10559,HAS_PARAM
10554,10539,HAS_BLOCK
10539,10549,FLOW
10554,10549,HAS_BLOCK
10549,10554,RETURN
10812,10817,HAS_PARAM
10812,10822,HAS_PARAM
10812,10797,HAS_BLOCK
10797,10807,FLOW
10812,10807,HAS_BLOCK
10807,10812,RETURN
11385,11390,HAS_PARAM
11385,11395,HAS_PARAM
11385,11235,HAS_BLOCK
11235,11245,FLOW
11235,11323,FLOW
11235,11323,UNWIND
11385,11245,HAS_BLOCK
11245,11310,FLOW
11245,11323,FLOW
11245,11323,UNWIND
11385,11310,HAS_BLOCK
11310,11337,FLOW
11310,11342,FLOW
11310,11332,FLOW
11385,11332,HAS_BLOCK
11385,11337,HAS_BLOCK
11337,11352,FLOW
11337,11362,FLOW
11337,11332,FLOW
11385,11342,HAS_BLOCK
11342,11325,FLOW
11342,11323,FLOW
11342,11323,UNWIND
11385,11352,HAS_BLOCK
11352,11371,FLOW
11352,11323,FLOW
11352,11323,UNWIND
11385,11362,HAS_BLOCK
11362,11376,FLOW
11362,11323,FLOW
11362,11323,UNWIND
11385,11371,HAS_BLOCK
11371,11321,FLOW
11385,11376,HAS_BLOCK
11376,11250,FLOW
11376,11323,FLOW
11376,11323,UNWIND
11385,11250,HAS_BLOCK
11250,11255,FLOW
11250,11260,FLOW
11250,11332,FLOW
11385,11255,HAS_BLOCK
11255,11269,FLOW
11255,11277,FLOW
11255,11332,FLOW
11385,11260,HAS_BLOCK
11260,11326,FLOW
11260,11323,FLOW
11260,11323,UNWIND
11385,11269,HAS_BLOCK
11269,11282,FLOW
11269,11323,FLOW
11269,11323,UNWIND
11385,11277,HAS_BLOCK
11277,11286,FLOW
11277,11323,FLOW
11277,11323,UNWIND
11385,11282,HAS_BLOCK
11282,11321,FLOW
11385,11286,HAS_BLOCK
11286,11291,FLOW
11286,11323,FLOW
11286,11323,UNWIND
11385,11291,HAS_BLOCK
11291,11295,FLOW
11291,11299,FLOW
11291,11332,FLOW
11385,11295,HAS_BLOCK
11295,11314,FLOW
11295,11319,FLOW
11295,11332,FLOW
11385,11299,HAS_BLOCK
11299,11327,FLOW
11299,11323,FLOW
11299,11323,UNWIND
11385,11314,HAS_BLOCK
11314,11320,FLOW
11314,11323,FLOW
11314,11323,UNWIND
11385,11319,HAS_BLOCK
11319,11322,FLOW
11385,11320,HAS_BLOCK
11320,11321,FLOW
11385,11321,HAS_BLOCK
11321,11322,FLOW
11385,11322,HAS_BLOCK
11322,11385,RETURN
11385,11323,HAS_BLOCK
11323,11324,FLOW
11385,11324,HAS_BLOCK
11385,11325,HAS_BLOCK
11325,11321,FLOW
11385,11326,HAS_BLOCK
11326,11321,FLOW
11385,11327,HAS_BLOCK
11327,11321,FLOW
11220,11225,HAS_PARAM
11220,11230,HAS_PARAM
11220,10827,HAS_BLOCK
10827,10832,FLOW
11220,10832,HAS_BLOCK
10832,10922,FLOW
10832,11181,FLOW
10832,11181,UNWIND
11220,10922,HAS_BLOCK
10922,11005,FLOW
10922,11181,FLOW
10922,11181,UNWIND
11220,11005,HAS_BLOCK
11005,11135,FLOW
11005,11174,FLOW
11005,11078,FLOW
11220,11078,HAS_BLOCK
11220,11135,HAS_BLOCK
11135,11205,FLOW
11135,11197,FLOW
11135,11078,FLOW
11220,11174,HAS_BLOCK
11174,11183,FLOW
11174,11181,FLOW
11174,11181,UNWIND
11220,11197,HAS_BLOCK
11197,11082,FLOW
11197,11090,FLOW
11197,11078,FLOW
11220,11205,HAS_BLOCK
11205,10856,FLOW
11205,10847,FLOW
11205,10837,FLOW
11205,11210,FLOW
11205,11078,FLOW
11220,11210,HAS_BLOCK
11210,11060,FLOW
11210,11181,FLOW
11210,11181,UNWIND
11220,10837,HAS_BLOCK
10837,10995,FLOW
10837,11181,FLOW
10837,11181,UNWIND
11220,10847,HAS_BLOCK
10847,10933,FLOW
10847,11181,FLOW
10847,11181,UNWIND
11220,10856,HAS_BLOCK
10856,10863,FLOW
10856,11181,FLOW
10856,11181,UNWIND
11220,10863,HAS_BLOCK
10863,10887,FLOW
10863,10871,FLOW
11220,10871,HAS_BLOCK
10871,10878,FLOW
10871,11181,FLOW
10871,11181,UNWIND
11220,10878,HAS_BLOCK
10878,11178,FLOW
11220,10887,HAS_BLOCK
10887,10896,FLOW
10887,11181,FLOW
10887,11181,UNWIND
11220,10896,HAS_BLOCK
10896,10902,FLOW
10896,11181,FLOW
10896,11181,UNWIND
11220,10902,HAS_BLOCK
10902,10908,FLOW
10902,10927,FLOW
10902,11078,FLOW
11220,10908,HAS_BLOCK
10908,10832,FLOW
11220,10927,HAS_BLOCK
10927,11184,FLOW
10927,11181,FLOW
10927,11181,UNWIND
11220,10933,HAS_BLOCK
10933,10957,FLOW
10933,10942,FLOW
11220,10942,HAS_BLOCK
10942,10949,FLOW
10942,11181,FLOW
10942,11181,UNWIND
11220,10949,HAS_BLOCK
10949,11178,FLOW
11220,10957,HAS_BLOCK
10957,10967,FLOW
10957,11181,FLOW
10957,11181,UNWIND
11220,10967,HAS_BLOCK
10967,10973,FLOW
10967,11181,FLOW
10967,11181,UNWIND
11220,10973,HAS_BLOCK
10973,10978,FLOW
10973,10987,FLOW
10973,11078,FLOW
11220,10978,HAS_BLOCK
10978,10832,FLOW
11220,10987,HAS_BLOCK
10987,11185,FLOW
10987,11181,FLOW
10987,11181,UNWIND
11220,10995,HAS_BLOCK
10995,11026,FLOW
10995,11010,FLOW
11220,11010,HAS_BLOCK
11010,11019,FLOW
11010,11181,FLOW
11010,11181,UNWIND
11220,11019,HAS_BLOCK
11019,11178,FLOW
11220,11026,HAS_BLOCK
11026,11033,FLOW
11026,11181,FLOW
11026,11181,UNWIND
11220,11033,HAS_BLOCK
11033,11042,FLOW
11033,11181,FLOW
11033,11181,UNWIND
11220,11042,HAS_BLOCK
11042,11047,FLOW
11042,11053,FLOW
11042,11078,FLOW
11220,11047,HAS_BLOCK
11047,10832,FLOW
11220,11053,HAS_BLOCK
11053,11186,FLOW
11053,11181,FLOW
11053,11181,UNWIND
11220,11060,HAS_BLOCK
11060,11065,FLOW
11060,11181,FLOW
11060,11181,UNWIND
11220,11065,HAS_BLOCK
11065,10832,FLOW
11065,11072,FLOW
11065,11078,FLOW
11220,11072,HAS_BLOCK
11072,11187,FLOW
11072,11181,FLOW
11072,11181,UNWIND
11220,11082,HAS_BLOCK
11082,11094,FLOW
11082,11181,FLOW
11082,11181,UNWIND
11220,11090,HAS_BLOCK
11090,11116,FLOW
11220,11094,HAS_BLOCK
11094,11100,FLOW
11094,11181,FLOW
11094,11181,UNWIND
11220,11100,HAS_BLOCK
11100,11106,FLOW
11100,11110,FLOW
11100,11078,FLOW
11220,11106,HAS_BLOCK
11106,11116,FLOW
11220,11110,HAS_BLOCK
11110,11198,FLOW
11110,11181,FLOW
11110,11181,UNWIND
11220,11116,HAS_BLOCK
11116,11120,FLOW
11116,11125,FLOW
11116,11078,FLOW
11220,11120,HAS_BLOCK
11120,11129,FLOW
11120,11181,FLOW
11120,11181,UNWIND
11220,11125,HAS_BLOCK
11125,11152,FLOW
11220,11129,HAS_BLOCK
11129,11139,FLOW
11129,11181,FLOW
11129,11181,UNWIND
11220,11139,HAS_BLOCK
11139,11143,FLOW
11139,11147,FLOW
11139,11078,FLOW
11220,11143,HAS_BLOCK
11143,11152,FLOW
11220,11147,HAS_BLOCK
11147,11199,FLOW
11147,11181,FLOW
11147,11181,UNWIND
11220,11152,HAS_BLOCK
11152,11156,FLOW
11152,11159,FLOW
11152,11078,FLOW
11220,11156,HAS_BLOCK
11156,11161,FLOW
11156,11181,FLOW
11156,11181,UNWIND
11220,11159,HAS_BLOCK
11159,11176,FLOW
11220,11161,HAS_BLOCK
11161,11164,FLOW
11161,11181,FLOW
11161,11181,UNWIND
11220,11164,HAS_BLOCK
11164,11166,FLOW
11164,11168,FLOW
11164,11078,FLOW
11220,11166,HAS_BLOCK
11166,11176,FLOW
11220,11168,HAS_BLOCK
11168,11200,FLOW
11168,11181,FLOW
11168,11181,UNWIND
11220,11176,HAS_BLOCK
11176,11180,FLOW
11220,11178,HAS_BLOCK
11178,11180,FLOW
11220,11180,HAS_BLOCK
11180,11220,RETURN
11220,11181,HAS_BLOCK
11181,11182,FLOW
11220,11182,HAS_BLOCK
11220,11183,HAS_BLOCK
11183,11178,FLOW
11220,11184,HAS_BLOCK
11184,11178,FLOW
11220,11185,HAS_BLOCK
11185,11178,FLOW
11220,11186,HAS_BLOCK
11186,11178,FLOW
11220,11187,HAS_BLOCK
11187,11178,FLOW
11220,11198,HAS_BLOCK
11198,11178,FLOW
11220,11199,HAS_BLOCK
11199,11178,FLOW
11220,11200,HAS_BLOCK
11200,11178,FLOW
10579,10584,HAS_PARAM
10579,10589,HAS_PARAM
10579,10564,HAS_BLOCK
10564,10574,FLOW
10579,10574,HAS_BLOCK
10574,10579,RETURN
10782,10787,HAS_PARAM
10782,10792,HAS_PARAM
10782,10757,HAS_BLOCK
10757,10772,FLOW
10757,10767,FLOW
10757,10762,FLOW
10782,10762,HAS_BLOCK
10762,10776,FLOW
10782,10767,HAS_BLOCK
10767,10776,FLOW
10782,10772,HAS_BLOCK
10772,10776,FLOW
10782,10776,HAS_BLOCK
10776,10782,RETURN
10742,10747,HAS_PARAM
10742,10752,HAS_PARAM
10742,10692,HAS_BLOCK
10692,10731,FLOW
10742,10702,HAS_BLOCK
10702,10735,FLOW
10742,10708,HAS_BLOCK
10708,10735,FLOW
10742,10713,HAS_BLOCK
10713,10726,FLOW
10742,10722,HAS_BLOCK
10722,10735,FLOW
10742,10726,HAS_BLOCK
10726,10702,FLOW
10726,10722,FLOW
10742,10731,HAS_BLOCK
10731,10713,FLOW
10731,10708,FLOW
10742,10735,HAS_BLOCK
10735,10742,RETURN
10677,10682,HAS_PARAM
10677,10687,HAS_PARAM
10677,10594,HAS_BLOCK
10594,10662,FLOW
10594,10629,FLOW
10677,10599,HAS_BLOCK
10599,10622,FLOW
10677,10629,HAS_BLOCK
10629,10642,FLOW
10629,10599,FLOW
10677,10642,HAS_BLOCK
10642,10647,FLOW
10642,10599,FLOW
10677,10647,HAS_BLOCK
10647,10652,FLOW
10647,10599,FLOW
10677,10652,HAS_BLOCK
10652,10657,FLOW
10652,10599,FLOW
10677,10657,HAS_BLOCK
10657,10620,FLOW
10657,10599,FLOW
10677,10662,HAS_BLOCK
10662,10599,FLOW
10662,10667,FLOW
10677,10667,HAS_BLOCK
10667,10672,FLOW
10667,10599,FLOW
10677,10672,HAS_BLOCK
10672,10604,FLOW
10672,10599,FLOW
10677,10604,HAS_BLOCK
10604,10608,FLOW
10604,10599,FLOW
10677,10608,HAS_BLOCK
10608,10611,FLOW
10608,10599,FLOW
10677,10611,HAS_BLOCK
10611,10614,FLOW
10611,10599,FLOW
10677,10614,HAS_BLOCK
10614,10616,FLOW
10614,10599,FLOW
10677,10616,HAS_BLOCK
10616,10618,FLOW
10616,10599,FLOW
10677,10618,HAS_BLOCK
10618,10622,FLOW
10677,10620,HAS_BLOCK
10620,10622,FLOW
10677,10622,HAS_BLOCK
10622,10677,RETURN
10554,10559,HAS_PARAM
10554,10539,HAS_BLOCK
10539,10549,FLOW
10554,10549,HAS_BLOCK
10549,10554,RETURN
10812,10817,HAS_PARAM
10812,10822,HAS_PARAM
10812,10797,HAS_BLOCK
10797,10807,FLOW
10812,10807,HAS_BLOCK
10807,10812,RETURN
11385,11390,HAS_PARAM
11385,11395,HAS_PARAM
11385,11235,HAS_BLOCK
11235,11245,FLOW
11235,11295,FLOW
11235,11295,UNWIND
11385,11245,HAS_BLOCK
11245,11310,FLOW
11245,11295,FLOW
11245,11295,UNWIND
11385,11310,HAS_BLOCK
11310,11337,FLOW
11310,11342,FLOW
11310,11332,FLOW
11385,11332,HAS_BLOCK
11385,11337,HAS_BLOCK
11337,11352,FLOW
11337,11362,FLOW
11337,11332,FLOW
11385,11342,HAS_BLOCK
11342,11314,FLOW
11342,11295,FLOW
11342,11295,UNWIND
11385,11352,HAS_BLOCK
11352,11371,FLOW
11352,11295,FLOW
11352,11295,UNWIND
11385,11362,HAS_BLOCK
11362,11376,FLOW
11362,11295,FLOW
11362,11295,UNWIND
11385,11371,HAS_BLOCK
11371,11286,FLOW
11385,11376,HAS_BLOCK
11376,11250,FLOW
11376,11295,FLOW
11376,11295,UNWIND
11385,11250,HAS_BLOCK
11250,11255,FLOW
11250,11260,FLOW
11250,11332,FLOW
11385,11255,HAS_BLOCK
11255,11269,FLOW
11255,11277,FLOW
11255,11332,FLOW
11385,11260,HAS_BLOCK
11260,11319,FLOW
11260,11295,FLOW
11260,11295,UNWIND
11385,11269,HAS_BLOCK
11269,11282,FLOW
11269,11295,FLOW
11269,11295,UNWIND
11385,11277,HAS_BLOCK
11277,11291,FLOW
11385,11282,HAS_BLOCK
11282,11286,FLOW
11385,11286,HAS_BLOCK
11286,11291,FLOW
11385,11291,HAS_BLOCK
11291,11385,RETURN
11385,11295,HAS_BLOCK
11295,11299,FLOW
11385,11299,HAS_BLOCK
11385,11314,HAS_BLOCK
11314,11286,FLOW
11385,11319,HAS_BLOCK
11319,11286,FLOW
11220,11225,HAS_PARAM
11220,11230,HAS_PARAM
11220,10827,HAS_BLOCK
10827,10832,FLOW
11220,10832,HAS_BLOCK
10832,10922,FLOW
10832,11120,FLOW
10832,11120,UNWIND
11220,10922,HAS_BLOCK
10922,11005,FLOW
10922,11120,FLOW
10922,11120,UNWIND
11220,11005,HAS_BLOCK
11005,11135,FLOW
11005,11174,FLOW
11005,11078,FLOW
11220,11078,HAS_BLOCK
11220,11135,HAS_BLOCK
11135,11205,FLOW
11135,11197,FLOW
11135,11078,FLOW
11220,11174,HAS_BLOCK
11174,11129,FLOW
11174,11120,FLOW
11174,11120,UNWIND
11220,11197,HAS_BLOCK
11197,11019,FLOW
11197,11026,FLOW
11197,11078,FLOW
11220,11205,HAS_BLOCK
11205,10847,FLOW
11205,10837,FLOW
11205,11210,FLOW
11205,11078,FLOW
11220,11210,HAS_BLOCK
11210,10987,FLOW
11210,11120,FLOW
11210,11120,UNWIND
11220,10837,HAS_BLOCK
10837,10927,FLOW
10837,11120,FLOW
10837,11120,UNWIND
11220,10847,HAS_BLOCK
10847,10856,FLOW
10847,11120,FLOW
10847,11120,UNWIND
11220,10856,HAS_BLOCK
10856,10878,FLOW
10856,10863,FLOW
11220,10863,HAS_BLOCK
10863,10871,FLOW
10863,11120,FLOW
10863,11120,UNWIND
11220,10871,HAS_BLOCK
10871,11110,FLOW
11220,10878,HAS_BLOCK
10878,10887,FLOW
10878,11120,FLOW
10878,11120,UNWIND
11220,10887,HAS_BLOCK
10887,10896,FLOW
10887,11120,FLOW
10887,11120,UNWIND
11220,10896,HAS_BLOCK
10896,10902,FLOW
10896,10908,FLOW
10896,11078,FLOW
11220,10902,HAS_BLOCK
10902,10832,FLOW
11220,10908,HAS_BLOCK
10908,11139,FLOW
10908,11120,FLOW
10908,11120,UNWIND
11220,10927,HAS_BLOCK
10927,10949,FLOW
10927,10933,FLOW
11220,10933,HAS_BLOCK
10933,10942,FLOW
10933,11120,FLOW
10933,11120,UNWIND
11220,10942,HAS_BLOCK
10942,11110,FLOW
11220,10949,HAS_BLOCK
10949,10957,FLOW
10949,11120,FLOW
10949,11120,UNWIND
11220,10957,HAS_BLOCK
10957,10967,FLOW
10957,11120,FLOW
10957,11120,UNWIND
11220,10967,HAS_BLOCK
10967,10973,FLOW
10967,10978,FLOW
10967,11078,FLOW
11220,10973,HAS_BLOCK
10973,10832,FLOW
11220,10978,HAS_BLOCK
10978,11143,FLOW
10978,11120,FLOW
10978,11120,UNWIND
11220,10987,HAS_BLOCK
10987,10995,FLOW
10987,11120,FLOW
10987,11120,UNWIND
11220,10995,HAS_BLOCK
10995,10832,FLOW
10995,11010,FLOW
10995,11078,FLOW
11220,11010,HAS_BLOCK
11010,11147,FLOW
11010,11120,FLOW
11010,11120,UNWIND
11220,11019,HAS_BLOCK
11019,11033,FLOW
11019,11120,FLOW
11019,11120,UNWIND
11220,11026,HAS_BLOCK
11026,11060,FLOW
11220,11033,HAS_BLOCK
11033,11042,FLOW
11033,11120,FLOW
11033,11120,UNWIND
11220,11042,HAS_BLOCK
11042,11047,FLOW
11042,11053,FLOW
11042,11078,FLOW
11220,11047,HAS_BLOCK
11047,11060,FLOW
11220,11053,HAS_BLOCK
11053,11152,FLOW
11053,11120,FLOW
11053,11120,UNWIND
11220,11060,HAS_BLOCK
11060,11065,FLOW
11060,11072,FLOW
11060,11078,FLOW
11220,11065,HAS_BLOCK
11065,11082,FLOW
11065,11120,FLOW
11065,11120,UNWIND
11220,11072,HAS_BLOCK
11072,11106,FLOW
11220,11082,HAS_BLOCK
11082,11090,FLOW
11082,11120,FLOW
11082,11120,UNWIND
11220,11090,HAS_BLOCK
11090,11094,FLOW
11090,11100,FLOW
11090,11078,FLOW
11220,11094,HAS_BLOCK
11094,11106,FLOW
11220,11100,HAS_BLOCK
11100,11156,FLOW
11100,11120,FLOW
11100,11120,UNWIND
11220,11106,HAS_BLOCK
11106,11116,FLOW
11220,11110,HAS_BLOCK
11110,11116,FLOW
11220,11116,HAS_BLOCK
11116,11220,RETURN
11220,11120,HAS_BLOCK
11120,11125,FLOW
11220,11125,HAS_BLOCK
11220,11129,HAS_BLOCK
11129,11110,FLOW
11220,11139,HAS_BLOCK
11139,11110,FLOW
11220,11143,HAS_BLOCK
11143,11110,FLOW
11220,11147,HAS_BLOCK
11147,11110,FLOW
11220,11152,HAS_BLOCK
11152,11110,FLOW
11220,11156,HAS_BLOCK
11156,11110,FLOW
10579,10584,HAS_PARAM
10579,10589,HAS_PARAM
10579,10564,HAS_BLOCK
10564,10574,FLOW
10579,10574,HAS_BLOCK
10574,10579,RETURN
10782,10787,HAS_PARAM
10782,10792,HAS_PARAM
10782,10757,HAS_BLOCK
10757,10772,FLOW
10757,10767,FLOW
10757,10762,FLOW
10782,10762,HAS_BLOCK
10762,10776,FLOW
10782,10767,HAS_BLOCK
10767,10776,FLOW
10782,10772,HAS_BLOCK
10772,10776,FLOW
10782,10776,HAS_BLOCK
10776,10782,RETURN
10742,10747,HAS_PARAM
10742,10752,HAS_PARAM
10742,10692,HAS_BLOCK
10692,10731,FLOW
10742,10702,HAS_BLOCK
10702,10735,FLOW
10742,10708,HAS_BLOCK
10708,10735,FLOW
10742,10713,HAS_BLOCK
10713,10726,FLOW
10742,10722,HAS_BLOCK
10722,10735,FLOW
10742,10726,HAS_BLOCK
10726,10702,FLOW
10726,10722,FLOW
10742,10731,HAS_BLOCK
10731,10713,FLOW
10731,10708,FLOW
10742,10735,HAS_BLOCK
10735,10742,RETURN
10677,10682,HAS_PARAM
10677,10687,HAS_PARAM
10677,10594,HAS_BLOCK
10594,10662,FLOW
10594,10629,FLOW
10677,10599,HAS_BLOCK
10599,10614,FLOW
10677,10629,HAS_BLOCK
10629,10642,FLOW
10629,10599,FLOW
10677,10642,HAS_BLOCK
10642,10647,FLOW
10642,10599,FLOW
10677,10647,HAS_BLOCK
10647,10652,FLOW
10647,10599,FLOW
10677,10652,HAS_BLOCK
10652,10657,FLOW
10652,10599,FLOW
10677,10657,HAS_BLOCK
10657,10611,FLOW
10657,10599,FLOW
10677,10662,HAS_BLOCK
10662,10599,FLOW
10662,10667,FLOW
10677,10667,HAS_BLOCK
10667,10672,FLOW
10667,10599,FLOW
10677,10672,HAS_BLOCK
10672,10604,FLOW
10672,10599,FLOW
10677,10604,HAS_BLOCK
10604,10608,FLOW
10604,10599,FLOW
10677,10608,HAS_BLOCK
10608,10614,FLOW
10677,10611,HAS_BLOCK
10611,10614,FLOW
10677,10614,HAS_BLOCK
10614,10677,RETURN
10554,10559,HAS_PARAM
10554,10539,HAS_BLOCK
10539,10549,FLOW
10554,10549,HAS_BLOCK
10549,10554,RETURN
10812,10817,HAS_PARAM
10812,10822,HAS_PARAM
10812,10797,HAS_BLOCK
10797,10807,FLOW
10812,10807,HAS_BLOCK
10807,10812,RETURN
11385,11390,HAS_PARAM
11385,11395,HAS_PARAM
11385,11235,HAS_BLOCK
11235,11245,FLOW
11235,11295,FLOW
11235,11295,UNWIND
11385,11245,HAS_BLOCK
11245,11310,FLOW
11245,11295,FLOW
11245,11295,UNWIND
11385,11310,HAS_BLOCK
11310,11337,FLOW
11310,11342,FLOW
11310,11332,FLOW
11385,11332,HAS_BLOCK
11385,11337,HAS_BLOCK
11337,11352,FLOW
11337,11362,FLOW
11337,11332,FLOW
11385,11342,HAS_BLOCK
11342,11314,FLOW
11342,11295,FLOW
11342,11295,UNWIND
11385,11352,HAS_BLOCK
11352,11371,FLOW
11352,11295,FLOW
11352,11295,UNWIND
11385,11362,HAS_BLOCK
11362,11376,FLOW
11362,11295,FLOW
11362,11295,UNWIND
11385,11371,HAS_BLOCK
11371,11286,FLOW
11385,11376,HAS_BLOCK
11376,11250,FLOW
11376,11295,FLOW
11376,11295,UNWIND
11385,11250,HAS_BLOCK
11250,11255,FLOW
11250,11260,FLOW
11250,11332,FLOW
11385,11255,HAS_BLOCK
11255,11269,FLOW
11255,11277,FLOW
11255,11332,FLOW
11385,11260,HAS_BLOCK
11260,11319,FLOW
11260,11295,FLOW
11260,11295,UNWIND
11385,11269,HAS_BLOCK
11269,11282,FLOW
11269,11295,FLOW
11269,11295,UNWIND
11385,11277,HAS_BLOCK
11277,11291,FLOW
11385,11282,HAS_BLOCK
11282,11286,FLOW
11385,11286,HAS_BLOCK
11286,11291,FLOW
11385,11291,HAS_BLOCK
11291,11385,RETURN
11385,11295,HAS_BLOCK
11295,11299,FLOW
11385,11299,HAS_BLOCK
11385,11314,HAS_BLOCK
11314,11286,FLOW
11385,11319,HAS_BLOCK
11319,11286,FLOW
11220,11225,HAS_PARAM
11220,11230,HAS_PARAM
11220,10827,HAS_BLOCK
10827,10832,FLOW
11220,10832,HAS_BLOCK
10832,10922,FLOW
10832,11120,FLOW
10832,11120,UNWIND
11220,10922,HAS_BLOCK
10922,11005,FLOW
10922,11120,FLOW
10922,11120,UNWIND
11220,11005,HAS_BLOCK
11005,11135,FLOW
11005,11174,FLOW
11005,11078,FLOW
11220,11078,HAS_BLOCK
11220,11135,HAS_BLOCK
11135,11205,FLOW
11135,11197,FLOW
11135,11078,FLOW
11220,11174,HAS_BLOCK
11174,11129,FLOW
11174,11120,FLOW
11174,11120,UNWIND
11220,11197,HAS_BLOCK
11197,11019,FLOW
11197,11026,FLOW
11197,11078,FLOW
11220,11205,HAS_BLOCK
11205,10847,FLOW
11205,10837,FLOW
11205,11210,FLOW
11205,11078,FLOW
11220,11210,HAS_BLOCK
11210,10987,FLOW
11210,11120,FLOW
11210,11120,UNWIND
11220,10837,HAS_BLOCK
10837,10927,FLOW
10837,11120,FLOW
10837,11120,UNWIND
11220,10847,HAS_BLOCK
10847,10856,FLOW
10847,11120,FLOW
10847,11120,UNWIND
11220,10856,HAS_BLOCK
10856,10878,FLOW
10856,10863,FLOW
11220,10863,HAS_BLOCK
10863,10871,FLOW
10863,11120,FLOW
10863,11120,UNWIND
11220,10871,HAS_BLOCK
10871,11110,FLOW
11220,10878,HAS_BLOCK
10878,10887,FLOW
10878,11120,FLOW
10878,11120,UNWIND
11220,10887,HAS_BLOCK
10887,10896,FLOW
10887,11120,FLOW
10887,11120,UNWIND
11220,10896,HAS_BLOCK
10896,10902,FLOW
10896,10908,FLOW
10896,11078,FLOW
11220,10902,HAS_BLOCK
10902,10832,FLOW
11220,10908,HAS_BLOCK
10908,11139,FLOW
10908,11120,FLOW
10908,11120,UNWIND
11220,10927,HAS_BLOCK
10927,10949,FLOW
10927,10933,FLOW
11220,10933,HAS_BLOCK
10933,10942,FLOW
10933,11120,FLOW
10933,11120,UNWIND
11220,10942,HAS_BLOCK
10942,11110,FLOW
11220,10949,HAS_BLOCK
10949,10957,FLOW
10949,11120,FLOW
10949,11120,UNWIND
11220,10957,HAS_BLOCK
10957,10967,FLOW
10957,11120,FLOW
10957,11120,UNWIND
11220,10967,HAS_BLOCK
10967,10973,FLOW
10967,10978,FLOW
10967,11078,FLOW
11220,10973,HAS_BLOCK
10973,10832,FLOW
11220,10978,HAS_BLOCK
10978,11143,FLOW
10978,11120,FLOW
10978,11120,UNWIND
11220,10987,HAS_BLOCK
10987,10995,FLOW
10987,11120,FLOW
10987,11120,UNWIND
11220,10995,HAS_BLOCK
10995,10832,FLOW
10995,11010,FLOW
10995,11078,FLOW
11220,11010,HAS_BLOCK
11010,11147,FLOW
11010,11120,FLOW
11010,11120,UNWIND
11220,11019,HAS_BLOCK
11019,11033,FLOW
11019,11120,FLOW
11019,11120,UNWIND
11220,11026,HAS_BLOCK
11026,11060,FLOW
11220,11033,HAS_BLOCK
11033,11042,FLOW
11033,11120,FLOW
11033,11120,UNWIND
11220,11042,HAS_BLOCK
11042,11047,FLOW
11042,11053,FLOW
11042,11078,FLOW
11220,11047,HAS_BLOCK
11047,11060,FLOW
11220,11053,HAS_BLOCK
11053,11152,FLOW
11053,11120,FLOW
11053,11120,UNWIND
11220,11060,HAS_BLOCK
11060,11065,FLOW
11060,11072,FLOW
11060,11078,FLOW
11220,11065,HAS_BLOCK
11065,11082,FLOW
11065,11120,FLOW
11065,11120,UNWIND
11220,11072,HAS_BLOCK
11072,11106,FLOW
11220,11082,HAS_BLOCK
11082,11090,FLOW
11082,11120,FLOW
11082,11120,UNWIND
11220,11090,HAS_BLOCK
11090,11094,FLOW
11090,11100,FLOW
11090,11078,FLOW
11220,11094,HAS_BLOCK
11094,11106,FLOW
11220,11100,HAS_BLOCK
11100,11156,FLOW
11100,11120,FLOW
11100,11120,UNWIND
11220,11106,HAS_BLOCK
11106,11116,FLOW
11220,11110,HAS_BLOCK
11110,11116,FLOW
11220,11116,HAS_BLOCK
11116,11220,RETURN
11220,11120,HAS_BLOCK
11120,11125,FLOW
11220,11125,HAS_BLOCK
11220,11129,HAS_BLOCK
11129,11110,FLOW
11220,11139,HAS_BLOCK
11139,11110,FLOW
11220,11143,HAS_BLOCK
11143,11110,FLOW
11220,11147,HAS_BLOCK
11147,11110,FLOW
11220,11152,HAS_BLOCK
11152,11110,FLOW
11220,11156,HAS_BLOCK
11156,11110,FLOW
10579,10584,HAS_PARAM
10579,10589,HAS_PARAM
10579,10564,HAS_BLOCK
10564,10574,FLOW
10579,10574,HAS_BLOCK
10574,10579,RETURN
10782,10787,HAS_PARAM
10782,10792,HAS_PARAM
10782,10757,HAS_BLOCK
10757,10772,FLOW
10757,10767,FLOW
10757,10762,FLOW
10782,10762,HAS_BLOCK
10762,10776,FLOW
10782,10767,HAS_BLOCK
10767,10776,FLOW
10782,10772,HAS_BLOCK
10772,10776,FLOW
10782,10776,HAS_BLOCK
10776,10782,RETURN
10742,10747,HAS_PARAM
10742,10752,HAS_PARAM
10742,10692,HAS_BLOCK
10692,10731,FLOW
10742,10702,HAS_BLOCK
10702,10735,FLOW
10742,10708,HAS_BLOCK
10708,10735,FLOW
10742,10713,HAS_BLOCK
10713,10726,FLOW
10742,10722,HAS_BLOCK
10722,10735,FLOW
10742,10726,HAS_BLOCK
10726,10702,FLOW
10726,10722,FLOW
10742,10731,HAS_BLOCK
10731,10713,FLOW
10731,10708,FLOW
10742,10735,HAS_BLOCK
10735,10742,RETURN
10677,10682,HAS_PARAM
10677,10687,HAS_PARAM
10677,10594,HAS_BLOCK
10594,10599,FLOW
10594,10629,FLOW
10677,10599,HAS_BLOCK
10599,10608,FLOW
10677,10629,HAS_BLOCK
10629,10642,FLOW
10629,10657,FLOW
10629,10599,FLOW
10677,10642,HAS_BLOCK
10642,10647,FLOW
10642,10599,FLOW
10677,10647,HAS_BLOCK
10647,10652,FLOW
10647,10599,FLOW
10677,10652,HAS_BLOCK
10652,10604,FLOW
10652,10599,FLOW
10677,10657,HAS_BLOCK
10657,10662,FLOW
10657,10599,FLOW
10677,10662,HAS_BLOCK
10662,10667,FLOW
10662,10599,FLOW
10677,10667,HAS_BLOCK
10667,10672,FLOW
10667,10599,FLOW
10677,10672,HAS_BLOCK
10672,10608,FLOW
10677,10604,HAS_BLOCK
10604,10608,FLOW
10677,10608,HAS_BLOCK
10608,10677,RETURN
10554,10559,HAS_PARAM
10554,10539,HAS_BLOCK
10539,10549,FLOW
10554,10549,HAS_BLOCK
10549,10554,RETURN
10812,10817,HAS_PARAM
10812,10822,HAS_PARAM
10812,10797,HAS_BLOCK
10797,10807,FLOW
10812,10807,HAS_BLOCK
10807,10812,RETURN
11385,11390,HAS_PARAM
11385,11395,HAS_PARAM
11385,11235,HAS_BLOCK
11235,11245,FLOW
11235,11295,FLOW
11235,11295,UNWIND
11385,11245,HAS_BLOCK
11245,11310,FLOW
11245,11295,FLOW
11245,11295,UNWIND
11385,11310,HAS_BLOCK
11310,11337,FLOW
11310,11342,FLOW
11310,11332,FLOW
11385,11332,HAS_BLOCK
11385,11337,HAS_BLOCK
11337,11352,FLOW
11337,11362,FLOW
11337,11332,FLOW
11385,11342,HAS_BLOCK
11342,11314,FLOW
11342,11295,FLOW
11342,11295,UNWIND
11385,11352,HAS_BLOCK
11352,11371,FLOW
11352,11295,FLOW
11352,11295,UNWIND
11385,11362,HAS_BLOCK
11362,11376,FLOW
11362,11295,FLOW
11362,11295,UNWIND
11385,11371,HAS_BLOCK
11371,11286,FLOW
11385,11376,HAS_BLOCK
11376,11250,FLOW
11376,11295,FLOW
11376,11295,UNWIND
11385,11250,HAS_BLOCK
11250,11255,FLOW
11250,11260,FLOW
11250,11332,FLOW
11385,11255,HAS_BLOCK
11255,11269,FLOW
11255,11277,FLOW
11255,11332,FLOW
11385,11260,HAS_BLOCK
11260,11319,FLOW
11260,11295,FLOW
11260,11295,UNWIND
11385,11269,HAS_BLOCK
11269,11282,FLOW
11269,11295,FLOW
11269,11295,UNWIND
11385,11277,HAS_BLOCK
11277,11291,FLOW
11385,11282,HAS_BLOCK
11282,11286,FLOW
11385,11286,HAS_BLOCK
11286,11291,FLOW
11385,11291,HAS_BLOCK
11291,11385,RETURN
11385,11295,HAS_BLOCK
11295,11299,FLOW
11385,11299,HAS_BLOCK
11385,11314,HAS_BLOCK
11314,11286,FLOW
11385,11319,HAS_BLOCK
11319,11286,FLOW
11220,11225,HAS_PARAM
11220,11230,HAS_PARAM
11220,10827,HAS_BLOCK
10827,10832,FLOW
11220,10832,HAS_BLOCK
10832,10922,FLOW
10832,11161,FLOW
10832,11161,UNWIND
11220,10922,HAS_BLOCK
10922,11005,FLOW
10922,11161,FLOW
10922,11161,UNWIND
11220,11005,HAS_BLOCK
11005,11135,FLOW
11005,11174,FLOW
11005,11078,FLOW
11220,11078,HAS_BLOCK
11220,11135,HAS_BLOCK
11135,11205,FLOW
11135,11197,FLOW
11135,11078,FLOW
11220,11174,HAS_BLOCK
11174,11164,FLOW
11174,11161,FLOW
11174,11161,UNWIND
11220,11197,HAS_BLOCK
11197,11033,FLOW
11197,11042,FLOW
11197,11078,FLOW
11220,11205,HAS_BLOCK
11205,10847,FLOW
11205,10837,FLOW
11205,11210,FLOW
11205,11078,FLOW
11220,11210,HAS_BLOCK
11210,11010,FLOW
11210,11161,FLOW
11210,11161,UNWIND
11220,10837,HAS_BLOCK
10837,10927,FLOW
10837,11161,FLOW
10837,11161,UNWIND
11220,10847,HAS_BLOCK
10847,10856,FLOW
10847,11161,FLOW
10847,11161,UNWIND
11220,10856,HAS_BLOCK
10856,10878,FLOW
10856,10863,FLOW
11220,10863,HAS_BLOCK
10863,10871,FLOW
10863,11161,FLOW
10863,11161,UNWIND
11220,10871,HAS_BLOCK
10871,11152,FLOW
11220,10878,HAS_BLOCK
10878,10887,FLOW
10878,11161,FLOW
10878,11161,UNWIND
11220,10887,HAS_BLOCK
10887,10896,FLOW
10887,11161,FLOW
10887,11161,UNWIND
11220,10896,HAS_BLOCK
10896,10902,FLOW
10896,10908,FLOW
10896,11078,FLOW
11220,10902,HAS_BLOCK
10902,10832,FLOW
11220,10908,HAS_BLOCK
10908,11166,FLOW
10908,11161,FLOW
10908,11161,UNWIND
11220,10927,HAS_BLOCK
10927,10949,FLOW
10927,10933,FLOW
11220,10933,HAS_BLOCK
10933,10942,FLOW
10933,11161,FLOW
10933,11161,UNWIND
11220,10942,HAS_BLOCK
10942,11152,FLOW
11220,10949,HAS_BLOCK
10949,10957,FLOW
10949,11161,FLOW
10949,11161,UNWIND
11220,10957,HAS_BLOCK
10957,10967,FLOW
10957,11161,FLOW
10957,11161,UNWIND
11220,10967,HAS_BLOCK
10967,10973,FLOW
10967,10978,FLOW
10967,11078,FLOW
11220,10973,HAS_BLOCK
10973,10987,FLOW
10973,10995,FLOW
10973,10995,UNWIND
11220,10978,HAS_BLOCK
10978,11168,FLOW
10978,11161,FLOW
10978,11161,UNWIND
11220,10987,HAS_BLOCK
10987,10832,FLOW
11220,10995,HAS_BLOCK
10995,11161,FLOW
11220,11010,HAS_BLOCK
11010,11019,FLOW
11010,11161,FLOW
11010,11161,UNWIND
11220,11019,HAS_BLOCK
11019,10832,FLOW
11019,11026,FLOW
11019,11078,FLOW
11220,11026,HAS_BLOCK
11026,11176,FLOW
11026,11161,FLOW
11026,11161,UNWIND
11220,11033,HAS_BLOCK
11033,11047,FLOW
11033,11161,FLOW
11033,11161,UNWIND
11220,11042,HAS_BLOCK
11042,11072,FLOW
11220,11047,HAS_BLOCK
11047,11053,FLOW
11047,11161,FLOW
11047,11161,UNWIND
11220,11053,HAS_BLOCK
11053,11060,FLOW
11053,11065,FLOW
11053,11078,FLOW
11220,11060,HAS_BLOCK
11060,11072,FLOW
11220,11065,HAS_BLOCK
11065,11178,FLOW
11065,11161,FLOW
11065,11161,UNWIND
11220,11072,HAS_BLOCK
11072,11082,FLOW
11072,11090,FLOW
11072,11078,FLOW
11220,11082,HAS_BLOCK
11082,11094,FLOW
11082,11161,FLOW
11082,11161,UNWIND
11220,11090,HAS_BLOCK
11090,11116,FLOW
11220,11094,HAS_BLOCK
11094,11100,FLOW
11094,11161,FLOW
11094,11161,UNWIND
11220,11100,HAS_BLOCK
11100,11106,FLOW
11100,11110,FLOW
11100,11078,FLOW
11220,11106,HAS_BLOCK
11106,11116,FLOW
11220,11110,HAS_BLOCK
11110,11180,FLOW
11110,11161,FLOW
11110,11161,UNWIND
11220,11116,HAS_BLOCK
11116,11120,FLOW
11220,11120,HAS_BLOCK
11120,11220,RETURN
11220,11125,HAS_BLOCK
11125,11129,FLOW
11220,11129,HAS_BLOCK
11220,11139,HAS_BLOCK
11139,11120,FLOW
11220,11143,HAS_BLOCK
11143,11139,FLOW
11143,11147,FLOW
11220,11147,HAS_BLOCK
11147,11139,FLOW
11147,11125,FLOW
11147,11125,UNWIND
11220,11152,HAS_BLOCK
11152,11143,FLOW
11152,11139,FLOW
11152,11078,FLOW
11220,11156,HAS_BLOCK
11156,11125,FLOW
11156,11159,FLOW
11220,11159,HAS_BLOCK
11159,11125,FLOW
11220,11161,HAS_BLOCK
11161,11156,FLOW
11161,11125,FLOW
11220,11164,HAS_BLOCK
11164,11152,FLOW
11220,11166,HAS_BLOCK
11166,11152,FLOW
11220,11168,HAS_BLOCK
11168,11152,FLOW
11220,11176,HAS_BLOCK
11176,11152,FLOW
11220,11178,HAS_BLOCK
11178,11152,FLOW
11220,11180,HAS_BLOCK
11180,11152,FLOW
10579,10584,HAS_PARAM
10579,10589,HAS_PARAM
10579,10564,HAS_BLOCK
10564,10574,FLOW
10579,10574,HAS_BLOCK
10574,10579,RETURN
10782,10787,HAS_PARAM
10782,10792,HAS_PARAM
10782,10757,HAS_BLOCK
10757,10767,FLOW
10757,10762,FLOW
10782,10762,HAS_BLOCK
10762,10772,FLOW
10782,10767,HAS_BLOCK
10767,10772,FLOW
10782,10772,HAS_BLOCK
10772,10782,RETURN
10742,10747,HAS_PARAM
10742,10752,HAS_PARAM
10742,10692,HAS_BLOCK
10692,10713,FLOW
10742,10702,HAS_BLOCK
10702,10722,FLOW
10742,10708,HAS_BLOCK
10708,10722,FLOW
10742,10713,HAS_BLOCK
10713,10702,FLOW
10713,10708,FLOW
10742,10722,HAS_BLOCK
10722,10742,RETURN
10677,10682,HAS_PARAM
10677,10687,HAS_PARAM
10677,10594,HAS_BLOCK
10594,10599,FLOW
10594,10629,FLOW
10677,10599,HAS_BLOCK
10599,10604,FLOW
10677,10629,HAS_BLOCK
10629,10642,FLOW
10629,10599,FLOW
10677,10642,HAS_BLOCK
10642,10647,FLOW
10642,10599,FLOW
10677,10647,HAS_BLOCK
10647,10652,FLOW
10647,10599,FLOW
10677,10652,HAS_BLOCK
10652,10657,FLOW
10652,10599,FLOW
10677,10657,HAS_BLOCK
10657,10662,FLOW
10657,10599,FLOW
10677,10662,HAS_BLOCK
10662,10667,FLOW
10662,10599,FLOW
10677,10667,HAS_BLOCK
10667,10672,FLOW
10667,10599,FLOW
10677,10672,HAS_BLOCK
10672,10604,FLOW
10677,10604,HAS_BLOCK
10604,10677,RETURN
10554,10559,HAS_PARAM
10554,10539,HAS_BLOCK
10539,10549,FLOW
10554,10549,HAS_BLOCK
10549,10554,RETURN
10812,10817,HAS_PARAM
10812,10822,HAS_PARAM
10812,10797,HAS_BLOCK
10797,10807,FLOW
10812,10807,HAS_BLOCK
10807,10812,RETURN
11385,11390,HAS_PARAM
11385,11395,HAS_PARAM
11385,11235,HAS_BLOCK
11235,11245,FLOW
11235,11255,FLOW
11235,11255,UNWIND
11385,11245,HAS_BLOCK
11245,11310,FLOW
11245,11255,FLOW
11245,11255,UNWIND
11385,11310,HAS_BLOCK
11310,11337,FLOW
11310,11342,FLOW
11310,11332,FLOW
11385,11332,HAS_BLOCK
11385,11337,HAS_BLOCK
11337,11352,FLOW
11337,11362,FLOW
11337,11332,FLOW
11385,11342,HAS_BLOCK
11342,11269,FLOW
11342,11255,FLOW
11342,11255,UNWIND
11385,11352,HAS_BLOCK
11352,11371,FLOW
11352,11255,FLOW
11352,11255,UNWIND
11385,11362,HAS_BLOCK
11362,11250,FLOW
11385,11371,HAS_BLOCK
11371,11376,FLOW
11385,11376,HAS_BLOCK
11376,11250,FLOW
11385,11250,HAS_BLOCK
11250,11385,RETURN
11385,11255,HAS_BLOCK
11255,11260,FLOW
11385,11260,HAS_BLOCK
11385,11269,HAS_BLOCK
11269,11376,FLOW
11220,11225,HAS_PARAM
11220,11230,HAS_PARAM
11220,10827,HAS_BLOCK
10827,10832,FLOW
11220,10832,HAS_BLOCK
10832,10922,FLOW
10832,11019,FLOW
10832,11019,UNWIND
11220,10922,HAS_BLOCK
10922,11005,FLOW
10922,11019,FLOW
10922,11019,UNWIND
11220,11005,HAS_BLOCK
11005,11135,FLOW
11005,11174,FLOW
11005,11078,FLOW
11220,11078,HAS_BLOCK
11220,11135,HAS_BLOCK
11135,11205,FLOW
11135,11197,FLOW
11135,11078,FLOW
11220,11174,HAS_BLOCK
11174,11033,FLOW
11174,11019,FLOW
11174,11019,UNWIND
11220,11197,HAS_BLOCK
11197,10942,FLOW
11197,10949,FLOW
11197,11078,FLOW
11220,11205,HAS_BLOCK
11205,10837,FLOW
11205,11210,FLOW
11205,11078,FLOW
11220,11210,HAS_BLOCK
11210,10908,FLOW
11210,11019,FLOW
11210,11019,UNWIND
11220,10837,HAS_BLOCK
10837,10847,FLOW
10837,11019,FLOW
10837,11019,UNWIND
11220,10847,HAS_BLOCK
10847,10871,FLOW
10847,10856,FLOW
11220,10856,HAS_BLOCK
10856,10863,FLOW
10856,11019,FLOW
10856,11019,UNWIND
11220,10863,HAS_BLOCK
10863,10995,FLOW
11220,10871,HAS_BLOCK
10871,10878,FLOW
10871,11019,FLOW
10871,11019,UNWIND
11220,10878,HAS_BLOCK
10878,10887,FLOW
10878,11019,FLOW
10878,11019,UNWIND
11220,10887,HAS_BLOCK
10887,10896,FLOW
10887,10902,FLOW
10887,11078,FLOW
11220,10896,HAS_BLOCK
10896,10832,FLOW
11220,10902,HAS_BLOCK
10902,11042,FLOW
10902,11019,FLOW
10902,11019,UNWIND
11220,10908,HAS_BLOCK
10908,10927,FLOW
10908,11019,FLOW
10908,11019,UNWIND
11220,10927,HAS_BLOCK
10927,10832,FLOW
10927,10933,FLOW
10927,11078,FLOW
11220,10933,HAS_BLOCK
10933,11047,FLOW
10933,11019,FLOW
10933,11019,UNWIND
11220,10942,HAS_BLOCK
10942,10957,FLOW
10942,11019,FLOW
10942,11019,UNWIND
11220,10949,HAS_BLOCK
10949,10987,FLOW
11220,10957,HAS_BLOCK
10957,10967,FLOW
10957,11019,FLOW
10957,11019,UNWIND
11220,10967,HAS_BLOCK
10967,10973,FLOW
10967,10978,FLOW
10967,11078,FLOW
11220,10973,HAS_BLOCK
10973,10987,FLOW
11220,10978,HAS_BLOCK
10978,11053,FLOW
10978,11019,FLOW
10978,11019,UNWIND
11220,10987,HAS_BLOCK
10987,11010,FLOW
11220,10995,HAS_BLOCK
10995,11010,FLOW
11220,11010,HAS_BLOCK
11010,11220,RETURN
11220,11019,HAS_BLOCK
11019,11026,FLOW
11220,11026,HAS_BLOCK
11220,11033,HAS_BLOCK
11033,10995,FLOW
11220,11042,HAS_BLOCK
11042,10995,FLOW
11220,11047,HAS_BLOCK
11047,10995,FLOW
11220,11053,HAS_BLOCK
11053,10995,FLOW
15378,15379,HAS_PARAM
15378,15380,HAS_PARAM
15378,15345,HAS_BLOCK
15345,15359,FLOW
15345,15357,FLOW
15345,15355,FLOW
15345,15353,FLOW
15345,15351,FLOW
15345,15349,FLOW
15345,15347,FLOW
15345,15376,FLOW
15345,15374,FLOW
15345,15372,FLOW
15345,15370,FLOW
15345,15368,FLOW
15345,15366,FLOW
15345,15364,FLOW
15345,15362,FLOW
15345,15346,FLOW
15378,15346,HAS_BLOCK
15378,15362,HAS_BLOCK
15362,15361,FLOW
15378,15364,HAS_BLOCK
15364,15361,FLOW
15378,15366,HAS_BLOCK
15366,15361,FLOW
15378,15368,HAS_BLOCK
15368,15361,FLOW
15378,15370,HAS_BLOCK
15370,15361,FLOW
15378,15372,HAS_BLOCK
15372,15361,FLOW
15378,15374,HAS_BLOCK
15374,15361,FLOW
15378,15376,HAS_BLOCK
15376,15361,FLOW
15378,15347,HAS_BLOCK
15347,15361,FLOW
15378,15349,HAS_BLOCK
15349,15361,FLOW
15378,15351,HAS_BLOCK
15351,15361,FLOW
15378,15353,HAS_BLOCK
15353,15361,FLOW
15378,15355,HAS_BLOCK
15355,15361,FLOW
15378,15357,HAS_BLOCK
15357,15361,FLOW
15378,15359,HAS_BLOCK
15359,15361,FLOW
15378,15361,HAS_BLOCK
15361,15378,RETURN
15236,15237,HAS_PARAM
15236,15160,HAS_BLOCK
15160,15174,FLOW
15160,15172,FLOW
15160,15170,FLOW
15160,15168,FLOW
15160,15166,FLOW
15160,15164,FLOW
15160,15162,FLOW
15160,15234,FLOW
15160,15233,FLOW
15160,15231,FLOW
15160,15229,FLOW
15160,15227,FLOW
15160,15217,FLOW
15160,15199,FLOW
15160,15181,FLOW
15160,15161,FLOW
15236,15161,HAS_BLOCK
15236,15181,HAS_BLOCK
15181,15221,FLOW
15236,15199,HAS_BLOCK
15199,15222,FLOW
15236,15217,HAS_BLOCK
15217,15222,FLOW
15236,15227,HAS_BLOCK
15227,15220,FLOW
15236,15229,HAS_BLOCK
15229,15219,FLOW
15236,15231,HAS_BLOCK
15231,15213,FLOW
15236,15233,HAS_BLOCK
15233,15222,FLOW
15236,15234,HAS_BLOCK
15234,15210,FLOW
15236,15162,HAS_BLOCK
15162,15205,FLOW
15236,15164,HAS_BLOCK
15164,15196,FLOW
15236,15166,HAS_BLOCK
15166,15191,FLOW
15236,15168,HAS_BLOCK
15168,15186,FLOW
15236,15170,HAS_BLOCK
15170,15185,FLOW
15236,15172,HAS_BLOCK
15172,15182,FLOW
15236,15174,HAS_BLOCK
15174,15176,FLOW
15236,15176,HAS_BLOCK
15176,15178,FLOW
15236,15178,HAS_BLOCK
15178,15180,FLOW
15236,15180,HAS_BLOCK
15180,15222,FLOW
15236,15182,HAS_BLOCK
15182,15184,FLOW
15236,15184,HAS_BLOCK
15184,15222,FLOW
15236,15185,HAS_BLOCK
15185,15222,FLOW
15236,15186,HAS_BLOCK
15186,15188,FLOW
15236,15188,HAS_BLOCK
15188,15190,FLOW
15188,15225,FLOW
15188,15225,UNWIND
15236,15190,HAS_BLOCK
15190,15222,FLOW
15236,15191,HAS_BLOCK
15191,15193,FLOW
15236,15193,HAS_BLOCK
15193,15195,FLOW
15236,15195,HAS_BLOCK
15195,15222,FLOW
15236,15196,HAS_BLOCK
15196,15200,FLOW
15236,15200,HAS_BLOCK
15200,15202,FLOW
15236,15202,HAS_BLOCK
15202,15204,FLOW
15202,15224,FLOW
15202,15224,UNWIND
15236,15204,HAS_BLOCK
15204,15222,FLOW
15236,15205,HAS_BLOCK
15205,15207,FLOW
15236,15207,HAS_BLOCK
15207,15209,FLOW
15236,15209,HAS_BLOCK
15209,15222,FLOW
15236,15210,HAS_BLOCK
15210,15212,FLOW
15236,15212,HAS_BLOCK
15212,15222,FLOW
15236,15213,HAS_BLOCK
15213,15215,FLOW
15236,15215,HAS_BLOCK
15215,15218,FLOW
15215,15223,FLOW
15215,15223,UNWIND
15236,15218,HAS_BLOCK
15218,15222,FLOW
15236,15219,HAS_BLOCK
15219,15222,FLOW
15236,15220,HAS_BLOCK
15220,15222,FLOW
15236,15221,HAS_BLOCK
15221,15222,FLOW
15236,15222,HAS_BLOCK
15222,15236,RETURN
15236,15223,HAS_BLOCK
15223,15226,FLOW
15236,15224,HAS_BLOCK
15224,15226,FLOW
15236,15225,HAS_BLOCK
15225,15226,FLOW
15236,15226,HAS_BLOCK
15342,15343,HAS_PARAM
15342,15344,HAS_PARAM
15342,15238,HAS_BLOCK
15238,15253,FLOW
15238,15239,FLOW
15342,15239,HAS_BLOCK
15239,15289,FLOW
15239,15304,FLOW
15239,15319,FLOW
15239,15334,FLOW
15239,15340,FLOW
15239,15341,FLOW
15239,15240,FLOW
15239,15241,FLOW
15239,15242,FLOW
15239,15243,FLOW
15239,15244,FLOW
15239,15245,FLOW
15239,15246,FLOW
15239,15274,FLOW
15342,15253,HAS_BLOCK
15253,15339,FLOW
15342,15274,HAS_BLOCK
15274,15339,FLOW
15342,15289,HAS_BLOCK
15289,15272,FLOW
15289,15274,FLOW
15342,15304,HAS_BLOCK
15304,15270,FLOW
15304,15274,FLOW
15342,15319,HAS_BLOCK
15319,15268,FLOW
15319,15274,FLOW
15342,15334,HAS_BLOCK
15334,15266,FLOW
15334,15274,FLOW
15342,15340,HAS_BLOCK
15340,15264,FLOW
15340,15274,FLOW
15342,15341,HAS_BLOCK
15341,15262,FLOW
15341,15274,FLOW
15342,15240,HAS_BLOCK
15240,15260,FLOW
15240,15274,FLOW
15342,15241,HAS_BLOCK
15241,15258,FLOW
15241,15274,FLOW
15342,15242,HAS_BLOCK
15242,15256,FLOW
15242,15274,FLOW
15342,15243,HAS_BLOCK
15243,15254,FLOW
15243,15274,FLOW
15342,15244,HAS_BLOCK
15244,15251,FLOW
15244,15274,FLOW
15342,15245,HAS_BLOCK
15245,15249,FLOW
15245,15274,FLOW
15342,15246,HAS_BLOCK
15246,15247,FLOW
15246,15274,FLOW
15342,15247,HAS_BLOCK
15247,15339,FLOW
15342,15249,HAS_BLOCK
15249,15339,FLOW
15342,15251,HAS_BLOCK
15251,15331,FLOW
15342,15254,HAS_BLOCK
15254,15339,FLOW
15342,15256,HAS_BLOCK
15256,15324,FLOW
15342,15258,HAS_BLOCK
15258,15320,FLOW
15342,15260,HAS_BLOCK
15260,15312,FLOW
15342,15262,HAS_BLOCK
15262,15301,FLOW
15342,15264,HAS_BLOCK
15264,15294,FLOW
15342,15266,HAS_BLOCK
15266,15286,FLOW
15342,15268,HAS_BLOCK
15268,15339,FLOW
15342,15270,HAS_BLOCK
15270,15282,FLOW
15342,15272,HAS_BLOCK
15272,15275,FLOW
15342,15275,HAS_BLOCK
15275,15281,FLOW
15275,15276,FLOW
15342,15276,HAS_BLOCK
15276,15278,FLOW
15342,15278,HAS_BLOCK
15278,15281,FLOW
15278,15279,FLOW
15342,15279,HAS_BLOCK
15279,15339,FLOW
15342,15281,HAS_BLOCK
15281,15339,FLOW
15342,15282,HAS_BLOCK
15282,15285,FLOW
15282,15283,FLOW
15342,15283,HAS_BLOCK
15283,15339,FLOW
15342,15285,HAS_BLOCK
15285,15339,FLOW
15342,15286,HAS_BLOCK
15286,15293,FLOW
15286,15287,FLOW
15342,15287,HAS_BLOCK
15287,15290,FLOW
15342,15290,HAS_BLOCK
15290,15293,FLOW
15290,15291,FLOW
15342,15291,HAS_BLOCK
15291,15339,FLOW
15342,15293,HAS_BLOCK
15293,15339,FLOW
15342,15294,HAS_BLOCK
15294,15300,FLOW
15294,15295,FLOW
15342,15295,HAS_BLOCK
15295,15297,FLOW
15342,15297,HAS_BLOCK
15297,15300,FLOW
15297,15298,FLOW
15342,15298,HAS_BLOCK
15298,15339,FLOW
15342,15300,HAS_BLOCK
15300,15339,FLOW
15342,15301,HAS_BLOCK
15301,15311,FLOW
15301,15302,FLOW
15342,15302,HAS_BLOCK
15302,15305,FLOW
15342,15305,HAS_BLOCK
15305,15311,FLOW
15305,15306,FLOW
15342,15306,HAS_BLOCK
15306,15308,FLOW
15342,15308,HAS_BLOCK
15308,15311,FLOW
15308,15309,FLOW
15342,15309,HAS_BLOCK
15309,15339,FLOW
15342,15311,HAS_BLOCK
15311,15339,FLOW
15342,15312,HAS_BLOCK
15312,15318,FLOW
15312,15313,FLOW
15342,15313,HAS_BLOCK
15313,15315,FLOW
15342,15315,HAS_BLOCK
15315,15318,FLOW
15315,15316,FLOW
15342,15316,HAS_BLOCK
15316,15339,FLOW
15342,15318,HAS_BLOCK
15318,15339,FLOW
15342,15320,HAS_BLOCK
15320,15323,FLOW
15320,15321,FLOW
15342,15321,HAS_BLOCK
15321,15339,FLOW
15342,15323,HAS_BLOCK
15323,15339,FLOW
15342,15324,HAS_BLOCK
15324,15330,FLOW
15324,15325,FLOW
15342,15325,HAS_BLOCK
15325,15327,FLOW
15342,15327,HAS_BLOCK
15327,15330,FLOW
15327,15328,FLOW
15342,15328,HAS_BLOCK
15328,15339,FLOW
15342,15330,HAS_BLOCK
15330,15339,FLOW
15342,15331,HAS_BLOCK
15331,15338,FLOW
15331,15332,FLOW
15342,15332,HAS_BLOCK
15332,15335,FLOW
15342,15335,HAS_BLOCK
15335,15338,FLOW
15335,15336,FLOW
15342,15336,HAS_BLOCK
15336,15339,FLOW
15342,15338,HAS_BLOCK
15338,15339,FLOW
15342,15339,HAS_BLOCK
15339,15342,RETURN
21625,21626,HAS_PARAM
21625,21627,HAS_PARAM
21625,21209,HAS_BLOCK
21209,21318,FLOW
21209,21301,FLOW
21209,21282,FLOW
21209,21264,FLOW
21209,21246,FLOW
21209,21229,FLOW
21209,21211,FLOW
21209,21609,FLOW
21209,21590,FLOW
21209,21573,FLOW
21209,21555,FLOW
21209,21538,FLOW
21209,21519,FLOW
21209,21500,FLOW
21209,21389,FLOW
21209,21210,FLOW
21625,21210,HAS_BLOCK
21625,21389,HAS_BLOCK
21389,21418,FLOW
21625,21500,HAS_BLOCK
21500,21418,FLOW
21625,21519,HAS_BLOCK
21519,21418,FLOW
21625,21538,HAS_BLOCK
21538,21359,FLOW
21538,21423,FLOW
21538,21423,UNWIND
21625,21555,HAS_BLOCK
21555,21340,FLOW
21555,21429,FLOW
21555,21429,UNWIND
21625,21573,HAS_BLOCK
21573,21305,FLOW
21573,21433,FLOW
21573,21433,UNWIND
21625,21590,HAS_BLOCK
21590,21418,FLOW
21625,21609,HAS_BLOCK
21609,21277,FLOW
21609,21437,FLOW
21609,21437,UNWIND
21625,21211,HAS_BLOCK
21211,21242,FLOW
21211,21443,FLOW
21211,21443,UNWIND
21625,21229,HAS_BLOCK
21229,21613,FLOW
21229,21447,FLOW
21229,21447,UNWIND
21625,21246,HAS_BLOCK
21246,21577,FLOW
21246,21453,FLOW
21246,21453,UNWIND
21625,21264,HAS_BLOCK
21264,21542,FLOW
21264,21457,FLOW
21264,21457,UNWIND
21625,21282,HAS_BLOCK
21282,21418,FLOW
21625,21301,HAS_BLOCK
21301,21513,FLOW
21301,21461,FLOW
21301,21461,UNWIND
21625,21318,HAS_BLOCK
21318,21336,FLOW
21318,21466,FLOW
21318,21466,UNWIND
21625,21336,HAS_BLOCK
21336,21354,FLOW
21336,21466,FLOW
21336,21466,UNWIND
21625,21354,HAS_BLOCK
21354,21370,FLOW
21354,21466,FLOW
21354,21466,UNWIND
21625,21370,HAS_BLOCK
21370,21390,FLOW
21370,21466,FLOW
21370,21466,UNWIND
21625,21390,HAS_BLOCK
21390,21404,FLOW
21625,21404,HAS_BLOCK
21404,21415,FLOW
21404,21427,FLOW
21404,21210,FLOW
21625,21415,HAS_BLOCK
21415,21439,FLOW
21415,21464,FLOW
21415,21464,UNWIND
21625,21427,HAS_BLOCK
21427,21417,FLOW
21625,21439,HAS_BLOCK
21439,21451,FLOW
21439,21464,FLOW
21439,21464,UNWIND
21625,21451,HAS_BLOCK
21451,21462,FLOW
21451,21474,FLOW
21451,21210,FLOW
21625,21462,HAS_BLOCK
21462,21486,FLOW
21462,21464,FLOW
21462,21464,UNWIND
21625,21474,HAS_BLOCK
21474,21467,FLOW
21474,21464,FLOW
21474,21464,UNWIND
21625,21486,HAS_BLOCK
21486,21498,FLOW
21486,21464,FLOW
21486,21464,UNWIND
21625,21498,HAS_BLOCK
21498,21501,FLOW
21498,21503,FLOW
21498,21210,FLOW
21625,21501,HAS_BLOCK
21501,21505,FLOW
21501,21464,FLOW
21501,21464,UNWIND
21625,21503,HAS_BLOCK
21503,21468,FLOW
21503,21464,FLOW
21503,21464,UNWIND
21625,21505,HAS_BLOCK
21505,21507,FLOW
21505,21464,FLOW
21505,21464,UNWIND
21625,21507,HAS_BLOCK
21507,21508,FLOW
21507,21510,FLOW
21507,21210,FLOW
21625,21508,HAS_BLOCK
21508,21512,FLOW
21508,21464,FLOW
21508,21464,UNWIND
21625,21510,HAS_BLOCK
21510,21469,FLOW
21510,21464,FLOW
21510,21464,UNWIND
21625,21512,HAS_BLOCK
21512,21418,FLOW
21625,21513,HAS_BLOCK
21513,21514,FLOW
21513,21461,FLOW
21513,21461,UNWIND
21625,21514,HAS_BLOCK
21514,21516,FLOW
21514,21461,FLOW
21514,21461,UNWIND
21625,21516,HAS_BLOCK
21516,21520,FLOW
21625,21520,HAS_BLOCK
21520,21521,FLOW
21520,21523,FLOW
21520,21210,FLOW
21625,21521,HAS_BLOCK
21521,21525,FLOW
21521,21459,FLOW
21521,21459,UNWIND
21625,21523,HAS_BLOCK
21523,21414,FLOW
21625,21525,HAS_BLOCK
21525,21527,FLOW
21525,21459,FLOW
21525,21459,UNWIND
21625,21527,HAS_BLOCK
21527,21528,FLOW
21527,21530,FLOW
21527,21210,FLOW
21625,21528,HAS_BLOCK
21528,21532,FLOW
21528,21459,FLOW
21528,21459,UNWIND
21625,21530,HAS_BLOCK
21530,21470,FLOW
21530,21459,FLOW
21530,21459,UNWIND
21625,21532,HAS_BLOCK
21532,21534,FLOW
21532,21459,FLOW
21532,21459,UNWIND
21625,21534,HAS_BLOCK
21534,21535,FLOW
21534,21539,FLOW
21534,21210,FLOW
21625,21535,HAS_BLOCK
21535,21541,FLOW
21535,21459,FLOW
21535,21459,UNWIND
21625,21539,HAS_BLOCK
21539,21471,FLOW
21539,21459,FLOW
21539,21459,UNWIND
21625,21541,HAS_BLOCK
21541,21418,FLOW
21625,21542,HAS_BLOCK
21542,21543,FLOW
21542,21457,FLOW
21542,21457,UNWIND
21625,21543,HAS_BLOCK
21543,21544,FLOW
21543,21457,FLOW
21543,21457,UNWIND
21625,21544,HAS_BLOCK
21544,21546,FLOW
21544,21457,FLOW
21544,21457,UNWIND
21625,21546,HAS_BLOCK
21546,21548,FLOW
21625,21548,HAS_BLOCK
21548,21549,FLOW
21548,21551,FLOW
21548,21210,FLOW
21625,21549,HAS_BLOCK
21549,21553,FLOW
21549,21455,FLOW
21549,21455,UNWIND
21625,21551,HAS_BLOCK
21551,21412,FLOW
21625,21553,HAS_BLOCK
21553,21556,FLOW
21553,21455,FLOW
21553,21455,UNWIND
21625,21556,HAS_BLOCK
21556,21557,FLOW
21556,21559,FLOW
21556,21210,FLOW
21625,21557,HAS_BLOCK
21557,21561,FLOW
21557,21455,FLOW
21557,21455,UNWIND
21625,21559,HAS_BLOCK
21559,21472,FLOW
21559,21455,FLOW
21559,21455,UNWIND
21625,21561,HAS_BLOCK
21561,21563,FLOW
21561,21455,FLOW
21561,21455,UNWIND
21625,21563,HAS_BLOCK
21563,21564,FLOW
21563,21566,FLOW
21563,21210,FLOW
21625,21564,HAS_BLOCK
21564,21568,FLOW
21564,21455,FLOW
21564,21455,UNWIND
21625,21566,HAS_BLOCK
21566,21475,FLOW
21566,21455,FLOW
21566,21455,UNWIND
21625,21568,HAS_BLOCK
21568,21570,FLOW
21568,21455,FLOW
21568,21455,UNWIND
21625,21570,HAS_BLOCK
21570,21571,FLOW
21570,21574,FLOW
21570,21210,FLOW
21625,21571,HAS_BLOCK
21571,21576,FLOW
21571,21455,FLOW
21571,21455,UNWIND
21625,21574,HAS_BLOCK
21574,21476,FLOW
21574,21455,FLOW
21574,21455,UNWIND
21625,21576,HAS_BLOCK
21576,21418,FLOW
21625,21577,HAS_BLOCK
21577,21578,FLOW
21577,21453,FLOW
21577,21453,UNWIND
21625,21578,HAS_BLOCK
21578,21579,FLOW
21578,21453,FLOW
21578,21453,UNWIND
21625,21579,HAS_BLOCK
21579,21581,FLOW
21579,21453,FLOW
21579,21453,UNWIND
21625,21581,HAS_BLOCK
21581,21583,FLOW
21625,21583,HAS_BLOCK
21583,21584,FLOW
21583,21586,FLOW
21583,21210,FLOW
21625,21584,HAS_BLOCK
21584,21588,FLOW
21584,21449,FLOW
21584,21449,UNWIND
21625,21586,HAS_BLOCK
21586,21410,FLOW
21625,21588,HAS_BLOCK
21588,21591,FLOW
21588,21449,FLOW
21588,21449,UNWIND
21625,21591,HAS_BLOCK
21591,21592,FLOW
21591,21594,FLOW
21591,21210,FLOW
21625,21592,HAS_BLOCK
21592,21596,FLOW
21592,21449,FLOW
21592,21449,UNWIND
21625,21594,HAS_BLOCK
21594,21477,FLOW
21594,21449,FLOW
21594,21449,UNWIND
21625,21596,HAS_BLOCK
21596,21598,FLOW
21596,21449,FLOW
21596,21449,UNWIND
21625,21598,HAS_BLOCK
21598,21599,FLOW
21598,21601,FLOW
21598,21210,FLOW
21625,21599,HAS_BLOCK
21599,21603,FLOW
21599,21449,FLOW
21599,21449,UNWIND
21625,21601,HAS_BLOCK
21601,21478,FLOW
21601,21449,FLOW
21601,21449,UNWIND
21625,21603,HAS_BLOCK
21603,21605,FLOW
21603,21449,FLOW
21603,21449,UNWIND
21625,21605,HAS_BLOCK
21605,21606,FLOW
21605,21610,FLOW
21605,21210,FLOW
21625,21606,HAS_BLOCK
21606,21612,FLOW
21606,21449,FLOW
21606,21449,UNWIND
21625,21610,HAS_BLOCK
21610,21479,FLOW
21610,21449,FLOW
21610,21449,UNWIND
21625,21612,HAS_BLOCK
21612,21418,FLOW
21625,21613,HAS_BLOCK
21613,21614,FLOW
21613,21447,FLOW
21613,21447,UNWIND
21625,21614,HAS_BLOCK
21614,21615,FLOW
21614,21447,FLOW
21614,21447,UNWIND
21625,21615,HAS_BLOCK
21615,21616,FLOW
21615,21447,FLOW
21615,21447,UNWIND
21625,21616,HAS_BLOCK
21616,21618,FLOW
21616,21447,FLOW
21616,21447,UNWIND
21625,21618,HAS_BLOCK
21618,21620,FLOW
21625,21620,HAS_BLOCK
21620,21621,FLOW
21620,21623,FLOW
21620,21210,FLOW
21625,21621,HAS_BLOCK
21621,21212,FLOW
21621,21445,FLOW
21621,21445,UNWIND
21625,21623,HAS_BLOCK
21623,21408,FLOW
21625,21212,HAS_BLOCK
21212,21214,FLOW
21212,21445,FLOW
21212,21445,UNWIND
21625,21214,HAS_BLOCK
21214,21215,FLOW
21214,21217,FLOW
21214,21210,FLOW
21625,21215,HAS_BLOCK
21215,21219,FLOW
21215,21445,FLOW
21215,21445,UNWIND
21625,21217,HAS_BLOCK
21217,21480,FLOW
21217,21445,FLOW
21217,21445,UNWIND
21625,21219,HAS_BLOCK
21219,21221,FLOW
21219,21445,FLOW
21219,21445,UNWIND
21625,21221,HAS_BLOCK
21221,21222,FLOW
21221,21224,FLOW
21221,21210,FLOW
21625,21222,HAS_BLOCK
21222,21226,FLOW
21222,21445,FLOW
21222,21445,UNWIND
21625,21224,HAS_BLOCK
21224,21481,FLOW
21224,21445,FLOW
21224,21445,UNWIND
21625,21226,HAS_BLOCK
21226,21228,FLOW
21226,21445,FLOW
21226,21445,UNWIND
21625,21228,HAS_BLOCK
21228,21230,FLOW
21228,21232,FLOW
21228,21210,FLOW
21625,21230,HAS_BLOCK
21230,21234,FLOW
21230,21445,FLOW
21230,21445,UNWIND
21625,21232,HAS_BLOCK
21232,21482,FLOW
21232,21445,FLOW
21232,21445,UNWIND
21625,21234,HAS_BLOCK
21234,21236,FLOW
21234,21445,FLOW
21234,21445,UNWIND
21625,21236,HAS_BLOCK
21236,21237,FLOW
21236,21239,FLOW
21236,21210,FLOW
21625,21237,HAS_BLOCK
21237,21241,FLOW
21237,21445,FLOW
21237,21445,UNWIND
21625,21239,HAS_BLOCK
21239,21483,FLOW
21239,21445,FLOW
21239,21445,UNWIND
21625,21241,HAS_BLOCK
21241,21418,FLOW
21625,21242,HAS_BLOCK
21242,21243,FLOW
21242,21443,FLOW
21242,21443,UNWIND
21625,21243,HAS_BLOCK
21243,21244,FLOW
21243,21443,FLOW
21243,21443,UNWIND
21625,21244,HAS_BLOCK
21244,21247,FLOW
21244,21443,FLOW
21244,21443,UNWIND
21625,21247,HAS_BLOCK
21247,21249,FLOW
21625,21249,HAS_BLOCK
21249,21250,FLOW
21249,21252,FLOW
21249,21210,FLOW
21625,21250,HAS_BLOCK
21250,21254,FLOW
21250,21441,FLOW
21250,21441,UNWIND
21625,21252,HAS_BLOCK
21252,21406,FLOW
21625,21254,HAS_BLOCK
21254,21256,FLOW
21254,21441,FLOW
21254,21441,UNWIND
21625,21256,HAS_BLOCK
21256,21257,FLOW
21256,21259,FLOW
21256,21210,FLOW
21625,21257,HAS_BLOCK
21257,21261,FLOW
21257,21441,FLOW
21257,21441,UNWIND
21625,21259,HAS_BLOCK
21259,21484,FLOW
21259,21441,FLOW
21259,21441,UNWIND
21625,21261,HAS_BLOCK
21261,21263,FLOW
21261,21441,FLOW
21261,21441,UNWIND
21625,21263,HAS_BLOCK
21263,21265,FLOW
21263,21267,FLOW
21263,21210,FLOW
21625,21265,HAS_BLOCK
21265,21269,FLOW
21265,21441,FLOW
21265,21441,UNWIND
21625,21267,HAS_BLOCK
21267,21487,FLOW
21267,21441,FLOW
21267,21441,UNWIND
21625,21269,HAS_BLOCK
21269,21271,FLOW
21269,21441,FLOW
21269,21441,UNWIND
21625,21271,HAS_BLOCK
21271,21272,FLOW
21271,21274,FLOW
21271,21210,FLOW
21625,21272,HAS_BLOCK
21272,21276,FLOW
21272,21441,FLOW
21272,21441,UNWIND
21625,21274,HAS_BLOCK
21274,21488,FLOW
21274,21441,FLOW
21274,21441,UNWIND
21625,21276,HAS_BLOCK
21276,21418,FLOW
21625,21277,HAS_BLOCK
21277,21278,FLOW
21277,21437,FLOW
21277,21437,UNWIND
21625,21278,HAS_BLOCK
21278,21280,FLOW
21278,21437,FLOW
21278,21437,UNWIND
21625,21280,HAS_BLOCK
21280,21283,FLOW
21625,21283,HAS_BLOCK
21283,21284,FLOW
21283,21286,FLOW
21283,21210,FLOW
21625,21284,HAS_BLOCK
21284,21288,FLOW
21284,21435,FLOW
21284,21435,UNWIND
21625,21286,HAS_BLOCK
21286,21402,FLOW
21625,21288,HAS_BLOCK
21288,21290,FLOW
21288,21435,FLOW
21288,21435,UNWIND
21625,21290,HAS_BLOCK
21290,21291,FLOW
21290,21293,FLOW
21290,21210,FLOW
21625,21291,HAS_BLOCK
21291,21295,FLOW
21291,21435,FLOW
21291,21435,UNWIND
21625,21293,HAS_BLOCK
21293,21489,FLOW
21293,21435,FLOW
21293,21435,UNWIND
21625,21295,HAS_BLOCK
21295,21297,FLOW
21295,21435,FLOW
21295,21435,UNWIND
21625,21297,HAS_BLOCK
21297,21298,FLOW
21297,21302,FLOW
21297,21210,FLOW
21625,21298,HAS_BLOCK
21298,21304,FLOW
21298,21435,FLOW
21298,21435,UNWIND
21625,21302,HAS_BLOCK
21302,21490,FLOW
21302,21435,FLOW
21302,21435,UNWIND
21625,21304,HAS_BLOCK
21304,21418,FLOW
21625,21305,HAS_BLOCK
21305,21306,FLOW
21305,21433,FLOW
21305,21433,UNWIND
21625,21306,HAS_BLOCK
21306,21307,FLOW
21306,21433,FLOW
21306,21433,UNWIND
21625,21307,HAS_BLOCK
21307,21309,FLOW
21307,21433,FLOW
21307,21433,UNWIND
21625,21309,HAS_BLOCK
21309,21311,FLOW
21625,21311,HAS_BLOCK
21311,21312,FLOW
21311,21314,FLOW
21311,21210,FLOW
21625,21312,HAS_BLOCK
21312,21316,FLOW
21312,21431,FLOW
21312,21431,UNWIND
21625,21314,HAS_BLOCK
21314,21400,FLOW
21625,21316,HAS_BLOCK
21316,21319,FLOW
21316,21431,FLOW
21316,21431,UNWIND
21625,21319,HAS_BLOCK
21319,21320,FLOW
21319,21322,FLOW
21319,21210,FLOW
21625,21320,HAS_BLOCK
21320,21324,FLOW
21320,21431,FLOW
21320,21431,UNWIND
21625,21322,HAS_BLOCK
21322,21491,FLOW
21322,21431,FLOW
21322,21431,UNWIND
21625,21324,HAS_BLOCK
21324,21326,FLOW
21324,21431,FLOW
21324,21431,UNWIND
21625,21326,HAS_BLOCK
21326,21327,FLOW
21326,21329,FLOW
21326,21210,FLOW
21625,21327,HAS_BLOCK
21327,21331,FLOW
21327,21431,FLOW
21327,21431,UNWIND
21625,21329,HAS_BLOCK
21329,21492,FLOW
21329,21431,FLOW
21329,21431,UNWIND
21625,21331,HAS_BLOCK
21331,21333,FLOW
21331,21431,FLOW
21331,21431,UNWIND
21625,21333,HAS_BLOCK
21333,21334,FLOW
21333,21337,FLOW
21333,21210,FLOW
21625,21334,HAS_BLOCK
21334,21339,FLOW
21334,21431,FLOW
21334,21431,UNWIND
21625,21337,HAS_BLOCK
21337,21493,FLOW
21337,21431,FLOW
21337,21431,UNWIND
21625,21339,HAS_BLOCK
21339,21418,FLOW
21625,21340,HAS_BLOCK
21340,21342,FLOW
21340,21429,FLOW
21340,21429,UNWIND
21625,21342,HAS_BLOCK
21342,21344,FLOW
21625,21344,HAS_BLOCK
21344,21345,FLOW
21344,21347,FLOW
21344,21210,FLOW
21625,21345,HAS_BLOCK
21345,21349,FLOW
21345,21425,FLOW
21345,21425,UNWIND
21625,21347,HAS_BLOCK
21347,21398,FLOW
21625,21349,HAS_BLOCK
21349,21351,FLOW
21349,21425,FLOW
21349,21425,UNWIND
21625,21351,HAS_BLOCK
21351,21352,FLOW
21351,21355,FLOW
21351,21210,FLOW
21625,21352,HAS_BLOCK
21352,21358,FLOW
21352,21425,FLOW
21352,21425,UNWIND
21625,21355,HAS_BLOCK
21355,21357,FLOW
21355,21425,FLOW
21355,21425,UNWIND
21625,21357,HAS_BLOCK
21357,21398,FLOW
21625,21358,HAS_BLOCK
21358,21418,FLOW
21625,21359,HAS_BLOCK
21359,21360,FLOW
21359,21423,FLOW
21359,21423,UNWIND
21625,21360,HAS_BLOCK
21360,21361,FLOW
21360,21423,FLOW
21360,21423,UNWIND
21625,21361,HAS_BLOCK
21361,21363,FLOW
21361,21423,FLOW
21361,21423,UNWIND
21625,21363,HAS_BLOCK
21363,21365,FLOW
21625,21365,HAS_BLOCK
21365,21366,FLOW
21365,21368,FLOW
21365,21210,FLOW
21625,21366,HAS_BLOCK
21366,21371,FLOW
21366,21421,FLOW
21366,21421,UNWIND
21625,21368,HAS_BLOCK
21368,21397,FLOW
21625,21371,HAS_BLOCK
21371,21373,FLOW
21371,21421,FLOW
21371,21421,UNWIND
21625,21373,HAS_BLOCK
21373,21374,FLOW
21373,21376,FLOW
21373,21210,FLOW
21625,21374,HAS_BLOCK
21374,21378,FLOW
21374,21421,FLOW
21374,21421,UNWIND
21625,21376,HAS_BLOCK
21376,21494,FLOW
21376,21421,FLOW
21376,21421,UNWIND
21625,21378,HAS_BLOCK
21378,21380,FLOW
21378,21421,FLOW
21378,21421,UNWIND
21625,21380,HAS_BLOCK
21380,21381,FLOW
21380,21383,FLOW
21380,21210,FLOW
21625,21381,HAS_BLOCK
21381,21385,FLOW
21381,21421,FLOW
21381,21421,UNWIND
21625,21383,HAS_BLOCK
21383,21495,FLOW
21383,21421,FLOW
21383,21421,UNWIND
21625,21385,HAS_BLOCK
21385,21387,FLOW
21385,21421,FLOW
21385,21421,UNWIND
21625,21387,HAS_BLOCK
21387,21391,FLOW
21387,21393,FLOW
21387,21210,FLOW
21625,21391,HAS_BLOCK
21391,21395,FLOW
21391,21421,FLOW
21391,21421,UNWIND
21625,21393,HAS_BLOCK
21393,21496,FLOW
21393,21421,FLOW
21393,21421,UNWIND
21625,21395,HAS_BLOCK
21395,21418,FLOW
21625,21396,HAS_BLOCK
21396,21397,FLOW
21625,21397,HAS_BLOCK
21397,21418,FLOW
21625,21398,HAS_BLOCK
21398,21418,FLOW
21625,21399,HAS_BLOCK
21399,21400,FLOW
21625,21400,HAS_BLOCK
21400,21418,FLOW
21625,21401,HAS_BLOCK
21401,21402,FLOW
21625,21402,HAS_BLOCK
21402,21418,FLOW
21625,21405,HAS_BLOCK
21405,21406,FLOW
21625,21406,HAS_BLOCK
21406,21418,FLOW
21625,21407,HAS_BLOCK
21407,21408,FLOW
21625,21408,HAS_BLOCK
21408,21418,FLOW
21625,21409,HAS_BLOCK
21409,21410,FLOW
21625,21410,HAS_BLOCK
21410,21418,FLOW
21625,21411,HAS_BLOCK
21411,21412,FLOW
21625,21412,HAS_BLOCK
21412,21418,FLOW
21625,21413,HAS_BLOCK
21413,21414,FLOW
21625,21414,HAS_BLOCK
21414,21418,FLOW
21625,21416,HAS_BLOCK
21416,21417,FLOW
21625,21417,HAS_BLOCK
21417,21418,FLOW
21625,21418,HAS_BLOCK
21418,21625,RETURN
21625,21419,HAS_BLOCK
21625,21420,HAS_BLOCK
21420,21419,FLOW
21625,21421,HAS_BLOCK
21421,21419,FLOW
21421,21420,FLOW
21625,21422,HAS_BLOCK
21422,21419,FLOW
21625,21423,HAS_BLOCK
21423,21419,FLOW
21423,21422,FLOW
21625,21424,HAS_BLOCK
21424,21419,FLOW
21625,21425,HAS_BLOCK
21425,21419,FLOW
21425,21424,FLOW
21625,21428,HAS_BLOCK
21428,21419,FLOW
21625,21429,HAS_BLOCK
21429,21419,FLOW
21429,21428,FLOW
21625,21430,HAS_BLOCK
21430,21419,FLOW
21625,21431,HAS_BLOCK
21431,21419,FLOW
21431,21430,FLOW
21625,21432,HAS_BLOCK
21432,21419,FLOW
21625,21433,HAS_BLOCK
21433,21419,FLOW
21433,21432,FLOW
21625,21434,HAS_BLOCK
21434,21419,FLOW
21625,21435,HAS_BLOCK
21435,21419,FLOW
21435,21434,FLOW
21625,21436,HAS_BLOCK
21436,21419,FLOW
21625,21437,HAS_BLOCK
21437,21419,FLOW
21437,21436,FLOW
21625,21440,HAS_BLOCK
21440,21419,FLOW
21625,21441,HAS_BLOCK
21441,21419,FLOW
21441,21440,FLOW
21625,21442,HAS_BLOCK
21442,21419,FLOW
21625,21443,HAS_BLOCK
21443,21419,FLOW
21443,21442,FLOW
21625,21444,HAS_BLOCK
21444,21419,FLOW
21625,21445,HAS_BLOCK
21445,21419,FLOW
21445,21444,FLOW
21625,21446,HAS_BLOCK
21446,21419,FLOW
21625,21447,HAS_BLOCK
21447,21419,FLOW
21447,21446,FLOW
21625,21448,HAS_BLOCK
21448,21419,FLOW
21625,21449,HAS_BLOCK
21449,21419,FLOW
21449,21448,FLOW
21625,21452,HAS_BLOCK
21452,21419,FLOW
21625,21453,HAS_BLOCK
21453,21419,FLOW
21453,21452,FLOW
21625,21454,HAS_BLOCK
21454,21419,FLOW
21625,21455,HAS_BLOCK
21455,21419,FLOW
21455,21454,FLOW
21625,21456,HAS_BLOCK
21456,21419,FLOW
21625,21457,HAS_BLOCK
21457,21419,FLOW
21457,21456,FLOW
21625,21458,HAS_BLOCK
21458,21419,FLOW
21625,21459,HAS_BLOCK
21459,21419,FLOW
21459,21458,FLOW
21625,21460,HAS_BLOCK
21460,21419,FLOW
21625,21461,HAS_BLOCK
21461,21419,FLOW
21461,21460,FLOW
21625,21463,HAS_BLOCK
21463,21419,FLOW
21625,21464,HAS_BLOCK
21464,21419,FLOW
21464,21463,FLOW
21625,21465,HAS_BLOCK
21465,21419,FLOW
21625,21466,HAS_BLOCK
21466,21419,FLOW
21466,21465,FLOW
21625,21467,HAS_BLOCK
21467,21416,FLOW
21625,21468,HAS_BLOCK
21468,21416,FLOW
21625,21469,HAS_BLOCK
21469,21416,FLOW
21625,21470,HAS_BLOCK
21470,21413,FLOW
21625,21471,HAS_BLOCK
21471,21413,FLOW
21625,21472,HAS_BLOCK
21472,21411,FLOW
21625,21475,HAS_BLOCK
21475,21411,FLOW
21625,21476,HAS_BLOCK
21476,21411,FLOW
21625,21477,HAS_BLOCK
21477,21409,FLOW
21625,21478,HAS_BLOCK
21478,21409,FLOW
21625,21479,HAS_BLOCK
21479,21409,FLOW
21625,21480,HAS_BLOCK
21480,21407,FLOW
21625,21481,HAS_BLOCK
21481,21407,FLOW
21625,21482,HAS_BLOCK
21482,21407,FLOW
21625,21483,HAS_BLOCK
21483,21407,FLOW
21625,21484,HAS_BLOCK
21484,21405,FLOW
21625,21487,HAS_BLOCK
21487,21405,FLOW
21625,21488,HAS_BLOCK
21488,21405,FLOW
21625,21489,HAS_BLOCK
21489,21401,FLOW
21625,21490,HAS_BLOCK
21490,21401,FLOW
21625,21491,HAS_BLOCK
21491,21399,FLOW
21625,21492,HAS_BLOCK
21492,21399,FLOW
21625,21493,HAS_BLOCK
21493,21399,FLOW
21625,21494,HAS_BLOCK
21494,21396,FLOW
21625,21495,HAS_BLOCK
21495,21396,FLOW
21625,21496,HAS_BLOCK
21496,21396,FLOW
19691,19692,HAS_PARAM
19691,19688,HAS_BLOCK
19688,19690,FLOW
19691,19690,HAS_BLOCK
19690,19691,RETURN
16552,16553,HAS_PARAM
16552,16554,HAS_PARAM
16552,16549,HAS_BLOCK
16549,16551,FLOW
16552,16551,HAS_BLOCK
16551,16552,RETURN
16783,16784,HAS_PARAM
16783,16785,HAS_PARAM
16783,16763,HAS_BLOCK
16763,16771,FLOW
16763,16770,FLOW
16763,16769,FLOW
16763,16768,FLOW
16763,16767,FLOW
16763,16766,FLOW
16763,16765,FLOW
16763,16782,FLOW
16763,16781,FLOW
16763,16780,FLOW
16763,16779,FLOW
16763,16778,FLOW
16763,16777,FLOW
16763,16776,FLOW
16763,16775,FLOW
16763,16764,FLOW
16783,16764,HAS_BLOCK
16764,16772,FLOW
16783,16775,HAS_BLOCK
16775,16773,FLOW
16783,16776,HAS_BLOCK
16776,16773,FLOW
16783,16777,HAS_BLOCK
16777,16773,FLOW
16783,16778,HAS_BLOCK
16778,16773,FLOW
16783,16779,HAS_BLOCK
16779,16773,FLOW
16783,16780,HAS_BLOCK
16780,16773,FLOW
16783,16781,HAS_BLOCK
16781,16773,FLOW
16783,16782,HAS_BLOCK
16782,16773,FLOW
16783,16765,HAS_BLOCK
16765,16773,FLOW
16783,16766,HAS_BLOCK
16766,16773,FLOW
16783,16767,HAS_BLOCK
16767,16773,FLOW
16783,16768,HAS_BLOCK
16768,16773,FLOW
16783,16769,HAS_BLOCK
16769,16773,FLOW
16783,16770,HAS_BLOCK
16770,16773,FLOW
16783,16771,HAS_BLOCK
16771,16773,FLOW
16783,16772,HAS_BLOCK
16772,16773,FLOW
16783,16773,HAS_BLOCK
16773,16783,RETURN
16760,16761,HAS_PARAM
16760,16762,HAS_PARAM
16760,16696,HAS_BLOCK
16696,16749,FLOW
16760,16698,HAS_BLOCK
16698,16750,FLOW
16760,16715,HAS_BLOCK
16715,16751,FLOW
16760,16731,HAS_BLOCK
16731,16748,FLOW
16760,16743,HAS_BLOCK
16743,16751,FLOW
16760,16752,HAS_BLOCK
16752,16747,FLOW
16760,16754,HAS_BLOCK
16754,16751,FLOW
16760,16755,HAS_BLOCK
16755,16746,FLOW
16760,16757,HAS_BLOCK
16757,16751,FLOW
16760,16758,HAS_BLOCK
16758,16745,FLOW
16760,16699,HAS_BLOCK
16699,16751,FLOW
16760,16700,HAS_BLOCK
16700,16744,FLOW
16760,16702,HAS_BLOCK
16702,16751,FLOW
16760,16703,HAS_BLOCK
16703,16741,FLOW
16760,16705,HAS_BLOCK
16705,16751,FLOW
16760,16706,HAS_BLOCK
16706,16740,FLOW
16760,16708,HAS_BLOCK
16708,16751,FLOW
16760,16709,HAS_BLOCK
16709,16739,FLOW
16760,16711,HAS_BLOCK
16711,16751,FLOW
16760,16712,HAS_BLOCK
16712,16738,FLOW
16760,16716,HAS_BLOCK
16716,16751,FLOW
16760,16717,HAS_BLOCK
16717,16737,FLOW
16760,16719,HAS_BLOCK
16719,16751,FLOW
16760,16720,HAS_BLOCK
16720,16736,FLOW
16760,16722,HAS_BLOCK
16722,16751,FLOW
16760,16723,HAS_BLOCK
16723,16735,FLOW
16760,16725,HAS_BLOCK
16725,16751,FLOW
16760,16726,HAS_BLOCK
16726,16734,FLOW
16760,16728,HAS_BLOCK
16728,16751,FLOW
16760,16729,HAS_BLOCK
16729,16733,FLOW
16760,16732,HAS_BLOCK
16732,16751,FLOW
16760,16733,HAS_BLOCK
16733,16698,FLOW
16733,16732,FLOW
16760,16734,HAS_BLOCK
16734,16729,FLOW
16734,16728,FLOW
16760,16735,HAS_BLOCK
16735,16726,FLOW
16735,16725,FLOW
16760,16736,HAS_BLOCK
16736,16723,FLOW
16736,16722,FLOW
16760,16737,HAS_BLOCK
16737,16720,FLOW
16737,16719,FLOW
16760,16738,HAS_BLOCK
16738,16717,FLOW
16738,16716,FLOW
16760,16739,HAS_BLOCK
16739,16712,FLOW
16739,16711,FLOW
16760,16740,HAS_BLOCK
16740,16709,FLOW
16740,16708,FLOW
16760,16741,HAS_BLOCK
16741,16706,FLOW
16741,16705,FLOW
16760,16744,HAS_BLOCK
16744,16703,FLOW
16744,16702,FLOW
16760,16745,HAS_BLOCK
16745,16700,FLOW
16745,16699,FLOW
16760,16746,HAS_BLOCK
16746,16758,FLOW
16746,16757,FLOW
16760,16747,HAS_BLOCK
16747,16755,FLOW
16747,16754,FLOW
16760,16748,HAS_BLOCK
16748,16752,FLOW
16748,16743,FLOW
16760,16749,HAS_BLOCK
16749,16731,FLOW
16749,16715,FLOW
16760,16750,HAS_BLOCK
16750,16751,FLOW
16760,16751,HAS_BLOCK
16751,16760,RETURN
16693,16694,HAS_PARAM
16693,16695,HAS_PARAM
16693,16555,HAS_BLOCK
16555,16638,FLOW
16555,16605,FLOW
16693,16556,HAS_BLOCK
16556,16589,FLOW
16693,16605,HAS_BLOCK
16605,16616,FLOW
16605,16556,FLOW
16693,16616,HAS_BLOCK
16616,16627,FLOW
16616,16556,FLOW
16693,16627,HAS_BLOCK
16627,16588,FLOW
16627,16556,FLOW
16693,16638,HAS_BLOCK
16638,16608,FLOW
16638,16649,FLOW
16693,16649,HAS_BLOCK
16649,16660,FLOW
16649,16579,FLOW
16649,16601,FLOW
16649,16556,FLOW
16693,16660,HAS_BLOCK
16660,16671,FLOW
16660,16556,FLOW
16693,16671,HAS_BLOCK
16671,16682,FLOW
16671,16556,FLOW
16693,16682,HAS_BLOCK
16682,16557,FLOW
16682,16556,FLOW
16693,16557,HAS_BLOCK
16557,16568,FLOW
16557,16556,FLOW
16693,16568,HAS_BLOCK
16568,16587,FLOW
16568,16556,FLOW
16693,16579,HAS_BLOCK
16579,16591,FLOW
16579,16556,FLOW
16693,16591,HAS_BLOCK
16591,16598,FLOW
16591,16556,FLOW
16693,16598,HAS_BLOCK
16598,16599,FLOW
16598,16556,FLOW
16693,16599,HAS_BLOCK
16599,16600,FLOW
16599,16556,FLOW
16693,16600,HAS_BLOCK
16600,16586,FLOW
16600,16556,FLOW
16693,16601,HAS_BLOCK
16601,16602,FLOW
16601,16556,FLOW
16693,16602,HAS_BLOCK
16602,16603,FLOW
16602,16556,FLOW
16693,16603,HAS_BLOCK
16603,16606,FLOW
16603,16556,FLOW
16693,16606,HAS_BLOCK
16606,16607,FLOW
16606,16556,FLOW
16693,16607,HAS_BLOCK
16607,16576,FLOW
16607,16556,FLOW
16693,16608,HAS_BLOCK
16608,16620,FLOW
16608,16609,FLOW
16693,16609,HAS_BLOCK
16609,16610,FLOW
16609,16613,FLOW
16609,16617,FLOW
16609,16556,FLOW
16693,16610,HAS_BLOCK
16610,16611,FLOW
16610,16556,FLOW
16693,16611,HAS_BLOCK
16611,16612,FLOW
16611,16556,FLOW
16693,16612,HAS_BLOCK
16612,16585,FLOW
16612,16556,FLOW
16693,16613,HAS_BLOCK
16613,16614,FLOW
16613,16556,FLOW
16693,16614,HAS_BLOCK
16614,16615,FLOW
16614,16556,FLOW
16693,16615,HAS_BLOCK
16615,16575,FLOW
16615,16556,FLOW
16693,16617,HAS_BLOCK
16617,16618,FLOW
16617,16556,FLOW
16693,16618,HAS_BLOCK
16618,16619,FLOW
16618,16556,FLOW
16693,16619,HAS_BLOCK
16619,16573,FLOW
16619,16556,FLOW
16693,16620,HAS_BLOCK
16620,16644,FLOW
16620,16621,FLOW
16693,16621,HAS_BLOCK
16621,16622,FLOW
16621,16633,FLOW
16621,16556,FLOW
16693,16622,HAS_BLOCK
16622,16623,FLOW
16622,16556,FLOW
16693,16623,HAS_BLOCK
16623,16624,FLOW
16623,16556,FLOW
16693,16624,HAS_BLOCK
16624,16625,FLOW
16624,16556,FLOW
16693,16625,HAS_BLOCK
16625,16626,FLOW
16625,16556,FLOW
16693,16626,HAS_BLOCK
16626,16628,FLOW
16626,16556,FLOW
16693,16628,HAS_BLOCK
16628,16629,FLOW
16628,16556,FLOW
16693,16629,HAS_BLOCK
16629,16630,FLOW
16629,16556,FLOW
16693,16630,HAS_BLOCK
16630,16631,FLOW
16630,16556,FLOW
16693,16631,HAS_BLOCK
16631,16632,FLOW
16631,16556,FLOW
16693,16632,HAS_BLOCK
16632,16584,FLOW
16632,16556,FLOW
16693,16633,HAS_BLOCK
16633,16634,FLOW
16633,16556,FLOW
16693,16634,HAS_BLOCK
16634,16635,FLOW
16634,16556,FLOW
16693,16635,HAS_BLOCK
16635,16636,FLOW
16635,16556,FLOW
16693,16636,HAS_BLOCK
16636,16637,FLOW
16636,16556,FLOW
16693,16637,HAS_BLOCK
16637,16639,FLOW
16637,16556,FLOW
16693,16639,HAS_BLOCK
16639,16640,FLOW
16639,16556,FLOW
16693,16640,HAS_BLOCK
16640,16641,FLOW
16640,16556,FLOW
16693,16641,HAS_BLOCK
16641,16642,FLOW
16641,16556,FLOW
16693,16642,HAS_BLOCK
16642,16643,FLOW
16642,16556,FLOW
16693,16643,HAS_BLOCK
16643,16574,FLOW
16643,16556,FLOW
16693,16644,HAS_BLOCK
16644,16656,FLOW
16644,16645,FLOW
16693,16645,HAS_BLOCK
16645,16646,FLOW
16645,16556,FLOW
16693,16646,HAS_BLOCK
16646,16647,FLOW
16646,16556,FLOW
16693,16647,HAS_BLOCK
16647,16648,FLOW
16647,16556,FLOW
16693,16648,HAS_BLOCK
16648,16650,FLOW
16648,16556,FLOW
16693,16650,HAS_BLOCK
16650,16651,FLOW
16650,16556,FLOW
16693,16651,HAS_BLOCK
16651,16652,FLOW
16651,16556,FLOW
16693,16652,HAS_BLOCK
16652,16653,FLOW
16652,16556,FLOW
16693,16653,HAS_BLOCK
16653,16654,FLOW
16653,16556,FLOW
16693,16654,HAS_BLOCK
16654,16655,FLOW
16654,16556,FLOW
16693,16655,HAS_BLOCK
16655,16583,FLOW
16655,16556,FLOW
16693,16656,HAS_BLOCK
16656,16667,FLOW
16656,16657,FLOW
16693,16657,HAS_BLOCK
16657,16658,FLOW
16657,16663,FLOW
16657,16556,FLOW
16693,16658,HAS_BLOCK
16658,16659,FLOW
16658,16556,FLOW
16693,16659,HAS_BLOCK
16659,16661,FLOW
16659,16556,FLOW
16693,16661,HAS_BLOCK
16661,16662,FLOW
16661,16556,FLOW
16693,16662,HAS_BLOCK
16662,16582,FLOW
16662,16556,FLOW
16693,16663,HAS_BLOCK
16663,16664,FLOW
16663,16556,FLOW
16693,16664,HAS_BLOCK
16664,16665,FLOW
16664,16556,FLOW
16693,16665,HAS_BLOCK
16665,16666,FLOW
16665,16556,FLOW
16693,16666,HAS_BLOCK
16666,16577,FLOW
16666,16556,FLOW
16693,16667,HAS_BLOCK
16667,16676,FLOW
16667,16668,FLOW
16693,16668,HAS_BLOCK
16668,16669,FLOW
16668,16556,FLOW
16693,16669,HAS_BLOCK
16669,16670,FLOW
16669,16556,FLOW
16693,16670,HAS_BLOCK
16670,16672,FLOW
16670,16556,FLOW
16693,16672,HAS_BLOCK
16672,16673,FLOW
16672,16556,FLOW
16693,16673,HAS_BLOCK
16673,16674,FLOW
16673,16556,FLOW
16693,16674,HAS_BLOCK
16674,16675,FLOW
16674,16556,FLOW
16693,16675,HAS_BLOCK
16675,16581,FLOW
16675,16556,FLOW
16693,16676,HAS_BLOCK
16676,16562,FLOW
16676,16677,FLOW
16693,16677,HAS_BLOCK
16677,16678,FLOW
16677,16556,FLOW
16693,16678,HAS_BLOCK
16678,16679,FLOW
16678,16556,FLOW
16693,16679,HAS_BLOCK
16679,16680,FLOW
16679,16556,FLOW
16693,16680,HAS_BLOCK
16680,16681,FLOW
16680,16556,FLOW
16693,16681,HAS_BLOCK
16681,16683,FLOW
16681,16556,FLOW
16693,16683,HAS_BLOCK
16683,16684,FLOW
16683,16556,FLOW
16693,16684,HAS_BLOCK
16684,16685,FLOW
16684,16556,FLOW
16693,16685,HAS_BLOCK
16685,16686,FLOW
16685,16556,FLOW
16693,16686,HAS_BLOCK
16686,16687,FLOW
16686,16556,FLOW
16693,16687,HAS_BLOCK
16687,16688,FLOW
16687,16556,FLOW
16693,16688,HAS_BLOCK
16688,16689,FLOW
16688,16556,FLOW
16693,16689,HAS_BLOCK
16689,16690,FLOW
16689,16556,FLOW
16693,16690,HAS_BLOCK
16690,16691,FLOW
16690,16556,FLOW
16693,16691,HAS_BLOCK
16691,16692,FLOW
16691,16556,FLOW
16693,16692,HAS_BLOCK
16692,16558,FLOW
16692,16556,FLOW
16693,16558,HAS_BLOCK
16558,16559,FLOW
16558,16556,FLOW
16693,16559,HAS_BLOCK
16559,16560,FLOW
16559,16556,FLOW
16693,16560,HAS_BLOCK
16560,16561,FLOW
16560,16556,FLOW
16693,16561,HAS_BLOCK
16561,16580,FLOW
16561,16556,FLOW
16693,16562,HAS_BLOCK
16562,16556,FLOW
16562,16563,FLOW
16693,16563,HAS_BLOCK
16563,16564,FLOW
16563,16556,FLOW
16693,16564,HAS_BLOCK
16564,16565,FLOW
16564,16556,FLOW
16693,16565,HAS_BLOCK
16565,16566,FLOW
16565,16556,FLOW
16693,16566,HAS_BLOCK
16566,16567,FLOW
16566,16556,FLOW
16693,16567,HAS_BLOCK
16567,16569,FLOW
16567,16556,FLOW
16693,16569,HAS_BLOCK
16569,16570,FLOW
16569,16556,FLOW
16693,16570,HAS_BLOCK
16570,16571,FLOW
16570,16556,FLOW
16693,16571,HAS_BLOCK
16571,16572,FLOW
16571,16556,FLOW
16693,16572,HAS_BLOCK
16572,16578,FLOW
16572,16556,FLOW
16693,16573,HAS_BLOCK
16573,16595,FLOW
16693,16574,HAS_BLOCK
16574,16595,FLOW
16693,16575,HAS_BLOCK
16575,16595,FLOW
16693,16576,HAS_BLOCK
16576,16595,FLOW
16693,16577,HAS_BLOCK
16577,16595,FLOW
16693,16578,HAS_BLOCK
16578,16595,FLOW
16693,16580,HAS_BLOCK
16580,16595,FLOW
16693,16581,HAS_BLOCK
16581,16595,FLOW
16693,16582,HAS_BLOCK
16582,16595,FLOW
16693,16583,HAS_BLOCK
16583,16595,FLOW
16693,16584,HAS_BLOCK
16584,16595,FLOW
16693,16585,HAS_BLOCK
16585,16595,FLOW
16693,16586,HAS_BLOCK
16586,16595,FLOW
16693,16587,HAS_BLOCK
16587,16595,FLOW
16693,16588,HAS_BLOCK
16588,16595,FLOW
16693,16589,HAS_BLOCK
16589,16592,FLOW
16589,16596,FLOW
16589,16596,UNWIND
16693,16592,HAS_BLOCK
16592,16594,FLOW
16592,16596,FLOW
16592,16596,UNWIND
16693,16594,HAS_BLOCK
16594,16595,FLOW
16693,16595,HAS_BLOCK
16595,16693,RETURN
16693,16596,HAS_BLOCK
16596,16597,FLOW
16693,16597,HAS_BLOCK
16547,16548,HAS_PARAM
16547,16544,HAS_BLOCK
16544,16546,FLOW
16547,16546,HAS_BLOCK
16546,16547,RETURN
16789,16790,HAS_PARAM
16789,16791,HAS_PARAM
16789,16786,HAS_BLOCK
16786,16788,FLOW
16789,16788,HAS_BLOCK
16788,16789,RETURN
16910,16911,HAS_PARAM
16910,16912,HAS_PARAM
16910,16852,HAS_BLOCK
16852,16854,FLOW
16910,16854,HAS_BLOCK
16854,16876,FLOW
16910,16876,HAS_BLOCK
16876,16899,FLOW
16876,16900,FLOW
16876,16893,FLOW
16910,16893,HAS_BLOCK
16910,16899,HAS_BLOCK
16899,16877,FLOW
16899,16873,FLOW
16899,16871,FLOW
16899,16869,FLOW
16899,16867,FLOW
16899,16865,FLOW
16899,16863,FLOW
16899,16861,FLOW
16899,16859,FLOW
16899,16857,FLOW
16899,16855,FLOW
16899,16908,FLOW
16899,16906,FLOW
16899,16904,FLOW
16899,16902,FLOW
16899,16893,FLOW
16910,16900,HAS_BLOCK
16900,16898,FLOW
16910,16902,HAS_BLOCK
16902,16896,FLOW
16910,16904,HAS_BLOCK
16904,16889,FLOW
16910,16906,HAS_BLOCK
16906,16887,FLOW
16910,16908,HAS_BLOCK
16908,16898,FLOW
16910,16855,HAS_BLOCK
16855,16898,FLOW
16910,16857,HAS_BLOCK
16857,16898,FLOW
16910,16859,HAS_BLOCK
16859,16881,FLOW
16910,16861,HAS_BLOCK
16861,16898,FLOW
16910,16863,HAS_BLOCK
16863,16898,FLOW
16910,16865,HAS_BLOCK
16865,16898,FLOW
16910,16867,HAS_BLOCK
16867,16898,FLOW
16910,16869,HAS_BLOCK
16869,16898,FLOW
16910,16871,HAS_BLOCK
16871,16879,FLOW
16910,16873,HAS_BLOCK
16873,16898,FLOW
16910,16877,HAS_BLOCK
16877,16898,FLOW
16910,16879,HAS_BLOCK
16879,16898,FLOW
16910,16881,HAS_BLOCK
16881,16883,FLOW
16910,16883,HAS_BLOCK
16883,16884,FLOW
16883,16885,FLOW
16883,16893,FLOW
16910,16884,HAS_BLOCK
16884,16898,FLOW
16910,16885,HAS_BLOCK
16885,16898,FLOW
16910,16887,HAS_BLOCK
16887,16898,FLOW
16910,16889,HAS_BLOCK
16889,16891,FLOW
16910,16891,HAS_BLOCK
16891,16892,FLOW
16891,16894,FLOW
16891,16893,FLOW
16910,16892,HAS_BLOCK
16892,16898,FLOW
16910,16894,HAS_BLOCK
16894,16898,FLOW
16910,16896,HAS_BLOCK
16896,16898,FLOW
16910,16898,HAS_BLOCK
16898,16910,RETURN
8046,8056,HAS_PARAM
8046,8066,HAS_PARAM
8046,8016,HAS_BLOCK
8016,8036,FLOW
8046,8036,HAS_BLOCK
8036,8046,RETURN
8501,8511,HAS_PARAM
8501,8521,HAS_PARAM
8501,8444,HAS_BLOCK
8444,8483,FLOW
8444,8474,FLOW
8444,8464,FLOW
8444,8454,FLOW
8501,8454,HAS_BLOCK
8454,8490,FLOW
8501,8464,HAS_BLOCK
8464,8490,FLOW
8501,8474,HAS_BLOCK
8474,8490,FLOW
8501,8483,HAS_BLOCK
8483,8490,FLOW
8501,8490,HAS_BLOCK
8490,8501,RETURN
8414,8424,HAS_PARAM
8414,8434,HAS_PARAM
8414,8286,HAS_BLOCK
8286,8404,FLOW
8414,8306,HAS_BLOCK
8306,8313,FLOW
8414,8326,HAS_BLOCK
8326,8313,FLOW
8414,8336,HAS_BLOCK
8336,8397,FLOW
8414,8355,HAS_BLOCK
8355,8313,FLOW
8414,8364,HAS_BLOCK
8364,8389,FLOW
8414,8380,HAS_BLOCK
8380,8313,FLOW
8414,8389,HAS_BLOCK
8389,8306,FLOW
8389,8380,FLOW
8414,8397,HAS_BLOCK
8397,8364,FLOW
8397,8355,FLOW
8414,8404,HAS_BLOCK
8404,8336,FLOW
8404,8326,FLOW
8414,8313,HAS_BLOCK
8313,8414,RETURN
8256,8266,HAS_PARAM
8256,8276,HAS_PARAM
8256,8076,HAS_BLOCK
8076,8228,FLOW
8076,8161,FLOW
8256,8086,HAS_BLOCK
8086,8118,FLOW
8256,8161,HAS_BLOCK
8161,8188,FLOW
8161,8208,FLOW
8161,8086,FLOW
8256,8188,HAS_BLOCK
8188,8198,FLOW
8188,8086,FLOW
8256,8198,HAS_BLOCK
8198,8110,FLOW
8198,8086,FLOW
8256,8208,HAS_BLOCK
8208,8218,FLOW
8208,8086,FLOW
8256,8218,HAS_BLOCK
8218,8094,FLOW
8218,8086,FLOW
8256,8228,HAS_BLOCK
8228,8086,FLOW
8228,8237,FLOW
8256,8237,HAS_BLOCK
8237,8246,FLOW
8237,8086,FLOW
8256,8246,HAS_BLOCK
8246,8102,FLOW
8246,8086,FLOW
8256,8094,HAS_BLOCK
8094,8118,FLOW
8256,8102,HAS_BLOCK
8102,8118,FLOW
8256,8110,HAS_BLOCK
8110,8118,FLOW
8256,8118,HAS_BLOCK
8118,8256,RETURN
7996,8006,HAS_PARAM
7996,7966,HAS_BLOCK
7966,7986,FLOW
7996,7986,HAS_BLOCK
7986,7996,RETURN
8561,8571,HAS_PARAM
8561,8581,HAS_PARAM
8561,8531,HAS_BLOCK
8531,8551,FLOW
8561,8551,HAS_BLOCK
8551,8561,RETURN
9990,10000,HAS_PARAM
9990,10010,HAS_PARAM
9990,9600,HAS_BLOCK
9600,9620,FLOW
9600,9828,FLOW
9600,9828,UNWIND
9990,9620,HAS_BLOCK
9620,9773,FLOW
9620,9828,FLOW
9620,9828,UNWIND
9990,9773,HAS_BLOCK
9773,9892,FLOW
9773,9902,FLOW
9773,9868,FLOW
9990,9868,HAS_BLOCK
9990,9892,HAS_BLOCK
9892,9922,FLOW
9892,9942,FLOW
9892,9868,FLOW
9990,9902,HAS_BLOCK
9902,9843,FLOW
9902,9828,FLOW
9902,9828,UNWIND
9990,9922,HAS_BLOCK
9922,9961,FLOW
9922,9828,FLOW
9922,9828,UNWIND
9990,9942,HAS_BLOCK
9942,9971,FLOW
9942,9828,FLOW
9942,9828,UNWIND
9990,9961,HAS_BLOCK
9961,9813,FLOW
9990,9971,HAS_BLOCK
9971,9630,FLOW
9971,9828,FLOW
9971,9828,UNWIND
9990,9630,HAS_BLOCK
9630,9640,FLOW
9630,9650,FLOW
9630,9868,FLOW
9990,9640,HAS_BLOCK
9640,9669,FLOW
9640,9687,FLOW
9640,9868,FLOW
9990,9650,HAS_BLOCK
9650,9851,FLOW
9650,9828,FLOW
9650,9828,UNWIND
9990,9669,HAS_BLOCK
9669,9703,FLOW
9669,9828,FLOW
9669,9828,UNWIND
9990,9687,HAS_BLOCK
9687,9712,FLOW
9687,9828,FLOW
9687,9828,UNWIND
9990,9703,HAS_BLOCK
9703,9813,FLOW
9990,9712,HAS_BLOCK
9712,9728,FLOW
9712,9828,FLOW
9712,9828,UNWIND
9990,9728,HAS_BLOCK
9728,9737,FLOW
9728,9746,FLOW
9728,9868,FLOW
9990,9737,HAS_BLOCK
9737,9782,FLOW
9737,9798,FLOW
9737,9868,FLOW
9990,9746,HAS_BLOCK
9746,9858,FLOW
9746,9828,FLOW
9746,9828,UNWIND
9990,9782,HAS_BLOCK
9782,9806,FLOW
9782,9828,FLOW
9782,9828,UNWIND
9990,9798,HAS_BLOCK
9798,9821,FLOW
9990,9806,HAS_BLOCK
9806,9813,FLOW
9990,9813,HAS_BLOCK
9813,9821,FLOW
9990,9821,HAS_BLOCK
9821,9990,RETURN
9990,9828,HAS_BLOCK
9828,9835,FLOW
9990,9835,HAS_BLOCK
9990,9843,HAS_BLOCK
9843,9813,FLOW
9990,9851,HAS_BLOCK
9851,9813,FLOW
9990,9858,HAS_BLOCK
9858,9813,FLOW
9570,9580,HAS_PARAM
9570,9590,HAS_PARAM
9570,8591,HAS_BLOCK
8591,8601,FLOW
9570,8601,HAS_BLOCK
8601,8782,FLOW
8601,9395,FLOW
8601,9395,UNWIND
9570,8782,HAS_BLOCK
8782,8951,FLOW
8782,9395,FLOW
8782,9395,UNWIND
9570,8951,HAS_BLOCK
8951,9245,FLOW
8951,9364,FLOW
8951,9106,FLOW
9570,9106,HAS_BLOCK
9570,9245,HAS_BLOCK
9245,9516,FLOW
9245,9460,FLOW
9245,9106,FLOW
9570,9364,HAS_BLOCK
9364,9410,FLOW
9364,9395,FLOW
9364,9395,UNWIND
9570,9460,HAS_BLOCK
9460,9115,FLOW
9460,9130,FLOW
9460,9106,FLOW
9570,9516,HAS_BLOCK
9516,8650,FLOW
9516,8631,FLOW
9516,8611,FLOW
9516,9540,FLOW
9516,9106,FLOW
9570,9540,HAS_BLOCK
9540,9063,FLOW
9540,9395,FLOW
9540,9395,UNWIND
9570,8611,HAS_BLOCK
8611,8930,FLOW
8611,9395,FLOW
8611,9395,UNWIND
9570,8631,HAS_BLOCK
8631,8808,FLOW
8631,9395,FLOW
8631,9395,UNWIND
9570,8650,HAS_BLOCK
8650,8668,FLOW
8650,9395,FLOW
8650,9395,UNWIND
9570,8668,HAS_BLOCK
8668,8712,FLOW
8668,8681,FLOW
9570,8681,HAS_BLOCK
8681,8698,FLOW
8681,9395,FLOW
8681,9395,UNWIND
9570,8698,HAS_BLOCK
8698,9379,FLOW
9570,8712,HAS_BLOCK
8712,8730,FLOW
8712,9395,FLOW
8712,9395,UNWIND
9570,8730,HAS_BLOCK
8730,8747,FLOW
8730,9395,FLOW
8730,9395,UNWIND
9570,8747,HAS_BLOCK
8747,8759,FLOW
8747,8792,FLOW
8747,9106,FLOW
9570,8759,HAS_BLOCK
8759,8601,FLOW
9570,8792,HAS_BLOCK
8792,9418,FLOW
8792,9395,FLOW
8792,9395,UNWIND
9570,8808,HAS_BLOCK
8808,8852,FLOW
8808,8822,FLOW
9570,8822,HAS_BLOCK
8822,8839,FLOW
8822,9395,FLOW
8822,9395,UNWIND
9570,8839,HAS_BLOCK
8839,9379,FLOW
9570,8852,HAS_BLOCK
8852,8871,FLOW
8852,9395,FLOW
8852,9395,UNWIND
9570,8871,HAS_BLOCK
8871,8888,FLOW
8871,9395,FLOW
8871,9395,UNWIND
9570,8888,HAS_BLOCK
8888,8899,FLOW
8888,8912,FLOW
8888,9106,FLOW
9570,8899,HAS_BLOCK
8899,8601,FLOW
9570,8912,HAS_BLOCK
8912,9425,FLOW
8912,9395,FLOW
8912,9395,UNWIND
9570,8930,HAS_BLOCK
8930,8990,FLOW
8930,8961,FLOW
9570,8961,HAS_BLOCK
8961,8977,FLOW
8961,9395,FLOW
8961,9395,UNWIND
9570,8977,HAS_BLOCK
8977,9379,FLOW
9570,8990,HAS_BLOCK
8990,9006,FLOW
8990,9395,FLOW
8990,9395,UNWIND
9570,9006,HAS_BLOCK
9006,9023,FLOW
9006,9395,FLOW
9006,9395,UNWIND
9570,9023,HAS_BLOCK
9023,9036,FLOW
9023,9048,FLOW
9023,9106,FLOW
9570,9036,HAS_BLOCK
9036,8601,FLOW
9570,9048,HAS_BLOCK
9048,9433,FLOW
9048,9395,FLOW
9048,9395,UNWIND
9570,9063,HAS_BLOCK
9063,9077,FLOW
9063,9395,FLOW
9063,9395,UNWIND
9570,9077,HAS_BLOCK
9077,8601,FLOW
9077,9090,FLOW
9077,9106,FLOW
9570,9090,HAS_BLOCK
9090,9440,FLOW
9090,9395,FLOW
9090,9395,UNWIND
9570,9115,HAS_BLOCK
9115,9142,FLOW
9115,9395,FLOW
9115,9395,UNWIND
9570,9130,HAS_BLOCK
9130,9194,FLOW
9570,9142,HAS_BLOCK
9142,9157,FLOW
9142,9395,FLOW
9142,9395,UNWIND
9570,9157,HAS_BLOCK
9157,9169,FLOW
9157,9181,FLOW
9157,9106,FLOW
9570,9169,HAS_BLOCK
9169,9194,FLOW
9570,9181,HAS_BLOCK
9181,9467,FLOW
9181,9395,FLOW
9181,9395,UNWIND
9570,9194,HAS_BLOCK
9194,9203,FLOW
9194,9219,FLOW
9194,9106,FLOW
9570,9203,HAS_BLOCK
9203,9229,FLOW
9203,9395,FLOW
9203,9395,UNWIND
9570,9219,HAS_BLOCK
9219,9289,FLOW
9570,9229,HAS_BLOCK
9229,9254,FLOW
9229,9395,FLOW
9229,9395,UNWIND
9570,9254,HAS_BLOCK
9254,9264,FLOW
9254,9276,FLOW
9254,9106,FLOW
9570,9264,HAS_BLOCK
9264,9289,FLOW
9570,9276,HAS_BLOCK
9276,9475,FLOW
9276,9395,FLOW
9276,9395,UNWIND
9570,9289,HAS_BLOCK
9289,9299,FLOW
9289,9312,FLOW
9289,9106,FLOW
9570,9299,HAS_BLOCK
9299,9319,FLOW
9299,9395,FLOW
9299,9395,UNWIND
9570,9312,HAS_BLOCK
9312,9371,FLOW
9570,9319,HAS_BLOCK
9319,9333,FLOW
9319,9395,FLOW
9319,9395,UNWIND
9570,9333,HAS_BLOCK
9333,9340,FLOW
9333,9350,FLOW
9333,9106,FLOW
9570,9340,HAS_BLOCK
9340,9371,FLOW
9570,9350,HAS_BLOCK
9350,9482,FLOW
9350,9395,FLOW
9350,9395,UNWIND
9570,9371,HAS_BLOCK
9371,9388,FLOW
9570,9379,HAS_BLOCK
9379,9388,FLOW
9570,9388,HAS_BLOCK
9388,9570,RETURN
9570,9395,HAS_BLOCK
9395,9403,FLOW
9570,9403,HAS_BLOCK
9570,9410,HAS_BLOCK
9410,9379,FLOW
9570,9418,HAS_BLOCK
9418,9379,FLOW
9570,9425,HAS_BLOCK
9425,9379,FLOW
9570,9433,HAS_BLOCK
9433,9379,FLOW
9570,9440,HAS_BLOCK
9440,9379,FLOW
9570,9467,HAS_BLOCK
9467,9379,FLOW
9570,9475,HAS_BLOCK
9475,9379,FLOW
9570,9482,HAS_BLOCK
9482,9379,FLOW
8046,8056,HAS_PARAM
8046,8066,HAS_PARAM
8046,8016,HAS_BLOCK
8016,8036,FLOW
8046,8036,HAS_BLOCK
8036,8046,RETURN
8501,8511,HAS_PARAM
8501,8521,HAS_PARAM
8501,8444,HAS_BLOCK
8444,8474,FLOW
8444,8464,FLOW
8444,8454,FLOW
8501,8454,HAS_BLOCK
8454,8483,FLOW
8501,8464,HAS_BLOCK
8464,8483,FLOW
8501,8474,HAS_BLOCK
8474,8483,FLOW
8501,8483,HAS_BLOCK
8483,8501,RETURN
8414,8424,HAS_PARAM
8414,8434,HAS_PARAM
8414,8286,HAS_BLOCK
8286,8380,FLOW
8414,8306,HAS_BLOCK
8306,8389,FLOW
8414,8326,HAS_BLOCK
8326,8389,FLOW
8414,8336,HAS_BLOCK
8336,8364,FLOW
8414,8355,HAS_BLOCK
8355,8389,FLOW
8414,8364,HAS_BLOCK
8364,8306,FLOW
8364,8355,FLOW
8414,8380,HAS_BLOCK
8380,8336,FLOW
8380,8326,FLOW
8414,8389,HAS_BLOCK
8389,8414,RETURN
8256,8266,HAS_PARAM
8256,8276,HAS_PARAM
8256,8076,HAS_BLOCK
8076,8086,FLOW
8076,8161,FLOW
8256,8086,HAS_BLOCK
8086,8246,FLOW
8256,8161,HAS_BLOCK
8161,8188,FLOW
8161,8208,FLOW
8161,8086,FLOW
8256,8188,HAS_BLOCK
8188,8198,FLOW
8188,8086,FLOW
8256,8198,HAS_BLOCK
8198,8237,FLOW
8198,8086,FLOW
8256,8208,HAS_BLOCK
8208,8218,FLOW
8208,8086,FLOW
8256,8218,HAS_BLOCK
8218,8228,FLOW
8218,8086,FLOW
8256,8228,HAS_BLOCK
8228,8246,FLOW
8256,8237,HAS_BLOCK
8237,8246,FLOW
8256,8246,HAS_BLOCK
8246,8256,RETURN
7996,8006,HAS_PARAM
7996,7966,HAS_BLOCK
7966,7986,FLOW
7996,7986,HAS_BLOCK
7986,7996,RETURN
8561,8571,HAS_PARAM
8561,8581,HAS_PARAM
8561,8531,HAS_BLOCK
8531,8551,FLOW
8561,8551,HAS_BLOCK
8551,8561,RETURN
9990,10000,HAS_PARAM
9990,10010,HAS_PARAM
9990,9600,HAS_BLOCK
9600,9620,FLOW
9600,9737,FLOW
9600,9737,UNWIND
9990,9620,HAS_BLOCK
9620,9773,FLOW
9620,9737,FLOW
9620,9737,UNWIND
9990,9773,HAS_BLOCK
9773,9892,FLOW
9773,9902,FLOW
9773,9868,FLOW
9990,9868,HAS_BLOCK
9990,9892,HAS_BLOCK
9892,9922,FLOW
9892,9942,FLOW
9892,9868,FLOW
9990,9902,HAS_BLOCK
9902,9782,FLOW
9902,9737,FLOW
9902,9737,UNWIND
9990,9922,HAS_BLOCK
9922,9961,FLOW
9922,9737,FLOW
9922,9737,UNWIND
9990,9942,HAS_BLOCK
9942,9971,FLOW
9942,9737,FLOW
9942,9737,UNWIND
9990,9961,HAS_BLOCK
9961,9712,FLOW
9990,9971,HAS_BLOCK
9971,9630,FLOW
9971,9737,FLOW
9971,9737,UNWIND
9990,9630,HAS_BLOCK
9630,9640,FLOW
9630,9650,FLOW
9630,9868,FLOW
9990,9640,HAS_BLOCK
9640,9669,FLOW
9640,9687,FLOW
9640,9868,FLOW
9990,9650,HAS_BLOCK
9650,9798,FLOW
9650,9737,FLOW
9650,9737,UNWIND
9990,9669,HAS_BLOCK
9669,9703,FLOW
9669,9737,FLOW
9669,9737,UNWIND
9990,9687,HAS_BLOCK
9687,9728,FLOW
9990,9703,HAS_BLOCK
9703,9712,FLOW
9990,9712,HAS_BLOCK
9712,9728,FLOW
9990,9728,HAS_BLOCK
9728,9990,RETURN
9990,9737,HAS_BLOCK
9737,9746,FLOW
9990,9746,HAS_BLOCK
9990,9782,HAS_BLOCK
9782,9712,FLOW
9990,9798,HAS_BLOCK
9798,9712,FLOW
9570,9580,HAS_PARAM
9570,9590,HAS_PARAM
9570,8591,HAS_BLOCK
8591,8601,FLOW
9570,8601,HAS_BLOCK
8601,8782,FLOW
8601,9203,FLOW
8601,9203,UNWIND
9570,8782,HAS_BLOCK
8782,8951,FLOW
8782,9203,FLOW
8782,9203,UNWIND
9570,8951,HAS_BLOCK
8951,9245,FLOW
8951,9364,FLOW
8951,9106,FLOW
9570,9106,HAS_BLOCK
9570,9245,HAS_BLOCK
9245,9516,FLOW
9245,9460,FLOW
9245,9106,FLOW
9570,9364,HAS_BLOCK
9364,9229,FLOW
9364,9203,FLOW
9364,9203,UNWIND
9570,9460,HAS_BLOCK
9460,8977,FLOW
9460,8990,FLOW
9460,9106,FLOW
9570,9516,HAS_BLOCK
9516,8631,FLOW
9516,8611,FLOW
9516,9540,FLOW
9516,9106,FLOW
9570,9540,HAS_BLOCK
9540,8912,FLOW
9540,9203,FLOW
9540,9203,UNWIND
9570,8611,HAS_BLOCK
8611,8792,FLOW
8611,9203,FLOW
8611,9203,UNWIND
9570,8631,HAS_BLOCK
8631,8650,FLOW
8631,9203,FLOW
8631,9203,UNWIND
9570,8650,HAS_BLOCK
8650,8698,FLOW
8650,8668,FLOW
9570,8668,HAS_BLOCK
8668,8681,FLOW
8668,9203,FLOW
8668,9203,UNWIND
9570,8681,HAS_BLOCK
8681,9181,FLOW
9570,8698,HAS_BLOCK
8698,8712,FLOW
8698,9203,FLOW
8698,9203,UNWIND
9570,8712,HAS_BLOCK
8712,8730,FLOW
8712,9203,FLOW
8712,9203,UNWIND
9570,8730,HAS_BLOCK
8730,8747,FLOW
8730,8759,FLOW
8730,9106,FLOW
9570,8747,HAS_BLOCK
8747,8601,FLOW
9570,8759,HAS_BLOCK
8759,9254,FLOW
8759,9203,FLOW
8759,9203,UNWIND
9570,8792,HAS_BLOCK
8792,8839,FLOW
8792,8808,FLOW
9570,8808,HAS_BLOCK
8808,8822,FLOW
8808,9203,FLOW
8808,9203,UNWIND
9570,8822,HAS_BLOCK
8822,9181,FLOW
9570,8839,HAS_BLOCK
8839,8852,FLOW
8839,9203,FLOW
8839,9203,UNWIND
9570,8852,HAS_BLOCK
8852,8871,FLOW
8852,9203,FLOW
8852,9203,UNWIND
9570,8871,HAS_BLOCK
8871,8888,FLOW
8871,8899,FLOW
8871,9106,FLOW
9570,8888,HAS_BLOCK
8888,8601,FLOW
9570,8899,HAS_BLOCK
8899,9264,FLOW
8899,9203,FLOW
8899,9203,UNWIND
9570,8912,HAS_BLOCK
8912,8930,FLOW
8912,9203,FLOW
8912,9203,UNWIND
9570,8930,HAS_BLOCK
8930,8601,FLOW
8930,8961,FLOW
8930,9106,FLOW
9570,8961,HAS_BLOCK
8961,9276,FLOW
8961,9203,FLOW
8961,9203,UNWIND
9570,8977,HAS_BLOCK
8977,9006,FLOW
8977,9203,FLOW
8977,9203,UNWIND
9570,8990,HAS_BLOCK
8990,9063,FLOW
9570,9006,HAS_BLOCK
9006,9023,FLOW
9006,9203,FLOW
9006,9203,UNWIND
9570,9023,HAS_BLOCK
9023,9036,FLOW
9023,9048,FLOW
9023,9106,FLOW
9570,9036,HAS_BLOCK
9036,9063,FLOW
9570,9048,HAS_BLOCK
9048,9289,FLOW
9048,9203,FLOW
9048,9203,UNWIND
9570,9063,HAS_BLOCK
9063,9077,FLOW
9063,9090,FLOW
9063,9106,FLOW
9570,9077,HAS_BLOCK
9077,9115,FLOW
9077,9203,FLOW
9077,9203,UNWIND
9570,9090,HAS_BLOCK
9090,9169,FLOW
9570,9115,HAS_BLOCK
9115,9130,FLOW
9115,9203,FLOW
9115,9203,UNWIND
9570,9130,HAS_BLOCK
9130,9142,FLOW
9130,9157,FLOW
9130,9106,FLOW
9570,9142,HAS_BLOCK
9142,9169,FLOW
9570,9157,HAS_BLOCK
9157,9299,FLOW
9157,9203,FLOW
9157,9203,UNWIND
9570,9169,HAS_BLOCK
9169,9194,FLOW
9570,9181,HAS_BLOCK
9181,9194,FLOW
9570,9194,HAS_BLOCK
9194,9570,RETURN
9570,9203,HAS_BLOCK
9203,9219,FLOW
9570,9219,HAS_BLOCK
9570,9229,HAS_BLOCK
9229,9181,FLOW
9570,9254,HAS_BLOCK
9254,9181,FLOW
9570,9264,HAS_BLOCK
9264,9181,FLOW
9570,9276,HAS_BLOCK
9276,9181,FLOW
9570,9289,HAS_BLOCK
9289,9181,FLOW
9570,9299,HAS_BLOCK
9299,9181,FLOW
8046,8056,HAS_PARAM
8046,8066,HAS_PARAM
8046,8016,HAS_BLOCK
8016,8036,FLOW
8046,8036,HAS_BLOCK
8036,8046,RETURN
8501,8511,HAS_PARAM
8501,8521,HAS_PARAM
8501,8444,HAS_BLOCK
8444,8483,FLOW
8444,8474,FLOW
8444,8464,FLOW
8444,8454,FLOW
8501,8454,HAS_BLOCK
8454,8490,FLOW
8501,8464,HAS_BLOCK
8464,8490,FLOW
8501,8474,HAS_BLOCK
8474,8490,FLOW
8501,8483,HAS_BLOCK
8483,8490,FLOW
8501,8490,HAS_BLOCK
8490,8501,RETURN
8414,8424,HAS_PARAM
8414,8434,HAS_PARAM
8414,8286,HAS_BLOCK
8286,8404,FLOW
8414,8306,HAS_BLOCK
8306,8313,FLOW
8414,8326,HAS_BLOCK
8326,8313,FLOW
8414,8336,HAS_BLOCK
8336,8397,FLOW
8414,8355,HAS_BLOCK
8355,8313,FLOW
8414,8364,HAS_BLOCK
8364,8389,FLOW
8414,8380,HAS_BLOCK
8380,8313,FLOW
8414,8389,HAS_BLOCK
8389,8306,FLOW
8389,8380,FLOW
8414,8397,HAS_BLOCK
8397,8364,FLOW
8397,8355,FLOW
8414,8404,HAS_BLOCK
8404,8336,FLOW
8404,8326,FLOW
8414,8313,HAS_BLOCK
8313,8414,RETURN
8256,8266,HAS_PARAM
8256,8276,HAS_PARAM
8256,8076,HAS_BLOCK
8076,8086,FLOW
8076,8161,FLOW
8256,8086,HAS_BLOCK
8086,8132,FLOW
8256,8161,HAS_BLOCK
8161,8188,FLOW
8161,8218,FLOW
8161,8246,FLOW
8161,8086,FLOW
8256,8188,HAS_BLOCK
8188,8198,FLOW
8188,8086,FLOW
8256,8198,HAS_BLOCK
8198,8208,FLOW
8198,8086,FLOW
8256,8208,HAS_BLOCK
8208,8125,FLOW
8208,8086,FLOW
8256,8218,HAS_BLOCK
8218,8228,FLOW
8218,8086,FLOW
8256,8228,HAS_BLOCK
8228,8237,FLOW
8228,8086,FLOW
8256,8237,HAS_BLOCK
8237,8118,FLOW
8237,8086,FLOW
8256,8246,HAS_BLOCK
8246,8094,FLOW
8246,8086,FLOW
8256,8094,HAS_BLOCK
8094,8102,FLOW
8094,8086,FLOW
8256,8102,HAS_BLOCK
8102,8110,FLOW
8102,8086,FLOW
8256,8110,HAS_BLOCK
8110,8132,FLOW
8256,8118,HAS_BLOCK
8118,8132,FLOW
8256,8125,HAS_BLOCK
8125,8132,FLOW
8256,8132,HAS_BLOCK
8132,8256,RETURN
7996,8006,HAS_PARAM
7996,7966,HAS_BLOCK
7966,7986,FLOW
7996,7986,HAS_BLOCK
7986,7996,RETURN
8561,8571,HAS_PARAM
8561,8581,HAS_PARAM
8561,8531,HAS_BLOCK
8531,8551,FLOW
8561,8551,HAS_BLOCK
8551,8561,RETURN
9990,10000,HAS_PARAM
9990,10010,HAS_PARAM
9990,9600,HAS_BLOCK
9600,9620,FLOW
9600,9843,FLOW
9600,9843,UNWIND
9990,9620,HAS_BLOCK
9620,9773,FLOW
9620,9843,FLOW
9620,9843,UNWIND
9990,9773,HAS_BLOCK
9773,9892,FLOW
9773,9902,FLOW
9773,9868,FLOW
9990,9868,HAS_BLOCK
9990,9892,HAS_BLOCK
9892,9922,FLOW
9892,9942,FLOW
9892,9868,FLOW
9990,9902,HAS_BLOCK
9902,9858,FLOW
9902,9843,FLOW
9902,9843,UNWIND
9990,9922,HAS_BLOCK
9922,9961,FLOW
9922,9843,FLOW
9922,9843,UNWIND
9990,9942,HAS_BLOCK
9942,9971,FLOW
9942,9843,FLOW
9942,9843,UNWIND
9990,9961,HAS_BLOCK
9961,9821,FLOW
9990,9971,HAS_BLOCK
9971,9630,FLOW
9971,9843,FLOW
9971,9843,UNWIND
9990,9630,HAS_BLOCK
9630,9640,FLOW
9630,9650,FLOW
9630,9868,FLOW
9990,9640,HAS_BLOCK
9640,9669,FLOW
9640,9687,FLOW
9640,9868,FLOW
9990,9650,HAS_BLOCK
9650,9871,FLOW
9650,9843,FLOW
9650,9843,UNWIND
9990,9669,HAS_BLOCK
9669,9703,FLOW
9669,9843,FLOW
9669,9843,UNWIND
9990,9687,HAS_BLOCK
9687,9712,FLOW
9687,9835,FLOW
9687,9835,UNWIND
9990,9703,HAS_BLOCK
9703,9821,FLOW
9990,9712,HAS_BLOCK
9712,9728,FLOW
9712,9835,FLOW
9712,9835,UNWIND
9990,9728,HAS_BLOCK
9728,9737,FLOW
9728,9746,FLOW
9728,9868,FLOW
9990,9737,HAS_BLOCK
9737,9782,FLOW
9737,9798,FLOW
9737,9868,FLOW
9990,9746,HAS_BLOCK
9746,9874,FLOW
9746,9835,FLOW
9746,9835,UNWIND
9990,9782,HAS_BLOCK
9782,9806,FLOW
9782,9835,FLOW
9782,9835,UNWIND
9990,9798,HAS_BLOCK
9798,9828,FLOW
9990,9806,HAS_BLOCK
9806,9813,FLOW
9990,9813,HAS_BLOCK
9813,9821,FLOW
9813,9843,FLOW
9813,9843,UNWIND
9990,9821,HAS_BLOCK
9821,9828,FLOW
9990,9828,HAS_BLOCK
9828,9990,RETURN
9990,9835,HAS_BLOCK
9835,9843,FLOW
9990,9843,HAS_BLOCK
9843,9851,FLOW
9990,9851,HAS_BLOCK
9990,9858,HAS_BLOCK
9858,9821,FLOW
9990,9871,HAS_BLOCK
9871,9821,FLOW
9990,9874,HAS_BLOCK
9874,9813,FLOW
9570,9580,HAS_PARAM
9570,9590,HAS_PARAM
9570,8591,HAS_BLOCK
8591,8601,FLOW
9570,8601,HAS_BLOCK
8601,8782,FLOW
8601,9489,FLOW
8601,9489,UNWIND
9570,8782,HAS_BLOCK
8782,8951,FLOW
8782,9489,FLOW
8782,9489,UNWIND
9570,8951,HAS_BLOCK
8951,9245,FLOW
8951,9364,FLOW
8951,9106,FLOW
9570,9106,HAS_BLOCK
9570,9245,HAS_BLOCK
9245,9516,FLOW
9245,9460,FLOW
9245,9106,FLOW
9570,9364,HAS_BLOCK
9364,9493,FLOW
9364,9489,FLOW
9364,9489,UNWIND
9570,9460,HAS_BLOCK
9460,9142,FLOW
9460,9157,FLOW
9460,9106,FLOW
9570,9516,HAS_BLOCK
9516,8650,FLOW
9516,8631,FLOW
9516,8611,FLOW
9516,9540,FLOW
9516,9106,FLOW
9570,9540,HAS_BLOCK
9540,9090,FLOW
9540,9489,FLOW
9540,9489,UNWIND
9570,8611,HAS_BLOCK
8611,8977,FLOW
8611,9489,FLOW
8611,9489,UNWIND
9570,8631,HAS_BLOCK
8631,8808,FLOW
8631,9489,FLOW
8631,9489,UNWIND
9570,8650,HAS_BLOCK
8650,8668,FLOW
8650,9489,FLOW
8650,9489,UNWIND
9570,8668,HAS_BLOCK
8668,8712,FLOW
8668,8681,FLOW
9570,8681,HAS_BLOCK
8681,8698,FLOW
8681,9489,FLOW
8681,9489,UNWIND
9570,8698,HAS_BLOCK
8698,9403,FLOW
9570,8712,HAS_BLOCK
8712,8730,FLOW
8712,9489,FLOW
8712,9489,UNWIND
9570,8730,HAS_BLOCK
8730,8747,FLOW
8730,9489,FLOW
8730,9489,UNWIND
9570,8747,HAS_BLOCK
8747,8759,FLOW
8747,8792,FLOW
8747,9106,FLOW
9570,8759,HAS_BLOCK
8759,8601,FLOW
9570,8792,HAS_BLOCK
8792,9496,FLOW
8792,9489,FLOW
8792,9489,UNWIND
9570,8808,HAS_BLOCK
8808,8852,FLOW
8808,8822,FLOW
9570,8822,HAS_BLOCK
8822,8839,FLOW
8822,9489,FLOW
8822,9489,UNWIND
9570,8839,HAS_BLOCK
8839,9403,FLOW
9570,8852,HAS_BLOCK
8852,8871,FLOW
8852,9489,FLOW
8852,9489,UNWIND
9570,8871,HAS_BLOCK
8871,8888,FLOW
8871,9489,FLOW
8871,9489,UNWIND
9570,8888,HAS_BLOCK
8888,8899,FLOW
8888,8912,FLOW
8888,9106,FLOW
9570,8899,HAS_BLOCK
8899,8930,FLOW
8899,8961,FLOW
8899,8961,UNWIND
9570,8912,HAS_BLOCK
8912,9499,FLOW
8912,9489,FLOW
8912,9489,UNWIND
9570,8930,HAS_BLOCK
8930,8601,FLOW
9570,8961,HAS_BLOCK
8961,9489,FLOW
9570,8977,HAS_BLOCK
8977,9023,FLOW
8977,8990,FLOW
9570,8990,HAS_BLOCK
8990,9006,FLOW
8990,9489,FLOW
8990,9489,UNWIND
9570,9006,HAS_BLOCK
9006,9403,FLOW
9570,9023,HAS_BLOCK
9023,9036,FLOW
9023,9489,FLOW
9023,9489,UNWIND
9570,9036,HAS_BLOCK
9036,9048,FLOW
9036,9489,FLOW
9036,9489,UNWIND
9570,9048,HAS_BLOCK
9048,9063,FLOW
9048,9077,FLOW
9048,9106,FLOW
9570,9063,HAS_BLOCK
9063,8601,FLOW
9570,9077,HAS_BLOCK
9077,9503,FLOW
9077,9489,FLOW
9077,9489,UNWIND
9570,9090,HAS_BLOCK
9090,9115,FLOW
9090,9489,FLOW
9090,9489,UNWIND
9570,9115,HAS_BLOCK
9115,8601,FLOW
9115,9130,FLOW
9115,9106,FLOW
9570,9130,HAS_BLOCK
9130,9506,FLOW
9130,9489,FLOW
9130,9489,UNWIND
9570,9142,HAS_BLOCK
9142,9169,FLOW
9142,9489,FLOW
9142,9489,UNWIND
9570,9157,HAS_BLOCK
9157,9219,FLOW
9570,9169,HAS_BLOCK
9169,9181,FLOW
9169,9489,FLOW
9169,9489,UNWIND
9570,9181,HAS_BLOCK
9181,9194,FLOW
9181,9203,FLOW
9181,9106,FLOW
9570,9194,HAS_BLOCK
9194,9219,FLOW
9570,9203,HAS_BLOCK
9203,9519,FLOW
9203,9489,FLOW
9203,9489,UNWIND
9570,9219,HAS_BLOCK
9219,9229,FLOW
9219,9254,FLOW
9219,9106,FLOW
9570,9229,HAS_BLOCK
9229,9264,FLOW
9229,9489,FLOW
9229,9489,UNWIND
9570,9254,HAS_BLOCK
9254,9312,FLOW
9570,9264,HAS_BLOCK
9264,9276,FLOW
9264,9489,FLOW
9264,9489,UNWIND
9570,9276,HAS_BLOCK
9276,9289,FLOW
9276,9299,FLOW
9276,9106,FLOW
9570,9289,HAS_BLOCK
9289,9312,FLOW
9570,9299,HAS_BLOCK
9299,9522,FLOW
9299,9489,FLOW
9299,9489,UNWIND
9570,9312,HAS_BLOCK
9312,9319,FLOW
9312,9333,FLOW
9312,9106,FLOW
9570,9319,HAS_BLOCK
9319,9340,FLOW
9319,9418,FLOW
9319,9418,UNWIND
9570,9333,HAS_BLOCK
9333,9395,FLOW
9570,9340,HAS_BLOCK
9340,9350,FLOW
9340,9418,FLOW
9340,9418,UNWIND
9570,9350,HAS_BLOCK
9350,9371,FLOW
9350,9379,FLOW
9350,9106,FLOW
9570,9371,HAS_BLOCK
9371,9395,FLOW
9570,9379,HAS_BLOCK
9379,9388,FLOW
9379,9418,FLOW
9379,9418,UNWIND
9570,9388,HAS_BLOCK
9388,9403,FLOW
9388,9489,FLOW
9388,9489,UNWIND
9570,9395,HAS_BLOCK
9395,9410,FLOW
9570,9403,HAS_BLOCK
9403,9467,FLOW
9403,9440,FLOW
9403,9106,FLOW
9570,9410,HAS_BLOCK
9410,9570,RETURN
9570,9418,HAS_BLOCK
9418,9489,FLOW
9570,9425,HAS_BLOCK
9425,9433,FLOW
9570,9433,HAS_BLOCK
9570,9440,HAS_BLOCK
9440,9410,FLOW
9570,9467,HAS_BLOCK
9467,9440,FLOW
9467,9475,FLOW
9570,9475,HAS_BLOCK
9475,9440,FLOW
9475,9425,FLOW
9475,9425,UNWIND
9570,9482,HAS_BLOCK
9482,9425,FLOW
9482,9486,FLOW
9570,9486,HAS_BLOCK
9486,9425,FLOW
9570,9489,HAS_BLOCK
9489,9482,FLOW
9489,9425,FLOW
9570,9493,HAS_BLOCK
9493,9403,FLOW
9570,9496,HAS_BLOCK
9496,9403,FLOW
9570,9499,HAS_BLOCK
9499,9403,FLOW
9570,9503,HAS_BLOCK
9503,9403,FLOW
9570,9506,HAS_BLOCK
9506,9403,FLOW
9570,9519,HAS_BLOCK
9519,9403,FLOW
9570,9522,HAS_BLOCK
9522,9403,FLOW
8046,8056,HAS_PARAM
8046,8066,HAS_PARAM
8046,8016,HAS_BLOCK
8016,8036,FLOW
8046,8036,HAS_BLOCK
8036,8046,RETURN
8501,8511,HAS_PARAM
8501,8521,HAS_PARAM
8501,8444,HAS_BLOCK
8444,8483,FLOW
8444,8474,FLOW
8444,8464,FLOW
8444,8454,FLOW
8501,8454,HAS_BLOCK
8454,8490,FLOW
8501,8464,HAS_BLOCK
8464,8490,FLOW
8501,8474,HAS_BLOCK
8474,8490,FLOW
8501,8483,HAS_BLOCK
8483,8490,FLOW
8501,8490,HAS_BLOCK
8490,8501,RETURN
8414,8424,HAS_PARAM
8414,8434,HAS_PARAM
8414,8286,HAS_BLOCK
8286,8404,FLOW
8414,8306,HAS_BLOCK
8306,8313,FLOW
8414,8326,HAS_BLOCK
8326,8313,FLOW
8414,8336,HAS_BLOCK
8336,8397,FLOW
8414,8355,HAS_BLOCK
8355,8313,FLOW
8414,8364,HAS_BLOCK
8364,8389,FLOW
8414,8380,HAS_BLOCK
8380,8313,FLOW
8414,8389,HAS_BLOCK
8389,8306,FLOW
8389,8380,FLOW
8414,8397,HAS_BLOCK
8397,8364,FLOW
8397,8355,FLOW
8414,8404,HAS_BLOCK
8404,8336,FLOW
8404,8326,FLOW
8414,8313,HAS_BLOCK
8313,8414,RETURN
8256,8266,HAS_PARAM
8256,8276,HAS_PARAM
8256,8076,HAS_BLOCK
8076,8246,FLOW
8076,8161,FLOW
8256,8086,HAS_BLOCK
8086,8148,FLOW
8256,8161,HAS_BLOCK
8161,8188,FLOW
8161,8218,FLOW
8161,8086,FLOW
8256,8188,HAS_BLOCK
8188,8198,FLOW
8188,8086,FLOW
8256,8198,HAS_BLOCK
8198,8208,FLOW
8198,8086,FLOW
8256,8208,HAS_BLOCK
8208,8143,FLOW
8208,8086,FLOW
8256,8218,HAS_BLOCK
8218,8228,FLOW
8218,8086,FLOW
8256,8228,HAS_BLOCK
8228,8237,FLOW
8228,8086,FLOW
8256,8237,HAS_BLOCK
8237,8132,FLOW
8237,8086,FLOW
8256,8246,HAS_BLOCK
8246,8086,FLOW
8246,8094,FLOW
8256,8094,HAS_BLOCK
8094,8102,FLOW
8094,8086,FLOW
8256,8102,HAS_BLOCK
8102,8110,FLOW
8102,8086,FLOW
8256,8110,HAS_BLOCK
8110,8118,FLOW
8110,8086,FLOW
8256,8118,HAS_BLOCK
8118,8125,FLOW
8118,8086,FLOW
8256,8125,HAS_BLOCK
8125,8138,FLOW
8125,8086,FLOW
8256,8132,HAS_BLOCK
8132,8148,FLOW
8256,8138,HAS_BLOCK
8138,8148,FLOW
8256,8143,HAS_BLOCK
8143,8148,FLOW
8256,8148,HAS_BLOCK
8148,8256,RETURN
7996,8006,HAS_PARAM
7996,7966,HAS_BLOCK
7966,7986,FLOW
7996,7986,HAS_BLOCK
7986,7996,RETURN
8561,8571,HAS_PARAM
8561,8581,HAS_PARAM
8561,8531,HAS_BLOCK
8531,8551,FLOW
8561,8551,HAS_BLOCK
8551,8561,RETURN
9990,10000,HAS_PARAM
9990,10010,HAS_PARAM
9990,9600,HAS_BLOCK
9600,9620,FLOW
9600,9828,FLOW
9600,9828,UNWIND
9990,9620,HAS_BLOCK
9620,9773,FLOW
9620,9828,FLOW
9620,9828,UNWIND
9990,9773,HAS_BLOCK
9773,9892,FLOW
9773,9902,FLOW
9773,9868,FLOW
9990,9868,HAS_BLOCK
9990,9892,HAS_BLOCK
9892,9922,FLOW
9892,9942,FLOW
9892,9868,FLOW
9990,9902,HAS_BLOCK
9902,9843,FLOW
9902,9828,FLOW
9902,9828,UNWIND
9990,9922,HAS_BLOCK
9922,9961,FLOW
9922,9828,FLOW
9922,9828,UNWIND
9990,9942,HAS_BLOCK
9942,9971,FLOW
9942,9828,FLOW
9942,9828,UNWIND
9990,9961,HAS_BLOCK
9961,9813,FLOW
9990,9971,HAS_BLOCK
9971,9630,FLOW
9971,9828,FLOW
9971,9828,UNWIND
9990,9630,HAS_BLOCK
9630,9640,FLOW
9630,9650,FLOW
9630,9868,FLOW
9990,9640,HAS_BLOCK
9640,9669,FLOW
9640,9687,FLOW
9640,9868,FLOW
9990,9650,HAS_BLOCK
9650,9851,FLOW
9650,9828,FLOW
9650,9828,UNWIND
9990,9669,HAS_BLOCK
9669,9703,FLOW
9669,9828,FLOW
9669,9828,UNWIND
9990,9687,HAS_BLOCK
9687,9712,FLOW
9687,9828,FLOW
9687,9828,UNWIND
9990,9703,HAS_BLOCK
9703,9813,FLOW
9990,9712,HAS_BLOCK
9712,9728,FLOW
9712,9828,FLOW
9712,9828,UNWIND
9990,9728,HAS_BLOCK
9728,9737,FLOW
9728,9746,FLOW
9728,9868,FLOW
9990,9737,HAS_BLOCK
9737,9782,FLOW
9737,9798,FLOW
9737,9868,FLOW
9990,9746,HAS_BLOCK
9746,9858,FLOW
9746,9828,FLOW
9746,9828,UNWIND
9990,9782,HAS_BLOCK
9782,9806,FLOW
9782,9828,FLOW
9782,9828,UNWIND
9990,9798,HAS_BLOCK
9798,9821,FLOW
9990,9806,HAS_BLOCK
9806,9813,FLOW
9990,9813,HAS_BLOCK
9813,9821,FLOW
9990,9821,HAS_BLOCK
9821,9990,RETURN
9990,9828,HAS_BLOCK
9828,9835,FLOW
9990,9835,HAS_BLOCK
9990,9843,HAS_BLOCK
9843,9813,FLOW
9990,9851,HAS_BLOCK
9851,9813,FLOW
9990,9858,HAS_BLOCK
9858,9813,FLOW
9570,9580,HAS_PARAM
9570,9590,HAS_PARAM
9570,8591,HAS_BLOCK
8591,8601,FLOW
9570,8601,HAS_BLOCK
8601,8782,FLOW
8601,9395,FLOW
8601,9395,UNWIND
9570,8782,HAS_BLOCK
8782,8951,FLOW
8782,9395,FLOW
8782,9395,UNWIND
9570,8951,HAS_BLOCK
8951,9245,FLOW
8951,9364,FLOW
8951,9106,FLOW
9570,9106,HAS_BLOCK
9570,9245,HAS_BLOCK
9245,9516,FLOW
9245,9460,FLOW
9245,9106,FLOW
9570,9364,HAS_BLOCK
9364,9410,FLOW
9364,9395,FLOW
9364,9395,UNWIND
9570,9460,HAS_BLOCK
9460,9115,FLOW
9460,9130,FLOW
9460,9106,FLOW
9570,9516,HAS_BLOCK
9516,8650,FLOW
9516,8631,FLOW
9516,8611,FLOW
9516,9540,FLOW
9516,9106,FLOW
9570,9540,HAS_BLOCK
9540,9063,FLOW
9540,9395,FLOW
9540,9395,UNWIND
9570,8611,HAS_BLOCK
8611,8930,FLOW
8611,9395,FLOW
8611,9395,UNWIND
9570,8631,HAS_BLOCK
8631,8808,FLOW
8631,9395,FLOW
8631,9395,UNWIND
9570,8650,HAS_BLOCK
8650,8668,FLOW
8650,9395,FLOW
8650,9395,UNWIND
9570,8668,HAS_BLOCK
8668,8712,FLOW
8668,8681,FLOW
9570,8681,HAS_BLOCK
8681,8698,FLOW
8681,9395,FLOW
8681,9395,UNWIND
9570,8698,HAS_BLOCK
8698,9379,FLOW
9570,8712,HAS_BLOCK
8712,8730,FLOW
8712,9395,FLOW
8712,9395,UNWIND
9570,8730,HAS_BLOCK
8730,8747,FLOW
8730,9395,FLOW
8730,9395,UNWIND
9570,8747,HAS_BLOCK
8747,8759,FLOW
8747,8792,FLOW
8747,9106,FLOW
9570,8759,HAS_BLOCK
8759,8601,FLOW
9570,8792,HAS_BLOCK
8792,9418,FLOW
8792,9395,FLOW
8792,9395,UNWIND
9570,8808,HAS_BLOCK
8808,8852,FLOW
8808,8822,FLOW
9570,8822,HAS_BLOCK
8822,8839,FLOW
8822,9395,FLOW
8822,9395,UNWIND
9570,8839,HAS_BLOCK
8839,9379,FLOW
9570,8852,HAS_BLOCK
8852,8871,FLOW
8852,9395,FLOW
8852,9395,UNWIND
9570,8871,HAS_BLOCK
8871,8888,FLOW
8871,9395,FLOW
8871,9395,UNWIND
9570,8888,HAS_BLOCK
8888,8899,FLOW
8888,8912,FLOW
8888,9106,FLOW
9570,8899,HAS_BLOCK
8899,8601,FLOW
9570,8912,HAS_BLOCK
8912,9425,FLOW
8912,9395,FLOW
8912,9395,UNWIND
9570,8930,HAS_BLOCK
8930,8990,FLOW
8930,8961,FLOW
9570,8961,HAS_BLOCK
8961,8977,FLOW
8961,9395,FLOW
8961,9395,UNWIND
9570,8977,HAS_BLOCK
8977,9379,FLOW
9570,8990,HAS_BLOCK
8990,9006,FLOW
8990,9395,FLOW
8990,9395,UNWIND
9570,9006,HAS_BLOCK
9006,9023,FLOW
9006,9395,FLOW
9006,9395,UNWIND
9570,9023,HAS_BLOCK
9023,9036,FLOW
9023,9048,FLOW
9023,9106,FLOW
9570,9036,HAS_BLOCK
9036,8601,FLOW
9570,9048,HAS_BLOCK
9048,9433,FLOW
9048,9395,FLOW
9048,9395,UNWIND
9570,9063,HAS_BLOCK
9063,9077,FLOW
9063,9395,FLOW
9063,9395,UNWIND
9570,9077,HAS_BLOCK
9077,8601,FLOW
9077,9090,FLOW
9077,9106,FLOW
9570,9090,HAS_BLOCK
9090,9440,FLOW
9090,9395,FLOW
9090,9395,UNWIND
9570,9115,HAS_BLOCK
9115,9142,FLOW
9115,9395,FLOW
9115,9395,UNWIND
9570,9130,HAS_BLOCK
9130,9194,FLOW
9570,9142,HAS_BLOCK
9142,9157,FLOW
9142,9395,FLOW
9142,9395,UNWIND
9570,9157,HAS_BLOCK
9157,9169,FLOW
9157,9181,FLOW
9157,9106,FLOW
9570,9169,HAS_BLOCK
9169,9194,FLOW
9570,9181,HAS_BLOCK
9181,9467,FLOW
9181,9395,FLOW
9181,9395,UNWIND
9570,9194,HAS_BLOCK
9194,9203,FLOW
9194,9219,FLOW
9194,9106,FLOW
9570,9203,HAS_BLOCK
9203,9229,FLOW
9203,9395,FLOW
9203,9395,UNWIND
9570,9219,HAS_BLOCK
9219,9289,FLOW
9570,9229,HAS_BLOCK
9229,9254,FLOW
9229,9395,FLOW
9229,9395,UNWIND
9570,9254,HAS_BLOCK
9254,9264,FLOW
9254,9276,FLOW
9254,9106,FLOW
9570,9264,HAS_BLOCK
9264,9289,FLOW
9570,9276,HAS_BLOCK
9276,9475,FLOW
9276,9395,FLOW
9276,9395,UNWIND
9570,9289,HAS_BLOCK
9289,9299,FLOW
9289,9312,FLOW
9289,9106,FLOW
9570,9299,HAS_BLOCK
9299,9319,FLOW
9299,9395,FLOW
9299,9395,UNWIND
9570,9312,HAS_BLOCK
9312,9371,FLOW
9570,9319,HAS_BLOCK
9319,9333,FLOW
9319,9395,FLOW
9319,9395,UNWIND
9570,9333,HAS_BLOCK
9333,9340,FLOW
9333,9350,FLOW
9333,9106,FLOW
9570,9340,HAS_BLOCK
9340,9371,FLOW
9570,9350,HAS_BLOCK
9350,9482,FLOW
9350,9395,FLOW
9350,9395,UNWIND
9570,9371,HAS_BLOCK
9371,9388,FLOW
9570,9379,HAS_BLOCK
9379,9388,FLOW
9570,9388,HAS_BLOCK
9388,9570,RETURN
9570,9395,HAS_BLOCK
9395,9403,FLOW
9570,9403,HAS_BLOCK
9570,9410,HAS_BLOCK
9410,9379,FLOW
9570,9418,HAS_BLOCK
9418,9379,FLOW
9570,9425,HAS_BLOCK
9425,9379,FLOW
9570,9433,HAS_BLOCK
9433,9379,FLOW
9570,9440,HAS_BLOCK
9440,9379,FLOW
9570,9467,HAS_BLOCK
9467,9379,FLOW
9570,9475,HAS_BLOCK
9475,9379,FLOW
9570,9482,HAS_BLOCK
9482,9379,FLOW
8046,8056,HAS_PARAM
8046,8066,HAS_PARAM
8046,8016,HAS_BLOCK
8016,8036,FLOW
8046,8036,HAS_BLOCK
8036,8046,RETURN
8501,8511,HAS_PARAM
8501,8521,HAS_PARAM
8501,8444,HAS_BLOCK
8444,8490,FLOW
8444,8483,FLOW
8444,8474,FLOW
8444,8464,FLOW
8444,8454,FLOW
8501,8454,HAS_BLOCK
8454,8491,FLOW
8501,8464,HAS_BLOCK
8464,8491,FLOW
8501,8474,HAS_BLOCK
8474,8491,FLOW
8501,8483,HAS_BLOCK
8483,8491,FLOW
8501,8490,HAS_BLOCK
8490,8491,FLOW
8501,8491,HAS_BLOCK
8491,8501,RETURN
8414,8424,HAS_PARAM
8414,8434,HAS_PARAM
8414,8286,HAS_BLOCK
8286,8315,FLOW
8414,8306,HAS_BLOCK
8306,8316,FLOW
8414,8326,HAS_BLOCK
8326,8316,FLOW
8414,8336,HAS_BLOCK
8336,8314,FLOW
8414,8355,HAS_BLOCK
8355,8316,FLOW
8414,8364,HAS_BLOCK
8364,8313,FLOW
8414,8380,HAS_BLOCK
8380,8316,FLOW
8414,8389,HAS_BLOCK
8389,8404,FLOW
8414,8397,HAS_BLOCK
8397,8316,FLOW
8414,8404,HAS_BLOCK
8404,8306,FLOW
8404,8397,FLOW
8414,8313,HAS_BLOCK
8313,8389,FLOW
8313,8380,FLOW
8414,8314,HAS_BLOCK
8314,8364,FLOW
8314,8355,FLOW
8414,8315,HAS_BLOCK
8315,8336,FLOW
8315,8326,FLOW
8414,8316,HAS_BLOCK
8316,8414,RETURN
8256,8266,HAS_PARAM
8256,8276,HAS_PARAM
8256,8076,HAS_BLOCK
8076,8094,FLOW
8076,8161,FLOW
8256,8086,HAS_BLOCK
8086,8178,FLOW
8256,8161,HAS_BLOCK
8161,8188,FLOW
8161,8086,FLOW
8256,8188,HAS_BLOCK
8188,8198,FLOW
8188,8086,FLOW
8256,8198,HAS_BLOCK
8198,8208,FLOW
8198,8086,FLOW
8256,8208,HAS_BLOCK
8208,8218,FLOW
8208,8086,FLOW
8256,8218,HAS_BLOCK
8218,8228,FLOW
8218,8086,FLOW
8256,8228,HAS_BLOCK
8228,8237,FLOW
8228,8086,FLOW
8256,8237,HAS_BLOCK
8237,8246,FLOW
8237,8086,FLOW
8256,8246,HAS_BLOCK
8246,8177,FLOW
8246,8086,FLOW
8256,8094,HAS_BLOCK
8094,8143,FLOW
8094,8102,FLOW
8256,8102,HAS_BLOCK
8102,8110,FLOW
8102,8086,FLOW
8256,8110,HAS_BLOCK
8110,8118,FLOW
8110,8086,FLOW
8256,8118,HAS_BLOCK
8118,8125,FLOW
8118,8086,FLOW
8256,8125,HAS_BLOCK
8125,8132,FLOW
8125,8086,FLOW
8256,8132,HAS_BLOCK
8132,8138,FLOW
8132,8086,FLOW
8256,8138,HAS_BLOCK
8138,8176,FLOW
8138,8086,FLOW
8256,8143,HAS_BLOCK
8143,8086,FLOW
8143,8148,FLOW
8256,8148,HAS_BLOCK
8148,8151,FLOW
8148,8167,FLOW
8148,8086,FLOW
8256,8151,HAS_BLOCK
8151,8163,FLOW
8151,8086,FLOW
8256,8163,HAS_BLOCK
8163,8165,FLOW
8163,8086,FLOW
8256,8165,HAS_BLOCK
8165,8175,FLOW
8165,8086,FLOW
8256,8167,HAS_BLOCK
8167,8169,FLOW
8167,8086,FLOW
8256,8169,HAS_BLOCK
8169,8171,FLOW
8169,8086,FLOW
8256,8171,HAS_BLOCK
8171,8173,FLOW
8171,8086,FLOW
8256,8173,HAS_BLOCK
8173,8178,FLOW
8256,8175,HAS_BLOCK
8175,8178,FLOW
8256,8176,HAS_BLOCK
8176,8178,FLOW
8256,8177,HAS_BLOCK
8177,8178,FLOW
8256,8178,HAS_BLOCK
8178,8256,RETURN
7996,8006,HAS_PARAM
7996,7966,HAS_BLOCK
7966,7986,FLOW
7996,7986,HAS_BLOCK
7986,7996,RETURN
8561,8571,HAS_PARAM
8561,8581,HAS_PARAM
8561,8531,HAS_BLOCK
8531,8551,FLOW
8561,8551,HAS_BLOCK
8551,8561,RETURN
9990,10000,HAS_PARAM
9990,10010,HAS_PARAM
9990,9600,HAS_BLOCK
9600,9620,FLOW
9600,9877,FLOW
9600,9877,UNWIND
9990,9620,HAS_BLOCK
9620,9773,FLOW
9620,9877,FLOW
9620,9877,UNWIND
9990,9773,HAS_BLOCK
9773,9892,FLOW
9773,9902,FLOW
9773,9868,FLOW
9990,9868,HAS_BLOCK
9990,9892,HAS_BLOCK
9892,9922,FLOW
9892,9942,FLOW
9892,9868,FLOW
9990,9902,HAS_BLOCK
9902,9879,FLOW
9902,9877,FLOW
9902,9877,UNWIND
9990,9922,HAS_BLOCK
9922,9961,FLOW
9922,9877,FLOW
9922,9877,UNWIND
9990,9942,HAS_BLOCK
9942,9971,FLOW
9942,9877,FLOW
9942,9877,UNWIND
9990,9961,HAS_BLOCK
9961,9874,FLOW
9990,9971,HAS_BLOCK
9971,9630,FLOW
9971,9877,FLOW
9971,9877,UNWIND
9990,9630,HAS_BLOCK
9630,9640,FLOW
9630,9650,FLOW
9630,9868,FLOW
9990,9640,HAS_BLOCK
9640,9669,FLOW
9640,9687,FLOW
9640,9868,FLOW
9990,9650,HAS_BLOCK
9650,9880,FLOW
9650,9877,FLOW
9650,9877,UNWIND
9990,9669,HAS_BLOCK
9669,9703,FLOW
9669,9877,FLOW
9669,9877,UNWIND
9990,9687,HAS_BLOCK
9687,9712,FLOW
9687,9877,FLOW
9687,9877,UNWIND
9990,9703,HAS_BLOCK
9703,9874,FLOW
9990,9712,HAS_BLOCK
9712,9728,FLOW
9712,9877,FLOW
9712,9877,UNWIND
9990,9728,HAS_BLOCK
9728,9737,FLOW
9728,9746,FLOW
9728,9868,FLOW
9990,9737,HAS_BLOCK
9737,9782,FLOW
9737,9798,FLOW
9737,9868,FLOW
9990,9746,HAS_BLOCK
9746,9881,FLOW
9746,9877,FLOW
9746,9877,UNWIND
9990,9782,HAS_BLOCK
9782,9806,FLOW
9782,9877,FLOW
9782,9877,UNWIND
9990,9798,HAS_BLOCK
9798,9813,FLOW
9798,9876,FLOW
9798,9876,UNWIND
9990,9806,HAS_BLOCK
9806,9874,FLOW
9990,9813,HAS_BLOCK
9813,9821,FLOW
9813,9876,FLOW
9813,9876,UNWIND
9990,9821,HAS_BLOCK
9821,9828,FLOW
9821,9835,FLOW
9821,9868,FLOW
9990,9828,HAS_BLOCK
9828,9843,FLOW
9828,9851,FLOW
9828,9868,FLOW
9990,9835,HAS_BLOCK
9835,9882,FLOW
9835,9876,FLOW
9835,9876,UNWIND
9990,9843,HAS_BLOCK
9843,9858,FLOW
9843,9876,FLOW
9843,9876,UNWIND
9990,9851,HAS_BLOCK
9851,9875,FLOW
9990,9858,HAS_BLOCK
9858,9871,FLOW
9990,9871,HAS_BLOCK
9871,9874,FLOW
9871,9877,FLOW
9871,9877,UNWIND
9990,9874,HAS_BLOCK
9874,9875,FLOW
9990,9875,HAS_BLOCK
9875,9990,RETURN
9990,9876,HAS_BLOCK
9876,9877,FLOW
9990,9877,HAS_BLOCK
9877,9878,FLOW
9990,9878,HAS_BLOCK
9990,9879,HAS_BLOCK
9879,9874,FLOW
9990,9880,HAS_BLOCK
9880,9874,FLOW
9990,9881,HAS_BLOCK
9881,9874,FLOW
9990,9882,HAS_BLOCK
9882,9871,FLOW
9570,9580,HAS_PARAM
9570,9590,HAS_PARAM
9570,8591,HAS_BLOCK
8591,8601,FLOW
9570,8601,HAS_BLOCK
8601,8782,FLOW
8601,9541,FLOW
8601,9541,UNWIND
9570,8782,HAS_BLOCK
8782,8951,FLOW
8782,9541,FLOW
8782,9541,UNWIND
9570,8951,HAS_BLOCK
8951,9245,FLOW
8951,9364,FLOW
8951,9106,FLOW
9570,9106,HAS_BLOCK
9570,9245,HAS_BLOCK
9245,9516,FLOW
9245,9460,FLOW
9245,9106,FLOW
9570,9364,HAS_BLOCK
9364,9542,FLOW
9364,9541,FLOW
9364,9541,UNWIND
9570,9460,HAS_BLOCK
9460,9264,FLOW
9460,9276,FLOW
9460,9106,FLOW
9570,9516,HAS_BLOCK
9516,8668,FLOW
9516,8650,FLOW
9516,8631,FLOW
9516,8611,FLOW
9516,9540,FLOW
9516,9106,FLOW
9570,9540,HAS_BLOCK
9540,9219,FLOW
9540,9541,FLOW
9540,9541,UNWIND
9570,8611,HAS_BLOCK
8611,9115,FLOW
8611,9541,FLOW
8611,9541,UNWIND
9570,8631,HAS_BLOCK
8631,8961,FLOW
8631,9541,FLOW
8631,9541,UNWIND
9570,8650,HAS_BLOCK
8650,8822,FLOW
8650,9541,FLOW
8650,9541,UNWIND
9570,8668,HAS_BLOCK
8668,8681,FLOW
8668,9541,FLOW
8668,9541,UNWIND
9570,8681,HAS_BLOCK
8681,8730,FLOW
8681,8698,FLOW
9570,8698,HAS_BLOCK
8698,8712,FLOW
8698,9541,FLOW
8698,9541,UNWIND
9570,8712,HAS_BLOCK
8712,9519,FLOW
9570,8730,HAS_BLOCK
8730,8747,FLOW
8730,9541,FLOW
8730,9541,UNWIND
9570,8747,HAS_BLOCK
8747,8759,FLOW
8747,9541,FLOW
8747,9541,UNWIND
9570,8759,HAS_BLOCK
8759,8792,FLOW
8759,8808,FLOW
8759,9106,FLOW
9570,8792,HAS_BLOCK
8792,8601,FLOW
9570,8808,HAS_BLOCK
8808,9543,FLOW
8808,9541,FLOW
8808,9541,UNWIND
9570,8822,HAS_BLOCK
8822,8871,FLOW
8822,8839,FLOW
9570,8839,HAS_BLOCK
8839,8852,FLOW
8839,9541,FLOW
8839,9541,UNWIND
9570,8852,HAS_BLOCK
8852,9519,FLOW
9570,8871,HAS_BLOCK
8871,8888,FLOW
8871,9541,FLOW
8871,9541,UNWIND
9570,8888,HAS_BLOCK
8888,8899,FLOW
8888,9541,FLOW
8888,9541,UNWIND
9570,8899,HAS_BLOCK
8899,8912,FLOW
8899,8930,FLOW
8899,9106,FLOW
9570,8912,HAS_BLOCK
8912,8601,FLOW
9570,8930,HAS_BLOCK
8930,9544,FLOW
8930,9541,FLOW
8930,9541,UNWIND
9570,8961,HAS_BLOCK
8961,9006,FLOW
8961,8977,FLOW
9570,8977,HAS_BLOCK
8977,8990,FLOW
8977,9541,FLOW
8977,9541,UNWIND
9570,8990,HAS_BLOCK
8990,9519,FLOW
9570,9006,HAS_BLOCK
9006,9023,FLOW
9006,9541,FLOW
9006,9541,UNWIND
9570,9023,HAS_BLOCK
9023,9036,FLOW
9023,9541,FLOW
9023,9541,UNWIND
9570,9036,HAS_BLOCK
9036,9048,FLOW
9036,9063,FLOW
9036,9106,FLOW
9570,9048,HAS_BLOCK
9048,9077,FLOW
9048,9090,FLOW
9048,9090,UNWIND
9570,9063,HAS_BLOCK
9063,9545,FLOW
9063,9541,FLOW
9063,9541,UNWIND
9570,9077,HAS_BLOCK
9077,8601,FLOW
9570,9090,HAS_BLOCK
9090,9541,FLOW
9570,9115,HAS_BLOCK
9115,9157,FLOW
9115,9130,FLOW
9570,9130,HAS_BLOCK
9130,9142,FLOW
9130,9541,FLOW
9130,9541,UNWIND
9570,9142,HAS_BLOCK
9142,9519,FLOW
9570,9157,HAS_BLOCK
9157,9169,FLOW
9157,9541,FLOW
9157,9541,UNWIND
9570,9169,HAS_BLOCK
9169,9181,FLOW
9169,9541,FLOW
9169,9541,UNWIND
9570,9181,HAS_BLOCK
9181,9194,FLOW
9181,9203,FLOW
9181,9106,FLOW
9570,9194,HAS_BLOCK
9194,8601,FLOW
9570,9203,HAS_BLOCK
9203,9546,FLOW
9203,9541,FLOW
9203,9541,UNWIND
9570,9219,HAS_BLOCK
9219,9229,FLOW
9219,9541,FLOW
9219,9541,UNWIND
9570,9229,HAS_BLOCK
9229,8601,FLOW
9229,9254,FLOW
9229,9106,FLOW
9570,9254,HAS_BLOCK
9254,9547,FLOW
9254,9541,FLOW
9254,9541,UNWIND
9570,9264,HAS_BLOCK
9264,9289,FLOW
9264,9541,FLOW
9264,9541,UNWIND
9570,9276,HAS_BLOCK
9276,9333,FLOW
9570,9289,HAS_BLOCK
9289,9299,FLOW
9289,9541,FLOW
9289,9541,UNWIND
9570,9299,HAS_BLOCK
9299,9312,FLOW
9299,9319,FLOW
9299,9106,FLOW
9570,9312,HAS_BLOCK
9312,9333,FLOW
9570,9319,HAS_BLOCK
9319,9548,FLOW
9319,9541,FLOW
9319,9541,UNWIND
9570,9333,HAS_BLOCK
9333,9340,FLOW
9333,9350,FLOW
9333,9106,FLOW
9570,9340,HAS_BLOCK
9340,9371,FLOW
9340,9541,FLOW
9340,9541,UNWIND
9570,9350,HAS_BLOCK
9350,9403,FLOW
9570,9371,HAS_BLOCK
9371,9379,FLOW
9371,9541,FLOW
9371,9541,UNWIND
9570,9379,HAS_BLOCK
9379,9388,FLOW
9379,9395,FLOW
9379,9106,FLOW
9570,9388,HAS_BLOCK
9388,9403,FLOW
9570,9395,HAS_BLOCK
9395,9549,FLOW
9395,9541,FLOW
9395,9541,UNWIND
9570,9403,HAS_BLOCK
9403,9410,FLOW
9403,9418,FLOW
9403,9106,FLOW
9570,9410,HAS_BLOCK
9410,9425,FLOW
9410,9541,FLOW
9410,9541,UNWIND
9570,9418,HAS_BLOCK
9418,9475,FLOW
9570,9425,HAS_BLOCK
9425,9433,FLOW
9425,9541,FLOW
9425,9541,UNWIND
9570,9433,HAS_BLOCK
9433,9440,FLOW
9433,9467,FLOW
9433,9106,FLOW
9570,9440,HAS_BLOCK
9440,9475,FLOW
9570,9467,HAS_BLOCK
9467,9550,FLOW
9467,9541,FLOW
9467,9541,UNWIND
9570,9475,HAS_BLOCK
9475,9482,FLOW
9475,9486,FLOW
9475,9106,FLOW
9570,9482,HAS_BLOCK
9482,9489,FLOW
9482,9523,FLOW
9482,9523,UNWIND
9570,9486,HAS_BLOCK
9486,9506,FLOW
9570,9489,HAS_BLOCK
9489,9493,FLOW
9489,9523,FLOW
9489,9523,UNWIND
9570,9493,HAS_BLOCK
9493,9496,FLOW
9493,9499,FLOW
9493,9106,FLOW
9570,9496,HAS_BLOCK
9496,9506,FLOW
9570,9499,HAS_BLOCK
9499,9503,FLOW
9499,9523,FLOW
9499,9523,UNWIND
9570,9503,HAS_BLOCK
9503,9519,FLOW
9503,9541,FLOW
9503,9541,UNWIND
9570,9506,HAS_BLOCK
9506,9522,FLOW
9570,9519,HAS_BLOCK
9519,9527,FLOW
9519,9526,FLOW
9519,9106,FLOW
9570,9522,HAS_BLOCK
9522,9570,RETURN
9570,9523,HAS_BLOCK
9523,9541,FLOW
9570,9524,HAS_BLOCK
9524,9525,FLOW
9570,9525,HAS_BLOCK
9570,9526,HAS_BLOCK
9526,9522,FLOW
9570,9527,HAS_BLOCK
9527,9526,FLOW
9527,9528,FLOW
9570,9528,HAS_BLOCK
9528,9526,FLOW
9528,9524,FLOW
9528,9524,UNWIND
9570,9529,HAS_BLOCK
9529,9524,FLOW
9529,9530,FLOW
9570,9530,HAS_BLOCK
9530,9524,FLOW
9570,9541,HAS_BLOCK
9541,9529,FLOW
9541,9524,FLOW
9570,9542,HAS_BLOCK
9542,9519,FLOW
9570,9543,HAS_BLOCK
9543,9519,FLOW
9570,9544,HAS_BLOCK
9544,9519,FLOW
9570,9545,HAS_BLOCK
9545,9519,FLOW
9570,9546,HAS_BLOCK
9546,9519,FLOW
9570,9547,HAS_BLOCK
9547,9519,FLOW
9570,9548,HAS_BLOCK
9548,9519,FLOW
9570,9549,HAS_BLOCK
9549,9519,FLOW
9570,9550,HAS_BLOCK
9550,9519,FLOW
8046,8056,HAS_PARAM
8046,8066,HAS_PARAM
8046,8016,HAS_BLOCK
8016,8036,FLOW
8046,8036,HAS_BLOCK
8036,8046,RETURN
8501,8511,HAS_PARAM
8501,8521,HAS_PARAM
8501,8444,HAS_BLOCK
8444,8483,FLOW
8444,8474,FLOW
8444,8464,FLOW
8444,8454,FLOW
8501,8454,HAS_BLOCK
8454,8490,FLOW
8501,8464,HAS_BLOCK
8464,8490,FLOW
8501,8474,HAS_BLOCK
8474,8490,FLOW
8501,8483,HAS_BLOCK
8483,8490,FLOW
8501,8490,HAS_BLOCK
8490,8501,RETURN
8414,8424,HAS_PARAM
8414,8434,HAS_PARAM
8414,8286,HAS_BLOCK
8286,8404,FLOW
8414,8306,HAS_BLOCK
8306,8313,FLOW
8414,8326,HAS_BLOCK
8326,8313,FLOW
8414,8336,HAS_BLOCK
8336,8397,FLOW
8414,8355,HAS_BLOCK
8355,8313,FLOW
8414,8364,HAS_BLOCK
8364,8389,FLOW
8414,8380,HAS_BLOCK
8380,8313,FLOW
8414,8389,HAS_BLOCK
8389,8306,FLOW
8389,8380,FLOW
8414,8397,HAS_BLOCK
8397,8364,FLOW
8397,8355,FLOW
8414,8404,HAS_BLOCK
8404,8336,FLOW
8404,8326,FLOW
8414,8313,HAS_BLOCK
8313,8414,RETURN
8256,8266,HAS_PARAM
8256,8276,HAS_PARAM
8256,8076,HAS_BLOCK
8076,8246,FLOW
8076,8161,FLOW
8256,8086,HAS_BLOCK
8086,8138,FLOW
8256,8161,HAS_BLOCK
8161,8188,FLOW
8161,8218,FLOW
8161,8086,FLOW
8256,8188,HAS_BLOCK
8188,8198,FLOW
8188,8086,FLOW
8256,8198,HAS_BLOCK
8198,8208,FLOW
8198,8086,FLOW
8256,8208,HAS_BLOCK
8208,8132,FLOW
8208,8086,FLOW
8256,8218,HAS_BLOCK
8218,8228,FLOW
8218,8086,FLOW
8256,8228,HAS_BLOCK
8228,8237,FLOW
8228,8086,FLOW
8256,8237,HAS_BLOCK
8237,8118,FLOW
8237,8086,FLOW
8256,8246,HAS_BLOCK
8246,8086,FLOW
8246,8094,FLOW
8256,8094,HAS_BLOCK
8094,8102,FLOW
8094,8086,FLOW
8256,8102,HAS_BLOCK
8102,8110,FLOW
8102,8086,FLOW
8256,8110,HAS_BLOCK
8110,8125,FLOW
8110,8086,FLOW
8256,8118,HAS_BLOCK
8118,8138,FLOW
8256,8125,HAS_BLOCK
8125,8138,FLOW
8256,8132,HAS_BLOCK
8132,8138,FLOW
8256,8138,HAS_BLOCK
8138,8256,RETURN
7996,8006,HAS_PARAM
7996,7966,HAS_BLOCK
7966,7986,FLOW
7996,7986,HAS_BLOCK
7986,7996,RETURN
8561,8571,HAS_PARAM
8561,8581,HAS_PARAM
8561,8531,HAS_BLOCK
8531,8551,FLOW
8561,8551,HAS_BLOCK
8551,8561,RETURN
9990,10000,HAS_PARAM
9990,10010,HAS_PARAM
9990,9600,HAS_BLOCK
9600,9620,FLOW
9600,9828,FLOW
9600,9828,UNWIND
9990,9620,HAS_BLOCK
9620,9773,FLOW
9620,9828,FLOW
9620,9828,UNWIND
9990,9773,HAS_BLOCK
9773,9892,FLOW
9773,9902,FLOW
9773,9868,FLOW
9990,9868,HAS_BLOCK
9990,9892,HAS_BLOCK
9892,9922,FLOW
9892,9942,FLOW
9892,9868,FLOW
9990,9902,HAS_BLOCK
9902,9843,FLOW
9902,9828,FLOW
9902,9828,UNWIND
9990,9922,HAS_BLOCK
9922,9961,FLOW
9922,9828,FLOW
9922,9828,UNWIND
9990,9942,HAS_BLOCK
9942,9971,FLOW
9942,9828,FLOW
9942,9828,UNWIND
9990,9961,HAS_BLOCK
9961,9813,FLOW
9990,9971,HAS_BLOCK
9971,9630,FLOW
9971,9828,FLOW
9971,9828,UNWIND
9990,9630,HAS_BLOCK
9630,9640,FLOW
9630,9650,FLOW
9630,9868,FLOW
9990,9640,HAS_BLOCK
9640,9669,FLOW
9640,9687,FLOW
9640,9868,FLOW
9990,9650,HAS_BLOCK
9650,9851,FLOW
9650,9828,FLOW
9650,9828,UNWIND
9990,9669,HAS_BLOCK
9669,9703,FLOW
9669,9828,FLOW
9669,9828,UNWIND
9990,9687,HAS_BLOCK
9687,9712,FLOW
9687,9828,FLOW
9687,9828,UNWIND
9990,9703,HAS_BLOCK
9703,9813,FLOW
9990,9712,HAS_BLOCK
9712,9728,FLOW
9712,9828,FLOW
9712,9828,UNWIND
9990,9728,HAS_BLOCK
9728,9737,FLOW
9728,9746,FLOW
9728,9868,FLOW
9990,9737,HAS_BLOCK
9737,9782,FLOW
9737,9798,FLOW
9737,9868,FLOW
9990,9746,HAS_BLOCK
9746,9858,FLOW
9746,9828,FLOW
9746,9828,UNWIND
9990,9782,HAS_BLOCK
9782,9806,FLOW
9782,9828,FLOW
9782,9828,UNWIND
9990,9798,HAS_BLOCK
9798,9821,FLOW
9990,9806,HAS_BLOCK
9806,9813,FLOW
9990,9813,HAS_BLOCK
9813,9821,FLOW
9990,9821,HAS_BLOCK
9821,9990,RETURN
9990,9828,HAS_BLOCK
9828,9835,FLOW
9990,9835,HAS_BLOCK
9990,9843,HAS_BLOCK
9843,9813,FLOW
9990,9851,HAS_BLOCK
9851,9813,FLOW
9990,9858,HAS_BLOCK
9858,9813,FLOW
9570,9580,HAS_PARAM
9570,9590,HAS_PARAM
9570,8591,HAS_BLOCK
8591,8601,FLOW
9570,8601,HAS_BLOCK
8601,8782,FLOW
8601,9395,FLOW
8601,9395,UNWIND
9570,8782,HAS_BLOCK
8782,8951,FLOW
8782,9395,FLOW
8782,9395,UNWIND
9570,8951,HAS_BLOCK
8951,9245,FLOW
8951,9364,FLOW
8951,9106,FLOW
9570,9106,HAS_BLOCK
9570,9245,HAS_BLOCK
9245,9516,FLOW
9245,9460,FLOW
9245,9106,FLOW
9570,9364,HAS_BLOCK
9364,9410,FLOW
9364,9395,FLOW
9364,9395,UNWIND
9570,9460,HAS_BLOCK
9460,9115,FLOW
9460,9130,FLOW
9460,9106,FLOW
9570,9516,HAS_BLOCK
9516,8650,FLOW
9516,8631,FLOW
9516,8611,FLOW
9516,9540,FLOW
9516,9106,FLOW
9570,9540,HAS_BLOCK
9540,9063,FLOW
9540,9395,FLOW
9540,9395,UNWIND
9570,8611,HAS_BLOCK
8611,8930,FLOW
8611,9395,FLOW
8611,9395,UNWIND
9570,8631,HAS_BLOCK
8631,8808,FLOW
8631,9395,FLOW
8631,9395,UNWIND
9570,8650,HAS_BLOCK
8650,8668,FLOW
8650,9395,FLOW
8650,9395,UNWIND
9570,8668,HAS_BLOCK
8668,8712,FLOW
8668,8681,FLOW
9570,8681,HAS_BLOCK
8681,8698,FLOW
8681,9395,FLOW
8681,9395,UNWIND
9570,8698,HAS_BLOCK
8698,9379,FLOW
9570,8712,HAS_BLOCK
8712,8730,FLOW
8712,9395,FLOW
8712,9395,UNWIND
9570,8730,HAS_BLOCK
8730,8747,FLOW
8730,9395,FLOW
8730,9395,UNWIND
9570,8747,HAS_BLOCK
8747,8759,FLOW
8747,8792,FLOW
8747,9106,FLOW
9570,8759,HAS_BLOCK
8759,8601,FLOW
9570,8792,HAS_BLOCK
8792,9418,FLOW
8792,9395,FLOW
8792,9395,UNWIND
9570,8808,HAS_BLOCK
8808,8852,FLOW
8808,8822,FLOW
9570,8822,HAS_BLOCK
8822,8839,FLOW
8822,9395,FLOW
8822,9395,UNWIND
9570,8839,HAS_BLOCK
8839,9379,FLOW
9570,8852,HAS_BLOCK
8852,8871,FLOW
8852,9395,FLOW
8852,9395,UNWIND
9570,8871,HAS_BLOCK
8871,8888,FLOW
8871,9395,FLOW
8871,9395,UNWIND
9570,8888,HAS_BLOCK
8888,8899,FLOW
8888,8912,FLOW
8888,9106,FLOW
9570,8899,HAS_BLOCK
8899,8601,FLOW
9570,8912,HAS_BLOCK
8912,9425,FLOW
8912,9395,FLOW
8912,9395,UNWIND
9570,8930,HAS_BLOCK
8930,8990,FLOW
8930,8961,FLOW
9570,8961,HAS_BLOCK
8961,8977,FLOW
8961,9395,FLOW
8961,9395,UNWIND
9570,8977,HAS_BLOCK
8977,9379,FLOW
9570,8990,HAS_BLOCK
8990,9006,FLOW
8990,9395,FLOW
8990,9395,UNWIND
9570,9006,HAS_BLOCK
9006,9023,FLOW
9006,9395,FLOW
9006,9395,UNWIND
9570,9023,HAS_BLOCK
9023,9036,FLOW
9023,9048,FLOW
9023,9106,FLOW
9570,9036,HAS_BLOCK
9036,8601,FLOW
9570,9048,HAS_BLOCK
9048,9433,FLOW
9048,9395,FLOW
9048,9395,UNWIND
9570,9063,HAS_BLOCK
9063,9077,FLOW
9063,9395,FLOW
9063,9395,UNWIND
9570,9077,HAS_BLOCK
9077,8601,FLOW
9077,9090,FLOW
9077,9106,FLOW
9570,9090,HAS_BLOCK
9090,9440,FLOW
9090,9395,FLOW
9090,9395,UNWIND
9570,9115,HAS_BLOCK
9115,9142,FLOW
9115,9395,FLOW
9115,9395,UNWIND
9570,9130,HAS_BLOCK
9130,9194,FLOW
9570,9142,HAS_BLOCK
9142,9157,FLOW
9142,9395,FLOW
9142,9395,UNWIND
9570,9157,HAS_BLOCK
9157,9169,FLOW
9157,9181,FLOW
9157,9106,FLOW
9570,9169,HAS_BLOCK
9169,9194,FLOW
9570,9181,HAS_BLOCK
9181,9467,FLOW
9181,9395,FLOW
9181,9395,UNWIND
9570,9194,HAS_BLOCK
9194,9203,FLOW
9194,9219,FLOW
9194,9106,FLOW
9570,9203,HAS_BLOCK
9203,9229,FLOW
9203,9395,FLOW
9203,9395,UNWIND
9570,9219,HAS_BLOCK
9219,9289,FLOW
9570,9229,HAS_BLOCK
9229,9254,FLOW
9229,9395,FLOW
9229,9395,UNWIND
9570,9254,HAS_BLOCK
9254,9264,FLOW
9254,9276,FLOW
9254,9106,FLOW
9570,9264,HAS_BLOCK
9264,9289,FLOW
9570,9276,HAS_BLOCK
9276,9475,FLOW
9276,9395,FLOW
9276,9395,UNWIND
9570,9289,HAS_BLOCK
9289,9299,FLOW
9289,9312,FLOW
9289,9106,FLOW
9570,9299,HAS_BLOCK
9299,9319,FLOW
9299,9395,FLOW
9299,9395,UNWIND
9570,9312,HAS_BLOCK
9312,9371,FLOW
9570,9319,HAS_BLOCK
9319,9333,FLOW
9319,9395,FLOW
9319,9395,UNWIND
9570,9333,HAS_BLOCK
9333,9340,FLOW
9333,9350,FLOW
9333,9106,FLOW
9570,9340,HAS_BLOCK
9340,9371,FLOW
9570,9350,HAS_BLOCK
9350,9482,FLOW
9350,9395,FLOW
9350,9395,UNWIND
9570,9371,HAS_BLOCK
9371,9388,FLOW
9570,9379,HAS_BLOCK
9379,9388,FLOW
9570,9388,HAS_BLOCK
9388,9570,RETURN
9570,9395,HAS_BLOCK
9395,9403,FLOW
9570,9403,HAS_BLOCK
9570,9410,HAS_BLOCK
9410,9379,FLOW
9570,9418,HAS_BLOCK
9418,9379,FLOW
9570,9425,HAS_BLOCK
9425,9379,FLOW
9570,9433,HAS_BLOCK
9433,9379,FLOW
9570,9440,HAS_BLOCK
9440,9379,FLOW
9570,9467,HAS_BLOCK
9467,9379,FLOW
9570,9475,HAS_BLOCK
9475,9379,FLOW
9570,9482,HAS_BLOCK
9482,9379,FLOW
8046,8056,HAS_PARAM
8046,8066,HAS_PARAM
8046,8016,HAS_BLOCK
8016,8036,FLOW
8046,8036,HAS_BLOCK
8036,8046,RETURN
8501,8511,HAS_PARAM
8501,8521,HAS_PARAM
8501,8444,HAS_BLOCK
8444,8474,FLOW
8444,8464,FLOW
8444,8454,FLOW
8501,8454,HAS_BLOCK
8454,8483,FLOW
8501,8464,HAS_BLOCK
8464,8483,FLOW
8501,8474,HAS_BLOCK
8474,8483,FLOW
8501,8483,HAS_BLOCK
8483,8501,RETURN
8414,8424,HAS_PARAM
8414,8434,HAS_PARAM
8414,8286,HAS_BLOCK
8286,8380,FLOW
8414,8306,HAS_BLOCK
8306,8389,FLOW
8414,8326,HAS_BLOCK
8326,8389,FLOW
8414,8336,HAS_BLOCK
8336,8364,FLOW
8414,8355,HAS_BLOCK
8355,8389,FLOW
8414,8364,HAS_BLOCK
8364,8306,FLOW
8364,8355,FLOW
8414,8380,HAS_BLOCK
8380,8336,FLOW
8380,8326,FLOW
8414,8389,HAS_BLOCK
8389,8414,RETURN
8256,8266,HAS_PARAM
8256,8276,HAS_PARAM
8256,8076,HAS_BLOCK
8076,8237,FLOW
8076,8161,FLOW
8256,8086,HAS_BLOCK
8086,8148,FLOW
8256,8161,HAS_BLOCK
8161,8188,FLOW
8161,8086,FLOW
8256,8188,HAS_BLOCK
8188,8198,FLOW
8188,8086,FLOW
8256,8198,HAS_BLOCK
8198,8208,FLOW
8198,8086,FLOW
8256,8208,HAS_BLOCK
8208,8218,FLOW
8208,8086,FLOW
8256,8218,HAS_BLOCK
8218,8228,FLOW
8218,8086,FLOW
8256,8228,HAS_BLOCK
8228,8143,FLOW
8228,8086,FLOW
8256,8237,HAS_BLOCK
8237,8086,FLOW
8237,8246,FLOW
8256,8246,HAS_BLOCK
8246,8094,FLOW
8246,8086,FLOW
8256,8094,HAS_BLOCK
8094,8102,FLOW
8094,8086,FLOW
8256,8102,HAS_BLOCK
8102,8110,FLOW
8102,8086,FLOW
8256,8110,HAS_BLOCK
8110,8118,FLOW
8110,8086,FLOW
8256,8118,HAS_BLOCK
8118,8125,FLOW
8118,8086,FLOW
8256,8125,HAS_BLOCK
8125,8132,FLOW
8125,8086,FLOW
8256,8132,HAS_BLOCK
8132,8138,FLOW
8132,8086,FLOW
8256,8138,HAS_BLOCK
8138,8148,FLOW
8256,8143,HAS_BLOCK
8143,8148,FLOW
8256,8148,HAS_BLOCK
8148,8256,RETURN
7996,8006,HAS_PARAM
7996,7966,HAS_BLOCK
7966,7986,FLOW
7996,7986,HAS_BLOCK
7986,7996,RETURN
8561,8571,HAS_PARAM
8561,8581,HAS_PARAM
8561,8531,HAS_BLOCK
8531,8551,FLOW
8561,8551,HAS_BLOCK
8551,8561,RETURN
9990,10000,HAS_PARAM
9990,10010,HAS_PARAM
9990,9600,HAS_BLOCK
9600,9620,FLOW
9600,9737,FLOW
9600,9737,UNWIND
9990,9620,HAS_BLOCK
9620,9773,FLOW
9620,9737,FLOW
9620,9737,UNWIND
9990,9773,HAS_BLOCK
9773,9892,FLOW
9773,9902,FLOW
9773,9868,FLOW
9990,9868,HAS_BLOCK
9990,9892,HAS_BLOCK
9892,9922,FLOW
9892,9942,FLOW
9892,9868,FLOW
9990,9902,HAS_BLOCK
9902,9782,FLOW
9902,9737,FLOW
9902,9737,UNWIND
9990,9922,HAS_BLOCK
9922,9961,FLOW
9922,9737,FLOW
9922,9737,UNWIND
9990,9942,HAS_BLOCK
9942,9971,FLOW
9942,9737,FLOW
9942,9737,UNWIND
9990,9961,HAS_BLOCK
9961,9712,FLOW
9990,9971,HAS_BLOCK
9971,9630,FLOW
9971,9737,FLOW
9971,9737,UNWIND
9990,9630,HAS_BLOCK
9630,9640,FLOW
9630,9650,FLOW
9630,9868,FLOW
9990,9640,HAS_BLOCK
9640,9669,FLOW
9640,9687,FLOW
9640,9868,FLOW
9990,9650,HAS_BLOCK
9650,9798,FLOW
9650,9737,FLOW
9650,9737,UNWIND
9990,9669,HAS_BLOCK
9669,9703,FLOW
9669,9737,FLOW
9669,9737,UNWIND
9990,9687,HAS_BLOCK
9687,9728,FLOW
9990,9703,HAS_BLOCK
9703,9712,FLOW
9990,9712,HAS_BLOCK
9712,9728,FLOW
9990,9728,HAS_BLOCK
9728,9990,RETURN
9990,9737,HAS_BLOCK
9737,9746,FLOW
9990,9746,HAS_BLOCK
9990,9782,HAS_BLOCK
9782,9712,FLOW
9990,9798,HAS_BLOCK
9798,9712,FLOW
9570,9580,HAS_PARAM
9570,9590,HAS_PARAM
9570,8591,HAS_BLOCK
8591,8601,FLOW
9570,8601,HAS_BLOCK
8601,8782,FLOW
8601,9203,FLOW
8601,9203,UNWIND
9570,8782,HAS_BLOCK
8782,8951,FLOW
8782,9203,FLOW
8782,9203,UNWIND
9570,8951,HAS_BLOCK
8951,9245,FLOW
8951,9364,FLOW
8951,9106,FLOW
9570,9106,HAS_BLOCK
9570,9245,HAS_BLOCK
9245,9516,FLOW
9245,9460,FLOW
9245,9106,FLOW
9570,9364,HAS_BLOCK
9364,9229,FLOW
9364,9203,FLOW
9364,9203,UNWIND
9570,9460,HAS_BLOCK
9460,8977,FLOW
9460,8990,FLOW
9460,9106,FLOW
9570,9516,HAS_BLOCK
9516,8631,FLOW
9516,8611,FLOW
9516,9540,FLOW
9516,9106,FLOW
9570,9540,HAS_BLOCK
9540,8912,FLOW
9540,9203,FLOW
9540,9203,UNWIND
9570,8611,HAS_BLOCK
8611,8792,FLOW
8611,9203,FLOW
8611,9203,UNWIND
9570,8631,HAS_BLOCK
8631,8650,FLOW
8631,9203,FLOW
8631,9203,UNWIND
9570,8650,HAS_BLOCK
8650,8698,FLOW
8650,8668,FLOW
9570,8668,HAS_BLOCK
8668,8681,FLOW
8668,9203,FLOW
8668,9203,UNWIND
9570,8681,HAS_BLOCK
8681,9181,FLOW
9570,8698,HAS_BLOCK
8698,8712,FLOW
8698,9203,FLOW
8698,9203,UNWIND
9570,8712,HAS_BLOCK
8712,8730,FLOW
8712,9203,FLOW
8712,9203,UNWIND
9570,8730,HAS_BLOCK
8730,8747,FLOW
8730,8759,FLOW
8730,9106,FLOW
9570,8747,HAS_BLOCK
8747,8601,FLOW
9570,8759,HAS_BLOCK
8759,9254,FLOW
8759,9203,FLOW
8759,9203,UNWIND
9570,8792,HAS_BLOCK
8792,8839,FLOW
8792,8808,FLOW
9570,8808,HAS_BLOCK
8808,8822,FLOW
8808,9203,FLOW
8808,9203,UNWIND
9570,8822,HAS_BLOCK
8822,9181,FLOW
9570,8839,HAS_BLOCK
8839,8852,FLOW
8839,9203,FLOW
8839,9203,UNWIND
9570,8852,HAS_BLOCK
8852,8871,FLOW
8852,9203,FLOW
8852,9203,UNWIND
9570,8871,HAS_BLOCK
8871,8888,FLOW
8871,8899,FLOW
8871,9106,FLOW
9570,8888,HAS_BLOCK
8888,8601,FLOW
9570,8899,HAS_BLOCK
8899,9264,FLOW
8899,9203,FLOW
8899,9203,UNWIND
9570,8912,HAS_BLOCK
8912,8930,FLOW
8912,9203,FLOW
8912,9203,UNWIND
9570,8930,HAS_BLOCK
8930,8601,FLOW
8930,8961,FLOW
8930,9106,FLOW
9570,8961,HAS_BLOCK
8961,9276,FLOW
8961,9203,FLOW
8961,9203,UNWIND
9570,8977,HAS_BLOCK
8977,9006,FLOW
8977,9203,FLOW
8977,9203,UNWIND
9570,8990,HAS_BLOCK
8990,9063,FLOW
9570,9006,HAS_BLOCK
9006,9023,FLOW
9006,9203,FLOW
9006,9203,UNWIND
9570,9023,HAS_BLOCK
9023,9036,FLOW
9023,9048,FLOW
9023,9106,FLOW
9570,9036,HAS_BLOCK
9036,9063,FLOW
9570,9048,HAS_BLOCK
9048,9289,FLOW
9048,9203,FLOW
9048,9203,UNWIND
9570,9063,HAS_BLOCK
9063,9077,FLOW
9063,9090,FLOW
9063,9106,FLOW
9570,9077,HAS_BLOCK
9077,9115,FLOW
9077,9203,FLOW
9077,9203,UNWIND
9570,9090,HAS_BLOCK
9090,9169,FLOW
9570,9115,HAS_BLOCK
9115,9130,FLOW
9115,9203,FLOW
9115,9203,UNWIND
9570,9130,HAS_BLOCK
9130,9142,FLOW
9130,9157,FLOW
9130,9106,FLOW
9570,9142,HAS_BLOCK
9142,9169,FLOW
9570,9157,HAS_BLOCK
9157,9299,FLOW
9157,9203,FLOW
9157,9203,UNWIND
9570,9169,HAS_BLOCK
9169,9194,FLOW
9570,9181,HAS_BLOCK
9181,9194,FLOW
9570,9194,HAS_BLOCK
9194,9570,RETURN
9570,9203,HAS_BLOCK
9203,9219,FLOW
9570,9219,HAS_BLOCK
9570,9229,HAS_BLOCK
9229,9181,FLOW
9570,9254,HAS_BLOCK
9254,9181,FLOW
9570,9264,HAS_BLOCK
9264,9181,FLOW
9570,9276,HAS_BLOCK
9276,9181,FLOW
9570,9289,HAS_BLOCK
9289,9181,FLOW
9570,9299,HAS_BLOCK
9299,9181,FLOW
8046,8056,HAS_PARAM
8046,8066,HAS_PARAM
8046,8016,HAS_BLOCK
8016,8036,FLOW
8046,8036,HAS_BLOCK
8036,8046,RETURN
8501,8511,HAS_PARAM
8501,8521,HAS_PARAM
8501,8444,HAS_BLOCK
8444,8483,FLOW
8444,8474,FLOW
8444,8464,FLOW
8444,8454,FLOW
8501,8454,HAS_BLOCK
8454,8490,FLOW
8501,8464,HAS_BLOCK
8464,8490,FLOW
8501,8474,HAS_BLOCK
8474,8490,FLOW
8501,8483,HAS_BLOCK
8483,8490,FLOW
8501,8490,HAS_BLOCK
8490,8501,RETURN
8414,8424,HAS_PARAM
8414,8434,HAS_PARAM
8414,8286,HAS_BLOCK
8286,8404,FLOW
8414,8306,HAS_BLOCK
8306,8313,FLOW
8414,8326,HAS_BLOCK
8326,8313,FLOW
8414,8336,HAS_BLOCK
8336,8397,FLOW
8414,8355,HAS_BLOCK
8355,8313,FLOW
8414,8364,HAS_BLOCK
8364,8389,FLOW
8414,8380,HAS_BLOCK
8380,8313,FLOW
8414,8389,HAS_BLOCK
8389,8306,FLOW
8389,8380,FLOW
8414,8397,HAS_BLOCK
8397,8364,FLOW
8397,8355,FLOW
8414,8404,HAS_BLOCK
8404,8336,FLOW
8404,8326,FLOW
8414,8313,HAS_BLOCK
8313,8414,RETURN
8256,8266,HAS_PARAM
8256,8276,HAS_PARAM
8256,8076,HAS_BLOCK
8076,8198,FLOW
8076,8161,FLOW
8256,8086,HAS_BLOCK
8086,8151,FLOW
8256,8161,HAS_BLOCK
8161,8188,FLOW
8161,8086,FLOW
8256,8188,HAS_BLOCK
8188,8148,FLOW
8188,8086,FLOW
8256,8198,HAS_BLOCK
8198,8102,FLOW
8198,8208,FLOW
8256,8208,HAS_BLOCK
8208,8218,FLOW
8208,8086,FLOW
8256,8218,HAS_BLOCK
8218,8228,FLOW
8218,8086,FLOW
8256,8228,HAS_BLOCK
8228,8237,FLOW
8228,8086,FLOW
8256,8237,HAS_BLOCK
8237,8246,FLOW
8237,8086,FLOW
8256,8246,HAS_BLOCK
8246,8094,FLOW
8246,8086,FLOW
8256,8094,HAS_BLOCK
8094,8143,FLOW
8094,8086,FLOW
8256,8102,HAS_BLOCK
8102,8086,FLOW
8102,8110,FLOW
8256,8110,HAS_BLOCK
8110,8118,FLOW
8110,8086,FLOW
8256,8118,HAS_BLOCK
8118,8125,FLOW
8118,8086,FLOW
8256,8125,HAS_BLOCK
8125,8132,FLOW
8125,8086,FLOW
8256,8132,HAS_BLOCK
8132,8138,FLOW
8132,8086,FLOW
8256,8138,HAS_BLOCK
8138,8151,FLOW
8256,8143,HAS_BLOCK
8143,8151,FLOW
8256,8148,HAS_BLOCK
8148,8151,FLOW
8256,8151,HAS_BLOCK
8151,8256,RETURN
7996,8006,HAS_PARAM
7996,7966,HAS_BLOCK
7966,7986,FLOW
7996,7986,HAS_BLOCK
7986,7996,RETURN
8561,8571,HAS_PARAM
8561,8581,HAS_PARAM
8561,8531,HAS_BLOCK
8531,8551,FLOW
8561,8551,HAS_BLOCK
8551,8561,RETURN
9990,10000,HAS_PARAM
9990,10010,HAS_PARAM
9990,9600,HAS_BLOCK
9600,9620,FLOW
9600,9843,FLOW
9600,9843,UNWIND
9990,9620,HAS_BLOCK
9620,9773,FLOW
9620,9843,FLOW
9620,9843,UNWIND
9990,9773,HAS_BLOCK
9773,9892,FLOW
9773,9902,FLOW
9773,9868,FLOW
9990,9868,HAS_BLOCK
9990,9892,HAS_BLOCK
9892,9922,FLOW
9892,9942,FLOW
9892,9868,FLOW
9990,9902,HAS_BLOCK
9902,9858,FLOW
9902,9843,FLOW
9902,9843,UNWIND
9990,9922,HAS_BLOCK
9922,9961,FLOW
9922,9843,FLOW
9922,9843,UNWIND
9990,9942,HAS_BLOCK
9942,9971,FLOW
9942,9843,FLOW
9942,9843,UNWIND
9990,9961,HAS_BLOCK
9961,9821,FLOW
9990,9971,HAS_BLOCK
9971,9630,FLOW
9971,9843,FLOW
9971,9843,UNWIND
9990,9630,HAS_BLOCK
9630,9640,FLOW
9630,9650,FLOW
9630,9868,FLOW
9990,9640,HAS_BLOCK
9640,9669,FLOW
9640,9687,FLOW
9640,9868,FLOW
9990,9650,HAS_BLOCK
9650,9871,FLOW
9650,9843,FLOW
9650,9843,UNWIND
9990,9669,HAS_BLOCK
9669,9703,FLOW
9669,9843,FLOW
9669,9843,UNWIND
9990,9687,HAS_BLOCK
9687,9712,FLOW
9687,9835,FLOW
9687,9835,UNWIND
9990,9703,HAS_BLOCK
9703,9821,FLOW
9990,9712,HAS_BLOCK
9712,9728,FLOW
9712,9835,FLOW
9712,9835,UNWIND
9990,9728,HAS_BLOCK
9728,9737,FLOW
9728,9746,FLOW
9728,9868,FLOW
9990,9737,HAS_BLOCK
9737,9782,FLOW
9737,9798,FLOW
9737,9868,FLOW
9990,9746,HAS_BLOCK
9746,9874,FLOW
9746,9835,FLOW
9746,9835,UNWIND
9990,9782,HAS_BLOCK
9782,9806,FLOW
9782,9835,FLOW
9782,9835,UNWIND
9990,9798,HAS_BLOCK
9798,9828,FLOW
9990,9806,HAS_BLOCK
9806,9813,FLOW
9990,9813,HAS_BLOCK
9813,9821,FLOW
9813,9843,FLOW
9813,9843,UNWIND
9990,9821,HAS_BLOCK
9821,9828,FLOW
9990,9828,HAS_BLOCK
9828,9990,RETURN
9990,9835,HAS_BLOCK
9835,9843,FLOW
9990,9843,HAS_BLOCK
9843,9851,FLOW
9990,9851,HAS_BLOCK
9990,9858,HAS_BLOCK
9858,9821,FLOW
9990,9871,HAS_BLOCK
9871,9821,FLOW
9990,9874,HAS_BLOCK
9874,9813,FLOW
9570,9580,HAS_PARAM
9570,9590,HAS_PARAM
9570,8591,HAS_BLOCK
8591,8601,FLOW
9570,8601,HAS_BLOCK
8601,8782,FLOW
8601,9489,FLOW
8601,9489,UNWIND
9570,8782,HAS_BLOCK
8782,8951,FLOW
8782,9489,FLOW
8782,9489,UNWIND
9570,8951,HAS_BLOCK
8951,9245,FLOW
8951,9364,FLOW
8951,9106,FLOW
9570,9106,HAS_BLOCK
9570,9245,HAS_BLOCK
9245,9516,FLOW
9245,9460,FLOW
9245,9106,FLOW
9570,9364,HAS_BLOCK
9364,9493,FLOW
9364,9489,FLOW
9364,9489,UNWIND
9570,9460,HAS_BLOCK
9460,9142,FLOW
9460,9157,FLOW
9460,9106,FLOW
9570,9516,HAS_BLOCK
9516,8650,FLOW
9516,8631,FLOW
9516,8611,FLOW
9516,9540,FLOW
9516,9106,FLOW
9570,9540,HAS_BLOCK
9540,9090,FLOW
9540,9489,FLOW
9540,9489,UNWIND
9570,8611,HAS_BLOCK
8611,8977,FLOW
8611,9489,FLOW
8611,9489,UNWIND
9570,8631,HAS_BLOCK
8631,8808,FLOW
8631,9489,FLOW
8631,9489,UNWIND
9570,8650,HAS_BLOCK
8650,8668,FLOW
8650,9489,FLOW
8650,9489,UNWIND
9570,8668,HAS_BLOCK
8668,8712,FLOW
8668,8681,FLOW
9570,8681,HAS_BLOCK
8681,8698,FLOW
8681,9489,FLOW
8681,9489,UNWIND
9570,8698,HAS_BLOCK
8698,9403,FLOW
9570,8712,HAS_BLOCK
8712,8730,FLOW
8712,9489,FLOW
8712,9489,UNWIND
9570,8730,HAS_BLOCK
8730,8747,FLOW
8730,9489,FLOW
8730,9489,UNWIND
9570,8747,HAS_BLOCK
8747,8759,FLOW
8747,8792,FLOW
8747,9106,FLOW
9570,8759,HAS_BLOCK
8759,8601,FLOW
9570,8792,HAS_BLOCK
8792,9496,FLOW
8792,9489,FLOW
8792,9489,UNWIND
9570,8808,HAS_BLOCK
8808,8852,FLOW
8808,8822,FLOW
9570,8822,HAS_BLOCK
8822,8839,FLOW
8822,9489,FLOW
8822,9489,UNWIND
9570,8839,HAS_BLOCK
8839,9403,FLOW
9570,8852,HAS_BLOCK
8852,8871,FLOW
8852,9489,FLOW
8852,9489,UNWIND
9570,8871,HAS_BLOCK
8871,8888,FLOW
8871,9489,FLOW
8871,9489,UNWIND
9570,8888,HAS_BLOCK
8888,8899,FLOW
8888,8912,FLOW
8888,9106,FLOW
9570,8899,HAS_BLOCK
8899,8930,FLOW
8899,8961,FLOW
8899,8961,UNWIND
9570,8912,HAS_BLOCK
8912,9499,FLOW
8912,9489,FLOW
8912,9489,UNWIND
9570,8930,HAS_BLOCK
8930,8601,FLOW
9570,8961,HAS_BLOCK
8961,9489,FLOW
9570,8977,HAS_BLOCK
8977,9023,FLOW
8977,8990,FLOW
9570,8990,HAS_BLOCK
8990,9006,FLOW
8990,9489,FLOW
8990,9489,UNWIND
9570,9006,HAS_BLOCK
9006,9403,FLOW
9570,9023,HAS_BLOCK
9023,9036,FLOW
9023,9489,FLOW
9023,9489,UNWIND
9570,9036,HAS_BLOCK
9036,9048,FLOW
9036,9489,FLOW
9036,9489,UNWIND
9570,9048,HAS_BLOCK
9048,9063,FLOW
9048,9077,FLOW
9048,9106,FLOW
9570,9063,HAS_BLOCK
9063,8601,FLOW
9570,9077,HAS_BLOCK
9077,9503,FLOW
9077,9489,FLOW
9077,9489,UNWIND
9570,9090,HAS_BLOCK
9090,9115,FLOW
9090,9489,FLOW
9090,9489,UNWIND
9570,9115,HAS_BLOCK
9115,8601,FLOW
9115,9130,FLOW
9115,9106,FLOW
9570,9130,HAS_BLOCK
9130,9506,FLOW
9130,9489,FLOW
9130,9489,UNWIND
9570,9142,HAS_BLOCK
9142,9169,FLOW
9142,9489,FLOW
9142,9489,UNWIND
9570,9157,HAS_BLOCK
9157,9219,FLOW
9570,9169,HAS_BLOCK
9169,9181,FLOW
9169,9489,FLOW
9169,9489,UNWIND
9570,9181,HAS_BLOCK
9181,9194,FLOW
9181,9203,FLOW
9181,9106,FLOW
9570,9194,HAS_BLOCK
9194,9219,FLOW
9570,9203,HAS_BLOCK
9203,9519,FLOW
9203,9489,FLOW
9203,9489,UNWIND
9570,9219,HAS_BLOCK
9219,9229,FLOW
9219,9254,FLOW
9219,9106,FLOW
9570,9229,HAS_BLOCK
9229,9264,FLOW
9229,9489,FLOW
9229,9489,UNWIND
9570,9254,HAS_BLOCK
9254,9312,FLOW
9570,9264,HAS_BLOCK
9264,9276,FLOW
9264,9489,FLOW
9264,9489,UNWIND
9570,9276,HAS_BLOCK
9276,9289,FLOW
9276,9299,FLOW
9276,9106,FLOW
9570,9289,HAS_BLOCK
9289,9312,FLOW
9570,9299,HAS_BLOCK
9299,9522,FLOW
9299,9489,FLOW
9299,9489,UNWIND
9570,9312,HAS_BLOCK
9312,9319,FLOW
9312,9333,FLOW
9312,9106,FLOW
9570,9319,HAS_BLOCK
9319,9340,FLOW
9319,9418,FLOW
9319,9418,UNWIND
9570,9333,HAS_BLOCK
9333,9395,FLOW
9570,9340,HAS_BLOCK
9340,9350,FLOW
9340,9418,FLOW
9340,9418,UNWIND
9570,9350,HAS_BLOCK
9350,9371,FLOW
9350,9379,FLOW
9350,9106,FLOW
9570,9371,HAS_BLOCK
9371,9395,FLOW
9570,9379,HAS_BLOCK
9379,9388,FLOW
9379,9418,FLOW
9379,9418,UNWIND
9570,9388,HAS_BLOCK
9388,9403,FLOW
9388,9489,FLOW
9388,9489,UNWIND
9570,9395,HAS_BLOCK
9395,9410,FLOW
9570,9403,HAS_BLOCK
9403,9467,FLOW
9403,9440,FLOW
9403,9106,FLOW
9570,9410,HAS_BLOCK
9410,9570,RETURN
9570,9418,HAS_BLOCK
9418,9489,FLOW
9570,9425,HAS_BLOCK
9425,9433,FLOW
9570,9433,HAS_BLOCK
9570,9440,HAS_BLOCK
9440,9410,FLOW
9570,9467,HAS_BLOCK
9467,9440,FLOW
9467,9475,FLOW
9570,9475,HAS_BLOCK
9475,9440,FLOW
9475,9425,FLOW
9475,9425,UNWIND
9570,9482,HAS_BLOCK
9482,9425,FLOW
9482,9486,FLOW
9570,9486,HAS_BLOCK
9486,9425,FLOW
9570,9489,HAS_BLOCK
9489,9482,FLOW
9489,9425,FLOW
9570,9493,HAS_BLOCK
9493,9403,FLOW
9570,9496,HAS_BLOCK
9496,9403,FLOW
9570,9499,HAS_BLOCK
9499,9403,FLOW
9570,9503,HAS_BLOCK
9503,9403,FLOW
9570,9506,HAS_BLOCK
9506,9403,FLOW
9570,9519,HAS_BLOCK
9519,9403,FLOW
9570,9522,HAS_BLOCK
9522,9403,FLOW
8046,8056,HAS_PARAM
8046,8066,HAS_PARAM
8046,8016,HAS_BLOCK
8016,8036,FLOW
8046,8036,HAS_BLOCK
8036,8046,RETURN
8501,8511,HAS_PARAM
8501,8521,HAS_PARAM
8501,8444,HAS_BLOCK
8444,8464,FLOW
8444,8454,FLOW
8501,8454,HAS_BLOCK
8454,8474,FLOW
8501,8464,HAS_BLOCK
8464,8474,FLOW
8501,8474,HAS_BLOCK
8474,8501,RETURN
8414,8424,HAS_PARAM
8414,8434,HAS_PARAM
8414,8286,HAS_BLOCK
8286,8336,FLOW
8414,8306,HAS_BLOCK
8306,8355,FLOW
8414,8326,HAS_BLOCK
8326,8355,FLOW
8414,8336,HAS_BLOCK
8336,8306,FLOW
8336,8326,FLOW
8414,8355,HAS_BLOCK
8355,8414,RETURN
8256,8266,HAS_PARAM
8256,8276,HAS_PARAM
8256,8076,HAS_BLOCK
8076,8086,FLOW
8076,8161,FLOW
8256,8086,HAS_BLOCK
8086,8228,FLOW
8256,8161,HAS_BLOCK
8161,8188,FLOW
8161,8086,FLOW
8256,8188,HAS_BLOCK
8188,8198,FLOW
8188,8086,FLOW
8256,8198,HAS_BLOCK
8198,8208,FLOW
8198,8086,FLOW
8256,8208,HAS_BLOCK
8208,8218,FLOW
8208,8086,FLOW
8256,8218,HAS_BLOCK
8218,8228,FLOW
8256,8228,HAS_BLOCK
8228,8256,RETURN
7996,8006,HAS_PARAM
7996,7966,HAS_BLOCK
7966,7986,FLOW
7996,7986,HAS_BLOCK
7986,7996,RETURN
8561,8571,HAS_PARAM
8561,8581,HAS_PARAM
8561,8531,HAS_BLOCK
8531,8551,FLOW
8561,8551,HAS_BLOCK
8551,8561,RETURN
9990,10000,HAS_PARAM
9990,10010,HAS_PARAM
9990,9600,HAS_BLOCK
9600,9620,FLOW
9600,9640,FLOW
9600,9640,UNWIND
9990,9620,HAS_BLOCK
9620,9773,FLOW
9620,9640,FLOW
9620,9640,UNWIND
9990,9773,HAS_BLOCK
9773,9892,FLOW
9773,9902,FLOW
9773,9868,FLOW
9990,9868,HAS_BLOCK
9990,9892,HAS_BLOCK
9892,9922,FLOW
9892,9942,FLOW
9892,9868,FLOW
9990,9902,HAS_BLOCK
9902,9669,FLOW
9902,9640,FLOW
9902,9640,UNWIND
9990,9922,HAS_BLOCK
9922,9961,FLOW
9922,9640,FLOW
9922,9640,UNWIND
9990,9942,HAS_BLOCK
9942,9630,FLOW
9990,9961,HAS_BLOCK
9961,9971,FLOW
9990,9971,HAS_BLOCK
9971,9630,FLOW
9990,9630,HAS_BLOCK
9630,9990,RETURN
9990,9640,HAS_BLOCK
9640,9650,FLOW
9990,9650,HAS_BLOCK
9990,9669,HAS_BLOCK
9669,9971,FLOW
9570,9580,HAS_PARAM
9570,9590,HAS_PARAM
9570,8591,HAS_BLOCK
8591,8601,FLOW
9570,8601,HAS_BLOCK
8601,8782,FLOW
8601,8977,FLOW
8601,8977,UNWIND
9570,8782,HAS_BLOCK
8782,8951,FLOW
8782,8977,FLOW
8782,8977,UNWIND
9570,8951,HAS_BLOCK
8951,9245,FLOW
8951,9364,FLOW
8951,9106,FLOW
9570,9106,HAS_BLOCK
9570,9245,HAS_BLOCK
9245,9516,FLOW
9245,9460,FLOW
9245,9106,FLOW
9570,9364,HAS_BLOCK
9364,9006,FLOW
9364,8977,FLOW
9364,8977,UNWIND
9570,9460,HAS_BLOCK
9460,8822,FLOW
9460,8839,FLOW
9460,9106,FLOW
9570,9516,HAS_BLOCK
9516,8611,FLOW
9516,9540,FLOW
9516,9106,FLOW
9570,9540,HAS_BLOCK
9540,8759,FLOW
9540,8977,FLOW
9540,8977,UNWIND
9570,8611,HAS_BLOCK
8611,8631,FLOW
8611,8977,FLOW
8611,8977,UNWIND
9570,8631,HAS_BLOCK
8631,8681,FLOW
8631,8650,FLOW
9570,8650,HAS_BLOCK
8650,8668,FLOW
8650,8977,FLOW
8650,8977,UNWIND
9570,8668,HAS_BLOCK
8668,8930,FLOW
9570,8681,HAS_BLOCK
8681,8698,FLOW
8681,8977,FLOW
8681,8977,UNWIND
9570,8698,HAS_BLOCK
8698,8712,FLOW
8698,8977,FLOW
8698,8977,UNWIND
9570,8712,HAS_BLOCK
8712,8730,FLOW
8712,8747,FLOW
8712,9106,FLOW
9570,8730,HAS_BLOCK
8730,8601,FLOW
9570,8747,HAS_BLOCK
8747,9023,FLOW
8747,8977,FLOW
8747,8977,UNWIND
9570,8759,HAS_BLOCK
8759,8792,FLOW
8759,8977,FLOW
8759,8977,UNWIND
9570,8792,HAS_BLOCK
8792,8601,FLOW
8792,8808,FLOW
8792,9106,FLOW
9570,8808,HAS_BLOCK
8808,9036,FLOW
8808,8977,FLOW
8808,8977,UNWIND
9570,8822,HAS_BLOCK
8822,8852,FLOW
8822,8977,FLOW
8822,8977,UNWIND
9570,8839,HAS_BLOCK
8839,8912,FLOW
9570,8852,HAS_BLOCK
8852,8871,FLOW
8852,8977,FLOW
8852,8977,UNWIND
9570,8871,HAS_BLOCK
8871,8888,FLOW
8871,8899,FLOW
8871,9106,FLOW
9570,8888,HAS_BLOCK
8888,8912,FLOW
9570,8899,HAS_BLOCK
8899,9048,FLOW
8899,8977,FLOW
8899,8977,UNWIND
9570,8912,HAS_BLOCK
8912,8961,FLOW
9570,8930,HAS_BLOCK
8930,8961,FLOW
9570,8961,HAS_BLOCK
8961,9570,RETURN
9570,8977,HAS_BLOCK
8977,8990,FLOW
9570,8990,HAS_BLOCK
9570,9006,HAS_BLOCK
9006,8930,FLOW
9570,9023,HAS_BLOCK
9023,8930,FLOW
9570,9036,HAS_BLOCK
9036,8930,FLOW
9570,9048,HAS_BLOCK
9048,8930,FLOW
8046,8056,HAS_PARAM
8046,8066,HAS_PARAM
8046,8016,HAS_BLOCK
8016,8036,FLOW
8046,8036,HAS_BLOCK
8036,8046,RETURN
8501,8511,HAS_PARAM
8501,8521,HAS_PARAM
8501,8444,HAS_BLOCK
8444,8483,FLOW
8444,8474,FLOW
8444,8464,FLOW
8444,8454,FLOW
8501,8454,HAS_BLOCK
8454,8490,FLOW
8501,8464,HAS_BLOCK
8464,8490,FLOW
8501,8474,HAS_BLOCK
8474,8490,FLOW
8501,8483,HAS_BLOCK
8483,8490,FLOW
8501,8490,HAS_BLOCK
8490,8501,RETURN
8414,8424,HAS_PARAM
8414,8434,HAS_PARAM
8414,8286,HAS_BLOCK
8286,8404,FLOW
8414,8306,HAS_BLOCK
8306,8313,FLOW
8414,8326,HAS_BLOCK
8326,8313,FLOW
8414,8336,HAS_BLOCK
8336,8397,FLOW
8414,8355,HAS_BLOCK
8355,8313,FLOW
8414,8364,HAS_BLOCK
8364,8389,FLOW
8414,8380,HAS_BLOCK
8380,8313,FLOW
8414,8389,HAS_BLOCK
8389,8306,FLOW
8389,8380,FLOW
8414,8397,HAS_BLOCK
8397,8364,FLOW
8397,8355,FLOW
8414,8404,HAS_BLOCK
8404,8336,FLOW
8404,8326,FLOW
8414,8313,HAS_BLOCK
8313,8414,RETURN
8256,8266,HAS_PARAM
8256,8276,HAS_PARAM
8256,8076,HAS_BLOCK
8076,8218,FLOW
8076,8161,FLOW
8256,8086,HAS_BLOCK
8086,8175,FLOW
8256,8161,HAS_BLOCK
8161,8188,FLOW
8161,8086,FLOW
8256,8188,HAS_BLOCK
8188,8198,FLOW
8188,8086,FLOW
8256,8198,HAS_BLOCK
8198,8208,FLOW
8198,8086,FLOW
8256,8208,HAS_BLOCK
8208,8173,FLOW
8208,8086,FLOW
8256,8218,HAS_BLOCK
8218,8125,FLOW
8218,8228,FLOW
8256,8228,HAS_BLOCK
8228,8237,FLOW
8228,8086,FLOW
8256,8237,HAS_BLOCK
8237,8246,FLOW
8237,8086,FLOW
8256,8246,HAS_BLOCK
8246,8094,FLOW
8246,8086,FLOW
8256,8094,HAS_BLOCK
8094,8102,FLOW
8094,8086,FLOW
8256,8102,HAS_BLOCK
8102,8110,FLOW
8102,8086,FLOW
8256,8110,HAS_BLOCK
8110,8118,FLOW
8110,8086,FLOW
8256,8118,HAS_BLOCK
8118,8171,FLOW
8118,8086,FLOW
8256,8125,HAS_BLOCK
8125,8086,FLOW
8125,8132,FLOW
8256,8132,HAS_BLOCK
8132,8138,FLOW
8132,8086,FLOW
8256,8138,HAS_BLOCK
8138,8143,FLOW
8138,8086,FLOW
8256,8143,HAS_BLOCK
8143,8148,FLOW
8143,8086,FLOW
8256,8148,HAS_BLOCK
8148,8151,FLOW
8148,8086,FLOW
8256,8151,HAS_BLOCK
8151,8163,FLOW
8151,8086,FLOW
8256,8163,HAS_BLOCK
8163,8165,FLOW
8163,8086,FLOW
8256,8165,HAS_BLOCK
8165,8167,FLOW
8165,8086,FLOW
8256,8167,HAS_BLOCK
8167,8169,FLOW
8167,8086,FLOW
8256,8169,HAS_BLOCK
8169,8175,FLOW
8256,8171,HAS_BLOCK
8171,8175,FLOW
8256,8173,HAS_BLOCK
8173,8175,FLOW
8256,8175,HAS_BLOCK
8175,8256,RETURN
7996,8006,HAS_PARAM
7996,7966,HAS_BLOCK
7966,7986,FLOW
7996,7986,HAS_BLOCK
7986,7996,RETURN
8561,8571,HAS_PARAM
8561,8581,HAS_PARAM
8561,8531,HAS_BLOCK
8531,8551,FLOW
8561,8551,HAS_BLOCK
8551,8561,RETURN
9990,10000,HAS_PARAM
9990,10010,HAS_PARAM
9990,9600,HAS_BLOCK
9600,9620,FLOW
9600,9828,FLOW
9600,9828,UNWIND
9990,9620,HAS_BLOCK
9620,9773,FLOW
9620,9828,FLOW
9620,9828,UNWIND
9990,9773,HAS_BLOCK
9773,9892,FLOW
9773,9902,FLOW
9773,9868,FLOW
9990,9868,HAS_BLOCK
9990,9892,HAS_BLOCK
9892,9922,FLOW
9892,9942,FLOW
9892,9868,FLOW
9990,9902,HAS_BLOCK
9902,9843,FLOW
9902,9828,FLOW
9902,9828,UNWIND
9990,9922,HAS_BLOCK
9922,9961,FLOW
9922,9828,FLOW
9922,9828,UNWIND
9990,9942,HAS_BLOCK
9942,9971,FLOW
9942,9828,FLOW
9942,9828,UNWIND
9990,9961,HAS_BLOCK
9961,9813,FLOW
9990,9971,HAS_BLOCK
9971,9630,FLOW
9971,9828,FLOW
9971,9828,UNWIND
9990,9630,HAS_BLOCK
9630,9640,FLOW
9630,9650,FLOW
9630,9868,FLOW
9990,9640,HAS_BLOCK
9640,9669,FLOW
9640,9687,FLOW
9640,9868,FLOW
9990,9650,HAS_BLOCK
9650,9851,FLOW
9650,9828,FLOW
9650,9828,UNWIND
9990,9669,HAS_BLOCK
9669,9703,FLOW
9669,9828,FLOW
9669,9828,UNWIND
9990,9687,HAS_BLOCK
9687,9712,FLOW
9687,9828,FLOW
9687,9828,UNWIND
9990,9703,HAS_BLOCK
9703,9813,FLOW
9990,9712,HAS_BLOCK
9712,9728,FLOW
9712,9828,FLOW
9712,9828,UNWIND
9990,9728,HAS_BLOCK
9728,9737,FLOW
9728,9746,FLOW
9728,9868,FLOW
9990,9737,HAS_BLOCK
9737,9782,FLOW
9737,9798,FLOW
9737,9868,FLOW
9990,9746,HAS_BLOCK
9746,9858,FLOW
9746,9828,FLOW
9746,9828,UNWIND
9990,9782,HAS_BLOCK
9782,9806,FLOW
9782,9828,FLOW
9782,9828,UNWIND
9990,9798,HAS_BLOCK
9798,9821,FLOW
9990,9806,HAS_BLOCK
9806,9813,FLOW
9990,9813,HAS_BLOCK
9813,9821,FLOW
9990,9821,HAS_BLOCK
9821,9990,RETURN
9990,9828,HAS_BLOCK
9828,9835,FLOW
9990,9835,HAS_BLOCK
9990,9843,HAS_BLOCK
9843,9813,FLOW
9990,9851,HAS_BLOCK
9851,9813,FLOW
9990,9858,HAS_BLOCK
9858,9813,FLOW
9570,9580,HAS_PARAM
9570,9590,HAS_PARAM
9570,8591,HAS_BLOCK
8591,8601,FLOW
9570,8601,HAS_BLOCK
8601,8782,FLOW
8601,9395,FLOW
8601,9395,UNWIND
9570,8782,HAS_BLOCK
8782,8951,FLOW
8782,9395,FLOW
8782,9395,UNWIND
9570,8951,HAS_BLOCK
8951,9245,FLOW
8951,9364,FLOW
8951,9106,FLOW
9570,9106,HAS_BLOCK
9570,9245,HAS_BLOCK
9245,9516,FLOW
9245,9460,FLOW
9245,9106,FLOW
9570,9364,HAS_BLOCK
9364,9410,FLOW
9364,9395,FLOW
9364,9395,UNWIND
9570,9460,HAS_BLOCK
9460,9115,FLOW
9460,9130,FLOW
9460,9106,FLOW
9570,9516,HAS_BLOCK
9516,8650,FLOW
9516,8631,FLOW
9516,8611,FLOW
9516,9540,FLOW
9516,9106,FLOW
9570,9540,HAS_BLOCK
9540,9063,FLOW
9540,9395,FLOW
9540,9395,UNWIND
9570,8611,HAS_BLOCK
8611,8930,FLOW
8611,9395,FLOW
8611,9395,UNWIND
9570,8631,HAS_BLOCK
8631,8808,FLOW
8631,9395,FLOW
8631,9395,UNWIND
9570,8650,HAS_BLOCK
8650,8668,FLOW
8650,9395,FLOW
8650,9395,UNWIND
9570,8668,HAS_BLOCK
8668,8712,FLOW
8668,8681,FLOW
9570,8681,HAS_BLOCK
8681,8698,FLOW
8681,9395,FLOW
8681,9395,UNWIND
9570,8698,HAS_BLOCK
8698,9379,FLOW
9570,8712,HAS_BLOCK
8712,8730,FLOW
8712,9395,FLOW
8712,9395,UNWIND
9570,8730,HAS_BLOCK
8730,8747,FLOW
8730,9395,FLOW
8730,9395,UNWIND
9570,8747,HAS_BLOCK
8747,8759,FLOW
8747,8792,FLOW
8747,9106,FLOW
9570,8759,HAS_BLOCK
8759,8601,FLOW
9570,8792,HAS_BLOCK
8792,9418,FLOW
8792,9395,FLOW
8792,9395,UNWIND
9570,8808,HAS_BLOCK
8808,8852,FLOW
8808,8822,FLOW
9570,8822,HAS_BLOCK
8822,8839,FLOW
8822,9395,FLOW
8822,9395,UNWIND
9570,8839,HAS_BLOCK
8839,9379,FLOW
9570,8852,HAS_BLOCK
8852,8871,FLOW
8852,9395,FLOW
8852,9395,UNWIND
9570,8871,HAS_BLOCK
8871,8888,FLOW
8871,9395,FLOW
8871,9395,UNWIND
9570,8888,HAS_BLOCK
8888,8899,FLOW
8888,8912,FLOW
8888,9106,FLOW
9570,8899,HAS_BLOCK
8899,8601,FLOW
9570,8912,HAS_BLOCK
8912,9425,FLOW
8912,9395,FLOW
8912,9395,UNWIND
9570,8930,HAS_BLOCK
8930,8990,FLOW
8930,8961,FLOW
9570,8961,HAS_BLOCK
8961,8977,FLOW
8961,9395,FLOW
8961,9395,UNWIND
9570,8977,HAS_BLOCK
8977,9379,FLOW
9570,8990,HAS_BLOCK
8990,9006,FLOW
8990,9395,FLOW
8990,9395,UNWIND
9570,9006,HAS_BLOCK
9006,9023,FLOW
9006,9395,FLOW
9006,9395,UNWIND
9570,9023,HAS_BLOCK
9023,9036,FLOW
9023,9048,FLOW
9023,9106,FLOW
9570,9036,HAS_BLOCK
9036,8601,FLOW
9570,9048,HAS_BLOCK
9048,9433,FLOW
9048,9395,FLOW
9048,9395,UNWIND
9570,9063,HAS_BLOCK
9063,9077,FLOW
9063,9395,FLOW
9063,9395,UNWIND
9570,9077,HAS_BLOCK
9077,8601,FLOW
9077,9090,FLOW
9077,9106,FLOW
9570,9090,HAS_BLOCK
9090,9440,FLOW
9090,9395,FLOW
9090,9395,UNWIND
9570,9115,HAS_BLOCK
9115,9142,FLOW
9115,9395,FLOW
9115,9395,UNWIND
9570,9130,HAS_BLOCK
9130,9194,FLOW
9570,9142,HAS_BLOCK
9142,9157,FLOW
9142,9395,FLOW
9142,9395,UNWIND
9570,9157,HAS_BLOCK
9157,9169,FLOW
9157,9181,FLOW
9157,9106,FLOW
9570,9169,HAS_BLOCK
9169,9194,FLOW
9570,9181,HAS_BLOCK
9181,9467,FLOW
9181,9395,FLOW
9181,9395,UNWIND
9570,9194,HAS_BLOCK
9194,9203,FLOW
9194,9219,FLOW
9194,9106,FLOW
9570,9203,HAS_BLOCK
9203,9229,FLOW
9203,9395,FLOW
9203,9395,UNWIND
9570,9219,HAS_BLOCK
9219,9289,FLOW
9570,9229,HAS_BLOCK
9229,9254,FLOW
9229,9395,FLOW
9229,9395,UNWIND
9570,9254,HAS_BLOCK
9254,9264,FLOW
9254,9276,FLOW
9254,9106,FLOW
9570,9264,HAS_BLOCK
9264,9289,FLOW
9570,9276,HAS_BLOCK
9276,9475,FLOW
9276,9395,FLOW
9276,9395,UNWIND
9570,9289,HAS_BLOCK
9289,9299,FLOW
9289,9312,FLOW
9289,9106,FLOW
9570,9299,HAS_BLOCK
9299,9319,FLOW
9299,9395,FLOW
9299,9395,UNWIND
9570,9312,HAS_BLOCK
9312,9371,FLOW
9570,9319,HAS_BLOCK
9319,9333,FLOW
9319,9395,FLOW
9319,9395,UNWIND
9570,9333,HAS_BLOCK
9333,9340,FLOW
9333,9350,FLOW
9333,9106,FLOW
9570,9340,HAS_BLOCK
9340,9371,FLOW
9570,9350,HAS_BLOCK
9350,9482,FLOW
9350,9395,FLOW
9350,9395,UNWIND
9570,9371,HAS_BLOCK
9371,9388,FLOW
9570,9379,HAS_BLOCK
9379,9388,FLOW
9570,9388,HAS_BLOCK
9388,9570,RETURN
9570,9395,HAS_BLOCK
9395,9403,FLOW
9570,9403,HAS_BLOCK
9570,9410,HAS_BLOCK
9410,9379,FLOW
9570,9418,HAS_BLOCK
9418,9379,FLOW
9570,9425,HAS_BLOCK
9425,9379,FLOW
9570,9433,HAS_BLOCK
9433,9379,FLOW
9570,9440,HAS_BLOCK
9440,9379,FLOW
9570,9467,HAS_BLOCK
9467,9379,FLOW
9570,9475,HAS_BLOCK
9475,9379,FLOW
9570,9482,HAS_BLOCK
9482,9379,FLOW
15532,15533,HAS_PARAM
15532,15534,HAS_PARAM
15532,15515,HAS_BLOCK
15515,15529,FLOW
15515,15527,FLOW
15515,15525,FLOW
15515,15523,FLOW
15515,15521,FLOW
15515,15519,FLOW
15515,15517,FLOW
15515,15516,FLOW
15532,15516,HAS_BLOCK
15532,15517,HAS_BLOCK
15517,15531,FLOW
15532,15519,HAS_BLOCK
15519,15531,FLOW
15532,15521,HAS_BLOCK
15521,15531,FLOW
15532,15523,HAS_BLOCK
15523,15531,FLOW
15532,15525,HAS_BLOCK
15525,15531,FLOW
15532,15527,HAS_BLOCK
15527,15531,FLOW
15532,15529,HAS_BLOCK
15529,15531,FLOW
15532,15531,HAS_BLOCK
15531,15532,RETURN
15474,15475,HAS_PARAM
15474,15448,HAS_BLOCK
15448,15472,FLOW
15448,15470,FLOW
15448,15468,FLOW
15448,15466,FLOW
15448,15464,FLOW
15448,15462,FLOW
15448,15460,FLOW
15448,15449,FLOW
15474,15449,HAS_BLOCK
15474,15460,HAS_BLOCK
15460,15458,FLOW
15474,15462,HAS_BLOCK
15462,15457,FLOW
15474,15464,HAS_BLOCK
15464,15454,FLOW
15474,15466,HAS_BLOCK
15466,15451,FLOW
15474,15468,HAS_BLOCK
15468,15450,FLOW
15474,15470,HAS_BLOCK
15470,15473,FLOW
15474,15472,HAS_BLOCK
15472,15459,FLOW
15474,15473,HAS_BLOCK
15473,15459,FLOW
15474,15450,HAS_BLOCK
15450,15459,FLOW
15474,15451,HAS_BLOCK
15451,15453,FLOW
15474,15453,HAS_BLOCK
15453,15459,FLOW
15474,15454,HAS_BLOCK
15454,15456,FLOW
15474,15456,HAS_BLOCK
15456,15459,FLOW
15474,15457,HAS_BLOCK
15457,15459,FLOW
15474,15458,HAS_BLOCK
15458,15459,FLOW
15474,15459,HAS_BLOCK
15459,15474,RETURN
15512,15513,HAS_PARAM
15512,15514,HAS_PARAM
15512,15476,HAS_BLOCK
15476,15495,FLOW
15476,15477,FLOW
15512,15477,HAS_BLOCK
15477,15506,FLOW
15477,15507,FLOW
15477,15508,FLOW
15477,15509,FLOW
15477,15510,FLOW
15477,15511,FLOW
15477,15505,FLOW
15477,15504,FLOW
15512,15495,HAS_BLOCK
15495,15503,FLOW
15512,15505,HAS_BLOCK
15505,15503,FLOW
15512,15506,HAS_BLOCK
15506,15488,FLOW
15506,15505,FLOW
15512,15507,HAS_BLOCK
15507,15486,FLOW
15507,15505,FLOW
15512,15508,HAS_BLOCK
15508,15484,FLOW
15508,15505,FLOW
15512,15509,HAS_BLOCK
15509,15482,FLOW
15509,15505,FLOW
15512,15510,HAS_BLOCK
15510,15480,FLOW
15510,15505,FLOW
15512,15511,HAS_BLOCK
15511,15478,FLOW
15511,15505,FLOW
15512,15478,HAS_BLOCK
15478,15503,FLOW
15512,15480,HAS_BLOCK
15480,15503,FLOW
15512,15482,HAS_BLOCK
15482,15499,FLOW
15512,15484,HAS_BLOCK
15484,15494,FLOW
15512,15486,HAS_BLOCK
15486,15503,FLOW
15512,15488,HAS_BLOCK
15488,15490,FLOW
15512,15490,HAS_BLOCK
15490,15493,FLOW
15490,15491,FLOW
15512,15491,HAS_BLOCK
15491,15503,FLOW
15512,15493,HAS_BLOCK
15493,15503,FLOW
15512,15494,HAS_BLOCK
15494,15498,FLOW
15494,15496,FLOW
15512,15496,HAS_BLOCK
15496,15503,FLOW
15512,15498,HAS_BLOCK
15498,15503,FLOW
15512,15499,HAS_BLOCK
15499,15502,FLOW
15499,15500,FLOW
15512,15500,HAS_BLOCK
15500,15503,FLOW
15512,15502,HAS_BLOCK
15502,15503,FLOW
15512,15503,HAS_BLOCK
15503,15512,RETURN
15512,15504,HAS_BLOCK
21794,21795,HAS_PARAM
21794,21796,HAS_PARAM
21794,21680,HAS_BLOCK
21680,21791,FLOW
21680,21780,FLOW
21680,21768,FLOW
21680,21755,FLOW
21680,21736,FLOW
21680,21718,FLOW
21680,21700,FLOW
21680,21681,FLOW
21794,21681,HAS_BLOCK
21794,21700,HAS_BLOCK
21700,21769,FLOW
21794,21718,HAS_BLOCK
21718,21769,FLOW
21794,21736,HAS_BLOCK
21736,21734,FLOW
21736,21774,FLOW
21736,21774,UNWIND
21794,21755,HAS_BLOCK
21755,21707,FLOW
21755,21778,FLOW
21755,21778,UNWIND
21794,21768,HAS_BLOCK
21768,21769,FLOW
21794,21780,HAS_BLOCK
21780,21793,FLOW
21780,21784,FLOW
21780,21784,UNWIND
21794,21791,HAS_BLOCK
21791,21769,FLOW
21794,21793,HAS_BLOCK
21793,21682,FLOW
21793,21784,FLOW
21793,21784,UNWIND
21794,21682,HAS_BLOCK
21682,21684,FLOW
21682,21784,FLOW
21682,21784,UNWIND
21794,21684,HAS_BLOCK
21684,21686,FLOW
21794,21686,HAS_BLOCK
21686,21687,FLOW
21686,21689,FLOW
21686,21681,FLOW
21794,21687,HAS_BLOCK
21687,21691,FLOW
21687,21782,FLOW
21687,21782,UNWIND
21794,21689,HAS_BLOCK
21689,21767,FLOW
21794,21691,HAS_BLOCK
21691,21693,FLOW
21691,21782,FLOW
21691,21782,UNWIND
21794,21693,HAS_BLOCK
21693,21694,FLOW
21693,21696,FLOW
21693,21681,FLOW
21794,21694,HAS_BLOCK
21694,21698,FLOW
21694,21782,FLOW
21694,21782,UNWIND
21794,21696,HAS_BLOCK
21696,21785,FLOW
21696,21782,FLOW
21696,21782,UNWIND
21794,21698,HAS_BLOCK
21698,21701,FLOW
21698,21782,FLOW
21698,21782,UNWIND
21794,21701,HAS_BLOCK
21701,21702,FLOW
21701,21704,FLOW
21701,21681,FLOW
21794,21702,HAS_BLOCK
21702,21706,FLOW
21702,21782,FLOW
21702,21782,UNWIND
21794,21704,HAS_BLOCK
21704,21786,FLOW
21704,21782,FLOW
21704,21782,UNWIND
21794,21706,HAS_BLOCK
21706,21769,FLOW
21794,21707,HAS_BLOCK
21707,21708,FLOW
21707,21778,FLOW
21707,21778,UNWIND
21794,21708,HAS_BLOCK
21708,21710,FLOW
21708,21778,FLOW
21708,21778,UNWIND
21794,21710,HAS_BLOCK
21710,21712,FLOW
21794,21712,HAS_BLOCK
21712,21713,FLOW
21712,21715,FLOW
21712,21681,FLOW
21794,21713,HAS_BLOCK
21713,21719,FLOW
21713,21776,FLOW
21713,21776,UNWIND
21794,21715,HAS_BLOCK
21715,21765,FLOW
21794,21719,HAS_BLOCK
21719,21721,FLOW
21719,21776,FLOW
21719,21776,UNWIND
21794,21721,HAS_BLOCK
21721,21722,FLOW
21721,21724,FLOW
21721,21681,FLOW
21794,21722,HAS_BLOCK
21722,21726,FLOW
21722,21776,FLOW
21722,21776,UNWIND
21794,21724,HAS_BLOCK
21724,21787,FLOW
21724,21776,FLOW
21724,21776,UNWIND
21794,21726,HAS_BLOCK
21726,21728,FLOW
21726,21776,FLOW
21726,21776,UNWIND
21794,21728,HAS_BLOCK
21728,21729,FLOW
21728,21731,FLOW
21728,21681,FLOW
21794,21729,HAS_BLOCK
21729,21733,FLOW
21729,21776,FLOW
21729,21776,UNWIND
21794,21731,HAS_BLOCK
21731,21788,FLOW
21731,21776,FLOW
21731,21776,UNWIND
21794,21733,HAS_BLOCK
21733,21769,FLOW
21794,21734,HAS_BLOCK
21734,21737,FLOW
21734,21774,FLOW
21734,21774,UNWIND
21794,21737,HAS_BLOCK
21737,21739,FLOW
21737,21774,FLOW
21737,21774,UNWIND
21794,21739,HAS_BLOCK
21739,21741,FLOW
21794,21741,HAS_BLOCK
21741,21742,FLOW
21741,21744,FLOW
21741,21681,FLOW
21794,21742,HAS_BLOCK
21742,21746,FLOW
21742,21772,FLOW
21742,21772,UNWIND
21794,21744,HAS_BLOCK
21744,21763,FLOW
21794,21746,HAS_BLOCK
21746,21748,FLOW
21746,21772,FLOW
21746,21772,UNWIND
21794,21748,HAS_BLOCK
21748,21749,FLOW
21748,21751,FLOW
21748,21681,FLOW
21794,21749,HAS_BLOCK
21749,21753,FLOW
21749,21772,FLOW
21749,21772,UNWIND
21794,21751,HAS_BLOCK
21751,21789,FLOW
21751,21772,FLOW
21751,21772,UNWIND
21794,21753,HAS_BLOCK
21753,21756,FLOW
21753,21772,FLOW
21753,21772,UNWIND
21794,21756,HAS_BLOCK
21756,21757,FLOW
21756,21759,FLOW
21756,21681,FLOW
21794,21757,HAS_BLOCK
21757,21761,FLOW
21757,21772,FLOW
21757,21772,UNWIND
21794,21759,HAS_BLOCK
21759,21790,FLOW
21759,21772,FLOW
21759,21772,UNWIND
21794,21761,HAS_BLOCK
21761,21769,FLOW
21794,21762,HAS_BLOCK
21762,21763,FLOW
21794,21763,HAS_BLOCK
21763,21769,FLOW
21794,21764,HAS_BLOCK
21764,21765,FLOW
21794,21765,HAS_BLOCK
21765,21769,FLOW
21794,21766,HAS_BLOCK
21766,21767,FLOW
21794,21767,HAS_BLOCK
21767,21769,FLOW
21794,21769,HAS_BLOCK
21769,21794,RETURN
21794,21770,HAS_BLOCK
21794,21771,HAS_BLOCK
21771,21770,FLOW
21794,21772,HAS_BLOCK
21772,21770,FLOW
21772,21771,FLOW
21794,21773,HAS_BLOCK
21773,21770,FLOW
21794,21774,HAS_BLOCK
21774,21770,FLOW
21774,21773,FLOW
21794,21775,HAS_BLOCK
21775,21770,FLOW
21794,21776,HAS_BLOCK
21776,21770,FLOW
21776,21775,FLOW
21794,21777,HAS_BLOCK
21777,21770,FLOW
21794,21778,HAS_BLOCK
21778,21770,FLOW
21778,21777,FLOW
21794,21781,HAS_BLOCK
21781,21770,FLOW
21794,21782,HAS_BLOCK
21782,21770,FLOW
21782,21781,FLOW
21794,21783,HAS_BLOCK
21783,21770,FLOW
21794,21784,HAS_BLOCK
21784,21770,FLOW
21784,21783,FLOW
21794,21785,HAS_BLOCK
21785,21766,FLOW
21794,21786,HAS_BLOCK
21786,21766,FLOW
21794,21787,HAS_BLOCK
21787,21764,FLOW
21794,21788,HAS_BLOCK
21788,21764,FLOW
21794,21789,HAS_BLOCK
21789,21762,FLOW
21794,21790,HAS_BLOCK
21790,21762,FLOW
19729,19730,HAS_PARAM
19729,19726,HAS_BLOCK
19726,19728,FLOW
19729,19728,HAS_BLOCK
19728,19729,RETURN
17183,17184,HAS_PARAM
17183,17185,HAS_PARAM
17183,17180,HAS_BLOCK
17180,17182,FLOW
17183,17182,HAS_BLOCK
17182,17183,RETURN
17304,17305,HAS_PARAM
17304,17306,HAS_PARAM
17304,17292,HAS_BLOCK
17292,17302,FLOW
17292,17301,FLOW
17292,17300,FLOW
17292,17299,FLOW
17292,17298,FLOW
17292,17297,FLOW
17292,17296,FLOW
17292,17293,FLOW
17304,17293,HAS_BLOCK
17293,17303,FLOW
17304,17296,HAS_BLOCK
17296,17294,FLOW
17304,17297,HAS_BLOCK
17297,17294,FLOW
17304,17298,HAS_BLOCK
17298,17294,FLOW
17304,17299,HAS_BLOCK
17299,17294,FLOW
17304,17300,HAS_BLOCK
17300,17294,FLOW
17304,17301,HAS_BLOCK
17301,17294,FLOW
17304,17302,HAS_BLOCK
17302,17294,FLOW
17304,17303,HAS_BLOCK
17303,17294,FLOW
17304,17294,HAS_BLOCK
17294,17304,RETURN
17289,17290,HAS_PARAM
17289,17291,HAS_PARAM
17289,17257,HAS_BLOCK
17257,17275,FLOW
17289,17259,HAS_BLOCK
17259,17276,FLOW
17289,17273,HAS_BLOCK
17273,17277,FLOW
17289,17278,HAS_BLOCK
17278,17274,FLOW
17289,17280,HAS_BLOCK
17280,17277,FLOW
17289,17281,HAS_BLOCK
17281,17271,FLOW
17289,17283,HAS_BLOCK
17283,17277,FLOW
17289,17284,HAS_BLOCK
17284,17270,FLOW
17289,17286,HAS_BLOCK
17286,17277,FLOW
17289,17287,HAS_BLOCK
17287,17269,FLOW
17289,17260,HAS_BLOCK
17260,17277,FLOW
17289,17261,HAS_BLOCK
17261,17268,FLOW
17289,17263,HAS_BLOCK
17263,17277,FLOW
17289,17264,HAS_BLOCK
17264,17267,FLOW
17289,17266,HAS_BLOCK
17266,17277,FLOW
17289,17267,HAS_BLOCK
17267,17259,FLOW
17267,17266,FLOW
17289,17268,HAS_BLOCK
17268,17264,FLOW
17268,17263,FLOW
17289,17269,HAS_BLOCK
17269,17261,FLOW
17269,17260,FLOW
17289,17270,HAS_BLOCK
17270,17287,FLOW
17270,17286,FLOW
17289,17271,HAS_BLOCK
17271,17284,FLOW
17271,17283,FLOW
17289,17274,HAS_BLOCK
17274,17281,FLOW
17274,17280,FLOW
17289,17275,HAS_BLOCK
17275,17278,FLOW
17275,17273,FLOW
17289,17276,HAS_BLOCK
17276,17277,FLOW
17289,17277,HAS_BLOCK
17277,17289,RETURN
17254,17255,HAS_PARAM
17254,17256,HAS_PARAM
17254,17186,HAS_BLOCK
17186,17188,FLOW
17186,17199,FLOW
17254,17187,HAS_BLOCK
17187,17242,FLOW
17254,17199,HAS_BLOCK
17199,17210,FLOW
17199,17187,FLOW
17254,17210,HAS_BLOCK
17210,17221,FLOW
17210,17187,FLOW
17254,17221,HAS_BLOCK
17221,17232,FLOW
17221,17187,FLOW
17254,17232,HAS_BLOCK
17232,17244,FLOW
17232,17187,FLOW
17254,17244,HAS_BLOCK
17244,17251,FLOW
17244,17187,FLOW
17254,17251,HAS_BLOCK
17251,17252,FLOW
17251,17187,FLOW
17254,17252,HAS_BLOCK
17252,17253,FLOW
17252,17187,FLOW
17254,17253,HAS_BLOCK
17253,17241,FLOW
17253,17187,FLOW
17254,17188,HAS_BLOCK
17188,17204,FLOW
17188,17189,FLOW
17254,17189,HAS_BLOCK
17189,17190,FLOW
17189,17196,FLOW
17189,17187,FLOW
17254,17190,HAS_BLOCK
17190,17191,FLOW
17190,17187,FLOW
17254,17191,HAS_BLOCK
17191,17192,FLOW
17191,17187,FLOW
17254,17192,HAS_BLOCK
17192,17193,FLOW
17192,17187,FLOW
17254,17193,HAS_BLOCK
17193,17194,FLOW
17193,17187,FLOW
17254,17194,HAS_BLOCK
17194,17195,FLOW
17194,17187,FLOW
17254,17195,HAS_BLOCK
17195,17240,FLOW
17195,17187,FLOW
17254,17196,HAS_BLOCK
17196,17197,FLOW
17196,17187,FLOW
17254,17197,HAS_BLOCK
17197,17200,FLOW
17197,17187,FLOW
17254,17200,HAS_BLOCK
17200,17201,FLOW
17200,17187,FLOW
17254,17201,HAS_BLOCK
17201,17202,FLOW
17201,17187,FLOW
17254,17202,HAS_BLOCK
17202,17203,FLOW
17202,17187,FLOW
17254,17203,HAS_BLOCK
17203,17236,FLOW
17203,17187,FLOW
17254,17204,HAS_BLOCK
17204,17211,FLOW
17204,17205,FLOW
17254,17205,HAS_BLOCK
17205,17206,FLOW
17205,17187,FLOW
17254,17206,HAS_BLOCK
17206,17207,FLOW
17206,17187,FLOW
17254,17207,HAS_BLOCK
17207,17208,FLOW
17207,17187,FLOW
17254,17208,HAS_BLOCK
17208,17209,FLOW
17208,17187,FLOW
17254,17209,HAS_BLOCK
17209,17239,FLOW
17209,17187,FLOW
17254,17211,HAS_BLOCK
17211,17218,FLOW
17211,17212,FLOW
17254,17212,HAS_BLOCK
17212,17213,FLOW
17212,17187,FLOW
17254,17213,HAS_BLOCK
17213,17214,FLOW
17213,17187,FLOW
17254,17214,HAS_BLOCK
17214,17215,FLOW
17214,17187,FLOW
17254,17215,HAS_BLOCK
17215,17216,FLOW
17215,17187,FLOW
17254,17216,HAS_BLOCK
17216,17217,FLOW
17216,17187,FLOW
17254,17217,HAS_BLOCK
17217,17238,FLOW
17217,17187,FLOW
17254,17218,HAS_BLOCK
17218,17231,FLOW
17218,17219,FLOW
17254,17219,HAS_BLOCK
17219,17220,FLOW
17219,17187,FLOW
17254,17220,HAS_BLOCK
17220,17222,FLOW
17220,17187,FLOW
17254,17222,HAS_BLOCK
17222,17223,FLOW
17222,17187,FLOW
17254,17223,HAS_BLOCK
17223,17224,FLOW
17223,17187,FLOW
17254,17224,HAS_BLOCK
17224,17225,FLOW
17224,17187,FLOW
17254,17225,HAS_BLOCK
17225,17226,FLOW
17225,17187,FLOW
17254,17226,HAS_BLOCK
17226,17227,FLOW
17226,17187,FLOW
17254,17227,HAS_BLOCK
17227,17228,FLOW
17227,17187,FLOW
17254,17228,HAS_BLOCK
17228,17229,FLOW
17228,17187,FLOW
17254,17229,HAS_BLOCK
17229,17230,FLOW
17229,17187,FLOW
17254,17230,HAS_BLOCK
17230,17237,FLOW
17230,17187,FLOW
17254,17231,HAS_BLOCK
17231,17187,FLOW
17231,17233,FLOW
17254,17233,HAS_BLOCK
17233,17234,FLOW
17233,17187,FLOW
17254,17234,HAS_BLOCK
17234,17235,FLOW
17234,17187,FLOW
17254,17235,HAS_BLOCK
17235,17248,FLOW
17254,17236,HAS_BLOCK
17236,17248,FLOW
17254,17237,HAS_BLOCK
17237,17248,FLOW
17254,17238,HAS_BLOCK
17238,17248,FLOW
17254,17239,HAS_BLOCK
17239,17248,FLOW
17254,17240,HAS_BLOCK
17240,17248,FLOW
17254,17241,HAS_BLOCK
17241,17248,FLOW
17254,17242,HAS_BLOCK
17242,17245,FLOW
17242,17249,FLOW
17242,17249,UNWIND
17254,17245,HAS_BLOCK
17245,17247,FLOW
17245,17249,FLOW
17245,17249,UNWIND
17254,17247,HAS_BLOCK
17247,17248,FLOW
17254,17248,HAS_BLOCK
17248,17254,RETURN
17254,17249,HAS_BLOCK
17249,17250,FLOW
17254,17250,HAS_BLOCK
17178,17179,HAS_PARAM
17178,17175,HAS_BLOCK
17175,17177,FLOW
17178,17177,HAS_BLOCK
17177,17178,RETURN
17310,17311,HAS_PARAM
17310,17312,HAS_PARAM
17310,17307,HAS_BLOCK
17307,17309,FLOW
17310,17309,HAS_BLOCK
17309,17310,RETURN
17367,17368,HAS_PARAM
17367,17369,HAS_PARAM
17367,17331,HAS_BLOCK
17331,17333,FLOW
17367,17333,HAS_BLOCK
17333,17353,FLOW
17367,17353,HAS_BLOCK
17353,17356,FLOW
17353,17357,FLOW
17353,17355,FLOW
17367,17355,HAS_BLOCK
17367,17356,HAS_BLOCK
17356,17338,FLOW
17356,17336,FLOW
17356,17334,FLOW
17356,17365,FLOW
17356,17363,FLOW
17356,17361,FLOW
17356,17359,FLOW
17356,17355,FLOW
17367,17357,HAS_BLOCK
17357,17354,FLOW
17367,17359,HAS_BLOCK
17359,17350,FLOW
17367,17361,HAS_BLOCK
17361,17348,FLOW
17367,17363,HAS_BLOCK
17363,17354,FLOW
17367,17365,HAS_BLOCK
17365,17354,FLOW
17367,17334,HAS_BLOCK
17334,17346,FLOW
17367,17336,HAS_BLOCK
17336,17354,FLOW
17367,17338,HAS_BLOCK
17338,17340,FLOW
17367,17340,HAS_BLOCK
17340,17342,FLOW
17367,17342,HAS_BLOCK
17342,17343,FLOW
17342,17344,FLOW
17342,17355,FLOW
17367,17343,HAS_BLOCK
17343,17354,FLOW
17367,17344,HAS_BLOCK
17344,17354,FLOW
17367,17346,HAS_BLOCK
17346,17354,FLOW
17367,17348,HAS_BLOCK
17348,17354,FLOW
17367,17350,HAS_BLOCK
17350,17354,FLOW
17367,17354,HAS_BLOCK
17354,17367,RETURN
10037,10040,HAS_PARAM
10037,10043,HAS_PARAM
10037,10028,HAS_BLOCK
10028,10034,FLOW
10037,10034,HAS_BLOCK
10034,10037,RETURN
10155,10158,HAS_PARAM
10155,10161,HAS_PARAM
10155,10140,HAS_BLOCK
10140,10149,FLOW
10140,10146,FLOW
10140,10143,FLOW
10155,10143,HAS_BLOCK
10143,10152,FLOW
10155,10146,HAS_BLOCK
10146,10152,FLOW
10155,10149,HAS_BLOCK
10149,10152,FLOW
10155,10152,HAS_BLOCK
10152,10155,RETURN
10131,10134,HAS_PARAM
10131,10137,HAS_PARAM
10131,10101,HAS_BLOCK
10101,10125,FLOW
10131,10107,HAS_BLOCK
10107,10128,FLOW
10131,10110,HAS_BLOCK
10110,10128,FLOW
10131,10113,HAS_BLOCK
10113,10122,FLOW
10131,10119,HAS_BLOCK
10119,10128,FLOW
10131,10122,HAS_BLOCK
10122,10107,FLOW
10122,10119,FLOW
10131,10125,HAS_BLOCK
10125,10113,FLOW
10125,10110,FLOW
10131,10128,HAS_BLOCK
10128,10131,RETURN
10092,10095,HAS_PARAM
10092,10098,HAS_PARAM
10092,10046,HAS_BLOCK
10046,10049,FLOW
10046,10068,FLOW
10092,10049,HAS_BLOCK
10049,10065,FLOW
10092,10068,HAS_BLOCK
10068,10071,FLOW
10068,10089,FLOW
10068,10049,FLOW
10092,10071,HAS_BLOCK
10071,10074,FLOW
10071,10049,FLOW
10092,10074,HAS_BLOCK
10074,10077,FLOW
10074,10049,FLOW
10092,10077,HAS_BLOCK
10077,10080,FLOW
10077,10049,FLOW
10092,10080,HAS_BLOCK
10080,10083,FLOW
10080,10049,FLOW
10092,10083,HAS_BLOCK
10083,10086,FLOW
10083,10049,FLOW
10092,10086,HAS_BLOCK
10086,10064,FLOW
10086,10049,FLOW
10092,10089,HAS_BLOCK
10089,10052,FLOW
10089,10049,FLOW
10092,10052,HAS_BLOCK
10052,10055,FLOW
10052,10049,FLOW
10092,10055,HAS_BLOCK
10055,10058,FLOW
10055,10049,FLOW
10092,10058,HAS_BLOCK
10058,10061,FLOW
10058,10049,FLOW
10092,10061,HAS_BLOCK
10061,10062,FLOW
10061,10049,FLOW
10092,10062,HAS_BLOCK
10062,10063,FLOW
10062,10049,FLOW
10092,10063,HAS_BLOCK
10063,10065,FLOW
10092,10064,HAS_BLOCK
10064,10065,FLOW
10092,10065,HAS_BLOCK
10065,10092,RETURN
10022,10025,HAS_PARAM
10022,10013,HAS_BLOCK
10013,10019,FLOW
10022,10019,HAS_BLOCK
10019,10022,RETURN
10173,10176,HAS_PARAM
10173,10179,HAS_PARAM
10173,10164,HAS_BLOCK
10164,10170,FLOW
10173,10170,HAS_BLOCK
10170,10173,RETURN
10528,10531,HAS_PARAM
10528,10534,HAS_PARAM
10528,10438,HAS_BLOCK
10438,10444,FLOW
10438,10477,FLOW
10438,10477,UNWIND
10528,10444,HAS_BLOCK
10444,10486,FLOW
10444,10477,FLOW
10444,10477,UNWIND
10528,10486,HAS_BLOCK
10486,10498,FLOW
10486,10501,FLOW
10486,10495,FLOW
10528,10495,HAS_BLOCK
10528,10498,HAS_BLOCK
10498,10507,FLOW
10498,10513,FLOW
10498,10495,FLOW
10528,10501,HAS_BLOCK
10501,10489,FLOW
10501,10477,FLOW
10501,10477,UNWIND
10528,10507,HAS_BLOCK
10507,10519,FLOW
10507,10477,FLOW
10507,10477,UNWIND
10528,10513,HAS_BLOCK
10513,10522,FLOW
10513,10477,FLOW
10513,10477,UNWIND
10528,10519,HAS_BLOCK
10519,10471,FLOW
10528,10522,HAS_BLOCK
10522,10447,FLOW
10522,10477,FLOW
10522,10477,UNWIND
10528,10447,HAS_BLOCK
10447,10450,FLOW
10447,10453,FLOW
10447,10495,FLOW
10528,10450,HAS_BLOCK
10450,10459,FLOW
10450,10465,FLOW
10450,10495,FLOW
10528,10453,HAS_BLOCK
10453,10492,FLOW
10453,10477,FLOW
10453,10477,UNWIND
10528,10459,HAS_BLOCK
10459,10468,FLOW
10459,10477,FLOW
10459,10477,UNWIND
10528,10465,HAS_BLOCK
10465,10474,FLOW
10528,10468,HAS_BLOCK
10468,10471,FLOW
10528,10471,HAS_BLOCK
10471,10474,FLOW
10528,10474,HAS_BLOCK
10474,10528,RETURN
10528,10477,HAS_BLOCK
10477,10480,FLOW
10528,10480,HAS_BLOCK
10528,10489,HAS_BLOCK
10489,10471,FLOW
10528,10492,HAS_BLOCK
10492,10471,FLOW
10429,10432,HAS_PARAM
10429,10435,HAS_PARAM
10429,10182,HAS_BLOCK
10182,10185,FLOW
10429,10185,HAS_BLOCK
10185,10239,FLOW
10185,10368,FLOW
10185,10368,UNWIND
10429,10239,HAS_BLOCK
10239,10288,FLOW
10239,10368,FLOW
10239,10368,UNWIND
10429,10288,HAS_BLOCK
10288,10377,FLOW
10288,10405,FLOW
10288,10336,FLOW
10429,10336,HAS_BLOCK
10429,10377,HAS_BLOCK
10377,10420,FLOW
10377,10417,FLOW
10377,10336,FLOW
10429,10405,HAS_BLOCK
10405,10374,FLOW
10405,10368,FLOW
10405,10368,UNWIND
10429,10417,HAS_BLOCK
10417,10297,FLOW
10417,10301,FLOW
10417,10336,FLOW
10429,10420,HAS_BLOCK
10420,10194,FLOW
10420,10188,FLOW
10420,10423,FLOW
10420,10336,FLOW
10429,10423,HAS_BLOCK
10423,10278,FLOW
10423,10368,FLOW
10423,10368,UNWIND
10429,10188,HAS_BLOCK
10188,10242,FLOW
10188,10368,FLOW
10188,10368,UNWIND
10429,10194,HAS_BLOCK
10194,10200,FLOW
10194,10368,FLOW
10194,10368,UNWIND
10429,10200,HAS_BLOCK
10200,10212,FLOW
10200,10203,FLOW
10429,10203,HAS_BLOCK
10203,10209,FLOW
10203,10368,FLOW
10203,10368,UNWIND
10429,10209,HAS_BLOCK
10209,10360,FLOW
10429,10212,HAS_BLOCK
10212,10218,FLOW
10212,10368,FLOW
10212,10368,UNWIND
10429,10218,HAS_BLOCK
10218,10224,FLOW
10218,10368,FLOW
10218,10368,UNWIND
10429,10224,HAS_BLOCK
10224,10227,FLOW
10224,10230,FLOW
10224,10336,FLOW
10429,10227,HAS_BLOCK
10227,10185,FLOW
10429,10230,HAS_BLOCK
10230,10380,FLOW
10230,10368,FLOW
10230,10368,UNWIND
10429,10242,HAS_BLOCK
10242,10254,FLOW
10242,10245,FLOW
10429,10245,HAS_BLOCK
10245,10251,FLOW
10245,10368,FLOW
10245,10368,UNWIND
10429,10251,HAS_BLOCK
10251,10360,FLOW
10429,10254,HAS_BLOCK
10254,10260,FLOW
10254,10368,FLOW
10254,10368,UNWIND
10429,10260,HAS_BLOCK
10260,10266,FLOW
10260,10368,FLOW
10260,10368,UNWIND
10429,10266,HAS_BLOCK
10266,10269,FLOW
10266,10272,FLOW
10266,10336,FLOW
10429,10269,HAS_BLOCK
10269,10185,FLOW
10429,10272,HAS_BLOCK
10272,10383,FLOW
10272,10368,FLOW
10272,10368,UNWIND
10429,10278,HAS_BLOCK
10278,10282,FLOW
10278,10368,FLOW
10278,10368,UNWIND
10429,10282,HAS_BLOCK
10282,10185,FLOW
10282,10291,FLOW
10282,10336,FLOW
10429,10291,HAS_BLOCK
10291,10386,FLOW
10291,10368,FLOW
10291,10368,UNWIND
10429,10297,HAS_BLOCK
10297,10306,FLOW
10297,10368,FLOW
10297,10368,UNWIND
10429,10301,HAS_BLOCK
10301,10324,FLOW
10429,10306,HAS_BLOCK
10306,10312,FLOW
10306,10368,FLOW
10306,10368,UNWIND
10429,10312,HAS_BLOCK
10312,10315,FLOW
10312,10320,FLOW
10312,10336,FLOW
10429,10315,HAS_BLOCK
10315,10324,FLOW
10429,10320,HAS_BLOCK
10320,10389,FLOW
10320,10368,FLOW
10320,10368,UNWIND
10429,10324,HAS_BLOCK
10324,10327,FLOW
10324,10333,FLOW
10324,10336,FLOW
10429,10327,HAS_BLOCK
10327,10339,FLOW
10327,10368,FLOW
10327,10368,UNWIND
10429,10333,HAS_BLOCK
10333,10357,FLOW
10429,10339,HAS_BLOCK
10339,10345,FLOW
10339,10368,FLOW
10339,10368,UNWIND
10429,10345,HAS_BLOCK
10345,10348,FLOW
10345,10353,FLOW
10345,10336,FLOW
10429,10348,HAS_BLOCK
10348,10357,FLOW
10429,10353,HAS_BLOCK
10353,10392,FLOW
10353,10368,FLOW
10353,10368,UNWIND
10429,10357,HAS_BLOCK
10357,10365,FLOW
10429,10360,HAS_BLOCK
10360,10365,FLOW
10429,10365,HAS_BLOCK
10365,10429,RETURN
10429,10368,HAS_BLOCK
10368,10371,FLOW
10429,10371,HAS_BLOCK
10429,10374,HAS_BLOCK
10374,10360,FLOW
10429,10380,HAS_BLOCK
10380,10360,FLOW
10429,10383,HAS_BLOCK
10383,10360,FLOW
10429,10386,HAS_BLOCK
10386,10360,FLOW
10429,10389,HAS_BLOCK
10389,10360,FLOW
10429,10392,HAS_BLOCK
10392,10360,FLOW
10037,10040,HAS_PARAM
10037,10043,HAS_PARAM
10037,10028,HAS_BLOCK
10028,10034,FLOW
10037,10034,HAS_BLOCK
10034,10037,RETURN
10155,10158,HAS_PARAM
10155,10161,HAS_PARAM
10155,10140,HAS_BLOCK
10140,10149,FLOW
10140,10146,FLOW
10140,10143,FLOW
10155,10143,HAS_BLOCK
10143,10152,FLOW
10155,10146,HAS_BLOCK
10146,10152,FLOW
10155,10149,HAS_BLOCK
10149,10152,FLOW
10155,10152,HAS_BLOCK
10152,10155,RETURN
10131,10134,HAS_PARAM
10131,10137,HAS_PARAM
10131,10101,HAS_BLOCK
10101,10125,FLOW
10131,10107,HAS_BLOCK
10107,10128,FLOW
10131,10110,HAS_BLOCK
10110,10128,FLOW
10131,10113,HAS_BLOCK
10113,10122,FLOW
10131,10119,HAS_BLOCK
10119,10128,FLOW
10131,10122,HAS_BLOCK
10122,10107,FLOW
10122,10119,FLOW
10131,10125,HAS_BLOCK
10125,10113,FLOW
10125,10110,FLOW
10131,10128,HAS_BLOCK
10128,10131,RETURN
10092,10095,HAS_PARAM
10092,10098,HAS_PARAM
10092,10046,HAS_BLOCK
10046,10074,FLOW
10046,10068,FLOW
10092,10049,HAS_BLOCK
10049,10061,FLOW
10092,10068,HAS_BLOCK
10068,10071,FLOW
10068,10049,FLOW
10092,10071,HAS_BLOCK
10071,10058,FLOW
10071,10049,FLOW
10092,10074,HAS_BLOCK
10074,10049,FLOW
10074,10077,FLOW
10092,10077,HAS_BLOCK
10077,10080,FLOW
10077,10049,FLOW
10092,10080,HAS_BLOCK
10080,10083,FLOW
10080,10049,FLOW
10092,10083,HAS_BLOCK
10083,10086,FLOW
10083,10049,FLOW
10092,10086,HAS_BLOCK
10086,10089,FLOW
10086,10049,FLOW
10092,10089,HAS_BLOCK
10089,10052,FLOW
10089,10049,FLOW
10092,10052,HAS_BLOCK
10052,10055,FLOW
10052,10049,FLOW
10092,10055,HAS_BLOCK
10055,10061,FLOW
10092,10058,HAS_BLOCK
10058,10061,FLOW
10092,10061,HAS_BLOCK
10061,10092,RETURN
10022,10025,HAS_PARAM
10022,10013,HAS_BLOCK
10013,10019,FLOW
10022,10019,HAS_BLOCK
10019,10022,RETURN
10173,10176,HAS_PARAM
10173,10179,HAS_PARAM
10173,10164,HAS_BLOCK
10164,10170,FLOW
10173,10170,HAS_BLOCK
10170,10173,RETURN
10528,10531,HAS_PARAM
10528,10534,HAS_PARAM
10528,10438,HAS_BLOCK
10438,10444,FLOW
10438,10477,FLOW
10438,10477,UNWIND
10528,10444,HAS_BLOCK
10444,10486,FLOW
10444,10477,FLOW
10444,10477,UNWIND
10528,10486,HAS_BLOCK
10486,10498,FLOW
10486,10501,FLOW
10486,10495,FLOW
10528,10495,HAS_BLOCK
10528,10498,HAS_BLOCK
10498,10507,FLOW
10498,10513,FLOW
10498,10495,FLOW
10528,10501,HAS_BLOCK
10501,10489,FLOW
10501,10477,FLOW
10501,10477,UNWIND
10528,10507,HAS_BLOCK
10507,10519,FLOW
10507,10477,FLOW
10507,10477,UNWIND
10528,10513,HAS_BLOCK
10513,10522,FLOW
10513,10477,FLOW
10513,10477,UNWIND
10528,10519,HAS_BLOCK
10519,10471,FLOW
10528,10522,HAS_BLOCK
10522,10447,FLOW
10522,10477,FLOW
10522,10477,UNWIND
10528,10447,HAS_BLOCK
10447,10450,FLOW
10447,10453,FLOW
10447,10495,FLOW
10528,10450,HAS_BLOCK
10450,10459,FLOW
10450,10465,FLOW
10450,10495,FLOW
10528,10453,HAS_BLOCK
10453,10492,FLOW
10453,10477,FLOW
10453,10477,UNWIND
10528,10459,HAS_BLOCK
10459,10468,FLOW
10459,10477,FLOW
10459,10477,UNWIND
10528,10465,HAS_BLOCK
10465,10474,FLOW
10528,10468,HAS_BLOCK
10468,10471,FLOW
10528,10471,HAS_BLOCK
10471,10474,FLOW
10528,10474,HAS_BLOCK
10474,10528,RETURN
10528,10477,HAS_BLOCK
10477,10480,FLOW
10528,10480,HAS_BLOCK
10528,10489,HAS_BLOCK
10489,10471,FLOW
10528,10492,HAS_BLOCK
10492,10471,FLOW
10429,10432,HAS_PARAM
10429,10435,HAS_PARAM
10429,10182,HAS_BLOCK
10182,10185,FLOW
10429,10185,HAS_BLOCK
10185,10239,FLOW
10185,10396,FLOW
10185,10396,UNWIND
10429,10239,HAS_BLOCK
10239,10288,FLOW
10239,10396,FLOW
10239,10396,UNWIND
10429,10288,HAS_BLOCK
10288,10377,FLOW
10288,10405,FLOW
10288,10336,FLOW
10429,10336,HAS_BLOCK
10429,10377,HAS_BLOCK
10377,10420,FLOW
10377,10417,FLOW
10377,10336,FLOW
10429,10405,HAS_BLOCK
10405,10398,FLOW
10405,10396,FLOW
10405,10396,UNWIND
10429,10417,HAS_BLOCK
10417,10306,FLOW
10417,10312,FLOW
10417,10336,FLOW
10429,10420,HAS_BLOCK
10420,10194,FLOW
10420,10188,FLOW
10420,10423,FLOW
10420,10336,FLOW
10429,10423,HAS_BLOCK
10423,10291,FLOW
10423,10396,FLOW
10423,10396,UNWIND
10429,10188,HAS_BLOCK
10188,10242,FLOW
10188,10396,FLOW
10188,10396,UNWIND
10429,10194,HAS_BLOCK
10194,10200,FLOW
10194,10396,FLOW
10194,10396,UNWIND
10429,10200,HAS_BLOCK
10200,10212,FLOW
10200,10203,FLOW
10429,10203,HAS_BLOCK
10203,10209,FLOW
10203,10396,FLOW
10203,10396,UNWIND
10429,10209,HAS_BLOCK
10209,10389,FLOW
10429,10212,HAS_BLOCK
10212,10218,FLOW
10212,10396,FLOW
10212,10396,UNWIND
10429,10218,HAS_BLOCK
10218,10224,FLOW
10218,10396,FLOW
10218,10396,UNWIND
10429,10224,HAS_BLOCK
10224,10227,FLOW
10224,10230,FLOW
10224,10336,FLOW
10429,10227,HAS_BLOCK
10227,10185,FLOW
10429,10230,HAS_BLOCK
10230,10400,FLOW
10230,10396,FLOW
10230,10396,UNWIND
10429,10242,HAS_BLOCK
10242,10254,FLOW
10242,10245,FLOW
10429,10245,HAS_BLOCK
10245,10251,FLOW
10245,10396,FLOW
10245,10396,UNWIND
10429,10251,HAS_BLOCK
10251,10389,FLOW
10429,10254,HAS_BLOCK
10254,10260,FLOW
10254,10396,FLOW
10254,10396,UNWIND
10429,10260,HAS_BLOCK
10260,10266,FLOW
10260,10396,FLOW
10260,10396,UNWIND
10429,10266,HAS_BLOCK
10266,10269,FLOW
10266,10272,FLOW
10266,10336,FLOW
10429,10269,HAS_BLOCK
10269,10278,FLOW
10269,10282,FLOW
10269,10282,UNWIND
10429,10272,HAS_BLOCK
10272,10402,FLOW
10272,10396,FLOW
10272,10396,UNWIND
10429,10278,HAS_BLOCK
10278,10185,FLOW
10429,10282,HAS_BLOCK
10282,10396,FLOW
10429,10291,HAS_BLOCK
10291,10297,FLOW
10291,10396,FLOW
10291,10396,UNWIND
10429,10297,HAS_BLOCK
10297,10185,FLOW
10297,10301,FLOW
10297,10336,FLOW
10429,10301,HAS_BLOCK
10301,10407,FLOW
10301,10396,FLOW
10301,10396,UNWIND
10429,10306,HAS_BLOCK
10306,10315,FLOW
10306,10396,FLOW
10306,10396,UNWIND
10429,10312,HAS_BLOCK
10312,10333,FLOW
10429,10315,HAS_BLOCK
10315,10320,FLOW
10315,10396,FLOW
10315,10396,UNWIND
10429,10320,HAS_BLOCK
10320,10324,FLOW
10320,10327,FLOW
10320,10336,FLOW
10429,10324,HAS_BLOCK
10324,10333,FLOW
10429,10327,HAS_BLOCK
10327,10409,FLOW
10327,10396,FLOW
10327,10396,UNWIND
10429,10333,HAS_BLOCK
10333,10339,FLOW
10333,10345,FLOW
10333,10336,FLOW
10429,10339,HAS_BLOCK
10339,10348,FLOW
10339,10396,FLOW
10339,10396,UNWIND
10429,10345,HAS_BLOCK
10345,10365,FLOW
10429,10348,HAS_BLOCK
10348,10353,FLOW
10348,10396,FLOW
10348,10396,UNWIND
10429,10353,HAS_BLOCK
10353,10357,FLOW
10353,10360,FLOW
10353,10336,FLOW
10429,10357,HAS_BLOCK
10357,10365,FLOW
10429,10360,HAS_BLOCK
10360,10411,FLOW
10360,10396,FLOW
10360,10396,UNWIND
10429,10365,HAS_BLOCK
10365,10368,FLOW
10429,10368,HAS_BLOCK
10368,10429,RETURN
10429,10371,HAS_BLOCK
10371,10374,FLOW
10429,10374,HAS_BLOCK
10429,10380,HAS_BLOCK
10380,10368,FLOW
10429,10383,HAS_BLOCK
10383,10380,FLOW
10383,10386,FLOW
10429,10386,HAS_BLOCK
10386,10380,FLOW
10386,10371,FLOW
10386,10371,UNWIND
10429,10389,HAS_BLOCK
10389,10383,FLOW
10389,10380,FLOW
10389,10336,FLOW
10429,10392,HAS_BLOCK
10392,10371,FLOW
10392,10394,FLOW
10429,10394,HAS_BLOCK
10394,10371,FLOW
10429,10396,HAS_BLOCK
10396,10392,FLOW
10396,10371,FLOW
10429,10398,HAS_BLOCK
10398,10389,FLOW
10429,10400,HAS_BLOCK
10400,10389,FLOW
10429,10402,HAS_BLOCK
10402,10389,FLOW
10429,10407,HAS_BLOCK
10407,10389,FLOW
10429,10409,HAS_BLOCK
10409,10389,FLOW
10429,10411,HAS_BLOCK
10411,10389,FLOW
10037,10040,HAS_PARAM
10037,10043,HAS_PARAM
10037,10028,HAS_BLOCK
10028,10034,FLOW
10037,10034,HAS_BLOCK
10034,10037,RETURN
10155,10158,HAS_PARAM
10155,10161,HAS_PARAM
10155,10140,HAS_BLOCK
10140,10149,FLOW
10140,10146,FLOW
10140,10143,FLOW
10155,10143,HAS_BLOCK
10143,10152,FLOW
10155,10146,HAS_BLOCK
10146,10152,FLOW
10155,10149,HAS_BLOCK
10149,10152,FLOW
10155,10152,HAS_BLOCK
10152,10155,RETURN
10131,10134,HAS_PARAM
10131,10137,HAS_PARAM
10131,10101,HAS_BLOCK
10101,10125,FLOW
10131,10107,HAS_BLOCK
10107,10128,FLOW
10131,10110,HAS_BLOCK
10110,10128,FLOW
10131,10113,HAS_BLOCK
10113,10122,FLOW
10131,10119,HAS_BLOCK
10119,10128,FLOW
10131,10122,HAS_BLOCK
10122,10107,FLOW
10122,10119,FLOW
10131,10125,HAS_BLOCK
10125,10113,FLOW
10125,10110,FLOW
10131,10128,HAS_BLOCK
10128,10131,RETURN
10092,10095,HAS_PARAM
10092,10098,HAS_PARAM
10092,10046,HAS_BLOCK
10046,10074,FLOW
10046,10068,FLOW
10092,10049,HAS_BLOCK
10049,10061,FLOW
10092,10068,HAS_BLOCK
10068,10071,FLOW
10068,10049,FLOW
10092,10071,HAS_BLOCK
10071,10058,FLOW
10071,10049,FLOW
10092,10074,HAS_BLOCK
10074,10049,FLOW
10074,10077,FLOW
10092,10077,HAS_BLOCK
10077,10080,FLOW
10077,10049,FLOW
10092,10080,HAS_BLOCK
10080,10083,FLOW
10080,10049,FLOW
10092,10083,HAS_BLOCK
10083,10086,FLOW
10083,10049,FLOW
10092,10086,HAS_BLOCK
10086,10089,FLOW
10086,10049,FLOW
10092,10089,HAS_BLOCK
10089,10052,FLOW
10089,10049,FLOW
10092,10052,HAS_BLOCK
10052,10055,FLOW
10052,10049,FLOW
10092,10055,HAS_BLOCK
10055,10061,FLOW
10092,10058,HAS_BLOCK
10058,10061,FLOW
10092,10061,HAS_BLOCK
10061,10092,RETURN
10022,10025,HAS_PARAM
10022,10013,HAS_BLOCK
10013,10019,FLOW
10022,10019,HAS_BLOCK
10019,10022,RETURN
10173,10176,HAS_PARAM
10173,10179,HAS_PARAM
10173,10164,HAS_BLOCK
10164,10170,FLOW
10173,10170,HAS_BLOCK
10170,10173,RETURN
10528,10531,HAS_PARAM
10528,10534,HAS_PARAM
10528,10438,HAS_BLOCK
10438,10444,FLOW
10438,10477,FLOW
10438,10477,UNWIND
10528,10444,HAS_BLOCK
10444,10486,FLOW
10444,10477,FLOW
10444,10477,UNWIND
10528,10486,HAS_BLOCK
10486,10498,FLOW
10486,10501,FLOW
10486,10495,FLOW
10528,10495,HAS_BLOCK
10528,10498,HAS_BLOCK
10498,10507,FLOW
10498,10513,FLOW
10498,10495,FLOW
10528,10501,HAS_BLOCK
10501,10489,FLOW
10501,10477,FLOW
10501,10477,UNWIND
10528,10507,HAS_BLOCK
10507,10519,FLOW
10507,10477,FLOW
10507,10477,UNWIND
10528,10513,HAS_BLOCK
10513,10522,FLOW
10513,10477,FLOW
10513,10477,UNWIND
10528,10519,HAS_BLOCK
10519,10471,FLOW
10528,10522,HAS_BLOCK
10522,10447,FLOW
10522,10477,FLOW
10522,10477,UNWIND
10528,10447,HAS_BLOCK
10447,10450,FLOW
10447,10453,FLOW
10447,10495,FLOW
10528,10450,HAS_BLOCK
10450,10459,FLOW
10450,10465,FLOW
10450,10495,FLOW
10528,10453,HAS_BLOCK
10453,10492,FLOW
10453,10477,FLOW
10453,10477,UNWIND
10528,10459,HAS_BLOCK
10459,10468,FLOW
10459,10477,FLOW
10459,10477,UNWIND
10528,10465,HAS_BLOCK
10465,10474,FLOW
10528,10468,HAS_BLOCK
10468,10471,FLOW
10528,10471,HAS_BLOCK
10471,10474,FLOW
10528,10474,HAS_BLOCK
10474,10528,RETURN
10528,10477,HAS_BLOCK
10477,10480,FLOW
10528,10480,HAS_BLOCK
10528,10489,HAS_BLOCK
10489,10471,FLOW
10528,10492,HAS_BLOCK
10492,10471,FLOW
10429,10432,HAS_PARAM
10429,10435,HAS_PARAM
10429,10182,HAS_BLOCK
10182,10185,FLOW
10429,10185,HAS_BLOCK
10185,10239,FLOW
10185,10396,FLOW
10185,10396,UNWIND
10429,10239,HAS_BLOCK
10239,10288,FLOW
10239,10396,FLOW
10239,10396,UNWIND
10429,10288,HAS_BLOCK
10288,10377,FLOW
10288,10405,FLOW
10288,10336,FLOW
10429,10336,HAS_BLOCK
10429,10377,HAS_BLOCK
10377,10420,FLOW
10377,10417,FLOW
10377,10336,FLOW
10429,10405,HAS_BLOCK
10405,10398,FLOW
10405,10396,FLOW
10405,10396,UNWIND
10429,10417,HAS_BLOCK
10417,10306,FLOW
10417,10312,FLOW
10417,10336,FLOW
10429,10420,HAS_BLOCK
10420,10194,FLOW
10420,10188,FLOW
10420,10423,FLOW
10420,10336,FLOW
10429,10423,HAS_BLOCK
10423,10291,FLOW
10423,10396,FLOW
10423,10396,UNWIND
10429,10188,HAS_BLOCK
10188,10242,FLOW
10188,10396,FLOW
10188,10396,UNWIND
10429,10194,HAS_BLOCK
10194,10200,FLOW
10194,10396,FLOW
10194,10396,UNWIND
10429,10200,HAS_BLOCK
10200,10212,FLOW
10200,10203,FLOW
10429,10203,HAS_BLOCK
10203,10209,FLOW
10203,10396,FLOW
10203,10396,UNWIND
10429,10209,HAS_BLOCK
10209,10389,FLOW
10429,10212,HAS_BLOCK
10212,10218,FLOW
10212,10396,FLOW
10212,10396,UNWIND
10429,10218,HAS_BLOCK
10218,10224,FLOW
10218,10396,FLOW
10218,10396,UNWIND
10429,10224,HAS_BLOCK
10224,10227,FLOW
10224,10230,FLOW
10224,10336,FLOW
10429,10227,HAS_BLOCK
10227,10185,FLOW
10429,10230,HAS_BLOCK
10230,10400,FLOW
10230,10396,FLOW
10230,10396,UNWIND
10429,10242,HAS_BLOCK
10242,10254,FLOW
10242,10245,FLOW
10429,10245,HAS_BLOCK
10245,10251,FLOW
10245,10396,FLOW
10245,10396,UNWIND
10429,10251,HAS_BLOCK
10251,10389,FLOW
10429,10254,HAS_BLOCK
10254,10260,FLOW
10254,10396,FLOW
10254,10396,UNWIND
10429,10260,HAS_BLOCK
10260,10266,FLOW
10260,10396,FLOW
10260,10396,UNWIND
10429,10266,HAS_BLOCK
10266,10269,FLOW
10266,10272,FLOW
10266,10336,FLOW
10429,10269,HAS_BLOCK
10269,10278,FLOW
10269,10282,FLOW
10269,10282,UNWIND
10429,10272,HAS_BLOCK
10272,10402,FLOW
10272,10396,FLOW
10272,10396,UNWIND
10429,10278,HAS_BLOCK
10278,10185,FLOW
10429,10282,HAS_BLOCK
10282,10396,FLOW
10429,10291,HAS_BLOCK
10291,10297,FLOW
10291,10396,FLOW
10291,10396,UNWIND
10429,10297,HAS_BLOCK
10297,10185,FLOW
10297,10301,FLOW
10297,10336,FLOW
10429,10301,HAS_BLOCK
10301,10407,FLOW
10301,10396,FLOW
10301,10396,UNWIND
10429,10306,HAS_BLOCK
10306,10315,FLOW
10306,10396,FLOW
10306,10396,UNWIND
10429,10312,HAS_BLOCK
10312,10333,FLOW
10429,10315,HAS_BLOCK
10315,10320,FLOW
10315,10396,FLOW
10315,10396,UNWIND
10429,10320,HAS_BLOCK
10320,10324,FLOW
10320,10327,FLOW
10320,10336,FLOW
10429,10324,HAS_BLOCK
10324,10333,FLOW
10429,10327,HAS_BLOCK
10327,10409,FLOW
10327,10396,FLOW
10327,10396,UNWIND
10429,10333,HAS_BLOCK
10333,10339,FLOW
10333,10345,FLOW
10333,10336,FLOW
10429,10339,HAS_BLOCK
10339,10348,FLOW
10339,10396,FLOW
10339,10396,UNWIND
10429,10345,HAS_BLOCK
10345,10365,FLOW
10429,10348,HAS_BLOCK
10348,10353,FLOW
10348,10396,FLOW
10348,10396,UNWIND
10429,10353,HAS_BLOCK
10353,10357,FLOW
10353,10360,FLOW
10353,10336,FLOW
10429,10357,HAS_BLOCK
10357,10365,FLOW
10429,10360,HAS_BLOCK
10360,10411,FLOW
10360,10396,FLOW
10360,10396,UNWIND
10429,10365,HAS_BLOCK
10365,10368,FLOW
10429,10368,HAS_BLOCK
10368,10429,RETURN
10429,10371,HAS_BLOCK
10371,10374,FLOW
10429,10374,HAS_BLOCK
10429,10380,HAS_BLOCK
10380,10368,FLOW
10429,10383,HAS_BLOCK
10383,10380,FLOW
10383,10386,FLOW
10429,10386,HAS_BLOCK
10386,10380,FLOW
10386,10371,FLOW
10386,10371,UNWIND
10429,10389,HAS_BLOCK
10389,10383,FLOW
10389,10380,FLOW
10389,10336,FLOW
10429,10392,HAS_BLOCK
10392,10371,FLOW
10392,10394,FLOW
10429,10394,HAS_BLOCK
10394,10371,FLOW
10429,10396,HAS_BLOCK
10396,10392,FLOW
10396,10371,FLOW
10429,10398,HAS_BLOCK
10398,10389,FLOW
10429,10400,HAS_BLOCK
10400,10389,FLOW
10429,10402,HAS_BLOCK
10402,10389,FLOW
10429,10407,HAS_BLOCK
10407,10389,FLOW
10429,10409,HAS_BLOCK
10409,10389,FLOW
10429,10411,HAS_BLOCK
10411,10389,FLOW
15805,15806,HAS_PARAM
15805,15807,HAS_PARAM
15805,15798,HAS_BLOCK
15798,15802,FLOW
15798,15800,FLOW
15798,15799,FLOW
15805,15799,HAS_BLOCK
15805,15800,HAS_BLOCK
15800,15804,FLOW
15805,15802,HAS_BLOCK
15802,15804,FLOW
15805,15804,HAS_BLOCK
15804,15805,RETURN
15774,15775,HAS_PARAM
15774,15761,HAS_BLOCK
15761,15765,FLOW
15761,15763,FLOW
15761,15762,FLOW
15774,15762,HAS_BLOCK
15774,15763,HAS_BLOCK
15763,15770,FLOW
15774,15765,HAS_BLOCK
15765,15767,FLOW
15774,15767,HAS_BLOCK
15767,15769,FLOW
15774,15769,HAS_BLOCK
15769,15773,FLOW
15774,15770,HAS_BLOCK
15770,15772,FLOW
15774,15772,HAS_BLOCK
15772,15773,FLOW
15774,15773,HAS_BLOCK
15773,15774,RETURN
15795,15796,HAS_PARAM
15795,15797,HAS_PARAM
15795,15776,HAS_BLOCK
15776,15784,FLOW
15776,15777,FLOW
15795,15777,HAS_BLOCK
15777,15786,FLOW
15777,15787,FLOW
15777,15785,FLOW
15795,15784,HAS_BLOCK
15784,15783,FLOW
15795,15785,HAS_BLOCK
15795,15786,HAS_BLOCK
15786,15790,FLOW
15786,15785,FLOW
15795,15787,HAS_BLOCK
15787,15788,FLOW
15787,15785,FLOW
15795,15788,HAS_BLOCK
15788,15779,FLOW
15795,15790,HAS_BLOCK
15790,15792,FLOW
15795,15792,HAS_BLOCK
15792,15778,FLOW
15792,15793,FLOW
15795,15793,HAS_BLOCK
15793,15783,FLOW
15795,15778,HAS_BLOCK
15778,15783,FLOW
15795,15779,HAS_BLOCK
15779,15782,FLOW
15779,15780,FLOW
15795,15780,HAS_BLOCK
15780,15783,FLOW
15795,15782,HAS_BLOCK
15782,15783,FLOW
15795,15783,HAS_BLOCK
15783,15795,RETURN
22109,22110,HAS_PARAM
22109,22111,HAS_PARAM
22109,22037,HAS_BLOCK
22037,22074,FLOW
22037,22055,FLOW
22037,22038,FLOW
22109,22038,HAS_BLOCK
22109,22055,HAS_BLOCK
22055,22054,FLOW
22055,22091,FLOW
22055,22091,UNWIND
22109,22074,HAS_BLOCK
22074,22087,FLOW
22074,22095,FLOW
22074,22095,UNWIND
22109,22087,HAS_BLOCK
22087,22098,FLOW
22087,22095,FLOW
22087,22095,UNWIND
22109,22098,HAS_BLOCK
22098,22102,FLOW
22098,22095,FLOW
22098,22095,UNWIND
22109,22102,HAS_BLOCK
22102,22104,FLOW
22109,22104,HAS_BLOCK
22104,22105,FLOW
22104,22107,FLOW
22104,22038,FLOW
22109,22105,HAS_BLOCK
22105,22039,FLOW
22105,22093,FLOW
22105,22093,UNWIND
22109,22107,HAS_BLOCK
22107,22084,FLOW
22109,22039,HAS_BLOCK
22039,22041,FLOW
22039,22093,FLOW
22039,22093,UNWIND
22109,22041,HAS_BLOCK
22041,22042,FLOW
22041,22044,FLOW
22041,22038,FLOW
22109,22042,HAS_BLOCK
22042,22046,FLOW
22042,22093,FLOW
22042,22093,UNWIND
22109,22044,HAS_BLOCK
22044,22096,FLOW
22044,22093,FLOW
22044,22093,UNWIND
22109,22046,HAS_BLOCK
22046,22048,FLOW
22046,22093,FLOW
22046,22093,UNWIND
22109,22048,HAS_BLOCK
22048,22049,FLOW
22048,22051,FLOW
22048,22038,FLOW
22109,22049,HAS_BLOCK
22049,22053,FLOW
22049,22093,FLOW
22049,22093,UNWIND
22109,22051,HAS_BLOCK
22051,22097,FLOW
22051,22093,FLOW
22051,22093,UNWIND
22109,22053,HAS_BLOCK
22053,22085,FLOW
22109,22054,HAS_BLOCK
22054,22056,FLOW
22054,22091,FLOW
22054,22091,UNWIND
22109,22056,HAS_BLOCK
22056,22058,FLOW
22056,22091,FLOW
22056,22091,UNWIND
22109,22058,HAS_BLOCK
22058,22060,FLOW
22109,22060,HAS_BLOCK
22060,22061,FLOW
22060,22063,FLOW
22060,22038,FLOW
22109,22061,HAS_BLOCK
22061,22065,FLOW
22061,22089,FLOW
22061,22089,UNWIND
22109,22063,HAS_BLOCK
22063,22082,FLOW
22109,22065,HAS_BLOCK
22065,22067,FLOW
22065,22089,FLOW
22065,22089,UNWIND
22109,22067,HAS_BLOCK
22067,22068,FLOW
22067,22070,FLOW
22067,22038,FLOW
22109,22068,HAS_BLOCK
22068,22072,FLOW
22068,22089,FLOW
22068,22089,UNWIND
22109,22070,HAS_BLOCK
22070,22099,FLOW
22070,22089,FLOW
22070,22089,UNWIND
22109,22072,HAS_BLOCK
22072,22075,FLOW
22072,22089,FLOW
22072,22089,UNWIND
22109,22075,HAS_BLOCK
22075,22076,FLOW
22075,22078,FLOW
22075,22038,FLOW
22109,22076,HAS_BLOCK
22076,22080,FLOW
22076,22089,FLOW
22076,22089,UNWIND
22109,22078,HAS_BLOCK
22078,22100,FLOW
22078,22089,FLOW
22078,22089,UNWIND
22109,22080,HAS_BLOCK
22080,22085,FLOW
22109,22081,HAS_BLOCK
22081,22082,FLOW
22109,22082,HAS_BLOCK
22082,22085,FLOW
22109,22083,HAS_BLOCK
22083,22084,FLOW
22109,22084,HAS_BLOCK
22084,22085,FLOW
22109,22085,HAS_BLOCK
22085,22109,RETURN
22109,22086,HAS_BLOCK
22109,22088,HAS_BLOCK
22088,22086,FLOW
22109,22089,HAS_BLOCK
22089,22086,FLOW
22089,22088,FLOW
22109,22090,HAS_BLOCK
22090,22086,FLOW
22109,22091,HAS_BLOCK
22091,22086,FLOW
22091,22090,FLOW
22109,22092,HAS_BLOCK
22092,22086,FLOW
22109,22093,HAS_BLOCK
22093,22086,FLOW
22093,22092,FLOW
22109,22094,HAS_BLOCK
22094,22086,FLOW
22109,22095,HAS_BLOCK
22095,22086,FLOW
22095,22094,FLOW
22109,22096,HAS_BLOCK
22096,22083,FLOW
22109,22097,HAS_BLOCK
22097,22083,FLOW
22109,22099,HAS_BLOCK
22099,22081,FLOW
22109,22100,HAS_BLOCK
22100,22081,FLOW
19762,19763,HAS_PARAM
19762,19759,HAS_BLOCK
19759,19761,FLOW
19762,19761,HAS_BLOCK
19761,19762,RETURN
18071,18072,HAS_PARAM
18071,18073,HAS_PARAM
18071,18068,HAS_BLOCK
18068,18070,FLOW
18071,18070,HAS_BLOCK
18070,18071,RETURN
18135,18136,HAS_PARAM
18135,18137,HAS_PARAM
18135,18128,HAS_BLOCK
18128,18132,FLOW
18128,18131,FLOW
18128,18129,FLOW
18135,18129,HAS_BLOCK
18129,18133,FLOW
18135,18131,HAS_BLOCK
18131,18134,FLOW
18135,18132,HAS_BLOCK
18132,18134,FLOW
18135,18133,HAS_BLOCK
18133,18134,FLOW
18135,18134,HAS_BLOCK
18134,18135,RETURN
18125,18126,HAS_PARAM
18125,18127,HAS_PARAM
18125,18113,HAS_BLOCK
18113,18122,FLOW
18125,18115,HAS_BLOCK
18115,18123,FLOW
18125,18117,HAS_BLOCK
18117,18124,FLOW
18125,18118,HAS_BLOCK
18118,18121,FLOW
18125,18120,HAS_BLOCK
18120,18124,FLOW
18125,18121,HAS_BLOCK
18121,18115,FLOW
18121,18120,FLOW
18125,18122,HAS_BLOCK
18122,18118,FLOW
18122,18117,FLOW
18125,18123,HAS_BLOCK
18123,18124,FLOW
18125,18124,HAS_BLOCK
18124,18125,RETURN
18110,18111,HAS_PARAM
18110,18112,HAS_PARAM
18110,18074,HAS_BLOCK
18074,18077,FLOW
18074,18087,FLOW
18110,18075,HAS_BLOCK
18075,18095,FLOW
18110,18087,HAS_BLOCK
18087,18100,FLOW
18087,18075,FLOW
18110,18100,HAS_BLOCK
18100,18104,FLOW
18100,18075,FLOW
18110,18104,HAS_BLOCK
18104,18105,FLOW
18104,18075,FLOW
18110,18105,HAS_BLOCK
18105,18106,FLOW
18105,18075,FLOW
18110,18106,HAS_BLOCK
18106,18107,FLOW
18106,18075,FLOW
18110,18107,HAS_BLOCK
18107,18108,FLOW
18107,18075,FLOW
18110,18108,HAS_BLOCK
18108,18109,FLOW
18108,18075,FLOW
18110,18109,HAS_BLOCK
18109,18076,FLOW
18109,18075,FLOW
18110,18076,HAS_BLOCK
18076,18094,FLOW
18076,18075,FLOW
18110,18077,HAS_BLOCK
18077,18075,FLOW
18077,18078,FLOW
18110,18078,HAS_BLOCK
18078,18079,FLOW
18078,18075,FLOW
18110,18079,HAS_BLOCK
18079,18080,FLOW
18079,18075,FLOW
18110,18080,HAS_BLOCK
18080,18081,FLOW
18080,18075,FLOW
18110,18081,HAS_BLOCK
18081,18082,FLOW
18081,18075,FLOW
18110,18082,HAS_BLOCK
18082,18083,FLOW
18082,18075,FLOW
18110,18083,HAS_BLOCK
18083,18084,FLOW
18083,18075,FLOW
18110,18084,HAS_BLOCK
18084,18085,FLOW
18084,18075,FLOW
18110,18085,HAS_BLOCK
18085,18088,FLOW
18085,18075,FLOW
18110,18088,HAS_BLOCK
18088,18089,FLOW
18088,18075,FLOW
18110,18089,HAS_BLOCK
18089,18090,FLOW
18089,18075,FLOW
18110,18090,HAS_BLOCK
18090,18091,FLOW
18090,18075,FLOW
18110,18091,HAS_BLOCK
18091,18092,FLOW
18091,18075,FLOW
18110,18092,HAS_BLOCK
18092,18093,FLOW
18092,18075,FLOW
18110,18093,HAS_BLOCK
18093,18101,FLOW
18110,18094,HAS_BLOCK
18094,18101,FLOW
18110,18095,HAS_BLOCK
18095,18097,FLOW
18095,18102,FLOW
18095,18102,UNWIND
18110,18097,HAS_BLOCK
18097,18099,FLOW
18097,18102,FLOW
18097,18102,UNWIND
18110,18099,HAS_BLOCK
18099,18101,FLOW
18110,18101,HAS_BLOCK
18101,18110,RETURN
18110,18102,HAS_BLOCK
18102,18103,FLOW
18110,18103,HAS_BLOCK
18066,18067,HAS_PARAM
18066,18063,HAS_BLOCK
18063,18065,FLOW
18066,18065,HAS_BLOCK
18065,18066,RETURN
18141,18142,HAS_PARAM
18141,18143,HAS_PARAM
18141,18138,HAS_BLOCK
18138,18140,FLOW
18141,18140,HAS_BLOCK
18140,18141,RETURN
18170,18171,HAS_PARAM
18170,18172,HAS_PARAM
18170,18156,HAS_BLOCK
18156,18158,FLOW
18170,18158,HAS_BLOCK
18158,18160,FLOW
18170,18160,HAS_BLOCK
18160,18162,FLOW
18160,18163,FLOW
18160,18161,FLOW
18170,18161,HAS_BLOCK
18170,18162,HAS_BLOCK
18162,18167,FLOW
18162,18165,FLOW
18162,18161,FLOW
18170,18163,HAS_BLOCK
18163,18169,FLOW
18170,18165,HAS_BLOCK
18165,18169,FLOW
18170,18167,HAS_BLOCK
18167,18169,FLOW
18170,18169,HAS_BLOCK
18169,18170,RETURN
11413,11415,HAS_PARAM
11413,11417,HAS_PARAM
11413,11407,HAS_BLOCK
11407,11411,FLOW
11413,11411,HAS_BLOCK
11411,11413,RETURN
11495,11497,HAS_PARAM
11495,11499,HAS_PARAM
11495,11485,HAS_BLOCK
11485,11491,FLOW
11485,11489,FLOW
11485,11487,FLOW
11495,11487,HAS_BLOCK
11487,11493,FLOW
11495,11489,HAS_BLOCK
11489,11493,FLOW
11495,11491,HAS_BLOCK
11491,11493,FLOW
11495,11493,HAS_BLOCK
11493,11495,RETURN
11479,11481,HAS_PARAM
11479,11483,HAS_PARAM
11479,11459,HAS_BLOCK
11459,11475,FLOW
11479,11463,HAS_BLOCK
11463,11477,FLOW
11479,11465,HAS_BLOCK
11465,11477,FLOW
11479,11467,HAS_BLOCK
11467,11473,FLOW
11479,11471,HAS_BLOCK
11471,11477,FLOW
11479,11473,HAS_BLOCK
11473,11463,FLOW
11473,11471,FLOW
11479,11475,HAS_BLOCK
11475,11467,FLOW
11475,11465,FLOW
11479,11477,HAS_BLOCK
11477,11479,RETURN
11453,11455,HAS_PARAM
11453,11457,HAS_PARAM
11453,11419,HAS_BLOCK
11419,11441,FLOW
11419,11437,FLOW
11453,11421,HAS_BLOCK
11421,11429,FLOW
11453,11437,HAS_BLOCK
11437,11439,FLOW
11437,11421,FLOW
11453,11439,HAS_BLOCK
11439,11427,FLOW
11439,11421,FLOW
11453,11441,HAS_BLOCK
11441,11421,FLOW
11441,11443,FLOW
11453,11443,HAS_BLOCK
11443,11445,FLOW
11443,11421,FLOW
11453,11445,HAS_BLOCK
11445,11447,FLOW
11445,11421,FLOW
11453,11447,HAS_BLOCK
11447,11449,FLOW
11447,11421,FLOW
11453,11449,HAS_BLOCK
11449,11451,FLOW
11449,11421,FLOW
11453,11451,HAS_BLOCK
11451,11423,FLOW
11451,11421,FLOW
11453,11423,HAS_BLOCK
11423,11425,FLOW
11423,11421,FLOW
11453,11425,HAS_BLOCK
11425,11429,FLOW
11453,11427,HAS_BLOCK
11427,11429,FLOW
11453,11429,HAS_BLOCK
11429,11453,RETURN
11403,11405,HAS_PARAM
11403,11397,HAS_BLOCK
11397,11401,FLOW
11403,11401,HAS_BLOCK
11401,11403,RETURN
11507,11509,HAS_PARAM
11507,11511,HAS_PARAM
11507,11501,HAS_BLOCK
11501,11505,FLOW
11507,11505,HAS_BLOCK
11505,11507,RETURN
11749,11751,HAS_PARAM
11749,11753,HAS_PARAM
11749,11689,HAS_BLOCK
11689,11693,FLOW
11689,11715,FLOW
11689,11715,UNWIND
11749,11693,HAS_BLOCK
11693,11721,FLOW
11693,11715,FLOW
11693,11715,UNWIND
11749,11721,HAS_BLOCK
11721,11729,FLOW
11721,11731,FLOW
11721,11727,FLOW
11749,11727,HAS_BLOCK
11749,11729,HAS_BLOCK
11729,11735,FLOW
11729,11739,FLOW
11729,11727,FLOW
11749,11731,HAS_BLOCK
11731,11723,FLOW
11731,11715,FLOW
11731,11715,UNWIND
11749,11735,HAS_BLOCK
11735,11743,FLOW
11735,11715,FLOW
11735,11715,UNWIND
11749,11739,HAS_BLOCK
11739,11745,FLOW
11739,11715,FLOW
11739,11715,UNWIND
11749,11743,HAS_BLOCK
11743,11711,FLOW
11749,11745,HAS_BLOCK
11745,11695,FLOW
11745,11715,FLOW
11745,11715,UNWIND
11749,11695,HAS_BLOCK
11695,11697,FLOW
11695,11699,FLOW
11695,11727,FLOW
11749,11697,HAS_BLOCK
11697,11703,FLOW
11697,11707,FLOW
11697,11727,FLOW
11749,11699,HAS_BLOCK
11699,11725,FLOW
11699,11715,FLOW
11699,11715,UNWIND
11749,11703,HAS_BLOCK
11703,11709,FLOW
11703,11715,FLOW
11703,11715,UNWIND
11749,11707,HAS_BLOCK
11707,11713,FLOW
11749,11709,HAS_BLOCK
11709,11711,FLOW
11749,11711,HAS_BLOCK
11711,11713,FLOW
11749,11713,HAS_BLOCK
11713,11749,RETURN
11749,11715,HAS_BLOCK
11715,11717,FLOW
11749,11717,HAS_BLOCK
11749,11723,HAS_BLOCK
11723,11711,FLOW
11749,11725,HAS_BLOCK
11725,11711,FLOW
11683,11685,HAS_PARAM
11683,11687,HAS_PARAM
11683,11513,HAS_BLOCK
11513,11515,FLOW
11683,11515,HAS_BLOCK
11515,11551,FLOW
11515,11657,FLOW
11515,11657,UNWIND
11683,11551,HAS_BLOCK
11551,11583,FLOW
11551,11657,FLOW
11551,11657,UNWIND
11683,11583,HAS_BLOCK
11583,11643,FLOW
11583,11665,FLOW
11583,11615,FLOW
11683,11615,HAS_BLOCK
11683,11643,HAS_BLOCK
11643,11677,FLOW
11643,11675,FLOW
11643,11615,FLOW
11683,11665,HAS_BLOCK
11665,11659,FLOW
11665,11657,FLOW
11665,11657,UNWIND
11683,11675,HAS_BLOCK
11675,11595,FLOW
11675,11599,FLOW
11675,11615,FLOW
11683,11677,HAS_BLOCK
11677,11521,FLOW
11677,11517,FLOW
11677,11679,FLOW
11677,11615,FLOW
11683,11679,HAS_BLOCK
11679,11585,FLOW
11679,11657,FLOW
11679,11657,UNWIND
11683,11517,HAS_BLOCK
11517,11553,FLOW
11517,11657,FLOW
11517,11657,UNWIND
11683,11521,HAS_BLOCK
11521,11525,FLOW
11521,11657,FLOW
11521,11657,UNWIND
11683,11525,HAS_BLOCK
11525,11533,FLOW
11525,11527,FLOW
11683,11527,HAS_BLOCK
11527,11531,FLOW
11527,11657,FLOW
11527,11657,UNWIND
11683,11531,HAS_BLOCK
11531,11651,FLOW
11683,11533,HAS_BLOCK
11533,11537,FLOW
11533,11657,FLOW
11533,11657,UNWIND
11683,11537,HAS_BLOCK
11537,11541,FLOW
11537,11657,FLOW
11537,11657,UNWIND
11683,11541,HAS_BLOCK
11541,11543,FLOW
11541,11545,FLOW
11541,11615,FLOW
11683,11543,HAS_BLOCK
11543,11515,FLOW
11683,11545,HAS_BLOCK
11545,11661,FLOW
11545,11657,FLOW
11545,11657,UNWIND
11683,11553,HAS_BLOCK
11553,11561,FLOW
11553,11555,FLOW
11683,11555,HAS_BLOCK
11555,11559,FLOW
11555,11657,FLOW
11555,11657,UNWIND
11683,11559,HAS_BLOCK
11559,11651,FLOW
11683,11561,HAS_BLOCK
11561,11565,FLOW
11561,11657,FLOW
11561,11657,UNWIND
11683,11565,HAS_BLOCK
11565,11569,FLOW
11565,11657,FLOW
11565,11657,UNWIND
11683,11569,HAS_BLOCK
11569,11571,FLOW
11569,11573,FLOW
11569,11615,FLOW
11683,11571,HAS_BLOCK
11571,11577,FLOW
11571,11579,FLOW
11571,11579,UNWIND
11683,11573,HAS_BLOCK
11573,11663,FLOW
11573,11657,FLOW
11573,11657,UNWIND
11683,11577,HAS_BLOCK
11577,11515,FLOW
11683,11579,HAS_BLOCK
11579,11657,FLOW
11683,11585,HAS_BLOCK
11585,11589,FLOW
11585,11657,FLOW
11585,11657,UNWIND
11683,11589,HAS_BLOCK
11589,11515,FLOW
11589,11591,FLOW
11589,11615,FLOW
11683,11591,HAS_BLOCK
11591,11667,FLOW
11591,11657,FLOW
11591,11657,UNWIND
11683,11595,HAS_BLOCK
11595,11601,FLOW
11595,11657,FLOW
11595,11657,UNWIND
11683,11599,HAS_BLOCK
11599,11613,FLOW
11683,11601,HAS_BLOCK
11601,11605,FLOW
11601,11657,FLOW
11601,11657,UNWIND
11683,11605,HAS_BLOCK
11605,11607,FLOW
11605,11609,FLOW
11605,11615,FLOW
11683,11607,HAS_BLOCK
11607,11613,FLOW
11683,11609,HAS_BLOCK
11609,11669,FLOW
11609,11657,FLOW
11609,11657,UNWIND
11683,11613,HAS_BLOCK
11613,11617,FLOW
11613,11621,FLOW
11613,11615,FLOW
11683,11617,HAS_BLOCK
11617,11623,FLOW
11617,11657,FLOW
11617,11657,UNWIND
11683,11621,HAS_BLOCK
11621,11635,FLOW
11683,11623,HAS_BLOCK
11623,11627,FLOW
11623,11657,FLOW
11623,11657,UNWIND
11683,11627,HAS_BLOCK
11627,11629,FLOW
11627,11631,FLOW
11627,11615,FLOW
11683,11629,HAS_BLOCK
11629,11635,FLOW
11683,11631,HAS_BLOCK
11631,11671,FLOW
11631,11657,FLOW
11631,11657,UNWIND
11683,11635,HAS_BLOCK
11635,11637,FLOW
11683,11637,HAS_BLOCK
11637,11683,RETURN
11683,11639,HAS_BLOCK
11639,11641,FLOW
11683,11641,HAS_BLOCK
11683,11645,HAS_BLOCK
11645,11637,FLOW
11683,11647,HAS_BLOCK
11647,11645,FLOW
11647,11649,FLOW
11683,11649,HAS_BLOCK
11649,11645,FLOW
11649,11639,FLOW
11649,11639,UNWIND
11683,11651,HAS_BLOCK
11651,11647,FLOW
11651,11645,FLOW
11651,11615,FLOW
11683,11653,HAS_BLOCK
11653,11639,FLOW
11653,11655,FLOW
11683,11655,HAS_BLOCK
11655,11639,FLOW
11683,11657,HAS_BLOCK
11657,11653,FLOW
11657,11639,FLOW
11683,11659,HAS_BLOCK
11659,11651,FLOW
11683,11661,HAS_BLOCK
11661,11651,FLOW
11683,11663,HAS_BLOCK
11663,11651,FLOW
11683,11667,HAS_BLOCK
11667,11651,FLOW
11683,11669,HAS_BLOCK
11669,11651,FLOW
11683,11671,HAS_BLOCK
11671,11651,FLOW
11413,11415,HAS_PARAM
11413,11417,HAS_PARAM
11413,11407,HAS_BLOCK
11407,11411,FLOW
11413,11411,HAS_BLOCK
11411,11413,RETURN
11495,11497,HAS_PARAM
11495,11499,HAS_PARAM
11495,11485,HAS_BLOCK
11485,11491,FLOW
11485,11489,FLOW
11485,11487,FLOW
11495,11487,HAS_BLOCK
11487,11493,FLOW
11495,11489,HAS_BLOCK
11489,11493,FLOW
11495,11491,HAS_BLOCK
11491,11493,FLOW
11495,11493,HAS_BLOCK
11493,11495,RETURN
11479,11481,HAS_PARAM
11479,11483,HAS_PARAM
11479,11459,HAS_BLOCK
11459,11475,FLOW
11479,11463,HAS_BLOCK
11463,11477,FLOW
11479,11465,HAS_BLOCK
11465,11477,FLOW
11479,11467,HAS_BLOCK
11467,11473,FLOW
11479,11471,HAS_BLOCK
11471,11477,FLOW
11479,11473,HAS_BLOCK
11473,11463,FLOW
11473,11471,FLOW
11479,11475,HAS_BLOCK
11475,11467,FLOW
11475,11465,FLOW
11479,11477,HAS_BLOCK
11477,11479,RETURN
11453,11455,HAS_PARAM
11453,11457,HAS_PARAM
11453,11419,HAS_BLOCK
11419,11423,FLOW
11419,11437,FLOW
11453,11421,HAS_BLOCK
11421,11435,FLOW
11453,11437,HAS_BLOCK
11437,11439,FLOW
11437,11421,FLOW
11453,11439,HAS_BLOCK
11439,11441,FLOW
11439,11421,FLOW
11453,11441,HAS_BLOCK
11441,11443,FLOW
11441,11421,FLOW
11453,11443,HAS_BLOCK
11443,11445,FLOW
11443,11421,FLOW
11453,11445,HAS_BLOCK
11445,11447,FLOW
11445,11421,FLOW
11453,11447,HAS_BLOCK
11447,11449,FLOW
11447,11421,FLOW
11453,11449,HAS_BLOCK
11449,11451,FLOW
11449,11421,FLOW
11453,11451,HAS_BLOCK
11451,11434,FLOW
11451,11421,FLOW
11453,11423,HAS_BLOCK
11423,11421,FLOW
11423,11425,FLOW
11453,11425,HAS_BLOCK
11425,11427,FLOW
11425,11421,FLOW
11453,11427,HAS_BLOCK
11427,11429,FLOW
11427,11421,FLOW
11453,11429,HAS_BLOCK
11429,11430,FLOW
11429,11421,FLOW
11453,11430,HAS_BLOCK
11430,11431,FLOW
11430,11421,FLOW
11453,11431,HAS_BLOCK
11431,11432,FLOW
11431,11421,FLOW
11453,11432,HAS_BLOCK
11432,11433,FLOW
11432,11421,FLOW
11453,11433,HAS_BLOCK
11433,11435,FLOW
11453,11434,HAS_BLOCK
11434,11435,FLOW
11453,11435,HAS_BLOCK
11435,11453,RETURN
11403,11405,HAS_PARAM
11403,11397,HAS_BLOCK
11397,11401,FLOW
11403,11401,HAS_BLOCK
11401,11403,RETURN
11507,11509,HAS_PARAM
11507,11511,HAS_PARAM
11507,11501,HAS_BLOCK
11501,11505,FLOW
11507,11505,HAS_BLOCK
11505,11507,RETURN
11749,11751,HAS_PARAM
11749,11753,HAS_PARAM
11749,11689,HAS_BLOCK
11689,11693,FLOW
11689,11715,FLOW
11689,11715,UNWIND
11749,11693,HAS_BLOCK
11693,11721,FLOW
11693,11715,FLOW
11693,11715,UNWIND
11749,11721,HAS_BLOCK
11721,11729,FLOW
11721,11731,FLOW
11721,11727,FLOW
11749,11727,HAS_BLOCK
11749,11729,HAS_BLOCK
11729,11735,FLOW
11729,11739,FLOW
11729,11727,FLOW
11749,11731,HAS_BLOCK
11731,11723,FLOW
11731,11715,FLOW
11731,11715,UNWIND
11749,11735,HAS_BLOCK
11735,11743,FLOW
11735,11715,FLOW
11735,11715,UNWIND
11749,11739,HAS_BLOCK
11739,11745,FLOW
11739,11715,FLOW
11739,11715,UNWIND
11749,11743,HAS_BLOCK
11743,11711,FLOW
11749,11745,HAS_BLOCK
11745,11695,FLOW
11745,11715,FLOW
11745,11715,UNWIND
11749,11695,HAS_BLOCK
11695,11697,FLOW
11695,11699,FLOW
11695,11727,FLOW
11749,11697,HAS_BLOCK
11697,11703,FLOW
11697,11707,FLOW
11697,11727,FLOW
11749,11699,HAS_BLOCK
11699,11725,FLOW
11699,11715,FLOW
11699,11715,UNWIND
11749,11703,HAS_BLOCK
11703,11709,FLOW
11703,11715,FLOW
11703,11715,UNWIND
11749,11707,HAS_BLOCK
11707,11713,FLOW
11749,11709,HAS_BLOCK
11709,11711,FLOW
11749,11711,HAS_BLOCK
11711,11713,FLOW
11749,11713,HAS_BLOCK
11713,11749,RETURN
11749,11715,HAS_BLOCK
11715,11717,FLOW
11749,11717,HAS_BLOCK
11749,11723,HAS_BLOCK
11723,11711,FLOW
11749,11725,HAS_BLOCK
11725,11711,FLOW
11683,11685,HAS_PARAM
11683,11687,HAS_PARAM
11683,11513,HAS_BLOCK
11513,11515,FLOW
11683,11515,HAS_BLOCK
11515,11551,FLOW
11515,11657,FLOW
11515,11657,UNWIND
11683,11551,HAS_BLOCK
11551,11583,FLOW
11551,11657,FLOW
11551,11657,UNWIND
11683,11583,HAS_BLOCK
11583,11643,FLOW
11583,11665,FLOW
11583,11615,FLOW
11683,11615,HAS_BLOCK
11683,11643,HAS_BLOCK
11643,11677,FLOW
11643,11675,FLOW
11643,11615,FLOW
11683,11665,HAS_BLOCK
11665,11659,FLOW
11665,11657,FLOW
11665,11657,UNWIND
11683,11675,HAS_BLOCK
11675,11595,FLOW
11675,11599,FLOW
11675,11615,FLOW
11683,11677,HAS_BLOCK
11677,11521,FLOW
11677,11517,FLOW
11677,11679,FLOW
11677,11615,FLOW
11683,11679,HAS_BLOCK
11679,11585,FLOW
11679,11657,FLOW
11679,11657,UNWIND
11683,11517,HAS_BLOCK
11517,11553,FLOW
11517,11657,FLOW
11517,11657,UNWIND
11683,11521,HAS_BLOCK
11521,11525,FLOW
11521,11657,FLOW
11521,11657,UNWIND
11683,11525,HAS_BLOCK
11525,11533,FLOW
11525,11527,FLOW
11683,11527,HAS_BLOCK
11527,11531,FLOW
11527,11657,FLOW
11527,11657,UNWIND
11683,11531,HAS_BLOCK
11531,11651,FLOW
11683,11533,HAS_BLOCK
11533,11537,FLOW
11533,11657,FLOW
11533,11657,UNWIND
11683,11537,HAS_BLOCK
11537,11541,FLOW
11537,11657,FLOW
11537,11657,UNWIND
11683,11541,HAS_BLOCK
11541,11543,FLOW
11541,11545,FLOW
11541,11615,FLOW
11683,11543,HAS_BLOCK
11543,11515,FLOW
11683,11545,HAS_BLOCK
11545,11661,FLOW
11545,11657,FLOW
11545,11657,UNWIND
11683,11553,HAS_BLOCK
11553,11561,FLOW
11553,11555,FLOW
11683,11555,HAS_BLOCK
11555,11559,FLOW
11555,11657,FLOW
11555,11657,UNWIND
11683,11559,HAS_BLOCK
11559,11651,FLOW
11683,11561,HAS_BLOCK
11561,11565,FLOW
11561,11657,FLOW
11561,11657,UNWIND
11683,11565,HAS_BLOCK
11565,11569,FLOW
11565,11657,FLOW
11565,11657,UNWIND
11683,11569,HAS_BLOCK
11569,11571,FLOW
11569,11573,FLOW
11569,11615,FLOW
11683,11571,HAS_BLOCK
11571,11577,FLOW
11571,11579,FLOW
11571,11579,UNWIND
11683,11573,HAS_BLOCK
11573,11663,FLOW
11573,11657,FLOW
11573,11657,UNWIND
11683,11577,HAS_BLOCK
11577,11515,FLOW
11683,11579,HAS_BLOCK
11579,11657,FLOW
11683,11585,HAS_BLOCK
11585,11589,FLOW
11585,11657,FLOW
11585,11657,UNWIND
11683,11589,HAS_BLOCK
11589,11515,FLOW
11589,11591,FLOW
11589,11615,FLOW
11683,11591,HAS_BLOCK
11591,11667,FLOW
11591,11657,FLOW
11591,11657,UNWIND
11683,11595,HAS_BLOCK
11595,11601,FLOW
11595,11657,FLOW
11595,11657,UNWIND
11683,11599,HAS_BLOCK
11599,11613,FLOW
11683,11601,HAS_BLOCK
11601,11605,FLOW
11601,11657,FLOW
11601,11657,UNWIND
11683,11605,HAS_BLOCK
11605,11607,FLOW
11605,11609,FLOW
11605,11615,FLOW
11683,11607,HAS_BLOCK
11607,11613,FLOW
11683,11609,HAS_BLOCK
11609,11669,FLOW
11609,11657,FLOW
11609,11657,UNWIND
11683,11613,HAS_BLOCK
11613,11617,FLOW
11613,11621,FLOW
11613,11615,FLOW
11683,11617,HAS_BLOCK
11617,11623,FLOW
11617,11657,FLOW
11617,11657,UNWIND
11683,11621,HAS_BLOCK
11621,11635,FLOW
11683,11623,HAS_BLOCK
11623,11627,FLOW
11623,11657,FLOW
11623,11657,UNWIND
11683,11627,HAS_BLOCK
11627,11629,FLOW
11627,11631,FLOW
11627,11615,FLOW
11683,11629,HAS_BLOCK
11629,11635,FLOW
11683,11631,HAS_BLOCK
11631,11671,FLOW
11631,11657,FLOW
11631,11657,UNWIND
11683,11635,HAS_BLOCK
11635,11637,FLOW
11683,11637,HAS_BLOCK
11637,11683,RETURN
11683,11639,HAS_BLOCK
11639,11641,FLOW
11683,11641,HAS_BLOCK
11683,11645,HAS_BLOCK
11645,11637,FLOW
11683,11647,HAS_BLOCK
11647,11645,FLOW
11647,11649,FLOW
11683,11649,HAS_BLOCK
11649,11645,FLOW
11649,11639,FLOW
11649,11639,UNWIND
11683,11651,HAS_BLOCK
11651,11647,FLOW
11651,11645,FLOW
11651,11615,FLOW
11683,11653,HAS_BLOCK
11653,11639,FLOW
11653,11655,FLOW
11683,11655,HAS_BLOCK
11655,11639,FLOW
11683,11657,HAS_BLOCK
11657,11653,FLOW
11657,11639,FLOW
11683,11659,HAS_BLOCK
11659,11651,FLOW
11683,11661,HAS_BLOCK
11661,11651,FLOW
11683,11663,HAS_BLOCK
11663,11651,FLOW
11683,11667,HAS_BLOCK
11667,11651,FLOW
11683,11669,HAS_BLOCK
11669,11651,FLOW
11683,11671,HAS_BLOCK
11671,11651,FLOW
15401,15402,HAS_PARAM
15401,15403,HAS_PARAM
15401,15398,HAS_BLOCK
15398,15400,FLOW
15401,15400,HAS_BLOCK
15400,15401,RETURN
15386,15387,HAS_PARAM
15386,15381,HAS_BLOCK
15381,15383,FLOW
15386,15383,HAS_BLOCK
15383,15385,FLOW
15386,15385,HAS_BLOCK
15385,15386,RETURN
15395,15396,HAS_PARAM
15395,15397,HAS_PARAM
15395,15388,HAS_BLOCK
15388,15390,FLOW
15395,15390,HAS_BLOCK
15390,15393,FLOW
15390,15391,FLOW
15395,15391,HAS_BLOCK
15391,15394,FLOW
15395,15393,HAS_BLOCK
15393,15394,FLOW
15395,15394,HAS_BLOCK
15394,15395,RETURN
21665,21666,HAS_PARAM
21665,21667,HAS_PARAM
21665,21628,HAS_BLOCK
21628,21629,FLOW
21628,21650,FLOW
21628,21650,UNWIND
21665,21629,HAS_BLOCK
21629,21645,FLOW
21629,21650,FLOW
21629,21650,UNWIND
21665,21645,HAS_BLOCK
21645,21654,FLOW
21645,21650,FLOW
21645,21650,UNWIND
21665,21654,HAS_BLOCK
21654,21656,FLOW
21665,21656,HAS_BLOCK
21656,21658,FLOW
21656,21660,FLOW
21656,21657,FLOW
21665,21657,HAS_BLOCK
21665,21658,HAS_BLOCK
21658,21662,FLOW
21658,21648,FLOW
21658,21648,UNWIND
21665,21660,HAS_BLOCK
21660,21643,FLOW
21665,21662,HAS_BLOCK
21662,21664,FLOW
21662,21648,FLOW
21662,21648,UNWIND
21665,21664,HAS_BLOCK
21664,21630,FLOW
21664,21632,FLOW
21664,21657,FLOW
21665,21630,HAS_BLOCK
21630,21634,FLOW
21630,21648,FLOW
21630,21648,UNWIND
21665,21632,HAS_BLOCK
21632,21651,FLOW
21632,21648,FLOW
21632,21648,UNWIND
21665,21634,HAS_BLOCK
21634,21636,FLOW
21634,21648,FLOW
21634,21648,UNWIND
21665,21636,HAS_BLOCK
21636,21637,FLOW
21636,21639,FLOW
21636,21657,FLOW
21665,21637,HAS_BLOCK
21637,21641,FLOW
21637,21648,FLOW
21637,21648,UNWIND
21665,21639,HAS_BLOCK
21639,21652,FLOW
21639,21648,FLOW
21639,21648,UNWIND
21665,21641,HAS_BLOCK
21641,21644,FLOW
21665,21642,HAS_BLOCK
21642,21643,FLOW
21665,21643,HAS_BLOCK
21643,21644,FLOW
21665,21644,HAS_BLOCK
21644,21665,RETURN
21665,21646,HAS_BLOCK
21665,21647,HAS_BLOCK
21647,21646,FLOW
21665,21648,HAS_BLOCK
21648,21646,FLOW
21648,21647,FLOW
21665,21649,HAS_BLOCK
21649,21646,FLOW
21665,21650,HAS_BLOCK
21650,21646,FLOW
21650,21649,FLOW
21665,21651,HAS_BLOCK
21651,21642,FLOW
21665,21652,HAS_BLOCK
21652,21642,FLOW
19702,19703,HAS_PARAM
19702,19699,HAS_BLOCK
19699,19701,FLOW
19702,19701,HAS_BLOCK
19701,19702,RETURN
16921,16922,HAS_PARAM
16921,16923,HAS_PARAM
16921,16918,HAS_BLOCK
16918,16920,FLOW
16921,16920,HAS_BLOCK
16920,16921,RETURN
16973,16974,HAS_PARAM
16973,16975,HAS_PARAM
16973,16968,HAS_BLOCK
16968,16971,FLOW
16968,16970,FLOW
16968,16969,FLOW
16973,16969,HAS_BLOCK
16969,16972,FLOW
16973,16970,HAS_BLOCK
16970,16972,FLOW
16973,16971,HAS_BLOCK
16971,16972,FLOW
16973,16972,HAS_BLOCK
16972,16973,RETURN
16965,16966,HAS_PARAM
16965,16967,HAS_PARAM
16965,16955,HAS_BLOCK
16955,16963,FLOW
16965,16957,HAS_BLOCK
16957,16964,FLOW
16965,16958,HAS_BLOCK
16958,16964,FLOW
16965,16959,HAS_BLOCK
16959,16962,FLOW
16965,16961,HAS_BLOCK
16961,16964,FLOW
16965,16962,HAS_BLOCK
16962,16957,FLOW
16962,16961,FLOW
16965,16963,HAS_BLOCK
16963,16959,FLOW
16963,16958,FLOW
16965,16964,HAS_BLOCK
16964,16965,RETURN
16952,16953,HAS_PARAM
16952,16954,HAS_PARAM
16952,16924,HAS_BLOCK
16924,16928,FLOW
16924,16936,FLOW
16952,16925,HAS_BLOCK
16925,16944,FLOW
16952,16936,HAS_BLOCK
16936,16945,FLOW
16936,16925,FLOW
16952,16945,HAS_BLOCK
16945,16946,FLOW
16945,16925,FLOW
16952,16946,HAS_BLOCK
16946,16947,FLOW
16946,16925,FLOW
16952,16947,HAS_BLOCK
16947,16948,FLOW
16947,16925,FLOW
16952,16948,HAS_BLOCK
16948,16949,FLOW
16948,16925,FLOW
16952,16949,HAS_BLOCK
16949,16950,FLOW
16949,16925,FLOW
16952,16950,HAS_BLOCK
16950,16951,FLOW
16950,16925,FLOW
16952,16951,HAS_BLOCK
16951,16926,FLOW
16951,16925,FLOW
16952,16926,HAS_BLOCK
16926,16927,FLOW
16926,16925,FLOW
16952,16927,HAS_BLOCK
16927,16943,FLOW
16927,16925,FLOW
16952,16928,HAS_BLOCK
16928,16925,FLOW
16928,16929,FLOW
16952,16929,HAS_BLOCK
16929,16930,FLOW
16929,16925,FLOW
16952,16930,HAS_BLOCK
16930,16931,FLOW
16930,16925,FLOW
16952,16931,HAS_BLOCK
16931,16932,FLOW
16931,16925,FLOW
16952,16932,HAS_BLOCK
16932,16933,FLOW
16932,16925,FLOW
16952,16933,HAS_BLOCK
16933,16934,FLOW
16933,16925,FLOW
16952,16934,HAS_BLOCK
16934,16935,FLOW
16934,16925,FLOW
16952,16935,HAS_BLOCK
16935,16937,FLOW
16935,16925,FLOW
16952,16937,HAS_BLOCK
16937,16938,FLOW
16937,16925,FLOW
16952,16938,HAS_BLOCK
16938,16939,FLOW
16938,16925,FLOW
16952,16939,HAS_BLOCK
16939,16940,FLOW
16939,16925,FLOW
16952,16940,HAS_BLOCK
16940,16941,FLOW
16940,16925,FLOW
16952,16941,HAS_BLOCK
16941,16942,FLOW
16941,16925,FLOW
16952,16942,HAS_BLOCK
16942,16944,FLOW
16952,16943,HAS_BLOCK
16943,16944,FLOW
16952,16944,HAS_BLOCK
16944,16952,RETURN
16916,16917,HAS_PARAM
16916,16913,HAS_BLOCK
16913,16915,FLOW
16916,16915,HAS_BLOCK
16915,16916,RETURN
16979,16980,HAS_PARAM
16979,16981,HAS_PARAM
16979,16976,HAS_BLOCK
16976,16978,FLOW
16979,16978,HAS_BLOCK
16978,16979,RETURN
17092,17093,HAS_PARAM
17092,17094,HAS_PARAM
17092,17062,HAS_BLOCK
17062,17064,FLOW
17062,17075,FLOW
17062,17075,UNWIND
17092,17064,HAS_BLOCK
17064,17078,FLOW
17064,17075,FLOW
17064,17075,UNWIND
17092,17078,HAS_BLOCK
17078,17082,FLOW
17078,17083,FLOW
17078,17081,FLOW
17092,17081,HAS_BLOCK
17092,17082,HAS_BLOCK
17082,17085,FLOW
17082,17087,FLOW
17082,17081,FLOW
17092,17083,HAS_BLOCK
17083,17079,FLOW
17083,17075,FLOW
17083,17075,UNWIND
17092,17085,HAS_BLOCK
17085,17089,FLOW
17085,17075,FLOW
17085,17075,UNWIND
17092,17087,HAS_BLOCK
17087,17090,FLOW
17087,17075,FLOW
17087,17075,UNWIND
17092,17089,HAS_BLOCK
17089,17073,FLOW
17092,17090,HAS_BLOCK
17090,17065,FLOW
17090,17075,FLOW
17090,17075,UNWIND
17092,17065,HAS_BLOCK
17065,17066,FLOW
17065,17067,FLOW
17065,17081,FLOW
17092,17066,HAS_BLOCK
17066,17069,FLOW
17066,17071,FLOW
17066,17081,FLOW
17092,17067,HAS_BLOCK
17067,17080,FLOW
17067,17075,FLOW
17067,17075,UNWIND
17092,17069,HAS_BLOCK
17069,17072,FLOW
17069,17075,FLOW
17069,17075,UNWIND
17092,17071,HAS_BLOCK
17071,17074,FLOW
17092,17072,HAS_BLOCK
17072,17073,FLOW
17092,17073,HAS_BLOCK
17073,17074,FLOW
17092,17074,HAS_BLOCK
17074,17092,RETURN
17092,17075,HAS_BLOCK
17075,17076,FLOW
17092,17076,HAS_BLOCK
17092,17079,HAS_BLOCK
17079,17073,FLOW
17092,17080,HAS_BLOCK
17080,17073,FLOW
17059,17060,HAS_PARAM
17059,17061,HAS_PARAM
17059,16982,HAS_BLOCK
16982,16983,FLOW
17059,16983,HAS_BLOCK
16983,17001,FLOW
16983,17044,FLOW
16983,17044,UNWIND
17059,17001,HAS_BLOCK
17001,17018,FLOW
17001,17044,FLOW
17001,17044,UNWIND
17059,17018,HAS_BLOCK
17018,17047,FLOW
17018,17053,FLOW
17018,17034,FLOW
17059,17034,HAS_BLOCK
17059,17047,HAS_BLOCK
17047,17056,FLOW
17047,17055,FLOW
17047,17034,FLOW
17059,17053,HAS_BLOCK
17053,17046,FLOW
17053,17044,FLOW
17053,17044,UNWIND
17059,17055,HAS_BLOCK
17055,17021,FLOW
17055,17023,FLOW
17055,17034,FLOW
17059,17056,HAS_BLOCK
17056,16986,FLOW
17056,16984,FLOW
17056,17057,FLOW
17056,17034,FLOW
17059,17057,HAS_BLOCK
17057,17014,FLOW
17057,17044,FLOW
17057,17044,UNWIND
17059,16984,HAS_BLOCK
16984,17002,FLOW
16984,17044,FLOW
16984,17044,UNWIND
17059,16986,HAS_BLOCK
16986,16988,FLOW
16986,17044,FLOW
16986,17044,UNWIND
17059,16988,HAS_BLOCK
16988,16992,FLOW
16988,16989,FLOW
17059,16989,HAS_BLOCK
16989,16991,FLOW
16989,17044,FLOW
16989,17044,UNWIND
17059,16991,HAS_BLOCK
16991,17042,FLOW
17059,16992,HAS_BLOCK
16992,16994,FLOW
16992,17044,FLOW
16992,17044,UNWIND
17059,16994,HAS_BLOCK
16994,16996,FLOW
16994,17044,FLOW
16994,17044,UNWIND
17059,16996,HAS_BLOCK
16996,16997,FLOW
16996,16998,FLOW
16996,17034,FLOW
17059,16997,HAS_BLOCK
16997,16983,FLOW
17059,16998,HAS_BLOCK
16998,17048,FLOW
16998,17044,FLOW
16998,17044,UNWIND
17059,17002,HAS_BLOCK
17002,17006,FLOW
17002,17003,FLOW
17059,17003,HAS_BLOCK
17003,17005,FLOW
17003,17044,FLOW
17003,17044,UNWIND
17059,17005,HAS_BLOCK
17005,17042,FLOW
17059,17006,HAS_BLOCK
17006,17008,FLOW
17006,17044,FLOW
17006,17044,UNWIND
17059,17008,HAS_BLOCK
17008,17010,FLOW
17008,17044,FLOW
17008,17044,UNWIND
17059,17010,HAS_BLOCK
17010,17011,FLOW
17010,17012,FLOW
17010,17034,FLOW
17059,17011,HAS_BLOCK
17011,16983,FLOW
17059,17012,HAS_BLOCK
17012,17049,FLOW
17012,17044,FLOW
17012,17044,UNWIND
17059,17014,HAS_BLOCK
17014,17016,FLOW
17014,17044,FLOW
17014,17044,UNWIND
17059,17016,HAS_BLOCK
17016,16983,FLOW
17016,17019,FLOW
17016,17034,FLOW
17059,17019,HAS_BLOCK
17019,17050,FLOW
17019,17044,FLOW
17019,17044,UNWIND
17059,17021,HAS_BLOCK
17021,17024,FLOW
17021,17044,FLOW
17021,17044,UNWIND
17059,17023,HAS_BLOCK
17023,17030,FLOW
17059,17024,HAS_BLOCK
17024,17026,FLOW
17024,17044,FLOW
17024,17044,UNWIND
17059,17026,HAS_BLOCK
17026,17027,FLOW
17026,17028,FLOW
17026,17034,FLOW
17059,17027,HAS_BLOCK
17027,17030,FLOW
17059,17028,HAS_BLOCK
17028,17051,FLOW
17028,17044,FLOW
17028,17044,UNWIND
17059,17030,HAS_BLOCK
17030,17031,FLOW
17030,17033,FLOW
17030,17034,FLOW
17059,17031,HAS_BLOCK
17031,17035,FLOW
17031,17044,FLOW
17031,17044,UNWIND
17059,17033,HAS_BLOCK
17033,17041,FLOW
17059,17035,HAS_BLOCK
17035,17037,FLOW
17035,17044,FLOW
17035,17044,UNWIND
17059,17037,HAS_BLOCK
17037,17038,FLOW
17037,17039,FLOW
17037,17034,FLOW
17059,17038,HAS_BLOCK
17038,17041,FLOW
17059,17039,HAS_BLOCK
17039,17052,FLOW
17039,17044,FLOW
17039,17044,UNWIND
17059,17041,HAS_BLOCK
17041,17043,FLOW
17059,17042,HAS_BLOCK
17042,17043,FLOW
17059,17043,HAS_BLOCK
17043,17059,RETURN
17059,17044,HAS_BLOCK
17044,17045,FLOW
17059,17045,HAS_BLOCK
17059,17046,HAS_BLOCK
17046,17042,FLOW
17059,17048,HAS_BLOCK
17048,17042,FLOW
17059,17049,HAS_BLOCK
17049,17042,FLOW
17059,17050,HAS_BLOCK
17050,17042,FLOW
17059,17051,HAS_BLOCK
17051,17042,FLOW
17059,17052,HAS_BLOCK
17052,17042,FLOW
15157,15158,HAS_PARAM
15157,15159,HAS_PARAM
15157,15090,HAS_BLOCK
15090,15141,FLOW
15090,15139,FLOW
15090,15137,FLOW
15090,15135,FLOW
15090,15131,FLOW
15090,15129,FLOW
15090,15127,FLOW
15090,15125,FLOW
15090,15123,FLOW
15090,15121,FLOW
15090,15119,FLOW
15090,15117,FLOW
15090,15115,FLOW
15090,15113,FLOW
15090,15110,FLOW
15090,15108,FLOW
15090,15106,FLOW
15090,15104,FLOW
15090,15102,FLOW
15090,15100,FLOW
15090,15098,FLOW
15090,15096,FLOW
15090,15094,FLOW
15090,15092,FLOW
15090,15155,FLOW
15090,15153,FLOW
15090,15151,FLOW
15090,15149,FLOW
15090,15147,FLOW
15090,15145,FLOW
15090,15134,FLOW
15090,15112,FLOW
15090,15091,FLOW
15157,15091,HAS_BLOCK
15157,15112,HAS_BLOCK
15112,15143,FLOW
15157,15134,HAS_BLOCK
15134,15143,FLOW
15157,15145,HAS_BLOCK
15145,15143,FLOW
15157,15147,HAS_BLOCK
15147,15143,FLOW
15157,15149,HAS_BLOCK
15149,15143,FLOW
15157,15151,HAS_BLOCK
15151,15143,FLOW
15157,15153,HAS_BLOCK
15153,15143,FLOW
15157,15155,HAS_BLOCK
15155,15143,FLOW
15157,15092,HAS_BLOCK
15092,15143,FLOW
15157,15094,HAS_BLOCK
15094,15143,FLOW
15157,15096,HAS_BLOCK
15096,15143,FLOW
15157,15098,HAS_BLOCK
15098,15143,FLOW
15157,15100,HAS_BLOCK
15100,15143,FLOW
15157,15102,HAS_BLOCK
15102,15143,FLOW
15157,15104,HAS_BLOCK
15104,15143,FLOW
15157,15106,HAS_BLOCK
15106,15143,FLOW
15157,15108,HAS_BLOCK
15108,15143,FLOW
15157,15110,HAS_BLOCK
15110,15143,FLOW
15157,15113,HAS_BLOCK
15113,15143,FLOW
15157,15115,HAS_BLOCK
15115,15143,FLOW
15157,15117,HAS_BLOCK
15117,15143,FLOW
15157,15119,HAS_BLOCK
15119,15143,FLOW
15157,15121,HAS_BLOCK
15121,15143,FLOW
15157,15123,HAS_BLOCK
15123,15143,FLOW
15157,15125,HAS_BLOCK
15125,15143,FLOW
15157,15127,HAS_BLOCK
15127,15143,FLOW
15157,15129,HAS_BLOCK
15129,15143,FLOW
15157,15131,HAS_BLOCK
15131,15143,FLOW
15157,15135,HAS_BLOCK
15135,15143,FLOW
15157,15137,HAS_BLOCK
15137,15143,FLOW
15157,15139,HAS_BLOCK
15139,15143,FLOW
15157,15141,HAS_BLOCK
15141,15143,FLOW
15157,15143,HAS_BLOCK
15143,15157,RETURN
14746,14747,HAS_PARAM
14746,14527,HAS_BLOCK
14527,14621,FLOW
14527,14619,FLOW
14527,14617,FLOW
14527,14615,FLOW
14527,14611,FLOW
14527,14609,FLOW
14527,14607,FLOW
14527,14605,FLOW
14527,14603,FLOW
14527,14601,FLOW
14527,14599,FLOW
14527,14597,FLOW
14527,14595,FLOW
14527,14593,FLOW
14527,14590,FLOW
14527,14588,FLOW
14527,14586,FLOW
14527,14584,FLOW
14527,14582,FLOW
14527,14580,FLOW
14527,14572,FLOW
14527,14560,FLOW
14527,14545,FLOW
14527,14529,FLOW
14527,14727,FLOW
14527,14710,FLOW
14527,14693,FLOW
14527,14673,FLOW
14527,14654,FLOW
14527,14634,FLOW
14527,14614,FLOW
14527,14592,FLOW
14527,14528,FLOW
14746,14528,HAS_BLOCK
14746,14592,HAS_BLOCK
14592,14553,FLOW
14746,14614,HAS_BLOCK
14614,14552,FLOW
14746,14634,HAS_BLOCK
14634,14551,FLOW
14746,14654,HAS_BLOCK
14654,14546,FLOW
14746,14673,HAS_BLOCK
14673,14541,FLOW
14746,14693,HAS_BLOCK
14693,14540,FLOW
14746,14710,HAS_BLOCK
14710,14539,FLOW
14746,14727,HAS_BLOCK
14727,14536,FLOW
14746,14529,HAS_BLOCK
14529,14535,FLOW
14746,14545,HAS_BLOCK
14545,14743,FLOW
14746,14560,HAS_BLOCK
14560,14740,FLOW
14746,14572,HAS_BLOCK
14572,14735,FLOW
14746,14580,HAS_BLOCK
14580,14728,FLOW
14746,14582,HAS_BLOCK
14582,14719,FLOW
14746,14584,HAS_BLOCK
14584,14718,FLOW
14746,14586,HAS_BLOCK
14586,14715,FLOW
14746,14588,HAS_BLOCK
14588,14712,FLOW
14746,14590,HAS_BLOCK
14590,14711,FLOW
14746,14593,HAS_BLOCK
14593,14704,FLOW
14746,14595,HAS_BLOCK
14595,14701,FLOW
14746,14597,HAS_BLOCK
14597,14698,FLOW
14746,14599,HAS_BLOCK
14599,14697,FLOW
14746,14601,HAS_BLOCK
14601,14688,FLOW
14746,14603,HAS_BLOCK
14603,14681,FLOW
14746,14605,HAS_BLOCK
14605,14674,FLOW
14746,14607,HAS_BLOCK
14607,14667,FLOW
14746,14609,HAS_BLOCK
14609,14662,FLOW
14746,14611,HAS_BLOCK
14611,14655,FLOW
14746,14615,HAS_BLOCK
14615,14644,FLOW
14746,14617,HAS_BLOCK
14617,14635,FLOW
14746,14619,HAS_BLOCK
14619,14632,FLOW
14746,14621,HAS_BLOCK
14621,14623,FLOW
14746,14623,HAS_BLOCK
14623,14625,FLOW
14746,14625,HAS_BLOCK
14625,14627,FLOW
14746,14627,HAS_BLOCK
14627,14629,FLOW
14627,14577,FLOW
14627,14577,UNWIND
14746,14629,HAS_BLOCK
14629,14631,FLOW
14629,14576,FLOW
14629,14576,UNWIND
14746,14631,HAS_BLOCK
14631,14556,FLOW
14746,14632,HAS_BLOCK
14632,14556,FLOW
14746,14635,HAS_BLOCK
14635,14637,FLOW
14746,14637,HAS_BLOCK
14637,14639,FLOW
14637,14575,FLOW
14637,14575,UNWIND
14746,14639,HAS_BLOCK
14639,14641,FLOW
14639,14574,FLOW
14639,14574,UNWIND
14746,14641,HAS_BLOCK
14641,14643,FLOW
14641,14573,FLOW
14641,14573,UNWIND
14746,14643,HAS_BLOCK
14643,14556,FLOW
14746,14644,HAS_BLOCK
14644,14646,FLOW
14746,14646,HAS_BLOCK
14646,14648,FLOW
14646,14570,FLOW
14646,14570,UNWIND
14746,14648,HAS_BLOCK
14648,14650,FLOW
14648,14569,FLOW
14648,14569,UNWIND
14746,14650,HAS_BLOCK
14650,14652,FLOW
14650,14568,FLOW
14650,14568,UNWIND
14746,14652,HAS_BLOCK
14652,14556,FLOW
14746,14655,HAS_BLOCK
14655,14657,FLOW
14746,14657,HAS_BLOCK
14657,14659,FLOW
14657,14567,FLOW
14657,14567,UNWIND
14746,14659,HAS_BLOCK
14659,14661,FLOW
14659,14566,FLOW
14659,14566,UNWIND
14746,14661,HAS_BLOCK
14661,14556,FLOW
14746,14662,HAS_BLOCK
14662,14664,FLOW
14746,14664,HAS_BLOCK
14664,14666,FLOW
14664,14565,FLOW
14664,14565,UNWIND
14746,14666,HAS_BLOCK
14666,14556,FLOW
14746,14667,HAS_BLOCK
14667,14669,FLOW
14746,14669,HAS_BLOCK
14669,14671,FLOW
14746,14671,HAS_BLOCK
14671,14556,FLOW
14746,14674,HAS_BLOCK
14674,14676,FLOW
14746,14676,HAS_BLOCK
14676,14678,FLOW
14746,14678,HAS_BLOCK
14678,14680,FLOW
14678,14564,FLOW
14678,14564,UNWIND
14746,14680,HAS_BLOCK
14680,14556,FLOW
14746,14681,HAS_BLOCK
14681,14683,FLOW
14746,14683,HAS_BLOCK
14683,14685,FLOW
14746,14685,HAS_BLOCK
14685,14687,FLOW
14746,14687,HAS_BLOCK
14687,14556,FLOW
14746,14688,HAS_BLOCK
14688,14690,FLOW
14688,14563,FLOW
14688,14563,UNWIND
14746,14690,HAS_BLOCK
14690,14694,FLOW
14690,14562,FLOW
14690,14562,UNWIND
14746,14694,HAS_BLOCK
14694,14696,FLOW
14694,14562,FLOW
14694,14562,UNWIND
14746,14696,HAS_BLOCK
14696,14556,FLOW
14746,14697,HAS_BLOCK
14697,14556,FLOW
14746,14698,HAS_BLOCK
14698,14700,FLOW
14746,14700,HAS_BLOCK
14700,14556,FLOW
14746,14701,HAS_BLOCK
14701,14703,FLOW
14746,14703,HAS_BLOCK
14703,14556,FLOW
14746,14704,HAS_BLOCK
14704,14706,FLOW
14746,14706,HAS_BLOCK
14706,14708,FLOW
14706,14561,FLOW
14706,14561,UNWIND
14746,14708,HAS_BLOCK
14708,14556,FLOW
14746,14711,HAS_BLOCK
14711,14556,FLOW
14746,14712,HAS_BLOCK
14712,14714,FLOW
14746,14714,HAS_BLOCK
14714,14556,FLOW
14746,14715,HAS_BLOCK
14715,14717,FLOW
14746,14717,HAS_BLOCK
14717,14556,FLOW
14746,14718,HAS_BLOCK
14718,14556,FLOW
14746,14719,HAS_BLOCK
14719,14721,FLOW
14746,14721,HAS_BLOCK
14721,14723,FLOW
14746,14723,HAS_BLOCK
14723,14725,FLOW
14746,14725,HAS_BLOCK
14725,14556,FLOW
14746,14728,HAS_BLOCK
14728,14730,FLOW
14746,14730,HAS_BLOCK
14730,14732,FLOW
14746,14732,HAS_BLOCK
14732,14734,FLOW
14746,14734,HAS_BLOCK
14734,14556,FLOW
14746,14735,HAS_BLOCK
14735,14737,FLOW
14746,14737,HAS_BLOCK
14737,14739,FLOW
14746,14739,HAS_BLOCK
14739,14556,FLOW
14746,14740,HAS_BLOCK
14740,14742,FLOW
14746,14742,HAS_BLOCK
14742,14556,FLOW
14746,14743,HAS_BLOCK
14743,14530,FLOW
14746,14530,HAS_BLOCK
14530,14532,FLOW
14530,14558,FLOW
14530,14558,UNWIND
14746,14532,HAS_BLOCK
14532,14534,FLOW
14532,14558,FLOW
14532,14558,UNWIND
14746,14534,HAS_BLOCK
14534,14556,FLOW
14746,14535,HAS_BLOCK
14535,14556,FLOW
14746,14536,HAS_BLOCK
14536,14538,FLOW
14746,14538,HAS_BLOCK
14538,14556,FLOW
14746,14539,HAS_BLOCK
14539,14556,FLOW
14746,14540,HAS_BLOCK
14540,14556,FLOW
14746,14541,HAS_BLOCK
14541,14543,FLOW
14541,14557,FLOW
14541,14557,UNWIND
14746,14543,HAS_BLOCK
14543,14556,FLOW
14746,14546,HAS_BLOCK
14546,14548,FLOW
14746,14548,HAS_BLOCK
14548,14550,FLOW
14746,14550,HAS_BLOCK
14550,14556,FLOW
14746,14551,HAS_BLOCK
14551,14556,FLOW
14746,14552,HAS_BLOCK
14552,14556,FLOW
14746,14553,HAS_BLOCK
14553,14555,FLOW
14746,14555,HAS_BLOCK
14555,14556,FLOW
14746,14556,HAS_BLOCK
14556,14746,RETURN
14746,14557,HAS_BLOCK
14557,14578,FLOW
14746,14558,HAS_BLOCK
14558,14578,FLOW
14746,14561,HAS_BLOCK
14561,14578,FLOW
14746,14562,HAS_BLOCK
14562,14563,FLOW
14746,14563,HAS_BLOCK
14563,14578,FLOW
14746,14564,HAS_BLOCK
14564,14578,FLOW
14746,14565,HAS_BLOCK
14565,14578,FLOW
14746,14566,HAS_BLOCK
14566,14567,FLOW
14746,14567,HAS_BLOCK
14567,14578,FLOW
14746,14568,HAS_BLOCK
14568,14569,FLOW
14746,14569,HAS_BLOCK
14569,14570,FLOW
14746,14570,HAS_BLOCK
14570,14578,FLOW
14746,14573,HAS_BLOCK
14573,14574,FLOW
14746,14574,HAS_BLOCK
14574,14575,FLOW
14746,14575,HAS_BLOCK
14575,14578,FLOW
14746,14576,HAS_BLOCK
14576,14577,FLOW
14746,14577,HAS_BLOCK
14577,14578,FLOW
14746,14578,HAS_BLOCK
15087,15088,HAS_PARAM
15087,15089,HAS_PARAM
15087,14748,HAS_BLOCK
14748,14903,FLOW
14748,14749,FLOW
15087,14749,HAS_BLOCK
14749,14979,FLOW
14749,15000,FLOW
14749,15021,FLOW
14749,15041,FLOW
14749,15056,FLOW
14749,15072,FLOW
14749,14750,FLOW
14749,14766,FLOW
14749,14781,FLOW
14749,14796,FLOW
14749,14812,FLOW
14749,14827,FLOW
14749,14842,FLOW
14749,14858,FLOW
14749,14872,FLOW
14749,14888,FLOW
14749,14904,FLOW
14749,14919,FLOW
14749,14934,FLOW
14749,14949,FLOW
14749,14958,FLOW
14749,14959,FLOW
14749,14960,FLOW
14749,14961,FLOW
14749,14962,FLOW
14749,14963,FLOW
14749,14965,FLOW
14749,14966,FLOW
14749,14967,FLOW
14749,14968,FLOW
14749,14969,FLOW
14749,14970,FLOW
14749,14964,FLOW
15087,14903,HAS_BLOCK
14903,14957,FLOW
15087,14964,HAS_BLOCK
15087,14979,HAS_BLOCK
14979,15036,FLOW
14979,14964,FLOW
15087,15000,HAS_BLOCK
15000,15034,FLOW
15000,14964,FLOW
15087,15021,HAS_BLOCK
15021,15032,FLOW
15021,14964,FLOW
15087,15041,HAS_BLOCK
15041,15030,FLOW
15041,14964,FLOW
15087,15056,HAS_BLOCK
15056,15028,FLOW
15056,14964,FLOW
15087,15072,HAS_BLOCK
15072,15026,FLOW
15072,14964,FLOW
15087,14750,HAS_BLOCK
14750,15024,FLOW
14750,14964,FLOW
15087,14766,HAS_BLOCK
14766,15022,FLOW
14766,14964,FLOW
15087,14781,HAS_BLOCK
14781,15019,FLOW
14781,14964,FLOW
15087,14796,HAS_BLOCK
14796,15017,FLOW
14796,14964,FLOW
15087,14812,HAS_BLOCK
14812,15015,FLOW
14812,14964,FLOW
15087,14827,HAS_BLOCK
14827,15013,FLOW
14827,14964,FLOW
15087,14842,HAS_BLOCK
14842,15011,FLOW
14842,14964,FLOW
15087,14858,HAS_BLOCK
14858,15009,FLOW
14858,14964,FLOW
15087,14872,HAS_BLOCK
14872,15007,FLOW
14872,14964,FLOW
15087,14888,HAS_BLOCK
14888,15005,FLOW
14888,14964,FLOW
15087,14904,HAS_BLOCK
14904,15003,FLOW
14904,14964,FLOW
15087,14919,HAS_BLOCK
14919,15001,FLOW
14919,14964,FLOW
15087,14934,HAS_BLOCK
14934,14998,FLOW
14934,14964,FLOW
15087,14949,HAS_BLOCK
14949,14996,FLOW
14949,14964,FLOW
15087,14958,HAS_BLOCK
14958,14994,FLOW
14958,14964,FLOW
15087,14959,HAS_BLOCK
14959,14992,FLOW
14959,14964,FLOW
15087,14960,HAS_BLOCK
14960,14990,FLOW
14960,14964,FLOW
15087,14961,HAS_BLOCK
14961,14988,FLOW
14961,14964,FLOW
15087,14962,HAS_BLOCK
14962,14986,FLOW
14962,14964,FLOW
15087,14963,HAS_BLOCK
14963,14984,FLOW
14963,14964,FLOW
15087,14965,HAS_BLOCK
14965,14982,FLOW
14965,14964,FLOW
15087,14966,HAS_BLOCK
14966,14980,FLOW
14966,14964,FLOW
15087,14967,HAS_BLOCK
14967,14977,FLOW
14967,14964,FLOW
15087,14968,HAS_BLOCK
14968,14975,FLOW
14968,14964,FLOW
15087,14969,HAS_BLOCK
14969,14973,FLOW
14969,14964,FLOW
15087,14970,HAS_BLOCK
14970,14971,FLOW
14970,14964,FLOW
15087,14971,HAS_BLOCK
14971,14950,FLOW
15087,14973,HAS_BLOCK
14973,14945,FLOW
15087,14975,HAS_BLOCK
14975,14957,FLOW
15087,14977,HAS_BLOCK
14977,14938,FLOW
15087,14980,HAS_BLOCK
14980,14933,FLOW
15087,14982,HAS_BLOCK
14982,14957,FLOW
15087,14984,HAS_BLOCK
14984,14957,FLOW
15087,14986,HAS_BLOCK
14986,14929,FLOW
15087,14988,HAS_BLOCK
14988,14957,FLOW
15087,14990,HAS_BLOCK
14990,14915,FLOW
15087,14992,HAS_BLOCK
14992,14908,FLOW
15087,14994,HAS_BLOCK
14994,14896,FLOW
15087,14996,HAS_BLOCK
14996,14882,FLOW
15087,14998,HAS_BLOCK
14998,14868,FLOW
15087,15001,HAS_BLOCK
15001,14957,FLOW
15087,15003,HAS_BLOCK
15003,14864,FLOW
15087,15005,HAS_BLOCK
15005,14860,FLOW
15087,15007,HAS_BLOCK
15007,14957,FLOW
15087,15009,HAS_BLOCK
15009,14849,FLOW
15087,15011,HAS_BLOCK
15011,14841,FLOW
15087,15013,HAS_BLOCK
15013,14834,FLOW
15087,15015,HAS_BLOCK
15015,14957,FLOW
15087,15017,HAS_BLOCK
15017,14823,FLOW
15087,15019,HAS_BLOCK
15019,14809,FLOW
15087,15022,HAS_BLOCK
15022,14795,FLOW
15087,15024,HAS_BLOCK
15024,14785,FLOW
15087,15026,HAS_BLOCK
15026,14774,FLOW
15087,15028,HAS_BLOCK
15028,14760,FLOW
15087,15030,HAS_BLOCK
15030,15080,FLOW
15087,15032,HAS_BLOCK
15032,15060,FLOW
15087,15034,HAS_BLOCK
15034,15055,FLOW
15087,15036,HAS_BLOCK
15036,15038,FLOW
15087,15038,HAS_BLOCK
15038,15054,FLOW
15038,15039,FLOW
15087,15039,HAS_BLOCK
15039,15042,FLOW
15087,15042,HAS_BLOCK
15042,15054,FLOW
15042,15043,FLOW
15087,15043,HAS_BLOCK
15043,15045,FLOW
15087,15045,HAS_BLOCK
15045,15054,FLOW
15045,15046,FLOW
15087,15046,HAS_BLOCK
15046,15048,FLOW
15087,15048,HAS_BLOCK
15048,15054,FLOW
15048,15049,FLOW
15087,15049,HAS_BLOCK
15049,15051,FLOW
15087,15051,HAS_BLOCK
15051,15054,FLOW
15051,15052,FLOW
15087,15052,HAS_BLOCK
15052,14957,FLOW
15087,15054,HAS_BLOCK
15054,14957,FLOW
15087,15055,HAS_BLOCK
15055,15059,FLOW
15055,15057,FLOW
15087,15057,HAS_BLOCK
15057,14957,FLOW
15087,15059,HAS_BLOCK
15059,14957,FLOW
15087,15060,HAS_BLOCK
15060,15079,FLOW
15060,15061,FLOW
15087,15061,HAS_BLOCK
15061,15063,FLOW
15087,15063,HAS_BLOCK
15063,15079,FLOW
15063,15064,FLOW
15087,15064,HAS_BLOCK
15064,15066,FLOW
15087,15066,HAS_BLOCK
15066,15079,FLOW
15066,15067,FLOW
15087,15067,HAS_BLOCK
15067,15069,FLOW
15087,15069,HAS_BLOCK
15069,15079,FLOW
15069,15070,FLOW
15087,15070,HAS_BLOCK
15070,15073,FLOW
15087,15073,HAS_BLOCK
15073,15079,FLOW
15073,15074,FLOW
15087,15074,HAS_BLOCK
15074,15076,FLOW
15087,15076,HAS_BLOCK
15076,15079,FLOW
15076,15077,FLOW
15087,15077,HAS_BLOCK
15077,14957,FLOW
15087,15079,HAS_BLOCK
15079,14957,FLOW
15087,15080,HAS_BLOCK
15080,14759,FLOW
15080,15081,FLOW
15087,15081,HAS_BLOCK
15081,15083,FLOW
15087,15083,HAS_BLOCK
15083,14759,FLOW
15083,15084,FLOW
15087,15084,HAS_BLOCK
15084,15086,FLOW
15087,15086,HAS_BLOCK
15086,14759,FLOW
15086,14751,FLOW
15087,14751,HAS_BLOCK
14751,14753,FLOW
15087,14753,HAS_BLOCK
14753,14759,FLOW
14753,14754,FLOW
15087,14754,HAS_BLOCK
14754,14756,FLOW
15087,14756,HAS_BLOCK
14756,14759,FLOW
14756,14757,FLOW
15087,14757,HAS_BLOCK
14757,14957,FLOW
15087,14759,HAS_BLOCK
14759,14957,FLOW
15087,14760,HAS_BLOCK
14760,14773,FLOW
14760,14761,FLOW
15087,14761,HAS_BLOCK
14761,14763,FLOW
15087,14763,HAS_BLOCK
14763,14773,FLOW
14763,14764,FLOW
15087,14764,HAS_BLOCK
14764,14767,FLOW
15087,14767,HAS_BLOCK
14767,14773,FLOW
14767,14768,FLOW
15087,14768,HAS_BLOCK
14768,14770,FLOW
15087,14770,HAS_BLOCK
14770,14773,FLOW
14770,14771,FLOW
15087,14771,HAS_BLOCK
14771,14957,FLOW
15087,14773,HAS_BLOCK
14773,14957,FLOW
15087,14774,HAS_BLOCK
14774,14784,FLOW
14774,14775,FLOW
15087,14775,HAS_BLOCK
14775,14777,FLOW
15087,14777,HAS_BLOCK
14777,14784,FLOW
14777,14778,FLOW
15087,14778,HAS_BLOCK
14778,14780,FLOW
15087,14780,HAS_BLOCK
14780,14784,FLOW
14780,14782,FLOW
15087,14782,HAS_BLOCK
14782,14957,FLOW
15087,14784,HAS_BLOCK
14784,14957,FLOW
15087,14785,HAS_BLOCK
14785,14794,FLOW
14785,14786,FLOW
15087,14786,HAS_BLOCK
14786,14788,FLOW
15087,14788,HAS_BLOCK
14788,14794,FLOW
14788,14789,FLOW
15087,14789,HAS_BLOCK
14789,14791,FLOW
15087,14791,HAS_BLOCK
14791,14794,FLOW
14791,14792,FLOW
15087,14792,HAS_BLOCK
14792,14957,FLOW
15087,14794,HAS_BLOCK
14794,14957,FLOW
15087,14795,HAS_BLOCK
14795,14808,FLOW
14795,14797,FLOW
15087,14797,HAS_BLOCK
14797,14799,FLOW
15087,14799,HAS_BLOCK
14799,14808,FLOW
14799,14800,FLOW
15087,14800,HAS_BLOCK
14800,14802,FLOW
15087,14802,HAS_BLOCK
14802,14808,FLOW
14802,14803,FLOW
15087,14803,HAS_BLOCK
14803,14805,FLOW
15087,14805,HAS_BLOCK
14805,14808,FLOW
14805,14806,FLOW
15087,14806,HAS_BLOCK
14806,14957,FLOW
15087,14808,HAS_BLOCK
14808,14957,FLOW
15087,14809,HAS_BLOCK
14809,14822,FLOW
14809,14810,FLOW
15087,14810,HAS_BLOCK
14810,14813,FLOW
15087,14813,HAS_BLOCK
14813,14822,FLOW
14813,14814,FLOW
15087,14814,HAS_BLOCK
14814,14816,FLOW
15087,14816,HAS_BLOCK
14816,14822,FLOW
14816,14817,FLOW
15087,14817,HAS_BLOCK
14817,14819,FLOW
15087,14819,HAS_BLOCK
14819,14822,FLOW
14819,14820,FLOW
15087,14820,HAS_BLOCK
14820,14957,FLOW
15087,14822,HAS_BLOCK
14822,14957,FLOW
15087,14823,HAS_BLOCK
14823,14833,FLOW
14823,14824,FLOW
15087,14824,HAS_BLOCK
14824,14826,FLOW
15087,14826,HAS_BLOCK
14826,14833,FLOW
14826,14828,FLOW
15087,14828,HAS_BLOCK
14828,14830,FLOW
15087,14830,HAS_BLOCK
14830,14833,FLOW
14830,14831,FLOW
15087,14831,HAS_BLOCK
14831,14957,FLOW
15087,14833,HAS_BLOCK
14833,14957,FLOW
15087,14834,HAS_BLOCK
14834,14840,FLOW
14834,14835,FLOW
15087,14835,HAS_BLOCK
14835,14837,FLOW
15087,14837,HAS_BLOCK
14837,14840,FLOW
14837,14838,FLOW
15087,14838,HAS_BLOCK
14838,14957,FLOW
15087,14840,HAS_BLOCK
14840,14957,FLOW
15087,14841,HAS_BLOCK
14841,14848,FLOW
14841,14843,FLOW
15087,14843,HAS_BLOCK
14843,14845,FLOW
15087,14845,HAS_BLOCK
14845,14848,FLOW
14845,14846,FLOW
15087,14846,HAS_BLOCK
14846,14957,FLOW
15087,14848,HAS_BLOCK
14848,14957,FLOW
15087,14849,HAS_BLOCK
14849,14859,FLOW
14849,14850,FLOW
15087,14850,HAS_BLOCK
14850,14852,FLOW
15087,14852,HAS_BLOCK
14852,14859,FLOW
14852,14853,FLOW
15087,14853,HAS_BLOCK
14853,14855,FLOW
15087,14855,HAS_BLOCK
14855,14859,FLOW
14855,14856,FLOW
15087,14856,HAS_BLOCK
14856,14957,FLOW
15087,14859,HAS_BLOCK
14859,14957,FLOW
15087,14860,HAS_BLOCK
14860,14863,FLOW
14860,14861,FLOW
15087,14861,HAS_BLOCK
14861,14957,FLOW
15087,14863,HAS_BLOCK
14863,14957,FLOW
15087,14864,HAS_BLOCK
14864,14867,FLOW
14864,14865,FLOW
15087,14865,HAS_BLOCK
14865,14957,FLOW
15087,14867,HAS_BLOCK
14867,14957,FLOW
15087,14868,HAS_BLOCK
14868,14881,FLOW
14868,14869,FLOW
15087,14869,HAS_BLOCK
14869,14871,FLOW
15087,14871,HAS_BLOCK
14871,14881,FLOW
14871,14873,FLOW
15087,14873,HAS_BLOCK
14873,14875,FLOW
15087,14875,HAS_BLOCK
14875,14881,FLOW
14875,14876,FLOW
15087,14876,HAS_BLOCK
14876,14878,FLOW
15087,14878,HAS_BLOCK
14878,14881,FLOW
14878,14879,FLOW
15087,14879,HAS_BLOCK
14879,14957,FLOW
15087,14881,HAS_BLOCK
14881,14957,FLOW
15087,14882,HAS_BLOCK
14882,14895,FLOW
14882,14883,FLOW
15087,14883,HAS_BLOCK
14883,14885,FLOW
15087,14885,HAS_BLOCK
14885,14895,FLOW
14885,14886,FLOW
15087,14886,HAS_BLOCK
14886,14889,FLOW
15087,14889,HAS_BLOCK
14889,14895,FLOW
14889,14890,FLOW
15087,14890,HAS_BLOCK
14890,14892,FLOW
15087,14892,HAS_BLOCK
14892,14895,FLOW
14892,14893,FLOW
15087,14893,HAS_BLOCK
14893,14957,FLOW
15087,14895,HAS_BLOCK
14895,14957,FLOW
15087,14896,HAS_BLOCK
14896,14907,FLOW
14896,14897,FLOW
15087,14897,HAS_BLOCK
14897,14899,FLOW
15087,14899,HAS_BLOCK
14899,14907,FLOW
14899,14900,FLOW
15087,14900,HAS_BLOCK
14900,14902,FLOW
15087,14902,HAS_BLOCK
14902,14907,FLOW
14902,14905,FLOW
15087,14905,HAS_BLOCK
14905,14957,FLOW
15087,14907,HAS_BLOCK
14907,14957,FLOW
15087,14908,HAS_BLOCK
14908,14914,FLOW
14908,14909,FLOW
15087,14909,HAS_BLOCK
14909,14911,FLOW
15087,14911,HAS_BLOCK
14911,14914,FLOW
14911,14912,FLOW
15087,14912,HAS_BLOCK
14912,14957,FLOW
15087,14914,HAS_BLOCK
14914,14957,FLOW
15087,14915,HAS_BLOCK
14915,14928,FLOW
14915,14916,FLOW
15087,14916,HAS_BLOCK
14916,14918,FLOW
15087,14918,HAS_BLOCK
14918,14928,FLOW
14918,14920,FLOW
15087,14920,HAS_BLOCK
14920,14922,FLOW
15087,14922,HAS_BLOCK
14922,14928,FLOW
14922,14923,FLOW
15087,14923,HAS_BLOCK
14923,14925,FLOW
15087,14925,HAS_BLOCK
14925,14928,FLOW
14925,14926,FLOW
15087,14926,HAS_BLOCK
14926,14957,FLOW
15087,14928,HAS_BLOCK
14928,14957,FLOW
15087,14929,HAS_BLOCK
14929,14932,FLOW
14929,14930,FLOW
15087,14930,HAS_BLOCK
14930,14957,FLOW
15087,14932,HAS_BLOCK
14932,14957,FLOW
15087,14933,HAS_BLOCK
14933,14937,FLOW
14933,14935,FLOW
15087,14935,HAS_BLOCK
14935,14957,FLOW
15087,14937,HAS_BLOCK
14937,14957,FLOW
15087,14938,HAS_BLOCK
14938,14944,FLOW
14938,14939,FLOW
15087,14939,HAS_BLOCK
14939,14941,FLOW
15087,14941,HAS_BLOCK
14941,14944,FLOW
14941,14942,FLOW
15087,14942,HAS_BLOCK
14942,14957,FLOW
15087,14944,HAS_BLOCK
14944,14957,FLOW
15087,14945,HAS_BLOCK
14945,14948,FLOW
14945,14946,FLOW
15087,14946,HAS_BLOCK
14946,14957,FLOW
15087,14948,HAS_BLOCK
14948,14957,FLOW
15087,14950,HAS_BLOCK
14950,14956,FLOW
14950,14951,FLOW
15087,14951,HAS_BLOCK
14951,14953,FLOW
15087,14953,HAS_BLOCK
14953,14956,FLOW
14953,14954,FLOW
15087,14954,HAS_BLOCK
14954,14957,FLOW
15087,14956,HAS_BLOCK
14956,14957,FLOW
15087,14957,HAS_BLOCK
14957,15087,RETURN
21206,21207,HAS_PARAM
21206,21208,HAS_PARAM
21206,19770,HAS_BLOCK
19770,20176,FLOW
19770,20158,FLOW
19770,20139,FLOW
19770,20122,FLOW
19770,20104,FLOW
19770,20085,FLOW
19770,20069,FLOW
19770,20052,FLOW
19770,20033,FLOW
19770,20017,FLOW
19770,20000,FLOW
19770,19981,FLOW
19770,19966,FLOW
19770,19947,FLOW
19770,19929,FLOW
19770,19912,FLOW
19770,19893,FLOW
19770,19877,FLOW
19770,19860,FLOW
19770,19841,FLOW
19770,19823,FLOW
19770,19809,FLOW
19770,19790,FLOW
19770,19772,FLOW
19770,21088,FLOW
19770,20975,FLOW
19770,20845,FLOW
19770,20663,FLOW
19770,20480,FLOW
19770,20298,FLOW
19770,20121,FLOW
19770,19946,FLOW
19770,19771,FLOW
21206,19771,HAS_BLOCK
21206,19946,HAS_BLOCK
19946,20839,FLOW
19946,20948,FLOW
19946,20948,UNWIND
21206,20121,HAS_BLOCK
20121,20813,FLOW
20121,20954,FLOW
20121,20954,UNWIND
21206,20298,HAS_BLOCK
20298,20793,FLOW
20298,20958,FLOW
20298,20958,UNWIND
21206,20480,HAS_BLOCK
20480,20757,FLOW
20480,20964,FLOW
20480,20964,UNWIND
21206,20663,HAS_BLOCK
20663,20728,FLOW
20663,20968,FLOW
20663,20968,UNWIND
21206,20845,HAS_BLOCK
20845,20708,FLOW
20845,20972,FLOW
20845,20972,UNWIND
21206,20975,HAS_BLOCK
20975,20689,FLOW
20975,20979,FLOW
20975,20979,UNWIND
21206,21088,HAS_BLOCK
21088,20659,FLOW
21088,20983,FLOW
21088,20983,UNWIND
21206,19772,HAS_BLOCK
19772,20639,FLOW
19772,20988,FLOW
19772,20988,UNWIND
21206,19790,HAS_BLOCK
19790,20585,FLOW
19790,20992,FLOW
19790,20992,UNWIND
21206,19809,HAS_BLOCK
19809,20549,FLOW
19809,20996,FLOW
19809,20996,UNWIND
21206,19823,HAS_BLOCK
19823,20504,FLOW
19823,21002,FLOW
19823,21002,UNWIND
21206,19841,HAS_BLOCK
19841,20449,FLOW
19841,21006,FLOW
19841,21006,UNWIND
21206,19860,HAS_BLOCK
19860,20395,FLOW
19860,21012,FLOW
19860,21012,UNWIND
21206,19877,HAS_BLOCK
19877,20375,FLOW
19877,21016,FLOW
19877,21016,UNWIND
21206,19893,HAS_BLOCK
19893,20346,FLOW
19893,21020,FLOW
19893,21020,UNWIND
21206,19912,HAS_BLOCK
19912,20320,FLOW
19912,21025,FLOW
19912,21025,UNWIND
21206,19929,HAS_BLOCK
19929,20300,FLOW
19929,21029,FLOW
19929,21029,UNWIND
21206,19947,HAS_BLOCK
19947,20254,FLOW
19947,21034,FLOW
19947,21034,UNWIND
21206,19966,HAS_BLOCK
19966,20219,FLOW
19966,21038,FLOW
19966,21038,UNWIND
21206,19981,HAS_BLOCK
19981,20184,FLOW
19981,21042,FLOW
19981,21042,UNWIND
21206,20000,HAS_BLOCK
20000,20165,FLOW
20000,21047,FLOW
20000,21047,UNWIND
21206,20017,HAS_BLOCK
20017,20120,FLOW
20017,21051,FLOW
20017,21051,UNWIND
21206,20033,HAS_BLOCK
20033,20068,FLOW
20033,21056,FLOW
20033,21056,UNWIND
21206,20052,HAS_BLOCK
20052,20016,FLOW
20052,21060,FLOW
20052,21060,UNWIND
21206,20069,HAS_BLOCK
20069,19973,FLOW
20069,21064,FLOW
20069,21064,UNWIND
21206,20085,HAS_BLOCK
20085,19928,FLOW
20085,21069,FLOW
20085,21069,UNWIND
21206,20104,HAS_BLOCK
20104,19876,FLOW
20104,21073,FLOW
20104,21073,UNWIND
21206,20122,HAS_BLOCK
20122,19816,FLOW
20122,21078,FLOW
20122,21078,UNWIND
21206,20139,HAS_BLOCK
20139,21022,FLOW
20139,21082,FLOW
20139,21082,UNWIND
21206,20158,HAS_BLOCK
20158,20828,FLOW
20158,21086,FLOW
20158,21086,UNWIND
21206,20176,HAS_BLOCK
20176,20191,FLOW
20176,21092,FLOW
20176,21092,UNWIND
21206,20191,HAS_BLOCK
20191,20210,FLOW
20191,21092,FLOW
20191,21092,UNWIND
21206,20210,HAS_BLOCK
20210,20226,FLOW
20210,21092,FLOW
20210,21092,UNWIND
21206,20226,HAS_BLOCK
20226,20245,FLOW
20226,21092,FLOW
20226,21092,UNWIND
21206,20245,HAS_BLOCK
20245,20261,FLOW
20245,21092,FLOW
20245,21092,UNWIND
21206,20261,HAS_BLOCK
20261,20279,FLOW
20261,21092,FLOW
20261,21092,UNWIND
21206,20279,HAS_BLOCK
20279,20299,FLOW
20279,21092,FLOW
20279,21092,UNWIND
21206,20299,HAS_BLOCK
20299,20318,FLOW
21206,20318,HAS_BLOCK
20318,20335,FLOW
20318,20353,FLOW
20318,19771,FLOW
21206,20335,HAS_BLOCK
20335,20373,FLOW
20335,21090,FLOW
20335,21090,UNWIND
21206,20353,HAS_BLOCK
20353,20942,FLOW
21206,20373,HAS_BLOCK
20373,20392,FLOW
20373,21090,FLOW
20373,21090,UNWIND
21206,20392,HAS_BLOCK
20392,20406,FLOW
20392,20426,FLOW
20392,19771,FLOW
21206,20406,HAS_BLOCK
20406,20445,FLOW
20406,21090,FLOW
20406,21090,UNWIND
21206,20426,HAS_BLOCK
20426,21093,FLOW
20426,21090,FLOW
20426,21090,UNWIND
21206,20445,HAS_BLOCK
20445,20461,FLOW
20445,21090,FLOW
20445,21090,UNWIND
21206,20461,HAS_BLOCK
20461,20481,FLOW
20461,20500,FLOW
20461,19771,FLOW
21206,20481,HAS_BLOCK
20481,20517,FLOW
20481,21090,FLOW
20481,21090,UNWIND
21206,20500,HAS_BLOCK
20500,21094,FLOW
20500,21090,FLOW
20500,21090,UNWIND
21206,20517,HAS_BLOCK
20517,20536,FLOW
20517,21090,FLOW
20517,21090,UNWIND
21206,20536,HAS_BLOCK
20536,20553,FLOW
20536,20572,FLOW
20536,19771,FLOW
21206,20553,HAS_BLOCK
20553,20589,FLOW
20553,21090,FLOW
20553,21090,UNWIND
21206,20572,HAS_BLOCK
20572,21095,FLOW
20572,21090,FLOW
20572,21090,UNWIND
21206,20589,HAS_BLOCK
20589,20608,FLOW
20589,21090,FLOW
20589,21090,UNWIND
21206,20608,HAS_BLOCK
20608,20626,FLOW
20608,20645,FLOW
20608,19771,FLOW
21206,20626,HAS_BLOCK
20626,20664,FLOW
20626,21090,FLOW
20626,21090,UNWIND
21206,20645,HAS_BLOCK
20645,21096,FLOW
20645,21090,FLOW
20645,21090,UNWIND
21206,20664,HAS_BLOCK
20664,20683,FLOW
20664,21090,FLOW
20664,21090,UNWIND
21206,20683,HAS_BLOCK
20683,20701,FLOW
20683,20720,FLOW
20683,19771,FLOW
21206,20701,HAS_BLOCK
20701,20737,FLOW
20701,21090,FLOW
20701,21090,UNWIND
21206,20720,HAS_BLOCK
20720,21097,FLOW
20720,21090,FLOW
20720,21090,UNWIND
21206,20737,HAS_BLOCK
20737,20756,FLOW
20737,21090,FLOW
20737,21090,UNWIND
21206,20756,HAS_BLOCK
20756,20773,FLOW
20756,20792,FLOW
20756,19771,FLOW
21206,20773,HAS_BLOCK
20773,20811,FLOW
20773,21090,FLOW
20773,21090,UNWIND
21206,20792,HAS_BLOCK
20792,21098,FLOW
20792,21090,FLOW
20792,21090,UNWIND
21206,20811,HAS_BLOCK
20811,20943,FLOW
21206,20828,HAS_BLOCK
20828,20846,FLOW
20828,21086,FLOW
20828,21086,UNWIND
21206,20846,HAS_BLOCK
20846,20865,FLOW
20846,21086,FLOW
20846,21086,UNWIND
21206,20865,HAS_BLOCK
20865,20881,FLOW
21206,20881,HAS_BLOCK
20881,20892,FLOW
20881,20904,FLOW
20881,19771,FLOW
21206,20892,HAS_BLOCK
20892,20916,FLOW
20892,21084,FLOW
20892,21084,UNWIND
21206,20904,HAS_BLOCK
20904,20940,FLOW
21206,20916,HAS_BLOCK
20916,20928,FLOW
20916,21084,FLOW
20916,21084,UNWIND
21206,20928,HAS_BLOCK
20928,20939,FLOW
20928,20951,FLOW
20928,19771,FLOW
21206,20939,HAS_BLOCK
20939,20963,FLOW
20939,21084,FLOW
20939,21084,UNWIND
21206,20951,HAS_BLOCK
20951,21099,FLOW
20951,21084,FLOW
20951,21084,UNWIND
21206,20963,HAS_BLOCK
20963,20976,FLOW
20963,21084,FLOW
20963,21084,UNWIND
21206,20976,HAS_BLOCK
20976,20987,FLOW
20976,20999,FLOW
20976,19771,FLOW
21206,20987,HAS_BLOCK
20987,21011,FLOW
20987,21084,FLOW
20987,21084,UNWIND
21206,20999,HAS_BLOCK
20999,21102,FLOW
20999,21084,FLOW
20999,21084,UNWIND
21206,21011,HAS_BLOCK
21011,20943,FLOW
21206,21022,HAS_BLOCK
21022,21033,FLOW
21022,21082,FLOW
21022,21082,UNWIND
21206,21033,HAS_BLOCK
21033,21044,FLOW
21033,21082,FLOW
21033,21082,UNWIND
21206,21044,HAS_BLOCK
21044,21055,FLOW
21044,21082,FLOW
21044,21082,UNWIND
21206,21055,HAS_BLOCK
21055,21066,FLOW
21055,21082,FLOW
21055,21082,UNWIND
21206,21066,HAS_BLOCK
21066,21077,FLOW
21066,21082,FLOW
21066,21082,UNWIND
21206,21077,HAS_BLOCK
21077,21089,FLOW
21077,21082,FLOW
21077,21082,UNWIND
21206,21089,HAS_BLOCK
21089,21101,FLOW
21089,21082,FLOW
21089,21082,UNWIND
21206,21101,HAS_BLOCK
21101,21113,FLOW
21206,21113,HAS_BLOCK
21113,21124,FLOW
21113,21136,FLOW
21113,19771,FLOW
21206,21124,HAS_BLOCK
21124,21148,FLOW
21124,21080,FLOW
21124,21080,UNWIND
21206,21136,HAS_BLOCK
21136,20937,FLOW
21206,21148,HAS_BLOCK
21148,21160,FLOW
21148,21080,FLOW
21148,21080,UNWIND
21206,21160,HAS_BLOCK
21160,21171,FLOW
21160,21183,FLOW
21160,19771,FLOW
21206,21171,HAS_BLOCK
21171,21195,FLOW
21171,21080,FLOW
21171,21080,UNWIND
21206,21183,HAS_BLOCK
21183,21103,FLOW
21183,21080,FLOW
21183,21080,UNWIND
21206,21195,HAS_BLOCK
21195,19773,FLOW
21195,21080,FLOW
21195,21080,UNWIND
21206,19773,HAS_BLOCK
19773,19774,FLOW
19773,19776,FLOW
19773,19771,FLOW
21206,19774,HAS_BLOCK
19774,19778,FLOW
19774,21080,FLOW
19774,21080,UNWIND
21206,19776,HAS_BLOCK
19776,21104,FLOW
19776,21080,FLOW
19776,21080,UNWIND
21206,19778,HAS_BLOCK
19778,19780,FLOW
19778,21080,FLOW
19778,21080,UNWIND
21206,19780,HAS_BLOCK
19780,19781,FLOW
19780,19783,FLOW
19780,19771,FLOW
21206,19781,HAS_BLOCK
19781,19785,FLOW
19781,21080,FLOW
19781,21080,UNWIND
21206,19783,HAS_BLOCK
19783,21105,FLOW
19783,21080,FLOW
19783,21080,UNWIND
21206,19785,HAS_BLOCK
19785,19787,FLOW
19785,21080,FLOW
19785,21080,UNWIND
21206,19787,HAS_BLOCK
19787,19788,FLOW
19787,19791,FLOW
19787,19771,FLOW
21206,19788,HAS_BLOCK
19788,19793,FLOW
19788,21080,FLOW
19788,21080,UNWIND
21206,19791,HAS_BLOCK
19791,21106,FLOW
19791,21080,FLOW
19791,21080,UNWIND
21206,19793,HAS_BLOCK
19793,19795,FLOW
19793,21080,FLOW
19793,21080,UNWIND
21206,19795,HAS_BLOCK
19795,19796,FLOW
19795,19798,FLOW
19795,19771,FLOW
21206,19796,HAS_BLOCK
19796,19800,FLOW
19796,21080,FLOW
19796,21080,UNWIND
21206,19798,HAS_BLOCK
19798,21107,FLOW
19798,21080,FLOW
19798,21080,UNWIND
21206,19800,HAS_BLOCK
19800,19802,FLOW
19800,21080,FLOW
19800,21080,UNWIND
21206,19802,HAS_BLOCK
19802,19803,FLOW
19802,19805,FLOW
19802,19771,FLOW
21206,19803,HAS_BLOCK
19803,19807,FLOW
19803,21080,FLOW
19803,21080,UNWIND
21206,19805,HAS_BLOCK
19805,21108,FLOW
19805,21080,FLOW
19805,21080,UNWIND
21206,19807,HAS_BLOCK
19807,19810,FLOW
19807,21080,FLOW
19807,21080,UNWIND
21206,19810,HAS_BLOCK
19810,19811,FLOW
19810,19813,FLOW
19810,19771,FLOW
21206,19811,HAS_BLOCK
19811,19815,FLOW
19811,21080,FLOW
19811,21080,UNWIND
21206,19813,HAS_BLOCK
19813,21109,FLOW
19813,21080,FLOW
19813,21080,UNWIND
21206,19815,HAS_BLOCK
19815,20943,FLOW
21206,19816,HAS_BLOCK
19816,19817,FLOW
19816,21078,FLOW
19816,21078,UNWIND
21206,19817,HAS_BLOCK
19817,19818,FLOW
19817,21078,FLOW
19817,21078,UNWIND
21206,19818,HAS_BLOCK
19818,19819,FLOW
19818,21078,FLOW
19818,21078,UNWIND
21206,19819,HAS_BLOCK
19819,19820,FLOW
19819,21078,FLOW
19819,21078,UNWIND
21206,19820,HAS_BLOCK
19820,19821,FLOW
19820,21078,FLOW
19820,21078,UNWIND
21206,19821,HAS_BLOCK
19821,19824,FLOW
19821,21078,FLOW
19821,21078,UNWIND
21206,19824,HAS_BLOCK
19824,19826,FLOW
21206,19826,HAS_BLOCK
19826,19827,FLOW
19826,19829,FLOW
19826,19771,FLOW
21206,19827,HAS_BLOCK
19827,19831,FLOW
19827,21075,FLOW
19827,21075,UNWIND
21206,19829,HAS_BLOCK
19829,20935,FLOW
21206,19831,HAS_BLOCK
19831,19833,FLOW
19831,21075,FLOW
19831,21075,UNWIND
21206,19833,HAS_BLOCK
19833,19834,FLOW
19833,19836,FLOW
19833,19771,FLOW
21206,19834,HAS_BLOCK
19834,19838,FLOW
19834,21075,FLOW
19834,21075,UNWIND
21206,19836,HAS_BLOCK
19836,21110,FLOW
19836,21075,FLOW
19836,21075,UNWIND
21206,19838,HAS_BLOCK
19838,19840,FLOW
19838,21075,FLOW
19838,21075,UNWIND
21206,19840,HAS_BLOCK
19840,19842,FLOW
19840,19844,FLOW
19840,19771,FLOW
21206,19842,HAS_BLOCK
19842,19846,FLOW
19842,21075,FLOW
19842,21075,UNWIND
21206,19844,HAS_BLOCK
19844,21111,FLOW
19844,21075,FLOW
19844,21075,UNWIND
21206,19846,HAS_BLOCK
19846,19848,FLOW
19846,21075,FLOW
19846,21075,UNWIND
21206,19848,HAS_BLOCK
19848,19849,FLOW
19848,19851,FLOW
19848,19771,FLOW
21206,19849,HAS_BLOCK
19849,19853,FLOW
19849,21075,FLOW
19849,21075,UNWIND
21206,19851,HAS_BLOCK
19851,21114,FLOW
19851,21075,FLOW
19851,21075,UNWIND
21206,19853,HAS_BLOCK
19853,19855,FLOW
19853,21075,FLOW
19853,21075,UNWIND
21206,19855,HAS_BLOCK
19855,19856,FLOW
19855,19858,FLOW
19855,19771,FLOW
21206,19856,HAS_BLOCK
19856,19861,FLOW
19856,21075,FLOW
19856,21075,UNWIND
21206,19858,HAS_BLOCK
19858,21115,FLOW
19858,21075,FLOW
19858,21075,UNWIND
21206,19861,HAS_BLOCK
19861,19863,FLOW
19861,21075,FLOW
19861,21075,UNWIND
21206,19863,HAS_BLOCK
19863,19864,FLOW
19863,19866,FLOW
19863,19771,FLOW
21206,19864,HAS_BLOCK
19864,19868,FLOW
19864,21075,FLOW
19864,21075,UNWIND
21206,19866,HAS_BLOCK
19866,21116,FLOW
19866,21075,FLOW
19866,21075,UNWIND
21206,19868,HAS_BLOCK
19868,19870,FLOW
19868,21075,FLOW
19868,21075,UNWIND
21206,19870,HAS_BLOCK
19870,19871,FLOW
19870,19873,FLOW
19870,19771,FLOW
21206,19871,HAS_BLOCK
19871,19875,FLOW
19871,21075,FLOW
19871,21075,UNWIND
21206,19873,HAS_BLOCK
19873,21117,FLOW
19873,21075,FLOW
19873,21075,UNWIND
21206,19875,HAS_BLOCK
19875,20943,FLOW
21206,19876,HAS_BLOCK
19876,19878,FLOW
19876,21073,FLOW
19876,21073,UNWIND
21206,19878,HAS_BLOCK
19878,19879,FLOW
19878,21073,FLOW
19878,21073,UNWIND
21206,19879,HAS_BLOCK
19879,19880,FLOW
19879,21073,FLOW
19879,21073,UNWIND
21206,19880,HAS_BLOCK
19880,19881,FLOW
19880,21073,FLOW
19880,21073,UNWIND
21206,19881,HAS_BLOCK
19881,19883,FLOW
19881,21073,FLOW
19881,21073,UNWIND
21206,19883,HAS_BLOCK
19883,19885,FLOW
21206,19885,HAS_BLOCK
19885,19886,FLOW
19885,19888,FLOW
19885,19771,FLOW
21206,19886,HAS_BLOCK
19886,19890,FLOW
19886,21071,FLOW
19886,21071,UNWIND
21206,19888,HAS_BLOCK
19888,20933,FLOW
21206,19890,HAS_BLOCK
19890,19892,FLOW
19890,21071,FLOW
19890,21071,UNWIND
21206,19892,HAS_BLOCK
19892,19894,FLOW
19892,19896,FLOW
19892,19771,FLOW
21206,19894,HAS_BLOCK
19894,19898,FLOW
19894,21071,FLOW
19894,21071,UNWIND
21206,19896,HAS_BLOCK
19896,21118,FLOW
19896,21071,FLOW
19896,21071,UNWIND
21206,19898,HAS_BLOCK
19898,19900,FLOW
19898,21071,FLOW
19898,21071,UNWIND
21206,19900,HAS_BLOCK
19900,19901,FLOW
19900,19903,FLOW
19900,19771,FLOW
21206,19901,HAS_BLOCK
19901,19905,FLOW
19901,21071,FLOW
19901,21071,UNWIND
21206,19903,HAS_BLOCK
19903,21119,FLOW
19903,21071,FLOW
19903,21071,UNWIND
21206,19905,HAS_BLOCK
19905,19907,FLOW
19905,21071,FLOW
19905,21071,UNWIND
21206,19907,HAS_BLOCK
19907,19908,FLOW
19907,19910,FLOW
19907,19771,FLOW
21206,19908,HAS_BLOCK
19908,19913,FLOW
19908,21071,FLOW
19908,21071,UNWIND
21206,19910,HAS_BLOCK
19910,21120,FLOW
19910,21071,FLOW
19910,21071,UNWIND
21206,19913,HAS_BLOCK
19913,19915,FLOW
19913,21071,FLOW
19913,21071,UNWIND
21206,19915,HAS_BLOCK
19915,19916,FLOW
19915,19918,FLOW
19915,19771,FLOW
21206,19916,HAS_BLOCK
19916,19920,FLOW
19916,21071,FLOW
19916,21071,UNWIND
21206,19918,HAS_BLOCK
19918,21121,FLOW
19918,21071,FLOW
19918,21071,UNWIND
21206,19920,HAS_BLOCK
19920,19922,FLOW
19920,21071,FLOW
19920,21071,UNWIND
21206,19922,HAS_BLOCK
19922,19923,FLOW
19922,19925,FLOW
19922,19771,FLOW
21206,19923,HAS_BLOCK
19923,19927,FLOW
19923,21071,FLOW
19923,21071,UNWIND
21206,19925,HAS_BLOCK
19925,21122,FLOW
19925,21071,FLOW
19925,21071,UNWIND
21206,19927,HAS_BLOCK
19927,20943,FLOW
21206,19928,HAS_BLOCK
19928,19930,FLOW
19928,21069,FLOW
19928,21069,UNWIND
21206,19930,HAS_BLOCK
19930,19931,FLOW
19930,21069,FLOW
19930,21069,UNWIND
21206,19931,HAS_BLOCK
19931,19932,FLOW
19931,21069,FLOW
19931,21069,UNWIND
21206,19932,HAS_BLOCK
19932,19934,FLOW
19932,21069,FLOW
19932,21069,UNWIND
21206,19934,HAS_BLOCK
19934,19936,FLOW
21206,19936,HAS_BLOCK
19936,19937,FLOW
19936,19939,FLOW
19936,19771,FLOW
21206,19937,HAS_BLOCK
19937,19941,FLOW
19937,21067,FLOW
19937,21067,UNWIND
21206,19939,HAS_BLOCK
19939,20931,FLOW
21206,19941,HAS_BLOCK
19941,19943,FLOW
19941,21067,FLOW
19941,21067,UNWIND
21206,19943,HAS_BLOCK
19943,19944,FLOW
19943,19948,FLOW
19943,19771,FLOW
21206,19944,HAS_BLOCK
19944,19950,FLOW
19944,21067,FLOW
19944,21067,UNWIND
21206,19948,HAS_BLOCK
19948,21123,FLOW
19948,21067,FLOW
19948,21067,UNWIND
21206,19950,HAS_BLOCK
19950,19952,FLOW
19950,21067,FLOW
19950,21067,UNWIND
21206,19952,HAS_BLOCK
19952,19953,FLOW
19952,19955,FLOW
19952,19771,FLOW
21206,19953,HAS_BLOCK
19953,19957,FLOW
19953,21067,FLOW
19953,21067,UNWIND
21206,19955,HAS_BLOCK
19955,21125,FLOW
19955,21067,FLOW
19955,21067,UNWIND
21206,19957,HAS_BLOCK
19957,19959,FLOW
19957,21067,FLOW
19957,21067,UNWIND
21206,19959,HAS_BLOCK
19959,19960,FLOW
19959,19962,FLOW
19959,19771,FLOW
21206,19960,HAS_BLOCK
19960,19964,FLOW
19960,21067,FLOW
19960,21067,UNWIND
21206,19962,HAS_BLOCK
19962,21126,FLOW
19962,21067,FLOW
19962,21067,UNWIND
21206,19964,HAS_BLOCK
19964,19967,FLOW
19964,21067,FLOW
19964,21067,UNWIND
21206,19967,HAS_BLOCK
19967,19968,FLOW
19967,19970,FLOW
19967,19771,FLOW
21206,19968,HAS_BLOCK
19968,19972,FLOW
19968,21067,FLOW
19968,21067,UNWIND
21206,19970,HAS_BLOCK
19970,21127,FLOW
19970,21067,FLOW
19970,21067,UNWIND
21206,19972,HAS_BLOCK
19972,20943,FLOW
21206,19973,HAS_BLOCK
19973,19974,FLOW
19973,21064,FLOW
19973,21064,UNWIND
21206,19974,HAS_BLOCK
19974,19975,FLOW
19974,21064,FLOW
19974,21064,UNWIND
21206,19975,HAS_BLOCK
19975,19976,FLOW
19975,21064,FLOW
19975,21064,UNWIND
21206,19976,HAS_BLOCK
19976,19978,FLOW
19976,21064,FLOW
19976,21064,UNWIND
21206,19978,HAS_BLOCK
19978,19980,FLOW
21206,19980,HAS_BLOCK
19980,19982,FLOW
19980,19984,FLOW
19980,19771,FLOW
21206,19982,HAS_BLOCK
19982,19986,FLOW
19982,21062,FLOW
19982,21062,UNWIND
21206,19984,HAS_BLOCK
19984,20929,FLOW
21206,19986,HAS_BLOCK
19986,19988,FLOW
19986,21062,FLOW
19986,21062,UNWIND
21206,19988,HAS_BLOCK
19988,19989,FLOW
19988,19991,FLOW
19988,19771,FLOW
21206,19989,HAS_BLOCK
19989,19993,FLOW
19989,21062,FLOW
19989,21062,UNWIND
21206,19991,HAS_BLOCK
19991,21128,FLOW
19991,21062,FLOW
19991,21062,UNWIND
21206,19993,HAS_BLOCK
19993,19995,FLOW
19993,21062,FLOW
19993,21062,UNWIND
21206,19995,HAS_BLOCK
19995,19996,FLOW
19995,19998,FLOW
19995,19771,FLOW
21206,19996,HAS_BLOCK
19996,20001,FLOW
19996,21062,FLOW
19996,21062,UNWIND
21206,19998,HAS_BLOCK
19998,21129,FLOW
19998,21062,FLOW
19998,21062,UNWIND
21206,20001,HAS_BLOCK
20001,20003,FLOW
20001,21062,FLOW
20001,21062,UNWIND
21206,20003,HAS_BLOCK
20003,20004,FLOW
20003,20006,FLOW
20003,19771,FLOW
21206,20004,HAS_BLOCK
20004,20008,FLOW
20004,21062,FLOW
20004,21062,UNWIND
21206,20006,HAS_BLOCK
20006,21130,FLOW
20006,21062,FLOW
20006,21062,UNWIND
21206,20008,HAS_BLOCK
20008,20010,FLOW
20008,21062,FLOW
20008,21062,UNWIND
21206,20010,HAS_BLOCK
20010,20011,FLOW
20010,20013,FLOW
20010,19771,FLOW
21206,20011,HAS_BLOCK
20011,20015,FLOW
20011,21062,FLOW
20011,21062,UNWIND
21206,20013,HAS_BLOCK
20013,21131,FLOW
20013,21062,FLOW
20013,21062,UNWIND
21206,20015,HAS_BLOCK
20015,20943,FLOW
21206,20016,HAS_BLOCK
20016,20018,FLOW
20016,21060,FLOW
20016,21060,UNWIND
21206,20018,HAS_BLOCK
20018,20019,FLOW
20018,21060,FLOW
20018,21060,UNWIND
21206,20019,HAS_BLOCK
20019,20020,FLOW
20019,21060,FLOW
20019,21060,UNWIND
21206,20020,HAS_BLOCK
20020,20021,FLOW
20020,21060,FLOW
20020,21060,UNWIND
21206,20021,HAS_BLOCK
20021,20023,FLOW
20021,21060,FLOW
20021,21060,UNWIND
21206,20023,HAS_BLOCK
20023,20025,FLOW
21206,20025,HAS_BLOCK
20025,20026,FLOW
20025,20028,FLOW
20025,19771,FLOW
21206,20026,HAS_BLOCK
20026,20030,FLOW
20026,21058,FLOW
20026,21058,UNWIND
21206,20028,HAS_BLOCK
20028,20925,FLOW
21206,20030,HAS_BLOCK
20030,20032,FLOW
20030,21058,FLOW
20030,21058,UNWIND
21206,20032,HAS_BLOCK
20032,20034,FLOW
20032,20036,FLOW
20032,19771,FLOW
21206,20034,HAS_BLOCK
20034,20038,FLOW
20034,21058,FLOW
20034,21058,UNWIND
21206,20036,HAS_BLOCK
20036,21132,FLOW
20036,21058,FLOW
20036,21058,UNWIND
21206,20038,HAS_BLOCK
20038,20040,FLOW
20038,21058,FLOW
20038,21058,UNWIND
21206,20040,HAS_BLOCK
20040,20041,FLOW
20040,20043,FLOW
20040,19771,FLOW
21206,20041,HAS_BLOCK
20041,20045,FLOW
20041,21058,FLOW
20041,21058,UNWIND
21206,20043,HAS_BLOCK
20043,21133,FLOW
20043,21058,FLOW
20043,21058,UNWIND
21206,20045,HAS_BLOCK
20045,20047,FLOW
20045,21058,FLOW
20045,21058,UNWIND
21206,20047,HAS_BLOCK
20047,20048,FLOW
20047,20050,FLOW
20047,19771,FLOW
21206,20048,HAS_BLOCK
20048,20053,FLOW
20048,21058,FLOW
20048,21058,UNWIND
21206,20050,HAS_BLOCK
20050,21134,FLOW
20050,21058,FLOW
20050,21058,UNWIND
21206,20053,HAS_BLOCK
20053,20055,FLOW
20053,21058,FLOW
20053,21058,UNWIND
21206,20055,HAS_BLOCK
20055,20056,FLOW
20055,20058,FLOW
20055,19771,FLOW
21206,20056,HAS_BLOCK
20056,20060,FLOW
20056,21058,FLOW
20056,21058,UNWIND
21206,20058,HAS_BLOCK
20058,21137,FLOW
20058,21058,FLOW
20058,21058,UNWIND
21206,20060,HAS_BLOCK
20060,20062,FLOW
20060,21058,FLOW
20060,21058,UNWIND
21206,20062,HAS_BLOCK
20062,20063,FLOW
20062,20065,FLOW
20062,19771,FLOW
21206,20063,HAS_BLOCK
20063,20067,FLOW
20063,21058,FLOW
20063,21058,UNWIND
21206,20065,HAS_BLOCK
20065,21138,FLOW
20065,21058,FLOW
20065,21058,UNWIND
21206,20067,HAS_BLOCK
20067,20943,FLOW
21206,20068,HAS_BLOCK
20068,20070,FLOW
20068,21056,FLOW
20068,21056,UNWIND
21206,20070,HAS_BLOCK
20070,20071,FLOW
20070,21056,FLOW
20070,21056,UNWIND
21206,20071,HAS_BLOCK
20071,20072,FLOW
20071,21056,FLOW
20071,21056,UNWIND
21206,20072,HAS_BLOCK
20072,20073,FLOW
20072,21056,FLOW
20072,21056,UNWIND
21206,20073,HAS_BLOCK
20073,20075,FLOW
20073,21056,FLOW
20073,21056,UNWIND
21206,20075,HAS_BLOCK
20075,20077,FLOW
21206,20077,HAS_BLOCK
20077,20078,FLOW
20077,20080,FLOW
20077,19771,FLOW
21206,20078,HAS_BLOCK
20078,20082,FLOW
20078,21053,FLOW
20078,21053,UNWIND
21206,20080,HAS_BLOCK
20080,20923,FLOW
21206,20082,HAS_BLOCK
20082,20084,FLOW
20082,21053,FLOW
20082,21053,UNWIND
21206,20084,HAS_BLOCK
20084,20086,FLOW
20084,20088,FLOW
20084,19771,FLOW
21206,20086,HAS_BLOCK
20086,20090,FLOW
20086,21053,FLOW
20086,21053,UNWIND
21206,20088,HAS_BLOCK
20088,21139,FLOW
20088,21053,FLOW
20088,21053,UNWIND
21206,20090,HAS_BLOCK
20090,20092,FLOW
20090,21053,FLOW
20090,21053,UNWIND
21206,20092,HAS_BLOCK
20092,20093,FLOW
20092,20095,FLOW
20092,19771,FLOW
21206,20093,HAS_BLOCK
20093,20097,FLOW
20093,21053,FLOW
20093,21053,UNWIND
21206,20095,HAS_BLOCK
20095,21140,FLOW
20095,21053,FLOW
20095,21053,UNWIND
21206,20097,HAS_BLOCK
20097,20099,FLOW
20097,21053,FLOW
20097,21053,UNWIND
21206,20099,HAS_BLOCK
20099,20100,FLOW
20099,20102,FLOW
20099,19771,FLOW
21206,20100,HAS_BLOCK
20100,20105,FLOW
20100,21053,FLOW
20100,21053,UNWIND
21206,20102,HAS_BLOCK
20102,21141,FLOW
20102,21053,FLOW
20102,21053,UNWIND
21206,20105,HAS_BLOCK
20105,20107,FLOW
20105,21053,FLOW
20105,21053,UNWIND
21206,20107,HAS_BLOCK
20107,20108,FLOW
20107,20110,FLOW
20107,19771,FLOW
21206,20108,HAS_BLOCK
20108,20112,FLOW
20108,21053,FLOW
20108,21053,UNWIND
21206,20110,HAS_BLOCK
20110,21142,FLOW
20110,21053,FLOW
20110,21053,UNWIND
21206,20112,HAS_BLOCK
20112,20114,FLOW
20112,21053,FLOW
20112,21053,UNWIND
21206,20114,HAS_BLOCK
20114,20115,FLOW
20114,20117,FLOW
20114,19771,FLOW
21206,20115,HAS_BLOCK
20115,20119,FLOW
20115,21053,FLOW
20115,21053,UNWIND
21206,20117,HAS_BLOCK
20117,21143,FLOW
20117,21053,FLOW
20117,21053,UNWIND
21206,20119,HAS_BLOCK
20119,20943,FLOW
21206,20120,HAS_BLOCK
20120,20123,FLOW
20120,21051,FLOW
20120,21051,UNWIND
21206,20123,HAS_BLOCK
20123,20124,FLOW
20123,21051,FLOW
20123,21051,UNWIND
21206,20124,HAS_BLOCK
20124,20125,FLOW
20124,21051,FLOW
20124,21051,UNWIND
21206,20125,HAS_BLOCK
20125,20127,FLOW
20125,21051,FLOW
20125,21051,UNWIND
21206,20127,HAS_BLOCK
20127,20129,FLOW
21206,20129,HAS_BLOCK
20129,20130,FLOW
20129,20132,FLOW
20129,19771,FLOW
21206,20130,HAS_BLOCK
20130,20134,FLOW
20130,21049,FLOW
20130,21049,UNWIND
21206,20132,HAS_BLOCK
20132,20921,FLOW
21206,20134,HAS_BLOCK
20134,20136,FLOW
20134,21049,FLOW
20134,21049,UNWIND
21206,20136,HAS_BLOCK
20136,20137,FLOW
20136,20140,FLOW
20136,19771,FLOW
21206,20137,HAS_BLOCK
20137,20142,FLOW
20137,21049,FLOW
20137,21049,UNWIND
21206,20140,HAS_BLOCK
20140,21144,FLOW
20140,21049,FLOW
20140,21049,UNWIND
21206,20142,HAS_BLOCK
20142,20144,FLOW
20142,21049,FLOW
20142,21049,UNWIND
21206,20144,HAS_BLOCK
20144,20145,FLOW
20144,20147,FLOW
20144,19771,FLOW
21206,20145,HAS_BLOCK
20145,20149,FLOW
20145,21049,FLOW
20145,21049,UNWIND
21206,20147,HAS_BLOCK
20147,21145,FLOW
20147,21049,FLOW
20147,21049,UNWIND
21206,20149,HAS_BLOCK
20149,20151,FLOW
20149,21049,FLOW
20149,21049,UNWIND
21206,20151,HAS_BLOCK
20151,20152,FLOW
20151,20154,FLOW
20151,19771,FLOW
21206,20152,HAS_BLOCK
20152,20156,FLOW
20152,21049,FLOW
20152,21049,UNWIND
21206,20154,HAS_BLOCK
20154,21146,FLOW
20154,21049,FLOW
20154,21049,UNWIND
21206,20156,HAS_BLOCK
20156,20159,FLOW
20156,21049,FLOW
20156,21049,UNWIND
21206,20159,HAS_BLOCK
20159,20160,FLOW
20159,20162,FLOW
20159,19771,FLOW
21206,20160,HAS_BLOCK
20160,20164,FLOW
20160,21049,FLOW
20160,21049,UNWIND
21206,20162,HAS_BLOCK
20162,21149,FLOW
20162,21049,FLOW
20162,21049,UNWIND
21206,20164,HAS_BLOCK
20164,20943,FLOW
21206,20165,HAS_BLOCK
20165,20167,FLOW
20165,21047,FLOW
20165,21047,UNWIND
21206,20167,HAS_BLOCK
20167,20169,FLOW
21206,20169,HAS_BLOCK
20169,20170,FLOW
20169,20172,FLOW
20169,19771,FLOW
21206,20170,HAS_BLOCK
20170,20174,FLOW
20170,21045,FLOW
20170,21045,UNWIND
21206,20172,HAS_BLOCK
20172,20919,FLOW
21206,20174,HAS_BLOCK
20174,20177,FLOW
20174,21045,FLOW
20174,21045,UNWIND
21206,20177,HAS_BLOCK
20177,20178,FLOW
20177,20180,FLOW
20177,19771,FLOW
21206,20178,HAS_BLOCK
20178,20183,FLOW
20178,21045,FLOW
20178,21045,UNWIND
21206,20180,HAS_BLOCK
20180,20182,FLOW
20180,21045,FLOW
20180,21045,UNWIND
21206,20182,HAS_BLOCK
20182,20919,FLOW
21206,20183,HAS_BLOCK
20183,20943,FLOW
21206,20184,HAS_BLOCK
20184,20185,FLOW
20184,21042,FLOW
20184,21042,UNWIND
21206,20185,HAS_BLOCK
20185,20186,FLOW
20185,21042,FLOW
20185,21042,UNWIND
21206,20186,HAS_BLOCK
20186,20188,FLOW
20186,21042,FLOW
20186,21042,UNWIND
21206,20188,HAS_BLOCK
20188,20190,FLOW
21206,20190,HAS_BLOCK
20190,20192,FLOW
20190,20194,FLOW
20190,19771,FLOW
21206,20192,HAS_BLOCK
20192,20196,FLOW
20192,21040,FLOW
20192,21040,UNWIND
21206,20194,HAS_BLOCK
20194,20918,FLOW
21206,20196,HAS_BLOCK
20196,20198,FLOW
20196,21040,FLOW
20196,21040,UNWIND
21206,20198,HAS_BLOCK
20198,20199,FLOW
20198,20201,FLOW
20198,19771,FLOW
21206,20199,HAS_BLOCK
20199,20203,FLOW
20199,21040,FLOW
20199,21040,UNWIND
21206,20201,HAS_BLOCK
20201,21150,FLOW
20201,21040,FLOW
20201,21040,UNWIND
21206,20203,HAS_BLOCK
20203,20205,FLOW
20203,21040,FLOW
20203,21040,UNWIND
21206,20205,HAS_BLOCK
20205,20206,FLOW
20205,20208,FLOW
20205,19771,FLOW
21206,20206,HAS_BLOCK
20206,20211,FLOW
20206,21040,FLOW
20206,21040,UNWIND
21206,20208,HAS_BLOCK
20208,21151,FLOW
20208,21040,FLOW
20208,21040,UNWIND
21206,20211,HAS_BLOCK
20211,20213,FLOW
20211,21040,FLOW
20211,21040,UNWIND
21206,20213,HAS_BLOCK
20213,20214,FLOW
20213,20216,FLOW
20213,19771,FLOW
21206,20214,HAS_BLOCK
20214,20218,FLOW
20214,21040,FLOW
20214,21040,UNWIND
21206,20216,HAS_BLOCK
20216,21152,FLOW
20216,21040,FLOW
20216,21040,UNWIND
21206,20218,HAS_BLOCK
20218,20943,FLOW
21206,20219,HAS_BLOCK
20219,20220,FLOW
20219,21038,FLOW
20219,21038,UNWIND
21206,20220,HAS_BLOCK
20220,20221,FLOW
20220,21038,FLOW
20220,21038,UNWIND
21206,20221,HAS_BLOCK
20221,20223,FLOW
20221,21038,FLOW
20221,21038,UNWIND
21206,20223,HAS_BLOCK
20223,20225,FLOW
21206,20225,HAS_BLOCK
20225,20227,FLOW
20225,20229,FLOW
20225,19771,FLOW
21206,20227,HAS_BLOCK
20227,20231,FLOW
20227,21036,FLOW
20227,21036,UNWIND
21206,20229,HAS_BLOCK
20229,20914,FLOW
21206,20231,HAS_BLOCK
20231,20233,FLOW
20231,21036,FLOW
20231,21036,UNWIND
21206,20233,HAS_BLOCK
20233,20234,FLOW
20233,20236,FLOW
20233,19771,FLOW
21206,20234,HAS_BLOCK
20234,20238,FLOW
20234,21036,FLOW
20234,21036,UNWIND
21206,20236,HAS_BLOCK
20236,21153,FLOW
20236,21036,FLOW
20236,21036,UNWIND
21206,20238,HAS_BLOCK
20238,20240,FLOW
20238,21036,FLOW
20238,21036,UNWIND
21206,20240,HAS_BLOCK
20240,20241,FLOW
20240,20243,FLOW
20240,19771,FLOW
21206,20241,HAS_BLOCK
20241,20246,FLOW
20241,21036,FLOW
20241,21036,UNWIND
21206,20243,HAS_BLOCK
20243,21154,FLOW
20243,21036,FLOW
20243,21036,UNWIND
21206,20246,HAS_BLOCK
20246,20248,FLOW
20246,21036,FLOW
20246,21036,UNWIND
21206,20248,HAS_BLOCK
20248,20249,FLOW
20248,20251,FLOW
20248,19771,FLOW
21206,20249,HAS_BLOCK
20249,20253,FLOW
20249,21036,FLOW
20249,21036,UNWIND
21206,20251,HAS_BLOCK
20251,21155,FLOW
20251,21036,FLOW
20251,21036,UNWIND
21206,20253,HAS_BLOCK
20253,20943,FLOW
21206,20254,HAS_BLOCK
20254,20255,FLOW
20254,21034,FLOW
20254,21034,UNWIND
21206,20255,HAS_BLOCK
20255,20256,FLOW
20255,21034,FLOW
20255,21034,UNWIND
21206,20256,HAS_BLOCK
20256,20257,FLOW
20256,21034,FLOW
20256,21034,UNWIND
21206,20257,HAS_BLOCK
20257,20259,FLOW
20257,21034,FLOW
20257,21034,UNWIND
21206,20259,HAS_BLOCK
20259,20262,FLOW
21206,20262,HAS_BLOCK
20262,20263,FLOW
20262,20265,FLOW
20262,19771,FLOW
21206,20263,HAS_BLOCK
20263,20267,FLOW
20263,21031,FLOW
20263,21031,UNWIND
21206,20265,HAS_BLOCK
20265,20912,FLOW
21206,20267,HAS_BLOCK
20267,20269,FLOW
20267,21031,FLOW
20267,21031,UNWIND
21206,20269,HAS_BLOCK
20269,20270,FLOW
20269,20272,FLOW
20269,19771,FLOW
21206,20270,HAS_BLOCK
20270,20274,FLOW
20270,21031,FLOW
20270,21031,UNWIND
21206,20272,HAS_BLOCK
20272,21156,FLOW
20272,21031,FLOW
20272,21031,UNWIND
21206,20274,HAS_BLOCK
20274,20276,FLOW
20274,21031,FLOW
20274,21031,UNWIND
21206,20276,HAS_BLOCK
20276,20277,FLOW
20276,20280,FLOW
20276,19771,FLOW
21206,20277,HAS_BLOCK
20277,20282,FLOW
20277,21031,FLOW
20277,21031,UNWIND
21206,20280,HAS_BLOCK
20280,21157,FLOW
20280,21031,FLOW
20280,21031,UNWIND
21206,20282,HAS_BLOCK
20282,20284,FLOW
20282,21031,FLOW
20282,21031,UNWIND
21206,20284,HAS_BLOCK
20284,20285,FLOW
20284,20287,FLOW
20284,19771,FLOW
21206,20285,HAS_BLOCK
20285,20289,FLOW
20285,21031,FLOW
20285,21031,UNWIND
21206,20287,HAS_BLOCK
20287,21158,FLOW
20287,21031,FLOW
20287,21031,UNWIND
21206,20289,HAS_BLOCK
20289,20291,FLOW
20289,21031,FLOW
20289,21031,UNWIND
21206,20291,HAS_BLOCK
20291,20292,FLOW
20291,20294,FLOW
20291,19771,FLOW
21206,20292,HAS_BLOCK
20292,20296,FLOW
20292,21031,FLOW
20292,21031,UNWIND
21206,20294,HAS_BLOCK
20294,21161,FLOW
20294,21031,FLOW
20294,21031,UNWIND
21206,20296,HAS_BLOCK
20296,20943,FLOW
21206,20300,HAS_BLOCK
20300,20302,FLOW
20300,21029,FLOW
20300,21029,UNWIND
21206,20302,HAS_BLOCK
20302,20304,FLOW
21206,20304,HAS_BLOCK
20304,20305,FLOW
20304,20307,FLOW
20304,19771,FLOW
21206,20305,HAS_BLOCK
20305,20309,FLOW
20305,21027,FLOW
20305,21027,UNWIND
21206,20307,HAS_BLOCK
20307,20910,FLOW
21206,20309,HAS_BLOCK
20309,20311,FLOW
20309,21027,FLOW
20309,21027,UNWIND
21206,20311,HAS_BLOCK
20311,20312,FLOW
20311,20314,FLOW
20311,19771,FLOW
21206,20312,HAS_BLOCK
20312,20319,FLOW
20312,21027,FLOW
20312,21027,UNWIND
21206,20314,HAS_BLOCK
20314,20316,FLOW
20314,21027,FLOW
20314,21027,UNWIND
21206,20316,HAS_BLOCK
20316,20910,FLOW
21206,20319,HAS_BLOCK
20319,20943,FLOW
21206,20320,HAS_BLOCK
20320,20321,FLOW
20320,21025,FLOW
20320,21025,UNWIND
21206,20321,HAS_BLOCK
20321,20323,FLOW
20321,21025,FLOW
20321,21025,UNWIND
21206,20323,HAS_BLOCK
20323,20325,FLOW
21206,20325,HAS_BLOCK
20325,20326,FLOW
20325,20328,FLOW
20325,19771,FLOW
21206,20326,HAS_BLOCK
20326,20330,FLOW
20326,21023,FLOW
20326,21023,UNWIND
21206,20328,HAS_BLOCK
20328,20909,FLOW
21206,20330,HAS_BLOCK
20330,20332,FLOW
20330,21023,FLOW
20330,21023,UNWIND
21206,20332,HAS_BLOCK
20332,20333,FLOW
20332,20336,FLOW
20332,19771,FLOW
21206,20333,HAS_BLOCK
20333,20338,FLOW
20333,21023,FLOW
20333,21023,UNWIND
21206,20336,HAS_BLOCK
20336,21162,FLOW
20336,21023,FLOW
20336,21023,UNWIND
21206,20338,HAS_BLOCK
20338,20340,FLOW
20338,21023,FLOW
20338,21023,UNWIND
21206,20340,HAS_BLOCK
20340,20341,FLOW
20340,20343,FLOW
20340,19771,FLOW
21206,20341,HAS_BLOCK
20341,20345,FLOW
20341,21023,FLOW
20341,21023,UNWIND
21206,20343,HAS_BLOCK
20343,21163,FLOW
20343,21023,FLOW
20343,21023,UNWIND
21206,20345,HAS_BLOCK
20345,20943,FLOW
21206,20346,HAS_BLOCK
20346,20347,FLOW
20346,21020,FLOW
20346,21020,UNWIND
21206,20347,HAS_BLOCK
20347,20349,FLOW
20347,21020,FLOW
20347,21020,UNWIND
21206,20349,HAS_BLOCK
20349,20351,FLOW
21206,20351,HAS_BLOCK
20351,20354,FLOW
20351,20356,FLOW
20351,19771,FLOW
21206,20354,HAS_BLOCK
20354,20358,FLOW
20354,21018,FLOW
20354,21018,UNWIND
21206,20356,HAS_BLOCK
20356,20907,FLOW
21206,20358,HAS_BLOCK
20358,20360,FLOW
20358,21018,FLOW
20358,21018,UNWIND
21206,20360,HAS_BLOCK
20360,20361,FLOW
20360,20363,FLOW
20360,19771,FLOW
21206,20361,HAS_BLOCK
20361,20365,FLOW
20361,21018,FLOW
20361,21018,UNWIND
21206,20363,HAS_BLOCK
20363,21164,FLOW
20363,21018,FLOW
20363,21018,UNWIND
21206,20365,HAS_BLOCK
20365,20367,FLOW
20365,21018,FLOW
20365,21018,UNWIND
21206,20367,HAS_BLOCK
20367,20368,FLOW
20367,20370,FLOW
20367,19771,FLOW
21206,20368,HAS_BLOCK
20368,20374,FLOW
20368,21018,FLOW
20368,21018,UNWIND
21206,20370,HAS_BLOCK
20370,21165,FLOW
20370,21018,FLOW
20370,21018,UNWIND
21206,20374,HAS_BLOCK
20374,20943,FLOW
21206,20375,HAS_BLOCK
20375,20377,FLOW
20375,21016,FLOW
20375,21016,UNWIND
21206,20377,HAS_BLOCK
20377,20379,FLOW
21206,20379,HAS_BLOCK
20379,20380,FLOW
20379,20382,FLOW
20379,19771,FLOW
21206,20380,HAS_BLOCK
20380,20384,FLOW
20380,21014,FLOW
20380,21014,UNWIND
21206,20382,HAS_BLOCK
20382,20905,FLOW
21206,20384,HAS_BLOCK
20384,20386,FLOW
20384,21014,FLOW
20384,21014,UNWIND
21206,20386,HAS_BLOCK
20386,20387,FLOW
20386,20389,FLOW
20386,19771,FLOW
21206,20387,HAS_BLOCK
20387,20394,FLOW
20387,21014,FLOW
20387,21014,UNWIND
21206,20389,HAS_BLOCK
20389,20393,FLOW
20389,21014,FLOW
20389,21014,UNWIND
21206,20393,HAS_BLOCK
20393,20905,FLOW
21206,20394,HAS_BLOCK
20394,20943,FLOW
21206,20395,HAS_BLOCK
20395,20396,FLOW
20395,21012,FLOW
20395,21012,UNWIND
21206,20396,HAS_BLOCK
20396,20397,FLOW
20396,21012,FLOW
20396,21012,UNWIND
21206,20397,HAS_BLOCK
20397,20398,FLOW
20397,21012,FLOW
20397,21012,UNWIND
21206,20398,HAS_BLOCK
20398,20399,FLOW
20398,21012,FLOW
20398,21012,UNWIND
21206,20399,HAS_BLOCK
20399,20401,FLOW
20399,21012,FLOW
20399,21012,UNWIND
21206,20401,HAS_BLOCK
20401,20403,FLOW
21206,20403,HAS_BLOCK
20403,20404,FLOW
20403,20407,FLOW
20403,19771,FLOW
21206,20404,HAS_BLOCK
20404,20409,FLOW
20404,21008,FLOW
20404,21008,UNWIND
21206,20407,HAS_BLOCK
20407,20902,FLOW
21206,20409,HAS_BLOCK
20409,20411,FLOW
20409,21008,FLOW
20409,21008,UNWIND
21206,20411,HAS_BLOCK
20411,20412,FLOW
20411,20414,FLOW
20411,19771,FLOW
21206,20412,HAS_BLOCK
20412,20416,FLOW
20412,21008,FLOW
20412,21008,UNWIND
21206,20414,HAS_BLOCK
20414,21166,FLOW
20414,21008,FLOW
20414,21008,UNWIND
21206,20416,HAS_BLOCK
20416,20418,FLOW
20416,21008,FLOW
20416,21008,UNWIND
21206,20418,HAS_BLOCK
20418,20419,FLOW
20418,20421,FLOW
20418,19771,FLOW
21206,20419,HAS_BLOCK
20419,20423,FLOW
20419,21008,FLOW
20419,21008,UNWIND
21206,20421,HAS_BLOCK
20421,21167,FLOW
20421,21008,FLOW
20421,21008,UNWIND
21206,20423,HAS_BLOCK
20423,20427,FLOW
20423,21008,FLOW
20423,21008,UNWIND
21206,20427,HAS_BLOCK
20427,20428,FLOW
20427,20430,FLOW
20427,19771,FLOW
21206,20428,HAS_BLOCK
20428,20432,FLOW
20428,21008,FLOW
20428,21008,UNWIND
21206,20430,HAS_BLOCK
20430,21168,FLOW
20430,21008,FLOW
20430,21008,UNWIND
21206,20432,HAS_BLOCK
20432,20434,FLOW
20432,21008,FLOW
20432,21008,UNWIND
21206,20434,HAS_BLOCK
20434,20435,FLOW
20434,20437,FLOW
20434,19771,FLOW
21206,20435,HAS_BLOCK
20435,20439,FLOW
20435,21008,FLOW
20435,21008,UNWIND
21206,20437,HAS_BLOCK
20437,21169,FLOW
20437,21008,FLOW
20437,21008,UNWIND
21206,20439,HAS_BLOCK
20439,20441,FLOW
20439,21008,FLOW
20439,21008,UNWIND
21206,20441,HAS_BLOCK
20441,20442,FLOW
20441,20446,FLOW
20441,19771,FLOW
21206,20442,HAS_BLOCK
20442,20448,FLOW
20442,21008,FLOW
20442,21008,UNWIND
21206,20446,HAS_BLOCK
20446,21170,FLOW
20446,21008,FLOW
20446,21008,UNWIND
21206,20448,HAS_BLOCK
20448,20943,FLOW
21206,20449,HAS_BLOCK
20449,20450,FLOW
20449,21006,FLOW
20449,21006,UNWIND
21206,20450,HAS_BLOCK
20450,20451,FLOW
20450,21006,FLOW
20450,21006,UNWIND
21206,20451,HAS_BLOCK
20451,20452,FLOW
20451,21006,FLOW
20451,21006,UNWIND
21206,20452,HAS_BLOCK
20452,20453,FLOW
20452,21006,FLOW
20452,21006,UNWIND
21206,20453,HAS_BLOCK
20453,20455,FLOW
20453,21006,FLOW
20453,21006,UNWIND
21206,20455,HAS_BLOCK
20455,20457,FLOW
21206,20457,HAS_BLOCK
20457,20458,FLOW
20457,20462,FLOW
20457,19771,FLOW
21206,20458,HAS_BLOCK
20458,20464,FLOW
20458,21004,FLOW
20458,21004,UNWIND
21206,20462,HAS_BLOCK
20462,20900,FLOW
21206,20464,HAS_BLOCK
20464,20466,FLOW
20464,21004,FLOW
20464,21004,UNWIND
21206,20466,HAS_BLOCK
20466,20467,FLOW
20466,20469,FLOW
20466,19771,FLOW
21206,20467,HAS_BLOCK
20467,20471,FLOW
20467,21004,FLOW
20467,21004,UNWIND
21206,20469,HAS_BLOCK
20469,21172,FLOW
20469,21004,FLOW
20469,21004,UNWIND
21206,20471,HAS_BLOCK
20471,20473,FLOW
20471,21004,FLOW
20471,21004,UNWIND
21206,20473,HAS_BLOCK
20473,20474,FLOW
20473,20476,FLOW
20473,19771,FLOW
21206,20474,HAS_BLOCK
20474,20478,FLOW
20474,21004,FLOW
20474,21004,UNWIND
21206,20476,HAS_BLOCK
20476,21173,FLOW
20476,21004,FLOW
20476,21004,UNWIND
21206,20478,HAS_BLOCK
20478,20482,FLOW
20478,21004,FLOW
20478,21004,UNWIND
21206,20482,HAS_BLOCK
20482,20483,FLOW
20482,20485,FLOW
20482,19771,FLOW
21206,20483,HAS_BLOCK
20483,20487,FLOW
20483,21004,FLOW
20483,21004,UNWIND
21206,20485,HAS_BLOCK
20485,21174,FLOW
20485,21004,FLOW
20485,21004,UNWIND
21206,20487,HAS_BLOCK
20487,20489,FLOW
20487,21004,FLOW
20487,21004,UNWIND
21206,20489,HAS_BLOCK
20489,20490,FLOW
20489,20492,FLOW
20489,19771,FLOW
21206,20490,HAS_BLOCK
20490,20494,FLOW
20490,21004,FLOW
20490,21004,UNWIND
21206,20492,HAS_BLOCK
20492,21175,FLOW
20492,21004,FLOW
20492,21004,UNWIND
21206,20494,HAS_BLOCK
20494,20496,FLOW
20494,21004,FLOW
20494,21004,UNWIND
21206,20496,HAS_BLOCK
20496,20497,FLOW
20496,20501,FLOW
20496,19771,FLOW
21206,20497,HAS_BLOCK
20497,20503,FLOW
20497,21004,FLOW
20497,21004,UNWIND
21206,20501,HAS_BLOCK
20501,21176,FLOW
20501,21004,FLOW
20501,21004,UNWIND
21206,20503,HAS_BLOCK
20503,20943,FLOW
21206,20504,HAS_BLOCK
20504,20505,FLOW
20504,21002,FLOW
20504,21002,UNWIND
21206,20505,HAS_BLOCK
20505,20506,FLOW
20505,21002,FLOW
20505,21002,UNWIND
21206,20506,HAS_BLOCK
20506,20507,FLOW
20506,21002,FLOW
20506,21002,UNWIND
21206,20507,HAS_BLOCK
20507,20509,FLOW
20507,21002,FLOW
20507,21002,UNWIND
21206,20509,HAS_BLOCK
20509,20511,FLOW
21206,20511,HAS_BLOCK
20511,20512,FLOW
20511,20514,FLOW
20511,19771,FLOW
21206,20512,HAS_BLOCK
20512,20518,FLOW
20512,21000,FLOW
20512,21000,UNWIND
21206,20514,HAS_BLOCK
20514,20898,FLOW
21206,20518,HAS_BLOCK
20518,20520,FLOW
20518,21000,FLOW
20518,21000,UNWIND
21206,20520,HAS_BLOCK
20520,20521,FLOW
20520,20523,FLOW
20520,19771,FLOW
21206,20521,HAS_BLOCK
20521,20525,FLOW
20521,21000,FLOW
20521,21000,UNWIND
21206,20523,HAS_BLOCK
20523,21177,FLOW
20523,21000,FLOW
20523,21000,UNWIND
21206,20525,HAS_BLOCK
20525,20527,FLOW
20525,21000,FLOW
20525,21000,UNWIND
21206,20527,HAS_BLOCK
20527,20528,FLOW
20527,20530,FLOW
20527,19771,FLOW
21206,20528,HAS_BLOCK
20528,20532,FLOW
20528,21000,FLOW
20528,21000,UNWIND
21206,20530,HAS_BLOCK
20530,21178,FLOW
20530,21000,FLOW
20530,21000,UNWIND
21206,20532,HAS_BLOCK
20532,20534,FLOW
20532,21000,FLOW
20532,21000,UNWIND
21206,20534,HAS_BLOCK
20534,20537,FLOW
20534,20539,FLOW
20534,19771,FLOW
21206,20537,HAS_BLOCK
20537,20541,FLOW
20537,21000,FLOW
20537,21000,UNWIND
21206,20539,HAS_BLOCK
20539,21179,FLOW
20539,21000,FLOW
20539,21000,UNWIND
21206,20541,HAS_BLOCK
20541,20543,FLOW
20541,21000,FLOW
20541,21000,UNWIND
21206,20543,HAS_BLOCK
20543,20544,FLOW
20543,20546,FLOW
20543,19771,FLOW
21206,20544,HAS_BLOCK
20544,20548,FLOW
20544,21000,FLOW
20544,21000,UNWIND
21206,20546,HAS_BLOCK
20546,21180,FLOW
20546,21000,FLOW
20546,21000,UNWIND
21206,20548,HAS_BLOCK
20548,20943,FLOW
21206,20549,HAS_BLOCK
20549,20550,FLOW
20549,20996,FLOW
20549,20996,UNWIND
21206,20550,HAS_BLOCK
20550,20551,FLOW
20550,20996,FLOW
20550,20996,UNWIND
21206,20551,HAS_BLOCK
20551,20554,FLOW
20551,20996,FLOW
20551,20996,UNWIND
21206,20554,HAS_BLOCK
20554,20556,FLOW
21206,20556,HAS_BLOCK
20556,20557,FLOW
20556,20559,FLOW
20556,19771,FLOW
21206,20557,HAS_BLOCK
20557,20561,FLOW
20557,20994,FLOW
20557,20994,UNWIND
21206,20559,HAS_BLOCK
20559,20896,FLOW
21206,20561,HAS_BLOCK
20561,20563,FLOW
20561,20994,FLOW
20561,20994,UNWIND
21206,20563,HAS_BLOCK
20563,20564,FLOW
20563,20566,FLOW
20563,19771,FLOW
21206,20564,HAS_BLOCK
20564,20568,FLOW
20564,20994,FLOW
20564,20994,UNWIND
21206,20566,HAS_BLOCK
20566,21181,FLOW
20566,20994,FLOW
20566,20994,UNWIND
21206,20568,HAS_BLOCK
20568,20570,FLOW
20568,20994,FLOW
20568,20994,UNWIND
21206,20570,HAS_BLOCK
20570,20573,FLOW
20570,20575,FLOW
20570,19771,FLOW
21206,20573,HAS_BLOCK
20573,20577,FLOW
20573,20994,FLOW
20573,20994,UNWIND
21206,20575,HAS_BLOCK
20575,21184,FLOW
20575,20994,FLOW
20575,20994,UNWIND
21206,20577,HAS_BLOCK
20577,20579,FLOW
20577,20994,FLOW
20577,20994,UNWIND
21206,20579,HAS_BLOCK
20579,20580,FLOW
20579,20582,FLOW
20579,19771,FLOW
21206,20580,HAS_BLOCK
20580,20584,FLOW
20580,20994,FLOW
20580,20994,UNWIND
21206,20582,HAS_BLOCK
20582,21185,FLOW
20582,20994,FLOW
20582,20994,UNWIND
21206,20584,HAS_BLOCK
20584,20943,FLOW
21206,20585,HAS_BLOCK
20585,20586,FLOW
20585,20992,FLOW
20585,20992,UNWIND
21206,20586,HAS_BLOCK
20586,20587,FLOW
20586,20992,FLOW
20586,20992,UNWIND
21206,20587,HAS_BLOCK
20587,20590,FLOW
20587,20992,FLOW
20587,20992,UNWIND
21206,20590,HAS_BLOCK
20590,20591,FLOW
20590,20992,FLOW
20590,20992,UNWIND
21206,20591,HAS_BLOCK
20591,20593,FLOW
20591,20992,FLOW
20591,20992,UNWIND
21206,20593,HAS_BLOCK
20593,20595,FLOW
21206,20595,HAS_BLOCK
20595,20596,FLOW
20595,20598,FLOW
20595,19771,FLOW
21206,20596,HAS_BLOCK
20596,20600,FLOW
20596,20990,FLOW
20596,20990,UNWIND
21206,20598,HAS_BLOCK
20598,20894,FLOW
21206,20600,HAS_BLOCK
20600,20602,FLOW
20600,20990,FLOW
20600,20990,UNWIND
21206,20602,HAS_BLOCK
20602,20603,FLOW
20602,20605,FLOW
20602,19771,FLOW
21206,20603,HAS_BLOCK
20603,20609,FLOW
20603,20990,FLOW
20603,20990,UNWIND
21206,20605,HAS_BLOCK
20605,21186,FLOW
20605,20990,FLOW
20605,20990,UNWIND
21206,20609,HAS_BLOCK
20609,20611,FLOW
20609,20990,FLOW
20609,20990,UNWIND
21206,20611,HAS_BLOCK
20611,20612,FLOW
20611,20614,FLOW
20611,19771,FLOW
21206,20612,HAS_BLOCK
20612,20616,FLOW
20612,20990,FLOW
20612,20990,UNWIND
21206,20614,HAS_BLOCK
20614,21187,FLOW
20614,20990,FLOW
20614,20990,UNWIND
21206,20616,HAS_BLOCK
20616,20618,FLOW
20616,20990,FLOW
20616,20990,UNWIND
21206,20618,HAS_BLOCK
20618,20619,FLOW
20618,20621,FLOW
20618,19771,FLOW
21206,20619,HAS_BLOCK
20619,20623,FLOW
20619,20990,FLOW
20619,20990,UNWIND
21206,20621,HAS_BLOCK
20621,21188,FLOW
20621,20990,FLOW
20621,20990,UNWIND
21206,20623,HAS_BLOCK
20623,20625,FLOW
20623,20990,FLOW
20623,20990,UNWIND
21206,20625,HAS_BLOCK
20625,20627,FLOW
20625,20629,FLOW
20625,19771,FLOW
21206,20627,HAS_BLOCK
20627,20631,FLOW
20627,20990,FLOW
20627,20990,UNWIND
21206,20629,HAS_BLOCK
20629,21189,FLOW
20629,20990,FLOW
20629,20990,UNWIND
21206,20631,HAS_BLOCK
20631,20633,FLOW
20631,20990,FLOW
20631,20990,UNWIND
21206,20633,HAS_BLOCK
20633,20634,FLOW
20633,20636,FLOW
20633,19771,FLOW
21206,20634,HAS_BLOCK
20634,20638,FLOW
20634,20990,FLOW
20634,20990,UNWIND
21206,20636,HAS_BLOCK
20636,21190,FLOW
20636,20990,FLOW
20636,20990,UNWIND
21206,20638,HAS_BLOCK
20638,20943,FLOW
21206,20639,HAS_BLOCK
20639,20641,FLOW
20639,20988,FLOW
20639,20988,UNWIND
21206,20641,HAS_BLOCK
20641,20643,FLOW
21206,20643,HAS_BLOCK
20643,20646,FLOW
20643,20648,FLOW
20643,19771,FLOW
21206,20646,HAS_BLOCK
20646,20650,FLOW
20646,20985,FLOW
20646,20985,UNWIND
21206,20648,HAS_BLOCK
20648,20891,FLOW
21206,20650,HAS_BLOCK
20650,20652,FLOW
20650,20985,FLOW
20650,20985,UNWIND
21206,20652,HAS_BLOCK
20652,20653,FLOW
20652,20655,FLOW
20652,19771,FLOW
21206,20653,HAS_BLOCK
20653,20658,FLOW
20653,20985,FLOW
20653,20985,UNWIND
21206,20655,HAS_BLOCK
20655,20657,FLOW
20655,20985,FLOW
20655,20985,UNWIND
21206,20657,HAS_BLOCK
20657,20891,FLOW
21206,20658,HAS_BLOCK
20658,20943,FLOW
21206,20659,HAS_BLOCK
20659,20660,FLOW
20659,20983,FLOW
20659,20983,UNWIND
21206,20660,HAS_BLOCK
20660,20665,FLOW
20660,20983,FLOW
20660,20983,UNWIND
21206,20665,HAS_BLOCK
20665,20667,FLOW
21206,20667,HAS_BLOCK
20667,20668,FLOW
20667,20670,FLOW
20667,19771,FLOW
21206,20668,HAS_BLOCK
20668,20672,FLOW
20668,20981,FLOW
20668,20981,UNWIND
21206,20670,HAS_BLOCK
20670,20890,FLOW
21206,20672,HAS_BLOCK
20672,20674,FLOW
20672,20981,FLOW
20672,20981,UNWIND
21206,20674,HAS_BLOCK
20674,20675,FLOW
20674,20677,FLOW
20674,19771,FLOW
21206,20675,HAS_BLOCK
20675,20679,FLOW
20675,20981,FLOW
20675,20981,UNWIND
21206,20677,HAS_BLOCK
20677,21191,FLOW
20677,20981,FLOW
20677,20981,UNWIND
21206,20679,HAS_BLOCK
20679,20681,FLOW
20679,20981,FLOW
20679,20981,UNWIND
21206,20681,HAS_BLOCK
20681,20684,FLOW
20681,20686,FLOW
20681,19771,FLOW
21206,20684,HAS_BLOCK
20684,20688,FLOW
20684,20981,FLOW
20684,20981,UNWIND
21206,20686,HAS_BLOCK
20686,21192,FLOW
20686,20981,FLOW
20686,20981,UNWIND
21206,20688,HAS_BLOCK
20688,20943,FLOW
21206,20689,HAS_BLOCK
20689,20691,FLOW
20689,20979,FLOW
20689,20979,UNWIND
21206,20691,HAS_BLOCK
20691,20693,FLOW
21206,20693,HAS_BLOCK
20693,20694,FLOW
20693,20696,FLOW
20693,19771,FLOW
21206,20694,HAS_BLOCK
20694,20698,FLOW
20694,20977,FLOW
20694,20977,UNWIND
21206,20696,HAS_BLOCK
20696,20888,FLOW
21206,20698,HAS_BLOCK
20698,20700,FLOW
20698,20977,FLOW
20698,20977,UNWIND
21206,20700,HAS_BLOCK
20700,20702,FLOW
20700,20704,FLOW
20700,19771,FLOW
21206,20702,HAS_BLOCK
20702,20707,FLOW
20702,20977,FLOW
20702,20977,UNWIND
21206,20704,HAS_BLOCK
20704,20706,FLOW
20704,20977,FLOW
20704,20977,UNWIND
21206,20706,HAS_BLOCK
20706,20888,FLOW
21206,20707,HAS_BLOCK
20707,20943,FLOW
21206,20708,HAS_BLOCK
20708,20710,FLOW
20708,20972,FLOW
20708,20972,UNWIND
21206,20710,HAS_BLOCK
20710,20712,FLOW
21206,20712,HAS_BLOCK
20712,20713,FLOW
20712,20715,FLOW
20712,19771,FLOW
21206,20713,HAS_BLOCK
20713,20717,FLOW
20713,20970,FLOW
20713,20970,UNWIND
21206,20715,HAS_BLOCK
20715,20887,FLOW
21206,20717,HAS_BLOCK
20717,20721,FLOW
20717,20970,FLOW
20717,20970,UNWIND
21206,20721,HAS_BLOCK
20721,20722,FLOW
20721,20724,FLOW
20721,19771,FLOW
21206,20722,HAS_BLOCK
20722,20727,FLOW
20722,20970,FLOW
20722,20970,UNWIND
21206,20724,HAS_BLOCK
20724,20726,FLOW
20724,20970,FLOW
20724,20970,UNWIND
21206,20726,HAS_BLOCK
20726,20887,FLOW
21206,20727,HAS_BLOCK
20727,20943,FLOW
21206,20728,HAS_BLOCK
20728,20729,FLOW
20728,20968,FLOW
20728,20968,UNWIND
21206,20729,HAS_BLOCK
20729,20731,FLOW
20729,20968,FLOW
20729,20968,UNWIND
21206,20731,HAS_BLOCK
20731,20733,FLOW
21206,20733,HAS_BLOCK
20733,20734,FLOW
20733,20738,FLOW
20733,19771,FLOW
21206,20734,HAS_BLOCK
20734,20740,FLOW
20734,20966,FLOW
20734,20966,UNWIND
21206,20738,HAS_BLOCK
20738,20886,FLOW
21206,20740,HAS_BLOCK
20740,20742,FLOW
20740,20966,FLOW
20740,20966,UNWIND
21206,20742,HAS_BLOCK
20742,20743,FLOW
20742,20745,FLOW
20742,19771,FLOW
21206,20743,HAS_BLOCK
20743,20747,FLOW
20743,20966,FLOW
20743,20966,UNWIND
21206,20745,HAS_BLOCK
20745,21193,FLOW
20745,20966,FLOW
20745,20966,UNWIND
21206,20747,HAS_BLOCK
20747,20749,FLOW
20747,20966,FLOW
20747,20966,UNWIND
21206,20749,HAS_BLOCK
20749,20750,FLOW
20749,20752,FLOW
20749,19771,FLOW
21206,20750,HAS_BLOCK
20750,20754,FLOW
20750,20966,FLOW
20750,20966,UNWIND
21206,20752,HAS_BLOCK
20752,21196,FLOW
20752,20966,FLOW
20752,20966,UNWIND
21206,20754,HAS_BLOCK
20754,20943,FLOW
21206,20757,HAS_BLOCK
20757,20758,FLOW
20757,20964,FLOW
20757,20964,UNWIND
21206,20758,HAS_BLOCK
20758,20759,FLOW
20758,20964,FLOW
20758,20964,UNWIND
21206,20759,HAS_BLOCK
20759,20761,FLOW
20759,20964,FLOW
20759,20964,UNWIND
21206,20761,HAS_BLOCK
20761,20763,FLOW
21206,20763,HAS_BLOCK
20763,20764,FLOW
20763,20766,FLOW
20763,19771,FLOW
21206,20764,HAS_BLOCK
20764,20768,FLOW
20764,20960,FLOW
20764,20960,UNWIND
21206,20766,HAS_BLOCK
20766,20884,FLOW
21206,20768,HAS_BLOCK
20768,20770,FLOW
20768,20960,FLOW
20768,20960,UNWIND
21206,20770,HAS_BLOCK
20770,20771,FLOW
20770,20774,FLOW
20770,19771,FLOW
21206,20771,HAS_BLOCK
20771,20776,FLOW
20771,20960,FLOW
20771,20960,UNWIND
21206,20774,HAS_BLOCK
20774,21197,FLOW
20774,20960,FLOW
20774,20960,UNWIND
21206,20776,HAS_BLOCK
20776,20778,FLOW
20776,20960,FLOW
20776,20960,UNWIND
21206,20778,HAS_BLOCK
20778,20779,FLOW
20778,20781,FLOW
20778,19771,FLOW
21206,20779,HAS_BLOCK
20779,20783,FLOW
20779,20960,FLOW
20779,20960,UNWIND
21206,20781,HAS_BLOCK
20781,21198,FLOW
20781,20960,FLOW
20781,20960,UNWIND
21206,20783,HAS_BLOCK
20783,20785,FLOW
20783,20960,FLOW
20783,20960,UNWIND
21206,20785,HAS_BLOCK
20785,20786,FLOW
20785,20788,FLOW
20785,19771,FLOW
21206,20786,HAS_BLOCK
20786,20790,FLOW
20786,20960,FLOW
20786,20960,UNWIND
21206,20788,HAS_BLOCK
20788,21199,FLOW
20788,20960,FLOW
20788,20960,UNWIND
21206,20790,HAS_BLOCK
20790,20943,FLOW
21206,20793,HAS_BLOCK
20793,20795,FLOW
20793,20958,FLOW
20793,20958,UNWIND
21206,20795,HAS_BLOCK
20795,20797,FLOW
21206,20797,HAS_BLOCK
20797,20798,FLOW
20797,20800,FLOW
20797,19771,FLOW
21206,20798,HAS_BLOCK
20798,20802,FLOW
20798,20956,FLOW
20798,20956,UNWIND
21206,20800,HAS_BLOCK
20800,20882,FLOW
21206,20802,HAS_BLOCK
20802,20804,FLOW
20802,20956,FLOW
20802,20956,UNWIND
21206,20804,HAS_BLOCK
20804,20805,FLOW
20804,20807,FLOW
20804,19771,FLOW
21206,20805,HAS_BLOCK
20805,20812,FLOW
20805,20956,FLOW
20805,20956,UNWIND
21206,20807,HAS_BLOCK
20807,20809,FLOW
20807,20956,FLOW
20807,20956,UNWIND
21206,20809,HAS_BLOCK
20809,20882,FLOW
21206,20812,HAS_BLOCK
20812,20943,FLOW
21206,20813,HAS_BLOCK
20813,20814,FLOW
20813,20954,FLOW
20813,20954,UNWIND
21206,20814,HAS_BLOCK
20814,20816,FLOW
20814,20954,FLOW
20814,20954,UNWIND
21206,20816,HAS_BLOCK
20816,20818,FLOW
21206,20818,HAS_BLOCK
20818,20819,FLOW
20818,20821,FLOW
20818,19771,FLOW
21206,20819,HAS_BLOCK
20819,20823,FLOW
20819,20952,FLOW
20819,20952,UNWIND
21206,20821,HAS_BLOCK
20821,20879,FLOW
21206,20823,HAS_BLOCK
20823,20825,FLOW
20823,20952,FLOW
20823,20952,UNWIND
21206,20825,HAS_BLOCK
20825,20826,FLOW
20825,20829,FLOW
20825,19771,FLOW
21206,20826,HAS_BLOCK
20826,20831,FLOW
20826,20952,FLOW
20826,20952,UNWIND
21206,20829,HAS_BLOCK
20829,21200,FLOW
20829,20952,FLOW
20829,20952,UNWIND
21206,20831,HAS_BLOCK
20831,20833,FLOW
20831,20952,FLOW
20831,20952,UNWIND
21206,20833,HAS_BLOCK
20833,20834,FLOW
20833,20836,FLOW
20833,19771,FLOW
21206,20834,HAS_BLOCK
20834,20838,FLOW
20834,20952,FLOW
20834,20952,UNWIND
21206,20836,HAS_BLOCK
20836,21201,FLOW
20836,20952,FLOW
20836,20952,UNWIND
21206,20838,HAS_BLOCK
20838,20943,FLOW
21206,20839,HAS_BLOCK
20839,20840,FLOW
20839,20948,FLOW
20839,20948,UNWIND
21206,20840,HAS_BLOCK
20840,20841,FLOW
20840,20948,FLOW
20840,20948,UNWIND
21206,20841,HAS_BLOCK
20841,20843,FLOW
20841,20948,FLOW
20841,20948,UNWIND
21206,20843,HAS_BLOCK
20843,20847,FLOW
21206,20847,HAS_BLOCK
20847,20848,FLOW
20847,20850,FLOW
20847,19771,FLOW
21206,20848,HAS_BLOCK
20848,20852,FLOW
20848,20946,FLOW
20848,20946,UNWIND
21206,20850,HAS_BLOCK
20850,20877,FLOW
21206,20852,HAS_BLOCK
20852,20854,FLOW
20852,20946,FLOW
20852,20946,UNWIND
21206,20854,HAS_BLOCK
20854,20855,FLOW
20854,20857,FLOW
20854,19771,FLOW
21206,20855,HAS_BLOCK
20855,20859,FLOW
20855,20946,FLOW
20855,20946,UNWIND
21206,20857,HAS_BLOCK
20857,21202,FLOW
20857,20946,FLOW
20857,20946,UNWIND
21206,20859,HAS_BLOCK
20859,20861,FLOW
20859,20946,FLOW
20859,20946,UNWIND
21206,20861,HAS_BLOCK
20861,20862,FLOW
20861,20866,FLOW
20861,19771,FLOW
21206,20862,HAS_BLOCK
20862,20868,FLOW
20862,20946,FLOW
20862,20946,UNWIND
21206,20866,HAS_BLOCK
20866,21203,FLOW
20866,20946,FLOW
20866,20946,UNWIND
21206,20868,HAS_BLOCK
20868,20870,FLOW
20868,20946,FLOW
20868,20946,UNWIND
21206,20870,HAS_BLOCK
20870,20871,FLOW
20870,20873,FLOW
20870,19771,FLOW
21206,20871,HAS_BLOCK
20871,20875,FLOW
20871,20946,FLOW
20871,20946,UNWIND
21206,20873,HAS_BLOCK
20873,21204,FLOW
20873,20946,FLOW
20873,20946,UNWIND
21206,20875,HAS_BLOCK
20875,20943,FLOW
21206,20876,HAS_BLOCK
20876,20877,FLOW
21206,20877,HAS_BLOCK
20877,20943,FLOW
21206,20878,HAS_BLOCK
20878,20879,FLOW
21206,20879,HAS_BLOCK
20879,20943,FLOW
21206,20882,HAS_BLOCK
20882,20943,FLOW
21206,20883,HAS_BLOCK
20883,20884,FLOW
21206,20884,HAS_BLOCK
20884,20943,FLOW
21206,20885,HAS_BLOCK
20885,20886,FLOW
21206,20886,HAS_BLOCK
20886,20943,FLOW
21206,20887,HAS_BLOCK
20887,20943,FLOW
21206,20888,HAS_BLOCK
20888,20943,FLOW
21206,20889,HAS_BLOCK
20889,20890,FLOW
21206,20890,HAS_BLOCK
20890,20943,FLOW
21206,20891,HAS_BLOCK
20891,20943,FLOW
21206,20893,HAS_BLOCK
20893,20894,FLOW
21206,20894,HAS_BLOCK
20894,20943,FLOW
21206,20895,HAS_BLOCK
20895,20896,FLOW
21206,20896,HAS_BLOCK
20896,20943,FLOW
21206,20897,HAS_BLOCK
20897,20898,FLOW
21206,20898,HAS_BLOCK
20898,20943,FLOW
21206,20899,HAS_BLOCK
20899,20900,FLOW
21206,20900,HAS_BLOCK
20900,20943,FLOW
21206,20901,HAS_BLOCK
20901,20902,FLOW
21206,20902,HAS_BLOCK
20902,20943,FLOW
21206,20905,HAS_BLOCK
20905,20943,FLOW
21206,20906,HAS_BLOCK
20906,20907,FLOW
21206,20907,HAS_BLOCK
20907,20943,FLOW
21206,20908,HAS_BLOCK
20908,20909,FLOW
21206,20909,HAS_BLOCK
20909,20943,FLOW
21206,20910,HAS_BLOCK
20910,20943,FLOW
21206,20911,HAS_BLOCK
20911,20912,FLOW
21206,20912,HAS_BLOCK
20912,20943,FLOW
21206,20913,HAS_BLOCK
20913,20914,FLOW
21206,20914,HAS_BLOCK
20914,20943,FLOW
21206,20917,HAS_BLOCK
20917,20918,FLOW
21206,20918,HAS_BLOCK
20918,20943,FLOW
21206,20919,HAS_BLOCK
20919,20943,FLOW
21206,20920,HAS_BLOCK
20920,20921,FLOW
21206,20921,HAS_BLOCK
20921,20943,FLOW
21206,20922,HAS_BLOCK
20922,20923,FLOW
21206,20923,HAS_BLOCK
20923,20943,FLOW
21206,20924,HAS_BLOCK
20924,20925,FLOW
21206,20925,HAS_BLOCK
20925,20943,FLOW
21206,20926,HAS_BLOCK
20926,20929,FLOW
21206,20929,HAS_BLOCK
20929,20943,FLOW
21206,20930,HAS_BLOCK
20930,20931,FLOW
21206,20931,HAS_BLOCK
20931,20943,FLOW
21206,20932,HAS_BLOCK
20932,20933,FLOW
21206,20933,HAS_BLOCK
20933,20943,FLOW
21206,20934,HAS_BLOCK
20934,20935,FLOW
21206,20935,HAS_BLOCK
20935,20943,FLOW
21206,20936,HAS_BLOCK
20936,20937,FLOW
21206,20937,HAS_BLOCK
20937,20943,FLOW
21206,20938,HAS_BLOCK
20938,20940,FLOW
21206,20940,HAS_BLOCK
20940,20943,FLOW
21206,20941,HAS_BLOCK
20941,20942,FLOW
21206,20942,HAS_BLOCK
20942,20943,FLOW
21206,20943,HAS_BLOCK
20943,21206,RETURN
21206,20944,HAS_BLOCK
21206,20945,HAS_BLOCK
20945,20944,FLOW
21206,20946,HAS_BLOCK
20946,20944,FLOW
20946,20945,FLOW
21206,20947,HAS_BLOCK
20947,20944,FLOW
21206,20948,HAS_BLOCK
20948,20944,FLOW
20948,20947,FLOW
21206,20949,HAS_BLOCK
20949,20944,FLOW
21206,20952,HAS_BLOCK
20952,20944,FLOW
20952,20949,FLOW
21206,20953,HAS_BLOCK
20953,20944,FLOW
21206,20954,HAS_BLOCK
20954,20944,FLOW
20954,20953,FLOW
21206,20955,HAS_BLOCK
20955,20944,FLOW
21206,20956,HAS_BLOCK
20956,20944,FLOW
20956,20955,FLOW
21206,20957,HAS_BLOCK
20957,20944,FLOW
21206,20958,HAS_BLOCK
20958,20944,FLOW
20958,20957,FLOW
21206,20959,HAS_BLOCK
20959,20944,FLOW
21206,20960,HAS_BLOCK
20960,20944,FLOW
20960,20959,FLOW
21206,20961,HAS_BLOCK
20961,20944,FLOW
21206,20964,HAS_BLOCK
20964,20944,FLOW
20964,20961,FLOW
21206,20965,HAS_BLOCK
20965,20944,FLOW
21206,20966,HAS_BLOCK
20966,20944,FLOW
20966,20965,FLOW
21206,20967,HAS_BLOCK
20967,20944,FLOW
21206,20968,HAS_BLOCK
20968,20944,FLOW
20968,20967,FLOW
21206,20969,HAS_BLOCK
20969,20944,FLOW
21206,20970,HAS_BLOCK
20970,20944,FLOW
20970,20969,FLOW
21206,20971,HAS_BLOCK
20971,20944,FLOW
21206,20972,HAS_BLOCK
20972,20944,FLOW
20972,20971,FLOW
21206,20973,HAS_BLOCK
20973,20944,FLOW
21206,20977,HAS_BLOCK
20977,20944,FLOW
20977,20973,FLOW
21206,20978,HAS_BLOCK
20978,20944,FLOW
21206,20979,HAS_BLOCK
20979,20944,FLOW
20979,20978,FLOW
21206,20980,HAS_BLOCK
20980,20944,FLOW
21206,20981,HAS_BLOCK
20981,20944,FLOW
20981,20980,FLOW
21206,20982,HAS_BLOCK
20982,20944,FLOW
21206,20983,HAS_BLOCK
20983,20944,FLOW
20983,20982,FLOW
21206,20984,HAS_BLOCK
20984,20944,FLOW
21206,20985,HAS_BLOCK
20985,20944,FLOW
20985,20984,FLOW
21206,20986,HAS_BLOCK
20986,20944,FLOW
21206,20988,HAS_BLOCK
20988,20944,FLOW
20988,20986,FLOW
21206,20989,HAS_BLOCK
20989,20944,FLOW
21206,20990,HAS_BLOCK
20990,20944,FLOW
20990,20989,FLOW
21206,20991,HAS_BLOCK
20991,20944,FLOW
21206,20992,HAS_BLOCK
20992,20944,FLOW
20992,20991,FLOW
21206,20993,HAS_BLOCK
20993,20944,FLOW
21206,20994,HAS_BLOCK
20994,20944,FLOW
20994,20993,FLOW
21206,20995,HAS_BLOCK
20995,20944,FLOW
21206,20996,HAS_BLOCK
20996,20944,FLOW
20996,20995,FLOW
21206,20997,HAS_BLOCK
20997,20944,FLOW
21206,21000,HAS_BLOCK
21000,20944,FLOW
21000,20997,FLOW
21206,21001,HAS_BLOCK
21001,20944,FLOW
21206,21002,HAS_BLOCK
21002,20944,FLOW
21002,21001,FLOW
21206,21003,HAS_BLOCK
21003,20944,FLOW
21206,21004,HAS_BLOCK
21004,20944,FLOW
21004,21003,FLOW
21206,21005,HAS_BLOCK
21005,20944,FLOW
21206,21006,HAS_BLOCK
21006,20944,FLOW
21006,21005,FLOW
21206,21007,HAS_BLOCK
21007,20944,FLOW
21206,21008,HAS_BLOCK
21008,20944,FLOW
21008,21007,FLOW
21206,21009,HAS_BLOCK
21009,20944,FLOW
21206,21012,HAS_BLOCK
21012,20944,FLOW
21012,21009,FLOW
21206,21013,HAS_BLOCK
21013,20944,FLOW
21206,21014,HAS_BLOCK
21014,20944,FLOW
21014,21013,FLOW
21206,21015,HAS_BLOCK
21015,20944,FLOW
21206,21016,HAS_BLOCK
21016,20944,FLOW
21016,21015,FLOW
21206,21017,HAS_BLOCK
21017,20944,FLOW
21206,21018,HAS_BLOCK
21018,20944,FLOW
21018,21017,FLOW
21206,21019,HAS_BLOCK
21019,20944,FLOW
21206,21020,HAS_BLOCK
21020,20944,FLOW
21020,21019,FLOW
21206,21021,HAS_BLOCK
21021,20944,FLOW
21206,21023,HAS_BLOCK
21023,20944,FLOW
21023,21021,FLOW
21206,21024,HAS_BLOCK
21024,20944,FLOW
21206,21025,HAS_BLOCK
21025,20944,FLOW
21025,21024,FLOW
21206,21026,HAS_BLOCK
21026,20944,FLOW
21206,21027,HAS_BLOCK
21027,20944,FLOW
21027,21026,FLOW
21206,21028,HAS_BLOCK
21028,20944,FLOW
21206,21029,HAS_BLOCK
21029,20944,FLOW
21029,21028,FLOW
21206,21030,HAS_BLOCK
21030,20944,FLOW
21206,21031,HAS_BLOCK
21031,20944,FLOW
21031,21030,FLOW
21206,21032,HAS_BLOCK
21032,20944,FLOW
21206,21034,HAS_BLOCK
21034,20944,FLOW
21034,21032,FLOW
21206,21035,HAS_BLOCK
21035,20944,FLOW
21206,21036,HAS_BLOCK
21036,20944,FLOW
21036,21035,FLOW
21206,21037,HAS_BLOCK
21037,20944,FLOW
21206,21038,HAS_BLOCK
21038,20944,FLOW
21038,21037,FLOW
21206,21039,HAS_BLOCK
21039,20944,FLOW
21206,21040,HAS_BLOCK
21040,20944,FLOW
21040,21039,FLOW
21206,21041,HAS_BLOCK
21041,20944,FLOW
21206,21042,HAS_BLOCK
21042,20944,FLOW
21042,21041,FLOW
21206,21043,HAS_BLOCK
21043,20944,FLOW
21206,21045,HAS_BLOCK
21045,20944,FLOW
21045,21043,FLOW
21206,21046,HAS_BLOCK
21046,20944,FLOW
21206,21047,HAS_BLOCK
21047,20944,FLOW
21047,21046,FLOW
21206,21048,HAS_BLOCK
21048,20944,FLOW
21206,21049,HAS_BLOCK
21049,20944,FLOW
21049,21048,FLOW
21206,21050,HAS_BLOCK
21050,20944,FLOW
21206,21051,HAS_BLOCK
21051,20944,FLOW
21051,21050,FLOW
21206,21052,HAS_BLOCK
21052,20944,FLOW
21206,21053,HAS_BLOCK
21053,20944,FLOW
21053,21052,FLOW
21206,21054,HAS_BLOCK
21054,20944,FLOW
21206,21056,HAS_BLOCK
21056,20944,FLOW
21056,21054,FLOW
21206,21057,HAS_BLOCK
21057,20944,FLOW
21206,21058,HAS_BLOCK
21058,20944,FLOW
21058,21057,FLOW
21206,21059,HAS_BLOCK
21059,20944,FLOW
21206,21060,HAS_BLOCK
21060,20944,FLOW
21060,21059,FLOW
21206,21061,HAS_BLOCK
21061,20944,FLOW
21206,21062,HAS_BLOCK
21062,20944,FLOW
21062,21061,FLOW
21206,21063,HAS_BLOCK
21063,20944,FLOW
21206,21064,HAS_BLOCK
21064,20944,FLOW
21064,21063,FLOW
21206,21065,HAS_BLOCK
21065,20944,FLOW
21206,21067,HAS_BLOCK
21067,20944,FLOW
21067,21065,FLOW
21206,21068,HAS_BLOCK
21068,20944,FLOW
21206,21069,HAS_BLOCK
21069,20944,FLOW
21069,21068,FLOW
21206,21070,HAS_BLOCK
21070,20944,FLOW
21206,21071,HAS_BLOCK
21071,20944,FLOW
21071,21070,FLOW
21206,21072,HAS_BLOCK
21072,20944,FLOW
21206,21073,HAS_BLOCK
21073,20944,FLOW
21073,21072,FLOW
21206,21074,HAS_BLOCK
21074,20944,FLOW
21206,21075,HAS_BLOCK
21075,20944,FLOW
21075,21074,FLOW
21206,21076,HAS_BLOCK
21076,20944,FLOW
21206,21078,HAS_BLOCK
21078,20944,FLOW
21078,21076,FLOW
21206,21079,HAS_BLOCK
21079,20944,FLOW
21206,21080,HAS_BLOCK
21080,20944,FLOW
21080,21079,FLOW
21206,21081,HAS_BLOCK
21081,20944,FLOW
21206,21082,HAS_BLOCK
21082,20944,FLOW
21082,21081,FLOW
21206,21083,HAS_BLOCK
21083,20944,FLOW
21206,21084,HAS_BLOCK
21084,20944,FLOW
21084,21083,FLOW
21206,21085,HAS_BLOCK
21085,20944,FLOW
21206,21086,HAS_BLOCK
21086,20944,FLOW
21086,21085,FLOW
21206,21087,HAS_BLOCK
21087,20944,FLOW
21206,21090,HAS_BLOCK
21090,20944,FLOW
21090,21087,FLOW
21206,21091,HAS_BLOCK
21091,20944,FLOW
21206,21092,HAS_BLOCK
21092,20944,FLOW
21092,21091,FLOW
21206,21093,HAS_BLOCK
21093,20941,FLOW
21206,21094,HAS_BLOCK
21094,20941,FLOW
21206,21095,HAS_BLOCK
21095,20941,FLOW
21206,21096,HAS_BLOCK
21096,20941,FLOW
21206,21097,HAS_BLOCK
21097,20941,FLOW
21206,21098,HAS_BLOCK
21098,20941,FLOW
21206,21099,HAS_BLOCK
21099,20938,FLOW
21206,21102,HAS_BLOCK
21102,20938,FLOW
21206,21103,HAS_BLOCK
21103,20936,FLOW
21206,21104,HAS_BLOCK
21104,20936,FLOW
21206,21105,HAS_BLOCK
21105,20936,FLOW
21206,21106,HAS_BLOCK
21106,20936,FLOW
21206,21107,HAS_BLOCK
21107,20936,FLOW
21206,21108,HAS_BLOCK
21108,20936,FLOW
21206,21109,HAS_BLOCK
21109,20936,FLOW
21206,21110,HAS_BLOCK
21110,20934,FLOW
21206,21111,HAS_BLOCK
21111,20934,FLOW
21206,21114,HAS_BLOCK
21114,20934,FLOW
21206,21115,HAS_BLOCK
21115,20934,FLOW
21206,21116,HAS_BLOCK
21116,20934,FLOW
21206,21117,HAS_BLOCK
21117,20934,FLOW
21206,21118,HAS_BLOCK
21118,20932,FLOW
21206,21119,HAS_BLOCK
21119,20932,FLOW
21206,21120,HAS_BLOCK
21120,20932,FLOW
21206,21121,HAS_BLOCK
21121,20932,FLOW
21206,21122,HAS_BLOCK
21122,20932,FLOW
21206,21123,HAS_BLOCK
21123,20930,FLOW
21206,21125,HAS_BLOCK
21125,20930,FLOW
21206,21126,HAS_BLOCK
21126,20930,FLOW
21206,21127,HAS_BLOCK
21127,20930,FLOW
21206,21128,HAS_BLOCK
21128,20926,FLOW
21206,21129,HAS_BLOCK
21129,20926,FLOW
21206,21130,HAS_BLOCK
21130,20926,FLOW
21206,21131,HAS_BLOCK
21131,20926,FLOW
21206,21132,HAS_BLOCK
21132,20924,FLOW
21206,21133,HAS_BLOCK
21133,20924,FLOW
21206,21134,HAS_BLOCK
21134,20924,FLOW
21206,21137,HAS_BLOCK
21137,20924,FLOW
21206,21138,HAS_BLOCK
21138,20924,FLOW
21206,21139,HAS_BLOCK
21139,20922,FLOW
21206,21140,HAS_BLOCK
21140,20922,FLOW
21206,21141,HAS_BLOCK
21141,20922,FLOW
21206,21142,HAS_BLOCK
21142,20922,FLOW
21206,21143,HAS_BLOCK
21143,20922,FLOW
21206,21144,HAS_BLOCK
21144,20920,FLOW
21206,21145,HAS_BLOCK
21145,20920,FLOW
21206,21146,HAS_BLOCK
21146,20920,FLOW
21206,21149,HAS_BLOCK
21149,20920,FLOW
21206,21150,HAS_BLOCK
21150,20917,FLOW
21206,21151,HAS_BLOCK
21151,20917,FLOW
21206,21152,HAS_BLOCK
21152,20917,FLOW
21206,21153,HAS_BLOCK
21153,20913,FLOW
21206,21154,HAS_BLOCK
21154,20913,FLOW
21206,21155,HAS_BLOCK
21155,20913,FLOW
21206,21156,HAS_BLOCK
21156,20911,FLOW
21206,21157,HAS_BLOCK
21157,20911,FLOW
21206,21158,HAS_BLOCK
21158,20911,FLOW
21206,21161,HAS_BLOCK
21161,20911,FLOW
21206,21162,HAS_BLOCK
21162,20908,FLOW
21206,21163,HAS_BLOCK
21163,20908,FLOW
21206,21164,HAS_BLOCK
21164,20906,FLOW
21206,21165,HAS_BLOCK
21165,20906,FLOW
21206,21166,HAS_BLOCK
21166,20901,FLOW
21206,21167,HAS_BLOCK
21167,20901,FLOW
21206,21168,HAS_BLOCK
21168,20901,FLOW
21206,21169,HAS_BLOCK
21169,20901,FLOW
21206,21170,HAS_BLOCK
21170,20901,FLOW
21206,21172,HAS_BLOCK
21172,20899,FLOW
21206,21173,HAS_BLOCK
21173,20899,FLOW
21206,21174,HAS_BLOCK
21174,20899,FLOW
21206,21175,HAS_BLOCK
21175,20899,FLOW
21206,21176,HAS_BLOCK
21176,20899,FLOW
21206,21177,HAS_BLOCK
21177,20897,FLOW
21206,21178,HAS_BLOCK
21178,20897,FLOW
21206,21179,HAS_BLOCK
21179,20897,FLOW
21206,21180,HAS_BLOCK
21180,20897,FLOW
21206,21181,HAS_BLOCK
21181,20895,FLOW
21206,21184,HAS_BLOCK
21184,20895,FLOW
21206,21185,HAS_BLOCK
21185,20895,FLOW
21206,21186,HAS_BLOCK
21186,20893,FLOW
21206,21187,HAS_BLOCK
21187,20893,FLOW
21206,21188,HAS_BLOCK
21188,20893,FLOW
21206,21189,HAS_BLOCK
21189,20893,FLOW
21206,21190,HAS_BLOCK
21190,20893,FLOW
21206,21191,HAS_BLOCK
21191,20889,FLOW
21206,21192,HAS_BLOCK
21192,20889,FLOW
21206,21193,HAS_BLOCK
21193,20885,FLOW
21206,21196,HAS_BLOCK
21196,20885,FLOW
21206,21197,HAS_BLOCK
21197,20883,FLOW
21206,21198,HAS_BLOCK
21198,20883,FLOW
21206,21199,HAS_BLOCK
21199,20883,FLOW
21206,21200,HAS_BLOCK
21200,20878,FLOW
21206,21201,HAS_BLOCK
21201,20878,FLOW
21206,21202,HAS_BLOCK
21202,20876,FLOW
21206,21203,HAS_BLOCK
21203,20876,FLOW
21206,21204,HAS_BLOCK
21204,20876,FLOW
19680,19681,HAS_PARAM
19680,19677,HAS_BLOCK
19677,19679,FLOW
19680,19679,HAS_BLOCK
19679,19680,RETURN
15856,15857,HAS_PARAM
15856,15858,HAS_PARAM
15856,15853,HAS_BLOCK
15853,15855,FLOW
15856,15855,HAS_BLOCK
15855,15856,RETURN
16266,16267,HAS_PARAM
16266,16268,HAS_PARAM
16266,16229,HAS_BLOCK
16229,16257,FLOW
16229,16256,FLOW
16229,16255,FLOW
16229,16254,FLOW
16229,16252,FLOW
16229,16251,FLOW
16229,16250,FLOW
16229,16249,FLOW
16229,16248,FLOW
16229,16247,FLOW
16229,16246,FLOW
16229,16245,FLOW
16229,16244,FLOW
16229,16243,FLOW
16229,16240,FLOW
16229,16239,FLOW
16229,16238,FLOW
16229,16237,FLOW
16229,16236,FLOW
16229,16235,FLOW
16229,16234,FLOW
16229,16233,FLOW
16229,16232,FLOW
16229,16231,FLOW
16229,16265,FLOW
16229,16264,FLOW
16229,16263,FLOW
16229,16262,FLOW
16229,16261,FLOW
16229,16260,FLOW
16229,16253,FLOW
16229,16242,FLOW
16229,16230,FLOW
16266,16230,HAS_BLOCK
16230,16258,FLOW
16266,16242,HAS_BLOCK
16242,16259,FLOW
16266,16253,HAS_BLOCK
16253,16259,FLOW
16266,16260,HAS_BLOCK
16260,16259,FLOW
16266,16261,HAS_BLOCK
16261,16259,FLOW
16266,16262,HAS_BLOCK
16262,16259,FLOW
16266,16263,HAS_BLOCK
16263,16259,FLOW
16266,16264,HAS_BLOCK
16264,16259,FLOW
16266,16265,HAS_BLOCK
16265,16259,FLOW
16266,16231,HAS_BLOCK
16231,16259,FLOW
16266,16232,HAS_BLOCK
16232,16259,FLOW
16266,16233,HAS_BLOCK
16233,16259,FLOW
16266,16234,HAS_BLOCK
16234,16259,FLOW
16266,16235,HAS_BLOCK
16235,16259,FLOW
16266,16236,HAS_BLOCK
16236,16259,FLOW
16266,16237,HAS_BLOCK
16237,16259,FLOW
16266,16238,HAS_BLOCK
16238,16259,FLOW
16266,16239,HAS_BLOCK
16239,16259,FLOW
16266,16240,HAS_BLOCK
16240,16259,FLOW
16266,16243,HAS_BLOCK
16243,16259,FLOW
16266,16244,HAS_BLOCK
16244,16259,FLOW
16266,16245,HAS_BLOCK
16245,16259,FLOW
16266,16246,HAS_BLOCK
16246,16259,FLOW
16266,16247,HAS_BLOCK
16247,16259,FLOW
16266,16248,HAS_BLOCK
16248,16259,FLOW
16266,16249,HAS_BLOCK
16249,16259,FLOW
16266,16250,HAS_BLOCK
16250,16259,FLOW
16266,16251,HAS_BLOCK
16251,16259,FLOW
16266,16252,HAS_BLOCK
16252,16259,FLOW
16266,16254,HAS_BLOCK
16254,16259,FLOW
16266,16255,HAS_BLOCK
16255,16259,FLOW
16266,16256,HAS_BLOCK
16256,16259,FLOW
16266,16257,HAS_BLOCK
16257,16259,FLOW
16266,16258,HAS_BLOCK
16258,16259,FLOW
16266,16259,HAS_BLOCK
16259,16266,RETURN
16226,16227,HAS_PARAM
16226,16228,HAS_PARAM
16226,16094,HAS_BLOCK
16094,16222,FLOW
16226,16096,HAS_BLOCK
16096,16223,FLOW
16226,16113,HAS_BLOCK
16113,16224,FLOW
16226,16129,HAS_BLOCK
16129,16221,FLOW
16226,16146,HAS_BLOCK
16146,16224,FLOW
16226,16162,HAS_BLOCK
16162,16220,FLOW
16226,16179,HAS_BLOCK
16179,16224,FLOW
16226,16192,HAS_BLOCK
16192,16219,FLOW
16226,16204,HAS_BLOCK
16204,16224,FLOW
16226,16215,HAS_BLOCK
16215,16218,FLOW
16226,16097,HAS_BLOCK
16097,16224,FLOW
16226,16098,HAS_BLOCK
16098,16217,FLOW
16226,16100,HAS_BLOCK
16100,16224,FLOW
16226,16101,HAS_BLOCK
16101,16216,FLOW
16226,16103,HAS_BLOCK
16103,16224,FLOW
16226,16104,HAS_BLOCK
16104,16214,FLOW
16226,16106,HAS_BLOCK
16106,16224,FLOW
16226,16107,HAS_BLOCK
16107,16213,FLOW
16226,16109,HAS_BLOCK
16109,16224,FLOW
16226,16110,HAS_BLOCK
16110,16212,FLOW
16226,16114,HAS_BLOCK
16114,16224,FLOW
16226,16115,HAS_BLOCK
16115,16211,FLOW
16226,16117,HAS_BLOCK
16117,16224,FLOW
16226,16118,HAS_BLOCK
16118,16210,FLOW
16226,16120,HAS_BLOCK
16120,16224,FLOW
16226,16121,HAS_BLOCK
16121,16209,FLOW
16226,16123,HAS_BLOCK
16123,16224,FLOW
16226,16124,HAS_BLOCK
16124,16208,FLOW
16226,16126,HAS_BLOCK
16126,16224,FLOW
16226,16127,HAS_BLOCK
16127,16207,FLOW
16226,16130,HAS_BLOCK
16130,16224,FLOW
16226,16131,HAS_BLOCK
16131,16206,FLOW
16226,16133,HAS_BLOCK
16133,16224,FLOW
16226,16134,HAS_BLOCK
16134,16205,FLOW
16226,16136,HAS_BLOCK
16136,16224,FLOW
16226,16137,HAS_BLOCK
16137,16202,FLOW
16226,16139,HAS_BLOCK
16139,16224,FLOW
16226,16140,HAS_BLOCK
16140,16201,FLOW
16226,16142,HAS_BLOCK
16142,16224,FLOW
16226,16143,HAS_BLOCK
16143,16200,FLOW
16226,16147,HAS_BLOCK
16147,16224,FLOW
16226,16148,HAS_BLOCK
16148,16199,FLOW
16226,16150,HAS_BLOCK
16150,16224,FLOW
16226,16151,HAS_BLOCK
16151,16198,FLOW
16226,16153,HAS_BLOCK
16153,16224,FLOW
16226,16154,HAS_BLOCK
16154,16197,FLOW
16226,16156,HAS_BLOCK
16156,16224,FLOW
16226,16157,HAS_BLOCK
16157,16196,FLOW
16226,16159,HAS_BLOCK
16159,16224,FLOW
16226,16160,HAS_BLOCK
16160,16195,FLOW
16226,16163,HAS_BLOCK
16163,16224,FLOW
16226,16164,HAS_BLOCK
16164,16194,FLOW
16226,16166,HAS_BLOCK
16166,16224,FLOW
16226,16167,HAS_BLOCK
16167,16193,FLOW
16226,16169,HAS_BLOCK
16169,16224,FLOW
16226,16170,HAS_BLOCK
16170,16191,FLOW
16226,16172,HAS_BLOCK
16172,16224,FLOW
16226,16173,HAS_BLOCK
16173,16190,FLOW
16226,16175,HAS_BLOCK
16175,16224,FLOW
16226,16176,HAS_BLOCK
16176,16189,FLOW
16226,16180,HAS_BLOCK
16180,16224,FLOW
16226,16181,HAS_BLOCK
16181,16188,FLOW
16226,16183,HAS_BLOCK
16183,16224,FLOW
16226,16184,HAS_BLOCK
16184,16187,FLOW
16226,16186,HAS_BLOCK
16186,16224,FLOW
16226,16187,HAS_BLOCK
16187,16096,FLOW
16187,16186,FLOW
16226,16188,HAS_BLOCK
16188,16184,FLOW
16188,16183,FLOW
16226,16189,HAS_BLOCK
16189,16181,FLOW
16189,16180,FLOW
16226,16190,HAS_BLOCK
16190,16176,FLOW
16190,16175,FLOW
16226,16191,HAS_BLOCK
16191,16173,FLOW
16191,16172,FLOW
16226,16193,HAS_BLOCK
16193,16170,FLOW
16193,16169,FLOW
16226,16194,HAS_BLOCK
16194,16167,FLOW
16194,16166,FLOW
16226,16195,HAS_BLOCK
16195,16164,FLOW
16195,16163,FLOW
16226,16196,HAS_BLOCK
16196,16160,FLOW
16196,16159,FLOW
16226,16197,HAS_BLOCK
16197,16157,FLOW
16197,16156,FLOW
16226,16198,HAS_BLOCK
16198,16154,FLOW
16198,16153,FLOW
16226,16199,HAS_BLOCK
16199,16151,FLOW
16199,16150,FLOW
16226,16200,HAS_BLOCK
16200,16148,FLOW
16200,16147,FLOW
16226,16201,HAS_BLOCK
16201,16143,FLOW
16201,16142,FLOW
16226,16202,HAS_BLOCK
16202,16140,FLOW
16202,16139,FLOW
16226,16205,HAS_BLOCK
16205,16137,FLOW
16205,16136,FLOW
16226,16206,HAS_BLOCK
16206,16134,FLOW
16206,16133,FLOW
16226,16207,HAS_BLOCK
16207,16131,FLOW
16207,16130,FLOW
16226,16208,HAS_BLOCK
16208,16127,FLOW
16208,16126,FLOW
16226,16209,HAS_BLOCK
16209,16124,FLOW
16209,16123,FLOW
16226,16210,HAS_BLOCK
16210,16121,FLOW
16210,16120,FLOW
16226,16211,HAS_BLOCK
16211,16118,FLOW
16211,16117,FLOW
16226,16212,HAS_BLOCK
16212,16115,FLOW
16212,16114,FLOW
16226,16213,HAS_BLOCK
16213,16110,FLOW
16213,16109,FLOW
16226,16214,HAS_BLOCK
16214,16107,FLOW
16214,16106,FLOW
16226,16216,HAS_BLOCK
16216,16104,FLOW
16216,16103,FLOW
16226,16217,HAS_BLOCK
16217,16101,FLOW
16217,16100,FLOW
16226,16218,HAS_BLOCK
16218,16098,FLOW
16218,16097,FLOW
16226,16219,HAS_BLOCK
16219,16215,FLOW
16219,16204,FLOW
16226,16220,HAS_BLOCK
16220,16192,FLOW
16220,16179,FLOW
16226,16221,HAS_BLOCK
16221,16162,FLOW
16221,16146,FLOW
16226,16222,HAS_BLOCK
16222,16129,FLOW
16222,16113,FLOW
16226,16223,HAS_BLOCK
16223,16224,FLOW
16226,16224,HAS_BLOCK
16224,16226,RETURN
16091,16092,HAS_PARAM
16091,16093,HAS_PARAM
16091,15859,HAS_BLOCK
15859,16013,FLOW
15859,15972,FLOW
16091,15860,HAS_BLOCK
15860,15999,FLOW
16091,15972,HAS_BLOCK
15972,16014,FLOW
15972,15861,FLOW
15972,15905,FLOW
15972,15984,FLOW
15972,16009,FLOW
15972,15860,FLOW
16091,16014,HAS_BLOCK
16014,16025,FLOW
16014,16058,FLOW
16014,15860,FLOW
16091,16025,HAS_BLOCK
16025,16036,FLOW
16025,15860,FLOW
16091,16036,HAS_BLOCK
16036,16047,FLOW
16036,15860,FLOW
16091,16047,HAS_BLOCK
16047,15998,FLOW
16047,15860,FLOW
16091,16058,HAS_BLOCK
16058,16069,FLOW
16058,15860,FLOW
16091,16069,HAS_BLOCK
16069,16080,FLOW
16069,15860,FLOW
16091,16080,HAS_BLOCK
16080,15978,FLOW
16080,15860,FLOW
16091,15861,HAS_BLOCK
15861,15872,FLOW
15861,15860,FLOW
16091,15872,HAS_BLOCK
15872,15883,FLOW
15872,15860,FLOW
16091,15883,HAS_BLOCK
15883,15894,FLOW
15883,15860,FLOW
16091,15894,HAS_BLOCK
15894,15993,FLOW
15894,15860,FLOW
16091,15905,HAS_BLOCK
15905,15916,FLOW
15905,15949,FLOW
15905,15860,FLOW
16091,15916,HAS_BLOCK
15916,15927,FLOW
15916,15860,FLOW
16091,15927,HAS_BLOCK
15927,15938,FLOW
15927,15860,FLOW
16091,15938,HAS_BLOCK
15938,15988,FLOW
15938,15860,FLOW
16091,15949,HAS_BLOCK
15949,15960,FLOW
15949,15860,FLOW
16091,15960,HAS_BLOCK
15960,15973,FLOW
15960,15860,FLOW
16091,15973,HAS_BLOCK
15973,15986,FLOW
15973,15860,FLOW
16091,15984,HAS_BLOCK
15984,15995,FLOW
15984,15860,FLOW
16091,15995,HAS_BLOCK
15995,16007,FLOW
15995,15860,FLOW
16091,16007,HAS_BLOCK
16007,16008,FLOW
16007,15860,FLOW
16091,16008,HAS_BLOCK
16008,15985,FLOW
16008,15860,FLOW
16091,16009,HAS_BLOCK
16009,16010,FLOW
16009,15860,FLOW
16091,16010,HAS_BLOCK
16010,16011,FLOW
16010,15860,FLOW
16091,16011,HAS_BLOCK
16011,16012,FLOW
16011,15860,FLOW
16091,16012,HAS_BLOCK
16012,15962,FLOW
16012,15860,FLOW
16091,16013,HAS_BLOCK
16013,16030,FLOW
16013,16015,FLOW
16091,16015,HAS_BLOCK
16015,16016,FLOW
16015,16021,FLOW
16015,15860,FLOW
16091,16016,HAS_BLOCK
16016,16017,FLOW
16016,15860,FLOW
16091,16017,HAS_BLOCK
16017,16018,FLOW
16017,15860,FLOW
16091,16018,HAS_BLOCK
16018,16019,FLOW
16018,15860,FLOW
16091,16019,HAS_BLOCK
16019,16020,FLOW
16019,15860,FLOW
16091,16020,HAS_BLOCK
16020,15997,FLOW
16020,15860,FLOW
16091,16021,HAS_BLOCK
16021,16022,FLOW
16021,15860,FLOW
16091,16022,HAS_BLOCK
16022,16023,FLOW
16022,16027,FLOW
16022,15860,FLOW
16091,16023,HAS_BLOCK
16023,16024,FLOW
16023,15860,FLOW
16091,16024,HAS_BLOCK
16024,16026,FLOW
16024,15860,FLOW
16091,16026,HAS_BLOCK
16026,15996,FLOW
16026,15860,FLOW
16091,16027,HAS_BLOCK
16027,16028,FLOW
16027,15860,FLOW
16091,16028,HAS_BLOCK
16028,16029,FLOW
16028,15860,FLOW
16091,16029,HAS_BLOCK
16029,15977,FLOW
16029,15860,FLOW
16091,16030,HAS_BLOCK
16030,16049,FLOW
16030,16031,FLOW
16091,16031,HAS_BLOCK
16031,16032,FLOW
16031,16035,FLOW
16031,16039,FLOW
16031,16042,FLOW
16031,16045,FLOW
16031,15860,FLOW
16091,16032,HAS_BLOCK
16032,16033,FLOW
16032,15860,FLOW
16091,16033,HAS_BLOCK
16033,16034,FLOW
16033,15860,FLOW
16091,16034,HAS_BLOCK
16034,15994,FLOW
16034,15860,FLOW
16091,16035,HAS_BLOCK
16035,16037,FLOW
16035,15860,FLOW
16091,16037,HAS_BLOCK
16037,16038,FLOW
16037,15860,FLOW
16091,16038,HAS_BLOCK
16038,15990,FLOW
16038,15860,FLOW
16091,16039,HAS_BLOCK
16039,16040,FLOW
16039,15860,FLOW
16091,16040,HAS_BLOCK
16040,16041,FLOW
16040,15860,FLOW
16091,16041,HAS_BLOCK
16041,15987,FLOW
16041,15860,FLOW
16091,16042,HAS_BLOCK
16042,16043,FLOW
16042,15860,FLOW
16091,16043,HAS_BLOCK
16043,16044,FLOW
16043,15860,FLOW
16091,16044,HAS_BLOCK
16044,15980,FLOW
16044,15860,FLOW
16091,16045,HAS_BLOCK
16045,16046,FLOW
16045,15860,FLOW
16091,16046,HAS_BLOCK
16046,16048,FLOW
16046,15860,FLOW
16091,16048,HAS_BLOCK
16048,15967,FLOW
16048,15860,FLOW
16091,16049,HAS_BLOCK
16049,16086,FLOW
16049,16050,FLOW
16091,16050,HAS_BLOCK
16050,16051,FLOW
16050,16060,FLOW
16050,16068,FLOW
16050,16077,FLOW
16050,15860,FLOW
16091,16051,HAS_BLOCK
16051,16052,FLOW
16051,15860,FLOW
16091,16052,HAS_BLOCK
16052,16053,FLOW
16052,15860,FLOW
16091,16053,HAS_BLOCK
16053,16054,FLOW
16053,15860,FLOW
16091,16054,HAS_BLOCK
16054,16055,FLOW
16054,15860,FLOW
16091,16055,HAS_BLOCK
16055,16056,FLOW
16055,15860,FLOW
16091,16056,HAS_BLOCK
16056,16057,FLOW
16056,15860,FLOW
16091,16057,HAS_BLOCK
16057,16059,FLOW
16057,15860,FLOW
16091,16059,HAS_BLOCK
16059,15992,FLOW
16059,15860,FLOW
16091,16060,HAS_BLOCK
16060,16061,FLOW
16060,15860,FLOW
16091,16061,HAS_BLOCK
16061,16062,FLOW
16061,15860,FLOW
16091,16062,HAS_BLOCK
16062,16063,FLOW
16062,15860,FLOW
16091,16063,HAS_BLOCK
16063,16064,FLOW
16063,15860,FLOW
16091,16064,HAS_BLOCK
16064,16065,FLOW
16064,15860,FLOW
16091,16065,HAS_BLOCK
16065,16066,FLOW
16065,15860,FLOW
16091,16066,HAS_BLOCK
16066,16067,FLOW
16066,15860,FLOW
16091,16067,HAS_BLOCK
16067,15982,FLOW
16067,15860,FLOW
16091,16068,HAS_BLOCK
16068,16070,FLOW
16068,15860,FLOW
16091,16070,HAS_BLOCK
16070,16071,FLOW
16070,15860,FLOW
16091,16071,HAS_BLOCK
16071,16072,FLOW
16071,15860,FLOW
16091,16072,HAS_BLOCK
16072,16073,FLOW
16072,15860,FLOW
16091,16073,HAS_BLOCK
16073,16074,FLOW
16073,15860,FLOW
16091,16074,HAS_BLOCK
16074,16075,FLOW
16074,15860,FLOW
16091,16075,HAS_BLOCK
16075,16076,FLOW
16075,15860,FLOW
16091,16076,HAS_BLOCK
16076,15974,FLOW
16076,15860,FLOW
16091,16077,HAS_BLOCK
16077,16078,FLOW
16077,15860,FLOW
16091,16078,HAS_BLOCK
16078,16079,FLOW
16078,15860,FLOW
16091,16079,HAS_BLOCK
16079,16081,FLOW
16079,15860,FLOW
16091,16081,HAS_BLOCK
16081,16082,FLOW
16081,15860,FLOW
16091,16082,HAS_BLOCK
16082,16083,FLOW
16082,15860,FLOW
16091,16083,HAS_BLOCK
16083,16084,FLOW
16083,15860,FLOW
16091,16084,HAS_BLOCK
16084,16085,FLOW
16084,15860,FLOW
16091,16085,HAS_BLOCK
16085,15969,FLOW
16085,15860,FLOW
16091,16086,HAS_BLOCK
16086,15878,FLOW
16086,16087,FLOW
16091,16087,HAS_BLOCK
16087,16088,FLOW
16087,15868,FLOW
16087,15860,FLOW
16091,16088,HAS_BLOCK
16088,16089,FLOW
16088,15860,FLOW
16091,16089,HAS_BLOCK
16089,16090,FLOW
16089,15860,FLOW
16091,16090,HAS_BLOCK
16090,15862,FLOW
16090,15860,FLOW
16091,15862,HAS_BLOCK
15862,15863,FLOW
15862,15860,FLOW
16091,15863,HAS_BLOCK
15863,15864,FLOW
15863,15860,FLOW
16091,15864,HAS_BLOCK
15864,15865,FLOW
15864,15860,FLOW
16091,15865,HAS_BLOCK
15865,15866,FLOW
15865,15860,FLOW
16091,15866,HAS_BLOCK
15866,15867,FLOW
15866,15860,FLOW
16091,15867,HAS_BLOCK
15867,15991,FLOW
15867,15860,FLOW
16091,15868,HAS_BLOCK
15868,15869,FLOW
15868,15860,FLOW
16091,15869,HAS_BLOCK
15869,15870,FLOW
15869,15860,FLOW
16091,15870,HAS_BLOCK
15870,15871,FLOW
15870,15860,FLOW
16091,15871,HAS_BLOCK
15871,15873,FLOW
15871,15860,FLOW
16091,15873,HAS_BLOCK
15873,15874,FLOW
15873,15860,FLOW
16091,15874,HAS_BLOCK
15874,15875,FLOW
15874,15860,FLOW
16091,15875,HAS_BLOCK
15875,15876,FLOW
15875,15860,FLOW
16091,15876,HAS_BLOCK
15876,15877,FLOW
15876,15860,FLOW
16091,15877,HAS_BLOCK
15877,15966,FLOW
15877,15860,FLOW
16091,15878,HAS_BLOCK
15878,15881,FLOW
15878,15879,FLOW
16091,15879,HAS_BLOCK
15879,15880,FLOW
15879,15860,FLOW
16091,15880,HAS_BLOCK
15880,15989,FLOW
15880,15860,FLOW
16091,15881,HAS_BLOCK
15881,15896,FLOW
15881,15882,FLOW
16091,15882,HAS_BLOCK
15882,15884,FLOW
15882,15860,FLOW
16091,15884,HAS_BLOCK
15884,15885,FLOW
15884,15860,FLOW
16091,15885,HAS_BLOCK
15885,15886,FLOW
15885,15860,FLOW
16091,15886,HAS_BLOCK
15886,15887,FLOW
15886,15860,FLOW
16091,15887,HAS_BLOCK
15887,15888,FLOW
15887,15860,FLOW
16091,15888,HAS_BLOCK
15888,15889,FLOW
15888,15860,FLOW
16091,15889,HAS_BLOCK
15889,15890,FLOW
15889,15860,FLOW
16091,15890,HAS_BLOCK
15890,15891,FLOW
15890,15860,FLOW
16091,15891,HAS_BLOCK
15891,15892,FLOW
15891,15860,FLOW
16091,15892,HAS_BLOCK
15892,15893,FLOW
15892,15860,FLOW
16091,15893,HAS_BLOCK
15893,15895,FLOW
15893,15860,FLOW
16091,15895,HAS_BLOCK
15895,15983,FLOW
15895,15860,FLOW
16091,15896,HAS_BLOCK
15896,15926,FLOW
15896,15897,FLOW
16091,15897,HAS_BLOCK
15897,15898,FLOW
15897,15910,FLOW
15897,15917,FLOW
15897,15860,FLOW
16091,15898,HAS_BLOCK
15898,15899,FLOW
15898,15904,FLOW
15898,15860,FLOW
16091,15899,HAS_BLOCK
15899,15900,FLOW
15899,15860,FLOW
16091,15900,HAS_BLOCK
15900,15901,FLOW
15900,15860,FLOW
16091,15901,HAS_BLOCK
15901,15902,FLOW
15901,15860,FLOW
16091,15902,HAS_BLOCK
15902,15903,FLOW
15902,15860,FLOW
16091,15903,HAS_BLOCK
15903,15981,FLOW
15903,15860,FLOW
16091,15904,HAS_BLOCK
15904,15906,FLOW
15904,15860,FLOW
16091,15906,HAS_BLOCK
15906,15907,FLOW
15906,15860,FLOW
16091,15907,HAS_BLOCK
15907,15908,FLOW
15907,15860,FLOW
16091,15908,HAS_BLOCK
15908,15909,FLOW
15908,15860,FLOW
16091,15909,HAS_BLOCK
15909,15963,FLOW
15909,15860,FLOW
16091,15910,HAS_BLOCK
15910,15911,FLOW
15910,15860,FLOW
16091,15911,HAS_BLOCK
15911,15912,FLOW
15911,15860,FLOW
16091,15912,HAS_BLOCK
15912,15913,FLOW
15912,15860,FLOW
16091,15913,HAS_BLOCK
15913,15914,FLOW
15913,15860,FLOW
16091,15914,HAS_BLOCK
15914,15915,FLOW
15914,15860,FLOW
16091,15915,HAS_BLOCK
15915,15970,FLOW
15915,15860,FLOW
16091,15917,HAS_BLOCK
15917,15918,FLOW
15917,15860,FLOW
16091,15918,HAS_BLOCK
15918,15919,FLOW
15918,15860,FLOW
16091,15919,HAS_BLOCK
15919,15920,FLOW
15919,15923,FLOW
15919,15860,FLOW
16091,15920,HAS_BLOCK
15920,15921,FLOW
15920,15860,FLOW
16091,15921,HAS_BLOCK
15921,15922,FLOW
15921,15860,FLOW
16091,15922,HAS_BLOCK
15922,15968,FLOW
15922,15860,FLOW
16091,15923,HAS_BLOCK
15923,15924,FLOW
15923,15860,FLOW
16091,15924,HAS_BLOCK
15924,15925,FLOW
15924,15860,FLOW
16091,15925,HAS_BLOCK
15925,15964,FLOW
15925,15860,FLOW
16091,15926,HAS_BLOCK
15926,15944,FLOW
15926,15928,FLOW
16091,15928,HAS_BLOCK
15928,15929,FLOW
15928,15936,FLOW
15928,15860,FLOW
16091,15929,HAS_BLOCK
15929,15930,FLOW
15929,15860,FLOW
16091,15930,HAS_BLOCK
15930,15931,FLOW
15930,15860,FLOW
16091,15931,HAS_BLOCK
15931,15932,FLOW
15931,15860,FLOW
16091,15932,HAS_BLOCK
15932,15933,FLOW
15932,15860,FLOW
16091,15933,HAS_BLOCK
15933,15934,FLOW
15933,15860,FLOW
16091,15934,HAS_BLOCK
15934,15935,FLOW
15934,15860,FLOW
16091,15935,HAS_BLOCK
15935,15979,FLOW
15935,15860,FLOW
16091,15936,HAS_BLOCK
15936,15937,FLOW
15936,15860,FLOW
16091,15937,HAS_BLOCK
15937,15939,FLOW
15937,15860,FLOW
16091,15939,HAS_BLOCK
15939,15940,FLOW
15939,15860,FLOW
16091,15940,HAS_BLOCK
15940,15941,FLOW
15940,15860,FLOW
16091,15941,HAS_BLOCK
15941,15942,FLOW
15941,15860,FLOW
16091,15942,HAS_BLOCK
15942,15943,FLOW
15942,15860,FLOW
16091,15943,HAS_BLOCK
15943,15965,FLOW
15943,15860,FLOW
16091,15944,HAS_BLOCK
15944,15948,FLOW
15944,15945,FLOW
16091,15945,HAS_BLOCK
15945,15946,FLOW
15945,15860,FLOW
16091,15946,HAS_BLOCK
15946,15947,FLOW
15946,15860,FLOW
16091,15947,HAS_BLOCK
15947,15976,FLOW
15947,15860,FLOW
16091,15948,HAS_BLOCK
15948,15860,FLOW
15948,15950,FLOW
16091,15950,HAS_BLOCK
15950,15951,FLOW
15950,15860,FLOW
16091,15951,HAS_BLOCK
15951,15952,FLOW
15951,15860,FLOW
16091,15952,HAS_BLOCK
15952,15953,FLOW
15952,15860,FLOW
16091,15953,HAS_BLOCK
15953,15954,FLOW
15953,15860,FLOW
16091,15954,HAS_BLOCK
15954,15955,FLOW
15954,15860,FLOW
16091,15955,HAS_BLOCK
15955,15956,FLOW
15955,15860,FLOW
16091,15956,HAS_BLOCK
15956,15957,FLOW
15956,15860,FLOW
16091,15957,HAS_BLOCK
15957,15958,FLOW
15957,15860,FLOW
16091,15958,HAS_BLOCK
15958,15959,FLOW
15958,15860,FLOW
16091,15959,HAS_BLOCK
15959,15961,FLOW
15959,15860,FLOW
16091,15961,HAS_BLOCK
15961,15975,FLOW
15961,15860,FLOW
16091,15962,HAS_BLOCK
15962,16004,FLOW
16091,15963,HAS_BLOCK
15963,16004,FLOW
16091,15964,HAS_BLOCK
15964,16004,FLOW
16091,15965,HAS_BLOCK
15965,16004,FLOW
16091,15966,HAS_BLOCK
15966,16004,FLOW
16091,15967,HAS_BLOCK
15967,16004,FLOW
16091,15968,HAS_BLOCK
15968,16004,FLOW
16091,15969,HAS_BLOCK
15969,16004,FLOW
16091,15970,HAS_BLOCK
15970,16004,FLOW
16091,15974,HAS_BLOCK
15974,16004,FLOW
16091,15975,HAS_BLOCK
15975,16004,FLOW
16091,15976,HAS_BLOCK
15976,16004,FLOW
16091,15977,HAS_BLOCK
15977,16004,FLOW
16091,15978,HAS_BLOCK
15978,16004,FLOW
16091,15979,HAS_BLOCK
15979,16004,FLOW
16091,15980,HAS_BLOCK
15980,16004,FLOW
16091,15981,HAS_BLOCK
15981,16004,FLOW
16091,15982,HAS_BLOCK
15982,16004,FLOW
16091,15983,HAS_BLOCK
15983,16004,FLOW
16091,15985,HAS_BLOCK
15985,16004,FLOW
16091,15986,HAS_BLOCK
15986,16004,FLOW
16091,15987,HAS_BLOCK
15987,16004,FLOW
16091,15988,HAS_BLOCK
15988,16004,FLOW
16091,15989,HAS_BLOCK
15989,16004,FLOW
16091,15990,HAS_BLOCK
15990,16004,FLOW
16091,15991,HAS_BLOCK
15991,16004,FLOW
16091,15992,HAS_BLOCK
15992,16004,FLOW
16091,15993,HAS_BLOCK
15993,16004,FLOW
16091,15994,HAS_BLOCK
15994,16004,FLOW
16091,15996,HAS_BLOCK
15996,16004,FLOW
16091,15997,HAS_BLOCK
15997,16004,FLOW
16091,15998,HAS_BLOCK
15998,16004,FLOW
16091,15999,HAS_BLOCK
15999,16001,FLOW
15999,16005,FLOW
15999,16005,UNWIND
16091,16001,HAS_BLOCK
16001,16003,FLOW
16001,16005,FLOW
16001,16005,UNWIND
16091,16003,HAS_BLOCK
16003,16004,FLOW
16091,16004,HAS_BLOCK
16004,16091,RETURN
16091,16005,HAS_BLOCK
16005,16006,FLOW
16091,16006,HAS_BLOCK
15851,15852,HAS_PARAM
15851,15848,HAS_BLOCK
15848,15850,FLOW
15851,15850,HAS_BLOCK
15850,15851,RETURN
16272,16273,HAS_PARAM
16272,16274,HAS_PARAM
16272,16269,HAS_BLOCK
16269,16271,FLOW
16272,16271,HAS_BLOCK
16271,16272,RETURN
16541,16542,HAS_PARAM
16541,16543,HAS_PARAM
16541,16467,HAS_BLOCK
16467,16469,FLOW
16541,16469,HAS_BLOCK
16469,16491,FLOW
16541,16491,HAS_BLOCK
16491,16530,FLOW
16491,16531,FLOW
16491,16512,FLOW
16541,16512,HAS_BLOCK
16541,16530,HAS_BLOCK
16530,16527,FLOW
16530,16525,FLOW
16530,16523,FLOW
16530,16521,FLOW
16530,16519,FLOW
16530,16517,FLOW
16530,16515,FLOW
16530,16513,FLOW
16530,16510,FLOW
16530,16508,FLOW
16530,16506,FLOW
16530,16504,FLOW
16530,16502,FLOW
16530,16500,FLOW
16530,16498,FLOW
16530,16496,FLOW
16530,16494,FLOW
16530,16492,FLOW
16530,16488,FLOW
16530,16486,FLOW
16530,16484,FLOW
16530,16482,FLOW
16530,16480,FLOW
16530,16478,FLOW
16530,16476,FLOW
16530,16474,FLOW
16530,16472,FLOW
16530,16470,FLOW
16530,16539,FLOW
16530,16537,FLOW
16530,16535,FLOW
16530,16533,FLOW
16530,16512,FLOW
16541,16531,HAS_BLOCK
16531,16529,FLOW
16541,16533,HAS_BLOCK
16533,16529,FLOW
16541,16535,HAS_BLOCK
16535,16529,FLOW
16541,16537,HAS_BLOCK
16537,16529,FLOW
16541,16539,HAS_BLOCK
16539,16529,FLOW
16541,16470,HAS_BLOCK
16470,16529,FLOW
16541,16472,HAS_BLOCK
16472,16529,FLOW
16541,16474,HAS_BLOCK
16474,16529,FLOW
16541,16476,HAS_BLOCK
16476,16529,FLOW
16541,16478,HAS_BLOCK
16478,16529,FLOW
16541,16480,HAS_BLOCK
16480,16529,FLOW
16541,16482,HAS_BLOCK
16482,16529,FLOW
16541,16484,HAS_BLOCK
16484,16529,FLOW
16541,16486,HAS_BLOCK
16486,16529,FLOW
16541,16488,HAS_BLOCK
16488,16529,FLOW
16541,16492,HAS_BLOCK
16492,16529,FLOW
16541,16494,HAS_BLOCK
16494,16529,FLOW
16541,16496,HAS_BLOCK
16496,16529,FLOW
16541,16498,HAS_BLOCK
16498,16529,FLOW
16541,16500,HAS_BLOCK
16500,16529,FLOW
16541,16502,HAS_BLOCK
16502,16529,FLOW
16541,16504,HAS_BLOCK
16504,16529,FLOW
16541,16506,HAS_BLOCK
16506,16529,FLOW
16541,16508,HAS_BLOCK
16508,16529,FLOW
16541,16510,HAS_BLOCK
16510,16529,FLOW
16541,16513,HAS_BLOCK
16513,16529,FLOW
16541,16515,HAS_BLOCK
16515,16529,FLOW
16541,16517,HAS_BLOCK
16517,16529,FLOW
16541,16519,HAS_BLOCK
16519,16529,FLOW
16541,16521,HAS_BLOCK
16521,16529,FLOW
16541,16523,HAS_BLOCK
16523,16529,FLOW
16541,16525,HAS_BLOCK
16525,16529,FLOW
16541,16527,HAS_BLOCK
16527,16529,FLOW
16541,16529,HAS_BLOCK
16529,16541,RETURN
416,448,HAS_PARAM
416,480,HAS_PARAM
416,320,HAS_BLOCK
320,384,FLOW
416,384,HAS_BLOCK
384,416,RETURN
2288,2320,HAS_PARAM
2288,2352,HAS_PARAM
2288,2089,HAS_BLOCK
2089,2252,FLOW
2089,2243,FLOW
2089,2229,FLOW
2089,2210,FLOW
2089,2185,FLOW
2089,2153,FLOW
2089,2121,FLOW
2288,2121,HAS_BLOCK
2121,2255,FLOW
2288,2153,HAS_BLOCK
2153,2255,FLOW
2288,2185,HAS_BLOCK
2185,2255,FLOW
2288,2210,HAS_BLOCK
2210,2255,FLOW
2288,2229,HAS_BLOCK
2229,2255,FLOW
2288,2243,HAS_BLOCK
2243,2255,FLOW
2288,2252,HAS_BLOCK
2252,2255,FLOW
2288,2255,HAS_BLOCK
2255,2288,RETURN
1993,2025,HAS_PARAM
1993,2057,HAS_PARAM
1993,1517,HAS_BLOCK
1517,1679,FLOW
1993,1581,HAS_BLOCK
1581,1682,FLOW
1993,1714,HAS_BLOCK
1714,1682,FLOW
1993,1749,HAS_BLOCK
1749,1676,FLOW
1993,1806,HAS_BLOCK
1806,1682,FLOW
1993,1831,HAS_BLOCK
1831,1673,FLOW
1993,1875,HAS_BLOCK
1875,1682,FLOW
1993,1900,HAS_BLOCK
1900,1664,FLOW
1993,1933,HAS_BLOCK
1933,1682,FLOW
1993,1952,HAS_BLOCK
1952,1655,FLOW
1993,1600,HAS_BLOCK
1600,1682,FLOW
1993,1614,HAS_BLOCK
1614,1645,FLOW
1993,1631,HAS_BLOCK
1631,1682,FLOW
1993,1645,HAS_BLOCK
1645,1581,FLOW
1645,1631,FLOW
1993,1655,HAS_BLOCK
1655,1614,FLOW
1655,1600,FLOW
1993,1664,HAS_BLOCK
1664,1952,FLOW
1664,1933,FLOW
1993,1673,HAS_BLOCK
1673,1900,FLOW
1673,1875,FLOW
1993,1676,HAS_BLOCK
1676,1831,FLOW
1676,1806,FLOW
1993,1679,HAS_BLOCK
1679,1749,FLOW
1679,1714,FLOW
1993,1682,HAS_BLOCK
1682,1993,RETURN
1421,1453,HAS_PARAM
1421,1485,HAS_PARAM
1421,512,HAS_BLOCK
512,694,FLOW
512,816,FLOW
1421,544,HAS_BLOCK
544,1360,FLOW
1421,816,HAS_BLOCK
816,1003,FLOW
816,1389,FLOW
816,544,FLOW
1421,1003,HAS_BLOCK
1003,1151,FLOW
1003,544,FLOW
1421,1151,HAS_BLOCK
1151,1218,FLOW
1151,544,FLOW
1421,1218,HAS_BLOCK
1218,1270,FLOW
1218,544,FLOW
1421,1270,HAS_BLOCK
1270,1313,FLOW
1270,544,FLOW
1421,1313,HAS_BLOCK
1313,1352,FLOW
1313,544,FLOW
1421,1352,HAS_BLOCK
1352,1359,FLOW
1352,544,FLOW
1421,1389,HAS_BLOCK
1389,572,FLOW
1389,544,FLOW
1421,572,HAS_BLOCK
572,597,FLOW
572,544,FLOW
1421,597,HAS_BLOCK
597,622,FLOW
597,544,FLOW
1421,622,HAS_BLOCK
622,646,FLOW
622,544,FLOW
1421,646,HAS_BLOCK
646,670,FLOW
646,544,FLOW
1421,670,HAS_BLOCK
670,1357,FLOW
670,544,FLOW
1421,694,HAS_BLOCK
694,929,FLOW
694,718,FLOW
1421,718,HAS_BLOCK
718,742,FLOW
718,544,FLOW
1421,742,HAS_BLOCK
742,764,FLOW
742,544,FLOW
1421,764,HAS_BLOCK
764,784,FLOW
764,544,FLOW
1421,784,HAS_BLOCK
784,836,FLOW
784,544,FLOW
1421,836,HAS_BLOCK
836,856,FLOW
836,544,FLOW
1421,856,HAS_BLOCK
856,872,FLOW
856,544,FLOW
1421,872,HAS_BLOCK
872,887,FLOW
872,544,FLOW
1421,887,HAS_BLOCK
887,901,FLOW
887,544,FLOW
1421,901,HAS_BLOCK
901,915,FLOW
901,544,FLOW
1421,915,HAS_BLOCK
915,1358,FLOW
915,544,FLOW
1421,929,HAS_BLOCK
929,1119,FLOW
929,943,FLOW
1421,943,HAS_BLOCK
943,957,FLOW
943,544,FLOW
1421,957,HAS_BLOCK
957,971,FLOW
957,544,FLOW
1421,971,HAS_BLOCK
971,1017,FLOW
971,544,FLOW
1421,1017,HAS_BLOCK
1017,1030,FLOW
1017,544,FLOW
1421,1030,HAS_BLOCK
1030,1043,FLOW
1030,544,FLOW
1421,1043,HAS_BLOCK
1043,1056,FLOW
1043,544,FLOW
1421,1056,HAS_BLOCK
1056,1069,FLOW
1056,544,FLOW
1421,1069,HAS_BLOCK
1069,1082,FLOW
1069,544,FLOW
1421,1082,HAS_BLOCK
1082,1095,FLOW
1082,544,FLOW
1421,1095,HAS_BLOCK
1095,1103,FLOW
1095,544,FLOW
1421,1103,HAS_BLOCK
1103,1111,FLOW
1103,544,FLOW
1421,1111,HAS_BLOCK
1111,1356,FLOW
1111,544,FLOW
1421,1119,HAS_BLOCK
1119,1238,FLOW
1119,1156,FLOW
1421,1156,HAS_BLOCK
1156,1161,FLOW
1156,544,FLOW
1421,1161,HAS_BLOCK
1161,1166,FLOW
1161,544,FLOW
1421,1166,HAS_BLOCK
1166,1170,FLOW
1166,544,FLOW
1421,1170,HAS_BLOCK
1170,1173,FLOW
1170,544,FLOW
1421,1173,HAS_BLOCK
1173,1176,FLOW
1173,544,FLOW
1421,1176,HAS_BLOCK
1176,1179,FLOW
1176,544,FLOW
1421,1179,HAS_BLOCK
1179,1182,FLOW
1179,544,FLOW
1421,1182,HAS_BLOCK
1182,1184,FLOW
1182,544,FLOW
1421,1184,HAS_BLOCK
1184,1186,FLOW
1184,544,FLOW
1421,1186,HAS_BLOCK
1186,1220,FLOW
1186,544,FLOW
1421,1220,HAS_BLOCK
1220,1222,FLOW
1220,544,FLOW
1421,1222,HAS_BLOCK
1222,1224,FLOW
1222,544,FLOW
1421,1224,HAS_BLOCK
1224,1226,FLOW
1224,544,FLOW
1421,1226,HAS_BLOCK
1226,1228,FLOW
1226,544,FLOW
1421,1228,HAS_BLOCK
1228,1230,FLOW
1228,544,FLOW
1421,1230,HAS_BLOCK
1230,1232,FLOW
1230,544,FLOW
1421,1232,HAS_BLOCK
1232,1234,FLOW
1232,544,FLOW
1421,1234,HAS_BLOCK
1234,1236,FLOW
1234,544,FLOW
1421,1236,HAS_BLOCK
1236,1355,FLOW
1236,544,FLOW
1421,1238,HAS_BLOCK
1238,544,FLOW
1238,1272,FLOW
1421,1272,HAS_BLOCK
1272,1273,FLOW
1272,544,FLOW
1421,1273,HAS_BLOCK
1273,1274,FLOW
1273,544,FLOW
1421,1274,HAS_BLOCK
1274,1275,FLOW
1274,544,FLOW
1421,1275,HAS_BLOCK
1275,1276,FLOW
1275,544,FLOW
1421,1276,HAS_BLOCK
1276,1277,FLOW
1276,544,FLOW
1421,1277,HAS_BLOCK
1277,1278,FLOW
1277,544,FLOW
1421,1278,HAS_BLOCK
1278,1279,FLOW
1278,544,FLOW
1421,1279,HAS_BLOCK
1279,1280,FLOW
1279,544,FLOW
1421,1280,HAS_BLOCK
1280,1281,FLOW
1280,544,FLOW
1421,1281,HAS_BLOCK
1281,1314,FLOW
1281,544,FLOW
1421,1314,HAS_BLOCK
1314,1315,FLOW
1314,544,FLOW
1421,1315,HAS_BLOCK
1315,1316,FLOW
1315,544,FLOW
1421,1316,HAS_BLOCK
1316,1317,FLOW
1316,544,FLOW
1421,1317,HAS_BLOCK
1317,1318,FLOW
1317,544,FLOW
1421,1318,HAS_BLOCK
1318,1319,FLOW
1318,544,FLOW
1421,1319,HAS_BLOCK
1319,1320,FLOW
1319,544,FLOW
1421,1320,HAS_BLOCK
1320,1321,FLOW
1320,544,FLOW
1421,1321,HAS_BLOCK
1321,1322,FLOW
1321,544,FLOW
1421,1322,HAS_BLOCK
1322,1323,FLOW
1322,544,FLOW
1421,1323,HAS_BLOCK
1323,1353,FLOW
1323,544,FLOW
1421,1353,HAS_BLOCK
1353,1354,FLOW
1353,544,FLOW
1421,1354,HAS_BLOCK
1354,1360,FLOW
1421,1355,HAS_BLOCK
1355,1360,FLOW
1421,1356,HAS_BLOCK
1356,1360,FLOW
1421,1357,HAS_BLOCK
1357,1360,FLOW
1421,1358,HAS_BLOCK
1358,1360,FLOW
1421,1359,HAS_BLOCK
1359,1360,FLOW
1421,1360,HAS_BLOCK
1360,1421,RETURN
256,288,HAS_PARAM
256,160,HAS_BLOCK
160,224,FLOW
256,224,HAS_BLOCK
224,256,RETURN
2480,2512,HAS_PARAM
2480,2544,HAS_PARAM
2480,2384,HAS_BLOCK
2384,2448,FLOW
2480,2448,HAS_BLOCK
2448,2480,RETURN
7892,7924,HAS_PARAM
7892,7956,HAS_PARAM
7892,6410,HAS_BLOCK
6410,6474,FLOW
6410,7515,FLOW
6410,7515,UNWIND
7892,6474,HAS_BLOCK
6474,6923,FLOW
6474,7515,FLOW
6474,7515,UNWIND
7892,6923,HAS_BLOCK
6923,7444,FLOW
6923,7572,FLOW
6923,7242,FLOW
7892,7242,HAS_BLOCK
7892,7444,HAS_BLOCK
7444,7669,FLOW
7444,7746,FLOW
7444,7242,FLOW
7892,7572,HAS_BLOCK
7572,7584,FLOW
7572,7515,FLOW
7572,7515,UNWIND
7892,7669,HAS_BLOCK
7669,7803,FLOW
7669,7515,FLOW
7669,7515,UNWIND
7892,7746,HAS_BLOCK
7746,7835,FLOW
7746,7515,FLOW
7746,7515,UNWIND
7892,7803,HAS_BLOCK
7803,7477,FLOW
7892,7835,HAS_BLOCK
7835,6506,FLOW
7835,7515,FLOW
7835,7515,UNWIND
7892,6506,HAS_BLOCK
6506,6538,FLOW
6506,6570,FLOW
6506,7242,FLOW
7892,6538,HAS_BLOCK
6538,6627,FLOW
6538,6677,FLOW
6538,7242,FLOW
7892,6570,HAS_BLOCK
6570,7587,FLOW
6570,7515,FLOW
6570,7515,UNWIND
7892,6627,HAS_BLOCK
6627,7590,FLOW
6627,7515,FLOW
6627,7515,UNWIND
7892,6677,HAS_BLOCK
6677,7531,FLOW
7892,6720,HAS_BLOCK
6720,6746,FLOW
6720,7515,FLOW
6720,7515,UNWIND
7892,6746,HAS_BLOCK
6746,6789,FLOW
6746,6814,FLOW
6746,7242,FLOW
7892,6789,HAS_BLOCK
6789,6840,FLOW
6789,6948,FLOW
6789,7242,FLOW
7892,6814,HAS_BLOCK
6814,7593,FLOW
6814,7515,FLOW
6814,7515,UNWIND
7892,6840,HAS_BLOCK
6840,6992,FLOW
6840,7515,FLOW
6840,7515,UNWIND
7892,6948,HAS_BLOCK
6948,7025,FLOW
6948,7515,FLOW
6948,7515,UNWIND
7892,6992,HAS_BLOCK
6992,7477,FLOW
7892,7025,HAS_BLOCK
7025,7046,FLOW
7025,7515,FLOW
7025,7515,UNWIND
7892,7046,HAS_BLOCK
7046,7078,FLOW
7046,7097,FLOW
7046,7242,FLOW
7892,7078,HAS_BLOCK
7078,7117,FLOW
7078,7150,FLOW
7078,7242,FLOW
7892,7097,HAS_BLOCK
7097,7596,FLOW
7097,7515,FLOW
7097,7515,UNWIND
7892,7117,HAS_BLOCK
7117,7599,FLOW
7117,7515,FLOW
7117,7515,UNWIND
7892,7150,HAS_BLOCK
7150,7539,FLOW
7892,7182,HAS_BLOCK
7182,7210,FLOW
7182,7506,FLOW
7182,7506,UNWIND
7892,7210,HAS_BLOCK
7210,7256,FLOW
7210,7278,FLOW
7210,7242,FLOW
7892,7256,HAS_BLOCK
7256,7293,FLOW
7256,7308,FLOW
7256,7242,FLOW
7892,7278,HAS_BLOCK
7278,7602,FLOW
7278,7506,FLOW
7278,7506,UNWIND
7892,7293,HAS_BLOCK
7293,7605,FLOW
7293,7506,FLOW
7293,7506,UNWIND
7892,7308,HAS_BLOCK
7308,7576,FLOW
7892,7330,HAS_BLOCK
7330,7353,FLOW
7330,7496,FLOW
7330,7496,UNWIND
7892,7353,HAS_BLOCK
7353,7369,FLOW
7353,7383,FLOW
7353,7242,FLOW
7892,7369,HAS_BLOCK
7369,7411,FLOW
7369,7454,FLOW
7369,7242,FLOW
7892,7383,HAS_BLOCK
7383,7399,FLOW
7383,7496,FLOW
7383,7496,UNWIND
7892,7399,HAS_BLOCK
7399,7466,FLOW
7399,7506,FLOW
7399,7506,UNWIND
7892,7411,HAS_BLOCK
7411,7672,FLOW
7411,7496,FLOW
7411,7496,UNWIND
7892,7454,HAS_BLOCK
7454,7581,FLOW
7892,7466,HAS_BLOCK
7466,7477,FLOW
7466,7515,FLOW
7466,7515,UNWIND
7892,7477,HAS_BLOCK
7477,7487,FLOW
7892,7487,HAS_BLOCK
7487,7892,RETURN
7892,7496,HAS_BLOCK
7496,7506,FLOW
7892,7506,HAS_BLOCK
7506,7515,FLOW
7892,7515,HAS_BLOCK
7515,7524,FLOW
7892,7524,HAS_BLOCK
7892,7531,HAS_BLOCK
7531,6720,FLOW
7531,7515,FLOW
7531,7515,UNWIND
7892,7539,HAS_BLOCK
7539,7182,FLOW
7539,7506,FLOW
7539,7506,UNWIND
7892,7576,HAS_BLOCK
7576,7330,FLOW
7576,7496,FLOW
7576,7496,UNWIND
7892,7581,HAS_BLOCK
7581,7487,FLOW
7892,7584,HAS_BLOCK
7584,7477,FLOW
7892,7587,HAS_BLOCK
7587,7477,FLOW
7892,7590,HAS_BLOCK
7590,7531,FLOW
7892,7593,HAS_BLOCK
7593,7477,FLOW
7892,7596,HAS_BLOCK
7596,7477,FLOW
7892,7599,HAS_BLOCK
7599,7539,FLOW
7892,7602,HAS_BLOCK
7602,7466,FLOW
7892,7605,HAS_BLOCK
7605,7576,FLOW
7892,7672,HAS_BLOCK
7672,7581,FLOW
6314,6346,HAS_PARAM
6314,6378,HAS_PARAM
6314,2576,HAS_BLOCK
2576,2608,FLOW
6314,2608,HAS_BLOCK
2608,3575,FLOW
2608,2824,FLOW
2608,2824,UNWIND
6314,3575,HAS_BLOCK
3575,4108,FLOW
3575,2824,FLOW
3575,2824,UNWIND
6314,4108,HAS_BLOCK
4108,4979,FLOW
4108,5327,FLOW
4108,4574,FLOW
6314,4574,HAS_BLOCK
6314,4979,HAS_BLOCK
4979,5893,FLOW
4979,5652,FLOW
4979,4574,FLOW
6314,5327,HAS_BLOCK
5327,2900,FLOW
5327,2824,FLOW
5327,2824,UNWIND
6314,5652,HAS_BLOCK
5652,5742,FLOW
5652,5758,FLOW
5652,4574,FLOW
6314,5893,HAS_BLOCK
5893,3245,FLOW
5893,3172,FLOW
5893,3090,FLOW
5893,2972,FLOW
5893,2814,FLOW
5893,2640,FLOW
5893,6102,FLOW
5893,4574,FLOW
6314,6102,HAS_BLOCK
6102,5671,FLOW
6102,2824,FLOW
6102,2824,UNWIND
6314,2640,HAS_BLOCK
2640,5348,FLOW
2640,2824,FLOW
2640,2824,UNWIND
6314,2814,HAS_BLOCK
2814,5004,FLOW
2814,2824,FLOW
2814,2824,UNWIND
6314,2972,HAS_BLOCK
2972,4603,FLOW
2972,2824,FLOW
2972,2824,UNWIND
6314,3090,HAS_BLOCK
3090,4230,FLOW
3090,2824,FLOW
3090,2824,UNWIND
6314,3172,HAS_BLOCK
3172,3791,FLOW
3172,2824,FLOW
3172,2824,UNWIND
6314,3245,HAS_BLOCK
3245,3318,FLOW
3245,2824,FLOW
3245,2824,UNWIND
6314,3318,HAS_BLOCK
3318,3494,FLOW
3318,3384,FLOW
6314,3384,HAS_BLOCK
3384,3438,FLOW
3384,2824,FLOW
3384,2824,UNWIND
6314,3438,HAS_BLOCK
3438,6250,FLOW
6314,3494,HAS_BLOCK
3494,3607,FLOW
3494,2824,FLOW
3494,2824,UNWIND
6314,3607,HAS_BLOCK
3607,3647,FLOW
3607,2824,FLOW
3607,2824,UNWIND
6314,3647,HAS_BLOCK
3647,3697,FLOW
3647,3743,FLOW
3647,4574,FLOW
6314,3697,HAS_BLOCK
3697,2608,FLOW
6314,3743,HAS_BLOCK
3743,2908,FLOW
3743,2824,FLOW
3743,2824,UNWIND
6314,3791,HAS_BLOCK
3791,3940,FLOW
3791,3847,FLOW
6314,3847,HAS_BLOCK
3847,3892,FLOW
3847,2824,FLOW
3847,2824,UNWIND
6314,3892,HAS_BLOCK
3892,6250,FLOW
6314,3940,HAS_BLOCK
3940,3989,FLOW
3940,2824,FLOW
3940,2824,UNWIND
6314,3989,HAS_BLOCK
3989,4034,FLOW
3989,2824,FLOW
3989,2824,UNWIND
6314,4034,HAS_BLOCK
4034,4140,FLOW
4034,4189,FLOW
4034,4574,FLOW
6314,4140,HAS_BLOCK
4140,2608,FLOW
6314,4189,HAS_BLOCK
4189,2914,FLOW
4189,2824,FLOW
4189,2824,UNWIND
6314,4230,HAS_BLOCK
4230,4362,FLOW
4230,4274,FLOW
6314,4274,HAS_BLOCK
4274,4322,FLOW
4274,2824,FLOW
4274,2824,UNWIND
6314,4322,HAS_BLOCK
4322,6250,FLOW
6314,4362,HAS_BLOCK
4362,4405,FLOW
4362,2824,FLOW
4362,2824,UNWIND
6314,4405,HAS_BLOCK
4405,4449,FLOW
4405,2824,FLOW
4405,2824,UNWIND
6314,4449,HAS_BLOCK
4449,4489,FLOW
4449,4531,FLOW
4449,4574,FLOW
6314,4489,HAS_BLOCK
4489,2608,FLOW
6314,4531,HAS_BLOCK
4531,2978,FLOW
4531,2824,FLOW
4531,2824,UNWIND
6314,4603,HAS_BLOCK
4603,4728,FLOW
4603,4648,FLOW
6314,4648,HAS_BLOCK
4648,4684,FLOW
4648,2824,FLOW
4648,2824,UNWIND
6314,4684,HAS_BLOCK
4684,6250,FLOW
6314,4728,HAS_BLOCK
4728,4768,FLOW
4728,2824,FLOW
4728,2824,UNWIND
6314,4768,HAS_BLOCK
4768,4799,FLOW
4768,2824,FLOW
4768,2824,UNWIND
6314,4799,HAS_BLOCK
4799,4837,FLOW
4799,4870,FLOW
4799,4574,FLOW
6314,4837,HAS_BLOCK
4837,4905,FLOW
4837,4938,FLOW
4837,4938,UNWIND
6314,4870,HAS_BLOCK
4870,2984,FLOW
4870,2824,FLOW
4870,2824,UNWIND
6314,4905,HAS_BLOCK
4905,2608,FLOW
6314,4938,HAS_BLOCK
4938,2824,FLOW
6314,5004,HAS_BLOCK
5004,5103,FLOW
5004,5035,FLOW
6314,5035,HAS_BLOCK
5035,5066,FLOW
5035,2824,FLOW
5035,2824,UNWIND
6314,5066,HAS_BLOCK
5066,6250,FLOW
6314,5103,HAS_BLOCK
5103,5134,FLOW
5103,2824,FLOW
5103,2824,UNWIND
6314,5134,HAS_BLOCK
5134,5167,FLOW
5134,2824,FLOW
5134,2824,UNWIND
6314,5167,HAS_BLOCK
5167,5192,FLOW
5167,5227,FLOW
5167,4574,FLOW
6314,5192,HAS_BLOCK
5192,5255,FLOW
5192,5284,FLOW
5192,5284,UNWIND
6314,5227,HAS_BLOCK
5227,2991,FLOW
5227,2824,FLOW
5227,2824,UNWIND
6314,5255,HAS_BLOCK
5255,2608,FLOW
6314,5284,HAS_BLOCK
5284,2824,FLOW
6314,5348,HAS_BLOCK
5348,5431,FLOW
5348,5376,FLOW
6314,5376,HAS_BLOCK
5376,5404,FLOW
5376,2824,FLOW
5376,2824,UNWIND
6314,5404,HAS_BLOCK
5404,6250,FLOW
6314,5431,HAS_BLOCK
5431,5456,FLOW
5431,2824,FLOW
5431,2824,UNWIND
6314,5456,HAS_BLOCK
5456,5480,FLOW
5456,2824,FLOW
5456,2824,UNWIND
6314,5480,HAS_BLOCK
5480,5507,FLOW
5480,5528,FLOW
5480,4574,FLOW
6314,5507,HAS_BLOCK
5507,5557,FLOW
5507,5580,FLOW
5507,5580,UNWIND
6314,5528,HAS_BLOCK
5528,2997,FLOW
5528,2824,FLOW
5528,2824,UNWIND
6314,5557,HAS_BLOCK
5557,2608,FLOW
6314,5580,HAS_BLOCK
5580,2824,FLOW
6314,5671,HAS_BLOCK
5671,5695,FLOW
5671,2824,FLOW
5671,2824,UNWIND
6314,5695,HAS_BLOCK
5695,2608,FLOW
5695,5719,FLOW
5695,4574,FLOW
6314,5719,HAS_BLOCK
5719,3003,FLOW
5719,2824,FLOW
5719,2824,UNWIND
6314,5742,HAS_BLOCK
5742,5782,FLOW
5742,2824,FLOW
5742,2824,UNWIND
6314,5758,HAS_BLOCK
5758,5858,FLOW
6314,5782,HAS_BLOCK
5782,5799,FLOW
5782,2824,FLOW
5782,2824,UNWIND
6314,5799,HAS_BLOCK
5799,5821,FLOW
5799,5839,FLOW
5799,4574,FLOW
6314,5821,HAS_BLOCK
5821,5858,FLOW
6314,5839,HAS_BLOCK
5839,3010,FLOW
5839,2824,FLOW
5839,2824,UNWIND
6314,5858,HAS_BLOCK
5858,5907,FLOW
5858,5925,FLOW
5858,4574,FLOW
6314,5907,HAS_BLOCK
5907,3016,FLOW
5907,2824,FLOW
5907,2824,UNWIND
6314,5925,HAS_BLOCK
5925,5946,FLOW
6314,5946,HAS_BLOCK
5946,5961,FLOW
5946,5983,FLOW
5946,4574,FLOW
6314,5961,HAS_BLOCK
5961,5999,FLOW
5961,2824,FLOW
5961,2824,UNWIND
6314,5983,HAS_BLOCK
5983,6068,FLOW
6314,5999,HAS_BLOCK
5999,6017,FLOW
5999,2824,FLOW
5999,2824,UNWIND
6314,6017,HAS_BLOCK
6017,6034,FLOW
6017,6049,FLOW
6017,4574,FLOW
6314,6034,HAS_BLOCK
6034,6068,FLOW
6314,6049,HAS_BLOCK
6049,3023,FLOW
6049,2824,FLOW
6049,2824,UNWIND
6314,6068,HAS_BLOCK
6068,6115,FLOW
6068,6134,FLOW
6068,4574,FLOW
6314,6115,HAS_BLOCK
6115,3027,FLOW
6115,2824,FLOW
6115,2824,UNWIND
6314,6134,HAS_BLOCK
6134,6148,FLOW
6314,6148,HAS_BLOCK
6148,6163,FLOW
6148,6180,FLOW
6148,4574,FLOW
6314,6163,HAS_BLOCK
6163,3032,FLOW
6163,2706,FLOW
6163,2706,UNWIND
6314,6180,HAS_BLOCK
6180,6194,FLOW
6314,6194,HAS_BLOCK
6194,6208,FLOW
6194,6223,FLOW
6194,4574,FLOW
6314,6208,HAS_BLOCK
6208,3094,FLOW
6208,2696,FLOW
6208,2696,UNWIND
6314,6223,HAS_BLOCK
6223,6236,FLOW
6314,6236,HAS_BLOCK
6236,2684,FLOW
6314,6250,HAS_BLOCK
6250,2652,FLOW
6250,2858,FLOW
6250,2858,UNWIND
6314,2652,HAS_BLOCK
2652,2663,FLOW
2652,2890,FLOW
2652,2890,UNWIND
6314,2663,HAS_BLOCK
2663,2674,FLOW
2663,2718,FLOW
2663,2718,UNWIND
6314,2674,HAS_BLOCK
2674,2684,FLOW
6314,2684,HAS_BLOCK
2684,6314,RETURN
6314,2696,HAS_BLOCK
2696,2706,FLOW
6314,2706,HAS_BLOCK
2706,2824,FLOW
6314,2718,HAS_BLOCK
2718,2728,FLOW
6314,2728,HAS_BLOCK
6314,2739,HAS_BLOCK
2739,2858,FLOW
2739,2750,FLOW
6314,2750,HAS_BLOCK
2750,2858,FLOW
6314,2824,HAS_BLOCK
2824,2739,FLOW
2824,2858,FLOW
6314,2836,HAS_BLOCK
2836,2890,FLOW
2836,2846,FLOW
6314,2846,HAS_BLOCK
2846,2890,FLOW
6314,2858,HAS_BLOCK
2858,2836,FLOW
2858,2890,FLOW
6314,2868,HAS_BLOCK
2868,2718,FLOW
2868,2879,FLOW
6314,2879,HAS_BLOCK
2879,2718,FLOW
6314,2890,HAS_BLOCK
2890,2868,FLOW
2890,2718,FLOW
6314,2900,HAS_BLOCK
2900,6250,FLOW
6314,2908,HAS_BLOCK
2908,6250,FLOW
6314,2914,HAS_BLOCK
2914,6250,FLOW
6314,2978,HAS_BLOCK
2978,6250,FLOW
6314,2984,HAS_BLOCK
2984,6250,FLOW
6314,2991,HAS_BLOCK
2991,6250,FLOW
6314,2997,HAS_BLOCK
2997,6250,FLOW
6314,3003,HAS_BLOCK
3003,6250,FLOW
6314,3010,HAS_BLOCK
3010,6250,FLOW
6314,3016,HAS_BLOCK
3016,5946,FLOW
6314,3023,HAS_BLOCK
3023,6250,FLOW
6314,3027,HAS_BLOCK
3027,6148,FLOW
6314,3032,HAS_BLOCK
3032,6194,FLOW
6314,3094,HAS_BLOCK
3094,6236,FLOW
416,448,HAS_PARAM
416,480,HAS_PARAM
416,320,HAS_BLOCK
320,384,FLOW
416,384,HAS_BLOCK
384,416,RETURN
2288,2320,HAS_PARAM
2288,2352,HAS_PARAM
2288,2089,HAS_BLOCK
2089,2185,FLOW
2089,2153,FLOW
2089,2121,FLOW
2288,2121,HAS_BLOCK
2121,2210,FLOW
2288,2153,HAS_BLOCK
2153,2210,FLOW
2288,2185,HAS_BLOCK
2185,2210,FLOW
2288,2210,HAS_BLOCK
2210,2288,RETURN
1993,2025,HAS_PARAM
1993,2057,HAS_PARAM
1993,1517,HAS_BLOCK
1517,1875,FLOW
1993,1581,HAS_BLOCK
1581,1900,FLOW
1993,1714,HAS_BLOCK
1714,1900,FLOW
1993,1749,HAS_BLOCK
1749,1831,FLOW
1993,1806,HAS_BLOCK
1806,1900,FLOW
1993,1831,HAS_BLOCK
1831,1581,FLOW
1831,1806,FLOW
1993,1875,HAS_BLOCK
1875,1749,FLOW
1875,1714,FLOW
1993,1900,HAS_BLOCK
1900,1993,RETURN
1421,1453,HAS_PARAM
1421,1485,HAS_PARAM
1421,512,HAS_BLOCK
512,1389,FLOW
512,816,FLOW
1421,544,HAS_BLOCK
544,742,FLOW
1421,816,HAS_BLOCK
816,1003,FLOW
816,544,FLOW
1421,1003,HAS_BLOCK
1003,1151,FLOW
1003,544,FLOW
1421,1151,HAS_BLOCK
1151,1218,FLOW
1151,544,FLOW
1421,1218,HAS_BLOCK
1218,1270,FLOW
1218,544,FLOW
1421,1270,HAS_BLOCK
1270,1313,FLOW
1270,544,FLOW
1421,1313,HAS_BLOCK
1313,1352,FLOW
1313,544,FLOW
1421,1352,HAS_BLOCK
1352,718,FLOW
1352,544,FLOW
1421,1389,HAS_BLOCK
1389,544,FLOW
1389,572,FLOW
1421,572,HAS_BLOCK
572,597,FLOW
572,544,FLOW
1421,597,HAS_BLOCK
597,622,FLOW
597,544,FLOW
1421,622,HAS_BLOCK
622,646,FLOW
622,544,FLOW
1421,646,HAS_BLOCK
646,670,FLOW
646,544,FLOW
1421,670,HAS_BLOCK
670,694,FLOW
670,544,FLOW
1421,694,HAS_BLOCK
694,742,FLOW
1421,718,HAS_BLOCK
718,742,FLOW
1421,742,HAS_BLOCK
742,1421,RETURN
256,288,HAS_PARAM
256,160,HAS_BLOCK
160,224,FLOW
256,224,HAS_BLOCK
224,256,RETURN
2480,2512,HAS_PARAM
2480,2544,HAS_PARAM
2480,2384,HAS_BLOCK
2384,2448,FLOW
2480,2448,HAS_BLOCK
2448,2480,RETURN
7892,7924,HAS_PARAM
7892,7956,HAS_PARAM
7892,6410,HAS_BLOCK
6410,6474,FLOW
6410,6814,FLOW
6410,6814,UNWIND
7892,6474,HAS_BLOCK
6474,6923,FLOW
6474,6814,FLOW
6474,6814,UNWIND
7892,6923,HAS_BLOCK
6923,7444,FLOW
6923,7572,FLOW
6923,7242,FLOW
7892,7242,HAS_BLOCK
7892,7444,HAS_BLOCK
7444,7669,FLOW
7444,7746,FLOW
7444,7242,FLOW
7892,7572,HAS_BLOCK
7572,6948,FLOW
7572,6814,FLOW
7572,6814,UNWIND
7892,7669,HAS_BLOCK
7669,7803,FLOW
7669,6814,FLOW
7669,6814,UNWIND
7892,7746,HAS_BLOCK
7746,7835,FLOW
7746,6814,FLOW
7746,6814,UNWIND
7892,7803,HAS_BLOCK
7803,6746,FLOW
7892,7835,HAS_BLOCK
7835,6506,FLOW
7835,6814,FLOW
7835,6814,UNWIND
7892,6506,HAS_BLOCK
6506,6538,FLOW
6506,6570,FLOW
6506,7242,FLOW
7892,6538,HAS_BLOCK
6538,6627,FLOW
6538,6677,FLOW
6538,7242,FLOW
7892,6570,HAS_BLOCK
6570,6992,FLOW
6570,6814,FLOW
6570,6814,UNWIND
7892,6627,HAS_BLOCK
6627,6720,FLOW
6627,6814,FLOW
6627,6814,UNWIND
7892,6677,HAS_BLOCK
6677,6789,FLOW
7892,6720,HAS_BLOCK
6720,6746,FLOW
7892,6746,HAS_BLOCK
6746,6789,FLOW
7892,6789,HAS_BLOCK
6789,7892,RETURN
7892,6814,HAS_BLOCK
6814,6840,FLOW
7892,6840,HAS_BLOCK
7892,6948,HAS_BLOCK
6948,6746,FLOW
7892,6992,HAS_BLOCK
6992,6746,FLOW
6314,6346,HAS_PARAM
6314,6378,HAS_PARAM
6314,2576,HAS_BLOCK
2576,2608,FLOW
6314,2608,HAS_BLOCK
2608,3575,FLOW
2608,4870,FLOW
2608,4870,UNWIND
6314,3575,HAS_BLOCK
3575,4108,FLOW
3575,4870,FLOW
3575,4870,UNWIND
6314,4108,HAS_BLOCK
4108,4979,FLOW
4108,5327,FLOW
4108,4574,FLOW
6314,4574,HAS_BLOCK
6314,4979,HAS_BLOCK
4979,5893,FLOW
4979,5652,FLOW
4979,4574,FLOW
6314,5327,HAS_BLOCK
5327,4938,FLOW
5327,4870,FLOW
5327,4870,UNWIND
6314,5652,HAS_BLOCK
5652,4189,FLOW
5652,4230,FLOW
5652,4574,FLOW
6314,5893,HAS_BLOCK
5893,2814,FLOW
5893,2640,FLOW
5893,6102,FLOW
5893,4574,FLOW
6314,6102,HAS_BLOCK
6102,3989,FLOW
6102,4870,FLOW
6102,4870,UNWIND
6314,2640,HAS_BLOCK
2640,3607,FLOW
2640,4870,FLOW
2640,4870,UNWIND
6314,2814,HAS_BLOCK
2814,2972,FLOW
2814,4870,FLOW
2814,4870,UNWIND
6314,2972,HAS_BLOCK
2972,3245,FLOW
2972,3090,FLOW
6314,3090,HAS_BLOCK
3090,3172,FLOW
3090,4870,FLOW
3090,4870,UNWIND
6314,3172,HAS_BLOCK
3172,4799,FLOW
6314,3245,HAS_BLOCK
3245,3318,FLOW
3245,4870,FLOW
3245,4870,UNWIND
6314,3318,HAS_BLOCK
3318,3384,FLOW
3318,4870,FLOW
3318,4870,UNWIND
6314,3384,HAS_BLOCK
3384,3438,FLOW
3384,3494,FLOW
3384,4574,FLOW
6314,3438,HAS_BLOCK
3438,2608,FLOW
6314,3494,HAS_BLOCK
3494,5004,FLOW
3494,4870,FLOW
3494,4870,UNWIND
6314,3607,HAS_BLOCK
3607,3743,FLOW
3607,3647,FLOW
6314,3647,HAS_BLOCK
3647,3697,FLOW
3647,4870,FLOW
3647,4870,UNWIND
6314,3697,HAS_BLOCK
3697,4799,FLOW
6314,3743,HAS_BLOCK
3743,3791,FLOW
3743,4870,FLOW
3743,4870,UNWIND
6314,3791,HAS_BLOCK
3791,3847,FLOW
3791,4870,FLOW
3791,4870,UNWIND
6314,3847,HAS_BLOCK
3847,3892,FLOW
3847,3940,FLOW
3847,4574,FLOW
6314,3892,HAS_BLOCK
3892,2608,FLOW
6314,3940,HAS_BLOCK
3940,5035,FLOW
3940,4870,FLOW
3940,4870,UNWIND
6314,3989,HAS_BLOCK
3989,4034,FLOW
3989,4870,FLOW
3989,4870,UNWIND
6314,4034,HAS_BLOCK
4034,2608,FLOW
4034,4140,FLOW
4034,4574,FLOW
6314,4140,HAS_BLOCK
4140,5066,FLOW
4140,4870,FLOW
4140,4870,UNWIND
6314,4189,HAS_BLOCK
4189,4274,FLOW
4189,4870,FLOW
4189,4870,UNWIND
6314,4230,HAS_BLOCK
4230,4449,FLOW
6314,4274,HAS_BLOCK
4274,4322,FLOW
4274,4870,FLOW
4274,4870,UNWIND
6314,4322,HAS_BLOCK
4322,4362,FLOW
4322,4405,FLOW
4322,4574,FLOW
6314,4362,HAS_BLOCK
4362,4449,FLOW
6314,4405,HAS_BLOCK
4405,5103,FLOW
4405,4870,FLOW
4405,4870,UNWIND
6314,4449,HAS_BLOCK
4449,4489,FLOW
4449,4531,FLOW
4449,4574,FLOW
6314,4489,HAS_BLOCK
4489,4603,FLOW
4489,4870,FLOW
4489,4870,UNWIND
6314,4531,HAS_BLOCK
4531,4768,FLOW
6314,4603,HAS_BLOCK
4603,4648,FLOW
4603,4870,FLOW
4603,4870,UNWIND
6314,4648,HAS_BLOCK
4648,4684,FLOW
4648,4728,FLOW
4648,4574,FLOW
6314,4684,HAS_BLOCK
4684,4768,FLOW
6314,4728,HAS_BLOCK
4728,5134,FLOW
4728,4870,FLOW
4728,4870,UNWIND
6314,4768,HAS_BLOCK
4768,4837,FLOW
6314,4799,HAS_BLOCK
4799,4837,FLOW
6314,4837,HAS_BLOCK
4837,6314,RETURN
6314,4870,HAS_BLOCK
4870,4905,FLOW
6314,4905,HAS_BLOCK
6314,4938,HAS_BLOCK
4938,4799,FLOW
6314,5004,HAS_BLOCK
5004,4799,FLOW
6314,5035,HAS_BLOCK
5035,4799,FLOW
6314,5066,HAS_BLOCK
5066,4799,FLOW
6314,5103,HAS_BLOCK
5103,4799,FLOW
6314,5134,HAS_BLOCK
5134,4799,FLOW
416,448,HAS_PARAM
416,480,HAS_PARAM
416,320,HAS_BLOCK
320,384,FLOW
416,384,HAS_BLOCK
384,416,RETURN
2288,2320,HAS_PARAM
2288,2352,HAS_PARAM
2288,2089,HAS_BLOCK
2089,2255,FLOW
2089,2252,FLOW
2089,2243,FLOW
2089,2229,FLOW
2089,2210,FLOW
2089,2185,FLOW
2089,2153,FLOW
2089,2121,FLOW
2288,2121,HAS_BLOCK
2121,2256,FLOW
2288,2153,HAS_BLOCK
2153,2256,FLOW
2288,2185,HAS_BLOCK
2185,2256,FLOW
2288,2210,HAS_BLOCK
2210,2256,FLOW
2288,2229,HAS_BLOCK
2229,2256,FLOW
2288,2243,HAS_BLOCK
2243,2256,FLOW
2288,2252,HAS_BLOCK
2252,2256,FLOW
2288,2255,HAS_BLOCK
2255,2256,FLOW
2288,2256,HAS_BLOCK
2256,2288,RETURN
1993,2025,HAS_PARAM
1993,2057,HAS_PARAM
1993,1517,HAS_BLOCK
1517,1716,FLOW
1993,1581,HAS_BLOCK
1581,1717,FLOW
1993,1714,HAS_BLOCK
1714,1717,FLOW
1993,1749,HAS_BLOCK
1749,1715,FLOW
1993,1806,HAS_BLOCK
1806,1717,FLOW
1993,1831,HAS_BLOCK
1831,1682,FLOW
1993,1875,HAS_BLOCK
1875,1717,FLOW
1993,1900,HAS_BLOCK
1900,1679,FLOW
1993,1933,HAS_BLOCK
1933,1717,FLOW
1993,1952,HAS_BLOCK
1952,1676,FLOW
1993,1600,HAS_BLOCK
1600,1717,FLOW
1993,1614,HAS_BLOCK
1614,1673,FLOW
1993,1631,HAS_BLOCK
1631,1717,FLOW
1993,1645,HAS_BLOCK
1645,1664,FLOW
1993,1655,HAS_BLOCK
1655,1717,FLOW
1993,1664,HAS_BLOCK
1664,1581,FLOW
1664,1655,FLOW
1993,1673,HAS_BLOCK
1673,1645,FLOW
1673,1631,FLOW
1993,1676,HAS_BLOCK
1676,1614,FLOW
1676,1600,FLOW
1993,1679,HAS_BLOCK
1679,1952,FLOW
1679,1933,FLOW
1993,1682,HAS_BLOCK
1682,1900,FLOW
1682,1875,FLOW
1993,1715,HAS_BLOCK
1715,1831,FLOW
1715,1806,FLOW
1993,1716,HAS_BLOCK
1716,1749,FLOW
1716,1714,FLOW
1993,1717,HAS_BLOCK
1717,1993,RETURN
1421,1453,HAS_PARAM
1421,1485,HAS_PARAM
1421,512,HAS_BLOCK
512,694,FLOW
512,816,FLOW
1421,544,HAS_BLOCK
544,1272,FLOW
1421,816,HAS_BLOCK
816,1003,FLOW
816,1389,FLOW
816,544,FLOW
1421,1003,HAS_BLOCK
1003,1151,FLOW
1003,544,FLOW
1421,1151,HAS_BLOCK
1151,1218,FLOW
1151,544,FLOW
1421,1218,HAS_BLOCK
1218,1270,FLOW
1218,544,FLOW
1421,1270,HAS_BLOCK
1270,1313,FLOW
1270,544,FLOW
1421,1313,HAS_BLOCK
1313,1352,FLOW
1313,544,FLOW
1421,1352,HAS_BLOCK
1352,1238,FLOW
1352,544,FLOW
1421,1389,HAS_BLOCK
1389,572,FLOW
1389,544,FLOW
1421,572,HAS_BLOCK
572,597,FLOW
572,544,FLOW
1421,597,HAS_BLOCK
597,622,FLOW
597,544,FLOW
1421,622,HAS_BLOCK
622,646,FLOW
622,544,FLOW
1421,646,HAS_BLOCK
646,670,FLOW
646,544,FLOW
1421,670,HAS_BLOCK
670,1232,FLOW
670,544,FLOW
1421,694,HAS_BLOCK
694,901,FLOW
694,718,FLOW
1421,718,HAS_BLOCK
718,742,FLOW
718,544,FLOW
1421,742,HAS_BLOCK
742,764,FLOW
742,544,FLOW
1421,764,HAS_BLOCK
764,784,FLOW
764,544,FLOW
1421,784,HAS_BLOCK
784,836,FLOW
784,544,FLOW
1421,836,HAS_BLOCK
836,856,FLOW
836,544,FLOW
1421,856,HAS_BLOCK
856,872,FLOW
856,544,FLOW
1421,872,HAS_BLOCK
872,887,FLOW
872,544,FLOW
1421,887,HAS_BLOCK
887,1236,FLOW
887,544,FLOW
1421,901,HAS_BLOCK
901,1030,FLOW
901,915,FLOW
1421,915,HAS_BLOCK
915,929,FLOW
915,544,FLOW
1421,929,HAS_BLOCK
929,943,FLOW
929,544,FLOW
1421,943,HAS_BLOCK
943,957,FLOW
943,544,FLOW
1421,957,HAS_BLOCK
957,971,FLOW
957,544,FLOW
1421,971,HAS_BLOCK
971,1017,FLOW
971,544,FLOW
1421,1017,HAS_BLOCK
1017,1234,FLOW
1017,544,FLOW
1421,1030,HAS_BLOCK
1030,1161,FLOW
1030,1043,FLOW
1421,1043,HAS_BLOCK
1043,1056,FLOW
1043,1103,FLOW
1043,544,FLOW
1421,1056,HAS_BLOCK
1056,1069,FLOW
1056,544,FLOW
1421,1069,HAS_BLOCK
1069,1082,FLOW
1069,544,FLOW
1421,1082,HAS_BLOCK
1082,1095,FLOW
1082,544,FLOW
1421,1095,HAS_BLOCK
1095,1230,FLOW
1095,544,FLOW
1421,1103,HAS_BLOCK
1103,1111,FLOW
1103,544,FLOW
1421,1111,HAS_BLOCK
1111,1119,FLOW
1111,544,FLOW
1421,1119,HAS_BLOCK
1119,1156,FLOW
1119,544,FLOW
1421,1156,HAS_BLOCK
1156,1228,FLOW
1156,544,FLOW
1421,1161,HAS_BLOCK
1161,544,FLOW
1161,1166,FLOW
1421,1166,HAS_BLOCK
1166,1170,FLOW
1166,544,FLOW
1421,1170,HAS_BLOCK
1170,1173,FLOW
1170,544,FLOW
1421,1173,HAS_BLOCK
1173,1176,FLOW
1173,544,FLOW
1421,1176,HAS_BLOCK
1176,1179,FLOW
1176,544,FLOW
1421,1179,HAS_BLOCK
1179,1182,FLOW
1179,544,FLOW
1421,1182,HAS_BLOCK
1182,1184,FLOW
1182,544,FLOW
1421,1184,HAS_BLOCK
1184,1186,FLOW
1184,544,FLOW
1421,1186,HAS_BLOCK
1186,1220,FLOW
1186,544,FLOW
1421,1220,HAS_BLOCK
1220,1222,FLOW
1220,544,FLOW
1421,1222,HAS_BLOCK
1222,1224,FLOW
1222,544,FLOW
1421,1224,HAS_BLOCK
1224,1226,FLOW
1224,544,FLOW
1421,1226,HAS_BLOCK
1226,1272,FLOW
1421,1228,HAS_BLOCK
1228,1272,FLOW
1421,1230,HAS_BLOCK
1230,1272,FLOW
1421,1232,HAS_BLOCK
1232,1272,FLOW
1421,1234,HAS_BLOCK
1234,1272,FLOW
1421,1236,HAS_BLOCK
1236,1272,FLOW
1421,1238,HAS_BLOCK
1238,1272,FLOW
1421,1272,HAS_BLOCK
1272,1421,RETURN
256,288,HAS_PARAM
256,160,HAS_BLOCK
160,224,FLOW
256,224,HAS_BLOCK
224,256,RETURN
2480,2512,HAS_PARAM
2480,2544,HAS_PARAM
2480,2384,HAS_BLOCK
2384,2448,FLOW
2480,2448,HAS_BLOCK
2448,2480,RETURN
7892,7924,HAS_PARAM
7892,7956,HAS_PARAM
7892,6410,HAS_BLOCK
6410,6474,FLOW
6410,7674,FLOW
6410,7674,UNWIND
7892,6474,HAS_BLOCK
6474,6923,FLOW
6474,7674,FLOW
6474,7674,UNWIND
7892,6923,HAS_BLOCK
6923,7444,FLOW
6923,7572,FLOW
6923,7242,FLOW
7892,7242,HAS_BLOCK
7892,7444,HAS_BLOCK
7444,7669,FLOW
7444,7746,FLOW
7444,7242,FLOW
7892,7572,HAS_BLOCK
7572,7676,FLOW
7572,7674,FLOW
7572,7674,UNWIND
7892,7669,HAS_BLOCK
7669,7803,FLOW
7669,7674,FLOW
7669,7674,UNWIND
7892,7746,HAS_BLOCK
7746,7835,FLOW
7746,7674,FLOW
7746,7674,UNWIND
7892,7803,HAS_BLOCK
7803,7593,FLOW
7892,7835,HAS_BLOCK
7835,6506,FLOW
7835,7674,FLOW
7835,7674,UNWIND
7892,6506,HAS_BLOCK
6506,6538,FLOW
6506,6570,FLOW
6506,7242,FLOW
7892,6538,HAS_BLOCK
6538,6627,FLOW
6538,6677,FLOW
6538,7242,FLOW
7892,6570,HAS_BLOCK
6570,7677,FLOW
6570,7674,FLOW
6570,7674,UNWIND
7892,6627,HAS_BLOCK
6627,6720,FLOW
6627,7674,FLOW
6627,7674,UNWIND
7892,6677,HAS_BLOCK
6677,6746,FLOW
6677,7672,FLOW
6677,7672,UNWIND
7892,6720,HAS_BLOCK
6720,7593,FLOW
7892,6746,HAS_BLOCK
6746,6789,FLOW
6746,7672,FLOW
6746,7672,UNWIND
7892,6789,HAS_BLOCK
6789,6814,FLOW
6789,6840,FLOW
6789,7242,FLOW
7892,6814,HAS_BLOCK
6814,6948,FLOW
6814,6992,FLOW
6814,7242,FLOW
7892,6840,HAS_BLOCK
6840,7678,FLOW
6840,7672,FLOW
6840,7672,UNWIND
7892,6948,HAS_BLOCK
6948,7025,FLOW
6948,7672,FLOW
6948,7672,UNWIND
7892,6992,HAS_BLOCK
6992,7046,FLOW
6992,7605,FLOW
6992,7605,UNWIND
7892,7025,HAS_BLOCK
7025,7590,FLOW
7892,7046,HAS_BLOCK
7046,7078,FLOW
7046,7605,FLOW
7046,7605,UNWIND
7892,7078,HAS_BLOCK
7078,7097,FLOW
7078,7117,FLOW
7078,7242,FLOW
7892,7097,HAS_BLOCK
7097,7150,FLOW
7097,7182,FLOW
7097,7242,FLOW
7892,7117,HAS_BLOCK
7117,7679,FLOW
7117,7605,FLOW
7117,7605,UNWIND
7892,7150,HAS_BLOCK
7150,7210,FLOW
7150,7605,FLOW
7150,7605,UNWIND
7892,7182,HAS_BLOCK
7182,7256,FLOW
7182,7602,FLOW
7182,7602,UNWIND
7892,7210,HAS_BLOCK
7210,7587,FLOW
7892,7256,HAS_BLOCK
7256,7278,FLOW
7256,7602,FLOW
7256,7602,UNWIND
7892,7278,HAS_BLOCK
7278,7293,FLOW
7278,7308,FLOW
7278,7242,FLOW
7892,7293,HAS_BLOCK
7293,7330,FLOW
7293,7353,FLOW
7293,7242,FLOW
7892,7308,HAS_BLOCK
7308,7680,FLOW
7308,7602,FLOW
7308,7602,UNWIND
7892,7330,HAS_BLOCK
7330,7369,FLOW
7330,7602,FLOW
7330,7602,UNWIND
7892,7353,HAS_BLOCK
7353,7383,FLOW
7353,7599,FLOW
7353,7599,UNWIND
7892,7369,HAS_BLOCK
7369,7584,FLOW
7892,7383,HAS_BLOCK
7383,7399,FLOW
7383,7599,FLOW
7383,7599,UNWIND
7892,7399,HAS_BLOCK
7399,7411,FLOW
7399,7454,FLOW
7399,7242,FLOW
7892,7411,HAS_BLOCK
7411,7466,FLOW
7411,7477,FLOW
7411,7242,FLOW
7892,7454,HAS_BLOCK
7454,7681,FLOW
7454,7599,FLOW
7454,7599,UNWIND
7892,7466,HAS_BLOCK
7466,7487,FLOW
7466,7599,FLOW
7466,7599,UNWIND
7892,7477,HAS_BLOCK
7477,7496,FLOW
7477,7599,FLOW
7477,7599,UNWIND
7892,7487,HAS_BLOCK
7487,7581,FLOW
7892,7496,HAS_BLOCK
7496,7506,FLOW
7496,7599,FLOW
7496,7599,UNWIND
7892,7506,HAS_BLOCK
7506,7515,FLOW
7506,7524,FLOW
7506,7242,FLOW
7892,7515,HAS_BLOCK
7515,7531,FLOW
7515,7539,FLOW
7515,7242,FLOW
7892,7524,HAS_BLOCK
7524,7682,FLOW
7524,7599,FLOW
7524,7599,UNWIND
7892,7531,HAS_BLOCK
7531,7576,FLOW
7531,7599,FLOW
7531,7599,UNWIND
7892,7539,HAS_BLOCK
7539,7596,FLOW
7892,7576,HAS_BLOCK
7576,7581,FLOW
7892,7581,HAS_BLOCK
7581,7584,FLOW
7581,7602,FLOW
7581,7602,UNWIND
7892,7584,HAS_BLOCK
7584,7587,FLOW
7584,7605,FLOW
7584,7605,UNWIND
7892,7587,HAS_BLOCK
7587,7590,FLOW
7587,7672,FLOW
7587,7672,UNWIND
7892,7590,HAS_BLOCK
7590,7593,FLOW
7590,7674,FLOW
7590,7674,UNWIND
7892,7593,HAS_BLOCK
7593,7596,FLOW
7892,7596,HAS_BLOCK
7596,7892,RETURN
7892,7599,HAS_BLOCK
7599,7602,FLOW
7892,7602,HAS_BLOCK
7602,7605,FLOW
7892,7605,HAS_BLOCK
7605,7672,FLOW
7892,7672,HAS_BLOCK
7672,7674,FLOW
7892,7674,HAS_BLOCK
7674,7675,FLOW
7892,7675,HAS_BLOCK
7892,7676,HAS_BLOCK
7676,7593,FLOW
7892,7677,HAS_BLOCK
7677,7593,FLOW
7892,7678,HAS_BLOCK
7678,7590,FLOW
7892,7679,HAS_BLOCK
7679,7587,FLOW
7892,7680,HAS_BLOCK
7680,7584,FLOW
7892,7681,HAS_BLOCK
7681,7581,FLOW
7892,7682,HAS_BLOCK
7682,7581,FLOW
6314,6346,HAS_PARAM
6314,6378,HAS_PARAM
6314,2576,HAS_BLOCK
2576,2608,FLOW
6314,2608,HAS_BLOCK
2608,3575,FLOW
2608,3324,FLOW
2608,3324,UNWIND
6314,3575,HAS_BLOCK
3575,4108,FLOW
3575,3324,FLOW
3575,3324,UNWIND
6314,4108,HAS_BLOCK
4108,4979,FLOW
4108,5327,FLOW
4108,4574,FLOW
6314,4574,HAS_BLOCK
6314,4979,HAS_BLOCK
4979,5893,FLOW
4979,5652,FLOW
4979,4574,FLOW
6314,5327,HAS_BLOCK
5327,3334,FLOW
5327,3324,FLOW
5327,3324,UNWIND
6314,5652,HAS_BLOCK
5652,5983,FLOW
5652,5999,FLOW
5652,4574,FLOW
6314,5893,HAS_BLOCK
5893,3318,FLOW
5893,3245,FLOW
5893,3172,FLOW
5893,3090,FLOW
5893,2972,FLOW
5893,2814,FLOW
5893,2640,FLOW
5893,6102,FLOW
5893,4574,FLOW
6314,6102,HAS_BLOCK
6102,5925,FLOW
6102,3324,FLOW
6102,3324,UNWIND
6314,2640,HAS_BLOCK
2640,5742,FLOW
2640,3324,FLOW
2640,3324,UNWIND
6314,2814,HAS_BLOCK
2814,5480,FLOW
2814,3324,FLOW
2814,3324,UNWIND
6314,2972,HAS_BLOCK
2972,5167,FLOW
2972,3324,FLOW
2972,3324,UNWIND
6314,3090,HAS_BLOCK
3090,4799,FLOW
3090,3324,FLOW
3090,3324,UNWIND
6314,3172,HAS_BLOCK
3172,4362,FLOW
3172,3324,FLOW
3172,3324,UNWIND
6314,3245,HAS_BLOCK
3245,3847,FLOW
3245,3324,FLOW
3245,3324,UNWIND
6314,3318,HAS_BLOCK
3318,3384,FLOW
3318,3324,FLOW
3318,3324,UNWIND
6314,3384,HAS_BLOCK
3384,3607,FLOW
3384,3438,FLOW
6314,3438,HAS_BLOCK
3438,3494,FLOW
3438,3324,FLOW
3438,3324,UNWIND
6314,3494,HAS_BLOCK
3494,3116,FLOW
6314,3607,HAS_BLOCK
3607,3647,FLOW
3607,3324,FLOW
3607,3324,UNWIND
6314,3647,HAS_BLOCK
3647,3697,FLOW
3647,3324,FLOW
3647,3324,UNWIND
6314,3697,HAS_BLOCK
3697,3743,FLOW
3697,3791,FLOW
3697,4574,FLOW
6314,3743,HAS_BLOCK
3743,2608,FLOW
6314,3791,HAS_BLOCK
3791,3385,FLOW
3791,3324,FLOW
3791,3324,UNWIND
6314,3847,HAS_BLOCK
3847,3989,FLOW
3847,3892,FLOW
6314,3892,HAS_BLOCK
3892,3940,FLOW
3892,3324,FLOW
3892,3324,UNWIND
6314,3940,HAS_BLOCK
3940,3116,FLOW
6314,3989,HAS_BLOCK
3989,4034,FLOW
3989,3324,FLOW
3989,3324,UNWIND
6314,4034,HAS_BLOCK
4034,4140,FLOW
4034,3324,FLOW
4034,3324,UNWIND
6314,4140,HAS_BLOCK
4140,4189,FLOW
4140,4230,FLOW
4140,4574,FLOW
6314,4189,HAS_BLOCK
4189,4274,FLOW
4189,4322,FLOW
4189,4322,UNWIND
6314,4230,HAS_BLOCK
4230,3386,FLOW
4230,3324,FLOW
4230,3324,UNWIND
6314,4274,HAS_BLOCK
4274,2608,FLOW
6314,4322,HAS_BLOCK
4322,3324,FLOW
6314,4362,HAS_BLOCK
4362,4489,FLOW
4362,4405,FLOW
6314,4405,HAS_BLOCK
4405,4449,FLOW
4405,3324,FLOW
4405,3324,UNWIND
6314,4449,HAS_BLOCK
4449,3116,FLOW
6314,4489,HAS_BLOCK
4489,4531,FLOW
4489,3324,FLOW
4489,3324,UNWIND
6314,4531,HAS_BLOCK
4531,4603,FLOW
4531,3324,FLOW
4531,3324,UNWIND
6314,4603,HAS_BLOCK
4603,4648,FLOW
4603,4684,FLOW
4603,4574,FLOW
6314,4648,HAS_BLOCK
4648,4728,FLOW
4648,4768,FLOW
4648,4768,UNWIND
6314,4684,HAS_BLOCK
4684,3387,FLOW
4684,3324,FLOW
4684,3324,UNWIND
6314,4728,HAS_BLOCK
4728,2608,FLOW
6314,4768,HAS_BLOCK
4768,3324,FLOW
6314,4799,HAS_BLOCK
4799,4905,FLOW
4799,4837,FLOW
6314,4837,HAS_BLOCK
4837,4870,FLOW
4837,3324,FLOW
4837,3324,UNWIND
6314,4870,HAS_BLOCK
4870,3116,FLOW
6314,4905,HAS_BLOCK
4905,4938,FLOW
4905,3324,FLOW
4905,3324,UNWIND
6314,4938,HAS_BLOCK
4938,5004,FLOW
4938,3324,FLOW
4938,3324,UNWIND
6314,5004,HAS_BLOCK
5004,5035,FLOW
5004,5066,FLOW
5004,4574,FLOW
6314,5035,HAS_BLOCK
5035,5103,FLOW
5035,5134,FLOW
5035,5134,UNWIND
6314,5066,HAS_BLOCK
5066,3388,FLOW
5066,3324,FLOW
5066,3324,UNWIND
6314,5103,HAS_BLOCK
5103,2608,FLOW
6314,5134,HAS_BLOCK
5134,3324,FLOW
6314,5167,HAS_BLOCK
5167,5255,FLOW
5167,5192,FLOW
6314,5192,HAS_BLOCK
5192,5227,FLOW
5192,3324,FLOW
5192,3324,UNWIND
6314,5227,HAS_BLOCK
5227,3116,FLOW
6314,5255,HAS_BLOCK
5255,5284,FLOW
5255,3324,FLOW
5255,3324,UNWIND
6314,5284,HAS_BLOCK
5284,5348,FLOW
5284,3324,FLOW
5284,3324,UNWIND
6314,5348,HAS_BLOCK
5348,5376,FLOW
5348,5404,FLOW
5348,4574,FLOW
6314,5376,HAS_BLOCK
5376,5431,FLOW
5376,5456,FLOW
5376,5456,UNWIND
6314,5404,HAS_BLOCK
5404,3389,FLOW
5404,3324,FLOW
5404,3324,UNWIND
6314,5431,HAS_BLOCK
5431,2608,FLOW
6314,5456,HAS_BLOCK
5456,3324,FLOW
6314,5480,HAS_BLOCK
5480,5557,FLOW
5480,5507,FLOW
6314,5507,HAS_BLOCK
5507,5528,FLOW
5507,3324,FLOW
5507,3324,UNWIND
6314,5528,HAS_BLOCK
5528,3116,FLOW
6314,5557,HAS_BLOCK
5557,5580,FLOW
5557,3324,FLOW
5557,3324,UNWIND
6314,5580,HAS_BLOCK
5580,5671,FLOW
5580,3324,FLOW
5580,3324,UNWIND
6314,5671,HAS_BLOCK
5671,5695,FLOW
5671,5719,FLOW
5671,4574,FLOW
6314,5695,HAS_BLOCK
5695,2608,FLOW
6314,5719,HAS_BLOCK
5719,3390,FLOW
5719,3324,FLOW
5719,3324,UNWIND
6314,5742,HAS_BLOCK
5742,5799,FLOW
5742,5758,FLOW
6314,5758,HAS_BLOCK
5758,5782,FLOW
5758,3324,FLOW
5758,3324,UNWIND
6314,5782,HAS_BLOCK
5782,3116,FLOW
6314,5799,HAS_BLOCK
5799,5821,FLOW
5799,3324,FLOW
5799,3324,UNWIND
6314,5821,HAS_BLOCK
5821,5839,FLOW
5821,3324,FLOW
5821,3324,UNWIND
6314,5839,HAS_BLOCK
5839,5858,FLOW
5839,5907,FLOW
5839,4574,FLOW
6314,5858,HAS_BLOCK
5858,2608,FLOW
6314,5907,HAS_BLOCK
5907,3391,FLOW
5907,3324,FLOW
5907,3324,UNWIND
6314,5925,HAS_BLOCK
5925,5946,FLOW
5925,3324,FLOW
5925,3324,UNWIND
6314,5946,HAS_BLOCK
5946,2608,FLOW
5946,5961,FLOW
5946,4574,FLOW
6314,5961,HAS_BLOCK
5961,3392,FLOW
5961,3324,FLOW
5961,3324,UNWIND
6314,5983,HAS_BLOCK
5983,6017,FLOW
5983,3324,FLOW
5983,3324,UNWIND
6314,5999,HAS_BLOCK
5999,6115,FLOW
6314,6017,HAS_BLOCK
6017,6034,FLOW
6017,3324,FLOW
6017,3324,UNWIND
6314,6034,HAS_BLOCK
6034,6049,FLOW
6034,6068,FLOW
6034,4574,FLOW
6314,6049,HAS_BLOCK
6049,6115,FLOW
6314,6068,HAS_BLOCK
6068,3393,FLOW
6068,3324,FLOW
6068,3324,UNWIND
6314,6115,HAS_BLOCK
6115,6134,FLOW
6115,6148,FLOW
6115,4574,FLOW
6314,6134,HAS_BLOCK
6134,6163,FLOW
6134,3324,FLOW
6134,3324,UNWIND
6314,6148,HAS_BLOCK
6148,6223,FLOW
6314,6163,HAS_BLOCK
6163,6180,FLOW
6163,3324,FLOW
6163,3324,UNWIND
6314,6180,HAS_BLOCK
6180,6194,FLOW
6180,6208,FLOW
6180,4574,FLOW
6314,6194,HAS_BLOCK
6194,6223,FLOW
6314,6208,HAS_BLOCK
6208,3394,FLOW
6208,3324,FLOW
6208,3324,UNWIND
6314,6223,HAS_BLOCK
6223,6236,FLOW
6223,6250,FLOW
6223,4574,FLOW
6314,6236,HAS_BLOCK
6236,2652,FLOW
6236,3178,FLOW
6236,3178,UNWIND
6314,6250,HAS_BLOCK
6250,2696,FLOW
6314,2652,HAS_BLOCK
2652,2663,FLOW
2652,3178,FLOW
2652,3178,UNWIND
6314,2663,HAS_BLOCK
2663,2674,FLOW
2663,2684,FLOW
2663,4574,FLOW
6314,2674,HAS_BLOCK
2674,2696,FLOW
6314,2684,HAS_BLOCK
2684,3439,FLOW
2684,3178,FLOW
2684,3178,UNWIND
6314,2696,HAS_BLOCK
2696,2706,FLOW
2696,2718,FLOW
2696,4574,FLOW
6314,2706,HAS_BLOCK
2706,2728,FLOW
2706,3176,FLOW
2706,3176,UNWIND
6314,2718,HAS_BLOCK
2718,2836,FLOW
6314,2728,HAS_BLOCK
2728,2739,FLOW
2728,3176,FLOW
2728,3176,UNWIND
6314,2739,HAS_BLOCK
2739,2750,FLOW
2739,2824,FLOW
2739,4574,FLOW
6314,2750,HAS_BLOCK
2750,2836,FLOW
6314,2824,HAS_BLOCK
2824,3440,FLOW
2824,3176,FLOW
2824,3176,UNWIND
6314,2836,HAS_BLOCK
2836,2846,FLOW
2836,2858,FLOW
2836,4574,FLOW
6314,2846,HAS_BLOCK
2846,2868,FLOW
2846,3174,FLOW
2846,3174,UNWIND
6314,2858,HAS_BLOCK
2858,2908,FLOW
6314,2868,HAS_BLOCK
2868,2879,FLOW
2868,3174,FLOW
2868,3174,UNWIND
6314,2879,HAS_BLOCK
2879,2890,FLOW
2879,2900,FLOW
2879,4574,FLOW
6314,2890,HAS_BLOCK
2890,2908,FLOW
6314,2900,HAS_BLOCK
2900,3441,FLOW
2900,3174,FLOW
2900,3174,UNWIND
6314,2908,HAS_BLOCK
2908,2914,FLOW
2908,2978,FLOW
2908,4574,FLOW
6314,2914,HAS_BLOCK
2914,2984,FLOW
2914,3120,FLOW
2914,3120,UNWIND
6314,2978,HAS_BLOCK
2978,3010,FLOW
6314,2984,HAS_BLOCK
2984,2991,FLOW
2984,3120,FLOW
2984,3120,UNWIND
6314,2991,HAS_BLOCK
2991,2997,FLOW
2991,3003,FLOW
2991,4574,FLOW
6314,2997,HAS_BLOCK
2997,3010,FLOW
6314,3003,HAS_BLOCK
3003,3442,FLOW
3003,3120,FLOW
3003,3120,UNWIND
6314,3010,HAS_BLOCK
3010,3016,FLOW
3010,3023,FLOW
3010,4574,FLOW
6314,3016,HAS_BLOCK
3016,3027,FLOW
3016,3120,FLOW
3016,3120,UNWIND
6314,3023,HAS_BLOCK
3023,3101,FLOW
6314,3027,HAS_BLOCK
3027,3032,FLOW
3027,3120,FLOW
3027,3120,UNWIND
6314,3032,HAS_BLOCK
3032,3094,FLOW
3032,3097,FLOW
3032,4574,FLOW
6314,3094,HAS_BLOCK
3094,3101,FLOW
6314,3097,HAS_BLOCK
3097,3443,FLOW
3097,3120,FLOW
3097,3120,UNWIND
6314,3101,HAS_BLOCK
3101,3118,FLOW
6314,3104,HAS_BLOCK
3104,3107,FLOW
3104,3174,FLOW
3104,3174,UNWIND
6314,3107,HAS_BLOCK
3107,3110,FLOW
3107,3176,FLOW
3107,3176,UNWIND
6314,3110,HAS_BLOCK
3110,3113,FLOW
3110,3178,FLOW
3110,3178,UNWIND
6314,3113,HAS_BLOCK
3113,3116,FLOW
3113,3324,FLOW
3113,3324,UNWIND
6314,3116,HAS_BLOCK
3116,3192,FLOW
3116,3190,FLOW
3116,4574,FLOW
6314,3118,HAS_BLOCK
3118,6314,RETURN
6314,3120,HAS_BLOCK
3120,3174,FLOW
6314,3174,HAS_BLOCK
3174,3176,FLOW
6314,3176,HAS_BLOCK
3176,3178,FLOW
6314,3178,HAS_BLOCK
3178,3324,FLOW
6314,3180,HAS_BLOCK
3180,3326,FLOW
3180,3182,FLOW
6314,3182,HAS_BLOCK
3182,3330,FLOW
3182,3184,FLOW
6314,3184,HAS_BLOCK
3184,3332,FLOW
3184,3186,FLOW
6314,3186,HAS_BLOCK
3186,3188,FLOW
6314,3188,HAS_BLOCK
6314,3190,HAS_BLOCK
3190,3251,FLOW
3190,3249,FLOW
3190,4574,FLOW
6314,3192,HAS_BLOCK
3192,3190,FLOW
3192,3247,FLOW
6314,3247,HAS_BLOCK
3247,3190,FLOW
3247,3180,FLOW
3247,3180,UNWIND
6314,3249,HAS_BLOCK
3249,3257,FLOW
3249,3255,FLOW
3249,4574,FLOW
6314,3251,HAS_BLOCK
3251,3249,FLOW
3251,3253,FLOW
6314,3253,HAS_BLOCK
3253,3249,FLOW
3253,3182,FLOW
3253,3182,UNWIND
6314,3255,HAS_BLOCK
3255,3263,FLOW
3255,3261,FLOW
3255,4574,FLOW
6314,3257,HAS_BLOCK
3257,3255,FLOW
3257,3259,FLOW
6314,3259,HAS_BLOCK
3259,3255,FLOW
3259,3184,FLOW
3259,3184,UNWIND
6314,3261,HAS_BLOCK
3261,3118,FLOW
6314,3263,HAS_BLOCK
3263,3261,FLOW
3263,3265,FLOW
6314,3265,HAS_BLOCK
3265,3261,FLOW
3265,3186,FLOW
3265,3186,UNWIND
6314,3320,HAS_BLOCK
3320,3180,FLOW
3320,3322,FLOW
6314,3322,HAS_BLOCK
3322,3180,FLOW
6314,3324,HAS_BLOCK
3324,3320,FLOW
3324,3180,FLOW
6314,3326,HAS_BLOCK
3326,3182,FLOW
3326,3328,FLOW
6314,3328,HAS_BLOCK
3328,3182,FLOW
6314,3330,HAS_BLOCK
3330,3184,FLOW
3330,3331,FLOW
6314,3331,HAS_BLOCK
3331,3184,FLOW
6314,3332,HAS_BLOCK
3332,3186,FLOW
3332,3333,FLOW
6314,3333,HAS_BLOCK
3333,3186,FLOW
6314,3334,HAS_BLOCK
3334,3116,FLOW
6314,3385,HAS_BLOCK
3385,3116,FLOW
6314,3386,HAS_BLOCK
3386,3116,FLOW
6314,3387,HAS_BLOCK
3387,3116,FLOW
6314,3388,HAS_BLOCK
3388,3116,FLOW
6314,3389,HAS_BLOCK
3389,3116,FLOW
6314,3390,HAS_BLOCK
3390,3116,FLOW
6314,3391,HAS_BLOCK
3391,3116,FLOW
6314,3392,HAS_BLOCK
3392,3116,FLOW
6314,3393,HAS_BLOCK
3393,3116,FLOW
6314,3394,HAS_BLOCK
3394,3116,FLOW
6314,3439,HAS_BLOCK
3439,3113,FLOW
6314,3440,HAS_BLOCK
3440,3110,FLOW
6314,3441,HAS_BLOCK
3441,3107,FLOW
6314,3442,HAS_BLOCK
3442,3104,FLOW
6314,3443,HAS_BLOCK
3443,3104,FLOW
416,448,HAS_PARAM
416,480,HAS_PARAM
416,320,HAS_BLOCK
320,384,FLOW
416,384,HAS_BLOCK
384,416,RETURN
2288,2320,HAS_PARAM
2288,2352,HAS_PARAM
2288,2089,HAS_BLOCK
2089,2252,FLOW
2089,2243,FLOW
2089,2229,FLOW
2089,2210,FLOW
2089,2185,FLOW
2089,2153,FLOW
2089,2121,FLOW
2288,2121,HAS_BLOCK
2121,2255,FLOW
2288,2153,HAS_BLOCK
2153,2255,FLOW
2288,2185,HAS_BLOCK
2185,2255,FLOW
2288,2210,HAS_BLOCK
2210,2255,FLOW
2288,2229,HAS_BLOCK
2229,2255,FLOW
2288,2243,HAS_BLOCK
2243,2255,FLOW
2288,2252,HAS_BLOCK
2252,2255,FLOW
2288,2255,HAS_BLOCK
2255,2288,RETURN
1993,2025,HAS_PARAM
1993,2057,HAS_PARAM
1993,1517,HAS_BLOCK
1517,1679,FLOW
1993,1581,HAS_BLOCK
1581,1682,FLOW
1993,1714,HAS_BLOCK
1714,1682,FLOW
1993,1749,HAS_BLOCK
1749,1676,FLOW
1993,1806,HAS_BLOCK
1806,1682,FLOW
1993,1831,HAS_BLOCK
1831,1673,FLOW
1993,1875,HAS_BLOCK
1875,1682,FLOW
1993,1900,HAS_BLOCK
1900,1664,FLOW
1993,1933,HAS_BLOCK
1933,1682,FLOW
1993,1952,HAS_BLOCK
1952,1655,FLOW
1993,1600,HAS_BLOCK
1600,1682,FLOW
1993,1614,HAS_BLOCK
1614,1645,FLOW
1993,1631,HAS_BLOCK
1631,1682,FLOW
1993,1645,HAS_BLOCK
1645,1581,FLOW
1645,1631,FLOW
1993,1655,HAS_BLOCK
1655,1614,FLOW
1655,1600,FLOW
1993,1664,HAS_BLOCK
1664,1952,FLOW
1664,1933,FLOW
1993,1673,HAS_BLOCK
1673,1900,FLOW
1673,1875,FLOW
1993,1676,HAS_BLOCK
1676,1831,FLOW
1676,1806,FLOW
1993,1679,HAS_BLOCK
1679,1749,FLOW
1679,1714,FLOW
1993,1682,HAS_BLOCK
1682,1993,RETURN
1421,1453,HAS_PARAM
1421,1485,HAS_PARAM
1421,512,HAS_BLOCK
512,694,FLOW
512,816,FLOW
1421,544,HAS_BLOCK
544,1182,FLOW
1421,816,HAS_BLOCK
816,1003,FLOW
816,1389,FLOW
816,544,FLOW
1421,1003,HAS_BLOCK
1003,1151,FLOW
1003,544,FLOW
1421,1151,HAS_BLOCK
1151,1218,FLOW
1151,544,FLOW
1421,1218,HAS_BLOCK
1218,1270,FLOW
1218,544,FLOW
1421,1270,HAS_BLOCK
1270,1313,FLOW
1270,544,FLOW
1421,1313,HAS_BLOCK
1313,1352,FLOW
1313,544,FLOW
1421,1352,HAS_BLOCK
1352,1179,FLOW
1352,544,FLOW
1421,1389,HAS_BLOCK
1389,572,FLOW
1389,544,FLOW
1421,572,HAS_BLOCK
572,597,FLOW
572,544,FLOW
1421,597,HAS_BLOCK
597,622,FLOW
597,544,FLOW
1421,622,HAS_BLOCK
622,646,FLOW
622,544,FLOW
1421,646,HAS_BLOCK
646,670,FLOW
646,544,FLOW
1421,670,HAS_BLOCK
670,1170,FLOW
670,544,FLOW
1421,694,HAS_BLOCK
694,1030,FLOW
694,718,FLOW
1421,718,HAS_BLOCK
718,742,FLOW
718,901,FLOW
718,544,FLOW
1421,742,HAS_BLOCK
742,764,FLOW
742,544,FLOW
1421,764,HAS_BLOCK
764,784,FLOW
764,544,FLOW
1421,784,HAS_BLOCK
784,836,FLOW
784,544,FLOW
1421,836,HAS_BLOCK
836,856,FLOW
836,544,FLOW
1421,856,HAS_BLOCK
856,872,FLOW
856,544,FLOW
1421,872,HAS_BLOCK
872,887,FLOW
872,544,FLOW
1421,887,HAS_BLOCK
887,1176,FLOW
887,544,FLOW
1421,901,HAS_BLOCK
901,915,FLOW
901,544,FLOW
1421,915,HAS_BLOCK
915,929,FLOW
915,544,FLOW
1421,929,HAS_BLOCK
929,943,FLOW
929,544,FLOW
1421,943,HAS_BLOCK
943,957,FLOW
943,544,FLOW
1421,957,HAS_BLOCK
957,971,FLOW
957,544,FLOW
1421,971,HAS_BLOCK
971,1017,FLOW
971,544,FLOW
1421,1017,HAS_BLOCK
1017,1173,FLOW
1017,544,FLOW
1421,1030,HAS_BLOCK
1030,544,FLOW
1030,1043,FLOW
1421,1043,HAS_BLOCK
1043,1056,FLOW
1043,1103,FLOW
1043,544,FLOW
1421,1056,HAS_BLOCK
1056,1069,FLOW
1056,544,FLOW
1421,1069,HAS_BLOCK
1069,1082,FLOW
1069,544,FLOW
1421,1082,HAS_BLOCK
1082,1095,FLOW
1082,544,FLOW
1421,1095,HAS_BLOCK
1095,1166,FLOW
1095,544,FLOW
1421,1103,HAS_BLOCK
1103,1111,FLOW
1103,544,FLOW
1421,1111,HAS_BLOCK
1111,1119,FLOW
1111,544,FLOW
1421,1119,HAS_BLOCK
1119,1156,FLOW
1119,544,FLOW
1421,1156,HAS_BLOCK
1156,1161,FLOW
1156,544,FLOW
1421,1161,HAS_BLOCK
1161,1182,FLOW
1421,1166,HAS_BLOCK
1166,1182,FLOW
1421,1170,HAS_BLOCK
1170,1182,FLOW
1421,1173,HAS_BLOCK
1173,1182,FLOW
1421,1176,HAS_BLOCK
1176,1182,FLOW
1421,1179,HAS_BLOCK
1179,1182,FLOW
1421,1182,HAS_BLOCK
1182,1421,RETURN
256,288,HAS_PARAM
256,160,HAS_BLOCK
160,224,FLOW
256,224,HAS_BLOCK
224,256,RETURN
2480,2512,HAS_PARAM
2480,2544,HAS_PARAM
2480,2384,HAS_BLOCK
2384,2448,FLOW
2480,2448,HAS_BLOCK
2448,2480,RETURN
7892,7924,HAS_PARAM
7892,7956,HAS_PARAM
7892,6410,HAS_BLOCK
6410,6474,FLOW
6410,7590,FLOW
6410,7590,UNWIND
7892,6474,HAS_BLOCK
6474,6923,FLOW
6474,7590,FLOW
6474,7590,UNWIND
7892,6923,HAS_BLOCK
6923,7444,FLOW
6923,7572,FLOW
6923,7242,FLOW
7892,7242,HAS_BLOCK
7892,7444,HAS_BLOCK
7444,7669,FLOW
7444,7746,FLOW
7444,7242,FLOW
7892,7572,HAS_BLOCK
7572,7596,FLOW
7572,7590,FLOW
7572,7590,UNWIND
7892,7669,HAS_BLOCK
7669,7803,FLOW
7669,7590,FLOW
7669,7590,UNWIND
7892,7746,HAS_BLOCK
7746,7835,FLOW
7746,7590,FLOW
7746,7590,UNWIND
7892,7803,HAS_BLOCK
7803,7531,FLOW
7892,7835,HAS_BLOCK
7835,6506,FLOW
7835,7590,FLOW
7835,7590,UNWIND
7892,6506,HAS_BLOCK
6506,6538,FLOW
6506,6570,FLOW
6506,7242,FLOW
7892,6538,HAS_BLOCK
6538,6627,FLOW
6538,6677,FLOW
6538,7242,FLOW
7892,6570,HAS_BLOCK
6570,7599,FLOW
6570,7590,FLOW
6570,7590,UNWIND
7892,6627,HAS_BLOCK
6627,6720,FLOW
6627,7590,FLOW
6627,7590,UNWIND
7892,6677,HAS_BLOCK
6677,6746,FLOW
6677,7587,FLOW
6677,7587,UNWIND
7892,6720,HAS_BLOCK
6720,7531,FLOW
7892,6746,HAS_BLOCK
6746,6789,FLOW
6746,7587,FLOW
6746,7587,UNWIND
7892,6789,HAS_BLOCK
6789,6814,FLOW
6789,6840,FLOW
6789,7242,FLOW
7892,6814,HAS_BLOCK
6814,6948,FLOW
6814,6992,FLOW
6814,7242,FLOW
7892,6840,HAS_BLOCK
6840,7602,FLOW
6840,7587,FLOW
6840,7587,UNWIND
7892,6948,HAS_BLOCK
6948,7025,FLOW
6948,7587,FLOW
6948,7587,UNWIND
7892,6992,HAS_BLOCK
6992,7046,FLOW
6992,7584,FLOW
6992,7584,UNWIND
7892,7025,HAS_BLOCK
7025,7524,FLOW
7892,7046,HAS_BLOCK
7046,7078,FLOW
7046,7584,FLOW
7046,7584,UNWIND
7892,7078,HAS_BLOCK
7078,7097,FLOW
7078,7117,FLOW
7078,7242,FLOW
7892,7097,HAS_BLOCK
7097,7150,FLOW
7097,7182,FLOW
7097,7242,FLOW
7892,7117,HAS_BLOCK
7117,7605,FLOW
7117,7584,FLOW
7117,7584,UNWIND
7892,7150,HAS_BLOCK
7150,7210,FLOW
7150,7584,FLOW
7150,7584,UNWIND
7892,7182,HAS_BLOCK
7182,7256,FLOW
7182,7581,FLOW
7182,7581,UNWIND
7892,7210,HAS_BLOCK
7210,7515,FLOW
7892,7256,HAS_BLOCK
7256,7278,FLOW
7256,7581,FLOW
7256,7581,UNWIND
7892,7278,HAS_BLOCK
7278,7293,FLOW
7278,7308,FLOW
7278,7242,FLOW
7892,7293,HAS_BLOCK
7293,7330,FLOW
7293,7353,FLOW
7293,7242,FLOW
7892,7308,HAS_BLOCK
7308,7672,FLOW
7308,7581,FLOW
7308,7581,UNWIND
7892,7330,HAS_BLOCK
7330,7369,FLOW
7330,7581,FLOW
7330,7581,UNWIND
7892,7353,HAS_BLOCK
7353,7383,FLOW
7353,7576,FLOW
7353,7576,UNWIND
7892,7369,HAS_BLOCK
7369,7506,FLOW
7892,7383,HAS_BLOCK
7383,7399,FLOW
7383,7576,FLOW
7383,7576,UNWIND
7892,7399,HAS_BLOCK
7399,7411,FLOW
7399,7454,FLOW
7399,7242,FLOW
7892,7411,HAS_BLOCK
7411,7466,FLOW
7411,7477,FLOW
7411,7242,FLOW
7892,7454,HAS_BLOCK
7454,7674,FLOW
7454,7576,FLOW
7454,7576,UNWIND
7892,7466,HAS_BLOCK
7466,7487,FLOW
7466,7576,FLOW
7466,7576,UNWIND
7892,7477,HAS_BLOCK
7477,7539,FLOW
7892,7487,HAS_BLOCK
7487,7496,FLOW
7892,7496,HAS_BLOCK
7496,7506,FLOW
7496,7581,FLOW
7496,7581,UNWIND
7892,7506,HAS_BLOCK
7506,7515,FLOW
7506,7584,FLOW
7506,7584,UNWIND
7892,7515,HAS_BLOCK
7515,7524,FLOW
7515,7587,FLOW
7515,7587,UNWIND
7892,7524,HAS_BLOCK
7524,7531,FLOW
7524,7590,FLOW
7524,7590,UNWIND
7892,7531,HAS_BLOCK
7531,7539,FLOW
7892,7539,HAS_BLOCK
7539,7892,RETURN
7892,7576,HAS_BLOCK
7576,7581,FLOW
7892,7581,HAS_BLOCK
7581,7584,FLOW
7892,7584,HAS_BLOCK
7584,7587,FLOW
7892,7587,HAS_BLOCK
7587,7590,FLOW
7892,7590,HAS_BLOCK
7590,7593,FLOW
7892,7593,HAS_BLOCK
7892,7596,HAS_BLOCK
7596,7531,FLOW
7892,7599,HAS_BLOCK
7599,7531,FLOW
7892,7602,HAS_BLOCK
7602,7524,FLOW
7892,7605,HAS_BLOCK
7605,7515,FLOW
7892,7672,HAS_BLOCK
7672,7506,FLOW
7892,7674,HAS_BLOCK
7674,7496,FLOW
6314,6346,HAS_PARAM
6314,6378,HAS_PARAM
6314,2576,HAS_BLOCK
2576,2608,FLOW
6314,2608,HAS_BLOCK
2608,3575,FLOW
2608,3186,FLOW
2608,3186,UNWIND
6314,3575,HAS_BLOCK
3575,4108,FLOW
3575,3186,FLOW
3575,3186,UNWIND
6314,4108,HAS_BLOCK
4108,4979,FLOW
4108,5327,FLOW
4108,4574,FLOW
6314,4574,HAS_BLOCK
6314,4979,HAS_BLOCK
4979,5893,FLOW
4979,5652,FLOW
4979,4574,FLOW
6314,5327,HAS_BLOCK
5327,3253,FLOW
5327,3186,FLOW
5327,3186,UNWIND
6314,5652,HAS_BLOCK
5652,5782,FLOW
5652,5799,FLOW
5652,4574,FLOW
6314,5893,HAS_BLOCK
5893,3245,FLOW
5893,3172,FLOW
5893,3090,FLOW
5893,2972,FLOW
5893,2814,FLOW
5893,2640,FLOW
5893,6102,FLOW
5893,4574,FLOW
6314,6102,HAS_BLOCK
6102,5719,FLOW
6102,3186,FLOW
6102,3186,UNWIND
6314,2640,HAS_BLOCK
2640,5456,FLOW
2640,3186,FLOW
2640,3186,UNWIND
6314,2814,HAS_BLOCK
2814,5134,FLOW
2814,3186,FLOW
2814,3186,UNWIND
6314,2972,HAS_BLOCK
2972,4768,FLOW
2972,3186,FLOW
2972,3186,UNWIND
6314,3090,HAS_BLOCK
3090,4322,FLOW
3090,3186,FLOW
3090,3186,UNWIND
6314,3172,HAS_BLOCK
3172,3791,FLOW
3172,3186,FLOW
3172,3186,UNWIND
6314,3245,HAS_BLOCK
3245,3318,FLOW
3245,3186,FLOW
3245,3186,UNWIND
6314,3318,HAS_BLOCK
3318,3494,FLOW
3318,3384,FLOW
6314,3384,HAS_BLOCK
3384,3438,FLOW
3384,3186,FLOW
3384,3186,UNWIND
6314,3438,HAS_BLOCK
3438,2984,FLOW
6314,3494,HAS_BLOCK
3494,3607,FLOW
3494,3186,FLOW
3494,3186,UNWIND
6314,3607,HAS_BLOCK
3607,3647,FLOW
3607,3186,FLOW
3607,3186,UNWIND
6314,3647,HAS_BLOCK
3647,3697,FLOW
3647,3743,FLOW
3647,4574,FLOW
6314,3697,HAS_BLOCK
3697,2608,FLOW
6314,3743,HAS_BLOCK
3743,3255,FLOW
3743,3186,FLOW
3743,3186,UNWIND
6314,3791,HAS_BLOCK
3791,3940,FLOW
3791,3847,FLOW
6314,3847,HAS_BLOCK
3847,3892,FLOW
3847,3186,FLOW
3847,3186,UNWIND
6314,3892,HAS_BLOCK
3892,2984,FLOW
6314,3940,HAS_BLOCK
3940,3989,FLOW
3940,3186,FLOW
3940,3186,UNWIND
6314,3989,HAS_BLOCK
3989,4034,FLOW
3989,3186,FLOW
3989,3186,UNWIND
6314,4034,HAS_BLOCK
4034,4140,FLOW
4034,4189,FLOW
4034,4574,FLOW
6314,4140,HAS_BLOCK
4140,4230,FLOW
4140,4274,FLOW
4140,4274,UNWIND
6314,4189,HAS_BLOCK
4189,3257,FLOW
4189,3186,FLOW
4189,3186,UNWIND
6314,4230,HAS_BLOCK
4230,2608,FLOW
6314,4274,HAS_BLOCK
4274,3186,FLOW
6314,4322,HAS_BLOCK
4322,4449,FLOW
4322,4362,FLOW
6314,4362,HAS_BLOCK
4362,4405,FLOW
4362,3186,FLOW
4362,3186,UNWIND
6314,4405,HAS_BLOCK
4405,2984,FLOW
6314,4449,HAS_BLOCK
4449,4489,FLOW
4449,3186,FLOW
4449,3186,UNWIND
6314,4489,HAS_BLOCK
4489,4531,FLOW
4489,3186,FLOW
4489,3186,UNWIND
6314,4531,HAS_BLOCK
4531,4603,FLOW
4531,4648,FLOW
4531,4574,FLOW
6314,4603,HAS_BLOCK
4603,4684,FLOW
4603,4728,FLOW
4603,4728,UNWIND
6314,4648,HAS_BLOCK
4648,3259,FLOW
4648,3186,FLOW
4648,3186,UNWIND
6314,4684,HAS_BLOCK
4684,2608,FLOW
6314,4728,HAS_BLOCK
4728,3186,FLOW
6314,4768,HAS_BLOCK
4768,4870,FLOW
4768,4799,FLOW
6314,4799,HAS_BLOCK
4799,4837,FLOW
4799,3186,FLOW
4799,3186,UNWIND
6314,4837,HAS_BLOCK
4837,2984,FLOW
6314,4870,HAS_BLOCK
4870,4905,FLOW
4870,3186,FLOW
4870,3186,UNWIND
6314,4905,HAS_BLOCK
4905,4938,FLOW
4905,3186,FLOW
4905,3186,UNWIND
6314,4938,HAS_BLOCK
4938,5004,FLOW
4938,5035,FLOW
4938,4574,FLOW
6314,5004,HAS_BLOCK
5004,5066,FLOW
5004,5103,FLOW
5004,5103,UNWIND
6314,5035,HAS_BLOCK
5035,3261,FLOW
5035,3186,FLOW
5035,3186,UNWIND
6314,5066,HAS_BLOCK
5066,2608,FLOW
6314,5103,HAS_BLOCK
5103,3186,FLOW
6314,5134,HAS_BLOCK
5134,5227,FLOW
5134,5167,FLOW
6314,5167,HAS_BLOCK
5167,5192,FLOW
5167,3186,FLOW
5167,3186,UNWIND
6314,5192,HAS_BLOCK
5192,2984,FLOW
6314,5227,HAS_BLOCK
5227,5255,FLOW
5227,3186,FLOW
5227,3186,UNWIND
6314,5255,HAS_BLOCK
5255,5284,FLOW
5255,3186,FLOW
5255,3186,UNWIND
6314,5284,HAS_BLOCK
5284,5348,FLOW
5284,5376,FLOW
5284,4574,FLOW
6314,5348,HAS_BLOCK
5348,5404,FLOW
5348,5431,FLOW
5348,5431,UNWIND
6314,5376,HAS_BLOCK
5376,3263,FLOW
5376,3186,FLOW
5376,3186,UNWIND
6314,5404,HAS_BLOCK
5404,2608,FLOW
6314,5431,HAS_BLOCK
5431,3186,FLOW
6314,5456,HAS_BLOCK
5456,5528,FLOW
5456,5480,FLOW
6314,5480,HAS_BLOCK
5480,5507,FLOW
5480,3186,FLOW
5480,3186,UNWIND
6314,5507,HAS_BLOCK
5507,2984,FLOW
6314,5528,HAS_BLOCK
5528,5557,FLOW
5528,3186,FLOW
5528,3186,UNWIND
6314,5557,HAS_BLOCK
5557,5580,FLOW
5557,3186,FLOW
5557,3186,UNWIND
6314,5580,HAS_BLOCK
5580,5671,FLOW
5580,5695,FLOW
5580,4574,FLOW
6314,5671,HAS_BLOCK
5671,2608,FLOW
6314,5695,HAS_BLOCK
5695,3265,FLOW
5695,3186,FLOW
5695,3186,UNWIND
6314,5719,HAS_BLOCK
5719,5742,FLOW
5719,3186,FLOW
5719,3186,UNWIND
6314,5742,HAS_BLOCK
5742,2608,FLOW
5742,5758,FLOW
5742,4574,FLOW
6314,5758,HAS_BLOCK
5758,3320,FLOW
5758,3186,FLOW
5758,3186,UNWIND
6314,5782,HAS_BLOCK
5782,5821,FLOW
5782,3186,FLOW
5782,3186,UNWIND
6314,5799,HAS_BLOCK
5799,5925,FLOW
6314,5821,HAS_BLOCK
5821,5839,FLOW
5821,3186,FLOW
5821,3186,UNWIND
6314,5839,HAS_BLOCK
5839,5858,FLOW
5839,5907,FLOW
5839,4574,FLOW
6314,5858,HAS_BLOCK
5858,5925,FLOW
6314,5907,HAS_BLOCK
5907,3322,FLOW
5907,3186,FLOW
5907,3186,UNWIND
6314,5925,HAS_BLOCK
5925,5946,FLOW
5925,5961,FLOW
5925,4574,FLOW
6314,5946,HAS_BLOCK
5946,5983,FLOW
5946,3186,FLOW
5946,3186,UNWIND
6314,5961,HAS_BLOCK
5961,6049,FLOW
6314,5983,HAS_BLOCK
5983,5999,FLOW
5983,3186,FLOW
5983,3186,UNWIND
6314,5999,HAS_BLOCK
5999,6017,FLOW
5999,6034,FLOW
5999,4574,FLOW
6314,6017,HAS_BLOCK
6017,6049,FLOW
6314,6034,HAS_BLOCK
6034,3324,FLOW
6034,3186,FLOW
6034,3186,UNWIND
6314,6049,HAS_BLOCK
6049,6068,FLOW
6049,6115,FLOW
6049,4574,FLOW
6314,6068,HAS_BLOCK
6068,6134,FLOW
6068,3016,FLOW
6068,3016,UNWIND
6314,6115,HAS_BLOCK
6115,6194,FLOW
6314,6134,HAS_BLOCK
6134,6148,FLOW
6134,3016,FLOW
6134,3016,UNWIND
6314,6148,HAS_BLOCK
6148,6163,FLOW
6148,6180,FLOW
6148,4574,FLOW
6314,6163,HAS_BLOCK
6163,6194,FLOW
6314,6180,HAS_BLOCK
6180,3326,FLOW
6180,3016,FLOW
6180,3016,UNWIND
6314,6194,HAS_BLOCK
6194,6208,FLOW
6194,6223,FLOW
6194,4574,FLOW
6314,6208,HAS_BLOCK
6208,6236,FLOW
6208,3010,FLOW
6208,3010,UNWIND
6314,6223,HAS_BLOCK
6223,2674,FLOW
6314,6236,HAS_BLOCK
6236,6250,FLOW
6236,3010,FLOW
6236,3010,UNWIND
6314,6250,HAS_BLOCK
6250,2652,FLOW
6250,2663,FLOW
6250,4574,FLOW
6314,2652,HAS_BLOCK
2652,2674,FLOW
6314,2663,HAS_BLOCK
2663,3328,FLOW
2663,3010,FLOW
2663,3010,UNWIND
6314,2674,HAS_BLOCK
2674,2684,FLOW
2674,2696,FLOW
2674,4574,FLOW
6314,2684,HAS_BLOCK
2684,2706,FLOW
2684,3003,FLOW
2684,3003,UNWIND
6314,2696,HAS_BLOCK
2696,2750,FLOW
6314,2706,HAS_BLOCK
2706,2718,FLOW
2706,3003,FLOW
2706,3003,UNWIND
6314,2718,HAS_BLOCK
2718,2728,FLOW
2718,2739,FLOW
2718,4574,FLOW
6314,2728,HAS_BLOCK
2728,2750,FLOW
6314,2739,HAS_BLOCK
2739,3330,FLOW
2739,3003,FLOW
2739,3003,UNWIND
6314,2750,HAS_BLOCK
2750,2824,FLOW
2750,2836,FLOW
2750,4574,FLOW
6314,2824,HAS_BLOCK
2824,2846,FLOW
2824,2997,FLOW
2824,2997,UNWIND
6314,2836,HAS_BLOCK
2836,2900,FLOW
6314,2846,HAS_BLOCK
2846,2858,FLOW
2846,2997,FLOW
2846,2997,UNWIND
6314,2858,HAS_BLOCK
2858,2868,FLOW
2858,2879,FLOW
2858,4574,FLOW
6314,2868,HAS_BLOCK
2868,2900,FLOW
6314,2879,HAS_BLOCK
2879,2890,FLOW
2879,2997,FLOW
2879,2997,UNWIND
6314,2890,HAS_BLOCK
2890,2908,FLOW
2890,3003,FLOW
2890,3003,UNWIND
6314,2900,HAS_BLOCK
2900,2991,FLOW
6314,2908,HAS_BLOCK
2908,2914,FLOW
2908,3010,FLOW
2908,3010,UNWIND
6314,2914,HAS_BLOCK
2914,2978,FLOW
2914,3016,FLOW
2914,3016,UNWIND
6314,2978,HAS_BLOCK
2978,2984,FLOW
2978,3186,FLOW
2978,3186,UNWIND
6314,2984,HAS_BLOCK
2984,3104,FLOW
2984,3101,FLOW
2984,4574,FLOW
6314,2991,HAS_BLOCK
2991,6314,RETURN
6314,2997,HAS_BLOCK
2997,3003,FLOW
6314,3003,HAS_BLOCK
3003,3010,FLOW
6314,3010,HAS_BLOCK
3010,3016,FLOW
6314,3016,HAS_BLOCK
3016,3186,FLOW
6314,3023,HAS_BLOCK
3023,3188,FLOW
3023,3027,FLOW
6314,3027,HAS_BLOCK
3027,3192,FLOW
3027,3032,FLOW
6314,3032,HAS_BLOCK
3032,3249,FLOW
3032,3094,FLOW
6314,3094,HAS_BLOCK
3094,3097,FLOW
6314,3097,HAS_BLOCK
6314,3101,HAS_BLOCK
3101,3113,FLOW
3101,3110,FLOW
3101,4574,FLOW
6314,3104,HAS_BLOCK
3104,3101,FLOW
3104,3107,FLOW
6314,3107,HAS_BLOCK
3107,3101,FLOW
3107,3023,FLOW
3107,3023,UNWIND
6314,3110,HAS_BLOCK
3110,3120,FLOW
3110,3118,FLOW
3110,4574,FLOW
6314,3113,HAS_BLOCK
3113,3110,FLOW
3113,3116,FLOW
6314,3116,HAS_BLOCK
3116,3110,FLOW
3116,3027,FLOW
3116,3027,UNWIND
6314,3118,HAS_BLOCK
3118,3178,FLOW
3118,3176,FLOW
3118,4574,FLOW
6314,3120,HAS_BLOCK
3120,3118,FLOW
3120,3174,FLOW
6314,3174,HAS_BLOCK
3174,3118,FLOW
3174,3032,FLOW
3174,3032,UNWIND
6314,3176,HAS_BLOCK
3176,2991,FLOW
6314,3178,HAS_BLOCK
3178,3176,FLOW
3178,3180,FLOW
6314,3180,HAS_BLOCK
3180,3176,FLOW
3180,3094,FLOW
3180,3094,UNWIND
6314,3182,HAS_BLOCK
3182,3023,FLOW
3182,3184,FLOW
6314,3184,HAS_BLOCK
3184,3023,FLOW
6314,3186,HAS_BLOCK
3186,3182,FLOW
3186,3023,FLOW
6314,3188,HAS_BLOCK
3188,3027,FLOW
3188,3190,FLOW
6314,3190,HAS_BLOCK
3190,3027,FLOW
6314,3192,HAS_BLOCK
3192,3032,FLOW
3192,3247,FLOW
6314,3247,HAS_BLOCK
3247,3032,FLOW
6314,3249,HAS_BLOCK
3249,3094,FLOW
3249,3251,FLOW
6314,3251,HAS_BLOCK
3251,3094,FLOW
6314,3253,HAS_BLOCK
3253,2984,FLOW
6314,3255,HAS_BLOCK
3255,2984,FLOW
6314,3257,HAS_BLOCK
3257,2984,FLOW
6314,3259,HAS_BLOCK
3259,2984,FLOW
6314,3261,HAS_BLOCK
3261,2984,FLOW
6314,3263,HAS_BLOCK
3263,2984,FLOW
6314,3265,HAS_BLOCK
3265,2984,FLOW
6314,3320,HAS_BLOCK
3320,2984,FLOW
6314,3322,HAS_BLOCK
3322,2984,FLOW
6314,3324,HAS_BLOCK
3324,2984,FLOW
6314,3326,HAS_BLOCK
3326,2978,FLOW
6314,3328,HAS_BLOCK
3328,2914,FLOW
6314,3330,HAS_BLOCK
3330,2908,FLOW
416,448,HAS_PARAM
416,480,HAS_PARAM
416,320,HAS_BLOCK
320,384,FLOW
416,384,HAS_BLOCK
384,416,RETURN
2288,2320,HAS_PARAM
2288,2352,HAS_PARAM
2288,2089,HAS_BLOCK
2089,2243,FLOW
2089,2229,FLOW
2089,2210,FLOW
2089,2185,FLOW
2089,2153,FLOW
2089,2121,FLOW
2288,2121,HAS_BLOCK
2121,2252,FLOW
2288,2153,HAS_BLOCK
2153,2252,FLOW
2288,2185,HAS_BLOCK
2185,2252,FLOW
2288,2210,HAS_BLOCK
2210,2252,FLOW
2288,2229,HAS_BLOCK
2229,2252,FLOW
2288,2243,HAS_BLOCK
2243,2252,FLOW
2288,2252,HAS_BLOCK
2252,2288,RETURN
1993,2025,HAS_PARAM
1993,2057,HAS_PARAM
1993,1517,HAS_BLOCK
1517,1664,FLOW
1993,1581,HAS_BLOCK
1581,1673,FLOW
1993,1714,HAS_BLOCK
1714,1673,FLOW
1993,1749,HAS_BLOCK
1749,1655,FLOW
1993,1806,HAS_BLOCK
1806,1673,FLOW
1993,1831,HAS_BLOCK
1831,1645,FLOW
1993,1875,HAS_BLOCK
1875,1673,FLOW
1993,1900,HAS_BLOCK
1900,1631,FLOW
1993,1933,HAS_BLOCK
1933,1673,FLOW
1993,1952,HAS_BLOCK
1952,1614,FLOW
1993,1600,HAS_BLOCK
1600,1673,FLOW
1993,1614,HAS_BLOCK
1614,1581,FLOW
1614,1600,FLOW
1993,1631,HAS_BLOCK
1631,1952,FLOW
1631,1933,FLOW
1993,1645,HAS_BLOCK
1645,1900,FLOW
1645,1875,FLOW
1993,1655,HAS_BLOCK
1655,1831,FLOW
1655,1806,FLOW
1993,1664,HAS_BLOCK
1664,1749,FLOW
1664,1714,FLOW
1993,1673,HAS_BLOCK
1673,1993,RETURN
1421,1453,HAS_PARAM
1421,1485,HAS_PARAM
1421,512,HAS_BLOCK
512,694,FLOW
512,816,FLOW
1421,544,HAS_BLOCK
544,1119,FLOW
1421,816,HAS_BLOCK
816,1003,FLOW
816,1389,FLOW
816,544,FLOW
1421,1003,HAS_BLOCK
1003,1151,FLOW
1003,544,FLOW
1421,1151,HAS_BLOCK
1151,1218,FLOW
1151,544,FLOW
1421,1218,HAS_BLOCK
1218,1270,FLOW
1218,544,FLOW
1421,1270,HAS_BLOCK
1270,1313,FLOW
1270,544,FLOW
1421,1313,HAS_BLOCK
1313,1352,FLOW
1313,544,FLOW
1421,1352,HAS_BLOCK
1352,1111,FLOW
1352,544,FLOW
1421,1389,HAS_BLOCK
1389,572,FLOW
1389,544,FLOW
1421,572,HAS_BLOCK
572,597,FLOW
572,544,FLOW
1421,597,HAS_BLOCK
597,622,FLOW
597,544,FLOW
1421,622,HAS_BLOCK
622,646,FLOW
622,544,FLOW
1421,646,HAS_BLOCK
646,670,FLOW
646,544,FLOW
1421,670,HAS_BLOCK
670,1095,FLOW
670,544,FLOW
1421,694,HAS_BLOCK
694,901,FLOW
694,718,FLOW
1421,718,HAS_BLOCK
718,742,FLOW
718,544,FLOW
1421,742,HAS_BLOCK
742,764,FLOW
742,544,FLOW
1421,764,HAS_BLOCK
764,784,FLOW
764,544,FLOW
1421,784,HAS_BLOCK
784,836,FLOW
784,544,FLOW
1421,836,HAS_BLOCK
836,856,FLOW
836,544,FLOW
1421,856,HAS_BLOCK
856,872,FLOW
856,544,FLOW
1421,872,HAS_BLOCK
872,887,FLOW
872,544,FLOW
1421,887,HAS_BLOCK
887,1103,FLOW
887,544,FLOW
1421,901,HAS_BLOCK
901,544,FLOW
901,915,FLOW
1421,915,HAS_BLOCK
915,929,FLOW
915,1017,FLOW
915,544,FLOW
1421,929,HAS_BLOCK
929,943,FLOW
929,544,FLOW
1421,943,HAS_BLOCK
943,957,FLOW
943,544,FLOW
1421,957,HAS_BLOCK
957,971,FLOW
957,544,FLOW
1421,971,HAS_BLOCK
971,1082,FLOW
971,544,FLOW
1421,1017,HAS_BLOCK
1017,1030,FLOW
1017,544,FLOW
1421,1030,HAS_BLOCK
1030,1043,FLOW
1030,544,FLOW
1421,1043,HAS_BLOCK
1043,1056,FLOW
1043,544,FLOW
1421,1056,HAS_BLOCK
1056,1069,FLOW
1056,544,FLOW
1421,1069,HAS_BLOCK
1069,1119,FLOW
1421,1082,HAS_BLOCK
1082,1119,FLOW
1421,1095,HAS_BLOCK
1095,1119,FLOW
1421,1103,HAS_BLOCK
1103,1119,FLOW
1421,1111,HAS_BLOCK
1111,1119,FLOW
1421,1119,HAS_BLOCK
1119,1421,RETURN
256,288,HAS_PARAM
256,160,HAS_BLOCK
160,224,FLOW
256,224,HAS_BLOCK
224,256,RETURN
2480,2512,HAS_PARAM
2480,2544,HAS_PARAM
2480,2384,HAS_BLOCK
2384,2448,FLOW
2480,2448,HAS_BLOCK
2448,2480,RETURN
7892,7924,HAS_PARAM
7892,7956,HAS_PARAM
7892,6410,HAS_BLOCK
6410,6474,FLOW
6410,7506,FLOW
6410,7506,UNWIND
7892,6474,HAS_BLOCK
6474,6923,FLOW
6474,7506,FLOW
6474,7506,UNWIND
7892,6923,HAS_BLOCK
6923,7444,FLOW
6923,7572,FLOW
6923,7242,FLOW
7892,7242,HAS_BLOCK
7892,7444,HAS_BLOCK
7444,7669,FLOW
7444,7746,FLOW
7444,7242,FLOW
7892,7572,HAS_BLOCK
7572,7524,FLOW
7572,7506,FLOW
7572,7506,UNWIND
7892,7669,HAS_BLOCK
7669,7803,FLOW
7669,7506,FLOW
7669,7506,UNWIND
7892,7746,HAS_BLOCK
7746,7835,FLOW
7746,7506,FLOW
7746,7506,UNWIND
7892,7803,HAS_BLOCK
7803,7454,FLOW
7892,7835,HAS_BLOCK
7835,6506,FLOW
7835,7506,FLOW
7835,7506,UNWIND
7892,6506,HAS_BLOCK
6506,6538,FLOW
6506,6570,FLOW
6506,7242,FLOW
7892,6538,HAS_BLOCK
6538,6627,FLOW
6538,6677,FLOW
6538,7242,FLOW
7892,6570,HAS_BLOCK
6570,7531,FLOW
6570,7506,FLOW
6570,7506,UNWIND
7892,6627,HAS_BLOCK
6627,6720,FLOW
6627,7506,FLOW
6627,7506,UNWIND
7892,6677,HAS_BLOCK
6677,6746,FLOW
6677,7496,FLOW
6677,7496,UNWIND
7892,6720,HAS_BLOCK
6720,7454,FLOW
7892,6746,HAS_BLOCK
6746,6789,FLOW
6746,7496,FLOW
6746,7496,UNWIND
7892,6789,HAS_BLOCK
6789,6814,FLOW
6789,6840,FLOW
6789,7242,FLOW
7892,6814,HAS_BLOCK
6814,6948,FLOW
6814,6992,FLOW
6814,7242,FLOW
7892,6840,HAS_BLOCK
6840,7539,FLOW
6840,7496,FLOW
6840,7496,UNWIND
7892,6948,HAS_BLOCK
6948,7025,FLOW
6948,7496,FLOW
6948,7496,UNWIND
7892,6992,HAS_BLOCK
6992,7046,FLOW
6992,7487,FLOW
6992,7487,UNWIND
7892,7025,HAS_BLOCK
7025,7411,FLOW
7892,7046,HAS_BLOCK
7046,7078,FLOW
7046,7487,FLOW
7046,7487,UNWIND
7892,7078,HAS_BLOCK
7078,7097,FLOW
7078,7117,FLOW
7078,7242,FLOW
7892,7097,HAS_BLOCK
7097,7150,FLOW
7097,7182,FLOW
7097,7242,FLOW
7892,7117,HAS_BLOCK
7117,7576,FLOW
7117,7487,FLOW
7117,7487,UNWIND
7892,7150,HAS_BLOCK
7150,7210,FLOW
7150,7487,FLOW
7150,7487,UNWIND
7892,7182,HAS_BLOCK
7182,7256,FLOW
7182,7477,FLOW
7182,7477,UNWIND
7892,7210,HAS_BLOCK
7210,7399,FLOW
7892,7256,HAS_BLOCK
7256,7278,FLOW
7256,7477,FLOW
7256,7477,UNWIND
7892,7278,HAS_BLOCK
7278,7293,FLOW
7278,7308,FLOW
7278,7242,FLOW
7892,7293,HAS_BLOCK
7293,7330,FLOW
7293,7353,FLOW
7293,7242,FLOW
7892,7308,HAS_BLOCK
7308,7581,FLOW
7308,7477,FLOW
7308,7477,UNWIND
7892,7330,HAS_BLOCK
7330,7369,FLOW
7330,7477,FLOW
7330,7477,UNWIND
7892,7353,HAS_BLOCK
7353,7466,FLOW
7892,7369,HAS_BLOCK
7369,7383,FLOW
7892,7383,HAS_BLOCK
7383,7399,FLOW
7383,7487,FLOW
7383,7487,UNWIND
7892,7399,HAS_BLOCK
7399,7411,FLOW
7399,7496,FLOW
7399,7496,UNWIND
7892,7411,HAS_BLOCK
7411,7454,FLOW
7411,7506,FLOW
7411,7506,UNWIND
7892,7454,HAS_BLOCK
7454,7466,FLOW
7892,7466,HAS_BLOCK
7466,7892,RETURN
7892,7477,HAS_BLOCK
7477,7487,FLOW
7892,7487,HAS_BLOCK
7487,7496,FLOW
7892,7496,HAS_BLOCK
7496,7506,FLOW
7892,7506,HAS_BLOCK
7506,7515,FLOW
7892,7515,HAS_BLOCK
7892,7524,HAS_BLOCK
7524,7454,FLOW
7892,7531,HAS_BLOCK
7531,7454,FLOW
7892,7539,HAS_BLOCK
7539,7411,FLOW
7892,7576,HAS_BLOCK
7576,7399,FLOW
7892,7581,HAS_BLOCK
7581,7383,FLOW
6314,6346,HAS_PARAM
6314,6378,HAS_PARAM
6314,2576,HAS_BLOCK
2576,2608,FLOW
6314,2608,HAS_BLOCK
2608,3575,FLOW
2608,2991,FLOW
2608,2991,UNWIND
6314,3575,HAS_BLOCK
3575,4108,FLOW
3575,2991,FLOW
3575,2991,UNWIND
6314,4108,HAS_BLOCK
4108,4979,FLOW
4108,5327,FLOW
4108,4574,FLOW
6314,4574,HAS_BLOCK
6314,4979,HAS_BLOCK
4979,5893,FLOW
4979,5652,FLOW
4979,4574,FLOW
6314,5327,HAS_BLOCK
5327,3023,FLOW
5327,2991,FLOW
5327,2991,UNWIND
6314,5652,HAS_BLOCK
5652,5456,FLOW
5652,5480,FLOW
5652,4574,FLOW
6314,5893,HAS_BLOCK
5893,3172,FLOW
5893,3090,FLOW
5893,2972,FLOW
5893,2814,FLOW
5893,2640,FLOW
5893,6102,FLOW
5893,4574,FLOW
6314,6102,HAS_BLOCK
6102,5376,FLOW
6102,2991,FLOW
6102,2991,UNWIND
6314,2640,HAS_BLOCK
2640,5103,FLOW
2640,2991,FLOW
2640,2991,UNWIND
6314,2814,HAS_BLOCK
2814,4728,FLOW
2814,2991,FLOW
2814,2991,UNWIND
6314,2972,HAS_BLOCK
2972,4274,FLOW
2972,2991,FLOW
2972,2991,UNWIND
6314,3090,HAS_BLOCK
3090,3743,FLOW
3090,2991,FLOW
3090,2991,UNWIND
6314,3172,HAS_BLOCK
3172,3245,FLOW
3172,2991,FLOW
3172,2991,UNWIND
6314,3245,HAS_BLOCK
3245,3438,FLOW
3245,3318,FLOW
6314,3318,HAS_BLOCK
3318,3384,FLOW
3318,2991,FLOW
3318,2991,UNWIND
6314,3384,HAS_BLOCK
3384,2674,FLOW
6314,3438,HAS_BLOCK
3438,3494,FLOW
3438,2991,FLOW
3438,2991,UNWIND
6314,3494,HAS_BLOCK
3494,3607,FLOW
3494,2991,FLOW
3494,2991,UNWIND
6314,3607,HAS_BLOCK
3607,3647,FLOW
3607,3697,FLOW
3607,4574,FLOW
6314,3647,HAS_BLOCK
3647,2608,FLOW
6314,3697,HAS_BLOCK
3697,3027,FLOW
3697,2991,FLOW
3697,2991,UNWIND
6314,3743,HAS_BLOCK
3743,3892,FLOW
3743,3791,FLOW
6314,3791,HAS_BLOCK
3791,3847,FLOW
3791,2991,FLOW
3791,2991,UNWIND
6314,3847,HAS_BLOCK
3847,2674,FLOW
6314,3892,HAS_BLOCK
3892,3940,FLOW
3892,2991,FLOW
3892,2991,UNWIND
6314,3940,HAS_BLOCK
3940,3989,FLOW
3940,2991,FLOW
3940,2991,UNWIND
6314,3989,HAS_BLOCK
3989,4034,FLOW
3989,4140,FLOW
3989,4574,FLOW
6314,4034,HAS_BLOCK
4034,4189,FLOW
4034,4230,FLOW
4034,4230,UNWIND
6314,4140,HAS_BLOCK
4140,3032,FLOW
4140,2991,FLOW
4140,2991,UNWIND
6314,4189,HAS_BLOCK
4189,2608,FLOW
6314,4230,HAS_BLOCK
4230,2991,FLOW
6314,4274,HAS_BLOCK
4274,4405,FLOW
4274,4322,FLOW
6314,4322,HAS_BLOCK
4322,4362,FLOW
4322,2991,FLOW
4322,2991,UNWIND
6314,4362,HAS_BLOCK
4362,2674,FLOW
6314,4405,HAS_BLOCK
4405,4449,FLOW
4405,2991,FLOW
4405,2991,UNWIND
6314,4449,HAS_BLOCK
4449,4489,FLOW
4449,2991,FLOW
4449,2991,UNWIND
6314,4489,HAS_BLOCK
4489,4531,FLOW
4489,4603,FLOW
4489,4574,FLOW
6314,4531,HAS_BLOCK
4531,4648,FLOW
4531,4684,FLOW
4531,4684,UNWIND
6314,4603,HAS_BLOCK
4603,3094,FLOW
4603,2991,FLOW
4603,2991,UNWIND
6314,4648,HAS_BLOCK
4648,2608,FLOW
6314,4684,HAS_BLOCK
4684,2991,FLOW
6314,4728,HAS_BLOCK
4728,4837,FLOW
4728,4768,FLOW
6314,4768,HAS_BLOCK
4768,4799,FLOW
4768,2991,FLOW
4768,2991,UNWIND
6314,4799,HAS_BLOCK
4799,2674,FLOW
6314,4837,HAS_BLOCK
4837,4870,FLOW
4837,2991,FLOW
4837,2991,UNWIND
6314,4870,HAS_BLOCK
4870,4905,FLOW
4870,2991,FLOW
4870,2991,UNWIND
6314,4905,HAS_BLOCK
4905,4938,FLOW
4905,5004,FLOW
4905,4574,FLOW
6314,4938,HAS_BLOCK
4938,5035,FLOW
4938,5066,FLOW
4938,5066,UNWIND
6314,5004,HAS_BLOCK
5004,3097,FLOW
5004,2991,FLOW
5004,2991,UNWIND
6314,5035,HAS_BLOCK
5035,2608,FLOW
6314,5066,HAS_BLOCK
5066,2991,FLOW
6314,5103,HAS_BLOCK
5103,5192,FLOW
5103,5134,FLOW
6314,5134,HAS_BLOCK
5134,5167,FLOW
5134,2991,FLOW
5134,2991,UNWIND
6314,5167,HAS_BLOCK
5167,2674,FLOW
6314,5192,HAS_BLOCK
5192,5227,FLOW
5192,2991,FLOW
5192,2991,UNWIND
6314,5227,HAS_BLOCK
5227,5255,FLOW
5227,2991,FLOW
5227,2991,UNWIND
6314,5255,HAS_BLOCK
5255,5284,FLOW
5255,5348,FLOW
5255,4574,FLOW
6314,5284,HAS_BLOCK
5284,2608,FLOW
6314,5348,HAS_BLOCK
5348,3101,FLOW
5348,2991,FLOW
5348,2991,UNWIND
6314,5376,HAS_BLOCK
5376,5404,FLOW
5376,2991,FLOW
5376,2991,UNWIND
6314,5404,HAS_BLOCK
5404,2608,FLOW
5404,5431,FLOW
5404,4574,FLOW
6314,5431,HAS_BLOCK
5431,3104,FLOW
5431,2991,FLOW
5431,2991,UNWIND
6314,5456,HAS_BLOCK
5456,5507,FLOW
5456,2991,FLOW
5456,2991,UNWIND
6314,5480,HAS_BLOCK
5480,5671,FLOW
6314,5507,HAS_BLOCK
5507,5528,FLOW
5507,2991,FLOW
5507,2991,UNWIND
6314,5528,HAS_BLOCK
5528,5557,FLOW
5528,5580,FLOW
5528,4574,FLOW
6314,5557,HAS_BLOCK
5557,5671,FLOW
6314,5580,HAS_BLOCK
5580,3107,FLOW
5580,2991,FLOW
5580,2991,UNWIND
6314,5671,HAS_BLOCK
5671,5695,FLOW
5671,5719,FLOW
5671,4574,FLOW
6314,5695,HAS_BLOCK
5695,5742,FLOW
5695,2991,FLOW
5695,2991,UNWIND
6314,5719,HAS_BLOCK
5719,5821,FLOW
6314,5742,HAS_BLOCK
5742,5758,FLOW
5742,2991,FLOW
5742,2991,UNWIND
6314,5758,HAS_BLOCK
5758,5782,FLOW
5758,5799,FLOW
5758,4574,FLOW
6314,5782,HAS_BLOCK
5782,5821,FLOW
6314,5799,HAS_BLOCK
5799,3110,FLOW
5799,2991,FLOW
5799,2991,UNWIND
6314,5821,HAS_BLOCK
5821,5839,FLOW
5821,5858,FLOW
5821,4574,FLOW
6314,5839,HAS_BLOCK
5839,5907,FLOW
5839,2718,FLOW
5839,2718,UNWIND
6314,5858,HAS_BLOCK
5858,5983,FLOW
6314,5907,HAS_BLOCK
5907,5925,FLOW
5907,2718,FLOW
5907,2718,UNWIND
6314,5925,HAS_BLOCK
5925,5946,FLOW
5925,5961,FLOW
5925,4574,FLOW
6314,5946,HAS_BLOCK
5946,5983,FLOW
6314,5961,HAS_BLOCK
5961,3113,FLOW
5961,2718,FLOW
5961,2718,UNWIND
6314,5983,HAS_BLOCK
5983,5999,FLOW
5983,6017,FLOW
5983,4574,FLOW
6314,5999,HAS_BLOCK
5999,6034,FLOW
5999,2706,FLOW
5999,2706,UNWIND
6314,6017,HAS_BLOCK
6017,6134,FLOW
6314,6034,HAS_BLOCK
6034,6049,FLOW
6034,2706,FLOW
6034,2706,UNWIND
6314,6049,HAS_BLOCK
6049,6068,FLOW
6049,6115,FLOW
6049,4574,FLOW
6314,6068,HAS_BLOCK
6068,6134,FLOW
6314,6115,HAS_BLOCK
6115,3116,FLOW
6115,2706,FLOW
6115,2706,UNWIND
6314,6134,HAS_BLOCK
6134,6148,FLOW
6134,6163,FLOW
6134,4574,FLOW
6314,6148,HAS_BLOCK
6148,6180,FLOW
6148,2696,FLOW
6148,2696,UNWIND
6314,6163,HAS_BLOCK
6163,6250,FLOW
6314,6180,HAS_BLOCK
6180,6194,FLOW
6180,2696,FLOW
6180,2696,UNWIND
6314,6194,HAS_BLOCK
6194,6208,FLOW
6194,6223,FLOW
6194,4574,FLOW
6314,6208,HAS_BLOCK
6208,6250,FLOW
6314,6223,HAS_BLOCK
6223,6236,FLOW
6223,2696,FLOW
6223,2696,UNWIND
6314,6236,HAS_BLOCK
6236,2652,FLOW
6236,2706,FLOW
6236,2706,UNWIND
6314,6250,HAS_BLOCK
6250,2684,FLOW
6314,2652,HAS_BLOCK
2652,2663,FLOW
2652,2718,FLOW
2652,2718,UNWIND
6314,2663,HAS_BLOCK
2663,2674,FLOW
2663,2991,FLOW
2663,2991,UNWIND
6314,2674,HAS_BLOCK
2674,2846,FLOW
2674,2836,FLOW
2674,4574,FLOW
6314,2684,HAS_BLOCK
2684,6314,RETURN
6314,2696,HAS_BLOCK
2696,2706,FLOW
6314,2706,HAS_BLOCK
2706,2718,FLOW
6314,2718,HAS_BLOCK
2718,2991,FLOW
6314,2728,HAS_BLOCK
2728,2997,FLOW
2728,2739,FLOW
6314,2739,HAS_BLOCK
2739,3010,FLOW
2739,2750,FLOW
6314,2750,HAS_BLOCK
2750,2824,FLOW
6314,2824,HAS_BLOCK
6314,2836,HAS_BLOCK
2836,2879,FLOW
2836,2868,FLOW
2836,4574,FLOW
6314,2846,HAS_BLOCK
2846,2836,FLOW
2846,2858,FLOW
6314,2858,HAS_BLOCK
2858,2836,FLOW
2858,2728,FLOW
2858,2728,UNWIND
6314,2868,HAS_BLOCK
2868,2908,FLOW
2868,2900,FLOW
2868,4574,FLOW
6314,2879,HAS_BLOCK
2879,2868,FLOW
2879,2890,FLOW
6314,2890,HAS_BLOCK
2890,2868,FLOW
2890,2739,FLOW
2890,2739,UNWIND
6314,2900,HAS_BLOCK
2900,2684,FLOW
6314,2908,HAS_BLOCK
2908,2900,FLOW
2908,2914,FLOW
6314,2914,HAS_BLOCK
2914,2900,FLOW
2914,2750,FLOW
2914,2750,UNWIND
6314,2978,HAS_BLOCK
2978,2728,FLOW
2978,2984,FLOW
6314,2984,HAS_BLOCK
2984,2728,FLOW
6314,2991,HAS_BLOCK
2991,2978,FLOW
2991,2728,FLOW
6314,2997,HAS_BLOCK
2997,2739,FLOW
2997,3003,FLOW
6314,3003,HAS_BLOCK
3003,2739,FLOW
6314,3010,HAS_BLOCK
3010,2750,FLOW
3010,3016,FLOW
6314,3016,HAS_BLOCK
3016,2750,FLOW
6314,3023,HAS_BLOCK
3023,2674,FLOW
6314,3027,HAS_BLOCK
3027,2674,FLOW
6314,3032,HAS_BLOCK
3032,2674,FLOW
6314,3094,HAS_BLOCK
3094,2674,FLOW
6314,3097,HAS_BLOCK
3097,2674,FLOW
6314,3101,HAS_BLOCK
3101,2674,FLOW
6314,3104,HAS_BLOCK
3104,2674,FLOW
6314,3107,HAS_BLOCK
3107,2674,FLOW
6314,3110,HAS_BLOCK
3110,2674,FLOW
6314,3113,HAS_BLOCK
3113,2663,FLOW
6314,3116,HAS_BLOCK
3116,2652,FLOW
416,448,HAS_PARAM
416,480,HAS_PARAM
416,320,HAS_BLOCK
320,384,FLOW
416,384,HAS_BLOCK
384,416,RETURN
2288,2320,HAS_PARAM
2288,2352,HAS_PARAM
2288,2089,HAS_BLOCK
2089,2229,FLOW
2089,2210,FLOW
2089,2185,FLOW
2089,2153,FLOW
2089,2121,FLOW
2288,2121,HAS_BLOCK
2121,2243,FLOW
2288,2153,HAS_BLOCK
2153,2243,FLOW
2288,2185,HAS_BLOCK
2185,2243,FLOW
2288,2210,HAS_BLOCK
2210,2243,FLOW
2288,2229,HAS_BLOCK
2229,2243,FLOW
2288,2243,HAS_BLOCK
2243,2288,RETURN
1993,2025,HAS_PARAM
1993,2057,HAS_PARAM
1993,1517,HAS_BLOCK
1517,1631,FLOW
1993,1581,HAS_BLOCK
1581,1645,FLOW
1993,1714,HAS_BLOCK
1714,1645,FLOW
1993,1749,HAS_BLOCK
1749,1614,FLOW
1993,1806,HAS_BLOCK
1806,1645,FLOW
1993,1831,HAS_BLOCK
1831,1600,FLOW
1993,1875,HAS_BLOCK
1875,1645,FLOW
1993,1900,HAS_BLOCK
1900,1952,FLOW
1993,1933,HAS_BLOCK
1933,1645,FLOW
1993,1952,HAS_BLOCK
1952,1581,FLOW
1952,1933,FLOW
1993,1600,HAS_BLOCK
1600,1900,FLOW
1600,1875,FLOW
1993,1614,HAS_BLOCK
1614,1831,FLOW
1614,1806,FLOW
1993,1631,HAS_BLOCK
1631,1749,FLOW
1631,1714,FLOW
1993,1645,HAS_BLOCK
1645,1993,RETURN
1421,1453,HAS_PARAM
1421,1485,HAS_PARAM
1421,512,HAS_BLOCK
512,1389,FLOW
512,816,FLOW
1421,544,HAS_BLOCK
544,1119,FLOW
1421,816,HAS_BLOCK
816,1003,FLOW
816,544,FLOW
1421,1003,HAS_BLOCK
1003,1151,FLOW
1003,544,FLOW
1421,1151,HAS_BLOCK
1151,1218,FLOW
1151,544,FLOW
1421,1218,HAS_BLOCK
1218,1270,FLOW
1218,544,FLOW
1421,1270,HAS_BLOCK
1270,1313,FLOW
1270,544,FLOW
1421,1313,HAS_BLOCK
1313,1352,FLOW
1313,544,FLOW
1421,1352,HAS_BLOCK
1352,1111,FLOW
1352,544,FLOW
1421,1389,HAS_BLOCK
1389,764,FLOW
1389,572,FLOW
1421,572,HAS_BLOCK
572,597,FLOW
572,544,FLOW
1421,597,HAS_BLOCK
597,622,FLOW
597,544,FLOW
1421,622,HAS_BLOCK
622,646,FLOW
622,544,FLOW
1421,646,HAS_BLOCK
646,670,FLOW
646,544,FLOW
1421,670,HAS_BLOCK
670,694,FLOW
670,544,FLOW
1421,694,HAS_BLOCK
694,718,FLOW
694,544,FLOW
1421,718,HAS_BLOCK
718,742,FLOW
718,544,FLOW
1421,742,HAS_BLOCK
742,1103,FLOW
742,544,FLOW
1421,764,HAS_BLOCK
764,971,FLOW
764,784,FLOW
1421,784,HAS_BLOCK
784,836,FLOW
784,544,FLOW
1421,836,HAS_BLOCK
836,856,FLOW
836,544,FLOW
1421,856,HAS_BLOCK
856,872,FLOW
856,544,FLOW
1421,872,HAS_BLOCK
872,887,FLOW
872,544,FLOW
1421,887,HAS_BLOCK
887,901,FLOW
887,544,FLOW
1421,901,HAS_BLOCK
901,915,FLOW
901,544,FLOW
1421,915,HAS_BLOCK
915,929,FLOW
915,544,FLOW
1421,929,HAS_BLOCK
929,943,FLOW
929,544,FLOW
1421,943,HAS_BLOCK
943,957,FLOW
943,544,FLOW
1421,957,HAS_BLOCK
957,1095,FLOW
957,544,FLOW
1421,971,HAS_BLOCK
971,544,FLOW
971,1017,FLOW
1421,1017,HAS_BLOCK
1017,1030,FLOW
1017,544,FLOW
1421,1030,HAS_BLOCK
1030,1043,FLOW
1030,544,FLOW
1421,1043,HAS_BLOCK
1043,1056,FLOW
1043,544,FLOW
1421,1056,HAS_BLOCK
1056,1069,FLOW
1056,544,FLOW
1421,1069,HAS_BLOCK
1069,1082,FLOW
1069,544,FLOW
1421,1082,HAS_BLOCK
1082,1119,FLOW
1421,1095,HAS_BLOCK
1095,1119,FLOW
1421,1103,HAS_BLOCK
1103,1119,FLOW
1421,1111,HAS_BLOCK
1111,1119,FLOW
1421,1119,HAS_BLOCK
1119,1421,RETURN
256,288,HAS_PARAM
256,160,HAS_BLOCK
160,224,FLOW
256,224,HAS_BLOCK
224,256,RETURN
2480,2512,HAS_PARAM
2480,2544,HAS_PARAM
2480,2384,HAS_BLOCK
2384,2448,FLOW
2480,2448,HAS_BLOCK
2448,2480,RETURN
7892,7924,HAS_PARAM
7892,7956,HAS_PARAM
7892,6410,HAS_BLOCK
6410,6474,FLOW
6410,7330,FLOW
6410,7330,UNWIND
7892,6474,HAS_BLOCK
6474,6923,FLOW
6474,7330,FLOW
6474,7330,UNWIND
7892,6923,HAS_BLOCK
6923,7444,FLOW
6923,7572,FLOW
6923,7242,FLOW
7892,7242,HAS_BLOCK
7892,7444,HAS_BLOCK
7444,7669,FLOW
7444,7746,FLOW
7444,7242,FLOW
7892,7572,HAS_BLOCK
7572,7369,FLOW
7572,7330,FLOW
7572,7330,UNWIND
7892,7669,HAS_BLOCK
7669,7803,FLOW
7669,7330,FLOW
7669,7330,UNWIND
7892,7746,HAS_BLOCK
7746,7835,FLOW
7746,7330,FLOW
7746,7330,UNWIND
7892,7803,HAS_BLOCK
7803,7278,FLOW
7892,7835,HAS_BLOCK
7835,6506,FLOW
7835,7330,FLOW
7835,7330,UNWIND
7892,6506,HAS_BLOCK
6506,6538,FLOW
6506,6570,FLOW
6506,7242,FLOW
7892,6538,HAS_BLOCK
6538,6627,FLOW
6538,6677,FLOW
6538,7242,FLOW
7892,6570,HAS_BLOCK
6570,7383,FLOW
6570,7330,FLOW
6570,7330,UNWIND
7892,6627,HAS_BLOCK
6627,6720,FLOW
6627,7330,FLOW
6627,7330,UNWIND
7892,6677,HAS_BLOCK
6677,6746,FLOW
6677,7308,FLOW
6677,7308,UNWIND
7892,6720,HAS_BLOCK
6720,7278,FLOW
7892,6746,HAS_BLOCK
6746,6789,FLOW
6746,7308,FLOW
6746,7308,UNWIND
7892,6789,HAS_BLOCK
6789,6814,FLOW
6789,6840,FLOW
6789,7242,FLOW
7892,6814,HAS_BLOCK
6814,6948,FLOW
6814,6992,FLOW
6814,7242,FLOW
7892,6840,HAS_BLOCK
6840,7399,FLOW
6840,7308,FLOW
6840,7308,UNWIND
7892,6948,HAS_BLOCK
6948,7025,FLOW
6948,7308,FLOW
6948,7308,UNWIND
7892,6992,HAS_BLOCK
6992,7046,FLOW
6992,7308,FLOW
6992,7308,UNWIND
7892,7025,HAS_BLOCK
7025,7256,FLOW
7892,7046,HAS_BLOCK
7046,7078,FLOW
7046,7308,FLOW
7046,7308,UNWIND
7892,7078,HAS_BLOCK
7078,7097,FLOW
7078,7117,FLOW
7078,7242,FLOW
7892,7097,HAS_BLOCK
7097,7150,FLOW
7097,7182,FLOW
7097,7242,FLOW
7892,7117,HAS_BLOCK
7117,7411,FLOW
7117,7308,FLOW
7117,7308,UNWIND
7892,7150,HAS_BLOCK
7150,7210,FLOW
7150,7308,FLOW
7150,7308,UNWIND
7892,7182,HAS_BLOCK
7182,7293,FLOW
7892,7210,HAS_BLOCK
7210,7256,FLOW
7892,7256,HAS_BLOCK
7256,7278,FLOW
7256,7330,FLOW
7256,7330,UNWIND
7892,7278,HAS_BLOCK
7278,7293,FLOW
7892,7293,HAS_BLOCK
7293,7892,RETURN
7892,7308,HAS_BLOCK
7308,7330,FLOW
7892,7330,HAS_BLOCK
7330,7353,FLOW
7892,7353,HAS_BLOCK
7892,7369,HAS_BLOCK
7369,7278,FLOW
7892,7383,HAS_BLOCK
7383,7278,FLOW
7892,7399,HAS_BLOCK
7399,7256,FLOW
7892,7411,HAS_BLOCK
7411,7256,FLOW
6314,6346,HAS_PARAM
6314,6378,HAS_PARAM
6314,2576,HAS_BLOCK
2576,2608,FLOW
6314,2608,HAS_BLOCK
2608,3575,FLOW
2608,6115,FLOW
2608,6115,UNWIND
6314,3575,HAS_BLOCK
3575,4108,FLOW
3575,6115,FLOW
3575,6115,UNWIND
6314,4108,HAS_BLOCK
4108,4979,FLOW
4108,5327,FLOW
4108,4574,FLOW
6314,4574,HAS_BLOCK
6314,4979,HAS_BLOCK
4979,5893,FLOW
4979,5652,FLOW
4979,4574,FLOW
6314,5327,HAS_BLOCK
5327,6134,FLOW
5327,6115,FLOW
5327,6115,UNWIND
6314,5652,HAS_BLOCK
5652,5035,FLOW
5652,5066,FLOW
5652,4574,FLOW
6314,5893,HAS_BLOCK
5893,3090,FLOW
5893,2972,FLOW
5893,2814,FLOW
5893,2640,FLOW
5893,6102,FLOW
5893,4574,FLOW
6314,6102,HAS_BLOCK
6102,4905,FLOW
6102,6115,FLOW
6102,6115,UNWIND
6314,2640,HAS_BLOCK
2640,4603,FLOW
2640,6115,FLOW
2640,6115,UNWIND
6314,2814,HAS_BLOCK
2814,4230,FLOW
2814,6115,FLOW
2814,6115,UNWIND
6314,2972,HAS_BLOCK
2972,3697,FLOW
2972,6115,FLOW
2972,6115,UNWIND
6314,3090,HAS_BLOCK
3090,3172,FLOW
3090,6115,FLOW
3090,6115,UNWIND
6314,3172,HAS_BLOCK
3172,3384,FLOW
3172,3245,FLOW
6314,3245,HAS_BLOCK
3245,3318,FLOW
3245,6115,FLOW
3245,6115,UNWIND
6314,3318,HAS_BLOCK
3318,5907,FLOW
6314,3384,HAS_BLOCK
3384,3438,FLOW
3384,6115,FLOW
3384,6115,UNWIND
6314,3438,HAS_BLOCK
3438,3494,FLOW
3438,6115,FLOW
3438,6115,UNWIND
6314,3494,HAS_BLOCK
3494,3607,FLOW
3494,3647,FLOW
3494,4574,FLOW
6314,3607,HAS_BLOCK
3607,2608,FLOW
6314,3647,HAS_BLOCK
3647,6148,FLOW
3647,6115,FLOW
3647,6115,UNWIND
6314,3697,HAS_BLOCK
3697,3847,FLOW
3697,3743,FLOW
6314,3743,HAS_BLOCK
3743,3791,FLOW
3743,6115,FLOW
3743,6115,UNWIND
6314,3791,HAS_BLOCK
3791,5907,FLOW
6314,3847,HAS_BLOCK
3847,3892,FLOW
3847,6115,FLOW
3847,6115,UNWIND
6314,3892,HAS_BLOCK
3892,3940,FLOW
3892,6115,FLOW
3892,6115,UNWIND
6314,3940,HAS_BLOCK
3940,3989,FLOW
3940,4034,FLOW
3940,4574,FLOW
6314,3989,HAS_BLOCK
3989,4140,FLOW
3989,4189,FLOW
3989,4189,UNWIND
6314,4034,HAS_BLOCK
4034,6163,FLOW
4034,6115,FLOW
4034,6115,UNWIND
6314,4140,HAS_BLOCK
4140,2608,FLOW
6314,4189,HAS_BLOCK
4189,6115,FLOW
6314,4230,HAS_BLOCK
4230,4362,FLOW
4230,4274,FLOW
6314,4274,HAS_BLOCK
4274,4322,FLOW
4274,6115,FLOW
4274,6115,UNWIND
6314,4322,HAS_BLOCK
4322,5907,FLOW
6314,4362,HAS_BLOCK
4362,4405,FLOW
4362,6115,FLOW
4362,6115,UNWIND
6314,4405,HAS_BLOCK
4405,4449,FLOW
4405,6115,FLOW
4405,6115,UNWIND
6314,4449,HAS_BLOCK
4449,4489,FLOW
4449,4531,FLOW
4449,4574,FLOW
6314,4489,HAS_BLOCK
4489,2608,FLOW
6314,4531,HAS_BLOCK
4531,6180,FLOW
4531,6115,FLOW
4531,6115,UNWIND
6314,4603,HAS_BLOCK
4603,4728,FLOW
4603,4648,FLOW
6314,4648,HAS_BLOCK
4648,4684,FLOW
4648,6115,FLOW
4648,6115,UNWIND
6314,4684,HAS_BLOCK
4684,5907,FLOW
6314,4728,HAS_BLOCK
4728,4768,FLOW
4728,6115,FLOW
4728,6115,UNWIND
6314,4768,HAS_BLOCK
4768,4799,FLOW
4768,6115,FLOW
4768,6115,UNWIND
6314,4799,HAS_BLOCK
4799,4837,FLOW
4799,4870,FLOW
4799,4574,FLOW
6314,4837,HAS_BLOCK
4837,2608,FLOW
6314,4870,HAS_BLOCK
4870,6194,FLOW
4870,6115,FLOW
4870,6115,UNWIND
6314,4905,HAS_BLOCK
4905,4938,FLOW
4905,6115,FLOW
4905,6115,UNWIND
6314,4938,HAS_BLOCK
4938,2608,FLOW
4938,5004,FLOW
4938,4574,FLOW
6314,5004,HAS_BLOCK
5004,6208,FLOW
5004,6115,FLOW
5004,6115,UNWIND
6314,5035,HAS_BLOCK
5035,5103,FLOW
5035,6115,FLOW
5035,6115,UNWIND
6314,5066,HAS_BLOCK
5066,5227,FLOW
6314,5103,HAS_BLOCK
5103,5134,FLOW
5103,6115,FLOW
5103,6115,UNWIND
6314,5134,HAS_BLOCK
5134,5167,FLOW
5134,5192,FLOW
5134,4574,FLOW
6314,5167,HAS_BLOCK
5167,5227,FLOW
6314,5192,HAS_BLOCK
5192,6223,FLOW
5192,6115,FLOW
5192,6115,UNWIND
6314,5227,HAS_BLOCK
5227,5255,FLOW
5227,5284,FLOW
5227,4574,FLOW
6314,5255,HAS_BLOCK
5255,5348,FLOW
5255,6115,FLOW
5255,6115,UNWIND
6314,5284,HAS_BLOCK
5284,5456,FLOW
6314,5348,HAS_BLOCK
5348,5376,FLOW
5348,6115,FLOW
5348,6115,UNWIND
6314,5376,HAS_BLOCK
5376,5404,FLOW
5376,5431,FLOW
5376,4574,FLOW
6314,5404,HAS_BLOCK
5404,5456,FLOW
6314,5431,HAS_BLOCK
5431,6236,FLOW
5431,6115,FLOW
5431,6115,UNWIND
6314,5456,HAS_BLOCK
5456,5480,FLOW
5456,5507,FLOW
5456,4574,FLOW
6314,5480,HAS_BLOCK
5480,5528,FLOW
5480,5946,FLOW
5480,5946,UNWIND
6314,5507,HAS_BLOCK
5507,5695,FLOW
6314,5528,HAS_BLOCK
5528,5557,FLOW
5528,5946,FLOW
5528,5946,UNWIND
6314,5557,HAS_BLOCK
5557,5580,FLOW
5557,5671,FLOW
5557,4574,FLOW
6314,5580,HAS_BLOCK
5580,5695,FLOW
6314,5671,HAS_BLOCK
5671,6250,FLOW
5671,5946,FLOW
5671,5946,UNWIND
6314,5695,HAS_BLOCK
5695,5719,FLOW
5695,5742,FLOW
5695,4574,FLOW
6314,5719,HAS_BLOCK
5719,5758,FLOW
5719,5946,FLOW
5719,5946,UNWIND
6314,5742,HAS_BLOCK
5742,5839,FLOW
6314,5758,HAS_BLOCK
5758,5782,FLOW
5758,5946,FLOW
5758,5946,UNWIND
6314,5782,HAS_BLOCK
5782,5799,FLOW
5782,5821,FLOW
5782,4574,FLOW
6314,5799,HAS_BLOCK
5799,5839,FLOW
6314,5821,HAS_BLOCK
5821,2652,FLOW
5821,5946,FLOW
5821,5946,UNWIND
6314,5839,HAS_BLOCK
5839,5925,FLOW
6314,5858,HAS_BLOCK
5858,5907,FLOW
5858,6115,FLOW
5858,6115,UNWIND
6314,5907,HAS_BLOCK
5907,6017,FLOW
5907,5999,FLOW
5907,4574,FLOW
6314,5925,HAS_BLOCK
5925,6314,RETURN
6314,5946,HAS_BLOCK
5946,6115,FLOW
6314,5961,HAS_BLOCK
5961,5983,FLOW
6314,5983,HAS_BLOCK
6314,5999,HAS_BLOCK
5999,5925,FLOW
6314,6017,HAS_BLOCK
6017,5999,FLOW
6017,6034,FLOW
6314,6034,HAS_BLOCK
6034,5999,FLOW
6034,5961,FLOW
6034,5961,UNWIND
6314,6049,HAS_BLOCK
6049,5961,FLOW
6049,6068,FLOW
6314,6068,HAS_BLOCK
6068,5961,FLOW
6314,6115,HAS_BLOCK
6115,6049,FLOW
6115,5961,FLOW
6314,6134,HAS_BLOCK
6134,5907,FLOW
6314,6148,HAS_BLOCK
6148,5907,FLOW
6314,6163,HAS_BLOCK
6163,5907,FLOW
6314,6180,HAS_BLOCK
6180,5907,FLOW
6314,6194,HAS_BLOCK
6194,5907,FLOW
6314,6208,HAS_BLOCK
6208,5907,FLOW
6314,6223,HAS_BLOCK
6223,5907,FLOW
6314,6236,HAS_BLOCK
6236,5907,FLOW
6314,6250,HAS_BLOCK
6250,5858,FLOW
6314,2652,HAS_BLOCK
2652,5858,FLOW
416,448,HAS_PARAM
416,480,HAS_PARAM
416,320,HAS_BLOCK
320,384,FLOW
416,384,HAS_BLOCK
384,416,RETURN
2288,2320,HAS_PARAM
2288,2352,HAS_PARAM
2288,2089,HAS_BLOCK
2089,2229,FLOW
2089,2210,FLOW
2089,2185,FLOW
2089,2153,FLOW
2089,2121,FLOW
2288,2121,HAS_BLOCK
2121,2243,FLOW
2288,2153,HAS_BLOCK
2153,2243,FLOW
2288,2185,HAS_BLOCK
2185,2243,FLOW
2288,2210,HAS_BLOCK
2210,2243,FLOW
2288,2229,HAS_BLOCK
2229,2243,FLOW
2288,2243,HAS_BLOCK
2243,2288,RETURN
1993,2025,HAS_PARAM
1993,2057,HAS_PARAM
1993,1517,HAS_BLOCK
1517,1631,FLOW
1993,1581,HAS_BLOCK
1581,1645,FLOW
1993,1714,HAS_BLOCK
1714,1645,FLOW
1993,1749,HAS_BLOCK
1749,1614,FLOW
1993,1806,HAS_BLOCK
1806,1645,FLOW
1993,1831,HAS_BLOCK
1831,1600,FLOW
1993,1875,HAS_BLOCK
1875,1645,FLOW
1993,1900,HAS_BLOCK
1900,1952,FLOW
1993,1933,HAS_BLOCK
1933,1645,FLOW
1993,1952,HAS_BLOCK
1952,1581,FLOW
1952,1933,FLOW
1993,1600,HAS_BLOCK
1600,1900,FLOW
1600,1875,FLOW
1993,1614,HAS_BLOCK
1614,1831,FLOW
1614,1806,FLOW
1993,1631,HAS_BLOCK
1631,1749,FLOW
1631,1714,FLOW
1993,1645,HAS_BLOCK
1645,1993,RETURN
1421,1453,HAS_PARAM
1421,1485,HAS_PARAM
1421,512,HAS_BLOCK
512,1389,FLOW
512,816,FLOW
1421,544,HAS_BLOCK
544,1095,FLOW
1421,816,HAS_BLOCK
816,1003,FLOW
816,544,FLOW
1421,1003,HAS_BLOCK
1003,1151,FLOW
1003,544,FLOW
1421,1151,HAS_BLOCK
1151,1218,FLOW
1151,544,FLOW
1421,1218,HAS_BLOCK
1218,1270,FLOW
1218,544,FLOW
1421,1270,HAS_BLOCK
1270,1313,FLOW
1270,544,FLOW
1421,1313,HAS_BLOCK
1313,1352,FLOW
1313,544,FLOW
1421,1352,HAS_BLOCK
1352,1082,FLOW
1352,544,FLOW
1421,1389,HAS_BLOCK
1389,622,FLOW
1389,572,FLOW
1421,572,HAS_BLOCK
572,597,FLOW
572,544,FLOW
1421,597,HAS_BLOCK
597,1069,FLOW
597,544,FLOW
1421,622,HAS_BLOCK
622,929,FLOW
622,646,FLOW
1421,646,HAS_BLOCK
646,670,FLOW
646,544,FLOW
1421,670,HAS_BLOCK
670,694,FLOW
670,544,FLOW
1421,694,HAS_BLOCK
694,718,FLOW
694,544,FLOW
1421,718,HAS_BLOCK
718,742,FLOW
718,544,FLOW
1421,742,HAS_BLOCK
742,764,FLOW
742,544,FLOW
1421,764,HAS_BLOCK
764,784,FLOW
764,544,FLOW
1421,784,HAS_BLOCK
784,836,FLOW
784,544,FLOW
1421,836,HAS_BLOCK
836,856,FLOW
836,544,FLOW
1421,856,HAS_BLOCK
856,872,FLOW
856,544,FLOW
1421,872,HAS_BLOCK
872,887,FLOW
872,544,FLOW
1421,887,HAS_BLOCK
887,901,FLOW
887,544,FLOW
1421,901,HAS_BLOCK
901,915,FLOW
901,544,FLOW
1421,915,HAS_BLOCK
915,1056,FLOW
915,544,FLOW
1421,929,HAS_BLOCK
929,544,FLOW
929,943,FLOW
1421,943,HAS_BLOCK
943,957,FLOW
943,544,FLOW
1421,957,HAS_BLOCK
957,971,FLOW
957,544,FLOW
1421,971,HAS_BLOCK
971,1017,FLOW
971,544,FLOW
1421,1017,HAS_BLOCK
1017,1030,FLOW
1017,544,FLOW
1421,1030,HAS_BLOCK
1030,1043,FLOW
1030,544,FLOW
1421,1043,HAS_BLOCK
1043,1095,FLOW
1421,1056,HAS_BLOCK
1056,1095,FLOW
1421,1069,HAS_BLOCK
1069,1095,FLOW
1421,1082,HAS_BLOCK
1082,1095,FLOW
1421,1095,HAS_BLOCK
1095,1421,RETURN
256,288,HAS_PARAM
256,160,HAS_BLOCK
160,224,FLOW
256,224,HAS_BLOCK
224,256,RETURN
2480,2512,HAS_PARAM
2480,2544,HAS_PARAM
2480,2384,HAS_BLOCK
2384,2448,FLOW
2480,2448,HAS_BLOCK
2448,2480,RETURN
7892,7924,HAS_PARAM
7892,7956,HAS_PARAM
7892,6410,HAS_BLOCK
6410,6474,FLOW
6410,7293,FLOW
6410,7293,UNWIND
7892,6474,HAS_BLOCK
6474,6923,FLOW
6474,7293,FLOW
6474,7293,UNWIND
7892,6923,HAS_BLOCK
6923,7444,FLOW
6923,7572,FLOW
6923,7242,FLOW
7892,7242,HAS_BLOCK
7892,7444,HAS_BLOCK
7444,7669,FLOW
7444,7746,FLOW
7444,7242,FLOW
7892,7572,HAS_BLOCK
7572,7330,FLOW
7572,7293,FLOW
7572,7293,UNWIND
7892,7669,HAS_BLOCK
7669,7803,FLOW
7669,7293,FLOW
7669,7293,UNWIND
7892,7746,HAS_BLOCK
7746,7835,FLOW
7746,7293,FLOW
7746,7293,UNWIND
7892,7803,HAS_BLOCK
7803,7256,FLOW
7892,7835,HAS_BLOCK
7835,6506,FLOW
7835,7293,FLOW
7835,7293,UNWIND
7892,6506,HAS_BLOCK
6506,6538,FLOW
6506,6570,FLOW
6506,7242,FLOW
7892,6538,HAS_BLOCK
6538,6627,FLOW
6538,6677,FLOW
6538,7242,FLOW
7892,6570,HAS_BLOCK
6570,7353,FLOW
6570,7293,FLOW
6570,7293,UNWIND
7892,6627,HAS_BLOCK
6627,6720,FLOW
6627,7293,FLOW
6627,7293,UNWIND
7892,6677,HAS_BLOCK
6677,6746,FLOW
6677,7293,FLOW
6677,7293,UNWIND
7892,6720,HAS_BLOCK
6720,7256,FLOW
7892,6746,HAS_BLOCK
6746,6789,FLOW
6746,7293,FLOW
6746,7293,UNWIND
7892,6789,HAS_BLOCK
6789,6814,FLOW
6789,6840,FLOW
6789,7242,FLOW
7892,6814,HAS_BLOCK
6814,6948,FLOW
6814,6992,FLOW
6814,7242,FLOW
7892,6840,HAS_BLOCK
6840,7369,FLOW
6840,7293,FLOW
6840,7293,UNWIND
7892,6948,HAS_BLOCK
6948,7025,FLOW
6948,7293,FLOW
6948,7293,UNWIND
7892,6992,HAS_BLOCK
6992,7046,FLOW
6992,7293,FLOW
6992,7293,UNWIND
7892,7025,HAS_BLOCK
7025,7256,FLOW
7892,7046,HAS_BLOCK
7046,7078,FLOW
7046,7293,FLOW
7046,7293,UNWIND
7892,7078,HAS_BLOCK
7078,7097,FLOW
7078,7117,FLOW
7078,7242,FLOW
7892,7097,HAS_BLOCK
7097,7150,FLOW
7097,7182,FLOW
7097,7242,FLOW
7892,7117,HAS_BLOCK
7117,7383,FLOW
7117,7293,FLOW
7117,7293,UNWIND
7892,7150,HAS_BLOCK
7150,7210,FLOW
7150,7293,FLOW
7150,7293,UNWIND
7892,7182,HAS_BLOCK
7182,7278,FLOW
7892,7210,HAS_BLOCK
7210,7256,FLOW
7892,7256,HAS_BLOCK
7256,7278,FLOW
7892,7278,HAS_BLOCK
7278,7892,RETURN
7892,7293,HAS_BLOCK
7293,7308,FLOW
7892,7308,HAS_BLOCK
7892,7330,HAS_BLOCK
7330,7256,FLOW
7892,7353,HAS_BLOCK
7353,7256,FLOW
7892,7369,HAS_BLOCK
7369,7256,FLOW
7892,7383,HAS_BLOCK
7383,7256,FLOW
6314,6346,HAS_PARAM
6314,6378,HAS_PARAM
6314,2576,HAS_BLOCK
2576,2608,FLOW
6314,2608,HAS_BLOCK
2608,3575,FLOW
2608,5858,FLOW
2608,5858,UNWIND
6314,3575,HAS_BLOCK
3575,4108,FLOW
3575,5858,FLOW
3575,5858,UNWIND
6314,4108,HAS_BLOCK
4108,4979,FLOW
4108,5327,FLOW
4108,4574,FLOW
6314,4574,HAS_BLOCK
6314,4979,HAS_BLOCK
4979,5893,FLOW
4979,5652,FLOW
4979,4574,FLOW
6314,5327,HAS_BLOCK
5327,5925,FLOW
5327,5858,FLOW
5327,5858,UNWIND
6314,5652,HAS_BLOCK
5652,4938,FLOW
5652,5004,FLOW
5652,4574,FLOW
6314,5893,HAS_BLOCK
5893,3090,FLOW
5893,2972,FLOW
5893,2814,FLOW
5893,2640,FLOW
5893,6102,FLOW
5893,4574,FLOW
6314,6102,HAS_BLOCK
6102,4837,FLOW
6102,5858,FLOW
6102,5858,UNWIND
6314,2640,HAS_BLOCK
2640,4489,FLOW
2640,5858,FLOW
2640,5858,UNWIND
6314,2814,HAS_BLOCK
2814,4140,FLOW
2814,5858,FLOW
2814,5858,UNWIND
6314,2972,HAS_BLOCK
2972,3697,FLOW
2972,5858,FLOW
2972,5858,UNWIND
6314,3090,HAS_BLOCK
3090,3172,FLOW
3090,5858,FLOW
3090,5858,UNWIND
6314,3172,HAS_BLOCK
3172,3384,FLOW
3172,3245,FLOW
6314,3245,HAS_BLOCK
3245,3318,FLOW
3245,5858,FLOW
3245,5858,UNWIND
6314,3318,HAS_BLOCK
3318,5821,FLOW
6314,3384,HAS_BLOCK
3384,3438,FLOW
3384,5858,FLOW
3384,5858,UNWIND
6314,3438,HAS_BLOCK
3438,3494,FLOW
3438,5858,FLOW
3438,5858,UNWIND
6314,3494,HAS_BLOCK
3494,3607,FLOW
3494,3647,FLOW
3494,4574,FLOW
6314,3607,HAS_BLOCK
3607,2608,FLOW
6314,3647,HAS_BLOCK
3647,5946,FLOW
3647,5858,FLOW
3647,5858,UNWIND
6314,3697,HAS_BLOCK
3697,3847,FLOW
3697,3743,FLOW
6314,3743,HAS_BLOCK
3743,3791,FLOW
3743,5858,FLOW
3743,5858,UNWIND
6314,3791,HAS_BLOCK
3791,5821,FLOW
6314,3847,HAS_BLOCK
3847,3892,FLOW
3847,5858,FLOW
3847,5858,UNWIND
6314,3892,HAS_BLOCK
3892,3940,FLOW
3892,5858,FLOW
3892,5858,UNWIND
6314,3940,HAS_BLOCK
3940,3989,FLOW
3940,4034,FLOW
3940,4574,FLOW
6314,3989,HAS_BLOCK
3989,2608,FLOW
6314,4034,HAS_BLOCK
4034,5961,FLOW
4034,5858,FLOW
4034,5858,UNWIND
6314,4140,HAS_BLOCK
4140,4274,FLOW
4140,4189,FLOW
6314,4189,HAS_BLOCK
4189,4230,FLOW
4189,5858,FLOW
4189,5858,UNWIND
6314,4230,HAS_BLOCK
4230,5821,FLOW
6314,4274,HAS_BLOCK
4274,4322,FLOW
4274,5858,FLOW
4274,5858,UNWIND
6314,4322,HAS_BLOCK
4322,4362,FLOW
4322,5858,FLOW
4322,5858,UNWIND
6314,4362,HAS_BLOCK
4362,4405,FLOW
4362,4449,FLOW
4362,4574,FLOW
6314,4405,HAS_BLOCK
4405,2608,FLOW
6314,4449,HAS_BLOCK
4449,5983,FLOW
4449,5858,FLOW
4449,5858,UNWIND
6314,4489,HAS_BLOCK
4489,4648,FLOW
4489,4531,FLOW
6314,4531,HAS_BLOCK
4531,4603,FLOW
4531,5858,FLOW
4531,5858,UNWIND
6314,4603,HAS_BLOCK
4603,5821,FLOW
6314,4648,HAS_BLOCK
4648,4684,FLOW
4648,5858,FLOW
4648,5858,UNWIND
6314,4684,HAS_BLOCK
4684,4728,FLOW
4684,5858,FLOW
4684,5858,UNWIND
6314,4728,HAS_BLOCK
4728,4768,FLOW
4728,4799,FLOW
4728,4574,FLOW
6314,4768,HAS_BLOCK
4768,2608,FLOW
6314,4799,HAS_BLOCK
4799,5999,FLOW
4799,5858,FLOW
4799,5858,UNWIND
6314,4837,HAS_BLOCK
4837,4870,FLOW
4837,5858,FLOW
4837,5858,UNWIND
6314,4870,HAS_BLOCK
4870,2608,FLOW
4870,4905,FLOW
4870,4574,FLOW
6314,4905,HAS_BLOCK
4905,6017,FLOW
4905,5858,FLOW
4905,5858,UNWIND
6314,4938,HAS_BLOCK
4938,5035,FLOW
4938,5858,FLOW
4938,5858,UNWIND
6314,5004,HAS_BLOCK
5004,5167,FLOW
6314,5035,HAS_BLOCK
5035,5066,FLOW
5035,5858,FLOW
5035,5858,UNWIND
6314,5066,HAS_BLOCK
5066,5103,FLOW
5066,5134,FLOW
5066,4574,FLOW
6314,5103,HAS_BLOCK
5103,5167,FLOW
6314,5134,HAS_BLOCK
5134,6034,FLOW
5134,5858,FLOW
5134,5858,UNWIND
6314,5167,HAS_BLOCK
5167,5192,FLOW
5167,5227,FLOW
5167,4574,FLOW
6314,5192,HAS_BLOCK
5192,5255,FLOW
5192,5858,FLOW
5192,5858,UNWIND
6314,5227,HAS_BLOCK
5227,5404,FLOW
6314,5255,HAS_BLOCK
5255,5284,FLOW
5255,5858,FLOW
5255,5858,UNWIND
6314,5284,HAS_BLOCK
5284,5348,FLOW
5284,5376,FLOW
5284,4574,FLOW
6314,5348,HAS_BLOCK
5348,5404,FLOW
6314,5376,HAS_BLOCK
5376,6049,FLOW
5376,5858,FLOW
5376,5858,UNWIND
6314,5404,HAS_BLOCK
5404,5431,FLOW
5404,5456,FLOW
5404,4574,FLOW
6314,5431,HAS_BLOCK
5431,5480,FLOW
5431,5858,FLOW
5431,5858,UNWIND
6314,5456,HAS_BLOCK
5456,5580,FLOW
6314,5480,HAS_BLOCK
5480,5507,FLOW
5480,5858,FLOW
5480,5858,UNWIND
6314,5507,HAS_BLOCK
5507,5528,FLOW
5507,5557,FLOW
5507,4574,FLOW
6314,5528,HAS_BLOCK
5528,5580,FLOW
6314,5557,HAS_BLOCK
5557,6068,FLOW
5557,5858,FLOW
5557,5858,UNWIND
6314,5580,HAS_BLOCK
5580,5671,FLOW
5580,5695,FLOW
5580,4574,FLOW
6314,5671,HAS_BLOCK
5671,5719,FLOW
5671,5858,FLOW
5671,5858,UNWIND
6314,5695,HAS_BLOCK
5695,5799,FLOW
6314,5719,HAS_BLOCK
5719,5742,FLOW
5719,5858,FLOW
5719,5858,UNWIND
6314,5742,HAS_BLOCK
5742,5758,FLOW
5742,5782,FLOW
5742,4574,FLOW
6314,5758,HAS_BLOCK
5758,5799,FLOW
6314,5782,HAS_BLOCK
5782,6115,FLOW
5782,5858,FLOW
5782,5858,UNWIND
6314,5799,HAS_BLOCK
5799,5839,FLOW
6314,5821,HAS_BLOCK
5821,5839,FLOW
6314,5839,HAS_BLOCK
5839,6314,RETURN
6314,5858,HAS_BLOCK
5858,5907,FLOW
6314,5907,HAS_BLOCK
6314,5925,HAS_BLOCK
5925,5821,FLOW
6314,5946,HAS_BLOCK
5946,5821,FLOW
6314,5961,HAS_BLOCK
5961,5821,FLOW
6314,5983,HAS_BLOCK
5983,5821,FLOW
6314,5999,HAS_BLOCK
5999,5821,FLOW
6314,6017,HAS_BLOCK
6017,5821,FLOW
6314,6034,HAS_BLOCK
6034,5821,FLOW
6314,6049,HAS_BLOCK
6049,5821,FLOW
6314,6068,HAS_BLOCK
6068,5821,FLOW
6314,6115,HAS_BLOCK
6115,5821,FLOW
416,448,HAS_PARAM
416,480,HAS_PARAM
416,320,HAS_BLOCK
320,384,FLOW
416,384,HAS_BLOCK
384,416,RETURN
2288,2320,HAS_PARAM
2288,2352,HAS_PARAM
2288,2089,HAS_BLOCK
2089,2243,FLOW
2089,2229,FLOW
2089,2210,FLOW
2089,2185,FLOW
2089,2153,FLOW
2089,2121,FLOW
2288,2121,HAS_BLOCK
2121,2252,FLOW
2288,2153,HAS_BLOCK
2153,2252,FLOW
2288,2185,HAS_BLOCK
2185,2252,FLOW
2288,2210,HAS_BLOCK
2210,2252,FLOW
2288,2229,HAS_BLOCK
2229,2252,FLOW
2288,2243,HAS_BLOCK
2243,2252,FLOW
2288,2252,HAS_BLOCK
2252,2288,RETURN
1993,2025,HAS_PARAM
1993,2057,HAS_PARAM
1993,1517,HAS_BLOCK
1517,1664,FLOW
1993,1581,HAS_BLOCK
1581,1673,FLOW
1993,1714,HAS_BLOCK
1714,1673,FLOW
1993,1749,HAS_BLOCK
1749,1655,FLOW
1993,1806,HAS_BLOCK
1806,1673,FLOW
1993,1831,HAS_BLOCK
1831,1645,FLOW
1993,1875,HAS_BLOCK
1875,1673,FLOW
1993,1900,HAS_BLOCK
1900,1631,FLOW
1993,1933,HAS_BLOCK
1933,1673,FLOW
1993,1952,HAS_BLOCK
1952,1614,FLOW
1993,1600,HAS_BLOCK
1600,1673,FLOW
1993,1614,HAS_BLOCK
1614,1581,FLOW
1614,1600,FLOW
1993,1631,HAS_BLOCK
1631,1952,FLOW
1631,1933,FLOW
1993,1645,HAS_BLOCK
1645,1900,FLOW
1645,1875,FLOW
1993,1655,HAS_BLOCK
1655,1831,FLOW
1655,1806,FLOW
1993,1664,HAS_BLOCK
1664,1749,FLOW
1664,1714,FLOW
1993,1673,HAS_BLOCK
1673,1993,RETURN
1421,1453,HAS_PARAM
1421,1485,HAS_PARAM
1421,512,HAS_BLOCK
512,1352,FLOW
512,816,FLOW
1421,544,HAS_BLOCK
544,1166,FLOW
1421,816,HAS_BLOCK
816,1003,FLOW
816,544,FLOW
1421,1003,HAS_BLOCK
1003,1151,FLOW
1003,544,FLOW
1421,1151,HAS_BLOCK
1151,1218,FLOW
1151,544,FLOW
1421,1218,HAS_BLOCK
1218,1270,FLOW
1218,544,FLOW
1421,1270,HAS_BLOCK
1270,1313,FLOW
1270,544,FLOW
1421,1313,HAS_BLOCK
1313,1161,FLOW
1313,544,FLOW
1421,1352,HAS_BLOCK
1352,764,FLOW
1352,1389,FLOW
1421,1389,HAS_BLOCK
1389,572,FLOW
1389,544,FLOW
1421,572,HAS_BLOCK
572,597,FLOW
572,544,FLOW
1421,597,HAS_BLOCK
597,622,FLOW
597,544,FLOW
1421,622,HAS_BLOCK
622,646,FLOW
622,544,FLOW
1421,646,HAS_BLOCK
646,670,FLOW
646,544,FLOW
1421,670,HAS_BLOCK
670,694,FLOW
670,544,FLOW
1421,694,HAS_BLOCK
694,718,FLOW
694,544,FLOW
1421,718,HAS_BLOCK
718,742,FLOW
718,544,FLOW
1421,742,HAS_BLOCK
742,1156,FLOW
742,544,FLOW
1421,764,HAS_BLOCK
764,943,FLOW
764,784,FLOW
1421,784,HAS_BLOCK
784,836,FLOW
784,544,FLOW
1421,836,HAS_BLOCK
836,856,FLOW
836,544,FLOW
1421,856,HAS_BLOCK
856,872,FLOW
856,544,FLOW
1421,872,HAS_BLOCK
872,887,FLOW
872,544,FLOW
1421,887,HAS_BLOCK
887,901,FLOW
887,544,FLOW
1421,901,HAS_BLOCK
901,915,FLOW
901,544,FLOW
1421,915,HAS_BLOCK
915,929,FLOW
915,544,FLOW
1421,929,HAS_BLOCK
929,1119,FLOW
929,544,FLOW
1421,943,HAS_BLOCK
943,544,FLOW
943,957,FLOW
1421,957,HAS_BLOCK
957,971,FLOW
957,1056,FLOW
957,544,FLOW
1421,971,HAS_BLOCK
971,1017,FLOW
971,544,FLOW
1421,1017,HAS_BLOCK
1017,1030,FLOW
1017,544,FLOW
1421,1030,HAS_BLOCK
1030,1043,FLOW
1030,544,FLOW
1421,1043,HAS_BLOCK
1043,1111,FLOW
1043,544,FLOW
1421,1056,HAS_BLOCK
1056,1069,FLOW
1056,544,FLOW
1421,1069,HAS_BLOCK
1069,1082,FLOW
1069,544,FLOW
1421,1082,HAS_BLOCK
1082,1095,FLOW
1082,544,FLOW
1421,1095,HAS_BLOCK
1095,1103,FLOW
1095,544,FLOW
1421,1103,HAS_BLOCK
1103,1166,FLOW
1421,1111,HAS_BLOCK
1111,1166,FLOW
1421,1119,HAS_BLOCK
1119,1166,FLOW
1421,1156,HAS_BLOCK
1156,1166,FLOW
1421,1161,HAS_BLOCK
1161,1166,FLOW
1421,1166,HAS_BLOCK
1166,1421,RETURN
256,288,HAS_PARAM
256,160,HAS_BLOCK
160,224,FLOW
256,224,HAS_BLOCK
224,256,RETURN
2480,2512,HAS_PARAM
2480,2544,HAS_PARAM
2480,2384,HAS_BLOCK
2384,2448,FLOW
2480,2448,HAS_BLOCK
2448,2480,RETURN
7892,7924,HAS_PARAM
7892,7956,HAS_PARAM
7892,6410,HAS_BLOCK
6410,6474,FLOW
6410,7487,FLOW
6410,7487,UNWIND
7892,6474,HAS_BLOCK
6474,6923,FLOW
6474,7487,FLOW
6474,7487,UNWIND
7892,6923,HAS_BLOCK
6923,7444,FLOW
6923,7572,FLOW
6923,7242,FLOW
7892,7242,HAS_BLOCK
7892,7444,HAS_BLOCK
7444,7669,FLOW
7444,7746,FLOW
7444,7242,FLOW
7892,7572,HAS_BLOCK
7572,7506,FLOW
7572,7487,FLOW
7572,7487,UNWIND
7892,7669,HAS_BLOCK
7669,7803,FLOW
7669,7487,FLOW
7669,7487,UNWIND
7892,7746,HAS_BLOCK
7746,7835,FLOW
7746,7487,FLOW
7746,7487,UNWIND
7892,7803,HAS_BLOCK
7803,7411,FLOW
7892,7835,HAS_BLOCK
7835,6506,FLOW
7835,7487,FLOW
7835,7487,UNWIND
7892,6506,HAS_BLOCK
6506,6538,FLOW
6506,6570,FLOW
6506,7242,FLOW
7892,6538,HAS_BLOCK
6538,6627,FLOW
6538,6677,FLOW
6538,7242,FLOW
7892,6570,HAS_BLOCK
6570,7515,FLOW
6570,7487,FLOW
6570,7487,UNWIND
7892,6627,HAS_BLOCK
6627,6720,FLOW
6627,7487,FLOW
6627,7487,UNWIND
7892,6677,HAS_BLOCK
6677,6746,FLOW
6677,7487,FLOW
6677,7487,UNWIND
7892,6720,HAS_BLOCK
6720,7411,FLOW
7892,6746,HAS_BLOCK
6746,6789,FLOW
6746,7487,FLOW
6746,7487,UNWIND
7892,6789,HAS_BLOCK
6789,6814,FLOW
6789,6840,FLOW
6789,7242,FLOW
7892,6814,HAS_BLOCK
6814,6948,FLOW
6814,6992,FLOW
6814,7242,FLOW
7892,6840,HAS_BLOCK
6840,7524,FLOW
6840,7487,FLOW
6840,7487,UNWIND
7892,6948,HAS_BLOCK
6948,7025,FLOW
6948,7487,FLOW
6948,7487,UNWIND
7892,6992,HAS_BLOCK
6992,7046,FLOW
6992,7477,FLOW
6992,7477,UNWIND
7892,7025,HAS_BLOCK
7025,7411,FLOW
7892,7046,HAS_BLOCK
7046,7078,FLOW
7046,7477,FLOW
7046,7477,UNWIND
7892,7078,HAS_BLOCK
7078,7097,FLOW
7078,7117,FLOW
7078,7242,FLOW
7892,7097,HAS_BLOCK
7097,7150,FLOW
7097,7182,FLOW
7097,7242,FLOW
7892,7117,HAS_BLOCK
7117,7531,FLOW
7117,7477,FLOW
7117,7477,UNWIND
7892,7150,HAS_BLOCK
7150,7210,FLOW
7150,7477,FLOW
7150,7477,UNWIND
7892,7182,HAS_BLOCK
7182,7256,FLOW
7182,7466,FLOW
7182,7466,UNWIND
7892,7210,HAS_BLOCK
7210,7399,FLOW
7892,7256,HAS_BLOCK
7256,7278,FLOW
7256,7466,FLOW
7256,7466,UNWIND
7892,7278,HAS_BLOCK
7278,7293,FLOW
7278,7308,FLOW
7278,7242,FLOW
7892,7293,HAS_BLOCK
7293,7330,FLOW
7293,7353,FLOW
7293,7242,FLOW
7892,7308,HAS_BLOCK
7308,7539,FLOW
7308,7466,FLOW
7308,7466,UNWIND
7892,7330,HAS_BLOCK
7330,7369,FLOW
7330,7466,FLOW
7330,7466,UNWIND
7892,7353,HAS_BLOCK
7353,7454,FLOW
7892,7369,HAS_BLOCK
7369,7383,FLOW
7892,7383,HAS_BLOCK
7383,7399,FLOW
7383,7477,FLOW
7383,7477,UNWIND
7892,7399,HAS_BLOCK
7399,7411,FLOW
7399,7487,FLOW
7399,7487,UNWIND
7892,7411,HAS_BLOCK
7411,7454,FLOW
7892,7454,HAS_BLOCK
7454,7892,RETURN
7892,7466,HAS_BLOCK
7466,7477,FLOW
7892,7477,HAS_BLOCK
7477,7487,FLOW
7892,7487,HAS_BLOCK
7487,7496,FLOW
7892,7496,HAS_BLOCK
7892,7506,HAS_BLOCK
7506,7411,FLOW
7892,7515,HAS_BLOCK
7515,7411,FLOW
7892,7524,HAS_BLOCK
7524,7411,FLOW
7892,7531,HAS_BLOCK
7531,7399,FLOW
7892,7539,HAS_BLOCK
7539,7383,FLOW
6314,6346,HAS_PARAM
6314,6378,HAS_PARAM
6314,2576,HAS_BLOCK
2576,2608,FLOW
6314,2608,HAS_BLOCK
2608,3575,FLOW
2608,2868,FLOW
2608,2868,UNWIND
6314,3575,HAS_BLOCK
3575,4108,FLOW
3575,2868,FLOW
3575,2868,UNWIND
6314,4108,HAS_BLOCK
4108,4979,FLOW
4108,5327,FLOW
4108,4574,FLOW
6314,4574,HAS_BLOCK
6314,4979,HAS_BLOCK
4979,5893,FLOW
4979,5652,FLOW
4979,4574,FLOW
6314,5327,HAS_BLOCK
5327,2900,FLOW
5327,2868,FLOW
5327,2868,UNWIND
6314,5652,HAS_BLOCK
5652,5404,FLOW
5652,5431,FLOW
5652,4574,FLOW
6314,5893,HAS_BLOCK
5893,3172,FLOW
5893,3090,FLOW
5893,2972,FLOW
5893,2814,FLOW
5893,2640,FLOW
5893,6102,FLOW
5893,4574,FLOW
6314,6102,HAS_BLOCK
6102,5284,FLOW
6102,2868,FLOW
6102,2868,UNWIND
6314,2640,HAS_BLOCK
2640,5035,FLOW
2640,2868,FLOW
2640,2868,UNWIND
6314,2814,HAS_BLOCK
2814,4648,FLOW
2814,2868,FLOW
2814,2868,UNWIND
6314,2972,HAS_BLOCK
2972,4189,FLOW
2972,2868,FLOW
2972,2868,UNWIND
6314,3090,HAS_BLOCK
3090,3743,FLOW
3090,2868,FLOW
3090,2868,UNWIND
6314,3172,HAS_BLOCK
3172,3245,FLOW
3172,2868,FLOW
3172,2868,UNWIND
6314,3245,HAS_BLOCK
3245,3438,FLOW
3245,3318,FLOW
6314,3318,HAS_BLOCK
3318,3384,FLOW
3318,2868,FLOW
3318,2868,UNWIND
6314,3384,HAS_BLOCK
3384,6250,FLOW
6314,3438,HAS_BLOCK
3438,3494,FLOW
3438,2868,FLOW
3438,2868,UNWIND
6314,3494,HAS_BLOCK
3494,3607,FLOW
3494,2868,FLOW
3494,2868,UNWIND
6314,3607,HAS_BLOCK
3607,3647,FLOW
3607,3697,FLOW
3607,4574,FLOW
6314,3647,HAS_BLOCK
3647,2608,FLOW
6314,3697,HAS_BLOCK
3697,2908,FLOW
3697,2868,FLOW
3697,2868,UNWIND
6314,3743,HAS_BLOCK
3743,3892,FLOW
3743,3791,FLOW
6314,3791,HAS_BLOCK
3791,3847,FLOW
3791,2868,FLOW
3791,2868,UNWIND
6314,3847,HAS_BLOCK
3847,6250,FLOW
6314,3892,HAS_BLOCK
3892,3940,FLOW
3892,2868,FLOW
3892,2868,UNWIND
6314,3940,HAS_BLOCK
3940,3989,FLOW
3940,2868,FLOW
3940,2868,UNWIND
6314,3989,HAS_BLOCK
3989,4034,FLOW
3989,4140,FLOW
3989,4574,FLOW
6314,4034,HAS_BLOCK
4034,2608,FLOW
6314,4140,HAS_BLOCK
4140,2914,FLOW
4140,2868,FLOW
4140,2868,UNWIND
6314,4189,HAS_BLOCK
4189,4322,FLOW
4189,4230,FLOW
6314,4230,HAS_BLOCK
4230,4274,FLOW
4230,2868,FLOW
4230,2868,UNWIND
6314,4274,HAS_BLOCK
4274,6250,FLOW
6314,4322,HAS_BLOCK
4322,4362,FLOW
4322,2868,FLOW
4322,2868,UNWIND
6314,4362,HAS_BLOCK
4362,4405,FLOW
4362,2868,FLOW
4362,2868,UNWIND
6314,4405,HAS_BLOCK
4405,4449,FLOW
4405,4489,FLOW
4405,4574,FLOW
6314,4449,HAS_BLOCK
4449,4531,FLOW
4449,4603,FLOW
4449,4603,UNWIND
6314,4489,HAS_BLOCK
4489,2978,FLOW
4489,2868,FLOW
4489,2868,UNWIND
6314,4531,HAS_BLOCK
4531,2608,FLOW
6314,4603,HAS_BLOCK
4603,2868,FLOW
6314,4648,HAS_BLOCK
4648,4768,FLOW
4648,4684,FLOW
6314,4684,HAS_BLOCK
4684,4728,FLOW
4684,2868,FLOW
4684,2868,UNWIND
6314,4728,HAS_BLOCK
4728,6250,FLOW
6314,4768,HAS_BLOCK
4768,4799,FLOW
4768,2868,FLOW
4768,2868,UNWIND
6314,4799,HAS_BLOCK
4799,4837,FLOW
4799,2868,FLOW
4799,2868,UNWIND
6314,4837,HAS_BLOCK
4837,4870,FLOW
4837,4905,FLOW
4837,4574,FLOW
6314,4870,HAS_BLOCK
4870,4938,FLOW
4870,5004,FLOW
4870,5004,UNWIND
6314,4905,HAS_BLOCK
4905,2984,FLOW
4905,2868,FLOW
4905,2868,UNWIND
6314,4938,HAS_BLOCK
4938,2608,FLOW
6314,5004,HAS_BLOCK
5004,2868,FLOW
6314,5035,HAS_BLOCK
5035,5134,FLOW
5035,5066,FLOW
6314,5066,HAS_BLOCK
5066,5103,FLOW
5066,2868,FLOW
5066,2868,UNWIND
6314,5103,HAS_BLOCK
5103,6250,FLOW
6314,5134,HAS_BLOCK
5134,5167,FLOW
5134,2868,FLOW
5134,2868,UNWIND
6314,5167,HAS_BLOCK
5167,5192,FLOW
5167,2868,FLOW
5167,2868,UNWIND
6314,5192,HAS_BLOCK
5192,5227,FLOW
5192,5255,FLOW
5192,4574,FLOW
6314,5227,HAS_BLOCK
5227,2608,FLOW
6314,5255,HAS_BLOCK
5255,2991,FLOW
5255,2868,FLOW
5255,2868,UNWIND
6314,5284,HAS_BLOCK
5284,5348,FLOW
5284,2868,FLOW
5284,2868,UNWIND
6314,5348,HAS_BLOCK
5348,2608,FLOW
5348,5376,FLOW
5348,4574,FLOW
6314,5376,HAS_BLOCK
5376,2997,FLOW
5376,2868,FLOW
5376,2868,UNWIND
6314,5404,HAS_BLOCK
5404,5456,FLOW
5404,2868,FLOW
5404,2868,UNWIND
6314,5431,HAS_BLOCK
5431,5557,FLOW
6314,5456,HAS_BLOCK
5456,5480,FLOW
5456,2868,FLOW
5456,2868,UNWIND
6314,5480,HAS_BLOCK
5480,5507,FLOW
5480,5528,FLOW
5480,4574,FLOW
6314,5507,HAS_BLOCK
5507,5557,FLOW
6314,5528,HAS_BLOCK
5528,3003,FLOW
5528,2868,FLOW
5528,2868,UNWIND
6314,5557,HAS_BLOCK
5557,5580,FLOW
5557,5671,FLOW
5557,4574,FLOW
6314,5580,HAS_BLOCK
5580,5695,FLOW
5580,2868,FLOW
5580,2868,UNWIND
6314,5671,HAS_BLOCK
5671,5782,FLOW
6314,5695,HAS_BLOCK
5695,5719,FLOW
5695,2868,FLOW
5695,2868,UNWIND
6314,5719,HAS_BLOCK
5719,5742,FLOW
5719,5758,FLOW
5719,4574,FLOW
6314,5742,HAS_BLOCK
5742,5782,FLOW
6314,5758,HAS_BLOCK
5758,3010,FLOW
5758,2868,FLOW
5758,2868,UNWIND
6314,5782,HAS_BLOCK
5782,5799,FLOW
5782,5821,FLOW
5782,4574,FLOW
6314,5799,HAS_BLOCK
5799,5839,FLOW
5799,2868,FLOW
5799,2868,UNWIND
6314,5821,HAS_BLOCK
5821,5946,FLOW
6314,5839,HAS_BLOCK
5839,5858,FLOW
5839,2868,FLOW
5839,2868,UNWIND
6314,5858,HAS_BLOCK
5858,5907,FLOW
5858,5925,FLOW
5858,4574,FLOW
6314,5907,HAS_BLOCK
5907,5946,FLOW
6314,5925,HAS_BLOCK
5925,3016,FLOW
5925,2868,FLOW
5925,2868,UNWIND
6314,5946,HAS_BLOCK
5946,5961,FLOW
5946,5983,FLOW
5946,4574,FLOW
6314,5961,HAS_BLOCK
5961,5999,FLOW
5961,2674,FLOW
5961,2674,UNWIND
6314,5983,HAS_BLOCK
5983,6068,FLOW
6314,5999,HAS_BLOCK
5999,6017,FLOW
5999,2674,FLOW
5999,2674,UNWIND
6314,6017,HAS_BLOCK
6017,6034,FLOW
6017,6049,FLOW
6017,4574,FLOW
6314,6034,HAS_BLOCK
6034,6068,FLOW
6314,6049,HAS_BLOCK
6049,3023,FLOW
6049,2674,FLOW
6049,2674,UNWIND
6314,6068,HAS_BLOCK
6068,6115,FLOW
6068,6134,FLOW
6068,4574,FLOW
6314,6115,HAS_BLOCK
6115,6148,FLOW
6115,2663,FLOW
6115,2663,UNWIND
6314,6134,HAS_BLOCK
6134,6223,FLOW
6314,6148,HAS_BLOCK
6148,6163,FLOW
6148,2663,FLOW
6148,2663,UNWIND
6314,6163,HAS_BLOCK
6163,6180,FLOW
6163,6194,FLOW
6163,4574,FLOW
6314,6180,HAS_BLOCK
6180,6223,FLOW
6314,6194,HAS_BLOCK
6194,6208,FLOW
6194,2663,FLOW
6194,2663,UNWIND
6314,6208,HAS_BLOCK
6208,6236,FLOW
6208,2674,FLOW
6208,2674,UNWIND
6314,6223,HAS_BLOCK
6223,2652,FLOW
6314,6236,HAS_BLOCK
6236,6250,FLOW
6236,2868,FLOW
6236,2868,UNWIND
6314,6250,HAS_BLOCK
6250,2728,FLOW
6250,2718,FLOW
6250,4574,FLOW
6314,2652,HAS_BLOCK
2652,6314,RETURN
6314,2663,HAS_BLOCK
2663,2674,FLOW
6314,2674,HAS_BLOCK
2674,2868,FLOW
6314,2684,HAS_BLOCK
2684,2879,FLOW
2684,2696,FLOW
6314,2696,HAS_BLOCK
2696,2706,FLOW
6314,2706,HAS_BLOCK
6314,2718,HAS_BLOCK
2718,2824,FLOW
2718,2750,FLOW
2718,4574,FLOW
6314,2728,HAS_BLOCK
2728,2718,FLOW
2728,2739,FLOW
6314,2739,HAS_BLOCK
2739,2718,FLOW
2739,2684,FLOW
2739,2684,UNWIND
6314,2750,HAS_BLOCK
2750,2652,FLOW
6314,2824,HAS_BLOCK
2824,2750,FLOW
2824,2836,FLOW
6314,2836,HAS_BLOCK
2836,2750,FLOW
2836,2696,FLOW
2836,2696,UNWIND
6314,2846,HAS_BLOCK
2846,2684,FLOW
2846,2858,FLOW
6314,2858,HAS_BLOCK
2858,2684,FLOW
6314,2868,HAS_BLOCK
2868,2846,FLOW
2868,2684,FLOW
6314,2879,HAS_BLOCK
2879,2696,FLOW
2879,2890,FLOW
6314,2890,HAS_BLOCK
2890,2696,FLOW
6314,2900,HAS_BLOCK
2900,6250,FLOW
6314,2908,HAS_BLOCK
2908,6250,FLOW
6314,2914,HAS_BLOCK
2914,6250,FLOW
6314,2978,HAS_BLOCK
2978,6250,FLOW
6314,2984,HAS_BLOCK
2984,6250,FLOW
6314,2991,HAS_BLOCK
2991,6250,FLOW
6314,2997,HAS_BLOCK
2997,6250,FLOW
6314,3003,HAS_BLOCK
3003,6250,FLOW
6314,3010,HAS_BLOCK
3010,6250,FLOW
6314,3016,HAS_BLOCK
3016,6250,FLOW
6314,3023,HAS_BLOCK
3023,6236,FLOW
416,448,HAS_PARAM
416,480,HAS_PARAM
416,320,HAS_BLOCK
320,384,FLOW
416,384,HAS_BLOCK
384,416,RETURN
2288,2320,HAS_PARAM
2288,2352,HAS_PARAM
2288,2089,HAS_BLOCK
2089,2243,FLOW
2089,2229,FLOW
2089,2210,FLOW
2089,2185,FLOW
2089,2153,FLOW
2089,2121,FLOW
2288,2121,HAS_BLOCK
2121,2252,FLOW
2288,2153,HAS_BLOCK
2153,2252,FLOW
2288,2185,HAS_BLOCK
2185,2252,FLOW
2288,2210,HAS_BLOCK
2210,2252,FLOW
2288,2229,HAS_BLOCK
2229,2252,FLOW
2288,2243,HAS_BLOCK
2243,2252,FLOW
2288,2252,HAS_BLOCK
2252,2288,RETURN
1993,2025,HAS_PARAM
1993,2057,HAS_PARAM
1993,1517,HAS_BLOCK
1517,1664,FLOW
1993,1581,HAS_BLOCK
1581,1673,FLOW
1993,1714,HAS_BLOCK
1714,1673,FLOW
1993,1749,HAS_BLOCK
1749,1655,FLOW
1993,1806,HAS_BLOCK
1806,1673,FLOW
1993,1831,HAS_BLOCK
1831,1645,FLOW
1993,1875,HAS_BLOCK
1875,1673,FLOW
1993,1900,HAS_BLOCK
1900,1631,FLOW
1993,1933,HAS_BLOCK
1933,1673,FLOW
1993,1952,HAS_BLOCK
1952,1614,FLOW
1993,1600,HAS_BLOCK
1600,1673,FLOW
1993,1614,HAS_BLOCK
1614,1581,FLOW
1614,1600,FLOW
1993,1631,HAS_BLOCK
1631,1952,FLOW
1631,1933,FLOW
1993,1645,HAS_BLOCK
1645,1900,FLOW
1645,1875,FLOW
1993,1655,HAS_BLOCK
1655,1831,FLOW
1655,1806,FLOW
1993,1664,HAS_BLOCK
1664,1749,FLOW
1664,1714,FLOW
1993,1673,HAS_BLOCK
1673,1993,RETURN
1421,1453,HAS_PARAM
1421,1485,HAS_PARAM
1421,512,HAS_BLOCK
512,1389,FLOW
512,816,FLOW
1421,544,HAS_BLOCK
544,1095,FLOW
1421,816,HAS_BLOCK
816,1003,FLOW
816,544,FLOW
1421,1003,HAS_BLOCK
1003,1151,FLOW
1003,544,FLOW
1421,1151,HAS_BLOCK
1151,1218,FLOW
1151,544,FLOW
1421,1218,HAS_BLOCK
1218,1270,FLOW
1218,544,FLOW
1421,1270,HAS_BLOCK
1270,1313,FLOW
1270,544,FLOW
1421,1313,HAS_BLOCK
1313,1352,FLOW
1313,544,FLOW
1421,1352,HAS_BLOCK
1352,1082,FLOW
1352,544,FLOW
1421,1389,HAS_BLOCK
1389,718,FLOW
1389,572,FLOW
1421,572,HAS_BLOCK
572,597,FLOW
572,544,FLOW
1421,597,HAS_BLOCK
597,622,FLOW
597,544,FLOW
1421,622,HAS_BLOCK
622,646,FLOW
622,544,FLOW
1421,646,HAS_BLOCK
646,670,FLOW
646,544,FLOW
1421,670,HAS_BLOCK
670,694,FLOW
670,544,FLOW
1421,694,HAS_BLOCK
694,1069,FLOW
694,544,FLOW
1421,718,HAS_BLOCK
718,856,FLOW
718,742,FLOW
1421,742,HAS_BLOCK
742,764,FLOW
742,544,FLOW
1421,764,HAS_BLOCK
764,784,FLOW
764,544,FLOW
1421,784,HAS_BLOCK
784,836,FLOW
784,544,FLOW
1421,836,HAS_BLOCK
836,1056,FLOW
836,544,FLOW
1421,856,HAS_BLOCK
856,544,FLOW
856,872,FLOW
1421,872,HAS_BLOCK
872,887,FLOW
872,943,FLOW
872,544,FLOW
1421,887,HAS_BLOCK
887,901,FLOW
887,544,FLOW
1421,901,HAS_BLOCK
901,915,FLOW
901,544,FLOW
1421,915,HAS_BLOCK
915,929,FLOW
915,544,FLOW
1421,929,HAS_BLOCK
929,1043,FLOW
929,544,FLOW
1421,943,HAS_BLOCK
943,957,FLOW
943,544,FLOW
1421,957,HAS_BLOCK
957,971,FLOW
957,544,FLOW
1421,971,HAS_BLOCK
971,1017,FLOW
971,544,FLOW
1421,1017,HAS_BLOCK
1017,1030,FLOW
1017,544,FLOW
1421,1030,HAS_BLOCK
1030,1095,FLOW
1421,1043,HAS_BLOCK
1043,1095,FLOW
1421,1056,HAS_BLOCK
1056,1095,FLOW
1421,1069,HAS_BLOCK
1069,1095,FLOW
1421,1082,HAS_BLOCK
1082,1095,FLOW
1421,1095,HAS_BLOCK
1095,1421,RETURN
256,288,HAS_PARAM
256,160,HAS_BLOCK
160,224,FLOW
256,224,HAS_BLOCK
224,256,RETURN
2480,2512,HAS_PARAM
2480,2544,HAS_PARAM
2480,2384,HAS_BLOCK
2384,2448,FLOW
2480,2448,HAS_BLOCK
2448,2480,RETURN
7892,7924,HAS_PARAM
7892,7956,HAS_PARAM
7892,6410,HAS_BLOCK
6410,6474,FLOW
6410,7466,FLOW
6410,7466,UNWIND
7892,6474,HAS_BLOCK
6474,6923,FLOW
6474,7466,FLOW
6474,7466,UNWIND
7892,6923,HAS_BLOCK
6923,7444,FLOW
6923,7572,FLOW
6923,7242,FLOW
7892,7242,HAS_BLOCK
7892,7444,HAS_BLOCK
7444,7669,FLOW
7444,7746,FLOW
7444,7242,FLOW
7892,7572,HAS_BLOCK
7572,7487,FLOW
7572,7466,FLOW
7572,7466,UNWIND
7892,7669,HAS_BLOCK
7669,7803,FLOW
7669,7466,FLOW
7669,7466,UNWIND
7892,7746,HAS_BLOCK
7746,7835,FLOW
7746,7466,FLOW
7746,7466,UNWIND
7892,7803,HAS_BLOCK
7803,7399,FLOW
7892,7835,HAS_BLOCK
7835,6506,FLOW
7835,7466,FLOW
7835,7466,UNWIND
7892,6506,HAS_BLOCK
6506,6538,FLOW
6506,6570,FLOW
6506,7242,FLOW
7892,6538,HAS_BLOCK
6538,6627,FLOW
6538,6677,FLOW
6538,7242,FLOW
7892,6570,HAS_BLOCK
6570,7496,FLOW
6570,7466,FLOW
6570,7466,UNWIND
7892,6627,HAS_BLOCK
6627,6720,FLOW
6627,7466,FLOW
6627,7466,UNWIND
7892,6677,HAS_BLOCK
6677,6746,FLOW
6677,7466,FLOW
6677,7466,UNWIND
7892,6720,HAS_BLOCK
6720,7399,FLOW
7892,6746,HAS_BLOCK
6746,6789,FLOW
6746,7466,FLOW
6746,7466,UNWIND
7892,6789,HAS_BLOCK
6789,6814,FLOW
6789,6840,FLOW
6789,7242,FLOW
7892,6814,HAS_BLOCK
6814,6948,FLOW
6814,6992,FLOW
6814,7242,FLOW
7892,6840,HAS_BLOCK
6840,7506,FLOW
6840,7466,FLOW
6840,7466,UNWIND
7892,6948,HAS_BLOCK
6948,7025,FLOW
6948,7466,FLOW
6948,7466,UNWIND
7892,6992,HAS_BLOCK
6992,7046,FLOW
6992,7466,FLOW
6992,7466,UNWIND
7892,7025,HAS_BLOCK
7025,7399,FLOW
7892,7046,HAS_BLOCK
7046,7078,FLOW
7046,7466,FLOW
7046,7466,UNWIND
7892,7078,HAS_BLOCK
7078,7097,FLOW
7078,7117,FLOW
7078,7242,FLOW
7892,7097,HAS_BLOCK
7097,7150,FLOW
7097,7182,FLOW
7097,7242,FLOW
7892,7117,HAS_BLOCK
7117,7515,FLOW
7117,7466,FLOW
7117,7466,UNWIND
7892,7150,HAS_BLOCK
7150,7210,FLOW
7150,7466,FLOW
7150,7466,UNWIND
7892,7182,HAS_BLOCK
7182,7256,FLOW
7182,7454,FLOW
7182,7454,UNWIND
7892,7210,HAS_BLOCK
7210,7399,FLOW
7892,7256,HAS_BLOCK
7256,7278,FLOW
7256,7454,FLOW
7256,7454,UNWIND
7892,7278,HAS_BLOCK
7278,7293,FLOW
7278,7308,FLOW
7278,7242,FLOW
7892,7293,HAS_BLOCK
7293,7330,FLOW
7293,7353,FLOW
7293,7242,FLOW
7892,7308,HAS_BLOCK
7308,7524,FLOW
7308,7454,FLOW
7308,7454,UNWIND
7892,7330,HAS_BLOCK
7330,7369,FLOW
7330,7454,FLOW
7330,7454,UNWIND
7892,7353,HAS_BLOCK
7353,7411,FLOW
7892,7369,HAS_BLOCK
7369,7383,FLOW
7892,7383,HAS_BLOCK
7383,7399,FLOW
7383,7466,FLOW
7383,7466,UNWIND
7892,7399,HAS_BLOCK
7399,7411,FLOW
7892,7411,HAS_BLOCK
7411,7892,RETURN
7892,7454,HAS_BLOCK
7454,7466,FLOW
7892,7466,HAS_BLOCK
7466,7477,FLOW
7892,7477,HAS_BLOCK
7892,7487,HAS_BLOCK
7487,7399,FLOW
7892,7496,HAS_BLOCK
7496,7399,FLOW
7892,7506,HAS_BLOCK
7506,7399,FLOW
7892,7515,HAS_BLOCK
7515,7399,FLOW
7892,7524,HAS_BLOCK
7524,7383,FLOW
6314,6346,HAS_PARAM
6314,6378,HAS_PARAM
6314,2576,HAS_BLOCK
2576,2608,FLOW
6314,2608,HAS_BLOCK
2608,3575,FLOW
2608,2718,FLOW
2608,2718,UNWIND
6314,3575,HAS_BLOCK
3575,4108,FLOW
3575,2718,FLOW
3575,2718,UNWIND
6314,4108,HAS_BLOCK
4108,4979,FLOW
4108,5327,FLOW
4108,4574,FLOW
6314,4574,HAS_BLOCK
6314,4979,HAS_BLOCK
4979,5893,FLOW
4979,5652,FLOW
4979,4574,FLOW
6314,5327,HAS_BLOCK
5327,2728,FLOW
5327,2718,FLOW
5327,2718,UNWIND
6314,5652,HAS_BLOCK
5652,5348,FLOW
5652,5376,FLOW
5652,4574,FLOW
6314,5893,HAS_BLOCK
5893,3172,FLOW
5893,3090,FLOW
5893,2972,FLOW
5893,2814,FLOW
5893,2640,FLOW
5893,6102,FLOW
5893,4574,FLOW
6314,6102,HAS_BLOCK
6102,5227,FLOW
6102,2718,FLOW
6102,2718,UNWIND
6314,2640,HAS_BLOCK
2640,4938,FLOW
2640,2718,FLOW
2640,2718,UNWIND
6314,2814,HAS_BLOCK
2814,4531,FLOW
2814,2718,FLOW
2814,2718,UNWIND
6314,2972,HAS_BLOCK
2972,4189,FLOW
2972,2718,FLOW
2972,2718,UNWIND
6314,3090,HAS_BLOCK
3090,3743,FLOW
3090,2718,FLOW
3090,2718,UNWIND
6314,3172,HAS_BLOCK
3172,3245,FLOW
3172,2718,FLOW
3172,2718,UNWIND
6314,3245,HAS_BLOCK
3245,3438,FLOW
3245,3318,FLOW
6314,3318,HAS_BLOCK
3318,3384,FLOW
3318,2718,FLOW
3318,2718,UNWIND
6314,3384,HAS_BLOCK
3384,6208,FLOW
6314,3438,HAS_BLOCK
3438,3494,FLOW
3438,2718,FLOW
3438,2718,UNWIND
6314,3494,HAS_BLOCK
3494,3607,FLOW
3494,2718,FLOW
3494,2718,UNWIND
6314,3607,HAS_BLOCK
3607,3647,FLOW
3607,3697,FLOW
3607,4574,FLOW
6314,3647,HAS_BLOCK
3647,2608,FLOW
6314,3697,HAS_BLOCK
3697,2739,FLOW
3697,2718,FLOW
3697,2718,UNWIND
6314,3743,HAS_BLOCK
3743,3892,FLOW
3743,3791,FLOW
6314,3791,HAS_BLOCK
3791,3847,FLOW
3791,2718,FLOW
3791,2718,UNWIND
6314,3847,HAS_BLOCK
3847,6208,FLOW
6314,3892,HAS_BLOCK
3892,3940,FLOW
3892,2718,FLOW
3892,2718,UNWIND
6314,3940,HAS_BLOCK
3940,3989,FLOW
3940,2718,FLOW
3940,2718,UNWIND
6314,3989,HAS_BLOCK
3989,4034,FLOW
3989,4140,FLOW
3989,4574,FLOW
6314,4034,HAS_BLOCK
4034,2608,FLOW
6314,4140,HAS_BLOCK
4140,2750,FLOW
4140,2718,FLOW
4140,2718,UNWIND
6314,4189,HAS_BLOCK
4189,4322,FLOW
4189,4230,FLOW
6314,4230,HAS_BLOCK
4230,4274,FLOW
4230,2718,FLOW
4230,2718,UNWIND
6314,4274,HAS_BLOCK
4274,6208,FLOW
6314,4322,HAS_BLOCK
4322,4362,FLOW
4322,2718,FLOW
4322,2718,UNWIND
6314,4362,HAS_BLOCK
4362,4405,FLOW
4362,2718,FLOW
4362,2718,UNWIND
6314,4405,HAS_BLOCK
4405,4449,FLOW
4405,4489,FLOW
4405,4574,FLOW
6314,4449,HAS_BLOCK
4449,2608,FLOW
6314,4489,HAS_BLOCK
4489,2824,FLOW
4489,2718,FLOW
4489,2718,UNWIND
6314,4531,HAS_BLOCK
4531,4684,FLOW
4531,4603,FLOW
6314,4603,HAS_BLOCK
4603,4648,FLOW
4603,2718,FLOW
4603,2718,UNWIND
6314,4648,HAS_BLOCK
4648,6208,FLOW
6314,4684,HAS_BLOCK
4684,4728,FLOW
4684,2718,FLOW
4684,2718,UNWIND
6314,4728,HAS_BLOCK
4728,4768,FLOW
4728,2718,FLOW
4728,2718,UNWIND
6314,4768,HAS_BLOCK
4768,4799,FLOW
4768,4837,FLOW
4768,4574,FLOW
6314,4799,HAS_BLOCK
4799,4870,FLOW
4799,4905,FLOW
4799,4905,UNWIND
6314,4837,HAS_BLOCK
4837,2836,FLOW
4837,2718,FLOW
4837,2718,UNWIND
6314,4870,HAS_BLOCK
4870,2608,FLOW
6314,4905,HAS_BLOCK
4905,2718,FLOW
6314,4938,HAS_BLOCK
4938,5066,FLOW
4938,5004,FLOW
6314,5004,HAS_BLOCK
5004,5035,FLOW
5004,2718,FLOW
5004,2718,UNWIND
6314,5035,HAS_BLOCK
5035,6208,FLOW
6314,5066,HAS_BLOCK
5066,5103,FLOW
5066,2718,FLOW
5066,2718,UNWIND
6314,5103,HAS_BLOCK
5103,5134,FLOW
5103,2718,FLOW
5103,2718,UNWIND
6314,5134,HAS_BLOCK
5134,5167,FLOW
5134,5192,FLOW
5134,4574,FLOW
6314,5167,HAS_BLOCK
5167,2608,FLOW
6314,5192,HAS_BLOCK
5192,2846,FLOW
5192,2718,FLOW
5192,2718,UNWIND
6314,5227,HAS_BLOCK
5227,5255,FLOW
5227,2718,FLOW
5227,2718,UNWIND
6314,5255,HAS_BLOCK
5255,2608,FLOW
5255,5284,FLOW
5255,4574,FLOW
6314,5284,HAS_BLOCK
5284,2858,FLOW
5284,2718,FLOW
5284,2718,UNWIND
6314,5348,HAS_BLOCK
5348,5404,FLOW
5348,2718,FLOW
5348,2718,UNWIND
6314,5376,HAS_BLOCK
5376,5507,FLOW
6314,5404,HAS_BLOCK
5404,5431,FLOW
5404,2718,FLOW
5404,2718,UNWIND
6314,5431,HAS_BLOCK
5431,5456,FLOW
5431,5480,FLOW
5431,4574,FLOW
6314,5456,HAS_BLOCK
5456,5507,FLOW
6314,5480,HAS_BLOCK
5480,2868,FLOW
5480,2718,FLOW
5480,2718,UNWIND
6314,5507,HAS_BLOCK
5507,5528,FLOW
5507,5557,FLOW
5507,4574,FLOW
6314,5528,HAS_BLOCK
5528,5580,FLOW
5528,2718,FLOW
5528,2718,UNWIND
6314,5557,HAS_BLOCK
5557,5742,FLOW
6314,5580,HAS_BLOCK
5580,5671,FLOW
5580,2718,FLOW
5580,2718,UNWIND
6314,5671,HAS_BLOCK
5671,5695,FLOW
5671,5719,FLOW
5671,4574,FLOW
6314,5695,HAS_BLOCK
5695,5742,FLOW
6314,5719,HAS_BLOCK
5719,2879,FLOW
5719,2718,FLOW
5719,2718,UNWIND
6314,5742,HAS_BLOCK
5742,5758,FLOW
5742,5782,FLOW
5742,4574,FLOW
6314,5758,HAS_BLOCK
5758,5799,FLOW
5758,2718,FLOW
5758,2718,UNWIND
6314,5782,HAS_BLOCK
5782,5907,FLOW
6314,5799,HAS_BLOCK
5799,5821,FLOW
5799,2718,FLOW
5799,2718,UNWIND
6314,5821,HAS_BLOCK
5821,5839,FLOW
5821,5858,FLOW
5821,4574,FLOW
6314,5839,HAS_BLOCK
5839,5907,FLOW
6314,5858,HAS_BLOCK
5858,2890,FLOW
5858,2718,FLOW
5858,2718,UNWIND
6314,5907,HAS_BLOCK
5907,5925,FLOW
5907,5946,FLOW
5907,4574,FLOW
6314,5925,HAS_BLOCK
5925,5961,FLOW
5925,2718,FLOW
5925,2718,UNWIND
6314,5946,HAS_BLOCK
5946,6034,FLOW
6314,5961,HAS_BLOCK
5961,5983,FLOW
5961,2718,FLOW
5961,2718,UNWIND
6314,5983,HAS_BLOCK
5983,5999,FLOW
5983,6017,FLOW
5983,4574,FLOW
6314,5999,HAS_BLOCK
5999,6034,FLOW
6314,6017,HAS_BLOCK
6017,2900,FLOW
6017,2718,FLOW
6017,2718,UNWIND
6314,6034,HAS_BLOCK
6034,6049,FLOW
6034,6068,FLOW
6034,4574,FLOW
6314,6049,HAS_BLOCK
6049,6115,FLOW
6049,6236,FLOW
6049,6236,UNWIND
6314,6068,HAS_BLOCK
6068,6194,FLOW
6314,6115,HAS_BLOCK
6115,6134,FLOW
6115,6236,FLOW
6115,6236,UNWIND
6314,6134,HAS_BLOCK
6134,6148,FLOW
6134,6163,FLOW
6134,4574,FLOW
6314,6148,HAS_BLOCK
6148,6194,FLOW
6314,6163,HAS_BLOCK
6163,6180,FLOW
6163,6236,FLOW
6163,6236,UNWIND
6314,6180,HAS_BLOCK
6180,6208,FLOW
6180,2718,FLOW
6180,2718,UNWIND
6314,6194,HAS_BLOCK
6194,6223,FLOW
6314,6208,HAS_BLOCK
6208,2674,FLOW
6208,2663,FLOW
6208,4574,FLOW
6314,6223,HAS_BLOCK
6223,6314,RETURN
6314,6236,HAS_BLOCK
6236,2718,FLOW
6314,6250,HAS_BLOCK
6250,2652,FLOW
6314,2652,HAS_BLOCK
6314,2663,HAS_BLOCK
2663,6223,FLOW
6314,2674,HAS_BLOCK
2674,2663,FLOW
2674,2684,FLOW
6314,2684,HAS_BLOCK
2684,2663,FLOW
2684,6250,FLOW
2684,6250,UNWIND
6314,2696,HAS_BLOCK
2696,6250,FLOW
2696,2706,FLOW
6314,2706,HAS_BLOCK
2706,6250,FLOW
6314,2718,HAS_BLOCK
2718,2696,FLOW
2718,6250,FLOW
6314,2728,HAS_BLOCK
2728,6208,FLOW
6314,2739,HAS_BLOCK
2739,6208,FLOW
6314,2750,HAS_BLOCK
2750,6208,FLOW
6314,2824,HAS_BLOCK
2824,6208,FLOW
6314,2836,HAS_BLOCK
2836,6208,FLOW
6314,2846,HAS_BLOCK
2846,6208,FLOW
6314,2858,HAS_BLOCK
2858,6208,FLOW
6314,2868,HAS_BLOCK
2868,6208,FLOW
6314,2879,HAS_BLOCK
2879,6208,FLOW
6314,2890,HAS_BLOCK
2890,6208,FLOW
6314,2900,HAS_BLOCK
2900,6208,FLOW
416,448,HAS_PARAM
416,480,HAS_PARAM
416,320,HAS_BLOCK
320,384,FLOW
416,384,HAS_BLOCK
384,416,RETURN
2288,2320,HAS_PARAM
2288,2352,HAS_PARAM
2288,2089,HAS_BLOCK
2089,2229,FLOW
2089,2210,FLOW
2089,2185,FLOW
2089,2153,FLOW
2089,2121,FLOW
2288,2121,HAS_BLOCK
2121,2243,FLOW
2288,2153,HAS_BLOCK
2153,2243,FLOW
2288,2185,HAS_BLOCK
2185,2243,FLOW
2288,2210,HAS_BLOCK
2210,2243,FLOW
2288,2229,HAS_BLOCK
2229,2243,FLOW
2288,2243,HAS_BLOCK
2243,2288,RETURN
1993,2025,HAS_PARAM
1993,2057,HAS_PARAM
1993,1517,HAS_BLOCK
1517,1631,FLOW
1993,1581,HAS_BLOCK
1581,1645,FLOW
1993,1714,HAS_BLOCK
1714,1645,FLOW
1993,1749,HAS_BLOCK
1749,1614,FLOW
1993,1806,HAS_BLOCK
1806,1645,FLOW
1993,1831,HAS_BLOCK
1831,1600,FLOW
1993,1875,HAS_BLOCK
1875,1645,FLOW
1993,1900,HAS_BLOCK
1900,1952,FLOW
1993,1933,HAS_BLOCK
1933,1645,FLOW
1993,1952,HAS_BLOCK
1952,1581,FLOW
1952,1933,FLOW
1993,1600,HAS_BLOCK
1600,1900,FLOW
1600,1875,FLOW
1993,1614,HAS_BLOCK
1614,1831,FLOW
1614,1806,FLOW
1993,1631,HAS_BLOCK
1631,1749,FLOW
1631,1714,FLOW
1993,1645,HAS_BLOCK
1645,1993,RETURN
1421,1453,HAS_PARAM
1421,1485,HAS_PARAM
1421,512,HAS_BLOCK
512,572,FLOW
512,816,FLOW
1421,544,HAS_BLOCK
544,1119,FLOW
1421,816,HAS_BLOCK
816,1003,FLOW
816,544,FLOW
1421,1003,HAS_BLOCK
1003,1151,FLOW
1003,544,FLOW
1421,1151,HAS_BLOCK
1151,1218,FLOW
1151,544,FLOW
1421,1218,HAS_BLOCK
1218,1270,FLOW
1218,544,FLOW
1421,1270,HAS_BLOCK
1270,1313,FLOW
1270,544,FLOW
1421,1313,HAS_BLOCK
1313,1352,FLOW
1313,544,FLOW
1421,1352,HAS_BLOCK
1352,1389,FLOW
1352,544,FLOW
1421,1389,HAS_BLOCK
1389,1111,FLOW
1389,544,FLOW
1421,572,HAS_BLOCK
572,742,FLOW
572,597,FLOW
1421,597,HAS_BLOCK
597,622,FLOW
597,544,FLOW
1421,622,HAS_BLOCK
622,646,FLOW
622,544,FLOW
1421,646,HAS_BLOCK
646,670,FLOW
646,544,FLOW
1421,670,HAS_BLOCK
670,694,FLOW
670,544,FLOW
1421,694,HAS_BLOCK
694,718,FLOW
694,544,FLOW
1421,718,HAS_BLOCK
718,1103,FLOW
718,544,FLOW
1421,742,HAS_BLOCK
742,856,FLOW
742,764,FLOW
1421,764,HAS_BLOCK
764,784,FLOW
764,544,FLOW
1421,784,HAS_BLOCK
784,836,FLOW
784,544,FLOW
1421,836,HAS_BLOCK
836,1095,FLOW
836,544,FLOW
1421,856,HAS_BLOCK
856,544,FLOW
856,872,FLOW
1421,872,HAS_BLOCK
872,887,FLOW
872,544,FLOW
1421,887,HAS_BLOCK
887,901,FLOW
887,544,FLOW
1421,901,HAS_BLOCK
901,915,FLOW
901,544,FLOW
1421,915,HAS_BLOCK
915,929,FLOW
915,544,FLOW
1421,929,HAS_BLOCK
929,943,FLOW
929,544,FLOW
1421,943,HAS_BLOCK
943,957,FLOW
943,544,FLOW
1421,957,HAS_BLOCK
957,971,FLOW
957,544,FLOW
1421,971,HAS_BLOCK
971,1017,FLOW
971,544,FLOW
1421,1017,HAS_BLOCK
1017,1030,FLOW
1017,544,FLOW
1421,1030,HAS_BLOCK
1030,1043,FLOW
1030,544,FLOW
1421,1043,HAS_BLOCK
1043,1056,FLOW
1043,544,FLOW
1421,1056,HAS_BLOCK
1056,1069,FLOW
1056,544,FLOW
1421,1069,HAS_BLOCK
1069,1082,FLOW
1069,544,FLOW
1421,1082,HAS_BLOCK
1082,1119,FLOW
1421,1095,HAS_BLOCK
1095,1119,FLOW
1421,1103,HAS_BLOCK
1103,1119,FLOW
1421,1111,HAS_BLOCK
1111,1119,FLOW
1421,1119,HAS_BLOCK
1119,1421,RETURN
256,288,HAS_PARAM
256,160,HAS_BLOCK
160,224,FLOW
256,224,HAS_BLOCK
224,256,RETURN
2480,2512,HAS_PARAM
2480,2544,HAS_PARAM
2480,2384,HAS_BLOCK
2384,2448,FLOW
2480,2448,HAS_BLOCK
2448,2480,RETURN
7892,7924,HAS_PARAM
7892,7956,HAS_PARAM
7892,6410,HAS_BLOCK
6410,6474,FLOW
6410,7369,FLOW
6410,7369,UNWIND
7892,6474,HAS_BLOCK
6474,6923,FLOW
6474,7369,FLOW
6474,7369,UNWIND
7892,6923,HAS_BLOCK
6923,7444,FLOW
6923,7572,FLOW
6923,7242,FLOW
7892,7242,HAS_BLOCK
7892,7444,HAS_BLOCK
7444,7669,FLOW
7444,7746,FLOW
7444,7242,FLOW
7892,7572,HAS_BLOCK
7572,7399,FLOW
7572,7369,FLOW
7572,7369,UNWIND
7892,7669,HAS_BLOCK
7669,7803,FLOW
7669,7369,FLOW
7669,7369,UNWIND
7892,7746,HAS_BLOCK
7746,7835,FLOW
7746,7353,FLOW
7746,7353,UNWIND
7892,7803,HAS_BLOCK
7803,7293,FLOW
7892,7835,HAS_BLOCK
7835,6506,FLOW
7835,7353,FLOW
7835,7353,UNWIND
7892,6506,HAS_BLOCK
6506,6538,FLOW
6506,6570,FLOW
6506,7242,FLOW
7892,6538,HAS_BLOCK
6538,6627,FLOW
6538,6677,FLOW
6538,7242,FLOW
7892,6570,HAS_BLOCK
6570,7411,FLOW
6570,7353,FLOW
6570,7353,UNWIND
7892,6627,HAS_BLOCK
6627,6720,FLOW
6627,7353,FLOW
6627,7353,UNWIND
7892,6677,HAS_BLOCK
6677,6746,FLOW
6677,7330,FLOW
6677,7330,UNWIND
7892,6720,HAS_BLOCK
6720,7278,FLOW
7892,6746,HAS_BLOCK
6746,6789,FLOW
6746,7330,FLOW
6746,7330,UNWIND
7892,6789,HAS_BLOCK
6789,6814,FLOW
6789,6840,FLOW
6789,7242,FLOW
7892,6814,HAS_BLOCK
6814,6948,FLOW
6814,6992,FLOW
6814,7242,FLOW
7892,6840,HAS_BLOCK
6840,7454,FLOW
6840,7330,FLOW
6840,7330,UNWIND
7892,6948,HAS_BLOCK
6948,7025,FLOW
6948,7330,FLOW
6948,7330,UNWIND
7892,6992,HAS_BLOCK
6992,7046,FLOW
6992,7330,FLOW
6992,7330,UNWIND
7892,7025,HAS_BLOCK
7025,7256,FLOW
7892,7046,HAS_BLOCK
7046,7078,FLOW
7046,7330,FLOW
7046,7330,UNWIND
7892,7078,HAS_BLOCK
7078,7097,FLOW
7078,7117,FLOW
7078,7242,FLOW
7892,7097,HAS_BLOCK
7097,7150,FLOW
7097,7182,FLOW
7097,7242,FLOW
7892,7117,HAS_BLOCK
7117,7466,FLOW
7117,7330,FLOW
7117,7330,UNWIND
7892,7150,HAS_BLOCK
7150,7210,FLOW
7150,7330,FLOW
7150,7330,UNWIND
7892,7182,HAS_BLOCK
7182,7308,FLOW
7892,7210,HAS_BLOCK
7210,7256,FLOW
7892,7256,HAS_BLOCK
7256,7278,FLOW
7256,7353,FLOW
7256,7353,UNWIND
7892,7278,HAS_BLOCK
7278,7293,FLOW
7278,7369,FLOW
7278,7369,UNWIND
7892,7293,HAS_BLOCK
7293,7308,FLOW
7892,7308,HAS_BLOCK
7308,7892,RETURN
7892,7330,HAS_BLOCK
7330,7353,FLOW
7892,7353,HAS_BLOCK
7353,7369,FLOW
7892,7369,HAS_BLOCK
7369,7383,FLOW
7892,7383,HAS_BLOCK
7892,7399,HAS_BLOCK
7399,7293,FLOW
7892,7411,HAS_BLOCK
7411,7278,FLOW
7892,7454,HAS_BLOCK
7454,7256,FLOW
7892,7466,HAS_BLOCK
7466,7256,FLOW
6314,6346,HAS_PARAM
6314,6378,HAS_PARAM
6314,2576,HAS_BLOCK
2576,2608,FLOW
6314,2608,HAS_BLOCK
2608,3575,FLOW
2608,2696,FLOW
2608,2696,UNWIND
6314,3575,HAS_BLOCK
3575,4108,FLOW
3575,2696,FLOW
3575,2696,UNWIND
6314,4108,HAS_BLOCK
4108,4979,FLOW
4108,5327,FLOW
4108,4574,FLOW
6314,4574,HAS_BLOCK
6314,4979,HAS_BLOCK
4979,5893,FLOW
4979,5652,FLOW
4979,4574,FLOW
6314,5327,HAS_BLOCK
5327,2750,FLOW
5327,2696,FLOW
5327,2696,UNWIND
6314,5652,HAS_BLOCK
5652,5167,FLOW
5652,5192,FLOW
5652,4574,FLOW
6314,5893,HAS_BLOCK
5893,3090,FLOW
5893,2972,FLOW
5893,2814,FLOW
5893,2640,FLOW
5893,6102,FLOW
5893,4574,FLOW
6314,6102,HAS_BLOCK
6102,5066,FLOW
6102,2696,FLOW
6102,2696,UNWIND
6314,2640,HAS_BLOCK
2640,4684,FLOW
2640,2696,FLOW
2640,2696,UNWIND
6314,2814,HAS_BLOCK
2814,4322,FLOW
2814,2696,FLOW
2814,2696,UNWIND
6314,2972,HAS_BLOCK
2972,3791,FLOW
2972,2696,FLOW
2972,2696,UNWIND
6314,3090,HAS_BLOCK
3090,3172,FLOW
3090,2696,FLOW
3090,2696,UNWIND
6314,3172,HAS_BLOCK
3172,3384,FLOW
3172,3245,FLOW
6314,3245,HAS_BLOCK
3245,3318,FLOW
3245,2696,FLOW
3245,2696,UNWIND
6314,3318,HAS_BLOCK
3318,6194,FLOW
6314,3384,HAS_BLOCK
3384,3438,FLOW
3384,2696,FLOW
3384,2696,UNWIND
6314,3438,HAS_BLOCK
3438,3494,FLOW
3438,2696,FLOW
3438,2696,UNWIND
6314,3494,HAS_BLOCK
3494,3607,FLOW
3494,3647,FLOW
3494,4574,FLOW
6314,3607,HAS_BLOCK
3607,3697,FLOW
3607,3743,FLOW
3607,3743,UNWIND
6314,3647,HAS_BLOCK
3647,2824,FLOW
3647,2696,FLOW
3647,2696,UNWIND
6314,3697,HAS_BLOCK
3697,2608,FLOW
6314,3743,HAS_BLOCK
3743,2696,FLOW
6314,3791,HAS_BLOCK
3791,3940,FLOW
3791,3847,FLOW
6314,3847,HAS_BLOCK
3847,3892,FLOW
3847,2696,FLOW
3847,2696,UNWIND
6314,3892,HAS_BLOCK
3892,6194,FLOW
6314,3940,HAS_BLOCK
3940,3989,FLOW
3940,2696,FLOW
3940,2696,UNWIND
6314,3989,HAS_BLOCK
3989,4034,FLOW
3989,2696,FLOW
3989,2696,UNWIND
6314,4034,HAS_BLOCK
4034,4140,FLOW
4034,4189,FLOW
4034,4574,FLOW
6314,4140,HAS_BLOCK
4140,4230,FLOW
4140,4274,FLOW
4140,4274,UNWIND
6314,4189,HAS_BLOCK
4189,2836,FLOW
4189,2696,FLOW
4189,2696,UNWIND
6314,4230,HAS_BLOCK
4230,2608,FLOW
6314,4274,HAS_BLOCK
4274,2696,FLOW
6314,4322,HAS_BLOCK
4322,4449,FLOW
4322,4362,FLOW
6314,4362,HAS_BLOCK
4362,4405,FLOW
4362,2696,FLOW
4362,2696,UNWIND
6314,4405,HAS_BLOCK
4405,6194,FLOW
6314,4449,HAS_BLOCK
4449,4489,FLOW
4449,2696,FLOW
4449,2696,UNWIND
6314,4489,HAS_BLOCK
4489,4531,FLOW
4489,2696,FLOW
4489,2696,UNWIND
6314,4531,HAS_BLOCK
4531,4603,FLOW
4531,4648,FLOW
4531,4574,FLOW
6314,4603,HAS_BLOCK
4603,2608,FLOW
6314,4648,HAS_BLOCK
4648,2846,FLOW
4648,2696,FLOW
4648,2696,UNWIND
6314,4684,HAS_BLOCK
4684,4799,FLOW
4684,4728,FLOW
6314,4728,HAS_BLOCK
4728,4768,FLOW
4728,2696,FLOW
4728,2696,UNWIND
6314,4768,HAS_BLOCK
4768,6194,FLOW
6314,4799,HAS_BLOCK
4799,4837,FLOW
4799,2696,FLOW
4799,2696,UNWIND
6314,4837,HAS_BLOCK
4837,4870,FLOW
4837,2696,FLOW
4837,2696,UNWIND
6314,4870,HAS_BLOCK
4870,4905,FLOW
4870,4938,FLOW
4870,4574,FLOW
6314,4905,HAS_BLOCK
4905,5004,FLOW
4905,5035,FLOW
4905,5035,UNWIND
6314,4938,HAS_BLOCK
4938,2858,FLOW
4938,2696,FLOW
4938,2696,UNWIND
6314,5004,HAS_BLOCK
5004,2608,FLOW
6314,5035,HAS_BLOCK
5035,2696,FLOW
6314,5066,HAS_BLOCK
5066,5103,FLOW
5066,2696,FLOW
5066,2696,UNWIND
6314,5103,HAS_BLOCK
5103,2608,FLOW
5103,5134,FLOW
5103,4574,FLOW
6314,5134,HAS_BLOCK
5134,2868,FLOW
5134,2696,FLOW
5134,2696,UNWIND
6314,5167,HAS_BLOCK
5167,5227,FLOW
5167,2696,FLOW
5167,2696,UNWIND
6314,5192,HAS_BLOCK
5192,5376,FLOW
6314,5227,HAS_BLOCK
5227,5255,FLOW
5227,2696,FLOW
5227,2696,UNWIND
6314,5255,HAS_BLOCK
5255,5284,FLOW
5255,5348,FLOW
5255,4574,FLOW
6314,5284,HAS_BLOCK
5284,5376,FLOW
6314,5348,HAS_BLOCK
5348,2879,FLOW
5348,2696,FLOW
5348,2696,UNWIND
6314,5376,HAS_BLOCK
5376,5404,FLOW
5376,5431,FLOW
5376,4574,FLOW
6314,5404,HAS_BLOCK
5404,5456,FLOW
5404,6034,FLOW
5404,6034,UNWIND
6314,5431,HAS_BLOCK
5431,5557,FLOW
6314,5456,HAS_BLOCK
5456,5480,FLOW
5456,6034,FLOW
5456,6034,UNWIND
6314,5480,HAS_BLOCK
5480,5507,FLOW
5480,5528,FLOW
5480,4574,FLOW
6314,5507,HAS_BLOCK
5507,5557,FLOW
6314,5528,HAS_BLOCK
5528,2890,FLOW
5528,6034,FLOW
5528,6034,UNWIND
6314,5557,HAS_BLOCK
5557,5580,FLOW
5557,5671,FLOW
5557,4574,FLOW
6314,5580,HAS_BLOCK
5580,5695,FLOW
5580,6017,FLOW
5580,6017,UNWIND
6314,5671,HAS_BLOCK
5671,5782,FLOW
6314,5695,HAS_BLOCK
5695,5719,FLOW
5695,6017,FLOW
5695,6017,UNWIND
6314,5719,HAS_BLOCK
5719,5742,FLOW
5719,5758,FLOW
5719,4574,FLOW
6314,5742,HAS_BLOCK
5742,5782,FLOW
6314,5758,HAS_BLOCK
5758,2900,FLOW
5758,6017,FLOW
5758,6017,UNWIND
6314,5782,HAS_BLOCK
5782,5799,FLOW
5782,5821,FLOW
5782,4574,FLOW
6314,5799,HAS_BLOCK
5799,5839,FLOW
5799,6017,FLOW
5799,6017,UNWIND
6314,5821,HAS_BLOCK
5821,5946,FLOW
6314,5839,HAS_BLOCK
5839,5858,FLOW
5839,6017,FLOW
5839,6017,UNWIND
6314,5858,HAS_BLOCK
5858,5907,FLOW
5858,5925,FLOW
5858,4574,FLOW
6314,5907,HAS_BLOCK
5907,5946,FLOW
6314,5925,HAS_BLOCK
5925,2908,FLOW
5925,6017,FLOW
5925,6017,UNWIND
6314,5946,HAS_BLOCK
5946,5999,FLOW
6314,5961,HAS_BLOCK
5961,5983,FLOW
5961,6034,FLOW
5961,6034,UNWIND
6314,5983,HAS_BLOCK
5983,6194,FLOW
5983,2696,FLOW
5983,2696,UNWIND
6314,5999,HAS_BLOCK
5999,6314,RETURN
6314,6017,HAS_BLOCK
6017,6034,FLOW
6314,6034,HAS_BLOCK
6034,2696,FLOW
6314,6049,HAS_BLOCK
6049,2706,FLOW
6049,6068,FLOW
6314,6068,HAS_BLOCK
6068,2728,FLOW
6068,6115,FLOW
6314,6115,HAS_BLOCK
6115,6134,FLOW
6314,6134,HAS_BLOCK
6314,6148,HAS_BLOCK
6148,6223,FLOW
6148,6208,FLOW
6148,4574,FLOW
6314,6163,HAS_BLOCK
6163,6148,FLOW
6163,6180,FLOW
6314,6180,HAS_BLOCK
6180,6148,FLOW
6180,6049,FLOW
6180,6049,UNWIND
6314,6194,HAS_BLOCK
6194,6163,FLOW
6194,6148,FLOW
6194,4574,FLOW
6314,6208,HAS_BLOCK
6208,2652,FLOW
6208,6250,FLOW
6208,4574,FLOW
6314,6223,HAS_BLOCK
6223,6208,FLOW
6223,6236,FLOW
6314,6236,HAS_BLOCK
6236,6208,FLOW
6236,6068,FLOW
6236,6068,UNWIND
6314,6250,HAS_BLOCK
6250,5999,FLOW
6314,2652,HAS_BLOCK
2652,6250,FLOW
2652,2663,FLOW
6314,2663,HAS_BLOCK
2663,6250,FLOW
2663,6115,FLOW
2663,6115,UNWIND
6314,2674,HAS_BLOCK
2674,6049,FLOW
2674,2684,FLOW
6314,2684,HAS_BLOCK
2684,6049,FLOW
6314,2696,HAS_BLOCK
2696,2674,FLOW
2696,6049,FLOW
6314,2706,HAS_BLOCK
2706,6068,FLOW
2706,2718,FLOW
6314,2718,HAS_BLOCK
2718,6068,FLOW
6314,2728,HAS_BLOCK
2728,6115,FLOW
2728,2739,FLOW
6314,2739,HAS_BLOCK
2739,6115,FLOW
6314,2750,HAS_BLOCK
2750,6194,FLOW
6314,2824,HAS_BLOCK
2824,6194,FLOW
6314,2836,HAS_BLOCK
2836,6194,FLOW
6314,2846,HAS_BLOCK
2846,6194,FLOW
6314,2858,HAS_BLOCK
2858,6194,FLOW
6314,2868,HAS_BLOCK
2868,6194,FLOW
6314,2879,HAS_BLOCK
2879,6194,FLOW
6314,2890,HAS_BLOCK
2890,5983,FLOW
6314,2900,HAS_BLOCK
2900,5961,FLOW
6314,2908,HAS_BLOCK
2908,5961,FLOW
416,448,HAS_PARAM
416,480,HAS_PARAM
416,320,HAS_BLOCK
320,384,FLOW
416,384,HAS_BLOCK
384,416,RETURN
2288,2320,HAS_PARAM
2288,2352,HAS_PARAM
2288,2089,HAS_BLOCK
2089,2153,FLOW
2089,2121,FLOW
2288,2121,HAS_BLOCK
2121,2185,FLOW
2288,2153,HAS_BLOCK
2153,2185,FLOW
2288,2185,HAS_BLOCK
2185,2288,RETURN
1993,2025,HAS_PARAM
1993,2057,HAS_PARAM
1993,1517,HAS_BLOCK
1517,1749,FLOW
1993,1581,HAS_BLOCK
1581,1806,FLOW
1993,1714,HAS_BLOCK
1714,1806,FLOW
1993,1749,HAS_BLOCK
1749,1581,FLOW
1749,1714,FLOW
1993,1806,HAS_BLOCK
1806,1993,RETURN
1421,1453,HAS_PARAM
1421,1485,HAS_PARAM
1421,512,HAS_BLOCK
512,544,FLOW
512,816,FLOW
1421,544,HAS_BLOCK
544,1313,FLOW
1421,816,HAS_BLOCK
816,1003,FLOW
816,544,FLOW
1421,1003,HAS_BLOCK
1003,1151,FLOW
1003,544,FLOW
1421,1151,HAS_BLOCK
1151,1218,FLOW
1151,544,FLOW
1421,1218,HAS_BLOCK
1218,1270,FLOW
1218,544,FLOW
1421,1270,HAS_BLOCK
1270,1313,FLOW
1421,1313,HAS_BLOCK
1313,1421,RETURN
256,288,HAS_PARAM
256,160,HAS_BLOCK
160,224,FLOW
256,224,HAS_BLOCK
224,256,RETURN
2480,2512,HAS_PARAM
2480,2544,HAS_PARAM
2480,2384,HAS_BLOCK
2384,2448,FLOW
2480,2448,HAS_BLOCK
2448,2480,RETURN
7892,7924,HAS_PARAM
7892,7956,HAS_PARAM
7892,6410,HAS_BLOCK
6410,6474,FLOW
6410,6538,FLOW
6410,6538,UNWIND
7892,6474,HAS_BLOCK
6474,6923,FLOW
6474,6538,FLOW
6474,6538,UNWIND
7892,6923,HAS_BLOCK
6923,7444,FLOW
6923,7572,FLOW
6923,7242,FLOW
7892,7242,HAS_BLOCK
7892,7444,HAS_BLOCK
7444,7669,FLOW
7444,7746,FLOW
7444,7242,FLOW
7892,7572,HAS_BLOCK
7572,6627,FLOW
7572,6538,FLOW
7572,6538,UNWIND
7892,7669,HAS_BLOCK
7669,7803,FLOW
7669,6538,FLOW
7669,6538,UNWIND
7892,7746,HAS_BLOCK
7746,6506,FLOW
7892,7803,HAS_BLOCK
7803,7835,FLOW
7892,7835,HAS_BLOCK
7835,6506,FLOW
7892,6506,HAS_BLOCK
6506,7892,RETURN
7892,6538,HAS_BLOCK
6538,6570,FLOW
7892,6570,HAS_BLOCK
7892,6627,HAS_BLOCK
6627,7835,FLOW
6314,6346,HAS_PARAM
6314,6378,HAS_PARAM
6314,2576,HAS_BLOCK
2576,2608,FLOW
6314,2608,HAS_BLOCK
2608,3575,FLOW
2608,4603,FLOW
2608,4603,UNWIND
6314,3575,HAS_BLOCK
3575,4108,FLOW
3575,4603,FLOW
3575,4603,UNWIND
6314,4108,HAS_BLOCK
4108,4979,FLOW
4108,5327,FLOW
4108,4574,FLOW
6314,4574,HAS_BLOCK
6314,4979,HAS_BLOCK
4979,5893,FLOW
4979,5652,FLOW
4979,4574,FLOW
6314,5327,HAS_BLOCK
5327,4648,FLOW
5327,4603,FLOW
5327,4603,UNWIND
6314,5652,HAS_BLOCK
5652,3791,FLOW
5652,3847,FLOW
5652,4574,FLOW
6314,5893,HAS_BLOCK
5893,2640,FLOW
5893,6102,FLOW
5893,4574,FLOW
6314,6102,HAS_BLOCK
6102,3647,FLOW
6102,4603,FLOW
6102,4603,UNWIND
6314,2640,HAS_BLOCK
2640,2814,FLOW
2640,4603,FLOW
2640,4603,UNWIND
6314,2814,HAS_BLOCK
2814,3172,FLOW
2814,2972,FLOW
6314,2972,HAS_BLOCK
2972,3090,FLOW
2972,4603,FLOW
2972,4603,UNWIND
6314,3090,HAS_BLOCK
3090,4449,FLOW
6314,3172,HAS_BLOCK
3172,3245,FLOW
3172,4603,FLOW
3172,4603,UNWIND
6314,3245,HAS_BLOCK
3245,3318,FLOW
3245,4603,FLOW
3245,4603,UNWIND
6314,3318,HAS_BLOCK
3318,3384,FLOW
3318,3438,FLOW
3318,4574,FLOW
6314,3384,HAS_BLOCK
3384,3494,FLOW
3384,3607,FLOW
3384,3607,UNWIND
6314,3438,HAS_BLOCK
3438,4684,FLOW
3438,4603,FLOW
3438,4603,UNWIND
6314,3494,HAS_BLOCK
3494,2608,FLOW
6314,3607,HAS_BLOCK
3607,4603,FLOW
6314,3647,HAS_BLOCK
3647,3697,FLOW
3647,4603,FLOW
3647,4603,UNWIND
6314,3697,HAS_BLOCK
3697,2608,FLOW
3697,3743,FLOW
3697,4574,FLOW
6314,3743,HAS_BLOCK
3743,4728,FLOW
3743,4603,FLOW
3743,4603,UNWIND
6314,3791,HAS_BLOCK
3791,3892,FLOW
3791,4603,FLOW
3791,4603,UNWIND
6314,3847,HAS_BLOCK
3847,4140,FLOW
6314,3892,HAS_BLOCK
3892,3940,FLOW
3892,4603,FLOW
3892,4603,UNWIND
6314,3940,HAS_BLOCK
3940,3989,FLOW
3940,4034,FLOW
3940,4574,FLOW
6314,3989,HAS_BLOCK
3989,4140,FLOW
6314,4034,HAS_BLOCK
4034,4768,FLOW
4034,4603,FLOW
4034,4603,UNWIND
6314,4140,HAS_BLOCK
4140,4189,FLOW
6314,4189,HAS_BLOCK
4189,6314,RETURN
6314,4230,HAS_BLOCK
4230,4274,FLOW
6314,4274,HAS_BLOCK
6314,4322,HAS_BLOCK
4322,4189,FLOW
6314,4362,HAS_BLOCK
4362,4322,FLOW
4362,4405,FLOW
6314,4405,HAS_BLOCK
4405,4322,FLOW
4405,4230,FLOW
4405,4230,UNWIND
6314,4449,HAS_BLOCK
4449,4362,FLOW
4449,4322,FLOW
4449,4574,FLOW
6314,4489,HAS_BLOCK
4489,4230,FLOW
4489,4531,FLOW
6314,4531,HAS_BLOCK
4531,4230,FLOW
6314,4603,HAS_BLOCK
4603,4489,FLOW
4603,4230,FLOW
6314,4648,HAS_BLOCK
4648,4449,FLOW
6314,4684,HAS_BLOCK
4684,4449,FLOW
6314,4728,HAS_BLOCK
4728,4449,FLOW
6314,4768,HAS_BLOCK
4768,4449,FLOW
416,448,HAS_PARAM
416,480,HAS_PARAM
416,320,HAS_BLOCK
320,384,FLOW
416,384,HAS_BLOCK
384,416,RETURN
2288,2320,HAS_PARAM
2288,2352,HAS_PARAM
2288,2089,HAS_BLOCK
2089,2210,FLOW
2089,2185,FLOW
2089,2153,FLOW
2089,2121,FLOW
2288,2121,HAS_BLOCK
2121,2229,FLOW
2288,2153,HAS_BLOCK
2153,2229,FLOW
2288,2185,HAS_BLOCK
2185,2229,FLOW
2288,2210,HAS_BLOCK
2210,2229,FLOW
2288,2229,HAS_BLOCK
2229,2288,RETURN
1993,2025,HAS_PARAM
1993,2057,HAS_PARAM
1993,1517,HAS_BLOCK
1517,1952,FLOW
1993,1581,HAS_BLOCK
1581,1600,FLOW
1993,1714,HAS_BLOCK
1714,1600,FLOW
1993,1749,HAS_BLOCK
1749,1933,FLOW
1993,1806,HAS_BLOCK
1806,1600,FLOW
1993,1831,HAS_BLOCK
1831,1900,FLOW
1993,1875,HAS_BLOCK
1875,1600,FLOW
1993,1900,HAS_BLOCK
1900,1581,FLOW
1900,1875,FLOW
1993,1933,HAS_BLOCK
1933,1831,FLOW
1933,1806,FLOW
1993,1952,HAS_BLOCK
1952,1749,FLOW
1952,1714,FLOW
1993,1600,HAS_BLOCK
1600,1993,RETURN
1421,1453,HAS_PARAM
1421,1485,HAS_PARAM
1421,512,HAS_BLOCK
512,1389,FLOW
512,816,FLOW
1421,544,HAS_BLOCK
544,856,FLOW
1421,816,HAS_BLOCK
816,1003,FLOW
816,544,FLOW
1421,1003,HAS_BLOCK
1003,1151,FLOW
1003,544,FLOW
1421,1151,HAS_BLOCK
1151,1218,FLOW
1151,544,FLOW
1421,1218,HAS_BLOCK
1218,1270,FLOW
1218,544,FLOW
1421,1270,HAS_BLOCK
1270,1313,FLOW
1270,544,FLOW
1421,1313,HAS_BLOCK
1313,1352,FLOW
1313,544,FLOW
1421,1352,HAS_BLOCK
1352,836,FLOW
1352,544,FLOW
1421,1389,HAS_BLOCK
1389,622,FLOW
1389,572,FLOW
1421,572,HAS_BLOCK
572,597,FLOW
572,544,FLOW
1421,597,HAS_BLOCK
597,784,FLOW
597,544,FLOW
1421,622,HAS_BLOCK
622,544,FLOW
622,646,FLOW
1421,646,HAS_BLOCK
646,670,FLOW
646,544,FLOW
1421,670,HAS_BLOCK
670,694,FLOW
670,544,FLOW
1421,694,HAS_BLOCK
694,718,FLOW
694,544,FLOW
1421,718,HAS_BLOCK
718,742,FLOW
718,544,FLOW
1421,742,HAS_BLOCK
742,764,FLOW
742,544,FLOW
1421,764,HAS_BLOCK
764,856,FLOW
1421,784,HAS_BLOCK
784,856,FLOW
1421,836,HAS_BLOCK
836,856,FLOW
1421,856,HAS_BLOCK
856,1421,RETURN
256,288,HAS_PARAM
256,160,HAS_BLOCK
160,224,FLOW
256,224,HAS_BLOCK
224,256,RETURN
2480,2512,HAS_PARAM
2480,2544,HAS_PARAM
2480,2384,HAS_BLOCK
2384,2448,FLOW
2480,2448,HAS_BLOCK
2448,2480,RETURN
7892,7924,HAS_PARAM
7892,7956,HAS_PARAM
7892,6410,HAS_BLOCK
6410,6474,FLOW
6410,7097,FLOW
6410,7097,UNWIND
7892,6474,HAS_BLOCK
6474,6923,FLOW
6474,7097,FLOW
6474,7097,UNWIND
7892,6923,HAS_BLOCK
6923,7444,FLOW
6923,7572,FLOW
6923,7242,FLOW
7892,7242,HAS_BLOCK
7892,7444,HAS_BLOCK
7444,7669,FLOW
7444,7746,FLOW
7444,7242,FLOW
7892,7572,HAS_BLOCK
7572,7150,FLOW
7572,7097,FLOW
7572,7097,UNWIND
7892,7669,HAS_BLOCK
7669,7803,FLOW
7669,7097,FLOW
7669,7097,UNWIND
7892,7746,HAS_BLOCK
7746,7835,FLOW
7746,7097,FLOW
7746,7097,UNWIND
7892,7803,HAS_BLOCK
7803,7046,FLOW
7892,7835,HAS_BLOCK
7835,6506,FLOW
7835,7097,FLOW
7835,7097,UNWIND
7892,6506,HAS_BLOCK
6506,6538,FLOW
6506,6570,FLOW
6506,7242,FLOW
7892,6538,HAS_BLOCK
6538,6627,FLOW
6538,6677,FLOW
6538,7242,FLOW
7892,6570,HAS_BLOCK
6570,7182,FLOW
6570,7097,FLOW
6570,7097,UNWIND
7892,6627,HAS_BLOCK
6627,6720,FLOW
6627,7097,FLOW
6627,7097,UNWIND
7892,6677,HAS_BLOCK
6677,6746,FLOW
6677,7097,FLOW
6677,7097,UNWIND
7892,6720,HAS_BLOCK
6720,7046,FLOW
7892,6746,HAS_BLOCK
6746,6789,FLOW
6746,7097,FLOW
6746,7097,UNWIND
7892,6789,HAS_BLOCK
6789,6814,FLOW
6789,6840,FLOW
6789,7242,FLOW
7892,6814,HAS_BLOCK
6814,6948,FLOW
6814,6992,FLOW
6814,7242,FLOW
7892,6840,HAS_BLOCK
6840,7210,FLOW
6840,7097,FLOW
6840,7097,UNWIND
7892,6948,HAS_BLOCK
6948,7025,FLOW
6948,7097,FLOW
6948,7097,UNWIND
7892,6992,HAS_BLOCK
6992,7078,FLOW
7892,7025,HAS_BLOCK
7025,7046,FLOW
7892,7046,HAS_BLOCK
7046,7078,FLOW
7892,7078,HAS_BLOCK
7078,7892,RETURN
7892,7097,HAS_BLOCK
7097,7117,FLOW
7892,7117,HAS_BLOCK
7892,7150,HAS_BLOCK
7150,7046,FLOW
7892,7182,HAS_BLOCK
7182,7046,FLOW
7892,7210,HAS_BLOCK
7210,7046,FLOW
6314,6346,HAS_PARAM
6314,6378,HAS_PARAM
6314,2576,HAS_BLOCK
2576,2608,FLOW
6314,2608,HAS_BLOCK
2608,3575,FLOW
2608,5431,FLOW
2608,5431,UNWIND
6314,3575,HAS_BLOCK
3575,4108,FLOW
3575,5431,FLOW
3575,5431,UNWIND
6314,4108,HAS_BLOCK
4108,4979,FLOW
4108,5327,FLOW
4108,4574,FLOW
6314,4574,HAS_BLOCK
6314,4979,HAS_BLOCK
4979,5893,FLOW
4979,5652,FLOW
4979,4574,FLOW
6314,5327,HAS_BLOCK
5327,5480,FLOW
5327,5431,FLOW
5327,5431,UNWIND
6314,5652,HAS_BLOCK
5652,4603,FLOW
5652,4648,FLOW
5652,4574,FLOW
6314,5893,HAS_BLOCK
5893,2972,FLOW
5893,2814,FLOW
5893,2640,FLOW
5893,6102,FLOW
5893,4574,FLOW
6314,6102,HAS_BLOCK
6102,4449,FLOW
6102,5431,FLOW
6102,5431,UNWIND
6314,2640,HAS_BLOCK
2640,4034,FLOW
2640,5431,FLOW
2640,5431,UNWIND
6314,2814,HAS_BLOCK
2814,3647,FLOW
2814,5431,FLOW
2814,5431,UNWIND
6314,2972,HAS_BLOCK
2972,3090,FLOW
2972,5431,FLOW
2972,5431,UNWIND
6314,3090,HAS_BLOCK
3090,3318,FLOW
3090,3172,FLOW
6314,3172,HAS_BLOCK
3172,3245,FLOW
3172,5431,FLOW
3172,5431,UNWIND
6314,3245,HAS_BLOCK
3245,5376,FLOW
6314,3318,HAS_BLOCK
3318,3384,FLOW
3318,5431,FLOW
3318,5431,UNWIND
6314,3384,HAS_BLOCK
3384,3438,FLOW
3384,5431,FLOW
3384,5431,UNWIND
6314,3438,HAS_BLOCK
3438,3494,FLOW
3438,3607,FLOW
3438,4574,FLOW
6314,3494,HAS_BLOCK
3494,2608,FLOW
6314,3607,HAS_BLOCK
3607,5507,FLOW
3607,5431,FLOW
3607,5431,UNWIND
6314,3647,HAS_BLOCK
3647,3791,FLOW
3647,3697,FLOW
6314,3697,HAS_BLOCK
3697,3743,FLOW
3697,5431,FLOW
3697,5431,UNWIND
6314,3743,HAS_BLOCK
3743,5376,FLOW
6314,3791,HAS_BLOCK
3791,3847,FLOW
3791,5431,FLOW
3791,5431,UNWIND
6314,3847,HAS_BLOCK
3847,3892,FLOW
3847,5431,FLOW
3847,5431,UNWIND
6314,3892,HAS_BLOCK
3892,3940,FLOW
3892,3989,FLOW
3892,4574,FLOW
6314,3940,HAS_BLOCK
3940,2608,FLOW
6314,3989,HAS_BLOCK
3989,5528,FLOW
3989,5431,FLOW
3989,5431,UNWIND
6314,4034,HAS_BLOCK
4034,4230,FLOW
4034,4140,FLOW
6314,4140,HAS_BLOCK
4140,4189,FLOW
4140,5431,FLOW
4140,5431,UNWIND
6314,4189,HAS_BLOCK
4189,5376,FLOW
6314,4230,HAS_BLOCK
4230,4274,FLOW
4230,5431,FLOW
4230,5431,UNWIND
6314,4274,HAS_BLOCK
4274,4322,FLOW
4274,5431,FLOW
4274,5431,UNWIND
6314,4322,HAS_BLOCK
4322,4362,FLOW
4322,4405,FLOW
4322,4574,FLOW
6314,4362,HAS_BLOCK
4362,2608,FLOW
6314,4405,HAS_BLOCK
4405,5557,FLOW
4405,5431,FLOW
4405,5431,UNWIND
6314,4449,HAS_BLOCK
4449,4489,FLOW
4449,5431,FLOW
4449,5431,UNWIND
6314,4489,HAS_BLOCK
4489,2608,FLOW
4489,4531,FLOW
4489,4574,FLOW
6314,4531,HAS_BLOCK
4531,5580,FLOW
4531,5431,FLOW
4531,5431,UNWIND
6314,4603,HAS_BLOCK
4603,4684,FLOW
4603,5431,FLOW
4603,5431,UNWIND
6314,4648,HAS_BLOCK
4648,4837,FLOW
6314,4684,HAS_BLOCK
4684,4728,FLOW
4684,5431,FLOW
4684,5431,UNWIND
6314,4728,HAS_BLOCK
4728,4768,FLOW
4728,4799,FLOW
4728,4574,FLOW
6314,4768,HAS_BLOCK
4768,4837,FLOW
6314,4799,HAS_BLOCK
4799,5671,FLOW
4799,5431,FLOW
4799,5431,UNWIND
6314,4837,HAS_BLOCK
4837,4870,FLOW
4837,4905,FLOW
4837,4574,FLOW
6314,4870,HAS_BLOCK
4870,4938,FLOW
4870,5431,FLOW
4870,5431,UNWIND
6314,4905,HAS_BLOCK
4905,5103,FLOW
6314,4938,HAS_BLOCK
4938,5004,FLOW
4938,5431,FLOW
4938,5431,UNWIND
6314,5004,HAS_BLOCK
5004,5035,FLOW
5004,5066,FLOW
5004,4574,FLOW
6314,5035,HAS_BLOCK
5035,5103,FLOW
6314,5066,HAS_BLOCK
5066,5695,FLOW
5066,5431,FLOW
5066,5431,UNWIND
6314,5103,HAS_BLOCK
5103,5134,FLOW
5103,5167,FLOW
5103,4574,FLOW
6314,5134,HAS_BLOCK
5134,5192,FLOW
5134,5431,FLOW
5134,5431,UNWIND
6314,5167,HAS_BLOCK
5167,5348,FLOW
6314,5192,HAS_BLOCK
5192,5227,FLOW
5192,5431,FLOW
5192,5431,UNWIND
6314,5227,HAS_BLOCK
5227,5255,FLOW
5227,5284,FLOW
5227,4574,FLOW
6314,5255,HAS_BLOCK
5255,5348,FLOW
6314,5284,HAS_BLOCK
5284,5719,FLOW
5284,5431,FLOW
5284,5431,UNWIND
6314,5348,HAS_BLOCK
5348,5404,FLOW
6314,5376,HAS_BLOCK
5376,5404,FLOW
6314,5404,HAS_BLOCK
5404,6314,RETURN
6314,5431,HAS_BLOCK
5431,5456,FLOW
6314,5456,HAS_BLOCK
6314,5480,HAS_BLOCK
5480,5376,FLOW
6314,5507,HAS_BLOCK
5507,5376,FLOW
6314,5528,HAS_BLOCK
5528,5376,FLOW
6314,5557,HAS_BLOCK
5557,5376,FLOW
6314,5580,HAS_BLOCK
5580,5376,FLOW
6314,5671,HAS_BLOCK
5671,5376,FLOW
6314,5695,HAS_BLOCK
5695,5376,FLOW
6314,5719,HAS_BLOCK
5719,5376,FLOW
416,448,HAS_PARAM
416,480,HAS_PARAM
416,320,HAS_BLOCK
320,384,FLOW
416,384,HAS_BLOCK
384,416,RETURN
2288,2320,HAS_PARAM
2288,2352,HAS_PARAM
2288,2089,HAS_BLOCK
2089,2210,FLOW
2089,2185,FLOW
2089,2153,FLOW
2089,2121,FLOW
2288,2121,HAS_BLOCK
2121,2229,FLOW
2288,2153,HAS_BLOCK
2153,2229,FLOW
2288,2185,HAS_BLOCK
2185,2229,FLOW
2288,2210,HAS_BLOCK
2210,2229,FLOW
2288,2229,HAS_BLOCK
2229,2288,RETURN
1993,2025,HAS_PARAM
1993,2057,HAS_PARAM
1993,1517,HAS_BLOCK
1517,1952,FLOW
1993,1581,HAS_BLOCK
1581,1600,FLOW
1993,1714,HAS_BLOCK
1714,1600,FLOW
1993,1749,HAS_BLOCK
1749,1933,FLOW
1993,1806,HAS_BLOCK
1806,1600,FLOW
1993,1831,HAS_BLOCK
1831,1900,FLOW
1993,1875,HAS_BLOCK
1875,1600,FLOW
1993,1900,HAS_BLOCK
1900,1581,FLOW
1900,1875,FLOW
1993,1933,HAS_BLOCK
1933,1831,FLOW
1933,1806,FLOW
1993,1952,HAS_BLOCK
1952,1749,FLOW
1952,1714,FLOW
1993,1600,HAS_BLOCK
1600,1993,RETURN
1421,1453,HAS_PARAM
1421,1485,HAS_PARAM
1421,512,HAS_BLOCK
512,1389,FLOW
512,816,FLOW
1421,544,HAS_BLOCK
544,856,FLOW
1421,816,HAS_BLOCK
816,1003,FLOW
816,544,FLOW
1421,1003,HAS_BLOCK
1003,1151,FLOW
1003,544,FLOW
1421,1151,HAS_BLOCK
1151,1218,FLOW
1151,544,FLOW
1421,1218,HAS_BLOCK
1218,1270,FLOW
1218,544,FLOW
1421,1270,HAS_BLOCK
1270,1313,FLOW
1270,544,FLOW
1421,1313,HAS_BLOCK
1313,1352,FLOW
1313,544,FLOW
1421,1352,HAS_BLOCK
1352,836,FLOW
1352,544,FLOW
1421,1389,HAS_BLOCK
1389,622,FLOW
1389,572,FLOW
1421,572,HAS_BLOCK
572,597,FLOW
572,544,FLOW
1421,597,HAS_BLOCK
597,784,FLOW
597,544,FLOW
1421,622,HAS_BLOCK
622,544,FLOW
622,646,FLOW
1421,646,HAS_BLOCK
646,670,FLOW
646,544,FLOW
1421,670,HAS_BLOCK
670,694,FLOW
670,544,FLOW
1421,694,HAS_BLOCK
694,718,FLOW
694,544,FLOW
1421,718,HAS_BLOCK
718,742,FLOW
718,544,FLOW
1421,742,HAS_BLOCK
742,764,FLOW
742,544,FLOW
1421,764,HAS_BLOCK
764,856,FLOW
1421,784,HAS_BLOCK
784,856,FLOW
1421,836,HAS_BLOCK
836,856,FLOW
1421,856,HAS_BLOCK
856,1421,RETURN
256,288,HAS_PARAM
256,160,HAS_BLOCK
160,224,FLOW
256,224,HAS_BLOCK
224,256,RETURN
2480,2512,HAS_PARAM
2480,2544,HAS_PARAM
2480,2384,HAS_BLOCK
2384,2448,FLOW
2480,2448,HAS_BLOCK
2448,2480,RETURN
7892,7924,HAS_PARAM
7892,7956,HAS_PARAM
7892,6410,HAS_BLOCK
6410,6474,FLOW
6410,7097,FLOW
6410,7097,UNWIND
7892,6474,HAS_BLOCK
6474,6923,FLOW
6474,7097,FLOW
6474,7097,UNWIND
7892,6923,HAS_BLOCK
6923,7444,FLOW
6923,7572,FLOW
6923,7242,FLOW
7892,7242,HAS_BLOCK
7892,7444,HAS_BLOCK
7444,7669,FLOW
7444,7746,FLOW
7444,7242,FLOW
7892,7572,HAS_BLOCK
7572,7150,FLOW
7572,7097,FLOW
7572,7097,UNWIND
7892,7669,HAS_BLOCK
7669,7803,FLOW
7669,7097,FLOW
7669,7097,UNWIND
7892,7746,HAS_BLOCK
7746,7835,FLOW
7746,7097,FLOW
7746,7097,UNWIND
7892,7803,HAS_BLOCK
7803,7046,FLOW
7892,7835,HAS_BLOCK
7835,6506,FLOW
7835,7097,FLOW
7835,7097,UNWIND
7892,6506,HAS_BLOCK
6506,6538,FLOW
6506,6570,FLOW
6506,7242,FLOW
7892,6538,HAS_BLOCK
6538,6627,FLOW
6538,6677,FLOW
6538,7242,FLOW
7892,6570,HAS_BLOCK
6570,7182,FLOW
6570,7097,FLOW
6570,7097,UNWIND
7892,6627,HAS_BLOCK
6627,6720,FLOW
6627,7097,FLOW
6627,7097,UNWIND
7892,6677,HAS_BLOCK
6677,6746,FLOW
6677,7097,FLOW
6677,7097,UNWIND
7892,6720,HAS_BLOCK
6720,7046,FLOW
7892,6746,HAS_BLOCK
6746,6789,FLOW
6746,7097,FLOW
6746,7097,UNWIND
7892,6789,HAS_BLOCK
6789,6814,FLOW
6789,6840,FLOW
6789,7242,FLOW
7892,6814,HAS_BLOCK
6814,6948,FLOW
6814,6992,FLOW
6814,7242,FLOW
7892,6840,HAS_BLOCK
6840,7210,FLOW
6840,7097,FLOW
6840,7097,UNWIND
7892,6948,HAS_BLOCK
6948,7025,FLOW
6948,7097,FLOW
6948,7097,UNWIND
7892,6992,HAS_BLOCK
6992,7078,FLOW
7892,7025,HAS_BLOCK
7025,7046,FLOW
7892,7046,HAS_BLOCK
7046,7078,FLOW
7892,7078,HAS_BLOCK
7078,7892,RETURN
7892,7097,HAS_BLOCK
7097,7117,FLOW
7892,7117,HAS_BLOCK
7892,7150,HAS_BLOCK
7150,7046,FLOW
7892,7182,HAS_BLOCK
7182,7046,FLOW
7892,7210,HAS_BLOCK
7210,7046,FLOW
6314,6346,HAS_PARAM
6314,6378,HAS_PARAM
6314,2576,HAS_BLOCK
2576,2608,FLOW
6314,2608,HAS_BLOCK
2608,3575,FLOW
2608,5431,FLOW
2608,5431,UNWIND
6314,3575,HAS_BLOCK
3575,4108,FLOW
3575,5431,FLOW
3575,5431,UNWIND
6314,4108,HAS_BLOCK
4108,4979,FLOW
4108,5327,FLOW
4108,4574,FLOW
6314,4574,HAS_BLOCK
6314,4979,HAS_BLOCK
4979,5893,FLOW
4979,5652,FLOW
4979,4574,FLOW
6314,5327,HAS_BLOCK
5327,5480,FLOW
5327,5431,FLOW
5327,5431,UNWIND
6314,5652,HAS_BLOCK
5652,4603,FLOW
5652,4648,FLOW
5652,4574,FLOW
6314,5893,HAS_BLOCK
5893,2972,FLOW
5893,2814,FLOW
5893,2640,FLOW
5893,6102,FLOW
5893,4574,FLOW
6314,6102,HAS_BLOCK
6102,4449,FLOW
6102,5431,FLOW
6102,5431,UNWIND
6314,2640,HAS_BLOCK
2640,4034,FLOW
2640,5431,FLOW
2640,5431,UNWIND
6314,2814,HAS_BLOCK
2814,3647,FLOW
2814,5431,FLOW
2814,5431,UNWIND
6314,2972,HAS_BLOCK
2972,3090,FLOW
2972,5431,FLOW
2972,5431,UNWIND
6314,3090,HAS_BLOCK
3090,3318,FLOW
3090,3172,FLOW
6314,3172,HAS_BLOCK
3172,3245,FLOW
3172,5431,FLOW
3172,5431,UNWIND
6314,3245,HAS_BLOCK
3245,5376,FLOW
6314,3318,HAS_BLOCK
3318,3384,FLOW
3318,5431,FLOW
3318,5431,UNWIND
6314,3384,HAS_BLOCK
3384,3438,FLOW
3384,5431,FLOW
3384,5431,UNWIND
6314,3438,HAS_BLOCK
3438,3494,FLOW
3438,3607,FLOW
3438,4574,FLOW
6314,3494,HAS_BLOCK
3494,2608,FLOW
6314,3607,HAS_BLOCK
3607,5507,FLOW
3607,5431,FLOW
3607,5431,UNWIND
6314,3647,HAS_BLOCK
3647,3791,FLOW
3647,3697,FLOW
6314,3697,HAS_BLOCK
3697,3743,FLOW
3697,5431,FLOW
3697,5431,UNWIND
6314,3743,HAS_BLOCK
3743,5376,FLOW
6314,3791,HAS_BLOCK
3791,3847,FLOW
3791,5431,FLOW
3791,5431,UNWIND
6314,3847,HAS_BLOCK
3847,3892,FLOW
3847,5431,FLOW
3847,5431,UNWIND
6314,3892,HAS_BLOCK
3892,3940,FLOW
3892,3989,FLOW
3892,4574,FLOW
6314,3940,HAS_BLOCK
3940,2608,FLOW
6314,3989,HAS_BLOCK
3989,5528,FLOW
3989,5431,FLOW
3989,5431,UNWIND
6314,4034,HAS_BLOCK
4034,4230,FLOW
4034,4140,FLOW
6314,4140,HAS_BLOCK
4140,4189,FLOW
4140,5431,FLOW
4140,5431,UNWIND
6314,4189,HAS_BLOCK
4189,5376,FLOW
6314,4230,HAS_BLOCK
4230,4274,FLOW
4230,5431,FLOW
4230,5431,UNWIND
6314,4274,HAS_BLOCK
4274,4322,FLOW
4274,5431,FLOW
4274,5431,UNWIND
6314,4322,HAS_BLOCK
4322,4362,FLOW
4322,4405,FLOW
4322,4574,FLOW
6314,4362,HAS_BLOCK
4362,2608,FLOW
6314,4405,HAS_BLOCK
4405,5557,FLOW
4405,5431,FLOW
4405,5431,UNWIND
6314,4449,HAS_BLOCK
4449,4489,FLOW
4449,5431,FLOW
4449,5431,UNWIND
6314,4489,HAS_BLOCK
4489,2608,FLOW
4489,4531,FLOW
4489,4574,FLOW
6314,4531,HAS_BLOCK
4531,5580,FLOW
4531,5431,FLOW
4531,5431,UNWIND
6314,4603,HAS_BLOCK
4603,4684,FLOW
4603,5431,FLOW
4603,5431,UNWIND
6314,4648,HAS_BLOCK
4648,4837,FLOW
6314,4684,HAS_BLOCK
4684,4728,FLOW
4684,5431,FLOW
4684,5431,UNWIND
6314,4728,HAS_BLOCK
4728,4768,FLOW
4728,4799,FLOW
4728,4574,FLOW
6314,4768,HAS_BLOCK
4768,4837,FLOW
6314,4799,HAS_BLOCK
4799,5671,FLOW
4799,5431,FLOW
4799,5431,UNWIND
6314,4837,HAS_BLOCK
4837,4870,FLOW
4837,4905,FLOW
4837,4574,FLOW
6314,4870,HAS_BLOCK
4870,4938,FLOW
4870,5431,FLOW
4870,5431,UNWIND
6314,4905,HAS_BLOCK
4905,5103,FLOW
6314,4938,HAS_BLOCK
4938,5004,FLOW
4938,5431,FLOW
4938,5431,UNWIND
6314,5004,HAS_BLOCK
5004,5035,FLOW
5004,5066,FLOW
5004,4574,FLOW
6314,5035,HAS_BLOCK
5035,5103,FLOW
6314,5066,HAS_BLOCK
5066,5695,FLOW
5066,5431,FLOW
5066,5431,UNWIND
6314,5103,HAS_BLOCK
5103,5134,FLOW
5103,5167,FLOW
5103,4574,FLOW
6314,5134,HAS_BLOCK
5134,5192,FLOW
5134,5431,FLOW
5134,5431,UNWIND
6314,5167,HAS_BLOCK
5167,5348,FLOW
6314,5192,HAS_BLOCK
5192,5227,FLOW
5192,5431,FLOW
5192,5431,UNWIND
6314,5227,HAS_BLOCK
5227,5255,FLOW
5227,5284,FLOW
5227,4574,FLOW
6314,5255,HAS_BLOCK
5255,5348,FLOW
6314,5284,HAS_BLOCK
5284,5719,FLOW
5284,5431,FLOW
5284,5431,UNWIND
6314,5348,HAS_BLOCK
5348,5404,FLOW
6314,5376,HAS_BLOCK
5376,5404,FLOW
6314,5404,HAS_BLOCK
5404,6314,RETURN
6314,5431,HAS_BLOCK
5431,5456,FLOW
6314,5456,HAS_BLOCK
6314,5480,HAS_BLOCK
5480,5376,FLOW
6314,5507,HAS_BLOCK
5507,5376,FLOW
6314,5528,HAS_BLOCK
5528,5376,FLOW
6314,5557,HAS_BLOCK
5557,5376,FLOW
6314,5580,HAS_BLOCK
5580,5376,FLOW
6314,5671,HAS_BLOCK
5671,5376,FLOW
6314,5695,HAS_BLOCK
5695,5376,FLOW
6314,5719,HAS_BLOCK
5719,5376,FLOW
416,448,HAS_PARAM
416,480,HAS_PARAM
416,320,HAS_BLOCK
320,384,FLOW
416,384,HAS_BLOCK
384,416,RETURN
2288,2320,HAS_PARAM
2288,2352,HAS_PARAM
2288,2089,HAS_BLOCK
2089,2229,FLOW
2089,2210,FLOW
2089,2185,FLOW
2089,2153,FLOW
2089,2121,FLOW
2288,2121,HAS_BLOCK
2121,2243,FLOW
2288,2153,HAS_BLOCK
2153,2243,FLOW
2288,2185,HAS_BLOCK
2185,2243,FLOW
2288,2210,HAS_BLOCK
2210,2243,FLOW
2288,2229,HAS_BLOCK
2229,2243,FLOW
2288,2243,HAS_BLOCK
2243,2288,RETURN
1993,2025,HAS_PARAM
1993,2057,HAS_PARAM
1993,1517,HAS_BLOCK
1517,1631,FLOW
1993,1581,HAS_BLOCK
1581,1645,FLOW
1993,1714,HAS_BLOCK
1714,1645,FLOW
1993,1749,HAS_BLOCK
1749,1614,FLOW
1993,1806,HAS_BLOCK
1806,1645,FLOW
1993,1831,HAS_BLOCK
1831,1600,FLOW
1993,1875,HAS_BLOCK
1875,1645,FLOW
1993,1900,HAS_BLOCK
1900,1952,FLOW
1993,1933,HAS_BLOCK
1933,1645,FLOW
1993,1952,HAS_BLOCK
1952,1581,FLOW
1952,1933,FLOW
1993,1600,HAS_BLOCK
1600,1900,FLOW
1600,1875,FLOW
1993,1614,HAS_BLOCK
1614,1831,FLOW
1614,1806,FLOW
1993,1631,HAS_BLOCK
1631,1749,FLOW
1631,1714,FLOW
1993,1645,HAS_BLOCK
1645,1993,RETURN
1421,1453,HAS_PARAM
1421,1485,HAS_PARAM
1421,512,HAS_BLOCK
512,1389,FLOW
512,816,FLOW
1421,544,HAS_BLOCK
544,1170,FLOW
1421,816,HAS_BLOCK
816,1003,FLOW
816,544,FLOW
1421,1003,HAS_BLOCK
1003,1151,FLOW
1003,544,FLOW
1421,1151,HAS_BLOCK
1151,1218,FLOW
1151,544,FLOW
1421,1218,HAS_BLOCK
1218,1270,FLOW
1218,544,FLOW
1421,1270,HAS_BLOCK
1270,1313,FLOW
1270,544,FLOW
1421,1313,HAS_BLOCK
1313,1352,FLOW
1313,544,FLOW
1421,1352,HAS_BLOCK
1352,1166,FLOW
1352,544,FLOW
1421,1389,HAS_BLOCK
1389,718,FLOW
1389,572,FLOW
1421,572,HAS_BLOCK
572,597,FLOW
572,544,FLOW
1421,597,HAS_BLOCK
597,622,FLOW
597,544,FLOW
1421,622,HAS_BLOCK
622,646,FLOW
622,544,FLOW
1421,646,HAS_BLOCK
646,670,FLOW
646,544,FLOW
1421,670,HAS_BLOCK
670,694,FLOW
670,544,FLOW
1421,694,HAS_BLOCK
694,1161,FLOW
694,544,FLOW
1421,718,HAS_BLOCK
718,957,FLOW
718,742,FLOW
1421,742,HAS_BLOCK
742,764,FLOW
742,544,FLOW
1421,764,HAS_BLOCK
764,784,FLOW
764,544,FLOW
1421,784,HAS_BLOCK
784,836,FLOW
784,544,FLOW
1421,836,HAS_BLOCK
836,856,FLOW
836,544,FLOW
1421,856,HAS_BLOCK
856,872,FLOW
856,544,FLOW
1421,872,HAS_BLOCK
872,887,FLOW
872,544,FLOW
1421,887,HAS_BLOCK
887,901,FLOW
887,544,FLOW
1421,901,HAS_BLOCK
901,915,FLOW
901,544,FLOW
1421,915,HAS_BLOCK
915,929,FLOW
915,544,FLOW
1421,929,HAS_BLOCK
929,943,FLOW
929,544,FLOW
1421,943,HAS_BLOCK
943,1156,FLOW
943,544,FLOW
1421,957,HAS_BLOCK
957,544,FLOW
957,971,FLOW
1421,971,HAS_BLOCK
971,1017,FLOW
971,544,FLOW
1421,1017,HAS_BLOCK
1017,1030,FLOW
1017,544,FLOW
1421,1030,HAS_BLOCK
1030,1043,FLOW
1030,544,FLOW
1421,1043,HAS_BLOCK
1043,1056,FLOW
1043,544,FLOW
1421,1056,HAS_BLOCK
1056,1069,FLOW
1056,544,FLOW
1421,1069,HAS_BLOCK
1069,1082,FLOW
1069,544,FLOW
1421,1082,HAS_BLOCK
1082,1095,FLOW
1082,544,FLOW
1421,1095,HAS_BLOCK
1095,1103,FLOW
1095,544,FLOW
1421,1103,HAS_BLOCK
1103,1111,FLOW
1103,544,FLOW
1421,1111,HAS_BLOCK
1111,1119,FLOW
1111,544,FLOW
1421,1119,HAS_BLOCK
1119,1170,FLOW
1421,1156,HAS_BLOCK
1156,1170,FLOW
1421,1161,HAS_BLOCK
1161,1170,FLOW
1421,1166,HAS_BLOCK
1166,1170,FLOW
1421,1170,HAS_BLOCK
1170,1421,RETURN
256,288,HAS_PARAM
256,160,HAS_BLOCK
160,224,FLOW
256,224,HAS_BLOCK
224,256,RETURN
2480,2512,HAS_PARAM
2480,2544,HAS_PARAM
2480,2384,HAS_BLOCK
2384,2448,FLOW
2480,2448,HAS_BLOCK
2448,2480,RETURN
7892,7924,HAS_PARAM
7892,7956,HAS_PARAM
7892,6410,HAS_BLOCK
6410,6474,FLOW
6410,7330,FLOW
6410,7330,UNWIND
7892,6474,HAS_BLOCK
6474,6923,FLOW
6474,7330,FLOW
6474,7330,UNWIND
7892,6923,HAS_BLOCK
6923,7444,FLOW
6923,7572,FLOW
6923,7242,FLOW
7892,7242,HAS_BLOCK
7892,7444,HAS_BLOCK
7444,7669,FLOW
7444,7746,FLOW
7444,7242,FLOW
7892,7572,HAS_BLOCK
7572,7369,FLOW
7572,7330,FLOW
7572,7330,UNWIND
7892,7669,HAS_BLOCK
7669,7803,FLOW
7669,7330,FLOW
7669,7330,UNWIND
7892,7746,HAS_BLOCK
7746,7835,FLOW
7746,7330,FLOW
7746,7330,UNWIND
7892,7803,HAS_BLOCK
7803,7278,FLOW
7892,7835,HAS_BLOCK
7835,6506,FLOW
7835,7330,FLOW
7835,7330,UNWIND
7892,6506,HAS_BLOCK
6506,6538,FLOW
6506,6570,FLOW
6506,7242,FLOW
7892,6538,HAS_BLOCK
6538,6627,FLOW
6538,6677,FLOW
6538,7242,FLOW
7892,6570,HAS_BLOCK
6570,7383,FLOW
6570,7330,FLOW
6570,7330,UNWIND
7892,6627,HAS_BLOCK
6627,6720,FLOW
6627,7330,FLOW
6627,7330,UNWIND
7892,6677,HAS_BLOCK
6677,6746,FLOW
6677,7308,FLOW
6677,7308,UNWIND
7892,6720,HAS_BLOCK
6720,7278,FLOW
7892,6746,HAS_BLOCK
6746,6789,FLOW
6746,7308,FLOW
6746,7308,UNWIND
7892,6789,HAS_BLOCK
6789,6814,FLOW
6789,6840,FLOW
6789,7242,FLOW
7892,6814,HAS_BLOCK
6814,6948,FLOW
6814,6992,FLOW
6814,7242,FLOW
7892,6840,HAS_BLOCK
6840,7399,FLOW
6840,7308,FLOW
6840,7308,UNWIND
7892,6948,HAS_BLOCK
6948,7025,FLOW
6948,7308,FLOW
6948,7308,UNWIND
7892,6992,HAS_BLOCK
6992,7046,FLOW
6992,7308,FLOW
6992,7308,UNWIND
7892,7025,HAS_BLOCK
7025,7256,FLOW
7892,7046,HAS_BLOCK
7046,7078,FLOW
7046,7308,FLOW
7046,7308,UNWIND
7892,7078,HAS_BLOCK
7078,7097,FLOW
7078,7117,FLOW
7078,7242,FLOW
7892,7097,HAS_BLOCK
7097,7150,FLOW
7097,7182,FLOW
7097,7242,FLOW
7892,7117,HAS_BLOCK
7117,7411,FLOW
7117,7308,FLOW
7117,7308,UNWIND
7892,7150,HAS_BLOCK
7150,7210,FLOW
7150,7308,FLOW
7150,7308,UNWIND
7892,7182,HAS_BLOCK
7182,7293,FLOW
7892,7210,HAS_BLOCK
7210,7256,FLOW
7892,7256,HAS_BLOCK
7256,7278,FLOW
7256,7330,FLOW
7256,7330,UNWIND
7892,7278,HAS_BLOCK
7278,7293,FLOW
7892,7293,HAS_BLOCK
7293,7892,RETURN
7892,7308,HAS_BLOCK
7308,7330,FLOW
7892,7330,HAS_BLOCK
7330,7353,FLOW
7892,7353,HAS_BLOCK
7892,7369,HAS_BLOCK
7369,7278,FLOW
7892,7383,HAS_BLOCK
7383,7278,FLOW
7892,7399,HAS_BLOCK
7399,7256,FLOW
7892,7411,HAS_BLOCK
7411,7256,FLOW
6314,6346,HAS_PARAM
6314,6378,HAS_PARAM
6314,2576,HAS_BLOCK
2576,2608,FLOW
6314,2608,HAS_BLOCK
2608,3575,FLOW
2608,6115,FLOW
2608,6115,UNWIND
6314,3575,HAS_BLOCK
3575,4108,FLOW
3575,6115,FLOW
3575,6115,UNWIND
6314,4108,HAS_BLOCK
4108,4979,FLOW
4108,5327,FLOW
4108,4574,FLOW
6314,4574,HAS_BLOCK
6314,4979,HAS_BLOCK
4979,5893,FLOW
4979,5652,FLOW
4979,4574,FLOW
6314,5327,HAS_BLOCK
5327,6134,FLOW
5327,6115,FLOW
5327,6115,UNWIND
6314,5652,HAS_BLOCK
5652,5035,FLOW
5652,5066,FLOW
5652,4574,FLOW
6314,5893,HAS_BLOCK
5893,3090,FLOW
5893,2972,FLOW
5893,2814,FLOW
5893,2640,FLOW
5893,6102,FLOW
5893,4574,FLOW
6314,6102,HAS_BLOCK
6102,4905,FLOW
6102,6115,FLOW
6102,6115,UNWIND
6314,2640,HAS_BLOCK
2640,4603,FLOW
2640,6115,FLOW
2640,6115,UNWIND
6314,2814,HAS_BLOCK
2814,4230,FLOW
2814,6115,FLOW
2814,6115,UNWIND
6314,2972,HAS_BLOCK
2972,3697,FLOW
2972,6115,FLOW
2972,6115,UNWIND
6314,3090,HAS_BLOCK
3090,3172,FLOW
3090,6115,FLOW
3090,6115,UNWIND
6314,3172,HAS_BLOCK
3172,3384,FLOW
3172,3245,FLOW
6314,3245,HAS_BLOCK
3245,3318,FLOW
3245,6115,FLOW
3245,6115,UNWIND
6314,3318,HAS_BLOCK
3318,5907,FLOW
6314,3384,HAS_BLOCK
3384,3438,FLOW
3384,6115,FLOW
3384,6115,UNWIND
6314,3438,HAS_BLOCK
3438,3494,FLOW
3438,6115,FLOW
3438,6115,UNWIND
6314,3494,HAS_BLOCK
3494,3607,FLOW
3494,3647,FLOW
3494,4574,FLOW
6314,3607,HAS_BLOCK
3607,2608,FLOW
6314,3647,HAS_BLOCK
3647,6148,FLOW
3647,6115,FLOW
3647,6115,UNWIND
6314,3697,HAS_BLOCK
3697,3847,FLOW
3697,3743,FLOW
6314,3743,HAS_BLOCK
3743,3791,FLOW
3743,6115,FLOW
3743,6115,UNWIND
6314,3791,HAS_BLOCK
3791,5907,FLOW
6314,3847,HAS_BLOCK
3847,3892,FLOW
3847,6115,FLOW
3847,6115,UNWIND
6314,3892,HAS_BLOCK
3892,3940,FLOW
3892,6115,FLOW
3892,6115,UNWIND
6314,3940,HAS_BLOCK
3940,3989,FLOW
3940,4034,FLOW
3940,4574,FLOW
6314,3989,HAS_BLOCK
3989,4140,FLOW
3989,4189,FLOW
3989,4189,UNWIND
6314,4034,HAS_BLOCK
4034,6163,FLOW
4034,6115,FLOW
4034,6115,UNWIND
6314,4140,HAS_BLOCK
4140,2608,FLOW
6314,4189,HAS_BLOCK
4189,6115,FLOW
6314,4230,HAS_BLOCK
4230,4362,FLOW
4230,4274,FLOW
6314,4274,HAS_BLOCK
4274,4322,FLOW
4274,6115,FLOW
4274,6115,UNWIND
6314,4322,HAS_BLOCK
4322,5907,FLOW
6314,4362,HAS_BLOCK
4362,4405,FLOW
4362,6115,FLOW
4362,6115,UNWIND
6314,4405,HAS_BLOCK
4405,4449,FLOW
4405,6115,FLOW
4405,6115,UNWIND
6314,4449,HAS_BLOCK
4449,4489,FLOW
4449,4531,FLOW
4449,4574,FLOW
6314,4489,HAS_BLOCK
4489,2608,FLOW
6314,4531,HAS_BLOCK
4531,6180,FLOW
4531,6115,FLOW
4531,6115,UNWIND
6314,4603,HAS_BLOCK
4603,4728,FLOW
4603,4648,FLOW
6314,4648,HAS_BLOCK
4648,4684,FLOW
4648,6115,FLOW
4648,6115,UNWIND
6314,4684,HAS_BLOCK
4684,5907,FLOW
6314,4728,HAS_BLOCK
4728,4768,FLOW
4728,6115,FLOW
4728,6115,UNWIND
6314,4768,HAS_BLOCK
4768,4799,FLOW
4768,6115,FLOW
4768,6115,UNWIND
6314,4799,HAS_BLOCK
4799,4837,FLOW
4799,4870,FLOW
4799,4574,FLOW
6314,4837,HAS_BLOCK
4837,2608,FLOW
6314,4870,HAS_BLOCK
4870,6194,FLOW
4870,6115,FLOW
4870,6115,UNWIND
6314,4905,HAS_BLOCK
4905,4938,FLOW
4905,6115,FLOW
4905,6115,UNWIND
6314,4938,HAS_BLOCK
4938,2608,FLOW
4938,5004,FLOW
4938,4574,FLOW
6314,5004,HAS_BLOCK
5004,6208,FLOW
5004,6115,FLOW
5004,6115,UNWIND
6314,5035,HAS_BLOCK
5035,5103,FLOW
5035,6115,FLOW
5035,6115,UNWIND
6314,5066,HAS_BLOCK
5066,5227,FLOW
6314,5103,HAS_BLOCK
5103,5134,FLOW
5103,6115,FLOW
5103,6115,UNWIND
6314,5134,HAS_BLOCK
5134,5167,FLOW
5134,5192,FLOW
5134,4574,FLOW
6314,5167,HAS_BLOCK
5167,5227,FLOW
6314,5192,HAS_BLOCK
5192,6223,FLOW
5192,6115,FLOW
5192,6115,UNWIND
6314,5227,HAS_BLOCK
5227,5255,FLOW
5227,5284,FLOW
5227,4574,FLOW
6314,5255,HAS_BLOCK
5255,5348,FLOW
5255,6115,FLOW
5255,6115,UNWIND
6314,5284,HAS_BLOCK
5284,5456,FLOW
6314,5348,HAS_BLOCK
5348,5376,FLOW
5348,6115,FLOW
5348,6115,UNWIND
6314,5376,HAS_BLOCK
5376,5404,FLOW
5376,5431,FLOW
5376,4574,FLOW
6314,5404,HAS_BLOCK
5404,5456,FLOW
6314,5431,HAS_BLOCK
5431,6236,FLOW
5431,6115,FLOW
5431,6115,UNWIND
6314,5456,HAS_BLOCK
5456,5480,FLOW
5456,5507,FLOW
5456,4574,FLOW
6314,5480,HAS_BLOCK
5480,5528,FLOW
5480,5946,FLOW
5480,5946,UNWIND
6314,5507,HAS_BLOCK
5507,5695,FLOW
6314,5528,HAS_BLOCK
5528,5557,FLOW
5528,5946,FLOW
5528,5946,UNWIND
6314,5557,HAS_BLOCK
5557,5580,FLOW
5557,5671,FLOW
5557,4574,FLOW
6314,5580,HAS_BLOCK
5580,5695,FLOW
6314,5671,HAS_BLOCK
5671,6250,FLOW
5671,5946,FLOW
5671,5946,UNWIND
6314,5695,HAS_BLOCK
5695,5719,FLOW
5695,5742,FLOW
5695,4574,FLOW
6314,5719,HAS_BLOCK
5719,5758,FLOW
5719,5946,FLOW
5719,5946,UNWIND
6314,5742,HAS_BLOCK
5742,5839,FLOW
6314,5758,HAS_BLOCK
5758,5782,FLOW
5758,5946,FLOW
5758,5946,UNWIND
6314,5782,HAS_BLOCK
5782,5799,FLOW
5782,5821,FLOW
5782,4574,FLOW
6314,5799,HAS_BLOCK
5799,5839,FLOW
6314,5821,HAS_BLOCK
5821,2652,FLOW
5821,5946,FLOW
5821,5946,UNWIND
6314,5839,HAS_BLOCK
5839,5925,FLOW
6314,5858,HAS_BLOCK
5858,5907,FLOW
5858,6115,FLOW
5858,6115,UNWIND
6314,5907,HAS_BLOCK
5907,6017,FLOW
5907,5999,FLOW
5907,4574,FLOW
6314,5925,HAS_BLOCK
5925,6314,RETURN
6314,5946,HAS_BLOCK
5946,6115,FLOW
6314,5961,HAS_BLOCK
5961,5983,FLOW
6314,5983,HAS_BLOCK
6314,5999,HAS_BLOCK
5999,5925,FLOW
6314,6017,HAS_BLOCK
6017,5999,FLOW
6017,6034,FLOW
6314,6034,HAS_BLOCK
6034,5999,FLOW
6034,5961,FLOW
6034,5961,UNWIND
6314,6049,HAS_BLOCK
6049,5961,FLOW
6049,6068,FLOW
6314,6068,HAS_BLOCK
6068,5961,FLOW
6314,6115,HAS_BLOCK
6115,6049,FLOW
6115,5961,FLOW
6314,6134,HAS_BLOCK
6134,5907,FLOW
6314,6148,HAS_BLOCK
6148,5907,FLOW
6314,6163,HAS_BLOCK
6163,5907,FLOW
6314,6180,HAS_BLOCK
6180,5907,FLOW
6314,6194,HAS_BLOCK
6194,5907,FLOW
6314,6208,HAS_BLOCK
6208,5907,FLOW
6314,6223,HAS_BLOCK
6223,5907,FLOW
6314,6236,HAS_BLOCK
6236,5907,FLOW
6314,6250,HAS_BLOCK
6250,5858,FLOW
6314,2652,HAS_BLOCK
2652,5858,FLOW
416,448,HAS_PARAM
416,480,HAS_PARAM
416,320,HAS_BLOCK
320,384,FLOW
416,384,HAS_BLOCK
384,416,RETURN
2288,2320,HAS_PARAM
2288,2352,HAS_PARAM
2288,2089,HAS_BLOCK
2089,2153,FLOW
2089,2121,FLOW
2288,2121,HAS_BLOCK
2121,2185,FLOW
2288,2153,HAS_BLOCK
2153,2185,FLOW
2288,2185,HAS_BLOCK
2185,2288,RETURN
1993,2025,HAS_PARAM
1993,2057,HAS_PARAM
1993,1517,HAS_BLOCK
1517,1749,FLOW
1993,1581,HAS_BLOCK
1581,1806,FLOW
1993,1714,HAS_BLOCK
1714,1806,FLOW
1993,1749,HAS_BLOCK
1749,1581,FLOW
1749,1714,FLOW
1993,1806,HAS_BLOCK
1806,1993,RETURN
1421,1453,HAS_PARAM
1421,1485,HAS_PARAM
1421,512,HAS_BLOCK
512,544,FLOW
512,816,FLOW
1421,544,HAS_BLOCK
544,1313,FLOW
1421,816,HAS_BLOCK
816,1003,FLOW
816,544,FLOW
1421,1003,HAS_BLOCK
1003,1151,FLOW
1003,544,FLOW
1421,1151,HAS_BLOCK
1151,1218,FLOW
1151,544,FLOW
1421,1218,HAS_BLOCK
1218,1270,FLOW
1218,544,FLOW
1421,1270,HAS_BLOCK
1270,1313,FLOW
1421,1313,HAS_BLOCK
1313,1421,RETURN
256,288,HAS_PARAM
256,160,HAS_BLOCK
160,224,FLOW
256,224,HAS_BLOCK
224,256,RETURN
2480,2512,HAS_PARAM
2480,2544,HAS_PARAM
2480,2384,HAS_BLOCK
2384,2448,FLOW
2480,2448,HAS_BLOCK
2448,2480,RETURN
7892,7924,HAS_PARAM
7892,7956,HAS_PARAM
7892,6410,HAS_BLOCK
6410,6474,FLOW
6410,6538,FLOW
6410,6538,UNWIND
7892,6474,HAS_BLOCK
6474,6923,FLOW
6474,6538,FLOW
6474,6538,UNWIND
7892,6923,HAS_BLOCK
6923,7444,FLOW
6923,7572,FLOW
6923,7242,FLOW
7892,7242,HAS_BLOCK
7892,7444,HAS_BLOCK
7444,7669,FLOW
7444,7746,FLOW
7444,7242,FLOW
7892,7572,HAS_BLOCK
7572,6627,FLOW
7572,6538,FLOW
7572,6538,UNWIND
7892,7669,HAS_BLOCK
7669,7803,FLOW
7669,6538,FLOW
7669,6538,UNWIND
7892,7746,HAS_BLOCK
7746,6506,FLOW
7892,7803,HAS_BLOCK
7803,7835,FLOW
7892,7835,HAS_BLOCK
7835,6506,FLOW
7892,6506,HAS_BLOCK
6506,7892,RETURN
7892,6538,HAS_BLOCK
6538,6570,FLOW
7892,6570,HAS_BLOCK
7892,6627,HAS_BLOCK
6627,7835,FLOW
6314,6346,HAS_PARAM
6314,6378,HAS_PARAM
6314,2576,HAS_BLOCK
2576,2608,FLOW
6314,2608,HAS_BLOCK
2608,3575,FLOW
2608,4603,FLOW
2608,4603,UNWIND
6314,3575,HAS_BLOCK
3575,4108,FLOW
3575,4603,FLOW
3575,4603,UNWIND
6314,4108,HAS_BLOCK
4108,4979,FLOW
4108,5327,FLOW
4108,4574,FLOW
6314,4574,HAS_BLOCK
6314,4979,HAS_BLOCK
4979,5893,FLOW
4979,5652,FLOW
4979,4574,FLOW
6314,5327,HAS_BLOCK
5327,4648,FLOW
5327,4603,FLOW
5327,4603,UNWIND
6314,5652,HAS_BLOCK
5652,3791,FLOW
5652,3847,FLOW
5652,4574,FLOW
6314,5893,HAS_BLOCK
5893,2640,FLOW
5893,6102,FLOW
5893,4574,FLOW
6314,6102,HAS_BLOCK
6102,3647,FLOW
6102,4603,FLOW
6102,4603,UNWIND
6314,2640,HAS_BLOCK
2640,2814,FLOW
2640,4603,FLOW
2640,4603,UNWIND
6314,2814,HAS_BLOCK
2814,3172,FLOW
2814,2972,FLOW
6314,2972,HAS_BLOCK
2972,3090,FLOW
2972,4603,FLOW
2972,4603,UNWIND
6314,3090,HAS_BLOCK
3090,4449,FLOW
6314,3172,HAS_BLOCK
3172,3245,FLOW
3172,4603,FLOW
3172,4603,UNWIND
6314,3245,HAS_BLOCK
3245,3318,FLOW
3245,4603,FLOW
3245,4603,UNWIND
6314,3318,HAS_BLOCK
3318,3384,FLOW
3318,3438,FLOW
3318,4574,FLOW
6314,3384,HAS_BLOCK
3384,3494,FLOW
3384,3607,FLOW
3384,3607,UNWIND
6314,3438,HAS_BLOCK
3438,4684,FLOW
3438,4603,FLOW
3438,4603,UNWIND
6314,3494,HAS_BLOCK
3494,2608,FLOW
6314,3607,HAS_BLOCK
3607,4603,FLOW
6314,3647,HAS_BLOCK
3647,3697,FLOW
3647,4603,FLOW
3647,4603,UNWIND
6314,3697,HAS_BLOCK
3697,2608,FLOW
3697,3743,FLOW
3697,4574,FLOW
6314,3743,HAS_BLOCK
3743,4728,FLOW
3743,4603,FLOW
3743,4603,UNWIND
6314,3791,HAS_BLOCK
3791,3892,FLOW
3791,4603,FLOW
3791,4603,UNWIND
6314,3847,HAS_BLOCK
3847,4140,FLOW
6314,3892,HAS_BLOCK
3892,3940,FLOW
3892,4603,FLOW
3892,4603,UNWIND
6314,3940,HAS_BLOCK
3940,3989,FLOW
3940,4034,FLOW
3940,4574,FLOW
6314,3989,HAS_BLOCK
3989,4140,FLOW
6314,4034,HAS_BLOCK
4034,4768,FLOW
4034,4603,FLOW
4034,4603,UNWIND
6314,4140,HAS_BLOCK
4140,4189,FLOW
6314,4189,HAS_BLOCK
4189,6314,RETURN
6314,4230,HAS_BLOCK
4230,4274,FLOW
6314,4274,HAS_BLOCK
6314,4322,HAS_BLOCK
4322,4189,FLOW
6314,4362,HAS_BLOCK
4362,4322,FLOW
4362,4405,FLOW
6314,4405,HAS_BLOCK
4405,4322,FLOW
4405,4230,FLOW
4405,4230,UNWIND
6314,4449,HAS_BLOCK
4449,4362,FLOW
4449,4322,FLOW
4449,4574,FLOW
6314,4489,HAS_BLOCK
4489,4230,FLOW
4489,4531,FLOW
6314,4531,HAS_BLOCK
4531,4230,FLOW
6314,4603,HAS_BLOCK
4603,4489,FLOW
4603,4230,FLOW
6314,4648,HAS_BLOCK
4648,4449,FLOW
6314,4684,HAS_BLOCK
4684,4449,FLOW
6314,4728,HAS_BLOCK
4728,4449,FLOW
6314,4768,HAS_BLOCK
4768,4449,FLOW
416,448,HAS_PARAM
416,480,HAS_PARAM
416,320,HAS_BLOCK
320,384,FLOW
416,384,HAS_BLOCK
384,416,RETURN
2288,2320,HAS_PARAM
2288,2352,HAS_PARAM
2288,2089,HAS_BLOCK
2089,2185,FLOW
2089,2153,FLOW
2089,2121,FLOW
2288,2121,HAS_BLOCK
2121,2210,FLOW
2288,2153,HAS_BLOCK
2153,2210,FLOW
2288,2185,HAS_BLOCK
2185,2210,FLOW
2288,2210,HAS_BLOCK
2210,2288,RETURN
1993,2025,HAS_PARAM
1993,2057,HAS_PARAM
1993,1517,HAS_BLOCK
1517,1875,FLOW
1993,1581,HAS_BLOCK
1581,1900,FLOW
1993,1714,HAS_BLOCK
1714,1900,FLOW
1993,1749,HAS_BLOCK
1749,1831,FLOW
1993,1806,HAS_BLOCK
1806,1900,FLOW
1993,1831,HAS_BLOCK
1831,1581,FLOW
1831,1806,FLOW
1993,1875,HAS_BLOCK
1875,1749,FLOW
1875,1714,FLOW
1993,1900,HAS_BLOCK
1900,1993,RETURN
1421,1453,HAS_PARAM
1421,1485,HAS_PARAM
1421,512,HAS_BLOCK
512,1389,FLOW
512,816,FLOW
1421,544,HAS_BLOCK
544,764,FLOW
1421,816,HAS_BLOCK
816,1003,FLOW
816,544,FLOW
1421,1003,HAS_BLOCK
1003,1151,FLOW
1003,544,FLOW
1421,1151,HAS_BLOCK
1151,1218,FLOW
1151,544,FLOW
1421,1218,HAS_BLOCK
1218,1270,FLOW
1218,544,FLOW
1421,1270,HAS_BLOCK
1270,1313,FLOW
1270,544,FLOW
1421,1313,HAS_BLOCK
1313,1352,FLOW
1313,544,FLOW
1421,1352,HAS_BLOCK
1352,742,FLOW
1352,544,FLOW
1421,1389,HAS_BLOCK
1389,544,FLOW
1389,572,FLOW
1421,572,HAS_BLOCK
572,597,FLOW
572,544,FLOW
1421,597,HAS_BLOCK
597,622,FLOW
597,544,FLOW
1421,622,HAS_BLOCK
622,646,FLOW
622,544,FLOW
1421,646,HAS_BLOCK
646,670,FLOW
646,544,FLOW
1421,670,HAS_BLOCK
670,694,FLOW
670,544,FLOW
1421,694,HAS_BLOCK
694,718,FLOW
694,544,FLOW
1421,718,HAS_BLOCK
718,764,FLOW
1421,742,HAS_BLOCK
742,764,FLOW
1421,764,HAS_BLOCK
764,1421,RETURN
256,288,HAS_PARAM
256,160,HAS_BLOCK
160,224,FLOW
256,224,HAS_BLOCK
224,256,RETURN
2480,2512,HAS_PARAM
2480,2544,HAS_PARAM
2480,2384,HAS_BLOCK
2384,2448,FLOW
2480,2448,HAS_BLOCK
2448,2480,RETURN
7892,7924,HAS_PARAM
7892,7956,HAS_PARAM
7892,6410,HAS_BLOCK
6410,6474,FLOW
6410,6814,FLOW
6410,6814,UNWIND
7892,6474,HAS_BLOCK
6474,6923,FLOW
6474,6814,FLOW
6474,6814,UNWIND
7892,6923,HAS_BLOCK
6923,7444,FLOW
6923,7572,FLOW
6923,7242,FLOW
7892,7242,HAS_BLOCK
7892,7444,HAS_BLOCK
7444,7669,FLOW
7444,7746,FLOW
7444,7242,FLOW
7892,7572,HAS_BLOCK
7572,6948,FLOW
7572,6814,FLOW
7572,6814,UNWIND
7892,7669,HAS_BLOCK
7669,7803,FLOW
7669,6814,FLOW
7669,6814,UNWIND
7892,7746,HAS_BLOCK
7746,7835,FLOW
7746,6814,FLOW
7746,6814,UNWIND
7892,7803,HAS_BLOCK
7803,6746,FLOW
7892,7835,HAS_BLOCK
7835,6506,FLOW
7835,6814,FLOW
7835,6814,UNWIND
7892,6506,HAS_BLOCK
6506,6538,FLOW
6506,6570,FLOW
6506,7242,FLOW
7892,6538,HAS_BLOCK
6538,6627,FLOW
6538,6677,FLOW
6538,7242,FLOW
7892,6570,HAS_BLOCK
6570,6992,FLOW
6570,6814,FLOW
6570,6814,UNWIND
7892,6627,HAS_BLOCK
6627,6720,FLOW
6627,6814,FLOW
6627,6814,UNWIND
7892,6677,HAS_BLOCK
6677,6789,FLOW
7892,6720,HAS_BLOCK
6720,6746,FLOW
7892,6746,HAS_BLOCK
6746,6789,FLOW
7892,6789,HAS_BLOCK
6789,7892,RETURN
7892,6814,HAS_BLOCK
6814,6840,FLOW
7892,6840,HAS_BLOCK
7892,6948,HAS_BLOCK
6948,6746,FLOW
7892,6992,HAS_BLOCK
6992,6746,FLOW
6314,6346,HAS_PARAM
6314,6378,HAS_PARAM
6314,2576,HAS_BLOCK
2576,2608,FLOW
6314,2608,HAS_BLOCK
2608,3575,FLOW
2608,5192,FLOW
2608,5192,UNWIND
6314,3575,HAS_BLOCK
3575,4108,FLOW
3575,5192,FLOW
3575,5192,UNWIND
6314,4108,HAS_BLOCK
4108,4979,FLOW
4108,5327,FLOW
4108,4574,FLOW
6314,4574,HAS_BLOCK
6314,4979,HAS_BLOCK
4979,5893,FLOW
4979,5652,FLOW
4979,4574,FLOW
6314,5327,HAS_BLOCK
5327,5227,FLOW
5327,5192,FLOW
5327,5192,UNWIND
6314,5652,HAS_BLOCK
5652,4274,FLOW
5652,4322,FLOW
5652,4574,FLOW
6314,5893,HAS_BLOCK
5893,2814,FLOW
5893,2640,FLOW
5893,6102,FLOW
5893,4574,FLOW
6314,6102,HAS_BLOCK
6102,4140,FLOW
6102,5192,FLOW
6102,5192,UNWIND
6314,2640,HAS_BLOCK
2640,3607,FLOW
2640,5192,FLOW
2640,5192,UNWIND
6314,2814,HAS_BLOCK
2814,2972,FLOW
2814,5192,FLOW
2814,5192,UNWIND
6314,2972,HAS_BLOCK
2972,3245,FLOW
2972,3090,FLOW
6314,3090,HAS_BLOCK
3090,3172,FLOW
3090,5192,FLOW
3090,5192,UNWIND
6314,3172,HAS_BLOCK
3172,5103,FLOW
6314,3245,HAS_BLOCK
3245,3318,FLOW
3245,5192,FLOW
3245,5192,UNWIND
6314,3318,HAS_BLOCK
3318,3384,FLOW
3318,5192,FLOW
3318,5192,UNWIND
6314,3384,HAS_BLOCK
3384,3438,FLOW
3384,3494,FLOW
3384,4574,FLOW
6314,3438,HAS_BLOCK
3438,2608,FLOW
6314,3494,HAS_BLOCK
3494,5255,FLOW
3494,5192,FLOW
3494,5192,UNWIND
6314,3607,HAS_BLOCK
3607,3743,FLOW
3607,3647,FLOW
6314,3647,HAS_BLOCK
3647,3697,FLOW
3647,5192,FLOW
3647,5192,UNWIND
6314,3697,HAS_BLOCK
3697,5103,FLOW
6314,3743,HAS_BLOCK
3743,3791,FLOW
3743,5192,FLOW
3743,5192,UNWIND
6314,3791,HAS_BLOCK
3791,3847,FLOW
3791,5192,FLOW
3791,5192,UNWIND
6314,3847,HAS_BLOCK
3847,3892,FLOW
3847,3940,FLOW
3847,4574,FLOW
6314,3892,HAS_BLOCK
3892,3989,FLOW
3892,4034,FLOW
3892,4034,UNWIND
6314,3940,HAS_BLOCK
3940,5284,FLOW
3940,5192,FLOW
3940,5192,UNWIND
6314,3989,HAS_BLOCK
3989,2608,FLOW
6314,4034,HAS_BLOCK
4034,5192,FLOW
6314,4140,HAS_BLOCK
4140,4189,FLOW
4140,5192,FLOW
4140,5192,UNWIND
6314,4189,HAS_BLOCK
4189,2608,FLOW
4189,4230,FLOW
4189,4574,FLOW
6314,4230,HAS_BLOCK
4230,5348,FLOW
4230,5192,FLOW
4230,5192,UNWIND
6314,4274,HAS_BLOCK
4274,4362,FLOW
4274,5192,FLOW
4274,5192,UNWIND
6314,4322,HAS_BLOCK
4322,4531,FLOW
6314,4362,HAS_BLOCK
4362,4405,FLOW
4362,5192,FLOW
4362,5192,UNWIND
6314,4405,HAS_BLOCK
4405,4449,FLOW
4405,4489,FLOW
4405,4574,FLOW
6314,4449,HAS_BLOCK
4449,4531,FLOW
6314,4489,HAS_BLOCK
4489,5376,FLOW
4489,5192,FLOW
4489,5192,UNWIND
6314,4531,HAS_BLOCK
4531,4603,FLOW
4531,4648,FLOW
4531,4574,FLOW
6314,4603,HAS_BLOCK
4603,4684,FLOW
4603,5192,FLOW
4603,5192,UNWIND
6314,4648,HAS_BLOCK
4648,4837,FLOW
6314,4684,HAS_BLOCK
4684,4728,FLOW
4684,5192,FLOW
4684,5192,UNWIND
6314,4728,HAS_BLOCK
4728,4768,FLOW
4728,4799,FLOW
4728,4574,FLOW
6314,4768,HAS_BLOCK
4768,4837,FLOW
6314,4799,HAS_BLOCK
4799,5404,FLOW
4799,5192,FLOW
4799,5192,UNWIND
6314,4837,HAS_BLOCK
4837,4870,FLOW
6314,4870,HAS_BLOCK
4870,6314,RETURN
6314,4905,HAS_BLOCK
4905,4938,FLOW
6314,4938,HAS_BLOCK
6314,5004,HAS_BLOCK
5004,4870,FLOW
6314,5035,HAS_BLOCK
5035,5004,FLOW
5035,5066,FLOW
6314,5066,HAS_BLOCK
5066,5004,FLOW
5066,4905,FLOW
5066,4905,UNWIND
6314,5103,HAS_BLOCK
5103,5035,FLOW
5103,5004,FLOW
5103,4574,FLOW
6314,5134,HAS_BLOCK
5134,4905,FLOW
5134,5167,FLOW
6314,5167,HAS_BLOCK
5167,4905,FLOW
6314,5192,HAS_BLOCK
5192,5134,FLOW
5192,4905,FLOW
6314,5227,HAS_BLOCK
5227,5103,FLOW
6314,5255,HAS_BLOCK
5255,5103,FLOW
6314,5284,HAS_BLOCK
5284,5103,FLOW
6314,5348,HAS_BLOCK
5348,5103,FLOW
6314,5376,HAS_BLOCK
5376,5103,FLOW
6314,5404,HAS_BLOCK
5404,5103,FLOW
416,448,HAS_PARAM
416,480,HAS_PARAM
416,320,HAS_BLOCK
320,384,FLOW
416,384,HAS_BLOCK
384,416,RETURN
2288,2320,HAS_PARAM
2288,2352,HAS_PARAM
2288,2089,HAS_BLOCK
2089,2185,FLOW
2089,2153,FLOW
2089,2121,FLOW
2288,2121,HAS_BLOCK
2121,2210,FLOW
2288,2153,HAS_BLOCK
2153,2210,FLOW
2288,2185,HAS_BLOCK
2185,2210,FLOW
2288,2210,HAS_BLOCK
2210,2288,RETURN
1993,2025,HAS_PARAM
1993,2057,HAS_PARAM
1993,1517,HAS_BLOCK
1517,1875,FLOW
1993,1581,HAS_BLOCK
1581,1900,FLOW
1993,1714,HAS_BLOCK
1714,1900,FLOW
1993,1749,HAS_BLOCK
1749,1831,FLOW
1993,1806,HAS_BLOCK
1806,1900,FLOW
1993,1831,HAS_BLOCK
1831,1581,FLOW
1831,1806,FLOW
1993,1875,HAS_BLOCK
1875,1749,FLOW
1875,1714,FLOW
1993,1900,HAS_BLOCK
1900,1993,RETURN
1421,1453,HAS_PARAM
1421,1485,HAS_PARAM
1421,512,HAS_BLOCK
512,1389,FLOW
512,816,FLOW
1421,544,HAS_BLOCK
544,764,FLOW
1421,816,HAS_BLOCK
816,1003,FLOW
816,544,FLOW
1421,1003,HAS_BLOCK
1003,1151,FLOW
1003,544,FLOW
1421,1151,HAS_BLOCK
1151,1218,FLOW
1151,544,FLOW
1421,1218,HAS_BLOCK
1218,1270,FLOW
1218,544,FLOW
1421,1270,HAS_BLOCK
1270,1313,FLOW
1270,544,FLOW
1421,1313,HAS_BLOCK
1313,1352,FLOW
1313,544,FLOW
1421,1352,HAS_BLOCK
1352,742,FLOW
1352,544,FLOW
1421,1389,HAS_BLOCK
1389,544,FLOW
1389,572,FLOW
1421,572,HAS_BLOCK
572,597,FLOW
572,544,FLOW
1421,597,HAS_BLOCK
597,622,FLOW
597,544,FLOW
1421,622,HAS_BLOCK
622,646,FLOW
622,544,FLOW
1421,646,HAS_BLOCK
646,670,FLOW
646,544,FLOW
1421,670,HAS_BLOCK
670,694,FLOW
670,544,FLOW
1421,694,HAS_BLOCK
694,718,FLOW
694,544,FLOW
1421,718,HAS_BLOCK
718,764,FLOW
1421,742,HAS_BLOCK
742,764,FLOW
1421,764,HAS_BLOCK
764,1421,RETURN
256,288,HAS_PARAM
256,160,HAS_BLOCK
160,224,FLOW
256,224,HAS_BLOCK
224,256,RETURN
2480,2512,HAS_PARAM
2480,2544,HAS_PARAM
2480,2384,HAS_BLOCK
2384,2448,FLOW
2480,2448,HAS_BLOCK
2448,2480,RETURN
7892,7924,HAS_PARAM
7892,7956,HAS_PARAM
7892,6410,HAS_BLOCK
6410,6474,FLOW
6410,6814,FLOW
6410,6814,UNWIND
7892,6474,HAS_BLOCK
6474,6923,FLOW
6474,6814,FLOW
6474,6814,UNWIND
7892,6923,HAS_BLOCK
6923,7444,FLOW
6923,7572,FLOW
6923,7242,FLOW
7892,7242,HAS_BLOCK
7892,7444,HAS_BLOCK
7444,7669,FLOW
7444,7746,FLOW
7444,7242,FLOW
7892,7572,HAS_BLOCK
7572,6948,FLOW
7572,6814,FLOW
7572,6814,UNWIND
7892,7669,HAS_BLOCK
7669,7803,FLOW
7669,6814,FLOW
7669,6814,UNWIND
7892,7746,HAS_BLOCK
7746,7835,FLOW
7746,6814,FLOW
7746,6814,UNWIND
7892,7803,HAS_BLOCK
7803,6746,FLOW
7892,7835,HAS_BLOCK
7835,6506,FLOW
7835,6814,FLOW
7835,6814,UNWIND
7892,6506,HAS_BLOCK
6506,6538,FLOW
6506,6570,FLOW
6506,7242,FLOW
7892,6538,HAS_BLOCK
6538,6627,FLOW
6538,6677,FLOW
6538,7242,FLOW
7892,6570,HAS_BLOCK
6570,6992,FLOW
6570,6814,FLOW
6570,6814,UNWIND
7892,6627,HAS_BLOCK
6627,6720,FLOW
6627,6814,FLOW
6627,6814,UNWIND
7892,6677,HAS_BLOCK
6677,6789,FLOW
7892,6720,HAS_BLOCK
6720,6746,FLOW
7892,6746,HAS_BLOCK
6746,6789,FLOW
7892,6789,HAS_BLOCK
6789,7892,RETURN
7892,6814,HAS_BLOCK
6814,6840,FLOW
7892,6840,HAS_BLOCK
7892,6948,HAS_BLOCK
6948,6746,FLOW
7892,6992,HAS_BLOCK
6992,6746,FLOW
6314,6346,HAS_PARAM
6314,6378,HAS_PARAM
6314,2576,HAS_BLOCK
2576,2608,FLOW
6314,2608,HAS_BLOCK
2608,3575,FLOW
2608,4870,FLOW
2608,4870,UNWIND
6314,3575,HAS_BLOCK
3575,4108,FLOW
3575,4870,FLOW
3575,4870,UNWIND
6314,4108,HAS_BLOCK
4108,4979,FLOW
4108,5327,FLOW
4108,4574,FLOW
6314,4574,HAS_BLOCK
6314,4979,HAS_BLOCK
4979,5893,FLOW
4979,5652,FLOW
4979,4574,FLOW
6314,5327,HAS_BLOCK
5327,4938,FLOW
5327,4870,FLOW
5327,4870,UNWIND
6314,5652,HAS_BLOCK
5652,4189,FLOW
5652,4230,FLOW
5652,4574,FLOW
6314,5893,HAS_BLOCK
5893,2814,FLOW
5893,2640,FLOW
5893,6102,FLOW
5893,4574,FLOW
6314,6102,HAS_BLOCK
6102,3989,FLOW
6102,4870,FLOW
6102,4870,UNWIND
6314,2640,HAS_BLOCK
2640,3607,FLOW
2640,4870,FLOW
2640,4870,UNWIND
6314,2814,HAS_BLOCK
2814,2972,FLOW
2814,4870,FLOW
2814,4870,UNWIND
6314,2972,HAS_BLOCK
2972,3245,FLOW
2972,3090,FLOW
6314,3090,HAS_BLOCK
3090,3172,FLOW
3090,4870,FLOW
3090,4870,UNWIND
6314,3172,HAS_BLOCK
3172,4799,FLOW
6314,3245,HAS_BLOCK
3245,3318,FLOW
3245,4870,FLOW
3245,4870,UNWIND
6314,3318,HAS_BLOCK
3318,3384,FLOW
3318,4870,FLOW
3318,4870,UNWIND
6314,3384,HAS_BLOCK
3384,3438,FLOW
3384,3494,FLOW
3384,4574,FLOW
6314,3438,HAS_BLOCK
3438,2608,FLOW
6314,3494,HAS_BLOCK
3494,5004,FLOW
3494,4870,FLOW
3494,4870,UNWIND
6314,3607,HAS_BLOCK
3607,3743,FLOW
3607,3647,FLOW
6314,3647,HAS_BLOCK
3647,3697,FLOW
3647,4870,FLOW
3647,4870,UNWIND
6314,3697,HAS_BLOCK
3697,4799,FLOW
6314,3743,HAS_BLOCK
3743,3791,FLOW
3743,4870,FLOW
3743,4870,UNWIND
6314,3791,HAS_BLOCK
3791,3847,FLOW
3791,4870,FLOW
3791,4870,UNWIND
6314,3847,HAS_BLOCK
3847,3892,FLOW
3847,3940,FLOW
3847,4574,FLOW
6314,3892,HAS_BLOCK
3892,2608,FLOW
6314,3940,HAS_BLOCK
3940,5035,FLOW
3940,4870,FLOW
3940,4870,UNWIND
6314,3989,HAS_BLOCK
3989,4034,FLOW
3989,4870,FLOW
3989,4870,UNWIND
6314,4034,HAS_BLOCK
4034,2608,FLOW
4034,4140,FLOW
4034,4574,FLOW
6314,4140,HAS_BLOCK
4140,5066,FLOW
4140,4870,FLOW
4140,4870,UNWIND
6314,4189,HAS_BLOCK
4189,4274,FLOW
4189,4870,FLOW
4189,4870,UNWIND
6314,4230,HAS_BLOCK
4230,4449,FLOW
6314,4274,HAS_BLOCK
4274,4322,FLOW
4274,4870,FLOW
4274,4870,UNWIND
6314,4322,HAS_BLOCK
4322,4362,FLOW
4322,4405,FLOW
4322,4574,FLOW
6314,4362,HAS_BLOCK
4362,4449,FLOW
6314,4405,HAS_BLOCK
4405,5103,FLOW
4405,4870,FLOW
4405,4870,UNWIND
6314,4449,HAS_BLOCK
4449,4489,FLOW
4449,4531,FLOW
4449,4574,FLOW
6314,4489,HAS_BLOCK
4489,4603,FLOW
4489,4870,FLOW
4489,4870,UNWIND
6314,4531,HAS_BLOCK
4531,4768,FLOW
6314,4603,HAS_BLOCK
4603,4648,FLOW
4603,4870,FLOW
4603,4870,UNWIND
6314,4648,HAS_BLOCK
4648,4684,FLOW
4648,4728,FLOW
4648,4574,FLOW
6314,4684,HAS_BLOCK
4684,4768,FLOW
6314,4728,HAS_BLOCK
4728,5134,FLOW
4728,4870,FLOW
4728,4870,UNWIND
6314,4768,HAS_BLOCK
4768,4837,FLOW
6314,4799,HAS_BLOCK
4799,4837,FLOW
6314,4837,HAS_BLOCK
4837,6314,RETURN
6314,4870,HAS_BLOCK
4870,4905,FLOW
6314,4905,HAS_BLOCK
6314,4938,HAS_BLOCK
4938,4799,FLOW
6314,5004,HAS_BLOCK
5004,4799,FLOW
6314,5035,HAS_BLOCK
5035,4799,FLOW
6314,5066,HAS_BLOCK
5066,4799,FLOW
6314,5103,HAS_BLOCK
5103,4799,FLOW
6314,5134,HAS_BLOCK
5134,4799,FLOW
416,448,HAS_PARAM
416,480,HAS_PARAM
416,320,HAS_BLOCK
320,384,FLOW
416,384,HAS_BLOCK
384,416,RETURN
2288,2320,HAS_PARAM
2288,2352,HAS_PARAM
2288,2089,HAS_BLOCK
2089,2153,FLOW
2089,2121,FLOW
2288,2121,HAS_BLOCK
2121,2185,FLOW
2288,2153,HAS_BLOCK
2153,2185,FLOW
2288,2185,HAS_BLOCK
2185,2288,RETURN
1993,2025,HAS_PARAM
1993,2057,HAS_PARAM
1993,1517,HAS_BLOCK
1517,1749,FLOW
1993,1581,HAS_BLOCK
1581,1806,FLOW
1993,1714,HAS_BLOCK
1714,1806,FLOW
1993,1749,HAS_BLOCK
1749,1581,FLOW
1749,1714,FLOW
1993,1806,HAS_BLOCK
1806,1993,RETURN
1421,1453,HAS_PARAM
1421,1485,HAS_PARAM
1421,512,HAS_BLOCK
512,544,FLOW
512,816,FLOW
1421,544,HAS_BLOCK
544,572,FLOW
1421,816,HAS_BLOCK
816,1003,FLOW
816,544,FLOW
1421,1003,HAS_BLOCK
1003,1151,FLOW
1003,544,FLOW
1421,1151,HAS_BLOCK
1151,1218,FLOW
1151,544,FLOW
1421,1218,HAS_BLOCK
1218,1270,FLOW
1218,544,FLOW
1421,1270,HAS_BLOCK
1270,1313,FLOW
1270,544,FLOW
1421,1313,HAS_BLOCK
1313,1352,FLOW
1313,544,FLOW
1421,1352,HAS_BLOCK
1352,1389,FLOW
1352,544,FLOW
1421,1389,HAS_BLOCK
1389,572,FLOW
1421,572,HAS_BLOCK
572,1421,RETURN
256,288,HAS_PARAM
256,160,HAS_BLOCK
160,224,FLOW
256,224,HAS_BLOCK
224,256,RETURN
2480,2512,HAS_PARAM
2480,2544,HAS_PARAM
2480,2384,HAS_BLOCK
2384,2448,FLOW
2480,2448,HAS_BLOCK
2448,2480,RETURN
7892,7924,HAS_PARAM
7892,7956,HAS_PARAM
7892,6410,HAS_BLOCK
6410,6474,FLOW
6410,6538,FLOW
6410,6538,UNWIND
7892,6474,HAS_BLOCK
6474,6923,FLOW
6474,6538,FLOW
6474,6538,UNWIND
7892,6923,HAS_BLOCK
6923,7444,FLOW
6923,7572,FLOW
6923,7242,FLOW
7892,7242,HAS_BLOCK
7892,7444,HAS_BLOCK
7444,7669,FLOW
7444,7746,FLOW
7444,7242,FLOW
7892,7572,HAS_BLOCK
7572,6627,FLOW
7572,6538,FLOW
7572,6538,UNWIND
7892,7669,HAS_BLOCK
7669,7803,FLOW
7669,6538,FLOW
7669,6538,UNWIND
7892,7746,HAS_BLOCK
7746,6506,FLOW
7892,7803,HAS_BLOCK
7803,7835,FLOW
7892,7835,HAS_BLOCK
7835,6506,FLOW
7892,6506,HAS_BLOCK
6506,7892,RETURN
7892,6538,HAS_BLOCK
6538,6570,FLOW
7892,6570,HAS_BLOCK
7892,6627,HAS_BLOCK
6627,7835,FLOW
6314,6346,HAS_PARAM
6314,6378,HAS_PARAM
6314,2576,HAS_BLOCK
2576,2608,FLOW
6314,2608,HAS_BLOCK
2608,3575,FLOW
2608,4189,FLOW
2608,4189,UNWIND
6314,3575,HAS_BLOCK
3575,4108,FLOW
3575,4189,FLOW
3575,4189,UNWIND
6314,4108,HAS_BLOCK
4108,4979,FLOW
4108,5327,FLOW
4108,4574,FLOW
6314,4574,HAS_BLOCK
6314,4979,HAS_BLOCK
4979,5893,FLOW
4979,5652,FLOW
4979,4574,FLOW
6314,5327,HAS_BLOCK
5327,4274,FLOW
5327,4189,FLOW
5327,4189,UNWIND
6314,5652,HAS_BLOCK
5652,3697,FLOW
5652,3743,FLOW
5652,4574,FLOW
6314,5893,HAS_BLOCK
5893,2640,FLOW
5893,6102,FLOW
5893,4574,FLOW
6314,6102,HAS_BLOCK
6102,3494,FLOW
6102,4189,FLOW
6102,4189,UNWIND
6314,2640,HAS_BLOCK
2640,2814,FLOW
2640,4189,FLOW
2640,4189,UNWIND
6314,2814,HAS_BLOCK
2814,3172,FLOW
2814,2972,FLOW
6314,2972,HAS_BLOCK
2972,3090,FLOW
2972,4189,FLOW
2972,4189,UNWIND
6314,3090,HAS_BLOCK
3090,4034,FLOW
6314,3172,HAS_BLOCK
3172,3245,FLOW
3172,4189,FLOW
3172,4189,UNWIND
6314,3245,HAS_BLOCK
3245,3318,FLOW
3245,4189,FLOW
3245,4189,UNWIND
6314,3318,HAS_BLOCK
3318,3384,FLOW
3318,3438,FLOW
3318,4574,FLOW
6314,3384,HAS_BLOCK
3384,2608,FLOW
6314,3438,HAS_BLOCK
3438,4322,FLOW
3438,4189,FLOW
3438,4189,UNWIND
6314,3494,HAS_BLOCK
3494,3607,FLOW
3494,4189,FLOW
3494,4189,UNWIND
6314,3607,HAS_BLOCK
3607,2608,FLOW
3607,3647,FLOW
3607,4574,FLOW
6314,3647,HAS_BLOCK
3647,4362,FLOW
3647,4189,FLOW
3647,4189,UNWIND
6314,3697,HAS_BLOCK
3697,3791,FLOW
3697,4189,FLOW
3697,4189,UNWIND
6314,3743,HAS_BLOCK
3743,3989,FLOW
6314,3791,HAS_BLOCK
3791,3847,FLOW
3791,4189,FLOW
3791,4189,UNWIND
6314,3847,HAS_BLOCK
3847,3892,FLOW
3847,3940,FLOW
3847,4574,FLOW
6314,3892,HAS_BLOCK
3892,3989,FLOW
6314,3940,HAS_BLOCK
3940,4405,FLOW
3940,4189,FLOW
3940,4189,UNWIND
6314,3989,HAS_BLOCK
3989,4140,FLOW
6314,4034,HAS_BLOCK
4034,4140,FLOW
6314,4140,HAS_BLOCK
4140,6314,RETURN
6314,4189,HAS_BLOCK
4189,4230,FLOW
6314,4230,HAS_BLOCK
6314,4274,HAS_BLOCK
4274,4034,FLOW
6314,4322,HAS_BLOCK
4322,4034,FLOW
6314,4362,HAS_BLOCK
4362,4034,FLOW
6314,4405,HAS_BLOCK
4405,4034,FLOW
416,448,HAS_PARAM
416,480,HAS_PARAM
416,320,HAS_BLOCK
320,384,FLOW
416,384,HAS_BLOCK
384,416,RETURN
2288,2320,HAS_PARAM
2288,2352,HAS_PARAM
2288,2089,HAS_BLOCK
2089,2243,FLOW
2089,2229,FLOW
2089,2210,FLOW
2089,2185,FLOW
2089,2153,FLOW
2089,2121,FLOW
2288,2121,HAS_BLOCK
2121,2252,FLOW
2288,2153,HAS_BLOCK
2153,2252,FLOW
2288,2185,HAS_BLOCK
2185,2252,FLOW
2288,2210,HAS_BLOCK
2210,2252,FLOW
2288,2229,HAS_BLOCK
2229,2252,FLOW
2288,2243,HAS_BLOCK
2243,2252,FLOW
2288,2252,HAS_BLOCK
2252,2288,RETURN
1993,2025,HAS_PARAM
1993,2057,HAS_PARAM
1993,1517,HAS_BLOCK
1517,1664,FLOW
1993,1581,HAS_BLOCK
1581,1673,FLOW
1993,1714,HAS_BLOCK
1714,1673,FLOW
1993,1749,HAS_BLOCK
1749,1655,FLOW
1993,1806,HAS_BLOCK
1806,1673,FLOW
1993,1831,HAS_BLOCK
1831,1645,FLOW
1993,1875,HAS_BLOCK
1875,1673,FLOW
1993,1900,HAS_BLOCK
1900,1631,FLOW
1993,1933,HAS_BLOCK
1933,1673,FLOW
1993,1952,HAS_BLOCK
1952,1614,FLOW
1993,1600,HAS_BLOCK
1600,1673,FLOW
1993,1614,HAS_BLOCK
1614,1581,FLOW
1614,1600,FLOW
1993,1631,HAS_BLOCK
1631,1952,FLOW
1631,1933,FLOW
1993,1645,HAS_BLOCK
1645,1900,FLOW
1645,1875,FLOW
1993,1655,HAS_BLOCK
1655,1831,FLOW
1655,1806,FLOW
1993,1664,HAS_BLOCK
1664,1749,FLOW
1664,1714,FLOW
1993,1673,HAS_BLOCK
1673,1993,RETURN
1421,1453,HAS_PARAM
1421,1485,HAS_PARAM
1421,512,HAS_BLOCK
512,1389,FLOW
512,816,FLOW
1421,544,HAS_BLOCK
544,1095,FLOW
1421,816,HAS_BLOCK
816,1003,FLOW
816,544,FLOW
1421,1003,HAS_BLOCK
1003,1151,FLOW
1003,544,FLOW
1421,1151,HAS_BLOCK
1151,1218,FLOW
1151,544,FLOW
1421,1218,HAS_BLOCK
1218,1270,FLOW
1218,544,FLOW
1421,1270,HAS_BLOCK
1270,1313,FLOW
1270,544,FLOW
1421,1313,HAS_BLOCK
1313,1352,FLOW
1313,544,FLOW
1421,1352,HAS_BLOCK
1352,1082,FLOW
1352,544,FLOW
1421,1389,HAS_BLOCK
1389,622,FLOW
1389,572,FLOW
1421,572,HAS_BLOCK
572,597,FLOW
572,544,FLOW
1421,597,HAS_BLOCK
597,1069,FLOW
597,544,FLOW
1421,622,HAS_BLOCK
622,856,FLOW
622,646,FLOW
1421,646,HAS_BLOCK
646,670,FLOW
646,544,FLOW
1421,670,HAS_BLOCK
670,694,FLOW
670,544,FLOW
1421,694,HAS_BLOCK
694,718,FLOW
694,544,FLOW
1421,718,HAS_BLOCK
718,742,FLOW
718,544,FLOW
1421,742,HAS_BLOCK
742,764,FLOW
742,544,FLOW
1421,764,HAS_BLOCK
764,784,FLOW
764,544,FLOW
1421,784,HAS_BLOCK
784,836,FLOW
784,544,FLOW
1421,836,HAS_BLOCK
836,1056,FLOW
836,544,FLOW
1421,856,HAS_BLOCK
856,544,FLOW
856,872,FLOW
1421,872,HAS_BLOCK
872,887,FLOW
872,943,FLOW
872,544,FLOW
1421,887,HAS_BLOCK
887,901,FLOW
887,544,FLOW
1421,901,HAS_BLOCK
901,915,FLOW
901,544,FLOW
1421,915,HAS_BLOCK
915,929,FLOW
915,544,FLOW
1421,929,HAS_BLOCK
929,1043,FLOW
929,544,FLOW
1421,943,HAS_BLOCK
943,957,FLOW
943,544,FLOW
1421,957,HAS_BLOCK
957,971,FLOW
957,544,FLOW
1421,971,HAS_BLOCK
971,1017,FLOW
971,544,FLOW
1421,1017,HAS_BLOCK
1017,1030,FLOW
1017,544,FLOW
1421,1030,HAS_BLOCK
1030,1095,FLOW
1421,1043,HAS_BLOCK
1043,1095,FLOW
1421,1056,HAS_BLOCK
1056,1095,FLOW
1421,1069,HAS_BLOCK
1069,1095,FLOW
1421,1082,HAS_BLOCK
1082,1095,FLOW
1421,1095,HAS_BLOCK
1095,1421,RETURN
256,288,HAS_PARAM
256,160,HAS_BLOCK
160,224,FLOW
256,224,HAS_BLOCK
224,256,RETURN
2480,2512,HAS_PARAM
2480,2544,HAS_PARAM
2480,2384,HAS_BLOCK
2384,2448,FLOW
2480,2448,HAS_BLOCK
2448,2480,RETURN
7892,7924,HAS_PARAM
7892,7956,HAS_PARAM
7892,6410,HAS_BLOCK
6410,6474,FLOW
6410,7466,FLOW
6410,7466,UNWIND
7892,6474,HAS_BLOCK
6474,6923,FLOW
6474,7466,FLOW
6474,7466,UNWIND
7892,6923,HAS_BLOCK
6923,7444,FLOW
6923,7572,FLOW
6923,7242,FLOW
7892,7242,HAS_BLOCK
7892,7444,HAS_BLOCK
7444,7669,FLOW
7444,7746,FLOW
7444,7242,FLOW
7892,7572,HAS_BLOCK
7572,7487,FLOW
7572,7466,FLOW
7572,7466,UNWIND
7892,7669,HAS_BLOCK
7669,7803,FLOW
7669,7466,FLOW
7669,7466,UNWIND
7892,7746,HAS_BLOCK
7746,7835,FLOW
7746,7466,FLOW
7746,7466,UNWIND
7892,7803,HAS_BLOCK
7803,7399,FLOW
7892,7835,HAS_BLOCK
7835,6506,FLOW
7835,7466,FLOW
7835,7466,UNWIND
7892,6506,HAS_BLOCK
6506,6538,FLOW
6506,6570,FLOW
6506,7242,FLOW
7892,6538,HAS_BLOCK
6538,6627,FLOW
6538,6677,FLOW
6538,7242,FLOW
7892,6570,HAS_BLOCK
6570,7496,FLOW
6570,7466,FLOW
6570,7466,UNWIND
7892,6627,HAS_BLOCK
6627,6720,FLOW
6627,7466,FLOW
6627,7466,UNWIND
7892,6677,HAS_BLOCK
6677,6746,FLOW
6677,7466,FLOW
6677,7466,UNWIND
7892,6720,HAS_BLOCK
6720,7399,FLOW
7892,6746,HAS_BLOCK
6746,6789,FLOW
6746,7466,FLOW
6746,7466,UNWIND
7892,6789,HAS_BLOCK
6789,6814,FLOW
6789,6840,FLOW
6789,7242,FLOW
7892,6814,HAS_BLOCK
6814,6948,FLOW
6814,6992,FLOW
6814,7242,FLOW
7892,6840,HAS_BLOCK
6840,7506,FLOW
6840,7466,FLOW
6840,7466,UNWIND
7892,6948,HAS_BLOCK
6948,7025,FLOW
6948,7466,FLOW
6948,7466,UNWIND
7892,6992,HAS_BLOCK
6992,7046,FLOW
6992,7466,FLOW
6992,7466,UNWIND
7892,7025,HAS_BLOCK
7025,7399,FLOW
7892,7046,HAS_BLOCK
7046,7078,FLOW
7046,7466,FLOW
7046,7466,UNWIND
7892,7078,HAS_BLOCK
7078,7097,FLOW
7078,7117,FLOW
7078,7242,FLOW
7892,7097,HAS_BLOCK
7097,7150,FLOW
7097,7182,FLOW
7097,7242,FLOW
7892,7117,HAS_BLOCK
7117,7515,FLOW
7117,7466,FLOW
7117,7466,UNWIND
7892,7150,HAS_BLOCK
7150,7210,FLOW
7150,7466,FLOW
7150,7466,UNWIND
7892,7182,HAS_BLOCK
7182,7256,FLOW
7182,7454,FLOW
7182,7454,UNWIND
7892,7210,HAS_BLOCK
7210,7399,FLOW
7892,7256,HAS_BLOCK
7256,7278,FLOW
7256,7454,FLOW
7256,7454,UNWIND
7892,7278,HAS_BLOCK
7278,7293,FLOW
7278,7308,FLOW
7278,7242,FLOW
7892,7293,HAS_BLOCK
7293,7330,FLOW
7293,7353,FLOW
7293,7242,FLOW
7892,7308,HAS_BLOCK
7308,7524,FLOW
7308,7454,FLOW
7308,7454,UNWIND
7892,7330,HAS_BLOCK
7330,7369,FLOW
7330,7454,FLOW
7330,7454,UNWIND
7892,7353,HAS_BLOCK
7353,7411,FLOW
7892,7369,HAS_BLOCK
7369,7383,FLOW
7892,7383,HAS_BLOCK
7383,7399,FLOW
7383,7466,FLOW
7383,7466,UNWIND
7892,7399,HAS_BLOCK
7399,7411,FLOW
7892,7411,HAS_BLOCK
7411,7892,RETURN
7892,7454,HAS_BLOCK
7454,7466,FLOW
7892,7466,HAS_BLOCK
7466,7477,FLOW
7892,7477,HAS_BLOCK
7892,7487,HAS_BLOCK
7487,7399,FLOW
7892,7496,HAS_BLOCK
7496,7399,FLOW
7892,7506,HAS_BLOCK
7506,7399,FLOW
7892,7515,HAS_BLOCK
7515,7399,FLOW
7892,7524,HAS_BLOCK
7524,7383,FLOW
6314,6346,HAS_PARAM
6314,6378,HAS_PARAM
6314,2576,HAS_BLOCK
2576,2608,FLOW
6314,2608,HAS_BLOCK
2608,3575,FLOW
2608,2718,FLOW
2608,2718,UNWIND
6314,3575,HAS_BLOCK
3575,4108,FLOW
3575,2718,FLOW
3575,2718,UNWIND
6314,4108,HAS_BLOCK
4108,4979,FLOW
4108,5327,FLOW
4108,4574,FLOW
6314,4574,HAS_BLOCK
6314,4979,HAS_BLOCK
4979,5893,FLOW
4979,5652,FLOW
4979,4574,FLOW
6314,5327,HAS_BLOCK
5327,2728,FLOW
5327,2718,FLOW
5327,2718,UNWIND
6314,5652,HAS_BLOCK
5652,5348,FLOW
5652,5376,FLOW
5652,4574,FLOW
6314,5893,HAS_BLOCK
5893,3172,FLOW
5893,3090,FLOW
5893,2972,FLOW
5893,2814,FLOW
5893,2640,FLOW
5893,6102,FLOW
5893,4574,FLOW
6314,6102,HAS_BLOCK
6102,5227,FLOW
6102,2718,FLOW
6102,2718,UNWIND
6314,2640,HAS_BLOCK
2640,4938,FLOW
2640,2718,FLOW
2640,2718,UNWIND
6314,2814,HAS_BLOCK
2814,4531,FLOW
2814,2718,FLOW
2814,2718,UNWIND
6314,2972,HAS_BLOCK
2972,4189,FLOW
2972,2718,FLOW
2972,2718,UNWIND
6314,3090,HAS_BLOCK
3090,3743,FLOW
3090,2718,FLOW
3090,2718,UNWIND
6314,3172,HAS_BLOCK
3172,3245,FLOW
3172,2718,FLOW
3172,2718,UNWIND
6314,3245,HAS_BLOCK
3245,3438,FLOW
3245,3318,FLOW
6314,3318,HAS_BLOCK
3318,3384,FLOW
3318,2718,FLOW
3318,2718,UNWIND
6314,3384,HAS_BLOCK
3384,6208,FLOW
6314,3438,HAS_BLOCK
3438,3494,FLOW
3438,2718,FLOW
3438,2718,UNWIND
6314,3494,HAS_BLOCK
3494,3607,FLOW
3494,2718,FLOW
3494,2718,UNWIND
6314,3607,HAS_BLOCK
3607,3647,FLOW
3607,3697,FLOW
3607,4574,FLOW
6314,3647,HAS_BLOCK
3647,2608,FLOW
6314,3697,HAS_BLOCK
3697,2739,FLOW
3697,2718,FLOW
3697,2718,UNWIND
6314,3743,HAS_BLOCK
3743,3892,FLOW
3743,3791,FLOW
6314,3791,HAS_BLOCK
3791,3847,FLOW
3791,2718,FLOW
3791,2718,UNWIND
6314,3847,HAS_BLOCK
3847,6208,FLOW
6314,3892,HAS_BLOCK
3892,3940,FLOW
3892,2718,FLOW
3892,2718,UNWIND
6314,3940,HAS_BLOCK
3940,3989,FLOW
3940,2718,FLOW
3940,2718,UNWIND
6314,3989,HAS_BLOCK
3989,4034,FLOW
3989,4140,FLOW
3989,4574,FLOW
6314,4034,HAS_BLOCK
4034,2608,FLOW
6314,4140,HAS_BLOCK
4140,2750,FLOW
4140,2718,FLOW
4140,2718,UNWIND
6314,4189,HAS_BLOCK
4189,4322,FLOW
4189,4230,FLOW
6314,4230,HAS_BLOCK
4230,4274,FLOW
4230,2718,FLOW
4230,2718,UNWIND
6314,4274,HAS_BLOCK
4274,6208,FLOW
6314,4322,HAS_BLOCK
4322,4362,FLOW
4322,2718,FLOW
4322,2718,UNWIND
6314,4362,HAS_BLOCK
4362,4405,FLOW
4362,2718,FLOW
4362,2718,UNWIND
6314,4405,HAS_BLOCK
4405,4449,FLOW
4405,4489,FLOW
4405,4574,FLOW
6314,4449,HAS_BLOCK
4449,2608,FLOW
6314,4489,HAS_BLOCK
4489,2824,FLOW
4489,2718,FLOW
4489,2718,UNWIND
6314,4531,HAS_BLOCK
4531,4684,FLOW
4531,4603,FLOW
6314,4603,HAS_BLOCK
4603,4648,FLOW
4603,2718,FLOW
4603,2718,UNWIND
6314,4648,HAS_BLOCK
4648,6208,FLOW
6314,4684,HAS_BLOCK
4684,4728,FLOW
4684,2718,FLOW
4684,2718,UNWIND
6314,4728,HAS_BLOCK
4728,4768,FLOW
4728,2718,FLOW
4728,2718,UNWIND
6314,4768,HAS_BLOCK
4768,4799,FLOW
4768,4837,FLOW
4768,4574,FLOW
6314,4799,HAS_BLOCK
4799,4870,FLOW
4799,4905,FLOW
4799,4905,UNWIND
6314,4837,HAS_BLOCK
4837,2836,FLOW
4837,2718,FLOW
4837,2718,UNWIND
6314,4870,HAS_BLOCK
4870,2608,FLOW
6314,4905,HAS_BLOCK
4905,2718,FLOW
6314,4938,HAS_BLOCK
4938,5066,FLOW
4938,5004,FLOW
6314,5004,HAS_BLOCK
5004,5035,FLOW
5004,2718,FLOW
5004,2718,UNWIND
6314,5035,HAS_BLOCK
5035,6208,FLOW
6314,5066,HAS_BLOCK
5066,5103,FLOW
5066,2718,FLOW
5066,2718,UNWIND
6314,5103,HAS_BLOCK
5103,5134,FLOW
5103,2718,FLOW
5103,2718,UNWIND
6314,5134,HAS_BLOCK
5134,5167,FLOW
5134,5192,FLOW
5134,4574,FLOW
6314,5167,HAS_BLOCK
5167,2608,FLOW
6314,5192,HAS_BLOCK
5192,2846,FLOW
5192,2718,FLOW
5192,2718,UNWIND
6314,5227,HAS_BLOCK
5227,5255,FLOW
5227,2718,FLOW
5227,2718,UNWIND
6314,5255,HAS_BLOCK
5255,2608,FLOW
5255,5284,FLOW
5255,4574,FLOW
6314,5284,HAS_BLOCK
5284,2858,FLOW
5284,2718,FLOW
5284,2718,UNWIND
6314,5348,HAS_BLOCK
5348,5404,FLOW
5348,2718,FLOW
5348,2718,UNWIND
6314,5376,HAS_BLOCK
5376,5507,FLOW
6314,5404,HAS_BLOCK
5404,5431,FLOW
5404,2718,FLOW
5404,2718,UNWIND
6314,5431,HAS_BLOCK
5431,5456,FLOW
5431,5480,FLOW
5431,4574,FLOW
6314,5456,HAS_BLOCK
5456,5507,FLOW
6314,5480,HAS_BLOCK
5480,2868,FLOW
5480,2718,FLOW
5480,2718,UNWIND
6314,5507,HAS_BLOCK
5507,5528,FLOW
5507,5557,FLOW
5507,4574,FLOW
6314,5528,HAS_BLOCK
5528,5580,FLOW
5528,2718,FLOW
5528,2718,UNWIND
6314,5557,HAS_BLOCK
5557,5742,FLOW
6314,5580,HAS_BLOCK
5580,5671,FLOW
5580,2718,FLOW
5580,2718,UNWIND
6314,5671,HAS_BLOCK
5671,5695,FLOW
5671,5719,FLOW
5671,4574,FLOW
6314,5695,HAS_BLOCK
5695,5742,FLOW
6314,5719,HAS_BLOCK
5719,2879,FLOW
5719,2718,FLOW
5719,2718,UNWIND
6314,5742,HAS_BLOCK
5742,5758,FLOW
5742,5782,FLOW
5742,4574,FLOW
6314,5758,HAS_BLOCK
5758,5799,FLOW
5758,2718,FLOW
5758,2718,UNWIND
6314,5782,HAS_BLOCK
5782,5907,FLOW
6314,5799,HAS_BLOCK
5799,5821,FLOW
5799,2718,FLOW
5799,2718,UNWIND
6314,5821,HAS_BLOCK
5821,5839,FLOW
5821,5858,FLOW
5821,4574,FLOW
6314,5839,HAS_BLOCK
5839,5907,FLOW
6314,5858,HAS_BLOCK
5858,2890,FLOW
5858,2718,FLOW
5858,2718,UNWIND
6314,5907,HAS_BLOCK
5907,5925,FLOW
5907,5946,FLOW
5907,4574,FLOW
6314,5925,HAS_BLOCK
5925,5961,FLOW
5925,2718,FLOW
5925,2718,UNWIND
6314,5946,HAS_BLOCK
5946,6034,FLOW
6314,5961,HAS_BLOCK
5961,5983,FLOW
5961,2718,FLOW
5961,2718,UNWIND
6314,5983,HAS_BLOCK
5983,5999,FLOW
5983,6017,FLOW
5983,4574,FLOW
6314,5999,HAS_BLOCK
5999,6034,FLOW
6314,6017,HAS_BLOCK
6017,2900,FLOW
6017,2718,FLOW
6017,2718,UNWIND
6314,6034,HAS_BLOCK
6034,6049,FLOW
6034,6068,FLOW
6034,4574,FLOW
6314,6049,HAS_BLOCK
6049,6115,FLOW
6049,6236,FLOW
6049,6236,UNWIND
6314,6068,HAS_BLOCK
6068,6194,FLOW
6314,6115,HAS_BLOCK
6115,6134,FLOW
6115,6236,FLOW
6115,6236,UNWIND
6314,6134,HAS_BLOCK
6134,6148,FLOW
6134,6163,FLOW
6134,4574,FLOW
6314,6148,HAS_BLOCK
6148,6194,FLOW
6314,6163,HAS_BLOCK
6163,6180,FLOW
6163,6236,FLOW
6163,6236,UNWIND
6314,6180,HAS_BLOCK
6180,6208,FLOW
6180,2718,FLOW
6180,2718,UNWIND
6314,6194,HAS_BLOCK
6194,6223,FLOW
6314,6208,HAS_BLOCK
6208,2674,FLOW
6208,2663,FLOW
6208,4574,FLOW
6314,6223,HAS_BLOCK
6223,6314,RETURN
6314,6236,HAS_BLOCK
6236,2718,FLOW
6314,6250,HAS_BLOCK
6250,2652,FLOW
6314,2652,HAS_BLOCK
6314,2663,HAS_BLOCK
2663,6223,FLOW
6314,2674,HAS_BLOCK
2674,2663,FLOW
2674,2684,FLOW
6314,2684,HAS_BLOCK
2684,2663,FLOW
2684,6250,FLOW
2684,6250,UNWIND
6314,2696,HAS_BLOCK
2696,6250,FLOW
2696,2706,FLOW
6314,2706,HAS_BLOCK
2706,6250,FLOW
6314,2718,HAS_BLOCK
2718,2696,FLOW
2718,6250,FLOW
6314,2728,HAS_BLOCK
2728,6208,FLOW
6314,2739,HAS_BLOCK
2739,6208,FLOW
6314,2750,HAS_BLOCK
2750,6208,FLOW
6314,2824,HAS_BLOCK
2824,6208,FLOW
6314,2836,HAS_BLOCK
2836,6208,FLOW
6314,2846,HAS_BLOCK
2846,6208,FLOW
6314,2858,HAS_BLOCK
2858,6208,FLOW
6314,2868,HAS_BLOCK
2868,6208,FLOW
6314,2879,HAS_BLOCK
2879,6208,FLOW
6314,2890,HAS_BLOCK
2890,6208,FLOW
6314,2900,HAS_BLOCK
2900,6208,FLOW
416,448,HAS_PARAM
416,480,HAS_PARAM
416,320,HAS_BLOCK
320,384,FLOW
416,384,HAS_BLOCK
384,416,RETURN
2288,2320,HAS_PARAM
2288,2352,HAS_PARAM
2288,2089,HAS_BLOCK
2089,2243,FLOW
2089,2229,FLOW
2089,2210,FLOW
2089,2185,FLOW
2089,2153,FLOW
2089,2121,FLOW
2288,2121,HAS_BLOCK
2121,2252,FLOW
2288,2153,HAS_BLOCK
2153,2252,FLOW
2288,2185,HAS_BLOCK
2185,2252,FLOW
2288,2210,HAS_BLOCK
2210,2252,FLOW
2288,2229,HAS_BLOCK
2229,2252,FLOW
2288,2243,HAS_BLOCK
2243,2252,FLOW
2288,2252,HAS_BLOCK
2252,2288,RETURN
1993,2025,HAS_PARAM
1993,2057,HAS_PARAM
1993,1517,HAS_BLOCK
1517,1664,FLOW
1993,1581,HAS_BLOCK
1581,1673,FLOW
1993,1714,HAS_BLOCK
1714,1673,FLOW
1993,1749,HAS_BLOCK
1749,1655,FLOW
1993,1806,HAS_BLOCK
1806,1673,FLOW
1993,1831,HAS_BLOCK
1831,1645,FLOW
1993,1875,HAS_BLOCK
1875,1673,FLOW
1993,1900,HAS_BLOCK
1900,1631,FLOW
1993,1933,HAS_BLOCK
1933,1673,FLOW
1993,1952,HAS_BLOCK
1952,1614,FLOW
1993,1600,HAS_BLOCK
1600,1673,FLOW
1993,1614,HAS_BLOCK
1614,1581,FLOW
1614,1600,FLOW
1993,1631,HAS_BLOCK
1631,1952,FLOW
1631,1933,FLOW
1993,1645,HAS_BLOCK
1645,1900,FLOW
1645,1875,FLOW
1993,1655,HAS_BLOCK
1655,1831,FLOW
1655,1806,FLOW
1993,1664,HAS_BLOCK
1664,1749,FLOW
1664,1714,FLOW
1993,1673,HAS_BLOCK
1673,1993,RETURN
1421,1453,HAS_PARAM
1421,1485,HAS_PARAM
1421,512,HAS_BLOCK
512,1389,FLOW
512,816,FLOW
1421,544,HAS_BLOCK
544,1095,FLOW
1421,816,HAS_BLOCK
816,1003,FLOW
816,544,FLOW
1421,1003,HAS_BLOCK
1003,1151,FLOW
1003,544,FLOW
1421,1151,HAS_BLOCK
1151,1218,FLOW
1151,544,FLOW
1421,1218,HAS_BLOCK
1218,1270,FLOW
1218,544,FLOW
1421,1270,HAS_BLOCK
1270,1313,FLOW
1270,544,FLOW
1421,1313,HAS_BLOCK
1313,1352,FLOW
1313,544,FLOW
1421,1352,HAS_BLOCK
1352,1082,FLOW
1352,544,FLOW
1421,1389,HAS_BLOCK
1389,622,FLOW
1389,572,FLOW
1421,572,HAS_BLOCK
572,597,FLOW
572,544,FLOW
1421,597,HAS_BLOCK
597,1069,FLOW
597,544,FLOW
1421,622,HAS_BLOCK
622,856,FLOW
622,646,FLOW
1421,646,HAS_BLOCK
646,670,FLOW
646,544,FLOW
1421,670,HAS_BLOCK
670,694,FLOW
670,544,FLOW
1421,694,HAS_BLOCK
694,718,FLOW
694,544,FLOW
1421,718,HAS_BLOCK
718,742,FLOW
718,544,FLOW
1421,742,HAS_BLOCK
742,764,FLOW
742,544,FLOW
1421,764,HAS_BLOCK
764,784,FLOW
764,544,FLOW
1421,784,HAS_BLOCK
784,836,FLOW
784,544,FLOW
1421,836,HAS_BLOCK
836,1056,FLOW
836,544,FLOW
1421,856,HAS_BLOCK
856,544,FLOW
856,872,FLOW
1421,872,HAS_BLOCK
872,887,FLOW
872,943,FLOW
872,544,FLOW
1421,887,HAS_BLOCK
887,901,FLOW
887,544,FLOW
1421,901,HAS_BLOCK
901,915,FLOW
901,544,FLOW
1421,915,HAS_BLOCK
915,929,FLOW
915,544,FLOW
1421,929,HAS_BLOCK
929,1043,FLOW
929,544,FLOW
1421,943,HAS_BLOCK
943,957,FLOW
943,544,FLOW
1421,957,HAS_BLOCK
957,971,FLOW
957,544,FLOW
1421,971,HAS_BLOCK
971,1017,FLOW
971,544,FLOW
1421,1017,HAS_BLOCK
1017,1030,FLOW
1017,544,FLOW
1421,1030,HAS_BLOCK
1030,1095,FLOW
1421,1043,HAS_BLOCK
1043,1095,FLOW
1421,1056,HAS_BLOCK
1056,1095,FLOW
1421,1069,HAS_BLOCK
1069,1095,FLOW
1421,1082,HAS_BLOCK
1082,1095,FLOW
1421,1095,HAS_BLOCK
1095,1421,RETURN
256,288,HAS_PARAM
256,160,HAS_BLOCK
160,224,FLOW
256,224,HAS_BLOCK
224,256,RETURN
2480,2512,HAS_PARAM
2480,2544,HAS_PARAM
2480,2384,HAS_BLOCK
2384,2448,FLOW
2480,2448,HAS_BLOCK
2448,2480,RETURN
7892,7924,HAS_PARAM
7892,7956,HAS_PARAM
7892,6410,HAS_BLOCK
6410,6474,FLOW
6410,7466,FLOW
6410,7466,UNWIND
7892,6474,HAS_BLOCK
6474,6923,FLOW
6474,7466,FLOW
6474,7466,UNWIND
7892,6923,HAS_BLOCK
6923,7444,FLOW
6923,7572,FLOW
6923,7242,FLOW
7892,7242,HAS_BLOCK
7892,7444,HAS_BLOCK
7444,7669,FLOW
7444,7746,FLOW
7444,7242,FLOW
7892,7572,HAS_BLOCK
7572,7487,FLOW
7572,7466,FLOW
7572,7466,UNWIND
7892,7669,HAS_BLOCK
7669,7803,FLOW
7669,7466,FLOW
7669,7466,UNWIND
7892,7746,HAS_BLOCK
7746,7835,FLOW
7746,7466,FLOW
7746,7466,UNWIND
7892,7803,HAS_BLOCK
7803,7399,FLOW
7892,7835,HAS_BLOCK
7835,6506,FLOW
7835,7466,FLOW
7835,7466,UNWIND
7892,6506,HAS_BLOCK
6506,6538,FLOW
6506,6570,FLOW
6506,7242,FLOW
7892,6538,HAS_BLOCK
6538,6627,FLOW
6538,6677,FLOW
6538,7242,FLOW
7892,6570,HAS_BLOCK
6570,7496,FLOW
6570,7466,FLOW
6570,7466,UNWIND
7892,6627,HAS_BLOCK
6627,6720,FLOW
6627,7466,FLOW
6627,7466,UNWIND
7892,6677,HAS_BLOCK
6677,6746,FLOW
6677,7466,FLOW
6677,7466,UNWIND
7892,6720,HAS_BLOCK
6720,7399,FLOW
7892,6746,HAS_BLOCK
6746,6789,FLOW
6746,7466,FLOW
6746,7466,UNWIND
7892,6789,HAS_BLOCK
6789,6814,FLOW
6789,6840,FLOW
6789,7242,FLOW
7892,6814,HAS_BLOCK
6814,6948,FLOW
6814,6992,FLOW
6814,7242,FLOW
7892,6840,HAS_BLOCK
6840,7506,FLOW
6840,7466,FLOW
6840,7466,UNWIND
7892,6948,HAS_BLOCK
6948,7025,FLOW
6948,7466,FLOW
6948,7466,UNWIND
7892,6992,HAS_BLOCK
6992,7046,FLOW
6992,7466,FLOW
6992,7466,UNWIND
7892,7025,HAS_BLOCK
7025,7399,FLOW
7892,7046,HAS_BLOCK
7046,7078,FLOW
7046,7466,FLOW
7046,7466,UNWIND
7892,7078,HAS_BLOCK
7078,7097,FLOW
7078,7117,FLOW
7078,7242,FLOW
7892,7097,HAS_BLOCK
7097,7150,FLOW
7097,7182,FLOW
7097,7242,FLOW
7892,7117,HAS_BLOCK
7117,7515,FLOW
7117,7466,FLOW
7117,7466,UNWIND
7892,7150,HAS_BLOCK
7150,7210,FLOW
7150,7466,FLOW
7150,7466,UNWIND
7892,7182,HAS_BLOCK
7182,7256,FLOW
7182,7454,FLOW
7182,7454,UNWIND
7892,7210,HAS_BLOCK
7210,7399,FLOW
7892,7256,HAS_BLOCK
7256,7278,FLOW
7256,7454,FLOW
7256,7454,UNWIND
7892,7278,HAS_BLOCK
7278,7293,FLOW
7278,7308,FLOW
7278,7242,FLOW
7892,7293,HAS_BLOCK
7293,7330,FLOW
7293,7353,FLOW
7293,7242,FLOW
7892,7308,HAS_BLOCK
7308,7524,FLOW
7308,7454,FLOW
7308,7454,UNWIND
7892,7330,HAS_BLOCK
7330,7369,FLOW
7330,7454,FLOW
7330,7454,UNWIND
7892,7353,HAS_BLOCK
7353,7411,FLOW
7892,7369,HAS_BLOCK
7369,7383,FLOW
7892,7383,HAS_BLOCK
7383,7399,FLOW
7383,7466,FLOW
7383,7466,UNWIND
7892,7399,HAS_BLOCK
7399,7411,FLOW
7892,7411,HAS_BLOCK
7411,7892,RETURN
7892,7454,HAS_BLOCK
7454,7466,FLOW
7892,7466,HAS_BLOCK
7466,7477,FLOW
7892,7477,HAS_BLOCK
7892,7487,HAS_BLOCK
7487,7399,FLOW
7892,7496,HAS_BLOCK
7496,7399,FLOW
7892,7506,HAS_BLOCK
7506,7399,FLOW
7892,7515,HAS_BLOCK
7515,7399,FLOW
7892,7524,HAS_BLOCK
7524,7383,FLOW
6314,6346,HAS_PARAM
6314,6378,HAS_PARAM
6314,2576,HAS_BLOCK
2576,2608,FLOW
6314,2608,HAS_BLOCK
2608,3575,FLOW
2608,2718,FLOW
2608,2718,UNWIND
6314,3575,HAS_BLOCK
3575,4108,FLOW
3575,2718,FLOW
3575,2718,UNWIND
6314,4108,HAS_BLOCK
4108,4979,FLOW
4108,5327,FLOW
4108,4574,FLOW
6314,4574,HAS_BLOCK
6314,4979,HAS_BLOCK
4979,5893,FLOW
4979,5652,FLOW
4979,4574,FLOW
6314,5327,HAS_BLOCK
5327,2728,FLOW
5327,2718,FLOW
5327,2718,UNWIND
6314,5652,HAS_BLOCK
5652,5348,FLOW
5652,5376,FLOW
5652,4574,FLOW
6314,5893,HAS_BLOCK
5893,3172,FLOW
5893,3090,FLOW
5893,2972,FLOW
5893,2814,FLOW
5893,2640,FLOW
5893,6102,FLOW
5893,4574,FLOW
6314,6102,HAS_BLOCK
6102,5227,FLOW
6102,2718,FLOW
6102,2718,UNWIND
6314,2640,HAS_BLOCK
2640,4938,FLOW
2640,2718,FLOW
2640,2718,UNWIND
6314,2814,HAS_BLOCK
2814,4531,FLOW
2814,2718,FLOW
2814,2718,UNWIND
6314,2972,HAS_BLOCK
2972,4189,FLOW
2972,2718,FLOW
2972,2718,UNWIND
6314,3090,HAS_BLOCK
3090,3743,FLOW
3090,2718,FLOW
3090,2718,UNWIND
6314,3172,HAS_BLOCK
3172,3245,FLOW
3172,2718,FLOW
3172,2718,UNWIND
6314,3245,HAS_BLOCK
3245,3438,FLOW
3245,3318,FLOW
6314,3318,HAS_BLOCK
3318,3384,FLOW
3318,2718,FLOW
3318,2718,UNWIND
6314,3384,HAS_BLOCK
3384,6208,FLOW
6314,3438,HAS_BLOCK
3438,3494,FLOW
3438,2718,FLOW
3438,2718,UNWIND
6314,3494,HAS_BLOCK
3494,3607,FLOW
3494,2718,FLOW
3494,2718,UNWIND
6314,3607,HAS_BLOCK
3607,3647,FLOW
3607,3697,FLOW
3607,4574,FLOW
6314,3647,HAS_BLOCK
3647,2608,FLOW
6314,3697,HAS_BLOCK
3697,2739,FLOW
3697,2718,FLOW
3697,2718,UNWIND
6314,3743,HAS_BLOCK
3743,3892,FLOW
3743,3791,FLOW
6314,3791,HAS_BLOCK
3791,3847,FLOW
3791,2718,FLOW
3791,2718,UNWIND
6314,3847,HAS_BLOCK
3847,6208,FLOW
6314,3892,HAS_BLOCK
3892,3940,FLOW
3892,2718,FLOW
3892,2718,UNWIND
6314,3940,HAS_BLOCK
3940,3989,FLOW
3940,2718,FLOW
3940,2718,UNWIND
6314,3989,HAS_BLOCK
3989,4034,FLOW
3989,4140,FLOW
3989,4574,FLOW
6314,4034,HAS_BLOCK
4034,2608,FLOW
6314,4140,HAS_BLOCK
4140,2750,FLOW
4140,2718,FLOW
4140,2718,UNWIND
6314,4189,HAS_BLOCK
4189,4322,FLOW
4189,4230,FLOW
6314,4230,HAS_BLOCK
4230,4274,FLOW
4230,2718,FLOW
4230,2718,UNWIND
6314,4274,HAS_BLOCK
4274,6208,FLOW
6314,4322,HAS_BLOCK
4322,4362,FLOW
4322,2718,FLOW
4322,2718,UNWIND
6314,4362,HAS_BLOCK
4362,4405,FLOW
4362,2718,FLOW
4362,2718,UNWIND
6314,4405,HAS_BLOCK
4405,4449,FLOW
4405,4489,FLOW
4405,4574,FLOW
6314,4449,HAS_BLOCK
4449,2608,FLOW
6314,4489,HAS_BLOCK
4489,2824,FLOW
4489,2718,FLOW
4489,2718,UNWIND
6314,4531,HAS_BLOCK
4531,4684,FLOW
4531,4603,FLOW
6314,4603,HAS_BLOCK
4603,4648,FLOW
4603,2718,FLOW
4603,2718,UNWIND
6314,4648,HAS_BLOCK
4648,6208,FLOW
6314,4684,HAS_BLOCK
4684,4728,FLOW
4684,2718,FLOW
4684,2718,UNWIND
6314,4728,HAS_BLOCK
4728,4768,FLOW
4728,2718,FLOW
4728,2718,UNWIND
6314,4768,HAS_BLOCK
4768,4799,FLOW
4768,4837,FLOW
4768,4574,FLOW
6314,4799,HAS_BLOCK
4799,4870,FLOW
4799,4905,FLOW
4799,4905,UNWIND
6314,4837,HAS_BLOCK
4837,2836,FLOW
4837,2718,FLOW
4837,2718,UNWIND
6314,4870,HAS_BLOCK
4870,2608,FLOW
6314,4905,HAS_BLOCK
4905,2718,FLOW
6314,4938,HAS_BLOCK
4938,5066,FLOW
4938,5004,FLOW
6314,5004,HAS_BLOCK
5004,5035,FLOW
5004,2718,FLOW
5004,2718,UNWIND
6314,5035,HAS_BLOCK
5035,6208,FLOW
6314,5066,HAS_BLOCK
5066,5103,FLOW
5066,2718,FLOW
5066,2718,UNWIND
6314,5103,HAS_BLOCK
5103,5134,FLOW
5103,2718,FLOW
5103,2718,UNWIND
6314,5134,HAS_BLOCK
5134,5167,FLOW
5134,5192,FLOW
5134,4574,FLOW
6314,5167,HAS_BLOCK
5167,2608,FLOW
6314,5192,HAS_BLOCK
5192,2846,FLOW
5192,2718,FLOW
5192,2718,UNWIND
6314,5227,HAS_BLOCK
5227,5255,FLOW
5227,2718,FLOW
5227,2718,UNWIND
6314,5255,HAS_BLOCK
5255,2608,FLOW
5255,5284,FLOW
5255,4574,FLOW
6314,5284,HAS_BLOCK
5284,2858,FLOW
5284,2718,FLOW
5284,2718,UNWIND
6314,5348,HAS_BLOCK
5348,5404,FLOW
5348,2718,FLOW
5348,2718,UNWIND
6314,5376,HAS_BLOCK
5376,5507,FLOW
6314,5404,HAS_BLOCK
5404,5431,FLOW
5404,2718,FLOW
5404,2718,UNWIND
6314,5431,HAS_BLOCK
5431,5456,FLOW
5431,5480,FLOW
5431,4574,FLOW
6314,5456,HAS_BLOCK
5456,5507,FLOW
6314,5480,HAS_BLOCK
5480,2868,FLOW
5480,2718,FLOW
5480,2718,UNWIND
6314,5507,HAS_BLOCK
5507,5528,FLOW
5507,5557,FLOW
5507,4574,FLOW
6314,5528,HAS_BLOCK
5528,5580,FLOW
5528,2718,FLOW
5528,2718,UNWIND
6314,5557,HAS_BLOCK
5557,5742,FLOW
6314,5580,HAS_BLOCK
5580,5671,FLOW
5580,2718,FLOW
5580,2718,UNWIND
6314,5671,HAS_BLOCK
5671,5695,FLOW
5671,5719,FLOW
5671,4574,FLOW
6314,5695,HAS_BLOCK
5695,5742,FLOW
6314,5719,HAS_BLOCK
5719,2879,FLOW
5719,2718,FLOW
5719,2718,UNWIND
6314,5742,HAS_BLOCK
5742,5758,FLOW
5742,5782,FLOW
5742,4574,FLOW
6314,5758,HAS_BLOCK
5758,5799,FLOW
5758,2718,FLOW
5758,2718,UNWIND
6314,5782,HAS_BLOCK
5782,5907,FLOW
6314,5799,HAS_BLOCK
5799,5821,FLOW
5799,2718,FLOW
5799,2718,UNWIND
6314,5821,HAS_BLOCK
5821,5839,FLOW
5821,5858,FLOW
5821,4574,FLOW
6314,5839,HAS_BLOCK
5839,5907,FLOW
6314,5858,HAS_BLOCK
5858,2890,FLOW
5858,2718,FLOW
5858,2718,UNWIND
6314,5907,HAS_BLOCK
5907,5925,FLOW
5907,5946,FLOW
5907,4574,FLOW
6314,5925,HAS_BLOCK
5925,5961,FLOW
5925,2718,FLOW
5925,2718,UNWIND
6314,5946,HAS_BLOCK
5946,6034,FLOW
6314,5961,HAS_BLOCK
5961,5983,FLOW
5961,2718,FLOW
5961,2718,UNWIND
6314,5983,HAS_BLOCK
5983,5999,FLOW
5983,6017,FLOW
5983,4574,FLOW
6314,5999,HAS_BLOCK
5999,6034,FLOW
6314,6017,HAS_BLOCK
6017,2900,FLOW
6017,2718,FLOW
6017,2718,UNWIND
6314,6034,HAS_BLOCK
6034,6049,FLOW
6034,6068,FLOW
6034,4574,FLOW
6314,6049,HAS_BLOCK
6049,6115,FLOW
6049,6236,FLOW
6049,6236,UNWIND
6314,6068,HAS_BLOCK
6068,6194,FLOW
6314,6115,HAS_BLOCK
6115,6134,FLOW
6115,6236,FLOW
6115,6236,UNWIND
6314,6134,HAS_BLOCK
6134,6148,FLOW
6134,6163,FLOW
6134,4574,FLOW
6314,6148,HAS_BLOCK
6148,6194,FLOW
6314,6163,HAS_BLOCK
6163,6180,FLOW
6163,6236,FLOW
6163,6236,UNWIND
6314,6180,HAS_BLOCK
6180,6208,FLOW
6180,2718,FLOW
6180,2718,UNWIND
6314,6194,HAS_BLOCK
6194,6223,FLOW
6314,6208,HAS_BLOCK
6208,2674,FLOW
6208,2663,FLOW
6208,4574,FLOW
6314,6223,HAS_BLOCK
6223,6314,RETURN
6314,6236,HAS_BLOCK
6236,2718,FLOW
6314,6250,HAS_BLOCK
6250,2652,FLOW
6314,2652,HAS_BLOCK
6314,2663,HAS_BLOCK
2663,6223,FLOW
6314,2674,HAS_BLOCK
2674,2663,FLOW
2674,2684,FLOW
6314,2684,HAS_BLOCK
2684,2663,FLOW
2684,6250,FLOW
2684,6250,UNWIND
6314,2696,HAS_BLOCK
2696,6250,FLOW
2696,2706,FLOW
6314,2706,HAS_BLOCK
2706,6250,FLOW
6314,2718,HAS_BLOCK
2718,2696,FLOW
2718,6250,FLOW
6314,2728,HAS_BLOCK
2728,6208,FLOW
6314,2739,HAS_BLOCK
2739,6208,FLOW
6314,2750,HAS_BLOCK
2750,6208,FLOW
6314,2824,HAS_BLOCK
2824,6208,FLOW
6314,2836,HAS_BLOCK
2836,6208,FLOW
6314,2846,HAS_BLOCK
2846,6208,FLOW
6314,2858,HAS_BLOCK
2858,6208,FLOW
6314,2868,HAS_BLOCK
2868,6208,FLOW
6314,2879,HAS_BLOCK
2879,6208,FLOW
6314,2890,HAS_BLOCK
2890,6208,FLOW
6314,2900,HAS_BLOCK
2900,6208,FLOW
416,448,HAS_PARAM
416,480,HAS_PARAM
416,320,HAS_BLOCK
320,384,FLOW
416,384,HAS_BLOCK
384,416,RETURN
2288,2320,HAS_PARAM
2288,2352,HAS_PARAM
2288,2089,HAS_BLOCK
2089,2229,FLOW
2089,2210,FLOW
2089,2185,FLOW
2089,2153,FLOW
2089,2121,FLOW
2288,2121,HAS_BLOCK
2121,2243,FLOW
2288,2153,HAS_BLOCK
2153,2243,FLOW
2288,2185,HAS_BLOCK
2185,2243,FLOW
2288,2210,HAS_BLOCK
2210,2243,FLOW
2288,2229,HAS_BLOCK
2229,2243,FLOW
2288,2243,HAS_BLOCK
2243,2288,RETURN
1993,2025,HAS_PARAM
1993,2057,HAS_PARAM
1993,1517,HAS_BLOCK
1517,1631,FLOW
1993,1581,HAS_BLOCK
1581,1645,FLOW
1993,1714,HAS_BLOCK
1714,1645,FLOW
1993,1749,HAS_BLOCK
1749,1614,FLOW
1993,1806,HAS_BLOCK
1806,1645,FLOW
1993,1831,HAS_BLOCK
1831,1600,FLOW
1993,1875,HAS_BLOCK
1875,1645,FLOW
1993,1900,HAS_BLOCK
1900,1952,FLOW
1993,1933,HAS_BLOCK
1933,1645,FLOW
1993,1952,HAS_BLOCK
1952,1581,FLOW
1952,1933,FLOW
1993,1600,HAS_BLOCK
1600,1900,FLOW
1600,1875,FLOW
1993,1614,HAS_BLOCK
1614,1831,FLOW
1614,1806,FLOW
1993,1631,HAS_BLOCK
1631,1749,FLOW
1631,1714,FLOW
1993,1645,HAS_BLOCK
1645,1993,RETURN
1421,1453,HAS_PARAM
1421,1485,HAS_PARAM
1421,512,HAS_BLOCK
512,1389,FLOW
512,816,FLOW
1421,544,HAS_BLOCK
544,1017,FLOW
1421,816,HAS_BLOCK
816,1003,FLOW
816,544,FLOW
1421,1003,HAS_BLOCK
1003,1151,FLOW
1003,544,FLOW
1421,1151,HAS_BLOCK
1151,1218,FLOW
1151,544,FLOW
1421,1218,HAS_BLOCK
1218,1270,FLOW
1218,544,FLOW
1421,1270,HAS_BLOCK
1270,1313,FLOW
1270,544,FLOW
1421,1313,HAS_BLOCK
1313,1352,FLOW
1313,544,FLOW
1421,1352,HAS_BLOCK
1352,971,FLOW
1352,544,FLOW
1421,1389,HAS_BLOCK
1389,784,FLOW
1389,572,FLOW
1421,572,HAS_BLOCK
572,597,FLOW
572,694,FLOW
572,544,FLOW
1421,597,HAS_BLOCK
597,622,FLOW
597,544,FLOW
1421,622,HAS_BLOCK
622,646,FLOW
622,544,FLOW
1421,646,HAS_BLOCK
646,670,FLOW
646,544,FLOW
1421,670,HAS_BLOCK
670,957,FLOW
670,544,FLOW
1421,694,HAS_BLOCK
694,718,FLOW
694,544,FLOW
1421,718,HAS_BLOCK
718,742,FLOW
718,544,FLOW
1421,742,HAS_BLOCK
742,764,FLOW
742,544,FLOW
1421,764,HAS_BLOCK
764,943,FLOW
764,544,FLOW
1421,784,HAS_BLOCK
784,544,FLOW
784,836,FLOW
1421,836,HAS_BLOCK
836,856,FLOW
836,544,FLOW
1421,856,HAS_BLOCK
856,872,FLOW
856,544,FLOW
1421,872,HAS_BLOCK
872,887,FLOW
872,544,FLOW
1421,887,HAS_BLOCK
887,901,FLOW
887,544,FLOW
1421,901,HAS_BLOCK
901,915,FLOW
901,544,FLOW
1421,915,HAS_BLOCK
915,929,FLOW
915,544,FLOW
1421,929,HAS_BLOCK
929,1017,FLOW
1421,943,HAS_BLOCK
943,1017,FLOW
1421,957,HAS_BLOCK
957,1017,FLOW
1421,971,HAS_BLOCK
971,1017,FLOW
1421,1017,HAS_BLOCK
1017,1421,RETURN
256,288,HAS_PARAM
256,160,HAS_BLOCK
160,224,FLOW
256,224,HAS_BLOCK
224,256,RETURN
2480,2512,HAS_PARAM
2480,2544,HAS_PARAM
2480,2384,HAS_BLOCK
2384,2448,FLOW
2480,2448,HAS_BLOCK
2448,2480,RETURN
7892,7924,HAS_PARAM
7892,7956,HAS_PARAM
7892,6410,HAS_BLOCK
6410,6474,FLOW
6410,7278,FLOW
6410,7278,UNWIND
7892,6474,HAS_BLOCK
6474,6923,FLOW
6474,7278,FLOW
6474,7278,UNWIND
7892,6923,HAS_BLOCK
6923,7444,FLOW
6923,7572,FLOW
6923,7242,FLOW
7892,7242,HAS_BLOCK
7892,7444,HAS_BLOCK
7444,7669,FLOW
7444,7746,FLOW
7444,7242,FLOW
7892,7572,HAS_BLOCK
7572,7330,FLOW
7572,7278,FLOW
7572,7278,UNWIND
7892,7669,HAS_BLOCK
7669,7803,FLOW
7669,7278,FLOW
7669,7278,UNWIND
7892,7746,HAS_BLOCK
7746,7835,FLOW
7746,7278,FLOW
7746,7278,UNWIND
7892,7803,HAS_BLOCK
7803,7210,FLOW
7892,7835,HAS_BLOCK
7835,6506,FLOW
7835,7278,FLOW
7835,7278,UNWIND
7892,6506,HAS_BLOCK
6506,6538,FLOW
6506,6570,FLOW
6506,7242,FLOW
7892,6538,HAS_BLOCK
6538,6627,FLOW
6538,6677,FLOW
6538,7242,FLOW
7892,6570,HAS_BLOCK
6570,7353,FLOW
6570,7278,FLOW
6570,7278,UNWIND
7892,6627,HAS_BLOCK
6627,6720,FLOW
6627,7278,FLOW
6627,7278,UNWIND
7892,6677,HAS_BLOCK
6677,6746,FLOW
6677,7278,FLOW
6677,7278,UNWIND
7892,6720,HAS_BLOCK
6720,7210,FLOW
7892,6746,HAS_BLOCK
6746,6789,FLOW
6746,7278,FLOW
6746,7278,UNWIND
7892,6789,HAS_BLOCK
6789,6814,FLOW
6789,6840,FLOW
6789,7242,FLOW
7892,6814,HAS_BLOCK
6814,6948,FLOW
6814,6992,FLOW
6814,7242,FLOW
7892,6840,HAS_BLOCK
6840,7369,FLOW
6840,7278,FLOW
6840,7278,UNWIND
7892,6948,HAS_BLOCK
6948,7025,FLOW
6948,7278,FLOW
6948,7278,UNWIND
7892,6992,HAS_BLOCK
6992,7046,FLOW
6992,7278,FLOW
6992,7278,UNWIND
7892,7025,HAS_BLOCK
7025,7210,FLOW
7892,7046,HAS_BLOCK
7046,7078,FLOW
7046,7278,FLOW
7046,7278,UNWIND
7892,7078,HAS_BLOCK
7078,7097,FLOW
7078,7117,FLOW
7078,7242,FLOW
7892,7097,HAS_BLOCK
7097,7150,FLOW
7097,7182,FLOW
7097,7242,FLOW
7892,7117,HAS_BLOCK
7117,7383,FLOW
7117,7278,FLOW
7117,7278,UNWIND
7892,7150,HAS_BLOCK
7150,7399,FLOW
7150,7278,FLOW
7150,7278,UNWIND
7892,7182,HAS_BLOCK
7182,7308,FLOW
7892,7210,HAS_BLOCK
7210,7256,FLOW
7892,7256,HAS_BLOCK
7256,7892,RETURN
7892,7278,HAS_BLOCK
7278,7293,FLOW
7892,7293,HAS_BLOCK
7892,7308,HAS_BLOCK
7308,7256,FLOW
7892,7330,HAS_BLOCK
7330,7210,FLOW
7892,7353,HAS_BLOCK
7353,7210,FLOW
7892,7369,HAS_BLOCK
7369,7210,FLOW
7892,7383,HAS_BLOCK
7383,7210,FLOW
7892,7399,HAS_BLOCK
7399,7308,FLOW
6314,6346,HAS_PARAM
6314,6378,HAS_PARAM
6314,2576,HAS_BLOCK
2576,2608,FLOW
6314,2608,HAS_BLOCK
2608,3575,FLOW
2608,5782,FLOW
2608,5782,UNWIND
6314,3575,HAS_BLOCK
3575,4108,FLOW
3575,5782,FLOW
3575,5782,UNWIND
6314,4108,HAS_BLOCK
4108,4979,FLOW
4108,5327,FLOW
4108,4574,FLOW
6314,4574,HAS_BLOCK
6314,4979,HAS_BLOCK
4979,5893,FLOW
4979,5652,FLOW
4979,4574,FLOW
6314,5327,HAS_BLOCK
5327,5821,FLOW
5327,5782,FLOW
5327,5782,UNWIND
6314,5652,HAS_BLOCK
5652,4938,FLOW
5652,5004,FLOW
5652,4574,FLOW
6314,5893,HAS_BLOCK
5893,3090,FLOW
5893,2972,FLOW
5893,2814,FLOW
5893,2640,FLOW
5893,6102,FLOW
5893,4574,FLOW
6314,6102,HAS_BLOCK
6102,4837,FLOW
6102,5782,FLOW
6102,5782,UNWIND
6314,2640,HAS_BLOCK
2640,4489,FLOW
2640,5782,FLOW
2640,5782,UNWIND
6314,2814,HAS_BLOCK
2814,4140,FLOW
2814,5782,FLOW
2814,5782,UNWIND
6314,2972,HAS_BLOCK
2972,3697,FLOW
2972,5782,FLOW
2972,5782,UNWIND
6314,3090,HAS_BLOCK
3090,3172,FLOW
3090,5782,FLOW
3090,5782,UNWIND
6314,3172,HAS_BLOCK
3172,3384,FLOW
3172,3245,FLOW
6314,3245,HAS_BLOCK
3245,3318,FLOW
3245,5782,FLOW
3245,5782,UNWIND
6314,3318,HAS_BLOCK
3318,5742,FLOW
6314,3384,HAS_BLOCK
3384,3438,FLOW
3384,5782,FLOW
3384,5782,UNWIND
6314,3438,HAS_BLOCK
3438,3494,FLOW
3438,5782,FLOW
3438,5782,UNWIND
6314,3494,HAS_BLOCK
3494,3607,FLOW
3494,3647,FLOW
3494,4574,FLOW
6314,3607,HAS_BLOCK
3607,2608,FLOW
6314,3647,HAS_BLOCK
3647,5839,FLOW
3647,5782,FLOW
3647,5782,UNWIND
6314,3697,HAS_BLOCK
3697,3847,FLOW
3697,3743,FLOW
6314,3743,HAS_BLOCK
3743,3791,FLOW
3743,5782,FLOW
3743,5782,UNWIND
6314,3791,HAS_BLOCK
3791,5742,FLOW
6314,3847,HAS_BLOCK
3847,3892,FLOW
3847,5782,FLOW
3847,5782,UNWIND
6314,3892,HAS_BLOCK
3892,3940,FLOW
3892,5782,FLOW
3892,5782,UNWIND
6314,3940,HAS_BLOCK
3940,3989,FLOW
3940,4034,FLOW
3940,4574,FLOW
6314,3989,HAS_BLOCK
3989,2608,FLOW
6314,4034,HAS_BLOCK
4034,5858,FLOW
4034,5782,FLOW
4034,5782,UNWIND
6314,4140,HAS_BLOCK
4140,4274,FLOW
4140,4189,FLOW
6314,4189,HAS_BLOCK
4189,4230,FLOW
4189,5782,FLOW
4189,5782,UNWIND
6314,4230,HAS_BLOCK
4230,5742,FLOW
6314,4274,HAS_BLOCK
4274,4322,FLOW
4274,5782,FLOW
4274,5782,UNWIND
6314,4322,HAS_BLOCK
4322,4362,FLOW
4322,5782,FLOW
4322,5782,UNWIND
6314,4362,HAS_BLOCK
4362,4405,FLOW
4362,4449,FLOW
4362,4574,FLOW
6314,4405,HAS_BLOCK
4405,2608,FLOW
6314,4449,HAS_BLOCK
4449,5907,FLOW
4449,5782,FLOW
4449,5782,UNWIND
6314,4489,HAS_BLOCK
4489,4648,FLOW
4489,4531,FLOW
6314,4531,HAS_BLOCK
4531,4603,FLOW
4531,5782,FLOW
4531,5782,UNWIND
6314,4603,HAS_BLOCK
4603,5742,FLOW
6314,4648,HAS_BLOCK
4648,4684,FLOW
4648,5782,FLOW
4648,5782,UNWIND
6314,4684,HAS_BLOCK
4684,4728,FLOW
4684,5782,FLOW
4684,5782,UNWIND
6314,4728,HAS_BLOCK
4728,4768,FLOW
4728,4799,FLOW
4728,4574,FLOW
6314,4768,HAS_BLOCK
4768,2608,FLOW
6314,4799,HAS_BLOCK
4799,5925,FLOW
4799,5782,FLOW
4799,5782,UNWIND
6314,4837,HAS_BLOCK
4837,4870,FLOW
4837,5782,FLOW
4837,5782,UNWIND
6314,4870,HAS_BLOCK
4870,2608,FLOW
4870,4905,FLOW
4870,4574,FLOW
6314,4905,HAS_BLOCK
4905,5946,FLOW
4905,5782,FLOW
4905,5782,UNWIND
6314,4938,HAS_BLOCK
4938,5035,FLOW
4938,5782,FLOW
4938,5782,UNWIND
6314,5004,HAS_BLOCK
5004,5167,FLOW
6314,5035,HAS_BLOCK
5035,5066,FLOW
5035,5782,FLOW
5035,5782,UNWIND
6314,5066,HAS_BLOCK
5066,5103,FLOW
5066,5134,FLOW
5066,4574,FLOW
6314,5103,HAS_BLOCK
5103,5167,FLOW
6314,5134,HAS_BLOCK
5134,5961,FLOW
5134,5782,FLOW
5134,5782,UNWIND
6314,5167,HAS_BLOCK
5167,5192,FLOW
5167,5227,FLOW
5167,4574,FLOW
6314,5192,HAS_BLOCK
5192,5255,FLOW
5192,5782,FLOW
5192,5782,UNWIND
6314,5227,HAS_BLOCK
5227,5404,FLOW
6314,5255,HAS_BLOCK
5255,5284,FLOW
5255,5782,FLOW
5255,5782,UNWIND
6314,5284,HAS_BLOCK
5284,5348,FLOW
5284,5376,FLOW
5284,4574,FLOW
6314,5348,HAS_BLOCK
5348,5404,FLOW
6314,5376,HAS_BLOCK
5376,5983,FLOW
5376,5782,FLOW
5376,5782,UNWIND
6314,5404,HAS_BLOCK
5404,5431,FLOW
5404,5456,FLOW
5404,4574,FLOW
6314,5431,HAS_BLOCK
5431,5480,FLOW
5431,5782,FLOW
5431,5782,UNWIND
6314,5456,HAS_BLOCK
5456,5580,FLOW
6314,5480,HAS_BLOCK
5480,5507,FLOW
5480,5782,FLOW
5480,5782,UNWIND
6314,5507,HAS_BLOCK
5507,5528,FLOW
5507,5557,FLOW
5507,4574,FLOW
6314,5528,HAS_BLOCK
5528,5580,FLOW
6314,5557,HAS_BLOCK
5557,5999,FLOW
5557,5782,FLOW
5557,5782,UNWIND
6314,5580,HAS_BLOCK
5580,5671,FLOW
5580,5695,FLOW
5580,4574,FLOW
6314,5671,HAS_BLOCK
5671,6017,FLOW
5671,5782,FLOW
5671,5782,UNWIND
6314,5695,HAS_BLOCK
5695,5719,FLOW
6314,5719,HAS_BLOCK
5719,5758,FLOW
6314,5742,HAS_BLOCK
5742,5758,FLOW
6314,5758,HAS_BLOCK
5758,6314,RETURN
6314,5782,HAS_BLOCK
5782,5799,FLOW
6314,5799,HAS_BLOCK
6314,5821,HAS_BLOCK
5821,5742,FLOW
6314,5839,HAS_BLOCK
5839,5742,FLOW
6314,5858,HAS_BLOCK
5858,5742,FLOW
6314,5907,HAS_BLOCK
5907,5742,FLOW
6314,5925,HAS_BLOCK
5925,5742,FLOW
6314,5946,HAS_BLOCK
5946,5742,FLOW
6314,5961,HAS_BLOCK
5961,5742,FLOW
6314,5983,HAS_BLOCK
5983,5742,FLOW
6314,5999,HAS_BLOCK
5999,5742,FLOW
6314,6017,HAS_BLOCK
6017,5719,FLOW
416,448,HAS_PARAM
416,480,HAS_PARAM
416,320,HAS_BLOCK
320,384,FLOW
416,384,HAS_BLOCK
384,416,RETURN
2288,2320,HAS_PARAM
2288,2352,HAS_PARAM
2288,2089,HAS_BLOCK
2089,2210,FLOW
2089,2185,FLOW
2089,2153,FLOW
2089,2121,FLOW
2288,2121,HAS_BLOCK
2121,2229,FLOW
2288,2153,HAS_BLOCK
2153,2229,FLOW
2288,2185,HAS_BLOCK
2185,2229,FLOW
2288,2210,HAS_BLOCK
2210,2229,FLOW
2288,2229,HAS_BLOCK
2229,2288,RETURN
1993,2025,HAS_PARAM
1993,2057,HAS_PARAM
1993,1517,HAS_BLOCK
1517,1952,FLOW
1993,1581,HAS_BLOCK
1581,1600,FLOW
1993,1714,HAS_BLOCK
1714,1600,FLOW
1993,1749,HAS_BLOCK
1749,1933,FLOW
1993,1806,HAS_BLOCK
1806,1600,FLOW
1993,1831,HAS_BLOCK
1831,1900,FLOW
1993,1875,HAS_BLOCK
1875,1600,FLOW
1993,1900,HAS_BLOCK
1900,1581,FLOW
1900,1875,FLOW
1993,1933,HAS_BLOCK
1933,1831,FLOW
1933,1806,FLOW
1993,1952,HAS_BLOCK
1952,1749,FLOW
1952,1714,FLOW
1993,1600,HAS_BLOCK
1600,1993,RETURN
1421,1453,HAS_PARAM
1421,1485,HAS_PARAM
1421,512,HAS_BLOCK
512,1389,FLOW
512,816,FLOW
1421,544,HAS_BLOCK
544,872,FLOW
1421,816,HAS_BLOCK
816,1003,FLOW
816,544,FLOW
1421,1003,HAS_BLOCK
1003,1151,FLOW
1003,544,FLOW
1421,1151,HAS_BLOCK
1151,1218,FLOW
1151,544,FLOW
1421,1218,HAS_BLOCK
1218,1270,FLOW
1218,544,FLOW
1421,1270,HAS_BLOCK
1270,1313,FLOW
1270,544,FLOW
1421,1313,HAS_BLOCK
1313,1352,FLOW
1313,544,FLOW
1421,1352,HAS_BLOCK
1352,856,FLOW
1352,544,FLOW
1421,1389,HAS_BLOCK
1389,544,FLOW
1389,572,FLOW
1421,572,HAS_BLOCK
572,597,FLOW
572,694,FLOW
572,544,FLOW
1421,597,HAS_BLOCK
597,622,FLOW
597,544,FLOW
1421,622,HAS_BLOCK
622,646,FLOW
622,544,FLOW
1421,646,HAS_BLOCK
646,670,FLOW
646,544,FLOW
1421,670,HAS_BLOCK
670,836,FLOW
670,544,FLOW
1421,694,HAS_BLOCK
694,718,FLOW
694,544,FLOW
1421,718,HAS_BLOCK
718,742,FLOW
718,544,FLOW
1421,742,HAS_BLOCK
742,764,FLOW
742,544,FLOW
1421,764,HAS_BLOCK
764,784,FLOW
764,544,FLOW
1421,784,HAS_BLOCK
784,872,FLOW
1421,836,HAS_BLOCK
836,872,FLOW
1421,856,HAS_BLOCK
856,872,FLOW
1421,872,HAS_BLOCK
872,1421,RETURN
256,288,HAS_PARAM
256,160,HAS_BLOCK
160,224,FLOW
256,224,HAS_BLOCK
224,256,RETURN
2480,2512,HAS_PARAM
2480,2544,HAS_PARAM
2480,2384,HAS_BLOCK
2384,2448,FLOW
2480,2448,HAS_BLOCK
2448,2480,RETURN
7892,7924,HAS_PARAM
7892,7956,HAS_PARAM
7892,6410,HAS_BLOCK
6410,6474,FLOW
6410,7097,FLOW
6410,7097,UNWIND
7892,6474,HAS_BLOCK
6474,6923,FLOW
6474,7097,FLOW
6474,7097,UNWIND
7892,6923,HAS_BLOCK
6923,7444,FLOW
6923,7572,FLOW
6923,7242,FLOW
7892,7242,HAS_BLOCK
7892,7444,HAS_BLOCK
7444,7669,FLOW
7444,7746,FLOW
7444,7242,FLOW
7892,7572,HAS_BLOCK
7572,7150,FLOW
7572,7097,FLOW
7572,7097,UNWIND
7892,7669,HAS_BLOCK
7669,7803,FLOW
7669,7097,FLOW
7669,7097,UNWIND
7892,7746,HAS_BLOCK
7746,7835,FLOW
7746,7097,FLOW
7746,7097,UNWIND
7892,7803,HAS_BLOCK
7803,7046,FLOW
7892,7835,HAS_BLOCK
7835,6506,FLOW
7835,7097,FLOW
7835,7097,UNWIND
7892,6506,HAS_BLOCK
6506,6538,FLOW
6506,6570,FLOW
6506,7242,FLOW
7892,6538,HAS_BLOCK
6538,6627,FLOW
6538,6677,FLOW
6538,7242,FLOW
7892,6570,HAS_BLOCK
6570,7182,FLOW
6570,7097,FLOW
6570,7097,UNWIND
7892,6627,HAS_BLOCK
6627,6720,FLOW
6627,7097,FLOW
6627,7097,UNWIND
7892,6677,HAS_BLOCK
6677,6746,FLOW
6677,7097,FLOW
6677,7097,UNWIND
7892,6720,HAS_BLOCK
6720,7046,FLOW
7892,6746,HAS_BLOCK
6746,6789,FLOW
6746,7097,FLOW
6746,7097,UNWIND
7892,6789,HAS_BLOCK
6789,6814,FLOW
6789,6840,FLOW
6789,7242,FLOW
7892,6814,HAS_BLOCK
6814,6948,FLOW
6814,6992,FLOW
6814,7242,FLOW
7892,6840,HAS_BLOCK
6840,7210,FLOW
6840,7097,FLOW
6840,7097,UNWIND
7892,6948,HAS_BLOCK
6948,7025,FLOW
6948,7097,FLOW
6948,7097,UNWIND
7892,6992,HAS_BLOCK
6992,7078,FLOW
7892,7025,HAS_BLOCK
7025,7046,FLOW
7892,7046,HAS_BLOCK
7046,7078,FLOW
7892,7078,HAS_BLOCK
7078,7892,RETURN
7892,7097,HAS_BLOCK
7097,7117,FLOW
7892,7117,HAS_BLOCK
7892,7150,HAS_BLOCK
7150,7046,FLOW
7892,7182,HAS_BLOCK
7182,7046,FLOW
7892,7210,HAS_BLOCK
7210,7046,FLOW
6314,6346,HAS_PARAM
6314,6378,HAS_PARAM
6314,2576,HAS_BLOCK
2576,2608,FLOW
6314,2608,HAS_BLOCK
2608,3575,FLOW
2608,5431,FLOW
2608,5431,UNWIND
6314,3575,HAS_BLOCK
3575,4108,FLOW
3575,5431,FLOW
3575,5431,UNWIND
6314,4108,HAS_BLOCK
4108,4979,FLOW
4108,5327,FLOW
4108,4574,FLOW
6314,4574,HAS_BLOCK
6314,4979,HAS_BLOCK
4979,5893,FLOW
4979,5652,FLOW
4979,4574,FLOW
6314,5327,HAS_BLOCK
5327,5480,FLOW
5327,5431,FLOW
5327,5431,UNWIND
6314,5652,HAS_BLOCK
5652,4603,FLOW
5652,4648,FLOW
5652,4574,FLOW
6314,5893,HAS_BLOCK
5893,2972,FLOW
5893,2814,FLOW
5893,2640,FLOW
5893,6102,FLOW
5893,4574,FLOW
6314,6102,HAS_BLOCK
6102,4449,FLOW
6102,5431,FLOW
6102,5431,UNWIND
6314,2640,HAS_BLOCK
2640,4034,FLOW
2640,5431,FLOW
2640,5431,UNWIND
6314,2814,HAS_BLOCK
2814,3647,FLOW
2814,5431,FLOW
2814,5431,UNWIND
6314,2972,HAS_BLOCK
2972,3090,FLOW
2972,5431,FLOW
2972,5431,UNWIND
6314,3090,HAS_BLOCK
3090,3318,FLOW
3090,3172,FLOW
6314,3172,HAS_BLOCK
3172,3245,FLOW
3172,5431,FLOW
3172,5431,UNWIND
6314,3245,HAS_BLOCK
3245,5376,FLOW
6314,3318,HAS_BLOCK
3318,3384,FLOW
3318,5431,FLOW
3318,5431,UNWIND
6314,3384,HAS_BLOCK
3384,3438,FLOW
3384,5431,FLOW
3384,5431,UNWIND
6314,3438,HAS_BLOCK
3438,3494,FLOW
3438,3607,FLOW
3438,4574,FLOW
6314,3494,HAS_BLOCK
3494,2608,FLOW
6314,3607,HAS_BLOCK
3607,5507,FLOW
3607,5431,FLOW
3607,5431,UNWIND
6314,3647,HAS_BLOCK
3647,3791,FLOW
3647,3697,FLOW
6314,3697,HAS_BLOCK
3697,3743,FLOW
3697,5431,FLOW
3697,5431,UNWIND
6314,3743,HAS_BLOCK
3743,5376,FLOW
6314,3791,HAS_BLOCK
3791,3847,FLOW
3791,5431,FLOW
3791,5431,UNWIND
6314,3847,HAS_BLOCK
3847,3892,FLOW
3847,5431,FLOW
3847,5431,UNWIND
6314,3892,HAS_BLOCK
3892,3940,FLOW
3892,3989,FLOW
3892,4574,FLOW
6314,3940,HAS_BLOCK
3940,2608,FLOW
6314,3989,HAS_BLOCK
3989,5528,FLOW
3989,5431,FLOW
3989,5431,UNWIND
6314,4034,HAS_BLOCK
4034,4230,FLOW
4034,4140,FLOW
6314,4140,HAS_BLOCK
4140,4189,FLOW
4140,5431,FLOW
4140,5431,UNWIND
6314,4189,HAS_BLOCK
4189,5376,FLOW
6314,4230,HAS_BLOCK
4230,4274,FLOW
4230,5431,FLOW
4230,5431,UNWIND
6314,4274,HAS_BLOCK
4274,4322,FLOW
4274,5431,FLOW
4274,5431,UNWIND
6314,4322,HAS_BLOCK
4322,4362,FLOW
4322,4405,FLOW
4322,4574,FLOW
6314,4362,HAS_BLOCK
4362,2608,FLOW
6314,4405,HAS_BLOCK
4405,5557,FLOW
4405,5431,FLOW
4405,5431,UNWIND
6314,4449,HAS_BLOCK
4449,4489,FLOW
4449,5431,FLOW
4449,5431,UNWIND
6314,4489,HAS_BLOCK
4489,2608,FLOW
4489,4531,FLOW
4489,4574,FLOW
6314,4531,HAS_BLOCK
4531,5580,FLOW
4531,5431,FLOW
4531,5431,UNWIND
6314,4603,HAS_BLOCK
4603,4684,FLOW
4603,5431,FLOW
4603,5431,UNWIND
6314,4648,HAS_BLOCK
4648,4837,FLOW
6314,4684,HAS_BLOCK
4684,4728,FLOW
4684,5431,FLOW
4684,5431,UNWIND
6314,4728,HAS_BLOCK
4728,4768,FLOW
4728,4799,FLOW
4728,4574,FLOW
6314,4768,HAS_BLOCK
4768,4837,FLOW
6314,4799,HAS_BLOCK
4799,5671,FLOW
4799,5431,FLOW
4799,5431,UNWIND
6314,4837,HAS_BLOCK
4837,4870,FLOW
4837,4905,FLOW
4837,4574,FLOW
6314,4870,HAS_BLOCK
4870,4938,FLOW
4870,5431,FLOW
4870,5431,UNWIND
6314,4905,HAS_BLOCK
4905,5103,FLOW
6314,4938,HAS_BLOCK
4938,5004,FLOW
4938,5431,FLOW
4938,5431,UNWIND
6314,5004,HAS_BLOCK
5004,5035,FLOW
5004,5066,FLOW
5004,4574,FLOW
6314,5035,HAS_BLOCK
5035,5103,FLOW
6314,5066,HAS_BLOCK
5066,5695,FLOW
5066,5431,FLOW
5066,5431,UNWIND
6314,5103,HAS_BLOCK
5103,5134,FLOW
5103,5167,FLOW
5103,4574,FLOW
6314,5134,HAS_BLOCK
5134,5192,FLOW
5134,5431,FLOW
5134,5431,UNWIND
6314,5167,HAS_BLOCK
5167,5348,FLOW
6314,5192,HAS_BLOCK
5192,5227,FLOW
5192,5431,FLOW
5192,5431,UNWIND
6314,5227,HAS_BLOCK
5227,5255,FLOW
5227,5284,FLOW
5227,4574,FLOW
6314,5255,HAS_BLOCK
5255,5348,FLOW
6314,5284,HAS_BLOCK
5284,5719,FLOW
5284,5431,FLOW
5284,5431,UNWIND
6314,5348,HAS_BLOCK
5348,5404,FLOW
6314,5376,HAS_BLOCK
5376,5404,FLOW
6314,5404,HAS_BLOCK
5404,6314,RETURN
6314,5431,HAS_BLOCK
5431,5456,FLOW
6314,5456,HAS_BLOCK
6314,5480,HAS_BLOCK
5480,5376,FLOW
6314,5507,HAS_BLOCK
5507,5376,FLOW
6314,5528,HAS_BLOCK
5528,5376,FLOW
6314,5557,HAS_BLOCK
5557,5376,FLOW
6314,5580,HAS_BLOCK
5580,5376,FLOW
6314,5671,HAS_BLOCK
5671,5376,FLOW
6314,5695,HAS_BLOCK
5695,5376,FLOW
6314,5719,HAS_BLOCK
5719,5376,FLOW
416,448,HAS_PARAM
416,480,HAS_PARAM
416,320,HAS_BLOCK
320,384,FLOW
416,384,HAS_BLOCK
384,416,RETURN
2288,2320,HAS_PARAM
2288,2352,HAS_PARAM
2288,2089,HAS_BLOCK
2089,2243,FLOW
2089,2229,FLOW
2089,2210,FLOW
2089,2185,FLOW
2089,2153,FLOW
2089,2121,FLOW
2288,2121,HAS_BLOCK
2121,2252,FLOW
2288,2153,HAS_BLOCK
2153,2252,FLOW
2288,2185,HAS_BLOCK
2185,2252,FLOW
2288,2210,HAS_BLOCK
2210,2252,FLOW
2288,2229,HAS_BLOCK
2229,2252,FLOW
2288,2243,HAS_BLOCK
2243,2252,FLOW
2288,2252,HAS_BLOCK
2252,2288,RETURN
1993,2025,HAS_PARAM
1993,2057,HAS_PARAM
1993,1517,HAS_BLOCK
1517,1664,FLOW
1993,1581,HAS_BLOCK
1581,1673,FLOW
1993,1714,HAS_BLOCK
1714,1673,FLOW
1993,1749,HAS_BLOCK
1749,1655,FLOW
1993,1806,HAS_BLOCK
1806,1673,FLOW
1993,1831,HAS_BLOCK
1831,1645,FLOW
1993,1875,HAS_BLOCK
1875,1673,FLOW
1993,1900,HAS_BLOCK
1900,1631,FLOW
1993,1933,HAS_BLOCK
1933,1673,FLOW
1993,1952,HAS_BLOCK
1952,1614,FLOW
1993,1600,HAS_BLOCK
1600,1673,FLOW
1993,1614,HAS_BLOCK
1614,1581,FLOW
1614,1600,FLOW
1993,1631,HAS_BLOCK
1631,1952,FLOW
1631,1933,FLOW
1993,1645,HAS_BLOCK
1645,1900,FLOW
1645,1875,FLOW
1993,1655,HAS_BLOCK
1655,1831,FLOW
1655,1806,FLOW
1993,1664,HAS_BLOCK
1664,1749,FLOW
1664,1714,FLOW
1993,1673,HAS_BLOCK
1673,1993,RETURN
1421,1453,HAS_PARAM
1421,1485,HAS_PARAM
1421,512,HAS_BLOCK
512,1389,FLOW
512,816,FLOW
1421,544,HAS_BLOCK
544,1095,FLOW
1421,816,HAS_BLOCK
816,1003,FLOW
816,544,FLOW
1421,1003,HAS_BLOCK
1003,1151,FLOW
1003,544,FLOW
1421,1151,HAS_BLOCK
1151,1218,FLOW
1151,544,FLOW
1421,1218,HAS_BLOCK
1218,1270,FLOW
1218,544,FLOW
1421,1270,HAS_BLOCK
1270,1313,FLOW
1270,544,FLOW
1421,1313,HAS_BLOCK
1313,1352,FLOW
1313,544,FLOW
1421,1352,HAS_BLOCK
1352,1082,FLOW
1352,544,FLOW
1421,1389,HAS_BLOCK
1389,764,FLOW
1389,572,FLOW
1421,572,HAS_BLOCK
572,597,FLOW
572,544,FLOW
1421,597,HAS_BLOCK
597,622,FLOW
597,544,FLOW
1421,622,HAS_BLOCK
622,646,FLOW
622,544,FLOW
1421,646,HAS_BLOCK
646,670,FLOW
646,544,FLOW
1421,670,HAS_BLOCK
670,694,FLOW
670,544,FLOW
1421,694,HAS_BLOCK
694,718,FLOW
694,544,FLOW
1421,718,HAS_BLOCK
718,742,FLOW
718,544,FLOW
1421,742,HAS_BLOCK
742,1069,FLOW
742,544,FLOW
1421,764,HAS_BLOCK
764,856,FLOW
764,784,FLOW
1421,784,HAS_BLOCK
784,836,FLOW
784,544,FLOW
1421,836,HAS_BLOCK
836,1056,FLOW
836,544,FLOW
1421,856,HAS_BLOCK
856,544,FLOW
856,872,FLOW
1421,872,HAS_BLOCK
872,887,FLOW
872,943,FLOW
872,544,FLOW
1421,887,HAS_BLOCK
887,901,FLOW
887,544,FLOW
1421,901,HAS_BLOCK
901,915,FLOW
901,544,FLOW
1421,915,HAS_BLOCK
915,929,FLOW
915,544,FLOW
1421,929,HAS_BLOCK
929,1043,FLOW
929,544,FLOW
1421,943,HAS_BLOCK
943,957,FLOW
943,544,FLOW
1421,957,HAS_BLOCK
957,971,FLOW
957,544,FLOW
1421,971,HAS_BLOCK
971,1017,FLOW
971,544,FLOW
1421,1017,HAS_BLOCK
1017,1030,FLOW
1017,544,FLOW
1421,1030,HAS_BLOCK
1030,1095,FLOW
1421,1043,HAS_BLOCK
1043,1095,FLOW
1421,1056,HAS_BLOCK
1056,1095,FLOW
1421,1069,HAS_BLOCK
1069,1095,FLOW
1421,1082,HAS_BLOCK
1082,1095,FLOW
1421,1095,HAS_BLOCK
1095,1421,RETURN
256,288,HAS_PARAM
256,160,HAS_BLOCK
160,224,FLOW
256,224,HAS_BLOCK
224,256,RETURN
2480,2512,HAS_PARAM
2480,2544,HAS_PARAM
2480,2384,HAS_BLOCK
2384,2448,FLOW
2480,2448,HAS_BLOCK
2448,2480,RETURN
7892,7924,HAS_PARAM
7892,7956,HAS_PARAM
7892,6410,HAS_BLOCK
6410,6474,FLOW
6410,7487,FLOW
6410,7487,UNWIND
7892,6474,HAS_BLOCK
6474,6923,FLOW
6474,7487,FLOW
6474,7487,UNWIND
7892,6923,HAS_BLOCK
6923,7444,FLOW
6923,7572,FLOW
6923,7242,FLOW
7892,7242,HAS_BLOCK
7892,7444,HAS_BLOCK
7444,7669,FLOW
7444,7746,FLOW
7444,7242,FLOW
7892,7572,HAS_BLOCK
7572,7506,FLOW
7572,7487,FLOW
7572,7487,UNWIND
7892,7669,HAS_BLOCK
7669,7803,FLOW
7669,7487,FLOW
7669,7487,UNWIND
7892,7746,HAS_BLOCK
7746,7835,FLOW
7746,7487,FLOW
7746,7487,UNWIND
7892,7803,HAS_BLOCK
7803,7411,FLOW
7892,7835,HAS_BLOCK
7835,6506,FLOW
7835,7487,FLOW
7835,7487,UNWIND
7892,6506,HAS_BLOCK
6506,6538,FLOW
6506,6570,FLOW
6506,7242,FLOW
7892,6538,HAS_BLOCK
6538,6627,FLOW
6538,6677,FLOW
6538,7242,FLOW
7892,6570,HAS_BLOCK
6570,7515,FLOW
6570,7487,FLOW
6570,7487,UNWIND
7892,6627,HAS_BLOCK
6627,6720,FLOW
6627,7487,FLOW
6627,7487,UNWIND
7892,6677,HAS_BLOCK
6677,6746,FLOW
6677,7477,FLOW
6677,7477,UNWIND
7892,6720,HAS_BLOCK
6720,7411,FLOW
7892,6746,HAS_BLOCK
6746,6789,FLOW
6746,7477,FLOW
6746,7477,UNWIND
7892,6789,HAS_BLOCK
6789,6814,FLOW
6789,6840,FLOW
6789,7242,FLOW
7892,6814,HAS_BLOCK
6814,6948,FLOW
6814,6992,FLOW
6814,7242,FLOW
7892,6840,HAS_BLOCK
6840,7524,FLOW
6840,7477,FLOW
6840,7477,UNWIND
7892,6948,HAS_BLOCK
6948,7025,FLOW
6948,7477,FLOW
6948,7477,UNWIND
7892,6992,HAS_BLOCK
6992,7046,FLOW
6992,7477,FLOW
6992,7477,UNWIND
7892,7025,HAS_BLOCK
7025,7399,FLOW
7892,7046,HAS_BLOCK
7046,7078,FLOW
7046,7477,FLOW
7046,7477,UNWIND
7892,7078,HAS_BLOCK
7078,7097,FLOW
7078,7117,FLOW
7078,7242,FLOW
7892,7097,HAS_BLOCK
7097,7150,FLOW
7097,7182,FLOW
7097,7242,FLOW
7892,7117,HAS_BLOCK
7117,7531,FLOW
7117,7477,FLOW
7117,7477,UNWIND
7892,7150,HAS_BLOCK
7150,7210,FLOW
7150,7477,FLOW
7150,7477,UNWIND
7892,7182,HAS_BLOCK
7182,7256,FLOW
7182,7466,FLOW
7182,7466,UNWIND
7892,7210,HAS_BLOCK
7210,7399,FLOW
7892,7256,HAS_BLOCK
7256,7278,FLOW
7256,7466,FLOW
7256,7466,UNWIND
7892,7278,HAS_BLOCK
7278,7293,FLOW
7278,7308,FLOW
7278,7242,FLOW
7892,7293,HAS_BLOCK
7293,7330,FLOW
7293,7353,FLOW
7293,7242,FLOW
7892,7308,HAS_BLOCK
7308,7539,FLOW
7308,7466,FLOW
7308,7466,UNWIND
7892,7330,HAS_BLOCK
7330,7369,FLOW
7330,7466,FLOW
7330,7466,UNWIND
7892,7353,HAS_BLOCK
7353,7454,FLOW
7892,7369,HAS_BLOCK
7369,7383,FLOW
7892,7383,HAS_BLOCK
7383,7399,FLOW
7383,7477,FLOW
7383,7477,UNWIND
7892,7399,HAS_BLOCK
7399,7411,FLOW
7399,7487,FLOW
7399,7487,UNWIND
7892,7411,HAS_BLOCK
7411,7454,FLOW
7892,7454,HAS_BLOCK
7454,7892,RETURN
7892,7466,HAS_BLOCK
7466,7477,FLOW
7892,7477,HAS_BLOCK
7477,7487,FLOW
7892,7487,HAS_BLOCK
7487,7496,FLOW
7892,7496,HAS_BLOCK
7892,7506,HAS_BLOCK
7506,7411,FLOW
7892,7515,HAS_BLOCK
7515,7411,FLOW
7892,7524,HAS_BLOCK
7524,7399,FLOW
7892,7531,HAS_BLOCK
7531,7399,FLOW
7892,7539,HAS_BLOCK
7539,7383,FLOW
6314,6346,HAS_PARAM
6314,6378,HAS_PARAM
6314,2576,HAS_BLOCK
2576,2608,FLOW
6314,2608,HAS_BLOCK
2608,3575,FLOW
2608,2868,FLOW
2608,2868,UNWIND
6314,3575,HAS_BLOCK
3575,4108,FLOW
3575,2868,FLOW
3575,2868,UNWIND
6314,4108,HAS_BLOCK
4108,4979,FLOW
4108,5327,FLOW
4108,4574,FLOW
6314,4574,HAS_BLOCK
6314,4979,HAS_BLOCK
4979,5893,FLOW
4979,5652,FLOW
4979,4574,FLOW
6314,5327,HAS_BLOCK
5327,2900,FLOW
5327,2868,FLOW
5327,2868,UNWIND
6314,5652,HAS_BLOCK
5652,5404,FLOW
5652,5431,FLOW
5652,4574,FLOW
6314,5893,HAS_BLOCK
5893,3172,FLOW
5893,3090,FLOW
5893,2972,FLOW
5893,2814,FLOW
5893,2640,FLOW
5893,6102,FLOW
5893,4574,FLOW
6314,6102,HAS_BLOCK
6102,5284,FLOW
6102,2868,FLOW
6102,2868,UNWIND
6314,2640,HAS_BLOCK
2640,5035,FLOW
2640,2868,FLOW
2640,2868,UNWIND
6314,2814,HAS_BLOCK
2814,4648,FLOW
2814,2868,FLOW
2814,2868,UNWIND
6314,2972,HAS_BLOCK
2972,4274,FLOW
2972,2868,FLOW
2972,2868,UNWIND
6314,3090,HAS_BLOCK
3090,3743,FLOW
3090,2868,FLOW
3090,2868,UNWIND
6314,3172,HAS_BLOCK
3172,3245,FLOW
3172,2868,FLOW
3172,2868,UNWIND
6314,3245,HAS_BLOCK
3245,3438,FLOW
3245,3318,FLOW
6314,3318,HAS_BLOCK
3318,3384,FLOW
3318,2868,FLOW
3318,2868,UNWIND
6314,3384,HAS_BLOCK
3384,6250,FLOW
6314,3438,HAS_BLOCK
3438,3494,FLOW
3438,2868,FLOW
3438,2868,UNWIND
6314,3494,HAS_BLOCK
3494,3607,FLOW
3494,2868,FLOW
3494,2868,UNWIND
6314,3607,HAS_BLOCK
3607,3647,FLOW
3607,3697,FLOW
3607,4574,FLOW
6314,3647,HAS_BLOCK
3647,2608,FLOW
6314,3697,HAS_BLOCK
3697,2908,FLOW
3697,2868,FLOW
3697,2868,UNWIND
6314,3743,HAS_BLOCK
3743,3892,FLOW
3743,3791,FLOW
6314,3791,HAS_BLOCK
3791,3847,FLOW
3791,2868,FLOW
3791,2868,UNWIND
6314,3847,HAS_BLOCK
3847,6250,FLOW
6314,3892,HAS_BLOCK
3892,3940,FLOW
3892,2868,FLOW
3892,2868,UNWIND
6314,3940,HAS_BLOCK
3940,3989,FLOW
3940,2868,FLOW
3940,2868,UNWIND
6314,3989,HAS_BLOCK
3989,4034,FLOW
3989,4140,FLOW
3989,4574,FLOW
6314,4034,HAS_BLOCK
4034,4189,FLOW
4034,4230,FLOW
4034,4230,UNWIND
6314,4140,HAS_BLOCK
4140,2914,FLOW
4140,2868,FLOW
4140,2868,UNWIND
6314,4189,HAS_BLOCK
4189,2608,FLOW
6314,4230,HAS_BLOCK
4230,2868,FLOW
6314,4274,HAS_BLOCK
4274,4405,FLOW
4274,4322,FLOW
6314,4322,HAS_BLOCK
4322,4362,FLOW
4322,2868,FLOW
4322,2868,UNWIND
6314,4362,HAS_BLOCK
4362,6250,FLOW
6314,4405,HAS_BLOCK
4405,4449,FLOW
4405,2868,FLOW
4405,2868,UNWIND
6314,4449,HAS_BLOCK
4449,4489,FLOW
4449,2868,FLOW
4449,2868,UNWIND
6314,4489,HAS_BLOCK
4489,4531,FLOW
4489,4603,FLOW
4489,4574,FLOW
6314,4531,HAS_BLOCK
4531,2608,FLOW
6314,4603,HAS_BLOCK
4603,2978,FLOW
4603,2868,FLOW
4603,2868,UNWIND
6314,4648,HAS_BLOCK
4648,4768,FLOW
4648,4684,FLOW
6314,4684,HAS_BLOCK
4684,4728,FLOW
4684,2868,FLOW
4684,2868,UNWIND
6314,4728,HAS_BLOCK
4728,6250,FLOW
6314,4768,HAS_BLOCK
4768,4799,FLOW
4768,2868,FLOW
4768,2868,UNWIND
6314,4799,HAS_BLOCK
4799,4837,FLOW
4799,2868,FLOW
4799,2868,UNWIND
6314,4837,HAS_BLOCK
4837,4870,FLOW
4837,4905,FLOW
4837,4574,FLOW
6314,4870,HAS_BLOCK
4870,4938,FLOW
4870,5004,FLOW
4870,5004,UNWIND
6314,4905,HAS_BLOCK
4905,2984,FLOW
4905,2868,FLOW
4905,2868,UNWIND
6314,4938,HAS_BLOCK
4938,2608,FLOW
6314,5004,HAS_BLOCK
5004,2868,FLOW
6314,5035,HAS_BLOCK
5035,5134,FLOW
5035,5066,FLOW
6314,5066,HAS_BLOCK
5066,5103,FLOW
5066,2868,FLOW
5066,2868,UNWIND
6314,5103,HAS_BLOCK
5103,6250,FLOW
6314,5134,HAS_BLOCK
5134,5167,FLOW
5134,2868,FLOW
5134,2868,UNWIND
6314,5167,HAS_BLOCK
5167,5192,FLOW
5167,2868,FLOW
5167,2868,UNWIND
6314,5192,HAS_BLOCK
5192,5227,FLOW
5192,5255,FLOW
5192,4574,FLOW
6314,5227,HAS_BLOCK
5227,2608,FLOW
6314,5255,HAS_BLOCK
5255,2991,FLOW
5255,2868,FLOW
5255,2868,UNWIND
6314,5284,HAS_BLOCK
5284,5348,FLOW
5284,2868,FLOW
5284,2868,UNWIND
6314,5348,HAS_BLOCK
5348,2608,FLOW
5348,5376,FLOW
5348,4574,FLOW
6314,5376,HAS_BLOCK
5376,2997,FLOW
5376,2868,FLOW
5376,2868,UNWIND
6314,5404,HAS_BLOCK
5404,5456,FLOW
5404,2868,FLOW
5404,2868,UNWIND
6314,5431,HAS_BLOCK
5431,5557,FLOW
6314,5456,HAS_BLOCK
5456,5480,FLOW
5456,2868,FLOW
5456,2868,UNWIND
6314,5480,HAS_BLOCK
5480,5507,FLOW
5480,5528,FLOW
5480,4574,FLOW
6314,5507,HAS_BLOCK
5507,5557,FLOW
6314,5528,HAS_BLOCK
5528,3003,FLOW
5528,2868,FLOW
5528,2868,UNWIND
6314,5557,HAS_BLOCK
5557,5580,FLOW
5557,5671,FLOW
5557,4574,FLOW
6314,5580,HAS_BLOCK
5580,5695,FLOW
5580,2868,FLOW
5580,2868,UNWIND
6314,5671,HAS_BLOCK
5671,5782,FLOW
6314,5695,HAS_BLOCK
5695,5719,FLOW
5695,2868,FLOW
5695,2868,UNWIND
6314,5719,HAS_BLOCK
5719,5742,FLOW
5719,5758,FLOW
5719,4574,FLOW
6314,5742,HAS_BLOCK
5742,5782,FLOW
6314,5758,HAS_BLOCK
5758,3010,FLOW
5758,2868,FLOW
5758,2868,UNWIND
6314,5782,HAS_BLOCK
5782,5799,FLOW
5782,5821,FLOW
5782,4574,FLOW
6314,5799,HAS_BLOCK
5799,5839,FLOW
5799,2674,FLOW
5799,2674,UNWIND
6314,5821,HAS_BLOCK
5821,5946,FLOW
6314,5839,HAS_BLOCK
5839,5858,FLOW
5839,2674,FLOW
5839,2674,UNWIND
6314,5858,HAS_BLOCK
5858,5907,FLOW
5858,5925,FLOW
5858,4574,FLOW
6314,5907,HAS_BLOCK
5907,5946,FLOW
6314,5925,HAS_BLOCK
5925,3016,FLOW
5925,2674,FLOW
5925,2674,UNWIND
6314,5946,HAS_BLOCK
5946,5961,FLOW
5946,5983,FLOW
5946,4574,FLOW
6314,5961,HAS_BLOCK
5961,5999,FLOW
5961,2674,FLOW
5961,2674,UNWIND
6314,5983,HAS_BLOCK
5983,6068,FLOW
6314,5999,HAS_BLOCK
5999,6017,FLOW
5999,2674,FLOW
5999,2674,UNWIND
6314,6017,HAS_BLOCK
6017,6034,FLOW
6017,6049,FLOW
6017,4574,FLOW
6314,6034,HAS_BLOCK
6034,6068,FLOW
6314,6049,HAS_BLOCK
6049,3023,FLOW
6049,2674,FLOW
6049,2674,UNWIND
6314,6068,HAS_BLOCK
6068,6115,FLOW
6068,6134,FLOW
6068,4574,FLOW
6314,6115,HAS_BLOCK
6115,6148,FLOW
6115,2663,FLOW
6115,2663,UNWIND
6314,6134,HAS_BLOCK
6134,6223,FLOW
6314,6148,HAS_BLOCK
6148,6163,FLOW
6148,2663,FLOW
6148,2663,UNWIND
6314,6163,HAS_BLOCK
6163,6180,FLOW
6163,6194,FLOW
6163,4574,FLOW
6314,6180,HAS_BLOCK
6180,6223,FLOW
6314,6194,HAS_BLOCK
6194,6208,FLOW
6194,2663,FLOW
6194,2663,UNWIND
6314,6208,HAS_BLOCK
6208,6236,FLOW
6208,2674,FLOW
6208,2674,UNWIND
6314,6223,HAS_BLOCK
6223,2652,FLOW
6314,6236,HAS_BLOCK
6236,6250,FLOW
6236,2868,FLOW
6236,2868,UNWIND
6314,6250,HAS_BLOCK
6250,2728,FLOW
6250,2718,FLOW
6250,4574,FLOW
6314,2652,HAS_BLOCK
2652,6314,RETURN
6314,2663,HAS_BLOCK
2663,2674,FLOW
6314,2674,HAS_BLOCK
2674,2868,FLOW
6314,2684,HAS_BLOCK
2684,2879,FLOW
2684,2696,FLOW
6314,2696,HAS_BLOCK
2696,2706,FLOW
6314,2706,HAS_BLOCK
6314,2718,HAS_BLOCK
2718,2824,FLOW
2718,2750,FLOW
2718,4574,FLOW
6314,2728,HAS_BLOCK
2728,2718,FLOW
2728,2739,FLOW
6314,2739,HAS_BLOCK
2739,2718,FLOW
2739,2684,FLOW
2739,2684,UNWIND
6314,2750,HAS_BLOCK
2750,2652,FLOW
6314,2824,HAS_BLOCK
2824,2750,FLOW
2824,2836,FLOW
6314,2836,HAS_BLOCK
2836,2750,FLOW
2836,2696,FLOW
2836,2696,UNWIND
6314,2846,HAS_BLOCK
2846,2684,FLOW
2846,2858,FLOW
6314,2858,HAS_BLOCK
2858,2684,FLOW
6314,2868,HAS_BLOCK
2868,2846,FLOW
2868,2684,FLOW
6314,2879,HAS_BLOCK
2879,2696,FLOW
2879,2890,FLOW
6314,2890,HAS_BLOCK
2890,2696,FLOW
6314,2900,HAS_BLOCK
2900,6250,FLOW
6314,2908,HAS_BLOCK
2908,6250,FLOW
6314,2914,HAS_BLOCK
2914,6250,FLOW
6314,2978,HAS_BLOCK
2978,6250,FLOW
6314,2984,HAS_BLOCK
2984,6250,FLOW
6314,2991,HAS_BLOCK
2991,6250,FLOW
6314,2997,HAS_BLOCK
2997,6250,FLOW
6314,3003,HAS_BLOCK
3003,6250,FLOW
6314,3010,HAS_BLOCK
3010,6250,FLOW
6314,3016,HAS_BLOCK
3016,6236,FLOW
6314,3023,HAS_BLOCK
3023,6236,FLOW
416,448,HAS_PARAM
416,480,HAS_PARAM
416,320,HAS_BLOCK
320,384,FLOW
416,384,HAS_BLOCK
384,416,RETURN
2288,2320,HAS_PARAM
2288,2352,HAS_PARAM
2288,2089,HAS_BLOCK
2089,2153,FLOW
2089,2121,FLOW
2288,2121,HAS_BLOCK
2121,2185,FLOW
2288,2153,HAS_BLOCK
2153,2185,FLOW
2288,2185,HAS_BLOCK
2185,2288,RETURN
1993,2025,HAS_PARAM
1993,2057,HAS_PARAM
1993,1517,HAS_BLOCK
1517,1749,FLOW
1993,1581,HAS_BLOCK
1581,1806,FLOW
1993,1714,HAS_BLOCK
1714,1806,FLOW
1993,1749,HAS_BLOCK
1749,1581,FLOW
1749,1714,FLOW
1993,1806,HAS_BLOCK
1806,1993,RETURN
1421,1453,HAS_PARAM
1421,1485,HAS_PARAM
1421,512,HAS_BLOCK
512,544,FLOW
512,816,FLOW
1421,544,HAS_BLOCK
544,572,FLOW
1421,816,HAS_BLOCK
816,1003,FLOW
816,544,FLOW
1421,1003,HAS_BLOCK
1003,1151,FLOW
1003,544,FLOW
1421,1151,HAS_BLOCK
1151,1218,FLOW
1151,544,FLOW
1421,1218,HAS_BLOCK
1218,1270,FLOW
1218,544,FLOW
1421,1270,HAS_BLOCK
1270,1313,FLOW
1270,544,FLOW
1421,1313,HAS_BLOCK
1313,1352,FLOW
1313,544,FLOW
1421,1352,HAS_BLOCK
1352,1389,FLOW
1352,544,FLOW
1421,1389,HAS_BLOCK
1389,572,FLOW
1421,572,HAS_BLOCK
572,1421,RETURN
256,288,HAS_PARAM
256,160,HAS_BLOCK
160,224,FLOW
256,224,HAS_BLOCK
224,256,RETURN
2480,2512,HAS_PARAM
2480,2544,HAS_PARAM
2480,2384,HAS_BLOCK
2384,2448,FLOW
2480,2448,HAS_BLOCK
2448,2480,RETURN
7892,7924,HAS_PARAM
7892,7956,HAS_PARAM
7892,6410,HAS_BLOCK
6410,6474,FLOW
6410,6538,FLOW
6410,6538,UNWIND
7892,6474,HAS_BLOCK
6474,6923,FLOW
6474,6538,FLOW
6474,6538,UNWIND
7892,6923,HAS_BLOCK
6923,7444,FLOW
6923,7572,FLOW
6923,7242,FLOW
7892,7242,HAS_BLOCK
7892,7444,HAS_BLOCK
7444,7669,FLOW
7444,7746,FLOW
7444,7242,FLOW
7892,7572,HAS_BLOCK
7572,6627,FLOW
7572,6538,FLOW
7572,6538,UNWIND
7892,7669,HAS_BLOCK
7669,7803,FLOW
7669,6538,FLOW
7669,6538,UNWIND
7892,7746,HAS_BLOCK
7746,6506,FLOW
7892,7803,HAS_BLOCK
7803,7835,FLOW
7892,7835,HAS_BLOCK
7835,6506,FLOW
7892,6506,HAS_BLOCK
6506,7892,RETURN
7892,6538,HAS_BLOCK
6538,6570,FLOW
7892,6570,HAS_BLOCK
7892,6627,HAS_BLOCK
6627,7835,FLOW
6314,6346,HAS_PARAM
6314,6378,HAS_PARAM
6314,2576,HAS_BLOCK
2576,2608,FLOW
6314,2608,HAS_BLOCK
2608,3575,FLOW
2608,4189,FLOW
2608,4189,UNWIND
6314,3575,HAS_BLOCK
3575,4108,FLOW
3575,4189,FLOW
3575,4189,UNWIND
6314,4108,HAS_BLOCK
4108,4979,FLOW
4108,5327,FLOW
4108,4574,FLOW
6314,4574,HAS_BLOCK
6314,4979,HAS_BLOCK
4979,5893,FLOW
4979,5652,FLOW
4979,4574,FLOW
6314,5327,HAS_BLOCK
5327,4274,FLOW
5327,4189,FLOW
5327,4189,UNWIND
6314,5652,HAS_BLOCK
5652,3697,FLOW
5652,3743,FLOW
5652,4574,FLOW
6314,5893,HAS_BLOCK
5893,2640,FLOW
5893,6102,FLOW
5893,4574,FLOW
6314,6102,HAS_BLOCK
6102,3494,FLOW
6102,4189,FLOW
6102,4189,UNWIND
6314,2640,HAS_BLOCK
2640,2814,FLOW
2640,4189,FLOW
2640,4189,UNWIND
6314,2814,HAS_BLOCK
2814,3172,FLOW
2814,2972,FLOW
6314,2972,HAS_BLOCK
2972,3090,FLOW
2972,4189,FLOW
2972,4189,UNWIND
6314,3090,HAS_BLOCK
3090,4034,FLOW
6314,3172,HAS_BLOCK
3172,3245,FLOW
3172,4189,FLOW
3172,4189,UNWIND
6314,3245,HAS_BLOCK
3245,3318,FLOW
3245,4189,FLOW
3245,4189,UNWIND
6314,3318,HAS_BLOCK
3318,3384,FLOW
3318,3438,FLOW
3318,4574,FLOW
6314,3384,HAS_BLOCK
3384,2608,FLOW
6314,3438,HAS_BLOCK
3438,4322,FLOW
3438,4189,FLOW
3438,4189,UNWIND
6314,3494,HAS_BLOCK
3494,3607,FLOW
3494,4189,FLOW
3494,4189,UNWIND
6314,3607,HAS_BLOCK
3607,2608,FLOW
3607,3647,FLOW
3607,4574,FLOW
6314,3647,HAS_BLOCK
3647,4362,FLOW
3647,4189,FLOW
3647,4189,UNWIND
6314,3697,HAS_BLOCK
3697,3791,FLOW
3697,4189,FLOW
3697,4189,UNWIND
6314,3743,HAS_BLOCK
3743,3989,FLOW
6314,3791,HAS_BLOCK
3791,3847,FLOW
3791,4189,FLOW
3791,4189,UNWIND
6314,3847,HAS_BLOCK
3847,3892,FLOW
3847,3940,FLOW
3847,4574,FLOW
6314,3892,HAS_BLOCK
3892,3989,FLOW
6314,3940,HAS_BLOCK
3940,4405,FLOW
3940,4189,FLOW
3940,4189,UNWIND
6314,3989,HAS_BLOCK
3989,4140,FLOW
6314,4034,HAS_BLOCK
4034,4140,FLOW
6314,4140,HAS_BLOCK
4140,6314,RETURN
6314,4189,HAS_BLOCK
4189,4230,FLOW
6314,4230,HAS_BLOCK
6314,4274,HAS_BLOCK
4274,4034,FLOW
6314,4322,HAS_BLOCK
4322,4034,FLOW
6314,4362,HAS_BLOCK
4362,4034,FLOW
6314,4405,HAS_BLOCK
4405,4034,FLOW
416,448,HAS_PARAM
416,480,HAS_PARAM
416,320,HAS_BLOCK
320,384,FLOW
416,384,HAS_BLOCK
384,416,RETURN
2288,2320,HAS_PARAM
2288,2352,HAS_PARAM
2288,2089,HAS_BLOCK
2089,2185,FLOW
2089,2153,FLOW
2089,2121,FLOW
2288,2121,HAS_BLOCK
2121,2210,FLOW
2288,2153,HAS_BLOCK
2153,2210,FLOW
2288,2185,HAS_BLOCK
2185,2210,FLOW
2288,2210,HAS_BLOCK
2210,2288,RETURN
1993,2025,HAS_PARAM
1993,2057,HAS_PARAM
1993,1517,HAS_BLOCK
1517,1875,FLOW
1993,1581,HAS_BLOCK
1581,1900,FLOW
1993,1714,HAS_BLOCK
1714,1900,FLOW
1993,1749,HAS_BLOCK
1749,1831,FLOW
1993,1806,HAS_BLOCK
1806,1900,FLOW
1993,1831,HAS_BLOCK
1831,1581,FLOW
1831,1806,FLOW
1993,1875,HAS_BLOCK
1875,1749,FLOW
1875,1714,FLOW
1993,1900,HAS_BLOCK
1900,1993,RETURN
1421,1453,HAS_PARAM
1421,1485,HAS_PARAM
1421,512,HAS_BLOCK
512,1389,FLOW
512,816,FLOW
1421,544,HAS_BLOCK
544,856,FLOW
1421,816,HAS_BLOCK
816,1003,FLOW
816,544,FLOW
1421,1003,HAS_BLOCK
1003,1151,FLOW
1003,544,FLOW
1421,1151,HAS_BLOCK
1151,1218,FLOW
1151,544,FLOW
1421,1218,HAS_BLOCK
1218,1270,FLOW
1218,544,FLOW
1421,1270,HAS_BLOCK
1270,1313,FLOW
1270,544,FLOW
1421,1313,HAS_BLOCK
1313,1352,FLOW
1313,544,FLOW
1421,1352,HAS_BLOCK
1352,836,FLOW
1352,544,FLOW
1421,1389,HAS_BLOCK
1389,544,FLOW
1389,572,FLOW
1421,572,HAS_BLOCK
572,597,FLOW
572,544,FLOW
1421,597,HAS_BLOCK
597,622,FLOW
597,544,FLOW
1421,622,HAS_BLOCK
622,646,FLOW
622,544,FLOW
1421,646,HAS_BLOCK
646,670,FLOW
646,544,FLOW
1421,670,HAS_BLOCK
670,694,FLOW
670,544,FLOW
1421,694,HAS_BLOCK
694,718,FLOW
694,544,FLOW
1421,718,HAS_BLOCK
718,742,FLOW
718,544,FLOW
1421,742,HAS_BLOCK
742,764,FLOW
742,544,FLOW
1421,764,HAS_BLOCK
764,784,FLOW
764,544,FLOW
1421,784,HAS_BLOCK
784,856,FLOW
1421,836,HAS_BLOCK
836,856,FLOW
1421,856,HAS_BLOCK
856,1421,RETURN
256,288,HAS_PARAM
256,160,HAS_BLOCK
160,224,FLOW
256,224,HAS_BLOCK
224,256,RETURN
2480,2512,HAS_PARAM
2480,2544,HAS_PARAM
2480,2384,HAS_BLOCK
2384,2448,FLOW
2480,2448,HAS_BLOCK
2448,2480,RETURN
7892,7924,HAS_PARAM
7892,7956,HAS_PARAM
7892,6410,HAS_BLOCK
6410,6474,FLOW
6410,6814,FLOW
6410,6814,UNWIND
7892,6474,HAS_BLOCK
6474,6923,FLOW
6474,6814,FLOW
6474,6814,UNWIND
7892,6923,HAS_BLOCK
6923,7444,FLOW
6923,7572,FLOW
6923,7242,FLOW
7892,7242,HAS_BLOCK
7892,7444,HAS_BLOCK
7444,7669,FLOW
7444,7746,FLOW
7444,7242,FLOW
7892,7572,HAS_BLOCK
7572,6948,FLOW
7572,6814,FLOW
7572,6814,UNWIND
7892,7669,HAS_BLOCK
7669,7803,FLOW
7669,6814,FLOW
7669,6814,UNWIND
7892,7746,HAS_BLOCK
7746,7835,FLOW
7746,6814,FLOW
7746,6814,UNWIND
7892,7803,HAS_BLOCK
7803,6746,FLOW
7892,7835,HAS_BLOCK
7835,6506,FLOW
7835,6814,FLOW
7835,6814,UNWIND
7892,6506,HAS_BLOCK
6506,6538,FLOW
6506,6570,FLOW
6506,7242,FLOW
7892,6538,HAS_BLOCK
6538,6627,FLOW
6538,6677,FLOW
6538,7242,FLOW
7892,6570,HAS_BLOCK
6570,6992,FLOW
6570,6814,FLOW
6570,6814,UNWIND
7892,6627,HAS_BLOCK
6627,6720,FLOW
6627,6814,FLOW
6627,6814,UNWIND
7892,6677,HAS_BLOCK
6677,6789,FLOW
7892,6720,HAS_BLOCK
6720,6746,FLOW
7892,6746,HAS_BLOCK
6746,6789,FLOW
7892,6789,HAS_BLOCK
6789,7892,RETURN
7892,6814,HAS_BLOCK
6814,6840,FLOW
7892,6840,HAS_BLOCK
7892,6948,HAS_BLOCK
6948,6746,FLOW
7892,6992,HAS_BLOCK
6992,6746,FLOW
6314,6346,HAS_PARAM
6314,6378,HAS_PARAM
6314,2576,HAS_BLOCK
2576,2608,FLOW
6314,2608,HAS_BLOCK
2608,3575,FLOW
2608,4870,FLOW
2608,4870,UNWIND
6314,3575,HAS_BLOCK
3575,4108,FLOW
3575,4870,FLOW
3575,4870,UNWIND
6314,4108,HAS_BLOCK
4108,4979,FLOW
4108,5327,FLOW
4108,4574,FLOW
6314,4574,HAS_BLOCK
6314,4979,HAS_BLOCK
4979,5893,FLOW
4979,5652,FLOW
4979,4574,FLOW
6314,5327,HAS_BLOCK
5327,4938,FLOW
5327,4870,FLOW
5327,4870,UNWIND
6314,5652,HAS_BLOCK
5652,4189,FLOW
5652,4230,FLOW
5652,4574,FLOW
6314,5893,HAS_BLOCK
5893,2814,FLOW
5893,2640,FLOW
5893,6102,FLOW
5893,4574,FLOW
6314,6102,HAS_BLOCK
6102,3989,FLOW
6102,4870,FLOW
6102,4870,UNWIND
6314,2640,HAS_BLOCK
2640,3607,FLOW
2640,4870,FLOW
2640,4870,UNWIND
6314,2814,HAS_BLOCK
2814,2972,FLOW
2814,4870,FLOW
2814,4870,UNWIND
6314,2972,HAS_BLOCK
2972,3245,FLOW
2972,3090,FLOW
6314,3090,HAS_BLOCK
3090,3172,FLOW
3090,4870,FLOW
3090,4870,UNWIND
6314,3172,HAS_BLOCK
3172,4799,FLOW
6314,3245,HAS_BLOCK
3245,3318,FLOW
3245,4870,FLOW
3245,4870,UNWIND
6314,3318,HAS_BLOCK
3318,3384,FLOW
3318,4870,FLOW
3318,4870,UNWIND
6314,3384,HAS_BLOCK
3384,3438,FLOW
3384,3494,FLOW
3384,4574,FLOW
6314,3438,HAS_BLOCK
3438,2608,FLOW
6314,3494,HAS_BLOCK
3494,5004,FLOW
3494,4870,FLOW
3494,4870,UNWIND
6314,3607,HAS_BLOCK
3607,3743,FLOW
3607,3647,FLOW
6314,3647,HAS_BLOCK
3647,3697,FLOW
3647,4870,FLOW
3647,4870,UNWIND
6314,3697,HAS_BLOCK
3697,4799,FLOW
6314,3743,HAS_BLOCK
3743,3791,FLOW
3743,4870,FLOW
3743,4870,UNWIND
6314,3791,HAS_BLOCK
3791,3847,FLOW
3791,4870,FLOW
3791,4870,UNWIND
6314,3847,HAS_BLOCK
3847,3892,FLOW
3847,3940,FLOW
3847,4574,FLOW
6314,3892,HAS_BLOCK
3892,2608,FLOW
6314,3940,HAS_BLOCK
3940,5035,FLOW
3940,4870,FLOW
3940,4870,UNWIND
6314,3989,HAS_BLOCK
3989,4034,FLOW
3989,4870,FLOW
3989,4870,UNWIND
6314,4034,HAS_BLOCK
4034,2608,FLOW
4034,4140,FLOW
4034,4574,FLOW
6314,4140,HAS_BLOCK
4140,5066,FLOW
4140,4870,FLOW
4140,4870,UNWIND
6314,4189,HAS_BLOCK
4189,4274,FLOW
4189,4870,FLOW
4189,4870,UNWIND
6314,4230,HAS_BLOCK
4230,4449,FLOW
6314,4274,HAS_BLOCK
4274,4322,FLOW
4274,4870,FLOW
4274,4870,UNWIND
6314,4322,HAS_BLOCK
4322,4362,FLOW
4322,4405,FLOW
4322,4574,FLOW
6314,4362,HAS_BLOCK
4362,4449,FLOW
6314,4405,HAS_BLOCK
4405,5103,FLOW
4405,4870,FLOW
4405,4870,UNWIND
6314,4449,HAS_BLOCK
4449,4489,FLOW
4449,4531,FLOW
4449,4574,FLOW
6314,4489,HAS_BLOCK
4489,4603,FLOW
4489,4870,FLOW
4489,4870,UNWIND
6314,4531,HAS_BLOCK
4531,4768,FLOW
6314,4603,HAS_BLOCK
4603,4648,FLOW
4603,4870,FLOW
4603,4870,UNWIND
6314,4648,HAS_BLOCK
4648,4684,FLOW
4648,4728,FLOW
4648,4574,FLOW
6314,4684,HAS_BLOCK
4684,4768,FLOW
6314,4728,HAS_BLOCK
4728,5134,FLOW
4728,4870,FLOW
4728,4870,UNWIND
6314,4768,HAS_BLOCK
4768,4837,FLOW
6314,4799,HAS_BLOCK
4799,4837,FLOW
6314,4837,HAS_BLOCK
4837,6314,RETURN
6314,4870,HAS_BLOCK
4870,4905,FLOW
6314,4905,HAS_BLOCK
6314,4938,HAS_BLOCK
4938,4799,FLOW
6314,5004,HAS_BLOCK
5004,4799,FLOW
6314,5035,HAS_BLOCK
5035,4799,FLOW
6314,5066,HAS_BLOCK
5066,4799,FLOW
6314,5103,HAS_BLOCK
5103,4799,FLOW
6314,5134,HAS_BLOCK
5134,4799,FLOW
416,448,HAS_PARAM
416,480,HAS_PARAM
416,320,HAS_BLOCK
320,384,FLOW
416,384,HAS_BLOCK
384,416,RETURN
2288,2320,HAS_PARAM
2288,2352,HAS_PARAM
2288,2089,HAS_BLOCK
2089,2153,FLOW
2089,2121,FLOW
2288,2121,HAS_BLOCK
2121,2185,FLOW
2288,2153,HAS_BLOCK
2153,2185,FLOW
2288,2185,HAS_BLOCK
2185,2288,RETURN
1993,2025,HAS_PARAM
1993,2057,HAS_PARAM
1993,1517,HAS_BLOCK
1517,1749,FLOW
1993,1581,HAS_BLOCK
1581,1806,FLOW
1993,1714,HAS_BLOCK
1714,1806,FLOW
1993,1749,HAS_BLOCK
1749,1581,FLOW
1749,1714,FLOW
1993,1806,HAS_BLOCK
1806,1993,RETURN
1421,1453,HAS_PARAM
1421,1485,HAS_PARAM
1421,512,HAS_BLOCK
512,544,FLOW
512,816,FLOW
1421,544,HAS_BLOCK
544,572,FLOW
1421,816,HAS_BLOCK
816,1003,FLOW
816,544,FLOW
1421,1003,HAS_BLOCK
1003,1151,FLOW
1003,544,FLOW
1421,1151,HAS_BLOCK
1151,1218,FLOW
1151,544,FLOW
1421,1218,HAS_BLOCK
1218,1270,FLOW
1218,544,FLOW
1421,1270,HAS_BLOCK
1270,1313,FLOW
1270,544,FLOW
1421,1313,HAS_BLOCK
1313,1352,FLOW
1313,544,FLOW
1421,1352,HAS_BLOCK
1352,1389,FLOW
1352,544,FLOW
1421,1389,HAS_BLOCK
1389,572,FLOW
1421,572,HAS_BLOCK
572,1421,RETURN
256,288,HAS_PARAM
256,160,HAS_BLOCK
160,224,FLOW
256,224,HAS_BLOCK
224,256,RETURN
2480,2512,HAS_PARAM
2480,2544,HAS_PARAM
2480,2384,HAS_BLOCK
2384,2448,FLOW
2480,2448,HAS_BLOCK
2448,2480,RETURN
7892,7924,HAS_PARAM
7892,7956,HAS_PARAM
7892,6410,HAS_BLOCK
6410,6474,FLOW
6410,6538,FLOW
6410,6538,UNWIND
7892,6474,HAS_BLOCK
6474,6923,FLOW
6474,6538,FLOW
6474,6538,UNWIND
7892,6923,HAS_BLOCK
6923,7444,FLOW
6923,7572,FLOW
6923,7242,FLOW
7892,7242,HAS_BLOCK
7892,7444,HAS_BLOCK
7444,7669,FLOW
7444,7746,FLOW
7444,7242,FLOW
7892,7572,HAS_BLOCK
7572,6627,FLOW
7572,6538,FLOW
7572,6538,UNWIND
7892,7669,HAS_BLOCK
7669,7803,FLOW
7669,6538,FLOW
7669,6538,UNWIND
7892,7746,HAS_BLOCK
7746,6506,FLOW
7892,7803,HAS_BLOCK
7803,7835,FLOW
7892,7835,HAS_BLOCK
7835,6506,FLOW
7892,6506,HAS_BLOCK
6506,7892,RETURN
7892,6538,HAS_BLOCK
6538,6570,FLOW
7892,6570,HAS_BLOCK
7892,6627,HAS_BLOCK
6627,7835,FLOW
6314,6346,HAS_PARAM
6314,6378,HAS_PARAM
6314,2576,HAS_BLOCK
2576,2608,FLOW
6314,2608,HAS_BLOCK
2608,3575,FLOW
2608,4189,FLOW
2608,4189,UNWIND
6314,3575,HAS_BLOCK
3575,4108,FLOW
3575,4189,FLOW
3575,4189,UNWIND
6314,4108,HAS_BLOCK
4108,4979,FLOW
4108,5327,FLOW
4108,4574,FLOW
6314,4574,HAS_BLOCK
6314,4979,HAS_BLOCK
4979,5893,FLOW
4979,5652,FLOW
4979,4574,FLOW
6314,5327,HAS_BLOCK
5327,4274,FLOW
5327,4189,FLOW
5327,4189,UNWIND
6314,5652,HAS_BLOCK
5652,3697,FLOW
5652,3743,FLOW
5652,4574,FLOW
6314,5893,HAS_BLOCK
5893,2640,FLOW
5893,6102,FLOW
5893,4574,FLOW
6314,6102,HAS_BLOCK
6102,3494,FLOW
6102,4189,FLOW
6102,4189,UNWIND
6314,2640,HAS_BLOCK
2640,2814,FLOW
2640,4189,FLOW
2640,4189,UNWIND
6314,2814,HAS_BLOCK
2814,3172,FLOW
2814,2972,FLOW
6314,2972,HAS_BLOCK
2972,3090,FLOW
2972,4189,FLOW
2972,4189,UNWIND
6314,3090,HAS_BLOCK
3090,4034,FLOW
6314,3172,HAS_BLOCK
3172,3245,FLOW
3172,4189,FLOW
3172,4189,UNWIND
6314,3245,HAS_BLOCK
3245,3318,FLOW
3245,4189,FLOW
3245,4189,UNWIND
6314,3318,HAS_BLOCK
3318,3384,FLOW
3318,3438,FLOW
3318,4574,FLOW
6314,3384,HAS_BLOCK
3384,2608,FLOW
6314,3438,HAS_BLOCK
3438,4322,FLOW
3438,4189,FLOW
3438,4189,UNWIND
6314,3494,HAS_BLOCK
3494,3607,FLOW
3494,4189,FLOW
3494,4189,UNWIND
6314,3607,HAS_BLOCK
3607,2608,FLOW
3607,3647,FLOW
3607,4574,FLOW
6314,3647,HAS_BLOCK
3647,4362,FLOW
3647,4189,FLOW
3647,4189,UNWIND
6314,3697,HAS_BLOCK
3697,3791,FLOW
3697,4189,FLOW
3697,4189,UNWIND
6314,3743,HAS_BLOCK
3743,3989,FLOW
6314,3791,HAS_BLOCK
3791,3847,FLOW
3791,4189,FLOW
3791,4189,UNWIND
6314,3847,HAS_BLOCK
3847,3892,FLOW
3847,3940,FLOW
3847,4574,FLOW
6314,3892,HAS_BLOCK
3892,3989,FLOW
6314,3940,HAS_BLOCK
3940,4405,FLOW
3940,4189,FLOW
3940,4189,UNWIND
6314,3989,HAS_BLOCK
3989,4140,FLOW
6314,4034,HAS_BLOCK
4034,4140,FLOW
6314,4140,HAS_BLOCK
4140,6314,RETURN
6314,4189,HAS_BLOCK
4189,4230,FLOW
6314,4230,HAS_BLOCK
6314,4274,HAS_BLOCK
4274,4034,FLOW
6314,4322,HAS_BLOCK
4322,4034,FLOW
6314,4362,HAS_BLOCK
4362,4034,FLOW
6314,4405,HAS_BLOCK
4405,4034,FLOW
416,448,HAS_PARAM
416,480,HAS_PARAM
416,320,HAS_BLOCK
320,384,FLOW
416,384,HAS_BLOCK
384,416,RETURN
2288,2320,HAS_PARAM
2288,2352,HAS_PARAM
2288,2089,HAS_BLOCK
2089,2153,FLOW
2089,2121,FLOW
2288,2121,HAS_BLOCK
2121,2185,FLOW
2288,2153,HAS_BLOCK
2153,2185,FLOW
2288,2185,HAS_BLOCK
2185,2288,RETURN
1993,2025,HAS_PARAM
1993,2057,HAS_PARAM
1993,1517,HAS_BLOCK
1517,1749,FLOW
1993,1581,HAS_BLOCK
1581,1806,FLOW
1993,1714,HAS_BLOCK
1714,1806,FLOW
1993,1749,HAS_BLOCK
1749,1581,FLOW
1749,1714,FLOW
1993,1806,HAS_BLOCK
1806,1993,RETURN
1421,1453,HAS_PARAM
1421,1485,HAS_PARAM
1421,512,HAS_BLOCK
512,544,FLOW
512,816,FLOW
1421,544,HAS_BLOCK
544,1389,FLOW
1421,816,HAS_BLOCK
816,1003,FLOW
816,544,FLOW
1421,1003,HAS_BLOCK
1003,1151,FLOW
1003,544,FLOW
1421,1151,HAS_BLOCK
1151,1218,FLOW
1151,544,FLOW
1421,1218,HAS_BLOCK
1218,1270,FLOW
1218,544,FLOW
1421,1270,HAS_BLOCK
1270,1313,FLOW
1270,544,FLOW
1421,1313,HAS_BLOCK
1313,1352,FLOW
1313,544,FLOW
1421,1352,HAS_BLOCK
1352,1389,FLOW
1421,1389,HAS_BLOCK
1389,1421,RETURN
256,288,HAS_PARAM
256,160,HAS_BLOCK
160,224,FLOW
256,224,HAS_BLOCK
224,256,RETURN
2480,2512,HAS_PARAM
2480,2544,HAS_PARAM
2480,2384,HAS_BLOCK
2384,2448,FLOW
2480,2448,HAS_BLOCK
2448,2480,RETURN
7892,7924,HAS_PARAM
7892,7956,HAS_PARAM
7892,6410,HAS_BLOCK
6410,6474,FLOW
6410,6538,FLOW
6410,6538,UNWIND
7892,6474,HAS_BLOCK
6474,6923,FLOW
6474,6538,FLOW
6474,6538,UNWIND
7892,6923,HAS_BLOCK
6923,7444,FLOW
6923,7572,FLOW
6923,7242,FLOW
7892,7242,HAS_BLOCK
7892,7444,HAS_BLOCK
7444,7669,FLOW
7444,7746,FLOW
7444,7242,FLOW
7892,7572,HAS_BLOCK
7572,6627,FLOW
7572,6538,FLOW
7572,6538,UNWIND
7892,7669,HAS_BLOCK
7669,7803,FLOW
7669,6538,FLOW
7669,6538,UNWIND
7892,7746,HAS_BLOCK
7746,6506,FLOW
7892,7803,HAS_BLOCK
7803,7835,FLOW
7892,7835,HAS_BLOCK
7835,6506,FLOW
7892,6506,HAS_BLOCK
6506,7892,RETURN
7892,6538,HAS_BLOCK
6538,6570,FLOW
7892,6570,HAS_BLOCK
7892,6627,HAS_BLOCK
6627,7835,FLOW
6314,6346,HAS_PARAM
6314,6378,HAS_PARAM
6314,2576,HAS_BLOCK
2576,2608,FLOW
6314,2608,HAS_BLOCK
2608,3575,FLOW
2608,4603,FLOW
2608,4603,UNWIND
6314,3575,HAS_BLOCK
3575,4108,FLOW
3575,4603,FLOW
3575,4603,UNWIND
6314,4108,HAS_BLOCK
4108,4979,FLOW
4108,5327,FLOW
4108,4574,FLOW
6314,4574,HAS_BLOCK
6314,4979,HAS_BLOCK
4979,5893,FLOW
4979,5652,FLOW
4979,4574,FLOW
6314,5327,HAS_BLOCK
5327,4648,FLOW
5327,4603,FLOW
5327,4603,UNWIND
6314,5652,HAS_BLOCK
5652,3791,FLOW
5652,3847,FLOW
5652,4574,FLOW
6314,5893,HAS_BLOCK
5893,2640,FLOW
5893,6102,FLOW
5893,4574,FLOW
6314,6102,HAS_BLOCK
6102,3647,FLOW
6102,4603,FLOW
6102,4603,UNWIND
6314,2640,HAS_BLOCK
2640,2814,FLOW
2640,4603,FLOW
2640,4603,UNWIND
6314,2814,HAS_BLOCK
2814,3172,FLOW
2814,2972,FLOW
6314,2972,HAS_BLOCK
2972,3090,FLOW
2972,4603,FLOW
2972,4603,UNWIND
6314,3090,HAS_BLOCK
3090,4449,FLOW
6314,3172,HAS_BLOCK
3172,3245,FLOW
3172,4603,FLOW
3172,4603,UNWIND
6314,3245,HAS_BLOCK
3245,3318,FLOW
3245,4603,FLOW
3245,4603,UNWIND
6314,3318,HAS_BLOCK
3318,3384,FLOW
3318,3438,FLOW
3318,4574,FLOW
6314,3384,HAS_BLOCK
3384,3494,FLOW
3384,3607,FLOW
3384,3607,UNWIND
6314,3438,HAS_BLOCK
3438,4684,FLOW
3438,4603,FLOW
3438,4603,UNWIND
6314,3494,HAS_BLOCK
3494,2608,FLOW
6314,3607,HAS_BLOCK
3607,4603,FLOW
6314,3647,HAS_BLOCK
3647,3697,FLOW
3647,4603,FLOW
3647,4603,UNWIND
6314,3697,HAS_BLOCK
3697,2608,FLOW
3697,3743,FLOW
3697,4574,FLOW
6314,3743,HAS_BLOCK
3743,4728,FLOW
3743,4603,FLOW
3743,4603,UNWIND
6314,3791,HAS_BLOCK
3791,3892,FLOW
3791,4603,FLOW
3791,4603,UNWIND
6314,3847,HAS_BLOCK
3847,4140,FLOW
6314,3892,HAS_BLOCK
3892,3940,FLOW
3892,4603,FLOW
3892,4603,UNWIND
6314,3940,HAS_BLOCK
3940,3989,FLOW
3940,4034,FLOW
3940,4574,FLOW
6314,3989,HAS_BLOCK
3989,4140,FLOW
6314,4034,HAS_BLOCK
4034,4768,FLOW
4034,4603,FLOW
4034,4603,UNWIND
6314,4140,HAS_BLOCK
4140,4189,FLOW
6314,4189,HAS_BLOCK
4189,6314,RETURN
6314,4230,HAS_BLOCK
4230,4274,FLOW
6314,4274,HAS_BLOCK
6314,4322,HAS_BLOCK
4322,4189,FLOW
6314,4362,HAS_BLOCK
4362,4322,FLOW
4362,4405,FLOW
6314,4405,HAS_BLOCK
4405,4322,FLOW
4405,4230,FLOW
4405,4230,UNWIND
6314,4449,HAS_BLOCK
4449,4362,FLOW
4449,4322,FLOW
4449,4574,FLOW
6314,4489,HAS_BLOCK
4489,4230,FLOW
4489,4531,FLOW
6314,4531,HAS_BLOCK
4531,4230,FLOW
6314,4603,HAS_BLOCK
4603,4489,FLOW
4603,4230,FLOW
6314,4648,HAS_BLOCK
4648,4449,FLOW
6314,4684,HAS_BLOCK
4684,4449,FLOW
6314,4728,HAS_BLOCK
4728,4449,FLOW
6314,4768,HAS_BLOCK
4768,4449,FLOW
416,448,HAS_PARAM
416,480,HAS_PARAM
416,320,HAS_BLOCK
320,384,FLOW
416,384,HAS_BLOCK
384,416,RETURN
2288,2320,HAS_PARAM
2288,2352,HAS_PARAM
2288,2089,HAS_BLOCK
2089,2185,FLOW
2089,2153,FLOW
2089,2121,FLOW
2288,2121,HAS_BLOCK
2121,2210,FLOW
2288,2153,HAS_BLOCK
2153,2210,FLOW
2288,2185,HAS_BLOCK
2185,2210,FLOW
2288,2210,HAS_BLOCK
2210,2288,RETURN
1993,2025,HAS_PARAM
1993,2057,HAS_PARAM
1993,1517,HAS_BLOCK
1517,1875,FLOW
1993,1581,HAS_BLOCK
1581,1900,FLOW
1993,1714,HAS_BLOCK
1714,1900,FLOW
1993,1749,HAS_BLOCK
1749,1831,FLOW
1993,1806,HAS_BLOCK
1806,1900,FLOW
1993,1831,HAS_BLOCK
1831,1581,FLOW
1831,1806,FLOW
1993,1875,HAS_BLOCK
1875,1749,FLOW
1875,1714,FLOW
1993,1900,HAS_BLOCK
1900,1993,RETURN
1421,1453,HAS_PARAM
1421,1485,HAS_PARAM
1421,512,HAS_BLOCK
512,1218,FLOW
512,816,FLOW
1421,544,HAS_BLOCK
544,622,FLOW
1421,816,HAS_BLOCK
816,1003,FLOW
816,544,FLOW
1421,1003,HAS_BLOCK
1003,1151,FLOW
1003,544,FLOW
1421,1151,HAS_BLOCK
1151,597,FLOW
1151,544,FLOW
1421,1218,HAS_BLOCK
1218,544,FLOW
1218,1270,FLOW
1421,1270,HAS_BLOCK
1270,1313,FLOW
1270,544,FLOW
1421,1313,HAS_BLOCK
1313,1352,FLOW
1313,544,FLOW
1421,1352,HAS_BLOCK
1352,1389,FLOW
1352,544,FLOW
1421,1389,HAS_BLOCK
1389,572,FLOW
1389,544,FLOW
1421,572,HAS_BLOCK
572,622,FLOW
1421,597,HAS_BLOCK
597,622,FLOW
1421,622,HAS_BLOCK
622,1421,RETURN
256,288,HAS_PARAM
256,160,HAS_BLOCK
160,224,FLOW
256,224,HAS_BLOCK
224,256,RETURN
2480,2512,HAS_PARAM
2480,2544,HAS_PARAM
2480,2384,HAS_BLOCK
2384,2448,FLOW
2480,2448,HAS_BLOCK
2448,2480,RETURN
7892,7924,HAS_PARAM
7892,7956,HAS_PARAM
7892,6410,HAS_BLOCK
6410,6474,FLOW
6410,6948,FLOW
6410,6948,UNWIND
7892,6474,HAS_BLOCK
6474,6923,FLOW
6474,6948,FLOW
6474,6948,UNWIND
7892,6923,HAS_BLOCK
6923,7444,FLOW
6923,7572,FLOW
6923,7242,FLOW
7892,7242,HAS_BLOCK
7892,7444,HAS_BLOCK
7444,7669,FLOW
7444,7746,FLOW
7444,7242,FLOW
7892,7572,HAS_BLOCK
7572,7025,FLOW
7572,6948,FLOW
7572,6948,UNWIND
7892,7669,HAS_BLOCK
7669,7803,FLOW
7669,6948,FLOW
7669,6948,UNWIND
7892,7746,HAS_BLOCK
7746,7835,FLOW
7746,6840,FLOW
7746,6840,UNWIND
7892,7803,HAS_BLOCK
7803,6789,FLOW
7892,7835,HAS_BLOCK
7835,6506,FLOW
7835,6840,FLOW
7835,6840,UNWIND
7892,6506,HAS_BLOCK
6506,6538,FLOW
6506,6570,FLOW
6506,7242,FLOW
7892,6538,HAS_BLOCK
6538,6627,FLOW
6538,6677,FLOW
6538,7242,FLOW
7892,6570,HAS_BLOCK
6570,7046,FLOW
6570,6840,FLOW
6570,6840,UNWIND
7892,6627,HAS_BLOCK
6627,6720,FLOW
6627,6840,FLOW
6627,6840,UNWIND
7892,6677,HAS_BLOCK
6677,6814,FLOW
7892,6720,HAS_BLOCK
6720,6746,FLOW
7892,6746,HAS_BLOCK
6746,6789,FLOW
6746,6948,FLOW
6746,6948,UNWIND
7892,6789,HAS_BLOCK
6789,6814,FLOW
7892,6814,HAS_BLOCK
6814,7892,RETURN
7892,6840,HAS_BLOCK
6840,6948,FLOW
7892,6948,HAS_BLOCK
6948,6992,FLOW
7892,6992,HAS_BLOCK
7892,7025,HAS_BLOCK
7025,6789,FLOW
7892,7046,HAS_BLOCK
7046,6746,FLOW
6314,6346,HAS_PARAM
6314,6378,HAS_PARAM
6314,2576,HAS_BLOCK
2576,2608,FLOW
6314,2608,HAS_BLOCK
2608,3575,FLOW
2608,5255,FLOW
2608,5255,UNWIND
6314,3575,HAS_BLOCK
3575,4108,FLOW
3575,5255,FLOW
3575,5255,UNWIND
6314,4108,HAS_BLOCK
4108,4979,FLOW
4108,5327,FLOW
4108,4574,FLOW
6314,4574,HAS_BLOCK
6314,4979,HAS_BLOCK
4979,5893,FLOW
4979,5652,FLOW
4979,4574,FLOW
6314,5327,HAS_BLOCK
5327,5284,FLOW
5327,5255,FLOW
5327,5255,UNWIND
6314,5652,HAS_BLOCK
5652,4274,FLOW
5652,4322,FLOW
5652,4574,FLOW
6314,5893,HAS_BLOCK
5893,2814,FLOW
5893,2640,FLOW
5893,6102,FLOW
5893,4574,FLOW
6314,6102,HAS_BLOCK
6102,4140,FLOW
6102,5255,FLOW
6102,5255,UNWIND
6314,2640,HAS_BLOCK
2640,3697,FLOW
2640,5255,FLOW
2640,5255,UNWIND
6314,2814,HAS_BLOCK
2814,2972,FLOW
2814,5255,FLOW
2814,5255,UNWIND
6314,2972,HAS_BLOCK
2972,3245,FLOW
2972,3090,FLOW
6314,3090,HAS_BLOCK
3090,3172,FLOW
3090,5255,FLOW
3090,5255,UNWIND
6314,3172,HAS_BLOCK
3172,4905,FLOW
6314,3245,HAS_BLOCK
3245,3318,FLOW
3245,5255,FLOW
3245,5255,UNWIND
6314,3318,HAS_BLOCK
3318,3384,FLOW
3318,5255,FLOW
3318,5255,UNWIND
6314,3384,HAS_BLOCK
3384,3438,FLOW
3384,3494,FLOW
3384,4574,FLOW
6314,3438,HAS_BLOCK
3438,3607,FLOW
3438,3647,FLOW
3438,3647,UNWIND
6314,3494,HAS_BLOCK
3494,5348,FLOW
3494,5255,FLOW
3494,5255,UNWIND
6314,3607,HAS_BLOCK
3607,2608,FLOW
6314,3647,HAS_BLOCK
3647,5255,FLOW
6314,3697,HAS_BLOCK
3697,3847,FLOW
3697,3743,FLOW
6314,3743,HAS_BLOCK
3743,3791,FLOW
3743,5255,FLOW
3743,5255,UNWIND
6314,3791,HAS_BLOCK
3791,4905,FLOW
6314,3847,HAS_BLOCK
3847,3892,FLOW
3847,5255,FLOW
3847,5255,UNWIND
6314,3892,HAS_BLOCK
3892,3940,FLOW
3892,5255,FLOW
3892,5255,UNWIND
6314,3940,HAS_BLOCK
3940,3989,FLOW
3940,4034,FLOW
3940,4574,FLOW
6314,3989,HAS_BLOCK
3989,2608,FLOW
6314,4034,HAS_BLOCK
4034,5376,FLOW
4034,5255,FLOW
4034,5255,UNWIND
6314,4140,HAS_BLOCK
4140,4189,FLOW
4140,5255,FLOW
4140,5255,UNWIND
6314,4189,HAS_BLOCK
4189,2608,FLOW
4189,4230,FLOW
4189,4574,FLOW
6314,4230,HAS_BLOCK
4230,5404,FLOW
4230,5255,FLOW
4230,5255,UNWIND
6314,4274,HAS_BLOCK
4274,4362,FLOW
4274,5255,FLOW
4274,5255,UNWIND
6314,4322,HAS_BLOCK
4322,4531,FLOW
6314,4362,HAS_BLOCK
4362,4405,FLOW
4362,5255,FLOW
4362,5255,UNWIND
6314,4405,HAS_BLOCK
4405,4449,FLOW
4405,4489,FLOW
4405,4574,FLOW
6314,4449,HAS_BLOCK
4449,4531,FLOW
6314,4489,HAS_BLOCK
4489,5431,FLOW
4489,5255,FLOW
4489,5255,UNWIND
6314,4531,HAS_BLOCK
4531,4603,FLOW
4531,4648,FLOW
4531,4574,FLOW
6314,4603,HAS_BLOCK
4603,4684,FLOW
4603,5004,FLOW
4603,5004,UNWIND
6314,4648,HAS_BLOCK
4648,4870,FLOW
6314,4684,HAS_BLOCK
4684,4728,FLOW
4684,5004,FLOW
4684,5004,UNWIND
6314,4728,HAS_BLOCK
4728,4768,FLOW
4728,4799,FLOW
4728,4574,FLOW
6314,4768,HAS_BLOCK
4768,4870,FLOW
6314,4799,HAS_BLOCK
4799,4837,FLOW
4799,5004,FLOW
4799,5004,UNWIND
6314,4837,HAS_BLOCK
4837,4905,FLOW
4837,5255,FLOW
4837,5255,UNWIND
6314,4870,HAS_BLOCK
4870,4938,FLOW
6314,4905,HAS_BLOCK
4905,5134,FLOW
4905,5103,FLOW
4905,4574,FLOW
6314,4938,HAS_BLOCK
4938,6314,RETURN
6314,5004,HAS_BLOCK
5004,5255,FLOW
6314,5035,HAS_BLOCK
5035,5066,FLOW
6314,5066,HAS_BLOCK
6314,5103,HAS_BLOCK
5103,4938,FLOW
6314,5134,HAS_BLOCK
5134,5103,FLOW
5134,5167,FLOW
6314,5167,HAS_BLOCK
5167,5103,FLOW
5167,5035,FLOW
5167,5035,UNWIND
6314,5192,HAS_BLOCK
5192,5035,FLOW
5192,5227,FLOW
6314,5227,HAS_BLOCK
5227,5035,FLOW
6314,5255,HAS_BLOCK
5255,5192,FLOW
5255,5035,FLOW
6314,5284,HAS_BLOCK
5284,4905,FLOW
6314,5348,HAS_BLOCK
5348,4905,FLOW
6314,5376,HAS_BLOCK
5376,4905,FLOW
6314,5404,HAS_BLOCK
5404,4905,FLOW
6314,5431,HAS_BLOCK
5431,4905,FLOW
416,448,HAS_PARAM
416,480,HAS_PARAM
416,320,HAS_BLOCK
320,384,FLOW
416,384,HAS_BLOCK
384,416,RETURN
2288,2320,HAS_PARAM
2288,2352,HAS_PARAM
2288,2089,HAS_BLOCK
2089,2210,FLOW
2089,2185,FLOW
2089,2153,FLOW
2089,2121,FLOW
2288,2121,HAS_BLOCK
2121,2229,FLOW
2288,2153,HAS_BLOCK
2153,2229,FLOW
2288,2185,HAS_BLOCK
2185,2229,FLOW
2288,2210,HAS_BLOCK
2210,2229,FLOW
2288,2229,HAS_BLOCK
2229,2288,RETURN
1993,2025,HAS_PARAM
1993,2057,HAS_PARAM
1993,1517,HAS_BLOCK
1517,1952,FLOW
1993,1581,HAS_BLOCK
1581,1600,FLOW
1993,1714,HAS_BLOCK
1714,1600,FLOW
1993,1749,HAS_BLOCK
1749,1933,FLOW
1993,1806,HAS_BLOCK
1806,1600,FLOW
1993,1831,HAS_BLOCK
1831,1900,FLOW
1993,1875,HAS_BLOCK
1875,1600,FLOW
1993,1900,HAS_BLOCK
1900,1581,FLOW
1900,1875,FLOW
1993,1933,HAS_BLOCK
1933,1831,FLOW
1933,1806,FLOW
1993,1952,HAS_BLOCK
1952,1749,FLOW
1952,1714,FLOW
1993,1600,HAS_BLOCK
1600,1993,RETURN
1421,1453,HAS_PARAM
1421,1485,HAS_PARAM
1421,512,HAS_BLOCK
512,1389,FLOW
512,816,FLOW
1421,544,HAS_BLOCK
544,887,FLOW
1421,816,HAS_BLOCK
816,1003,FLOW
816,544,FLOW
1421,1003,HAS_BLOCK
1003,1151,FLOW
1003,544,FLOW
1421,1151,HAS_BLOCK
1151,1218,FLOW
1151,544,FLOW
1421,1218,HAS_BLOCK
1218,1270,FLOW
1218,544,FLOW
1421,1270,HAS_BLOCK
1270,1313,FLOW
1270,544,FLOW
1421,1313,HAS_BLOCK
1313,1352,FLOW
1313,544,FLOW
1421,1352,HAS_BLOCK
1352,872,FLOW
1352,544,FLOW
1421,1389,HAS_BLOCK
1389,694,FLOW
1389,572,FLOW
1421,572,HAS_BLOCK
572,597,FLOW
572,544,FLOW
1421,597,HAS_BLOCK
597,622,FLOW
597,544,FLOW
1421,622,HAS_BLOCK
622,646,FLOW
622,544,FLOW
1421,646,HAS_BLOCK
646,670,FLOW
646,544,FLOW
1421,670,HAS_BLOCK
670,856,FLOW
670,544,FLOW
1421,694,HAS_BLOCK
694,544,FLOW
694,718,FLOW
1421,718,HAS_BLOCK
718,742,FLOW
718,544,FLOW
1421,742,HAS_BLOCK
742,764,FLOW
742,544,FLOW
1421,764,HAS_BLOCK
764,784,FLOW
764,544,FLOW
1421,784,HAS_BLOCK
784,836,FLOW
784,544,FLOW
1421,836,HAS_BLOCK
836,887,FLOW
1421,856,HAS_BLOCK
856,887,FLOW
1421,872,HAS_BLOCK
872,887,FLOW
1421,887,HAS_BLOCK
887,1421,RETURN
256,288,HAS_PARAM
256,160,HAS_BLOCK
160,224,FLOW
256,224,HAS_BLOCK
224,256,RETURN
2480,2512,HAS_PARAM
2480,2544,HAS_PARAM
2480,2384,HAS_BLOCK
2384,2448,FLOW
2480,2448,HAS_BLOCK
2448,2480,RETURN
7892,7924,HAS_PARAM
7892,7956,HAS_PARAM
7892,6410,HAS_BLOCK
6410,6474,FLOW
6410,7097,FLOW
6410,7097,UNWIND
7892,6474,HAS_BLOCK
6474,6923,FLOW
6474,7097,FLOW
6474,7097,UNWIND
7892,6923,HAS_BLOCK
6923,7444,FLOW
6923,7572,FLOW
6923,7242,FLOW
7892,7242,HAS_BLOCK
7892,7444,HAS_BLOCK
7444,7669,FLOW
7444,7746,FLOW
7444,7242,FLOW
7892,7572,HAS_BLOCK
7572,7150,FLOW
7572,7097,FLOW
7572,7097,UNWIND
7892,7669,HAS_BLOCK
7669,7803,FLOW
7669,7097,FLOW
7669,7097,UNWIND
7892,7746,HAS_BLOCK
7746,7835,FLOW
7746,7097,FLOW
7746,7097,UNWIND
7892,7803,HAS_BLOCK
7803,7046,FLOW
7892,7835,HAS_BLOCK
7835,6506,FLOW
7835,7097,FLOW
7835,7097,UNWIND
7892,6506,HAS_BLOCK
6506,6538,FLOW
6506,6570,FLOW
6506,7242,FLOW
7892,6538,HAS_BLOCK
6538,6627,FLOW
6538,6677,FLOW
6538,7242,FLOW
7892,6570,HAS_BLOCK
6570,7182,FLOW
6570,7097,FLOW
6570,7097,UNWIND
7892,6627,HAS_BLOCK
6627,6720,FLOW
6627,7097,FLOW
6627,7097,UNWIND
7892,6677,HAS_BLOCK
6677,6746,FLOW
6677,7097,FLOW
6677,7097,UNWIND
7892,6720,HAS_BLOCK
6720,7046,FLOW
7892,6746,HAS_BLOCK
6746,6789,FLOW
6746,7097,FLOW
6746,7097,UNWIND
7892,6789,HAS_BLOCK
6789,6814,FLOW
6789,6840,FLOW
6789,7242,FLOW
7892,6814,HAS_BLOCK
6814,6948,FLOW
6814,6992,FLOW
6814,7242,FLOW
7892,6840,HAS_BLOCK
6840,7210,FLOW
6840,7097,FLOW
6840,7097,UNWIND
7892,6948,HAS_BLOCK
6948,7025,FLOW
6948,7097,FLOW
6948,7097,UNWIND
7892,6992,HAS_BLOCK
6992,7078,FLOW
7892,7025,HAS_BLOCK
7025,7046,FLOW
7892,7046,HAS_BLOCK
7046,7078,FLOW
7892,7078,HAS_BLOCK
7078,7892,RETURN
7892,7097,HAS_BLOCK
7097,7117,FLOW
7892,7117,HAS_BLOCK
7892,7150,HAS_BLOCK
7150,7046,FLOW
7892,7182,HAS_BLOCK
7182,7046,FLOW
7892,7210,HAS_BLOCK
7210,7046,FLOW
6314,6346,HAS_PARAM
6314,6378,HAS_PARAM
6314,2576,HAS_BLOCK
2576,2608,FLOW
6314,2608,HAS_BLOCK
2608,3575,FLOW
2608,5431,FLOW
2608,5431,UNWIND
6314,3575,HAS_BLOCK
3575,4108,FLOW
3575,5431,FLOW
3575,5431,UNWIND
6314,4108,HAS_BLOCK
4108,4979,FLOW
4108,5327,FLOW
4108,4574,FLOW
6314,4574,HAS_BLOCK
6314,4979,HAS_BLOCK
4979,5893,FLOW
4979,5652,FLOW
4979,4574,FLOW
6314,5327,HAS_BLOCK
5327,5480,FLOW
5327,5431,FLOW
5327,5431,UNWIND
6314,5652,HAS_BLOCK
5652,4603,FLOW
5652,4648,FLOW
5652,4574,FLOW
6314,5893,HAS_BLOCK
5893,2972,FLOW
5893,2814,FLOW
5893,2640,FLOW
5893,6102,FLOW
5893,4574,FLOW
6314,6102,HAS_BLOCK
6102,4449,FLOW
6102,5431,FLOW
6102,5431,UNWIND
6314,2640,HAS_BLOCK
2640,4034,FLOW
2640,5431,FLOW
2640,5431,UNWIND
6314,2814,HAS_BLOCK
2814,3647,FLOW
2814,5431,FLOW
2814,5431,UNWIND
6314,2972,HAS_BLOCK
2972,3090,FLOW
2972,5431,FLOW
2972,5431,UNWIND
6314,3090,HAS_BLOCK
3090,3318,FLOW
3090,3172,FLOW
6314,3172,HAS_BLOCK
3172,3245,FLOW
3172,5431,FLOW
3172,5431,UNWIND
6314,3245,HAS_BLOCK
3245,5376,FLOW
6314,3318,HAS_BLOCK
3318,3384,FLOW
3318,5431,FLOW
3318,5431,UNWIND
6314,3384,HAS_BLOCK
3384,3438,FLOW
3384,5431,FLOW
3384,5431,UNWIND
6314,3438,HAS_BLOCK
3438,3494,FLOW
3438,3607,FLOW
3438,4574,FLOW
6314,3494,HAS_BLOCK
3494,2608,FLOW
6314,3607,HAS_BLOCK
3607,5507,FLOW
3607,5431,FLOW
3607,5431,UNWIND
6314,3647,HAS_BLOCK
3647,3791,FLOW
3647,3697,FLOW
6314,3697,HAS_BLOCK
3697,3743,FLOW
3697,5431,FLOW
3697,5431,UNWIND
6314,3743,HAS_BLOCK
3743,5376,FLOW
6314,3791,HAS_BLOCK
3791,3847,FLOW
3791,5431,FLOW
3791,5431,UNWIND
6314,3847,HAS_BLOCK
3847,3892,FLOW
3847,5431,FLOW
3847,5431,UNWIND
6314,3892,HAS_BLOCK
3892,3940,FLOW
3892,3989,FLOW
3892,4574,FLOW
6314,3940,HAS_BLOCK
3940,2608,FLOW
6314,3989,HAS_BLOCK
3989,5528,FLOW
3989,5431,FLOW
3989,5431,UNWIND
6314,4034,HAS_BLOCK
4034,4230,FLOW
4034,4140,FLOW
6314,4140,HAS_BLOCK
4140,4189,FLOW
4140,5431,FLOW
4140,5431,UNWIND
6314,4189,HAS_BLOCK
4189,5376,FLOW
6314,4230,HAS_BLOCK
4230,4274,FLOW
4230,5431,FLOW
4230,5431,UNWIND
6314,4274,HAS_BLOCK
4274,4322,FLOW
4274,5431,FLOW
4274,5431,UNWIND
6314,4322,HAS_BLOCK
4322,4362,FLOW
4322,4405,FLOW
4322,4574,FLOW
6314,4362,HAS_BLOCK
4362,2608,FLOW
6314,4405,HAS_BLOCK
4405,5557,FLOW
4405,5431,FLOW
4405,5431,UNWIND
6314,4449,HAS_BLOCK
4449,4489,FLOW
4449,5431,FLOW
4449,5431,UNWIND
6314,4489,HAS_BLOCK
4489,2608,FLOW
4489,4531,FLOW
4489,4574,FLOW
6314,4531,HAS_BLOCK
4531,5580,FLOW
4531,5431,FLOW
4531,5431,UNWIND
6314,4603,HAS_BLOCK
4603,4684,FLOW
4603,5431,FLOW
4603,5431,UNWIND
6314,4648,HAS_BLOCK
4648,4837,FLOW
6314,4684,HAS_BLOCK
4684,4728,FLOW
4684,5431,FLOW
4684,5431,UNWIND
6314,4728,HAS_BLOCK
4728,4768,FLOW
4728,4799,FLOW
4728,4574,FLOW
6314,4768,HAS_BLOCK
4768,4837,FLOW
6314,4799,HAS_BLOCK
4799,5671,FLOW
4799,5431,FLOW
4799,5431,UNWIND
6314,4837,HAS_BLOCK
4837,4870,FLOW
4837,4905,FLOW
4837,4574,FLOW
6314,4870,HAS_BLOCK
4870,4938,FLOW
4870,5431,FLOW
4870,5431,UNWIND
6314,4905,HAS_BLOCK
4905,5103,FLOW
6314,4938,HAS_BLOCK
4938,5004,FLOW
4938,5431,FLOW
4938,5431,UNWIND
6314,5004,HAS_BLOCK
5004,5035,FLOW
5004,5066,FLOW
5004,4574,FLOW
6314,5035,HAS_BLOCK
5035,5103,FLOW
6314,5066,HAS_BLOCK
5066,5695,FLOW
5066,5431,FLOW
5066,5431,UNWIND
6314,5103,HAS_BLOCK
5103,5134,FLOW
5103,5167,FLOW
5103,4574,FLOW
6314,5134,HAS_BLOCK
5134,5192,FLOW
5134,5431,FLOW
5134,5431,UNWIND
6314,5167,HAS_BLOCK
5167,5348,FLOW
6314,5192,HAS_BLOCK
5192,5227,FLOW
5192,5431,FLOW
5192,5431,UNWIND
6314,5227,HAS_BLOCK
5227,5255,FLOW
5227,5284,FLOW
5227,4574,FLOW
6314,5255,HAS_BLOCK
5255,5348,FLOW
6314,5284,HAS_BLOCK
5284,5719,FLOW
5284,5431,FLOW
5284,5431,UNWIND
6314,5348,HAS_BLOCK
5348,5404,FLOW
6314,5376,HAS_BLOCK
5376,5404,FLOW
6314,5404,HAS_BLOCK
5404,6314,RETURN
6314,5431,HAS_BLOCK
5431,5456,FLOW
6314,5456,HAS_BLOCK
6314,5480,HAS_BLOCK
5480,5376,FLOW
6314,5507,HAS_BLOCK
5507,5376,FLOW
6314,5528,HAS_BLOCK
5528,5376,FLOW
6314,5557,HAS_BLOCK
5557,5376,FLOW
6314,5580,HAS_BLOCK
5580,5376,FLOW
6314,5671,HAS_BLOCK
5671,5376,FLOW
6314,5695,HAS_BLOCK
5695,5376,FLOW
6314,5719,HAS_BLOCK
5719,5376,FLOW
416,448,HAS_PARAM
416,480,HAS_PARAM
416,320,HAS_BLOCK
320,384,FLOW
416,384,HAS_BLOCK
384,416,RETURN
2288,2320,HAS_PARAM
2288,2352,HAS_PARAM
2288,2089,HAS_BLOCK
2089,2153,FLOW
2089,2121,FLOW
2288,2121,HAS_BLOCK
2121,2185,FLOW
2288,2153,HAS_BLOCK
2153,2185,FLOW
2288,2185,HAS_BLOCK
2185,2288,RETURN
1993,2025,HAS_PARAM
1993,2057,HAS_PARAM
1993,1517,HAS_BLOCK
1517,1749,FLOW
1993,1581,HAS_BLOCK
1581,1806,FLOW
1993,1714,HAS_BLOCK
1714,1806,FLOW
1993,1749,HAS_BLOCK
1749,1581,FLOW
1749,1714,FLOW
1993,1806,HAS_BLOCK
1806,1993,RETURN
1421,1453,HAS_PARAM
1421,1485,HAS_PARAM
1421,512,HAS_BLOCK
512,544,FLOW
512,816,FLOW
1421,544,HAS_BLOCK
544,1313,FLOW
1421,816,HAS_BLOCK
816,1003,FLOW
816,544,FLOW
1421,1003,HAS_BLOCK
1003,1151,FLOW
1003,544,FLOW
1421,1151,HAS_BLOCK
1151,1218,FLOW
1151,544,FLOW
1421,1218,HAS_BLOCK
1218,1270,FLOW
1218,544,FLOW
1421,1270,HAS_BLOCK
1270,1313,FLOW
1421,1313,HAS_BLOCK
1313,1421,RETURN
256,288,HAS_PARAM
256,160,HAS_BLOCK
160,224,FLOW
256,224,HAS_BLOCK
224,256,RETURN
2480,2512,HAS_PARAM
2480,2544,HAS_PARAM
2480,2384,HAS_BLOCK
2384,2448,FLOW
2480,2448,HAS_BLOCK
2448,2480,RETURN
7892,7924,HAS_PARAM
7892,7956,HAS_PARAM
7892,6410,HAS_BLOCK
6410,6474,FLOW
6410,6538,FLOW
6410,6538,UNWIND
7892,6474,HAS_BLOCK
6474,6923,FLOW
6474,6538,FLOW
6474,6538,UNWIND
7892,6923,HAS_BLOCK
6923,7444,FLOW
6923,7572,FLOW
6923,7242,FLOW
7892,7242,HAS_BLOCK
7892,7444,HAS_BLOCK
7444,7669,FLOW
7444,7746,FLOW
7444,7242,FLOW
7892,7572,HAS_BLOCK
7572,6627,FLOW
7572,6538,FLOW
7572,6538,UNWIND
7892,7669,HAS_BLOCK
7669,7803,FLOW
7669,6538,FLOW
7669,6538,UNWIND
7892,7746,HAS_BLOCK
7746,6506,FLOW
7892,7803,HAS_BLOCK
7803,7835,FLOW
7892,7835,HAS_BLOCK
7835,6506,FLOW
7892,6506,HAS_BLOCK
6506,7892,RETURN
7892,6538,HAS_BLOCK
6538,6570,FLOW
7892,6570,HAS_BLOCK
7892,6627,HAS_BLOCK
6627,7835,FLOW
6314,6346,HAS_PARAM
6314,6378,HAS_PARAM
6314,2576,HAS_BLOCK
2576,2608,FLOW
6314,2608,HAS_BLOCK
2608,3575,FLOW
2608,4603,FLOW
2608,4603,UNWIND
6314,3575,HAS_BLOCK
3575,4108,FLOW
3575,4603,FLOW
3575,4603,UNWIND
6314,4108,HAS_BLOCK
4108,4979,FLOW
4108,5327,FLOW
4108,4574,FLOW
6314,4574,HAS_BLOCK
6314,4979,HAS_BLOCK
4979,5893,FLOW
4979,5652,FLOW
4979,4574,FLOW
6314,5327,HAS_BLOCK
5327,4648,FLOW
5327,4603,FLOW
5327,4603,UNWIND
6314,5652,HAS_BLOCK
5652,3791,FLOW
5652,3847,FLOW
5652,4574,FLOW
6314,5893,HAS_BLOCK
5893,2640,FLOW
5893,6102,FLOW
5893,4574,FLOW
6314,6102,HAS_BLOCK
6102,3647,FLOW
6102,4603,FLOW
6102,4603,UNWIND
6314,2640,HAS_BLOCK
2640,2814,FLOW
2640,4603,FLOW
2640,4603,UNWIND
6314,2814,HAS_BLOCK
2814,3172,FLOW
2814,2972,FLOW
6314,2972,HAS_BLOCK
2972,3090,FLOW
2972,4603,FLOW
2972,4603,UNWIND
6314,3090,HAS_BLOCK
3090,4449,FLOW
6314,3172,HAS_BLOCK
3172,3245,FLOW
3172,4603,FLOW
3172,4603,UNWIND
6314,3245,HAS_BLOCK
3245,3318,FLOW
3245,4603,FLOW
3245,4603,UNWIND
6314,3318,HAS_BLOCK
3318,3384,FLOW
3318,3438,FLOW
3318,4574,FLOW
6314,3384,HAS_BLOCK
3384,3494,FLOW
3384,3607,FLOW
3384,3607,UNWIND
6314,3438,HAS_BLOCK
3438,4684,FLOW
3438,4603,FLOW
3438,4603,UNWIND
6314,3494,HAS_BLOCK
3494,2608,FLOW
6314,3607,HAS_BLOCK
3607,4603,FLOW
6314,3647,HAS_BLOCK
3647,3697,FLOW
3647,4603,FLOW
3647,4603,UNWIND
6314,3697,HAS_BLOCK
3697,2608,FLOW
3697,3743,FLOW
3697,4574,FLOW
6314,3743,HAS_BLOCK
3743,4728,FLOW
3743,4603,FLOW
3743,4603,UNWIND
6314,3791,HAS_BLOCK
3791,3892,FLOW
3791,4603,FLOW
3791,4603,UNWIND
6314,3847,HAS_BLOCK
3847,4140,FLOW
6314,3892,HAS_BLOCK
3892,3940,FLOW
3892,4603,FLOW
3892,4603,UNWIND
6314,3940,HAS_BLOCK
3940,3989,FLOW
3940,4034,FLOW
3940,4574,FLOW
6314,3989,HAS_BLOCK
3989,4140,FLOW
6314,4034,HAS_BLOCK
4034,4768,FLOW
4034,4603,FLOW
4034,4603,UNWIND
6314,4140,HAS_BLOCK
4140,4189,FLOW
6314,4189,HAS_BLOCK
4189,6314,RETURN
6314,4230,HAS_BLOCK
4230,4274,FLOW
6314,4274,HAS_BLOCK
6314,4322,HAS_BLOCK
4322,4189,FLOW
6314,4362,HAS_BLOCK
4362,4322,FLOW
4362,4405,FLOW
6314,4405,HAS_BLOCK
4405,4322,FLOW
4405,4230,FLOW
4405,4230,UNWIND
6314,4449,HAS_BLOCK
4449,4362,FLOW
4449,4322,FLOW
4449,4574,FLOW
6314,4489,HAS_BLOCK
4489,4230,FLOW
4489,4531,FLOW
6314,4531,HAS_BLOCK
4531,4230,FLOW
6314,4603,HAS_BLOCK
4603,4489,FLOW
4603,4230,FLOW
6314,4648,HAS_BLOCK
4648,4449,FLOW
6314,4684,HAS_BLOCK
4684,4449,FLOW
6314,4728,HAS_BLOCK
4728,4449,FLOW
6314,4768,HAS_BLOCK
4768,4449,FLOW
416,448,HAS_PARAM
416,480,HAS_PARAM
416,320,HAS_BLOCK
320,384,FLOW
416,384,HAS_BLOCK
384,416,RETURN
2288,2320,HAS_PARAM
2288,2352,HAS_PARAM
2288,2089,HAS_BLOCK
2089,2185,FLOW
2089,2153,FLOW
2089,2121,FLOW
2288,2121,HAS_BLOCK
2121,2210,FLOW
2288,2153,HAS_BLOCK
2153,2210,FLOW
2288,2185,HAS_BLOCK
2185,2210,FLOW
2288,2210,HAS_BLOCK
2210,2288,RETURN
1993,2025,HAS_PARAM
1993,2057,HAS_PARAM
1993,1517,HAS_BLOCK
1517,1875,FLOW
1993,1581,HAS_BLOCK
1581,1900,FLOW
1993,1714,HAS_BLOCK
1714,1900,FLOW
1993,1749,HAS_BLOCK
1749,1831,FLOW
1993,1806,HAS_BLOCK
1806,1900,FLOW
1993,1831,HAS_BLOCK
1831,1581,FLOW
1831,1806,FLOW
1993,1875,HAS_BLOCK
1875,1749,FLOW
1875,1714,FLOW
1993,1900,HAS_BLOCK
1900,1993,RETURN
1421,1453,HAS_PARAM
1421,1485,HAS_PARAM
1421,512,HAS_BLOCK
512,1313,FLOW
512,816,FLOW
1421,544,HAS_BLOCK
544,742,FLOW
1421,816,HAS_BLOCK
816,1003,FLOW
816,544,FLOW
1421,1003,HAS_BLOCK
1003,1151,FLOW
1003,544,FLOW
1421,1151,HAS_BLOCK
1151,1218,FLOW
1151,544,FLOW
1421,1218,HAS_BLOCK
1218,1270,FLOW
1218,544,FLOW
1421,1270,HAS_BLOCK
1270,718,FLOW
1270,544,FLOW
1421,1313,HAS_BLOCK
1313,544,FLOW
1313,1352,FLOW
1421,1352,HAS_BLOCK
1352,1389,FLOW
1352,544,FLOW
1421,1389,HAS_BLOCK
1389,572,FLOW
1389,544,FLOW
1421,572,HAS_BLOCK
572,597,FLOW
572,544,FLOW
1421,597,HAS_BLOCK
597,622,FLOW
597,544,FLOW
1421,622,HAS_BLOCK
622,646,FLOW
622,544,FLOW
1421,646,HAS_BLOCK
646,670,FLOW
646,544,FLOW
1421,670,HAS_BLOCK
670,694,FLOW
670,544,FLOW
1421,694,HAS_BLOCK
694,742,FLOW
1421,718,HAS_BLOCK
718,742,FLOW
1421,742,HAS_BLOCK
742,1421,RETURN
256,288,HAS_PARAM
256,160,HAS_BLOCK
160,224,FLOW
256,224,HAS_BLOCK
224,256,RETURN
2480,2512,HAS_PARAM
2480,2544,HAS_PARAM
2480,2384,HAS_BLOCK
2384,2448,FLOW
2480,2448,HAS_BLOCK
2448,2480,RETURN
7892,7924,HAS_PARAM
7892,7956,HAS_PARAM
7892,6410,HAS_BLOCK
6410,6474,FLOW
6410,6814,FLOW
6410,6814,UNWIND
7892,6474,HAS_BLOCK
6474,6923,FLOW
6474,6814,FLOW
6474,6814,UNWIND
7892,6923,HAS_BLOCK
6923,7444,FLOW
6923,7572,FLOW
6923,7242,FLOW
7892,7242,HAS_BLOCK
7892,7444,HAS_BLOCK
7444,7669,FLOW
7444,7746,FLOW
7444,7242,FLOW
7892,7572,HAS_BLOCK
7572,6948,FLOW
7572,6814,FLOW
7572,6814,UNWIND
7892,7669,HAS_BLOCK
7669,7803,FLOW
7669,6814,FLOW
7669,6814,UNWIND
7892,7746,HAS_BLOCK
7746,7835,FLOW
7746,6814,FLOW
7746,6814,UNWIND
7892,7803,HAS_BLOCK
7803,6746,FLOW
7892,7835,HAS_BLOCK
7835,6506,FLOW
7835,6814,FLOW
7835,6814,UNWIND
7892,6506,HAS_BLOCK
6506,6538,FLOW
6506,6570,FLOW
6506,7242,FLOW
7892,6538,HAS_BLOCK
6538,6627,FLOW
6538,6677,FLOW
6538,7242,FLOW
7892,6570,HAS_BLOCK
6570,6992,FLOW
6570,6814,FLOW
6570,6814,UNWIND
7892,6627,HAS_BLOCK
6627,6720,FLOW
6627,6814,FLOW
6627,6814,UNWIND
7892,6677,HAS_BLOCK
6677,6789,FLOW
7892,6720,HAS_BLOCK
6720,6746,FLOW
7892,6746,HAS_BLOCK
6746,6789,FLOW
7892,6789,HAS_BLOCK
6789,7892,RETURN
7892,6814,HAS_BLOCK
6814,6840,FLOW
7892,6840,HAS_BLOCK
7892,6948,HAS_BLOCK
6948,6746,FLOW
7892,6992,HAS_BLOCK
6992,6746,FLOW
6314,6346,HAS_PARAM
6314,6378,HAS_PARAM
6314,2576,HAS_BLOCK
2576,2608,FLOW
6314,2608,HAS_BLOCK
2608,3575,FLOW
2608,4870,FLOW
2608,4870,UNWIND
6314,3575,HAS_BLOCK
3575,4108,FLOW
3575,4870,FLOW
3575,4870,UNWIND
6314,4108,HAS_BLOCK
4108,4979,FLOW
4108,5327,FLOW
4108,4574,FLOW
6314,4574,HAS_BLOCK
6314,4979,HAS_BLOCK
4979,5893,FLOW
4979,5652,FLOW
4979,4574,FLOW
6314,5327,HAS_BLOCK
5327,4938,FLOW
5327,4870,FLOW
5327,4870,UNWIND
6314,5652,HAS_BLOCK
5652,4189,FLOW
5652,4230,FLOW
5652,4574,FLOW
6314,5893,HAS_BLOCK
5893,2814,FLOW
5893,2640,FLOW
5893,6102,FLOW
5893,4574,FLOW
6314,6102,HAS_BLOCK
6102,3989,FLOW
6102,4870,FLOW
6102,4870,UNWIND
6314,2640,HAS_BLOCK
2640,3607,FLOW
2640,4870,FLOW
2640,4870,UNWIND
6314,2814,HAS_BLOCK
2814,2972,FLOW
2814,4870,FLOW
2814,4870,UNWIND
6314,2972,HAS_BLOCK
2972,3245,FLOW
2972,3090,FLOW
6314,3090,HAS_BLOCK
3090,3172,FLOW
3090,4870,FLOW
3090,4870,UNWIND
6314,3172,HAS_BLOCK
3172,4799,FLOW
6314,3245,HAS_BLOCK
3245,3318,FLOW
3245,4870,FLOW
3245,4870,UNWIND
6314,3318,HAS_BLOCK
3318,3384,FLOW
3318,4870,FLOW
3318,4870,UNWIND
6314,3384,HAS_BLOCK
3384,3438,FLOW
3384,3494,FLOW
3384,4574,FLOW
6314,3438,HAS_BLOCK
3438,2608,FLOW
6314,3494,HAS_BLOCK
3494,5004,FLOW
3494,4870,FLOW
3494,4870,UNWIND
6314,3607,HAS_BLOCK
3607,3743,FLOW
3607,3647,FLOW
6314,3647,HAS_BLOCK
3647,3697,FLOW
3647,4870,FLOW
3647,4870,UNWIND
6314,3697,HAS_BLOCK
3697,4799,FLOW
6314,3743,HAS_BLOCK
3743,3791,FLOW
3743,4870,FLOW
3743,4870,UNWIND
6314,3791,HAS_BLOCK
3791,3847,FLOW
3791,4870,FLOW
3791,4870,UNWIND
6314,3847,HAS_BLOCK
3847,3892,FLOW
3847,3940,FLOW
3847,4574,FLOW
6314,3892,HAS_BLOCK
3892,2608,FLOW
6314,3940,HAS_BLOCK
3940,5035,FLOW
3940,4870,FLOW
3940,4870,UNWIND
6314,3989,HAS_BLOCK
3989,4034,FLOW
3989,4870,FLOW
3989,4870,UNWIND
6314,4034,HAS_BLOCK
4034,2608,FLOW
4034,4140,FLOW
4034,4574,FLOW
6314,4140,HAS_BLOCK
4140,5066,FLOW
4140,4870,FLOW
4140,4870,UNWIND
6314,4189,HAS_BLOCK
4189,4274,FLOW
4189,4870,FLOW
4189,4870,UNWIND
6314,4230,HAS_BLOCK
4230,4449,FLOW
6314,4274,HAS_BLOCK
4274,4322,FLOW
4274,4870,FLOW
4274,4870,UNWIND
6314,4322,HAS_BLOCK
4322,4362,FLOW
4322,4405,FLOW
4322,4574,FLOW
6314,4362,HAS_BLOCK
4362,4449,FLOW
6314,4405,HAS_BLOCK
4405,5103,FLOW
4405,4870,FLOW
4405,4870,UNWIND
6314,4449,HAS_BLOCK
4449,4489,FLOW
4449,4531,FLOW
4449,4574,FLOW
6314,4489,HAS_BLOCK
4489,4603,FLOW
4489,4870,FLOW
4489,4870,UNWIND
6314,4531,HAS_BLOCK
4531,4768,FLOW
6314,4603,HAS_BLOCK
4603,4648,FLOW
4603,4870,FLOW
4603,4870,UNWIND
6314,4648,HAS_BLOCK
4648,4684,FLOW
4648,4728,FLOW
4648,4574,FLOW
6314,4684,HAS_BLOCK
4684,4768,FLOW
6314,4728,HAS_BLOCK
4728,5134,FLOW
4728,4870,FLOW
4728,4870,UNWIND
6314,4768,HAS_BLOCK
4768,4837,FLOW
6314,4799,HAS_BLOCK
4799,4837,FLOW
6314,4837,HAS_BLOCK
4837,6314,RETURN
6314,4870,HAS_BLOCK
4870,4905,FLOW
6314,4905,HAS_BLOCK
6314,4938,HAS_BLOCK
4938,4799,FLOW
6314,5004,HAS_BLOCK
5004,4799,FLOW
6314,5035,HAS_BLOCK
5035,4799,FLOW
6314,5066,HAS_BLOCK
5066,4799,FLOW
6314,5103,HAS_BLOCK
5103,4799,FLOW
6314,5134,HAS_BLOCK
5134,4799,FLOW
416,448,HAS_PARAM
416,480,HAS_PARAM
416,320,HAS_BLOCK
320,384,FLOW
416,384,HAS_BLOCK
384,416,RETURN
2288,2320,HAS_PARAM
2288,2352,HAS_PARAM
2288,2089,HAS_BLOCK
2089,2210,FLOW
2089,2185,FLOW
2089,2153,FLOW
2089,2121,FLOW
2288,2121,HAS_BLOCK
2121,2229,FLOW
2288,2153,HAS_BLOCK
2153,2229,FLOW
2288,2185,HAS_BLOCK
2185,2229,FLOW
2288,2210,HAS_BLOCK
2210,2229,FLOW
2288,2229,HAS_BLOCK
2229,2288,RETURN
1993,2025,HAS_PARAM
1993,2057,HAS_PARAM
1993,1517,HAS_BLOCK
1517,1952,FLOW
1993,1581,HAS_BLOCK
1581,1600,FLOW
1993,1714,HAS_BLOCK
1714,1600,FLOW
1993,1749,HAS_BLOCK
1749,1933,FLOW
1993,1806,HAS_BLOCK
1806,1600,FLOW
1993,1831,HAS_BLOCK
1831,1900,FLOW
1993,1875,HAS_BLOCK
1875,1600,FLOW
1993,1900,HAS_BLOCK
1900,1581,FLOW
1900,1875,FLOW
1993,1933,HAS_BLOCK
1933,1831,FLOW
1933,1806,FLOW
1993,1952,HAS_BLOCK
1952,1749,FLOW
1952,1714,FLOW
1993,1600,HAS_BLOCK
1600,1993,RETURN
1421,1453,HAS_PARAM
1421,1485,HAS_PARAM
1421,512,HAS_BLOCK
512,1389,FLOW
512,816,FLOW
1421,544,HAS_BLOCK
544,856,FLOW
1421,816,HAS_BLOCK
816,1003,FLOW
816,544,FLOW
1421,1003,HAS_BLOCK
1003,1151,FLOW
1003,544,FLOW
1421,1151,HAS_BLOCK
1151,1218,FLOW
1151,544,FLOW
1421,1218,HAS_BLOCK
1218,1270,FLOW
1218,544,FLOW
1421,1270,HAS_BLOCK
1270,1313,FLOW
1270,544,FLOW
1421,1313,HAS_BLOCK
1313,1352,FLOW
1313,544,FLOW
1421,1352,HAS_BLOCK
1352,836,FLOW
1352,544,FLOW
1421,1389,HAS_BLOCK
1389,622,FLOW
1389,572,FLOW
1421,572,HAS_BLOCK
572,597,FLOW
572,544,FLOW
1421,597,HAS_BLOCK
597,784,FLOW
597,544,FLOW
1421,622,HAS_BLOCK
622,544,FLOW
622,646,FLOW
1421,646,HAS_BLOCK
646,670,FLOW
646,544,FLOW
1421,670,HAS_BLOCK
670,694,FLOW
670,544,FLOW
1421,694,HAS_BLOCK
694,718,FLOW
694,544,FLOW
1421,718,HAS_BLOCK
718,742,FLOW
718,544,FLOW
1421,742,HAS_BLOCK
742,764,FLOW
742,544,FLOW
1421,764,HAS_BLOCK
764,856,FLOW
1421,784,HAS_BLOCK
784,856,FLOW
1421,836,HAS_BLOCK
836,856,FLOW
1421,856,HAS_BLOCK
856,1421,RETURN
256,288,HAS_PARAM
256,160,HAS_BLOCK
160,224,FLOW
256,224,HAS_BLOCK
224,256,RETURN
2480,2512,HAS_PARAM
2480,2544,HAS_PARAM
2480,2384,HAS_BLOCK
2384,2448,FLOW
2480,2448,HAS_BLOCK
2448,2480,RETURN
7892,7924,HAS_PARAM
7892,7956,HAS_PARAM
7892,6410,HAS_BLOCK
6410,6474,FLOW
6410,7097,FLOW
6410,7097,UNWIND
7892,6474,HAS_BLOCK
6474,6923,FLOW
6474,7097,FLOW
6474,7097,UNWIND
7892,6923,HAS_BLOCK
6923,7444,FLOW
6923,7572,FLOW
6923,7242,FLOW
7892,7242,HAS_BLOCK
7892,7444,HAS_BLOCK
7444,7669,FLOW
7444,7746,FLOW
7444,7242,FLOW
7892,7572,HAS_BLOCK
7572,7150,FLOW
7572,7097,FLOW
7572,7097,UNWIND
7892,7669,HAS_BLOCK
7669,7803,FLOW
7669,7097,FLOW
7669,7097,UNWIND
7892,7746,HAS_BLOCK
7746,7835,FLOW
7746,7097,FLOW
7746,7097,UNWIND
7892,7803,HAS_BLOCK
7803,7046,FLOW
7892,7835,HAS_BLOCK
7835,6506,FLOW
7835,7097,FLOW
7835,7097,UNWIND
7892,6506,HAS_BLOCK
6506,6538,FLOW
6506,6570,FLOW
6506,7242,FLOW
7892,6538,HAS_BLOCK
6538,6627,FLOW
6538,6677,FLOW
6538,7242,FLOW
7892,6570,HAS_BLOCK
6570,7182,FLOW
6570,7097,FLOW
6570,7097,UNWIND
7892,6627,HAS_BLOCK
6627,6720,FLOW
6627,7097,FLOW
6627,7097,UNWIND
7892,6677,HAS_BLOCK
6677,6746,FLOW
6677,7097,FLOW
6677,7097,UNWIND
7892,6720,HAS_BLOCK
6720,7046,FLOW
7892,6746,HAS_BLOCK
6746,6789,FLOW
6746,7097,FLOW
6746,7097,UNWIND
7892,6789,HAS_BLOCK
6789,6814,FLOW
6789,6840,FLOW
6789,7242,FLOW
7892,6814,HAS_BLOCK
6814,6948,FLOW
6814,6992,FLOW
6814,7242,FLOW
7892,6840,HAS_BLOCK
6840,7210,FLOW
6840,7097,FLOW
6840,7097,UNWIND
7892,6948,HAS_BLOCK
6948,7025,FLOW
6948,7097,FLOW
6948,7097,UNWIND
7892,6992,HAS_BLOCK
6992,7078,FLOW
7892,7025,HAS_BLOCK
7025,7046,FLOW
7892,7046,HAS_BLOCK
7046,7078,FLOW
7892,7078,HAS_BLOCK
7078,7892,RETURN
7892,7097,HAS_BLOCK
7097,7117,FLOW
7892,7117,HAS_BLOCK
7892,7150,HAS_BLOCK
7150,7046,FLOW
7892,7182,HAS_BLOCK
7182,7046,FLOW
7892,7210,HAS_BLOCK
7210,7046,FLOW
6314,6346,HAS_PARAM
6314,6378,HAS_PARAM
6314,2576,HAS_BLOCK
2576,2608,FLOW
6314,2608,HAS_BLOCK
2608,3575,FLOW
2608,5431,FLOW
2608,5431,UNWIND
6314,3575,HAS_BLOCK
3575,4108,FLOW
3575,5431,FLOW
3575,5431,UNWIND
6314,4108,HAS_BLOCK
4108,4979,FLOW
4108,5327,FLOW
4108,4574,FLOW
6314,4574,HAS_BLOCK
6314,4979,HAS_BLOCK
4979,5893,FLOW
4979,5652,FLOW
4979,4574,FLOW
6314,5327,HAS_BLOCK
5327,5480,FLOW
5327,5431,FLOW
5327,5431,UNWIND
6314,5652,HAS_BLOCK
5652,4603,FLOW
5652,4648,FLOW
5652,4574,FLOW
6314,5893,HAS_BLOCK
5893,2972,FLOW
5893,2814,FLOW
5893,2640,FLOW
5893,6102,FLOW
5893,4574,FLOW
6314,6102,HAS_BLOCK
6102,4449,FLOW
6102,5431,FLOW
6102,5431,UNWIND
6314,2640,HAS_BLOCK
2640,4034,FLOW
2640,5431,FLOW
2640,5431,UNWIND
6314,2814,HAS_BLOCK
2814,3647,FLOW
2814,5431,FLOW
2814,5431,UNWIND
6314,2972,HAS_BLOCK
2972,3090,FLOW
2972,5431,FLOW
2972,5431,UNWIND
6314,3090,HAS_BLOCK
3090,3318,FLOW
3090,3172,FLOW
6314,3172,HAS_BLOCK
3172,3245,FLOW
3172,5431,FLOW
3172,5431,UNWIND
6314,3245,HAS_BLOCK
3245,5376,FLOW
6314,3318,HAS_BLOCK
3318,3384,FLOW
3318,5431,FLOW
3318,5431,UNWIND
6314,3384,HAS_BLOCK
3384,3438,FLOW
3384,5431,FLOW
3384,5431,UNWIND
6314,3438,HAS_BLOCK
3438,3494,FLOW
3438,3607,FLOW
3438,4574,FLOW
6314,3494,HAS_BLOCK
3494,2608,FLOW
6314,3607,HAS_BLOCK
3607,5507,FLOW
3607,5431,FLOW
3607,5431,UNWIND
6314,3647,HAS_BLOCK
3647,3791,FLOW
3647,3697,FLOW
6314,3697,HAS_BLOCK
3697,3743,FLOW
3697,5431,FLOW
3697,5431,UNWIND
6314,3743,HAS_BLOCK
3743,5376,FLOW
6314,3791,HAS_BLOCK
3791,3847,FLOW
3791,5431,FLOW
3791,5431,UNWIND
6314,3847,HAS_BLOCK
3847,3892,FLOW
3847,5431,FLOW
3847,5431,UNWIND
6314,3892,HAS_BLOCK
3892,3940,FLOW
3892,3989,FLOW
3892,4574,FLOW
6314,3940,HAS_BLOCK
3940,2608,FLOW
6314,3989,HAS_BLOCK
3989,5528,FLOW
3989,5431,FLOW
3989,5431,UNWIND
6314,4034,HAS_BLOCK
4034,4230,FLOW
4034,4140,FLOW
6314,4140,HAS_BLOCK
4140,4189,FLOW
4140,5431,FLOW
4140,5431,UNWIND
6314,4189,HAS_BLOCK
4189,5376,FLOW
6314,4230,HAS_BLOCK
4230,4274,FLOW
4230,5431,FLOW
4230,5431,UNWIND
6314,4274,HAS_BLOCK
4274,4322,FLOW
4274,5431,FLOW
4274,5431,UNWIND
6314,4322,HAS_BLOCK
4322,4362,FLOW
4322,4405,FLOW
4322,4574,FLOW
6314,4362,HAS_BLOCK
4362,2608,FLOW
6314,4405,HAS_BLOCK
4405,5557,FLOW
4405,5431,FLOW
4405,5431,UNWIND
6314,4449,HAS_BLOCK
4449,4489,FLOW
4449,5431,FLOW
4449,5431,UNWIND
6314,4489,HAS_BLOCK
4489,2608,FLOW
4489,4531,FLOW
4489,4574,FLOW
6314,4531,HAS_BLOCK
4531,5580,FLOW
4531,5431,FLOW
4531,5431,UNWIND
6314,4603,HAS_BLOCK
4603,4684,FLOW
4603,5431,FLOW
4603,5431,UNWIND
6314,4648,HAS_BLOCK
4648,4837,FLOW
6314,4684,HAS_BLOCK
4684,4728,FLOW
4684,5431,FLOW
4684,5431,UNWIND
6314,4728,HAS_BLOCK
4728,4768,FLOW
4728,4799,FLOW
4728,4574,FLOW
6314,4768,HAS_BLOCK
4768,4837,FLOW
6314,4799,HAS_BLOCK
4799,5671,FLOW
4799,5431,FLOW
4799,5431,UNWIND
6314,4837,HAS_BLOCK
4837,4870,FLOW
4837,4905,FLOW
4837,4574,FLOW
6314,4870,HAS_BLOCK
4870,4938,FLOW
4870,5431,FLOW
4870,5431,UNWIND
6314,4905,HAS_BLOCK
4905,5103,FLOW
6314,4938,HAS_BLOCK
4938,5004,FLOW
4938,5431,FLOW
4938,5431,UNWIND
6314,5004,HAS_BLOCK
5004,5035,FLOW
5004,5066,FLOW
5004,4574,FLOW
6314,5035,HAS_BLOCK
5035,5103,FLOW
6314,5066,HAS_BLOCK
5066,5695,FLOW
5066,5431,FLOW
5066,5431,UNWIND
6314,5103,HAS_BLOCK
5103,5134,FLOW
5103,5167,FLOW
5103,4574,FLOW
6314,5134,HAS_BLOCK
5134,5192,FLOW
5134,5431,FLOW
5134,5431,UNWIND
6314,5167,HAS_BLOCK
5167,5348,FLOW
6314,5192,HAS_BLOCK
5192,5227,FLOW
5192,5431,FLOW
5192,5431,UNWIND
6314,5227,HAS_BLOCK
5227,5255,FLOW
5227,5284,FLOW
5227,4574,FLOW
6314,5255,HAS_BLOCK
5255,5348,FLOW
6314,5284,HAS_BLOCK
5284,5719,FLOW
5284,5431,FLOW
5284,5431,UNWIND
6314,5348,HAS_BLOCK
5348,5404,FLOW
6314,5376,HAS_BLOCK
5376,5404,FLOW
6314,5404,HAS_BLOCK
5404,6314,RETURN
6314,5431,HAS_BLOCK
5431,5456,FLOW
6314,5456,HAS_BLOCK
6314,5480,HAS_BLOCK
5480,5376,FLOW
6314,5507,HAS_BLOCK
5507,5376,FLOW
6314,5528,HAS_BLOCK
5528,5376,FLOW
6314,5557,HAS_BLOCK
5557,5376,FLOW
6314,5580,HAS_BLOCK
5580,5376,FLOW
6314,5671,HAS_BLOCK
5671,5376,FLOW
6314,5695,HAS_BLOCK
5695,5376,FLOW
6314,5719,HAS_BLOCK
5719,5376,FLOW
