src_id,dst_id,edge_kind
30,805,IMPLEMENTS
853,854,HAS_PARAM
853,837,HAS_BLOCK
837,839,FLOW
853,839,HAS_BLOCK
839,843,FLOW
839,851,FLOW
839,851,UNWIND
853,843,HAS_BLOCK
843,845,FLOW
843,851,FLOW
843,851,UNWIND
853,845,HAS_BLOCK
845,847,FLOW
845,846,FLOW
853,846,HAS_BLOCK
846,849,FLOW
853,847,HAS_BLOCK
847,841,FLOW
847,851,FLOW
847,851,UNWIND
853,849,HAS_BLOCK
849,850,FLOW
849,840,FLOW
853,850,HAS_BLOCK
850,853,RETURN
853,851,HAS_BLOCK
851,852,FLOW
853,852,HAS_BLOCK
853,840,HAS_BLOCK
840,850,FLOW
853,841,HAS_BLOCK
841,849,FLOW
992,993,HAS_PARAM
992,994,HAS_PARAM
992,907,HAS_BLOCK
907,909,FLOW
992,909,HAS_BLOCK
909,928,FLOW
992,928,HAS_BLOCK
928,946,FLOW
992,946,HAS_BLOCK
946,963,FLOW
992,963,HAS_BLOCK
963,976,FLOW
992,976,HAS_BLOCK
976,985,FLOW
976,982,FLOW
976,982,UNWIND
992,985,HAS_BLOCK
985,917,FLOW
985,986,FLOW
992,986,HAS_BLOCK
986,988,FLOW
986,982,FLOW
986,982,UNWIND
992,988,HAS_BLOCK
988,990,FLOW
988,982,FLOW
988,982,UNWIND
992,990,HAS_BLOCK
990,910,FLOW
990,982,FLOW
990,982,UNWIND
992,910,HAS_BLOCK
910,912,FLOW
910,982,FLOW
910,982,UNWIND
992,912,HAS_BLOCK
912,914,FLOW
912,982,FLOW
912,982,UNWIND
992,914,HAS_BLOCK
914,916,FLOW
914,982,FLOW
914,982,UNWIND
992,916,HAS_BLOCK
916,969,FLOW
992,917,HAS_BLOCK
917,919,FLOW
917,982,FLOW
917,982,UNWIND
992,919,HAS_BLOCK
919,921,FLOW
919,982,FLOW
919,982,UNWIND
992,921,HAS_BLOCK
921,923,FLOW
921,977,FLOW
921,977,UNWIND
992,923,HAS_BLOCK
923,924,FLOW
923,929,FLOW
992,924,HAS_BLOCK
924,926,FLOW
924,977,FLOW
924,977,UNWIND
992,926,HAS_BLOCK
926,930,FLOW
926,929,FLOW
992,929,HAS_BLOCK
929,943,FLOW
992,930,HAS_BLOCK
930,932,FLOW
930,977,FLOW
930,977,UNWIND
992,932,HAS_BLOCK
932,934,FLOW
932,933,FLOW
992,933,HAS_BLOCK
933,943,FLOW
992,934,HAS_BLOCK
934,936,FLOW
934,977,FLOW
934,977,UNWIND
992,936,HAS_BLOCK
936,938,FLOW
936,977,FLOW
936,977,UNWIND
992,938,HAS_BLOCK
938,940,FLOW
938,977,FLOW
938,977,UNWIND
992,940,HAS_BLOCK
940,942,FLOW
940,974,FLOW
940,974,UNWIND
992,942,HAS_BLOCK
942,943,FLOW
992,943,HAS_BLOCK
943,947,FLOW
943,980,FLOW
943,980,UNWIND
992,947,HAS_BLOCK
947,949,FLOW
947,973,FLOW
947,973,UNWIND
992,949,HAS_BLOCK
949,950,FLOW
992,950,HAS_BLOCK
950,952,FLOW
950,972,FLOW
950,972,UNWIND
992,952,HAS_BLOCK
952,956,FLOW
952,954,FLOW
952,953,FLOW
992,953,HAS_BLOCK
992,954,HAS_BLOCK
954,957,FLOW
954,971,FLOW
954,971,UNWIND
992,956,HAS_BLOCK
956,967,FLOW
956,973,FLOW
956,973,UNWIND
992,957,HAS_BLOCK
957,958,FLOW
957,966,FLOW
992,958,HAS_BLOCK
958,960,FLOW
958,971,FLOW
958,971,UNWIND
992,960,HAS_BLOCK
960,964,FLOW
960,971,FLOW
960,971,UNWIND
992,964,HAS_BLOCK
964,983,FLOW
964,971,FLOW
964,971,UNWIND
992,966,HAS_BLOCK
966,950,FLOW
966,972,FLOW
966,972,UNWIND
992,967,HAS_BLOCK
967,968,FLOW
967,982,FLOW
967,982,UNWIND
992,968,HAS_BLOCK
968,970,FLOW
992,969,HAS_BLOCK
969,970,FLOW
992,970,HAS_BLOCK
970,992,RETURN
992,971,HAS_BLOCK
971,972,FLOW
992,972,HAS_BLOCK
972,973,FLOW
992,973,HAS_BLOCK
973,980,FLOW
992,974,HAS_BLOCK
974,977,FLOW
992,977,HAS_BLOCK
977,982,FLOW
992,978,HAS_BLOCK
992,979,HAS_BLOCK
979,977,FLOW
992,980,HAS_BLOCK
980,977,FLOW
980,979,FLOW
992,981,HAS_BLOCK
981,978,FLOW
992,982,HAS_BLOCK
982,978,FLOW
982,981,FLOW
992,983,HAS_BLOCK
983,966,FLOW
904,905,HAS_PARAM
904,906,HAS_PARAM
904,860,HAS_BLOCK
860,862,FLOW
904,862,HAS_BLOCK
862,879,FLOW
904,879,HAS_BLOCK
879,893,FLOW
904,893,HAS_BLOCK
893,895,FLOW
893,897,FLOW
893,894,FLOW
904,894,HAS_BLOCK
904,895,HAS_BLOCK
895,899,FLOW
904,897,HAS_BLOCK
897,884,FLOW
904,899,HAS_BLOCK
899,901,FLOW
899,886,FLOW
899,886,UNWIND
904,901,HAS_BLOCK
901,888,FLOW
904,902,HAS_BLOCK
902,863,FLOW
902,885,FLOW
902,885,UNWIND
904,863,HAS_BLOCK
863,865,FLOW
863,885,FLOW
863,885,UNWIND
904,865,HAS_BLOCK
865,866,FLOW
904,866,HAS_BLOCK
866,868,FLOW
866,885,FLOW
866,885,UNWIND
904,868,HAS_BLOCK
868,871,FLOW
868,869,FLOW
868,894,FLOW
904,869,HAS_BLOCK
869,872,FLOW
869,885,FLOW
869,885,UNWIND
904,871,HAS_BLOCK
871,884,FLOW
904,872,HAS_BLOCK
872,874,FLOW
872,885,FLOW
872,885,UNWIND
904,874,HAS_BLOCK
874,875,FLOW
874,866,FLOW
874,894,FLOW
904,875,HAS_BLOCK
875,877,FLOW
875,885,FLOW
875,885,UNWIND
904,877,HAS_BLOCK
877,880,FLOW
877,866,FLOW
904,880,HAS_BLOCK
880,882,FLOW
880,885,FLOW
880,885,UNWIND
904,882,HAS_BLOCK
882,891,FLOW
882,885,FLOW
882,885,UNWIND
904,884,HAS_BLOCK
884,904,RETURN
904,885,HAS_BLOCK
885,887,FLOW
904,886,HAS_BLOCK
886,887,FLOW
904,887,HAS_BLOCK
904,888,HAS_BLOCK
888,889,FLOW
904,889,HAS_BLOCK
889,902,FLOW
904,891,HAS_BLOCK
891,866,FLOW
834,835,HAS_PARAM
834,836,HAS_PARAM
834,824,HAS_BLOCK
824,826,FLOW
834,826,HAS_BLOCK
826,830,FLOW
826,827,FLOW
834,827,HAS_BLOCK
827,829,FLOW
834,829,HAS_BLOCK
829,833,FLOW
834,830,HAS_BLOCK
830,832,FLOW
834,832,HAS_BLOCK
832,833,FLOW
834,833,HAS_BLOCK
833,834,RETURN
1004,1005,HAS_PARAM
1004,995,HAS_BLOCK
995,997,FLOW
1004,997,HAS_BLOCK
997,999,FLOW
1004,999,HAS_BLOCK
999,1001,FLOW
1004,1001,HAS_BLOCK
1001,1003,FLOW
1004,1003,HAS_BLOCK
1003,1004,RETURN
858,859,HAS_PARAM
858,855,HAS_BLOCK
855,857,FLOW
858,857,HAS_BLOCK
857,858,RETURN
821,822,HAS_PARAM
821,823,HAS_PARAM
821,812,HAS_BLOCK
812,814,FLOW
812,1004,CALL
821,814,HAS_BLOCK
814,816,FLOW
814,819,FLOW
814,819,UNWIND
821,816,HAS_BLOCK
816,818,FLOW
816,819,FLOW
816,819,UNWIND
821,818,HAS_BLOCK
818,821,RETURN
821,819,HAS_BLOCK
819,820,FLOW
821,820,HAS_BLOCK
1040,1041,HAS_PARAM
1040,1006,HAS_BLOCK
1006,1027,FLOW
1040,1008,HAS_BLOCK
1008,1028,FLOW
1040,1022,HAS_BLOCK
1022,1028,FLOW
1040,1029,HAS_BLOCK
1029,1026,FLOW
1040,1031,HAS_BLOCK
1031,1028,FLOW
1040,1032,HAS_BLOCK
1032,1025,FLOW
1040,1034,HAS_BLOCK
1034,1028,FLOW
1040,1035,HAS_BLOCK
1035,1024,FLOW
1040,1037,HAS_BLOCK
1037,1028,FLOW
1040,1038,HAS_BLOCK
1038,1023,FLOW
1040,1009,HAS_BLOCK
1009,1028,FLOW
1040,1010,HAS_BLOCK
1010,1021,FLOW
1040,1012,HAS_BLOCK
1012,1028,FLOW
1040,1013,HAS_BLOCK
1013,1020,FLOW
1040,1015,HAS_BLOCK
1015,1028,FLOW
1040,1016,HAS_BLOCK
1016,1019,FLOW
1040,1018,HAS_BLOCK
1018,1028,FLOW
1040,1019,HAS_BLOCK
1019,1008,FLOW
1019,1018,FLOW
1040,1020,HAS_BLOCK
1020,1016,FLOW
1020,1015,FLOW
1040,1021,HAS_BLOCK
1021,1013,FLOW
1021,1012,FLOW
1040,1023,HAS_BLOCK
1023,1010,FLOW
1023,1009,FLOW
1040,1024,HAS_BLOCK
1024,1038,FLOW
1024,1037,FLOW
1040,1025,HAS_BLOCK
1025,1035,FLOW
1025,1034,FLOW
1040,1026,HAS_BLOCK
1026,1032,FLOW
1026,1031,FLOW
1040,1027,HAS_BLOCK
1027,1029,FLOW
1027,1022,FLOW
1040,1028,HAS_BLOCK
1028,1040,RETURN
1635,1636,HAS_PARAM
1635,1637,HAS_PARAM
1635,1638,HAS_PARAM
1635,1639,HAS_PARAM
1635,1630,HAS_BLOCK
1630,1632,FLOW
1635,1632,HAS_BLOCK
1632,1634,FLOW
1632,1757,CALL
1635,1634,HAS_BLOCK
1634,1635,RETURN
1707,1708,HAS_PARAM
1707,1709,HAS_PARAM
1707,1710,HAS_PARAM
1707,1711,HAS_PARAM
1707,1640,HAS_BLOCK
1640,1642,FLOW
1707,1642,HAS_BLOCK
1642,1658,FLOW
1707,1658,HAS_BLOCK
1658,1673,FLOW
1658,1693,FLOW
1658,1704,FLOW
1707,1673,HAS_BLOCK
1673,1689,FLOW
1673,1697,FLOW
1673,1697,UNWIND
1707,1689,HAS_BLOCK
1689,1700,FLOW
1689,1697,FLOW
1689,1697,UNWIND
1707,1700,HAS_BLOCK
1700,1701,FLOW
1707,1701,HAS_BLOCK
1701,1703,FLOW
1701,1696,FLOW
1701,1696,UNWIND
1707,1703,HAS_BLOCK
1703,1643,FLOW
1703,1705,FLOW
1703,1704,FLOW
1707,1704,HAS_BLOCK
1707,1705,HAS_BLOCK
1705,1644,FLOW
1705,1695,FLOW
1705,1695,UNWIND
1707,1643,HAS_BLOCK
1643,1692,FLOW
1643,1697,FLOW
1643,1697,UNWIND
1707,1644,HAS_BLOCK
1644,1679,FLOW
1644,1695,FLOW
1644,1695,UNWIND
1707,1646,HAS_BLOCK
1646,1701,FLOW
1646,1696,FLOW
1646,1696,UNWIND
1707,1647,HAS_BLOCK
1647,1680,FLOW
1707,1648,HAS_BLOCK
1648,1678,FLOW
1648,1695,FLOW
1648,1695,UNWIND
1707,1650,HAS_BLOCK
1650,1680,FLOW
1707,1651,HAS_BLOCK
1651,1677,FLOW
1651,1695,FLOW
1651,1695,UNWIND
1707,1653,HAS_BLOCK
1653,1680,FLOW
1707,1654,HAS_BLOCK
1654,1676,FLOW
1654,1695,FLOW
1654,1695,UNWIND
1707,1656,HAS_BLOCK
1656,1680,FLOW
1707,1659,HAS_BLOCK
1659,1675,FLOW
1659,1695,FLOW
1659,1695,UNWIND
1707,1661,HAS_BLOCK
1661,1680,FLOW
1707,1662,HAS_BLOCK
1662,1674,FLOW
1662,1695,FLOW
1662,1695,UNWIND
1707,1664,HAS_BLOCK
1664,1680,FLOW
1707,1665,HAS_BLOCK
1665,1672,FLOW
1665,1695,FLOW
1665,1695,UNWIND
1707,1667,HAS_BLOCK
1667,1680,FLOW
1707,1668,HAS_BLOCK
1668,1671,FLOW
1668,1695,FLOW
1668,1695,UNWIND
1707,1670,HAS_BLOCK
1670,1680,FLOW
1707,1671,HAS_BLOCK
1671,1646,FLOW
1671,1670,FLOW
1707,1672,HAS_BLOCK
1672,1668,FLOW
1672,1667,FLOW
1707,1674,HAS_BLOCK
1674,1665,FLOW
1674,1664,FLOW
1707,1675,HAS_BLOCK
1675,1662,FLOW
1675,1661,FLOW
1707,1676,HAS_BLOCK
1676,1659,FLOW
1676,1656,FLOW
1707,1677,HAS_BLOCK
1677,1654,FLOW
1677,1653,FLOW
1707,1678,HAS_BLOCK
1678,1651,FLOW
1678,1650,FLOW
1707,1679,HAS_BLOCK
1679,1648,FLOW
1679,1647,FLOW
1707,1680,HAS_BLOCK
1680,1682,FLOW
1680,1695,FLOW
1680,1695,UNWIND
1707,1682,HAS_BLOCK
1682,1684,FLOW
1682,1695,FLOW
1682,1695,UNWIND
1707,1684,HAS_BLOCK
1684,1686,FLOW
1684,1695,FLOW
1684,1695,UNWIND
1707,1686,HAS_BLOCK
1686,1690,FLOW
1686,1694,FLOW
1686,1694,UNWIND
1686,1992,CALL
1707,1690,HAS_BLOCK
1690,1691,FLOW
1690,1695,FLOW
1690,1695,UNWIND
1707,1691,HAS_BLOCK
1691,1701,FLOW
1691,1696,FLOW
1691,1696,UNWIND
1707,1692,HAS_BLOCK
1692,1693,FLOW
1707,1693,HAS_BLOCK
1693,1707,RETURN
1707,1694,HAS_BLOCK
1694,1695,FLOW
1707,1695,HAS_BLOCK
1695,1696,FLOW
1707,1696,HAS_BLOCK
1696,1697,FLOW
1707,1697,HAS_BLOCK
1697,1698,FLOW
1707,1698,HAS_BLOCK
1757,1758,HAS_PARAM
1757,1759,HAS_PARAM
1757,1760,HAS_PARAM
1757,1761,HAS_PARAM
1757,1712,HAS_BLOCK
1712,1714,FLOW
1757,1714,HAS_BLOCK
1714,1734,FLOW
1757,1734,HAS_BLOCK
1734,1747,FLOW
1757,1747,HAS_BLOCK
1747,1750,FLOW
1747,1749,FLOW
1747,1748,FLOW
1757,1748,HAS_BLOCK
1757,1749,HAS_BLOCK
1749,1717,FLOW
1749,1719,FLOW
1749,1723,FLOW
1749,1751,FLOW
1749,1715,FLOW
1749,1721,FLOW
1749,1753,FLOW
1749,1755,FLOW
1749,1734,FLOW
1757,1750,HAS_BLOCK
1750,1757,RETURN
1757,1751,HAS_BLOCK
1751,1725,FLOW
1751,1992,CALL
1757,1753,HAS_BLOCK
1753,1734,FLOW
1753,1992,CALL
1757,1755,HAS_BLOCK
1755,1734,FLOW
1755,1992,CALL
1757,1715,HAS_BLOCK
1715,1734,FLOW
1715,1992,CALL
1757,1717,HAS_BLOCK
1717,1734,FLOW
1717,1992,CALL
1757,1719,HAS_BLOCK
1719,1734,FLOW
1719,1992,CALL
1757,1721,HAS_BLOCK
1721,1734,FLOW
1721,1992,CALL
1757,1723,HAS_BLOCK
1723,1734,FLOW
1723,1992,CALL
1757,1725,HAS_BLOCK
1725,1726,FLOW
1725,1734,FLOW
1725,1748,FLOW
1757,1726,HAS_BLOCK
1726,1728,FLOW
1757,1728,HAS_BLOCK
1728,1730,FLOW
1757,1730,HAS_BLOCK
1730,1732,FLOW
1757,1732,HAS_BLOCK
1732,1735,FLOW
1757,1735,HAS_BLOCK
1735,1737,FLOW
1757,1737,HAS_BLOCK
1737,1739,FLOW
1737,1744,FLOW
1737,1744,UNWIND
1757,1739,HAS_BLOCK
1739,1741,FLOW
1739,1744,FLOW
1739,1744,UNWIND
1757,1741,HAS_BLOCK
1741,1743,FLOW
1741,1744,FLOW
1741,1744,UNWIND
1741,1757,CALL
1757,1743,HAS_BLOCK
1743,1734,FLOW
1757,1744,HAS_BLOCK
1744,1745,FLOW
1757,1745,HAS_BLOCK
1992,1993,HAS_PARAM
1992,1994,HAS_PARAM
1992,1995,HAS_PARAM
1992,1996,HAS_PARAM
1992,1997,HAS_PARAM
1992,1967,HAS_BLOCK
1967,1969,FLOW
1992,1969,HAS_BLOCK
1969,1977,FLOW
1992,1977,HAS_BLOCK
1977,1979,FLOW
1992,1979,HAS_BLOCK
1979,1981,FLOW
1992,1981,HAS_BLOCK
1981,1983,FLOW
1992,1983,HAS_BLOCK
1983,1985,FLOW
1983,1975,FLOW
1983,1975,UNWIND
1992,1985,HAS_BLOCK
1985,1987,FLOW
1985,1972,FLOW
1985,1972,UNWIND
1992,1987,HAS_BLOCK
1987,1989,FLOW
1987,1971,FLOW
1987,1971,UNWIND
1992,1989,HAS_BLOCK
1989,1991,FLOW
1989,1975,FLOW
1989,1975,UNWIND
1992,1991,HAS_BLOCK
1991,1970,FLOW
1992,1970,HAS_BLOCK
1970,1992,RETURN
1992,1971,HAS_BLOCK
1971,1972,FLOW
1992,1972,HAS_BLOCK
1972,1975,FLOW
1992,1973,HAS_BLOCK
1992,1974,HAS_BLOCK
1974,1973,FLOW
1992,1975,HAS_BLOCK
1975,1973,FLOW
1975,1974,FLOW
1962,1963,HAS_PARAM
1962,1964,HAS_PARAM
1962,1965,HAS_PARAM
1962,1966,HAS_PARAM
1962,1762,HAS_BLOCK
1762,1764,FLOW
1962,1764,HAS_BLOCK
1764,1821,FLOW
1962,1821,HAS_BLOCK
1821,1840,FLOW
1962,1840,HAS_BLOCK
1840,1859,FLOW
1962,1859,HAS_BLOCK
1859,1877,FLOW
1962,1877,HAS_BLOCK
1877,1929,FLOW
1877,1911,FLOW
1877,1894,FLOW
1962,1894,HAS_BLOCK
1962,1911,HAS_BLOCK
1911,1945,FLOW
1911,1859,FLOW
1962,1929,HAS_BLOCK
1929,1962,RETURN
1962,1945,HAS_BLOCK
1945,1765,FLOW
1962,1765,HAS_BLOCK
1765,1777,FLOW
1765,1780,FLOW
1765,1780,UNWIND
1962,1777,HAS_BLOCK
1777,1814,FLOW
1777,1789,FLOW
1962,1789,HAS_BLOCK
1789,1801,FLOW
1789,1780,FLOW
1789,1780,UNWIND
1962,1801,HAS_BLOCK
1801,1809,FLOW
1801,1780,FLOW
1801,1780,UNWIND
1962,1809,HAS_BLOCK
1809,1811,FLOW
1809,1780,FLOW
1809,1780,UNWIND
1962,1811,HAS_BLOCK
1811,1813,FLOW
1811,1780,FLOW
1811,1780,UNWIND
1962,1813,HAS_BLOCK
1813,1827,FLOW
1962,1814,HAS_BLOCK
1814,1816,FLOW
1814,1780,FLOW
1814,1780,UNWIND
1962,1816,HAS_BLOCK
1816,1818,FLOW
1816,1780,FLOW
1816,1780,UNWIND
1962,1818,HAS_BLOCK
1818,1822,FLOW
1818,1780,FLOW
1818,1780,UNWIND
1962,1822,HAS_BLOCK
1822,1824,FLOW
1822,1780,FLOW
1822,1780,UNWIND
1962,1824,HAS_BLOCK
1824,1826,FLOW
1824,1780,FLOW
1824,1780,UNWIND
1962,1826,HAS_BLOCK
1826,1827,FLOW
1962,1827,HAS_BLOCK
1827,1829,FLOW
1827,1804,FLOW
1827,1804,UNWIND
1827,2018,CALL
1962,1829,HAS_BLOCK
1829,1830,FLOW
1829,1845,FLOW
1829,1894,FLOW
1962,1830,HAS_BLOCK
1830,1832,FLOW
1830,1779,FLOW
1830,1779,UNWIND
1962,1832,HAS_BLOCK
1832,1834,FLOW
1832,1779,FLOW
1832,1779,UNWIND
1962,1834,HAS_BLOCK
1834,1837,FLOW
1834,1835,FLOW
1962,1835,HAS_BLOCK
1835,1805,FLOW
1835,1779,FLOW
1835,1779,UNWIND
1962,1837,HAS_BLOCK
1837,1806,FLOW
1837,1779,FLOW
1837,1779,UNWIND
1962,1841,HAS_BLOCK
1841,1843,FLOW
1841,1779,FLOW
1841,1779,UNWIND
1962,1843,HAS_BLOCK
1843,1844,FLOW
1843,1779,FLOW
1843,1779,UNWIND
1962,1844,HAS_BLOCK
1844,1770,FLOW
1844,1804,FLOW
1844,1804,UNWIND
1962,1845,HAS_BLOCK
1845,1847,FLOW
1845,1804,FLOW
1845,1804,UNWIND
1962,1847,HAS_BLOCK
1847,1849,FLOW
1847,1804,FLOW
1847,1804,UNWIND
1962,1849,HAS_BLOCK
1849,1851,FLOW
1849,1804,FLOW
1849,1804,UNWIND
1962,1851,HAS_BLOCK
1851,1853,FLOW
1851,1804,FLOW
1851,1804,UNWIND
1962,1853,HAS_BLOCK
1853,1855,FLOW
1853,1804,FLOW
1853,1804,UNWIND
1962,1855,HAS_BLOCK
1855,1857,FLOW
1855,1802,FLOW
1855,1802,UNWIND
1962,1857,HAS_BLOCK
1857,1860,FLOW
1857,1802,FLOW
1857,1802,UNWIND
1962,1860,HAS_BLOCK
1860,1864,FLOW
1860,1861,FLOW
1962,1861,HAS_BLOCK
1861,1863,FLOW
1861,1802,FLOW
1861,1802,UNWIND
1962,1863,HAS_BLOCK
1863,1790,FLOW
1863,1802,FLOW
1863,1802,UNWIND
1962,1864,HAS_BLOCK
1864,1866,FLOW
1864,1802,FLOW
1864,1802,UNWIND
1962,1866,HAS_BLOCK
1866,1868,FLOW
1866,1778,FLOW
1866,1778,UNWIND
1962,1868,HAS_BLOCK
1868,1870,FLOW
1868,1778,FLOW
1868,1778,UNWIND
1962,1870,HAS_BLOCK
1870,1871,FLOW
1870,1798,FLOW
1870,1798,UNWIND
1962,1871,HAS_BLOCK
1871,1873,FLOW
1871,1798,FLOW
1871,1798,UNWIND
1962,1873,HAS_BLOCK
1873,1875,FLOW
1873,1798,FLOW
1873,1798,UNWIND
1962,1875,HAS_BLOCK
1875,1882,FLOW
1875,1878,FLOW
1962,1878,HAS_BLOCK
1878,1880,FLOW
1878,1798,FLOW
1878,1798,UNWIND
1962,1880,HAS_BLOCK
1880,1881,FLOW
1880,1798,FLOW
1880,1798,UNWIND
1962,1881,HAS_BLOCK
1881,1790,FLOW
1962,1882,HAS_BLOCK
1882,1884,FLOW
1882,1798,FLOW
1882,1798,UNWIND
1962,1884,HAS_BLOCK
1884,1886,FLOW
1884,1775,FLOW
1884,1775,UNWIND
1962,1886,HAS_BLOCK
1886,1887,FLOW
1886,1786,FLOW
1886,1894,FLOW
1962,1887,HAS_BLOCK
1887,1889,FLOW
1887,1796,FLOW
1887,1796,UNWIND
1962,1889,HAS_BLOCK
1889,1891,FLOW
1889,1796,FLOW
1889,1796,UNWIND
1962,1891,HAS_BLOCK
1891,1892,FLOW
1962,1892,HAS_BLOCK
1892,1895,FLOW
1892,1774,FLOW
1892,1774,UNWIND
1962,1895,HAS_BLOCK
1895,1898,FLOW
1895,1896,FLOW
1895,1894,FLOW
1962,1896,HAS_BLOCK
1896,1899,FLOW
1896,1773,FLOW
1896,1773,UNWIND
1962,1898,HAS_BLOCK
1898,1786,FLOW
1898,1796,FLOW
1898,1796,UNWIND
1962,1899,HAS_BLOCK
1899,1901,FLOW
1899,1794,FLOW
1899,1794,UNWIND
1962,1901,HAS_BLOCK
1901,1903,FLOW
1901,1794,FLOW
1901,1794,UNWIND
1962,1903,HAS_BLOCK
1903,1906,FLOW
1903,1904,FLOW
1962,1904,HAS_BLOCK
1904,1907,FLOW
1904,1794,FLOW
1904,1794,UNWIND
1962,1906,HAS_BLOCK
1906,1946,FLOW
1906,1773,FLOW
1906,1773,UNWIND
1962,1907,HAS_BLOCK
1907,1909,FLOW
1907,1794,FLOW
1907,1794,UNWIND
1962,1909,HAS_BLOCK
1909,1912,FLOW
1909,1794,FLOW
1909,1794,UNWIND
1962,1912,HAS_BLOCK
1912,1914,FLOW
1912,1794,FLOW
1912,1794,UNWIND
1962,1914,HAS_BLOCK
1914,1916,FLOW
1914,1794,FLOW
1914,1794,UNWIND
1962,1916,HAS_BLOCK
1916,1918,FLOW
1916,1794,FLOW
1916,1794,UNWIND
1962,1918,HAS_BLOCK
1918,1920,FLOW
1918,1794,FLOW
1918,1794,UNWIND
1962,1920,HAS_BLOCK
1920,1922,FLOW
1920,1794,FLOW
1920,1794,UNWIND
1962,1922,HAS_BLOCK
1922,1924,FLOW
1922,1772,FLOW
1922,1772,UNWIND
1962,1924,HAS_BLOCK
1924,1926,FLOW
1924,1925,FLOW
1962,1925,HAS_BLOCK
1925,1940,FLOW
1925,1794,FLOW
1925,1794,UNWIND
1962,1926,HAS_BLOCK
1926,1927,FLOW
1926,1794,FLOW
1926,1794,UNWIND
1962,1927,HAS_BLOCK
1927,1930,FLOW
1927,1794,FLOW
1927,1794,UNWIND
1962,1930,HAS_BLOCK
1930,1932,FLOW
1930,1794,FLOW
1930,1794,UNWIND
1962,1932,HAS_BLOCK
1932,1934,FLOW
1932,1794,FLOW
1932,1794,UNWIND
1962,1934,HAS_BLOCK
1934,1936,FLOW
1934,1794,FLOW
1934,1794,UNWIND
1962,1936,HAS_BLOCK
1936,1938,FLOW
1936,1771,FLOW
1936,1771,UNWIND
1962,1938,HAS_BLOCK
1938,1942,FLOW
1938,1939,FLOW
1962,1939,HAS_BLOCK
1939,1940,FLOW
1939,1794,FLOW
1939,1794,UNWIND
1962,1940,HAS_BLOCK
1940,1807,FLOW
1940,1794,FLOW
1940,1794,UNWIND
1962,1942,HAS_BLOCK
1942,1943,FLOW
1942,1794,FLOW
1942,1794,UNWIND
1962,1943,HAS_BLOCK
1943,1944,FLOW
1943,1782,FLOW
1962,1944,HAS_BLOCK
1944,1892,FLOW
1944,1774,FLOW
1944,1774,UNWIND
1962,1946,HAS_BLOCK
1946,1892,FLOW
1946,1774,FLOW
1946,1774,UNWIND
1962,1947,HAS_BLOCK
1947,1949,FLOW
1947,1775,FLOW
1947,1775,UNWIND
1962,1949,HAS_BLOCK
1949,1951,FLOW
1949,1775,FLOW
1949,1775,UNWIND
1962,1951,HAS_BLOCK
1951,1953,FLOW
1951,1775,FLOW
1951,1775,UNWIND
1962,1953,HAS_BLOCK
1953,1959,FLOW
1953,1954,FLOW
1962,1954,HAS_BLOCK
1954,1956,FLOW
1954,1792,FLOW
1954,1792,UNWIND
1962,1956,HAS_BLOCK
1956,1958,FLOW
1956,1792,FLOW
1956,1792,UNWIND
1962,1958,HAS_BLOCK
1958,1959,FLOW
1958,1775,FLOW
1958,1775,UNWIND
1962,1959,HAS_BLOCK
1959,1960,FLOW
1959,1798,FLOW
1959,1798,UNWIND
1962,1960,HAS_BLOCK
1960,1766,FLOW
1960,1802,FLOW
1960,1802,UNWIND
1962,1766,HAS_BLOCK
1766,1767,FLOW
1766,1804,FLOW
1766,1804,UNWIND
1962,1767,HAS_BLOCK
1767,1768,FLOW
1767,1787,FLOW
1962,1768,HAS_BLOCK
1768,1859,FLOW
1962,1769,HAS_BLOCK
1769,1770,FLOW
1962,1770,HAS_BLOCK
1770,1859,FLOW
1962,1771,HAS_BLOCK
1771,1794,FLOW
1962,1772,HAS_BLOCK
1772,1794,FLOW
1962,1773,HAS_BLOCK
1773,1774,FLOW
1962,1774,HAS_BLOCK
1774,1796,FLOW
1962,1775,HAS_BLOCK
1775,1798,FLOW
1962,1778,HAS_BLOCK
1778,1802,FLOW
1962,1779,HAS_BLOCK
1779,1804,FLOW
1962,1780,HAS_BLOCK
1780,1781,FLOW
1962,1781,HAS_BLOCK
1962,1782,HAS_BLOCK
1782,1944,FLOW
1782,1773,FLOW
1782,1773,UNWIND
1962,1783,HAS_BLOCK
1783,1947,FLOW
1783,1775,FLOW
1783,1775,UNWIND
1962,1785,HAS_BLOCK
1785,1783,FLOW
1785,1775,FLOW
1785,1775,UNWIND
1962,1786,HAS_BLOCK
1786,1783,FLOW
1786,1785,FLOW
1786,1894,FLOW
1962,1787,HAS_BLOCK
1787,1768,FLOW
1787,1780,FLOW
1787,1780,UNWIND
1962,1788,HAS_BLOCK
1788,1769,FLOW
1788,1804,FLOW
1788,1804,UNWIND
1962,1790,HAS_BLOCK
1790,1769,FLOW
1790,1788,FLOW
1962,1791,HAS_BLOCK
1791,1775,FLOW
1962,1792,HAS_BLOCK
1792,1775,FLOW
1792,1791,FLOW
1962,1793,HAS_BLOCK
1793,1773,FLOW
1962,1794,HAS_BLOCK
1794,1773,FLOW
1794,1793,FLOW
1962,1795,HAS_BLOCK
1795,1775,FLOW
1962,1796,HAS_BLOCK
1796,1775,FLOW
1796,1795,FLOW
1962,1797,HAS_BLOCK
1797,1802,FLOW
1962,1798,HAS_BLOCK
1798,1802,FLOW
1798,1797,FLOW
1962,1799,HAS_BLOCK
1799,1804,FLOW
1962,1802,HAS_BLOCK
1802,1804,FLOW
1802,1799,FLOW
1962,1803,HAS_BLOCK
1803,1780,FLOW
1962,1804,HAS_BLOCK
1804,1780,FLOW
1804,1803,FLOW
1962,1805,HAS_BLOCK
1805,1841,FLOW
1962,1806,HAS_BLOCK
1806,1841,FLOW
1962,1807,HAS_BLOCK
1807,1943,FLOW
2018,2019,HAS_PARAM
2018,1998,HAS_BLOCK
1998,2000,FLOW
2018,2000,HAS_BLOCK
2000,2007,FLOW
2018,2007,HAS_BLOCK
2007,2009,FLOW
2018,2009,HAS_BLOCK
2009,2013,FLOW
2009,2011,FLOW
2009,2010,FLOW
2018,2010,HAS_BLOCK
2018,2011,HAS_BLOCK
2011,2014,FLOW
2018,2013,HAS_BLOCK
2013,2006,FLOW
2018,2014,HAS_BLOCK
2014,2016,FLOW
2018,2016,HAS_BLOCK
2016,2007,FLOW
2016,2017,FLOW
2018,2017,HAS_BLOCK
2017,2001,FLOW
2017,2007,FLOW
2018,2001,HAS_BLOCK
2001,2002,FLOW
2001,2007,FLOW
2018,2002,HAS_BLOCK
2002,2003,FLOW
2002,2007,FLOW
2018,2003,HAS_BLOCK
2003,2005,FLOW
2018,2005,HAS_BLOCK
2005,2006,FLOW
2018,2006,HAS_BLOCK
2006,2018,RETURN
2044,2045,HAS_PARAM
2044,2046,HAS_PARAM
2044,2047,HAS_PARAM
2044,2020,HAS_BLOCK
2020,2022,FLOW
2044,2022,HAS_BLOCK
2022,2030,FLOW
2044,2030,HAS_BLOCK
2030,2032,FLOW
2044,2032,HAS_BLOCK
2032,2034,FLOW
2032,2027,FLOW
2032,2027,UNWIND
2044,2034,HAS_BLOCK
2034,2038,FLOW
2034,2035,FLOW
2044,2035,HAS_BLOCK
2035,2037,FLOW
2035,2027,FLOW
2035,2027,UNWIND
2035,992,CALL
2044,2037,HAS_BLOCK
2037,2026,FLOW
2044,2038,HAS_BLOCK
2038,2040,FLOW
2038,2027,FLOW
2038,2027,UNWIND
2044,2040,HAS_BLOCK
2040,2042,FLOW
2040,2027,FLOW
2040,2027,UNWIND
2044,2042,HAS_BLOCK
2042,2023,FLOW
2042,2027,FLOW
2042,2027,UNWIND
2044,2023,HAS_BLOCK
2023,2025,FLOW
2023,2027,FLOW
2023,2027,UNWIND
2044,2025,HAS_BLOCK
2025,2026,FLOW
2044,2026,HAS_BLOCK
2026,2044,RETURN
2044,2027,HAS_BLOCK
2027,2028,FLOW
2044,2028,HAS_BLOCK
2063,2064,HAS_PARAM
2063,2048,HAS_BLOCK
2048,2050,FLOW
2063,2050,HAS_BLOCK
2050,2052,FLOW
2063,2052,HAS_BLOCK
2052,2054,FLOW
2063,2054,HAS_BLOCK
2054,2056,FLOW
2063,2056,HAS_BLOCK
2056,2057,FLOW
2056,2060,FLOW
2063,2057,HAS_BLOCK
2057,2059,FLOW
2063,2059,HAS_BLOCK
2059,2061,FLOW
2059,2060,FLOW
2063,2060,HAS_BLOCK
2060,2062,FLOW
2063,2061,HAS_BLOCK
2061,2062,FLOW
2063,2062,HAS_BLOCK
2062,2063,RETURN
3479,3480,HAS_PARAM
3479,3481,HAS_PARAM
3479,3482,HAS_PARAM
3479,3435,HAS_BLOCK
3435,3437,FLOW
3479,3437,HAS_BLOCK
3437,3451,FLOW
3479,3451,HAS_BLOCK
3451,3470,FLOW
3479,3470,HAS_BLOCK
3470,3472,FLOW
3479,3472,HAS_BLOCK
3472,3473,FLOW
3479,3473,HAS_BLOCK
3473,3475,FLOW
3479,3475,HAS_BLOCK
3475,3466,FLOW
3475,3477,FLOW
3475,3476,FLOW
3479,3476,HAS_BLOCK
3479,3477,HAS_BLOCK
3477,3441,FLOW
3477,3440,FLOW
3477,3438,FLOW
3477,3445,FLOW
3477,3442,FLOW
3477,3439,FLOW
3477,3444,FLOW
3477,3443,FLOW
3477,3478,FLOW
3479,3478,HAS_BLOCK
3478,3464,FLOW
3479,3438,HAS_BLOCK
3438,3462,FLOW
3438,3478,FLOW
3479,3439,HAS_BLOCK
3439,3460,FLOW
3439,3478,FLOW
3479,3440,HAS_BLOCK
3440,3458,FLOW
3440,3478,FLOW
3479,3441,HAS_BLOCK
3441,3456,FLOW
3441,3478,FLOW
3479,3442,HAS_BLOCK
3442,3454,FLOW
3442,3478,FLOW
3479,3443,HAS_BLOCK
3443,3452,FLOW
3443,3478,FLOW
3479,3444,HAS_BLOCK
3444,3448,FLOW
3444,3478,FLOW
3479,3445,HAS_BLOCK
3445,3446,FLOW
3445,3478,FLOW
3479,3446,HAS_BLOCK
3446,3464,FLOW
3479,3448,HAS_BLOCK
3448,3464,FLOW
3479,3452,HAS_BLOCK
3452,3464,FLOW
3479,3454,HAS_BLOCK
3454,3464,FLOW
3479,3456,HAS_BLOCK
3456,3464,FLOW
3479,3458,HAS_BLOCK
3458,3464,FLOW
3479,3460,HAS_BLOCK
3460,3464,FLOW
3479,3462,HAS_BLOCK
3462,3464,FLOW
3479,3464,HAS_BLOCK
3464,3473,FLOW
3464,3465,FLOW
3479,3465,HAS_BLOCK
3465,3466,FLOW
3479,3466,HAS_BLOCK
3466,3468,FLOW
3479,3468,HAS_BLOCK
3468,3479,RETURN
3502,3503,HAS_PARAM
3502,3504,HAS_PARAM
3502,3505,HAS_PARAM
3502,3483,HAS_BLOCK
3483,3485,FLOW
3502,3485,HAS_BLOCK
3485,3491,FLOW
3502,3491,HAS_BLOCK
3491,3493,FLOW
3502,3493,HAS_BLOCK
3493,3496,FLOW
3493,3495,FLOW
3493,3494,FLOW
3502,3494,HAS_BLOCK
3502,3495,HAS_BLOCK
3495,3497,FLOW
3495,3491,FLOW
3502,3496,HAS_BLOCK
3496,3502,RETURN
3502,3497,HAS_BLOCK
3497,3499,FLOW
3502,3499,HAS_BLOCK
3499,3491,FLOW
3499,3500,FLOW
3502,3500,HAS_BLOCK
3500,3486,FLOW
3502,3486,HAS_BLOCK
3486,3488,FLOW
3502,3488,HAS_BLOCK
3488,3489,FLOW
3488,3490,FLOW
3488,3490,UNWIND
3502,3489,HAS_BLOCK
3489,3491,FLOW
3502,3490,HAS_BLOCK
3526,3527,HAS_PARAM
3526,3528,HAS_PARAM
3526,3529,HAS_PARAM
3526,3506,HAS_BLOCK
3506,3508,FLOW
3526,3508,HAS_BLOCK
3508,3515,FLOW
3526,3515,HAS_BLOCK
3515,3517,FLOW
3526,3517,HAS_BLOCK
3517,3520,FLOW
3517,3519,FLOW
3517,3518,FLOW
3526,3518,HAS_BLOCK
3526,3519,HAS_BLOCK
3519,3521,FLOW
3519,3515,FLOW
3526,3520,HAS_BLOCK
3520,3526,RETURN
3526,3521,HAS_BLOCK
3521,3523,FLOW
3526,3523,HAS_BLOCK
3523,3524,FLOW
3523,3515,FLOW
3526,3524,HAS_BLOCK
3524,3509,FLOW
3526,3509,HAS_BLOCK
3509,3511,FLOW
3526,3511,HAS_BLOCK
3511,3513,FLOW
3526,3513,HAS_BLOCK
3513,3515,FLOW
3513,3514,FLOW
3526,3514,HAS_BLOCK
3514,3515,FLOW
3630,3631,HAS_FIELD
3725,3726,HAS_PARAM
3725,3727,HAS_PARAM
3725,3728,HAS_PARAM
3725,3722,HAS_BLOCK
3722,3724,FLOW
3725,3724,HAS_BLOCK
3724,3725,RETURN
3718,3721,HAS_FIELD
3718,3720,HAS_FIELD
3718,3719,HAS_FIELD
3532,3536,HAS_FIELD
3532,3534,HAS_FIELD
3532,3537,HAS_FIELD
3532,3535,HAS_FIELD
3532,3533,HAS_FIELD
3681,3682,HAS_PARAM
3681,3683,HAS_PARAM
3681,3632,HAS_BLOCK
3632,3634,FLOW
3632,3671,FLOW
3632,3671,UNWIND
3681,3634,HAS_BLOCK
3634,3672,FLOW
3634,3651,FLOW
3681,3651,HAS_BLOCK
3651,3665,FLOW
3651,3671,FLOW
3651,3671,UNWIND
3681,3665,HAS_BLOCK
3665,3667,FLOW
3681,3672,HAS_BLOCK
3672,3640,FLOW
3672,3673,FLOW
3681,3673,HAS_BLOCK
3673,3674,FLOW
3673,3671,FLOW
3673,3671,UNWIND
3681,3674,HAS_BLOCK
3674,3676,FLOW
3674,3671,FLOW
3674,3671,UNWIND
3681,3676,HAS_BLOCK
3676,3678,FLOW
3676,3671,FLOW
3676,3671,UNWIND
3681,3678,HAS_BLOCK
3678,3680,FLOW
3678,3671,FLOW
3678,3671,UNWIND
3681,3680,HAS_BLOCK
3680,3638,FLOW
3680,3636,FLOW
3680,3635,FLOW
3681,3635,HAS_BLOCK
3681,3636,HAS_BLOCK
3636,3639,FLOW
3636,3659,FLOW
3636,3659,UNWIND
3681,3638,HAS_BLOCK
3638,3667,FLOW
3681,3639,HAS_BLOCK
3639,3667,FLOW
3681,3640,HAS_BLOCK
3640,3641,FLOW
3640,3671,FLOW
3640,3671,UNWIND
3681,3641,HAS_BLOCK
3641,3643,FLOW
3641,3671,FLOW
3641,3671,UNWIND
3681,3643,HAS_BLOCK
3643,3645,FLOW
3643,3671,FLOW
3643,3671,UNWIND
3681,3645,HAS_BLOCK
3645,3647,FLOW
3645,3671,FLOW
3645,3671,UNWIND
3681,3647,HAS_BLOCK
3647,3649,FLOW
3647,3658,FLOW
3647,3658,UNWIND
3681,3649,HAS_BLOCK
3649,3652,FLOW
3649,3658,FLOW
3649,3658,UNWIND
3681,3652,HAS_BLOCK
3652,3654,FLOW
3652,3658,FLOW
3652,3658,UNWIND
3652,3681,CALL
3681,3654,HAS_BLOCK
3654,3656,FLOW
3654,3658,FLOW
3654,3658,UNWIND
3681,3656,HAS_BLOCK
3656,3657,FLOW
3681,3657,HAS_BLOCK
3657,3681,RETURN
3681,3658,HAS_BLOCK
3658,3671,FLOW
3681,3659,HAS_BLOCK
3659,3660,FLOW
3681,3660,HAS_BLOCK
3660,3671,FLOW
3681,3661,HAS_BLOCK
3681,3662,HAS_BLOCK
3662,3657,FLOW
3681,3663,HAS_BLOCK
3663,3662,FLOW
3663,3666,FLOW
3681,3666,HAS_BLOCK
3666,3662,FLOW
3681,3667,HAS_BLOCK
3667,3663,FLOW
3667,3662,FLOW
3667,3635,FLOW
3681,3668,HAS_BLOCK
3668,3661,FLOW
3668,3669,FLOW
3681,3669,HAS_BLOCK
3669,3661,FLOW
3681,3670,HAS_BLOCK
3670,3668,FLOW
3670,3661,FLOW
3681,3671,HAS_BLOCK
3671,3661,FLOW
3671,3670,FLOW
3716,3717,HAS_PARAM
3716,3684,HAS_BLOCK
3684,3686,FLOW
3716,3686,HAS_BLOCK
3686,3700,FLOW
3716,3700,HAS_BLOCK
3700,3711,FLOW
3700,3709,FLOW
3700,3707,FLOW
3700,3706,FLOW
3700,3706,FLOW
3700,3705,FLOW
3716,3705,HAS_BLOCK
3716,3706,HAS_BLOCK
3706,3695,FLOW
3716,3707,HAS_BLOCK
3707,3690,FLOW
3707,3702,FLOW
3707,3702,UNWIND
3716,3709,HAS_BLOCK
3709,3687,FLOW
3709,3702,FLOW
3709,3702,UNWIND
3716,3711,HAS_BLOCK
3711,3713,FLOW
3711,3702,FLOW
3711,3702,UNWIND
3716,3713,HAS_BLOCK
3713,3715,FLOW
3713,3702,FLOW
3713,3702,UNWIND
3716,3715,HAS_BLOCK
3715,3703,FLOW
3716,3687,HAS_BLOCK
3687,3689,FLOW
3687,3702,FLOW
3687,3702,UNWIND
3716,3689,HAS_BLOCK
3689,3695,FLOW
3716,3690,HAS_BLOCK
3690,3692,FLOW
3690,3702,FLOW
3690,3702,UNWIND
3716,3692,HAS_BLOCK
3692,3694,FLOW
3692,3697,FLOW
3692,3697,UNWIND
3716,3694,HAS_BLOCK
3694,3695,FLOW
3716,3695,HAS_BLOCK
3695,3696,FLOW
3695,3699,FLOW
3716,3696,HAS_BLOCK
3696,3716,RETURN
3716,3697,HAS_BLOCK
3697,3702,FLOW
3716,3698,HAS_BLOCK
3716,3699,HAS_BLOCK
3699,3696,FLOW
3716,3701,HAS_BLOCK
3701,3698,FLOW
3716,3702,HAS_BLOCK
3702,3698,FLOW
3702,3701,FLOW
3716,3703,HAS_BLOCK
3703,3704,FLOW
3716,3704,HAS_BLOCK
3704,3700,FLOW
3747,3748,HAS_PARAM
3747,3729,HAS_BLOCK
3729,3731,FLOW
3747,3731,HAS_BLOCK
3731,3737,FLOW
3747,3737,HAS_BLOCK
3737,3740,FLOW
3737,3739,FLOW
3737,3738,FLOW
3747,3738,HAS_BLOCK
3738,3745,FLOW
3747,3739,HAS_BLOCK
3739,3745,FLOW
3747,3740,HAS_BLOCK
3740,3742,FLOW
3740,3732,FLOW
3740,3732,UNWIND
3747,3742,HAS_BLOCK
3742,3744,FLOW
3742,3732,FLOW
3742,3732,UNWIND
3747,3744,HAS_BLOCK
3744,3735,FLOW
3747,3745,HAS_BLOCK
3745,3746,FLOW
3745,3734,FLOW
3747,3746,HAS_BLOCK
3746,3747,RETURN
3747,3732,HAS_BLOCK
3732,3733,FLOW
3747,3733,HAS_BLOCK
3747,3734,HAS_BLOCK
3734,3746,FLOW
3747,3735,HAS_BLOCK
3735,3736,FLOW
3747,3736,HAS_BLOCK
3736,3737,FLOW
3757,3759,HAS_FIELD
3757,3758,HAS_FIELD
3750,3753,HAS_FIELD
3750,3751,HAS_FIELD
3750,3752,HAS_FIELD
3763,3764,HAS_FIELD
3763,3767,HAS_FIELD
3763,3765,HAS_FIELD
3763,3766,HAS_FIELD
3768,3778,HAS_FIELD
3768,3769,HAS_FIELD
3768,3772,HAS_FIELD
3768,3773,HAS_FIELD
3768,3770,HAS_FIELD
3768,3777,HAS_FIELD
3768,3780,HAS_FIELD
3768,3776,HAS_FIELD
3768,3774,HAS_FIELD
3768,3775,HAS_FIELD
3768,3771,HAS_FIELD
3768,3779,HAS_FIELD
3781,3783,HAS_FIELD
3781,3782,HAS_FIELD
3760,3762,HAS_FIELD
3760,3761,HAS_FIELD
3754,3756,HAS_FIELD
3754,3755,HAS_FIELD
4092,4093,HAS_PARAM
4092,4076,HAS_BLOCK
4076,4078,FLOW
4092,4078,HAS_BLOCK
4078,4082,FLOW
4078,4090,FLOW
4078,4090,UNWIND
4092,4082,HAS_BLOCK
4082,4084,FLOW
4082,4090,FLOW
4082,4090,UNWIND
4092,4084,HAS_BLOCK
4084,4086,FLOW
4084,4085,FLOW
4092,4085,HAS_BLOCK
4085,4088,FLOW
4092,4086,HAS_BLOCK
4086,4080,FLOW
4086,4090,FLOW
4086,4090,UNWIND
4092,4088,HAS_BLOCK
4088,4089,FLOW
4088,4079,FLOW
4092,4089,HAS_BLOCK
4089,4092,RETURN
4092,4090,HAS_BLOCK
4090,4091,FLOW
4092,4091,HAS_BLOCK
4092,4079,HAS_BLOCK
4079,4089,FLOW
4092,4080,HAS_BLOCK
4080,4088,FLOW
4194,4195,HAS_PARAM
4194,4131,HAS_BLOCK
4131,4133,FLOW
4194,4133,HAS_BLOCK
4133,4151,FLOW
4133,4181,FLOW
4133,4181,UNWIND
4194,4151,HAS_BLOCK
4151,4171,FLOW
4151,4181,FLOW
4151,4181,UNWIND
4194,4171,HAS_BLOCK
4171,4185,FLOW
4171,4187,FLOW
4171,4184,FLOW
4194,4184,HAS_BLOCK
4194,4185,HAS_BLOCK
4185,4189,FLOW
4185,4180,FLOW
4185,4180,UNWIND
4194,4187,HAS_BLOCK
4187,4183,FLOW
4187,4181,FLOW
4187,4181,UNWIND
4194,4189,HAS_BLOCK
4189,4191,FLOW
4189,4180,FLOW
4189,4180,UNWIND
4194,4191,HAS_BLOCK
4191,4193,FLOW
4191,4180,FLOW
4191,4180,UNWIND
4194,4193,HAS_BLOCK
4193,4134,FLOW
4194,4134,HAS_BLOCK
4134,4136,FLOW
4134,4180,FLOW
4134,4180,UNWIND
4194,4136,HAS_BLOCK
4136,4139,FLOW
4136,4137,FLOW
4136,4184,FLOW
4194,4137,HAS_BLOCK
4137,4141,FLOW
4137,4180,FLOW
4137,4180,UNWIND
4194,4139,HAS_BLOCK
4139,4162,FLOW
4139,4180,FLOW
4139,4180,UNWIND
4194,4141,HAS_BLOCK
4141,4143,FLOW
4141,4180,FLOW
4141,4180,UNWIND
4194,4143,HAS_BLOCK
4143,4144,FLOW
4143,4134,FLOW
4143,4184,FLOW
4194,4144,HAS_BLOCK
4144,4146,FLOW
4144,4180,FLOW
4144,4180,UNWIND
4194,4146,HAS_BLOCK
4146,4147,FLOW
4146,4134,FLOW
4146,4184,FLOW
4194,4147,HAS_BLOCK
4147,4148,FLOW
4147,4180,FLOW
4147,4180,UNWIND
4194,4148,HAS_BLOCK
4148,4152,FLOW
4148,4180,FLOW
4148,4180,UNWIND
4194,4152,HAS_BLOCK
4152,4154,FLOW
4152,4180,FLOW
4152,4180,UNWIND
4194,4154,HAS_BLOCK
4154,4156,FLOW
4154,4180,FLOW
4154,4180,UNWIND
4194,4156,HAS_BLOCK
4156,4158,FLOW
4156,4180,FLOW
4156,4180,UNWIND
4194,4158,HAS_BLOCK
4158,4159,FLOW
4158,4134,FLOW
4194,4159,HAS_BLOCK
4159,4161,FLOW
4159,4180,FLOW
4159,4180,UNWIND
4194,4161,HAS_BLOCK
4161,4178,FLOW
4161,4181,FLOW
4161,4181,UNWIND
4194,4162,HAS_BLOCK
4162,4164,FLOW
4162,4180,FLOW
4162,4180,UNWIND
4194,4164,HAS_BLOCK
4164,4166,FLOW
4164,4180,FLOW
4164,4180,UNWIND
4194,4166,HAS_BLOCK
4166,4168,FLOW
4166,4180,FLOW
4166,4180,UNWIND
4194,4168,HAS_BLOCK
4168,4172,FLOW
4168,4180,FLOW
4168,4180,UNWIND
4194,4172,HAS_BLOCK
4172,4174,FLOW
4172,4180,FLOW
4172,4180,UNWIND
4194,4174,HAS_BLOCK
4174,4176,FLOW
4174,4180,FLOW
4174,4180,UNWIND
4194,4176,HAS_BLOCK
4176,4177,FLOW
4176,4181,FLOW
4176,4181,UNWIND
4194,4177,HAS_BLOCK
4177,4179,FLOW
4194,4178,HAS_BLOCK
4178,4179,FLOW
4194,4179,HAS_BLOCK
4179,4194,RETURN
4194,4180,HAS_BLOCK
4180,4181,FLOW
4194,4181,HAS_BLOCK
4181,4182,FLOW
4194,4182,HAS_BLOCK
4194,4183,HAS_BLOCK
4183,4178,FLOW
4072,4073,HAS_PARAM
4072,4074,HAS_PARAM
4072,4075,HAS_PARAM
4072,3919,HAS_BLOCK
3919,3921,FLOW
4072,3921,HAS_BLOCK
3921,3951,FLOW
4072,3951,HAS_BLOCK
3951,3988,FLOW
3951,4008,FLOW
3951,3969,FLOW
4072,3969,HAS_BLOCK
4072,3988,HAS_BLOCK
3988,4025,FLOW
3988,4053,FLOW
3988,4053,UNWIND
4072,4008,HAS_BLOCK
4008,4042,FLOW
4072,4025,HAS_BLOCK
4025,4037,FLOW
4025,4052,FLOW
4025,4052,UNWIND
4072,4037,HAS_BLOCK
4037,4049,FLOW
4037,4052,FLOW
4037,4052,UNWIND
4072,4049,HAS_BLOCK
4049,4060,FLOW
4049,4053,FLOW
4049,4053,UNWIND
4072,4060,HAS_BLOCK
4060,3922,FLOW
4060,4053,FLOW
4060,4053,UNWIND
4072,3922,HAS_BLOCK
3922,3934,FLOW
3922,4051,FLOW
3922,4051,UNWIND
4072,3934,HAS_BLOCK
3934,3936,FLOW
3934,4051,FLOW
3934,4051,UNWIND
4072,3936,HAS_BLOCK
3936,3938,FLOW
3936,4051,FLOW
3936,4051,UNWIND
4072,3938,HAS_BLOCK
3938,3939,FLOW
3938,3941,FLOW
3938,3969,FLOW
4072,3939,HAS_BLOCK
3939,3943,FLOW
3939,4050,FLOW
3939,4050,UNWIND
4072,3941,HAS_BLOCK
3941,3927,FLOW
3941,4051,FLOW
3941,4051,UNWIND
4072,3943,HAS_BLOCK
3943,3945,FLOW
3943,4050,FLOW
3943,4050,UNWIND
4072,3945,HAS_BLOCK
3945,3946,FLOW
3945,3948,FLOW
3945,3969,FLOW
4072,3946,HAS_BLOCK
3946,3952,FLOW
3946,3923,FLOW
3946,3923,UNWIND
4072,3948,HAS_BLOCK
3948,3928,FLOW
3948,4050,FLOW
3948,4050,UNWIND
4072,3952,HAS_BLOCK
3952,3954,FLOW
3952,4069,FLOW
3952,4069,UNWIND
4072,3954,HAS_BLOCK
3954,3956,FLOW
3954,4067,FLOW
3954,4067,UNWIND
4072,3956,HAS_BLOCK
3956,3958,FLOW
3956,4067,FLOW
3956,4067,UNWIND
4072,3958,HAS_BLOCK
3958,3959,FLOW
3958,3961,FLOW
3958,3961,UNWIND
4072,3959,HAS_BLOCK
3959,3962,FLOW
3959,4047,FLOW
3959,4047,UNWIND
4072,3961,HAS_BLOCK
3961,4047,FLOW
4072,3962,HAS_BLOCK
3962,3964,FLOW
3962,4065,FLOW
3962,4065,UNWIND
4072,3964,HAS_BLOCK
3964,3966,FLOW
3964,4063,FLOW
3964,4063,UNWIND
4072,3966,HAS_BLOCK
3966,3924,FLOW
4072,3967,HAS_BLOCK
3967,3970,FLOW
3967,4061,FLOW
3967,4061,UNWIND
4072,3970,HAS_BLOCK
3970,3972,FLOW
3970,4061,FLOW
3970,4061,UNWIND
4072,3972,HAS_BLOCK
3972,3975,FLOW
3972,3973,FLOW
4072,3973,HAS_BLOCK
3973,3929,FLOW
3973,4061,FLOW
3973,4061,UNWIND
4072,3975,HAS_BLOCK
3975,3977,FLOW
3975,4058,FLOW
3975,4058,UNWIND
4072,3977,HAS_BLOCK
3977,3979,FLOW
3977,4058,FLOW
3977,4058,UNWIND
3977,3798,CALL
4072,3979,HAS_BLOCK
3979,3981,FLOW
3979,4061,FLOW
3979,4061,UNWIND
4072,3981,HAS_BLOCK
3981,3983,FLOW
3981,4046,FLOW
3981,4046,UNWIND
4072,3983,HAS_BLOCK
3983,3985,FLOW
3983,4045,FLOW
3983,4045,UNWIND
4072,3985,HAS_BLOCK
3985,3987,FLOW
3985,4045,FLOW
3985,4045,UNWIND
4072,3987,HAS_BLOCK
3987,3989,FLOW
3987,3991,FLOW
3987,3969,FLOW
4072,3989,HAS_BLOCK
3989,3993,FLOW
3989,4044,FLOW
3989,4044,UNWIND
4072,3991,HAS_BLOCK
3991,3930,FLOW
3991,4045,FLOW
3991,4045,UNWIND
4072,3993,HAS_BLOCK
3993,3995,FLOW
3993,4044,FLOW
3993,4044,UNWIND
3993,3879,CALL
4072,3995,HAS_BLOCK
3995,3997,FLOW
3995,4044,FLOW
3995,4044,UNWIND
4072,3997,HAS_BLOCK
3997,3999,FLOW
3997,4044,FLOW
3997,4044,UNWIND
4072,3999,HAS_BLOCK
3999,4000,FLOW
3999,4002,FLOW
3999,3969,FLOW
4072,4000,HAS_BLOCK
4000,4004,FLOW
4000,4043,FLOW
4000,4043,UNWIND
4072,4002,HAS_BLOCK
4002,3931,FLOW
4002,4044,FLOW
4002,4044,UNWIND
4072,4004,HAS_BLOCK
4004,4005,FLOW
4072,4005,HAS_BLOCK
4005,4009,FLOW
4005,4043,FLOW
4005,4043,UNWIND
4072,4009,HAS_BLOCK
4009,4012,FLOW
4009,4010,FLOW
4009,3969,FLOW
4072,4010,HAS_BLOCK
4010,4013,FLOW
4010,4043,FLOW
4010,4043,UNWIND
4010,4128,CALL
4072,4012,HAS_BLOCK
4012,4023,FLOW
4012,4045,FLOW
4012,4045,UNWIND
4072,4013,HAS_BLOCK
4013,4015,FLOW
4013,4043,FLOW
4013,4043,UNWIND
4072,4015,HAS_BLOCK
4015,4016,FLOW
4015,4018,FLOW
4015,3969,FLOW
4072,4016,HAS_BLOCK
4016,4021,FLOW
4016,4043,FLOW
4016,4043,UNWIND
4072,4018,HAS_BLOCK
4018,4020,FLOW
4018,4043,FLOW
4018,4043,UNWIND
4072,4020,HAS_BLOCK
4020,4032,FLOW
4020,4044,FLOW
4020,4044,UNWIND
4072,4021,HAS_BLOCK
4021,3932,FLOW
4021,4043,FLOW
4021,4043,UNWIND
4021,3916,CALL
4072,4023,HAS_BLOCK
4023,4026,FLOW
4023,4046,FLOW
4023,4046,UNWIND
4072,4026,HAS_BLOCK
4026,4027,FLOW
4026,4061,FLOW
4026,4061,UNWIND
4072,4027,HAS_BLOCK
4027,4028,FLOW
4027,4055,FLOW
4072,4028,HAS_BLOCK
4028,4029,FLOW
4028,4050,FLOW
4028,4050,UNWIND
4072,4029,HAS_BLOCK
4029,4030,FLOW
4029,4051,FLOW
4029,4051,UNWIND
4072,4030,HAS_BLOCK
4030,4031,FLOW
4030,4053,FLOW
4030,4053,UNWIND
4072,4031,HAS_BLOCK
4031,4042,FLOW
4072,4032,HAS_BLOCK
4032,4033,FLOW
4032,4045,FLOW
4032,4045,UNWIND
4072,4033,HAS_BLOCK
4033,4034,FLOW
4033,4046,FLOW
4033,4046,UNWIND
4072,4034,HAS_BLOCK
4034,4035,FLOW
4034,4061,FLOW
4034,4061,UNWIND
4072,4035,HAS_BLOCK
4035,4038,FLOW
4035,4056,FLOW
4072,4038,HAS_BLOCK
4038,4039,FLOW
4038,4050,FLOW
4038,4050,UNWIND
4072,4039,HAS_BLOCK
4039,4040,FLOW
4039,4051,FLOW
4039,4051,UNWIND
4072,4040,HAS_BLOCK
4040,4041,FLOW
4040,4053,FLOW
4040,4053,UNWIND
4072,4041,HAS_BLOCK
4041,4042,FLOW
4072,4042,HAS_BLOCK
4042,4072,RETURN
4072,4043,HAS_BLOCK
4043,4044,FLOW
4072,4044,HAS_BLOCK
4044,4045,FLOW
4072,4045,HAS_BLOCK
4045,4046,FLOW
4072,4046,HAS_BLOCK
4046,4061,FLOW
4072,4047,HAS_BLOCK
4047,4050,FLOW
4072,4050,HAS_BLOCK
4050,4051,FLOW
4072,4051,HAS_BLOCK
4051,4053,FLOW
4072,4052,HAS_BLOCK
4052,4053,FLOW
4072,4053,HAS_BLOCK
4053,4054,FLOW
4072,4054,HAS_BLOCK
4072,4055,HAS_BLOCK
4055,4028,FLOW
4055,4065,FLOW
4055,4065,UNWIND
4072,4056,HAS_BLOCK
4056,4038,FLOW
4056,4065,FLOW
4056,4065,UNWIND
4072,4057,HAS_BLOCK
4057,4061,FLOW
4072,4058,HAS_BLOCK
4058,4061,FLOW
4058,4057,FLOW
4072,4059,HAS_BLOCK
4059,4063,FLOW
4072,4061,HAS_BLOCK
4061,4063,FLOW
4061,4059,FLOW
4072,4062,HAS_BLOCK
4062,4065,FLOW
4072,4063,HAS_BLOCK
4063,4065,FLOW
4063,4062,FLOW
4072,4064,HAS_BLOCK
4064,4047,FLOW
4072,4065,HAS_BLOCK
4065,4047,FLOW
4065,4064,FLOW
4072,4066,HAS_BLOCK
4066,4069,FLOW
4072,4067,HAS_BLOCK
4067,4069,FLOW
4067,4066,FLOW
4072,4068,HAS_BLOCK
4068,3923,FLOW
4072,4069,HAS_BLOCK
4069,3923,FLOW
4069,4068,FLOW
4072,4070,HAS_BLOCK
4070,4047,FLOW
4072,3923,HAS_BLOCK
3923,4047,FLOW
3923,4070,FLOW
4072,3924,HAS_BLOCK
3924,3925,FLOW
4072,3925,HAS_BLOCK
3925,3967,FLOW
3925,4063,FLOW
3925,4063,UNWIND
4072,3927,HAS_BLOCK
3927,4040,FLOW
4072,3928,HAS_BLOCK
3928,4039,FLOW
4072,3929,HAS_BLOCK
3929,3975,FLOW
4072,3930,HAS_BLOCK
3930,4033,FLOW
4072,3931,HAS_BLOCK
3931,4032,FLOW
4072,3932,HAS_BLOCK
3932,4005,FLOW
3786,3864,HAS_FIELD
3786,3788,HAS_FIELD
3786,3787,HAS_FIELD
3786,3789,HAS_FIELD
4276,4277,HAS_PARAM
4276,4215,HAS_BLOCK
4215,4217,FLOW
4276,4217,HAS_BLOCK
4217,4235,FLOW
4276,4235,HAS_BLOCK
4235,4254,FLOW
4276,4254,HAS_BLOCK
4254,4266,FLOW
4254,4263,FLOW
4254,4263,UNWIND
4276,4266,HAS_BLOCK
4266,4268,FLOW
4266,4263,FLOW
4266,4263,UNWIND
4276,4268,HAS_BLOCK
4268,4270,FLOW
4268,4263,FLOW
4268,4263,UNWIND
4276,4270,HAS_BLOCK
4270,4271,FLOW
4270,4258,FLOW
4270,4264,FLOW
4276,4271,HAS_BLOCK
4271,4273,FLOW
4271,4261,FLOW
4271,4261,UNWIND
4276,4273,HAS_BLOCK
4273,4275,FLOW
4273,4261,FLOW
4273,4261,UNWIND
4273,4213,CALL
4276,4275,HAS_BLOCK
4275,4231,FLOW
4275,4218,FLOW
4276,4218,HAS_BLOCK
4218,4220,FLOW
4218,4261,FLOW
4218,4261,UNWIND
4276,4220,HAS_BLOCK
4220,4222,FLOW
4220,4261,FLOW
4220,4261,UNWIND
4276,4222,HAS_BLOCK
4222,4224,FLOW
4222,4256,FLOW
4222,4256,UNWIND
4276,4224,HAS_BLOCK
4224,4226,FLOW
4224,4256,FLOW
4224,4256,UNWIND
4276,4226,HAS_BLOCK
4226,4228,FLOW
4226,4256,FLOW
4226,4256,UNWIND
4276,4228,HAS_BLOCK
4228,4230,FLOW
4228,4256,FLOW
4228,4256,UNWIND
4276,4230,HAS_BLOCK
4230,4252,FLOW
4276,4231,HAS_BLOCK
4231,4232,FLOW
4231,4263,FLOW
4231,4263,UNWIND
4276,4232,HAS_BLOCK
4232,4258,FLOW
4276,4233,HAS_BLOCK
4233,4236,FLOW
4233,4263,FLOW
4233,4263,UNWIND
4276,4236,HAS_BLOCK
4236,4238,FLOW
4236,4263,FLOW
4236,4263,UNWIND
4276,4238,HAS_BLOCK
4238,4240,FLOW
4238,4255,FLOW
4238,4255,UNWIND
4276,4240,HAS_BLOCK
4240,4242,FLOW
4240,4255,FLOW
4240,4255,UNWIND
4276,4242,HAS_BLOCK
4242,4244,FLOW
4242,4255,FLOW
4242,4255,UNWIND
4276,4244,HAS_BLOCK
4244,4246,FLOW
4244,4255,FLOW
4244,4255,UNWIND
4276,4246,HAS_BLOCK
4246,4248,FLOW
4246,4255,FLOW
4246,4255,UNWIND
4276,4248,HAS_BLOCK
4248,4250,FLOW
4248,4255,FLOW
4248,4255,UNWIND
4276,4250,HAS_BLOCK
4250,4251,FLOW
4276,4251,HAS_BLOCK
4251,4252,FLOW
4276,4252,HAS_BLOCK
4252,4276,RETURN
4276,4255,HAS_BLOCK
4255,4263,FLOW
4276,4256,HAS_BLOCK
4256,4261,FLOW
4276,4257,HAS_BLOCK
4276,4258,HAS_BLOCK
4258,4233,FLOW
4258,4263,FLOW
4258,4263,UNWIND
4276,4260,HAS_BLOCK
4260,4263,FLOW
4276,4261,HAS_BLOCK
4261,4263,FLOW
4261,4260,FLOW
4276,4262,HAS_BLOCK
4262,4257,FLOW
4276,4263,HAS_BLOCK
4263,4257,FLOW
4263,4262,FLOW
4276,4264,HAS_BLOCK
4213,4214,HAS_PARAM
4213,4196,HAS_BLOCK
4196,4198,FLOW
4213,4198,HAS_BLOCK
4198,4202,FLOW
4213,4202,HAS_BLOCK
4202,4204,FLOW
4213,4204,HAS_BLOCK
4204,4206,FLOW
4204,4205,FLOW
4204,4200,FLOW
4213,4205,HAS_BLOCK
4205,4199,FLOW
4213,4206,HAS_BLOCK
4206,4211,FLOW
4213,4208,HAS_BLOCK
4208,4210,FLOW
4213,4210,HAS_BLOCK
4210,4205,FLOW
4210,4212,FLOW
4213,4211,HAS_BLOCK
4211,4208,FLOW
4211,4212,FLOW
4213,4212,HAS_BLOCK
4212,4199,FLOW
4213,4199,HAS_BLOCK
4199,4213,RETURN
4213,4200,HAS_BLOCK
4128,4129,HAS_PARAM
4128,4130,HAS_PARAM
4128,4094,HAS_BLOCK
4094,4096,FLOW
4128,4096,HAS_BLOCK
4096,4115,FLOW
4128,4115,HAS_BLOCK
4115,4118,FLOW
4128,4118,HAS_BLOCK
4118,4120,FLOW
4118,4119,FLOW
4128,4119,HAS_BLOCK
4119,4112,FLOW
4128,4120,HAS_BLOCK
4120,4122,FLOW
4128,4122,HAS_BLOCK
4122,4124,FLOW
4128,4124,HAS_BLOCK
4124,4126,FLOW
4124,4097,FLOW
4124,4125,FLOW
4128,4125,HAS_BLOCK
4128,4126,HAS_BLOCK
4126,4099,FLOW
4126,4113,FLOW
4126,4113,UNWIND
4128,4097,HAS_BLOCK
4097,4112,FLOW
4128,4099,HAS_BLOCK
4099,4101,FLOW
4099,4113,FLOW
4099,4113,UNWIND
4128,4101,HAS_BLOCK
4101,4103,FLOW
4101,4113,FLOW
4101,4113,UNWIND
4128,4103,HAS_BLOCK
4103,4105,FLOW
4103,4113,FLOW
4103,4113,UNWIND
4128,4105,HAS_BLOCK
4105,4107,FLOW
4105,4113,FLOW
4105,4113,UNWIND
4128,4107,HAS_BLOCK
4107,4109,FLOW
4107,4113,FLOW
4107,4113,UNWIND
4128,4109,HAS_BLOCK
4109,4111,FLOW
4109,4113,FLOW
4109,4113,UNWIND
4128,4111,HAS_BLOCK
4111,4112,FLOW
4128,4112,HAS_BLOCK
4112,4128,RETURN
4128,4113,HAS_BLOCK
4113,4116,FLOW
4128,4116,HAS_BLOCK
3916,3917,HAS_PARAM
3916,3918,HAS_PARAM
3916,3881,HAS_BLOCK
3881,3883,FLOW
3916,3883,HAS_BLOCK
3883,3901,FLOW
3916,3901,HAS_BLOCK
3901,3906,FLOW
3916,3906,HAS_BLOCK
3906,3907,FLOW
3916,3907,HAS_BLOCK
3907,3909,FLOW
3916,3909,HAS_BLOCK
3909,3902,FLOW
3909,3911,FLOW
3909,3910,FLOW
3916,3910,HAS_BLOCK
3916,3911,HAS_BLOCK
3911,3913,FLOW
3916,3913,HAS_BLOCK
3913,3915,FLOW
3916,3915,HAS_BLOCK
3915,3907,FLOW
3915,3884,FLOW
3916,3884,HAS_BLOCK
3884,3886,FLOW
3916,3886,HAS_BLOCK
3886,3888,FLOW
3916,3888,HAS_BLOCK
3888,3907,FLOW
3888,3889,FLOW
3916,3889,HAS_BLOCK
3889,3891,FLOW
3916,3891,HAS_BLOCK
3891,3893,FLOW
3891,3903,FLOW
3891,3903,UNWIND
3916,3893,HAS_BLOCK
3893,3895,FLOW
3893,3903,FLOW
3893,3903,UNWIND
3916,3895,HAS_BLOCK
3895,3897,FLOW
3895,3903,FLOW
3895,3903,UNWIND
3916,3897,HAS_BLOCK
3897,3898,FLOW
3897,3899,FLOW
3897,3899,UNWIND
3916,3898,HAS_BLOCK
3898,3902,FLOW
3916,3899,HAS_BLOCK
3899,3903,FLOW
3916,3902,HAS_BLOCK
3902,3916,RETURN
3916,3903,HAS_BLOCK
3903,3904,FLOW
3916,3904,HAS_BLOCK
5047,5049,HAS_FIELD
5047,5048,HAS_FIELD
4788,5014,HAS_FIELD
4788,5046,HAS_FIELD
4788,5021,HAS_FIELD
4788,5013,HAS_FIELD
4280,4282,HAS_FIELD
4280,4580,HAS_FIELD
4280,4578,HAS_FIELD
4280,4579,HAS_FIELD
4280,4490,HAS_FIELD
4280,4281,HAS_FIELD
5071,5072,HAS_PARAM
5071,5060,HAS_BLOCK
5060,5063,FLOW
5060,5069,FLOW
5060,5068,FLOW
5060,5064,FLOW
5060,5065,FLOW
5060,5065,FLOW
5060,5070,FLOW
5060,5067,FLOW
5060,5066,FLOW
5060,5070,FLOW
5060,5067,FLOW
5060,5061,FLOW
5071,5061,HAS_BLOCK
5061,5062,FLOW
5071,5063,HAS_BLOCK
5063,5062,FLOW
5071,5064,HAS_BLOCK
5064,5062,FLOW
5071,5065,HAS_BLOCK
5065,5062,FLOW
5071,5066,HAS_BLOCK
5066,5062,FLOW
5071,5067,HAS_BLOCK
5067,5062,FLOW
5071,5068,HAS_BLOCK
5068,5062,FLOW
5071,5069,HAS_BLOCK
5069,5062,FLOW
5071,5070,HAS_BLOCK
5070,5062,FLOW
5071,5062,HAS_BLOCK
5062,5071,RETURN
5057,5058,HAS_PARAM
5057,5059,HAS_PARAM
5057,5050,HAS_BLOCK
5050,5052,FLOW
5057,5052,HAS_BLOCK
5052,5054,FLOW
5057,5054,HAS_BLOCK
5054,5056,FLOW
5057,5056,HAS_BLOCK
5056,5057,RETURN
5078,5079,HAS_PARAM
5078,5073,HAS_BLOCK
5073,5075,FLOW
5078,5075,HAS_BLOCK
5075,5077,FLOW
5078,5077,HAS_BLOCK
5077,5078,RETURN
4581,4784,HAS_FIELD
4581,4783,HAS_FIELD
4581,4785,HAS_FIELD
5260,5241,HAS_BLOCK
5241,5243,FLOW
5260,5243,HAS_BLOCK
5243,5248,FLOW
5243,5245,FLOW
5243,5245,UNWIND
5260,5248,HAS_BLOCK
5248,5250,FLOW
5248,5245,FLOW
5248,5245,UNWIND
5260,5250,HAS_BLOCK
5250,5252,FLOW
5250,5254,FLOW
5250,5251,FLOW
5260,5251,HAS_BLOCK
5260,5252,HAS_BLOCK
5252,5257,FLOW
5252,5245,FLOW
5252,5245,UNWIND
5260,5254,HAS_BLOCK
5254,5256,FLOW
5254,5245,FLOW
5254,5245,UNWIND
5260,5256,HAS_BLOCK
5256,5244,FLOW
5260,5257,HAS_BLOCK
5257,5259,FLOW
5257,5245,FLOW
5257,5245,UNWIND
5260,5259,HAS_BLOCK
5259,5244,FLOW
5260,5244,HAS_BLOCK
5244,5260,RETURN
5260,5245,HAS_BLOCK
5245,5246,FLOW
5260,5246,HAS_BLOCK
5239,5240,HAS_PARAM
5239,5080,HAS_BLOCK
5080,5082,FLOW
5239,5082,HAS_BLOCK
5082,5103,FLOW
5239,5103,HAS_BLOCK
5103,5136,FLOW
5103,5156,FLOW
5103,5119,FLOW
5239,5119,HAS_BLOCK
5239,5136,HAS_BLOCK
5136,5177,FLOW
5136,5237,FLOW
5136,5237,UNWIND
5239,5156,HAS_BLOCK
5156,5214,FLOW
5239,5177,HAS_BLOCK
5177,5199,FLOW
5177,5221,FLOW
5177,5221,UNWIND
5239,5199,HAS_BLOCK
5199,5213,FLOW
5199,5220,FLOW
5199,5220,UNWIND
5239,5213,HAS_BLOCK
5213,5226,FLOW
5213,5219,FLOW
5213,5219,UNWIND
5239,5226,HAS_BLOCK
5226,5083,FLOW
5226,5218,FLOW
5226,5218,UNWIND
5239,5083,HAS_BLOCK
5083,5088,FLOW
5239,5088,HAS_BLOCK
5088,5090,FLOW
5088,5217,FLOW
5088,5217,UNWIND
5239,5090,HAS_BLOCK
5090,5092,FLOW
5090,5217,FLOW
5090,5217,UNWIND
5239,5092,HAS_BLOCK
5092,5093,FLOW
5092,5094,FLOW
5092,5119,FLOW
5239,5093,HAS_BLOCK
5093,5227,FLOW
5093,5223,FLOW
5239,5094,HAS_BLOCK
5094,5096,FLOW
5094,5217,FLOW
5094,5217,UNWIND
5239,5096,HAS_BLOCK
5096,5208,FLOW
5096,5218,FLOW
5096,5218,UNWIND
5239,5097,HAS_BLOCK
5097,5099,FLOW
5097,5217,FLOW
5097,5217,UNWIND
5239,5099,HAS_BLOCK
5099,5101,FLOW
5099,5217,FLOW
5099,5217,UNWIND
5239,5101,HAS_BLOCK
5101,5106,FLOW
5101,5104,FLOW
5239,5104,HAS_BLOCK
5104,5084,FLOW
5104,5217,FLOW
5104,5217,UNWIND
5239,5106,HAS_BLOCK
5106,5108,FLOW
5106,5217,FLOW
5106,5217,UNWIND
5239,5108,HAS_BLOCK
5108,5111,FLOW
5108,5109,FLOW
5108,5119,FLOW
5239,5109,HAS_BLOCK
5109,5112,FLOW
5109,5235,FLOW
5109,5235,UNWIND
5239,5111,HAS_BLOCK
5111,5228,FLOW
5111,5230,FLOW
5111,5119,FLOW
5239,5112,HAS_BLOCK
5112,5088,FLOW
5112,5231,FLOW
5112,5119,FLOW
5239,5113,HAS_BLOCK
5113,5115,FLOW
5113,5216,FLOW
5113,5216,UNWIND
5239,5115,HAS_BLOCK
5115,5116,FLOW
5115,5144,FLOW
5115,5119,FLOW
5239,5116,HAS_BLOCK
5116,5118,FLOW
5116,5216,FLOW
5116,5216,UNWIND
5239,5118,HAS_BLOCK
5118,5121,FLOW
5118,5120,FLOW
5239,5120,HAS_BLOCK
5120,5142,FLOW
5239,5121,HAS_BLOCK
5121,5123,FLOW
5121,5216,FLOW
5121,5216,UNWIND
5239,5123,HAS_BLOCK
5123,5142,FLOW
5123,5124,FLOW
5239,5124,HAS_BLOCK
5124,5126,FLOW
5124,5216,FLOW
5124,5216,UNWIND
5239,5126,HAS_BLOCK
5126,5128,FLOW
5126,5216,FLOW
5126,5216,UNWIND
5239,5128,HAS_BLOCK
5128,5130,FLOW
5128,5216,FLOW
5128,5216,UNWIND
5239,5130,HAS_BLOCK
5130,5132,FLOW
5130,5216,FLOW
5130,5216,UNWIND
5239,5132,HAS_BLOCK
5132,5133,FLOW
5132,5142,FLOW
5132,5119,FLOW
5239,5133,HAS_BLOCK
5133,5134,FLOW
5133,5142,FLOW
5133,5119,FLOW
5239,5134,HAS_BLOCK
5134,5137,FLOW
5134,5216,FLOW
5134,5216,UNWIND
5239,5137,HAS_BLOCK
5137,5139,FLOW
5137,5233,FLOW
5137,5233,UNWIND
5239,5139,HAS_BLOCK
5139,5141,FLOW
5139,5233,FLOW
5139,5233,UNWIND
5239,5141,HAS_BLOCK
5141,5142,FLOW
5141,5216,FLOW
5141,5216,UNWIND
5239,5142,HAS_BLOCK
5142,5085,FLOW
5142,5216,FLOW
5142,5216,UNWIND
5239,5144,HAS_BLOCK
5144,5146,FLOW
5144,5216,FLOW
5144,5216,UNWIND
5239,5146,HAS_BLOCK
5146,5148,FLOW
5146,5216,FLOW
5146,5216,UNWIND
5239,5148,HAS_BLOCK
5148,5149,FLOW
5148,5151,FLOW
5148,5119,FLOW
5239,5149,HAS_BLOCK
5149,5086,FLOW
5149,5216,FLOW
5149,5216,UNWIND
5239,5151,HAS_BLOCK
5151,5153,FLOW
5151,5216,FLOW
5151,5216,UNWIND
5239,5153,HAS_BLOCK
5153,5157,FLOW
5153,5216,FLOW
5153,5216,UNWIND
5239,5157,HAS_BLOCK
5157,5159,FLOW
5157,5216,FLOW
5157,5216,UNWIND
5239,5159,HAS_BLOCK
5159,5161,FLOW
5159,5216,FLOW
5159,5216,UNWIND
5239,5161,HAS_BLOCK
5161,5163,FLOW
5161,5216,FLOW
5161,5216,UNWIND
5239,5163,HAS_BLOCK
5163,5164,FLOW
5163,5166,FLOW
5163,5119,FLOW
5239,5164,HAS_BLOCK
5164,5087,FLOW
5164,5216,FLOW
5164,5216,UNWIND
5239,5166,HAS_BLOCK
5166,5168,FLOW
5166,5216,FLOW
5166,5216,UNWIND
5239,5168,HAS_BLOCK
5168,5170,FLOW
5168,5216,FLOW
5168,5216,UNWIND
5239,5170,HAS_BLOCK
5170,5172,FLOW
5170,5216,FLOW
5170,5216,UNWIND
5239,5172,HAS_BLOCK
5172,5174,FLOW
5172,5216,FLOW
5172,5216,UNWIND
5239,5174,HAS_BLOCK
5174,5178,FLOW
5174,5216,FLOW
5174,5216,UNWIND
5239,5178,HAS_BLOCK
5178,5180,FLOW
5178,5216,FLOW
5178,5216,UNWIND
5239,5180,HAS_BLOCK
5180,5182,FLOW
5180,5216,FLOW
5180,5216,UNWIND
5239,5182,HAS_BLOCK
5182,5184,FLOW
5182,5216,FLOW
5182,5216,UNWIND
5239,5184,HAS_BLOCK
5184,5186,FLOW
5184,5216,FLOW
5184,5216,UNWIND
5239,5186,HAS_BLOCK
5186,5188,FLOW
5186,5216,FLOW
5186,5216,UNWIND
5239,5188,HAS_BLOCK
5188,5190,FLOW
5188,5216,FLOW
5188,5216,UNWIND
5239,5190,HAS_BLOCK
5190,5192,FLOW
5190,5216,FLOW
5190,5216,UNWIND
5239,5192,HAS_BLOCK
5192,5194,FLOW
5192,5216,FLOW
5192,5216,UNWIND
5239,5194,HAS_BLOCK
5194,5196,FLOW
5194,5216,FLOW
5194,5216,UNWIND
5239,5196,HAS_BLOCK
5196,5200,FLOW
5196,5216,FLOW
5196,5216,UNWIND
5239,5200,HAS_BLOCK
5200,5202,FLOW
5200,5216,FLOW
5200,5216,UNWIND
5239,5202,HAS_BLOCK
5202,5204,FLOW
5202,5216,FLOW
5202,5216,UNWIND
5239,5204,HAS_BLOCK
5204,5088,FLOW
5204,5217,FLOW
5204,5217,UNWIND
5239,5205,HAS_BLOCK
5205,5088,FLOW
5205,5217,FLOW
5205,5217,UNWIND
5239,5206,HAS_BLOCK
5206,5207,FLOW
5206,5237,FLOW
5206,5237,UNWIND
5239,5207,HAS_BLOCK
5207,5215,FLOW
5239,5208,HAS_BLOCK
5208,5209,FLOW
5208,5219,FLOW
5208,5219,UNWIND
5239,5209,HAS_BLOCK
5209,5210,FLOW
5209,5220,FLOW
5209,5220,UNWIND
5239,5210,HAS_BLOCK
5210,5211,FLOW
5210,5221,FLOW
5210,5221,UNWIND
5239,5211,HAS_BLOCK
5211,5214,FLOW
5211,5237,FLOW
5211,5237,UNWIND
5239,5214,HAS_BLOCK
5214,5215,FLOW
5239,5215,HAS_BLOCK
5215,5239,RETURN
5239,5216,HAS_BLOCK
5216,5217,FLOW
5239,5217,HAS_BLOCK
5217,5218,FLOW
5239,5218,HAS_BLOCK
5218,5219,FLOW
5239,5219,HAS_BLOCK
5219,5220,FLOW
5239,5220,HAS_BLOCK
5220,5221,FLOW
5239,5221,HAS_BLOCK
5221,5237,FLOW
5239,5222,HAS_BLOCK
5239,5223,HAS_BLOCK
5223,5097,FLOW
5223,5217,FLOW
5223,5217,UNWIND
5239,5227,HAS_BLOCK
5227,5206,FLOW
5227,5221,FLOW
5227,5221,UNWIND
5239,5228,HAS_BLOCK
5228,5113,FLOW
5228,5216,FLOW
5228,5216,UNWIND
5239,5230,HAS_BLOCK
5230,5228,FLOW
5230,5216,FLOW
5230,5216,UNWIND
5239,5231,HAS_BLOCK
5231,5088,FLOW
5231,5217,FLOW
5231,5217,UNWIND
5239,5232,HAS_BLOCK
5232,5216,FLOW
5239,5233,HAS_BLOCK
5233,5216,FLOW
5233,5232,FLOW
5239,5234,HAS_BLOCK
5234,5217,FLOW
5239,5235,HAS_BLOCK
5235,5217,FLOW
5235,5234,FLOW
5239,5236,HAS_BLOCK
5236,5222,FLOW
5239,5237,HAS_BLOCK
5237,5222,FLOW
5237,5236,FLOW
5239,5084,HAS_BLOCK
5084,5088,FLOW
5239,5085,HAS_BLOCK
5085,5205,FLOW
5239,5086,HAS_BLOCK
5086,5205,FLOW
5239,5087,HAS_BLOCK
5087,5205,FLOW
5270,5272,HAS_FIELD
5270,5271,HAS_FIELD
5388,5389,HAS_PARAM
5388,5390,HAS_PARAM
5388,5273,HAS_BLOCK
5273,5275,FLOW
5388,5275,HAS_BLOCK
5275,5330,FLOW
5275,5290,FLOW
5388,5290,HAS_BLOCK
5290,5310,FLOW
5388,5310,HAS_BLOCK
5310,5373,FLOW
5388,5330,HAS_BLOCK
5330,5351,FLOW
5388,5351,HAS_BLOCK
5351,5369,FLOW
5351,5376,FLOW
5351,5376,UNWIND
5388,5369,HAS_BLOCK
5369,5381,FLOW
5369,5376,FLOW
5369,5376,UNWIND
5388,5381,HAS_BLOCK
5381,5385,FLOW
5381,5376,FLOW
5381,5376,UNWIND
5388,5385,HAS_BLOCK
5385,5387,FLOW
5385,5376,FLOW
5385,5376,UNWIND
5388,5387,HAS_BLOCK
5387,5276,FLOW
5387,5376,FLOW
5387,5376,UNWIND
5388,5276,HAS_BLOCK
5276,5277,FLOW
5276,5376,FLOW
5276,5376,UNWIND
5388,5277,HAS_BLOCK
5277,5279,FLOW
5277,5376,FLOW
5277,5376,UNWIND
5388,5279,HAS_BLOCK
5279,5281,FLOW
5279,5383,FLOW
5279,5383,UNWIND
5388,5281,HAS_BLOCK
5281,5282,FLOW
5388,5282,HAS_BLOCK
5282,5284,FLOW
5282,5383,FLOW
5282,5383,UNWIND
5388,5284,HAS_BLOCK
5284,5287,FLOW
5284,5286,FLOW
5284,5285,FLOW
5388,5285,HAS_BLOCK
5388,5286,HAS_BLOCK
5286,5289,FLOW
5286,5291,FLOW
5388,5287,HAS_BLOCK
5287,5332,FLOW
5287,5383,FLOW
5287,5383,UNWIND
5388,5289,HAS_BLOCK
5289,5304,FLOW
5289,5291,FLOW
5388,5291,HAS_BLOCK
5291,5293,FLOW
5291,5383,FLOW
5291,5383,UNWIND
5388,5293,HAS_BLOCK
5293,5295,FLOW
5293,5383,FLOW
5293,5383,UNWIND
5388,5295,HAS_BLOCK
5295,5297,FLOW
5295,5383,FLOW
5295,5383,UNWIND
5388,5297,HAS_BLOCK
5297,5299,FLOW
5297,5383,FLOW
5297,5383,UNWIND
5388,5299,HAS_BLOCK
5299,5301,FLOW
5299,5383,FLOW
5299,5383,UNWIND
5388,5301,HAS_BLOCK
5301,5303,FLOW
5301,5383,FLOW
5301,5383,UNWIND
5388,5303,HAS_BLOCK
5303,5371,FLOW
5388,5304,HAS_BLOCK
5304,5307,FLOW
5304,5305,FLOW
5388,5305,HAS_BLOCK
5305,5311,FLOW
5305,5383,FLOW
5305,5383,UNWIND
5388,5307,HAS_BLOCK
5307,5320,FLOW
5307,5383,FLOW
5307,5383,UNWIND
5388,5311,HAS_BLOCK
5311,5313,FLOW
5311,5383,FLOW
5311,5383,UNWIND
5388,5313,HAS_BLOCK
5313,5315,FLOW
5313,5383,FLOW
5313,5383,UNWIND
5388,5315,HAS_BLOCK
5315,5317,FLOW
5315,5383,FLOW
5315,5383,UNWIND
5388,5317,HAS_BLOCK
5317,5319,FLOW
5317,5383,FLOW
5317,5383,UNWIND
5388,5319,HAS_BLOCK
5319,5371,FLOW
5388,5320,HAS_BLOCK
5320,5322,FLOW
5320,5383,FLOW
5320,5383,UNWIND
5388,5322,HAS_BLOCK
5322,5324,FLOW
5322,5383,FLOW
5322,5383,UNWIND
5388,5324,HAS_BLOCK
5324,5326,FLOW
5324,5383,FLOW
5324,5383,UNWIND
5388,5326,HAS_BLOCK
5326,5328,FLOW
5326,5383,FLOW
5326,5383,UNWIND
5388,5328,HAS_BLOCK
5328,5331,FLOW
5328,5383,FLOW
5328,5383,UNWIND
5388,5331,HAS_BLOCK
5331,5282,FLOW
5388,5332,HAS_BLOCK
5332,5334,FLOW
5332,5383,FLOW
5332,5383,UNWIND
5388,5334,HAS_BLOCK
5334,5336,FLOW
5334,5383,FLOW
5334,5383,UNWIND
5388,5336,HAS_BLOCK
5336,5338,FLOW
5336,5383,FLOW
5336,5383,UNWIND
5388,5338,HAS_BLOCK
5338,5340,FLOW
5338,5383,FLOW
5338,5383,UNWIND
5388,5340,HAS_BLOCK
5340,5342,FLOW
5340,5383,FLOW
5340,5383,UNWIND
5388,5342,HAS_BLOCK
5342,5344,FLOW
5342,5383,FLOW
5342,5383,UNWIND
5388,5344,HAS_BLOCK
5344,5346,FLOW
5344,5383,FLOW
5344,5383,UNWIND
5388,5346,HAS_BLOCK
5346,5348,FLOW
5346,5383,FLOW
5346,5383,UNWIND
5388,5348,HAS_BLOCK
5348,5352,FLOW
5348,5383,FLOW
5348,5383,UNWIND
5388,5352,HAS_BLOCK
5352,5354,FLOW
5352,5379,FLOW
5352,5379,UNWIND
5388,5354,HAS_BLOCK
5354,5355,FLOW
5388,5355,HAS_BLOCK
5355,5357,FLOW
5355,5375,FLOW
5355,5375,UNWIND
5388,5357,HAS_BLOCK
5357,5360,FLOW
5357,5358,FLOW
5357,5285,FLOW
5388,5358,HAS_BLOCK
5358,5361,FLOW
5358,5374,FLOW
5358,5374,UNWIND
5388,5360,HAS_BLOCK
5360,5364,FLOW
5360,5379,FLOW
5360,5379,UNWIND
5388,5361,HAS_BLOCK
5361,5363,FLOW
5361,5374,FLOW
5361,5374,UNWIND
5388,5363,HAS_BLOCK
5363,5355,FLOW
5363,5375,FLOW
5363,5375,UNWIND
5388,5364,HAS_BLOCK
5364,5366,FLOW
5364,5379,FLOW
5364,5379,UNWIND
5388,5366,HAS_BLOCK
5366,5370,FLOW
5366,5379,FLOW
5366,5379,UNWIND
5388,5370,HAS_BLOCK
5370,5373,FLOW
5388,5371,HAS_BLOCK
5371,5372,FLOW
5371,5376,FLOW
5371,5376,UNWIND
5388,5372,HAS_BLOCK
5372,5373,FLOW
5388,5373,HAS_BLOCK
5373,5388,RETURN
5388,5374,HAS_BLOCK
5374,5375,FLOW
5388,5375,HAS_BLOCK
5375,5379,FLOW
5388,5376,HAS_BLOCK
5376,5377,FLOW
5388,5377,HAS_BLOCK
5388,5378,HAS_BLOCK
5378,5383,FLOW
5388,5379,HAS_BLOCK
5379,5383,FLOW
5379,5378,FLOW
5388,5382,HAS_BLOCK
5382,5376,FLOW
5388,5383,HAS_BLOCK
5383,5376,FLOW
5383,5382,FLOW
5267,5268,HAS_PARAM
5267,5262,HAS_BLOCK
5262,5264,FLOW
5267,5264,HAS_BLOCK
5264,5266,FLOW
5267,5266,HAS_BLOCK
5266,5267,RETURN
5436,5437,HAS_PARAM
5436,5392,HAS_BLOCK
5392,5394,FLOW
5436,5394,HAS_BLOCK
5394,5412,FLOW
5394,5421,FLOW
5394,5421,UNWIND
5436,5412,HAS_BLOCK
5412,5425,FLOW
5412,5421,FLOW
5412,5421,UNWIND
5436,5425,HAS_BLOCK
5425,5427,FLOW
5425,5421,FLOW
5425,5421,UNWIND
5436,5427,HAS_BLOCK
5427,5429,FLOW
5427,5421,FLOW
5427,5421,UNWIND
5436,5429,HAS_BLOCK
5429,5430,FLOW
5436,5430,HAS_BLOCK
5430,5432,FLOW
5430,5420,FLOW
5430,5420,UNWIND
5436,5432,HAS_BLOCK
5432,5395,FLOW
5432,5434,FLOW
5432,5433,FLOW
5436,5433,HAS_BLOCK
5436,5434,HAS_BLOCK
5434,5396,FLOW
5434,5419,FLOW
5434,5419,UNWIND
5436,5395,HAS_BLOCK
5395,5418,FLOW
5395,5421,FLOW
5395,5421,UNWIND
5436,5396,HAS_BLOCK
5396,5398,FLOW
5396,5419,FLOW
5396,5419,UNWIND
5436,5398,HAS_BLOCK
5398,5401,FLOW
5398,5399,FLOW
5436,5399,HAS_BLOCK
5399,5402,FLOW
5399,5419,FLOW
5399,5419,UNWIND
5436,5401,HAS_BLOCK
5401,5430,FLOW
5401,5420,FLOW
5401,5420,UNWIND
5436,5402,HAS_BLOCK
5402,5404,FLOW
5402,5419,FLOW
5402,5419,UNWIND
5436,5404,HAS_BLOCK
5404,5406,FLOW
5404,5419,FLOW
5404,5419,UNWIND
5436,5406,HAS_BLOCK
5406,5408,FLOW
5406,5419,FLOW
5406,5419,UNWIND
5436,5408,HAS_BLOCK
5408,5417,FLOW
5408,5409,FLOW
5436,5409,HAS_BLOCK
5409,5413,FLOW
5409,5419,FLOW
5409,5419,UNWIND
5436,5413,HAS_BLOCK
5413,5415,FLOW
5413,5419,FLOW
5413,5419,UNWIND
5436,5415,HAS_BLOCK
5415,5423,FLOW
5415,5419,FLOW
5415,5419,UNWIND
5436,5417,HAS_BLOCK
5417,5430,FLOW
5417,5420,FLOW
5417,5420,UNWIND
5436,5418,HAS_BLOCK
5418,5436,RETURN
5436,5419,HAS_BLOCK
5419,5420,FLOW
5436,5420,HAS_BLOCK
5420,5421,FLOW
5436,5421,HAS_BLOCK
5421,5422,FLOW
5436,5422,HAS_BLOCK
5436,5423,HAS_BLOCK
5423,5417,FLOW
11330,11331,HAS_FIELD
11332,11334,HAS_FIELD
11332,11335,HAS_FIELD
11332,11334,HAS_FIELD
11332,11338,HAS_FIELD
11332,11337,HAS_FIELD
11332,11336,HAS_FIELD
11339,11340,HAS_FIELD
11339,11342,HAS_FIELD
11339,11343,HAS_FIELD
11339,11341,HAS_FIELD
5648,5690,HAS_FIELD
5648,5692,HAS_FIELD
5648,5691,HAS_FIELD
5648,5689,HAS_FIELD
5648,5687,HAS_FIELD
5648,5688,HAS_FIELD
6984,6972,HAS_BLOCK
6972,6974,FLOW
6984,6974,HAS_BLOCK
6974,6976,FLOW
6974,6982,FLOW
6974,6982,UNWIND
6984,6976,HAS_BLOCK
6976,6978,FLOW
6976,6982,FLOW
6976,6982,UNWIND
6984,6978,HAS_BLOCK
6978,6980,FLOW
6978,6982,FLOW
6978,6982,UNWIND
6984,6980,HAS_BLOCK
6980,6981,FLOW
6984,6981,HAS_BLOCK
6981,6984,RETURN
6984,6982,HAS_BLOCK
6982,6983,FLOW
6984,6983,HAS_BLOCK
5717,5718,HAS_FIELD
5717,5719,HAS_FIELD
5730,5769,HAS_FIELD
5730,5768,HAS_FIELD
5730,5767,HAS_FIELD
5730,5731,HAS_FIELD
5730,5732,HAS_FIELD
10626,10459,HAS_BLOCK
10459,10461,FLOW
10626,10461,HAS_BLOCK
10461,10491,FLOW
10626,10491,HAS_BLOCK
10491,10510,FLOW
10491,10466,FLOW
10491,10466,UNWIND
10626,10510,HAS_BLOCK
10510,10529,FLOW
10510,10466,FLOW
10510,10466,UNWIND
10626,10529,HAS_BLOCK
10529,10523,FLOW
10529,10547,FLOW
10626,10547,HAS_BLOCK
10547,10566,FLOW
10626,10566,HAS_BLOCK
10566,10584,FLOW
10626,10584,HAS_BLOCK
10584,10598,FLOW
10626,10598,HAS_BLOCK
10598,10614,FLOW
10598,10465,FLOW
10598,10465,UNWIND
10626,10614,HAS_BLOCK
10614,10462,FLOW
10614,10465,FLOW
10614,10465,UNWIND
10626,10462,HAS_BLOCK
10462,10506,FLOW
10462,10473,FLOW
10626,10473,HAS_BLOCK
10473,10474,FLOW
10626,10474,HAS_BLOCK
10474,10476,FLOW
10474,5766,CALL
10626,10476,HAS_BLOCK
10476,10478,FLOW
10476,10464,FLOW
10476,10464,UNWIND
10626,10478,HAS_BLOCK
10478,10480,FLOW
10478,10464,FLOW
10478,10464,UNWIND
10626,10480,HAS_BLOCK
10480,10482,FLOW
10480,10464,FLOW
10480,10464,UNWIND
10626,10482,HAS_BLOCK
10482,10484,FLOW
10482,10464,FLOW
10482,10464,UNWIND
10626,10484,HAS_BLOCK
10484,10486,FLOW
10484,10464,FLOW
10484,10464,UNWIND
10626,10486,HAS_BLOCK
10486,10488,FLOW
10486,10464,FLOW
10486,10464,UNWIND
10626,10488,HAS_BLOCK
10488,10492,FLOW
10488,10464,FLOW
10488,10464,UNWIND
10488,5977,CALL
10626,10492,HAS_BLOCK
10492,10494,FLOW
10492,10464,FLOW
10492,10464,UNWIND
10626,10494,HAS_BLOCK
10494,10496,FLOW
10494,10498,FLOW
10494,10495,FLOW
10626,10495,HAS_BLOCK
10626,10496,HAS_BLOCK
10496,10500,FLOW
10496,10464,FLOW
10496,10464,UNWIND
10626,10498,HAS_BLOCK
10498,10470,FLOW
10498,10464,FLOW
10498,10464,UNWIND
10626,10500,HAS_BLOCK
10500,10502,FLOW
10500,10464,FLOW
10500,10464,UNWIND
10626,10502,HAS_BLOCK
10502,10504,FLOW
10502,10464,FLOW
10502,10464,UNWIND
10502,5686,CALL
10626,10504,HAS_BLOCK
10504,10471,FLOW
10504,10464,FLOW
10504,10464,UNWIND
10504,10457,CALL
10626,10506,HAS_BLOCK
10506,10507,FLOW
10626,10507,HAS_BLOCK
10507,10511,FLOW
10507,5766,CALL
10626,10511,HAS_BLOCK
10511,10513,FLOW
10511,10838,CALL
10626,10513,HAS_BLOCK
10513,10515,FLOW
10626,10515,HAS_BLOCK
10515,10516,FLOW
10515,10518,FLOW
10515,10495,FLOW
10626,10516,HAS_BLOCK
10516,10520,FLOW
10626,10518,HAS_BLOCK
10518,10616,FLOW
10626,10520,HAS_BLOCK
10520,10522,FLOW
10520,10463,FLOW
10520,10463,UNWIND
10626,10522,HAS_BLOCK
10522,10616,FLOW
10626,10523,HAS_BLOCK
10523,10524,FLOW
10626,10524,HAS_BLOCK
10524,10526,FLOW
10626,10526,HAS_BLOCK
10526,10530,FLOW
10626,10530,HAS_BLOCK
10530,10532,FLOW
10530,10624,FLOW
10530,10624,UNWIND
10626,10532,HAS_BLOCK
10532,10534,FLOW
10532,10624,FLOW
10532,10624,UNWIND
10626,10534,HAS_BLOCK
10534,10606,FLOW
10534,10535,FLOW
10626,10535,HAS_BLOCK
10535,10536,FLOW
10626,10536,HAS_BLOCK
10536,10538,FLOW
10536,5686,CALL
10626,10538,HAS_BLOCK
10538,10540,FLOW
10538,10623,FLOW
10538,10623,UNWIND
10626,10540,HAS_BLOCK
10540,10542,FLOW
10540,10623,FLOW
10540,10623,UNWIND
10540,5005,CALL
10626,10542,HAS_BLOCK
10542,10544,FLOW
10542,10623,FLOW
10542,10623,UNWIND
10626,10544,HAS_BLOCK
10544,10545,FLOW
10544,10548,FLOW
10544,10495,FLOW
10626,10545,HAS_BLOCK
10545,10550,FLOW
10545,10622,FLOW
10545,10622,UNWIND
10626,10548,HAS_BLOCK
10548,10472,FLOW
10548,10623,FLOW
10548,10623,UNWIND
10626,10550,HAS_BLOCK
10550,10552,FLOW
10550,10622,FLOW
10550,10622,UNWIND
10626,10552,HAS_BLOCK
10552,10554,FLOW
10552,10621,FLOW
10552,10621,UNWIND
10626,10554,HAS_BLOCK
10554,10556,FLOW
10554,10621,FLOW
10554,10621,UNWIND
10626,10556,HAS_BLOCK
10556,10558,FLOW
10556,10621,FLOW
10556,10621,UNWIND
10626,10558,HAS_BLOCK
10558,10560,FLOW
10558,10621,FLOW
10558,10621,UNWIND
10558,5025,CALL
10626,10560,HAS_BLOCK
10560,10562,FLOW
10560,10621,FLOW
10560,10621,UNWIND
10626,10562,HAS_BLOCK
10562,10563,FLOW
10626,10563,HAS_BLOCK
10563,10565,FLOW
10563,10620,FLOW
10563,10620,UNWIND
10626,10565,HAS_BLOCK
10565,10469,FLOW
10565,10567,FLOW
10565,10495,FLOW
10626,10567,HAS_BLOCK
10567,10568,FLOW
10567,10579,FLOW
10567,10495,FLOW
10626,10568,HAS_BLOCK
10568,10570,FLOW
10568,10618,FLOW
10568,10618,UNWIND
10626,10570,HAS_BLOCK
10570,10572,FLOW
10570,10618,FLOW
10570,10618,UNWIND
10626,10572,HAS_BLOCK
10572,10573,FLOW
10572,10579,FLOW
10626,10573,HAS_BLOCK
10573,10575,FLOW
10573,10618,FLOW
10573,10618,UNWIND
10626,10575,HAS_BLOCK
10575,10577,FLOW
10575,10618,FLOW
10575,10618,UNWIND
10626,10577,HAS_BLOCK
10577,10578,FLOW
10577,10579,FLOW
10626,10578,HAS_BLOCK
10578,10599,FLOW
10578,10619,FLOW
10578,10619,UNWIND
10626,10579,HAS_BLOCK
10579,10581,FLOW
10579,10618,FLOW
10579,10618,UNWIND
10626,10581,HAS_BLOCK
10581,10585,FLOW
10581,10618,FLOW
10581,10618,UNWIND
10626,10585,HAS_BLOCK
10585,10587,FLOW
10585,10618,FLOW
10585,10618,UNWIND
10626,10587,HAS_BLOCK
10587,10589,FLOW
10587,10618,FLOW
10587,10618,UNWIND
10626,10589,HAS_BLOCK
10589,10590,FLOW
10589,10618,FLOW
10589,10618,UNWIND
10626,10590,HAS_BLOCK
10590,10591,FLOW
10590,10593,FLOW
10590,10495,FLOW
10626,10591,HAS_BLOCK
10591,10593,FLOW
10591,10592,FLOW
10626,10592,HAS_BLOCK
10592,10596,FLOW
10592,10619,FLOW
10592,10619,UNWIND
10626,10593,HAS_BLOCK
10593,10594,FLOW
10593,10619,FLOW
10593,10619,UNWIND
10626,10594,HAS_BLOCK
10594,10595,FLOW
10594,10620,FLOW
10594,10620,UNWIND
10626,10595,HAS_BLOCK
10595,10563,FLOW
10595,10563,FLOW
10595,10495,FLOW
10626,10596,HAS_BLOCK
10596,10469,FLOW
10596,10620,FLOW
10596,10620,UNWIND
10626,10599,HAS_BLOCK
10599,10600,FLOW
10599,10620,FLOW
10599,10620,UNWIND
10626,10600,HAS_BLOCK
10600,10563,FLOW
10600,10563,FLOW
10600,10495,FLOW
10626,10601,HAS_BLOCK
10601,10603,FLOW
10601,10621,FLOW
10601,10621,UNWIND
10626,10603,HAS_BLOCK
10603,10605,FLOW
10603,10617,FLOW
10603,10617,UNWIND
10626,10605,HAS_BLOCK
10605,10611,FLOW
10605,10622,FLOW
10605,10622,UNWIND
10626,10606,HAS_BLOCK
10606,10607,FLOW
10626,10607,HAS_BLOCK
10607,10609,FLOW
10607,5686,CALL
10626,10609,HAS_BLOCK
10609,10616,FLOW
10609,10457,CALL
10626,10611,HAS_BLOCK
10611,10612,FLOW
10611,10623,FLOW
10611,10623,UNWIND
10626,10612,HAS_BLOCK
10612,10616,FLOW
10626,10615,HAS_BLOCK
10615,10616,FLOW
10626,10616,HAS_BLOCK
10616,10626,RETURN
10626,10617,HAS_BLOCK
10617,10621,FLOW
10626,10618,HAS_BLOCK
10618,10619,FLOW
10626,10619,HAS_BLOCK
10619,10620,FLOW
10626,10620,HAS_BLOCK
10620,10621,FLOW
10626,10621,HAS_BLOCK
10621,10622,FLOW
10626,10622,HAS_BLOCK
10622,10623,FLOW
10626,10623,HAS_BLOCK
10623,10467,FLOW
10626,10624,HAS_BLOCK
10624,10467,FLOW
10626,10463,HAS_BLOCK
10463,10467,FLOW
10626,10464,HAS_BLOCK
10464,10467,FLOW
10626,10465,HAS_BLOCK
10465,10467,FLOW
10626,10466,HAS_BLOCK
10466,10467,FLOW
10626,10467,HAS_BLOCK
10626,10468,HAS_BLOCK
10468,10601,FLOW
10468,10621,FLOW
10468,10621,UNWIND
10626,10469,HAS_BLOCK
10469,10468,FLOW
10469,10468,FLOW
10469,10495,FLOW
10626,10470,HAS_BLOCK
10470,10615,FLOW
10626,10471,HAS_BLOCK
10471,10615,FLOW
10626,10472,HAS_BLOCK
10472,10612,FLOW
10457,10458,HAS_PARAM
10457,7560,HAS_BLOCK
7560,7562,FLOW
7560,8416,FLOW
7560,8416,UNWIND
10457,7562,HAS_BLOCK
7562,8891,FLOW
7562,8416,FLOW
7562,8416,UNWIND
10457,8891,HAS_BLOCK
8891,9089,FLOW
8891,8416,FLOW
8891,8416,UNWIND
10457,9089,HAS_BLOCK
9089,9282,FLOW
9089,8416,FLOW
9089,8416,UNWIND
10457,9282,HAS_BLOCK
9282,9482,FLOW
9282,8416,FLOW
9282,8416,UNWIND
10457,9482,HAS_BLOCK
9482,9673,FLOW
9482,8415,FLOW
9482,8415,UNWIND
10457,9673,HAS_BLOCK
9673,9870,FLOW
9673,8415,FLOW
9673,8415,UNWIND
10457,9870,HAS_BLOCK
9870,10067,FLOW
9870,8411,FLOW
9870,8411,UNWIND
10457,10067,HAS_BLOCK
10067,10266,FLOW
10067,8844,FLOW
10067,8844,UNWIND
10457,10266,HAS_BLOCK
10266,7563,FLOW
10266,8844,FLOW
10266,8844,UNWIND
10266,6762,CALL
10457,7563,HAS_BLOCK
7563,7765,FLOW
7563,8410,FLOW
7563,8410,UNWIND
10457,7765,HAS_BLOCK
7765,7953,FLOW
7765,8410,FLOW
7765,8410,UNWIND
10457,7953,HAS_BLOCK
7953,8151,FLOW
7953,8410,FLOW
7953,8410,UNWIND
10457,8151,HAS_BLOCK
8151,8295,FLOW
8151,8410,FLOW
8151,8410,UNWIND
10457,8295,HAS_BLOCK
8295,8413,FLOW
8295,8844,FLOW
8295,8844,UNWIND
10457,8413,HAS_BLOCK
8413,8531,FLOW
8413,8844,FLOW
8413,8844,UNWIND
10457,8531,HAS_BLOCK
8531,8650,FLOW
8531,8842,FLOW
8531,8842,UNWIND
10457,8650,HAS_BLOCK
8650,8768,FLOW
8650,8842,FLOW
8650,8842,UNWIND
10457,8768,HAS_BLOCK
8768,8870,FLOW
8768,8840,FLOW
8768,8840,UNWIND
8768,6778,CALL
10457,8870,HAS_BLOCK
8870,8892,FLOW
8870,8840,FLOW
8870,8840,UNWIND
10457,8892,HAS_BLOCK
8892,8912,FLOW
8892,8840,FLOW
8892,8840,UNWIND
10457,8912,HAS_BLOCK
8912,8932,FLOW
8912,8840,FLOW
8912,8840,UNWIND
10457,8932,HAS_BLOCK
8932,8952,FLOW
8932,8840,FLOW
8932,8840,UNWIND
10457,8952,HAS_BLOCK
8952,8972,FLOW
8952,8409,FLOW
8952,8409,UNWIND
8952,6778,CALL
10457,8972,HAS_BLOCK
8972,8991,FLOW
8972,8409,FLOW
8972,8409,UNWIND
10457,8991,HAS_BLOCK
8991,9009,FLOW
8991,8409,FLOW
8991,8409,UNWIND
10457,9009,HAS_BLOCK
9009,9027,FLOW
9009,8409,FLOW
9009,8409,UNWIND
9009,6468,CALL
10457,9027,HAS_BLOCK
9027,9048,FLOW
9027,8409,FLOW
9027,8409,UNWIND
10457,9048,HAS_BLOCK
9048,9090,FLOW
9048,9110,FLOW
9048,9069,FLOW
10457,9069,HAS_BLOCK
10457,9090,HAS_BLOCK
9090,9130,FLOW
9090,8408,FLOW
9090,8408,UNWIND
10457,9110,HAS_BLOCK
9110,8847,FLOW
9110,8409,FLOW
9110,8409,UNWIND
10457,9130,HAS_BLOCK
9130,9150,FLOW
9130,8408,FLOW
9130,8408,UNWIND
9130,7350,CALL
10457,9150,HAS_BLOCK
9150,9169,FLOW
9150,8408,FLOW
9150,8408,UNWIND
10457,9169,HAS_BLOCK
9169,9185,FLOW
9169,9203,FLOW
9169,9069,FLOW
10457,9185,HAS_BLOCK
9185,9218,FLOW
9185,8407,FLOW
9185,8407,UNWIND
10457,9203,HAS_BLOCK
9203,8848,FLOW
9203,8408,FLOW
9203,8408,UNWIND
10457,9218,HAS_BLOCK
9218,9240,FLOW
9218,8406,FLOW
9218,8406,UNWIND
10457,9240,HAS_BLOCK
9240,9261,FLOW
9240,8406,FLOW
9240,8406,UNWIND
9240,5804,CALL
10457,9261,HAS_BLOCK
9261,9283,FLOW
9261,8406,FLOW
9261,8406,UNWIND
9261,10845,CALL
10457,9283,HAS_BLOCK
9283,9304,FLOW
9283,8406,FLOW
9283,8406,UNWIND
10457,9304,HAS_BLOCK
9304,9324,FLOW
9304,8406,FLOW
9304,8406,UNWIND
9304,5005,CALL
10457,9324,HAS_BLOCK
9324,9344,FLOW
9324,8406,FLOW
9324,8406,UNWIND
10457,9344,HAS_BLOCK
9344,9363,FLOW
9344,9383,FLOW
9344,9069,FLOW
10457,9363,HAS_BLOCK
9363,9403,FLOW
9363,8406,FLOW
9363,8406,UNWIND
10457,9383,HAS_BLOCK
9383,8849,FLOW
9383,8406,FLOW
9383,8406,UNWIND
10457,9403,HAS_BLOCK
9403,9423,FLOW
9403,8405,FLOW
9403,8405,UNWIND
10457,9423,HAS_BLOCK
9423,9442,FLOW
9423,8405,FLOW
9423,8405,UNWIND
10457,9442,HAS_BLOCK
9442,9462,FLOW
9442,8404,FLOW
9442,8404,UNWIND
10457,9462,HAS_BLOCK
9462,9483,FLOW
9462,8404,FLOW
9462,8404,UNWIND
10457,9483,HAS_BLOCK
9483,9693,FLOW
9483,9503,FLOW
10457,9503,HAS_BLOCK
9503,9522,FLOW
9503,8405,FLOW
9503,8405,UNWIND
10457,9522,HAS_BLOCK
9522,9541,FLOW
9522,8405,FLOW
9522,8405,UNWIND
10457,9541,HAS_BLOCK
9541,9561,FLOW
9541,8405,FLOW
9541,8405,UNWIND
10457,9561,HAS_BLOCK
9561,9580,FLOW
9561,8405,FLOW
9561,8405,UNWIND
9561,11326,CALL
10457,9580,HAS_BLOCK
9580,9594,FLOW
9580,8405,FLOW
9580,8405,UNWIND
10457,9594,HAS_BLOCK
9594,9610,FLOW
9594,9631,FLOW
9594,9069,FLOW
10457,9610,HAS_BLOCK
9610,9652,FLOW
9610,8405,FLOW
9610,8405,UNWIND
10457,9631,HAS_BLOCK
9631,8852,FLOW
9631,8405,FLOW
9631,8405,UNWIND
10457,9652,HAS_BLOCK
9652,9674,FLOW
9652,8403,FLOW
9652,8403,UNWIND
10457,9674,HAS_BLOCK
9674,8266,FLOW
10457,9693,HAS_BLOCK
9693,9712,FLOW
9693,8405,FLOW
9693,8405,UNWIND
10457,9712,HAS_BLOCK
9712,9732,FLOW
9712,8405,FLOW
9712,8405,UNWIND
9712,6944,CALL
10457,9732,HAS_BLOCK
9732,9752,FLOW
9732,8405,FLOW
9732,8405,UNWIND
10457,9752,HAS_BLOCK
9752,9771,FLOW
9752,9791,FLOW
9752,9069,FLOW
10457,9771,HAS_BLOCK
9771,9810,FLOW
9771,8836,FLOW
9771,8836,UNWIND
10457,9791,HAS_BLOCK
9791,8853,FLOW
9791,8405,FLOW
9791,8405,UNWIND
10457,9810,HAS_BLOCK
9810,9829,FLOW
9810,8836,FLOW
9810,8836,UNWIND
10457,9829,HAS_BLOCK
9829,9849,FLOW
9829,8836,FLOW
9829,8836,UNWIND
10457,9849,HAS_BLOCK
9849,9871,FLOW
9849,8836,FLOW
9849,8836,UNWIND
10457,9871,HAS_BLOCK
9871,9908,FLOW
9871,9890,FLOW
9871,9069,FLOW
10457,9890,HAS_BLOCK
9890,9925,FLOW
10457,9908,HAS_BLOCK
9908,9925,FLOW
10457,9925,HAS_BLOCK
9925,10004,FLOW
9925,9943,FLOW
10457,9943,HAS_BLOCK
9943,9965,FLOW
9943,8402,FLOW
9943,8402,UNWIND
10457,9965,HAS_BLOCK
9965,9984,FLOW
9965,8402,FLOW
9965,8402,UNWIND
10457,9984,HAS_BLOCK
9984,8854,FLOW
9984,8402,FLOW
9984,8402,UNWIND
9984,6263,CALL
10457,10004,HAS_BLOCK
10004,10026,FLOW
10004,8402,FLOW
10004,8402,UNWIND
10457,10026,HAS_BLOCK
10026,10046,FLOW
10457,10046,HAS_BLOCK
10046,10068,FLOW
10046,8400,FLOW
10046,8400,UNWIND
10457,10068,HAS_BLOCK
10068,10088,FLOW
10068,8400,FLOW
10068,8400,UNWIND
10457,10088,HAS_BLOCK
10088,10108,FLOW
10088,8400,FLOW
10088,8400,UNWIND
10457,10108,HAS_BLOCK
10108,10128,FLOW
10108,8400,FLOW
10108,8400,UNWIND
10457,10128,HAS_BLOCK
10128,10148,FLOW
10128,8400,FLOW
10128,8400,UNWIND
10457,10148,HAS_BLOCK
10148,10168,FLOW
10148,8834,FLOW
10148,8834,UNWIND
10457,10168,HAS_BLOCK
10168,10187,FLOW
10168,8834,FLOW
10168,8834,UNWIND
10457,10187,HAS_BLOCK
10187,10207,FLOW
10187,8399,FLOW
10187,8399,UNWIND
10457,10207,HAS_BLOCK
10207,10226,FLOW
10207,8399,FLOW
10207,8399,UNWIND
10457,10226,HAS_BLOCK
10226,10246,FLOW
10226,8398,FLOW
10226,8398,UNWIND
10457,10246,HAS_BLOCK
10246,10267,FLOW
10246,8832,FLOW
10246,8832,UNWIND
10457,10267,HAS_BLOCK
10267,10286,FLOW
10267,8832,FLOW
10267,8832,UNWIND
10457,10286,HAS_BLOCK
10286,10306,FLOW
10286,8832,FLOW
10286,8832,UNWIND
10457,10306,HAS_BLOCK
10306,10322,FLOW
10306,8398,FLOW
10306,8398,UNWIND
10457,10322,HAS_BLOCK
10322,10340,FLOW
10322,8398,FLOW
10322,8398,UNWIND
10457,10340,HAS_BLOCK
10340,10361,FLOW
10340,8830,FLOW
10340,8830,UNWIND
10457,10361,HAS_BLOCK
10361,10379,FLOW
10361,8830,FLOW
10361,8830,UNWIND
10457,10379,HAS_BLOCK
10379,10394,FLOW
10379,8830,FLOW
10379,8830,UNWIND
10457,10394,HAS_BLOCK
10394,10415,FLOW
10394,8398,FLOW
10394,8398,UNWIND
10457,10415,HAS_BLOCK
10415,10436,FLOW
10415,8398,FLOW
10415,8398,UNWIND
10457,10436,HAS_BLOCK
10436,7564,FLOW
10436,8828,FLOW
10436,8828,UNWIND
10457,7564,HAS_BLOCK
7564,7584,FLOW
7564,8828,FLOW
7564,8828,UNWIND
10457,7584,HAS_BLOCK
7584,7604,FLOW
7584,8828,FLOW
7584,8828,UNWIND
10457,7604,HAS_BLOCK
7604,7623,FLOW
7604,8398,FLOW
7604,8398,UNWIND
10457,7623,HAS_BLOCK
7623,7644,FLOW
7623,8398,FLOW
7623,8398,UNWIND
10457,7644,HAS_BLOCK
7644,7665,FLOW
7644,8824,FLOW
7644,8824,UNWIND
10457,7665,HAS_BLOCK
7665,7685,FLOW
7665,8397,FLOW
7665,8397,UNWIND
10457,7685,HAS_BLOCK
7685,7706,FLOW
7685,8822,FLOW
7685,8822,UNWIND
10457,7706,HAS_BLOCK
7706,7726,FLOW
7706,8822,FLOW
7706,8822,UNWIND
10457,7726,HAS_BLOCK
7726,7745,FLOW
7726,8822,FLOW
7726,8822,UNWIND
10457,7745,HAS_BLOCK
7745,7766,FLOW
7745,8397,FLOW
7745,8397,UNWIND
10457,7766,HAS_BLOCK
7766,7786,FLOW
7766,8397,FLOW
7766,8397,UNWIND
10457,7786,HAS_BLOCK
7786,7805,FLOW
7786,8820,FLOW
7786,8820,UNWIND
10457,7805,HAS_BLOCK
7805,7825,FLOW
7805,8820,FLOW
7805,8820,UNWIND
10457,7825,HAS_BLOCK
7825,7845,FLOW
7825,8820,FLOW
7825,8820,UNWIND
10457,7845,HAS_BLOCK
7845,7864,FLOW
7845,8397,FLOW
7845,8397,UNWIND
10457,7864,HAS_BLOCK
7864,7884,FLOW
7864,8397,FLOW
7864,8397,UNWIND
10457,7884,HAS_BLOCK
7884,7899,FLOW
7884,8818,FLOW
7884,8818,UNWIND
10457,7899,HAS_BLOCK
7899,7912,FLOW
7899,8818,FLOW
7899,8818,UNWIND
10457,7912,HAS_BLOCK
7912,7933,FLOW
7912,8818,FLOW
7912,8818,UNWIND
10457,7933,HAS_BLOCK
7933,7954,FLOW
7933,8397,FLOW
7933,8397,UNWIND
10457,7954,HAS_BLOCK
7954,7974,FLOW
7954,8397,FLOW
7954,8397,UNWIND
10457,7974,HAS_BLOCK
7974,7994,FLOW
7974,8816,FLOW
7974,8816,UNWIND
10457,7994,HAS_BLOCK
7994,8014,FLOW
7994,8816,FLOW
7994,8816,UNWIND
10457,8014,HAS_BLOCK
8014,8033,FLOW
8014,8816,FLOW
8014,8816,UNWIND
10457,8033,HAS_BLOCK
8033,8048,FLOW
8033,8397,FLOW
8033,8397,UNWIND
10457,8048,HAS_BLOCK
8048,8070,FLOW
8048,8824,FLOW
8048,8824,UNWIND
10457,8070,HAS_BLOCK
8070,8089,FLOW
8070,8398,FLOW
8070,8398,UNWIND
10457,8089,HAS_BLOCK
8089,8110,FLOW
8089,8398,FLOW
8089,8398,UNWIND
10457,8110,HAS_BLOCK
8110,8130,FLOW
8110,8812,FLOW
8110,8812,UNWIND
10457,8130,HAS_BLOCK
8130,8152,FLOW
8130,8396,FLOW
8130,8396,UNWIND
10457,8152,HAS_BLOCK
8152,8173,FLOW
8152,8810,FLOW
8152,8810,UNWIND
10457,8173,HAS_BLOCK
8173,8193,FLOW
8173,8810,FLOW
8173,8810,UNWIND
10457,8193,HAS_BLOCK
8193,8212,FLOW
8193,8810,FLOW
8193,8810,UNWIND
10457,8212,HAS_BLOCK
8212,8224,FLOW
8212,8396,FLOW
8212,8396,UNWIND
10457,8224,HAS_BLOCK
8224,8236,FLOW
8224,8396,FLOW
8224,8396,UNWIND
10457,8236,HAS_BLOCK
8236,8258,FLOW
8236,8247,FLOW
10457,8247,HAS_BLOCK
8247,8282,FLOW
10457,8258,HAS_BLOCK
8258,8270,FLOW
8258,8395,FLOW
8258,8395,UNWIND
10457,8270,HAS_BLOCK
8270,8855,FLOW
8270,8395,FLOW
8270,8395,UNWIND
10457,8282,HAS_BLOCK
8282,8296,FLOW
8282,8808,FLOW
8282,8808,UNWIND
10457,8296,HAS_BLOCK
8296,8308,FLOW
8296,8808,FLOW
8296,8808,UNWIND
10457,8308,HAS_BLOCK
8308,8320,FLOW
8308,8808,FLOW
8308,8808,UNWIND
10457,8320,HAS_BLOCK
8320,8331,FLOW
8320,8394,FLOW
8320,8394,UNWIND
10457,8331,HAS_BLOCK
8331,8342,FLOW
8331,8396,FLOW
8331,8396,UNWIND
10457,8342,HAS_BLOCK
8342,8354,FLOW
8342,8396,FLOW
8342,8396,UNWIND
10457,8354,HAS_BLOCK
8354,8366,FLOW
8354,8806,FLOW
8354,8806,UNWIND
10457,8366,HAS_BLOCK
8366,8378,FLOW
8366,8806,FLOW
8366,8806,UNWIND
10457,8378,HAS_BLOCK
8378,8390,FLOW
8378,8806,FLOW
8378,8806,UNWIND
10457,8390,HAS_BLOCK
8390,8401,FLOW
8390,8396,FLOW
8390,8396,UNWIND
10457,8401,HAS_BLOCK
8401,8414,FLOW
8401,8396,FLOW
8401,8396,UNWIND
10457,8414,HAS_BLOCK
8414,8426,FLOW
8414,8804,FLOW
8414,8804,UNWIND
10457,8426,HAS_BLOCK
8426,8438,FLOW
8426,8804,FLOW
8426,8804,UNWIND
10457,8438,HAS_BLOCK
8438,8450,FLOW
8438,8804,FLOW
8438,8804,UNWIND
10457,8450,HAS_BLOCK
8450,8461,FLOW
8450,8396,FLOW
8450,8396,UNWIND
10457,8461,HAS_BLOCK
8461,8473,FLOW
8461,8396,FLOW
8461,8396,UNWIND
10457,8473,HAS_BLOCK
8473,8495,FLOW
8473,8484,FLOW
8473,9069,FLOW
10457,8484,HAS_BLOCK
8484,8506,FLOW
10457,8495,HAS_BLOCK
8495,8506,FLOW
10457,8506,HAS_BLOCK
8506,8518,FLOW
8506,8801,FLOW
8506,8801,UNWIND
10457,8518,HAS_BLOCK
8518,8532,FLOW
8518,8801,FLOW
8518,8801,UNWIND
10457,8532,HAS_BLOCK
8532,8544,FLOW
8532,8801,FLOW
8532,8801,UNWIND
10457,8544,HAS_BLOCK
8544,8555,FLOW
8544,8396,FLOW
8544,8396,UNWIND
10457,8555,HAS_BLOCK
8555,8567,FLOW
8555,8812,FLOW
8555,8812,UNWIND
10457,8567,HAS_BLOCK
8567,8578,FLOW
8567,8398,FLOW
8567,8398,UNWIND
10457,8578,HAS_BLOCK
8578,8590,FLOW
8578,8398,FLOW
8578,8398,UNWIND
10457,8590,HAS_BLOCK
8590,8602,FLOW
8590,8799,FLOW
8590,8799,UNWIND
10457,8602,HAS_BLOCK
8602,8614,FLOW
8602,8799,FLOW
8602,8799,UNWIND
10457,8614,HAS_BLOCK
8614,8626,FLOW
8614,8799,FLOW
8614,8799,UNWIND
10457,8626,HAS_BLOCK
8626,8637,FLOW
8626,8398,FLOW
8626,8398,UNWIND
10457,8637,HAS_BLOCK
8637,8651,FLOW
8637,8398,FLOW
8637,8398,UNWIND
10457,8651,HAS_BLOCK
8651,8663,FLOW
8651,8393,FLOW
8651,8393,UNWIND
8651,6768,CALL
10457,8663,HAS_BLOCK
8663,8675,FLOW
8663,8797,FLOW
8663,8797,UNWIND
10457,8675,HAS_BLOCK
8675,8687,FLOW
8675,8797,FLOW
8675,8797,UNWIND
10457,8687,HAS_BLOCK
8687,8699,FLOW
8687,8797,FLOW
8687,8797,UNWIND
10457,8699,HAS_BLOCK
8699,8710,FLOW
8699,8392,FLOW
8699,8392,UNWIND
10457,8710,HAS_BLOCK
8710,8721,FLOW
8710,8398,FLOW
8710,8398,UNWIND
10457,8721,HAS_BLOCK
8721,8733,FLOW
8721,8391,FLOW
8721,8391,UNWIND
8721,5848,CALL
10457,8733,HAS_BLOCK
8733,8745,FLOW
8733,8391,FLOW
8733,8391,UNWIND
10457,8745,HAS_BLOCK
8745,8756,FLOW
8745,8769,FLOW
8745,9069,FLOW
10457,8756,HAS_BLOCK
8756,8792,FLOW
8756,8399,FLOW
8756,8399,UNWIND
10457,8769,HAS_BLOCK
8769,8781,FLOW
8769,8391,FLOW
8769,8391,UNWIND
10457,8781,HAS_BLOCK
8781,8263,FLOW
8781,8399,FLOW
8781,8399,UNWIND
10457,8792,HAS_BLOCK
8792,8803,FLOW
8792,8834,FLOW
8792,8834,UNWIND
10457,8803,HAS_BLOCK
8803,8815,FLOW
8803,8834,FLOW
8803,8834,UNWIND
10457,8815,HAS_BLOCK
8815,8827,FLOW
8815,8834,FLOW
8815,8834,UNWIND
10457,8827,HAS_BLOCK
8827,8839,FLOW
8827,8388,FLOW
8827,8388,UNWIND
10457,8839,HAS_BLOCK
8839,8851,FLOW
8839,8388,FLOW
8839,8388,UNWIND
10457,8851,HAS_BLOCK
8851,8863,FLOW
8851,8387,FLOW
8851,8387,UNWIND
10457,8863,HAS_BLOCK
8863,8867,FLOW
8863,8795,FLOW
8863,8795,UNWIND
10457,8867,HAS_BLOCK
8867,8871,FLOW
8867,8795,FLOW
8867,8795,UNWIND
10457,8871,HAS_BLOCK
8871,8873,FLOW
8871,8795,FLOW
8871,8795,UNWIND
10457,8873,HAS_BLOCK
8873,8874,FLOW
8873,8387,FLOW
8873,8387,UNWIND
10457,8874,HAS_BLOCK
8874,8876,FLOW
8874,8387,FLOW
8874,8387,UNWIND
10457,8876,HAS_BLOCK
8876,8878,FLOW
8876,8793,FLOW
8876,8793,UNWIND
10457,8878,HAS_BLOCK
8878,8880,FLOW
8878,8793,FLOW
8878,8793,UNWIND
10457,8880,HAS_BLOCK
8880,8882,FLOW
8880,8793,FLOW
8880,8793,UNWIND
10457,8882,HAS_BLOCK
8882,8883,FLOW
8882,8387,FLOW
8882,8387,UNWIND
10457,8883,HAS_BLOCK
8883,8885,FLOW
8883,8387,FLOW
8883,8387,UNWIND
10457,8885,HAS_BLOCK
8885,8887,FLOW
8885,8790,FLOW
8885,8790,UNWIND
10457,8887,HAS_BLOCK
8887,8893,FLOW
8887,8386,FLOW
8887,8386,UNWIND
10457,8893,HAS_BLOCK
8893,8895,FLOW
8893,8788,FLOW
8893,8788,UNWIND
10457,8895,HAS_BLOCK
8895,8897,FLOW
8895,8788,FLOW
8895,8788,UNWIND
10457,8897,HAS_BLOCK
8897,8899,FLOW
8897,8788,FLOW
8897,8788,UNWIND
10457,8899,HAS_BLOCK
8899,8900,FLOW
8899,8386,FLOW
8899,8386,UNWIND
10457,8900,HAS_BLOCK
8900,8902,FLOW
8900,8386,FLOW
8900,8386,UNWIND
10457,8902,HAS_BLOCK
8902,8904,FLOW
8902,8786,FLOW
8902,8786,UNWIND
10457,8904,HAS_BLOCK
8904,8906,FLOW
8904,8786,FLOW
8904,8786,UNWIND
10457,8906,HAS_BLOCK
8906,8908,FLOW
8906,8786,FLOW
8906,8786,UNWIND
10457,8908,HAS_BLOCK
8908,8909,FLOW
8908,8386,FLOW
8908,8386,UNWIND
10457,8909,HAS_BLOCK
8909,8913,FLOW
8909,8386,FLOW
8909,8386,UNWIND
10457,8913,HAS_BLOCK
8913,8915,FLOW
8913,8784,FLOW
8913,8784,UNWIND
10457,8915,HAS_BLOCK
8915,8917,FLOW
8915,8784,FLOW
8915,8784,UNWIND
10457,8917,HAS_BLOCK
8917,8919,FLOW
8917,8784,FLOW
8917,8784,UNWIND
10457,8919,HAS_BLOCK
8919,8920,FLOW
8919,8386,FLOW
8919,8386,UNWIND
10457,8920,HAS_BLOCK
8920,8922,FLOW
8920,8386,FLOW
8920,8386,UNWIND
10457,8922,HAS_BLOCK
8922,8924,FLOW
8922,8782,FLOW
8922,8782,UNWIND
10457,8924,HAS_BLOCK
8924,8926,FLOW
8924,8782,FLOW
8924,8782,UNWIND
10457,8926,HAS_BLOCK
8926,8928,FLOW
8926,8782,FLOW
8926,8782,UNWIND
10457,8928,HAS_BLOCK
8928,8929,FLOW
8928,8386,FLOW
8928,8386,UNWIND
10457,8929,HAS_BLOCK
8929,8933,FLOW
8929,8386,FLOW
8929,8386,UNWIND
10457,8933,HAS_BLOCK
8933,8935,FLOW
8933,8778,FLOW
8933,8778,UNWIND
10457,8935,HAS_BLOCK
8935,8937,FLOW
8935,8778,FLOW
8935,8778,UNWIND
10457,8937,HAS_BLOCK
8937,8939,FLOW
8937,8778,FLOW
8937,8778,UNWIND
10457,8939,HAS_BLOCK
8939,8940,FLOW
8939,8386,FLOW
8939,8386,UNWIND
10457,8940,HAS_BLOCK
8940,8942,FLOW
8940,8386,FLOW
8940,8386,UNWIND
10457,8942,HAS_BLOCK
8942,8944,FLOW
8942,8776,FLOW
8942,8776,UNWIND
10457,8944,HAS_BLOCK
8944,8946,FLOW
8944,8776,FLOW
8944,8776,UNWIND
10457,8946,HAS_BLOCK
8946,8948,FLOW
8946,8776,FLOW
8946,8776,UNWIND
10457,8948,HAS_BLOCK
8948,8949,FLOW
8948,8386,FLOW
8948,8386,UNWIND
10457,8949,HAS_BLOCK
8949,8953,FLOW
8949,8386,FLOW
8949,8386,UNWIND
10457,8953,HAS_BLOCK
8953,8955,FLOW
8953,8774,FLOW
8953,8774,UNWIND
10457,8955,HAS_BLOCK
8955,8957,FLOW
8955,8774,FLOW
8955,8774,UNWIND
10457,8957,HAS_BLOCK
8957,8959,FLOW
8957,8774,FLOW
8957,8774,UNWIND
10457,8959,HAS_BLOCK
8959,8960,FLOW
8959,8386,FLOW
8959,8386,UNWIND
10457,8960,HAS_BLOCK
8960,8962,FLOW
8960,8386,FLOW
8960,8386,UNWIND
10457,8962,HAS_BLOCK
8962,8964,FLOW
8962,8772,FLOW
8962,8772,UNWIND
10457,8964,HAS_BLOCK
8964,8966,FLOW
8964,8772,FLOW
8964,8772,UNWIND
10457,8966,HAS_BLOCK
8966,8968,FLOW
8966,8772,FLOW
8966,8772,UNWIND
10457,8968,HAS_BLOCK
8968,8969,FLOW
8968,8386,FLOW
8968,8386,UNWIND
10457,8969,HAS_BLOCK
8969,8973,FLOW
8969,8790,FLOW
8969,8790,UNWIND
10457,8973,HAS_BLOCK
8973,8974,FLOW
8973,8387,FLOW
8973,8387,UNWIND
10457,8974,HAS_BLOCK
8974,8976,FLOW
8974,8387,FLOW
8974,8387,UNWIND
10457,8976,HAS_BLOCK
8976,8978,FLOW
8976,8385,FLOW
8976,8385,UNWIND
8976,6768,CALL
10457,8978,HAS_BLOCK
8978,8980,FLOW
8978,8770,FLOW
8978,8770,UNWIND
10457,8980,HAS_BLOCK
8980,8982,FLOW
8980,8770,FLOW
8980,8770,UNWIND
10457,8982,HAS_BLOCK
8982,8984,FLOW
8982,8770,FLOW
8982,8770,UNWIND
10457,8984,HAS_BLOCK
8984,8985,FLOW
8984,8384,FLOW
8984,8384,UNWIND
10457,8985,HAS_BLOCK
8985,8986,FLOW
8985,8387,FLOW
8985,8387,UNWIND
10457,8986,HAS_BLOCK
8986,8988,FLOW
8986,8383,FLOW
8986,8383,UNWIND
8986,5848,CALL
10457,8988,HAS_BLOCK
8988,8992,FLOW
8988,8383,FLOW
8988,8383,UNWIND
10457,8992,HAS_BLOCK
8992,8993,FLOW
8992,8994,FLOW
8992,9069,FLOW
10457,8993,HAS_BLOCK
8993,8997,FLOW
8993,8388,FLOW
8993,8388,UNWIND
10457,8994,HAS_BLOCK
8994,8996,FLOW
8994,8383,FLOW
8994,8383,UNWIND
10457,8996,HAS_BLOCK
8996,8262,FLOW
8996,8388,FLOW
8996,8388,UNWIND
10457,8997,HAS_BLOCK
8997,8998,FLOW
8997,8834,FLOW
8997,8834,UNWIND
10457,8998,HAS_BLOCK
8998,9000,FLOW
8998,8834,FLOW
8998,8834,UNWIND
10457,9000,HAS_BLOCK
9000,9002,FLOW
9000,8382,FLOW
9000,8382,UNWIND
10457,9002,HAS_BLOCK
9002,9004,FLOW
9002,8381,FLOW
9002,8381,UNWIND
10457,9004,HAS_BLOCK
9004,9006,FLOW
9004,8380,FLOW
9004,8380,UNWIND
10457,9006,HAS_BLOCK
9006,9010,FLOW
9006,8380,FLOW
9006,8380,UNWIND
9006,6706,CALL
10457,9010,HAS_BLOCK
9010,9012,FLOW
9010,8380,FLOW
9010,8380,UNWIND
10457,9012,HAS_BLOCK
9012,9013,FLOW
9012,9015,FLOW
9012,9069,FLOW
10457,9013,HAS_BLOCK
9013,9017,FLOW
9013,8379,FLOW
9013,8379,UNWIND
10457,9015,HAS_BLOCK
9015,8856,FLOW
9015,8380,FLOW
9015,8380,UNWIND
10457,9017,HAS_BLOCK
9017,9019,FLOW
9017,8379,FLOW
9017,8379,UNWIND
10457,9019,HAS_BLOCK
9019,9021,FLOW
9019,8379,FLOW
9019,8379,UNWIND
10457,9021,HAS_BLOCK
9021,9023,FLOW
9021,8379,FLOW
9021,8379,UNWIND
10457,9023,HAS_BLOCK
9023,9025,FLOW
9023,9024,FLOW
9023,9069,FLOW
10457,9024,HAS_BLOCK
9024,9028,FLOW
10457,9025,HAS_BLOCK
9025,9028,FLOW
10457,9028,HAS_BLOCK
9028,9595,FLOW
9028,9029,FLOW
10457,9029,HAS_BLOCK
9029,9031,FLOW
9029,8379,FLOW
9029,8379,UNWIND
10457,9031,HAS_BLOCK
9031,9033,FLOW
9031,8376,FLOW
9031,8376,UNWIND
10457,9033,HAS_BLOCK
9033,9035,FLOW
9033,8376,FLOW
9033,8376,UNWIND
10457,9035,HAS_BLOCK
9035,9037,FLOW
9035,8376,FLOW
9035,8376,UNWIND
10457,9037,HAS_BLOCK
9037,9039,FLOW
9037,8376,FLOW
9037,8376,UNWIND
10457,9039,HAS_BLOCK
9039,9041,FLOW
9039,8376,FLOW
9039,8376,UNWIND
10457,9041,HAS_BLOCK
9041,9043,FLOW
9041,8376,FLOW
9041,8376,UNWIND
10457,9043,HAS_BLOCK
9043,9045,FLOW
9043,8376,FLOW
9043,8376,UNWIND
10457,9045,HAS_BLOCK
9045,9049,FLOW
9045,8376,FLOW
9045,8376,UNWIND
10457,9049,HAS_BLOCK
9049,9051,FLOW
9049,8376,FLOW
9049,8376,UNWIND
10457,9051,HAS_BLOCK
9051,9053,FLOW
9051,8376,FLOW
9051,8376,UNWIND
10457,9053,HAS_BLOCK
9053,9055,FLOW
9053,8376,FLOW
9053,8376,UNWIND
9053,6988,CALL
10457,9055,HAS_BLOCK
9055,9057,FLOW
9055,8376,FLOW
9055,8376,UNWIND
10457,9057,HAS_BLOCK
9057,9059,FLOW
9057,8375,FLOW
9057,8375,UNWIND
10457,9059,HAS_BLOCK
9059,9061,FLOW
9059,8375,FLOW
9059,8375,UNWIND
10457,9061,HAS_BLOCK
9061,9063,FLOW
9061,8375,FLOW
9061,8375,UNWIND
10457,9063,HAS_BLOCK
9063,9065,FLOW
9063,8375,FLOW
9063,8375,UNWIND
10457,9065,HAS_BLOCK
9065,9067,FLOW
9065,8375,FLOW
9065,8375,UNWIND
10457,9067,HAS_BLOCK
9067,9070,FLOW
9067,8374,FLOW
9067,8374,UNWIND
10457,9070,HAS_BLOCK
9070,9072,FLOW
9070,8374,FLOW
9070,8374,UNWIND
10457,9072,HAS_BLOCK
9072,9074,FLOW
9072,8374,FLOW
9072,8374,UNWIND
10457,9074,HAS_BLOCK
9074,9075,FLOW
9074,8374,FLOW
9074,8374,UNWIND
10457,9075,HAS_BLOCK
9075,9077,FLOW
9075,8374,FLOW
9075,8374,UNWIND
10457,9077,HAS_BLOCK
9077,9078,FLOW
9077,9176,FLOW
10457,9078,HAS_BLOCK
9078,9080,FLOW
9078,8374,FLOW
9078,8374,UNWIND
10457,9080,HAS_BLOCK
9080,9082,FLOW
9080,8374,FLOW
9080,8374,UNWIND
10457,9082,HAS_BLOCK
9082,9084,FLOW
9082,8373,FLOW
9082,8373,UNWIND
10457,9084,HAS_BLOCK
9084,9086,FLOW
9084,8373,FLOW
9084,8373,UNWIND
10457,9086,HAS_BLOCK
9086,9091,FLOW
9086,8372,FLOW
9086,8372,UNWIND
10457,9091,HAS_BLOCK
9091,9093,FLOW
9091,8765,FLOW
9091,8765,UNWIND
10457,9093,HAS_BLOCK
9093,9095,FLOW
9093,8765,FLOW
9093,8765,UNWIND
10457,9095,HAS_BLOCK
9095,9097,FLOW
9095,8765,FLOW
9095,8765,UNWIND
10457,9097,HAS_BLOCK
9097,9098,FLOW
9097,8372,FLOW
9097,8372,UNWIND
10457,9098,HAS_BLOCK
9098,9100,FLOW
9098,8372,FLOW
9098,8372,UNWIND
10457,9100,HAS_BLOCK
9100,9102,FLOW
9100,8763,FLOW
9100,8763,UNWIND
10457,9102,HAS_BLOCK
9102,9104,FLOW
9102,8763,FLOW
9102,8763,UNWIND
10457,9104,HAS_BLOCK
9104,9106,FLOW
9104,8763,FLOW
9104,8763,UNWIND
10457,9106,HAS_BLOCK
9106,9107,FLOW
9106,8372,FLOW
9106,8372,UNWIND
10457,9107,HAS_BLOCK
9107,9111,FLOW
9107,8372,FLOW
9107,8372,UNWIND
10457,9111,HAS_BLOCK
9111,9113,FLOW
9111,8761,FLOW
9111,8761,UNWIND
10457,9113,HAS_BLOCK
9113,9115,FLOW
9113,8761,FLOW
9113,8761,UNWIND
10457,9115,HAS_BLOCK
9115,9117,FLOW
9115,8761,FLOW
9115,8761,UNWIND
10457,9117,HAS_BLOCK
9117,9118,FLOW
9117,8372,FLOW
9117,8372,UNWIND
10457,9118,HAS_BLOCK
9118,9120,FLOW
9118,8372,FLOW
9118,8372,UNWIND
10457,9120,HAS_BLOCK
9120,9122,FLOW
9120,8759,FLOW
9120,8759,UNWIND
10457,9122,HAS_BLOCK
9122,9124,FLOW
9122,8759,FLOW
9122,8759,UNWIND
10457,9124,HAS_BLOCK
9124,9126,FLOW
9124,8759,FLOW
9124,8759,UNWIND
10457,9126,HAS_BLOCK
9126,9128,FLOW
9126,8759,FLOW
9126,8759,UNWIND
10457,9128,HAS_BLOCK
9128,9131,FLOW
9128,8372,FLOW
9128,8372,UNWIND
10457,9131,HAS_BLOCK
9131,9133,FLOW
9131,8372,FLOW
9131,8372,UNWIND
10457,9133,HAS_BLOCK
9133,9135,FLOW
9133,8371,FLOW
9133,8371,UNWIND
10457,9135,HAS_BLOCK
9135,9137,FLOW
9135,8371,FLOW
9135,8371,UNWIND
10457,9137,HAS_BLOCK
9137,9139,FLOW
9137,8371,FLOW
9137,8371,UNWIND
10457,9139,HAS_BLOCK
9139,9141,FLOW
9139,8371,FLOW
9139,8371,UNWIND
10457,9141,HAS_BLOCK
9141,9143,FLOW
9141,8757,FLOW
9141,8757,UNWIND
10457,9143,HAS_BLOCK
9143,9145,FLOW
9143,8757,FLOW
9143,8757,UNWIND
10457,9145,HAS_BLOCK
9145,9147,FLOW
9145,8757,FLOW
9145,8757,UNWIND
10457,9147,HAS_BLOCK
9147,9148,FLOW
9147,8370,FLOW
9147,8370,UNWIND
10457,9148,HAS_BLOCK
9148,9151,FLOW
9148,8372,FLOW
9148,8372,UNWIND
10457,9151,HAS_BLOCK
9151,9153,FLOW
9151,8372,FLOW
9151,8372,UNWIND
10457,9153,HAS_BLOCK
9153,9155,FLOW
9153,8369,FLOW
9153,8369,UNWIND
9153,6768,CALL
10457,9155,HAS_BLOCK
9155,9157,FLOW
9155,8754,FLOW
9155,8754,UNWIND
10457,9157,HAS_BLOCK
9157,9159,FLOW
9157,8754,FLOW
9157,8754,UNWIND
10457,9159,HAS_BLOCK
9159,9161,FLOW
9159,8754,FLOW
9159,8754,UNWIND
10457,9161,HAS_BLOCK
9161,9162,FLOW
9161,8368,FLOW
9161,8368,UNWIND
10457,9162,HAS_BLOCK
9162,9163,FLOW
9162,8372,FLOW
9162,8372,UNWIND
10457,9163,HAS_BLOCK
9163,9165,FLOW
9163,8367,FLOW
9163,8367,UNWIND
9163,5848,CALL
10457,9165,HAS_BLOCK
9165,9167,FLOW
9165,8367,FLOW
9165,8367,UNWIND
10457,9167,HAS_BLOCK
9167,9170,FLOW
9167,9171,FLOW
9167,9069,FLOW
10457,9170,HAS_BLOCK
9170,9174,FLOW
9170,8373,FLOW
9170,8373,UNWIND
10457,9171,HAS_BLOCK
9171,9173,FLOW
9171,8367,FLOW
9171,8367,UNWIND
10457,9173,HAS_BLOCK
9173,8253,FLOW
9173,8373,FLOW
9173,8373,UNWIND
10457,9174,HAS_BLOCK
9174,9175,FLOW
9174,8374,FLOW
9174,8374,UNWIND
10457,9175,HAS_BLOCK
9175,9176,FLOW
10457,9176,HAS_BLOCK
9176,9178,FLOW
9176,8374,FLOW
9176,8374,UNWIND
10457,9178,HAS_BLOCK
9178,9180,FLOW
9178,8374,FLOW
9178,8374,UNWIND
10457,9180,HAS_BLOCK
9180,9182,FLOW
9180,8374,FLOW
9180,8374,UNWIND
9180,7190,CALL
10457,9182,HAS_BLOCK
9182,9184,FLOW
9182,8374,FLOW
9182,8374,UNWIND
10457,9184,HAS_BLOCK
9184,9186,FLOW
9184,9187,FLOW
9184,9069,FLOW
10457,9186,HAS_BLOCK
9186,9189,FLOW
9186,9193,FLOW
10457,9187,HAS_BLOCK
9187,8857,FLOW
9187,8374,FLOW
9187,8374,UNWIND
10457,9189,HAS_BLOCK
9189,9191,FLOW
9189,8364,FLOW
9189,8364,UNWIND
10457,9191,HAS_BLOCK
9191,8858,FLOW
9191,8364,FLOW
9191,8364,UNWIND
9191,6988,CALL
10457,9193,HAS_BLOCK
9193,9195,FLOW
9193,8364,FLOW
9193,8364,UNWIND
10457,9195,HAS_BLOCK
9195,9204,FLOW
9195,8364,FLOW
9195,8364,UNWIND
10457,9197,HAS_BLOCK
9197,9205,FLOW
9197,8364,FLOW
9197,8364,UNWIND
10457,9198,HAS_BLOCK
9198,9201,FLOW
9198,8364,FLOW
9198,8364,UNWIND
10457,9200,HAS_BLOCK
9200,9206,FLOW
9200,8364,FLOW
9200,8364,UNWIND
10457,9201,HAS_BLOCK
9201,9207,FLOW
9201,9200,FLOW
10457,9204,HAS_BLOCK
9204,9198,FLOW
9204,9197,FLOW
10457,9205,HAS_BLOCK
9205,9207,FLOW
10457,9206,HAS_BLOCK
9206,9207,FLOW
10457,9207,HAS_BLOCK
9207,9209,FLOW
9207,9208,FLOW
10457,9208,HAS_BLOCK
9208,9210,FLOW
10457,9209,HAS_BLOCK
9209,9210,FLOW
10457,9210,HAS_BLOCK
9210,9211,FLOW
9210,8364,FLOW
9210,8364,UNWIND
10457,9211,HAS_BLOCK
9211,9213,FLOW
9211,8364,FLOW
9211,8364,UNWIND
10457,9213,HAS_BLOCK
9213,9215,FLOW
9213,8364,FLOW
9213,8364,UNWIND
10457,9215,HAS_BLOCK
9215,9219,FLOW
9215,8364,FLOW
9215,8364,UNWIND
10457,9219,HAS_BLOCK
9219,9221,FLOW
9219,8364,FLOW
9219,8364,UNWIND
10457,9221,HAS_BLOCK
9221,9223,FLOW
9221,8364,FLOW
9221,8364,UNWIND
10457,9223,HAS_BLOCK
9223,9225,FLOW
9223,8364,FLOW
9223,8364,UNWIND
10457,9225,HAS_BLOCK
9225,9227,FLOW
9225,8364,FLOW
9225,8364,UNWIND
10457,9227,HAS_BLOCK
9227,9229,FLOW
9227,8364,FLOW
9227,8364,UNWIND
10457,9229,HAS_BLOCK
9229,9231,FLOW
9229,8364,FLOW
9229,8364,UNWIND
10457,9231,HAS_BLOCK
9231,9233,FLOW
9231,8364,FLOW
9231,8364,UNWIND
10457,9233,HAS_BLOCK
9233,9235,FLOW
9233,8364,FLOW
9233,8364,UNWIND
10457,9235,HAS_BLOCK
9235,9237,FLOW
9235,8364,FLOW
9235,8364,UNWIND
10457,9237,HAS_BLOCK
9237,9241,FLOW
9237,8364,FLOW
9237,8364,UNWIND
10457,9241,HAS_BLOCK
9241,9243,FLOW
9241,8364,FLOW
9241,8364,UNWIND
10457,9243,HAS_BLOCK
9243,9245,FLOW
9243,8364,FLOW
9243,8364,UNWIND
10457,9245,HAS_BLOCK
9245,9247,FLOW
9245,8364,FLOW
9245,8364,UNWIND
10457,9247,HAS_BLOCK
9247,9249,FLOW
9247,8363,FLOW
9247,8363,UNWIND
10457,9249,HAS_BLOCK
9249,9251,FLOW
9249,8363,FLOW
9249,8363,UNWIND
10457,9251,HAS_BLOCK
9251,9253,FLOW
9251,8362,FLOW
9251,8362,UNWIND
10457,9253,HAS_BLOCK
9253,9255,FLOW
9253,8752,FLOW
9253,8752,UNWIND
10457,9255,HAS_BLOCK
9255,9257,FLOW
9255,8752,FLOW
9255,8752,UNWIND
10457,9257,HAS_BLOCK
9257,9259,FLOW
9257,8752,FLOW
9257,8752,UNWIND
10457,9259,HAS_BLOCK
9259,9262,FLOW
9259,8362,FLOW
9259,8362,UNWIND
10457,9262,HAS_BLOCK
9262,9264,FLOW
9262,8362,FLOW
9262,8362,UNWIND
10457,9264,HAS_BLOCK
9264,9266,FLOW
9264,8750,FLOW
9264,8750,UNWIND
10457,9266,HAS_BLOCK
9266,9268,FLOW
9266,8750,FLOW
9266,8750,UNWIND
10457,9268,HAS_BLOCK
9268,9270,FLOW
9268,8750,FLOW
9268,8750,UNWIND
10457,9270,HAS_BLOCK
9270,9271,FLOW
9270,8362,FLOW
9270,8362,UNWIND
10457,9271,HAS_BLOCK
9271,9273,FLOW
9271,8362,FLOW
9271,8362,UNWIND
10457,9273,HAS_BLOCK
9273,9275,FLOW
9273,8748,FLOW
9273,8748,UNWIND
10457,9275,HAS_BLOCK
9275,9277,FLOW
9275,8748,FLOW
9275,8748,UNWIND
10457,9277,HAS_BLOCK
9277,9279,FLOW
9277,8748,FLOW
9277,8748,UNWIND
10457,9279,HAS_BLOCK
9279,9284,FLOW
9279,8362,FLOW
9279,8362,UNWIND
10457,9284,HAS_BLOCK
9284,9286,FLOW
9284,8362,FLOW
9284,8362,UNWIND
10457,9286,HAS_BLOCK
9286,9288,FLOW
9286,8746,FLOW
9286,8746,UNWIND
10457,9288,HAS_BLOCK
9288,9290,FLOW
9288,8361,FLOW
9288,8361,UNWIND
10457,9290,HAS_BLOCK
9290,9292,FLOW
9290,8742,FLOW
9290,8742,UNWIND
10457,9292,HAS_BLOCK
9292,9294,FLOW
9292,8742,FLOW
9292,8742,UNWIND
10457,9294,HAS_BLOCK
9294,9296,FLOW
9294,8742,FLOW
9294,8742,UNWIND
10457,9296,HAS_BLOCK
9296,9297,FLOW
9296,8361,FLOW
9296,8361,UNWIND
10457,9297,HAS_BLOCK
9297,9299,FLOW
9297,8361,FLOW
9297,8361,UNWIND
10457,9299,HAS_BLOCK
9299,9301,FLOW
9299,8740,FLOW
9299,8740,UNWIND
10457,9301,HAS_BLOCK
9301,9305,FLOW
9301,8740,FLOW
9301,8740,UNWIND
10457,9305,HAS_BLOCK
9305,9307,FLOW
9305,8740,FLOW
9305,8740,UNWIND
10457,9307,HAS_BLOCK
9307,9308,FLOW
9307,8361,FLOW
9307,8361,UNWIND
10457,9308,HAS_BLOCK
9308,9310,FLOW
9308,8361,FLOW
9308,8361,UNWIND
10457,9310,HAS_BLOCK
9310,9312,FLOW
9310,8738,FLOW
9310,8738,UNWIND
10457,9312,HAS_BLOCK
9312,9314,FLOW
9312,8738,FLOW
9312,8738,UNWIND
10457,9314,HAS_BLOCK
9314,9316,FLOW
9314,8738,FLOW
9314,8738,UNWIND
10457,9316,HAS_BLOCK
9316,9317,FLOW
9316,8361,FLOW
9316,8361,UNWIND
10457,9317,HAS_BLOCK
9317,9319,FLOW
9317,8361,FLOW
9317,8361,UNWIND
10457,9319,HAS_BLOCK
9319,9321,FLOW
9319,8736,FLOW
9319,8736,UNWIND
10457,9321,HAS_BLOCK
9321,9325,FLOW
9321,8736,FLOW
9321,8736,UNWIND
10457,9325,HAS_BLOCK
9325,9327,FLOW
9325,8736,FLOW
9325,8736,UNWIND
10457,9327,HAS_BLOCK
9327,9328,FLOW
9327,8361,FLOW
9327,8361,UNWIND
10457,9328,HAS_BLOCK
9328,9330,FLOW
9328,8361,FLOW
9328,8361,UNWIND
10457,9330,HAS_BLOCK
9330,9332,FLOW
9330,8734,FLOW
9330,8734,UNWIND
10457,9332,HAS_BLOCK
9332,9334,FLOW
9332,8734,FLOW
9332,8734,UNWIND
10457,9334,HAS_BLOCK
9334,9336,FLOW
9334,8734,FLOW
9334,8734,UNWIND
10457,9336,HAS_BLOCK
9336,9337,FLOW
9336,8361,FLOW
9336,8361,UNWIND
10457,9337,HAS_BLOCK
9337,9339,FLOW
9337,8361,FLOW
9337,8361,UNWIND
10457,9339,HAS_BLOCK
9339,9341,FLOW
9339,8730,FLOW
9339,8730,UNWIND
10457,9341,HAS_BLOCK
9341,9345,FLOW
9341,8730,FLOW
9341,8730,UNWIND
10457,9345,HAS_BLOCK
9345,9347,FLOW
9345,8730,FLOW
9345,8730,UNWIND
10457,9347,HAS_BLOCK
9347,9348,FLOW
9347,8361,FLOW
9347,8361,UNWIND
10457,9348,HAS_BLOCK
9348,9350,FLOW
9348,8361,FLOW
9348,8361,UNWIND
10457,9350,HAS_BLOCK
9350,9352,FLOW
9350,8728,FLOW
9350,8728,UNWIND
10457,9352,HAS_BLOCK
9352,9354,FLOW
9352,8728,FLOW
9352,8728,UNWIND
10457,9354,HAS_BLOCK
9354,9356,FLOW
9354,8728,FLOW
9354,8728,UNWIND
10457,9356,HAS_BLOCK
9356,9357,FLOW
9356,8361,FLOW
9356,8361,UNWIND
10457,9357,HAS_BLOCK
9357,9359,FLOW
9357,8361,FLOW
9357,8361,UNWIND
10457,9359,HAS_BLOCK
9359,9361,FLOW
9359,8726,FLOW
9359,8726,UNWIND
10457,9361,HAS_BLOCK
9361,9364,FLOW
9361,8726,FLOW
9361,8726,UNWIND
10457,9364,HAS_BLOCK
9364,9366,FLOW
9364,8726,FLOW
9364,8726,UNWIND
10457,9366,HAS_BLOCK
9366,9367,FLOW
9366,8361,FLOW
9366,8361,UNWIND
10457,9367,HAS_BLOCK
9367,9369,FLOW
9367,8361,FLOW
9367,8361,UNWIND
10457,9369,HAS_BLOCK
9369,9371,FLOW
9369,8724,FLOW
9369,8724,UNWIND
10457,9371,HAS_BLOCK
9371,9373,FLOW
9371,8724,FLOW
9371,8724,UNWIND
10457,9373,HAS_BLOCK
9373,9375,FLOW
9373,8724,FLOW
9373,8724,UNWIND
10457,9375,HAS_BLOCK
9375,9376,FLOW
9375,8361,FLOW
9375,8361,UNWIND
10457,9376,HAS_BLOCK
9376,9378,FLOW
9376,8361,FLOW
9376,8361,UNWIND
10457,9378,HAS_BLOCK
9378,9380,FLOW
9378,8722,FLOW
9378,8722,UNWIND
10457,9380,HAS_BLOCK
9380,9384,FLOW
9380,8722,FLOW
9380,8722,UNWIND
10457,9384,HAS_BLOCK
9384,9386,FLOW
9384,8722,FLOW
9384,8722,UNWIND
10457,9386,HAS_BLOCK
9386,9387,FLOW
9386,8361,FLOW
9386,8361,UNWIND
10457,9387,HAS_BLOCK
9387,9389,FLOW
9387,8361,FLOW
9387,8361,UNWIND
10457,9389,HAS_BLOCK
9389,9391,FLOW
9389,8719,FLOW
9389,8719,UNWIND
10457,9391,HAS_BLOCK
9391,9393,FLOW
9391,8360,FLOW
9391,8360,UNWIND
10457,9393,HAS_BLOCK
9393,9395,FLOW
9393,8717,FLOW
9393,8717,UNWIND
10457,9395,HAS_BLOCK
9395,9397,FLOW
9395,8717,FLOW
9395,8717,UNWIND
10457,9397,HAS_BLOCK
9397,9399,FLOW
9397,8717,FLOW
9397,8717,UNWIND
10457,9399,HAS_BLOCK
9399,9400,FLOW
9399,8360,FLOW
9399,8360,UNWIND
10457,9400,HAS_BLOCK
9400,9404,FLOW
9400,8360,FLOW
9400,8360,UNWIND
10457,9404,HAS_BLOCK
9404,9406,FLOW
9404,8715,FLOW
9404,8715,UNWIND
10457,9406,HAS_BLOCK
9406,9408,FLOW
9406,8715,FLOW
9406,8715,UNWIND
10457,9408,HAS_BLOCK
9408,9410,FLOW
9408,8715,FLOW
9408,8715,UNWIND
10457,9410,HAS_BLOCK
9410,9411,FLOW
9410,8360,FLOW
9410,8360,UNWIND
10457,9411,HAS_BLOCK
9411,9413,FLOW
9411,8360,FLOW
9411,8360,UNWIND
10457,9413,HAS_BLOCK
9413,9415,FLOW
9413,8713,FLOW
9413,8713,UNWIND
10457,9415,HAS_BLOCK
9415,9417,FLOW
9415,8713,FLOW
9415,8713,UNWIND
10457,9417,HAS_BLOCK
9417,9419,FLOW
9417,8713,FLOW
9417,8713,UNWIND
10457,9419,HAS_BLOCK
9419,9420,FLOW
9419,8360,FLOW
9419,8360,UNWIND
10457,9420,HAS_BLOCK
9420,9424,FLOW
9420,8719,FLOW
9420,8719,UNWIND
10457,9424,HAS_BLOCK
9424,9425,FLOW
9424,8361,FLOW
9424,8361,UNWIND
10457,9425,HAS_BLOCK
9425,9427,FLOW
9425,8746,FLOW
9425,8746,UNWIND
10457,9427,HAS_BLOCK
9427,9428,FLOW
9427,8362,FLOW
9427,8362,UNWIND
10457,9428,HAS_BLOCK
9428,9430,FLOW
9428,8362,FLOW
9428,8362,UNWIND
10457,9430,HAS_BLOCK
9430,9432,FLOW
9430,8711,FLOW
9430,8711,UNWIND
10457,9432,HAS_BLOCK
9432,9434,FLOW
9432,8359,FLOW
9432,8359,UNWIND
10457,9434,HAS_BLOCK
9434,9436,FLOW
9434,8708,FLOW
9434,8708,UNWIND
10457,9436,HAS_BLOCK
9436,9438,FLOW
9436,8708,FLOW
9436,8708,UNWIND
10457,9438,HAS_BLOCK
9438,9440,FLOW
9438,8708,FLOW
9438,8708,UNWIND
10457,9440,HAS_BLOCK
9440,9443,FLOW
9440,8359,FLOW
9440,8359,UNWIND
10457,9443,HAS_BLOCK
9443,9445,FLOW
9443,8359,FLOW
9443,8359,UNWIND
10457,9445,HAS_BLOCK
9445,9447,FLOW
9445,8359,FLOW
9445,8359,UNWIND
10457,9447,HAS_BLOCK
9447,9448,FLOW
9447,8359,FLOW
9447,8359,UNWIND
10457,9448,HAS_BLOCK
9448,9450,FLOW
9448,8359,FLOW
9448,8359,UNWIND
10457,9450,HAS_BLOCK
9450,9452,FLOW
9450,8706,FLOW
9450,8706,UNWIND
10457,9452,HAS_BLOCK
9452,9454,FLOW
9452,8706,FLOW
9452,8706,UNWIND
10457,9454,HAS_BLOCK
9454,9456,FLOW
9454,8706,FLOW
9454,8706,UNWIND
10457,9456,HAS_BLOCK
9456,9457,FLOW
9456,8359,FLOW
9456,8359,UNWIND
10457,9457,HAS_BLOCK
9457,9459,FLOW
9457,8359,FLOW
9457,8359,UNWIND
10457,9459,HAS_BLOCK
9459,9463,FLOW
9459,8704,FLOW
9459,8704,UNWIND
10457,9463,HAS_BLOCK
9463,9465,FLOW
9463,8704,FLOW
9463,8704,UNWIND
10457,9465,HAS_BLOCK
9465,9467,FLOW
9465,8704,FLOW
9465,8704,UNWIND
10457,9467,HAS_BLOCK
9467,9468,FLOW
9467,8359,FLOW
9467,8359,UNWIND
10457,9468,HAS_BLOCK
9468,9470,FLOW
9468,8359,FLOW
9468,8359,UNWIND
10457,9470,HAS_BLOCK
9470,9472,FLOW
9470,8702,FLOW
9470,8702,UNWIND
10457,9472,HAS_BLOCK
9472,9474,FLOW
9472,8702,FLOW
9472,8702,UNWIND
10457,9474,HAS_BLOCK
9474,9476,FLOW
9474,8702,FLOW
9474,8702,UNWIND
10457,9476,HAS_BLOCK
9476,9477,FLOW
9476,8359,FLOW
9476,8359,UNWIND
10457,9477,HAS_BLOCK
9477,9479,FLOW
9477,8711,FLOW
9477,8711,UNWIND
10457,9479,HAS_BLOCK
9479,9484,FLOW
9479,8362,FLOW
9479,8362,UNWIND
10457,9484,HAS_BLOCK
9484,9486,FLOW
9484,8362,FLOW
9484,8362,UNWIND
10457,9486,HAS_BLOCK
9486,9488,FLOW
9486,8700,FLOW
9486,8700,UNWIND
10457,9488,HAS_BLOCK
9488,9490,FLOW
9488,8358,FLOW
9488,8358,UNWIND
10457,9490,HAS_BLOCK
9490,9492,FLOW
9490,8696,FLOW
9490,8696,UNWIND
10457,9492,HAS_BLOCK
9492,9494,FLOW
9492,8696,FLOW
9492,8696,UNWIND
10457,9494,HAS_BLOCK
9494,9496,FLOW
9494,8696,FLOW
9494,8696,UNWIND
10457,9496,HAS_BLOCK
9496,9497,FLOW
9496,8358,FLOW
9496,8358,UNWIND
10457,9497,HAS_BLOCK
9497,9499,FLOW
9497,8358,FLOW
9497,8358,UNWIND
10457,9499,HAS_BLOCK
9499,9501,FLOW
9499,8694,FLOW
9499,8694,UNWIND
10457,9501,HAS_BLOCK
9501,9504,FLOW
9501,8694,FLOW
9501,8694,UNWIND
10457,9504,HAS_BLOCK
9504,9506,FLOW
9504,8694,FLOW
9504,8694,UNWIND
10457,9506,HAS_BLOCK
9506,9507,FLOW
9506,8358,FLOW
9506,8358,UNWIND
10457,9507,HAS_BLOCK
9507,9509,FLOW
9507,8700,FLOW
9507,8700,UNWIND
10457,9509,HAS_BLOCK
9509,9510,FLOW
9509,8362,FLOW
9509,8362,UNWIND
10457,9510,HAS_BLOCK
9510,9512,FLOW
9510,8362,FLOW
9510,8362,UNWIND
10457,9512,HAS_BLOCK
9512,9514,FLOW
9512,8692,FLOW
9512,8692,UNWIND
10457,9514,HAS_BLOCK
9514,9516,FLOW
9514,8357,FLOW
9514,8357,UNWIND
10457,9516,HAS_BLOCK
9516,9518,FLOW
9516,8690,FLOW
9516,8690,UNWIND
10457,9518,HAS_BLOCK
9518,9520,FLOW
9518,8690,FLOW
9518,8690,UNWIND
10457,9520,HAS_BLOCK
9520,9523,FLOW
9520,8690,FLOW
9520,8690,UNWIND
10457,9523,HAS_BLOCK
9523,9524,FLOW
9523,8357,FLOW
9523,8357,UNWIND
10457,9524,HAS_BLOCK
9524,9526,FLOW
9524,8357,FLOW
9524,8357,UNWIND
10457,9526,HAS_BLOCK
9526,9528,FLOW
9526,8688,FLOW
9526,8688,UNWIND
10457,9528,HAS_BLOCK
9528,9530,FLOW
9528,8688,FLOW
9528,8688,UNWIND
10457,9530,HAS_BLOCK
9530,9532,FLOW
9530,8688,FLOW
9530,8688,UNWIND
10457,9532,HAS_BLOCK
9532,9533,FLOW
9532,8357,FLOW
9532,8357,UNWIND
10457,9533,HAS_BLOCK
9533,9535,FLOW
9533,8692,FLOW
9533,8692,UNWIND
10457,9535,HAS_BLOCK
9535,9536,FLOW
9535,8362,FLOW
9535,8362,UNWIND
10457,9536,HAS_BLOCK
9536,9538,FLOW
9536,8362,FLOW
9536,8362,UNWIND
10457,9538,HAS_BLOCK
9538,9542,FLOW
9538,8684,FLOW
9538,8684,UNWIND
10457,9542,HAS_BLOCK
9542,9544,FLOW
9542,8356,FLOW
9542,8356,UNWIND
10457,9544,HAS_BLOCK
9544,9546,FLOW
9544,8682,FLOW
9544,8682,UNWIND
10457,9546,HAS_BLOCK
9546,9548,FLOW
9546,8682,FLOW
9546,8682,UNWIND
10457,9548,HAS_BLOCK
9548,9550,FLOW
9548,8682,FLOW
9548,8682,UNWIND
10457,9550,HAS_BLOCK
9550,9551,FLOW
9550,8356,FLOW
9550,8356,UNWIND
10457,9551,HAS_BLOCK
9551,9553,FLOW
9551,8356,FLOW
9551,8356,UNWIND
10457,9553,HAS_BLOCK
9553,9555,FLOW
9553,8680,FLOW
9553,8680,UNWIND
10457,9555,HAS_BLOCK
9555,9557,FLOW
9555,8680,FLOW
9555,8680,UNWIND
10457,9557,HAS_BLOCK
9557,9559,FLOW
9557,8680,FLOW
9557,8680,UNWIND
10457,9559,HAS_BLOCK
9559,9562,FLOW
9559,8356,FLOW
9559,8356,UNWIND
10457,9562,HAS_BLOCK
9562,9564,FLOW
9562,8684,FLOW
9562,8684,UNWIND
10457,9564,HAS_BLOCK
9564,9565,FLOW
9564,8362,FLOW
9564,8362,UNWIND
10457,9565,HAS_BLOCK
9565,9567,FLOW
9565,8362,FLOW
9565,8362,UNWIND
10457,9567,HAS_BLOCK
9567,9569,FLOW
9567,8355,FLOW
9567,8355,UNWIND
9567,6768,CALL
10457,9569,HAS_BLOCK
9569,9571,FLOW
9569,8678,FLOW
9569,8678,UNWIND
10457,9571,HAS_BLOCK
9571,9573,FLOW
9571,8678,FLOW
9571,8678,UNWIND
10457,9573,HAS_BLOCK
9573,9575,FLOW
9573,8678,FLOW
9573,8678,UNWIND
10457,9575,HAS_BLOCK
9575,9576,FLOW
9575,8352,FLOW
9575,8352,UNWIND
10457,9576,HAS_BLOCK
9576,9577,FLOW
9576,8362,FLOW
9576,8362,UNWIND
10457,9577,HAS_BLOCK
9577,9581,FLOW
9577,8351,FLOW
9577,8351,UNWIND
9577,5848,CALL
10457,9581,HAS_BLOCK
9581,9583,FLOW
9581,8351,FLOW
9581,8351,UNWIND
10457,9583,HAS_BLOCK
9583,9584,FLOW
9583,9585,FLOW
9583,9069,FLOW
10457,9584,HAS_BLOCK
9584,9588,FLOW
9584,8363,FLOW
9584,8363,UNWIND
10457,9585,HAS_BLOCK
9585,9587,FLOW
9585,8351,FLOW
9585,8351,UNWIND
10457,9587,HAS_BLOCK
9587,8251,FLOW
9587,8363,FLOW
9587,8363,UNWIND
10457,9588,HAS_BLOCK
9588,9589,FLOW
9588,8364,FLOW
9588,8364,UNWIND
10457,9589,HAS_BLOCK
9589,9590,FLOW
9589,8374,FLOW
9589,8374,UNWIND
10457,9590,HAS_BLOCK
9590,9591,FLOW
9590,8375,FLOW
9590,8375,UNWIND
10457,9591,HAS_BLOCK
9591,9592,FLOW
9591,8376,FLOW
9591,8376,UNWIND
10457,9592,HAS_BLOCK
9592,7909,FLOW
9592,8379,FLOW
9592,8379,UNWIND
10457,9595,HAS_BLOCK
9595,9597,FLOW
9595,8379,FLOW
9595,8379,UNWIND
10457,9597,HAS_BLOCK
9597,9598,FLOW
10457,9598,HAS_BLOCK
9598,9600,FLOW
9598,8350,FLOW
9598,8350,UNWIND
10457,9600,HAS_BLOCK
9600,9603,FLOW
9600,9601,FLOW
9600,9069,FLOW
10457,9601,HAS_BLOCK
9601,9604,FLOW
9601,8348,FLOW
9601,8348,UNWIND
10457,9603,HAS_BLOCK
9603,7909,FLOW
9603,8379,FLOW
9603,8379,UNWIND
10457,9604,HAS_BLOCK
9604,9606,FLOW
9604,8348,FLOW
9604,8348,UNWIND
10457,9606,HAS_BLOCK
9606,9608,FLOW
9606,8348,FLOW
9606,8348,UNWIND
9606,6551,CALL
10457,9608,HAS_BLOCK
9608,9930,FLOW
9608,9609,FLOW
10457,9609,HAS_BLOCK
9609,9611,FLOW
9609,8348,FLOW
9609,8348,UNWIND
10457,9611,HAS_BLOCK
9611,9613,FLOW
9611,8348,FLOW
9611,8348,UNWIND
10457,9613,HAS_BLOCK
9613,9615,FLOW
9613,8347,FLOW
9613,8347,UNWIND
10457,9615,HAS_BLOCK
9615,9617,FLOW
9615,8348,FLOW
9615,8348,UNWIND
10457,9617,HAS_BLOCK
9617,9618,FLOW
9617,8348,FLOW
9617,8348,UNWIND
10457,9618,HAS_BLOCK
9618,9620,FLOW
9618,8348,FLOW
9618,8348,UNWIND
10457,9620,HAS_BLOCK
9620,9622,FLOW
9620,8348,FLOW
9620,8348,UNWIND
10457,9622,HAS_BLOCK
9622,9624,FLOW
9622,8348,FLOW
9622,8348,UNWIND
10457,9624,HAS_BLOCK
9624,9626,FLOW
9624,8348,FLOW
9624,8348,UNWIND
10457,9626,HAS_BLOCK
9626,9628,FLOW
9626,8348,FLOW
9626,8348,UNWIND
10457,9628,HAS_BLOCK
9628,9632,FLOW
9628,8348,FLOW
9628,8348,UNWIND
10457,9632,HAS_BLOCK
9632,9634,FLOW
9632,8348,FLOW
9632,8348,UNWIND
10457,9634,HAS_BLOCK
9634,9636,FLOW
9634,8346,FLOW
9634,8346,UNWIND
10457,9636,HAS_BLOCK
9636,9638,FLOW
9636,8346,FLOW
9636,8346,UNWIND
10457,9638,HAS_BLOCK
9638,9640,FLOW
9638,8345,FLOW
9638,8345,UNWIND
10457,9640,HAS_BLOCK
9640,9642,FLOW
9640,8676,FLOW
9640,8676,UNWIND
10457,9642,HAS_BLOCK
9642,9644,FLOW
9642,8676,FLOW
9642,8676,UNWIND
10457,9644,HAS_BLOCK
9644,9646,FLOW
9644,8676,FLOW
9644,8676,UNWIND
10457,9646,HAS_BLOCK
9646,9647,FLOW
9646,8345,FLOW
9646,8345,UNWIND
10457,9647,HAS_BLOCK
9647,9649,FLOW
9647,8345,FLOW
9647,8345,UNWIND
10457,9649,HAS_BLOCK
9649,9653,FLOW
9649,8672,FLOW
9649,8672,UNWIND
10457,9653,HAS_BLOCK
9653,9655,FLOW
9653,8672,FLOW
9653,8672,UNWIND
10457,9655,HAS_BLOCK
9655,9657,FLOW
9655,8672,FLOW
9655,8672,UNWIND
10457,9657,HAS_BLOCK
9657,9658,FLOW
9657,8345,FLOW
9657,8345,UNWIND
10457,9658,HAS_BLOCK
9658,9660,FLOW
9658,8345,FLOW
9658,8345,UNWIND
10457,9660,HAS_BLOCK
9660,9662,FLOW
9660,8670,FLOW
9660,8670,UNWIND
10457,9662,HAS_BLOCK
9662,9664,FLOW
9662,8670,FLOW
9662,8670,UNWIND
10457,9664,HAS_BLOCK
9664,9666,FLOW
9664,8670,FLOW
9664,8670,UNWIND
10457,9666,HAS_BLOCK
9666,9667,FLOW
9666,8345,FLOW
9666,8345,UNWIND
10457,9667,HAS_BLOCK
9667,9669,FLOW
9667,8345,FLOW
9667,8345,UNWIND
10457,9669,HAS_BLOCK
9669,9675,FLOW
9669,8668,FLOW
9669,8668,UNWIND
10457,9675,HAS_BLOCK
9675,9677,FLOW
9675,8344,FLOW
9675,8344,UNWIND
10457,9677,HAS_BLOCK
9677,9679,FLOW
9677,8666,FLOW
9677,8666,UNWIND
10457,9679,HAS_BLOCK
9679,9681,FLOW
9679,8666,FLOW
9679,8666,UNWIND
10457,9681,HAS_BLOCK
9681,9683,FLOW
9681,8666,FLOW
9681,8666,UNWIND
10457,9683,HAS_BLOCK
9683,9684,FLOW
9683,8344,FLOW
9683,8344,UNWIND
10457,9684,HAS_BLOCK
9684,9686,FLOW
9684,8344,FLOW
9684,8344,UNWIND
10457,9686,HAS_BLOCK
9686,9688,FLOW
9686,8664,FLOW
9686,8664,UNWIND
10457,9688,HAS_BLOCK
9688,9690,FLOW
9688,8664,FLOW
9688,8664,UNWIND
10457,9690,HAS_BLOCK
9690,9692,FLOW
9690,8664,FLOW
9690,8664,UNWIND
10457,9692,HAS_BLOCK
9692,9694,FLOW
9692,8344,FLOW
9692,8344,UNWIND
10457,9694,HAS_BLOCK
9694,9696,FLOW
9694,8344,FLOW
9694,8344,UNWIND
10457,9696,HAS_BLOCK
9696,9698,FLOW
9696,8660,FLOW
9696,8660,UNWIND
10457,9698,HAS_BLOCK
9698,9700,FLOW
9698,8660,FLOW
9698,8660,UNWIND
10457,9700,HAS_BLOCK
9700,9702,FLOW
9700,8660,FLOW
9700,8660,UNWIND
10457,9702,HAS_BLOCK
9702,9703,FLOW
9702,8344,FLOW
9702,8344,UNWIND
10457,9703,HAS_BLOCK
9703,9705,FLOW
9703,8344,FLOW
9703,8344,UNWIND
10457,9705,HAS_BLOCK
9705,9707,FLOW
9705,8658,FLOW
9705,8658,UNWIND
10457,9707,HAS_BLOCK
9707,9709,FLOW
9707,8658,FLOW
9707,8658,UNWIND
10457,9709,HAS_BLOCK
9709,9711,FLOW
9709,8658,FLOW
9709,8658,UNWIND
10457,9711,HAS_BLOCK
9711,9713,FLOW
9711,8344,FLOW
9711,8344,UNWIND
10457,9713,HAS_BLOCK
9713,9715,FLOW
9713,8344,FLOW
9713,8344,UNWIND
10457,9715,HAS_BLOCK
9715,9717,FLOW
9715,8343,FLOW
9715,8343,UNWIND
10457,9717,HAS_BLOCK
9717,9719,FLOW
9717,8343,FLOW
9717,8343,UNWIND
10457,9719,HAS_BLOCK
9719,9721,FLOW
9719,8343,FLOW
9719,8343,UNWIND
10457,9721,HAS_BLOCK
9721,9723,FLOW
9721,8343,FLOW
9721,8343,UNWIND
10457,9723,HAS_BLOCK
9723,9725,FLOW
9723,8656,FLOW
9723,8656,UNWIND
10457,9725,HAS_BLOCK
9725,9727,FLOW
9725,8656,FLOW
9725,8656,UNWIND
10457,9727,HAS_BLOCK
9727,9729,FLOW
9727,8656,FLOW
9727,8656,UNWIND
10457,9729,HAS_BLOCK
9729,9730,FLOW
9729,8341,FLOW
9729,8341,UNWIND
10457,9730,HAS_BLOCK
9730,9733,FLOW
9730,8344,FLOW
9730,8344,UNWIND
10457,9733,HAS_BLOCK
9733,9735,FLOW
9733,8344,FLOW
9733,8344,UNWIND
10457,9735,HAS_BLOCK
9735,9737,FLOW
9735,8654,FLOW
9735,8654,UNWIND
10457,9737,HAS_BLOCK
9737,9739,FLOW
9737,8654,FLOW
9737,8654,UNWIND
10457,9739,HAS_BLOCK
9739,9741,FLOW
9739,8654,FLOW
9739,8654,UNWIND
10457,9741,HAS_BLOCK
9741,9742,FLOW
9741,8344,FLOW
9741,8344,UNWIND
10457,9742,HAS_BLOCK
9742,9744,FLOW
9742,8344,FLOW
9742,8344,UNWIND
10457,9744,HAS_BLOCK
9744,9746,FLOW
9744,8652,FLOW
9744,8652,UNWIND
10457,9746,HAS_BLOCK
9746,9748,FLOW
9746,8652,FLOW
9746,8652,UNWIND
10457,9748,HAS_BLOCK
9748,9750,FLOW
9748,8652,FLOW
9748,8652,UNWIND
10457,9750,HAS_BLOCK
9750,9753,FLOW
9750,8344,FLOW
9750,8344,UNWIND
10457,9753,HAS_BLOCK
9753,9755,FLOW
9753,8344,FLOW
9753,8344,UNWIND
10457,9755,HAS_BLOCK
9755,9757,FLOW
9755,8646,FLOW
9755,8646,UNWIND
10457,9757,HAS_BLOCK
9757,9759,FLOW
9757,8646,FLOW
9757,8646,UNWIND
10457,9759,HAS_BLOCK
9759,9761,FLOW
9759,8646,FLOW
9759,8646,UNWIND
10457,9761,HAS_BLOCK
9761,9762,FLOW
9761,8344,FLOW
9761,8344,UNWIND
10457,9762,HAS_BLOCK
9762,9764,FLOW
9762,8344,FLOW
9762,8344,UNWIND
10457,9764,HAS_BLOCK
9764,9766,FLOW
9764,8344,FLOW
9764,8344,UNWIND
10457,9766,HAS_BLOCK
9766,9767,FLOW
9766,8344,FLOW
9766,8344,UNWIND
10457,9767,HAS_BLOCK
9767,9769,FLOW
9767,8344,FLOW
9767,8344,UNWIND
10457,9769,HAS_BLOCK
9769,9772,FLOW
9769,8644,FLOW
9769,8644,UNWIND
10457,9772,HAS_BLOCK
9772,9774,FLOW
9772,8644,FLOW
9772,8644,UNWIND
10457,9774,HAS_BLOCK
9774,9775,FLOW
9774,8344,FLOW
9774,8344,UNWIND
10457,9775,HAS_BLOCK
9775,9777,FLOW
9775,8668,FLOW
9775,8668,UNWIND
10457,9777,HAS_BLOCK
9777,9778,FLOW
9777,8345,FLOW
9777,8345,UNWIND
10457,9778,HAS_BLOCK
9778,9780,FLOW
9778,8345,FLOW
9778,8345,UNWIND
10457,9780,HAS_BLOCK
9780,9782,FLOW
9780,8642,FLOW
9780,8642,UNWIND
10457,9782,HAS_BLOCK
9782,9784,FLOW
9782,8340,FLOW
9782,8340,UNWIND
10457,9784,HAS_BLOCK
9784,9786,FLOW
9784,8640,FLOW
9784,8640,UNWIND
10457,9786,HAS_BLOCK
9786,9788,FLOW
9786,8640,FLOW
9786,8640,UNWIND
10457,9788,HAS_BLOCK
9788,9792,FLOW
9788,8640,FLOW
9788,8640,UNWIND
10457,9792,HAS_BLOCK
9792,9793,FLOW
9792,8340,FLOW
9792,8340,UNWIND
10457,9793,HAS_BLOCK
9793,9795,FLOW
9793,8340,FLOW
9793,8340,UNWIND
10457,9795,HAS_BLOCK
9795,9797,FLOW
9795,8340,FLOW
9795,8340,UNWIND
10457,9797,HAS_BLOCK
9797,9798,FLOW
9797,8340,FLOW
9797,8340,UNWIND
10457,9798,HAS_BLOCK
9798,9800,FLOW
9798,8340,FLOW
9798,8340,UNWIND
10457,9800,HAS_BLOCK
9800,9802,FLOW
9800,8638,FLOW
9800,8638,UNWIND
10457,9802,HAS_BLOCK
9802,9804,FLOW
9802,8638,FLOW
9802,8638,UNWIND
10457,9804,HAS_BLOCK
9804,9805,FLOW
9804,8340,FLOW
9804,8340,UNWIND
10457,9805,HAS_BLOCK
9805,9807,FLOW
9805,8340,FLOW
9805,8340,UNWIND
10457,9807,HAS_BLOCK
9807,9811,FLOW
9807,8635,FLOW
9807,8635,UNWIND
10457,9811,HAS_BLOCK
9811,9813,FLOW
9811,8635,FLOW
9811,8635,UNWIND
10457,9813,HAS_BLOCK
9813,9815,FLOW
9813,8635,FLOW
9813,8635,UNWIND
10457,9815,HAS_BLOCK
9815,9816,FLOW
9815,8340,FLOW
9815,8340,UNWIND
10457,9816,HAS_BLOCK
9816,9818,FLOW
9816,8340,FLOW
9816,8340,UNWIND
10457,9818,HAS_BLOCK
9818,9820,FLOW
9818,8633,FLOW
9818,8633,UNWIND
10457,9820,HAS_BLOCK
9820,9822,FLOW
9820,8633,FLOW
9820,8633,UNWIND
10457,9822,HAS_BLOCK
9822,9823,FLOW
9822,8340,FLOW
9822,8340,UNWIND
10457,9823,HAS_BLOCK
9823,9825,FLOW
9823,8642,FLOW
9823,8642,UNWIND
10457,9825,HAS_BLOCK
9825,9826,FLOW
9825,8345,FLOW
9825,8345,UNWIND
10457,9826,HAS_BLOCK
9826,9830,FLOW
9826,8345,FLOW
9826,8345,UNWIND
10457,9830,HAS_BLOCK
9830,9832,FLOW
9830,8631,FLOW
9830,8631,UNWIND
10457,9832,HAS_BLOCK
9832,9834,FLOW
9832,8339,FLOW
9832,8339,UNWIND
10457,9834,HAS_BLOCK
9834,9836,FLOW
9834,8629,FLOW
9834,8629,UNWIND
10457,9836,HAS_BLOCK
9836,9838,FLOW
9836,8629,FLOW
9836,8629,UNWIND
10457,9838,HAS_BLOCK
9838,9839,FLOW
9838,8339,FLOW
9838,8339,UNWIND
10457,9839,HAS_BLOCK
9839,9841,FLOW
9839,8339,FLOW
9839,8339,UNWIND
10457,9841,HAS_BLOCK
9841,9843,FLOW
9841,8627,FLOW
9841,8627,UNWIND
10457,9843,HAS_BLOCK
9843,9845,FLOW
9843,8627,FLOW
9843,8627,UNWIND
10457,9845,HAS_BLOCK
9845,9847,FLOW
9845,8627,FLOW
9845,8627,UNWIND
10457,9847,HAS_BLOCK
9847,9850,FLOW
9847,8339,FLOW
9847,8339,UNWIND
10457,9850,HAS_BLOCK
9850,9852,FLOW
9850,8631,FLOW
9850,8631,UNWIND
10457,9852,HAS_BLOCK
9852,9853,FLOW
9852,8345,FLOW
9852,8345,UNWIND
10457,9853,HAS_BLOCK
9853,9855,FLOW
9853,8345,FLOW
9853,8345,UNWIND
10457,9855,HAS_BLOCK
9855,9857,FLOW
9855,8623,FLOW
9855,8623,UNWIND
10457,9857,HAS_BLOCK
9857,9859,FLOW
9857,8338,FLOW
9857,8338,UNWIND
10457,9859,HAS_BLOCK
9859,9861,FLOW
9859,8338,FLOW
9859,8338,UNWIND
10457,9861,HAS_BLOCK
9861,9862,FLOW
9861,8338,FLOW
9861,8338,UNWIND
10457,9862,HAS_BLOCK
9862,9864,FLOW
9862,8338,FLOW
9862,8338,UNWIND
10457,9864,HAS_BLOCK
9864,9866,FLOW
9864,8621,FLOW
9864,8621,UNWIND
10457,9866,HAS_BLOCK
9866,9872,FLOW
9866,8621,FLOW
9866,8621,UNWIND
10457,9872,HAS_BLOCK
9872,9874,FLOW
9872,8621,FLOW
9872,8621,UNWIND
10457,9874,HAS_BLOCK
9874,9875,FLOW
9874,8338,FLOW
9874,8338,UNWIND
10457,9875,HAS_BLOCK
9875,9877,FLOW
9875,8623,FLOW
9875,8623,UNWIND
10457,9877,HAS_BLOCK
9877,9878,FLOW
9877,8345,FLOW
9877,8345,UNWIND
10457,9878,HAS_BLOCK
9878,9880,FLOW
9878,8345,FLOW
9878,8345,UNWIND
10457,9880,HAS_BLOCK
9880,9882,FLOW
9880,8619,FLOW
9880,8619,UNWIND
10457,9882,HAS_BLOCK
9882,9884,FLOW
9882,8337,FLOW
9882,8337,UNWIND
10457,9884,HAS_BLOCK
9884,9886,FLOW
9884,8617,FLOW
9884,8617,UNWIND
10457,9886,HAS_BLOCK
9886,9888,FLOW
9886,8617,FLOW
9886,8617,UNWIND
10457,9888,HAS_BLOCK
9888,9891,FLOW
9888,8617,FLOW
9888,8617,UNWIND
10457,9891,HAS_BLOCK
9891,9892,FLOW
9891,8337,FLOW
9891,8337,UNWIND
10457,9892,HAS_BLOCK
9892,9894,FLOW
9892,8337,FLOW
9892,8337,UNWIND
10457,9894,HAS_BLOCK
9894,9896,FLOW
9894,8615,FLOW
9894,8615,UNWIND
10457,9896,HAS_BLOCK
9896,9898,FLOW
9896,8615,FLOW
9896,8615,UNWIND
10457,9898,HAS_BLOCK
9898,9900,FLOW
9898,8615,FLOW
9898,8615,UNWIND
10457,9900,HAS_BLOCK
9900,9901,FLOW
9900,8337,FLOW
9900,8337,UNWIND
10457,9901,HAS_BLOCK
9901,9903,FLOW
9901,8619,FLOW
9901,8619,UNWIND
10457,9903,HAS_BLOCK
9903,9904,FLOW
9903,8345,FLOW
9903,8345,UNWIND
10457,9904,HAS_BLOCK
9904,9906,FLOW
9904,8345,FLOW
9904,8345,UNWIND
10457,9906,HAS_BLOCK
9906,9909,FLOW
9906,8336,FLOW
9906,8336,UNWIND
9906,6768,CALL
10457,9909,HAS_BLOCK
9909,9911,FLOW
9909,8611,FLOW
9909,8611,UNWIND
10457,9911,HAS_BLOCK
9911,9913,FLOW
9911,8611,FLOW
9911,8611,UNWIND
10457,9913,HAS_BLOCK
9913,9915,FLOW
9913,8611,FLOW
9913,8611,UNWIND
10457,9915,HAS_BLOCK
9915,9916,FLOW
9915,8335,FLOW
9915,8335,UNWIND
10457,9916,HAS_BLOCK
9916,9917,FLOW
9916,8345,FLOW
9916,8345,UNWIND
10457,9917,HAS_BLOCK
9917,9919,FLOW
9917,8334,FLOW
9917,8334,UNWIND
9917,5848,CALL
10457,9919,HAS_BLOCK
9919,9921,FLOW
9919,8334,FLOW
9919,8334,UNWIND
10457,9921,HAS_BLOCK
9921,9922,FLOW
9921,9923,FLOW
9921,9069,FLOW
10457,9922,HAS_BLOCK
9922,9927,FLOW
9922,8346,FLOW
9922,8346,UNWIND
10457,9923,HAS_BLOCK
9923,9926,FLOW
9923,8334,FLOW
9923,8334,UNWIND
10457,9926,HAS_BLOCK
9926,8246,FLOW
9926,8346,FLOW
9926,8346,UNWIND
10457,9927,HAS_BLOCK
9927,9928,FLOW
9927,8348,FLOW
9927,8348,UNWIND
10457,9928,HAS_BLOCK
9928,8859,FLOW
9928,8348,FLOW
9928,8348,UNWIND
9928,11060,CALL
10457,9930,HAS_BLOCK
9930,9932,FLOW
9930,8348,FLOW
9930,8348,UNWIND
10457,9932,HAS_BLOCK
9932,9934,FLOW
9932,8333,FLOW
9932,8333,UNWIND
10457,9934,HAS_BLOCK
9934,9936,FLOW
9934,8333,FLOW
9934,8333,UNWIND
10457,9936,HAS_BLOCK
9936,9938,FLOW
9936,8333,FLOW
9936,8333,UNWIND
10457,9938,HAS_BLOCK
9938,9940,FLOW
9938,8333,FLOW
9938,8333,UNWIND
10457,9940,HAS_BLOCK
9940,9942,FLOW
9940,8333,FLOW
9940,8333,UNWIND
10457,9942,HAS_BLOCK
9942,9946,FLOW
9942,9944,FLOW
10457,9944,HAS_BLOCK
9944,8860,FLOW
9944,8333,FLOW
9944,8333,UNWIND
10457,9946,HAS_BLOCK
9946,9948,FLOW
9946,8333,FLOW
9946,8333,UNWIND
10457,9948,HAS_BLOCK
9948,9950,FLOW
9948,8333,FLOW
9948,8333,UNWIND
10457,9950,HAS_BLOCK
9950,9952,FLOW
9950,8333,FLOW
9950,8333,UNWIND
10457,9952,HAS_BLOCK
9952,9954,FLOW
9952,8333,FLOW
9952,8333,UNWIND
10457,9954,HAS_BLOCK
9954,8861,FLOW
9954,8333,FLOW
9954,8333,UNWIND
10457,9956,HAS_BLOCK
9956,9958,FLOW
9956,8332,FLOW
9956,8332,UNWIND
10457,9958,HAS_BLOCK
9958,9960,FLOW
9958,8332,FLOW
9958,8332,UNWIND
10457,9960,HAS_BLOCK
9960,9962,FLOW
9960,8332,FLOW
9960,8332,UNWIND
10457,9962,HAS_BLOCK
9962,9966,FLOW
9962,8332,FLOW
9962,8332,UNWIND
10457,9966,HAS_BLOCK
9966,9968,FLOW
9966,8332,FLOW
9966,8332,UNWIND
10457,9968,HAS_BLOCK
9968,9970,FLOW
9968,8332,FLOW
9968,8332,UNWIND
10457,9970,HAS_BLOCK
9970,9972,FLOW
9970,8330,FLOW
9970,8330,UNWIND
10457,9972,HAS_BLOCK
9972,9974,FLOW
9972,8330,FLOW
9972,8330,UNWIND
9972,5036,CALL
10457,9974,HAS_BLOCK
9974,9976,FLOW
9974,8329,FLOW
9974,8329,UNWIND
10457,9976,HAS_BLOCK
9976,9978,FLOW
9976,8329,FLOW
9976,8329,UNWIND
10457,9978,HAS_BLOCK
9978,9980,FLOW
9978,8329,FLOW
9978,8329,UNWIND
10457,9980,HAS_BLOCK
9980,9982,FLOW
9980,9981,FLOW
10457,9981,HAS_BLOCK
9981,10327,FLOW
9981,8330,FLOW
9981,8330,UNWIND
10457,9982,HAS_BLOCK
9982,9985,FLOW
9982,8330,FLOW
9982,8330,UNWIND
10457,9985,HAS_BLOCK
9985,9986,FLOW
9985,8330,FLOW
9985,8330,UNWIND
10457,9986,HAS_BLOCK
9986,9987,FLOW
9986,8330,FLOW
9986,8330,UNWIND
10457,9987,HAS_BLOCK
9987,9989,FLOW
9987,8330,FLOW
9987,8330,UNWIND
10457,9989,HAS_BLOCK
9989,9991,FLOW
9989,8330,FLOW
9989,8330,UNWIND
10457,9991,HAS_BLOCK
9991,9993,FLOW
9991,8330,FLOW
9991,8330,UNWIND
10457,9993,HAS_BLOCK
9993,9995,FLOW
9993,8330,FLOW
9993,8330,UNWIND
10457,9995,HAS_BLOCK
9995,9997,FLOW
9995,8330,FLOW
9995,8330,UNWIND
10457,9997,HAS_BLOCK
9997,9999,FLOW
9997,8330,FLOW
9997,8330,UNWIND
10457,9999,HAS_BLOCK
9999,10001,FLOW
9999,8330,FLOW
9999,8330,UNWIND
10457,10001,HAS_BLOCK
10001,10005,FLOW
10001,8330,FLOW
10001,8330,UNWIND
10457,10005,HAS_BLOCK
10005,10007,FLOW
10005,8330,FLOW
10005,8330,UNWIND
10457,10007,HAS_BLOCK
10007,10009,FLOW
10007,8330,FLOW
10007,8330,UNWIND
10457,10009,HAS_BLOCK
10009,10011,FLOW
10009,8330,FLOW
10009,8330,UNWIND
10457,10011,HAS_BLOCK
10011,10013,FLOW
10011,8330,FLOW
10011,8330,UNWIND
10457,10013,HAS_BLOCK
10013,10015,FLOW
10013,8330,FLOW
10013,8330,UNWIND
10457,10015,HAS_BLOCK
10015,10017,FLOW
10015,8330,FLOW
10015,8330,UNWIND
10457,10017,HAS_BLOCK
10017,10019,FLOW
10017,8330,FLOW
10017,8330,UNWIND
10457,10019,HAS_BLOCK
10019,10021,FLOW
10019,8330,FLOW
10019,8330,UNWIND
10457,10021,HAS_BLOCK
10021,10023,FLOW
10021,8330,FLOW
10021,8330,UNWIND
10457,10023,HAS_BLOCK
10023,10027,FLOW
10023,8328,FLOW
10023,8328,UNWIND
10457,10027,HAS_BLOCK
10027,10029,FLOW
10027,8328,FLOW
10027,8328,UNWIND
10457,10029,HAS_BLOCK
10029,10031,FLOW
10029,8327,FLOW
10029,8327,UNWIND
10457,10031,HAS_BLOCK
10031,10033,FLOW
10031,8609,FLOW
10031,8609,UNWIND
10457,10033,HAS_BLOCK
10033,10035,FLOW
10033,8609,FLOW
10033,8609,UNWIND
10457,10035,HAS_BLOCK
10035,10037,FLOW
10035,8609,FLOW
10035,8609,UNWIND
10457,10037,HAS_BLOCK
10037,10038,FLOW
10037,8327,FLOW
10037,8327,UNWIND
10457,10038,HAS_BLOCK
10038,10040,FLOW
10038,8327,FLOW
10038,8327,UNWIND
10457,10040,HAS_BLOCK
10040,10042,FLOW
10040,8607,FLOW
10040,8607,UNWIND
10457,10042,HAS_BLOCK
10042,10044,FLOW
10042,8607,FLOW
10042,8607,UNWIND
10457,10044,HAS_BLOCK
10044,10047,FLOW
10044,8607,FLOW
10044,8607,UNWIND
10457,10047,HAS_BLOCK
10047,10048,FLOW
10047,8327,FLOW
10047,8327,UNWIND
10457,10048,HAS_BLOCK
10048,10050,FLOW
10048,8327,FLOW
10048,8327,UNWIND
10457,10050,HAS_BLOCK
10050,10052,FLOW
10050,8605,FLOW
10050,8605,UNWIND
10457,10052,HAS_BLOCK
10052,10054,FLOW
10052,8605,FLOW
10052,8605,UNWIND
10457,10054,HAS_BLOCK
10054,10056,FLOW
10054,8605,FLOW
10054,8605,UNWIND
10457,10056,HAS_BLOCK
10056,10057,FLOW
10056,8327,FLOW
10056,8327,UNWIND
10457,10057,HAS_BLOCK
10057,10059,FLOW
10057,8327,FLOW
10057,8327,UNWIND
10457,10059,HAS_BLOCK
10059,10061,FLOW
10059,8603,FLOW
10059,8603,UNWIND
10457,10061,HAS_BLOCK
10061,10063,FLOW
10061,8326,FLOW
10061,8326,UNWIND
10457,10063,HAS_BLOCK
10063,10069,FLOW
10063,8599,FLOW
10063,8599,UNWIND
10457,10069,HAS_BLOCK
10069,10071,FLOW
10069,8599,FLOW
10069,8599,UNWIND
10457,10071,HAS_BLOCK
10071,10073,FLOW
10071,8599,FLOW
10071,8599,UNWIND
10457,10073,HAS_BLOCK
10073,10074,FLOW
10073,8326,FLOW
10073,8326,UNWIND
10457,10074,HAS_BLOCK
10074,10076,FLOW
10074,8326,FLOW
10074,8326,UNWIND
10457,10076,HAS_BLOCK
10076,10078,FLOW
10076,8597,FLOW
10076,8597,UNWIND
10457,10078,HAS_BLOCK
10078,10080,FLOW
10078,8597,FLOW
10078,8597,UNWIND
10457,10080,HAS_BLOCK
10080,10082,FLOW
10080,8597,FLOW
10080,8597,UNWIND
10457,10082,HAS_BLOCK
10082,10083,FLOW
10082,8326,FLOW
10082,8326,UNWIND
10457,10083,HAS_BLOCK
10083,10085,FLOW
10083,8326,FLOW
10083,8326,UNWIND
10457,10085,HAS_BLOCK
10085,10089,FLOW
10085,8595,FLOW
10085,8595,UNWIND
10457,10089,HAS_BLOCK
10089,10091,FLOW
10089,8595,FLOW
10089,8595,UNWIND
10457,10091,HAS_BLOCK
10091,10093,FLOW
10091,8595,FLOW
10091,8595,UNWIND
10457,10093,HAS_BLOCK
10093,10094,FLOW
10093,8326,FLOW
10093,8326,UNWIND
10457,10094,HAS_BLOCK
10094,10096,FLOW
10094,8326,FLOW
10094,8326,UNWIND
10457,10096,HAS_BLOCK
10096,10098,FLOW
10096,8593,FLOW
10096,8593,UNWIND
10457,10098,HAS_BLOCK
10098,10100,FLOW
10098,8593,FLOW
10098,8593,UNWIND
10457,10100,HAS_BLOCK
10100,10102,FLOW
10100,8593,FLOW
10100,8593,UNWIND
10457,10102,HAS_BLOCK
10102,10103,FLOW
10102,8326,FLOW
10102,8326,UNWIND
10457,10103,HAS_BLOCK
10103,10105,FLOW
10103,8326,FLOW
10103,8326,UNWIND
10457,10105,HAS_BLOCK
10105,10109,FLOW
10105,8325,FLOW
10105,8325,UNWIND
10457,10109,HAS_BLOCK
10109,10111,FLOW
10109,8325,FLOW
10109,8325,UNWIND
10457,10111,HAS_BLOCK
10111,10113,FLOW
10111,8325,FLOW
10111,8325,UNWIND
10457,10113,HAS_BLOCK
10113,10115,FLOW
10113,8325,FLOW
10113,8325,UNWIND
10457,10115,HAS_BLOCK
10115,10117,FLOW
10115,8591,FLOW
10115,8591,UNWIND
10457,10117,HAS_BLOCK
10117,10119,FLOW
10117,8591,FLOW
10117,8591,UNWIND
10457,10119,HAS_BLOCK
10119,10121,FLOW
10119,8591,FLOW
10119,8591,UNWIND
10457,10121,HAS_BLOCK
10121,10122,FLOW
10121,8324,FLOW
10121,8324,UNWIND
10457,10122,HAS_BLOCK
10122,10123,FLOW
10122,8326,FLOW
10122,8326,UNWIND
10457,10123,HAS_BLOCK
10123,10125,FLOW
10123,8326,FLOW
10123,8326,UNWIND
10457,10125,HAS_BLOCK
10125,10129,FLOW
10125,8587,FLOW
10125,8587,UNWIND
10457,10129,HAS_BLOCK
10129,10131,FLOW
10129,8587,FLOW
10129,8587,UNWIND
10457,10131,HAS_BLOCK
10131,10133,FLOW
10131,8587,FLOW
10131,8587,UNWIND
10457,10133,HAS_BLOCK
10133,10135,FLOW
10133,8587,FLOW
10133,8587,UNWIND
10457,10135,HAS_BLOCK
10135,10136,FLOW
10135,8326,FLOW
10135,8326,UNWIND
10457,10136,HAS_BLOCK
10136,10138,FLOW
10136,8326,FLOW
10136,8326,UNWIND
10457,10138,HAS_BLOCK
10138,10140,FLOW
10138,8585,FLOW
10138,8585,UNWIND
10457,10140,HAS_BLOCK
10140,10142,FLOW
10140,8585,FLOW
10140,8585,UNWIND
10457,10142,HAS_BLOCK
10142,10144,FLOW
10142,8585,FLOW
10142,8585,UNWIND
10457,10144,HAS_BLOCK
10144,10145,FLOW
10144,8326,FLOW
10144,8326,UNWIND
10457,10145,HAS_BLOCK
10145,10149,FLOW
10145,8326,FLOW
10145,8326,UNWIND
10457,10149,HAS_BLOCK
10149,10151,FLOW
10149,8583,FLOW
10149,8583,UNWIND
10457,10151,HAS_BLOCK
10151,10153,FLOW
10151,8583,FLOW
10151,8583,UNWIND
10457,10153,HAS_BLOCK
10153,10155,FLOW
10153,8583,FLOW
10153,8583,UNWIND
10457,10155,HAS_BLOCK
10155,10156,FLOW
10155,8326,FLOW
10155,8326,UNWIND
10457,10156,HAS_BLOCK
10156,10158,FLOW
10156,8326,FLOW
10156,8326,UNWIND
10457,10158,HAS_BLOCK
10158,10160,FLOW
10158,8326,FLOW
10158,8326,UNWIND
10457,10160,HAS_BLOCK
10160,10161,FLOW
10160,8326,FLOW
10160,8326,UNWIND
10457,10161,HAS_BLOCK
10161,10163,FLOW
10161,8326,FLOW
10161,8326,UNWIND
10457,10163,HAS_BLOCK
10163,10165,FLOW
10163,8581,FLOW
10163,8581,UNWIND
10457,10165,HAS_BLOCK
10165,10169,FLOW
10165,8581,FLOW
10165,8581,UNWIND
10457,10169,HAS_BLOCK
10169,10170,FLOW
10169,8326,FLOW
10169,8326,UNWIND
10457,10170,HAS_BLOCK
10170,10172,FLOW
10170,8603,FLOW
10170,8603,UNWIND
10457,10172,HAS_BLOCK
10172,10173,FLOW
10172,8327,FLOW
10172,8327,UNWIND
10457,10173,HAS_BLOCK
10173,10175,FLOW
10173,8327,FLOW
10173,8327,UNWIND
10457,10175,HAS_BLOCK
10175,10177,FLOW
10175,8579,FLOW
10175,8579,UNWIND
10457,10177,HAS_BLOCK
10177,10179,FLOW
10177,8323,FLOW
10177,8323,UNWIND
10457,10179,HAS_BLOCK
10179,10181,FLOW
10179,8576,FLOW
10179,8576,UNWIND
10457,10181,HAS_BLOCK
10181,10183,FLOW
10181,8576,FLOW
10181,8576,UNWIND
10457,10183,HAS_BLOCK
10183,10185,FLOW
10183,8576,FLOW
10183,8576,UNWIND
10457,10185,HAS_BLOCK
10185,10188,FLOW
10185,8323,FLOW
10185,8323,UNWIND
10457,10188,HAS_BLOCK
10188,10190,FLOW
10188,8323,FLOW
10188,8323,UNWIND
10457,10190,HAS_BLOCK
10190,10192,FLOW
10190,8323,FLOW
10190,8323,UNWIND
10457,10192,HAS_BLOCK
10192,10193,FLOW
10192,8323,FLOW
10192,8323,UNWIND
10457,10193,HAS_BLOCK
10193,10195,FLOW
10193,8323,FLOW
10193,8323,UNWIND
10457,10195,HAS_BLOCK
10195,10197,FLOW
10195,8574,FLOW
10195,8574,UNWIND
10457,10197,HAS_BLOCK
10197,10199,FLOW
10197,8574,FLOW
10197,8574,UNWIND
10457,10199,HAS_BLOCK
10199,10200,FLOW
10199,8323,FLOW
10199,8323,UNWIND
10457,10200,HAS_BLOCK
10200,10202,FLOW
10200,8323,FLOW
10200,8323,UNWIND
10457,10202,HAS_BLOCK
10202,10204,FLOW
10202,8572,FLOW
10202,8572,UNWIND
10457,10204,HAS_BLOCK
10204,10208,FLOW
10204,8572,FLOW
10204,8572,UNWIND
10457,10208,HAS_BLOCK
10208,10210,FLOW
10208,8572,FLOW
10208,8572,UNWIND
10457,10210,HAS_BLOCK
10210,10211,FLOW
10210,8323,FLOW
10210,8323,UNWIND
10457,10211,HAS_BLOCK
10211,10213,FLOW
10211,8323,FLOW
10211,8323,UNWIND
10457,10213,HAS_BLOCK
10213,10215,FLOW
10213,8570,FLOW
10213,8570,UNWIND
10457,10215,HAS_BLOCK
10215,10217,FLOW
10215,8570,FLOW
10215,8570,UNWIND
10457,10217,HAS_BLOCK
10217,10218,FLOW
10217,8323,FLOW
10217,8323,UNWIND
10457,10218,HAS_BLOCK
10218,10220,FLOW
10218,8579,FLOW
10218,8579,UNWIND
10457,10220,HAS_BLOCK
10220,10221,FLOW
10220,8327,FLOW
10220,8327,UNWIND
10457,10221,HAS_BLOCK
10221,10223,FLOW
10221,8327,FLOW
10221,8327,UNWIND
10457,10223,HAS_BLOCK
10223,10227,FLOW
10223,8568,FLOW
10223,8568,UNWIND
10457,10227,HAS_BLOCK
10227,10229,FLOW
10227,8322,FLOW
10227,8322,UNWIND
10457,10229,HAS_BLOCK
10229,10231,FLOW
10229,8564,FLOW
10229,8564,UNWIND
10457,10231,HAS_BLOCK
10231,10233,FLOW
10231,8564,FLOW
10231,8564,UNWIND
10457,10233,HAS_BLOCK
10233,10234,FLOW
10233,8322,FLOW
10233,8322,UNWIND
10457,10234,HAS_BLOCK
10234,10236,FLOW
10234,8322,FLOW
10234,8322,UNWIND
10457,10236,HAS_BLOCK
10236,10238,FLOW
10236,8562,FLOW
10236,8562,UNWIND
10457,10238,HAS_BLOCK
10238,10240,FLOW
10238,8562,FLOW
10238,8562,UNWIND
10457,10240,HAS_BLOCK
10240,10242,FLOW
10240,8562,FLOW
10240,8562,UNWIND
10457,10242,HAS_BLOCK
10242,10243,FLOW
10242,8322,FLOW
10242,8322,UNWIND
10457,10243,HAS_BLOCK
10243,10247,FLOW
10243,8568,FLOW
10243,8568,UNWIND
10457,10247,HAS_BLOCK
10247,10248,FLOW
10247,8327,FLOW
10247,8327,UNWIND
10457,10248,HAS_BLOCK
10248,10250,FLOW
10248,8327,FLOW
10248,8327,UNWIND
10457,10250,HAS_BLOCK
10250,10252,FLOW
10250,8560,FLOW
10250,8560,UNWIND
10457,10252,HAS_BLOCK
10252,10254,FLOW
10252,8321,FLOW
10252,8321,UNWIND
10457,10254,HAS_BLOCK
10254,10256,FLOW
10254,8321,FLOW
10254,8321,UNWIND
10457,10256,HAS_BLOCK
10256,10257,FLOW
10256,8321,FLOW
10256,8321,UNWIND
10457,10257,HAS_BLOCK
10257,10259,FLOW
10257,8321,FLOW
10257,8321,UNWIND
10457,10259,HAS_BLOCK
10259,10261,FLOW
10259,8558,FLOW
10259,8558,UNWIND
10457,10261,HAS_BLOCK
10261,10263,FLOW
10261,8558,FLOW
10261,8558,UNWIND
10457,10263,HAS_BLOCK
10263,10268,FLOW
10263,8558,FLOW
10263,8558,UNWIND
10457,10268,HAS_BLOCK
10268,10269,FLOW
10268,8321,FLOW
10268,8321,UNWIND
10457,10269,HAS_BLOCK
10269,10271,FLOW
10269,8560,FLOW
10269,8560,UNWIND
10457,10271,HAS_BLOCK
10271,10272,FLOW
10271,8327,FLOW
10271,8327,UNWIND
10457,10272,HAS_BLOCK
10272,10274,FLOW
10272,8327,FLOW
10272,8327,UNWIND
10457,10274,HAS_BLOCK
10274,10276,FLOW
10274,8556,FLOW
10274,8556,UNWIND
10457,10276,HAS_BLOCK
10276,10278,FLOW
10276,8318,FLOW
10276,8318,UNWIND
10457,10278,HAS_BLOCK
10278,10280,FLOW
10278,8553,FLOW
10278,8553,UNWIND
10457,10280,HAS_BLOCK
10280,10282,FLOW
10280,8553,FLOW
10280,8553,UNWIND
10457,10282,HAS_BLOCK
10282,10284,FLOW
10282,8553,FLOW
10282,8553,UNWIND
10457,10284,HAS_BLOCK
10284,10287,FLOW
10284,8318,FLOW
10284,8318,UNWIND
10457,10287,HAS_BLOCK
10287,10289,FLOW
10287,8318,FLOW
10287,8318,UNWIND
10457,10289,HAS_BLOCK
10289,10291,FLOW
10289,8551,FLOW
10289,8551,UNWIND
10457,10291,HAS_BLOCK
10291,10293,FLOW
10291,8551,FLOW
10291,8551,UNWIND
10457,10293,HAS_BLOCK
10293,10295,FLOW
10293,8551,FLOW
10293,8551,UNWIND
10457,10295,HAS_BLOCK
10295,10296,FLOW
10295,8318,FLOW
10295,8318,UNWIND
10457,10296,HAS_BLOCK
10296,10298,FLOW
10296,8556,FLOW
10296,8556,UNWIND
10457,10298,HAS_BLOCK
10298,10299,FLOW
10298,8327,FLOW
10298,8327,UNWIND
10457,10299,HAS_BLOCK
10299,10301,FLOW
10299,8327,FLOW
10299,8327,UNWIND
10457,10301,HAS_BLOCK
10301,10303,FLOW
10301,8317,FLOW
10301,8317,UNWIND
10301,6768,CALL
10457,10303,HAS_BLOCK
10303,10307,FLOW
10303,8549,FLOW
10303,8549,UNWIND
10457,10307,HAS_BLOCK
10307,10309,FLOW
10307,8549,FLOW
10307,8549,UNWIND
10457,10309,HAS_BLOCK
10309,10311,FLOW
10309,8549,FLOW
10309,8549,UNWIND
10457,10311,HAS_BLOCK
10311,10312,FLOW
10311,8316,FLOW
10311,8316,UNWIND
10457,10312,HAS_BLOCK
10312,10313,FLOW
10312,8327,FLOW
10312,8327,UNWIND
10457,10313,HAS_BLOCK
10313,10315,FLOW
10313,8315,FLOW
10313,8315,UNWIND
10313,5848,CALL
10457,10315,HAS_BLOCK
10315,10317,FLOW
10315,8315,FLOW
10315,8315,UNWIND
10457,10317,HAS_BLOCK
10317,10318,FLOW
10317,10319,FLOW
10317,9069,FLOW
10457,10318,HAS_BLOCK
10318,10323,FLOW
10318,8328,FLOW
10318,8328,UNWIND
10457,10319,HAS_BLOCK
10319,10321,FLOW
10319,8315,FLOW
10319,8315,UNWIND
10457,10321,HAS_BLOCK
10321,8242,FLOW
10321,8328,FLOW
10321,8328,UNWIND
10457,10323,HAS_BLOCK
10323,10324,FLOW
10323,8330,FLOW
10323,8330,UNWIND
10457,10324,HAS_BLOCK
10324,10326,FLOW
10324,8330,FLOW
10324,8330,UNWIND
10324,11060,CALL
10457,10326,HAS_BLOCK
10326,7905,FLOW
10326,8332,FLOW
10326,8332,UNWIND
10457,10327,HAS_BLOCK
10327,10328,FLOW
10327,8330,FLOW
10327,8330,UNWIND
10457,10328,HAS_BLOCK
10328,10329,FLOW
10328,8330,FLOW
10328,8330,UNWIND
10457,10329,HAS_BLOCK
10329,10331,FLOW
10329,8330,FLOW
10329,8330,UNWIND
10457,10331,HAS_BLOCK
10331,10333,FLOW
10331,8330,FLOW
10331,8330,UNWIND
10457,10333,HAS_BLOCK
10333,10335,FLOW
10333,8330,FLOW
10333,8330,UNWIND
10457,10335,HAS_BLOCK
10335,10337,FLOW
10335,8330,FLOW
10335,8330,UNWIND
10457,10337,HAS_BLOCK
10337,10341,FLOW
10337,8330,FLOW
10337,8330,UNWIND
10457,10341,HAS_BLOCK
10341,10343,FLOW
10341,8330,FLOW
10341,8330,UNWIND
10457,10343,HAS_BLOCK
10343,10345,FLOW
10343,8330,FLOW
10343,8330,UNWIND
10457,10345,HAS_BLOCK
10345,10346,FLOW
10345,8330,FLOW
10345,8330,UNWIND
10457,10346,HAS_BLOCK
10346,10348,FLOW
10346,8330,FLOW
10346,8330,UNWIND
10457,10348,HAS_BLOCK
10348,10350,FLOW
10348,8330,FLOW
10348,8330,UNWIND
10348,6988,CALL
10457,10350,HAS_BLOCK
10350,10352,FLOW
10350,8330,FLOW
10350,8330,UNWIND
10457,10352,HAS_BLOCK
10352,10354,FLOW
10352,8330,FLOW
10352,8330,UNWIND
10457,10354,HAS_BLOCK
10354,10356,FLOW
10354,8330,FLOW
10354,8330,UNWIND
10457,10356,HAS_BLOCK
10356,10358,FLOW
10356,8330,FLOW
10356,8330,UNWIND
10356,7554,CALL
10457,10358,HAS_BLOCK
10358,10362,FLOW
10358,8330,FLOW
10358,8330,UNWIND
10457,10362,HAS_BLOCK
10362,10363,FLOW
10362,10365,FLOW
10362,9069,FLOW
10457,10363,HAS_BLOCK
10363,10367,FLOW
10363,8314,FLOW
10363,8314,UNWIND
10457,10365,HAS_BLOCK
10365,8864,FLOW
10365,8330,FLOW
10365,8330,UNWIND
10457,10367,HAS_BLOCK
10367,10369,FLOW
10367,8314,FLOW
10367,8314,UNWIND
10367,6988,CALL
10457,10369,HAS_BLOCK
10369,10371,FLOW
10369,8314,FLOW
10369,8314,UNWIND
10457,10371,HAS_BLOCK
10371,10380,FLOW
10371,8314,FLOW
10371,8314,UNWIND
10457,10373,HAS_BLOCK
10373,10381,FLOW
10373,8314,FLOW
10373,8314,UNWIND
10457,10374,HAS_BLOCK
10374,10377,FLOW
10374,8314,FLOW
10374,8314,UNWIND
10457,10376,HAS_BLOCK
10376,10382,FLOW
10376,8314,FLOW
10376,8314,UNWIND
10457,10377,HAS_BLOCK
10377,10383,FLOW
10377,10376,FLOW
10457,10380,HAS_BLOCK
10380,10374,FLOW
10380,10373,FLOW
10457,10381,HAS_BLOCK
10381,10383,FLOW
10457,10382,HAS_BLOCK
10382,10383,FLOW
10457,10383,HAS_BLOCK
10383,10385,FLOW
10383,10384,FLOW
10457,10384,HAS_BLOCK
10384,10386,FLOW
10457,10385,HAS_BLOCK
10385,10386,FLOW
10457,10386,HAS_BLOCK
10386,10387,FLOW
10386,8314,FLOW
10386,8314,UNWIND
10457,10387,HAS_BLOCK
10387,10389,FLOW
10387,8314,FLOW
10387,8314,UNWIND
10457,10389,HAS_BLOCK
10389,10391,FLOW
10389,8314,FLOW
10389,8314,UNWIND
10457,10391,HAS_BLOCK
10391,10395,FLOW
10391,8314,FLOW
10391,8314,UNWIND
10457,10395,HAS_BLOCK
10395,10397,FLOW
10395,8314,FLOW
10395,8314,UNWIND
10457,10397,HAS_BLOCK
10397,10399,FLOW
10397,8314,FLOW
10397,8314,UNWIND
10457,10399,HAS_BLOCK
10399,10401,FLOW
10399,8314,FLOW
10399,8314,UNWIND
10457,10401,HAS_BLOCK
10401,10403,FLOW
10401,8314,FLOW
10401,8314,UNWIND
10457,10403,HAS_BLOCK
10403,10405,FLOW
10403,8314,FLOW
10403,8314,UNWIND
10403,6749,CALL
10457,10405,HAS_BLOCK
10405,10407,FLOW
10405,8314,FLOW
10405,8314,UNWIND
10457,10407,HAS_BLOCK
10407,10409,FLOW
10407,8314,FLOW
10407,8314,UNWIND
10457,10409,HAS_BLOCK
10409,10411,FLOW
10409,8314,FLOW
10409,8314,UNWIND
10409,11060,CALL
10457,10411,HAS_BLOCK
10411,10413,FLOW
10411,8314,FLOW
10411,8314,UNWIND
10457,10413,HAS_BLOCK
10413,10416,FLOW
10413,8314,FLOW
10413,8314,UNWIND
10457,10416,HAS_BLOCK
10416,10418,FLOW
10416,8313,FLOW
10416,8313,UNWIND
10457,10418,HAS_BLOCK
10418,10420,FLOW
10418,8313,FLOW
10418,8313,UNWIND
10457,10420,HAS_BLOCK
10420,10422,FLOW
10420,8312,FLOW
10420,8312,UNWIND
10457,10422,HAS_BLOCK
10422,10424,FLOW
10422,8547,FLOW
10422,8547,UNWIND
10457,10424,HAS_BLOCK
10424,10426,FLOW
10424,8547,FLOW
10424,8547,UNWIND
10457,10426,HAS_BLOCK
10426,10428,FLOW
10426,8547,FLOW
10426,8547,UNWIND
10457,10428,HAS_BLOCK
10428,10429,FLOW
10428,8312,FLOW
10428,8312,UNWIND
10457,10429,HAS_BLOCK
10429,10431,FLOW
10429,8312,FLOW
10429,8312,UNWIND
10457,10431,HAS_BLOCK
10431,10433,FLOW
10431,8545,FLOW
10431,8545,UNWIND
10457,10433,HAS_BLOCK
10433,10437,FLOW
10433,8545,FLOW
10433,8545,UNWIND
10457,10437,HAS_BLOCK
10437,10439,FLOW
10437,8545,FLOW
10437,8545,UNWIND
10457,10439,HAS_BLOCK
10439,10440,FLOW
10439,8312,FLOW
10439,8312,UNWIND
10457,10440,HAS_BLOCK
10440,10442,FLOW
10440,8312,FLOW
10440,8312,UNWIND
10457,10442,HAS_BLOCK
10442,10444,FLOW
10442,8541,FLOW
10442,8541,UNWIND
10457,10444,HAS_BLOCK
10444,10446,FLOW
10444,8541,FLOW
10444,8541,UNWIND
10457,10446,HAS_BLOCK
10446,10448,FLOW
10446,8541,FLOW
10446,8541,UNWIND
10457,10448,HAS_BLOCK
10448,10449,FLOW
10448,8312,FLOW
10448,8312,UNWIND
10457,10449,HAS_BLOCK
10449,10451,FLOW
10449,8312,FLOW
10449,8312,UNWIND
10457,10451,HAS_BLOCK
10451,10453,FLOW
10451,8539,FLOW
10451,8539,UNWIND
10457,10453,HAS_BLOCK
10453,7565,FLOW
10453,8311,FLOW
10453,8311,UNWIND
10457,7565,HAS_BLOCK
7565,7567,FLOW
7565,8537,FLOW
7565,8537,UNWIND
10457,7567,HAS_BLOCK
7567,7569,FLOW
7567,8537,FLOW
7567,8537,UNWIND
10457,7569,HAS_BLOCK
7569,7571,FLOW
7569,8537,FLOW
7569,8537,UNWIND
10457,7571,HAS_BLOCK
7571,7572,FLOW
7571,8311,FLOW
7571,8311,UNWIND
10457,7572,HAS_BLOCK
7572,7574,FLOW
7572,8311,FLOW
7572,8311,UNWIND
10457,7574,HAS_BLOCK
7574,7576,FLOW
7574,8535,FLOW
7574,8535,UNWIND
10457,7576,HAS_BLOCK
7576,7578,FLOW
7576,8535,FLOW
7576,8535,UNWIND
10457,7578,HAS_BLOCK
7578,7580,FLOW
7578,8535,FLOW
7578,8535,UNWIND
10457,7580,HAS_BLOCK
7580,7581,FLOW
7580,8311,FLOW
7580,8311,UNWIND
10457,7581,HAS_BLOCK
7581,7585,FLOW
7581,8311,FLOW
7581,8311,UNWIND
10457,7585,HAS_BLOCK
7585,7587,FLOW
7585,8533,FLOW
7585,8533,UNWIND
10457,7587,HAS_BLOCK
7587,7589,FLOW
7587,8533,FLOW
7587,8533,UNWIND
10457,7589,HAS_BLOCK
7589,7591,FLOW
7589,8533,FLOW
7589,8533,UNWIND
10457,7591,HAS_BLOCK
7591,7592,FLOW
7591,8311,FLOW
7591,8311,UNWIND
10457,7592,HAS_BLOCK
7592,7594,FLOW
7592,8311,FLOW
7592,8311,UNWIND
10457,7594,HAS_BLOCK
7594,7596,FLOW
7594,8527,FLOW
7594,8527,UNWIND
10457,7596,HAS_BLOCK
7596,7598,FLOW
7596,8527,FLOW
7596,8527,UNWIND
10457,7598,HAS_BLOCK
7598,7600,FLOW
7598,8527,FLOW
7598,8527,UNWIND
10457,7600,HAS_BLOCK
7600,7601,FLOW
7600,8311,FLOW
7600,8311,UNWIND
10457,7601,HAS_BLOCK
7601,7605,FLOW
7601,8311,FLOW
7601,8311,UNWIND
10457,7605,HAS_BLOCK
7605,7607,FLOW
7605,8310,FLOW
7605,8310,UNWIND
10457,7607,HAS_BLOCK
7607,7609,FLOW
7607,8310,FLOW
7607,8310,UNWIND
10457,7609,HAS_BLOCK
7609,7611,FLOW
7609,8310,FLOW
7609,8310,UNWIND
10457,7611,HAS_BLOCK
7611,7613,FLOW
7611,8310,FLOW
7611,8310,UNWIND
10457,7613,HAS_BLOCK
7613,7615,FLOW
7613,8525,FLOW
7613,8525,UNWIND
10457,7615,HAS_BLOCK
7615,7617,FLOW
7615,8525,FLOW
7615,8525,UNWIND
10457,7617,HAS_BLOCK
7617,7619,FLOW
7617,8525,FLOW
7617,8525,UNWIND
10457,7619,HAS_BLOCK
7619,7620,FLOW
7619,8309,FLOW
7619,8309,UNWIND
10457,7620,HAS_BLOCK
7620,7621,FLOW
7620,8311,FLOW
7620,8311,UNWIND
10457,7621,HAS_BLOCK
7621,7624,FLOW
7621,8311,FLOW
7621,8311,UNWIND
10457,7624,HAS_BLOCK
7624,7626,FLOW
7624,8523,FLOW
7624,8523,UNWIND
10457,7626,HAS_BLOCK
7626,7628,FLOW
7626,8523,FLOW
7626,8523,UNWIND
10457,7628,HAS_BLOCK
7628,7630,FLOW
7628,8523,FLOW
7628,8523,UNWIND
10457,7630,HAS_BLOCK
7630,7632,FLOW
7630,8523,FLOW
7630,8523,UNWIND
10457,7632,HAS_BLOCK
7632,7633,FLOW
7632,8311,FLOW
7632,8311,UNWIND
10457,7633,HAS_BLOCK
7633,7635,FLOW
7633,8311,FLOW
7633,8311,UNWIND
10457,7635,HAS_BLOCK
7635,7637,FLOW
7635,8521,FLOW
7635,8521,UNWIND
10457,7637,HAS_BLOCK
7637,7639,FLOW
7637,8521,FLOW
7637,8521,UNWIND
10457,7639,HAS_BLOCK
7639,7641,FLOW
7639,8521,FLOW
7639,8521,UNWIND
10457,7641,HAS_BLOCK
7641,7645,FLOW
7641,8521,FLOW
7641,8521,UNWIND
10457,7645,HAS_BLOCK
7645,7647,FLOW
7645,8521,FLOW
7645,8521,UNWIND
10457,7647,HAS_BLOCK
7647,7649,FLOW
7647,8521,FLOW
7647,8521,UNWIND
10457,7649,HAS_BLOCK
7649,7651,FLOW
7649,8521,FLOW
7649,8521,UNWIND
10457,7651,HAS_BLOCK
7651,7653,FLOW
7651,8521,FLOW
7651,8521,UNWIND
10457,7653,HAS_BLOCK
7653,7654,FLOW
7653,8311,FLOW
7653,8311,UNWIND
10457,7654,HAS_BLOCK
7654,7656,FLOW
7654,8311,FLOW
7654,8311,UNWIND
10457,7656,HAS_BLOCK
7656,7658,FLOW
7656,8519,FLOW
7656,8519,UNWIND
10457,7658,HAS_BLOCK
7658,7660,FLOW
7658,8519,FLOW
7658,8519,UNWIND
10457,7660,HAS_BLOCK
7660,7662,FLOW
7660,8519,FLOW
7660,8519,UNWIND
10457,7662,HAS_BLOCK
7662,7666,FLOW
7662,8519,FLOW
7662,8519,UNWIND
10457,7666,HAS_BLOCK
7666,7668,FLOW
7666,8519,FLOW
7666,8519,UNWIND
10457,7668,HAS_BLOCK
7668,7670,FLOW
7668,8519,FLOW
7668,8519,UNWIND
10457,7670,HAS_BLOCK
7670,7672,FLOW
7670,8519,FLOW
7670,8519,UNWIND
10457,7672,HAS_BLOCK
7672,7674,FLOW
7672,8519,FLOW
7672,8519,UNWIND
10457,7674,HAS_BLOCK
7674,7675,FLOW
7674,8311,FLOW
7674,8311,UNWIND
10457,7675,HAS_BLOCK
7675,7677,FLOW
7675,8311,FLOW
7675,8311,UNWIND
10457,7677,HAS_BLOCK
7677,7679,FLOW
7677,8515,FLOW
7677,8515,UNWIND
10457,7679,HAS_BLOCK
7679,7681,FLOW
7679,8515,FLOW
7679,8515,UNWIND
10457,7681,HAS_BLOCK
7681,7683,FLOW
7681,8515,FLOW
7681,8515,UNWIND
10457,7683,HAS_BLOCK
7683,7686,FLOW
7683,8311,FLOW
7683,8311,UNWIND
10457,7686,HAS_BLOCK
7686,7688,FLOW
7686,8311,FLOW
7686,8311,UNWIND
10457,7688,HAS_BLOCK
7688,7690,FLOW
7688,8513,FLOW
7688,8513,UNWIND
10457,7690,HAS_BLOCK
7690,7692,FLOW
7690,8513,FLOW
7690,8513,UNWIND
10457,7692,HAS_BLOCK
7692,7694,FLOW
7692,8513,FLOW
7692,8513,UNWIND
10457,7694,HAS_BLOCK
7694,7695,FLOW
7694,8311,FLOW
7694,8311,UNWIND
10457,7695,HAS_BLOCK
7695,7697,FLOW
7695,8311,FLOW
7695,8311,UNWIND
10457,7697,HAS_BLOCK
7697,7699,FLOW
7697,8511,FLOW
7697,8511,UNWIND
10457,7699,HAS_BLOCK
7699,7701,FLOW
7699,8306,FLOW
7699,8306,UNWIND
10457,7701,HAS_BLOCK
7701,7703,FLOW
7701,8509,FLOW
7701,8509,UNWIND
10457,7703,HAS_BLOCK
7703,7707,FLOW
7703,8509,FLOW
7703,8509,UNWIND
10457,7707,HAS_BLOCK
7707,7709,FLOW
7707,8509,FLOW
7707,8509,UNWIND
10457,7709,HAS_BLOCK
7709,7710,FLOW
7709,8306,FLOW
7709,8306,UNWIND
10457,7710,HAS_BLOCK
7710,7712,FLOW
7710,8306,FLOW
7710,8306,UNWIND
10457,7712,HAS_BLOCK
7712,7714,FLOW
7712,8507,FLOW
7712,8507,UNWIND
10457,7714,HAS_BLOCK
7714,7716,FLOW
7714,8507,FLOW
7714,8507,UNWIND
10457,7716,HAS_BLOCK
7716,7718,FLOW
7716,8507,FLOW
7716,8507,UNWIND
10457,7718,HAS_BLOCK
7718,7719,FLOW
7718,8306,FLOW
7718,8306,UNWIND
10457,7719,HAS_BLOCK
7719,7721,FLOW
7719,8306,FLOW
7719,8306,UNWIND
10457,7721,HAS_BLOCK
7721,7723,FLOW
7721,8504,FLOW
7721,8504,UNWIND
10457,7723,HAS_BLOCK
7723,7727,FLOW
7723,8504,FLOW
7723,8504,UNWIND
10457,7727,HAS_BLOCK
7727,7729,FLOW
7727,8504,FLOW
7727,8504,UNWIND
10457,7729,HAS_BLOCK
7729,7730,FLOW
7729,8306,FLOW
7729,8306,UNWIND
10457,7730,HAS_BLOCK
7730,7732,FLOW
7730,8511,FLOW
7730,8511,UNWIND
10457,7732,HAS_BLOCK
7732,7733,FLOW
7732,8311,FLOW
7732,8311,UNWIND
10457,7733,HAS_BLOCK
7733,7735,FLOW
7733,8539,FLOW
7733,8539,UNWIND
10457,7735,HAS_BLOCK
7735,7736,FLOW
7735,8312,FLOW
7735,8312,UNWIND
10457,7736,HAS_BLOCK
7736,7738,FLOW
7736,8312,FLOW
7736,8312,UNWIND
10457,7738,HAS_BLOCK
7738,7740,FLOW
7738,8502,FLOW
7738,8502,UNWIND
10457,7740,HAS_BLOCK
7740,7742,FLOW
7740,8305,FLOW
7740,8305,UNWIND
10457,7742,HAS_BLOCK
7742,7746,FLOW
7742,8500,FLOW
7742,8500,UNWIND
10457,7746,HAS_BLOCK
7746,7748,FLOW
7746,8500,FLOW
7746,8500,UNWIND
10457,7748,HAS_BLOCK
7748,7750,FLOW
7748,8500,FLOW
7748,8500,UNWIND
10457,7750,HAS_BLOCK
7750,7751,FLOW
7750,8305,FLOW
7750,8305,UNWIND
10457,7751,HAS_BLOCK
7751,7753,FLOW
7751,8305,FLOW
7751,8305,UNWIND
10457,7753,HAS_BLOCK
7753,7755,FLOW
7753,8305,FLOW
7753,8305,UNWIND
10457,7755,HAS_BLOCK
7755,7756,FLOW
7755,8305,FLOW
7755,8305,UNWIND
10457,7756,HAS_BLOCK
7756,7758,FLOW
7756,8305,FLOW
7756,8305,UNWIND
10457,7758,HAS_BLOCK
7758,7760,FLOW
7758,8498,FLOW
7758,8498,UNWIND
10457,7760,HAS_BLOCK
7760,7762,FLOW
7760,8498,FLOW
7760,8498,UNWIND
10457,7762,HAS_BLOCK
7762,7767,FLOW
7762,8498,FLOW
7762,8498,UNWIND
10457,7767,HAS_BLOCK
7767,7768,FLOW
7767,8305,FLOW
7767,8305,UNWIND
10457,7768,HAS_BLOCK
7768,7770,FLOW
7768,8305,FLOW
7768,8305,UNWIND
10457,7770,HAS_BLOCK
7770,7772,FLOW
7770,8496,FLOW
7770,8496,UNWIND
10457,7772,HAS_BLOCK
7772,7774,FLOW
7772,8496,FLOW
7772,8496,UNWIND
10457,7774,HAS_BLOCK
7774,7776,FLOW
7774,8496,FLOW
7774,8496,UNWIND
10457,7776,HAS_BLOCK
7776,7777,FLOW
7776,8305,FLOW
7776,8305,UNWIND
10457,7777,HAS_BLOCK
7777,7779,FLOW
7777,8305,FLOW
7777,8305,UNWIND
10457,7779,HAS_BLOCK
7779,7781,FLOW
7779,8493,FLOW
7779,8493,UNWIND
10457,7781,HAS_BLOCK
7781,7783,FLOW
7781,8493,FLOW
7781,8493,UNWIND
10457,7783,HAS_BLOCK
7783,7787,FLOW
7783,8493,FLOW
7783,8493,UNWIND
10457,7787,HAS_BLOCK
7787,7788,FLOW
7787,8305,FLOW
7787,8305,UNWIND
10457,7788,HAS_BLOCK
7788,7790,FLOW
7788,8502,FLOW
7788,8502,UNWIND
10457,7790,HAS_BLOCK
7790,7791,FLOW
7790,8312,FLOW
7790,8312,UNWIND
10457,7791,HAS_BLOCK
7791,7793,FLOW
7791,8312,FLOW
7791,8312,UNWIND
10457,7793,HAS_BLOCK
7793,7795,FLOW
7793,8491,FLOW
7793,8491,UNWIND
10457,7795,HAS_BLOCK
7795,7797,FLOW
7795,8304,FLOW
7795,8304,UNWIND
10457,7797,HAS_BLOCK
7797,7799,FLOW
7797,8489,FLOW
7797,8489,UNWIND
10457,7799,HAS_BLOCK
7799,7801,FLOW
7799,8489,FLOW
7799,8489,UNWIND
10457,7801,HAS_BLOCK
7801,7803,FLOW
7801,8489,FLOW
7801,8489,UNWIND
10457,7803,HAS_BLOCK
7803,7806,FLOW
7803,8304,FLOW
7803,8304,UNWIND
10457,7806,HAS_BLOCK
7806,7808,FLOW
7806,8304,FLOW
7806,8304,UNWIND
10457,7808,HAS_BLOCK
7808,7810,FLOW
7808,8487,FLOW
7808,8487,UNWIND
10457,7810,HAS_BLOCK
7810,7812,FLOW
7810,8487,FLOW
7810,8487,UNWIND
10457,7812,HAS_BLOCK
7812,7814,FLOW
7812,8487,FLOW
7812,8487,UNWIND
10457,7814,HAS_BLOCK
7814,7815,FLOW
7814,8304,FLOW
7814,8304,UNWIND
10457,7815,HAS_BLOCK
7815,7817,FLOW
7815,8491,FLOW
7815,8491,UNWIND
10457,7817,HAS_BLOCK
7817,7818,FLOW
7817,8312,FLOW
7817,8312,UNWIND
10457,7818,HAS_BLOCK
7818,7820,FLOW
7818,8312,FLOW
7818,8312,UNWIND
10457,7820,HAS_BLOCK
7820,7822,FLOW
7820,8485,FLOW
7820,8485,UNWIND
10457,7822,HAS_BLOCK
7822,7826,FLOW
7822,8303,FLOW
7822,8303,UNWIND
10457,7826,HAS_BLOCK
7826,7828,FLOW
7826,8482,FLOW
7826,8482,UNWIND
10457,7828,HAS_BLOCK
7828,7830,FLOW
7828,8482,FLOW
7828,8482,UNWIND
10457,7830,HAS_BLOCK
7830,7832,FLOW
7830,8482,FLOW
7830,8482,UNWIND
10457,7832,HAS_BLOCK
7832,7833,FLOW
7832,8303,FLOW
7832,8303,UNWIND
10457,7833,HAS_BLOCK
7833,7835,FLOW
7833,8303,FLOW
7833,8303,UNWIND
10457,7835,HAS_BLOCK
7835,7837,FLOW
7835,8480,FLOW
7835,8480,UNWIND
10457,7837,HAS_BLOCK
7837,7839,FLOW
7837,8480,FLOW
7837,8480,UNWIND
10457,7839,HAS_BLOCK
7839,7841,FLOW
7839,8480,FLOW
7839,8480,UNWIND
10457,7841,HAS_BLOCK
7841,7842,FLOW
7841,8303,FLOW
7841,8303,UNWIND
10457,7842,HAS_BLOCK
7842,7846,FLOW
7842,8485,FLOW
7842,8485,UNWIND
10457,7846,HAS_BLOCK
7846,7847,FLOW
7846,8312,FLOW
7846,8312,UNWIND
10457,7847,HAS_BLOCK
7847,7849,FLOW
7847,8312,FLOW
7847,8312,UNWIND
10457,7849,HAS_BLOCK
7849,7851,FLOW
7849,8478,FLOW
7849,8478,UNWIND
10457,7851,HAS_BLOCK
7851,7853,FLOW
7851,8302,FLOW
7851,8302,UNWIND
10457,7853,HAS_BLOCK
7853,7855,FLOW
7853,8476,FLOW
7853,8476,UNWIND
10457,7855,HAS_BLOCK
7855,7857,FLOW
7855,8476,FLOW
7855,8476,UNWIND
10457,7857,HAS_BLOCK
7857,7859,FLOW
7857,8476,FLOW
7857,8476,UNWIND
10457,7859,HAS_BLOCK
7859,7860,FLOW
7859,8302,FLOW
7859,8302,UNWIND
10457,7860,HAS_BLOCK
7860,7862,FLOW
7860,8302,FLOW
7860,8302,UNWIND
10457,7862,HAS_BLOCK
7862,7865,FLOW
7862,8474,FLOW
7862,8474,UNWIND
10457,7865,HAS_BLOCK
7865,7867,FLOW
7865,8474,FLOW
7865,8474,UNWIND
10457,7867,HAS_BLOCK
7867,7869,FLOW
7867,8474,FLOW
7867,8474,UNWIND
10457,7869,HAS_BLOCK
7869,7870,FLOW
7869,8302,FLOW
7869,8302,UNWIND
10457,7870,HAS_BLOCK
7870,7872,FLOW
7870,8478,FLOW
7870,8478,UNWIND
10457,7872,HAS_BLOCK
7872,7873,FLOW
7872,8312,FLOW
7872,8312,UNWIND
10457,7873,HAS_BLOCK
7873,7875,FLOW
7873,8312,FLOW
7873,8312,UNWIND
10457,7875,HAS_BLOCK
7875,7877,FLOW
7875,8301,FLOW
7875,8301,UNWIND
7875,6768,CALL
10457,7877,HAS_BLOCK
7877,7879,FLOW
7877,8470,FLOW
7877,8470,UNWIND
10457,7879,HAS_BLOCK
7879,7881,FLOW
7879,8470,FLOW
7879,8470,UNWIND
10457,7881,HAS_BLOCK
7881,7885,FLOW
7881,8470,FLOW
7881,8470,UNWIND
10457,7885,HAS_BLOCK
7885,7886,FLOW
7885,8300,FLOW
7885,8300,UNWIND
10457,7886,HAS_BLOCK
7886,7887,FLOW
7886,8312,FLOW
7886,8312,UNWIND
10457,7887,HAS_BLOCK
7887,7889,FLOW
7887,8299,FLOW
7887,8299,UNWIND
7887,5848,CALL
10457,7889,HAS_BLOCK
7889,7891,FLOW
7889,8299,FLOW
7889,8299,UNWIND
10457,7891,HAS_BLOCK
7891,7892,FLOW
7891,7893,FLOW
7891,9069,FLOW
10457,7892,HAS_BLOCK
7892,7896,FLOW
7892,8313,FLOW
7892,8313,UNWIND
10457,7893,HAS_BLOCK
7893,7895,FLOW
7893,8299,FLOW
7893,8299,UNWIND
10457,7895,HAS_BLOCK
7895,8240,FLOW
7895,8313,FLOW
7895,8313,UNWIND
10457,7896,HAS_BLOCK
7896,7897,FLOW
7896,8314,FLOW
7896,8314,UNWIND
10457,7897,HAS_BLOCK
7897,7900,FLOW
7897,8330,FLOW
7897,8330,UNWIND
10457,7900,HAS_BLOCK
7900,7901,FLOW
7900,8332,FLOW
7900,8332,UNWIND
10457,7901,HAS_BLOCK
7901,7902,FLOW
7901,8333,FLOW
7901,8333,UNWIND
10457,7902,HAS_BLOCK
7902,7903,FLOW
7902,8348,FLOW
7902,8348,UNWIND
10457,7903,HAS_BLOCK
7903,7904,FLOW
7903,8349,FLOW
7903,8349,UNWIND
10457,7904,HAS_BLOCK
7904,9598,FLOW
7904,8350,FLOW
7904,8350,UNWIND
10457,7905,HAS_BLOCK
7905,7906,FLOW
7905,8333,FLOW
7905,8333,UNWIND
10457,7906,HAS_BLOCK
7906,7907,FLOW
7906,8348,FLOW
7906,8348,UNWIND
10457,7907,HAS_BLOCK
7907,7908,FLOW
7907,8349,FLOW
7907,8349,UNWIND
10457,7908,HAS_BLOCK
7908,9598,FLOW
7908,8350,FLOW
7908,8350,UNWIND
10457,7909,HAS_BLOCK
7909,7913,FLOW
7909,8379,FLOW
7909,8379,UNWIND
10457,7913,HAS_BLOCK
7913,7915,FLOW
7913,8379,FLOW
7913,8379,UNWIND
10457,7915,HAS_BLOCK
7915,7917,FLOW
7915,8379,FLOW
7915,8379,UNWIND
10457,7917,HAS_BLOCK
7917,7919,FLOW
7917,8298,FLOW
7917,8298,UNWIND
10457,7919,HAS_BLOCK
7919,7921,FLOW
7919,8468,FLOW
7919,8468,UNWIND
10457,7921,HAS_BLOCK
7921,7923,FLOW
7921,8468,FLOW
7921,8468,UNWIND
10457,7923,HAS_BLOCK
7923,7925,FLOW
7923,8468,FLOW
7923,8468,UNWIND
10457,7925,HAS_BLOCK
7925,7926,FLOW
7925,8298,FLOW
7925,8298,UNWIND
10457,7926,HAS_BLOCK
7926,7928,FLOW
7926,8298,FLOW
7926,8298,UNWIND
10457,7928,HAS_BLOCK
7928,7930,FLOW
7928,8466,FLOW
7928,8466,UNWIND
10457,7930,HAS_BLOCK
7930,7934,FLOW
7930,8466,FLOW
7930,8466,UNWIND
10457,7934,HAS_BLOCK
7934,7936,FLOW
7934,8466,FLOW
7934,8466,UNWIND
10457,7936,HAS_BLOCK
7936,7937,FLOW
7936,8298,FLOW
7936,8298,UNWIND
10457,7937,HAS_BLOCK
7937,7939,FLOW
7937,8298,FLOW
7937,8298,UNWIND
10457,7939,HAS_BLOCK
7939,7941,FLOW
7939,8464,FLOW
7939,8464,UNWIND
10457,7941,HAS_BLOCK
7941,7943,FLOW
7941,8464,FLOW
7941,8464,UNWIND
10457,7943,HAS_BLOCK
7943,7945,FLOW
7943,8464,FLOW
7943,8464,UNWIND
10457,7945,HAS_BLOCK
7945,7946,FLOW
7945,8298,FLOW
7945,8298,UNWIND
10457,7946,HAS_BLOCK
7946,7948,FLOW
7946,8298,FLOW
7946,8298,UNWIND
10457,7948,HAS_BLOCK
7948,7950,FLOW
7948,8462,FLOW
7948,8462,UNWIND
10457,7950,HAS_BLOCK
7950,7955,FLOW
7950,8462,FLOW
7950,8462,UNWIND
10457,7955,HAS_BLOCK
7955,7957,FLOW
7955,8462,FLOW
7955,8462,UNWIND
10457,7957,HAS_BLOCK
7957,7958,FLOW
7957,8298,FLOW
7957,8298,UNWIND
10457,7958,HAS_BLOCK
7958,7960,FLOW
7958,8298,FLOW
7958,8298,UNWIND
10457,7960,HAS_BLOCK
7960,7962,FLOW
7960,8459,FLOW
7960,8459,UNWIND
10457,7962,HAS_BLOCK
7962,7964,FLOW
7962,8459,FLOW
7962,8459,UNWIND
10457,7964,HAS_BLOCK
7964,7966,FLOW
7964,8459,FLOW
7964,8459,UNWIND
10457,7966,HAS_BLOCK
7966,7967,FLOW
7966,8298,FLOW
7966,8298,UNWIND
10457,7967,HAS_BLOCK
7967,7969,FLOW
7967,8298,FLOW
7967,8298,UNWIND
10457,7969,HAS_BLOCK
7969,7971,FLOW
7969,8457,FLOW
7969,8457,UNWIND
10457,7971,HAS_BLOCK
7971,7975,FLOW
7971,8457,FLOW
7971,8457,UNWIND
10457,7975,HAS_BLOCK
7975,7977,FLOW
7975,8457,FLOW
7975,8457,UNWIND
10457,7977,HAS_BLOCK
7977,7978,FLOW
7977,8298,FLOW
7977,8298,UNWIND
10457,7978,HAS_BLOCK
7978,7980,FLOW
7978,8298,FLOW
7978,8298,UNWIND
10457,7980,HAS_BLOCK
7980,7982,FLOW
7980,8455,FLOW
7980,8455,UNWIND
10457,7982,HAS_BLOCK
7982,7984,FLOW
7982,8455,FLOW
7982,8455,UNWIND
10457,7984,HAS_BLOCK
7984,7986,FLOW
7984,8455,FLOW
7984,8455,UNWIND
10457,7986,HAS_BLOCK
7986,7987,FLOW
7986,8298,FLOW
7986,8298,UNWIND
10457,7987,HAS_BLOCK
7987,7989,FLOW
7987,8298,FLOW
7987,8298,UNWIND
10457,7989,HAS_BLOCK
7989,7991,FLOW
7989,8453,FLOW
7989,8453,UNWIND
10457,7991,HAS_BLOCK
7991,7995,FLOW
7991,8453,FLOW
7991,8453,UNWIND
10457,7995,HAS_BLOCK
7995,7997,FLOW
7995,8453,FLOW
7995,8453,UNWIND
10457,7997,HAS_BLOCK
7997,7998,FLOW
7997,8298,FLOW
7997,8298,UNWIND
10457,7998,HAS_BLOCK
7998,8000,FLOW
7998,8298,FLOW
7998,8298,UNWIND
10457,8000,HAS_BLOCK
8000,8002,FLOW
8000,8451,FLOW
8000,8451,UNWIND
10457,8002,HAS_BLOCK
8002,8004,FLOW
8002,8297,FLOW
8002,8297,UNWIND
10457,8004,HAS_BLOCK
8004,8006,FLOW
8004,8447,FLOW
8004,8447,UNWIND
10457,8006,HAS_BLOCK
8006,8008,FLOW
8006,8447,FLOW
8006,8447,UNWIND
10457,8008,HAS_BLOCK
8008,8010,FLOW
8008,8447,FLOW
8008,8447,UNWIND
10457,8010,HAS_BLOCK
8010,8011,FLOW
8010,8297,FLOW
8010,8297,UNWIND
10457,8011,HAS_BLOCK
8011,8015,FLOW
8011,8451,FLOW
8011,8451,UNWIND
10457,8015,HAS_BLOCK
8015,8016,FLOW
8015,8298,FLOW
8015,8298,UNWIND
10457,8016,HAS_BLOCK
8016,8018,FLOW
8016,8298,FLOW
8016,8298,UNWIND
10457,8018,HAS_BLOCK
8018,8020,FLOW
8018,8292,FLOW
8018,8292,UNWIND
8018,6768,CALL
10457,8020,HAS_BLOCK
8020,8022,FLOW
8020,8445,FLOW
8020,8445,UNWIND
10457,8022,HAS_BLOCK
8022,8024,FLOW
8022,8445,FLOW
8022,8445,UNWIND
10457,8024,HAS_BLOCK
8024,8026,FLOW
8024,8445,FLOW
8024,8445,UNWIND
10457,8026,HAS_BLOCK
8026,8027,FLOW
8026,8291,FLOW
8026,8291,UNWIND
10457,8027,HAS_BLOCK
8027,8028,FLOW
8027,8298,FLOW
8027,8298,UNWIND
10457,8028,HAS_BLOCK
8028,8030,FLOW
8028,8290,FLOW
8028,8290,UNWIND
10457,8030,HAS_BLOCK
8030,8034,FLOW
8030,8290,FLOW
8030,8290,UNWIND
10457,8034,HAS_BLOCK
8034,8036,FLOW
8034,8289,FLOW
8034,8289,UNWIND
10457,8036,HAS_BLOCK
8036,8038,FLOW
8036,8289,FLOW
8036,8289,UNWIND
8036,5848,CALL
10457,8038,HAS_BLOCK
8038,8040,FLOW
8038,8289,FLOW
8038,8289,UNWIND
10457,8040,HAS_BLOCK
8040,8041,FLOW
8040,8042,FLOW
8040,9069,FLOW
10457,8041,HAS_BLOCK
8041,8045,FLOW
8041,8290,FLOW
8041,8290,UNWIND
10457,8042,HAS_BLOCK
8042,8044,FLOW
8042,8289,FLOW
8042,8289,UNWIND
10457,8044,HAS_BLOCK
8044,8239,FLOW
8044,8290,FLOW
8044,8290,UNWIND
10457,8045,HAS_BLOCK
8045,8047,FLOW
8045,8046,FLOW
10457,8046,HAS_BLOCK
8046,8049,FLOW
10457,8047,HAS_BLOCK
8047,8049,FLOW
10457,8049,HAS_BLOCK
8049,8051,FLOW
8049,8290,FLOW
8049,8290,UNWIND
10457,8051,HAS_BLOCK
8051,8053,FLOW
8051,8288,FLOW
8051,8288,UNWIND
10457,8053,HAS_BLOCK
8053,8055,FLOW
8053,8288,FLOW
8053,8288,UNWIND
10457,8055,HAS_BLOCK
8055,8057,FLOW
8055,8288,FLOW
8055,8288,UNWIND
10457,8057,HAS_BLOCK
8057,8059,FLOW
8057,8288,FLOW
8057,8288,UNWIND
10457,8059,HAS_BLOCK
8059,8061,FLOW
8059,8288,FLOW
8059,8288,UNWIND
10457,8061,HAS_BLOCK
8061,8063,FLOW
8061,8288,FLOW
8061,8288,UNWIND
10457,8063,HAS_BLOCK
8063,8065,FLOW
8063,8288,FLOW
8063,8288,UNWIND
10457,8065,HAS_BLOCK
8065,8067,FLOW
8065,8288,FLOW
8065,8288,UNWIND
10457,8067,HAS_BLOCK
8067,8071,FLOW
8067,8288,FLOW
8067,8288,UNWIND
10457,8071,HAS_BLOCK
8071,8073,FLOW
8071,8288,FLOW
8071,8288,UNWIND
10457,8073,HAS_BLOCK
8073,8075,FLOW
8073,8288,FLOW
8073,8288,UNWIND
10457,8075,HAS_BLOCK
8075,8076,FLOW
8075,8099,FLOW
10457,8076,HAS_BLOCK
8076,8078,FLOW
8076,8288,FLOW
8076,8288,UNWIND
10457,8078,HAS_BLOCK
8078,8080,FLOW
8078,8288,FLOW
8078,8288,UNWIND
10457,8080,HAS_BLOCK
8080,8082,FLOW
8080,8288,FLOW
8080,8288,UNWIND
10457,8082,HAS_BLOCK
8082,8084,FLOW
8082,8288,FLOW
8082,8288,UNWIND
10457,8084,HAS_BLOCK
8084,8086,FLOW
8084,8288,FLOW
8084,8288,UNWIND
10457,8086,HAS_BLOCK
8086,8087,FLOW
10457,8087,HAS_BLOCK
8087,8090,FLOW
8087,8288,FLOW
8087,8288,UNWIND
10457,8090,HAS_BLOCK
8090,8099,FLOW
8090,8091,FLOW
8090,9069,FLOW
10457,8091,HAS_BLOCK
8091,8093,FLOW
8091,8288,FLOW
8091,8288,UNWIND
10457,8093,HAS_BLOCK
8093,8095,FLOW
8093,8288,FLOW
8093,8288,UNWIND
10457,8095,HAS_BLOCK
8095,8097,FLOW
8095,8288,FLOW
8095,8288,UNWIND
10457,8097,HAS_BLOCK
8097,8865,FLOW
8097,8288,FLOW
8097,8288,UNWIND
10457,8099,HAS_BLOCK
8099,8101,FLOW
8099,8288,FLOW
8099,8288,UNWIND
10457,8101,HAS_BLOCK
8101,8103,FLOW
8101,8288,FLOW
8101,8288,UNWIND
10457,8103,HAS_BLOCK
8103,8105,FLOW
8103,8288,FLOW
8103,8288,UNWIND
10457,8105,HAS_BLOCK
8105,8107,FLOW
8105,8288,FLOW
8105,8288,UNWIND
10457,8107,HAS_BLOCK
8107,8111,FLOW
8107,8288,FLOW
8107,8288,UNWIND
10457,8111,HAS_BLOCK
8111,8113,FLOW
8111,8288,FLOW
8111,8288,UNWIND
10457,8113,HAS_BLOCK
8113,8115,FLOW
8113,8288,FLOW
8113,8288,UNWIND
10457,8115,HAS_BLOCK
8115,8117,FLOW
8115,8288,FLOW
8115,8288,UNWIND
10457,8117,HAS_BLOCK
8117,8119,FLOW
8117,8288,FLOW
8117,8288,UNWIND
10457,8119,HAS_BLOCK
8119,8120,FLOW
8119,8219,FLOW
10457,8120,HAS_BLOCK
8120,8121,FLOW
8120,8219,FLOW
10457,8121,HAS_BLOCK
8121,8123,FLOW
8121,8288,FLOW
8121,8288,UNWIND
10457,8123,HAS_BLOCK
8123,8125,FLOW
8123,8288,FLOW
8123,8288,UNWIND
10457,8125,HAS_BLOCK
8125,8127,FLOW
8125,8287,FLOW
8125,8287,UNWIND
10457,8127,HAS_BLOCK
8127,8131,FLOW
8127,8287,FLOW
8127,8287,UNWIND
10457,8131,HAS_BLOCK
8131,8133,FLOW
8131,8286,FLOW
8131,8286,UNWIND
10457,8133,HAS_BLOCK
8133,8135,FLOW
8133,8443,FLOW
8133,8443,UNWIND
10457,8135,HAS_BLOCK
8135,8137,FLOW
8135,8443,FLOW
8135,8443,UNWIND
10457,8137,HAS_BLOCK
8137,8139,FLOW
8137,8443,FLOW
8137,8443,UNWIND
10457,8139,HAS_BLOCK
8139,8140,FLOW
8139,8286,FLOW
8139,8286,UNWIND
10457,8140,HAS_BLOCK
8140,8142,FLOW
8140,8286,FLOW
8140,8286,UNWIND
10457,8142,HAS_BLOCK
8142,8144,FLOW
8142,8441,FLOW
8142,8441,UNWIND
10457,8144,HAS_BLOCK
8144,8146,FLOW
8144,8441,FLOW
8144,8441,UNWIND
10457,8146,HAS_BLOCK
8146,8148,FLOW
8146,8441,FLOW
8146,8441,UNWIND
10457,8148,HAS_BLOCK
8148,8153,FLOW
8148,8286,FLOW
8148,8286,UNWIND
10457,8153,HAS_BLOCK
8153,8155,FLOW
8153,8286,FLOW
8153,8286,UNWIND
10457,8155,HAS_BLOCK
8155,8157,FLOW
8155,8439,FLOW
8155,8439,UNWIND
10457,8157,HAS_BLOCK
8157,8159,FLOW
8157,8439,FLOW
8157,8439,UNWIND
10457,8159,HAS_BLOCK
8159,8161,FLOW
8159,8439,FLOW
8159,8439,UNWIND
10457,8161,HAS_BLOCK
8161,8162,FLOW
8161,8286,FLOW
8161,8286,UNWIND
10457,8162,HAS_BLOCK
8162,8164,FLOW
8162,8286,FLOW
8162,8286,UNWIND
10457,8164,HAS_BLOCK
8164,8166,FLOW
8164,8435,FLOW
8164,8435,UNWIND
10457,8166,HAS_BLOCK
8166,8168,FLOW
8166,8435,FLOW
8166,8435,UNWIND
10457,8168,HAS_BLOCK
8168,8170,FLOW
8168,8435,FLOW
8168,8435,UNWIND
10457,8170,HAS_BLOCK
8170,8174,FLOW
8170,8435,FLOW
8170,8435,UNWIND
10457,8174,HAS_BLOCK
8174,8175,FLOW
8174,8286,FLOW
8174,8286,UNWIND
10457,8175,HAS_BLOCK
8175,8177,FLOW
8175,8286,FLOW
8175,8286,UNWIND
10457,8177,HAS_BLOCK
8177,8179,FLOW
8177,8285,FLOW
8177,8285,UNWIND
10457,8179,HAS_BLOCK
8179,8181,FLOW
8179,8285,FLOW
8179,8285,UNWIND
10457,8181,HAS_BLOCK
8181,8183,FLOW
8181,8285,FLOW
8181,8285,UNWIND
10457,8183,HAS_BLOCK
8183,8185,FLOW
8183,8285,FLOW
8183,8285,UNWIND
10457,8185,HAS_BLOCK
8185,8187,FLOW
8185,8433,FLOW
8185,8433,UNWIND
10457,8187,HAS_BLOCK
8187,8189,FLOW
8187,8433,FLOW
8187,8433,UNWIND
10457,8189,HAS_BLOCK
8189,8191,FLOW
8189,8433,FLOW
8189,8433,UNWIND
10457,8191,HAS_BLOCK
8191,8194,FLOW
8191,8284,FLOW
8191,8284,UNWIND
10457,8194,HAS_BLOCK
8194,8195,FLOW
8194,8286,FLOW
8194,8286,UNWIND
10457,8195,HAS_BLOCK
8195,8197,FLOW
8195,8286,FLOW
8195,8286,UNWIND
10457,8197,HAS_BLOCK
8197,8199,FLOW
8197,8283,FLOW
8197,8283,UNWIND
8197,6768,CALL
10457,8199,HAS_BLOCK
8199,8201,FLOW
8199,8431,FLOW
8199,8431,UNWIND
10457,8201,HAS_BLOCK
8201,8203,FLOW
8201,8431,FLOW
8201,8431,UNWIND
10457,8203,HAS_BLOCK
8203,8205,FLOW
8203,8431,FLOW
8203,8431,UNWIND
10457,8205,HAS_BLOCK
8205,8206,FLOW
8205,8280,FLOW
8205,8280,UNWIND
10457,8206,HAS_BLOCK
8206,8207,FLOW
8206,8286,FLOW
8206,8286,UNWIND
10457,8207,HAS_BLOCK
8207,8209,FLOW
8207,8279,FLOW
8207,8279,UNWIND
8207,5848,CALL
10457,8209,HAS_BLOCK
8209,8213,FLOW
8209,8279,FLOW
8209,8279,UNWIND
10457,8213,HAS_BLOCK
8213,8214,FLOW
8213,8215,FLOW
8213,9069,FLOW
10457,8214,HAS_BLOCK
8214,8218,FLOW
8214,8287,FLOW
8214,8287,UNWIND
10457,8215,HAS_BLOCK
8215,8217,FLOW
8215,8279,FLOW
8215,8279,UNWIND
10457,8217,HAS_BLOCK
8217,8237,FLOW
8217,8287,FLOW
8217,8287,UNWIND
10457,8218,HAS_BLOCK
8218,8219,FLOW
8218,8288,FLOW
8218,8288,UNWIND
10457,8219,HAS_BLOCK
8219,8220,FLOW
8219,8379,FLOW
8219,8379,UNWIND
10457,8220,HAS_BLOCK
8220,8221,FLOW
8220,8380,FLOW
8220,8380,UNWIND
10457,8221,HAS_BLOCK
8221,8222,FLOW
8221,8381,FLOW
8221,8381,UNWIND
10457,8222,HAS_BLOCK
8222,8223,FLOW
8222,8382,FLOW
8222,8382,UNWIND
10457,8223,HAS_BLOCK
8223,8225,FLOW
8223,8834,FLOW
8223,8834,UNWIND
10457,8225,HAS_BLOCK
8225,8418,FLOW
8225,8419,FLOW
10457,8226,HAS_BLOCK
8226,8227,FLOW
8226,8836,FLOW
8226,8836,UNWIND
10457,8227,HAS_BLOCK
8227,8228,FLOW
8227,8406,FLOW
8227,8406,UNWIND
10457,8228,HAS_BLOCK
8228,8229,FLOW
8228,8407,FLOW
8228,8407,UNWIND
10457,8229,HAS_BLOCK
8229,8230,FLOW
8229,8408,FLOW
8229,8408,UNWIND
10457,8230,HAS_BLOCK
8230,8231,FLOW
8230,8409,FLOW
8230,8409,UNWIND
10457,8231,HAS_BLOCK
8231,8232,FLOW
8231,8840,FLOW
8231,8840,UNWIND
10457,8232,HAS_BLOCK
8232,8233,FLOW
8232,8416,FLOW
8232,8416,UNWIND
10457,8233,HAS_BLOCK
8233,8234,FLOW
8233,8846,FLOW
8233,8846,UNWIND
10457,8234,HAS_BLOCK
8234,8421,FLOW
8234,8420,FLOW
8234,8420,UNWIND
10457,8237,HAS_BLOCK
8237,8238,FLOW
8237,8288,FLOW
8237,8288,UNWIND
10457,8238,HAS_BLOCK
8238,8239,FLOW
8238,8290,FLOW
8238,8290,UNWIND
10457,8239,HAS_BLOCK
8239,8257,FLOW
8239,8379,FLOW
8239,8379,UNWIND
10457,8240,HAS_BLOCK
8240,8241,FLOW
8240,8314,FLOW
8240,8314,UNWIND
10457,8241,HAS_BLOCK
8241,8243,FLOW
8241,8330,FLOW
8241,8330,UNWIND
10457,8242,HAS_BLOCK
8242,8243,FLOW
8242,8330,FLOW
8242,8330,UNWIND
10457,8243,HAS_BLOCK
8243,8244,FLOW
8243,8332,FLOW
8243,8332,UNWIND
10457,8244,HAS_BLOCK
8244,8245,FLOW
8244,8333,FLOW
8244,8333,UNWIND
10457,8245,HAS_BLOCK
8245,8248,FLOW
8245,8348,FLOW
8245,8348,UNWIND
10457,8246,HAS_BLOCK
8246,8248,FLOW
8246,8348,FLOW
8246,8348,UNWIND
10457,8248,HAS_BLOCK
8248,8249,FLOW
8248,8349,FLOW
8248,8349,UNWIND
10457,8249,HAS_BLOCK
8249,8250,FLOW
8249,8350,FLOW
8249,8350,UNWIND
10457,8250,HAS_BLOCK
8250,8257,FLOW
8250,8379,FLOW
8250,8379,UNWIND
10457,8251,HAS_BLOCK
8251,8252,FLOW
8251,8364,FLOW
8251,8364,UNWIND
10457,8252,HAS_BLOCK
8252,8254,FLOW
8252,8374,FLOW
8252,8374,UNWIND
10457,8253,HAS_BLOCK
8253,8254,FLOW
8253,8374,FLOW
8253,8374,UNWIND
10457,8254,HAS_BLOCK
8254,8255,FLOW
8254,8375,FLOW
8254,8375,UNWIND
10457,8255,HAS_BLOCK
8255,8256,FLOW
8255,8376,FLOW
8255,8376,UNWIND
10457,8256,HAS_BLOCK
8256,8257,FLOW
8256,8379,FLOW
8256,8379,UNWIND
10457,8257,HAS_BLOCK
8257,8259,FLOW
8257,8380,FLOW
8257,8380,UNWIND
10457,8259,HAS_BLOCK
8259,8260,FLOW
8259,8381,FLOW
8259,8381,UNWIND
10457,8260,HAS_BLOCK
8260,8261,FLOW
8260,8382,FLOW
8260,8382,UNWIND
10457,8261,HAS_BLOCK
8261,8424,FLOW
8261,8834,FLOW
8261,8834,UNWIND
10457,8262,HAS_BLOCK
8262,8424,FLOW
8262,8834,FLOW
8262,8834,UNWIND
10457,8263,HAS_BLOCK
8263,8424,FLOW
8263,8834,FLOW
8263,8834,UNWIND
10457,8264,HAS_BLOCK
8264,8265,FLOW
8264,8836,FLOW
8264,8836,UNWIND
10457,8265,HAS_BLOCK
8265,8266,FLOW
10457,8266,HAS_BLOCK
8266,8267,FLOW
8266,8406,FLOW
8266,8406,UNWIND
10457,8267,HAS_BLOCK
8267,8268,FLOW
8267,8407,FLOW
8267,8407,UNWIND
10457,8268,HAS_BLOCK
8268,8271,FLOW
8268,8408,FLOW
8268,8408,UNWIND
10457,8271,HAS_BLOCK
8271,8272,FLOW
8271,8409,FLOW
8271,8409,UNWIND
10457,8272,HAS_BLOCK
8272,8273,FLOW
8272,8840,FLOW
8272,8840,UNWIND
10457,8273,HAS_BLOCK
8273,8274,FLOW
8273,8842,FLOW
8273,8842,UNWIND
10457,8274,HAS_BLOCK
8274,8275,FLOW
8274,8427,FLOW
10457,8275,HAS_BLOCK
8275,8276,FLOW
8275,8416,FLOW
8275,8416,UNWIND
10457,8276,HAS_BLOCK
8276,8277,FLOW
8276,8846,FLOW
8276,8846,UNWIND
10457,8277,HAS_BLOCK
8277,8429,FLOW
8277,8428,FLOW
8277,8428,UNWIND
10457,8278,HAS_BLOCK
8278,10457,RETURN
10457,8279,HAS_BLOCK
8279,8287,FLOW
10457,8280,HAS_BLOCK
8280,8286,FLOW
10457,8283,HAS_BLOCK
8283,8286,FLOW
10457,8284,HAS_BLOCK
8284,8286,FLOW
10457,8285,HAS_BLOCK
8285,8286,FLOW
10457,8286,HAS_BLOCK
8286,8287,FLOW
10457,8287,HAS_BLOCK
8287,8288,FLOW
10457,8288,HAS_BLOCK
8288,8290,FLOW
10457,8289,HAS_BLOCK
8289,8290,FLOW
10457,8290,HAS_BLOCK
8290,8379,FLOW
10457,8291,HAS_BLOCK
8291,8298,FLOW
10457,8292,HAS_BLOCK
8292,8298,FLOW
10457,8297,HAS_BLOCK
8297,8451,FLOW
10457,8298,HAS_BLOCK
8298,8379,FLOW
10457,8299,HAS_BLOCK
8299,8313,FLOW
10457,8300,HAS_BLOCK
8300,8312,FLOW
10457,8301,HAS_BLOCK
8301,8312,FLOW
10457,8302,HAS_BLOCK
8302,8478,FLOW
10457,8303,HAS_BLOCK
8303,8485,FLOW
10457,8304,HAS_BLOCK
8304,8491,FLOW
10457,8305,HAS_BLOCK
8305,8502,FLOW
10457,8306,HAS_BLOCK
8306,8511,FLOW
10457,8309,HAS_BLOCK
8309,8311,FLOW
10457,8310,HAS_BLOCK
8310,8311,FLOW
10457,8311,HAS_BLOCK
8311,8539,FLOW
10457,8312,HAS_BLOCK
8312,8313,FLOW
10457,8313,HAS_BLOCK
8313,8314,FLOW
10457,8314,HAS_BLOCK
8314,8330,FLOW
10457,8315,HAS_BLOCK
8315,8328,FLOW
10457,8316,HAS_BLOCK
8316,8327,FLOW
10457,8317,HAS_BLOCK
8317,8327,FLOW
10457,8318,HAS_BLOCK
8318,8556,FLOW
10457,8321,HAS_BLOCK
8321,8560,FLOW
10457,8322,HAS_BLOCK
8322,8568,FLOW
10457,8323,HAS_BLOCK
8323,8579,FLOW
10457,8324,HAS_BLOCK
8324,8326,FLOW
10457,8325,HAS_BLOCK
8325,8326,FLOW
10457,8326,HAS_BLOCK
8326,8603,FLOW
10457,8327,HAS_BLOCK
8327,8328,FLOW
10457,8328,HAS_BLOCK
8328,8330,FLOW
10457,8329,HAS_BLOCK
8329,8330,FLOW
10457,8330,HAS_BLOCK
8330,8332,FLOW
10457,8332,HAS_BLOCK
8332,8333,FLOW
10457,8333,HAS_BLOCK
8333,8348,FLOW
10457,8334,HAS_BLOCK
8334,8346,FLOW
10457,8335,HAS_BLOCK
8335,8345,FLOW
10457,8336,HAS_BLOCK
8336,8345,FLOW
10457,8337,HAS_BLOCK
8337,8619,FLOW
10457,8338,HAS_BLOCK
8338,8623,FLOW
10457,8339,HAS_BLOCK
8339,8631,FLOW
10457,8340,HAS_BLOCK
8340,8642,FLOW
10457,8341,HAS_BLOCK
8341,8344,FLOW
10457,8343,HAS_BLOCK
8343,8344,FLOW
10457,8344,HAS_BLOCK
8344,8668,FLOW
10457,8345,HAS_BLOCK
8345,8346,FLOW
10457,8346,HAS_BLOCK
8346,8348,FLOW
10457,8347,HAS_BLOCK
8347,8348,FLOW
10457,8348,HAS_BLOCK
8348,8349,FLOW
10457,8349,HAS_BLOCK
8349,8350,FLOW
10457,8350,HAS_BLOCK
8350,8379,FLOW
10457,8351,HAS_BLOCK
8351,8363,FLOW
10457,8352,HAS_BLOCK
8352,8362,FLOW
10457,8355,HAS_BLOCK
8355,8362,FLOW
10457,8356,HAS_BLOCK
8356,8684,FLOW
10457,8357,HAS_BLOCK
8357,8692,FLOW
10457,8358,HAS_BLOCK
8358,8700,FLOW
10457,8359,HAS_BLOCK
8359,8711,FLOW
10457,8360,HAS_BLOCK
8360,8719,FLOW
10457,8361,HAS_BLOCK
8361,8746,FLOW
10457,8362,HAS_BLOCK
8362,8363,FLOW
10457,8363,HAS_BLOCK
8363,8364,FLOW
10457,8364,HAS_BLOCK
8364,8374,FLOW
10457,8367,HAS_BLOCK
8367,8373,FLOW
10457,8368,HAS_BLOCK
8368,8372,FLOW
10457,8369,HAS_BLOCK
8369,8372,FLOW
10457,8370,HAS_BLOCK
8370,8372,FLOW
10457,8371,HAS_BLOCK
8371,8372,FLOW
10457,8372,HAS_BLOCK
8372,8373,FLOW
10457,8373,HAS_BLOCK
8373,8374,FLOW
10457,8374,HAS_BLOCK
8374,8375,FLOW
10457,8375,HAS_BLOCK
8375,8376,FLOW
10457,8376,HAS_BLOCK
8376,8379,FLOW
10457,8379,HAS_BLOCK
8379,8380,FLOW
10457,8380,HAS_BLOCK
8380,8381,FLOW
10457,8381,HAS_BLOCK
8381,8382,FLOW
10457,8382,HAS_BLOCK
8382,8834,FLOW
10457,8383,HAS_BLOCK
8383,8388,FLOW
10457,8384,HAS_BLOCK
8384,8387,FLOW
10457,8385,HAS_BLOCK
8385,8387,FLOW
10457,8386,HAS_BLOCK
8386,8790,FLOW
10457,8387,HAS_BLOCK
8387,8388,FLOW
10457,8388,HAS_BLOCK
8388,8834,FLOW
10457,8391,HAS_BLOCK
8391,8399,FLOW
10457,8392,HAS_BLOCK
8392,8398,FLOW
10457,8393,HAS_BLOCK
8393,8398,FLOW
10457,8394,HAS_BLOCK
8394,8396,FLOW
10457,8395,HAS_BLOCK
8395,8396,FLOW
10457,8396,HAS_BLOCK
8396,8812,FLOW
10457,8397,HAS_BLOCK
8397,8824,FLOW
10457,8398,HAS_BLOCK
8398,8399,FLOW
10457,8399,HAS_BLOCK
8399,8834,FLOW
10457,8400,HAS_BLOCK
8400,8402,FLOW
10457,8402,HAS_BLOCK
8402,8836,FLOW
10457,8403,HAS_BLOCK
8403,8405,FLOW
10457,8404,HAS_BLOCK
8404,8405,FLOW
10457,8405,HAS_BLOCK
8405,8406,FLOW
10457,8406,HAS_BLOCK
8406,8407,FLOW
10457,8407,HAS_BLOCK
8407,8408,FLOW
10457,8408,HAS_BLOCK
8408,8409,FLOW
10457,8409,HAS_BLOCK
8409,8840,FLOW
10457,8410,HAS_BLOCK
8410,8844,FLOW
10457,8411,HAS_BLOCK
8411,8415,FLOW
10457,8415,HAS_BLOCK
8415,8416,FLOW
10457,8416,HAS_BLOCK
8416,8846,FLOW
10457,8417,HAS_BLOCK
10457,8418,HAS_BLOCK
8418,8226,FLOW
8418,8402,FLOW
8418,8402,UNWIND
10457,8419,HAS_BLOCK
8419,8418,FLOW
8419,8400,FLOW
8419,8400,UNWIND
10457,8420,HAS_BLOCK
8420,8417,FLOW
10457,8421,HAS_BLOCK
8421,8278,FLOW
10457,8422,HAS_BLOCK
8422,8264,FLOW
8422,8402,FLOW
8422,8402,UNWIND
10457,8423,HAS_BLOCK
8423,8422,FLOW
8423,8400,FLOW
8423,8400,UNWIND
10457,8424,HAS_BLOCK
8424,8422,FLOW
8424,8423,FLOW
10457,8427,HAS_BLOCK
8427,8275,FLOW
8427,8415,FLOW
8427,8415,UNWIND
10457,8428,HAS_BLOCK
8428,8417,FLOW
10457,8429,HAS_BLOCK
8429,8278,FLOW
10457,8430,HAS_BLOCK
8430,8280,FLOW
10457,8431,HAS_BLOCK
8431,8280,FLOW
8431,8430,FLOW
10457,8432,HAS_BLOCK
8432,8284,FLOW
10457,8433,HAS_BLOCK
8433,8284,FLOW
8433,8432,FLOW
10457,8434,HAS_BLOCK
8434,8286,FLOW
10457,8435,HAS_BLOCK
8435,8286,FLOW
8435,8434,FLOW
10457,8436,HAS_BLOCK
8436,8286,FLOW
10457,8439,HAS_BLOCK
8439,8286,FLOW
8439,8436,FLOW
10457,8440,HAS_BLOCK
8440,8286,FLOW
10457,8441,HAS_BLOCK
8441,8286,FLOW
8441,8440,FLOW
10457,8442,HAS_BLOCK
8442,8286,FLOW
10457,8443,HAS_BLOCK
8443,8286,FLOW
8443,8442,FLOW
10457,8444,HAS_BLOCK
8444,8291,FLOW
10457,8445,HAS_BLOCK
8445,8291,FLOW
8445,8444,FLOW
10457,8446,HAS_BLOCK
8446,8297,FLOW
10457,8447,HAS_BLOCK
8447,8297,FLOW
8447,8446,FLOW
10457,8448,HAS_BLOCK
8448,8298,FLOW
10457,8451,HAS_BLOCK
8451,8298,FLOW
8451,8448,FLOW
10457,8452,HAS_BLOCK
8452,8298,FLOW
10457,8453,HAS_BLOCK
8453,8298,FLOW
8453,8452,FLOW
10457,8454,HAS_BLOCK
8454,8298,FLOW
10457,8455,HAS_BLOCK
8455,8298,FLOW
8455,8454,FLOW
10457,8456,HAS_BLOCK
8456,8298,FLOW
10457,8457,HAS_BLOCK
8457,8298,FLOW
8457,8456,FLOW
10457,8458,HAS_BLOCK
8458,8298,FLOW
10457,8459,HAS_BLOCK
8459,8298,FLOW
8459,8458,FLOW
10457,8460,HAS_BLOCK
8460,8298,FLOW
10457,8462,HAS_BLOCK
8462,8298,FLOW
8462,8460,FLOW
10457,8463,HAS_BLOCK
8463,8298,FLOW
10457,8464,HAS_BLOCK
8464,8298,FLOW
8464,8463,FLOW
10457,8465,HAS_BLOCK
8465,8298,FLOW
10457,8466,HAS_BLOCK
8466,8298,FLOW
8466,8465,FLOW
10457,8467,HAS_BLOCK
8467,8298,FLOW
10457,8468,HAS_BLOCK
8468,8298,FLOW
8468,8467,FLOW
10457,8469,HAS_BLOCK
8469,8300,FLOW
10457,8470,HAS_BLOCK
8470,8300,FLOW
8470,8469,FLOW
10457,8471,HAS_BLOCK
8471,8302,FLOW
10457,8474,HAS_BLOCK
8474,8302,FLOW
8474,8471,FLOW
10457,8475,HAS_BLOCK
8475,8302,FLOW
10457,8476,HAS_BLOCK
8476,8302,FLOW
8476,8475,FLOW
10457,8477,HAS_BLOCK
8477,8312,FLOW
10457,8478,HAS_BLOCK
8478,8312,FLOW
8478,8477,FLOW
10457,8479,HAS_BLOCK
8479,8303,FLOW
10457,8480,HAS_BLOCK
8480,8303,FLOW
8480,8479,FLOW
10457,8481,HAS_BLOCK
8481,8303,FLOW
10457,8482,HAS_BLOCK
8482,8303,FLOW
8482,8481,FLOW
10457,8483,HAS_BLOCK
8483,8312,FLOW
10457,8485,HAS_BLOCK
8485,8312,FLOW
8485,8483,FLOW
10457,8486,HAS_BLOCK
8486,8304,FLOW
10457,8487,HAS_BLOCK
8487,8304,FLOW
8487,8486,FLOW
10457,8488,HAS_BLOCK
8488,8304,FLOW
10457,8489,HAS_BLOCK
8489,8304,FLOW
8489,8488,FLOW
10457,8490,HAS_BLOCK
8490,8312,FLOW
10457,8491,HAS_BLOCK
8491,8312,FLOW
8491,8490,FLOW
10457,8492,HAS_BLOCK
8492,8305,FLOW
10457,8493,HAS_BLOCK
8493,8305,FLOW
8493,8492,FLOW
10457,8494,HAS_BLOCK
8494,8305,FLOW
10457,8496,HAS_BLOCK
8496,8305,FLOW
8496,8494,FLOW
10457,8497,HAS_BLOCK
8497,8305,FLOW
10457,8498,HAS_BLOCK
8498,8305,FLOW
8498,8497,FLOW
10457,8499,HAS_BLOCK
8499,8305,FLOW
10457,8500,HAS_BLOCK
8500,8305,FLOW
8500,8499,FLOW
10457,8501,HAS_BLOCK
8501,8312,FLOW
10457,8502,HAS_BLOCK
8502,8312,FLOW
8502,8501,FLOW
10457,8503,HAS_BLOCK
8503,8306,FLOW
10457,8504,HAS_BLOCK
8504,8306,FLOW
8504,8503,FLOW
10457,8505,HAS_BLOCK
8505,8306,FLOW
10457,8507,HAS_BLOCK
8507,8306,FLOW
8507,8505,FLOW
10457,8508,HAS_BLOCK
8508,8306,FLOW
10457,8509,HAS_BLOCK
8509,8306,FLOW
8509,8508,FLOW
10457,8510,HAS_BLOCK
8510,8311,FLOW
10457,8511,HAS_BLOCK
8511,8311,FLOW
8511,8510,FLOW
10457,8512,HAS_BLOCK
8512,8311,FLOW
10457,8513,HAS_BLOCK
8513,8311,FLOW
8513,8512,FLOW
10457,8514,HAS_BLOCK
8514,8311,FLOW
10457,8515,HAS_BLOCK
8515,8311,FLOW
8515,8514,FLOW
10457,8516,HAS_BLOCK
8516,8311,FLOW
10457,8519,HAS_BLOCK
8519,8311,FLOW
8519,8516,FLOW
10457,8520,HAS_BLOCK
8520,8311,FLOW
10457,8521,HAS_BLOCK
8521,8311,FLOW
8521,8520,FLOW
10457,8522,HAS_BLOCK
8522,8311,FLOW
10457,8523,HAS_BLOCK
8523,8311,FLOW
8523,8522,FLOW
10457,8524,HAS_BLOCK
8524,8309,FLOW
10457,8525,HAS_BLOCK
8525,8309,FLOW
8525,8524,FLOW
10457,8526,HAS_BLOCK
8526,8311,FLOW
10457,8527,HAS_BLOCK
8527,8311,FLOW
8527,8526,FLOW
10457,8528,HAS_BLOCK
8528,8311,FLOW
10457,8533,HAS_BLOCK
8533,8311,FLOW
8533,8528,FLOW
10457,8534,HAS_BLOCK
8534,8311,FLOW
10457,8535,HAS_BLOCK
8535,8311,FLOW
8535,8534,FLOW
10457,8536,HAS_BLOCK
8536,8311,FLOW
10457,8537,HAS_BLOCK
8537,8311,FLOW
8537,8536,FLOW
10457,8538,HAS_BLOCK
8538,8312,FLOW
10457,8539,HAS_BLOCK
8539,8312,FLOW
8539,8538,FLOW
10457,8540,HAS_BLOCK
8540,8312,FLOW
10457,8541,HAS_BLOCK
8541,8312,FLOW
8541,8540,FLOW
10457,8542,HAS_BLOCK
8542,8312,FLOW
10457,8545,HAS_BLOCK
8545,8312,FLOW
8545,8542,FLOW
10457,8546,HAS_BLOCK
8546,8312,FLOW
10457,8547,HAS_BLOCK
8547,8312,FLOW
8547,8546,FLOW
10457,8548,HAS_BLOCK
8548,8316,FLOW
10457,8549,HAS_BLOCK
8549,8316,FLOW
8549,8548,FLOW
10457,8550,HAS_BLOCK
8550,8318,FLOW
10457,8551,HAS_BLOCK
8551,8318,FLOW
8551,8550,FLOW
10457,8552,HAS_BLOCK
8552,8318,FLOW
10457,8553,HAS_BLOCK
8553,8318,FLOW
8553,8552,FLOW
10457,8554,HAS_BLOCK
8554,8327,FLOW
10457,8556,HAS_BLOCK
8556,8327,FLOW
8556,8554,FLOW
10457,8557,HAS_BLOCK
8557,8321,FLOW
10457,8558,HAS_BLOCK
8558,8321,FLOW
8558,8557,FLOW
10457,8559,HAS_BLOCK
8559,8327,FLOW
10457,8560,HAS_BLOCK
8560,8327,FLOW
8560,8559,FLOW
10457,8561,HAS_BLOCK
8561,8322,FLOW
10457,8562,HAS_BLOCK
8562,8322,FLOW
8562,8561,FLOW
10457,8563,HAS_BLOCK
8563,8322,FLOW
10457,8564,HAS_BLOCK
8564,8322,FLOW
8564,8563,FLOW
10457,8565,HAS_BLOCK
8565,8327,FLOW
10457,8568,HAS_BLOCK
8568,8327,FLOW
8568,8565,FLOW
10457,8569,HAS_BLOCK
8569,8323,FLOW
10457,8570,HAS_BLOCK
8570,8323,FLOW
8570,8569,FLOW
10457,8571,HAS_BLOCK
8571,8323,FLOW
10457,8572,HAS_BLOCK
8572,8323,FLOW
8572,8571,FLOW
10457,8573,HAS_BLOCK
8573,8323,FLOW
10457,8574,HAS_BLOCK
8574,8323,FLOW
8574,8573,FLOW
10457,8575,HAS_BLOCK
8575,8323,FLOW
10457,8576,HAS_BLOCK
8576,8323,FLOW
8576,8575,FLOW
10457,8577,HAS_BLOCK
8577,8327,FLOW
10457,8579,HAS_BLOCK
8579,8327,FLOW
8579,8577,FLOW
10457,8580,HAS_BLOCK
8580,8326,FLOW
10457,8581,HAS_BLOCK
8581,8326,FLOW
8581,8580,FLOW
10457,8582,HAS_BLOCK
8582,8326,FLOW
10457,8583,HAS_BLOCK
8583,8326,FLOW
8583,8582,FLOW
10457,8584,HAS_BLOCK
8584,8326,FLOW
10457,8585,HAS_BLOCK
8585,8326,FLOW
8585,8584,FLOW
10457,8586,HAS_BLOCK
8586,8326,FLOW
10457,8587,HAS_BLOCK
8587,8326,FLOW
8587,8586,FLOW
10457,8588,HAS_BLOCK
8588,8324,FLOW
10457,8591,HAS_BLOCK
8591,8324,FLOW
8591,8588,FLOW
10457,8592,HAS_BLOCK
8592,8326,FLOW
10457,8593,HAS_BLOCK
8593,8326,FLOW
8593,8592,FLOW
10457,8594,HAS_BLOCK
8594,8326,FLOW
10457,8595,HAS_BLOCK
8595,8326,FLOW
8595,8594,FLOW
10457,8596,HAS_BLOCK
8596,8326,FLOW
10457,8597,HAS_BLOCK
8597,8326,FLOW
8597,8596,FLOW
10457,8598,HAS_BLOCK
8598,8326,FLOW
10457,8599,HAS_BLOCK
8599,8326,FLOW
8599,8598,FLOW
10457,8600,HAS_BLOCK
8600,8327,FLOW
10457,8603,HAS_BLOCK
8603,8327,FLOW
8603,8600,FLOW
10457,8604,HAS_BLOCK
8604,8327,FLOW
10457,8605,HAS_BLOCK
8605,8327,FLOW
8605,8604,FLOW
10457,8606,HAS_BLOCK
8606,8327,FLOW
10457,8607,HAS_BLOCK
8607,8327,FLOW
8607,8606,FLOW
10457,8608,HAS_BLOCK
8608,8327,FLOW
10457,8609,HAS_BLOCK
8609,8327,FLOW
8609,8608,FLOW
10457,8610,HAS_BLOCK
8610,8335,FLOW
10457,8611,HAS_BLOCK
8611,8335,FLOW
8611,8610,FLOW
10457,8612,HAS_BLOCK
8612,8337,FLOW
10457,8615,HAS_BLOCK
8615,8337,FLOW
8615,8612,FLOW
10457,8616,HAS_BLOCK
8616,8337,FLOW
10457,8617,HAS_BLOCK
8617,8337,FLOW
8617,8616,FLOW
10457,8618,HAS_BLOCK
8618,8345,FLOW
10457,8619,HAS_BLOCK
8619,8345,FLOW
8619,8618,FLOW
10457,8620,HAS_BLOCK
8620,8338,FLOW
10457,8621,HAS_BLOCK
8621,8338,FLOW
8621,8620,FLOW
10457,8622,HAS_BLOCK
8622,8345,FLOW
10457,8623,HAS_BLOCK
8623,8345,FLOW
8623,8622,FLOW
10457,8624,HAS_BLOCK
8624,8339,FLOW
10457,8627,HAS_BLOCK
8627,8339,FLOW
8627,8624,FLOW
10457,8628,HAS_BLOCK
8628,8339,FLOW
10457,8629,HAS_BLOCK
8629,8339,FLOW
8629,8628,FLOW
10457,8630,HAS_BLOCK
8630,8345,FLOW
10457,8631,HAS_BLOCK
8631,8345,FLOW
8631,8630,FLOW
10457,8632,HAS_BLOCK
8632,8340,FLOW
10457,8633,HAS_BLOCK
8633,8340,FLOW
8633,8632,FLOW
10457,8634,HAS_BLOCK
8634,8340,FLOW
10457,8635,HAS_BLOCK
8635,8340,FLOW
8635,8634,FLOW
10457,8636,HAS_BLOCK
8636,8340,FLOW
10457,8638,HAS_BLOCK
8638,8340,FLOW
8638,8636,FLOW
10457,8639,HAS_BLOCK
8639,8340,FLOW
10457,8640,HAS_BLOCK
8640,8340,FLOW
8640,8639,FLOW
10457,8641,HAS_BLOCK
8641,8345,FLOW
10457,8642,HAS_BLOCK
8642,8345,FLOW
8642,8641,FLOW
10457,8643,HAS_BLOCK
8643,8344,FLOW
10457,8644,HAS_BLOCK
8644,8344,FLOW
8644,8643,FLOW
10457,8645,HAS_BLOCK
8645,8344,FLOW
10457,8646,HAS_BLOCK
8646,8344,FLOW
8646,8645,FLOW
10457,8647,HAS_BLOCK
8647,8344,FLOW
10457,8652,HAS_BLOCK
8652,8344,FLOW
8652,8647,FLOW
10457,8653,HAS_BLOCK
8653,8344,FLOW
10457,8654,HAS_BLOCK
8654,8344,FLOW
8654,8653,FLOW
10457,8655,HAS_BLOCK
8655,8341,FLOW
10457,8656,HAS_BLOCK
8656,8341,FLOW
8656,8655,FLOW
10457,8657,HAS_BLOCK
8657,8344,FLOW
10457,8658,HAS_BLOCK
8658,8344,FLOW
8658,8657,FLOW
10457,8659,HAS_BLOCK
8659,8344,FLOW
10457,8660,HAS_BLOCK
8660,8344,FLOW
8660,8659,FLOW
10457,8661,HAS_BLOCK
8661,8344,FLOW
10457,8664,HAS_BLOCK
8664,8344,FLOW
8664,8661,FLOW
10457,8665,HAS_BLOCK
8665,8344,FLOW
10457,8666,HAS_BLOCK
8666,8344,FLOW
8666,8665,FLOW
10457,8667,HAS_BLOCK
8667,8345,FLOW
10457,8668,HAS_BLOCK
8668,8345,FLOW
8668,8667,FLOW
10457,8669,HAS_BLOCK
8669,8345,FLOW
10457,8670,HAS_BLOCK
8670,8345,FLOW
8670,8669,FLOW
10457,8671,HAS_BLOCK
8671,8345,FLOW
10457,8672,HAS_BLOCK
8672,8345,FLOW
8672,8671,FLOW
10457,8673,HAS_BLOCK
8673,8345,FLOW
10457,8676,HAS_BLOCK
8676,8345,FLOW
8676,8673,FLOW
10457,8677,HAS_BLOCK
8677,8352,FLOW
10457,8678,HAS_BLOCK
8678,8352,FLOW
8678,8677,FLOW
10457,8679,HAS_BLOCK
8679,8356,FLOW
10457,8680,HAS_BLOCK
8680,8356,FLOW
8680,8679,FLOW
10457,8681,HAS_BLOCK
8681,8356,FLOW
10457,8682,HAS_BLOCK
8682,8356,FLOW
8682,8681,FLOW
10457,8683,HAS_BLOCK
8683,8362,FLOW
10457,8684,HAS_BLOCK
8684,8362,FLOW
8684,8683,FLOW
10457,8685,HAS_BLOCK
8685,8357,FLOW
10457,8688,HAS_BLOCK
8688,8357,FLOW
8688,8685,FLOW
10457,8689,HAS_BLOCK
8689,8357,FLOW
10457,8690,HAS_BLOCK
8690,8357,FLOW
8690,8689,FLOW
10457,8691,HAS_BLOCK
8691,8362,FLOW
10457,8692,HAS_BLOCK
8692,8362,FLOW
8692,8691,FLOW
10457,8693,HAS_BLOCK
8693,8358,FLOW
10457,8694,HAS_BLOCK
8694,8358,FLOW
8694,8693,FLOW
10457,8695,HAS_BLOCK
8695,8358,FLOW
10457,8696,HAS_BLOCK
8696,8358,FLOW
8696,8695,FLOW
10457,8697,HAS_BLOCK
8697,8362,FLOW
10457,8700,HAS_BLOCK
8700,8362,FLOW
8700,8697,FLOW
10457,8701,HAS_BLOCK
8701,8359,FLOW
10457,8702,HAS_BLOCK
8702,8359,FLOW
8702,8701,FLOW
10457,8703,HAS_BLOCK
8703,8359,FLOW
10457,8704,HAS_BLOCK
8704,8359,FLOW
8704,8703,FLOW
10457,8705,HAS_BLOCK
8705,8359,FLOW
10457,8706,HAS_BLOCK
8706,8359,FLOW
8706,8705,FLOW
10457,8707,HAS_BLOCK
8707,8359,FLOW
10457,8708,HAS_BLOCK
8708,8359,FLOW
8708,8707,FLOW
10457,8709,HAS_BLOCK
8709,8362,FLOW
10457,8711,HAS_BLOCK
8711,8362,FLOW
8711,8709,FLOW
10457,8712,HAS_BLOCK
8712,8360,FLOW
10457,8713,HAS_BLOCK
8713,8360,FLOW
8713,8712,FLOW
10457,8714,HAS_BLOCK
8714,8360,FLOW
10457,8715,HAS_BLOCK
8715,8360,FLOW
8715,8714,FLOW
10457,8716,HAS_BLOCK
8716,8360,FLOW
10457,8717,HAS_BLOCK
8717,8360,FLOW
8717,8716,FLOW
10457,8718,HAS_BLOCK
8718,8361,FLOW
10457,8719,HAS_BLOCK
8719,8361,FLOW
8719,8718,FLOW
10457,8720,HAS_BLOCK
8720,8361,FLOW
10457,8722,HAS_BLOCK
8722,8361,FLOW
8722,8720,FLOW
10457,8723,HAS_BLOCK
8723,8361,FLOW
10457,8724,HAS_BLOCK
8724,8361,FLOW
8724,8723,FLOW
10457,8725,HAS_BLOCK
8725,8361,FLOW
10457,8726,HAS_BLOCK
8726,8361,FLOW
8726,8725,FLOW
10457,8727,HAS_BLOCK
8727,8361,FLOW
10457,8728,HAS_BLOCK
8728,8361,FLOW
8728,8727,FLOW
10457,8729,HAS_BLOCK
8729,8361,FLOW
10457,8730,HAS_BLOCK
8730,8361,FLOW
8730,8729,FLOW
10457,8731,HAS_BLOCK
8731,8361,FLOW
10457,8734,HAS_BLOCK
8734,8361,FLOW
8734,8731,FLOW
10457,8735,HAS_BLOCK
8735,8361,FLOW
10457,8736,HAS_BLOCK
8736,8361,FLOW
8736,8735,FLOW
10457,8737,HAS_BLOCK
8737,8361,FLOW
10457,8738,HAS_BLOCK
8738,8361,FLOW
8738,8737,FLOW
10457,8739,HAS_BLOCK
8739,8361,FLOW
10457,8740,HAS_BLOCK
8740,8361,FLOW
8740,8739,FLOW
10457,8741,HAS_BLOCK
8741,8361,FLOW
10457,8742,HAS_BLOCK
8742,8361,FLOW
8742,8741,FLOW
10457,8743,HAS_BLOCK
8743,8362,FLOW
10457,8746,HAS_BLOCK
8746,8362,FLOW
8746,8743,FLOW
10457,8747,HAS_BLOCK
8747,8362,FLOW
10457,8748,HAS_BLOCK
8748,8362,FLOW
8748,8747,FLOW
10457,8749,HAS_BLOCK
8749,8362,FLOW
10457,8750,HAS_BLOCK
8750,8362,FLOW
8750,8749,FLOW
10457,8751,HAS_BLOCK
8751,8362,FLOW
10457,8752,HAS_BLOCK
8752,8362,FLOW
8752,8751,FLOW
10457,8753,HAS_BLOCK
8753,8368,FLOW
10457,8754,HAS_BLOCK
8754,8368,FLOW
8754,8753,FLOW
10457,8755,HAS_BLOCK
8755,8370,FLOW
10457,8757,HAS_BLOCK
8757,8370,FLOW
8757,8755,FLOW
10457,8758,HAS_BLOCK
8758,8372,FLOW
10457,8759,HAS_BLOCK
8759,8372,FLOW
8759,8758,FLOW
10457,8760,HAS_BLOCK
8760,8372,FLOW
10457,8761,HAS_BLOCK
8761,8372,FLOW
8761,8760,FLOW
10457,8762,HAS_BLOCK
8762,8372,FLOW
10457,8763,HAS_BLOCK
8763,8372,FLOW
8763,8762,FLOW
10457,8764,HAS_BLOCK
8764,8372,FLOW
10457,8765,HAS_BLOCK
8765,8372,FLOW
8765,8764,FLOW
10457,8766,HAS_BLOCK
8766,8384,FLOW
10457,8770,HAS_BLOCK
8770,8384,FLOW
8770,8766,FLOW
10457,8771,HAS_BLOCK
8771,8386,FLOW
10457,8772,HAS_BLOCK
8772,8386,FLOW
8772,8771,FLOW
10457,8773,HAS_BLOCK
8773,8386,FLOW
10457,8774,HAS_BLOCK
8774,8386,FLOW
8774,8773,FLOW
10457,8775,HAS_BLOCK
8775,8386,FLOW
10457,8776,HAS_BLOCK
8776,8386,FLOW
8776,8775,FLOW
10457,8777,HAS_BLOCK
8777,8386,FLOW
10457,8778,HAS_BLOCK
8778,8386,FLOW
8778,8777,FLOW
10457,8779,HAS_BLOCK
8779,8386,FLOW
10457,8782,HAS_BLOCK
8782,8386,FLOW
8782,8779,FLOW
10457,8783,HAS_BLOCK
8783,8386,FLOW
10457,8784,HAS_BLOCK
8784,8386,FLOW
8784,8783,FLOW
10457,8785,HAS_BLOCK
8785,8386,FLOW
10457,8786,HAS_BLOCK
8786,8386,FLOW
8786,8785,FLOW
10457,8787,HAS_BLOCK
8787,8386,FLOW
10457,8788,HAS_BLOCK
8788,8386,FLOW
8788,8787,FLOW
10457,8789,HAS_BLOCK
8789,8387,FLOW
10457,8790,HAS_BLOCK
8790,8387,FLOW
8790,8789,FLOW
10457,8791,HAS_BLOCK
8791,8387,FLOW
10457,8793,HAS_BLOCK
8793,8387,FLOW
8793,8791,FLOW
10457,8794,HAS_BLOCK
8794,8387,FLOW
10457,8795,HAS_BLOCK
8795,8387,FLOW
8795,8794,FLOW
10457,8796,HAS_BLOCK
8796,8392,FLOW
10457,8797,HAS_BLOCK
8797,8392,FLOW
8797,8796,FLOW
10457,8798,HAS_BLOCK
8798,8398,FLOW
10457,8799,HAS_BLOCK
8799,8398,FLOW
8799,8798,FLOW
10457,8800,HAS_BLOCK
8800,8396,FLOW
10457,8801,HAS_BLOCK
8801,8396,FLOW
8801,8800,FLOW
10457,8802,HAS_BLOCK
8802,8396,FLOW
10457,8804,HAS_BLOCK
8804,8396,FLOW
8804,8802,FLOW
10457,8805,HAS_BLOCK
8805,8396,FLOW
10457,8806,HAS_BLOCK
8806,8396,FLOW
8806,8805,FLOW
10457,8807,HAS_BLOCK
8807,8394,FLOW
10457,8808,HAS_BLOCK
8808,8394,FLOW
8808,8807,FLOW
10457,8809,HAS_BLOCK
8809,8396,FLOW
10457,8810,HAS_BLOCK
8810,8396,FLOW
8810,8809,FLOW
10457,8811,HAS_BLOCK
8811,8398,FLOW
10457,8812,HAS_BLOCK
8812,8398,FLOW
8812,8811,FLOW
10457,8813,HAS_BLOCK
8813,8397,FLOW
10457,8816,HAS_BLOCK
8816,8397,FLOW
8816,8813,FLOW
10457,8817,HAS_BLOCK
8817,8397,FLOW
10457,8818,HAS_BLOCK
8818,8397,FLOW
8818,8817,FLOW
10457,8819,HAS_BLOCK
8819,8397,FLOW
10457,8820,HAS_BLOCK
8820,8397,FLOW
8820,8819,FLOW
10457,8821,HAS_BLOCK
8821,8397,FLOW
10457,8822,HAS_BLOCK
8822,8397,FLOW
8822,8821,FLOW
10457,8823,HAS_BLOCK
8823,8398,FLOW
10457,8824,HAS_BLOCK
8824,8398,FLOW
8824,8823,FLOW
10457,8825,HAS_BLOCK
8825,8398,FLOW
10457,8828,HAS_BLOCK
8828,8398,FLOW
8828,8825,FLOW
10457,8829,HAS_BLOCK
8829,8398,FLOW
10457,8830,HAS_BLOCK
8830,8398,FLOW
8830,8829,FLOW
10457,8831,HAS_BLOCK
8831,8398,FLOW
10457,8832,HAS_BLOCK
8832,8398,FLOW
8832,8831,FLOW
10457,8833,HAS_BLOCK
8833,8400,FLOW
10457,8834,HAS_BLOCK
8834,8400,FLOW
8834,8833,FLOW
10457,8835,HAS_BLOCK
8835,8405,FLOW
10457,8836,HAS_BLOCK
8836,8405,FLOW
8836,8835,FLOW
10457,8837,HAS_BLOCK
8837,8842,FLOW
10457,8840,HAS_BLOCK
8840,8842,FLOW
8840,8837,FLOW
10457,8841,HAS_BLOCK
8841,8844,FLOW
10457,8842,HAS_BLOCK
8842,8844,FLOW
8842,8841,FLOW
10457,8843,HAS_BLOCK
8843,8415,FLOW
10457,8844,HAS_BLOCK
8844,8415,FLOW
8844,8843,FLOW
10457,8845,HAS_BLOCK
8845,8417,FLOW
10457,8846,HAS_BLOCK
8846,8845,FLOW
10457,8847,HAS_BLOCK
8847,8272,FLOW
10457,8848,HAS_BLOCK
8848,8271,FLOW
10457,8849,HAS_BLOCK
8849,8267,FLOW
10457,8852,HAS_BLOCK
8852,8266,FLOW
10457,8853,HAS_BLOCK
8853,8265,FLOW
10457,8854,HAS_BLOCK
8854,10046,FLOW
10457,8855,HAS_BLOCK
8855,8282,FLOW
10457,8856,HAS_BLOCK
8856,8259,FLOW
10457,8857,HAS_BLOCK
8857,8254,FLOW
10457,8858,HAS_BLOCK
8858,9193,FLOW
10457,8859,HAS_BLOCK
8859,7907,FLOW
10457,8860,HAS_BLOCK
8860,9956,FLOW
10457,8861,HAS_BLOCK
8861,9956,FLOW
10457,8864,HAS_BLOCK
8864,8243,FLOW
10457,8865,HAS_BLOCK
8865,8087,FLOW
5626,5627,HAS_FIELD
5628,5638,HAS_FIELD
5628,5637,HAS_FIELD
5628,5642,HAS_FIELD
5628,5641,HAS_FIELD
5628,5639,HAS_FIELD
5628,5636,HAS_FIELD
5628,5634,HAS_FIELD
5628,5635,HAS_FIELD
5628,5632,HAS_FIELD
5628,5633,HAS_FIELD
5628,5631,HAS_FIELD
5628,5629,HAS_FIELD
5628,5640,HAS_FIELD
5628,5630,HAS_FIELD
5611,5621,HAS_FIELD
5611,5620,HAS_FIELD
5611,5625,HAS_FIELD
5611,5624,HAS_FIELD
5611,5622,HAS_FIELD
5611,5619,HAS_FIELD
5611,5617,HAS_FIELD
5611,5618,HAS_FIELD
5611,5615,HAS_FIELD
5611,5616,HAS_FIELD
5611,5614,HAS_FIELD
5611,5612,HAS_FIELD
5611,5623,HAS_FIELD
5611,5613,HAS_FIELD
7190,7191,HAS_PARAM
7190,7192,HAS_PARAM
7190,7193,HAS_PARAM
7190,7194,HAS_PARAM
7190,6990,HAS_BLOCK
6990,6992,FLOW
7190,6992,HAS_BLOCK
6992,7047,FLOW
7190,7047,HAS_BLOCK
7047,7067,FLOW
7047,1099,CALL
7190,7067,HAS_BLOCK
7067,7085,FLOW
7190,7085,HAS_BLOCK
7085,7118,FLOW
7085,7138,FLOW
7085,7103,FLOW
7190,7103,HAS_BLOCK
7190,7118,HAS_BLOCK
7118,7159,FLOW
7118,7019,FLOW
7118,7019,UNWIND
7190,7138,HAS_BLOCK
7138,7005,FLOW
7190,7159,HAS_BLOCK
7159,7174,FLOW
7159,7024,FLOW
7159,7024,UNWIND
7190,7174,HAS_BLOCK
7174,6993,FLOW
7190,6993,HAS_BLOCK
6993,7007,FLOW
6993,7024,FLOW
6993,7024,UNWIND
7190,7007,HAS_BLOCK
7007,7031,FLOW
7007,7018,FLOW
7007,7103,FLOW
7190,7018,HAS_BLOCK
7018,7034,FLOW
7018,7024,FLOW
7018,7024,UNWIND
7190,7031,HAS_BLOCK
7031,7070,FLOW
7031,7024,FLOW
7031,7024,UNWIND
7031,3433,CALL
7190,7034,HAS_BLOCK
7034,7036,FLOW
7034,7024,FLOW
7034,7024,UNWIND
7190,7036,HAS_BLOCK
7036,7038,FLOW
7036,7024,FLOW
7036,7024,UNWIND
7190,7038,HAS_BLOCK
7038,7040,FLOW
7038,7024,FLOW
7038,7024,UNWIND
7190,7040,HAS_BLOCK
7040,7042,FLOW
7040,7024,FLOW
7040,7024,UNWIND
7190,7042,HAS_BLOCK
7042,7044,FLOW
7042,7024,FLOW
7042,7024,UNWIND
7190,7044,HAS_BLOCK
7044,7048,FLOW
7044,7024,FLOW
7044,7024,UNWIND
7190,7048,HAS_BLOCK
7048,7050,FLOW
7048,7024,FLOW
7048,7024,UNWIND
7048,5043,CALL
7190,7050,HAS_BLOCK
7050,7052,FLOW
7050,7024,FLOW
7050,7024,UNWIND
7190,7052,HAS_BLOCK
7052,7057,FLOW
7052,7053,FLOW
7190,7053,HAS_BLOCK
7053,7055,FLOW
7053,7024,FLOW
7053,7024,UNWIND
7190,7055,HAS_BLOCK
7055,7025,FLOW
7055,7024,FLOW
7055,7024,UNWIND
7055,1560,CALL
7190,7057,HAS_BLOCK
7057,7059,FLOW
7057,7024,FLOW
7057,7024,UNWIND
7190,7059,HAS_BLOCK
7059,7061,FLOW
7059,7024,FLOW
7059,7024,UNWIND
7190,7061,HAS_BLOCK
7061,7063,FLOW
7061,7024,FLOW
7061,7024,UNWIND
7061,1534,CALL
7190,7063,HAS_BLOCK
7063,7065,FLOW
7063,7024,FLOW
7063,7024,UNWIND
7190,7065,HAS_BLOCK
7065,6993,FLOW
7065,7068,FLOW
7065,7103,FLOW
7190,7068,HAS_BLOCK
7068,7026,FLOW
7068,7024,FLOW
7068,7024,UNWIND
7190,7070,HAS_BLOCK
7070,7072,FLOW
7070,7024,FLOW
7070,7024,UNWIND
7190,7072,HAS_BLOCK
7072,7073,FLOW
7072,7075,FLOW
7072,7103,FLOW
7190,7073,HAS_BLOCK
7073,7077,FLOW
7073,7017,FLOW
7073,7017,UNWIND
7190,7075,HAS_BLOCK
7075,7027,FLOW
7075,7024,FLOW
7075,7024,UNWIND
7190,7077,HAS_BLOCK
7077,7107,FLOW
7077,7078,FLOW
7190,7078,HAS_BLOCK
7078,7021,FLOW
7078,7024,FLOW
7078,7024,UNWIND
7190,7079,HAS_BLOCK
7079,7081,FLOW
7079,7024,FLOW
7079,7024,UNWIND
7190,7081,HAS_BLOCK
7081,7082,FLOW
7081,7086,FLOW
7081,7103,FLOW
7190,7082,HAS_BLOCK
7082,7088,FLOW
7082,7016,FLOW
7082,7016,UNWIND
7190,7086,HAS_BLOCK
7086,7028,FLOW
7086,7024,FLOW
7086,7024,UNWIND
7190,7088,HAS_BLOCK
7088,7090,FLOW
7088,7016,FLOW
7088,7016,UNWIND
7190,7090,HAS_BLOCK
7090,7092,FLOW
7090,7016,FLOW
7090,7016,UNWIND
7190,7092,HAS_BLOCK
7092,7094,FLOW
7092,7016,FLOW
7092,7016,UNWIND
7190,7094,HAS_BLOCK
7094,7095,FLOW
7094,7097,FLOW
7094,7097,UNWIND
7190,7095,HAS_BLOCK
7095,7098,FLOW
7095,7016,FLOW
7095,7016,UNWIND
7190,7097,HAS_BLOCK
7097,7016,FLOW
7190,7098,HAS_BLOCK
7098,7100,FLOW
7098,7016,FLOW
7098,7016,UNWIND
7098,11156,CALL
7190,7100,HAS_BLOCK
7100,7102,FLOW
7100,7016,FLOW
7100,7016,UNWIND
7190,7102,HAS_BLOCK
7102,7105,FLOW
7102,7104,FLOW
7190,7104,HAS_BLOCK
7104,7106,FLOW
7190,7105,HAS_BLOCK
7105,7106,FLOW
7190,7106,HAS_BLOCK
7106,7108,FLOW
7106,7024,FLOW
7106,7024,UNWIND
7190,7107,HAS_BLOCK
7107,7108,FLOW
7107,7024,FLOW
7107,7024,UNWIND
7190,7108,HAS_BLOCK
7108,7110,FLOW
7108,7024,FLOW
7108,7024,UNWIND
7190,7110,HAS_BLOCK
7110,7112,FLOW
7110,7024,FLOW
7110,7024,UNWIND
7190,7112,HAS_BLOCK
7112,7114,FLOW
7112,7024,FLOW
7112,7024,UNWIND
7190,7114,HAS_BLOCK
7114,7135,FLOW
7114,7115,FLOW
7190,7115,HAS_BLOCK
7115,7117,FLOW
7115,7024,FLOW
7115,7024,UNWIND
7115,3191,CALL
7190,7117,HAS_BLOCK
7117,7121,FLOW
7117,7119,FLOW
7117,7103,FLOW
7190,7119,HAS_BLOCK
7119,7130,FLOW
7119,7014,FLOW
7119,7014,UNWIND
7190,7121,HAS_BLOCK
7121,7123,FLOW
7121,7015,FLOW
7121,7015,UNWIND
7190,7123,HAS_BLOCK
7123,7125,FLOW
7123,7015,FLOW
7123,7015,UNWIND
7190,7125,HAS_BLOCK
7125,7127,FLOW
7125,7015,FLOW
7125,7015,UNWIND
7190,7127,HAS_BLOCK
7127,7129,FLOW
7127,7015,FLOW
7127,7015,UNWIND
7190,7129,HAS_BLOCK
7129,7135,FLOW
7129,7024,FLOW
7129,7024,UNWIND
7190,7130,HAS_BLOCK
7130,7132,FLOW
7130,7014,FLOW
7130,7014,UNWIND
7190,7132,HAS_BLOCK
7132,7134,FLOW
7132,7014,FLOW
7132,7014,UNWIND
7190,7134,HAS_BLOCK
7134,7135,FLOW
7134,7024,FLOW
7134,7024,UNWIND
7190,7135,HAS_BLOCK
7135,7139,FLOW
7135,7024,FLOW
7135,7024,UNWIND
7135,7350,CALL
7190,7139,HAS_BLOCK
7139,7141,FLOW
7139,7024,FLOW
7139,7024,UNWIND
7190,7141,HAS_BLOCK
7141,7142,FLOW
7141,7144,FLOW
7141,7103,FLOW
7190,7142,HAS_BLOCK
7142,7146,FLOW
7142,7013,FLOW
7142,7013,UNWIND
7190,7144,HAS_BLOCK
7144,7029,FLOW
7144,7024,FLOW
7144,7024,UNWIND
7190,7146,HAS_BLOCK
7146,7148,FLOW
7146,7012,FLOW
7146,7012,UNWIND
7190,7148,HAS_BLOCK
7148,7150,FLOW
7148,7012,FLOW
7148,7012,UNWIND
7148,5804,CALL
7190,7150,HAS_BLOCK
7150,7152,FLOW
7150,7012,FLOW
7150,7012,UNWIND
7190,7152,HAS_BLOCK
7152,7154,FLOW
7152,7012,FLOW
7152,7012,UNWIND
7152,10970,CALL
7190,7154,HAS_BLOCK
7154,7156,FLOW
7154,7011,FLOW
7154,7011,UNWIND
7154,10845,CALL
7190,7156,HAS_BLOCK
7156,7160,FLOW
7156,7011,FLOW
7156,7011,UNWIND
7156,6423,CALL
7190,7160,HAS_BLOCK
7160,7162,FLOW
7160,7010,FLOW
7160,7010,UNWIND
7160,10852,CALL
7190,7162,HAS_BLOCK
7162,7164,FLOW
7162,7010,FLOW
7162,7010,UNWIND
7190,7164,HAS_BLOCK
7164,7166,FLOW
7164,7010,FLOW
7164,7010,UNWIND
7190,7166,HAS_BLOCK
7166,7168,FLOW
7166,7167,FLOW
7190,7167,HAS_BLOCK
7167,7169,FLOW
7190,7168,HAS_BLOCK
7168,7169,FLOW
7190,7169,HAS_BLOCK
7169,7171,FLOW
7169,7170,FLOW
7190,7170,HAS_BLOCK
7170,7177,FLOW
7190,7171,HAS_BLOCK
7171,7172,FLOW
7171,7175,FLOW
7190,7172,HAS_BLOCK
7172,7176,FLOW
7190,7175,HAS_BLOCK
7175,7176,FLOW
7190,7176,HAS_BLOCK
7176,7177,FLOW
7190,7177,HAS_BLOCK
7177,7179,FLOW
7177,7010,FLOW
7177,7010,UNWIND
7190,7179,HAS_BLOCK
7179,7181,FLOW
7179,7009,FLOW
7179,7009,UNWIND
7190,7181,HAS_BLOCK
7181,7183,FLOW
7181,7009,FLOW
7181,7009,UNWIND
7190,7183,HAS_BLOCK
7183,7185,FLOW
7183,7008,FLOW
7183,7008,UNWIND
7190,7185,HAS_BLOCK
7185,7187,FLOW
7185,7008,FLOW
7185,7008,UNWIND
7190,7187,HAS_BLOCK
7187,7188,FLOW
7187,7009,FLOW
7187,7009,UNWIND
7190,7188,HAS_BLOCK
7188,7189,FLOW
7188,6996,FLOW
7190,7189,HAS_BLOCK
7189,6994,FLOW
7189,6996,FLOW
7190,6994,HAS_BLOCK
6994,7032,FLOW
6994,7009,FLOW
6994,7009,UNWIND
6994,6988,CALL
7190,6996,HAS_BLOCK
6996,6998,FLOW
6996,6997,FLOW
7190,6997,HAS_BLOCK
6997,6999,FLOW
7190,6998,HAS_BLOCK
6998,6999,FLOW
7190,6999,HAS_BLOCK
6999,7001,FLOW
6999,7009,FLOW
6999,7009,UNWIND
7190,7001,HAS_BLOCK
7001,7002,FLOW
7001,7024,FLOW
7001,7024,UNWIND
7190,7002,HAS_BLOCK
7002,7005,FLOW
7190,7003,HAS_BLOCK
7003,7004,FLOW
7003,7019,FLOW
7003,7019,UNWIND
7190,7004,HAS_BLOCK
7004,7005,FLOW
7190,7005,HAS_BLOCK
7005,7190,RETURN
7190,7008,HAS_BLOCK
7008,7009,FLOW
7190,7009,HAS_BLOCK
7009,7010,FLOW
7190,7010,HAS_BLOCK
7010,7011,FLOW
7190,7011,HAS_BLOCK
7011,7012,FLOW
7190,7012,HAS_BLOCK
7012,7013,FLOW
7190,7013,HAS_BLOCK
7013,7024,FLOW
7190,7014,HAS_BLOCK
7014,7024,FLOW
7190,7015,HAS_BLOCK
7015,7024,FLOW
7190,7016,HAS_BLOCK
7016,7024,FLOW
7190,7017,HAS_BLOCK
7017,7024,FLOW
7190,7019,HAS_BLOCK
7019,7020,FLOW
7190,7020,HAS_BLOCK
7190,7021,HAS_BLOCK
7021,7079,FLOW
7021,7024,FLOW
7021,7024,UNWIND
7021,2331,CALL
7190,7023,HAS_BLOCK
7023,7019,FLOW
7190,7024,HAS_BLOCK
7024,7019,FLOW
7024,7023,FLOW
7190,7025,HAS_BLOCK
7025,6993,FLOW
7190,7026,HAS_BLOCK
7026,7003,FLOW
7190,7027,HAS_BLOCK
7027,7003,FLOW
7190,7028,HAS_BLOCK
7028,7003,FLOW
7190,7029,HAS_BLOCK
7029,7003,FLOW
7190,7032,HAS_BLOCK
7032,6996,FLOW
7554,7555,HAS_PARAM
7554,7556,HAS_PARAM
7554,7557,HAS_PARAM
7554,7558,HAS_PARAM
7554,7559,HAS_PARAM
7554,7372,HAS_BLOCK
7372,7374,FLOW
7554,7374,HAS_BLOCK
7374,7417,FLOW
7554,7417,HAS_BLOCK
7417,7436,FLOW
7417,1099,CALL
7554,7436,HAS_BLOCK
7436,7453,FLOW
7554,7453,HAS_BLOCK
7453,7488,FLOW
7453,7509,FLOW
7453,7469,FLOW
7554,7469,HAS_BLOCK
7554,7488,HAS_BLOCK
7488,7523,FLOW
7488,7390,FLOW
7488,7390,UNWIND
7554,7509,HAS_BLOCK
7509,7552,FLOW
7554,7523,HAS_BLOCK
7523,7541,FLOW
7523,7390,FLOW
7523,7390,UNWIND
7554,7541,HAS_BLOCK
7541,7375,FLOW
7541,7390,FLOW
7541,7390,UNWIND
7554,7375,HAS_BLOCK
7375,7387,FLOW
7375,7390,FLOW
7375,7390,UNWIND
7554,7387,HAS_BLOCK
7387,7400,FLOW
7387,7390,FLOW
7387,7390,UNWIND
7387,1534,CALL
7554,7400,HAS_BLOCK
7400,7404,FLOW
7400,7390,FLOW
7400,7390,UNWIND
7554,7404,HAS_BLOCK
7404,7405,FLOW
7404,7407,FLOW
7404,7469,FLOW
7554,7405,HAS_BLOCK
7405,7409,FLOW
7405,7390,FLOW
7405,7390,UNWIND
7554,7407,HAS_BLOCK
7407,7396,FLOW
7407,7390,FLOW
7407,7390,UNWIND
7554,7409,HAS_BLOCK
7409,7411,FLOW
7409,7395,FLOW
7409,7395,UNWIND
7409,3433,CALL
7554,7411,HAS_BLOCK
7411,7413,FLOW
7411,7395,FLOW
7411,7395,UNWIND
7554,7413,HAS_BLOCK
7413,7414,FLOW
7413,7418,FLOW
7413,7469,FLOW
7554,7414,HAS_BLOCK
7414,7420,FLOW
7414,7389,FLOW
7414,7389,UNWIND
7554,7418,HAS_BLOCK
7418,7397,FLOW
7418,7395,FLOW
7418,7395,UNWIND
7554,7420,HAS_BLOCK
7420,7456,FLOW
7420,7421,FLOW
7554,7421,HAS_BLOCK
7421,7392,FLOW
7421,7395,FLOW
7421,7395,UNWIND
7554,7422,HAS_BLOCK
7422,7424,FLOW
7422,7395,FLOW
7422,7395,UNWIND
7554,7424,HAS_BLOCK
7424,7425,FLOW
7424,7427,FLOW
7424,7469,FLOW
7554,7425,HAS_BLOCK
7425,7429,FLOW
7425,7388,FLOW
7425,7388,UNWIND
7554,7427,HAS_BLOCK
7427,7398,FLOW
7427,7395,FLOW
7427,7395,UNWIND
7554,7429,HAS_BLOCK
7429,7431,FLOW
7429,7388,FLOW
7429,7388,UNWIND
7554,7431,HAS_BLOCK
7431,7433,FLOW
7431,7388,FLOW
7431,7388,UNWIND
7554,7433,HAS_BLOCK
7433,7437,FLOW
7433,7388,FLOW
7433,7388,UNWIND
7554,7437,HAS_BLOCK
7437,7438,FLOW
7437,7440,FLOW
7437,7440,UNWIND
7554,7438,HAS_BLOCK
7438,7441,FLOW
7438,7388,FLOW
7438,7388,UNWIND
7554,7440,HAS_BLOCK
7440,7388,FLOW
7554,7441,HAS_BLOCK
7441,7443,FLOW
7441,7388,FLOW
7441,7388,UNWIND
7554,7443,HAS_BLOCK
7443,7445,FLOW
7443,7385,FLOW
7443,7385,UNWIND
7554,7445,HAS_BLOCK
7445,7447,FLOW
7445,7384,FLOW
7445,7384,UNWIND
7445,11156,CALL
7554,7447,HAS_BLOCK
7447,7448,FLOW
7447,7388,FLOW
7447,7388,UNWIND
7554,7448,HAS_BLOCK
7448,7450,FLOW
7448,7388,FLOW
7448,7388,UNWIND
7554,7450,HAS_BLOCK
7450,7454,FLOW
7450,7451,FLOW
7554,7451,HAS_BLOCK
7451,7455,FLOW
7554,7454,HAS_BLOCK
7454,7455,FLOW
7554,7455,HAS_BLOCK
7455,7457,FLOW
7455,7395,FLOW
7455,7395,UNWIND
7554,7456,HAS_BLOCK
7456,7457,FLOW
7456,7395,FLOW
7456,7395,UNWIND
7554,7457,HAS_BLOCK
7457,7459,FLOW
7457,7395,FLOW
7457,7395,UNWIND
7554,7459,HAS_BLOCK
7459,7461,FLOW
7459,7395,FLOW
7459,7395,UNWIND
7554,7461,HAS_BLOCK
7461,7482,FLOW
7461,7462,FLOW
7554,7462,HAS_BLOCK
7462,7464,FLOW
7462,7395,FLOW
7462,7395,UNWIND
7462,3191,CALL
7554,7464,HAS_BLOCK
7464,7467,FLOW
7464,7465,FLOW
7464,7469,FLOW
7554,7465,HAS_BLOCK
7465,7477,FLOW
7465,7382,FLOW
7465,7382,UNWIND
7554,7467,HAS_BLOCK
7467,7470,FLOW
7467,7383,FLOW
7467,7383,UNWIND
7554,7470,HAS_BLOCK
7470,7472,FLOW
7470,7383,FLOW
7470,7383,UNWIND
7554,7472,HAS_BLOCK
7472,7474,FLOW
7472,7383,FLOW
7472,7383,UNWIND
7554,7474,HAS_BLOCK
7474,7476,FLOW
7474,7383,FLOW
7474,7383,UNWIND
7554,7476,HAS_BLOCK
7476,7482,FLOW
7476,7395,FLOW
7476,7395,UNWIND
7554,7477,HAS_BLOCK
7477,7479,FLOW
7477,7382,FLOW
7477,7382,UNWIND
7554,7479,HAS_BLOCK
7479,7481,FLOW
7479,7382,FLOW
7479,7382,UNWIND
7554,7481,HAS_BLOCK
7481,7482,FLOW
7481,7395,FLOW
7481,7395,UNWIND
7554,7482,HAS_BLOCK
7482,7484,FLOW
7482,7395,FLOW
7482,7395,UNWIND
7554,7484,HAS_BLOCK
7484,7486,FLOW
7484,7395,FLOW
7484,7395,UNWIND
7484,7350,CALL
7554,7486,HAS_BLOCK
7486,7489,FLOW
7486,7395,FLOW
7486,7395,UNWIND
7554,7489,HAS_BLOCK
7489,7490,FLOW
7489,7492,FLOW
7489,7469,FLOW
7554,7490,HAS_BLOCK
7490,7494,FLOW
7490,7381,FLOW
7490,7381,UNWIND
7554,7492,HAS_BLOCK
7492,7401,FLOW
7492,7395,FLOW
7492,7395,UNWIND
7554,7494,HAS_BLOCK
7494,7496,FLOW
7494,7380,FLOW
7494,7380,UNWIND
7554,7496,HAS_BLOCK
7496,7498,FLOW
7496,7380,FLOW
7496,7380,UNWIND
7496,5804,CALL
7554,7498,HAS_BLOCK
7498,7500,FLOW
7498,7380,FLOW
7498,7380,UNWIND
7554,7500,HAS_BLOCK
7500,7502,FLOW
7500,7380,FLOW
7500,7380,UNWIND
7500,10970,CALL
7554,7502,HAS_BLOCK
7502,7504,FLOW
7502,7379,FLOW
7502,7379,UNWIND
7502,10845,CALL
7554,7504,HAS_BLOCK
7504,7506,FLOW
7504,7379,FLOW
7504,7379,UNWIND
7504,6423,CALL
7554,7506,HAS_BLOCK
7506,7510,FLOW
7506,7378,FLOW
7506,7378,UNWIND
7506,10852,CALL
7554,7510,HAS_BLOCK
7510,7512,FLOW
7510,7378,FLOW
7510,7378,UNWIND
7554,7512,HAS_BLOCK
7512,7514,FLOW
7512,7378,FLOW
7512,7378,UNWIND
7554,7514,HAS_BLOCK
7514,7516,FLOW
7514,7515,FLOW
7554,7515,HAS_BLOCK
7515,7517,FLOW
7554,7516,HAS_BLOCK
7516,7517,FLOW
7554,7517,HAS_BLOCK
7517,7519,FLOW
7517,7518,FLOW
7554,7518,HAS_BLOCK
7518,7525,FLOW
7554,7519,HAS_BLOCK
7519,7520,FLOW
7519,7521,FLOW
7554,7520,HAS_BLOCK
7520,7524,FLOW
7554,7521,HAS_BLOCK
7521,7524,FLOW
7554,7524,HAS_BLOCK
7524,7525,FLOW
7554,7525,HAS_BLOCK
7525,7527,FLOW
7525,7378,FLOW
7525,7378,UNWIND
7554,7527,HAS_BLOCK
7527,7529,FLOW
7527,7377,FLOW
7527,7377,UNWIND
7554,7529,HAS_BLOCK
7529,7531,FLOW
7529,7377,FLOW
7529,7377,UNWIND
7554,7531,HAS_BLOCK
7531,7533,FLOW
7531,7376,FLOW
7531,7376,UNWIND
7554,7533,HAS_BLOCK
7533,7535,FLOW
7533,7376,FLOW
7533,7376,UNWIND
7554,7535,HAS_BLOCK
7535,7536,FLOW
7535,7377,FLOW
7535,7377,UNWIND
7554,7536,HAS_BLOCK
7536,7537,FLOW
7536,7542,FLOW
7554,7537,HAS_BLOCK
7537,7538,FLOW
7537,7542,FLOW
7554,7538,HAS_BLOCK
7538,7402,FLOW
7538,7377,FLOW
7538,7377,UNWIND
7538,6988,CALL
7554,7542,HAS_BLOCK
7542,7544,FLOW
7542,7543,FLOW
7554,7543,HAS_BLOCK
7543,7545,FLOW
7554,7544,HAS_BLOCK
7544,7545,FLOW
7554,7545,HAS_BLOCK
7545,7547,FLOW
7545,7377,FLOW
7545,7377,UNWIND
7554,7547,HAS_BLOCK
7547,7548,FLOW
7547,7395,FLOW
7547,7395,UNWIND
7554,7548,HAS_BLOCK
7548,7552,FLOW
7554,7549,HAS_BLOCK
7549,7550,FLOW
7549,7390,FLOW
7549,7390,UNWIND
7554,7550,HAS_BLOCK
7550,7551,FLOW
7554,7551,HAS_BLOCK
7551,7552,FLOW
7554,7552,HAS_BLOCK
7552,7554,RETURN
7554,7376,HAS_BLOCK
7376,7377,FLOW
7554,7377,HAS_BLOCK
7377,7378,FLOW
7554,7378,HAS_BLOCK
7378,7379,FLOW
7554,7379,HAS_BLOCK
7379,7380,FLOW
7554,7380,HAS_BLOCK
7380,7381,FLOW
7554,7381,HAS_BLOCK
7381,7395,FLOW
7554,7382,HAS_BLOCK
7382,7395,FLOW
7554,7383,HAS_BLOCK
7383,7395,FLOW
7554,7384,HAS_BLOCK
7384,7388,FLOW
7554,7385,HAS_BLOCK
7385,7388,FLOW
7554,7388,HAS_BLOCK
7388,7395,FLOW
7554,7389,HAS_BLOCK
7389,7395,FLOW
7554,7390,HAS_BLOCK
7390,7391,FLOW
7554,7391,HAS_BLOCK
7554,7392,HAS_BLOCK
7392,7422,FLOW
7392,7395,FLOW
7392,7395,UNWIND
7392,2331,CALL
7554,7394,HAS_BLOCK
7394,7390,FLOW
7554,7395,HAS_BLOCK
7395,7390,FLOW
7395,7394,FLOW
7554,7396,HAS_BLOCK
7396,7551,FLOW
7554,7397,HAS_BLOCK
7397,7549,FLOW
7554,7398,HAS_BLOCK
7398,7549,FLOW
7554,7401,HAS_BLOCK
7401,7549,FLOW
7554,7402,HAS_BLOCK
7402,7542,FLOW
6988,6989,HAS_PARAM
6988,6985,HAS_BLOCK
6985,6987,FLOW
6985,7368,CALL
6988,6987,HAS_BLOCK
6987,6988,RETURN
6944,6945,HAS_PARAM
6944,6854,HAS_BLOCK
6854,6856,FLOW
6854,6929,FLOW
6854,6929,UNWIND
6944,6856,HAS_BLOCK
6856,6874,FLOW
6856,6929,FLOW
6856,6929,UNWIND
6944,6874,HAS_BLOCK
6874,6913,FLOW
6874,6926,FLOW
6874,6893,FLOW
6944,6893,HAS_BLOCK
6944,6913,HAS_BLOCK
6913,6937,FLOW
6913,6928,FLOW
6913,6928,UNWIND
6944,6926,HAS_BLOCK
6926,6931,FLOW
6926,6929,FLOW
6926,6929,UNWIND
6944,6937,HAS_BLOCK
6937,6939,FLOW
6937,6928,FLOW
6937,6928,UNWIND
6944,6939,HAS_BLOCK
6939,6941,FLOW
6939,6928,FLOW
6939,6928,UNWIND
6944,6941,HAS_BLOCK
6941,6942,FLOW
6941,6857,FLOW
6941,6893,FLOW
6944,6942,HAS_BLOCK
6942,6859,FLOW
6942,6927,FLOW
6942,6927,UNWIND
6944,6857,HAS_BLOCK
6857,6932,FLOW
6857,6928,FLOW
6857,6928,UNWIND
6944,6859,HAS_BLOCK
6859,6861,FLOW
6859,6924,FLOW
6859,6924,UNWIND
6944,6861,HAS_BLOCK
6861,6862,FLOW
6944,6862,HAS_BLOCK
6862,6864,FLOW
6862,6924,FLOW
6862,6924,UNWIND
6944,6864,HAS_BLOCK
6864,6867,FLOW
6864,6865,FLOW
6864,6893,FLOW
6944,6865,HAS_BLOCK
6865,6868,FLOW
6865,6924,FLOW
6865,6924,UNWIND
6944,6867,HAS_BLOCK
6867,6916,FLOW
6867,6928,FLOW
6867,6928,UNWIND
6944,6868,HAS_BLOCK
6868,6870,FLOW
6868,6924,FLOW
6868,6924,UNWIND
6944,6870,HAS_BLOCK
6870,6872,FLOW
6870,6924,FLOW
6870,6924,UNWIND
6944,6872,HAS_BLOCK
6872,6875,FLOW
6872,6862,FLOW
6944,6875,HAS_BLOCK
6875,6877,FLOW
6875,6924,FLOW
6875,6924,UNWIND
6944,6877,HAS_BLOCK
6877,6879,FLOW
6877,6924,FLOW
6877,6924,UNWIND
6944,6879,HAS_BLOCK
6879,6881,FLOW
6879,6924,FLOW
6879,6924,UNWIND
6944,6881,HAS_BLOCK
6881,6882,FLOW
6881,6862,FLOW
6944,6882,HAS_BLOCK
6882,6884,FLOW
6882,6924,FLOW
6882,6924,UNWIND
6944,6884,HAS_BLOCK
6884,6886,FLOW
6884,6924,FLOW
6884,6924,UNWIND
6944,6886,HAS_BLOCK
6886,6888,FLOW
6886,6924,FLOW
6886,6924,UNWIND
6944,6888,HAS_BLOCK
6888,6890,FLOW
6888,6924,FLOW
6888,6924,UNWIND
6944,6890,HAS_BLOCK
6890,6892,FLOW
6890,6924,FLOW
6890,6924,UNWIND
6944,6892,HAS_BLOCK
6892,6894,FLOW
6892,6896,FLOW
6892,6893,FLOW
6944,6894,HAS_BLOCK
6894,6898,FLOW
6894,6924,FLOW
6894,6924,UNWIND
6944,6896,HAS_BLOCK
6896,6933,FLOW
6896,6924,FLOW
6896,6924,UNWIND
6944,6898,HAS_BLOCK
6898,6900,FLOW
6898,6924,FLOW
6898,6924,UNWIND
6944,6900,HAS_BLOCK
6900,6902,FLOW
6900,6924,FLOW
6900,6924,UNWIND
6944,6902,HAS_BLOCK
6902,6904,FLOW
6902,6924,FLOW
6902,6924,UNWIND
6944,6904,HAS_BLOCK
6904,6906,FLOW
6904,6924,FLOW
6904,6924,UNWIND
6944,6906,HAS_BLOCK
6906,6907,FLOW
6906,6909,FLOW
6906,6893,FLOW
6944,6907,HAS_BLOCK
6907,6911,FLOW
6907,6924,FLOW
6907,6924,UNWIND
6944,6909,HAS_BLOCK
6909,6934,FLOW
6909,6924,FLOW
6909,6924,UNWIND
6944,6911,HAS_BLOCK
6911,6914,FLOW
6911,6923,FLOW
6911,6923,UNWIND
6944,6914,HAS_BLOCK
6914,6935,FLOW
6914,6924,FLOW
6914,6924,UNWIND
6944,6916,HAS_BLOCK
6916,6917,FLOW
6916,6929,FLOW
6916,6929,UNWIND
6944,6917,HAS_BLOCK
6917,6922,FLOW
6944,6918,HAS_BLOCK
6918,6919,FLOW
6918,6927,FLOW
6918,6927,UNWIND
6944,6919,HAS_BLOCK
6919,6920,FLOW
6919,6928,FLOW
6919,6928,UNWIND
6944,6920,HAS_BLOCK
6920,6921,FLOW
6920,6929,FLOW
6920,6929,UNWIND
6944,6921,HAS_BLOCK
6921,6922,FLOW
6944,6922,HAS_BLOCK
6922,6944,RETURN
6944,6923,HAS_BLOCK
6923,6924,FLOW
6944,6924,HAS_BLOCK
6924,6927,FLOW
6944,6927,HAS_BLOCK
6927,6928,FLOW
6944,6928,HAS_BLOCK
6928,6929,FLOW
6944,6929,HAS_BLOCK
6929,6930,FLOW
6944,6930,HAS_BLOCK
6944,6931,HAS_BLOCK
6931,6921,FLOW
6944,6932,HAS_BLOCK
6932,6920,FLOW
6944,6933,HAS_BLOCK
6933,6918,FLOW
6944,6934,HAS_BLOCK
6934,6918,FLOW
6944,6935,HAS_BLOCK
6935,6862,FLOW
11326,11327,HAS_PARAM
11326,11328,HAS_PARAM
11326,11191,HAS_BLOCK
11191,11193,FLOW
11326,11193,HAS_BLOCK
11193,11215,FLOW
11193,11309,FLOW
11193,11309,UNWIND
11193,5025,CALL
11326,11215,HAS_BLOCK
11215,11235,FLOW
11215,11309,FLOW
11215,11309,UNWIND
11326,11235,HAS_BLOCK
11235,11254,FLOW
11326,11254,HAS_BLOCK
11254,11270,FLOW
11254,11308,FLOW
11254,11308,UNWIND
11326,11270,HAS_BLOCK
11270,11316,FLOW
11270,11304,FLOW
11270,11290,FLOW
11326,11290,HAS_BLOCK
11326,11304,HAS_BLOCK
11304,11324,FLOW
11304,11306,FLOW
11304,11306,UNWIND
11326,11316,HAS_BLOCK
11316,11271,FLOW
11316,11309,FLOW
11316,11309,UNWIND
11326,11324,HAS_BLOCK
11324,11194,FLOW
11324,11306,FLOW
11324,11306,UNWIND
11326,11194,HAS_BLOCK
11194,11196,FLOW
11194,11306,FLOW
11194,11306,UNWIND
11326,11196,HAS_BLOCK
11196,11198,FLOW
11196,11306,FLOW
11196,11306,UNWIND
11326,11198,HAS_BLOCK
11198,11200,FLOW
11198,11306,FLOW
11198,11306,UNWIND
11326,11200,HAS_BLOCK
11200,11202,FLOW
11200,11306,FLOW
11200,11306,UNWIND
11326,11202,HAS_BLOCK
11202,11204,FLOW
11202,11306,FLOW
11202,11306,UNWIND
11326,11204,HAS_BLOCK
11204,11206,FLOW
11204,11306,FLOW
11204,11306,UNWIND
11204,6387,CALL
11326,11206,HAS_BLOCK
11206,11208,FLOW
11206,11306,FLOW
11206,11306,UNWIND
11326,11208,HAS_BLOCK
11208,11210,FLOW
11208,11305,FLOW
11208,11305,UNWIND
11326,11210,HAS_BLOCK
11210,11212,FLOW
11210,11322,FLOW
11210,11322,UNWIND
11326,11212,HAS_BLOCK
11212,11216,FLOW
11212,11322,FLOW
11212,11322,UNWIND
11326,11216,HAS_BLOCK
11216,11218,FLOW
11216,11322,FLOW
11216,11322,UNWIND
11326,11218,HAS_BLOCK
11218,11219,FLOW
11218,11305,FLOW
11218,11305,UNWIND
11326,11219,HAS_BLOCK
11219,11221,FLOW
11219,11305,FLOW
11219,11305,UNWIND
11326,11221,HAS_BLOCK
11221,11223,FLOW
11221,11320,FLOW
11221,11320,UNWIND
11326,11223,HAS_BLOCK
11223,11225,FLOW
11223,11320,FLOW
11223,11320,UNWIND
11326,11225,HAS_BLOCK
11225,11227,FLOW
11225,11320,FLOW
11225,11320,UNWIND
11326,11227,HAS_BLOCK
11227,11228,FLOW
11227,11305,FLOW
11227,11305,UNWIND
11326,11228,HAS_BLOCK
11228,11230,FLOW
11228,11305,FLOW
11228,11305,UNWIND
11326,11230,HAS_BLOCK
11230,11232,FLOW
11230,11318,FLOW
11230,11318,UNWIND
11326,11232,HAS_BLOCK
11232,11236,FLOW
11232,11318,FLOW
11232,11318,UNWIND
11326,11236,HAS_BLOCK
11236,11238,FLOW
11236,11318,FLOW
11236,11318,UNWIND
11326,11238,HAS_BLOCK
11238,11239,FLOW
11238,11305,FLOW
11238,11305,UNWIND
11326,11239,HAS_BLOCK
11239,11241,FLOW
11239,11305,FLOW
11239,11305,UNWIND
11326,11241,HAS_BLOCK
11241,11243,FLOW
11241,11314,FLOW
11241,11314,UNWIND
11326,11243,HAS_BLOCK
11243,11245,FLOW
11243,11314,FLOW
11243,11314,UNWIND
11326,11245,HAS_BLOCK
11245,11247,FLOW
11245,11314,FLOW
11245,11314,UNWIND
11326,11247,HAS_BLOCK
11247,11249,FLOW
11247,11314,FLOW
11247,11314,UNWIND
11326,11249,HAS_BLOCK
11249,11250,FLOW
11249,11305,FLOW
11249,11305,UNWIND
11326,11250,HAS_BLOCK
11250,11252,FLOW
11250,11305,FLOW
11250,11305,UNWIND
11326,11252,HAS_BLOCK
11252,11255,FLOW
11252,11312,FLOW
11252,11312,UNWIND
11326,11255,HAS_BLOCK
11255,11257,FLOW
11255,11256,FLOW
11326,11256,HAS_BLOCK
11256,11258,FLOW
11326,11257,HAS_BLOCK
11257,11258,FLOW
11326,11258,HAS_BLOCK
11258,11260,FLOW
11258,11312,FLOW
11258,11312,UNWIND
11326,11260,HAS_BLOCK
11260,11262,FLOW
11260,11312,FLOW
11260,11312,UNWIND
11326,11262,HAS_BLOCK
11262,11264,FLOW
11262,11312,FLOW
11262,11312,UNWIND
11326,11264,HAS_BLOCK
11264,11265,FLOW
11264,11305,FLOW
11264,11305,UNWIND
11326,11265,HAS_BLOCK
11265,11267,FLOW
11265,11306,FLOW
11265,11306,UNWIND
11326,11267,HAS_BLOCK
11267,11268,FLOW
11267,11307,FLOW
11267,11307,UNWIND
11326,11268,HAS_BLOCK
11268,11254,FLOW
11268,11308,FLOW
11268,11308,UNWIND
11326,11271,HAS_BLOCK
11271,11273,FLOW
11271,11309,FLOW
11271,11309,UNWIND
11326,11273,HAS_BLOCK
11273,11275,FLOW
11273,11309,FLOW
11273,11309,UNWIND
11326,11275,HAS_BLOCK
11275,11277,FLOW
11275,11309,FLOW
11275,11309,UNWIND
11326,11277,HAS_BLOCK
11277,11279,FLOW
11277,11309,FLOW
11277,11309,UNWIND
11326,11279,HAS_BLOCK
11279,11280,FLOW
11279,11282,FLOW
11279,11290,FLOW
11326,11280,HAS_BLOCK
11280,11284,FLOW
11280,11303,FLOW
11280,11303,UNWIND
11326,11282,HAS_BLOCK
11282,11323,FLOW
11282,11309,FLOW
11282,11309,UNWIND
11326,11284,HAS_BLOCK
11284,11286,FLOW
11284,11303,FLOW
11284,11303,UNWIND
11326,11286,HAS_BLOCK
11286,11288,FLOW
11286,11303,FLOW
11286,11303,UNWIND
11326,11288,HAS_BLOCK
11288,11291,FLOW
11288,11303,FLOW
11288,11303,UNWIND
11326,11291,HAS_BLOCK
11291,11293,FLOW
11291,11303,FLOW
11291,11303,UNWIND
11326,11293,HAS_BLOCK
11293,11295,FLOW
11293,11303,FLOW
11293,11303,UNWIND
11326,11295,HAS_BLOCK
11295,11296,FLOW
11295,11297,FLOW
11295,11290,FLOW
11326,11296,HAS_BLOCK
11296,11300,FLOW
11296,11309,FLOW
11296,11309,UNWIND
11326,11297,HAS_BLOCK
11297,11299,FLOW
11297,11303,FLOW
11297,11303,UNWIND
11326,11299,HAS_BLOCK
11299,11301,FLOW
11299,11309,FLOW
11299,11309,UNWIND
11326,11300,HAS_BLOCK
11300,11302,FLOW
11326,11301,HAS_BLOCK
11301,11302,FLOW
11326,11302,HAS_BLOCK
11302,11326,RETURN
11326,11303,HAS_BLOCK
11303,11309,FLOW
11326,11305,HAS_BLOCK
11305,11306,FLOW
11326,11306,HAS_BLOCK
11306,11307,FLOW
11326,11307,HAS_BLOCK
11307,11308,FLOW
11326,11308,HAS_BLOCK
11308,11309,FLOW
11326,11309,HAS_BLOCK
11309,11310,FLOW
11326,11310,HAS_BLOCK
11326,11311,HAS_BLOCK
11311,11305,FLOW
11326,11312,HAS_BLOCK
11312,11305,FLOW
11312,11311,FLOW
11326,11313,HAS_BLOCK
11313,11305,FLOW
11326,11314,HAS_BLOCK
11314,11305,FLOW
11314,11313,FLOW
11326,11317,HAS_BLOCK
11317,11305,FLOW
11326,11318,HAS_BLOCK
11318,11305,FLOW
11318,11317,FLOW
11326,11319,HAS_BLOCK
11319,11305,FLOW
11326,11320,HAS_BLOCK
11320,11305,FLOW
11320,11319,FLOW
11326,11321,HAS_BLOCK
11321,11305,FLOW
11326,11322,HAS_BLOCK
11322,11305,FLOW
11322,11321,FLOW
11326,11323,HAS_BLOCK
11323,11301,FLOW
6706,6707,HAS_PARAM
6706,6703,HAS_BLOCK
6703,6705,FLOW
6703,5025,CALL
6706,6705,HAS_BLOCK
6705,6706,RETURN
6387,6388,HAS_PARAM
6387,6389,HAS_PARAM
6387,6370,HAS_BLOCK
6370,6372,FLOW
6387,6372,HAS_BLOCK
6372,6383,FLOW
6372,6376,FLOW
6387,6376,HAS_BLOCK
6376,6378,FLOW
6376,6448,CALL
6387,6378,HAS_BLOCK
6378,6379,FLOW
6378,6383,FLOW
6378,6375,FLOW
6387,6379,HAS_BLOCK
6379,6381,FLOW
6387,6381,HAS_BLOCK
6381,6382,FLOW
6381,6383,FLOW
6387,6382,HAS_BLOCK
6382,6374,FLOW
6387,6383,HAS_BLOCK
6383,6385,FLOW
6383,6560,CALL
6387,6385,HAS_BLOCK
6385,6373,FLOW
6385,6386,FLOW
6387,6386,HAS_BLOCK
6386,6374,FLOW
6387,6373,HAS_BLOCK
6373,6374,FLOW
6387,6374,HAS_BLOCK
6374,6387,RETURN
6387,6375,HAS_BLOCK
6448,6449,HAS_PARAM
6448,6426,HAS_BLOCK
6426,6428,FLOW
6448,6428,HAS_BLOCK
6428,6436,FLOW
6448,6436,HAS_BLOCK
6436,6438,FLOW
6436,6439,FLOW
6436,6437,FLOW
6448,6437,HAS_BLOCK
6448,6438,HAS_BLOCK
6438,6441,FLOW
6448,6439,HAS_BLOCK
6439,6434,FLOW
6448,6441,HAS_BLOCK
6441,6443,FLOW
6448,6443,HAS_BLOCK
6443,6445,FLOW
6448,6445,HAS_BLOCK
6445,6447,FLOW
6448,6447,HAS_BLOCK
6447,6429,FLOW
6447,6431,FLOW
6447,6437,FLOW
6448,6429,HAS_BLOCK
6429,6433,FLOW
6448,6431,HAS_BLOCK
6431,6434,FLOW
6448,6433,HAS_BLOCK
6433,6434,FLOW
6448,6434,HAS_BLOCK
6434,6448,RETURN
6560,6561,HAS_PARAM
6560,6555,HAS_BLOCK
6555,6557,FLOW
6560,6557,HAS_BLOCK
6557,6559,FLOW
6560,6559,HAS_BLOCK
6559,6560,RETURN
6263,6264,HAS_PARAM
6263,6265,HAS_PARAM
6263,6008,HAS_BLOCK
6008,6010,FLOW
6263,6010,HAS_BLOCK
6010,6115,FLOW
6010,6106,FLOW
6010,6106,UNWIND
6263,6115,HAS_BLOCK
6115,6132,FLOW
6115,6102,FLOW
6115,6102,UNWIND
6263,6132,HAS_BLOCK
6132,6153,FLOW
6132,6083,FLOW
6132,6083,UNWIND
6263,6153,HAS_BLOCK
6153,6169,FLOW
6153,6082,FLOW
6153,6082,UNWIND
6153,5036,CALL
6263,6169,HAS_BLOCK
6169,6188,FLOW
6169,6082,FLOW
6169,6082,UNWIND
6263,6188,HAS_BLOCK
6188,6208,FLOW
6263,6208,HAS_BLOCK
6208,6228,FLOW
6208,6079,FLOW
6208,6079,UNWIND
6263,6228,HAS_BLOCK
6228,6031,FLOW
6228,6011,FLOW
6228,6245,FLOW
6263,6245,HAS_BLOCK
6263,6011,HAS_BLOCK
6011,6045,FLOW
6011,6100,FLOW
6011,6100,UNWIND
6263,6031,HAS_BLOCK
6031,6123,FLOW
6031,6082,FLOW
6031,6082,UNWIND
6263,6045,HAS_BLOCK
6045,6058,FLOW
6045,6100,FLOW
6045,6100,UNWIND
6045,11044,CALL
6263,6058,HAS_BLOCK
6058,6069,FLOW
6058,6086,FLOW
6058,6245,FLOW
6263,6069,HAS_BLOCK
6069,6081,FLOW
6069,6077,FLOW
6069,6077,UNWIND
6263,6081,HAS_BLOCK
6081,6093,FLOW
6081,6077,FLOW
6081,6077,UNWIND
6263,6093,HAS_BLOCK
6093,6105,FLOW
6093,6077,FLOW
6093,6077,UNWIND
6263,6105,HAS_BLOCK
6105,6110,FLOW
6105,6077,FLOW
6105,6077,UNWIND
6263,6110,HAS_BLOCK
6110,6112,FLOW
6110,6077,FLOW
6110,6077,UNWIND
6263,6112,HAS_BLOCK
6112,6116,FLOW
6112,6077,FLOW
6112,6077,UNWIND
6263,6116,HAS_BLOCK
6116,6118,FLOW
6116,6077,FLOW
6116,6077,UNWIND
6263,6118,HAS_BLOCK
6118,6120,FLOW
6118,6077,FLOW
6118,6077,UNWIND
6263,6120,HAS_BLOCK
6120,6121,FLOW
6120,6078,FLOW
6120,6078,UNWIND
6263,6121,HAS_BLOCK
6121,6086,FLOW
6121,6100,FLOW
6121,6100,UNWIND
6263,6122,HAS_BLOCK
6122,6208,FLOW
6263,6123,HAS_BLOCK
6123,6125,FLOW
6123,6082,FLOW
6123,6082,UNWIND
6263,6125,HAS_BLOCK
6125,6126,FLOW
6263,6126,HAS_BLOCK
6126,6128,FLOW
6126,6082,FLOW
6126,6082,UNWIND
6263,6128,HAS_BLOCK
6128,6133,FLOW
6128,6129,FLOW
6128,6245,FLOW
6263,6129,HAS_BLOCK
6129,6135,FLOW
6129,6082,FLOW
6129,6082,UNWIND
6263,6133,HAS_BLOCK
6133,6170,FLOW
6133,6082,FLOW
6133,6082,UNWIND
6263,6135,HAS_BLOCK
6135,6137,FLOW
6135,6082,FLOW
6135,6082,UNWIND
6263,6137,HAS_BLOCK
6137,6138,FLOW
6137,6126,FLOW
6137,6245,FLOW
6263,6138,HAS_BLOCK
6138,6140,FLOW
6138,6082,FLOW
6138,6082,UNWIND
6263,6140,HAS_BLOCK
6140,6142,FLOW
6140,6082,FLOW
6140,6082,UNWIND
6263,6142,HAS_BLOCK
6142,6144,FLOW
6142,6082,FLOW
6142,6082,UNWIND
6263,6144,HAS_BLOCK
6144,6146,FLOW
6144,6082,FLOW
6144,6082,UNWIND
6263,6146,HAS_BLOCK
6146,6148,FLOW
6146,6082,FLOW
6146,6082,UNWIND
6263,6148,HAS_BLOCK
6148,6150,FLOW
6148,6098,FLOW
6148,6098,UNWIND
6148,5036,CALL
6263,6150,HAS_BLOCK
6150,6154,FLOW
6150,6076,FLOW
6150,6076,UNWIND
6263,6154,HAS_BLOCK
6154,6156,FLOW
6154,6076,FLOW
6154,6076,UNWIND
6263,6156,HAS_BLOCK
6156,6158,FLOW
6156,6076,FLOW
6156,6076,UNWIND
6263,6158,HAS_BLOCK
6158,6165,FLOW
6158,6159,FLOW
6263,6159,HAS_BLOCK
6159,6160,FLOW
6159,6098,FLOW
6159,6098,UNWIND
6263,6160,HAS_BLOCK
6160,6162,FLOW
6160,6098,FLOW
6160,6098,UNWIND
6263,6162,HAS_BLOCK
6162,6164,FLOW
6162,6098,FLOW
6162,6098,UNWIND
6263,6164,HAS_BLOCK
6164,6166,FLOW
6164,6098,FLOW
6164,6098,UNWIND
6263,6165,HAS_BLOCK
6165,6166,FLOW
6165,6098,FLOW
6165,6098,UNWIND
6263,6166,HAS_BLOCK
6166,6167,FLOW
6166,6088,FLOW
6263,6167,HAS_BLOCK
6167,6126,FLOW
6263,6170,HAS_BLOCK
6170,6171,FLOW
6263,6171,HAS_BLOCK
6171,6173,FLOW
6171,6082,FLOW
6171,6082,UNWIND
6263,6173,HAS_BLOCK
6173,6176,FLOW
6173,6174,FLOW
6173,6245,FLOW
6263,6174,HAS_BLOCK
6174,6178,FLOW
6174,6082,FLOW
6174,6082,UNWIND
6263,6176,HAS_BLOCK
6176,6246,FLOW
6176,6094,FLOW
6176,6094,UNWIND
6263,6178,HAS_BLOCK
6178,6180,FLOW
6178,6082,FLOW
6178,6082,UNWIND
6178,11044,CALL
6263,6180,HAS_BLOCK
6180,6181,FLOW
6180,6204,FLOW
6180,6245,FLOW
6263,6181,HAS_BLOCK
6181,6183,FLOW
6181,6074,FLOW
6181,6074,UNWIND
6263,6183,HAS_BLOCK
6183,6185,FLOW
6183,6074,FLOW
6183,6074,UNWIND
6263,6185,HAS_BLOCK
6185,6189,FLOW
6185,6074,FLOW
6185,6074,UNWIND
6263,6189,HAS_BLOCK
6189,6191,FLOW
6189,6074,FLOW
6189,6074,UNWIND
6263,6191,HAS_BLOCK
6191,6193,FLOW
6191,6074,FLOW
6191,6074,UNWIND
6263,6193,HAS_BLOCK
6193,6195,FLOW
6193,6074,FLOW
6193,6074,UNWIND
6263,6195,HAS_BLOCK
6195,6197,FLOW
6195,6074,FLOW
6195,6074,UNWIND
6263,6197,HAS_BLOCK
6197,6199,FLOW
6197,6074,FLOW
6197,6074,UNWIND
6263,6199,HAS_BLOCK
6199,6201,FLOW
6199,6073,FLOW
6199,6073,UNWIND
6263,6201,HAS_BLOCK
6201,6203,FLOW
6201,6074,FLOW
6201,6074,UNWIND
6263,6203,HAS_BLOCK
6203,6244,FLOW
6203,6075,FLOW
6203,6075,UNWIND
6263,6204,HAS_BLOCK
6204,6206,FLOW
6204,6082,FLOW
6204,6082,UNWIND
6263,6206,HAS_BLOCK
6206,6209,FLOW
6206,6082,FLOW
6206,6082,UNWIND
6263,6209,HAS_BLOCK
6209,6210,FLOW
6209,6238,FLOW
6209,6245,FLOW
6263,6210,HAS_BLOCK
6210,6212,FLOW
6210,6082,FLOW
6210,6082,UNWIND
6263,6212,HAS_BLOCK
6212,6214,FLOW
6212,6082,FLOW
6212,6082,UNWIND
6263,6214,HAS_BLOCK
6214,6216,FLOW
6214,6082,FLOW
6214,6082,UNWIND
6263,6216,HAS_BLOCK
6216,6218,FLOW
6216,6082,FLOW
6216,6082,UNWIND
6263,6218,HAS_BLOCK
6218,6220,FLOW
6218,6082,FLOW
6218,6082,UNWIND
6263,6220,HAS_BLOCK
6220,6222,FLOW
6220,6096,FLOW
6220,6096,UNWIND
6263,6222,HAS_BLOCK
6222,6236,FLOW
6222,6223,FLOW
6263,6223,HAS_BLOCK
6223,6225,FLOW
6223,6096,FLOW
6223,6096,UNWIND
6263,6225,HAS_BLOCK
6225,6229,FLOW
6225,6096,FLOW
6225,6096,UNWIND
6263,6229,HAS_BLOCK
6229,6231,FLOW
6229,6096,FLOW
6229,6096,UNWIND
6263,6231,HAS_BLOCK
6231,6233,FLOW
6231,6072,FLOW
6231,6072,UNWIND
6263,6233,HAS_BLOCK
6233,6235,FLOW
6233,6096,FLOW
6233,6096,UNWIND
6263,6235,HAS_BLOCK
6235,6171,FLOW
6263,6236,HAS_BLOCK
6236,6237,FLOW
6236,6082,FLOW
6236,6082,UNWIND
6263,6237,HAS_BLOCK
6237,6238,FLOW
6263,6238,HAS_BLOCK
6238,6240,FLOW
6238,6082,FLOW
6238,6082,UNWIND
6263,6240,HAS_BLOCK
6240,6242,FLOW
6240,6071,FLOW
6240,6071,UNWIND
6263,6242,HAS_BLOCK
6242,6107,FLOW
6242,6082,FLOW
6242,6082,UNWIND
6263,6244,HAS_BLOCK
6244,6171,FLOW
6244,6082,FLOW
6244,6082,UNWIND
6263,6246,HAS_BLOCK
6246,6248,FLOW
6246,6094,FLOW
6246,6094,UNWIND
6263,6248,HAS_BLOCK
6248,6250,FLOW
6248,6094,FLOW
6248,6094,UNWIND
6263,6250,HAS_BLOCK
6250,6252,FLOW
6250,6070,FLOW
6250,6070,UNWIND
6263,6252,HAS_BLOCK
6252,6253,FLOW
6263,6253,HAS_BLOCK
6253,6255,FLOW
6253,6068,FLOW
6253,6068,UNWIND
6263,6255,HAS_BLOCK
6255,6258,FLOW
6255,6256,FLOW
6255,6245,FLOW
6263,6256,HAS_BLOCK
6256,6259,FLOW
6256,6090,FLOW
6256,6090,UNWIND
6263,6258,HAS_BLOCK
6258,6061,FLOW
6258,6070,FLOW
6258,6070,UNWIND
6263,6259,HAS_BLOCK
6259,6261,FLOW
6259,6090,FLOW
6259,6090,UNWIND
6263,6261,HAS_BLOCK
6261,6012,FLOW
6261,6090,FLOW
6261,6090,UNWIND
6263,6012,HAS_BLOCK
6012,6014,FLOW
6012,6066,FLOW
6012,6066,UNWIND
6263,6014,HAS_BLOCK
6014,6015,FLOW
6014,6019,FLOW
6014,6245,FLOW
6263,6015,HAS_BLOCK
6015,6017,FLOW
6015,6066,FLOW
6015,6066,UNWIND
6263,6017,HAS_BLOCK
6017,6108,FLOW
6017,6066,FLOW
6017,6066,UNWIND
6263,6019,HAS_BLOCK
6019,6021,FLOW
6019,6066,FLOW
6019,6066,UNWIND
6263,6021,HAS_BLOCK
6021,6023,FLOW
6021,6066,FLOW
6021,6066,UNWIND
6263,6023,HAS_BLOCK
6023,6025,FLOW
6023,6066,FLOW
6023,6066,UNWIND
6263,6025,HAS_BLOCK
6025,6027,FLOW
6025,6065,FLOW
6025,6065,UNWIND
6263,6027,HAS_BLOCK
6027,6028,FLOW
6263,6028,HAS_BLOCK
6028,6032,FLOW
6028,6065,FLOW
6028,6065,UNWIND
6263,6032,HAS_BLOCK
6032,6048,FLOW
6032,6033,FLOW
6032,6245,FLOW
6263,6033,HAS_BLOCK
6033,6035,FLOW
6033,6065,FLOW
6033,6065,UNWIND
6263,6035,HAS_BLOCK
6035,6036,FLOW
6035,6037,FLOW
6035,6245,FLOW
6263,6036,HAS_BLOCK
6036,6038,FLOW
6036,6042,FLOW
6036,6245,FLOW
6263,6037,HAS_BLOCK
6037,6048,FLOW
6263,6038,HAS_BLOCK
6038,6040,FLOW
6038,6065,FLOW
6038,6065,UNWIND
6263,6040,HAS_BLOCK
6040,6028,FLOW
6040,6041,FLOW
6263,6041,HAS_BLOCK
6041,6048,FLOW
6263,6042,HAS_BLOCK
6042,6044,FLOW
6042,6065,FLOW
6042,6065,UNWIND
6263,6044,HAS_BLOCK
6044,6046,FLOW
6044,6047,FLOW
6044,6047,UNWIND
6263,6046,HAS_BLOCK
6046,6028,FLOW
6263,6047,HAS_BLOCK
6047,6065,FLOW
6263,6048,HAS_BLOCK
6048,6050,FLOW
6048,6049,FLOW
6263,6049,HAS_BLOCK
6049,6052,FLOW
6049,6065,FLOW
6049,6065,UNWIND
6263,6050,HAS_BLOCK
6050,6053,FLOW
6050,6065,FLOW
6050,6065,UNWIND
6263,6052,HAS_BLOCK
6052,6056,FLOW
6052,6066,FLOW
6052,6066,UNWIND
6263,6053,HAS_BLOCK
6053,6054,FLOW
6053,6066,FLOW
6053,6066,UNWIND
6263,6054,HAS_BLOCK
6054,6055,FLOW
6054,6090,FLOW
6054,6090,UNWIND
6263,6055,HAS_BLOCK
6055,6253,FLOW
6055,6068,FLOW
6055,6068,UNWIND
6263,6056,HAS_BLOCK
6056,6059,FLOW
6056,6090,FLOW
6056,6090,UNWIND
6263,6059,HAS_BLOCK
6059,6060,FLOW
6059,6067,FLOW
6059,6067,UNWIND
6263,6060,HAS_BLOCK
6060,6253,FLOW
6060,6068,FLOW
6060,6068,UNWIND
6263,6061,HAS_BLOCK
6061,6062,FLOW
6061,6094,FLOW
6061,6094,UNWIND
6263,6062,HAS_BLOCK
6062,6063,FLOW
6062,6083,FLOW
6062,6083,UNWIND
6263,6063,HAS_BLOCK
6063,6064,FLOW
6063,6102,FLOW
6063,6102,UNWIND
6263,6064,HAS_BLOCK
6064,6263,RETURN
6263,6065,HAS_BLOCK
6065,6066,FLOW
6263,6066,HAS_BLOCK
6066,6090,FLOW
6263,6067,HAS_BLOCK
6067,6068,FLOW
6263,6068,HAS_BLOCK
6068,6070,FLOW
6263,6070,HAS_BLOCK
6070,6094,FLOW
6263,6071,HAS_BLOCK
6071,6082,FLOW
6263,6072,HAS_BLOCK
6072,6096,FLOW
6263,6073,HAS_BLOCK
6073,6074,FLOW
6263,6074,HAS_BLOCK
6074,6075,FLOW
6263,6075,HAS_BLOCK
6075,6082,FLOW
6263,6076,HAS_BLOCK
6076,6098,FLOW
6263,6077,HAS_BLOCK
6077,6078,FLOW
6263,6078,HAS_BLOCK
6078,6100,FLOW
6263,6079,HAS_BLOCK
6079,6082,FLOW
6263,6082,HAS_BLOCK
6082,6083,FLOW
6263,6083,HAS_BLOCK
6083,6102,FLOW
6263,6084,HAS_BLOCK
6263,6085,HAS_BLOCK
6085,6122,FLOW
6085,6087,FLOW
6263,6086,HAS_BLOCK
6086,6085,FLOW
6086,6085,FLOW
6086,6245,FLOW
6263,6087,HAS_BLOCK
6087,6122,FLOW
6087,6079,FLOW
6087,6079,UNWIND
6263,6088,HAS_BLOCK
6088,6167,FLOW
6088,6082,FLOW
6088,6082,UNWIND
6263,6089,HAS_BLOCK
6089,6067,FLOW
6263,6090,HAS_BLOCK
6090,6067,FLOW
6090,6089,FLOW
6263,6091,HAS_BLOCK
6091,6082,FLOW
6263,6094,HAS_BLOCK
6094,6082,FLOW
6094,6091,FLOW
6263,6095,HAS_BLOCK
6095,6082,FLOW
6263,6096,HAS_BLOCK
6096,6082,FLOW
6096,6095,FLOW
6263,6097,HAS_BLOCK
6097,6082,FLOW
6263,6098,HAS_BLOCK
6098,6082,FLOW
6098,6097,FLOW
6263,6099,HAS_BLOCK
6099,6079,FLOW
6263,6100,HAS_BLOCK
6100,6079,FLOW
6100,6099,FLOW
6263,6101,HAS_BLOCK
6101,6106,FLOW
6263,6102,HAS_BLOCK
6102,6106,FLOW
6102,6101,FLOW
6263,6103,HAS_BLOCK
6103,6084,FLOW
6263,6106,HAS_BLOCK
6106,6084,FLOW
6106,6103,FLOW
6263,6107,HAS_BLOCK
6107,6171,FLOW
6263,6108,HAS_BLOCK
6108,6019,FLOW
11044,11045,HAS_PARAM
11044,11007,HAS_BLOCK
11007,11009,FLOW
11044,11009,HAS_BLOCK
11009,11033,FLOW
11009,11026,FLOW
11044,11026,HAS_BLOCK
11026,11034,FLOW
11026,6448,CALL
11044,11033,HAS_BLOCK
11033,11028,FLOW
11044,11034,HAS_BLOCK
11034,11036,FLOW
11044,11036,HAS_BLOCK
11036,11038,FLOW
11036,11040,FLOW
11036,11037,FLOW
11044,11037,HAS_BLOCK
11044,11038,HAS_BLOCK
11038,11042,FLOW
11044,11040,HAS_BLOCK
11040,11028,FLOW
11044,11042,HAS_BLOCK
11042,11010,FLOW
11042,11029,FLOW
11042,11029,UNWIND
11044,11010,HAS_BLOCK
11010,11012,FLOW
11010,11029,FLOW
11010,11029,UNWIND
11044,11012,HAS_BLOCK
11012,11015,FLOW
11012,11013,FLOW
11044,11013,HAS_BLOCK
11013,11016,FLOW
11013,11029,FLOW
11013,11029,UNWIND
11044,11015,HAS_BLOCK
11015,11027,FLOW
11044,11016,HAS_BLOCK
11016,11018,FLOW
11016,11029,FLOW
11016,11029,UNWIND
11044,11018,HAS_BLOCK
11018,11020,FLOW
11018,11029,FLOW
11018,11029,UNWIND
11044,11020,HAS_BLOCK
11020,11021,FLOW
11020,11023,FLOW
11020,11037,FLOW
11044,11021,HAS_BLOCK
11021,11025,FLOW
11021,11029,FLOW
11021,11029,UNWIND
11044,11023,HAS_BLOCK
11023,11031,FLOW
11023,11029,FLOW
11023,11029,UNWIND
11044,11025,HAS_BLOCK
11025,11028,FLOW
11044,11027,HAS_BLOCK
11027,11028,FLOW
11044,11028,HAS_BLOCK
11028,11044,RETURN
11044,11029,HAS_BLOCK
11029,11030,FLOW
11044,11030,HAS_BLOCK
11044,11031,HAS_BLOCK
11031,11027,FLOW
10838,10839,HAS_PARAM
10838,10627,HAS_BLOCK
10627,10629,FLOW
10627,10667,FLOW
10627,10667,UNWIND
10838,10629,HAS_BLOCK
10629,10692,FLOW
10629,10667,FLOW
10629,10667,UNWIND
10629,6731,CALL
10838,10692,HAS_BLOCK
10692,10713,FLOW
10692,10667,FLOW
10692,10667,UNWIND
10838,10713,HAS_BLOCK
10713,10751,FLOW
10713,10770,FLOW
10713,10733,FLOW
10838,10733,HAS_BLOCK
10838,10751,HAS_BLOCK
10751,10791,FLOW
10751,10664,FLOW
10751,10664,UNWIND
10838,10770,HAS_BLOCK
10770,10676,FLOW
10770,10667,FLOW
10770,10667,UNWIND
10838,10791,HAS_BLOCK
10791,10809,FLOW
10791,10664,FLOW
10791,10664,UNWIND
10791,5005,CALL
10838,10809,HAS_BLOCK
10809,10823,FLOW
10809,10664,FLOW
10809,10664,UNWIND
10838,10823,HAS_BLOCK
10823,10630,FLOW
10823,10642,FLOW
10823,10733,FLOW
10838,10630,HAS_BLOCK
10630,10654,FLOW
10630,10664,FLOW
10630,10664,UNWIND
10838,10642,HAS_BLOCK
10642,10679,FLOW
10642,10664,FLOW
10642,10664,UNWIND
10838,10654,HAS_BLOCK
10654,10666,FLOW
10654,10663,FLOW
10654,10663,UNWIND
10838,10666,HAS_BLOCK
10666,10678,FLOW
10666,10662,FLOW
10666,10662,UNWIND
10838,10678,HAS_BLOCK
10678,10683,FLOW
10678,10662,FLOW
10678,10662,UNWIND
10838,10683,HAS_BLOCK
10683,10685,FLOW
10683,10662,FLOW
10683,10662,UNWIND
10838,10685,HAS_BLOCK
10685,10687,FLOW
10685,10662,FLOW
10685,10662,UNWIND
10838,10687,HAS_BLOCK
10687,10688,FLOW
10838,10688,HAS_BLOCK
10688,10690,FLOW
10688,10662,FLOW
10688,10662,UNWIND
10838,10690,HAS_BLOCK
10690,10695,FLOW
10690,10693,FLOW
10690,10733,FLOW
10838,10693,HAS_BLOCK
10693,10697,FLOW
10693,10662,FLOW
10693,10662,UNWIND
10838,10695,HAS_BLOCK
10695,10727,FLOW
10695,10662,FLOW
10695,10662,UNWIND
10838,10697,HAS_BLOCK
10697,10699,FLOW
10697,10662,FLOW
10697,10662,UNWIND
10838,10699,HAS_BLOCK
10699,10701,FLOW
10699,10662,FLOW
10699,10662,UNWIND
10838,10701,HAS_BLOCK
10701,10688,FLOW
10701,10702,FLOW
10838,10702,HAS_BLOCK
10702,10704,FLOW
10702,10662,FLOW
10702,10662,UNWIND
10838,10704,HAS_BLOCK
10704,10706,FLOW
10704,10662,FLOW
10704,10662,UNWIND
10838,10706,HAS_BLOCK
10706,10708,FLOW
10706,10662,FLOW
10706,10662,UNWIND
10838,10708,HAS_BLOCK
10708,10710,FLOW
10708,10662,FLOW
10708,10662,UNWIND
10838,10710,HAS_BLOCK
10710,10714,FLOW
10710,10662,FLOW
10710,10662,UNWIND
10838,10714,HAS_BLOCK
10714,10716,FLOW
10714,10662,FLOW
10714,10662,UNWIND
10838,10716,HAS_BLOCK
10716,10718,FLOW
10716,10662,FLOW
10716,10662,UNWIND
10838,10718,HAS_BLOCK
10718,10720,FLOW
10718,10662,FLOW
10718,10662,UNWIND
10838,10720,HAS_BLOCK
10720,10722,FLOW
10720,10662,FLOW
10720,10662,UNWIND
10838,10722,HAS_BLOCK
10722,10724,FLOW
10722,10662,FLOW
10722,10662,UNWIND
10838,10724,HAS_BLOCK
10724,10688,FLOW
10724,10725,FLOW
10838,10725,HAS_BLOCK
10725,10680,FLOW
10725,10662,FLOW
10725,10662,UNWIND
10838,10727,HAS_BLOCK
10727,10729,FLOW
10727,10662,FLOW
10727,10662,UNWIND
10838,10729,HAS_BLOCK
10729,10731,FLOW
10729,10662,FLOW
10729,10662,UNWIND
10838,10731,HAS_BLOCK
10731,10734,FLOW
10731,10662,FLOW
10731,10662,UNWIND
10731,6499,CALL
10838,10734,HAS_BLOCK
10734,10736,FLOW
10734,10662,FLOW
10734,10662,UNWIND
10838,10736,HAS_BLOCK
10736,10737,FLOW
10838,10737,HAS_BLOCK
10737,10739,FLOW
10737,10661,FLOW
10737,10661,UNWIND
10838,10739,HAS_BLOCK
10739,10742,FLOW
10739,10740,FLOW
10739,10733,FLOW
10838,10740,HAS_BLOCK
10740,10743,FLOW
10740,10659,FLOW
10740,10659,UNWIND
10838,10742,HAS_BLOCK
10742,10635,FLOW
10742,10662,FLOW
10742,10662,UNWIND
10838,10743,HAS_BLOCK
10743,10745,FLOW
10743,10659,FLOW
10743,10659,UNWIND
10838,10745,HAS_BLOCK
10745,10747,FLOW
10745,10658,FLOW
10745,10658,UNWIND
10838,10747,HAS_BLOCK
10747,10749,FLOW
10747,10658,FLOW
10747,10658,UNWIND
10838,10749,HAS_BLOCK
10749,10752,FLOW
10749,10658,FLOW
10749,10658,UNWIND
10838,10752,HAS_BLOCK
10752,10753,FLOW
10838,10753,HAS_BLOCK
10753,10755,FLOW
10753,10658,FLOW
10753,10658,UNWIND
10838,10755,HAS_BLOCK
10755,10758,FLOW
10755,10756,FLOW
10755,10733,FLOW
10838,10756,HAS_BLOCK
10756,10759,FLOW
10756,10658,FLOW
10756,10658,UNWIND
10838,10758,HAS_BLOCK
10758,10633,FLOW
10758,10659,FLOW
10758,10659,UNWIND
10838,10759,HAS_BLOCK
10759,10761,FLOW
10759,10658,FLOW
10759,10658,UNWIND
10838,10761,HAS_BLOCK
10761,10763,FLOW
10761,10658,FLOW
10761,10658,UNWIND
10838,10763,HAS_BLOCK
10763,10765,FLOW
10763,10657,FLOW
10763,10657,UNWIND
10838,10765,HAS_BLOCK
10765,10767,FLOW
10765,10657,FLOW
10765,10657,UNWIND
10838,10767,HAS_BLOCK
10767,10771,FLOW
10767,10657,FLOW
10767,10657,UNWIND
10767,6005,CALL
10838,10771,HAS_BLOCK
10771,10773,FLOW
10771,10656,FLOW
10771,10656,UNWIND
10838,10773,HAS_BLOCK
10773,10775,FLOW
10773,10656,FLOW
10773,10656,UNWIND
10838,10775,HAS_BLOCK
10775,10777,FLOW
10775,10656,FLOW
10775,10656,UNWIND
10775,6367,CALL
10838,10777,HAS_BLOCK
10777,10779,FLOW
10777,10656,FLOW
10777,10656,UNWIND
10838,10779,HAS_BLOCK
10779,10780,FLOW
10779,10782,FLOW
10779,10733,FLOW
10838,10780,HAS_BLOCK
10780,10784,FLOW
10780,10655,FLOW
10780,10655,UNWIND
10838,10782,HAS_BLOCK
10782,10681,FLOW
10782,10656,FLOW
10782,10656,UNWIND
10838,10784,HAS_BLOCK
10784,10786,FLOW
10784,10655,FLOW
10784,10655,UNWIND
10838,10786,HAS_BLOCK
10786,10788,FLOW
10786,10655,FLOW
10786,10655,UNWIND
10786,6851,CALL
10838,10788,HAS_BLOCK
10788,10792,FLOW
10788,10675,FLOW
10788,10675,UNWIND
10838,10792,HAS_BLOCK
10792,10794,FLOW
10792,10675,FLOW
10792,10675,UNWIND
10838,10794,HAS_BLOCK
10794,10796,FLOW
10794,10675,FLOW
10794,10675,UNWIND
10838,10796,HAS_BLOCK
10796,10798,FLOW
10796,10675,FLOW
10796,10675,UNWIND
10838,10798,HAS_BLOCK
10798,10799,FLOW
10838,10799,HAS_BLOCK
10799,10801,FLOW
10799,10652,FLOW
10799,10652,UNWIND
10838,10801,HAS_BLOCK
10801,10803,FLOW
10801,10802,FLOW
10801,10733,FLOW
10838,10802,HAS_BLOCK
10802,10804,FLOW
10802,10799,FLOW
10802,10733,FLOW
10838,10803,HAS_BLOCK
10803,10819,FLOW
10803,10675,FLOW
10803,10675,UNWIND
10838,10804,HAS_BLOCK
10804,10806,FLOW
10804,10673,FLOW
10804,10673,UNWIND
10838,10806,HAS_BLOCK
10806,10810,FLOW
10806,10673,FLOW
10806,10673,UNWIND
10838,10810,HAS_BLOCK
10810,10811,FLOW
10810,10817,FLOW
10810,10733,FLOW
10838,10811,HAS_BLOCK
10811,10812,FLOW
10811,10817,FLOW
10838,10812,HAS_BLOCK
10812,10814,FLOW
10812,10671,FLOW
10812,10671,UNWIND
10838,10814,HAS_BLOCK
10814,10815,FLOW
10814,10816,FLOW
10814,10816,UNWIND
10838,10815,HAS_BLOCK
10815,10817,FLOW
10838,10816,HAS_BLOCK
10816,10671,FLOW
10838,10817,HAS_BLOCK
10817,10818,FLOW
10817,10669,FLOW
10838,10818,HAS_BLOCK
10818,10799,FLOW
10838,10819,HAS_BLOCK
10819,10820,FLOW
10819,10837,FLOW
10838,10820,HAS_BLOCK
10820,10824,FLOW
10820,10675,FLOW
10820,10675,UNWIND
10838,10824,HAS_BLOCK
10824,10826,FLOW
10824,10675,FLOW
10824,10675,UNWIND
10838,10826,HAS_BLOCK
10826,10828,FLOW
10826,10675,FLOW
10826,10675,UNWIND
10826,11188,CALL
10838,10828,HAS_BLOCK
10828,10830,FLOW
10828,10675,FLOW
10828,10675,UNWIND
10838,10830,HAS_BLOCK
10830,10831,FLOW
10830,10832,FLOW
10830,10733,FLOW
10838,10831,HAS_BLOCK
10831,10835,FLOW
10831,10656,FLOW
10831,10656,UNWIND
10838,10832,HAS_BLOCK
10832,10834,FLOW
10832,10675,FLOW
10832,10675,UNWIND
10838,10834,HAS_BLOCK
10834,10639,FLOW
10834,10656,FLOW
10834,10656,UNWIND
10838,10835,HAS_BLOCK
10835,10836,FLOW
10835,10657,FLOW
10835,10657,UNWIND
10838,10836,HAS_BLOCK
10836,10753,FLOW
10836,10658,FLOW
10836,10658,UNWIND
10838,10837,HAS_BLOCK
10837,10631,FLOW
10837,10656,FLOW
10837,10656,UNWIND
10838,10631,HAS_BLOCK
10631,10632,FLOW
10631,10657,FLOW
10631,10657,UNWIND
10838,10632,HAS_BLOCK
10632,10753,FLOW
10632,10658,FLOW
10632,10658,UNWIND
10838,10633,HAS_BLOCK
10633,10634,FLOW
10633,10660,FLOW
10633,10660,UNWIND
10838,10634,HAS_BLOCK
10634,10737,FLOW
10634,10661,FLOW
10634,10661,UNWIND
10838,10635,HAS_BLOCK
10635,10636,FLOW
10635,10663,FLOW
10635,10663,UNWIND
10838,10636,HAS_BLOCK
10636,10637,FLOW
10636,10664,FLOW
10636,10664,UNWIND
10838,10637,HAS_BLOCK
10637,10638,FLOW
10637,10667,FLOW
10637,10667,UNWIND
10838,10638,HAS_BLOCK
10638,10651,FLOW
10838,10639,HAS_BLOCK
10639,10640,FLOW
10639,10657,FLOW
10639,10657,UNWIND
10838,10640,HAS_BLOCK
10640,10643,FLOW
10640,10658,FLOW
10640,10658,UNWIND
10838,10643,HAS_BLOCK
10643,10644,FLOW
10643,10659,FLOW
10643,10659,UNWIND
10838,10644,HAS_BLOCK
10644,10645,FLOW
10644,10660,FLOW
10644,10660,UNWIND
10838,10645,HAS_BLOCK
10645,10646,FLOW
10645,10661,FLOW
10645,10661,UNWIND
10838,10646,HAS_BLOCK
10646,10647,FLOW
10646,10662,FLOW
10646,10662,UNWIND
10838,10647,HAS_BLOCK
10647,10648,FLOW
10647,10663,FLOW
10647,10663,UNWIND
10838,10648,HAS_BLOCK
10648,10649,FLOW
10648,10664,FLOW
10648,10664,UNWIND
10838,10649,HAS_BLOCK
10649,10650,FLOW
10649,10667,FLOW
10649,10667,UNWIND
10838,10650,HAS_BLOCK
10650,10651,FLOW
10838,10651,HAS_BLOCK
10651,10838,RETURN
10838,10652,HAS_BLOCK
10652,10675,FLOW
10838,10655,HAS_BLOCK
10655,10656,FLOW
10838,10656,HAS_BLOCK
10656,10657,FLOW
10838,10657,HAS_BLOCK
10657,10658,FLOW
10838,10658,HAS_BLOCK
10658,10659,FLOW
10838,10659,HAS_BLOCK
10659,10660,FLOW
10838,10660,HAS_BLOCK
10660,10661,FLOW
10838,10661,HAS_BLOCK
10661,10662,FLOW
10838,10662,HAS_BLOCK
10662,10663,FLOW
10838,10663,HAS_BLOCK
10663,10664,FLOW
10838,10664,HAS_BLOCK
10664,10667,FLOW
10838,10667,HAS_BLOCK
10667,10668,FLOW
10838,10668,HAS_BLOCK
10838,10669,HAS_BLOCK
10669,10818,FLOW
10669,10652,FLOW
10669,10652,UNWIND
10838,10670,HAS_BLOCK
10670,10673,FLOW
10838,10671,HAS_BLOCK
10671,10673,FLOW
10671,10670,FLOW
10838,10672,HAS_BLOCK
10672,10652,FLOW
10838,10673,HAS_BLOCK
10673,10652,FLOW
10673,10672,FLOW
10838,10674,HAS_BLOCK
10674,10655,FLOW
10838,10675,HAS_BLOCK
10675,10655,FLOW
10675,10674,FLOW
10838,10676,HAS_BLOCK
10676,10650,FLOW
10838,10679,HAS_BLOCK
10679,10649,FLOW
10838,10680,HAS_BLOCK
10680,10688,FLOW
10838,10681,HAS_BLOCK
10681,10639,FLOW
6731,6732,HAS_PARAM
6731,6708,HAS_BLOCK
6708,6710,FLOW
6731,6710,HAS_BLOCK
6710,6719,FLOW
6731,6719,HAS_BLOCK
6719,6721,FLOW
6719,6723,FLOW
6719,6720,FLOW
6731,6720,HAS_BLOCK
6731,6721,HAS_BLOCK
6721,6725,FLOW
6721,6716,FLOW
6721,6716,UNWIND
6731,6723,HAS_BLOCK
6723,6714,FLOW
6731,6725,HAS_BLOCK
6725,6727,FLOW
6725,6716,FLOW
6725,6716,UNWIND
6731,6727,HAS_BLOCK
6727,6729,FLOW
6727,6716,FLOW
6727,6716,UNWIND
6731,6729,HAS_BLOCK
6729,6730,FLOW
6729,6711,FLOW
6729,6720,FLOW
6731,6730,HAS_BLOCK
6730,6714,FLOW
6731,6711,HAS_BLOCK
6711,6713,FLOW
6711,6715,FLOW
6711,6715,UNWIND
6731,6713,HAS_BLOCK
6713,6714,FLOW
6731,6714,HAS_BLOCK
6714,6731,RETURN
6731,6715,HAS_BLOCK
6715,6717,FLOW
6731,6716,HAS_BLOCK
6716,6717,FLOW
6731,6717,HAS_BLOCK
11188,11189,HAS_PARAM
11188,11190,HAS_PARAM
11188,11160,HAS_BLOCK
11160,11162,FLOW
11188,11162,HAS_BLOCK
11162,11174,FLOW
11188,11174,HAS_BLOCK
11174,11176,FLOW
11174,11178,FLOW
11174,11175,FLOW
11188,11175,HAS_BLOCK
11188,11176,HAS_BLOCK
11176,11180,FLOW
11176,11171,FLOW
11176,11171,UNWIND
11188,11178,HAS_BLOCK
11178,11170,FLOW
11188,11180,HAS_BLOCK
11180,11182,FLOW
11180,11171,FLOW
11180,11171,UNWIND
11188,11182,HAS_BLOCK
11182,11184,FLOW
11182,11171,FLOW
11182,11171,UNWIND
11188,11184,HAS_BLOCK
11184,11186,FLOW
11184,11171,FLOW
11184,11171,UNWIND
11188,11186,HAS_BLOCK
11186,11163,FLOW
11186,11171,FLOW
11186,11171,UNWIND
11188,11163,HAS_BLOCK
11163,11165,FLOW
11163,11171,FLOW
11163,11171,UNWIND
11188,11165,HAS_BLOCK
11165,11166,FLOW
11165,11167,FLOW
11165,11175,FLOW
11188,11166,HAS_BLOCK
11166,11170,FLOW
11188,11167,HAS_BLOCK
11167,11169,FLOW
11167,11171,FLOW
11167,11171,UNWIND
11188,11169,HAS_BLOCK
11169,11170,FLOW
11188,11170,HAS_BLOCK
11170,11188,RETURN
11188,11171,HAS_BLOCK
11171,11172,FLOW
11188,11172,HAS_BLOCK
6499,6500,HAS_PARAM
6499,6501,HAS_PARAM
6499,6502,HAS_PARAM
6499,6470,HAS_BLOCK
6470,6472,FLOW
6499,6472,HAS_BLOCK
6472,6488,FLOW
6472,6484,FLOW
6472,6484,UNWIND
6499,6488,HAS_BLOCK
6488,6489,FLOW
6499,6489,HAS_BLOCK
6489,6491,FLOW
6489,6484,FLOW
6489,6484,UNWIND
6499,6491,HAS_BLOCK
6491,6494,FLOW
6491,6493,FLOW
6491,6492,FLOW
6499,6492,HAS_BLOCK
6499,6493,HAS_BLOCK
6493,6495,FLOW
6493,6484,FLOW
6493,6484,UNWIND
6499,6494,HAS_BLOCK
6494,6499,RETURN
6499,6495,HAS_BLOCK
6495,6497,FLOW
6495,6484,FLOW
6495,6484,UNWIND
6499,6497,HAS_BLOCK
6497,6473,FLOW
6497,6484,FLOW
6497,6484,UNWIND
6499,6473,HAS_BLOCK
6473,6475,FLOW
6473,6484,FLOW
6473,6484,UNWIND
6499,6475,HAS_BLOCK
6475,6477,FLOW
6475,6484,FLOW
6475,6484,UNWIND
6475,6969,CALL
6499,6477,HAS_BLOCK
6477,6478,FLOW
6477,6489,FLOW
6477,6492,FLOW
6499,6478,HAS_BLOCK
6478,6480,FLOW
6478,6484,FLOW
6478,6484,UNWIND
6499,6480,HAS_BLOCK
6480,6482,FLOW
6480,6484,FLOW
6480,6484,UNWIND
6499,6482,HAS_BLOCK
6482,6486,FLOW
6482,6484,FLOW
6482,6484,UNWIND
6499,6484,HAS_BLOCK
6484,6485,FLOW
6499,6485,HAS_BLOCK
6499,6486,HAS_BLOCK
6486,6489,FLOW
6969,6970,HAS_PARAM
6969,6971,HAS_PARAM
6969,6946,HAS_BLOCK
6946,6948,FLOW
6946,5267,CALL
6969,6948,HAS_BLOCK
6948,6956,FLOW
6948,6953,FLOW
6948,6953,UNWIND
6969,6956,HAS_BLOCK
6956,6958,FLOW
6956,6953,FLOW
6956,6953,UNWIND
6956,5018,CALL
6969,6958,HAS_BLOCK
6958,6960,FLOW
6958,6953,FLOW
6958,6953,UNWIND
6969,6960,HAS_BLOCK
6960,6962,FLOW
6960,6964,FLOW
6960,6961,FLOW
6969,6961,HAS_BLOCK
6969,6962,HAS_BLOCK
6962,6967,FLOW
6962,6953,FLOW
6962,6953,UNWIND
6969,6964,HAS_BLOCK
6964,6966,FLOW
6964,6953,FLOW
6964,6953,UNWIND
6969,6966,HAS_BLOCK
6966,6952,FLOW
6969,6967,HAS_BLOCK
6967,6949,FLOW
6967,6953,FLOW
6967,6953,UNWIND
6969,6949,HAS_BLOCK
6949,6951,FLOW
6949,6953,FLOW
6949,6953,UNWIND
6969,6951,HAS_BLOCK
6951,6952,FLOW
6969,6952,HAS_BLOCK
6952,6969,RETURN
6969,6953,HAS_BLOCK
6953,6954,FLOW
6969,6954,HAS_BLOCK
6005,6006,HAS_PARAM
6005,6007,HAS_PARAM
6005,5979,HAS_BLOCK
5979,5981,FLOW
6005,5981,HAS_BLOCK
5981,5990,FLOW
6005,5990,HAS_BLOCK
5990,5992,FLOW
6005,5992,HAS_BLOCK
5992,5994,FLOW
5992,5987,FLOW
5992,5987,UNWIND
6005,5994,HAS_BLOCK
5994,5996,FLOW
5994,5987,FLOW
5994,5987,UNWIND
6005,5996,HAS_BLOCK
5996,5997,FLOW
5996,5986,FLOW
5996,5986,UNWIND
6005,5997,HAS_BLOCK
5997,5999,FLOW
5997,5986,FLOW
5997,5986,UNWIND
6005,5999,HAS_BLOCK
5999,6001,FLOW
5999,5986,FLOW
5999,5986,UNWIND
6005,6001,HAS_BLOCK
6001,6003,FLOW
6001,5986,FLOW
6001,5986,UNWIND
6005,6003,HAS_BLOCK
6003,5982,FLOW
6003,5986,FLOW
6003,5986,UNWIND
6005,5982,HAS_BLOCK
5982,5984,FLOW
5982,5986,FLOW
5982,5986,UNWIND
6005,5984,HAS_BLOCK
5984,5985,FLOW
6005,5985,HAS_BLOCK
5985,6005,RETURN
6005,5986,HAS_BLOCK
5986,5988,FLOW
6005,5987,HAS_BLOCK
5987,5988,FLOW
6005,5988,HAS_BLOCK
6367,6368,HAS_PARAM
6367,6369,HAS_PARAM
6367,6266,HAS_BLOCK
6266,6268,FLOW
6367,6268,HAS_BLOCK
6268,6287,FLOW
6367,6287,HAS_BLOCK
6287,6308,FLOW
6367,6308,HAS_BLOCK
6308,6340,FLOW
6308,6352,FLOW
6308,6326,FLOW
6367,6326,HAS_BLOCK
6367,6340,HAS_BLOCK
6340,6361,FLOW
6340,6347,FLOW
6340,6347,UNWIND
6367,6352,HAS_BLOCK
6352,6339,FLOW
6367,6361,HAS_BLOCK
6361,6363,FLOW
6361,6347,FLOW
6361,6347,UNWIND
6367,6363,HAS_BLOCK
6363,6365,FLOW
6363,6347,FLOW
6363,6347,UNWIND
6367,6365,HAS_BLOCK
6365,6269,FLOW
6365,6347,FLOW
6365,6347,UNWIND
6367,6269,HAS_BLOCK
6269,6271,FLOW
6269,6347,FLOW
6269,6347,UNWIND
6367,6271,HAS_BLOCK
6271,6272,FLOW
6271,6274,FLOW
6271,6326,FLOW
6367,6272,HAS_BLOCK
6272,6276,FLOW
6272,6347,FLOW
6272,6347,UNWIND
6367,6274,HAS_BLOCK
6274,6355,FLOW
6274,6347,FLOW
6274,6347,UNWIND
6367,6276,HAS_BLOCK
6276,6278,FLOW
6276,6346,FLOW
6276,6346,UNWIND
6367,6278,HAS_BLOCK
6278,6279,FLOW
6367,6279,HAS_BLOCK
6279,6281,FLOW
6279,6346,FLOW
6279,6346,UNWIND
6367,6281,HAS_BLOCK
6281,6284,FLOW
6281,6282,FLOW
6281,6326,FLOW
6367,6282,HAS_BLOCK
6282,6356,FLOW
6282,6346,FLOW
6282,6346,UNWIND
6367,6284,HAS_BLOCK
6284,6288,FLOW
6284,6346,FLOW
6284,6346,UNWIND
6367,6288,HAS_BLOCK
6288,6290,FLOW
6288,6346,FLOW
6288,6346,UNWIND
6367,6290,HAS_BLOCK
6290,6292,FLOW
6290,6346,FLOW
6290,6346,UNWIND
6367,6292,HAS_BLOCK
6292,6294,FLOW
6292,6346,FLOW
6292,6346,UNWIND
6367,6294,HAS_BLOCK
6294,6296,FLOW
6294,6346,FLOW
6294,6346,UNWIND
6367,6296,HAS_BLOCK
6296,6298,FLOW
6296,6346,FLOW
6296,6346,UNWIND
6367,6298,HAS_BLOCK
6298,6300,FLOW
6298,6346,FLOW
6298,6346,UNWIND
6367,6300,HAS_BLOCK
6300,6302,FLOW
6300,6346,FLOW
6300,6346,UNWIND
6367,6302,HAS_BLOCK
6302,6303,FLOW
6302,6305,FLOW
6302,6326,FLOW
6367,6303,HAS_BLOCK
6303,6309,FLOW
6303,6354,FLOW
6303,6354,UNWIND
6367,6305,HAS_BLOCK
6305,6357,FLOW
6305,6346,FLOW
6305,6346,UNWIND
6367,6309,HAS_BLOCK
6309,6310,FLOW
6309,6319,FLOW
6309,6326,FLOW
6367,6310,HAS_BLOCK
6310,6312,FLOW
6310,6354,FLOW
6310,6354,UNWIND
6367,6312,HAS_BLOCK
6312,6314,FLOW
6312,6354,FLOW
6312,6354,UNWIND
6367,6314,HAS_BLOCK
6314,6316,FLOW
6314,6354,FLOW
6314,6354,UNWIND
6367,6316,HAS_BLOCK
6316,6319,FLOW
6316,6317,FLOW
6316,6326,FLOW
6367,6317,HAS_BLOCK
6317,6358,FLOW
6317,6354,FLOW
6317,6354,UNWIND
6367,6319,HAS_BLOCK
6319,6321,FLOW
6319,6354,FLOW
6319,6354,UNWIND
6367,6321,HAS_BLOCK
6321,6323,FLOW
6321,6354,FLOW
6321,6354,UNWIND
6367,6323,HAS_BLOCK
6323,6324,FLOW
6323,6327,FLOW
6323,6326,FLOW
6367,6324,HAS_BLOCK
6324,6329,FLOW
6324,6345,FLOW
6324,6345,UNWIND
6367,6327,HAS_BLOCK
6327,6359,FLOW
6327,6354,FLOW
6327,6354,UNWIND
6367,6329,HAS_BLOCK
6329,6331,FLOW
6329,6345,FLOW
6329,6345,UNWIND
6367,6331,HAS_BLOCK
6331,6333,FLOW
6331,6341,FLOW
6331,6341,UNWIND
6367,6333,HAS_BLOCK
6333,6334,FLOW
6333,6342,FLOW
6333,6342,UNWIND
6367,6334,HAS_BLOCK
6334,6335,FLOW
6334,6343,FLOW
6334,6343,UNWIND
6367,6335,HAS_BLOCK
6335,6336,FLOW
6335,6344,FLOW
6335,6344,UNWIND
6367,6336,HAS_BLOCK
6336,6339,FLOW
6367,6337,HAS_BLOCK
6337,6338,FLOW
6337,6347,FLOW
6337,6347,UNWIND
6367,6338,HAS_BLOCK
6338,6339,FLOW
6367,6339,HAS_BLOCK
6339,6367,RETURN
6367,6341,HAS_BLOCK
6341,6342,FLOW
6367,6342,HAS_BLOCK
6342,6343,FLOW
6367,6343,HAS_BLOCK
6343,6344,FLOW
6367,6344,HAS_BLOCK
6344,6348,FLOW
6367,6345,HAS_BLOCK
6345,6354,FLOW
6367,6346,HAS_BLOCK
6346,6347,FLOW
6367,6347,HAS_BLOCK
6347,6348,FLOW
6367,6348,HAS_BLOCK
6367,6349,HAS_BLOCK
6349,6337,FLOW
6349,6346,FLOW
6349,6346,UNWIND
6367,6350,HAS_BLOCK
6350,6337,FLOW
6350,6349,FLOW
6367,6353,HAS_BLOCK
6353,6346,FLOW
6367,6354,HAS_BLOCK
6354,6346,FLOW
6354,6353,FLOW
6367,6355,HAS_BLOCK
6355,6338,FLOW
6367,6356,HAS_BLOCK
6356,6279,FLOW
6367,6357,HAS_BLOCK
6357,6337,FLOW
6367,6358,HAS_BLOCK
6358,6350,FLOW
6367,6359,HAS_BLOCK
6359,6350,FLOW
6851,6852,HAS_PARAM
6851,6853,HAS_PARAM
6851,6779,HAS_BLOCK
6779,6831,FLOW
6851,6781,HAS_BLOCK
6781,6799,FLOW
6851,6799,HAS_BLOCK
6799,6817,FLOW
6799,6842,FLOW
6799,6842,UNWIND
6851,6817,HAS_BLOCK
6817,6825,FLOW
6851,6831,HAS_BLOCK
6831,6843,FLOW
6831,6836,FLOW
6831,6785,FLOW
6851,6843,HAS_BLOCK
6843,6829,FLOW
6843,6832,FLOW
6843,6785,FLOW
6851,6844,HAS_BLOCK
6844,6846,FLOW
6844,6826,FLOW
6844,6826,UNWIND
6851,6846,HAS_BLOCK
6846,6848,FLOW
6846,6826,FLOW
6846,6826,UNWIND
6851,6848,HAS_BLOCK
6848,6850,FLOW
6848,6826,FLOW
6848,6826,UNWIND
6851,6850,HAS_BLOCK
6850,6782,FLOW
6851,6782,HAS_BLOCK
6782,6784,FLOW
6782,6826,FLOW
6782,6826,UNWIND
6851,6784,HAS_BLOCK
6784,6788,FLOW
6784,6786,FLOW
6784,6785,FLOW
6851,6785,HAS_BLOCK
6851,6786,HAS_BLOCK
6786,6789,FLOW
6786,6826,FLOW
6786,6826,UNWIND
6851,6788,HAS_BLOCK
6788,6825,FLOW
6851,6789,HAS_BLOCK
6789,6791,FLOW
6789,6826,FLOW
6789,6826,UNWIND
6851,6791,HAS_BLOCK
6791,6792,FLOW
6791,6782,FLOW
6791,6785,FLOW
6851,6792,HAS_BLOCK
6792,6794,FLOW
6792,6826,FLOW
6792,6826,UNWIND
6851,6794,HAS_BLOCK
6794,6796,FLOW
6794,6826,FLOW
6794,6826,UNWIND
6851,6796,HAS_BLOCK
6796,6800,FLOW
6796,6826,FLOW
6796,6826,UNWIND
6851,6800,HAS_BLOCK
6800,6802,FLOW
6800,6826,FLOW
6800,6826,UNWIND
6851,6802,HAS_BLOCK
6802,6804,FLOW
6802,6826,FLOW
6802,6826,UNWIND
6851,6804,HAS_BLOCK
6804,6806,FLOW
6804,6826,FLOW
6804,6826,UNWIND
6851,6806,HAS_BLOCK
6806,6808,FLOW
6806,6826,FLOW
6806,6826,UNWIND
6851,6808,HAS_BLOCK
6808,6782,FLOW
6808,6809,FLOW
6851,6809,HAS_BLOCK
6809,6810,FLOW
6809,6782,FLOW
6809,6785,FLOW
6851,6810,HAS_BLOCK
6810,6812,FLOW
6810,6826,FLOW
6810,6826,UNWIND
6810,6701,CALL
6851,6812,HAS_BLOCK
6812,6782,FLOW
6812,6813,FLOW
6851,6813,HAS_BLOCK
6813,6815,FLOW
6813,6826,FLOW
6813,6826,UNWIND
6851,6815,HAS_BLOCK
6815,6782,FLOW
6815,6818,FLOW
6851,6818,HAS_BLOCK
6818,6820,FLOW
6818,6826,FLOW
6818,6826,UNWIND
6851,6820,HAS_BLOCK
6820,6822,FLOW
6820,6838,FLOW
6820,6838,UNWIND
6851,6822,HAS_BLOCK
6822,6823,FLOW
6822,6824,FLOW
6822,6824,UNWIND
6851,6823,HAS_BLOCK
6823,6782,FLOW
6851,6824,HAS_BLOCK
6824,6838,FLOW
6851,6825,HAS_BLOCK
6825,6851,RETURN
6851,6826,HAS_BLOCK
6826,6827,FLOW
6851,6827,HAS_BLOCK
6827,6828,FLOW
6851,6828,HAS_BLOCK
6851,6829,HAS_BLOCK
6829,6844,FLOW
6829,6840,FLOW
6829,6840,UNWIND
6851,6832,HAS_BLOCK
6832,6829,FLOW
6832,6827,FLOW
6832,6827,UNWIND
6851,6833,HAS_BLOCK
6833,6781,FLOW
6851,6835,HAS_BLOCK
6835,6833,FLOW
6851,6836,HAS_BLOCK
6836,6833,FLOW
6836,6835,FLOW
6836,6785,FLOW
6851,6837,HAS_BLOCK
6837,6826,FLOW
6851,6838,HAS_BLOCK
6838,6826,FLOW
6838,6837,FLOW
6851,6839,HAS_BLOCK
6839,6827,FLOW
6851,6840,HAS_BLOCK
6840,6827,FLOW
6840,6839,FLOW
6851,6841,HAS_BLOCK
6841,6828,FLOW
6851,6842,HAS_BLOCK
6842,6828,FLOW
6842,6841,FLOW
6701,6702,HAS_PARAM
6701,6681,HAS_BLOCK
6681,6683,FLOW
6701,6683,HAS_BLOCK
6683,6691,FLOW
6701,6691,HAS_BLOCK
6691,6692,FLOW
6691,6694,FLOW
6691,6689,FLOW
6701,6692,HAS_BLOCK
6692,6695,FLOW
6701,6694,HAS_BLOCK
6694,6688,FLOW
6701,6695,HAS_BLOCK
6695,6696,FLOW
6695,6698,FLOW
6701,6696,HAS_BLOCK
6696,6697,FLOW
6696,6698,FLOW
6701,6697,HAS_BLOCK
6697,6688,FLOW
6701,6698,HAS_BLOCK
6698,6700,FLOW
6701,6700,HAS_BLOCK
6700,6686,FLOW
6700,6684,FLOW
6701,6684,HAS_BLOCK
6684,6687,FLOW
6684,6679,CALL
6701,6686,HAS_BLOCK
6686,6688,FLOW
6701,6687,HAS_BLOCK
6687,6688,FLOW
6701,6688,HAS_BLOCK
6688,6701,RETURN
6701,6689,HAS_BLOCK
6679,6680,HAS_PARAM
6679,6562,HAS_BLOCK
6562,6671,FLOW
6679,6564,HAS_BLOCK
6564,6673,FLOW
6679,6585,HAS_BLOCK
6585,6670,FLOW
6679,6607,HAS_BLOCK
6607,6669,FLOW
6679,6628,HAS_BLOCK
6628,6668,FLOW
6679,6640,HAS_BLOCK
6640,6667,FLOW
6679,6652,HAS_BLOCK
6652,6666,FLOW
6679,6664,HAS_BLOCK
6664,6665,FLOW
6679,6675,HAS_BLOCK
6675,6662,FLOW
6679,6677,HAS_BLOCK
6677,6661,FLOW
6679,6565,HAS_BLOCK
6565,6660,FLOW
6679,6567,HAS_BLOCK
6567,6659,FLOW
6679,6569,HAS_BLOCK
6569,6658,FLOW
6679,6571,HAS_BLOCK
6571,6657,FLOW
6679,6573,HAS_BLOCK
6573,6656,FLOW
6679,6575,HAS_BLOCK
6575,6655,FLOW
6679,6577,HAS_BLOCK
6577,6654,FLOW
6679,6579,HAS_BLOCK
6579,6653,FLOW
6679,6581,HAS_BLOCK
6581,6650,FLOW
6679,6583,HAS_BLOCK
6583,6649,FLOW
6679,6586,HAS_BLOCK
6586,6648,FLOW
6679,6588,HAS_BLOCK
6588,6647,FLOW
6679,6590,HAS_BLOCK
6590,6646,FLOW
6679,6592,HAS_BLOCK
6592,6645,FLOW
6679,6594,HAS_BLOCK
6594,6644,FLOW
6679,6596,HAS_BLOCK
6596,6643,FLOW
6679,6598,HAS_BLOCK
6598,6642,FLOW
6679,6600,HAS_BLOCK
6600,6641,FLOW
6679,6602,HAS_BLOCK
6602,6638,FLOW
6679,6604,HAS_BLOCK
6604,6637,FLOW
6679,6608,HAS_BLOCK
6608,6636,FLOW
6679,6610,HAS_BLOCK
6610,6635,FLOW
6679,6612,HAS_BLOCK
6612,6634,FLOW
6679,6614,HAS_BLOCK
6614,6633,FLOW
6679,6616,HAS_BLOCK
6616,6632,FLOW
6679,6618,HAS_BLOCK
6618,6631,FLOW
6679,6620,HAS_BLOCK
6620,6630,FLOW
6679,6622,HAS_BLOCK
6622,6629,FLOW
6679,6624,HAS_BLOCK
6624,6626,FLOW
6679,6626,HAS_BLOCK
6626,6564,FLOW
6626,6672,FLOW
6679,6629,HAS_BLOCK
6629,6624,FLOW
6629,6672,FLOW
6679,6630,HAS_BLOCK
6630,6622,FLOW
6630,6672,FLOW
6679,6631,HAS_BLOCK
6631,6620,FLOW
6631,6672,FLOW
6679,6632,HAS_BLOCK
6632,6618,FLOW
6632,6672,FLOW
6679,6633,HAS_BLOCK
6633,6616,FLOW
6633,6672,FLOW
6679,6634,HAS_BLOCK
6634,6614,FLOW
6634,6672,FLOW
6679,6635,HAS_BLOCK
6635,6612,FLOW
6635,6672,FLOW
6679,6636,HAS_BLOCK
6636,6610,FLOW
6636,6672,FLOW
6679,6637,HAS_BLOCK
6637,6608,FLOW
6637,6672,FLOW
6679,6638,HAS_BLOCK
6638,6604,FLOW
6638,6672,FLOW
6679,6641,HAS_BLOCK
6641,6602,FLOW
6641,6672,FLOW
6679,6642,HAS_BLOCK
6642,6600,FLOW
6642,6672,FLOW
6679,6643,HAS_BLOCK
6643,6598,FLOW
6643,6672,FLOW
6679,6644,HAS_BLOCK
6644,6596,FLOW
6644,6672,FLOW
6679,6645,HAS_BLOCK
6645,6594,FLOW
6645,6672,FLOW
6679,6646,HAS_BLOCK
6646,6592,FLOW
6646,6672,FLOW
6679,6647,HAS_BLOCK
6647,6590,FLOW
6647,6672,FLOW
6679,6648,HAS_BLOCK
6648,6588,FLOW
6648,6672,FLOW
6679,6649,HAS_BLOCK
6649,6586,FLOW
6649,6672,FLOW
6679,6650,HAS_BLOCK
6650,6583,FLOW
6650,6672,FLOW
6679,6653,HAS_BLOCK
6653,6581,FLOW
6653,6672,FLOW
6679,6654,HAS_BLOCK
6654,6579,FLOW
6654,6672,FLOW
6679,6655,HAS_BLOCK
6655,6577,FLOW
6655,6672,FLOW
6679,6656,HAS_BLOCK
6656,6575,FLOW
6656,6672,FLOW
6679,6657,HAS_BLOCK
6657,6573,FLOW
6657,6672,FLOW
6679,6658,HAS_BLOCK
6658,6571,FLOW
6658,6672,FLOW
6679,6659,HAS_BLOCK
6659,6569,FLOW
6659,6672,FLOW
6679,6660,HAS_BLOCK
6660,6567,FLOW
6660,6672,FLOW
6679,6661,HAS_BLOCK
6661,6565,FLOW
6661,6672,FLOW
6679,6662,HAS_BLOCK
6662,6677,FLOW
6662,6672,FLOW
6679,6665,HAS_BLOCK
6665,6675,FLOW
6665,6672,FLOW
6679,6666,HAS_BLOCK
6666,6664,FLOW
6666,6672,FLOW
6679,6667,HAS_BLOCK
6667,6652,FLOW
6667,6672,FLOW
6679,6668,HAS_BLOCK
6668,6640,FLOW
6668,6672,FLOW
6679,6669,HAS_BLOCK
6669,6628,FLOW
6669,6672,FLOW
6679,6670,HAS_BLOCK
6670,6607,FLOW
6670,6672,FLOW
6679,6671,HAS_BLOCK
6671,6585,FLOW
6671,6672,FLOW
6679,6672,HAS_BLOCK
6672,6673,FLOW
6679,6673,HAS_BLOCK
6673,6679,RETURN
5977,5978,HAS_PARAM
5977,5851,HAS_BLOCK
5851,5853,FLOW
5977,5853,HAS_BLOCK
5853,5873,FLOW
5853,5961,FLOW
5853,5961,UNWIND
5977,5873,HAS_BLOCK
5873,5892,FLOW
5873,5961,FLOW
5873,5961,UNWIND
5977,5892,HAS_BLOCK
5892,5911,FLOW
5892,5961,FLOW
5892,5961,UNWIND
5977,5911,HAS_BLOCK
5911,5943,FLOW
5911,5956,FLOW
5911,5928,FLOW
5977,5928,HAS_BLOCK
5977,5943,HAS_BLOCK
5943,5968,FLOW
5943,5961,FLOW
5943,5961,UNWIND
5977,5956,HAS_BLOCK
5956,5970,FLOW
5956,5961,FLOW
5956,5961,UNWIND
5977,5968,HAS_BLOCK
5968,5975,FLOW
5968,5961,FLOW
5968,5961,UNWIND
5977,5975,HAS_BLOCK
5975,5854,FLOW
5975,5961,FLOW
5975,5961,UNWIND
5977,5854,HAS_BLOCK
5854,5855,FLOW
5854,5857,FLOW
5854,5928,FLOW
5977,5855,HAS_BLOCK
5855,5859,FLOW
5855,5969,FLOW
5855,5969,UNWIND
5855,6731,CALL
5977,5857,HAS_BLOCK
5857,5971,FLOW
5857,5961,FLOW
5857,5961,UNWIND
5977,5859,HAS_BLOCK
5859,5861,FLOW
5859,5969,FLOW
5859,5969,UNWIND
5977,5861,HAS_BLOCK
5861,5862,FLOW
5861,5864,FLOW
5861,5928,FLOW
5977,5862,HAS_BLOCK
5862,5866,FLOW
5862,5960,FLOW
5862,5960,UNWIND
5977,5864,HAS_BLOCK
5864,5972,FLOW
5864,5969,FLOW
5864,5969,UNWIND
5977,5866,HAS_BLOCK
5866,5868,FLOW
5866,5959,FLOW
5866,5959,UNWIND
5977,5868,HAS_BLOCK
5868,5870,FLOW
5868,5959,FLOW
5868,5959,UNWIND
5977,5870,HAS_BLOCK
5870,5874,FLOW
5870,5959,FLOW
5870,5959,UNWIND
5977,5874,HAS_BLOCK
5874,5876,FLOW
5874,5959,FLOW
5874,5959,UNWIND
5977,5876,HAS_BLOCK
5876,5877,FLOW
5977,5877,HAS_BLOCK
5877,5879,FLOW
5877,5959,FLOW
5877,5959,UNWIND
5977,5879,HAS_BLOCK
5879,5882,FLOW
5879,5880,FLOW
5879,5928,FLOW
5977,5880,HAS_BLOCK
5880,5884,FLOW
5880,5959,FLOW
5880,5959,UNWIND
5977,5882,HAS_BLOCK
5882,5893,FLOW
5882,5959,FLOW
5882,5959,UNWIND
5977,5884,HAS_BLOCK
5884,5886,FLOW
5884,5959,FLOW
5884,5959,UNWIND
5977,5886,HAS_BLOCK
5886,5887,FLOW
5886,5877,FLOW
5886,5928,FLOW
5977,5887,HAS_BLOCK
5887,5889,FLOW
5887,5959,FLOW
5887,5959,UNWIND
5977,5889,HAS_BLOCK
5889,5973,FLOW
5889,5959,FLOW
5889,5959,UNWIND
5977,5893,HAS_BLOCK
5893,5894,FLOW
5977,5894,HAS_BLOCK
5894,5896,FLOW
5894,5958,FLOW
5894,5958,UNWIND
5977,5896,HAS_BLOCK
5896,5899,FLOW
5896,5897,FLOW
5896,5928,FLOW
5977,5897,HAS_BLOCK
5897,5900,FLOW
5897,5957,FLOW
5897,5957,UNWIND
5977,5899,HAS_BLOCK
5899,5936,FLOW
5899,5959,FLOW
5899,5959,UNWIND
5977,5900,HAS_BLOCK
5900,5902,FLOW
5900,5957,FLOW
5900,5957,UNWIND
5977,5902,HAS_BLOCK
5902,5904,FLOW
5902,5957,FLOW
5902,5957,UNWIND
5977,5904,HAS_BLOCK
5904,5906,FLOW
5904,5957,FLOW
5904,5957,UNWIND
5977,5906,HAS_BLOCK
5906,5908,FLOW
5906,5957,FLOW
5906,5957,UNWIND
5977,5908,HAS_BLOCK
5908,5912,FLOW
5908,5957,FLOW
5908,5957,UNWIND
5977,5912,HAS_BLOCK
5912,5914,FLOW
5912,5957,FLOW
5912,5957,UNWIND
5977,5914,HAS_BLOCK
5914,5915,FLOW
5914,5935,FLOW
5977,5915,HAS_BLOCK
5915,5917,FLOW
5915,5957,FLOW
5915,5957,UNWIND
5977,5917,HAS_BLOCK
5917,5918,FLOW
5917,5935,FLOW
5977,5918,HAS_BLOCK
5918,5920,FLOW
5918,5957,FLOW
5918,5957,UNWIND
5918,6701,CALL
5977,5920,HAS_BLOCK
5920,5935,FLOW
5920,5921,FLOW
5977,5921,HAS_BLOCK
5921,5923,FLOW
5921,5957,FLOW
5921,5957,UNWIND
5977,5923,HAS_BLOCK
5923,5924,FLOW
5923,5934,FLOW
5923,5928,FLOW
5977,5924,HAS_BLOCK
5924,5926,FLOW
5924,5957,FLOW
5924,5957,UNWIND
5977,5926,HAS_BLOCK
5926,5929,FLOW
5926,5965,FLOW
5926,5965,UNWIND
5977,5929,HAS_BLOCK
5929,5931,FLOW
5929,5965,FLOW
5929,5965,UNWIND
5977,5931,HAS_BLOCK
5931,5932,FLOW
5931,5933,FLOW
5931,5933,UNWIND
5977,5932,HAS_BLOCK
5932,5934,FLOW
5977,5933,HAS_BLOCK
5933,5965,FLOW
5977,5934,HAS_BLOCK
5934,5894,FLOW
5934,5958,FLOW
5934,5958,UNWIND
5977,5935,HAS_BLOCK
5935,5894,FLOW
5935,5958,FLOW
5935,5958,UNWIND
5977,5936,HAS_BLOCK
5936,5938,FLOW
5936,5959,FLOW
5936,5959,UNWIND
5977,5938,HAS_BLOCK
5938,5940,FLOW
5938,5959,FLOW
5938,5959,UNWIND
5938,11188,CALL
5977,5940,HAS_BLOCK
5940,5942,FLOW
5940,5959,FLOW
5940,5959,UNWIND
5977,5942,HAS_BLOCK
5942,5944,FLOW
5942,5945,FLOW
5942,5928,FLOW
5977,5944,HAS_BLOCK
5944,5948,FLOW
5944,5960,FLOW
5944,5960,UNWIND
5977,5945,HAS_BLOCK
5945,5947,FLOW
5945,5959,FLOW
5945,5959,UNWIND
5977,5947,HAS_BLOCK
5947,5950,FLOW
5947,5960,FLOW
5947,5960,UNWIND
5977,5948,HAS_BLOCK
5948,5949,FLOW
5948,5969,FLOW
5948,5969,UNWIND
5977,5949,HAS_BLOCK
5949,5954,FLOW
5977,5950,HAS_BLOCK
5950,5951,FLOW
5950,5969,FLOW
5950,5969,UNWIND
5977,5951,HAS_BLOCK
5951,5952,FLOW
5951,5963,FLOW
5977,5952,HAS_BLOCK
5952,5953,FLOW
5977,5953,HAS_BLOCK
5953,5954,FLOW
5977,5954,HAS_BLOCK
5954,5977,RETURN
5977,5957,HAS_BLOCK
5957,5958,FLOW
5977,5958,HAS_BLOCK
5958,5959,FLOW
5977,5959,HAS_BLOCK
5959,5960,FLOW
5977,5960,HAS_BLOCK
5960,5969,FLOW
5977,5961,HAS_BLOCK
5961,5962,FLOW
5977,5962,HAS_BLOCK
5977,5963,HAS_BLOCK
5963,5952,FLOW
5963,5961,FLOW
5963,5961,UNWIND
5977,5964,HAS_BLOCK
5964,5957,FLOW
5977,5965,HAS_BLOCK
5965,5957,FLOW
5965,5964,FLOW
5977,5966,HAS_BLOCK
5966,5961,FLOW
5977,5969,HAS_BLOCK
5969,5961,FLOW
5969,5966,FLOW
5977,5970,HAS_BLOCK
5970,5953,FLOW
5977,5971,HAS_BLOCK
5971,5952,FLOW
5977,5972,HAS_BLOCK
5972,5951,FLOW
5977,5973,HAS_BLOCK
5973,5877,FLOW
7368,7369,HAS_PARAM
7368,7370,HAS_PARAM
7368,7371,HAS_PARAM
7368,7352,HAS_BLOCK
7352,7354,FLOW
7368,7354,HAS_BLOCK
7354,7356,FLOW
7354,7366,FLOW
7354,7366,UNWIND
7368,7356,HAS_BLOCK
7356,7358,FLOW
7356,7366,FLOW
7356,7366,UNWIND
7368,7358,HAS_BLOCK
7358,7360,FLOW
7358,7366,FLOW
7358,7366,UNWIND
7368,7360,HAS_BLOCK
7360,7362,FLOW
7360,7366,FLOW
7360,7366,UNWIND
7368,7362,HAS_BLOCK
7362,7364,FLOW
7362,7366,FLOW
7362,7366,UNWIND
7368,7364,HAS_BLOCK
7364,7365,FLOW
7368,7365,HAS_BLOCK
7365,7368,RETURN
7368,7366,HAS_BLOCK
7366,7367,FLOW
7368,7367,HAS_BLOCK
7225,7226,HAS_PARAM
7225,7227,HAS_PARAM
7225,7228,HAS_PARAM
7225,7195,HAS_BLOCK
7195,7197,FLOW
7225,7197,HAS_BLOCK
7197,7212,FLOW
7197,7210,FLOW
7197,7210,UNWIND
7225,7212,HAS_BLOCK
7212,7215,FLOW
7212,7210,FLOW
7212,7210,UNWIND
7225,7215,HAS_BLOCK
7215,7217,FLOW
7215,7210,FLOW
7215,7210,UNWIND
7225,7217,HAS_BLOCK
7217,7219,FLOW
7217,7210,FLOW
7217,7210,UNWIND
7225,7219,HAS_BLOCK
7219,7221,FLOW
7219,7222,FLOW
7219,7220,FLOW
7225,7220,HAS_BLOCK
7225,7221,HAS_BLOCK
7221,7198,FLOW
7221,7209,FLOW
7221,7209,UNWIND
7225,7222,HAS_BLOCK
7222,7224,FLOW
7222,7210,FLOW
7222,7210,UNWIND
7225,7224,HAS_BLOCK
7224,7206,FLOW
7225,7198,HAS_BLOCK
7198,7200,FLOW
7198,7209,FLOW
7198,7209,UNWIND
7225,7200,HAS_BLOCK
7200,7202,FLOW
7200,7209,FLOW
7200,7209,UNWIND
7225,7202,HAS_BLOCK
7202,7204,FLOW
7202,7207,FLOW
7202,7207,UNWIND
7225,7204,HAS_BLOCK
7204,7205,FLOW
7204,7208,FLOW
7204,7208,UNWIND
7225,7205,HAS_BLOCK
7205,7206,FLOW
7225,7206,HAS_BLOCK
7206,7225,RETURN
7225,7207,HAS_BLOCK
7207,7208,FLOW
7225,7208,HAS_BLOCK
7208,7213,FLOW
7225,7209,HAS_BLOCK
7209,7213,FLOW
7225,7210,HAS_BLOCK
7210,7213,FLOW
7225,7213,HAS_BLOCK
7350,7351,HAS_PARAM
7350,7229,HAS_BLOCK
7229,7231,FLOW
7350,7231,HAS_BLOCK
7231,7250,FLOW
7231,7333,FLOW
7231,7333,UNWIND
7350,7250,HAS_BLOCK
7250,7268,FLOW
7250,7333,FLOW
7250,7333,UNWIND
7350,7268,HAS_BLOCK
7268,7287,FLOW
7268,7333,FLOW
7268,7333,UNWIND
7350,7287,HAS_BLOCK
7287,7305,FLOW
7287,7333,FLOW
7287,7333,UNWIND
7350,7305,HAS_BLOCK
7305,7324,FLOW
7305,7333,FLOW
7305,7333,UNWIND
7350,7324,HAS_BLOCK
7324,7346,FLOW
7324,7348,FLOW
7324,7335,FLOW
7350,7335,HAS_BLOCK
7350,7346,HAS_BLOCK
7346,7233,FLOW
7346,7332,FLOW
7346,7332,UNWIND
7350,7348,HAS_BLOCK
7348,7232,FLOW
7348,7333,FLOW
7348,7333,UNWIND
7350,7232,HAS_BLOCK
7232,7326,FLOW
7350,7233,HAS_BLOCK
7233,7235,FLOW
7233,7331,FLOW
7233,7331,UNWIND
7350,7235,HAS_BLOCK
7235,7237,FLOW
7235,7331,FLOW
7235,7331,UNWIND
7350,7237,HAS_BLOCK
7237,7239,FLOW
7237,7330,FLOW
7237,7330,UNWIND
7350,7239,HAS_BLOCK
7239,7241,FLOW
7239,7330,FLOW
7239,7330,UNWIND
7350,7241,HAS_BLOCK
7241,7243,FLOW
7241,7330,FLOW
7241,7330,UNWIND
7350,7243,HAS_BLOCK
7243,7244,FLOW
7350,7244,HAS_BLOCK
7244,7246,FLOW
7244,7330,FLOW
7244,7330,UNWIND
7350,7246,HAS_BLOCK
7246,7251,FLOW
7246,7247,FLOW
7246,7335,FLOW
7350,7247,HAS_BLOCK
7247,7252,FLOW
7247,7330,FLOW
7247,7330,UNWIND
7350,7251,HAS_BLOCK
7251,7270,FLOW
7251,7331,FLOW
7251,7331,UNWIND
7350,7252,HAS_BLOCK
7252,7253,FLOW
7252,7337,FLOW
7252,7335,FLOW
7350,7253,HAS_BLOCK
7253,7255,FLOW
7253,7329,FLOW
7253,7329,UNWIND
7350,7255,HAS_BLOCK
7255,7257,FLOW
7255,7329,FLOW
7255,7329,UNWIND
7350,7257,HAS_BLOCK
7257,7259,FLOW
7257,7329,FLOW
7257,7329,UNWIND
7350,7259,HAS_BLOCK
7259,7269,FLOW
7259,7260,FLOW
7350,7260,HAS_BLOCK
7260,7262,FLOW
7260,7329,FLOW
7260,7329,UNWIND
7350,7262,HAS_BLOCK
7262,7263,FLOW
7262,7269,FLOW
7262,7335,FLOW
7350,7263,HAS_BLOCK
7263,7265,FLOW
7263,7329,FLOW
7263,7329,UNWIND
7350,7265,HAS_BLOCK
7265,7344,FLOW
7265,7329,FLOW
7265,7329,UNWIND
7350,7269,HAS_BLOCK
7269,7337,FLOW
7269,7343,FLOW
7269,7343,UNWIND
7350,7270,HAS_BLOCK
7270,7272,FLOW
7270,7331,FLOW
7270,7331,UNWIND
7350,7272,HAS_BLOCK
7272,7322,FLOW
7272,7273,FLOW
7350,7273,HAS_BLOCK
7273,7275,FLOW
7273,7331,FLOW
7273,7331,UNWIND
7350,7275,HAS_BLOCK
7275,7276,FLOW
7275,7322,FLOW
7350,7276,HAS_BLOCK
7276,7278,FLOW
7276,7331,FLOW
7276,7331,UNWIND
7350,7278,HAS_BLOCK
7278,7280,FLOW
7278,7331,FLOW
7278,7331,UNWIND
7350,7280,HAS_BLOCK
7280,7282,FLOW
7280,7328,FLOW
7280,7328,UNWIND
7350,7282,HAS_BLOCK
7282,7284,FLOW
7282,7328,FLOW
7282,7328,UNWIND
7350,7284,HAS_BLOCK
7284,7288,FLOW
7284,7328,FLOW
7284,7328,UNWIND
7350,7288,HAS_BLOCK
7288,7289,FLOW
7350,7289,HAS_BLOCK
7289,7291,FLOW
7289,7328,FLOW
7289,7328,UNWIND
7350,7291,HAS_BLOCK
7291,7294,FLOW
7291,7292,FLOW
7291,7335,FLOW
7350,7292,HAS_BLOCK
7292,7295,FLOW
7292,7328,FLOW
7292,7328,UNWIND
7350,7294,HAS_BLOCK
7294,7322,FLOW
7294,7331,FLOW
7294,7331,UNWIND
7350,7295,HAS_BLOCK
7295,7297,FLOW
7295,7328,FLOW
7295,7328,UNWIND
7350,7297,HAS_BLOCK
7297,7289,FLOW
7297,7298,FLOW
7350,7298,HAS_BLOCK
7298,7300,FLOW
7298,7328,FLOW
7298,7328,UNWIND
7350,7300,HAS_BLOCK
7300,7302,FLOW
7300,7327,FLOW
7300,7327,UNWIND
7350,7302,HAS_BLOCK
7302,7306,FLOW
7302,7341,FLOW
7302,7341,UNWIND
7350,7306,HAS_BLOCK
7306,7308,FLOW
7306,7341,FLOW
7306,7341,UNWIND
7350,7308,HAS_BLOCK
7308,7310,FLOW
7308,7341,FLOW
7308,7341,UNWIND
7350,7310,HAS_BLOCK
7310,7311,FLOW
7310,7327,FLOW
7310,7327,UNWIND
7350,7311,HAS_BLOCK
7311,7313,FLOW
7311,7327,FLOW
7311,7327,UNWIND
7350,7313,HAS_BLOCK
7313,7315,FLOW
7313,7339,FLOW
7313,7339,UNWIND
7350,7315,HAS_BLOCK
7315,7317,FLOW
7315,7339,FLOW
7315,7339,UNWIND
7350,7317,HAS_BLOCK
7317,7319,FLOW
7317,7339,FLOW
7317,7339,UNWIND
7350,7319,HAS_BLOCK
7319,7320,FLOW
7319,7327,FLOW
7319,7327,UNWIND
7350,7320,HAS_BLOCK
7320,7345,FLOW
7320,7328,FLOW
7320,7328,UNWIND
7350,7322,HAS_BLOCK
7322,7325,FLOW
7322,7333,FLOW
7322,7333,UNWIND
7350,7325,HAS_BLOCK
7325,7326,FLOW
7350,7326,HAS_BLOCK
7326,7350,RETURN
7350,7327,HAS_BLOCK
7327,7328,FLOW
7350,7328,HAS_BLOCK
7328,7331,FLOW
7350,7329,HAS_BLOCK
7329,7343,FLOW
7350,7330,HAS_BLOCK
7330,7331,FLOW
7350,7331,HAS_BLOCK
7331,7332,FLOW
7350,7332,HAS_BLOCK
7332,7333,FLOW
7350,7333,HAS_BLOCK
7333,7334,FLOW
7350,7334,HAS_BLOCK
7350,7336,HAS_BLOCK
7336,7244,FLOW
7336,7330,FLOW
7336,7330,UNWIND
7350,7337,HAS_BLOCK
7337,7244,FLOW
7337,7336,FLOW
7337,7335,FLOW
7350,7338,HAS_BLOCK
7338,7327,FLOW
7350,7339,HAS_BLOCK
7339,7327,FLOW
7339,7338,FLOW
7350,7340,HAS_BLOCK
7340,7327,FLOW
7350,7341,HAS_BLOCK
7341,7327,FLOW
7341,7340,FLOW
7350,7342,HAS_BLOCK
7342,7330,FLOW
7350,7343,HAS_BLOCK
7343,7330,FLOW
7343,7342,FLOW
7350,7344,HAS_BLOCK
7344,7269,FLOW
7350,7345,HAS_BLOCK
7345,7289,FLOW
10970,10971,HAS_PARAM
10970,10855,HAS_BLOCK
10855,10857,FLOW
10970,10857,HAS_BLOCK
10857,10878,FLOW
10857,10951,FLOW
10857,10951,UNWIND
10970,10878,HAS_BLOCK
10878,10897,FLOW
10970,10897,HAS_BLOCK
10897,10917,FLOW
10897,10951,FLOW
10897,10951,UNWIND
10970,10917,HAS_BLOCK
10917,10949,FLOW
10917,10952,FLOW
10917,10936,FLOW
10970,10936,HAS_BLOCK
10970,10952,HAS_BLOCK
10952,10964,FLOW
10952,10951,FLOW
10952,10951,UNWIND
10970,10964,HAS_BLOCK
10964,10967,FLOW
10964,10951,FLOW
10964,10951,UNWIND
10970,10967,HAS_BLOCK
10967,10969,FLOW
10967,10951,FLOW
10967,10951,UNWIND
10970,10969,HAS_BLOCK
10969,10858,FLOW
10969,10897,FLOW
10970,10858,HAS_BLOCK
10858,10860,FLOW
10858,10951,FLOW
10858,10951,UNWIND
10970,10860,HAS_BLOCK
10860,10862,FLOW
10860,10951,FLOW
10860,10951,UNWIND
10970,10862,HAS_BLOCK
10862,10864,FLOW
10862,10951,FLOW
10862,10951,UNWIND
10970,10864,HAS_BLOCK
10864,10866,FLOW
10864,10951,FLOW
10864,10951,UNWIND
10970,10866,HAS_BLOCK
10866,10868,FLOW
10866,10951,FLOW
10866,10951,UNWIND
10970,10868,HAS_BLOCK
10868,10870,FLOW
10868,10951,FLOW
10868,10951,UNWIND
10970,10870,HAS_BLOCK
10870,10872,FLOW
10870,10951,FLOW
10870,10951,UNWIND
10970,10872,HAS_BLOCK
10872,10873,FLOW
10872,10893,FLOW
10872,10936,FLOW
10970,10873,HAS_BLOCK
10873,10875,FLOW
10873,10951,FLOW
10873,10951,UNWIND
10970,10875,HAS_BLOCK
10875,10879,FLOW
10875,10951,FLOW
10875,10951,UNWIND
10970,10879,HAS_BLOCK
10879,10881,FLOW
10879,10951,FLOW
10879,10951,UNWIND
10970,10881,HAS_BLOCK
10881,10883,FLOW
10881,10951,FLOW
10881,10951,UNWIND
10970,10883,HAS_BLOCK
10883,10884,FLOW
10883,10893,FLOW
10883,10936,FLOW
10970,10884,HAS_BLOCK
10884,10886,FLOW
10884,10951,FLOW
10884,10951,UNWIND
10970,10886,HAS_BLOCK
10886,10888,FLOW
10886,10951,FLOW
10886,10951,UNWIND
10970,10888,HAS_BLOCK
10888,10890,FLOW
10888,10951,FLOW
10888,10951,UNWIND
10970,10890,HAS_BLOCK
10890,10892,FLOW
10890,10951,FLOW
10890,10951,UNWIND
10970,10892,HAS_BLOCK
10892,10893,FLOW
10970,10893,HAS_BLOCK
10893,10895,FLOW
10893,10951,FLOW
10893,10951,UNWIND
10970,10895,HAS_BLOCK
10895,10898,FLOW
10895,10950,FLOW
10895,10950,UNWIND
10970,10898,HAS_BLOCK
10898,10900,FLOW
10898,10965,FLOW
10898,10965,UNWIND
10970,10900,HAS_BLOCK
10900,10902,FLOW
10900,10965,FLOW
10900,10965,UNWIND
10970,10902,HAS_BLOCK
10902,10904,FLOW
10902,10965,FLOW
10902,10965,UNWIND
10970,10904,HAS_BLOCK
10904,10905,FLOW
10904,10950,FLOW
10904,10950,UNWIND
10970,10905,HAS_BLOCK
10905,10907,FLOW
10905,10950,FLOW
10905,10950,UNWIND
10970,10907,HAS_BLOCK
10907,10909,FLOW
10907,10961,FLOW
10907,10961,UNWIND
10970,10909,HAS_BLOCK
10909,10911,FLOW
10909,10961,FLOW
10909,10961,UNWIND
10970,10911,HAS_BLOCK
10911,10913,FLOW
10911,10961,FLOW
10911,10961,UNWIND
10970,10913,HAS_BLOCK
10913,10914,FLOW
10913,10950,FLOW
10913,10950,UNWIND
10970,10914,HAS_BLOCK
10914,10918,FLOW
10914,10950,FLOW
10914,10950,UNWIND
10970,10918,HAS_BLOCK
10918,10920,FLOW
10918,10959,FLOW
10918,10959,UNWIND
10970,10920,HAS_BLOCK
10920,10922,FLOW
10920,10959,FLOW
10920,10959,UNWIND
10970,10922,HAS_BLOCK
10922,10924,FLOW
10922,10959,FLOW
10922,10959,UNWIND
10970,10924,HAS_BLOCK
10924,10925,FLOW
10924,10950,FLOW
10924,10950,UNWIND
10970,10925,HAS_BLOCK
10925,10927,FLOW
10925,10950,FLOW
10925,10950,UNWIND
10970,10927,HAS_BLOCK
10927,10929,FLOW
10927,10957,FLOW
10927,10957,UNWIND
10970,10929,HAS_BLOCK
10929,10931,FLOW
10929,10957,FLOW
10929,10957,UNWIND
10970,10931,HAS_BLOCK
10931,10933,FLOW
10931,10957,FLOW
10931,10957,UNWIND
10970,10933,HAS_BLOCK
10933,10934,FLOW
10933,10950,FLOW
10933,10950,UNWIND
10970,10934,HAS_BLOCK
10934,10937,FLOW
10934,10950,FLOW
10934,10950,UNWIND
10970,10937,HAS_BLOCK
10937,10939,FLOW
10937,10955,FLOW
10937,10955,UNWIND
10970,10939,HAS_BLOCK
10939,10941,FLOW
10939,10955,FLOW
10939,10955,UNWIND
10970,10941,HAS_BLOCK
10941,10943,FLOW
10941,10955,FLOW
10941,10955,UNWIND
10970,10943,HAS_BLOCK
10943,10944,FLOW
10943,10950,FLOW
10943,10950,UNWIND
10970,10944,HAS_BLOCK
10944,10946,FLOW
10944,10951,FLOW
10944,10951,UNWIND
10970,10946,HAS_BLOCK
10946,10948,FLOW
10946,10951,FLOW
10946,10951,UNWIND
10970,10948,HAS_BLOCK
10948,10897,FLOW
10948,10949,FLOW
10970,10949,HAS_BLOCK
10949,10970,RETURN
10970,10950,HAS_BLOCK
10950,10951,FLOW
10970,10951,HAS_BLOCK
10951,10953,FLOW
10970,10953,HAS_BLOCK
10970,10954,HAS_BLOCK
10954,10950,FLOW
10970,10955,HAS_BLOCK
10955,10950,FLOW
10955,10954,FLOW
10970,10956,HAS_BLOCK
10956,10950,FLOW
10970,10957,HAS_BLOCK
10957,10950,FLOW
10957,10956,FLOW
10970,10958,HAS_BLOCK
10958,10950,FLOW
10970,10959,HAS_BLOCK
10959,10950,FLOW
10959,10958,FLOW
10970,10960,HAS_BLOCK
10960,10950,FLOW
10970,10961,HAS_BLOCK
10961,10950,FLOW
10961,10960,FLOW
10970,10962,HAS_BLOCK
10962,10950,FLOW
10970,10965,HAS_BLOCK
10965,10950,FLOW
10965,10962,FLOW
5804,5805,HAS_PARAM
5804,5806,HAS_PARAM
5804,5774,HAS_BLOCK
5774,5776,FLOW
5804,5776,HAS_BLOCK
5776,5792,FLOW
5804,5792,HAS_BLOCK
5792,5794,FLOW
5804,5794,HAS_BLOCK
5794,5798,FLOW
5794,5796,FLOW
5794,5795,FLOW
5804,5795,HAS_BLOCK
5804,5796,HAS_BLOCK
5796,5799,FLOW
5804,5798,HAS_BLOCK
5798,5804,RETURN
5804,5799,HAS_BLOCK
5799,5801,FLOW
5804,5801,HAS_BLOCK
5801,5803,FLOW
5804,5803,HAS_BLOCK
5803,5777,FLOW
5803,5792,FLOW
5804,5777,HAS_BLOCK
5777,5779,FLOW
5804,5779,HAS_BLOCK
5779,5781,FLOW
5804,5781,HAS_BLOCK
5781,5783,FLOW
5804,5783,HAS_BLOCK
5783,5784,FLOW
5783,5792,FLOW
5783,5795,FLOW
5804,5784,HAS_BLOCK
5784,5786,FLOW
5804,5786,HAS_BLOCK
5786,5788,FLOW
5804,5788,HAS_BLOCK
5788,5790,FLOW
5804,5790,HAS_BLOCK
5790,5791,FLOW
5804,5791,HAS_BLOCK
5791,5792,FLOW
6749,6750,HAS_PARAM
6749,6751,HAS_PARAM
6749,6733,HAS_BLOCK
6733,6735,FLOW
6749,6735,HAS_BLOCK
6735,6737,FLOW
6749,6737,HAS_BLOCK
6737,6739,FLOW
6749,6739,HAS_BLOCK
6739,6743,FLOW
6739,6741,FLOW
6739,6740,FLOW
6749,6740,HAS_BLOCK
6749,6741,HAS_BLOCK
6741,6744,FLOW
6749,6743,HAS_BLOCK
6743,6749,RETURN
6749,6744,HAS_BLOCK
6744,6746,FLOW
6749,6746,HAS_BLOCK
6746,6748,FLOW
6749,6748,HAS_BLOCK
6748,6736,FLOW
6749,6736,HAS_BLOCK
6736,6737,FLOW
11060,11061,HAS_PARAM
11060,11062,HAS_PARAM
11060,11063,HAS_PARAM
11060,11064,HAS_PARAM
11060,11046,HAS_BLOCK
11046,11048,FLOW
11060,11048,HAS_BLOCK
11048,11051,FLOW
11060,11051,HAS_BLOCK
11051,11053,FLOW
11060,11053,HAS_BLOCK
11053,11054,FLOW
11060,11054,HAS_BLOCK
11054,11057,FLOW
11054,11055,FLOW
11060,11055,HAS_BLOCK
11055,11056,FLOW
11060,11056,HAS_BLOCK
11056,11049,FLOW
11060,11057,HAS_BLOCK
11057,11049,FLOW
11057,11058,FLOW
11060,11058,HAS_BLOCK
11058,11059,FLOW
11060,11059,HAS_BLOCK
11059,11049,FLOW
11060,11049,HAS_BLOCK
11049,11060,RETURN
5770,5771,HAS_FIELD
5770,5773,HAS_FIELD
5770,5772,HAS_FIELD
11156,11157,HAS_PARAM
11156,11158,HAS_PARAM
11156,11159,HAS_PARAM
11156,11065,HAS_BLOCK
11065,11067,FLOW
11156,11067,HAS_BLOCK
11067,11087,FLOW
11067,11121,FLOW
11156,11087,HAS_BLOCK
11087,11105,FLOW
11156,11105,HAS_BLOCK
11105,11139,FLOW
11105,11121,FLOW
11156,11121,HAS_BLOCK
11121,11147,FLOW
11156,11139,HAS_BLOCK
11139,11151,FLOW
11156,11151,HAS_BLOCK
11151,11152,FLOW
11156,11152,HAS_BLOCK
11152,11154,FLOW
11156,11154,HAS_BLOCK
11154,11070,FLOW
11154,11068,FLOW
11154,11155,FLOW
11156,11155,HAS_BLOCK
11156,11068,HAS_BLOCK
11068,11071,FLOW
11156,11070,HAS_BLOCK
11070,11147,FLOW
11156,11071,HAS_BLOCK
11071,11073,FLOW
11071,5267,CALL
11156,11073,HAS_BLOCK
11073,11075,FLOW
11073,11148,FLOW
11073,11148,UNWIND
11156,11075,HAS_BLOCK
11075,11077,FLOW
11075,11148,FLOW
11075,11148,UNWIND
11156,11077,HAS_BLOCK
11077,11079,FLOW
11077,11148,FLOW
11077,11148,UNWIND
11156,11079,HAS_BLOCK
11079,11081,FLOW
11079,11148,FLOW
11079,11148,UNWIND
11156,11081,HAS_BLOCK
11081,11083,FLOW
11081,11148,FLOW
11081,11148,UNWIND
11156,11083,HAS_BLOCK
11083,11085,FLOW
11083,11148,FLOW
11083,11148,UNWIND
11156,11085,HAS_BLOCK
11085,11088,FLOW
11085,11148,FLOW
11085,11148,UNWIND
11156,11088,HAS_BLOCK
11088,11090,FLOW
11088,11148,FLOW
11088,11148,UNWIND
11156,11090,HAS_BLOCK
11090,11092,FLOW
11090,11148,FLOW
11090,11148,UNWIND
11156,11092,HAS_BLOCK
11092,11094,FLOW
11092,11148,FLOW
11092,11148,UNWIND
11156,11094,HAS_BLOCK
11094,11095,FLOW
11094,11148,FLOW
11094,11148,UNWIND
11156,11095,HAS_BLOCK
11095,11097,FLOW
11095,11148,FLOW
11095,11148,UNWIND
11156,11097,HAS_BLOCK
11097,11099,FLOW
11097,11148,FLOW
11097,11148,UNWIND
11097,5018,CALL
11156,11099,HAS_BLOCK
11099,11100,FLOW
11099,11102,FLOW
11099,11155,FLOW
11156,11100,HAS_BLOCK
11100,11103,FLOW
11100,11148,FLOW
11100,11148,UNWIND
11156,11102,HAS_BLOCK
11102,11152,FLOW
11156,11103,HAS_BLOCK
11103,11106,FLOW
11156,11106,HAS_BLOCK
11106,11108,FLOW
11106,11148,FLOW
11106,11148,UNWIND
11156,11108,HAS_BLOCK
11108,11142,FLOW
11108,11109,FLOW
11108,11155,FLOW
11156,11109,HAS_BLOCK
11109,11111,FLOW
11109,11148,FLOW
11109,11148,UNWIND
11156,11111,HAS_BLOCK
11111,11112,FLOW
11111,11106,FLOW
11156,11112,HAS_BLOCK
11112,11114,FLOW
11112,11148,FLOW
11112,11148,UNWIND
11156,11114,HAS_BLOCK
11114,11115,FLOW
11114,11117,FLOW
11114,11155,FLOW
11156,11115,HAS_BLOCK
11115,11118,FLOW
11115,11148,FLOW
11115,11148,UNWIND
11156,11117,HAS_BLOCK
11117,11142,FLOW
11156,11118,HAS_BLOCK
11118,11120,FLOW
11118,11148,FLOW
11118,11148,UNWIND
11156,11120,HAS_BLOCK
11120,11124,FLOW
11120,11122,FLOW
11156,11122,HAS_BLOCK
11122,11125,FLOW
11122,11148,FLOW
11122,11148,UNWIND
11156,11124,HAS_BLOCK
11124,11142,FLOW
11156,11125,HAS_BLOCK
11125,11127,FLOW
11125,11148,FLOW
11125,11148,UNWIND
11156,11127,HAS_BLOCK
11127,11128,FLOW
11127,11106,FLOW
11127,11155,FLOW
11156,11128,HAS_BLOCK
11128,11130,FLOW
11128,11148,FLOW
11128,11148,UNWIND
11156,11130,HAS_BLOCK
11130,11131,FLOW
11130,11148,FLOW
11130,11148,UNWIND
11156,11131,HAS_BLOCK
11131,11133,FLOW
11131,11148,FLOW
11131,11148,UNWIND
11156,11133,HAS_BLOCK
11133,11135,FLOW
11133,11148,FLOW
11133,11148,UNWIND
11156,11135,HAS_BLOCK
11135,11137,FLOW
11135,11148,FLOW
11135,11148,UNWIND
11156,11137,HAS_BLOCK
11137,11140,FLOW
11137,11148,FLOW
11137,11148,UNWIND
11156,11140,HAS_BLOCK
11140,11106,FLOW
11140,11141,FLOW
11156,11141,HAS_BLOCK
11141,11142,FLOW
11156,11142,HAS_BLOCK
11142,11146,FLOW
11142,11143,FLOW
11156,11143,HAS_BLOCK
11143,11146,FLOW
11143,11144,FLOW
11156,11144,HAS_BLOCK
11144,11145,FLOW
11144,11148,FLOW
11144,11148,UNWIND
11156,11145,HAS_BLOCK
11145,11146,FLOW
11156,11146,HAS_BLOCK
11146,11152,FLOW
11156,11147,HAS_BLOCK
11147,11156,RETURN
11156,11148,HAS_BLOCK
11148,11149,FLOW
11156,11149,HAS_BLOCK
6423,6424,HAS_PARAM
6423,6425,HAS_PARAM
6423,6390,HAS_BLOCK
6390,6392,FLOW
6423,6392,HAS_BLOCK
6392,6409,FLOW
6392,6406,FLOW
6392,6406,UNWIND
6423,6409,HAS_BLOCK
6409,6412,FLOW
6409,6406,FLOW
6409,6406,UNWIND
6423,6412,HAS_BLOCK
6412,6414,FLOW
6412,6406,FLOW
6412,6406,UNWIND
6423,6414,HAS_BLOCK
6414,6416,FLOW
6414,6406,FLOW
6414,6406,UNWIND
6423,6416,HAS_BLOCK
6416,6417,FLOW
6423,6417,HAS_BLOCK
6417,6419,FLOW
6417,6406,FLOW
6417,6406,UNWIND
6423,6419,HAS_BLOCK
6419,6393,FLOW
6419,6421,FLOW
6419,6420,FLOW
6423,6420,HAS_BLOCK
6423,6421,HAS_BLOCK
6421,6394,FLOW
6421,6406,FLOW
6421,6406,UNWIND
6423,6393,HAS_BLOCK
6393,6423,RETURN
6423,6394,HAS_BLOCK
6394,6396,FLOW
6394,6406,FLOW
6394,6406,UNWIND
6423,6396,HAS_BLOCK
6396,6398,FLOW
6396,6406,FLOW
6396,6406,UNWIND
6423,6398,HAS_BLOCK
6398,6400,FLOW
6398,6406,FLOW
6398,6406,UNWIND
6423,6400,HAS_BLOCK
6400,6401,FLOW
6400,6406,FLOW
6400,6406,UNWIND
6423,6401,HAS_BLOCK
6401,6417,FLOW
6401,6402,FLOW
6423,6402,HAS_BLOCK
6402,6404,FLOW
6402,6406,FLOW
6402,6406,UNWIND
6423,6404,HAS_BLOCK
6404,6410,FLOW
6404,6406,FLOW
6404,6406,UNWIND
6423,6406,HAS_BLOCK
6406,6407,FLOW
6423,6407,HAS_BLOCK
6423,6410,HAS_BLOCK
6410,6417,FLOW
6551,6552,HAS_PARAM
6551,6553,HAS_PARAM
6551,6503,HAS_BLOCK
6503,6505,FLOW
6551,6505,HAS_BLOCK
6505,6535,FLOW
6505,6522,FLOW
6551,6522,HAS_BLOCK
6522,6534,FLOW
6551,6535,HAS_BLOCK
6535,6541,FLOW
6551,6541,HAS_BLOCK
6541,6543,FLOW
6551,6543,HAS_BLOCK
6543,6545,FLOW
6551,6545,HAS_BLOCK
6545,6547,FLOW
6551,6547,HAS_BLOCK
6547,6549,FLOW
6547,6538,FLOW
6547,6538,UNWIND
6551,6549,HAS_BLOCK
6549,6507,FLOW
6549,6550,FLOW
6551,6550,HAS_BLOCK
6550,6506,FLOW
6551,6506,HAS_BLOCK
6506,6534,FLOW
6551,6507,HAS_BLOCK
6507,6508,FLOW
6551,6508,HAS_BLOCK
6508,6510,FLOW
6551,6510,HAS_BLOCK
6510,6512,FLOW
6551,6512,HAS_BLOCK
6512,6533,FLOW
6512,6513,FLOW
6551,6513,HAS_BLOCK
6513,6515,FLOW
6551,6515,HAS_BLOCK
6515,6517,FLOW
6551,6517,HAS_BLOCK
6517,6518,FLOW
6551,6518,HAS_BLOCK
6518,6520,FLOW
6551,6520,HAS_BLOCK
6520,6523,FLOW
6520,11005,CALL
6551,6523,HAS_BLOCK
6523,6525,FLOW
6523,6537,FLOW
6523,6537,UNWIND
6523,11005,CALL
6551,6525,HAS_BLOCK
6525,6527,FLOW
6525,6536,FLOW
6525,6536,UNWIND
6551,6527,HAS_BLOCK
6527,6531,FLOW
6527,6528,FLOW
6551,6528,HAS_BLOCK
6528,6529,FLOW
6528,6537,FLOW
6528,6537,UNWIND
6551,6529,HAS_BLOCK
6529,6530,FLOW
6551,6530,HAS_BLOCK
6530,6534,FLOW
6551,6531,HAS_BLOCK
6531,6532,FLOW
6531,6537,FLOW
6531,6537,UNWIND
6551,6532,HAS_BLOCK
6532,6533,FLOW
6551,6533,HAS_BLOCK
6533,6534,FLOW
6551,6534,HAS_BLOCK
6534,6551,RETURN
6551,6536,HAS_BLOCK
6536,6537,FLOW
6551,6537,HAS_BLOCK
6537,6539,FLOW
6551,6538,HAS_BLOCK
6538,6539,FLOW
6551,6539,HAS_BLOCK
11005,11006,HAS_PARAM
11005,10972,HAS_BLOCK
10972,10974,FLOW
11005,10974,HAS_BLOCK
10974,10990,FLOW
10974,10988,FLOW
10974,10988,UNWIND
11005,10990,HAS_BLOCK
10990,10995,FLOW
10990,10988,FLOW
10990,10988,UNWIND
11005,10995,HAS_BLOCK
10995,10997,FLOW
10995,10988,FLOW
10995,10988,UNWIND
11005,10997,HAS_BLOCK
10997,10998,FLOW
11005,10998,HAS_BLOCK
10998,11000,FLOW
10998,10988,FLOW
10998,10988,UNWIND
11005,11000,HAS_BLOCK
11000,11004,FLOW
11000,11002,FLOW
11000,11001,FLOW
11005,11001,HAS_BLOCK
11005,11002,HAS_BLOCK
11002,10975,FLOW
11002,10988,FLOW
11002,10988,UNWIND
11005,11004,HAS_BLOCK
11004,11005,RETURN
11005,10975,HAS_BLOCK
10975,10979,FLOW
10975,10976,FLOW
11005,10976,HAS_BLOCK
10976,10979,FLOW
10976,10977,FLOW
11005,10977,HAS_BLOCK
10977,10992,FLOW
10977,10988,FLOW
10977,10988,UNWIND
11005,10979,HAS_BLOCK
10979,10981,FLOW
10979,10988,FLOW
10979,10988,UNWIND
11005,10981,HAS_BLOCK
10981,10983,FLOW
10981,10987,FLOW
10981,10987,UNWIND
11005,10983,HAS_BLOCK
10983,10984,FLOW
10983,10986,FLOW
10983,11001,FLOW
11005,10984,HAS_BLOCK
10984,10993,FLOW
10984,10987,FLOW
10984,10987,UNWIND
11005,10986,HAS_BLOCK
10986,10998,FLOW
10986,10988,FLOW
10986,10988,UNWIND
11005,10987,HAS_BLOCK
10987,10988,FLOW
11005,10988,HAS_BLOCK
10988,10991,FLOW
11005,10991,HAS_BLOCK
11005,10992,HAS_BLOCK
10992,10979,FLOW
11005,10993,HAS_BLOCK
10993,10986,FLOW
10845,10846,HAS_PARAM
10845,10840,HAS_BLOCK
10840,10842,FLOW
10845,10842,HAS_BLOCK
10842,10844,FLOW
10845,10844,HAS_BLOCK
10844,10845,RETURN
10852,10853,HAS_PARAM
10852,10847,HAS_BLOCK
10847,10849,FLOW
10852,10849,HAS_BLOCK
10849,10851,FLOW
10852,10851,HAS_BLOCK
10851,10852,RETURN
6468,6469,HAS_PARAM
6468,6450,HAS_BLOCK
6450,6452,FLOW
6450,7225,CALL
6468,6452,HAS_BLOCK
6452,6456,FLOW
6468,6456,HAS_BLOCK
6456,6458,FLOW
6456,6460,FLOW
6456,6457,FLOW
6468,6457,HAS_BLOCK
6468,6458,HAS_BLOCK
6458,6462,FLOW
6458,6453,FLOW
6458,6453,UNWIND
6468,6460,HAS_BLOCK
6460,6467,FLOW
6468,6462,HAS_BLOCK
6462,6464,FLOW
6462,6453,FLOW
6462,6453,UNWIND
6468,6464,HAS_BLOCK
6464,6466,FLOW
6464,6453,FLOW
6464,6453,UNWIND
6468,6466,HAS_BLOCK
6466,6467,FLOW
6468,6467,HAS_BLOCK
6467,6468,RETURN
6468,6453,HAS_BLOCK
6453,6454,FLOW
6468,6454,HAS_BLOCK
5848,5849,HAS_PARAM
5848,5850,HAS_PARAM
5848,5807,HAS_BLOCK
5807,5809,FLOW
5848,5809,HAS_BLOCK
5809,5827,FLOW
5848,5827,HAS_BLOCK
5827,5836,FLOW
5848,5836,HAS_BLOCK
5836,5838,FLOW
5848,5838,HAS_BLOCK
5838,5840,FLOW
5848,5840,HAS_BLOCK
5840,5842,FLOW
5840,5844,FLOW
5840,5841,FLOW
5848,5841,HAS_BLOCK
5848,5842,HAS_BLOCK
5842,5846,FLOW
5842,5832,FLOW
5842,5832,UNWIND
5848,5844,HAS_BLOCK
5844,5830,FLOW
5848,5846,HAS_BLOCK
5846,5810,FLOW
5846,5832,FLOW
5846,5832,UNWIND
5848,5810,HAS_BLOCK
5810,5811,FLOW
5810,5813,FLOW
5810,5841,FLOW
5848,5811,HAS_BLOCK
5811,5815,FLOW
5811,5831,FLOW
5811,5831,UNWIND
5848,5813,HAS_BLOCK
5813,5834,FLOW
5813,5832,FLOW
5813,5832,UNWIND
5848,5815,HAS_BLOCK
5815,5817,FLOW
5815,5831,FLOW
5815,5831,UNWIND
5848,5817,HAS_BLOCK
5817,5819,FLOW
5817,5831,FLOW
5817,5831,UNWIND
5848,5819,HAS_BLOCK
5819,5821,FLOW
5819,5831,FLOW
5819,5831,UNWIND
5848,5821,HAS_BLOCK
5821,5822,FLOW
5821,5823,FLOW
5821,5841,FLOW
5848,5822,HAS_BLOCK
5822,5828,FLOW
5822,5832,FLOW
5822,5832,UNWIND
5848,5823,HAS_BLOCK
5823,5825,FLOW
5823,5831,FLOW
5823,5831,UNWIND
5848,5825,HAS_BLOCK
5825,5829,FLOW
5825,5832,FLOW
5825,5832,UNWIND
5848,5828,HAS_BLOCK
5828,5830,FLOW
5848,5829,HAS_BLOCK
5829,5830,FLOW
5848,5830,HAS_BLOCK
5830,5848,RETURN
5848,5831,HAS_BLOCK
5831,5832,FLOW
5848,5832,HAS_BLOCK
5832,5833,FLOW
5848,5833,HAS_BLOCK
5848,5834,HAS_BLOCK
5834,5829,FLOW
6778,6769,HAS_BLOCK
6769,6771,FLOW
6778,6771,HAS_BLOCK
6771,6773,FLOW
6778,6773,HAS_BLOCK
6773,6775,FLOW
6778,6775,HAS_BLOCK
6775,6777,FLOW
6778,6777,HAS_BLOCK
6777,6778,RETURN
6768,6763,HAS_BLOCK
6763,6765,FLOW
6768,6765,HAS_BLOCK
6765,6767,FLOW
6768,6767,HAS_BLOCK
6767,6768,RETURN
6762,6752,HAS_BLOCK
6752,6754,FLOW
6762,6754,HAS_BLOCK
6754,6756,FLOW
6762,6756,HAS_BLOCK
6756,6758,FLOW
6756,6760,FLOW
6756,6760,UNWIND
6762,6758,HAS_BLOCK
6758,6759,FLOW
6762,6759,HAS_BLOCK
6759,6762,RETURN
6762,6760,HAS_BLOCK
6760,6761,FLOW
6762,6761,HAS_BLOCK
5643,5645,HAS_FIELD
5643,5644,HAS_FIELD
5643,5646,HAS_FIELD
5720,5724,HAS_FIELD
5720,5728,HAS_FIELD
5720,5723,HAS_FIELD
5720,5721,HAS_FIELD
5720,5722,HAS_FIELD
5720,5725,HAS_FIELD
5720,5727,HAS_FIELD
5720,5726,HAS_FIELD
790,793,HAS_FIELD
790,791,HAS_FIELD
790,792,HAS_FIELD
5477,5478,HAS_PARAM
5477,5479,HAS_PARAM
5477,5442,HAS_BLOCK
5442,5444,FLOW
5477,5444,HAS_BLOCK
5444,5456,FLOW
5444,5463,FLOW
5444,5463,UNWIND
5444,5005,CALL
5477,5456,HAS_BLOCK
5456,5467,FLOW
5456,5465,FLOW
5456,5464,FLOW
5477,5464,HAS_BLOCK
5477,5465,HAS_BLOCK
5465,5471,FLOW
5465,5452,FLOW
5465,5452,UNWIND
5477,5467,HAS_BLOCK
5467,5469,FLOW
5467,5463,FLOW
5467,5463,UNWIND
5477,5469,HAS_BLOCK
5469,5448,FLOW
5469,5457,FLOW
5469,5457,UNWIND
5469,5606,CALL
5477,5471,HAS_BLOCK
5471,5473,FLOW
5471,5452,FLOW
5471,5452,UNWIND
5477,5473,HAS_BLOCK
5473,5475,FLOW
5473,5452,FLOW
5473,5452,UNWIND
5477,5475,HAS_BLOCK
5475,5445,FLOW
5475,5452,FLOW
5475,5452,UNWIND
5477,5445,HAS_BLOCK
5445,5446,FLOW
5445,5447,FLOW
5445,5447,UNWIND
5477,5446,HAS_BLOCK
5446,5450,FLOW
5446,5463,FLOW
5446,5463,UNWIND
5477,5447,HAS_BLOCK
5447,5452,FLOW
5477,5448,HAS_BLOCK
5448,5449,FLOW
5477,5449,HAS_BLOCK
5449,5451,FLOW
5477,5450,HAS_BLOCK
5450,5451,FLOW
5477,5451,HAS_BLOCK
5451,5477,RETURN
5477,5452,HAS_BLOCK
5452,5463,FLOW
5477,5453,HAS_BLOCK
5477,5454,HAS_BLOCK
5454,5463,FLOW
5477,5457,HAS_BLOCK
5457,5463,FLOW
5457,5454,FLOW
5477,5458,HAS_BLOCK
5458,5453,FLOW
5458,5459,FLOW
5477,5459,HAS_BLOCK
5459,5453,FLOW
5477,5460,HAS_BLOCK
5460,5458,FLOW
5477,5461,HAS_BLOCK
5461,5458,FLOW
5461,5460,FLOW
5477,5462,HAS_BLOCK
5462,5461,FLOW
5477,5463,HAS_BLOCK
5463,5461,FLOW
5463,5462,FLOW
5606,5607,HAS_PARAM
5606,5608,HAS_PARAM
5606,5609,HAS_PARAM
5606,5480,HAS_BLOCK
5480,5482,FLOW
5480,5603,FLOW
5480,5603,UNWIND
5606,5482,HAS_BLOCK
5482,5499,FLOW
5482,5601,FLOW
5482,5601,UNWIND
5482,1099,CALL
5606,5499,HAS_BLOCK
5499,5555,FLOW
5499,5536,FLOW
5499,5517,FLOW
5606,5517,HAS_BLOCK
5606,5536,HAS_BLOCK
5536,5573,FLOW
5536,5587,FLOW
5536,5587,UNWIND
5606,5555,HAS_BLOCK
5555,5485,FLOW
5555,5586,FLOW
5555,5586,UNWIND
5606,5573,HAS_BLOCK
5573,5585,FLOW
5573,5587,FLOW
5573,5587,UNWIND
5606,5585,HAS_BLOCK
5585,5597,FLOW
5585,5587,FLOW
5585,5587,UNWIND
5606,5597,HAS_BLOCK
5597,5605,FLOW
5597,5587,FLOW
5597,5587,UNWIND
5606,5605,HAS_BLOCK
5605,5483,FLOW
5605,5484,FLOW
5605,5484,UNWIND
5606,5483,HAS_BLOCK
5483,5579,FLOW
5483,5601,FLOW
5483,5601,UNWIND
5606,5484,HAS_BLOCK
5484,5587,FLOW
5606,5485,HAS_BLOCK
5485,5486,FLOW
5606,5486,HAS_BLOCK
5486,5488,FLOW
5486,5586,FLOW
5486,5586,UNWIND
5606,5488,HAS_BLOCK
5488,5491,FLOW
5488,5489,FLOW
5488,5517,FLOW
5606,5489,HAS_BLOCK
5489,5493,FLOW
5489,5586,FLOW
5489,5586,UNWIND
5606,5491,HAS_BLOCK
5491,5539,FLOW
5491,5586,FLOW
5491,5586,UNWIND
5491,3433,CALL
5606,5493,HAS_BLOCK
5493,5495,FLOW
5493,5586,FLOW
5493,5586,UNWIND
5493,1063,CALL
5606,5495,HAS_BLOCK
5495,5500,FLOW
5495,5496,FLOW
5606,5496,HAS_BLOCK
5496,5511,FLOW
5496,5586,FLOW
5496,5586,UNWIND
5606,5500,HAS_BLOCK
5500,5502,FLOW
5500,5586,FLOW
5500,5586,UNWIND
5606,5502,HAS_BLOCK
5502,5504,FLOW
5502,5586,FLOW
5502,5586,UNWIND
5606,5504,HAS_BLOCK
5504,5506,FLOW
5504,5586,FLOW
5504,5586,UNWIND
5606,5506,HAS_BLOCK
5506,5508,FLOW
5506,5586,FLOW
5506,5586,UNWIND
5606,5508,HAS_BLOCK
5508,5509,FLOW
5508,5510,FLOW
5508,5510,UNWIND
5606,5509,HAS_BLOCK
5509,5578,FLOW
5606,5510,HAS_BLOCK
5510,5586,FLOW
5606,5511,HAS_BLOCK
5511,5513,FLOW
5511,5586,FLOW
5511,5586,UNWIND
5606,5513,HAS_BLOCK
5513,5515,FLOW
5513,5586,FLOW
5513,5586,UNWIND
5606,5515,HAS_BLOCK
5515,5518,FLOW
5515,5586,FLOW
5515,5586,UNWIND
5606,5518,HAS_BLOCK
5518,5520,FLOW
5518,5586,FLOW
5518,5586,UNWIND
5606,5520,HAS_BLOCK
5520,5522,FLOW
5520,5586,FLOW
5520,5586,UNWIND
5606,5522,HAS_BLOCK
5522,5524,FLOW
5522,5586,FLOW
5522,5586,UNWIND
5606,5524,HAS_BLOCK
5524,5526,FLOW
5524,5586,FLOW
5524,5586,UNWIND
5524,1534,CALL
5606,5526,HAS_BLOCK
5526,5527,FLOW
5526,5486,FLOW
5526,5517,FLOW
5606,5527,HAS_BLOCK
5527,5529,FLOW
5527,5583,FLOW
5527,5583,UNWIND
5606,5529,HAS_BLOCK
5529,5531,FLOW
5529,5583,FLOW
5529,5583,UNWIND
5606,5531,HAS_BLOCK
5531,5533,FLOW
5531,5583,FLOW
5531,5583,UNWIND
5606,5533,HAS_BLOCK
5533,5535,FLOW
5533,5583,FLOW
5533,5583,UNWIND
5606,5535,HAS_BLOCK
5535,5537,FLOW
5535,5538,FLOW
5535,5538,UNWIND
5606,5537,HAS_BLOCK
5537,5578,FLOW
5537,5586,FLOW
5537,5586,UNWIND
5606,5538,HAS_BLOCK
5538,5583,FLOW
5606,5539,HAS_BLOCK
5539,5541,FLOW
5539,5586,FLOW
5539,5586,UNWIND
5606,5541,HAS_BLOCK
5541,5543,FLOW
5541,5586,FLOW
5541,5586,UNWIND
5606,5543,HAS_BLOCK
5543,5545,FLOW
5543,5586,FLOW
5543,5586,UNWIND
5606,5545,HAS_BLOCK
5545,5546,FLOW
5545,5548,FLOW
5545,5517,FLOW
5606,5546,HAS_BLOCK
5546,5561,FLOW
5546,5586,FLOW
5546,5586,UNWIND
5606,5548,HAS_BLOCK
5548,5550,FLOW
5548,5582,FLOW
5548,5582,UNWIND
5606,5550,HAS_BLOCK
5550,5552,FLOW
5550,5582,FLOW
5550,5582,UNWIND
5606,5552,HAS_BLOCK
5552,5556,FLOW
5552,5582,FLOW
5552,5582,UNWIND
5606,5556,HAS_BLOCK
5556,5558,FLOW
5556,5582,FLOW
5556,5582,UNWIND
5606,5558,HAS_BLOCK
5558,5559,FLOW
5558,5560,FLOW
5558,5560,UNWIND
5606,5559,HAS_BLOCK
5559,5578,FLOW
5559,5586,FLOW
5559,5586,UNWIND
5606,5560,HAS_BLOCK
5560,5582,FLOW
5606,5561,HAS_BLOCK
5561,5563,FLOW
5561,5586,FLOW
5561,5586,UNWIND
5561,3191,CALL
5606,5563,HAS_BLOCK
5563,5564,FLOW
5563,5591,FLOW
5563,5517,FLOW
5606,5564,HAS_BLOCK
5564,5566,FLOW
5564,5581,FLOW
5564,5581,UNWIND
5606,5566,HAS_BLOCK
5566,5568,FLOW
5566,5581,FLOW
5566,5581,UNWIND
5606,5568,HAS_BLOCK
5568,5570,FLOW
5568,5581,FLOW
5568,5581,UNWIND
5606,5570,HAS_BLOCK
5570,5574,FLOW
5570,5581,FLOW
5570,5581,UNWIND
5606,5574,HAS_BLOCK
5574,5575,FLOW
5574,5576,FLOW
5574,5576,UNWIND
5606,5575,HAS_BLOCK
5575,5591,FLOW
5575,5593,FLOW
5575,5593,UNWIND
5606,5576,HAS_BLOCK
5576,5581,FLOW
5606,5577,HAS_BLOCK
5577,5580,FLOW
5606,5578,HAS_BLOCK
5578,5579,FLOW
5578,5601,FLOW
5578,5601,UNWIND
5606,5579,HAS_BLOCK
5579,5580,FLOW
5606,5580,HAS_BLOCK
5580,5606,RETURN
5606,5581,HAS_BLOCK
5581,5593,FLOW
5606,5582,HAS_BLOCK
5582,5586,FLOW
5606,5583,HAS_BLOCK
5583,5586,FLOW
5606,5586,HAS_BLOCK
5586,5601,FLOW
5606,5587,HAS_BLOCK
5587,5601,FLOW
5606,5588,HAS_BLOCK
5606,5589,HAS_BLOCK
5589,5577,FLOW
5589,5601,FLOW
5589,5601,UNWIND
5606,5590,HAS_BLOCK
5590,5589,FLOW
5590,5586,FLOW
5590,5586,UNWIND
5606,5591,HAS_BLOCK
5591,5589,FLOW
5591,5590,FLOW
5591,5517,FLOW
5606,5592,HAS_BLOCK
5592,5586,FLOW
5606,5593,HAS_BLOCK
5593,5586,FLOW
5593,5592,FLOW
5606,5594,HAS_BLOCK
5594,5603,FLOW
5594,5595,FLOW
5606,5595,HAS_BLOCK
5595,5603,FLOW
5606,5598,HAS_BLOCK
5598,5594,FLOW
5606,5599,HAS_BLOCK
5599,5594,FLOW
5599,5598,FLOW
5606,5600,HAS_BLOCK
5600,5599,FLOW
5606,5601,HAS_BLOCK
5601,5599,FLOW
5601,5600,FLOW
5606,5602,HAS_BLOCK
5602,5588,FLOW
5606,5603,HAS_BLOCK
5603,5588,FLOW
5603,5602,FLOW
5441,5438,HAS_BLOCK
5438,5440,FLOW
5441,5440,HAS_BLOCK
5440,5441,RETURN
807,808,HAS_PARAM
807,809,HAS_PARAM
807,806,HAS_BLOCK
806,807,RETURN
36,37,HAS_PARAM
36,38,HAS_PARAM
36,33,HAS_BLOCK
33,35,FLOW
36,35,HAS_BLOCK
35,36,RETURN
32,31,HAS_BLOCK
31,32,RETURN
1089,1090,HAS_PARAM
1089,1066,HAS_BLOCK
1066,1068,FLOW
1089,1068,HAS_BLOCK
1068,1077,FLOW
1068,1075,FLOW
1068,1075,UNWIND
1068,5005,CALL
1089,1077,HAS_BLOCK
1077,1079,FLOW
1077,1075,FLOW
1077,1075,UNWIND
1089,1079,HAS_BLOCK
1079,1081,FLOW
1079,1083,FLOW
1079,1080,FLOW
1089,1080,HAS_BLOCK
1089,1081,HAS_BLOCK
1081,1086,FLOW
1081,1075,FLOW
1081,1075,UNWIND
1089,1083,HAS_BLOCK
1083,1085,FLOW
1083,1075,FLOW
1083,1075,UNWIND
1089,1085,HAS_BLOCK
1085,1069,FLOW
1089,1086,HAS_BLOCK
1086,1088,FLOW
1086,1071,FLOW
1086,1071,UNWIND
1086,1455,CALL
1089,1088,HAS_BLOCK
1088,1070,FLOW
1089,1069,HAS_BLOCK
1069,1070,FLOW
1089,1070,HAS_BLOCK
1070,1089,RETURN
1089,1071,HAS_BLOCK
1071,1075,FLOW
1071,1073,FLOW
1089,1072,HAS_BLOCK
1089,1073,HAS_BLOCK
1073,1075,FLOW
1089,1074,HAS_BLOCK
1074,1072,FLOW
1089,1075,HAS_BLOCK
1075,1072,FLOW
1075,1074,FLOW
1099,1100,HAS_PARAM
1099,1101,HAS_PARAM
1099,1091,HAS_BLOCK
1091,1093,FLOW
1091,1098,FLOW
1091,1098,UNWIND
1099,1093,HAS_BLOCK
1093,1095,FLOW
1093,1098,FLOW
1093,1098,UNWIND
1093,1455,CALL
1099,1095,HAS_BLOCK
1095,1099,RETURN
1099,1096,HAS_BLOCK
1099,1097,HAS_BLOCK
1097,1096,FLOW
1099,1098,HAS_BLOCK
1098,1096,FLOW
1098,1097,FLOW
1455,1456,HAS_PARAM
1455,1457,HAS_PARAM
1455,1458,HAS_PARAM
1455,1102,HAS_BLOCK
1102,1104,FLOW
1102,1310,FLOW
1102,1310,UNWIND
1102,853,CALL
1455,1104,HAS_BLOCK
1104,1269,FLOW
1104,1308,FLOW
1104,1308,UNWIND
1455,1269,HAS_BLOCK
1269,1328,FLOW
1269,1308,FLOW
1269,1308,UNWIND
1269,5436,CALL
1455,1328,HAS_BLOCK
1328,1347,FLOW
1328,1308,FLOW
1328,1308,UNWIND
1455,1347,HAS_BLOCK
1347,1384,FLOW
1347,1402,FLOW
1347,1364,FLOW
1455,1364,HAS_BLOCK
1455,1384,HAS_BLOCK
1384,1421,FLOW
1384,1304,FLOW
1384,1304,UNWIND
1455,1402,HAS_BLOCK
1402,1313,FLOW
1402,1308,FLOW
1402,1308,UNWIND
1455,1421,HAS_BLOCK
1421,1439,FLOW
1421,1302,FLOW
1421,1302,UNWIND
1455,1439,HAS_BLOCK
1439,1105,FLOW
1439,1300,FLOW
1439,1300,UNWIND
1455,1105,HAS_BLOCK
1105,1125,FLOW
1105,1271,FLOW
1105,1271,UNWIND
1455,1125,HAS_BLOCK
1125,1143,FLOW
1455,1143,HAS_BLOCK
1143,1164,FLOW
1143,1266,FLOW
1143,1266,UNWIND
1455,1164,HAS_BLOCK
1164,1202,FLOW
1164,1183,FLOW
1164,1364,FLOW
1455,1183,HAS_BLOCK
1183,1219,FLOW
1183,1265,FLOW
1183,1265,UNWIND
1455,1202,HAS_BLOCK
1202,1356,FLOW
1202,1271,FLOW
1202,1271,UNWIND
1455,1219,HAS_BLOCK
1219,1233,FLOW
1219,1264,FLOW
1219,1264,UNWIND
1455,1233,HAS_BLOCK
1233,1245,FLOW
1233,1264,FLOW
1233,1264,UNWIND
1455,1245,HAS_BLOCK
1245,1256,FLOW
1245,1270,FLOW
1245,1364,FLOW
1455,1256,HAS_BLOCK
1256,1294,FLOW
1256,1298,FLOW
1256,1298,UNWIND
1455,1270,HAS_BLOCK
1270,1283,FLOW
1270,1264,FLOW
1270,1264,UNWIND
1455,1283,HAS_BLOCK
1283,1229,FLOW
1283,1265,FLOW
1283,1265,UNWIND
1455,1294,HAS_BLOCK
1294,1306,FLOW
1294,1298,FLOW
1294,1298,UNWIND
1455,1306,HAS_BLOCK
1306,1320,FLOW
1306,1317,FLOW
1306,1364,FLOW
1455,1317,HAS_BLOCK
1317,1321,FLOW
1317,1263,FLOW
1317,1263,UNWIND
1455,1320,HAS_BLOCK
1320,1324,FLOW
1455,1321,HAS_BLOCK
1321,1323,FLOW
1321,1262,FLOW
1321,1262,UNWIND
1455,1323,HAS_BLOCK
1323,1324,FLOW
1455,1324,HAS_BLOCK
1324,1273,FLOW
1324,1275,FLOW
1324,1364,FLOW
1455,1325,HAS_BLOCK
1325,1329,FLOW
1325,1293,FLOW
1325,1293,UNWIND
1455,1329,HAS_BLOCK
1329,1330,FLOW
1329,1293,FLOW
1329,1293,UNWIND
1455,1330,HAS_BLOCK
1330,1332,FLOW
1330,1293,FLOW
1330,1293,UNWIND
1455,1332,HAS_BLOCK
1332,1334,FLOW
1332,1291,FLOW
1332,1291,UNWIND
1455,1334,HAS_BLOCK
1334,1336,FLOW
1334,1291,FLOW
1334,1291,UNWIND
1455,1336,HAS_BLOCK
1336,1337,FLOW
1336,1293,FLOW
1336,1293,UNWIND
1455,1337,HAS_BLOCK
1337,1339,FLOW
1337,1293,FLOW
1337,1293,UNWIND
1455,1339,HAS_BLOCK
1339,1341,FLOW
1339,1293,FLOW
1339,1293,UNWIND
1455,1341,HAS_BLOCK
1341,1342,FLOW
1341,1293,FLOW
1341,1293,UNWIND
1455,1342,HAS_BLOCK
1342,1344,FLOW
1342,1293,FLOW
1342,1293,UNWIND
1455,1344,HAS_BLOCK
1344,1348,FLOW
1344,1293,FLOW
1344,1293,UNWIND
1455,1348,HAS_BLOCK
1348,1350,FLOW
1348,1293,FLOW
1348,1293,UNWIND
1455,1350,HAS_BLOCK
1350,1352,FLOW
1350,1289,FLOW
1350,1289,UNWIND
1455,1352,HAS_BLOCK
1352,1354,FLOW
1352,1289,FLOW
1352,1289,UNWIND
1455,1354,HAS_BLOCK
1354,1355,FLOW
1354,1265,FLOW
1354,1265,UNWIND
1455,1355,HAS_BLOCK
1355,1143,FLOW
1355,1266,FLOW
1355,1266,UNWIND
1455,1356,HAS_BLOCK
1356,1358,FLOW
1356,1271,FLOW
1356,1271,UNWIND
1455,1358,HAS_BLOCK
1358,1360,FLOW
1358,1261,FLOW
1358,1261,UNWIND
1455,1360,HAS_BLOCK
1360,1361,FLOW
1455,1361,HAS_BLOCK
1361,1363,FLOW
1361,1261,FLOW
1361,1261,UNWIND
1455,1363,HAS_BLOCK
1363,1367,FLOW
1363,1365,FLOW
1363,1364,FLOW
1455,1365,HAS_BLOCK
1365,1369,FLOW
1365,1261,FLOW
1365,1261,UNWIND
1455,1367,HAS_BLOCK
1367,1393,FLOW
1367,1261,FLOW
1367,1261,UNWIND
1455,1369,HAS_BLOCK
1369,1371,FLOW
1369,1261,FLOW
1369,1261,UNWIND
1455,1371,HAS_BLOCK
1371,1373,FLOW
1371,1261,FLOW
1371,1261,UNWIND
1371,992,CALL
1455,1373,HAS_BLOCK
1373,1375,FLOW
1373,1261,FLOW
1373,1261,UNWIND
1455,1375,HAS_BLOCK
1375,1376,FLOW
1375,1378,FLOW
1375,1364,FLOW
1455,1376,HAS_BLOCK
1376,1380,FLOW
1376,1260,FLOW
1376,1260,UNWIND
1455,1378,HAS_BLOCK
1378,1314,FLOW
1378,1261,FLOW
1378,1261,UNWIND
1455,1380,HAS_BLOCK
1380,1382,FLOW
1380,1287,FLOW
1380,1287,UNWIND
1455,1382,HAS_BLOCK
1382,1385,FLOW
1382,1287,FLOW
1382,1287,UNWIND
1455,1385,HAS_BLOCK
1385,1386,FLOW
1385,1260,FLOW
1385,1260,UNWIND
1455,1386,HAS_BLOCK
1386,1388,FLOW
1386,1260,FLOW
1386,1260,UNWIND
1455,1388,HAS_BLOCK
1388,1390,FLOW
1388,1260,FLOW
1388,1260,UNWIND
1455,1390,HAS_BLOCK
1390,1392,FLOW
1390,1260,FLOW
1390,1260,UNWIND
1390,1962,CALL
1455,1392,HAS_BLOCK
1392,1361,FLOW
1392,1261,FLOW
1392,1261,UNWIND
1455,1393,HAS_BLOCK
1393,1394,FLOW
1455,1394,HAS_BLOCK
1394,1396,FLOW
1394,1261,FLOW
1394,1261,UNWIND
1455,1396,HAS_BLOCK
1396,1445,FLOW
1396,1397,FLOW
1396,1364,FLOW
1455,1397,HAS_BLOCK
1397,1399,FLOW
1397,1261,FLOW
1397,1261,UNWIND
1455,1399,HAS_BLOCK
1399,1403,FLOW
1399,1285,FLOW
1399,1285,UNWIND
1455,1403,HAS_BLOCK
1403,1404,FLOW
1455,1404,HAS_BLOCK
1404,1406,FLOW
1404,1285,FLOW
1404,1285,UNWIND
1455,1406,HAS_BLOCK
1406,1409,FLOW
1406,1407,FLOW
1406,1364,FLOW
1455,1407,HAS_BLOCK
1407,1411,FLOW
1407,1285,FLOW
1407,1285,UNWIND
1455,1409,HAS_BLOCK
1409,1437,FLOW
1409,1285,FLOW
1409,1285,UNWIND
1455,1411,HAS_BLOCK
1411,1413,FLOW
1411,1285,FLOW
1411,1285,UNWIND
1455,1413,HAS_BLOCK
1413,1415,FLOW
1413,1285,FLOW
1413,1285,UNWIND
1413,2044,CALL
1455,1415,HAS_BLOCK
1415,1417,FLOW
1415,1285,FLOW
1415,1285,UNWIND
1455,1417,HAS_BLOCK
1417,1418,FLOW
1417,1422,FLOW
1417,1364,FLOW
1455,1418,HAS_BLOCK
1418,1425,FLOW
1418,1259,FLOW
1418,1259,UNWIND
1455,1422,HAS_BLOCK
1422,1424,FLOW
1422,1285,FLOW
1422,1285,UNWIND
1455,1424,HAS_BLOCK
1424,1227,FLOW
1424,1261,FLOW
1424,1261,UNWIND
1455,1425,HAS_BLOCK
1425,1427,FLOW
1425,1281,FLOW
1425,1281,UNWIND
1455,1427,HAS_BLOCK
1427,1429,FLOW
1427,1281,FLOW
1427,1281,UNWIND
1455,1429,HAS_BLOCK
1429,1430,FLOW
1429,1259,FLOW
1429,1259,UNWIND
1455,1430,HAS_BLOCK
1430,1432,FLOW
1430,1259,FLOW
1430,1259,UNWIND
1455,1432,HAS_BLOCK
1432,1434,FLOW
1432,1259,FLOW
1432,1259,UNWIND
1455,1434,HAS_BLOCK
1434,1436,FLOW
1434,1259,FLOW
1434,1259,UNWIND
1434,1962,CALL
1455,1436,HAS_BLOCK
1436,1404,FLOW
1436,1285,FLOW
1436,1285,UNWIND
1455,1437,HAS_BLOCK
1437,1441,FLOW
1437,1440,FLOW
1455,1440,HAS_BLOCK
1440,1444,FLOW
1440,1261,FLOW
1440,1261,UNWIND
1455,1441,HAS_BLOCK
1441,1442,FLOW
1441,1443,FLOW
1441,1443,UNWIND
1455,1442,HAS_BLOCK
1442,1394,FLOW
1455,1443,HAS_BLOCK
1443,1285,FLOW
1455,1444,HAS_BLOCK
1444,1445,FLOW
1455,1445,HAS_BLOCK
1445,1447,FLOW
1445,1261,FLOW
1445,1261,UNWIND
1455,1447,HAS_BLOCK
1447,1449,FLOW
1447,1261,FLOW
1447,1261,UNWIND
1455,1449,HAS_BLOCK
1449,1451,FLOW
1449,1261,FLOW
1449,1261,UNWIND
1455,1451,HAS_BLOCK
1451,1452,FLOW
1455,1452,HAS_BLOCK
1452,1106,FLOW
1452,1261,FLOW
1452,1261,UNWIND
1455,1106,HAS_BLOCK
1106,1109,FLOW
1106,1107,FLOW
1106,1364,FLOW
1455,1107,HAS_BLOCK
1107,1111,FLOW
1107,1261,FLOW
1107,1261,UNWIND
1455,1109,HAS_BLOCK
1109,1157,FLOW
1109,1261,FLOW
1109,1261,UNWIND
1455,1111,HAS_BLOCK
1111,1113,FLOW
1111,1261,FLOW
1111,1261,UNWIND
1455,1113,HAS_BLOCK
1113,1115,FLOW
1113,1261,FLOW
1113,1261,UNWIND
1113,2044,CALL
1455,1115,HAS_BLOCK
1115,1117,FLOW
1115,1261,FLOW
1115,1261,UNWIND
1455,1117,HAS_BLOCK
1117,1118,FLOW
1117,1120,FLOW
1117,1364,FLOW
1455,1118,HAS_BLOCK
1118,1122,FLOW
1118,1258,FLOW
1118,1258,UNWIND
1455,1120,HAS_BLOCK
1120,1315,FLOW
1120,1261,FLOW
1120,1261,UNWIND
1455,1122,HAS_BLOCK
1122,1126,FLOW
1122,1279,FLOW
1122,1279,UNWIND
1455,1126,HAS_BLOCK
1126,1128,FLOW
1126,1279,FLOW
1126,1279,UNWIND
1455,1128,HAS_BLOCK
1128,1129,FLOW
1128,1258,FLOW
1128,1258,UNWIND
1455,1129,HAS_BLOCK
1129,1131,FLOW
1129,1258,FLOW
1129,1258,UNWIND
1455,1131,HAS_BLOCK
1131,1144,FLOW
1131,1132,FLOW
1455,1132,HAS_BLOCK
1132,1134,FLOW
1132,1258,FLOW
1132,1258,UNWIND
1455,1134,HAS_BLOCK
1134,1135,FLOW
1134,1150,FLOW
1134,1364,FLOW
1455,1135,HAS_BLOCK
1135,1137,FLOW
1135,1258,FLOW
1135,1258,UNWIND
1455,1137,HAS_BLOCK
1137,1139,FLOW
1137,1258,FLOW
1137,1258,UNWIND
1455,1139,HAS_BLOCK
1139,1141,FLOW
1139,1258,FLOW
1139,1258,UNWIND
1455,1141,HAS_BLOCK
1141,1316,FLOW
1141,1258,FLOW
1141,1258,UNWIND
1141,1707,CALL
1455,1144,HAS_BLOCK
1144,1146,FLOW
1144,1258,FLOW
1144,1258,UNWIND
1455,1146,HAS_BLOCK
1146,1148,FLOW
1146,1258,FLOW
1146,1258,UNWIND
1455,1148,HAS_BLOCK
1148,1318,FLOW
1148,1258,FLOW
1148,1258,UNWIND
1148,1635,CALL
1455,1150,HAS_BLOCK
1150,1152,FLOW
1150,1258,FLOW
1150,1258,UNWIND
1455,1152,HAS_BLOCK
1152,1154,FLOW
1152,1258,FLOW
1152,1258,UNWIND
1455,1154,HAS_BLOCK
1154,1156,FLOW
1154,1258,FLOW
1154,1258,UNWIND
1154,1962,CALL
1455,1156,HAS_BLOCK
1156,1452,FLOW
1156,1261,FLOW
1156,1261,UNWIND
1455,1157,HAS_BLOCK
1157,1159,FLOW
1157,1261,FLOW
1157,1261,UNWIND
1455,1159,HAS_BLOCK
1159,1161,FLOW
1159,1257,FLOW
1159,1257,UNWIND
1455,1161,HAS_BLOCK
1161,1165,FLOW
1161,1257,FLOW
1161,1257,UNWIND
1455,1165,HAS_BLOCK
1165,1208,FLOW
1165,1166,FLOW
1455,1166,HAS_BLOCK
1166,1167,FLOW
1166,1261,FLOW
1166,1261,UNWIND
1455,1167,HAS_BLOCK
1167,1169,FLOW
1167,1261,FLOW
1167,1261,UNWIND
1455,1169,HAS_BLOCK
1169,1171,FLOW
1169,1261,FLOW
1169,1261,UNWIND
1455,1171,HAS_BLOCK
1171,1173,FLOW
1171,1261,FLOW
1171,1261,UNWIND
1455,1173,HAS_BLOCK
1173,1175,FLOW
1173,1261,FLOW
1173,1261,UNWIND
1455,1175,HAS_BLOCK
1175,1177,FLOW
1175,1277,FLOW
1175,1277,UNWIND
1455,1177,HAS_BLOCK
1177,1179,FLOW
1177,1277,FLOW
1177,1277,UNWIND
1455,1179,HAS_BLOCK
1179,1181,FLOW
1179,1277,FLOW
1179,1277,UNWIND
1455,1181,HAS_BLOCK
1181,1184,FLOW
1181,1277,FLOW
1181,1277,UNWIND
1455,1184,HAS_BLOCK
1184,1186,FLOW
1184,1277,FLOW
1184,1277,UNWIND
1455,1186,HAS_BLOCK
1186,1187,FLOW
1455,1187,HAS_BLOCK
1187,1189,FLOW
1187,1255,FLOW
1187,1255,UNWIND
1455,1189,HAS_BLOCK
1189,1192,FLOW
1189,1190,FLOW
1189,1364,FLOW
1455,1190,HAS_BLOCK
1190,1193,FLOW
1190,1253,FLOW
1190,1253,UNWIND
1455,1192,HAS_BLOCK
1192,1207,FLOW
1192,1277,FLOW
1192,1277,UNWIND
1455,1193,HAS_BLOCK
1193,1195,FLOW
1193,1253,FLOW
1193,1253,UNWIND
1455,1195,HAS_BLOCK
1195,1197,FLOW
1195,1253,FLOW
1195,1253,UNWIND
1455,1197,HAS_BLOCK
1197,1199,FLOW
1197,1253,FLOW
1197,1253,UNWIND
1455,1199,HAS_BLOCK
1199,1203,FLOW
1199,1253,FLOW
1199,1253,UNWIND
1455,1203,HAS_BLOCK
1203,1205,FLOW
1203,1253,FLOW
1203,1253,UNWIND
1455,1205,HAS_BLOCK
1205,1206,FLOW
1205,1254,FLOW
1205,1254,UNWIND
1455,1206,HAS_BLOCK
1206,1187,FLOW
1206,1255,FLOW
1206,1255,UNWIND
1455,1207,HAS_BLOCK
1207,1209,FLOW
1455,1208,HAS_BLOCK
1208,1209,FLOW
1208,1261,FLOW
1208,1261,UNWIND
1455,1209,HAS_BLOCK
1209,1211,FLOW
1209,1252,FLOW
1209,1252,UNWIND
1455,1211,HAS_BLOCK
1211,1213,FLOW
1211,1249,FLOW
1211,1249,UNWIND
1455,1213,HAS_BLOCK
1213,1215,FLOW
1213,1248,FLOW
1213,1248,UNWIND
1455,1215,HAS_BLOCK
1215,1217,FLOW
1215,1246,FLOW
1215,1246,UNWIND
1455,1217,HAS_BLOCK
1217,1220,FLOW
1217,1243,FLOW
1217,1243,UNWIND
1455,1220,HAS_BLOCK
1220,1222,FLOW
1220,1242,FLOW
1220,1242,UNWIND
1455,1222,HAS_BLOCK
1222,1224,FLOW
1222,1241,FLOW
1222,1241,UNWIND
1455,1224,HAS_BLOCK
1224,1225,FLOW
1224,1271,FLOW
1224,1271,UNWIND
1455,1225,HAS_BLOCK
1225,1226,FLOW
1225,1300,FLOW
1225,1300,UNWIND
1455,1226,HAS_BLOCK
1226,1240,FLOW
1455,1227,HAS_BLOCK
1227,1228,FLOW
1455,1228,HAS_BLOCK
1228,1231,FLOW
1228,1271,FLOW
1228,1271,UNWIND
1455,1229,HAS_BLOCK
1229,1230,FLOW
1229,1266,FLOW
1229,1266,UNWIND
1455,1230,HAS_BLOCK
1230,1231,FLOW
1230,1271,FLOW
1230,1271,UNWIND
1455,1231,HAS_BLOCK
1231,1234,FLOW
1231,1300,FLOW
1231,1300,UNWIND
1455,1234,HAS_BLOCK
1234,1235,FLOW
1234,1302,FLOW
1234,1302,UNWIND
1455,1235,HAS_BLOCK
1235,1236,FLOW
1235,1304,FLOW
1235,1304,UNWIND
1455,1236,HAS_BLOCK
1236,1237,FLOW
1455,1237,HAS_BLOCK
1237,1238,FLOW
1237,1310,FLOW
1237,1310,UNWIND
1455,1238,HAS_BLOCK
1238,1239,FLOW
1238,1312,FLOW
1238,1312,UNWIND
1455,1239,HAS_BLOCK
1239,1240,FLOW
1455,1240,HAS_BLOCK
1240,1455,RETURN
1455,1241,HAS_BLOCK
1241,1242,FLOW
1455,1242,HAS_BLOCK
1242,1243,FLOW
1455,1243,HAS_BLOCK
1243,1246,FLOW
1455,1246,HAS_BLOCK
1246,1247,FLOW
1455,1247,HAS_BLOCK
1247,1248,FLOW
1455,1248,HAS_BLOCK
1248,1249,FLOW
1455,1249,HAS_BLOCK
1249,1250,FLOW
1455,1250,HAS_BLOCK
1250,1251,FLOW
1455,1251,HAS_BLOCK
1251,1252,FLOW
1455,1252,HAS_BLOCK
1252,1261,FLOW
1455,1253,HAS_BLOCK
1253,1254,FLOW
1455,1254,HAS_BLOCK
1254,1255,FLOW
1455,1255,HAS_BLOCK
1255,1277,FLOW
1455,1257,HAS_BLOCK
1257,1261,FLOW
1455,1258,HAS_BLOCK
1258,1261,FLOW
1455,1259,HAS_BLOCK
1259,1285,FLOW
1455,1260,HAS_BLOCK
1260,1261,FLOW
1455,1261,HAS_BLOCK
1261,1271,FLOW
1455,1262,HAS_BLOCK
1262,1263,FLOW
1455,1263,HAS_BLOCK
1263,1296,FLOW
1455,1264,HAS_BLOCK
1264,1265,FLOW
1455,1265,HAS_BLOCK
1265,1266,FLOW
1455,1266,HAS_BLOCK
1266,1271,FLOW
1455,1271,HAS_BLOCK
1271,1300,FLOW
1455,1272,HAS_BLOCK
1455,1273,HAS_BLOCK
1273,1325,FLOW
1273,1293,FLOW
1273,1293,UNWIND
1455,1275,HAS_BLOCK
1275,1273,FLOW
1275,1293,FLOW
1275,1293,UNWIND
1455,1276,HAS_BLOCK
1276,1261,FLOW
1455,1277,HAS_BLOCK
1277,1261,FLOW
1277,1276,FLOW
1455,1278,HAS_BLOCK
1278,1258,FLOW
1455,1279,HAS_BLOCK
1279,1258,FLOW
1279,1278,FLOW
1455,1280,HAS_BLOCK
1280,1259,FLOW
1455,1281,HAS_BLOCK
1281,1259,FLOW
1281,1280,FLOW
1455,1284,HAS_BLOCK
1284,1261,FLOW
1455,1285,HAS_BLOCK
1285,1261,FLOW
1285,1284,FLOW
1455,1286,HAS_BLOCK
1286,1260,FLOW
1455,1287,HAS_BLOCK
1287,1260,FLOW
1287,1286,FLOW
1455,1288,HAS_BLOCK
1288,1293,FLOW
1455,1289,HAS_BLOCK
1289,1293,FLOW
1289,1288,FLOW
1455,1290,HAS_BLOCK
1290,1293,FLOW
1455,1291,HAS_BLOCK
1291,1293,FLOW
1291,1290,FLOW
1455,1292,HAS_BLOCK
1292,1298,FLOW
1455,1293,HAS_BLOCK
1293,1298,FLOW
1293,1292,FLOW
1455,1295,HAS_BLOCK
1295,1298,FLOW
1455,1296,HAS_BLOCK
1296,1298,FLOW
1296,1295,FLOW
1455,1297,HAS_BLOCK
1297,1264,FLOW
1455,1298,HAS_BLOCK
1298,1264,FLOW
1298,1297,FLOW
1455,1299,HAS_BLOCK
1299,1302,FLOW
1455,1300,HAS_BLOCK
1300,1302,FLOW
1300,1299,FLOW
1455,1301,HAS_BLOCK
1301,1304,FLOW
1455,1302,HAS_BLOCK
1302,1304,FLOW
1302,1301,FLOW
1455,1303,HAS_BLOCK
1303,1308,FLOW
1455,1304,HAS_BLOCK
1304,1308,FLOW
1304,1303,FLOW
1455,1307,HAS_BLOCK
1307,1310,FLOW
1455,1308,HAS_BLOCK
1308,1310,FLOW
1308,1307,FLOW
1455,1309,HAS_BLOCK
1309,1312,FLOW
1455,1310,HAS_BLOCK
1310,1312,FLOW
1310,1309,FLOW
1455,1311,HAS_BLOCK
1311,1272,FLOW
1455,1312,HAS_BLOCK
1312,1272,FLOW
1312,1311,FLOW
1455,1313,HAS_BLOCK
1313,1237,FLOW
1455,1314,HAS_BLOCK
1314,1228,FLOW
1455,1315,HAS_BLOCK
1315,1228,FLOW
1455,1316,HAS_BLOCK
1316,1150,FLOW
1455,1318,HAS_BLOCK
1318,1150,FLOW
1495,1496,HAS_PARAM
1495,1497,HAS_PARAM
1495,1498,HAS_PARAM
1495,1459,HAS_BLOCK
1459,1461,FLOW
1459,1484,FLOW
1459,1484,UNWIND
1459,5267,CALL
1495,1461,HAS_BLOCK
1461,1486,FLOW
1461,1485,FLOW
1461,1477,FLOW
1495,1477,HAS_BLOCK
1495,1485,HAS_BLOCK
1485,1487,FLOW
1495,1486,HAS_BLOCK
1486,1487,FLOW
1495,1487,HAS_BLOCK
1487,1488,FLOW
1487,1465,FLOW
1487,1477,FLOW
1495,1488,HAS_BLOCK
1488,1490,FLOW
1488,1482,FLOW
1488,1482,UNWIND
1495,1490,HAS_BLOCK
1490,1491,FLOW
1490,1465,FLOW
1495,1491,HAS_BLOCK
1491,1493,FLOW
1491,1482,FLOW
1491,1482,UNWIND
1495,1493,HAS_BLOCK
1493,1462,FLOW
1493,1480,FLOW
1493,1480,UNWIND
1495,1462,HAS_BLOCK
1462,1464,FLOW
1462,1480,FLOW
1462,1480,UNWIND
1495,1464,HAS_BLOCK
1464,1465,FLOW
1464,1482,FLOW
1464,1482,UNWIND
1495,1465,HAS_BLOCK
1465,1467,FLOW
1465,1466,FLOW
1465,1477,FLOW
1495,1466,HAS_BLOCK
1466,1468,FLOW
1495,1467,HAS_BLOCK
1467,1468,FLOW
1495,1468,HAS_BLOCK
1468,1470,FLOW
1468,1482,FLOW
1468,1482,UNWIND
1495,1470,HAS_BLOCK
1470,1472,FLOW
1470,1482,FLOW
1470,1482,UNWIND
1495,1472,HAS_BLOCK
1472,1474,FLOW
1472,1482,FLOW
1472,1482,UNWIND
1495,1474,HAS_BLOCK
1474,1476,FLOW
1474,1482,FLOW
1474,1482,UNWIND
1495,1476,HAS_BLOCK
1476,1495,RETURN
1495,1478,HAS_BLOCK
1495,1479,HAS_BLOCK
1479,1482,FLOW
1495,1480,HAS_BLOCK
1480,1482,FLOW
1480,1479,FLOW
1495,1481,HAS_BLOCK
1481,1484,FLOW
1495,1482,HAS_BLOCK
1482,1484,FLOW
1482,1481,FLOW
1495,1483,HAS_BLOCK
1483,1478,FLOW
1495,1484,HAS_BLOCK
1484,1478,FLOW
1484,1483,FLOW
1534,1535,HAS_PARAM
1534,1536,HAS_PARAM
1534,1537,HAS_PARAM
1534,1499,HAS_BLOCK
1499,1501,FLOW
1499,1522,FLOW
1499,1522,UNWIND
1499,5267,CALL
1534,1501,HAS_BLOCK
1501,1515,FLOW
1501,1512,FLOW
1501,1512,UNWIND
1534,1515,HAS_BLOCK
1515,1524,FLOW
1515,1512,FLOW
1515,1512,UNWIND
1534,1524,HAS_BLOCK
1524,1525,FLOW
1524,1526,FLOW
1524,1533,FLOW
1534,1525,HAS_BLOCK
1525,1516,FLOW
1534,1526,HAS_BLOCK
1526,1528,FLOW
1526,1512,FLOW
1526,1512,UNWIND
1534,1528,HAS_BLOCK
1528,1530,FLOW
1528,1512,FLOW
1528,1512,UNWIND
1528,1627,CALL
1534,1530,HAS_BLOCK
1530,1532,FLOW
1530,1512,FLOW
1530,1512,UNWIND
1534,1532,HAS_BLOCK
1532,1502,FLOW
1532,1503,FLOW
1532,1533,FLOW
1534,1533,HAS_BLOCK
1534,1502,HAS_BLOCK
1502,1516,FLOW
1534,1503,HAS_BLOCK
1503,1508,FLOW
1503,1512,FLOW
1503,1512,UNWIND
1534,1505,HAS_BLOCK
1505,1507,FLOW
1505,1519,FLOW
1505,1519,UNWIND
1505,1495,CALL
1534,1507,HAS_BLOCK
1507,1510,FLOW
1507,1522,FLOW
1507,1522,UNWIND
1534,1508,HAS_BLOCK
1508,1509,FLOW
1508,1522,FLOW
1508,1522,UNWIND
1534,1509,HAS_BLOCK
1509,1510,FLOW
1534,1510,HAS_BLOCK
1510,1534,RETURN
1534,1511,HAS_BLOCK
1511,1512,FLOW
1511,1520,FLOW
1534,1512,HAS_BLOCK
1512,1522,FLOW
1534,1513,HAS_BLOCK
1534,1516,HAS_BLOCK
1516,1505,FLOW
1516,1519,FLOW
1516,1519,UNWIND
1534,1518,HAS_BLOCK
1518,1511,FLOW
1534,1519,HAS_BLOCK
1519,1511,FLOW
1519,1518,FLOW
1534,1520,HAS_BLOCK
1520,1512,FLOW
1534,1521,HAS_BLOCK
1521,1513,FLOW
1534,1522,HAS_BLOCK
1522,1513,FLOW
1522,1521,FLOW
1627,1628,HAS_PARAM
1627,1629,HAS_PARAM
1627,1594,HAS_BLOCK
1594,1596,FLOW
1627,1596,HAS_BLOCK
1596,1613,FLOW
1627,1613,HAS_BLOCK
1613,1615,FLOW
1627,1615,HAS_BLOCK
1615,1617,FLOW
1615,1619,FLOW
1615,1616,FLOW
1627,1616,HAS_BLOCK
1627,1617,HAS_BLOCK
1617,1621,FLOW
1627,1619,HAS_BLOCK
1619,1608,FLOW
1627,1621,HAS_BLOCK
1621,1623,FLOW
1627,1623,HAS_BLOCK
1623,1625,FLOW
1627,1625,HAS_BLOCK
1625,1597,FLOW
1627,1597,HAS_BLOCK
1597,1599,FLOW
1627,1599,HAS_BLOCK
1599,1601,FLOW
1627,1601,HAS_BLOCK
1601,1603,FLOW
1627,1603,HAS_BLOCK
1603,1605,FLOW
1603,1610,FLOW
1603,1610,UNWIND
1627,1605,HAS_BLOCK
1605,1607,FLOW
1605,1609,FLOW
1605,1609,UNWIND
1627,1607,HAS_BLOCK
1607,1608,FLOW
1627,1608,HAS_BLOCK
1608,1627,RETURN
1627,1609,HAS_BLOCK
1609,1610,FLOW
1627,1610,HAS_BLOCK
1610,1611,FLOW
1627,1611,HAS_BLOCK
1063,1064,HAS_PARAM
1063,1065,HAS_PARAM
1063,1044,HAS_BLOCK
1044,1046,FLOW
1044,5267,CALL
1063,1046,HAS_BLOCK
1046,1050,FLOW
1046,1059,FLOW
1046,1049,FLOW
1063,1050,HAS_BLOCK
1050,1052,FLOW
1050,1047,FLOW
1050,1047,UNWIND
1063,1052,HAS_BLOCK
1052,1054,FLOW
1052,1047,FLOW
1052,1047,UNWIND
1063,1054,HAS_BLOCK
1054,1056,FLOW
1054,1047,FLOW
1054,1047,UNWIND
1054,5018,CALL
1063,1056,HAS_BLOCK
1056,1058,FLOW
1056,1047,FLOW
1056,1047,UNWIND
1063,1058,HAS_BLOCK
1058,1062,FLOW
1063,1059,HAS_BLOCK
1059,1061,FLOW
1059,1047,FLOW
1059,1047,UNWIND
1063,1061,HAS_BLOCK
1061,1062,FLOW
1063,1062,HAS_BLOCK
1062,1063,RETURN
1063,1047,HAS_BLOCK
1047,1048,FLOW
1063,1048,HAS_BLOCK
1063,1049,HAS_BLOCK
1592,1593,HAS_PARAM
1592,1579,HAS_BLOCK
1579,1580,FLOW
1579,1584,FLOW
1579,1591,FLOW
1592,1580,HAS_BLOCK
1580,1582,FLOW
1592,1582,HAS_BLOCK
1582,1590,FLOW
1582,5036,CALL
1592,1584,HAS_BLOCK
1584,1586,FLOW
1592,1586,HAS_BLOCK
1586,1588,FLOW
1592,1588,HAS_BLOCK
1588,1590,FLOW
1592,1590,HAS_BLOCK
1590,1592,RETURN
1592,1591,HAS_BLOCK
1577,1578,HAS_PARAM
1577,1564,HAS_BLOCK
1564,1565,FLOW
1564,1569,FLOW
1564,1576,FLOW
1577,1565,HAS_BLOCK
1565,1567,FLOW
1577,1567,HAS_BLOCK
1567,1575,FLOW
1567,5025,CALL
1577,1569,HAS_BLOCK
1569,1571,FLOW
1577,1571,HAS_BLOCK
1571,1573,FLOW
1577,1573,HAS_BLOCK
1573,1575,FLOW
1577,1575,HAS_BLOCK
1575,1577,RETURN
1577,1576,HAS_BLOCK
1560,1561,HAS_PARAM
1560,1562,HAS_PARAM
1560,1563,HAS_PARAM
1560,1551,HAS_BLOCK
1551,1553,FLOW
1560,1553,HAS_BLOCK
1553,1555,FLOW
1553,1558,FLOW
1553,1558,UNWIND
1560,1555,HAS_BLOCK
1555,1557,FLOW
1560,1557,HAS_BLOCK
1557,1560,RETURN
1560,1558,HAS_BLOCK
1558,1559,FLOW
1560,1559,HAS_BLOCK
1547,1548,HAS_PARAM
1547,1549,HAS_PARAM
1547,1550,HAS_PARAM
1547,1538,HAS_BLOCK
1538,1540,FLOW
1547,1540,HAS_BLOCK
1540,1542,FLOW
1540,1545,FLOW
1540,1545,UNWIND
1547,1542,HAS_BLOCK
1542,1544,FLOW
1547,1544,HAS_BLOCK
1544,1547,RETURN
1547,1545,HAS_BLOCK
1545,1546,FLOW
1547,1546,HAS_BLOCK
2331,2332,HAS_PARAM
2331,2067,HAS_BLOCK
2067,2069,FLOW
2331,2069,HAS_BLOCK
2069,2194,FLOW
2069,2186,FLOW
2069,2186,UNWIND
2331,2194,HAS_BLOCK
2194,2211,FLOW
2194,2184,FLOW
2194,2184,UNWIND
2331,2211,HAS_BLOCK
2211,2227,FLOW
2211,2182,FLOW
2211,2182,UNWIND
2331,2227,HAS_BLOCK
2227,2245,FLOW
2227,2151,FLOW
2227,2151,UNWIND
2331,2245,HAS_BLOCK
2245,2264,FLOW
2245,2179,FLOW
2245,2179,UNWIND
2331,2264,HAS_BLOCK
2264,2282,FLOW
2264,2179,FLOW
2264,2179,UNWIND
2331,2282,HAS_BLOCK
2282,2300,FLOW
2331,2300,HAS_BLOCK
2300,2315,FLOW
2300,2150,FLOW
2300,2150,UNWIND
2331,2315,HAS_BLOCK
2315,2107,FLOW
2315,2088,FLOW
2315,2070,FLOW
2331,2070,HAS_BLOCK
2331,2088,HAS_BLOCK
2088,2123,FLOW
2088,2176,FLOW
2088,2176,UNWIND
2331,2107,HAS_BLOCK
2107,2214,FLOW
2107,2179,FLOW
2107,2179,UNWIND
2331,2123,HAS_BLOCK
2123,2135,FLOW
2123,2174,FLOW
2123,2174,UNWIND
2331,2135,HAS_BLOCK
2135,2146,FLOW
2331,2146,HAS_BLOCK
2146,2158,FLOW
2146,2148,FLOW
2146,2148,UNWIND
2331,2158,HAS_BLOCK
2158,2180,FLOW
2158,2169,FLOW
2158,2070,FLOW
2331,2169,HAS_BLOCK
2169,2195,FLOW
2169,2191,FLOW
2169,2070,FLOW
2331,2180,HAS_BLOCK
2180,2203,FLOW
2180,2174,FLOW
2180,2174,UNWIND
2331,2191,HAS_BLOCK
2191,2187,FLOW
2191,2172,FLOW
2191,2172,UNWIND
2331,2195,HAS_BLOCK
2195,2197,FLOW
2195,2172,FLOW
2195,2172,UNWIND
2331,2197,HAS_BLOCK
2197,2199,FLOW
2197,2147,FLOW
2197,2147,UNWIND
2331,2199,HAS_BLOCK
2199,2188,FLOW
2199,2172,FLOW
2199,2172,UNWIND
2331,2201,HAS_BLOCK
2201,2202,FLOW
2201,2153,FLOW
2331,2202,HAS_BLOCK
2202,2146,FLOW
2331,2203,HAS_BLOCK
2203,2205,FLOW
2203,2174,FLOW
2203,2174,UNWIND
2331,2205,HAS_BLOCK
2205,2206,FLOW
2205,2209,FLOW
2331,2206,HAS_BLOCK
2206,2208,FLOW
2206,2174,FLOW
2206,2174,UNWIND
2331,2208,HAS_BLOCK
2208,2209,FLOW
2208,2174,FLOW
2208,2174,UNWIND
2331,2209,HAS_BLOCK
2209,2212,FLOW
2209,2154,FLOW
2331,2212,HAS_BLOCK
2212,2213,FLOW
2212,2155,FLOW
2331,2213,HAS_BLOCK
2213,2300,FLOW
2331,2214,HAS_BLOCK
2214,2215,FLOW
2214,2217,FLOW
2214,2217,UNWIND
2331,2215,HAS_BLOCK
2215,2218,FLOW
2215,2179,FLOW
2215,2179,UNWIND
2331,2217,HAS_BLOCK
2217,2179,FLOW
2331,2218,HAS_BLOCK
2218,2220,FLOW
2218,2179,FLOW
2218,2179,UNWIND
2331,2220,HAS_BLOCK
2220,2221,FLOW
2331,2221,HAS_BLOCK
2221,2223,FLOW
2221,2145,FLOW
2221,2145,UNWIND
2331,2223,HAS_BLOCK
2223,2228,FLOW
2223,2224,FLOW
2223,2070,FLOW
2331,2224,HAS_BLOCK
2224,2229,FLOW
2224,2144,FLOW
2224,2144,UNWIND
2331,2228,HAS_BLOCK
2228,2246,FLOW
2228,2179,FLOW
2228,2179,UNWIND
2331,2229,HAS_BLOCK
2229,2231,FLOW
2229,2144,FLOW
2229,2144,UNWIND
2331,2231,HAS_BLOCK
2231,2233,FLOW
2231,2144,FLOW
2231,2144,UNWIND
2231,2494,CALL
2331,2233,HAS_BLOCK
2233,2235,FLOW
2233,2144,FLOW
2233,2144,UNWIND
2331,2235,HAS_BLOCK
2235,2236,FLOW
2235,2238,FLOW
2235,2070,FLOW
2331,2236,HAS_BLOCK
2236,2241,FLOW
2236,2168,FLOW
2236,2168,UNWIND
2331,2238,HAS_BLOCK
2238,2240,FLOW
2238,2144,FLOW
2238,2144,UNWIND
2331,2240,HAS_BLOCK
2240,2127,FLOW
2240,2145,FLOW
2240,2145,UNWIND
2331,2241,HAS_BLOCK
2241,2243,FLOW
2241,2168,FLOW
2241,2168,UNWIND
2331,2243,HAS_BLOCK
2243,2221,FLOW
2243,2145,FLOW
2243,2145,UNWIND
2331,2246,HAS_BLOCK
2246,2248,FLOW
2246,2179,FLOW
2246,2179,UNWIND
2331,2248,HAS_BLOCK
2248,2250,FLOW
2248,2179,FLOW
2248,2179,UNWIND
2331,2250,HAS_BLOCK
2250,2252,FLOW
2250,2179,FLOW
2250,2179,UNWIND
2331,2252,HAS_BLOCK
2252,2253,FLOW
2331,2253,HAS_BLOCK
2253,2255,FLOW
2253,2142,FLOW
2253,2142,UNWIND
2331,2255,HAS_BLOCK
2255,2258,FLOW
2255,2256,FLOW
2255,2070,FLOW
2331,2256,HAS_BLOCK
2256,2259,FLOW
2256,2141,FLOW
2256,2141,UNWIND
2331,2258,HAS_BLOCK
2258,2276,FLOW
2258,2179,FLOW
2258,2179,UNWIND
2331,2259,HAS_BLOCK
2259,2261,FLOW
2259,2141,FLOW
2259,2141,UNWIND
2331,2261,HAS_BLOCK
2261,2265,FLOW
2261,2141,FLOW
2261,2141,UNWIND
2261,2669,CALL
2331,2265,HAS_BLOCK
2265,2267,FLOW
2265,2141,FLOW
2265,2141,UNWIND
2331,2267,HAS_BLOCK
2267,2268,FLOW
2267,2270,FLOW
2267,2070,FLOW
2331,2268,HAS_BLOCK
2268,2273,FLOW
2268,2165,FLOW
2268,2165,UNWIND
2331,2270,HAS_BLOCK
2270,2272,FLOW
2270,2141,FLOW
2270,2141,UNWIND
2331,2272,HAS_BLOCK
2272,2126,FLOW
2272,2142,FLOW
2272,2142,UNWIND
2331,2273,HAS_BLOCK
2273,2275,FLOW
2273,2165,FLOW
2273,2165,UNWIND
2331,2275,HAS_BLOCK
2275,2253,FLOW
2275,2142,FLOW
2275,2142,UNWIND
2331,2276,HAS_BLOCK
2276,2278,FLOW
2276,2179,FLOW
2276,2179,UNWIND
2331,2278,HAS_BLOCK
2278,2280,FLOW
2278,2179,FLOW
2278,2179,UNWIND
2331,2280,HAS_BLOCK
2280,2283,FLOW
2280,2296,FLOW
2331,2283,HAS_BLOCK
2283,2285,FLOW
2283,2179,FLOW
2283,2179,UNWIND
2331,2285,HAS_BLOCK
2285,2287,FLOW
2285,2179,FLOW
2285,2179,UNWIND
2285,3093,CALL
2331,2287,HAS_BLOCK
2287,2289,FLOW
2287,2179,FLOW
2287,2179,UNWIND
2331,2289,HAS_BLOCK
2289,2290,FLOW
2289,2292,FLOW
2289,2070,FLOW
2331,2290,HAS_BLOCK
2290,2295,FLOW
2290,2163,FLOW
2290,2163,UNWIND
2331,2292,HAS_BLOCK
2292,2294,FLOW
2292,2179,FLOW
2292,2179,UNWIND
2331,2294,HAS_BLOCK
2294,2128,FLOW
2331,2295,HAS_BLOCK
2295,2296,FLOW
2331,2296,HAS_BLOCK
2296,2298,FLOW
2296,2179,FLOW
2296,2179,UNWIND
2331,2298,HAS_BLOCK
2298,2301,FLOW
2298,2179,FLOW
2298,2179,UNWIND
2331,2301,HAS_BLOCK
2301,2302,FLOW
2331,2302,HAS_BLOCK
2302,2304,FLOW
2302,2139,FLOW
2302,2139,UNWIND
2331,2304,HAS_BLOCK
2304,2307,FLOW
2304,2305,FLOW
2304,2070,FLOW
2331,2305,HAS_BLOCK
2305,2308,FLOW
2305,2138,FLOW
2305,2138,UNWIND
2331,2307,HAS_BLOCK
2307,2071,FLOW
2307,2179,FLOW
2307,2179,UNWIND
2331,2308,HAS_BLOCK
2308,2309,FLOW
2331,2309,HAS_BLOCK
2309,2311,FLOW
2309,2137,FLOW
2309,2137,UNWIND
2331,2311,HAS_BLOCK
2311,2313,FLOW
2311,2312,FLOW
2311,2070,FLOW
2331,2312,HAS_BLOCK
2312,2329,FLOW
2312,2316,FLOW
2312,2070,FLOW
2331,2313,HAS_BLOCK
2313,2330,FLOW
2313,2138,FLOW
2313,2138,UNWIND
2331,2316,HAS_BLOCK
2316,2318,FLOW
2316,2136,FLOW
2316,2136,UNWIND
2331,2318,HAS_BLOCK
2318,2320,FLOW
2318,2136,FLOW
2318,2136,UNWIND
2318,2796,CALL
2331,2320,HAS_BLOCK
2320,2322,FLOW
2320,2136,FLOW
2320,2136,UNWIND
2331,2322,HAS_BLOCK
2322,2323,FLOW
2322,2325,FLOW
2322,2070,FLOW
2331,2323,HAS_BLOCK
2323,2328,FLOW
2323,2161,FLOW
2323,2161,UNWIND
2331,2325,HAS_BLOCK
2325,2327,FLOW
2325,2136,FLOW
2325,2136,UNWIND
2331,2327,HAS_BLOCK
2327,2122,FLOW
2327,2137,FLOW
2327,2137,UNWIND
2331,2328,HAS_BLOCK
2328,2329,FLOW
2331,2329,HAS_BLOCK
2329,2309,FLOW
2329,2137,FLOW
2329,2137,UNWIND
2331,2330,HAS_BLOCK
2330,2302,FLOW
2330,2139,FLOW
2330,2139,UNWIND
2331,2071,HAS_BLOCK
2071,2073,FLOW
2071,2179,FLOW
2071,2179,UNWIND
2331,2073,HAS_BLOCK
2073,2075,FLOW
2073,2179,FLOW
2073,2179,UNWIND
2073,3353,CALL
2331,2075,HAS_BLOCK
2075,2077,FLOW
2075,2179,FLOW
2075,2179,UNWIND
2331,2077,HAS_BLOCK
2077,2078,FLOW
2077,2080,FLOW
2077,2070,FLOW
2331,2078,HAS_BLOCK
2078,2082,FLOW
2078,2179,FLOW
2078,2179,UNWIND
2331,2080,HAS_BLOCK
2080,2189,FLOW
2080,2179,FLOW
2080,2179,UNWIND
2331,2082,HAS_BLOCK
2082,2084,FLOW
2082,2179,FLOW
2082,2179,UNWIND
2331,2084,HAS_BLOCK
2084,2085,FLOW
2331,2085,HAS_BLOCK
2085,2087,FLOW
2085,2179,FLOW
2085,2179,UNWIND
2331,2087,HAS_BLOCK
2087,2091,FLOW
2087,2089,FLOW
2087,2070,FLOW
2331,2089,HAS_BLOCK
2089,2093,FLOW
2089,2179,FLOW
2089,2179,UNWIND
2331,2091,HAS_BLOCK
2091,2101,FLOW
2091,2179,FLOW
2091,2179,UNWIND
2091,3329,CALL
2331,2093,HAS_BLOCK
2093,2094,FLOW
2093,2085,FLOW
2093,2070,FLOW
2331,2094,HAS_BLOCK
2094,2096,FLOW
2094,2179,FLOW
2094,2179,UNWIND
2331,2096,HAS_BLOCK
2096,2098,FLOW
2096,2159,FLOW
2096,2159,UNWIND
2331,2098,HAS_BLOCK
2098,2100,FLOW
2098,2159,FLOW
2098,2159,UNWIND
2331,2100,HAS_BLOCK
2100,2085,FLOW
2100,2179,FLOW
2100,2179,UNWIND
2331,2101,HAS_BLOCK
2101,2103,FLOW
2101,2179,FLOW
2101,2179,UNWIND
2331,2103,HAS_BLOCK
2103,2104,FLOW
2103,2108,FLOW
2103,2070,FLOW
2331,2104,HAS_BLOCK
2104,2110,FLOW
2104,2179,FLOW
2104,2179,UNWIND
2331,2108,HAS_BLOCK
2108,2190,FLOW
2108,2179,FLOW
2108,2179,UNWIND
2331,2110,HAS_BLOCK
2110,2112,FLOW
2110,2179,FLOW
2110,2179,UNWIND
2331,2112,HAS_BLOCK
2112,2114,FLOW
2112,2179,FLOW
2112,2179,UNWIND
2331,2114,HAS_BLOCK
2114,2115,FLOW
2114,2117,FLOW
2114,2117,UNWIND
2331,2115,HAS_BLOCK
2115,2118,FLOW
2115,2179,FLOW
2115,2179,UNWIND
2331,2117,HAS_BLOCK
2117,2179,FLOW
2331,2118,HAS_BLOCK
2118,2120,FLOW
2118,2179,FLOW
2118,2179,UNWIND
2331,2120,HAS_BLOCK
2120,2121,FLOW
2120,2182,FLOW
2120,2182,UNWIND
2331,2121,HAS_BLOCK
2121,2133,FLOW
2331,2122,HAS_BLOCK
2122,2124,FLOW
2122,2138,FLOW
2122,2138,UNWIND
2331,2124,HAS_BLOCK
2124,2125,FLOW
2124,2139,FLOW
2124,2139,UNWIND
2331,2125,HAS_BLOCK
2125,2128,FLOW
2125,2179,FLOW
2125,2179,UNWIND
2331,2126,HAS_BLOCK
2126,2128,FLOW
2126,2179,FLOW
2126,2179,UNWIND
2331,2127,HAS_BLOCK
2127,2128,FLOW
2127,2179,FLOW
2127,2179,UNWIND
2331,2128,HAS_BLOCK
2128,2129,FLOW
2128,2182,FLOW
2128,2182,UNWIND
2331,2129,HAS_BLOCK
2129,2130,FLOW
2129,2184,FLOW
2129,2184,UNWIND
2331,2130,HAS_BLOCK
2130,2131,FLOW
2130,2186,FLOW
2130,2186,UNWIND
2331,2131,HAS_BLOCK
2131,2132,FLOW
2331,2132,HAS_BLOCK
2132,2133,FLOW
2331,2133,HAS_BLOCK
2133,2331,RETURN
2331,2136,HAS_BLOCK
2136,2137,FLOW
2331,2137,HAS_BLOCK
2137,2138,FLOW
2331,2138,HAS_BLOCK
2138,2139,FLOW
2331,2139,HAS_BLOCK
2139,2179,FLOW
2331,2140,HAS_BLOCK
2140,2141,FLOW
2140,2166,FLOW
2331,2141,HAS_BLOCK
2141,2142,FLOW
2331,2142,HAS_BLOCK
2142,2179,FLOW
2331,2143,HAS_BLOCK
2143,2144,FLOW
2143,2170,FLOW
2331,2144,HAS_BLOCK
2144,2145,FLOW
2331,2145,HAS_BLOCK
2145,2179,FLOW
2331,2147,HAS_BLOCK
2147,2172,FLOW
2331,2148,HAS_BLOCK
2148,2174,FLOW
2331,2149,HAS_BLOCK
2149,2150,FLOW
2149,2177,FLOW
2331,2150,HAS_BLOCK
2150,2179,FLOW
2331,2151,HAS_BLOCK
2151,2182,FLOW
2331,2152,HAS_BLOCK
2331,2153,HAS_BLOCK
2153,2202,FLOW
2153,2148,FLOW
2153,2148,UNWIND
2331,2154,HAS_BLOCK
2154,2212,FLOW
2154,2176,FLOW
2154,2176,UNWIND
2331,2155,HAS_BLOCK
2155,2213,FLOW
2155,2150,FLOW
2155,2150,UNWIND
2331,2156,HAS_BLOCK
2156,2179,FLOW
2331,2159,HAS_BLOCK
2159,2179,FLOW
2159,2156,FLOW
2331,2160,HAS_BLOCK
2160,2136,FLOW
2331,2161,HAS_BLOCK
2161,2136,FLOW
2161,2160,FLOW
2331,2162,HAS_BLOCK
2162,2179,FLOW
2331,2163,HAS_BLOCK
2163,2179,FLOW
2163,2162,FLOW
2331,2164,HAS_BLOCK
2164,2140,FLOW
2331,2165,HAS_BLOCK
2165,2140,FLOW
2165,2164,FLOW
2331,2166,HAS_BLOCK
2166,2141,FLOW
2331,2167,HAS_BLOCK
2167,2143,FLOW
2331,2168,HAS_BLOCK
2168,2143,FLOW
2168,2167,FLOW
2331,2170,HAS_BLOCK
2170,2144,FLOW
2331,2171,HAS_BLOCK
2171,2148,FLOW
2331,2172,HAS_BLOCK
2172,2148,FLOW
2172,2171,FLOW
2331,2173,HAS_BLOCK
2173,2176,FLOW
2331,2174,HAS_BLOCK
2174,2176,FLOW
2174,2173,FLOW
2331,2175,HAS_BLOCK
2175,2149,FLOW
2331,2176,HAS_BLOCK
2176,2149,FLOW
2176,2175,FLOW
2331,2177,HAS_BLOCK
2177,2150,FLOW
2331,2178,HAS_BLOCK
2178,2151,FLOW
2331,2179,HAS_BLOCK
2179,2151,FLOW
2179,2178,FLOW
2331,2181,HAS_BLOCK
2181,2184,FLOW
2331,2182,HAS_BLOCK
2182,2184,FLOW
2182,2181,FLOW
2331,2183,HAS_BLOCK
2183,2186,FLOW
2331,2184,HAS_BLOCK
2184,2186,FLOW
2184,2183,FLOW
2331,2185,HAS_BLOCK
2185,2152,FLOW
2331,2186,HAS_BLOCK
2186,2152,FLOW
2186,2185,FLOW
2331,2187,HAS_BLOCK
2187,2201,FLOW
2331,2188,HAS_BLOCK
2188,2201,FLOW
2331,2189,HAS_BLOCK
2189,2128,FLOW
2331,2190,HAS_BLOCK
2190,2128,FLOW
3433,3434,HAS_PARAM
3433,3356,HAS_BLOCK
3356,3358,FLOW
3433,3358,HAS_BLOCK
3358,3377,FLOW
3358,3422,FLOW
3358,3422,UNWIND
3433,3377,HAS_BLOCK
3377,3397,FLOW
3433,3397,HAS_BLOCK
3397,3417,FLOW
3397,3422,FLOW
3397,3422,UNWIND
3433,3417,HAS_BLOCK
3417,3429,FLOW
3417,3427,FLOW
3417,3426,FLOW
3433,3426,HAS_BLOCK
3433,3427,HAS_BLOCK
3427,3430,FLOW
3427,3422,FLOW
3427,3422,UNWIND
3433,3429,HAS_BLOCK
3429,3433,RETURN
3433,3430,HAS_BLOCK
3430,3431,FLOW
3433,3431,HAS_BLOCK
3431,3359,FLOW
3431,3422,FLOW
3431,3422,UNWIND
3433,3359,HAS_BLOCK
3359,3397,FLOW
3359,3360,FLOW
3359,3426,FLOW
3433,3360,HAS_BLOCK
3360,3363,FLOW
3360,3361,FLOW
3360,3426,FLOW
3433,3361,HAS_BLOCK
3361,3391,FLOW
3361,3422,FLOW
3361,3422,UNWIND
3433,3363,HAS_BLOCK
3363,3365,FLOW
3363,3422,FLOW
3363,3422,UNWIND
3433,3365,HAS_BLOCK
3365,3367,FLOW
3365,3422,FLOW
3365,3422,UNWIND
3433,3367,HAS_BLOCK
3367,3369,FLOW
3367,3422,FLOW
3367,3422,UNWIND
3433,3369,HAS_BLOCK
3369,3371,FLOW
3369,3422,FLOW
3369,3422,UNWIND
3433,3371,HAS_BLOCK
3371,3373,FLOW
3371,3422,FLOW
3371,3422,UNWIND
3433,3373,HAS_BLOCK
3373,3375,FLOW
3373,3421,FLOW
3373,3421,UNWIND
3433,3375,HAS_BLOCK
3375,3390,FLOW
3375,3378,FLOW
3433,3378,HAS_BLOCK
3378,3380,FLOW
3378,3421,FLOW
3378,3421,UNWIND
3433,3380,HAS_BLOCK
3380,3382,FLOW
3380,3420,FLOW
3380,3420,UNWIND
3433,3382,HAS_BLOCK
3382,3384,FLOW
3382,3420,FLOW
3382,3420,UNWIND
3433,3384,HAS_BLOCK
3384,3386,FLOW
3384,3420,FLOW
3384,3420,UNWIND
3433,3386,HAS_BLOCK
3386,3388,FLOW
3386,3420,FLOW
3386,3420,UNWIND
3433,3388,HAS_BLOCK
3388,3424,FLOW
3388,3421,FLOW
3388,3421,UNWIND
3433,3390,HAS_BLOCK
3390,3431,FLOW
3390,3422,FLOW
3390,3422,UNWIND
3433,3391,HAS_BLOCK
3391,3393,FLOW
3391,3422,FLOW
3391,3422,UNWIND
3433,3393,HAS_BLOCK
3393,3395,FLOW
3393,3422,FLOW
3393,3422,UNWIND
3433,3395,HAS_BLOCK
3395,3398,FLOW
3395,3422,FLOW
3395,3422,UNWIND
3433,3398,HAS_BLOCK
3398,3400,FLOW
3398,3422,FLOW
3398,3422,UNWIND
3433,3400,HAS_BLOCK
3400,3402,FLOW
3400,3419,FLOW
3400,3419,UNWIND
3433,3402,HAS_BLOCK
3402,3415,FLOW
3402,3403,FLOW
3433,3403,HAS_BLOCK
3403,3405,FLOW
3403,3419,FLOW
3403,3419,UNWIND
3433,3405,HAS_BLOCK
3405,3407,FLOW
3405,3418,FLOW
3405,3418,UNWIND
3433,3407,HAS_BLOCK
3407,3409,FLOW
3407,3418,FLOW
3407,3418,UNWIND
3433,3409,HAS_BLOCK
3409,3411,FLOW
3409,3418,FLOW
3409,3418,UNWIND
3433,3411,HAS_BLOCK
3411,3413,FLOW
3411,3418,FLOW
3411,3418,UNWIND
3433,3413,HAS_BLOCK
3413,3425,FLOW
3413,3419,FLOW
3413,3419,UNWIND
3433,3415,HAS_BLOCK
3415,3431,FLOW
3415,3422,FLOW
3415,3422,UNWIND
3433,3418,HAS_BLOCK
3418,3419,FLOW
3433,3419,HAS_BLOCK
3419,3422,FLOW
3433,3420,HAS_BLOCK
3420,3421,FLOW
3433,3421,HAS_BLOCK
3421,3422,FLOW
3433,3422,HAS_BLOCK
3422,3423,FLOW
3433,3423,HAS_BLOCK
3433,3424,HAS_BLOCK
3424,3390,FLOW
3433,3425,HAS_BLOCK
3425,3415,FLOW
3285,3286,HAS_PARAM
3285,3193,HAS_BLOCK
3193,3195,FLOW
3285,3195,HAS_BLOCK
3195,3217,FLOW
3195,3274,FLOW
3195,3274,UNWIND
3285,3217,HAS_BLOCK
3217,3233,FLOW
3217,3221,FLOW
3285,3233,HAS_BLOCK
3233,3254,FLOW
3233,3274,FLOW
3233,3274,UNWIND
3285,3254,HAS_BLOCK
3254,3272,FLOW
3254,3274,FLOW
3254,3274,UNWIND
3285,3272,HAS_BLOCK
3272,3279,FLOW
3285,3279,HAS_BLOCK
3279,3281,FLOW
3279,3274,FLOW
3279,3274,UNWIND
3285,3281,HAS_BLOCK
3281,3196,FLOW
3281,3283,FLOW
3281,3282,FLOW
3285,3282,HAS_BLOCK
3285,3283,HAS_BLOCK
3283,3198,FLOW
3283,3274,FLOW
3283,3274,UNWIND
3285,3196,HAS_BLOCK
3196,3276,FLOW
3196,3274,FLOW
3196,3274,UNWIND
3285,3198,HAS_BLOCK
3198,3200,FLOW
3198,3274,FLOW
3198,3274,UNWIND
3285,3200,HAS_BLOCK
3200,3202,FLOW
3200,3274,FLOW
3200,3274,UNWIND
3285,3202,HAS_BLOCK
3202,3204,FLOW
3202,3274,FLOW
3202,3274,UNWIND
3285,3204,HAS_BLOCK
3204,3206,FLOW
3204,3274,FLOW
3204,3274,UNWIND
3285,3206,HAS_BLOCK
3206,3208,FLOW
3206,3274,FLOW
3206,3274,UNWIND
3285,3208,HAS_BLOCK
3208,3210,FLOW
3208,3274,FLOW
3208,3274,UNWIND
3285,3210,HAS_BLOCK
3210,3212,FLOW
3210,3274,FLOW
3210,3274,UNWIND
3285,3212,HAS_BLOCK
3212,3214,FLOW
3212,3274,FLOW
3212,3274,UNWIND
3285,3214,HAS_BLOCK
3214,3218,FLOW
3214,3273,FLOW
3214,3273,UNWIND
3285,3218,HAS_BLOCK
3218,3220,FLOW
3218,3273,FLOW
3218,3273,UNWIND
3285,3220,HAS_BLOCK
3220,3279,FLOW
3220,3274,FLOW
3220,3274,UNWIND
3285,3221,HAS_BLOCK
3221,3223,FLOW
3221,3274,FLOW
3221,3274,UNWIND
3285,3223,HAS_BLOCK
3223,3224,FLOW
3285,3224,HAS_BLOCK
3224,3226,FLOW
3224,3274,FLOW
3224,3274,UNWIND
3285,3226,HAS_BLOCK
3226,3229,FLOW
3226,3227,FLOW
3226,3282,FLOW
3285,3227,HAS_BLOCK
3227,3230,FLOW
3227,3274,FLOW
3227,3274,UNWIND
3285,3229,HAS_BLOCK
3229,3285,RETURN
3285,3230,HAS_BLOCK
3230,3231,FLOW
3230,3224,FLOW
3230,3282,FLOW
3285,3231,HAS_BLOCK
3231,3234,FLOW
3231,3274,FLOW
3231,3274,UNWIND
3285,3234,HAS_BLOCK
3234,3241,FLOW
3234,3235,FLOW
3285,3235,HAS_BLOCK
3235,3237,FLOW
3235,3274,FLOW
3235,3274,UNWIND
3285,3237,HAS_BLOCK
3237,3239,FLOW
3237,3274,FLOW
3237,3274,UNWIND
3285,3239,HAS_BLOCK
3239,3277,FLOW
3239,3274,FLOW
3239,3274,UNWIND
3285,3241,HAS_BLOCK
3241,3278,FLOW
3241,3274,FLOW
3241,3274,UNWIND
3285,3243,HAS_BLOCK
3243,3245,FLOW
3243,3270,FLOW
3243,3270,UNWIND
3285,3245,HAS_BLOCK
3245,3247,FLOW
3245,3270,FLOW
3245,3270,UNWIND
3285,3247,HAS_BLOCK
3247,3249,FLOW
3247,3270,FLOW
3247,3270,UNWIND
3285,3249,HAS_BLOCK
3249,3251,FLOW
3249,3270,FLOW
3249,3270,UNWIND
3285,3251,HAS_BLOCK
3251,3255,FLOW
3251,3270,FLOW
3251,3270,UNWIND
3285,3255,HAS_BLOCK
3255,3257,FLOW
3255,3270,FLOW
3255,3270,UNWIND
3285,3257,HAS_BLOCK
3257,3259,FLOW
3257,3269,FLOW
3257,3269,UNWIND
3285,3259,HAS_BLOCK
3259,3261,FLOW
3259,3269,FLOW
3259,3269,UNWIND
3285,3261,HAS_BLOCK
3261,3262,FLOW
3261,3270,FLOW
3261,3270,UNWIND
3285,3262,HAS_BLOCK
3262,3264,FLOW
3262,3270,FLOW
3262,3270,UNWIND
3285,3264,HAS_BLOCK
3264,3266,FLOW
3264,3270,FLOW
3264,3270,UNWIND
3285,3266,HAS_BLOCK
3266,3268,FLOW
3266,3270,FLOW
3266,3270,UNWIND
3285,3268,HAS_BLOCK
3268,3224,FLOW
3268,3274,FLOW
3268,3274,UNWIND
3285,3269,HAS_BLOCK
3269,3270,FLOW
3285,3270,HAS_BLOCK
3270,3274,FLOW
3285,3273,HAS_BLOCK
3273,3274,FLOW
3285,3274,HAS_BLOCK
3274,3275,FLOW
3285,3275,HAS_BLOCK
3285,3276,HAS_BLOCK
3276,3221,FLOW
3285,3277,HAS_BLOCK
3277,3243,FLOW
3285,3278,HAS_BLOCK
3278,3243,FLOW
3191,3192,HAS_PARAM
3191,3096,HAS_BLOCK
3096,3098,FLOW
3191,3098,HAS_BLOCK
3098,3118,FLOW
3191,3118,HAS_BLOCK
3118,3137,FLOW
3191,3137,HAS_BLOCK
3137,3155,FLOW
3191,3155,HAS_BLOCK
3155,3173,FLOW
3155,3176,FLOW
3155,3176,UNWIND
3191,3173,HAS_BLOCK
3173,3185,FLOW
3173,3175,FLOW
3173,3175,UNWIND
3191,3185,HAS_BLOCK
3185,3187,FLOW
3191,3187,HAS_BLOCK
3187,3189,FLOW
3187,3175,FLOW
3187,3175,UNWIND
3191,3189,HAS_BLOCK
3189,3101,FLOW
3189,3099,FLOW
3189,3190,FLOW
3191,3190,HAS_BLOCK
3191,3099,HAS_BLOCK
3099,3103,FLOW
3099,3175,FLOW
3099,3175,UNWIND
3191,3101,HAS_BLOCK
3101,3144,FLOW
3101,3175,FLOW
3101,3175,UNWIND
3191,3103,HAS_BLOCK
3103,3104,FLOW
3103,3124,FLOW
3103,3190,FLOW
3191,3104,HAS_BLOCK
3104,3106,FLOW
3104,3175,FLOW
3104,3175,UNWIND
3191,3106,HAS_BLOCK
3106,3113,FLOW
3106,3107,FLOW
3191,3107,HAS_BLOCK
3107,3109,FLOW
3107,3175,FLOW
3107,3175,UNWIND
3191,3109,HAS_BLOCK
3109,3111,FLOW
3109,3175,FLOW
3109,3175,UNWIND
3191,3111,HAS_BLOCK
3111,3178,FLOW
3111,3175,FLOW
3111,3175,UNWIND
3191,3113,HAS_BLOCK
3113,3179,FLOW
3113,3175,FLOW
3113,3175,UNWIND
3191,3115,HAS_BLOCK
3115,3119,FLOW
3115,3175,FLOW
3115,3175,UNWIND
3191,3119,HAS_BLOCK
3119,3121,FLOW
3119,3175,FLOW
3119,3175,UNWIND
3191,3121,HAS_BLOCK
3121,3134,FLOW
3121,3122,FLOW
3121,3190,FLOW
3191,3122,HAS_BLOCK
3122,3180,FLOW
3122,3175,FLOW
3122,3175,UNWIND
3191,3124,HAS_BLOCK
3124,3126,FLOW
3124,3175,FLOW
3124,3175,UNWIND
3191,3126,HAS_BLOCK
3126,3127,FLOW
3126,3134,FLOW
3126,3190,FLOW
3191,3127,HAS_BLOCK
3127,3129,FLOW
3127,3175,FLOW
3127,3175,UNWIND
3191,3129,HAS_BLOCK
3129,3131,FLOW
3129,3175,FLOW
3129,3175,UNWIND
3191,3131,HAS_BLOCK
3131,3134,FLOW
3131,3132,FLOW
3131,3190,FLOW
3191,3132,HAS_BLOCK
3132,3181,FLOW
3132,3175,FLOW
3132,3175,UNWIND
3191,3134,HAS_BLOCK
3134,3138,FLOW
3134,3175,FLOW
3134,3175,UNWIND
3191,3138,HAS_BLOCK
3138,3140,FLOW
3138,3175,FLOW
3138,3175,UNWIND
3191,3140,HAS_BLOCK
3140,3142,FLOW
3140,3175,FLOW
3140,3175,UNWIND
3191,3142,HAS_BLOCK
3142,3182,FLOW
3142,3175,FLOW
3142,3175,UNWIND
3191,3144,HAS_BLOCK
3144,3145,FLOW
3191,3145,HAS_BLOCK
3145,3147,FLOW
3145,3175,FLOW
3145,3175,UNWIND
3191,3147,HAS_BLOCK
3147,3150,FLOW
3147,3148,FLOW
3147,3190,FLOW
3191,3148,HAS_BLOCK
3148,3151,FLOW
3148,3175,FLOW
3148,3175,UNWIND
3191,3150,HAS_BLOCK
3150,3174,FLOW
3191,3151,HAS_BLOCK
3151,3153,FLOW
3151,3175,FLOW
3151,3175,UNWIND
3191,3153,HAS_BLOCK
3153,3156,FLOW
3153,3163,FLOW
3153,3190,FLOW
3191,3156,HAS_BLOCK
3156,3158,FLOW
3156,3175,FLOW
3156,3175,UNWIND
3191,3158,HAS_BLOCK
3158,3160,FLOW
3158,3175,FLOW
3158,3175,UNWIND
3191,3160,HAS_BLOCK
3160,3163,FLOW
3160,3161,FLOW
3160,3190,FLOW
3191,3161,HAS_BLOCK
3161,3183,FLOW
3161,3175,FLOW
3161,3175,UNWIND
3191,3163,HAS_BLOCK
3163,3165,FLOW
3163,3175,FLOW
3163,3175,UNWIND
3191,3165,HAS_BLOCK
3165,3167,FLOW
3165,3175,FLOW
3165,3175,UNWIND
3191,3167,HAS_BLOCK
3167,3145,FLOW
3167,3168,FLOW
3167,3190,FLOW
3191,3168,HAS_BLOCK
3168,3186,FLOW
3168,3175,FLOW
3168,3175,UNWIND
3191,3170,HAS_BLOCK
3170,3171,FLOW
3170,3176,FLOW
3170,3176,UNWIND
3191,3171,HAS_BLOCK
3171,3174,FLOW
3191,3174,HAS_BLOCK
3174,3191,RETURN
3191,3175,HAS_BLOCK
3175,3176,FLOW
3191,3176,HAS_BLOCK
3176,3177,FLOW
3191,3177,HAS_BLOCK
3191,3178,HAS_BLOCK
3178,3115,FLOW
3191,3179,HAS_BLOCK
3179,3115,FLOW
3191,3180,HAS_BLOCK
3180,3170,FLOW
3191,3181,HAS_BLOCK
3181,3170,FLOW
3191,3182,HAS_BLOCK
3182,3187,FLOW
3191,3183,HAS_BLOCK
3183,3170,FLOW
3191,3186,HAS_BLOCK
3186,3170,FLOW
3093,3094,HAS_PARAM
3093,3095,HAS_PARAM
3093,2800,HAS_BLOCK
2800,2981,FLOW
2800,3002,FLOW
2800,2821,FLOW
3093,2801,HAS_BLOCK
2801,2944,FLOW
3093,2944,HAS_BLOCK
2944,2964,FLOW
3093,2964,HAS_BLOCK
2964,2898,FLOW
3093,2981,HAS_BLOCK
2981,3020,FLOW
3093,3002,HAS_BLOCK
3002,2801,FLOW
3093,3020,HAS_BLOCK
3020,3036,FLOW
3020,2937,FLOW
3020,2937,UNWIND
3093,3036,HAS_BLOCK
3036,3057,FLOW
3036,2910,FLOW
3036,2910,UNWIND
3093,3057,HAS_BLOCK
3057,3074,FLOW
3093,3074,HAS_BLOCK
3074,2802,FLOW
3074,2910,FLOW
3074,2910,UNWIND
3093,2802,HAS_BLOCK
2802,2855,FLOW
2802,2836,FLOW
2802,2821,FLOW
3093,2821,HAS_BLOCK
3093,2836,HAS_BLOCK
2836,2872,FLOW
2836,2910,FLOW
2836,2910,UNWIND
3093,2855,HAS_BLOCK
2855,3004,FLOW
2855,2910,FLOW
2855,2910,UNWIND
3093,2872,HAS_BLOCK
2872,2884,FLOW
2872,2910,FLOW
2872,2910,UNWIND
3093,2884,HAS_BLOCK
2884,2896,FLOW
2884,2910,FLOW
2884,2910,UNWIND
3093,2896,HAS_BLOCK
2896,2908,FLOW
2896,2910,FLOW
2896,2910,UNWIND
3093,2908,HAS_BLOCK
2908,2920,FLOW
2908,2910,FLOW
2908,2910,UNWIND
3093,2920,HAS_BLOCK
2920,2932,FLOW
2920,2910,FLOW
2920,2910,UNWIND
3093,2932,HAS_BLOCK
2932,2945,FLOW
2932,2909,FLOW
2932,2909,UNWIND
3093,2945,HAS_BLOCK
2945,2947,FLOW
2945,2909,FLOW
2945,2909,UNWIND
2945,5267,CALL
3093,2947,HAS_BLOCK
2947,2949,FLOW
2947,2906,FLOW
2947,2906,UNWIND
3093,2949,HAS_BLOCK
2949,2951,FLOW
2949,2906,FLOW
2949,2906,UNWIND
3093,2951,HAS_BLOCK
2951,2953,FLOW
2951,2906,FLOW
2951,2906,UNWIND
2951,5018,CALL
3093,2953,HAS_BLOCK
2953,2955,FLOW
2953,2906,FLOW
2953,2906,UNWIND
3093,2955,HAS_BLOCK
2955,2957,FLOW
2955,2906,FLOW
2955,2906,UNWIND
3093,2957,HAS_BLOCK
2957,2958,FLOW
2957,2960,FLOW
2957,2821,FLOW
3093,2958,HAS_BLOCK
2958,2965,FLOW
2958,2906,FLOW
2958,2906,UNWIND
3093,2960,HAS_BLOCK
2960,2962,FLOW
2960,2906,FLOW
2960,2906,UNWIND
3093,2962,HAS_BLOCK
2962,2892,FLOW
2962,2909,FLOW
2962,2909,UNWIND
3093,2965,HAS_BLOCK
2965,2966,FLOW
3093,2966,HAS_BLOCK
2966,2968,FLOW
2966,2906,FLOW
2966,2906,UNWIND
3093,2968,HAS_BLOCK
2968,2971,FLOW
2968,2969,FLOW
2968,2821,FLOW
3093,2969,HAS_BLOCK
2969,2972,FLOW
2969,2906,FLOW
2969,2906,UNWIND
3093,2971,HAS_BLOCK
2971,3003,FLOW
2971,2909,FLOW
2971,2909,UNWIND
3093,2972,HAS_BLOCK
2972,2974,FLOW
2972,2906,FLOW
2972,2906,UNWIND
3093,2974,HAS_BLOCK
2974,2976,FLOW
2974,2906,FLOW
2974,2906,UNWIND
3093,2976,HAS_BLOCK
2976,2978,FLOW
2976,2906,FLOW
2976,2906,UNWIND
3093,2978,HAS_BLOCK
2978,2979,FLOW
3093,2979,HAS_BLOCK
2979,2982,FLOW
2979,2906,FLOW
2979,2906,UNWIND
3093,2982,HAS_BLOCK
2982,2985,FLOW
2982,2983,FLOW
2982,2821,FLOW
3093,2983,HAS_BLOCK
2983,2987,FLOW
2983,2906,FLOW
2983,2906,UNWIND
3093,2985,HAS_BLOCK
2985,2991,FLOW
2985,2906,FLOW
2985,2906,UNWIND
3093,2987,HAS_BLOCK
2987,2989,FLOW
2987,2906,FLOW
2987,2906,UNWIND
3093,2989,HAS_BLOCK
2989,2938,FLOW
2989,2906,FLOW
2989,2906,UNWIND
3093,2991,HAS_BLOCK
2991,2993,FLOW
2991,2906,FLOW
2991,2906,UNWIND
3093,2993,HAS_BLOCK
2993,2995,FLOW
2993,2906,FLOW
2993,2906,UNWIND
3093,2995,HAS_BLOCK
2995,2997,FLOW
2995,2906,FLOW
2995,2906,UNWIND
3093,2997,HAS_BLOCK
2997,2999,FLOW
2997,2905,FLOW
2997,2905,UNWIND
3093,2999,HAS_BLOCK
2999,2939,FLOW
2999,2906,FLOW
2999,2906,UNWIND
3093,3003,HAS_BLOCK
3003,3074,FLOW
3003,2910,FLOW
3003,2910,UNWIND
3093,3004,HAS_BLOCK
3004,3006,FLOW
3004,2904,FLOW
3004,2904,UNWIND
3093,3006,HAS_BLOCK
3006,3007,FLOW
3093,3007,HAS_BLOCK
3007,3009,FLOW
3007,2903,FLOW
3007,2903,UNWIND
3093,3009,HAS_BLOCK
3009,3012,FLOW
3009,3010,FLOW
3009,2821,FLOW
3093,3010,HAS_BLOCK
3010,3013,FLOW
3010,2902,FLOW
3010,2902,UNWIND
3093,3012,HAS_BLOCK
3012,2882,FLOW
3012,2904,FLOW
3012,2904,UNWIND
3093,3013,HAS_BLOCK
3013,3015,FLOW
3013,2902,FLOW
3013,2902,UNWIND
3093,3015,HAS_BLOCK
3015,3017,FLOW
3015,2902,FLOW
3015,2902,UNWIND
3093,3017,HAS_BLOCK
3017,3021,FLOW
3017,2902,FLOW
3017,2902,UNWIND
3093,3021,HAS_BLOCK
3021,3023,FLOW
3021,2902,FLOW
3021,2902,UNWIND
3093,3023,HAS_BLOCK
3023,3025,FLOW
3023,2902,FLOW
3023,2902,UNWIND
3093,3025,HAS_BLOCK
3025,3026,FLOW
3093,3026,HAS_BLOCK
3026,3028,FLOW
3026,2902,FLOW
3026,2902,UNWIND
3093,3028,HAS_BLOCK
3028,3030,FLOW
3028,3029,FLOW
3028,2821,FLOW
3093,3029,HAS_BLOCK
3029,3032,FLOW
3029,2902,FLOW
3029,2902,UNWIND
3093,3030,HAS_BLOCK
3030,3061,FLOW
3030,2902,FLOW
3030,2902,UNWIND
3093,3032,HAS_BLOCK
3032,3033,FLOW
3032,2902,FLOW
3032,2902,UNWIND
3093,3033,HAS_BLOCK
3033,3026,FLOW
3033,3034,FLOW
3093,3034,HAS_BLOCK
3034,3026,FLOW
3034,3037,FLOW
3093,3037,HAS_BLOCK
3037,3039,FLOW
3037,2902,FLOW
3037,2902,UNWIND
3093,3039,HAS_BLOCK
3039,3026,FLOW
3039,3040,FLOW
3093,3040,HAS_BLOCK
3040,3042,FLOW
3040,2902,FLOW
3040,2902,UNWIND
3093,3042,HAS_BLOCK
3042,3044,FLOW
3042,2902,FLOW
3042,2902,UNWIND
3093,3044,HAS_BLOCK
3044,3046,FLOW
3044,2902,FLOW
3044,2902,UNWIND
3093,3046,HAS_BLOCK
3046,3048,FLOW
3046,2902,FLOW
3046,2902,UNWIND
3093,3048,HAS_BLOCK
3048,3050,FLOW
3048,2902,FLOW
3048,2902,UNWIND
3093,3050,HAS_BLOCK
3050,3052,FLOW
3050,2902,FLOW
3050,2902,UNWIND
3093,3052,HAS_BLOCK
3052,3054,FLOW
3052,2902,FLOW
3052,2902,UNWIND
3093,3054,HAS_BLOCK
3054,3058,FLOW
3054,2902,FLOW
3054,2902,UNWIND
3093,3058,HAS_BLOCK
3058,3060,FLOW
3058,2902,FLOW
3058,2902,UNWIND
3093,3060,HAS_BLOCK
3060,2888,FLOW
3093,3061,HAS_BLOCK
3061,2879,FLOW
3061,3062,FLOW
3061,2821,FLOW
3093,3062,HAS_BLOCK
3062,3064,FLOW
3062,2902,FLOW
3062,2902,UNWIND
3093,3064,HAS_BLOCK
3064,3066,FLOW
3064,2933,FLOW
3064,2933,UNWIND
3093,3066,HAS_BLOCK
3066,3068,FLOW
3066,2933,FLOW
3066,2933,UNWIND
3066,5010,CALL
3093,3068,HAS_BLOCK
3068,3069,FLOW
3068,3070,FLOW
3068,2821,FLOW
3093,3069,HAS_BLOCK
3069,3072,FLOW
3093,3070,HAS_BLOCK
3070,2940,FLOW
3070,2933,FLOW
3070,2933,UNWIND
3093,3072,HAS_BLOCK
3072,3075,FLOW
3072,2901,FLOW
3072,2901,UNWIND
3093,3075,HAS_BLOCK
3075,3077,FLOW
3075,2901,FLOW
3075,2901,UNWIND
3093,3077,HAS_BLOCK
3077,3079,FLOW
3077,2901,FLOW
3077,2901,UNWIND
3077,5388,CALL
3093,3079,HAS_BLOCK
3079,3081,FLOW
3079,2901,FLOW
3079,2901,UNWIND
3093,3081,HAS_BLOCK
3081,3082,FLOW
3081,3084,FLOW
3081,2821,FLOW
3093,3082,HAS_BLOCK
3082,3087,FLOW
3082,2900,FLOW
3082,2900,UNWIND
3093,3084,HAS_BLOCK
3084,3086,FLOW
3084,2901,FLOW
3084,2901,UNWIND
3093,3086,HAS_BLOCK
3086,2886,FLOW
3086,2933,FLOW
3086,2933,UNWIND
3093,3087,HAS_BLOCK
3087,3089,FLOW
3087,2900,FLOW
3087,2900,UNWIND
3093,3089,HAS_BLOCK
3089,3091,FLOW
3089,2900,FLOW
3089,2900,UNWIND
3093,3091,HAS_BLOCK
3091,2803,FLOW
3091,2859,FLOW
3091,2821,FLOW
3093,2803,HAS_BLOCK
2803,2805,FLOW
2803,2927,FLOW
2803,2927,UNWIND
3093,2805,HAS_BLOCK
2805,2807,FLOW
2805,2927,FLOW
2805,2927,UNWIND
3093,2807,HAS_BLOCK
2807,2809,FLOW
2807,2927,FLOW
2807,2927,UNWIND
3093,2809,HAS_BLOCK
2809,2811,FLOW
2809,2899,FLOW
2809,2899,UNWIND
3093,2811,HAS_BLOCK
2811,2813,FLOW
2811,2899,FLOW
2811,2899,UNWIND
3093,2813,HAS_BLOCK
2813,2815,FLOW
2813,2899,FLOW
2813,2899,UNWIND
3093,2815,HAS_BLOCK
2815,2817,FLOW
2815,2899,FLOW
2815,2899,UNWIND
3093,2817,HAS_BLOCK
2817,2818,FLOW
3093,2818,HAS_BLOCK
2818,2820,FLOW
2818,2899,FLOW
2818,2899,UNWIND
3093,2820,HAS_BLOCK
2820,2824,FLOW
2820,2822,FLOW
2820,2821,FLOW
3093,2822,HAS_BLOCK
2822,2825,FLOW
2822,2899,FLOW
2822,2899,UNWIND
3093,2824,HAS_BLOCK
2824,2837,FLOW
2824,2831,FLOW
3093,2825,HAS_BLOCK
2825,2827,FLOW
2825,2899,FLOW
2825,2899,UNWIND
3093,2827,HAS_BLOCK
2827,2829,FLOW
2827,2899,FLOW
2827,2899,UNWIND
2827,3725,CALL
3093,2829,HAS_BLOCK
2829,2818,FLOW
2829,2830,FLOW
3093,2830,HAS_BLOCK
2830,2818,FLOW
3093,2831,HAS_BLOCK
2831,2833,FLOW
2831,2899,FLOW
2831,2899,UNWIND
3093,2833,HAS_BLOCK
2833,2834,FLOW
2833,2835,FLOW
2833,2835,UNWIND
3093,2834,HAS_BLOCK
2834,2837,FLOW
3093,2835,HAS_BLOCK
2835,2899,FLOW
3093,2837,HAS_BLOCK
2837,2856,FLOW
2837,2838,FLOW
3093,2838,HAS_BLOCK
2838,2840,FLOW
2838,2899,FLOW
2838,2899,UNWIND
3093,2840,HAS_BLOCK
2840,2842,FLOW
2840,2899,FLOW
2840,2899,UNWIND
3093,2842,HAS_BLOCK
2842,2844,FLOW
2842,2925,FLOW
2842,2925,UNWIND
3093,2844,HAS_BLOCK
2844,2846,FLOW
2844,2925,FLOW
2844,2925,UNWIND
3093,2846,HAS_BLOCK
2846,2847,FLOW
2846,2899,FLOW
2846,2899,UNWIND
3093,2847,HAS_BLOCK
2847,2849,FLOW
2847,2899,FLOW
2847,2899,UNWIND
3093,2849,HAS_BLOCK
2849,2851,FLOW
2849,2899,FLOW
2849,2899,UNWIND
3093,2851,HAS_BLOCK
2851,2853,FLOW
2851,2899,FLOW
2851,2899,UNWIND
3093,2853,HAS_BLOCK
2853,2856,FLOW
2853,2899,FLOW
2853,2899,UNWIND
3093,2856,HAS_BLOCK
2856,2857,FLOW
2856,2927,FLOW
2856,2927,UNWIND
3093,2857,HAS_BLOCK
2857,2858,FLOW
2857,2912,FLOW
3093,2858,HAS_BLOCK
2858,2915,FLOW
3093,2859,HAS_BLOCK
2859,2915,FLOW
2859,2860,FLOW
3093,2860,HAS_BLOCK
2860,2862,FLOW
2860,2929,FLOW
2860,2929,UNWIND
3093,2862,HAS_BLOCK
2862,2864,FLOW
2862,2929,FLOW
2862,2929,UNWIND
3093,2864,HAS_BLOCK
2864,2866,FLOW
2864,2923,FLOW
2864,2923,UNWIND
3093,2866,HAS_BLOCK
2866,2868,FLOW
2866,2923,FLOW
2866,2923,UNWIND
3093,2868,HAS_BLOCK
2868,2915,FLOW
2868,2929,FLOW
2868,2929,UNWIND
3093,2869,HAS_BLOCK
2869,2941,FLOW
2869,2900,FLOW
2869,2900,UNWIND
3093,2873,HAS_BLOCK
2873,2874,FLOW
2873,2901,FLOW
2873,2901,UNWIND
3093,2874,HAS_BLOCK
2874,2875,FLOW
2874,2933,FLOW
2874,2933,UNWIND
3093,2875,HAS_BLOCK
2875,2876,FLOW
2875,2916,FLOW
3093,2876,HAS_BLOCK
2876,2877,FLOW
2876,2935,FLOW
2876,2935,UNWIND
3093,2877,HAS_BLOCK
2877,2878,FLOW
2877,2917,FLOW
3093,2878,HAS_BLOCK
2878,3007,FLOW
3093,2879,HAS_BLOCK
2879,2880,FLOW
2879,2935,FLOW
2879,2935,UNWIND
3093,2880,HAS_BLOCK
2880,2881,FLOW
2880,2903,FLOW
2880,2903,UNWIND
3093,2881,HAS_BLOCK
2881,3007,FLOW
3093,2882,HAS_BLOCK
2882,2885,FLOW
2882,2937,FLOW
2882,2937,UNWIND
3093,2885,HAS_BLOCK
2885,2898,FLOW
3093,2886,HAS_BLOCK
2886,2887,FLOW
2886,2918,FLOW
3093,2887,HAS_BLOCK
2887,2888,FLOW
3093,2888,HAS_BLOCK
2888,2889,FLOW
2888,2935,FLOW
2888,2935,UNWIND
3093,2889,HAS_BLOCK
2889,2890,FLOW
2889,2903,FLOW
2889,2903,UNWIND
3093,2890,HAS_BLOCK
2890,2891,FLOW
2890,2904,FLOW
2890,2904,UNWIND
3093,2891,HAS_BLOCK
2891,2893,FLOW
2891,2910,FLOW
2891,2910,UNWIND
3093,2892,HAS_BLOCK
2892,2893,FLOW
2892,2910,FLOW
2892,2910,UNWIND
3093,2893,HAS_BLOCK
2893,2894,FLOW
2893,2937,FLOW
2893,2937,UNWIND
3093,2894,HAS_BLOCK
2894,2897,FLOW
2894,2921,FLOW
3093,2897,HAS_BLOCK
2897,2898,FLOW
3093,2898,HAS_BLOCK
2898,3093,RETURN
3093,2899,HAS_BLOCK
2899,2927,FLOW
3093,2900,HAS_BLOCK
2900,2901,FLOW
3093,2901,HAS_BLOCK
2901,2933,FLOW
3093,2902,HAS_BLOCK
2902,2935,FLOW
3093,2903,HAS_BLOCK
2903,2904,FLOW
3093,2904,HAS_BLOCK
2904,2910,FLOW
3093,2905,HAS_BLOCK
2905,2906,FLOW
3093,2906,HAS_BLOCK
2906,2909,FLOW
3093,2909,HAS_BLOCK
2909,2910,FLOW
3093,2910,HAS_BLOCK
2910,2937,FLOW
3093,2911,HAS_BLOCK
3093,2912,HAS_BLOCK
2912,2858,FLOW
2912,2929,FLOW
2912,2929,UNWIND
3093,2913,HAS_BLOCK
2913,2873,FLOW
2913,2869,FLOW
3093,2914,HAS_BLOCK
2914,2913,FLOW
2914,2900,FLOW
2914,2900,UNWIND
3093,2915,HAS_BLOCK
2915,2913,FLOW
2915,2914,FLOW
2915,2821,FLOW
3093,2916,HAS_BLOCK
2916,2876,FLOW
2916,2902,FLOW
2916,2902,UNWIND
3093,2917,HAS_BLOCK
2917,2878,FLOW
2917,2903,FLOW
2917,2903,UNWIND
3093,2918,HAS_BLOCK
2918,2887,FLOW
2918,2902,FLOW
2918,2902,UNWIND
3093,2921,HAS_BLOCK
2921,2897,FLOW
3093,2922,HAS_BLOCK
2922,2929,FLOW
3093,2923,HAS_BLOCK
2923,2929,FLOW
2923,2922,FLOW
3093,2924,HAS_BLOCK
2924,2899,FLOW
3093,2925,HAS_BLOCK
2925,2899,FLOW
2925,2924,FLOW
3093,2926,HAS_BLOCK
2926,2929,FLOW
3093,2927,HAS_BLOCK
2927,2929,FLOW
2927,2926,FLOW
3093,2928,HAS_BLOCK
2928,2900,FLOW
3093,2929,HAS_BLOCK
2929,2900,FLOW
2929,2928,FLOW
3093,2930,HAS_BLOCK
2930,2902,FLOW
3093,2933,HAS_BLOCK
2933,2902,FLOW
2933,2930,FLOW
3093,2934,HAS_BLOCK
2934,2903,FLOW
3093,2935,HAS_BLOCK
2935,2903,FLOW
2935,2934,FLOW
3093,2936,HAS_BLOCK
2936,2911,FLOW
3093,2937,HAS_BLOCK
2937,2911,FLOW
2937,2936,FLOW
3093,2938,HAS_BLOCK
2938,2979,FLOW
3093,2939,HAS_BLOCK
2939,2966,FLOW
3093,2940,HAS_BLOCK
2940,3072,FLOW
3093,2941,HAS_BLOCK
2941,2873,FLOW
2796,2797,HAS_PARAM
2796,2798,HAS_PARAM
2796,2799,HAS_PARAM
2796,2673,HAS_BLOCK
2673,2675,FLOW
2796,2675,HAS_BLOCK
2675,2696,FLOW
2675,2788,FLOW
2675,2788,UNWIND
2796,2696,HAS_BLOCK
2696,2716,FLOW
2696,2783,FLOW
2696,2783,UNWIND
2796,2716,HAS_BLOCK
2716,2737,FLOW
2716,2782,FLOW
2716,2782,UNWIND
2796,2737,HAS_BLOCK
2737,2755,FLOW
2737,2781,FLOW
2737,2781,UNWIND
2796,2755,HAS_BLOCK
2755,2768,FLOW
2755,2781,FLOW
2755,2781,UNWIND
2796,2768,HAS_BLOCK
2768,2780,FLOW
2768,2781,FLOW
2768,2781,UNWIND
2796,2780,HAS_BLOCK
2780,2794,FLOW
2780,2676,FLOW
2780,2791,FLOW
2796,2791,HAS_BLOCK
2796,2794,HAS_BLOCK
2794,2678,FLOW
2794,2781,FLOW
2794,2781,UNWIND
2796,2676,HAS_BLOCK
2676,2789,FLOW
2676,2781,FLOW
2676,2781,UNWIND
2796,2678,HAS_BLOCK
2678,2680,FLOW
2678,2781,FLOW
2678,2781,UNWIND
2678,3479,CALL
2796,2680,HAS_BLOCK
2680,2682,FLOW
2680,2781,FLOW
2680,2781,UNWIND
2796,2682,HAS_BLOCK
2682,2684,FLOW
2682,2781,FLOW
2682,2781,UNWIND
2796,2684,HAS_BLOCK
2684,2685,FLOW
2684,2687,FLOW
2684,2791,FLOW
2796,2685,HAS_BLOCK
2685,2689,FLOW
2685,2778,FLOW
2685,2778,UNWIND
2796,2687,HAS_BLOCK
2687,2790,FLOW
2687,2781,FLOW
2687,2781,UNWIND
2796,2689,HAS_BLOCK
2689,2691,FLOW
2689,2778,FLOW
2689,2778,UNWIND
2796,2691,HAS_BLOCK
2691,2693,FLOW
2691,2786,FLOW
2691,2786,UNWIND
2796,2693,HAS_BLOCK
2693,2697,FLOW
2693,2786,FLOW
2693,2786,UNWIND
2796,2697,HAS_BLOCK
2697,2699,FLOW
2697,2786,FLOW
2697,2786,UNWIND
2796,2699,HAS_BLOCK
2699,2701,FLOW
2699,2786,FLOW
2699,2786,UNWIND
2796,2701,HAS_BLOCK
2701,2702,FLOW
2701,2704,FLOW
2701,2791,FLOW
2796,2702,HAS_BLOCK
2702,2706,FLOW
2702,2777,FLOW
2702,2777,UNWIND
2796,2704,HAS_BLOCK
2704,2792,FLOW
2704,2786,FLOW
2704,2786,UNWIND
2796,2706,HAS_BLOCK
2706,2708,FLOW
2706,2777,FLOW
2706,2777,UNWIND
2796,2708,HAS_BLOCK
2708,2710,FLOW
2708,2777,FLOW
2708,2777,UNWIND
2796,2710,HAS_BLOCK
2710,2711,FLOW
2710,2713,FLOW
2710,2791,FLOW
2796,2711,HAS_BLOCK
2711,2718,FLOW
2711,2777,FLOW
2711,2777,UNWIND
2796,2713,HAS_BLOCK
2713,2717,FLOW
2713,2777,FLOW
2713,2777,UNWIND
2796,2717,HAS_BLOCK
2717,2765,FLOW
2717,2786,FLOW
2717,2786,UNWIND
2796,2718,HAS_BLOCK
2718,2720,FLOW
2718,2777,FLOW
2718,2777,UNWIND
2796,2720,HAS_BLOCK
2720,2722,FLOW
2720,2777,FLOW
2720,2777,UNWIND
2796,2722,HAS_BLOCK
2722,2724,FLOW
2722,2777,FLOW
2722,2777,UNWIND
2796,2724,HAS_BLOCK
2724,2726,FLOW
2724,2777,FLOW
2724,2777,UNWIND
2796,2726,HAS_BLOCK
2726,2728,FLOW
2726,2777,FLOW
2726,2777,UNWIND
2726,821,CALL
2796,2728,HAS_BLOCK
2728,2730,FLOW
2728,2776,FLOW
2728,2776,UNWIND
2796,2730,HAS_BLOCK
2730,2732,FLOW
2730,2776,FLOW
2730,2776,UNWIND
2730,821,CALL
2796,2732,HAS_BLOCK
2732,2734,FLOW
2732,2775,FLOW
2732,2775,UNWIND
2796,2734,HAS_BLOCK
2734,2738,FLOW
2734,2775,FLOW
2734,2775,UNWIND
2796,2738,HAS_BLOCK
2738,2739,FLOW
2796,2739,HAS_BLOCK
2739,2741,FLOW
2739,2775,FLOW
2739,2775,UNWIND
2796,2741,HAS_BLOCK
2741,2744,FLOW
2741,2742,FLOW
2741,2791,FLOW
2796,2742,HAS_BLOCK
2742,2745,FLOW
2742,2775,FLOW
2742,2775,UNWIND
2796,2744,HAS_BLOCK
2744,2759,FLOW
2744,2776,FLOW
2744,2776,UNWIND
2796,2745,HAS_BLOCK
2745,2747,FLOW
2745,2775,FLOW
2745,2775,UNWIND
2796,2747,HAS_BLOCK
2747,2749,FLOW
2747,2775,FLOW
2747,2775,UNWIND
2747,3545,CALL
2796,2749,HAS_BLOCK
2749,2751,FLOW
2749,2774,FLOW
2749,2774,UNWIND
2749,3627,CALL
2796,2751,HAS_BLOCK
2751,2758,FLOW
2751,2752,FLOW
2796,2752,HAS_BLOCK
2752,2756,FLOW
2752,2774,FLOW
2752,2774,UNWIND
2796,2756,HAS_BLOCK
2756,2793,FLOW
2756,2774,FLOW
2756,2774,UNWIND
2796,2758,HAS_BLOCK
2758,2739,FLOW
2758,2775,FLOW
2758,2775,UNWIND
2796,2759,HAS_BLOCK
2759,2760,FLOW
2759,2777,FLOW
2759,2777,UNWIND
2796,2760,HAS_BLOCK
2760,2761,FLOW
2760,2786,FLOW
2760,2786,UNWIND
2796,2761,HAS_BLOCK
2761,2762,FLOW
2761,2782,FLOW
2761,2782,UNWIND
2796,2762,HAS_BLOCK
2762,2763,FLOW
2762,2783,FLOW
2762,2783,UNWIND
2796,2763,HAS_BLOCK
2763,2764,FLOW
2763,2788,FLOW
2763,2788,UNWIND
2796,2764,HAS_BLOCK
2764,2773,FLOW
2796,2765,HAS_BLOCK
2765,2766,FLOW
2765,2781,FLOW
2765,2781,UNWIND
2796,2766,HAS_BLOCK
2766,2769,FLOW
2766,2782,FLOW
2766,2782,UNWIND
2796,2769,HAS_BLOCK
2769,2770,FLOW
2769,2783,FLOW
2769,2783,UNWIND
2796,2770,HAS_BLOCK
2770,2771,FLOW
2770,2788,FLOW
2770,2788,UNWIND
2796,2771,HAS_BLOCK
2771,2772,FLOW
2796,2772,HAS_BLOCK
2772,2773,FLOW
2796,2773,HAS_BLOCK
2773,2796,RETURN
2796,2774,HAS_BLOCK
2774,2775,FLOW
2796,2775,HAS_BLOCK
2775,2776,FLOW
2796,2776,HAS_BLOCK
2776,2777,FLOW
2796,2777,HAS_BLOCK
2777,2786,FLOW
2796,2778,HAS_BLOCK
2778,2781,FLOW
2796,2781,HAS_BLOCK
2781,2782,FLOW
2796,2782,HAS_BLOCK
2782,2783,FLOW
2796,2783,HAS_BLOCK
2783,2788,FLOW
2796,2784,HAS_BLOCK
2796,2785,HAS_BLOCK
2785,2781,FLOW
2796,2786,HAS_BLOCK
2786,2781,FLOW
2786,2785,FLOW
2796,2787,HAS_BLOCK
2787,2784,FLOW
2796,2788,HAS_BLOCK
2788,2784,FLOW
2788,2787,FLOW
2796,2789,HAS_BLOCK
2789,2766,FLOW
2796,2790,HAS_BLOCK
2790,2766,FLOW
2796,2792,HAS_BLOCK
2792,2765,FLOW
2796,2793,HAS_BLOCK
2793,2758,FLOW
2669,2670,HAS_PARAM
2669,2671,HAS_PARAM
2669,2672,HAS_PARAM
2669,2498,HAS_BLOCK
2498,2500,FLOW
2669,2500,HAS_BLOCK
2500,2535,FLOW
2500,2514,FLOW
2500,2514,UNWIND
2669,2535,HAS_BLOCK
2535,2554,FLOW
2535,2511,FLOW
2535,2511,UNWIND
2535,1004,CALL
2669,2554,HAS_BLOCK
2554,2571,FLOW
2554,2662,FLOW
2554,2662,UNWIND
2669,2571,HAS_BLOCK
2571,2656,FLOW
2571,2589,FLOW
2669,2589,HAS_BLOCK
2589,2608,FLOW
2589,2662,FLOW
2589,2662,UNWIND
2669,2608,HAS_BLOCK
2608,2627,FLOW
2608,2662,FLOW
2608,2662,UNWIND
2669,2627,HAS_BLOCK
2627,2645,FLOW
2627,2662,FLOW
2627,2662,UNWIND
2669,2645,HAS_BLOCK
2645,2652,FLOW
2669,2656,HAS_BLOCK
2656,2501,FLOW
2656,2662,FLOW
2656,2662,UNWIND
2669,2501,HAS_BLOCK
2501,2512,FLOW
2501,2662,FLOW
2501,2662,UNWIND
2669,2512,HAS_BLOCK
2512,2518,FLOW
2512,2662,FLOW
2512,2662,UNWIND
2669,2518,HAS_BLOCK
2518,2520,FLOW
2518,2662,FLOW
2518,2662,UNWIND
2518,858,CALL
2669,2520,HAS_BLOCK
2520,2522,FLOW
2520,2661,FLOW
2520,2661,UNWIND
2669,2522,HAS_BLOCK
2522,2524,FLOW
2522,2661,FLOW
2522,2661,UNWIND
2669,2524,HAS_BLOCK
2524,2526,FLOW
2524,2661,FLOW
2524,2661,UNWIND
2669,2526,HAS_BLOCK
2526,2528,FLOW
2526,2661,FLOW
2526,2661,UNWIND
2669,2528,HAS_BLOCK
2528,2530,FLOW
2528,2660,FLOW
2528,2660,UNWIND
2669,2530,HAS_BLOCK
2530,2532,FLOW
2530,2659,FLOW
2530,2659,UNWIND
2669,2532,HAS_BLOCK
2532,2536,FLOW
2532,2659,FLOW
2532,2659,UNWIND
2669,2536,HAS_BLOCK
2536,2538,FLOW
2536,2659,FLOW
2536,2659,UNWIND
2669,2538,HAS_BLOCK
2538,2540,FLOW
2538,2659,FLOW
2538,2659,UNWIND
2669,2540,HAS_BLOCK
2540,2541,FLOW
2540,2665,FLOW
2540,2628,FLOW
2669,2541,HAS_BLOCK
2541,2543,FLOW
2541,2509,FLOW
2541,2509,UNWIND
2669,2543,HAS_BLOCK
2543,2544,FLOW
2543,2559,FLOW
2543,2628,FLOW
2669,2544,HAS_BLOCK
2544,2546,FLOW
2544,2509,FLOW
2544,2509,UNWIND
2669,2546,HAS_BLOCK
2546,2548,FLOW
2546,2509,FLOW
2546,2509,UNWIND
2546,3502,CALL
2669,2548,HAS_BLOCK
2548,2550,FLOW
2548,2509,FLOW
2548,2509,UNWIND
2669,2550,HAS_BLOCK
2550,2552,FLOW
2550,2509,FLOW
2550,2509,UNWIND
2550,3526,CALL
2669,2552,HAS_BLOCK
2552,2556,FLOW
2552,2555,FLOW
2669,2555,HAS_BLOCK
2555,2556,FLOW
2669,2556,HAS_BLOCK
2556,2559,FLOW
2556,2557,FLOW
2669,2557,HAS_BLOCK
2557,2515,FLOW
2557,2509,FLOW
2557,2509,UNWIND
2669,2559,HAS_BLOCK
2559,2560,FLOW
2559,2664,FLOW
2669,2560,HAS_BLOCK
2560,2665,FLOW
2669,2561,HAS_BLOCK
2561,2563,FLOW
2561,2659,FLOW
2561,2659,UNWIND
2669,2563,HAS_BLOCK
2563,2564,FLOW
2563,2609,FLOW
2563,2628,FLOW
2669,2564,HAS_BLOCK
2564,2566,FLOW
2564,2507,FLOW
2564,2507,UNWIND
2669,2566,HAS_BLOCK
2566,2568,FLOW
2566,2507,FLOW
2566,2507,UNWIND
2669,2568,HAS_BLOCK
2568,2572,FLOW
2568,2507,FLOW
2568,2507,UNWIND
2669,2572,HAS_BLOCK
2572,2574,FLOW
2572,2507,FLOW
2572,2507,UNWIND
2669,2574,HAS_BLOCK
2574,2591,FLOW
2574,2575,FLOW
2669,2575,HAS_BLOCK
2575,2577,FLOW
2575,2507,FLOW
2575,2507,UNWIND
2669,2577,HAS_BLOCK
2577,2579,FLOW
2577,2507,FLOW
2577,2507,UNWIND
2669,2579,HAS_BLOCK
2579,2580,FLOW
2579,2606,FLOW
2579,2628,FLOW
2669,2580,HAS_BLOCK
2580,2582,FLOW
2580,2507,FLOW
2580,2507,UNWIND
2669,2582,HAS_BLOCK
2582,2583,FLOW
2582,2606,FLOW
2582,2628,FLOW
2669,2583,HAS_BLOCK
2583,2585,FLOW
2583,2507,FLOW
2583,2507,UNWIND
2669,2585,HAS_BLOCK
2585,2587,FLOW
2585,2505,FLOW
2585,2505,UNWIND
2669,2587,HAS_BLOCK
2587,2590,FLOW
2587,2505,FLOW
2587,2505,UNWIND
2669,2590,HAS_BLOCK
2590,2606,FLOW
2669,2591,HAS_BLOCK
2591,2593,FLOW
2591,2507,FLOW
2591,2507,UNWIND
2669,2593,HAS_BLOCK
2593,2595,FLOW
2593,2507,FLOW
2593,2507,UNWIND
2669,2595,HAS_BLOCK
2595,2597,FLOW
2595,2507,FLOW
2595,2507,UNWIND
2669,2597,HAS_BLOCK
2597,2599,FLOW
2597,2507,FLOW
2597,2507,UNWIND
2669,2599,HAS_BLOCK
2599,2601,FLOW
2599,2503,FLOW
2599,2503,UNWIND
2669,2601,HAS_BLOCK
2601,2603,FLOW
2601,2503,FLOW
2601,2503,UNWIND
2669,2603,HAS_BLOCK
2603,2605,FLOW
2603,2503,FLOW
2603,2503,UNWIND
2669,2605,HAS_BLOCK
2605,2606,FLOW
2669,2606,HAS_BLOCK
2606,2611,FLOW
2606,2667,FLOW
2669,2609,HAS_BLOCK
2609,2613,FLOW
2609,2659,FLOW
2609,2659,UNWIND
2669,2611,HAS_BLOCK
2611,2620,FLOW
2611,2659,FLOW
2611,2659,UNWIND
2669,2613,HAS_BLOCK
2613,2615,FLOW
2613,2659,FLOW
2613,2659,UNWIND
2669,2615,HAS_BLOCK
2615,2617,FLOW
2615,2659,FLOW
2615,2659,UNWIND
2669,2617,HAS_BLOCK
2617,2619,FLOW
2617,2659,FLOW
2617,2659,UNWIND
2669,2619,HAS_BLOCK
2619,2650,FLOW
2619,2660,FLOW
2619,2660,UNWIND
2669,2620,HAS_BLOCK
2620,2622,FLOW
2620,2659,FLOW
2620,2659,UNWIND
2669,2622,HAS_BLOCK
2622,2623,FLOW
2669,2623,HAS_BLOCK
2623,2625,FLOW
2623,2659,FLOW
2623,2659,UNWIND
2669,2625,HAS_BLOCK
2625,2631,FLOW
2625,2629,FLOW
2625,2628,FLOW
2669,2628,HAS_BLOCK
2669,2629,HAS_BLOCK
2629,2632,FLOW
2629,2659,FLOW
2629,2659,UNWIND
2669,2631,HAS_BLOCK
2631,2646,FLOW
2631,2660,FLOW
2631,2660,UNWIND
2669,2632,HAS_BLOCK
2632,2634,FLOW
2632,2659,FLOW
2632,2659,UNWIND
2669,2634,HAS_BLOCK
2634,2636,FLOW
2634,2659,FLOW
2634,2659,UNWIND
2634,3557,CALL
2669,2636,HAS_BLOCK
2636,2638,FLOW
2636,2658,FLOW
2636,2658,UNWIND
2636,3627,CALL
2669,2638,HAS_BLOCK
2638,2643,FLOW
2638,2639,FLOW
2669,2639,HAS_BLOCK
2639,2641,FLOW
2639,2658,FLOW
2639,2658,UNWIND
2669,2641,HAS_BLOCK
2641,2516,FLOW
2641,2658,FLOW
2641,2658,UNWIND
2669,2643,HAS_BLOCK
2643,2623,FLOW
2643,2659,FLOW
2643,2659,UNWIND
2669,2646,HAS_BLOCK
2646,2647,FLOW
2646,2661,FLOW
2646,2661,UNWIND
2669,2647,HAS_BLOCK
2647,2648,FLOW
2647,2662,FLOW
2647,2662,UNWIND
2669,2648,HAS_BLOCK
2648,2649,FLOW
2648,2511,FLOW
2648,2511,UNWIND
2669,2649,HAS_BLOCK
2649,2657,FLOW
2669,2650,HAS_BLOCK
2650,2651,FLOW
2650,2661,FLOW
2650,2661,UNWIND
2669,2651,HAS_BLOCK
2651,2652,FLOW
2651,2662,FLOW
2651,2662,UNWIND
2669,2652,HAS_BLOCK
2652,2653,FLOW
2652,2511,FLOW
2652,2511,UNWIND
2669,2653,HAS_BLOCK
2653,2654,FLOW
2653,2514,FLOW
2653,2514,UNWIND
2669,2654,HAS_BLOCK
2654,2655,FLOW
2669,2655,HAS_BLOCK
2655,2657,FLOW
2669,2657,HAS_BLOCK
2657,2669,RETURN
2669,2658,HAS_BLOCK
2658,2659,FLOW
2669,2659,HAS_BLOCK
2659,2660,FLOW
2669,2660,HAS_BLOCK
2660,2661,FLOW
2669,2661,HAS_BLOCK
2661,2662,FLOW
2669,2662,HAS_BLOCK
2662,2511,FLOW
2669,2663,HAS_BLOCK
2669,2664,HAS_BLOCK
2664,2560,FLOW
2664,2659,FLOW
2664,2659,UNWIND
2669,2665,HAS_BLOCK
2665,2561,FLOW
2665,2659,FLOW
2665,2659,UNWIND
2669,2667,HAS_BLOCK
2667,2611,FLOW
2667,2659,FLOW
2667,2659,UNWIND
2669,2502,HAS_BLOCK
2502,2507,FLOW
2669,2503,HAS_BLOCK
2503,2507,FLOW
2503,2502,FLOW
2669,2504,HAS_BLOCK
2504,2507,FLOW
2669,2505,HAS_BLOCK
2505,2507,FLOW
2505,2504,FLOW
2669,2506,HAS_BLOCK
2506,2659,FLOW
2669,2507,HAS_BLOCK
2507,2659,FLOW
2507,2506,FLOW
2669,2508,HAS_BLOCK
2508,2659,FLOW
2669,2509,HAS_BLOCK
2509,2659,FLOW
2509,2508,FLOW
2669,2510,HAS_BLOCK
2510,2514,FLOW
2669,2511,HAS_BLOCK
2511,2514,FLOW
2511,2510,FLOW
2669,2513,HAS_BLOCK
2513,2663,FLOW
2669,2514,HAS_BLOCK
2514,2663,FLOW
2514,2513,FLOW
2669,2515,HAS_BLOCK
2515,2559,FLOW
2669,2516,HAS_BLOCK
2516,2643,FLOW
2494,2495,HAS_PARAM
2494,2496,HAS_PARAM
2494,2497,HAS_PARAM
2494,2333,HAS_BLOCK
2333,2335,FLOW
2494,2335,HAS_BLOCK
2335,2363,FLOW
2335,2338,FLOW
2335,2338,UNWIND
2494,2363,HAS_BLOCK
2363,2382,FLOW
2363,2492,FLOW
2363,2492,UNWIND
2494,2382,HAS_BLOCK
2382,2403,FLOW
2382,2492,FLOW
2382,2492,UNWIND
2382,834,CALL
2494,2403,HAS_BLOCK
2403,2422,FLOW
2403,2492,FLOW
2403,2492,UNWIND
2494,2422,HAS_BLOCK
2422,2457,FLOW
2422,2469,FLOW
2422,2439,FLOW
2494,2439,HAS_BLOCK
2494,2457,HAS_BLOCK
2457,2481,FLOW
2457,2490,FLOW
2457,2490,UNWIND
2494,2469,HAS_BLOCK
2469,2339,FLOW
2469,2492,FLOW
2469,2492,UNWIND
2494,2481,HAS_BLOCK
2481,2336,FLOW
2481,2490,FLOW
2481,2490,UNWIND
2481,834,CALL
2494,2336,HAS_BLOCK
2336,2346,FLOW
2336,2490,FLOW
2336,2490,UNWIND
2494,2346,HAS_BLOCK
2346,2347,FLOW
2346,2349,FLOW
2346,2439,FLOW
2494,2347,HAS_BLOCK
2347,2351,FLOW
2347,2488,FLOW
2347,2488,UNWIND
2494,2349,HAS_BLOCK
2349,2340,FLOW
2349,2490,FLOW
2349,2490,UNWIND
2494,2351,HAS_BLOCK
2351,2353,FLOW
2351,2488,FLOW
2351,2488,UNWIND
2494,2353,HAS_BLOCK
2353,2355,FLOW
2353,2488,FLOW
2353,2488,UNWIND
2353,904,CALL
2494,2355,HAS_BLOCK
2355,2357,FLOW
2355,2488,FLOW
2355,2488,UNWIND
2494,2357,HAS_BLOCK
2357,2358,FLOW
2357,2360,FLOW
2357,2439,FLOW
2494,2358,HAS_BLOCK
2358,2364,FLOW
2358,2478,FLOW
2358,2478,UNWIND
2494,2360,HAS_BLOCK
2360,2341,FLOW
2360,2488,FLOW
2360,2488,UNWIND
2494,2364,HAS_BLOCK
2364,2366,FLOW
2364,2478,FLOW
2364,2478,UNWIND
2494,2366,HAS_BLOCK
2366,2368,FLOW
2366,2478,FLOW
2366,2478,UNWIND
2366,904,CALL
2494,2368,HAS_BLOCK
2368,2370,FLOW
2368,2478,FLOW
2368,2478,UNWIND
2494,2370,HAS_BLOCK
2370,2371,FLOW
2370,2373,FLOW
2370,2439,FLOW
2494,2371,HAS_BLOCK
2371,2375,FLOW
2371,2477,FLOW
2371,2477,UNWIND
2494,2373,HAS_BLOCK
2373,2342,FLOW
2373,2478,FLOW
2373,2478,UNWIND
2494,2375,HAS_BLOCK
2375,2376,FLOW
2375,2379,FLOW
2494,2376,HAS_BLOCK
2376,2378,FLOW
2376,2477,FLOW
2376,2477,UNWIND
2494,2378,HAS_BLOCK
2378,2388,FLOW
2378,2379,FLOW
2494,2379,HAS_BLOCK
2379,2383,FLOW
2379,2477,FLOW
2379,2477,UNWIND
2494,2383,HAS_BLOCK
2383,2385,FLOW
2383,2477,FLOW
2383,2477,UNWIND
2494,2385,HAS_BLOCK
2385,2387,FLOW
2385,2477,FLOW
2385,2477,UNWIND
2494,2387,HAS_BLOCK
2387,2464,FLOW
2387,2478,FLOW
2387,2478,UNWIND
2494,2388,HAS_BLOCK
2388,2390,FLOW
2388,2477,FLOW
2388,2477,UNWIND
2494,2390,HAS_BLOCK
2390,2392,FLOW
2390,2477,FLOW
2390,2477,UNWIND
2494,2392,HAS_BLOCK
2392,2394,FLOW
2392,2477,FLOW
2392,2477,UNWIND
2494,2394,HAS_BLOCK
2394,2396,FLOW
2394,2477,FLOW
2394,2477,UNWIND
2494,2396,HAS_BLOCK
2396,2398,FLOW
2396,2476,FLOW
2396,2476,UNWIND
2494,2398,HAS_BLOCK
2398,2400,FLOW
2398,2476,FLOW
2398,2476,UNWIND
2494,2400,HAS_BLOCK
2400,2404,FLOW
2400,2476,FLOW
2400,2476,UNWIND
2494,2404,HAS_BLOCK
2404,2406,FLOW
2404,2476,FLOW
2404,2476,UNWIND
2494,2406,HAS_BLOCK
2406,2408,FLOW
2406,2475,FLOW
2406,2475,UNWIND
2494,2408,HAS_BLOCK
2408,2409,FLOW
2408,2475,FLOW
2408,2475,UNWIND
2494,2409,HAS_BLOCK
2409,2411,FLOW
2409,2475,FLOW
2409,2475,UNWIND
2494,2411,HAS_BLOCK
2411,2413,FLOW
2411,2475,FLOW
2411,2475,UNWIND
2411,858,CALL
2494,2413,HAS_BLOCK
2413,2415,FLOW
2413,2474,FLOW
2413,2474,UNWIND
2494,2415,HAS_BLOCK
2415,2417,FLOW
2415,2474,FLOW
2415,2474,UNWIND
2494,2417,HAS_BLOCK
2417,2418,FLOW
2417,2483,FLOW
2417,2439,FLOW
2494,2418,HAS_BLOCK
2418,2420,FLOW
2418,2486,FLOW
2418,2486,UNWIND
2494,2420,HAS_BLOCK
2420,2423,FLOW
2420,2432,FLOW
2420,2439,FLOW
2494,2423,HAS_BLOCK
2423,2425,FLOW
2423,2486,FLOW
2423,2486,UNWIND
2494,2425,HAS_BLOCK
2425,2427,FLOW
2425,2486,FLOW
2425,2486,UNWIND
2494,2427,HAS_BLOCK
2427,2429,FLOW
2427,2486,FLOW
2427,2486,UNWIND
2427,3502,CALL
2494,2429,HAS_BLOCK
2429,2432,FLOW
2429,2430,FLOW
2494,2430,HAS_BLOCK
2430,2343,FLOW
2430,2486,FLOW
2430,2486,UNWIND
2494,2432,HAS_BLOCK
2432,2433,FLOW
2432,2482,FLOW
2494,2433,HAS_BLOCK
2433,2483,FLOW
2494,2434,HAS_BLOCK
2434,2436,FLOW
2434,2474,FLOW
2434,2474,UNWIND
2494,2436,HAS_BLOCK
2436,2437,FLOW
2494,2437,HAS_BLOCK
2437,2440,FLOW
2437,2474,FLOW
2437,2474,UNWIND
2494,2440,HAS_BLOCK
2440,2443,FLOW
2440,2441,FLOW
2440,2439,FLOW
2494,2441,HAS_BLOCK
2441,2445,FLOW
2441,2474,FLOW
2441,2474,UNWIND
2494,2443,HAS_BLOCK
2443,2458,FLOW
2443,2474,FLOW
2443,2474,UNWIND
2494,2445,HAS_BLOCK
2445,2447,FLOW
2445,2474,FLOW
2445,2474,UNWIND
2494,2447,HAS_BLOCK
2447,2449,FLOW
2447,2474,FLOW
2447,2474,UNWIND
2447,3557,CALL
2494,2449,HAS_BLOCK
2449,2451,FLOW
2449,2473,FLOW
2449,2473,UNWIND
2449,3627,CALL
2494,2451,HAS_BLOCK
2451,2456,FLOW
2451,2452,FLOW
2494,2452,HAS_BLOCK
2452,2454,FLOW
2452,2473,FLOW
2452,2473,UNWIND
2494,2454,HAS_BLOCK
2454,2344,FLOW
2454,2473,FLOW
2454,2473,UNWIND
2494,2456,HAS_BLOCK
2456,2437,FLOW
2456,2474,FLOW
2456,2474,UNWIND
2494,2458,HAS_BLOCK
2458,2459,FLOW
2458,2475,FLOW
2458,2475,UNWIND
2494,2459,HAS_BLOCK
2459,2460,FLOW
2459,2476,FLOW
2459,2476,UNWIND
2494,2460,HAS_BLOCK
2460,2461,FLOW
2460,2477,FLOW
2460,2477,UNWIND
2494,2461,HAS_BLOCK
2461,2462,FLOW
2461,2478,FLOW
2461,2478,UNWIND
2494,2462,HAS_BLOCK
2462,2463,FLOW
2462,2488,FLOW
2462,2488,UNWIND
2494,2463,HAS_BLOCK
2463,2472,FLOW
2494,2464,HAS_BLOCK
2464,2465,FLOW
2464,2488,FLOW
2464,2488,UNWIND
2494,2465,HAS_BLOCK
2465,2466,FLOW
2465,2490,FLOW
2465,2490,UNWIND
2494,2466,HAS_BLOCK
2466,2467,FLOW
2466,2492,FLOW
2466,2492,UNWIND
2494,2467,HAS_BLOCK
2467,2470,FLOW
2467,2338,FLOW
2467,2338,UNWIND
2494,2470,HAS_BLOCK
2470,2471,FLOW
2494,2471,HAS_BLOCK
2471,2472,FLOW
2494,2472,HAS_BLOCK
2472,2494,RETURN
2494,2473,HAS_BLOCK
2473,2474,FLOW
2494,2474,HAS_BLOCK
2474,2475,FLOW
2494,2475,HAS_BLOCK
2475,2476,FLOW
2494,2476,HAS_BLOCK
2476,2477,FLOW
2494,2477,HAS_BLOCK
2477,2478,FLOW
2494,2478,HAS_BLOCK
2478,2488,FLOW
2494,2479,HAS_BLOCK
2494,2482,HAS_BLOCK
2482,2433,FLOW
2482,2474,FLOW
2482,2474,UNWIND
2494,2483,HAS_BLOCK
2483,2434,FLOW
2483,2474,FLOW
2483,2474,UNWIND
2494,2485,HAS_BLOCK
2485,2474,FLOW
2494,2486,HAS_BLOCK
2486,2474,FLOW
2486,2485,FLOW
2494,2487,HAS_BLOCK
2487,2490,FLOW
2494,2488,HAS_BLOCK
2488,2490,FLOW
2488,2487,FLOW
2494,2489,HAS_BLOCK
2489,2492,FLOW
2494,2490,HAS_BLOCK
2490,2492,FLOW
2490,2489,FLOW
2494,2491,HAS_BLOCK
2491,2338,FLOW
2494,2492,HAS_BLOCK
2492,2338,FLOW
2492,2491,FLOW
2494,2337,HAS_BLOCK
2337,2479,FLOW
2494,2338,HAS_BLOCK
2338,2479,FLOW
2338,2337,FLOW
2494,2339,HAS_BLOCK
2339,2467,FLOW
2494,2340,HAS_BLOCK
2340,2466,FLOW
2494,2341,HAS_BLOCK
2341,2465,FLOW
2494,2342,HAS_BLOCK
2342,2464,FLOW
2494,2343,HAS_BLOCK
2343,2432,FLOW
2494,2344,HAS_BLOCK
2344,2456,FLOW
3353,3354,HAS_PARAM
3353,3355,HAS_PARAM
3353,3331,HAS_BLOCK
3331,3333,FLOW
3353,3333,HAS_BLOCK
3333,3341,FLOW
3353,3341,HAS_BLOCK
3341,3343,FLOW
3353,3343,HAS_BLOCK
3343,3347,FLOW
3343,3345,FLOW
3343,3344,FLOW
3353,3344,HAS_BLOCK
3353,3345,HAS_BLOCK
3345,3348,FLOW
3353,3347,HAS_BLOCK
3347,3353,RETURN
3353,3348,HAS_BLOCK
3348,3349,FLOW
3348,3341,FLOW
3348,3344,FLOW
3353,3349,HAS_BLOCK
3349,3351,FLOW
3353,3351,HAS_BLOCK
3351,3334,FLOW
3351,3340,FLOW
3351,3340,UNWIND
3353,3334,HAS_BLOCK
3334,3336,FLOW
3334,3340,FLOW
3334,3340,UNWIND
3353,3336,HAS_BLOCK
3336,3337,FLOW
3336,3340,FLOW
3336,3340,UNWIND
3353,3337,HAS_BLOCK
3337,3341,FLOW
3353,3338,HAS_BLOCK
3353,3339,HAS_BLOCK
3339,3338,FLOW
3353,3340,HAS_BLOCK
3340,3338,FLOW
3340,3339,FLOW
3329,3330,HAS_PARAM
3329,3287,HAS_BLOCK
3287,3289,FLOW
3329,3289,HAS_BLOCK
3289,3309,FLOW
3329,3309,HAS_BLOCK
3309,3319,FLOW
3329,3319,HAS_BLOCK
3319,3320,FLOW
3329,3320,HAS_BLOCK
3320,3322,FLOW
3329,3322,HAS_BLOCK
3322,3326,FLOW
3322,3324,FLOW
3322,3323,FLOW
3329,3323,HAS_BLOCK
3329,3324,HAS_BLOCK
3324,3327,FLOW
3329,3326,HAS_BLOCK
3326,3313,FLOW
3329,3327,HAS_BLOCK
3327,3290,FLOW
3329,3290,HAS_BLOCK
3290,3292,FLOW
3290,992,CALL
3329,3292,HAS_BLOCK
3292,3294,FLOW
3329,3294,HAS_BLOCK
3294,3295,FLOW
3294,3297,FLOW
3294,3323,FLOW
3329,3295,HAS_BLOCK
3295,3299,FLOW
3295,3314,FLOW
3295,3314,UNWIND
3329,3297,HAS_BLOCK
3297,3313,FLOW
3329,3299,HAS_BLOCK
3299,3301,FLOW
3299,3317,FLOW
3299,3317,UNWIND
3329,3301,HAS_BLOCK
3301,3303,FLOW
3301,3317,FLOW
3301,3317,UNWIND
3329,3303,HAS_BLOCK
3303,3304,FLOW
3303,3314,FLOW
3303,3314,UNWIND
3329,3304,HAS_BLOCK
3304,3306,FLOW
3304,3314,FLOW
3304,3314,UNWIND
3329,3306,HAS_BLOCK
3306,3310,FLOW
3306,3314,FLOW
3306,3314,UNWIND
3329,3310,HAS_BLOCK
3310,3312,FLOW
3310,3314,FLOW
3310,3314,UNWIND
3310,1635,CALL
3329,3312,HAS_BLOCK
3312,3320,FLOW
3329,3313,HAS_BLOCK
3313,3329,RETURN
3329,3314,HAS_BLOCK
3314,3315,FLOW
3329,3315,HAS_BLOCK
3329,3316,HAS_BLOCK
3316,3314,FLOW
3329,3317,HAS_BLOCK
3317,3314,FLOW
3317,3316,FLOW
186,187,HAS_PARAM
186,179,HAS_BLOCK
179,183,FLOW
179,181,FLOW
179,180,FLOW
186,180,HAS_BLOCK
186,181,HAS_BLOCK
181,184,FLOW
186,183,HAS_BLOCK
183,185,FLOW
186,184,HAS_BLOCK
184,185,FLOW
186,185,HAS_BLOCK
185,186,RETURN
255,256,HAS_PARAM
255,257,HAS_PARAM
255,189,HAS_BLOCK
189,190,FLOW
189,230,FLOW
255,190,HAS_BLOCK
190,210,FLOW
255,210,HAS_BLOCK
210,224,FLOW
210,245,FLOW
210,245,UNWIND
255,224,HAS_BLOCK
224,237,FLOW
224,243,FLOW
224,243,UNWIND
255,237,HAS_BLOCK
237,248,FLOW
237,243,FLOW
237,243,UNWIND
255,248,HAS_BLOCK
248,249,FLOW
255,249,HAS_BLOCK
249,251,FLOW
249,235,FLOW
249,235,UNWIND
255,251,HAS_BLOCK
251,252,FLOW
251,219,FLOW
251,246,FLOW
255,252,HAS_BLOCK
252,253,FLOW
252,214,FLOW
255,253,HAS_BLOCK
253,191,FLOW
253,241,FLOW
253,241,UNWIND
255,191,HAS_BLOCK
191,193,FLOW
191,234,FLOW
191,234,UNWIND
255,193,HAS_BLOCK
193,195,FLOW
193,234,FLOW
193,234,UNWIND
255,195,HAS_BLOCK
195,197,FLOW
195,234,FLOW
195,234,UNWIND
255,197,HAS_BLOCK
197,199,FLOW
197,234,FLOW
197,234,UNWIND
255,199,HAS_BLOCK
199,201,FLOW
199,233,FLOW
199,233,UNWIND
255,201,HAS_BLOCK
201,212,FLOW
201,202,FLOW
255,202,HAS_BLOCK
202,203,FLOW
202,234,FLOW
202,234,UNWIND
255,203,HAS_BLOCK
203,205,FLOW
203,234,FLOW
203,234,UNWIND
255,205,HAS_BLOCK
205,207,FLOW
205,234,FLOW
205,234,UNWIND
255,207,HAS_BLOCK
207,211,FLOW
207,234,FLOW
207,234,UNWIND
255,211,HAS_BLOCK
211,220,FLOW
211,241,FLOW
211,241,UNWIND
255,212,HAS_BLOCK
212,213,FLOW
212,234,FLOW
212,234,UNWIND
255,213,HAS_BLOCK
213,214,FLOW
213,241,FLOW
213,241,UNWIND
255,214,HAS_BLOCK
214,216,FLOW
214,241,FLOW
214,241,UNWIND
255,216,HAS_BLOCK
216,218,FLOW
216,241,FLOW
216,241,UNWIND
255,218,HAS_BLOCK
218,249,FLOW
255,219,HAS_BLOCK
219,227,FLOW
219,222,FLOW
255,220,HAS_BLOCK
220,221,FLOW
220,235,FLOW
220,235,UNWIND
255,221,HAS_BLOCK
221,249,FLOW
255,222,HAS_BLOCK
222,225,FLOW
222,226,FLOW
222,226,UNWIND
255,225,HAS_BLOCK
225,227,FLOW
255,226,HAS_BLOCK
226,235,FLOW
255,227,HAS_BLOCK
227,228,FLOW
227,243,FLOW
227,243,UNWIND
255,228,HAS_BLOCK
228,229,FLOW
228,239,FLOW
255,229,HAS_BLOCK
229,230,FLOW
255,230,HAS_BLOCK
230,232,FLOW
255,232,HAS_BLOCK
232,255,RETURN
255,233,HAS_BLOCK
233,234,FLOW
255,234,HAS_BLOCK
234,241,FLOW
255,235,HAS_BLOCK
235,243,FLOW
255,238,HAS_BLOCK
255,239,HAS_BLOCK
239,229,FLOW
239,245,FLOW
239,245,UNWIND
255,240,HAS_BLOCK
240,235,FLOW
255,241,HAS_BLOCK
241,235,FLOW
241,240,FLOW
255,242,HAS_BLOCK
242,245,FLOW
255,243,HAS_BLOCK
243,245,FLOW
243,242,FLOW
255,244,HAS_BLOCK
244,238,FLOW
255,245,HAS_BLOCK
245,238,FLOW
245,244,FLOW
255,246,HAS_BLOCK
3545,3546,HAS_PARAM
3545,3547,HAS_PARAM
3545,3538,HAS_BLOCK
3538,3540,FLOW
3545,3540,HAS_BLOCK
3540,3542,FLOW
3540,3543,FLOW
3540,3543,UNWIND
3545,3542,HAS_BLOCK
3542,3545,RETURN
3545,3543,HAS_BLOCK
3543,3544,FLOW
3545,3544,HAS_BLOCK
3557,3558,HAS_PARAM
3557,3559,HAS_PARAM
3557,3548,HAS_BLOCK
3548,3550,FLOW
3548,3554,FLOW
3548,3554,UNWIND
3557,3550,HAS_BLOCK
3550,3552,FLOW
3550,3553,FLOW
3550,3553,UNWIND
3557,3552,HAS_BLOCK
3552,3557,RETURN
3557,3553,HAS_BLOCK
3553,3554,FLOW
3557,3554,HAS_BLOCK
3554,3555,FLOW
3557,3555,HAS_BLOCK
3555,3556,FLOW
3557,3556,HAS_BLOCK
3627,3628,HAS_PARAM
3627,3629,HAS_PARAM
3627,3624,HAS_BLOCK
3624,3626,FLOW
3627,3626,HAS_BLOCK
3626,3627,RETURN
3621,3622,HAS_PARAM
3621,3623,HAS_PARAM
3621,3560,HAS_BLOCK
3560,3562,FLOW
3621,3562,HAS_BLOCK
3562,3579,FLOW
3562,3580,FLOW
3562,3613,FLOW
3621,3579,HAS_BLOCK
3579,3597,FLOW
3579,3580,FLOW
3579,3613,FLOW
3621,3597,HAS_BLOCK
3597,3610,FLOW
3597,3605,FLOW
3597,3605,UNWIND
3621,3610,HAS_BLOCK
3610,3619,FLOW
3610,3614,FLOW
3621,3614,HAS_BLOCK
3614,3616,FLOW
3614,3605,FLOW
3614,3605,UNWIND
3621,3616,HAS_BLOCK
3616,3617,FLOW
3616,3618,FLOW
3616,3618,UNWIND
3621,3617,HAS_BLOCK
3617,3580,FLOW
3621,3618,HAS_BLOCK
3618,3605,FLOW
3621,3619,HAS_BLOCK
3619,3563,FLOW
3619,3605,FLOW
3619,3605,UNWIND
3621,3563,HAS_BLOCK
3563,3565,FLOW
3563,3605,FLOW
3563,3605,UNWIND
3621,3565,HAS_BLOCK
3565,3567,FLOW
3565,3605,FLOW
3565,3605,UNWIND
3621,3567,HAS_BLOCK
3567,3580,FLOW
3567,3568,FLOW
3621,3568,HAS_BLOCK
3568,3570,FLOW
3568,3605,FLOW
3568,3605,UNWIND
3621,3570,HAS_BLOCK
3570,3572,FLOW
3570,3612,FLOW
3570,3612,UNWIND
3621,3572,HAS_BLOCK
3572,3574,FLOW
3572,3612,FLOW
3572,3612,UNWIND
3621,3574,HAS_BLOCK
3574,3576,FLOW
3574,3612,FLOW
3574,3612,UNWIND
3621,3576,HAS_BLOCK
3576,3577,FLOW
3576,3578,FLOW
3576,3578,UNWIND
3621,3577,HAS_BLOCK
3577,3580,FLOW
3621,3578,HAS_BLOCK
3578,3612,FLOW
3621,3580,HAS_BLOCK
3580,3581,FLOW
3580,3601,FLOW
3580,3613,FLOW
3621,3581,HAS_BLOCK
3581,3582,FLOW
3581,3601,FLOW
3581,3613,FLOW
3621,3582,HAS_BLOCK
3582,3584,FLOW
3582,3605,FLOW
3582,3605,UNWIND
3621,3584,HAS_BLOCK
3584,3586,FLOW
3584,3605,FLOW
3584,3605,UNWIND
3621,3586,HAS_BLOCK
3586,3588,FLOW
3586,3605,FLOW
3586,3605,UNWIND
3621,3588,HAS_BLOCK
3588,3601,FLOW
3588,3589,FLOW
3621,3589,HAS_BLOCK
3589,3591,FLOW
3589,3605,FLOW
3589,3605,UNWIND
3621,3591,HAS_BLOCK
3591,3593,FLOW
3591,3608,FLOW
3591,3608,UNWIND
3621,3593,HAS_BLOCK
3593,3595,FLOW
3593,3608,FLOW
3593,3608,UNWIND
3621,3595,HAS_BLOCK
3595,3598,FLOW
3595,3608,FLOW
3595,3608,UNWIND
3621,3598,HAS_BLOCK
3598,3599,FLOW
3598,3600,FLOW
3598,3600,UNWIND
3621,3599,HAS_BLOCK
3599,3601,FLOW
3621,3600,HAS_BLOCK
3600,3608,FLOW
3621,3601,HAS_BLOCK
3601,3603,FLOW
3601,3605,FLOW
3601,3605,UNWIND
3621,3603,HAS_BLOCK
3603,3604,FLOW
3621,3604,HAS_BLOCK
3604,3621,RETURN
3621,3605,HAS_BLOCK
3605,3606,FLOW
3621,3606,HAS_BLOCK
3621,3607,HAS_BLOCK
3607,3605,FLOW
3621,3608,HAS_BLOCK
3608,3605,FLOW
3608,3607,FLOW
3621,3611,HAS_BLOCK
3611,3605,FLOW
3621,3612,HAS_BLOCK
3612,3605,FLOW
3612,3611,FLOW
3621,3613,HAS_BLOCK
79,80,HAS_PARAM
79,81,HAS_PARAM
79,40,HAS_BLOCK
40,42,FLOW
79,42,HAS_BLOCK
42,59,FLOW
79,59,HAS_BLOCK
59,68,FLOW
79,68,HAS_BLOCK
68,70,FLOW
68,66,FLOW
68,66,UNWIND
68,3621,CALL
79,70,HAS_BLOCK
70,55,FLOW
70,71,FLOW
79,71,HAS_BLOCK
71,73,FLOW
71,66,FLOW
71,66,UNWIND
79,73,HAS_BLOCK
73,75,FLOW
73,66,FLOW
73,66,UNWIND
79,75,HAS_BLOCK
75,76,FLOW
79,76,HAS_BLOCK
76,78,FLOW
76,62,FLOW
76,62,UNWIND
79,78,HAS_BLOCK
78,46,FLOW
78,44,FLOW
78,43,FLOW
79,43,HAS_BLOCK
79,44,HAS_BLOCK
44,47,FLOW
44,61,FLOW
44,61,UNWIND
79,46,HAS_BLOCK
46,54,FLOW
46,66,FLOW
46,66,UNWIND
79,47,HAS_BLOCK
47,49,FLOW
47,61,FLOW
47,61,UNWIND
79,49,HAS_BLOCK
49,51,FLOW
49,61,FLOW
49,61,UNWIND
79,51,HAS_BLOCK
51,53,FLOW
51,61,FLOW
51,61,UNWIND
79,53,HAS_BLOCK
53,76,FLOW
53,62,FLOW
53,62,UNWIND
79,54,HAS_BLOCK
54,55,FLOW
79,55,HAS_BLOCK
55,57,FLOW
55,66,FLOW
55,66,UNWIND
79,57,HAS_BLOCK
57,60,FLOW
57,64,FLOW
79,60,HAS_BLOCK
60,79,RETURN
79,61,HAS_BLOCK
61,62,FLOW
79,62,HAS_BLOCK
62,66,FLOW
79,63,HAS_BLOCK
79,64,HAS_BLOCK
64,60,FLOW
79,65,HAS_BLOCK
65,63,FLOW
79,66,HAS_BLOCK
66,63,FLOW
66,65,FLOW
176,177,HAS_PARAM
176,178,HAS_PARAM
176,82,HAS_BLOCK
82,84,FLOW
82,3716,CALL
176,84,HAS_BLOCK
84,97,FLOW
84,161,FLOW
84,101,FLOW
176,97,HAS_BLOCK
97,115,FLOW
97,172,FLOW
97,172,UNWIND
176,115,HAS_BLOCK
115,134,FLOW
115,155,FLOW
115,155,UNWIND
115,3621,CALL
176,134,HAS_BLOCK
134,146,FLOW
134,155,FLOW
134,155,UNWIND
176,146,HAS_BLOCK
146,88,FLOW
146,157,FLOW
176,157,HAS_BLOCK
157,171,FLOW
157,155,FLOW
157,155,UNWIND
176,171,HAS_BLOCK
171,174,FLOW
171,155,FLOW
171,155,UNWIND
171,3681,CALL
176,174,HAS_BLOCK
174,175,FLOW
174,85,FLOW
174,85,UNWIND
176,175,HAS_BLOCK
175,87,FLOW
175,86,FLOW
176,85,HAS_BLOCK
85,155,FLOW
176,86,HAS_BLOCK
86,87,FLOW
176,87,HAS_BLOCK
87,147,FLOW
87,172,FLOW
87,172,UNWIND
176,88,HAS_BLOCK
88,89,FLOW
88,172,FLOW
88,172,UNWIND
176,89,HAS_BLOCK
89,90,FLOW
89,156,FLOW
89,156,UNWIND
176,90,HAS_BLOCK
90,161,FLOW
176,91,HAS_BLOCK
91,92,FLOW
91,166,FLOW
91,101,FLOW
176,92,HAS_BLOCK
92,94,FLOW
92,154,FLOW
92,154,UNWIND
176,94,HAS_BLOCK
94,96,FLOW
94,154,FLOW
94,154,UNWIND
176,96,HAS_BLOCK
96,98,FLOW
176,98,HAS_BLOCK
98,100,FLOW
98,153,FLOW
98,153,UNWIND
176,100,HAS_BLOCK
100,104,FLOW
100,102,FLOW
100,101,FLOW
176,101,HAS_BLOCK
176,102,HAS_BLOCK
102,105,FLOW
102,153,FLOW
102,153,UNWIND
102,3716,CALL
176,104,HAS_BLOCK
104,141,FLOW
104,154,FLOW
104,154,UNWIND
176,105,HAS_BLOCK
105,106,FLOW
105,163,FLOW
105,101,FLOW
176,106,HAS_BLOCK
106,108,FLOW
106,168,FLOW
106,168,UNWIND
176,108,HAS_BLOCK
108,110,FLOW
108,151,FLOW
108,151,UNWIND
176,110,HAS_BLOCK
110,112,FLOW
110,151,FLOW
110,151,UNWIND
176,112,HAS_BLOCK
112,116,FLOW
112,151,FLOW
112,151,UNWIND
176,116,HAS_BLOCK
116,118,FLOW
116,150,FLOW
116,150,UNWIND
116,3621,CALL
176,118,HAS_BLOCK
118,137,FLOW
118,119,FLOW
176,119,HAS_BLOCK
119,121,FLOW
119,150,FLOW
119,150,UNWIND
176,121,HAS_BLOCK
121,123,FLOW
121,150,FLOW
121,150,UNWIND
176,123,HAS_BLOCK
123,125,FLOW
123,150,FLOW
123,150,UNWIND
176,125,HAS_BLOCK
125,137,FLOW
125,126,FLOW
176,126,HAS_BLOCK
126,128,FLOW
126,150,FLOW
126,150,UNWIND
176,128,HAS_BLOCK
128,130,FLOW
128,150,FLOW
128,150,UNWIND
176,130,HAS_BLOCK
130,132,FLOW
130,150,FLOW
130,150,UNWIND
130,3681,CALL
176,132,HAS_BLOCK
132,135,FLOW
132,136,FLOW
132,136,UNWIND
176,135,HAS_BLOCK
135,137,FLOW
176,136,HAS_BLOCK
136,150,FLOW
176,137,HAS_BLOCK
137,138,FLOW
137,151,FLOW
137,151,UNWIND
176,138,HAS_BLOCK
138,139,FLOW
138,168,FLOW
138,168,UNWIND
176,139,HAS_BLOCK
139,140,FLOW
139,162,FLOW
176,140,HAS_BLOCK
140,163,FLOW
140,153,FLOW
140,153,UNWIND
176,141,HAS_BLOCK
141,143,FLOW
141,142,FLOW
176,142,HAS_BLOCK
142,144,FLOW
176,143,HAS_BLOCK
143,166,FLOW
176,144,HAS_BLOCK
144,149,FLOW
144,149,FLOW
144,101,FLOW
176,147,HAS_BLOCK
147,148,FLOW
176,148,HAS_BLOCK
148,149,FLOW
148,149,FLOW
148,101,FLOW
176,149,HAS_BLOCK
149,176,RETURN
176,150,HAS_BLOCK
150,151,FLOW
176,151,HAS_BLOCK
151,168,FLOW
176,152,HAS_BLOCK
152,153,FLOW
176,153,HAS_BLOCK
153,154,FLOW
176,154,HAS_BLOCK
154,158,FLOW
176,155,HAS_BLOCK
155,172,FLOW
176,156,HAS_BLOCK
156,158,FLOW
176,158,HAS_BLOCK
176,159,HAS_BLOCK
159,91,FLOW
159,3747,CALL
176,161,HAS_BLOCK
161,159,FLOW
161,159,FLOW
161,101,FLOW
176,162,HAS_BLOCK
162,140,FLOW
162,152,FLOW
162,152,UNWIND
176,163,HAS_BLOCK
163,98,FLOW
163,98,FLOW
163,101,FLOW
176,164,HAS_BLOCK
164,149,FLOW
176,166,HAS_BLOCK
166,164,FLOW
166,164,FLOW
166,101,FLOW
176,167,HAS_BLOCK
167,152,FLOW
176,168,HAS_BLOCK
168,152,FLOW
168,167,FLOW
176,169,HAS_BLOCK
169,156,FLOW
176,172,HAS_BLOCK
172,156,FLOW
172,169,FLOW
297,298,HAS_PARAM
297,299,HAS_PARAM
297,294,HAS_BLOCK
294,296,FLOW
297,296,HAS_BLOCK
296,297,RETURN
292,293,HAS_PARAM
292,285,HAS_BLOCK
285,287,FLOW
292,287,HAS_BLOCK
287,289,FLOW
287,290,FLOW
287,290,UNWIND
292,289,HAS_BLOCK
289,292,RETURN
292,290,HAS_BLOCK
290,291,FLOW
292,291,HAS_BLOCK
273,274,HAS_PARAM
273,275,HAS_PARAM
273,270,HAS_BLOCK
270,272,FLOW
273,272,HAS_BLOCK
272,273,RETURN
268,269,HAS_PARAM
268,258,HAS_BLOCK
258,260,FLOW
268,260,HAS_BLOCK
260,262,FLOW
260,266,FLOW
260,266,UNWIND
268,262,HAS_BLOCK
262,264,FLOW
262,265,FLOW
262,265,UNWIND
268,264,HAS_BLOCK
264,268,RETURN
268,265,HAS_BLOCK
265,266,FLOW
268,266,HAS_BLOCK
266,267,FLOW
268,267,HAS_BLOCK
322,309,HAS_BLOCK
309,311,FLOW
322,311,HAS_BLOCK
311,313,FLOW
311,320,FLOW
311,320,UNWIND
322,313,HAS_BLOCK
313,315,FLOW
313,319,FLOW
313,319,UNWIND
322,315,HAS_BLOCK
315,317,FLOW
315,318,FLOW
315,318,UNWIND
322,317,HAS_BLOCK
317,322,RETURN
322,318,HAS_BLOCK
318,319,FLOW
322,319,HAS_BLOCK
319,320,FLOW
322,320,HAS_BLOCK
320,321,FLOW
322,321,HAS_BLOCK
330,331,HAS_PARAM
330,323,HAS_BLOCK
323,325,FLOW
330,325,HAS_BLOCK
325,327,FLOW
325,328,FLOW
325,328,UNWIND
330,327,HAS_BLOCK
327,330,RETURN
330,328,HAS_BLOCK
328,329,FLOW
330,329,HAS_BLOCK
307,308,HAS_PARAM
307,300,HAS_BLOCK
300,302,FLOW
307,302,HAS_BLOCK
302,304,FLOW
302,305,FLOW
302,305,UNWIND
307,304,HAS_BLOCK
304,307,RETURN
307,305,HAS_BLOCK
305,306,FLOW
307,306,HAS_BLOCK
283,284,HAS_PARAM
283,276,HAS_BLOCK
276,278,FLOW
283,278,HAS_BLOCK
278,280,FLOW
278,281,FLOW
278,281,UNWIND
283,280,HAS_BLOCK
280,283,RETURN
283,281,HAS_BLOCK
281,282,FLOW
283,282,HAS_BLOCK
3798,3799,HAS_PARAM
3798,3800,HAS_PARAM
3798,3790,HAS_BLOCK
3790,3792,FLOW
3790,3795,FLOW
3790,3795,UNWIND
3798,3792,HAS_BLOCK
3792,3794,FLOW
3792,3795,FLOW
3792,3795,UNWIND
3798,3794,HAS_BLOCK
3794,3798,RETURN
3798,3795,HAS_BLOCK
3795,3796,FLOW
3798,3796,HAS_BLOCK
3796,3797,FLOW
3798,3797,HAS_BLOCK
3879,3880,HAS_PARAM
3879,3865,HAS_BLOCK
3865,3867,FLOW
3879,3867,HAS_BLOCK
3867,3869,FLOW
3879,3869,HAS_BLOCK
3869,3871,FLOW
3879,3871,HAS_BLOCK
3871,3873,FLOW
3879,3873,HAS_BLOCK
3873,3875,FLOW
3873,3876,FLOW
3873,3874,FLOW
3879,3874,HAS_BLOCK
3879,3875,HAS_BLOCK
3875,3878,FLOW
3879,3876,HAS_BLOCK
3876,3878,FLOW
3879,3878,HAS_BLOCK
3878,3879,RETURN
3860,3861,HAS_PARAM
3860,3862,HAS_PARAM
3860,3863,HAS_PARAM
3860,3822,HAS_BLOCK
3822,3824,FLOW
3860,3824,HAS_BLOCK
3824,3841,FLOW
3824,3855,FLOW
3860,3841,HAS_BLOCK
3841,3853,FLOW
3860,3853,HAS_BLOCK
3853,3854,FLOW
3853,3855,FLOW
3860,3854,HAS_BLOCK
3854,3849,FLOW
3860,3855,HAS_BLOCK
3855,3858,FLOW
3855,3857,FLOW
3855,3856,FLOW
3860,3856,HAS_BLOCK
3856,3859,FLOW
3860,3857,HAS_BLOCK
3857,3858,FLOW
3857,3856,FLOW
3860,3858,HAS_BLOCK
3858,3859,FLOW
3860,3859,HAS_BLOCK
3859,3825,FLOW
3859,3826,FLOW
3860,3825,HAS_BLOCK
3825,3849,FLOW
3860,3826,HAS_BLOCK
3826,3828,FLOW
3860,3828,HAS_BLOCK
3828,3830,FLOW
3860,3830,HAS_BLOCK
3830,3832,FLOW
3830,3850,FLOW
3830,3850,UNWIND
3860,3832,HAS_BLOCK
3832,3834,FLOW
3832,3850,FLOW
3832,3850,UNWIND
3860,3834,HAS_BLOCK
3834,3842,FLOW
3834,3835,FLOW
3860,3835,HAS_BLOCK
3835,3837,FLOW
3835,3850,FLOW
3835,3850,UNWIND
3860,3837,HAS_BLOCK
3837,3839,FLOW
3837,3850,FLOW
3837,3850,UNWIND
3860,3839,HAS_BLOCK
3839,3842,FLOW
3839,3840,FLOW
3860,3840,HAS_BLOCK
3840,3849,FLOW
3860,3842,HAS_BLOCK
3842,3844,FLOW
3842,3850,FLOW
3842,3850,UNWIND
3860,3844,HAS_BLOCK
3844,3846,FLOW
3844,3850,FLOW
3844,3850,UNWIND
3860,3846,HAS_BLOCK
3846,3848,FLOW
3846,3850,FLOW
3846,3850,UNWIND
3860,3848,HAS_BLOCK
3848,3849,FLOW
3860,3849,HAS_BLOCK
3849,3860,RETURN
3860,3850,HAS_BLOCK
3850,3851,FLOW
3860,3851,HAS_BLOCK
3819,3820,HAS_PARAM
3819,3821,HAS_PARAM
3819,3801,HAS_BLOCK
3801,3803,FLOW
3819,3803,HAS_BLOCK
3803,3811,FLOW
3803,3810,FLOW
3803,3809,FLOW
3819,3809,HAS_BLOCK
3819,3810,HAS_BLOCK
3810,3817,FLOW
3810,3805,FLOW
3810,3809,FLOW
3819,3811,HAS_BLOCK
3811,3806,FLOW
3811,3808,FLOW
3811,3809,FLOW
3819,3812,HAS_BLOCK
3812,3814,FLOW
3812,3818,FLOW
3812,3818,UNWIND
3812,4276,CALL
3819,3814,HAS_BLOCK
3814,3816,FLOW
3814,3818,FLOW
3814,3818,UNWIND
3819,3816,HAS_BLOCK
3816,3817,FLOW
3819,3817,HAS_BLOCK
3817,3819,RETURN
3819,3818,HAS_BLOCK
3818,3804,FLOW
3819,3804,HAS_BLOCK
3819,3805,HAS_BLOCK
3805,3817,FLOW
3819,3806,HAS_BLOCK
3806,3812,FLOW
3806,3818,FLOW
3806,3818,UNWIND
3819,3808,HAS_BLOCK
3808,3806,FLOW
3808,3818,FLOW
3808,3818,UNWIND
341,342,HAS_PARAM
341,343,HAS_PARAM
341,344,HAS_PARAM
341,345,HAS_PARAM
341,346,HAS_PARAM
341,347,HAS_PARAM
341,348,HAS_PARAM
341,333,HAS_BLOCK
333,335,FLOW
333,3860,CALL
341,335,HAS_BLOCK
335,338,FLOW
335,336,FLOW
341,336,HAS_BLOCK
336,338,FLOW
336,3819,CALL
341,338,HAS_BLOCK
338,340,FLOW
341,340,HAS_BLOCK
340,341,RETURN
634,635,HAS_PARAM
634,633,HAS_BLOCK
633,634,RETURN
639,640,HAS_PARAM
639,641,HAS_PARAM
639,636,HAS_BLOCK
636,638,FLOW
639,638,HAS_BLOCK
638,639,RETURN
5005,5006,HAS_PARAM
5005,4789,HAS_BLOCK
4789,4791,FLOW
4789,4092,CALL
5005,4791,HAS_BLOCK
4791,4856,FLOW
4791,4828,FLOW
4791,4828,UNWIND
4791,4194,CALL
5005,4856,HAS_BLOCK
4856,4877,FLOW
4856,4828,FLOW
4856,4828,UNWIND
5005,4877,HAS_BLOCK
4877,4913,FLOW
4877,4933,FLOW
4877,4894,FLOW
5005,4894,HAS_BLOCK
5005,4913,HAS_BLOCK
4913,4949,FLOW
4913,4827,FLOW
4913,4827,UNWIND
5005,4933,HAS_BLOCK
4933,4836,FLOW
4933,4828,FLOW
4933,4828,UNWIND
5005,4949,HAS_BLOCK
4949,4968,FLOW
4949,4827,FLOW
4949,4827,UNWIND
5005,4968,HAS_BLOCK
4968,4987,FLOW
4968,4827,FLOW
4968,4827,UNWIND
4968,4072,CALL
5005,4987,HAS_BLOCK
4987,4792,FLOW
4987,4827,FLOW
4987,4827,UNWIND
5005,4792,HAS_BLOCK
4792,4807,FLOW
4792,4819,FLOW
4792,4894,FLOW
5005,4807,HAS_BLOCK
4807,4831,FLOW
4807,4826,FLOW
4807,4826,UNWIND
5005,4819,HAS_BLOCK
4819,4837,FLOW
4819,4827,FLOW
4819,4827,UNWIND
5005,4831,HAS_BLOCK
4831,4842,FLOW
5005,4842,HAS_BLOCK
4842,4846,FLOW
4842,4826,FLOW
4842,4826,UNWIND
5005,4846,HAS_BLOCK
4846,4849,FLOW
4846,4847,FLOW
4846,4894,FLOW
5005,4847,HAS_BLOCK
4847,4851,FLOW
4847,4826,FLOW
4847,4826,UNWIND
5005,4849,HAS_BLOCK
4849,4878,FLOW
4849,4826,FLOW
4849,4826,UNWIND
4849,5260,CALL
5005,4851,HAS_BLOCK
4851,4853,FLOW
4851,4826,FLOW
4851,4826,UNWIND
5005,4853,HAS_BLOCK
4853,4857,FLOW
4853,4826,FLOW
4853,4826,UNWIND
5005,4857,HAS_BLOCK
4857,4858,FLOW
4857,4842,FLOW
5005,4858,HAS_BLOCK
4858,4860,FLOW
4858,4826,FLOW
4858,4826,UNWIND
5005,4860,HAS_BLOCK
4860,4862,FLOW
4860,4826,FLOW
4860,4826,UNWIND
5005,4862,HAS_BLOCK
4862,4864,FLOW
4862,4826,FLOW
4862,4826,UNWIND
5005,4864,HAS_BLOCK
4864,4866,FLOW
4864,4826,FLOW
4864,4826,UNWIND
5005,4866,HAS_BLOCK
4866,4868,FLOW
4866,4826,FLOW
4866,4826,UNWIND
5005,4868,HAS_BLOCK
4868,4870,FLOW
4868,4826,FLOW
4868,4826,UNWIND
5005,4870,HAS_BLOCK
4870,4872,FLOW
4870,4826,FLOW
4870,4826,UNWIND
5005,4872,HAS_BLOCK
4872,4874,FLOW
4872,4826,FLOW
4872,4826,UNWIND
5005,4874,HAS_BLOCK
4874,4838,FLOW
4874,4826,FLOW
4874,4826,UNWIND
5005,4878,HAS_BLOCK
4878,4880,FLOW
4878,4826,FLOW
4878,4826,UNWIND
5005,4880,HAS_BLOCK
4880,4881,FLOW
4880,4883,FLOW
4880,4894,FLOW
5005,4881,HAS_BLOCK
4881,4885,FLOW
4881,4825,FLOW
4881,4825,UNWIND
5005,4883,HAS_BLOCK
4883,4839,FLOW
4883,4826,FLOW
4883,4826,UNWIND
5005,4885,HAS_BLOCK
4885,4887,FLOW
4885,4825,FLOW
4885,4825,UNWIND
5005,4887,HAS_BLOCK
4887,4888,FLOW
4887,4889,FLOW
4887,4894,FLOW
5005,4888,HAS_BLOCK
4888,4891,FLOW
4888,4825,FLOW
4888,4825,UNWIND
5005,4889,HAS_BLOCK
4889,4840,FLOW
4889,4825,FLOW
4889,4825,UNWIND
5005,4891,HAS_BLOCK
4891,4893,FLOW
4891,4824,FLOW
4891,4824,UNWIND
5005,4893,HAS_BLOCK
4893,4895,FLOW
5005,4895,HAS_BLOCK
4895,4897,FLOW
4895,4824,FLOW
4895,4824,UNWIND
5005,4897,HAS_BLOCK
4897,4900,FLOW
4897,4898,FLOW
4897,4894,FLOW
5005,4898,HAS_BLOCK
4898,4902,FLOW
4898,4824,FLOW
4898,4824,UNWIND
5005,4900,HAS_BLOCK
4900,4951,FLOW
4900,4824,FLOW
4900,4824,UNWIND
5005,4902,HAS_BLOCK
4902,4904,FLOW
4902,4824,FLOW
4902,4824,UNWIND
5005,4904,HAS_BLOCK
4904,4906,FLOW
4904,4824,FLOW
4904,4824,UNWIND
5005,4906,HAS_BLOCK
4906,4908,FLOW
4906,4824,FLOW
4906,4824,UNWIND
5005,4908,HAS_BLOCK
4908,4910,FLOW
4908,4824,FLOW
4908,4824,UNWIND
5005,4910,HAS_BLOCK
4910,4911,FLOW
4910,4914,FLOW
4910,4894,FLOW
5005,4911,HAS_BLOCK
4911,4916,FLOW
4911,4835,FLOW
4911,4835,UNWIND
5005,4914,HAS_BLOCK
4914,4841,FLOW
4914,4824,FLOW
4914,4824,UNWIND
5005,4916,HAS_BLOCK
4916,4918,FLOW
4916,4833,FLOW
4916,4833,UNWIND
5005,4918,HAS_BLOCK
4918,4920,FLOW
4918,4833,FLOW
4918,4833,UNWIND
4918,4575,CALL
5005,4920,HAS_BLOCK
4920,4922,FLOW
4920,4823,FLOW
4920,4823,UNWIND
5005,4922,HAS_BLOCK
4922,4924,FLOW
4922,4823,FLOW
4922,4823,UNWIND
5005,4924,HAS_BLOCK
4924,4939,FLOW
4924,4925,FLOW
5005,4925,HAS_BLOCK
4925,4927,FLOW
4925,4823,FLOW
4925,4823,UNWIND
5005,4927,HAS_BLOCK
4927,4939,FLOW
4927,4928,FLOW
5005,4928,HAS_BLOCK
4928,4930,FLOW
4928,4823,FLOW
4928,4823,UNWIND
5005,4930,HAS_BLOCK
4930,4934,FLOW
4930,4823,FLOW
4930,4823,UNWIND
5005,4934,HAS_BLOCK
4934,4936,FLOW
4934,4823,FLOW
4934,4823,UNWIND
5005,4936,HAS_BLOCK
4936,4937,FLOW
4936,4938,FLOW
4936,4938,UNWIND
5005,4937,HAS_BLOCK
4937,4939,FLOW
5005,4938,HAS_BLOCK
4938,4823,FLOW
5005,4939,HAS_BLOCK
4939,4941,FLOW
4939,4823,FLOW
4939,4823,UNWIND
4939,4559,CALL
5005,4941,HAS_BLOCK
4941,4943,FLOW
4941,4823,FLOW
4941,4823,UNWIND
5005,4943,HAS_BLOCK
4943,4944,FLOW
4943,4945,FLOW
4943,4894,FLOW
5005,4944,HAS_BLOCK
4944,4950,FLOW
4944,4835,FLOW
4944,4835,UNWIND
5005,4945,HAS_BLOCK
4945,4947,FLOW
4945,4823,FLOW
4945,4823,UNWIND
5005,4947,HAS_BLOCK
4947,4810,FLOW
4947,4835,FLOW
4947,4835,UNWIND
5005,4950,HAS_BLOCK
4950,4895,FLOW
5005,4951,HAS_BLOCK
4951,4953,FLOW
4951,4824,FLOW
4951,4824,UNWIND
4951,5239,CALL
5005,4953,HAS_BLOCK
4953,4955,FLOW
4953,4824,FLOW
4953,4824,UNWIND
5005,4955,HAS_BLOCK
4955,4956,FLOW
4955,4958,FLOW
4955,4894,FLOW
5005,4956,HAS_BLOCK
4956,4960,FLOW
4956,4820,FLOW
4956,4820,UNWIND
5005,4958,HAS_BLOCK
4958,4843,FLOW
4958,4824,FLOW
4958,4824,UNWIND
5005,4960,HAS_BLOCK
4960,4970,FLOW
4960,4961,FLOW
5005,4961,HAS_BLOCK
4961,4963,FLOW
4961,4820,FLOW
4961,4820,UNWIND
5005,4963,HAS_BLOCK
4963,4965,FLOW
4963,4820,FLOW
4963,4820,UNWIND
5005,4965,HAS_BLOCK
4965,4969,FLOW
4965,4820,FLOW
4965,4820,UNWIND
5005,4969,HAS_BLOCK
4969,4806,FLOW
5005,4970,HAS_BLOCK
4970,4973,FLOW
4970,4971,FLOW
5005,4971,HAS_BLOCK
4971,4980,FLOW
4971,4820,FLOW
4971,4820,UNWIND
5005,4973,HAS_BLOCK
4973,4975,FLOW
4973,4820,FLOW
4973,4820,UNWIND
5005,4975,HAS_BLOCK
4975,4977,FLOW
4975,4820,FLOW
4975,4820,UNWIND
5005,4977,HAS_BLOCK
4977,4979,FLOW
4977,4820,FLOW
4977,4820,UNWIND
5005,4979,HAS_BLOCK
4979,4806,FLOW
5005,4980,HAS_BLOCK
4980,4982,FLOW
4980,4820,FLOW
4980,4820,UNWIND
5005,4982,HAS_BLOCK
4982,4984,FLOW
4982,4820,FLOW
4982,4820,UNWIND
5005,4984,HAS_BLOCK
4984,4988,FLOW
4984,4817,FLOW
4984,4817,UNWIND
5005,4988,HAS_BLOCK
4988,4990,FLOW
4988,4817,FLOW
4988,4817,UNWIND
5005,4990,HAS_BLOCK
4990,4992,FLOW
4990,4817,FLOW
4990,4817,UNWIND
5005,4992,HAS_BLOCK
4992,4994,FLOW
4992,4817,FLOW
4992,4817,UNWIND
5005,4994,HAS_BLOCK
4994,4995,FLOW
5005,4995,HAS_BLOCK
4995,4997,FLOW
4995,4817,FLOW
4995,4817,UNWIND
5005,4997,HAS_BLOCK
4997,5000,FLOW
4997,4998,FLOW
4997,4894,FLOW
5005,4998,HAS_BLOCK
4998,5001,FLOW
4998,4817,FLOW
4998,4817,UNWIND
5005,5000,HAS_BLOCK
5000,4802,FLOW
5000,4825,FLOW
5000,4825,UNWIND
5005,5001,HAS_BLOCK
5001,5003,FLOW
5001,4817,FLOW
5001,4817,UNWIND
5005,5003,HAS_BLOCK
5003,4793,FLOW
5005,4793,HAS_BLOCK
4793,4795,FLOW
4793,4817,FLOW
4793,4817,UNWIND
5005,4795,HAS_BLOCK
4795,4995,FLOW
4795,4796,FLOW
4795,4894,FLOW
5005,4796,HAS_BLOCK
4796,4798,FLOW
4796,4817,FLOW
4796,4817,UNWIND
5005,4798,HAS_BLOCK
4798,4800,FLOW
4798,4817,FLOW
4798,4817,UNWIND
5005,4800,HAS_BLOCK
4800,4844,FLOW
4800,4817,FLOW
4800,4817,UNWIND
5005,4802,HAS_BLOCK
4802,4803,FLOW
4802,4826,FLOW
4802,4826,UNWIND
5005,4803,HAS_BLOCK
4803,4804,FLOW
4803,4827,FLOW
4803,4827,UNWIND
5005,4804,HAS_BLOCK
4804,4805,FLOW
4804,4828,FLOW
4804,4828,UNWIND
5005,4805,HAS_BLOCK
4805,4816,FLOW
5005,4806,HAS_BLOCK
4806,4808,FLOW
4806,4821,FLOW
4806,4821,UNWIND
5005,4808,HAS_BLOCK
4808,4809,FLOW
4808,4822,FLOW
4808,4822,UNWIND
5005,4809,HAS_BLOCK
4809,4811,FLOW
4809,4824,FLOW
4809,4824,UNWIND
5005,4810,HAS_BLOCK
4810,4811,FLOW
5005,4811,HAS_BLOCK
4811,4812,FLOW
4811,4825,FLOW
4811,4825,UNWIND
5005,4812,HAS_BLOCK
4812,4813,FLOW
4812,4826,FLOW
4812,4826,UNWIND
5005,4813,HAS_BLOCK
4813,4814,FLOW
4813,4827,FLOW
4813,4827,UNWIND
5005,4814,HAS_BLOCK
4814,4815,FLOW
4814,4828,FLOW
4814,4828,UNWIND
5005,4815,HAS_BLOCK
4815,4816,FLOW
5005,4816,HAS_BLOCK
4816,5005,RETURN
5005,4817,HAS_BLOCK
4817,4820,FLOW
5005,4820,HAS_BLOCK
4820,4821,FLOW
5005,4821,HAS_BLOCK
4821,4822,FLOW
5005,4822,HAS_BLOCK
4822,4824,FLOW
5005,4823,HAS_BLOCK
4823,4835,FLOW
5005,4824,HAS_BLOCK
4824,4825,FLOW
5005,4825,HAS_BLOCK
4825,4826,FLOW
5005,4826,HAS_BLOCK
4826,4827,FLOW
5005,4827,HAS_BLOCK
4827,4828,FLOW
5005,4828,HAS_BLOCK
4828,4829,FLOW
5005,4829,HAS_BLOCK
5005,4832,HAS_BLOCK
4832,4835,FLOW
5005,4833,HAS_BLOCK
4833,4835,FLOW
4833,4832,FLOW
5005,4834,HAS_BLOCK
4834,4824,FLOW
5005,4835,HAS_BLOCK
4835,4824,FLOW
4835,4834,FLOW
5005,4836,HAS_BLOCK
4836,4815,FLOW
5005,4837,HAS_BLOCK
4837,4814,FLOW
5005,4838,HAS_BLOCK
4838,4842,FLOW
5005,4839,HAS_BLOCK
4839,4813,FLOW
5005,4840,HAS_BLOCK
4840,4812,FLOW
5005,4841,HAS_BLOCK
4841,4810,FLOW
5005,4843,HAS_BLOCK
4843,4811,FLOW
5005,4844,HAS_BLOCK
4844,4793,FLOW
5018,5019,HAS_PARAM
5018,5020,HAS_PARAM
5018,5015,HAS_BLOCK
5015,5017,FLOW
5018,5017,HAS_BLOCK
5017,5018,RETURN
5010,5011,HAS_PARAM
5010,5012,HAS_PARAM
5010,5007,HAS_BLOCK
5007,5009,FLOW
5010,5009,HAS_BLOCK
5009,5010,RETURN
5025,5026,HAS_PARAM
5025,5022,HAS_BLOCK
5022,5024,FLOW
5025,5024,HAS_BLOCK
5024,5025,RETURN
5036,5037,HAS_PARAM
5036,5027,HAS_BLOCK
5027,5029,FLOW
5036,5029,HAS_BLOCK
5029,5031,FLOW
5036,5031,HAS_BLOCK
5031,5033,FLOW
5036,5033,HAS_BLOCK
5033,5035,FLOW
5036,5035,HAS_BLOCK
5035,5036,RETURN
5043,5044,HAS_PARAM
5043,5045,HAS_PARAM
5043,5038,HAS_BLOCK
5038,5040,FLOW
5043,5040,HAS_BLOCK
5040,5042,FLOW
5043,5042,HAS_BLOCK
5042,5043,RETURN
4575,4576,HAS_PARAM
4575,4577,HAS_PARAM
4575,4561,HAS_BLOCK
4561,4563,FLOW
4561,4572,FLOW
4561,4572,UNWIND
4575,4563,HAS_BLOCK
4563,4566,FLOW
4563,4571,FLOW
4563,4571,UNWIND
4575,4566,HAS_BLOCK
4566,4568,FLOW
4566,4569,FLOW
4566,4569,UNWIND
4575,4568,HAS_BLOCK
4568,4575,RETURN
4575,4569,HAS_BLOCK
4569,4570,FLOW
4575,4570,HAS_BLOCK
4570,4571,FLOW
4575,4571,HAS_BLOCK
4571,4572,FLOW
4575,4572,HAS_BLOCK
4572,4564,FLOW
4575,4573,HAS_BLOCK
4575,4574,HAS_BLOCK
4574,4573,FLOW
4575,4564,HAS_BLOCK
4564,4573,FLOW
4564,4574,FLOW
4559,4560,HAS_PARAM
4559,4491,HAS_BLOCK
4491,4493,FLOW
4559,4493,HAS_BLOCK
4493,4512,FLOW
4493,4537,FLOW
4493,4537,UNWIND
4559,4512,HAS_BLOCK
4512,4530,FLOW
4512,4546,FLOW
4512,4546,UNWIND
4559,4530,HAS_BLOCK
4530,4543,FLOW
4530,4546,FLOW
4530,4546,UNWIND
4559,4543,HAS_BLOCK
4543,4550,FLOW
4543,4546,FLOW
4543,4546,UNWIND
4559,4550,HAS_BLOCK
4550,4551,FLOW
4550,4537,FLOW
4550,4537,UNWIND
4559,4551,HAS_BLOCK
4551,4553,FLOW
4551,4537,FLOW
4551,4537,UNWIND
4559,4553,HAS_BLOCK
4553,4555,FLOW
4553,4544,FLOW
4553,4544,UNWIND
4559,4555,HAS_BLOCK
4555,4557,FLOW
4555,4544,FLOW
4555,4544,UNWIND
4559,4557,HAS_BLOCK
4557,4494,FLOW
4557,4544,FLOW
4557,4544,UNWIND
4559,4494,HAS_BLOCK
4494,4496,FLOW
4494,4544,FLOW
4494,4544,UNWIND
4559,4496,HAS_BLOCK
4496,4497,FLOW
4496,4537,FLOW
4496,4537,UNWIND
4559,4497,HAS_BLOCK
4497,4499,FLOW
4497,4537,FLOW
4497,4537,UNWIND
4559,4499,HAS_BLOCK
4499,4501,FLOW
4499,4540,FLOW
4499,4540,UNWIND
4559,4501,HAS_BLOCK
4501,4503,FLOW
4501,4540,FLOW
4501,4540,UNWIND
4559,4503,HAS_BLOCK
4503,4505,FLOW
4503,4540,FLOW
4503,4540,UNWIND
4559,4505,HAS_BLOCK
4505,4506,FLOW
4505,4537,FLOW
4505,4537,UNWIND
4559,4506,HAS_BLOCK
4506,4508,FLOW
4506,4536,FLOW
4506,4536,UNWIND
4559,4508,HAS_BLOCK
4508,4509,FLOW
4508,4535,FLOW
4508,4535,UNWIND
4559,4509,HAS_BLOCK
4509,4513,FLOW
4509,4535,FLOW
4509,4535,UNWIND
4559,4513,HAS_BLOCK
4513,4515,FLOW
4513,4535,FLOW
4513,4535,UNWIND
4559,4515,HAS_BLOCK
4515,4517,FLOW
4515,4535,FLOW
4515,4535,UNWIND
4559,4517,HAS_BLOCK
4517,4519,FLOW
4517,4535,FLOW
4517,4535,UNWIND
4559,4519,HAS_BLOCK
4519,4521,FLOW
4519,4523,FLOW
4519,4520,FLOW
4559,4520,HAS_BLOCK
4559,4521,HAS_BLOCK
4521,4525,FLOW
4521,4535,FLOW
4521,4535,UNWIND
4559,4523,HAS_BLOCK
4523,4547,FLOW
4523,4535,FLOW
4523,4535,UNWIND
4559,4525,HAS_BLOCK
4525,4527,FLOW
4525,4535,FLOW
4525,4535,UNWIND
4559,4527,HAS_BLOCK
4527,4528,FLOW
4527,4531,FLOW
4527,4520,FLOW
4559,4528,HAS_BLOCK
4528,4534,FLOW
4559,4531,HAS_BLOCK
4531,4548,FLOW
4531,4535,FLOW
4531,4535,UNWIND
4559,4533,HAS_BLOCK
4533,4534,FLOW
4559,4534,HAS_BLOCK
4534,4559,RETURN
4559,4535,HAS_BLOCK
4535,4538,FLOW
4559,4536,HAS_BLOCK
4536,4538,FLOW
4559,4537,HAS_BLOCK
4537,4538,FLOW
4559,4538,HAS_BLOCK
4559,4539,HAS_BLOCK
4539,4537,FLOW
4559,4540,HAS_BLOCK
4540,4537,FLOW
4540,4539,FLOW
4559,4541,HAS_BLOCK
4541,4537,FLOW
4559,4544,HAS_BLOCK
4544,4537,FLOW
4544,4541,FLOW
4559,4545,HAS_BLOCK
4545,4537,FLOW
4559,4546,HAS_BLOCK
4546,4537,FLOW
4546,4545,FLOW
4559,4547,HAS_BLOCK
4547,4533,FLOW
4559,4548,HAS_BLOCK
4548,4533,FLOW
4485,4486,HAS_PARAM
4485,4487,HAS_PARAM
4485,4488,HAS_PARAM
4485,4489,HAS_PARAM
4485,4283,HAS_BLOCK
4283,4285,FLOW
4485,4285,HAS_BLOCK
4285,4340,FLOW
4285,4484,FLOW
4485,4340,HAS_BLOCK
4340,4359,FLOW
4485,4359,HAS_BLOCK
4359,4379,FLOW
4485,4379,HAS_BLOCK
4379,4398,FLOW
4379,4303,FLOW
4379,4303,UNWIND
4485,4398,HAS_BLOCK
4398,4418,FLOW
4398,4303,FLOW
4398,4303,UNWIND
4485,4418,HAS_BLOCK
4418,4438,FLOW
4418,4302,FLOW
4418,4302,UNWIND
4485,4438,HAS_BLOCK
4438,4482,FLOW
4438,4457,FLOW
4485,4457,HAS_BLOCK
4457,4474,FLOW
4457,4302,FLOW
4457,4302,UNWIND
4485,4474,HAS_BLOCK
4474,4286,FLOW
4474,4482,FLOW
4485,4286,HAS_BLOCK
4286,4298,FLOW
4286,4302,FLOW
4286,4302,UNWIND
4485,4298,HAS_BLOCK
4298,4310,FLOW
4298,4302,FLOW
4298,4302,UNWIND
4485,4310,HAS_BLOCK
4310,4321,FLOW
4310,4482,FLOW
4310,4326,FLOW
4485,4321,HAS_BLOCK
4321,4328,FLOW
4321,4325,FLOW
4321,4325,UNWIND
4485,4328,HAS_BLOCK
4328,4330,FLOW
4328,4325,FLOW
4328,4325,UNWIND
4485,4330,HAS_BLOCK
4330,4332,FLOW
4330,4301,FLOW
4330,4301,UNWIND
4485,4332,HAS_BLOCK
4332,4334,FLOW
4332,4301,FLOW
4332,4301,UNWIND
4485,4334,HAS_BLOCK
4334,4336,FLOW
4334,4301,FLOW
4334,4301,UNWIND
4485,4336,HAS_BLOCK
4336,4338,FLOW
4336,4300,FLOW
4336,4300,UNWIND
4485,4338,HAS_BLOCK
4338,4341,FLOW
4338,4300,FLOW
4338,4300,UNWIND
4485,4341,HAS_BLOCK
4341,4400,FLOW
4341,4342,FLOW
4485,4342,HAS_BLOCK
4342,4344,FLOW
4342,4300,FLOW
4342,4300,UNWIND
4485,4344,HAS_BLOCK
4344,4346,FLOW
4344,4300,FLOW
4344,4300,UNWIND
4485,4346,HAS_BLOCK
4346,4347,FLOW
4346,4400,FLOW
4346,4326,FLOW
4485,4347,HAS_BLOCK
4347,4349,FLOW
4347,4300,FLOW
4347,4300,UNWIND
4485,4349,HAS_BLOCK
4349,4351,FLOW
4349,4299,FLOW
4349,4299,UNWIND
4485,4351,HAS_BLOCK
4351,4353,FLOW
4351,4323,FLOW
4351,4323,UNWIND
4485,4353,HAS_BLOCK
4353,4355,FLOW
4353,4323,FLOW
4353,4323,UNWIND
4485,4355,HAS_BLOCK
4355,4357,FLOW
4355,4323,FLOW
4355,4323,UNWIND
4485,4357,HAS_BLOCK
4357,4360,FLOW
4357,4299,FLOW
4357,4299,UNWIND
4485,4360,HAS_BLOCK
4360,4362,FLOW
4360,4299,FLOW
4360,4299,UNWIND
4485,4362,HAS_BLOCK
4362,4364,FLOW
4362,4296,FLOW
4362,4296,UNWIND
4485,4364,HAS_BLOCK
4364,4366,FLOW
4364,4296,FLOW
4364,4296,UNWIND
4485,4366,HAS_BLOCK
4366,4368,FLOW
4366,4296,FLOW
4366,4296,UNWIND
4485,4368,HAS_BLOCK
4368,4370,FLOW
4368,4320,FLOW
4368,4320,UNWIND
4485,4370,HAS_BLOCK
4370,4372,FLOW
4370,4320,FLOW
4370,4320,UNWIND
4485,4372,HAS_BLOCK
4372,4374,FLOW
4372,4320,FLOW
4372,4320,UNWIND
4485,4374,HAS_BLOCK
4374,4375,FLOW
4374,4295,FLOW
4374,4295,UNWIND
4485,4375,HAS_BLOCK
4375,4376,FLOW
4375,4299,FLOW
4375,4299,UNWIND
4485,4376,HAS_BLOCK
4376,4380,FLOW
4376,4299,FLOW
4376,4299,UNWIND
4485,4380,HAS_BLOCK
4380,4382,FLOW
4380,4318,FLOW
4380,4318,UNWIND
4485,4382,HAS_BLOCK
4382,4384,FLOW
4382,4318,FLOW
4382,4318,UNWIND
4485,4384,HAS_BLOCK
4384,4386,FLOW
4384,4318,FLOW
4384,4318,UNWIND
4485,4386,HAS_BLOCK
4386,4387,FLOW
4386,4299,FLOW
4386,4299,UNWIND
4485,4387,HAS_BLOCK
4387,4389,FLOW
4387,4294,FLOW
4387,4294,UNWIND
4485,4389,HAS_BLOCK
4389,4390,FLOW
4389,4293,FLOW
4389,4293,UNWIND
4485,4390,HAS_BLOCK
4390,4392,FLOW
4390,4293,FLOW
4390,4293,UNWIND
4485,4392,HAS_BLOCK
4392,4394,FLOW
4392,4293,FLOW
4392,4293,UNWIND
4485,4394,HAS_BLOCK
4394,4396,FLOW
4394,4293,FLOW
4394,4293,UNWIND
4485,4396,HAS_BLOCK
4396,4399,FLOW
4396,4293,FLOW
4396,4293,UNWIND
4485,4399,HAS_BLOCK
4399,4400,FLOW
4399,4300,FLOW
4399,4300,UNWIND
4485,4400,HAS_BLOCK
4400,4402,FLOW
4400,4300,FLOW
4400,4300,UNWIND
4485,4402,HAS_BLOCK
4402,4404,FLOW
4402,4292,FLOW
4402,4292,UNWIND
4485,4404,HAS_BLOCK
4404,4406,FLOW
4404,4316,FLOW
4404,4316,UNWIND
4485,4406,HAS_BLOCK
4406,4408,FLOW
4406,4316,FLOW
4406,4316,UNWIND
4485,4408,HAS_BLOCK
4408,4410,FLOW
4408,4316,FLOW
4408,4316,UNWIND
4485,4410,HAS_BLOCK
4410,4411,FLOW
4410,4292,FLOW
4410,4292,UNWIND
4485,4411,HAS_BLOCK
4411,4413,FLOW
4411,4292,FLOW
4411,4292,UNWIND
4485,4413,HAS_BLOCK
4413,4415,FLOW
4413,4314,FLOW
4413,4314,UNWIND
4485,4415,HAS_BLOCK
4415,4419,FLOW
4415,4314,FLOW
4415,4314,UNWIND
4485,4419,HAS_BLOCK
4419,4421,FLOW
4419,4314,FLOW
4419,4314,UNWIND
4485,4421,HAS_BLOCK
4421,4422,FLOW
4421,4292,FLOW
4421,4292,UNWIND
4485,4422,HAS_BLOCK
4422,4424,FLOW
4422,4292,FLOW
4422,4292,UNWIND
4485,4424,HAS_BLOCK
4424,4426,FLOW
4424,4291,FLOW
4424,4291,UNWIND
4485,4426,HAS_BLOCK
4426,4428,FLOW
4426,4291,FLOW
4426,4291,UNWIND
4485,4428,HAS_BLOCK
4428,4430,FLOW
4428,4291,FLOW
4428,4291,UNWIND
4485,4430,HAS_BLOCK
4430,4432,FLOW
4430,4312,FLOW
4430,4312,UNWIND
4485,4432,HAS_BLOCK
4432,4434,FLOW
4432,4312,FLOW
4432,4312,UNWIND
4485,4434,HAS_BLOCK
4434,4436,FLOW
4434,4312,FLOW
4434,4312,UNWIND
4485,4436,HAS_BLOCK
4436,4439,FLOW
4436,4290,FLOW
4436,4290,UNWIND
4485,4439,HAS_BLOCK
4439,4440,FLOW
4439,4292,FLOW
4439,4292,UNWIND
4485,4440,HAS_BLOCK
4440,4442,FLOW
4440,4292,FLOW
4440,4292,UNWIND
4485,4442,HAS_BLOCK
4442,4444,FLOW
4442,4308,FLOW
4442,4308,UNWIND
4485,4444,HAS_BLOCK
4444,4446,FLOW
4444,4308,FLOW
4444,4308,UNWIND
4485,4446,HAS_BLOCK
4446,4448,FLOW
4446,4308,FLOW
4446,4308,UNWIND
4485,4448,HAS_BLOCK
4448,4449,FLOW
4448,4292,FLOW
4448,4292,UNWIND
4485,4449,HAS_BLOCK
4449,4451,FLOW
4449,4292,FLOW
4449,4292,UNWIND
4485,4451,HAS_BLOCK
4451,4453,FLOW
4451,4306,FLOW
4451,4306,UNWIND
4485,4453,HAS_BLOCK
4453,4455,FLOW
4453,4306,FLOW
4453,4306,UNWIND
4485,4455,HAS_BLOCK
4455,4458,FLOW
4455,4306,FLOW
4455,4306,UNWIND
4485,4458,HAS_BLOCK
4458,4459,FLOW
4458,4292,FLOW
4458,4292,UNWIND
4485,4459,HAS_BLOCK
4459,4461,FLOW
4459,4289,FLOW
4459,4289,UNWIND
4485,4461,HAS_BLOCK
4461,4462,FLOW
4461,4288,FLOW
4461,4288,UNWIND
4485,4462,HAS_BLOCK
4462,4464,FLOW
4462,4288,FLOW
4462,4288,UNWIND
4485,4464,HAS_BLOCK
4464,4466,FLOW
4464,4288,FLOW
4464,4288,UNWIND
4485,4466,HAS_BLOCK
4466,4468,FLOW
4466,4288,FLOW
4466,4288,UNWIND
4485,4468,HAS_BLOCK
4468,4470,FLOW
4468,4287,FLOW
4468,4287,UNWIND
4485,4470,HAS_BLOCK
4470,4476,FLOW
4470,4471,FLOW
4485,4471,HAS_BLOCK
4471,4472,FLOW
4471,4288,FLOW
4471,4288,UNWIND
4485,4472,HAS_BLOCK
4472,4475,FLOW
4472,4288,FLOW
4472,4288,UNWIND
4485,4475,HAS_BLOCK
4475,4477,FLOW
4485,4476,HAS_BLOCK
4476,4477,FLOW
4476,4288,FLOW
4476,4288,UNWIND
4485,4477,HAS_BLOCK
4477,4478,FLOW
4477,4300,FLOW
4477,4300,UNWIND
4485,4478,HAS_BLOCK
4478,4479,FLOW
4478,4301,FLOW
4478,4301,UNWIND
4485,4479,HAS_BLOCK
4479,4480,FLOW
4479,4325,FLOW
4479,4325,UNWIND
4485,4480,HAS_BLOCK
4480,4481,FLOW
4480,4303,FLOW
4480,4303,UNWIND
4485,4481,HAS_BLOCK
4481,4484,FLOW
4485,4482,HAS_BLOCK
4482,4483,FLOW
4482,4303,FLOW
4482,4303,UNWIND
4485,4483,HAS_BLOCK
4483,4484,FLOW
4485,4484,HAS_BLOCK
4484,4485,RETURN
4485,4287,HAS_BLOCK
4287,4288,FLOW
4485,4288,HAS_BLOCK
4288,4300,FLOW
4485,4289,HAS_BLOCK
4289,4300,FLOW
4485,4290,HAS_BLOCK
4290,4292,FLOW
4485,4291,HAS_BLOCK
4291,4292,FLOW
4485,4292,HAS_BLOCK
4292,4300,FLOW
4485,4293,HAS_BLOCK
4293,4300,FLOW
4485,4294,HAS_BLOCK
4294,4300,FLOW
4485,4295,HAS_BLOCK
4295,4299,FLOW
4485,4296,HAS_BLOCK
4296,4299,FLOW
4485,4299,HAS_BLOCK
4299,4300,FLOW
4485,4300,HAS_BLOCK
4300,4301,FLOW
4485,4301,HAS_BLOCK
4301,4325,FLOW
4485,4302,HAS_BLOCK
4302,4303,FLOW
4485,4303,HAS_BLOCK
4303,4304,FLOW
4485,4304,HAS_BLOCK
4485,4305,HAS_BLOCK
4305,4292,FLOW
4485,4306,HAS_BLOCK
4306,4292,FLOW
4306,4305,FLOW
4485,4307,HAS_BLOCK
4307,4292,FLOW
4485,4308,HAS_BLOCK
4308,4292,FLOW
4308,4307,FLOW
4485,4311,HAS_BLOCK
4311,4290,FLOW
4485,4312,HAS_BLOCK
4312,4290,FLOW
4312,4311,FLOW
4485,4313,HAS_BLOCK
4313,4292,FLOW
4485,4314,HAS_BLOCK
4314,4292,FLOW
4314,4313,FLOW
4485,4315,HAS_BLOCK
4315,4292,FLOW
4485,4316,HAS_BLOCK
4316,4292,FLOW
4316,4315,FLOW
4485,4317,HAS_BLOCK
4317,4299,FLOW
4485,4318,HAS_BLOCK
4318,4299,FLOW
4318,4317,FLOW
4485,4319,HAS_BLOCK
4319,4295,FLOW
4485,4320,HAS_BLOCK
4320,4295,FLOW
4320,4319,FLOW
4485,4322,HAS_BLOCK
4322,4299,FLOW
4485,4323,HAS_BLOCK
4323,4299,FLOW
4323,4322,FLOW
4485,4324,HAS_BLOCK
4324,4302,FLOW
4485,4325,HAS_BLOCK
4325,4302,FLOW
4325,4324,FLOW
4485,4326,HAS_BLOCK
414,415,HAS_PARAM
414,416,HAS_PARAM
414,413,HAS_BLOCK
413,414,RETURN
409,410,HAS_PARAM
409,411,HAS_PARAM
409,412,HAS_PARAM
409,350,HAS_BLOCK
350,352,FLOW
409,352,HAS_BLOCK
352,372,FLOW
409,372,HAS_BLOCK
372,390,FLOW
409,390,HAS_BLOCK
390,400,FLOW
409,400,HAS_BLOCK
400,402,FLOW
400,396,FLOW
400,396,UNWIND
409,402,HAS_BLOCK
402,403,FLOW
409,403,HAS_BLOCK
403,405,FLOW
403,393,FLOW
403,393,UNWIND
409,405,HAS_BLOCK
405,353,FLOW
405,407,FLOW
405,406,FLOW
409,406,HAS_BLOCK
409,407,HAS_BLOCK
407,354,FLOW
407,393,FLOW
407,393,UNWIND
409,353,HAS_BLOCK
353,386,FLOW
353,396,FLOW
353,396,UNWIND
409,354,HAS_BLOCK
354,356,FLOW
354,392,FLOW
354,392,UNWIND
409,356,HAS_BLOCK
356,359,FLOW
356,357,FLOW
409,357,HAS_BLOCK
357,397,FLOW
357,392,FLOW
357,392,UNWIND
409,359,HAS_BLOCK
359,361,FLOW
359,392,FLOW
359,392,UNWIND
409,361,HAS_BLOCK
361,363,FLOW
361,392,FLOW
361,392,UNWIND
409,363,HAS_BLOCK
363,365,FLOW
363,392,FLOW
363,392,UNWIND
409,365,HAS_BLOCK
365,398,FLOW
365,392,FLOW
365,392,UNWIND
409,367,HAS_BLOCK
367,369,FLOW
367,391,FLOW
367,391,UNWIND
409,369,HAS_BLOCK
369,373,FLOW
369,391,FLOW
369,391,UNWIND
369,5071,CALL
409,373,HAS_BLOCK
373,375,FLOW
373,391,FLOW
373,391,UNWIND
409,375,HAS_BLOCK
375,377,FLOW
375,391,FLOW
375,391,UNWIND
409,377,HAS_BLOCK
377,379,FLOW
377,391,FLOW
377,391,UNWIND
409,379,HAS_BLOCK
379,381,FLOW
379,391,FLOW
379,391,UNWIND
409,381,HAS_BLOCK
381,383,FLOW
381,391,FLOW
381,391,UNWIND
409,383,HAS_BLOCK
383,384,FLOW
383,391,FLOW
383,391,UNWIND
409,384,HAS_BLOCK
384,385,FLOW
384,392,FLOW
384,392,UNWIND
409,385,HAS_BLOCK
385,403,FLOW
385,393,FLOW
385,393,UNWIND
409,386,HAS_BLOCK
386,388,FLOW
386,396,FLOW
386,396,UNWIND
409,388,HAS_BLOCK
388,395,FLOW
409,391,HAS_BLOCK
391,392,FLOW
409,392,HAS_BLOCK
392,393,FLOW
409,393,HAS_BLOCK
393,396,FLOW
409,394,HAS_BLOCK
409,395,HAS_BLOCK
395,409,RETURN
409,396,HAS_BLOCK
396,394,FLOW
409,397,HAS_BLOCK
397,367,FLOW
409,398,HAS_BLOCK
398,367,FLOW
419,420,HAS_PARAM
419,418,HAS_BLOCK
418,419,RETURN
553,554,HAS_PARAM
553,555,HAS_PARAM
553,487,HAS_BLOCK
487,489,FLOW
553,489,HAS_BLOCK
489,505,FLOW
489,535,FLOW
553,505,HAS_BLOCK
505,522,FLOW
505,5057,CALL
553,522,HAS_BLOCK
522,537,FLOW
522,543,FLOW
522,500,FLOW
553,537,HAS_BLOCK
537,546,FLOW
537,541,FLOW
537,541,UNWIND
537,5078,CALL
553,546,HAS_BLOCK
546,547,FLOW
546,551,FLOW
546,500,FLOW
553,547,HAS_BLOCK
547,549,FLOW
547,541,FLOW
547,541,UNWIND
553,549,HAS_BLOCK
549,544,FLOW
549,541,FLOW
549,541,UNWIND
549,4485,CALL
553,551,HAS_BLOCK
551,543,FLOW
553,552,HAS_BLOCK
552,492,FLOW
552,490,FLOW
552,533,FLOW
552,500,FLOW
553,490,HAS_BLOCK
490,512,FLOW
553,492,HAS_BLOCK
492,494,FLOW
553,494,HAS_BLOCK
494,496,FLOW
553,496,HAS_BLOCK
496,497,FLOW
553,497,HAS_BLOCK
497,499,FLOW
497,540,FLOW
497,540,UNWIND
553,499,HAS_BLOCK
499,502,FLOW
499,501,FLOW
499,500,FLOW
553,500,HAS_BLOCK
553,501,HAS_BLOCK
501,503,FLOW
501,497,FLOW
553,502,HAS_BLOCK
502,533,FLOW
553,503,HAS_BLOCK
503,506,FLOW
503,540,FLOW
503,540,UNWIND
503,4780,CALL
553,506,HAS_BLOCK
506,507,FLOW
506,497,FLOW
506,500,FLOW
553,507,HAS_BLOCK
507,509,FLOW
507,539,FLOW
507,539,UNWIND
553,509,HAS_BLOCK
509,511,FLOW
509,539,FLOW
509,539,UNWIND
509,4485,CALL
553,511,HAS_BLOCK
511,497,FLOW
511,540,FLOW
511,540,UNWIND
553,512,HAS_BLOCK
512,513,FLOW
512,533,FLOW
512,500,FLOW
553,513,HAS_BLOCK
513,515,FLOW
553,515,HAS_BLOCK
515,517,FLOW
553,517,HAS_BLOCK
517,518,FLOW
553,518,HAS_BLOCK
518,520,FLOW
518,538,FLOW
518,538,UNWIND
553,520,HAS_BLOCK
520,524,FLOW
520,523,FLOW
520,500,FLOW
553,523,HAS_BLOCK
523,525,FLOW
523,518,FLOW
553,524,HAS_BLOCK
524,533,FLOW
553,525,HAS_BLOCK
525,527,FLOW
525,538,FLOW
525,538,UNWIND
525,4780,CALL
553,527,HAS_BLOCK
527,528,FLOW
527,518,FLOW
527,500,FLOW
553,528,HAS_BLOCK
528,530,FLOW
528,536,FLOW
528,536,UNWIND
553,530,HAS_BLOCK
530,532,FLOW
530,536,FLOW
530,536,UNWIND
530,4485,CALL
553,532,HAS_BLOCK
532,518,FLOW
532,538,FLOW
532,538,UNWIND
553,533,HAS_BLOCK
533,535,FLOW
553,535,HAS_BLOCK
535,553,RETURN
553,536,HAS_BLOCK
536,538,FLOW
553,538,HAS_BLOCK
538,542,FLOW
553,539,HAS_BLOCK
539,540,FLOW
553,540,HAS_BLOCK
540,542,FLOW
553,541,HAS_BLOCK
541,542,FLOW
553,542,HAS_BLOCK
553,543,HAS_BLOCK
543,552,FLOW
543,533,FLOW
553,544,HAS_BLOCK
544,551,FLOW
484,485,HAS_PARAM
484,486,HAS_PARAM
484,463,HAS_BLOCK
463,465,FLOW
484,465,HAS_BLOCK
465,471,FLOW
465,483,FLOW
484,471,HAS_BLOCK
471,473,FLOW
484,473,HAS_BLOCK
473,475,FLOW
484,475,HAS_BLOCK
475,477,FLOW
484,477,HAS_BLOCK
477,478,FLOW
477,467,FLOW
477,470,FLOW
484,478,HAS_BLOCK
478,480,FLOW
478,466,FLOW
478,466,UNWIND
484,480,HAS_BLOCK
480,482,FLOW
480,466,FLOW
480,466,UNWIND
480,4485,CALL
484,482,HAS_BLOCK
482,467,FLOW
484,483,HAS_BLOCK
483,484,RETURN
484,466,HAS_BLOCK
466,469,FLOW
484,467,HAS_BLOCK
467,483,FLOW
484,469,HAS_BLOCK
484,470,HAS_BLOCK
592,593,HAS_PARAM
592,594,HAS_PARAM
592,571,HAS_BLOCK
571,573,FLOW
592,573,HAS_BLOCK
573,579,FLOW
573,591,FLOW
592,579,HAS_BLOCK
579,581,FLOW
592,581,HAS_BLOCK
581,583,FLOW
592,583,HAS_BLOCK
583,585,FLOW
592,585,HAS_BLOCK
585,586,FLOW
585,575,FLOW
585,578,FLOW
592,586,HAS_BLOCK
586,588,FLOW
586,574,FLOW
586,574,UNWIND
592,588,HAS_BLOCK
588,590,FLOW
588,574,FLOW
588,574,UNWIND
588,4485,CALL
592,590,HAS_BLOCK
590,575,FLOW
592,591,HAS_BLOCK
591,592,RETURN
592,574,HAS_BLOCK
574,577,FLOW
592,575,HAS_BLOCK
575,591,FLOW
592,577,HAS_BLOCK
592,578,HAS_BLOCK
601,602,HAS_PARAM
601,603,HAS_PARAM
601,595,HAS_BLOCK
595,596,FLOW
595,598,FLOW
601,596,HAS_BLOCK
596,598,FLOW
596,4671,CALL
601,598,HAS_BLOCK
598,600,FLOW
601,600,HAS_BLOCK
600,601,RETURN
460,461,HAS_PARAM
460,462,HAS_PARAM
460,421,HAS_BLOCK
421,422,FLOW
421,440,FLOW
421,448,FLOW
421,441,FLOW
460,422,HAS_BLOCK
422,428,FLOW
460,440,HAS_BLOCK
440,452,FLOW
440,450,FLOW
440,447,FLOW
460,448,HAS_BLOCK
448,441,FLOW
448,4671,CALL
460,450,HAS_BLOCK
450,441,FLOW
450,4671,CALL
460,452,HAS_BLOCK
452,454,FLOW
460,454,HAS_BLOCK
454,456,FLOW
460,456,HAS_BLOCK
456,457,FLOW
456,441,FLOW
460,457,HAS_BLOCK
457,459,FLOW
457,4780,CALL
460,459,HAS_BLOCK
459,423,FLOW
459,441,FLOW
459,447,FLOW
460,423,HAS_BLOCK
423,425,FLOW
423,445,FLOW
423,445,UNWIND
460,425,HAS_BLOCK
425,427,FLOW
425,445,FLOW
425,445,UNWIND
425,4485,CALL
460,427,HAS_BLOCK
427,441,FLOW
460,428,HAS_BLOCK
428,430,FLOW
460,430,HAS_BLOCK
430,431,FLOW
430,441,FLOW
430,447,FLOW
460,431,HAS_BLOCK
431,433,FLOW
431,4780,CALL
460,433,HAS_BLOCK
433,434,FLOW
433,441,FLOW
433,447,FLOW
460,434,HAS_BLOCK
434,436,FLOW
434,444,FLOW
434,444,UNWIND
460,436,HAS_BLOCK
436,438,FLOW
436,444,FLOW
436,444,UNWIND
436,4485,CALL
460,438,HAS_BLOCK
438,441,FLOW
460,441,HAS_BLOCK
441,443,FLOW
460,443,HAS_BLOCK
443,460,RETURN
460,444,HAS_BLOCK
444,446,FLOW
460,445,HAS_BLOCK
445,446,FLOW
460,446,HAS_BLOCK
460,447,HAS_BLOCK
607,608,HAS_PARAM
607,609,HAS_PARAM
607,610,HAS_PARAM
607,604,HAS_BLOCK
604,606,FLOW
607,606,HAS_BLOCK
606,607,RETURN
630,631,HAS_PARAM
630,632,HAS_PARAM
630,611,HAS_BLOCK
611,613,FLOW
630,613,HAS_BLOCK
613,618,FLOW
613,628,FLOW
630,618,HAS_BLOCK
618,620,FLOW
630,620,HAS_BLOCK
620,622,FLOW
620,4780,CALL
630,622,HAS_BLOCK
622,623,FLOW
622,614,FLOW
622,617,FLOW
630,623,HAS_BLOCK
623,625,FLOW
623,629,FLOW
623,629,UNWIND
630,625,HAS_BLOCK
625,627,FLOW
625,629,FLOW
625,629,UNWIND
625,4485,CALL
630,627,HAS_BLOCK
627,614,FLOW
630,628,HAS_BLOCK
628,630,RETURN
630,629,HAS_BLOCK
629,616,FLOW
630,614,HAS_BLOCK
614,628,FLOW
630,616,HAS_BLOCK
630,617,HAS_BLOCK
568,569,HAS_PARAM
568,570,HAS_PARAM
568,556,HAS_BLOCK
556,558,FLOW
556,560,FLOW
556,557,FLOW
556,564,FLOW
568,557,HAS_BLOCK
557,562,FLOW
557,564,FLOW
557,567,FLOW
568,558,HAS_BLOCK
558,564,FLOW
558,4671,CALL
568,560,HAS_BLOCK
560,564,FLOW
560,4671,CALL
568,562,HAS_BLOCK
562,564,FLOW
562,4671,CALL
568,564,HAS_BLOCK
564,566,FLOW
568,566,HAS_BLOCK
566,568,RETURN
568,567,HAS_BLOCK
4780,4781,HAS_PARAM
4780,4782,HAS_PARAM
4780,4674,HAS_BLOCK
4674,4676,FLOW
4780,4676,HAS_BLOCK
4676,4698,FLOW
4780,4698,HAS_BLOCK
4698,4714,FLOW
4698,4729,FLOW
4698,4772,FLOW
4780,4714,HAS_BLOCK
4714,4763,FLOW
4780,4729,HAS_BLOCK
4729,4748,FLOW
4780,4748,HAS_BLOCK
4748,4766,FLOW
4748,4770,FLOW
4748,4770,UNWIND
4780,4766,HAS_BLOCK
4766,4778,FLOW
4766,4775,FLOW
4780,4775,HAS_BLOCK
4775,4777,FLOW
4775,4770,FLOW
4775,4770,UNWIND
4780,4777,HAS_BLOCK
4777,4730,FLOW
4780,4778,HAS_BLOCK
4778,4677,FLOW
4778,4770,FLOW
4778,4770,UNWIND
4780,4677,HAS_BLOCK
4677,4679,FLOW
4677,4770,FLOW
4677,4770,UNWIND
4780,4679,HAS_BLOCK
4679,4681,FLOW
4679,4769,FLOW
4679,4769,UNWIND
4780,4681,HAS_BLOCK
4681,4683,FLOW
4681,4769,FLOW
4681,4769,UNWIND
4780,4683,HAS_BLOCK
4683,4685,FLOW
4683,4769,FLOW
4683,4769,UNWIND
4780,4685,HAS_BLOCK
4685,4687,FLOW
4685,4769,FLOW
4685,4769,UNWIND
4780,4687,HAS_BLOCK
4687,4689,FLOW
4687,4768,FLOW
4687,4768,UNWIND
4780,4689,HAS_BLOCK
4689,4691,FLOW
4689,4768,FLOW
4689,4768,UNWIND
4780,4691,HAS_BLOCK
4691,4693,FLOW
4691,4768,FLOW
4691,4768,UNWIND
4780,4693,HAS_BLOCK
4693,4695,FLOW
4693,4768,FLOW
4693,4768,UNWIND
4780,4695,HAS_BLOCK
4695,4699,FLOW
4695,4767,FLOW
4695,4767,UNWIND
4780,4699,HAS_BLOCK
4699,4700,FLOW
4699,4703,FLOW
4780,4700,HAS_BLOCK
4700,4702,FLOW
4700,4767,FLOW
4700,4767,UNWIND
4780,4702,HAS_BLOCK
4702,4704,FLOW
4702,4703,FLOW
4780,4703,HAS_BLOCK
4703,4726,FLOW
4780,4704,HAS_BLOCK
4704,4706,FLOW
4704,4767,FLOW
4704,4767,UNWIND
4780,4706,HAS_BLOCK
4706,4708,FLOW
4706,4767,FLOW
4706,4767,UNWIND
4780,4708,HAS_BLOCK
4708,4715,FLOW
4708,4709,FLOW
4780,4709,HAS_BLOCK
4709,4711,FLOW
4709,4767,FLOW
4709,4767,UNWIND
4780,4711,HAS_BLOCK
4711,4713,FLOW
4711,4767,FLOW
4711,4767,UNWIND
4780,4713,HAS_BLOCK
4713,4726,FLOW
4780,4715,HAS_BLOCK
4715,4717,FLOW
4715,4767,FLOW
4715,4767,UNWIND
4780,4717,HAS_BLOCK
4717,4719,FLOW
4717,4767,FLOW
4717,4767,UNWIND
4780,4719,HAS_BLOCK
4719,4725,FLOW
4719,4720,FLOW
4780,4720,HAS_BLOCK
4720,4722,FLOW
4720,4767,FLOW
4720,4767,UNWIND
4780,4722,HAS_BLOCK
4722,4724,FLOW
4722,4767,FLOW
4722,4767,UNWIND
4780,4724,HAS_BLOCK
4724,4726,FLOW
4780,4725,HAS_BLOCK
4725,4726,FLOW
4780,4726,HAS_BLOCK
4726,4727,FLOW
4726,4768,FLOW
4726,4768,UNWIND
4780,4727,HAS_BLOCK
4727,4728,FLOW
4727,4769,FLOW
4727,4769,UNWIND
4780,4728,HAS_BLOCK
4728,4730,FLOW
4728,4770,FLOW
4728,4770,UNWIND
4780,4730,HAS_BLOCK
4730,4732,FLOW
4730,4731,FLOW
4730,4772,FLOW
4780,4731,HAS_BLOCK
4731,4763,FLOW
4780,4732,HAS_BLOCK
4732,4734,FLOW
4732,4770,FLOW
4732,4770,UNWIND
4780,4734,HAS_BLOCK
4734,4737,FLOW
4734,4735,FLOW
4780,4735,HAS_BLOCK
4735,4773,FLOW
4735,4770,FLOW
4735,4770,UNWIND
4780,4737,HAS_BLOCK
4737,4739,FLOW
4737,4770,FLOW
4737,4770,UNWIND
4780,4739,HAS_BLOCK
4739,4741,FLOW
4739,4770,FLOW
4739,4770,UNWIND
4780,4741,HAS_BLOCK
4741,4743,FLOW
4741,4770,FLOW
4741,4770,UNWIND
4780,4743,HAS_BLOCK
4743,4774,FLOW
4743,4770,FLOW
4743,4770,UNWIND
4780,4745,HAS_BLOCK
4745,4749,FLOW
4745,4764,FLOW
4745,4764,UNWIND
4780,4749,HAS_BLOCK
4749,4751,FLOW
4749,4764,FLOW
4749,4764,UNWIND
4749,5071,CALL
4780,4751,HAS_BLOCK
4751,4753,FLOW
4751,4764,FLOW
4751,4764,UNWIND
4780,4753,HAS_BLOCK
4753,4755,FLOW
4753,4764,FLOW
4753,4764,UNWIND
4780,4755,HAS_BLOCK
4755,4757,FLOW
4755,4764,FLOW
4755,4764,UNWIND
4780,4757,HAS_BLOCK
4757,4759,FLOW
4757,4764,FLOW
4757,4764,UNWIND
4780,4759,HAS_BLOCK
4759,4761,FLOW
4759,4764,FLOW
4759,4764,UNWIND
4780,4761,HAS_BLOCK
4761,4762,FLOW
4761,4764,FLOW
4761,4764,UNWIND
4780,4762,HAS_BLOCK
4762,4763,FLOW
4780,4763,HAS_BLOCK
4763,4780,RETURN
4780,4764,HAS_BLOCK
4764,4770,FLOW
4780,4767,HAS_BLOCK
4767,4768,FLOW
4780,4768,HAS_BLOCK
4768,4769,FLOW
4780,4769,HAS_BLOCK
4769,4770,FLOW
4780,4770,HAS_BLOCK
4770,4771,FLOW
4780,4771,HAS_BLOCK
4780,4772,HAS_BLOCK
4780,4773,HAS_BLOCK
4773,4745,FLOW
4780,4774,HAS_BLOCK
4774,4745,FLOW
4671,4672,HAS_PARAM
4671,4673,HAS_PARAM
4671,4582,HAS_BLOCK
4582,4599,FLOW
4582,4583,FLOW
4582,4590,FLOW
4671,4583,HAS_BLOCK
4583,4644,FLOW
4583,4653,FLOW
4671,4599,HAS_BLOCK
4599,4616,FLOW
4599,4653,FLOW
4671,4616,HAS_BLOCK
4616,4633,FLOW
4616,4780,CALL
4671,4633,HAS_BLOCK
4633,4651,FLOW
4633,4658,FLOW
4633,4590,FLOW
4671,4651,HAS_BLOCK
4651,4663,FLOW
4651,4656,FLOW
4651,4656,UNWIND
4671,4663,HAS_BLOCK
4663,4665,FLOW
4663,4656,FLOW
4663,4656,UNWIND
4671,4665,HAS_BLOCK
4665,4667,FLOW
4665,4656,FLOW
4665,4656,UNWIND
4671,4667,HAS_BLOCK
4667,4669,FLOW
4667,4656,FLOW
4667,4656,UNWIND
4671,4669,HAS_BLOCK
4669,4584,FLOW
4669,4656,FLOW
4669,4656,UNWIND
4671,4584,HAS_BLOCK
4584,4586,FLOW
4584,4656,FLOW
4584,4656,UNWIND
4671,4586,HAS_BLOCK
4586,4587,FLOW
4671,4587,HAS_BLOCK
4587,4589,FLOW
4587,4656,FLOW
4587,4656,UNWIND
4671,4589,HAS_BLOCK
4589,4593,FLOW
4589,4591,FLOW
4589,4590,FLOW
4671,4590,HAS_BLOCK
4671,4591,HAS_BLOCK
4591,4594,FLOW
4591,4656,FLOW
4591,4656,UNWIND
4671,4593,HAS_BLOCK
4593,4658,FLOW
4671,4594,HAS_BLOCK
4594,4596,FLOW
4594,4656,FLOW
4594,4656,UNWIND
4671,4596,HAS_BLOCK
4596,4587,FLOW
4596,4597,FLOW
4671,4597,HAS_BLOCK
4597,4600,FLOW
4597,4656,FLOW
4597,4656,UNWIND
4671,4600,HAS_BLOCK
4600,4660,FLOW
4600,4656,FLOW
4600,4656,UNWIND
4600,4485,CALL
4671,4602,HAS_BLOCK
4602,4605,FLOW
4602,4603,FLOW
4602,4617,FLOW
4671,4603,HAS_BLOCK
4603,4608,FLOW
4671,4605,HAS_BLOCK
4605,4607,FLOW
4671,4607,HAS_BLOCK
4607,4617,FLOW
4671,4608,HAS_BLOCK
4608,4610,FLOW
4671,4610,HAS_BLOCK
4610,4612,FLOW
4671,4612,HAS_BLOCK
4612,4617,FLOW
4612,4613,FLOW
4671,4613,HAS_BLOCK
4613,4615,FLOW
4671,4615,HAS_BLOCK
4615,4617,FLOW
4671,4617,HAS_BLOCK
4617,4618,FLOW
4617,4653,FLOW
4617,4590,FLOW
4671,4618,HAS_BLOCK
4618,4620,FLOW
4618,4780,CALL
4671,4620,HAS_BLOCK
4620,4621,FLOW
4620,4653,FLOW
4620,4590,FLOW
4671,4621,HAS_BLOCK
4621,4623,FLOW
4621,4655,FLOW
4621,4655,UNWIND
4671,4623,HAS_BLOCK
4623,4625,FLOW
4623,4655,FLOW
4623,4655,UNWIND
4671,4625,HAS_BLOCK
4625,4627,FLOW
4625,4655,FLOW
4625,4655,UNWIND
4671,4627,HAS_BLOCK
4627,4629,FLOW
4627,4655,FLOW
4627,4655,UNWIND
4671,4629,HAS_BLOCK
4629,4643,FLOW
4629,4630,FLOW
4671,4630,HAS_BLOCK
4630,4631,FLOW
4630,4655,FLOW
4630,4655,UNWIND
4671,4631,HAS_BLOCK
4631,4634,FLOW
4631,4655,FLOW
4631,4655,UNWIND
4671,4634,HAS_BLOCK
4634,4636,FLOW
4634,4655,FLOW
4634,4655,UNWIND
4671,4636,HAS_BLOCK
4636,4638,FLOW
4636,4655,FLOW
4636,4655,UNWIND
4671,4638,HAS_BLOCK
4638,4643,FLOW
4638,4639,FLOW
4671,4639,HAS_BLOCK
4639,4641,FLOW
4639,4655,FLOW
4639,4655,UNWIND
4671,4641,HAS_BLOCK
4641,4661,FLOW
4641,4655,FLOW
4641,4655,UNWIND
4641,4485,CALL
4671,4643,HAS_BLOCK
4643,4653,FLOW
4671,4644,HAS_BLOCK
4644,4646,FLOW
4644,4780,CALL
4671,4646,HAS_BLOCK
4646,4647,FLOW
4646,4653,FLOW
4646,4590,FLOW
4671,4647,HAS_BLOCK
4647,4649,FLOW
4647,4654,FLOW
4647,4654,UNWIND
4671,4649,HAS_BLOCK
4649,4652,FLOW
4649,4654,FLOW
4649,4654,UNWIND
4649,4485,CALL
4671,4652,HAS_BLOCK
4652,4653,FLOW
4671,4653,HAS_BLOCK
4653,4671,RETURN
4671,4654,HAS_BLOCK
4654,4657,FLOW
4671,4655,HAS_BLOCK
4655,4657,FLOW
4671,4656,HAS_BLOCK
4656,4657,FLOW
4671,4657,HAS_BLOCK
4671,4658,HAS_BLOCK
4658,4602,FLOW
4671,4660,HAS_BLOCK
4660,4587,FLOW
4671,4661,HAS_BLOCK
4661,4643,FLOW
647,648,HAS_PARAM
647,642,HAS_BLOCK
642,644,FLOW
647,644,HAS_BLOCK
644,646,FLOW
647,646,HAS_BLOCK
646,647,RETURN
652,653,HAS_PARAM
652,654,HAS_PARAM
652,649,HAS_BLOCK
649,651,FLOW
652,651,HAS_BLOCK
651,652,RETURN
695,696,HAS_PARAM
695,697,HAS_PARAM
695,692,HAS_BLOCK
692,694,FLOW
695,694,HAS_BLOCK
694,695,RETURN
690,691,HAS_PARAM
690,687,HAS_BLOCK
687,689,FLOW
690,689,HAS_BLOCK
689,690,RETURN
729,730,HAS_PARAM
729,731,HAS_PARAM
729,722,HAS_BLOCK
722,726,FLOW
722,724,FLOW
722,723,FLOW
729,723,HAS_BLOCK
729,724,HAS_BLOCK
724,728,FLOW
729,726,HAS_BLOCK
726,728,FLOW
729,728,HAS_BLOCK
728,729,RETURN
720,721,HAS_PARAM
720,698,HAS_BLOCK
698,708,FLOW
698,706,FLOW
698,699,FLOW
720,699,HAS_BLOCK
720,706,HAS_BLOCK
706,713,FLOW
720,708,HAS_BLOCK
708,710,FLOW
720,710,HAS_BLOCK
710,712,FLOW
710,704,FLOW
710,704,UNWIND
720,712,HAS_BLOCK
712,700,FLOW
720,713,HAS_BLOCK
713,715,FLOW
713,703,FLOW
713,703,UNWIND
720,715,HAS_BLOCK
715,717,FLOW
715,702,FLOW
715,702,UNWIND
720,717,HAS_BLOCK
717,719,FLOW
717,701,FLOW
717,701,UNWIND
720,719,HAS_BLOCK
719,700,FLOW
720,700,HAS_BLOCK
700,720,RETURN
720,701,HAS_BLOCK
701,702,FLOW
720,702,HAS_BLOCK
702,703,FLOW
720,703,HAS_BLOCK
703,705,FLOW
720,704,HAS_BLOCK
704,705,FLOW
720,705,HAS_BLOCK
786,787,HAS_PARAM
786,788,HAS_PARAM
786,773,HAS_BLOCK
773,785,FLOW
773,784,FLOW
773,783,FLOW
773,782,FLOW
773,781,FLOW
773,780,FLOW
773,779,FLOW
773,778,FLOW
773,774,FLOW
786,774,HAS_BLOCK
786,778,HAS_BLOCK
778,775,FLOW
786,779,HAS_BLOCK
779,775,FLOW
786,780,HAS_BLOCK
780,775,FLOW
786,781,HAS_BLOCK
781,775,FLOW
786,782,HAS_BLOCK
782,775,FLOW
786,783,HAS_BLOCK
783,775,FLOW
786,784,HAS_BLOCK
784,775,FLOW
786,785,HAS_BLOCK
785,775,FLOW
786,775,HAS_BLOCK
775,777,FLOW
786,777,HAS_BLOCK
777,786,RETURN
764,765,HAS_PARAM
764,753,HAS_BLOCK
753,763,FLOW
753,762,FLOW
753,761,FLOW
753,760,FLOW
753,759,FLOW
753,758,FLOW
753,757,FLOW
753,756,FLOW
753,754,FLOW
764,754,HAS_BLOCK
764,756,HAS_BLOCK
756,755,FLOW
764,757,HAS_BLOCK
757,755,FLOW
764,758,HAS_BLOCK
758,755,FLOW
764,759,HAS_BLOCK
759,755,FLOW
764,760,HAS_BLOCK
760,755,FLOW
764,761,HAS_BLOCK
761,755,FLOW
764,762,HAS_BLOCK
762,755,FLOW
764,763,HAS_BLOCK
763,755,FLOW
764,755,HAS_BLOCK
755,764,RETURN
770,771,HAS_PARAM
770,772,HAS_PARAM
770,769,HAS_BLOCK
769,770,RETURN
767,768,HAS_PARAM
767,766,HAS_BLOCK
766,767,RETURN
750,751,HAS_PARAM
750,752,HAS_PARAM
750,747,HAS_BLOCK
747,749,FLOW
750,749,HAS_BLOCK
749,750,RETURN
745,746,HAS_PARAM
745,732,HAS_BLOCK
732,734,FLOW
745,734,HAS_BLOCK
734,736,FLOW
734,743,FLOW
734,743,UNWIND
745,736,HAS_BLOCK
736,738,FLOW
736,742,FLOW
736,742,UNWIND
745,738,HAS_BLOCK
738,740,FLOW
738,741,FLOW
738,741,UNWIND
745,740,HAS_BLOCK
740,745,RETURN
745,741,HAS_BLOCK
741,742,FLOW
745,742,HAS_BLOCK
742,743,FLOW
745,743,HAS_BLOCK
743,744,FLOW
745,744,HAS_BLOCK
673,674,HAS_PARAM
673,675,HAS_PARAM
673,666,HAS_BLOCK
666,669,FLOW
666,668,FLOW
666,667,FLOW
673,667,HAS_BLOCK
673,668,HAS_BLOCK
668,670,FLOW
673,669,HAS_BLOCK
669,670,FLOW
673,670,HAS_BLOCK
670,672,FLOW
673,672,HAS_BLOCK
672,673,RETURN
664,665,HAS_PARAM
664,663,HAS_BLOCK
663,664,RETURN
5716,5695,HAS_BLOCK
5695,5697,FLOW
5716,5697,HAS_BLOCK
5697,5704,FLOW
5716,5704,HAS_BLOCK
5704,5706,FLOW
5704,5701,FLOW
5704,5701,UNWIND
5716,5706,HAS_BLOCK
5706,5708,FLOW
5706,5701,FLOW
5706,5701,UNWIND
5716,5708,HAS_BLOCK
5708,5710,FLOW
5708,5700,FLOW
5708,5700,UNWIND
5716,5710,HAS_BLOCK
5710,5714,FLOW
5710,5700,FLOW
5710,5700,UNWIND
5716,5712,HAS_BLOCK
5712,5715,FLOW
5716,5713,HAS_BLOCK
5713,5715,FLOW
5716,5714,HAS_BLOCK
5714,5712,FLOW
5714,5713,FLOW
5716,5715,HAS_BLOCK
5715,5698,FLOW
5715,5701,FLOW
5715,5701,UNWIND
5716,5698,HAS_BLOCK
5698,5699,FLOW
5716,5699,HAS_BLOCK
5699,5716,RETURN
5716,5700,HAS_BLOCK
5700,5701,FLOW
5716,5701,HAS_BLOCK
5701,5702,FLOW
5716,5702,HAS_BLOCK
5686,5649,HAS_BLOCK
5649,5651,FLOW
5649,6984,CALL
5686,5651,HAS_BLOCK
5651,5666,FLOW
5651,5670,FLOW
5651,5670,UNWIND
5686,5666,HAS_BLOCK
5666,5672,FLOW
5666,5670,FLOW
5666,5670,UNWIND
5686,5672,HAS_BLOCK
5672,5674,FLOW
5672,5668,FLOW
5672,5668,UNWIND
5686,5674,HAS_BLOCK
5674,5676,FLOW
5674,5664,FLOW
5674,5664,UNWIND
5686,5676,HAS_BLOCK
5676,5678,FLOW
5676,5664,FLOW
5676,5664,UNWIND
5686,5678,HAS_BLOCK
5678,5680,FLOW
5678,5664,FLOW
5678,5664,UNWIND
5686,5680,HAS_BLOCK
5680,5682,FLOW
5680,5664,FLOW
5680,5664,UNWIND
5686,5682,HAS_BLOCK
5682,5684,FLOW
5682,5664,FLOW
5682,5664,UNWIND
5686,5684,HAS_BLOCK
5684,5652,FLOW
5684,5664,FLOW
5684,5664,UNWIND
5686,5652,HAS_BLOCK
5652,5654,FLOW
5652,5664,FLOW
5652,5664,UNWIND
5686,5654,HAS_BLOCK
5654,5656,FLOW
5654,5664,FLOW
5654,5664,UNWIND
5686,5656,HAS_BLOCK
5656,5658,FLOW
5656,5659,FLOW
5656,5659,UNWIND
5656,5716,CALL
5686,5658,HAS_BLOCK
5658,5686,RETURN
5686,5659,HAS_BLOCK
5659,5660,FLOW
5686,5660,HAS_BLOCK
5660,5661,FLOW
5686,5661,HAS_BLOCK
5661,5664,FLOW
5686,5662,HAS_BLOCK
5686,5663,HAS_BLOCK
5663,5668,FLOW
5686,5664,HAS_BLOCK
5664,5668,FLOW
5664,5663,FLOW
5686,5667,HAS_BLOCK
5667,5670,FLOW
5686,5668,HAS_BLOCK
5668,5670,FLOW
5668,5667,FLOW
5686,5669,HAS_BLOCK
5669,5662,FLOW
5686,5670,HAS_BLOCK
5670,5662,FLOW
5670,5669,FLOW
5766,5733,HAS_BLOCK
5733,5735,FLOW
5733,6984,CALL
5766,5735,HAS_BLOCK
5735,5750,FLOW
5735,5747,FLOW
5735,5747,UNWIND
5766,5750,HAS_BLOCK
5750,5752,FLOW
5750,5747,FLOW
5750,5747,UNWIND
5766,5752,HAS_BLOCK
5752,5754,FLOW
5752,5746,FLOW
5752,5746,UNWIND
5766,5754,HAS_BLOCK
5754,5756,FLOW
5754,5746,FLOW
5754,5746,UNWIND
5766,5756,HAS_BLOCK
5756,5758,FLOW
5756,5745,FLOW
5756,5745,UNWIND
5766,5758,HAS_BLOCK
5758,5760,FLOW
5758,5745,FLOW
5758,5745,UNWIND
5766,5760,HAS_BLOCK
5760,5762,FLOW
5760,5745,FLOW
5760,5745,UNWIND
5766,5762,HAS_BLOCK
5762,5764,FLOW
5762,5745,FLOW
5762,5745,UNWIND
5766,5764,HAS_BLOCK
5764,5736,FLOW
5764,5745,FLOW
5764,5745,UNWIND
5766,5736,HAS_BLOCK
5736,5738,FLOW
5736,5745,FLOW
5736,5745,UNWIND
5766,5738,HAS_BLOCK
5738,5740,FLOW
5738,5744,FLOW
5738,5744,UNWIND
5766,5740,HAS_BLOCK
5740,5742,FLOW
5740,5744,FLOW
5740,5744,UNWIND
5766,5742,HAS_BLOCK
5742,5743,FLOW
5742,5745,FLOW
5742,5745,UNWIND
5766,5743,HAS_BLOCK
5743,5766,RETURN
5766,5744,HAS_BLOCK
5744,5745,FLOW
5766,5745,HAS_BLOCK
5745,5746,FLOW
5766,5746,HAS_BLOCK
5746,5747,FLOW
5766,5747,HAS_BLOCK
5747,5748,FLOW
5766,5748,HAS_BLOCK
662,655,HAS_BLOCK
655,657,FLOW
662,657,HAS_BLOCK
657,659,FLOW
662,659,HAS_BLOCK
659,661,FLOW
662,661,HAS_BLOCK
661,662,RETURN
684,685,HAS_PARAM
684,686,HAS_PARAM
684,681,HAS_BLOCK
681,683,FLOW
684,683,HAS_BLOCK
683,684,RETURN
679,680,HAS_PARAM
679,676,HAS_BLOCK
676,678,FLOW
679,678,HAS_BLOCK
678,679,RETURN
27,28,HAS_PARAM
27,29,HAS_PARAM
27,24,HAS_BLOCK
24,26,FLOW
27,26,HAS_BLOCK
26,27,RETURN
11,12,HAS_PARAM
11,1,HAS_BLOCK
1,3,FLOW
11,3,HAS_BLOCK
3,5,FLOW
3,9,FLOW
3,9,UNWIND
11,5,HAS_BLOCK
5,7,FLOW
5,8,FLOW
5,8,UNWIND
11,7,HAS_BLOCK
7,11,RETURN
11,8,HAS_BLOCK
8,9,FLOW
11,9,HAS_BLOCK
9,10,FLOW
11,10,HAS_BLOCK
23,13,HAS_BLOCK
13,15,FLOW
23,15,HAS_BLOCK
15,17,FLOW
15,21,FLOW
15,21,UNWIND
23,17,HAS_BLOCK
17,19,FLOW
17,20,FLOW
17,20,UNWIND
23,19,HAS_BLOCK
19,23,RETURN
23,20,HAS_BLOCK
20,21,FLOW
23,21,HAS_BLOCK
21,22,FLOW
23,22,HAS_BLOCK
800,801,HAS_PARAM
800,794,HAS_BLOCK
794,796,FLOW
800,796,HAS_BLOCK
796,798,FLOW
796,797,FLOW
800,797,HAS_BLOCK
797,799,FLOW
800,798,HAS_BLOCK
798,799,FLOW
800,799,HAS_BLOCK
799,800,RETURN
11345,4671,ERROR_TO_FUNCTION
11345,4652,ERROR_TO_BLOCK
11346,322,ERROR_TO_FUNCTION
11346,315,ERROR_TO_BLOCK
11347,322,ERROR_TO_FUNCTION
11347,315,ERROR_TO_BLOCK
